0,1,2,3,4,5,6,7,identifier,split
0.99737036,0.0008289643,0.0013681179,2.264482e-05,4.671831e-05,8.306712e-05,0.00014094879,0.00013916113,0,test
0.9978397,0.000605712,0.0012098931,3.7244783e-05,3.7387523e-05,7.847535e-05,9.866077e-05,9.2875125e-05,1,test
0.00029573677,0.0034897306,0.00028006337,0.0006641717,0.0007265192,0.9900351,0.00096597953,0.0035426414,2,test
0.0008025048,0.0030072916,0.012695012,0.0006753071,0.0060154432,0.97031486,0.0007227893,0.0057667354,3,test
0.9966742,0.00101459,0.001777,5.7548452e-05,5.762358e-05,0.00011739917,0.00018557762,0.0001160467,4,test
0.0013028115,0.0005534388,0.9971781,9.129299e-05,0.000324629,8.964794e-05,0.0001292427,0.0003308651,5,test
0.0012503366,0.0009342659,0.9962919,0.00011494664,0.00065524015,0.00011605651,0.00016819553,0.0004691375,6,test
0.0014118104,0.0004452995,0.99721056,0.00010550113,0.0002681094,9.696797e-05,0.00018203736,0.0002797546,7,test
0.98946345,0.006338456,0.0025195403,0.0001967993,0.00027912328,0.00045607428,0.0003590009,0.00038762874,8,test
0.0010590435,0.0007195007,0.9970933,8.2829145e-05,0.0004722103,7.971437e-05,0.00013210057,0.00036131733,9,test
0.0011200864,0.00076773716,0.99684995,7.566779e-05,0.0005403586,7.8118894e-05,0.00015550577,0.00041246426,10,test
0.0020788366,0.0011497108,0.9953241,0.00015702518,0.00056637014,0.000125063,0.0002426739,0.00035626622,11,test
0.99783593,0.0008558649,0.00077297725,4.4503235e-05,4.6366607e-05,0.00011451411,0.00018894035,0.00014083367,12,test
0.99689364,0.00073116197,0.0018822015,6.465011e-05,7.164554e-05,0.00012603021,0.00015380302,7.690719e-05,13,test
0.0009365483,0.00087618723,0.99677086,9.498046e-05,0.0006808392,0.000112214104,0.0001534976,0.00037487695,14,test
0.0011786699,0.00048461213,0.99748385,7.9564874e-05,0.00035493664,7.52021e-05,0.000113024,0.00023005895,15,test
0.0013247437,0.00074143097,0.99653673,0.000121331075,0.00050429365,0.000105712454,0.00020040889,0.00046535867,16,test
0.0008413404,0.0009321826,0.99657047,0.00012525222,0.00074759853,0.00017501767,0.0001689982,0.00043906007,17,test
0.966461,0.0049943863,0.026447723,0.00032502174,0.00046176423,0.0004015883,0.0004972325,0.0004112768,18,test
0.004677646,0.017982377,0.0027337028,0.027333183,0.0348875,0.8369747,0.051939506,0.023471398,19,test
0.99712,0.0010451267,0.0012379246,3.8337355e-05,6.051703e-05,0.00011998118,0.00018709501,0.00019106187,20,test
0.042186975,0.00060614035,0.95584124,0.00010716332,0.00054302625,0.00018715033,0.000139653,0.0003885552,21,test
0.99534035,0.0009532135,0.0030890554,2.9136803e-05,8.9633046e-05,0.000121159756,0.00023607597,0.0001413737,22,test
0.001654895,0.0013933415,0.99498934,0.00014890761,0.0008191758,0.00018142916,0.00023408432,0.0005787193,23,test
0.0003606886,0.0026992788,6.4757514e-05,2.7391672e-05,0.00017328028,8.6088825e-05,7.718131e-05,0.9965113,24,test
0.0011318387,0.000589618,0.99725854,7.408763e-05,0.0004417522,7.664015e-05,0.0001326498,0.0002947521,25,test
0.0011218993,0.0006337232,0.99721825,8.3787316e-05,0.00046144993,8.1034144e-05,0.0001302354,0.0002696022,26,test
0.0013442255,0.0010450828,0.99583757,9.7020165e-05,0.0007656844,0.000118378906,0.00022207882,0.00057000597,27,test
0.0011621052,0.0008869108,0.9963684,0.00014156388,0.0006643659,0.00017334087,0.00018235814,0.00042100044,28,test
0.0015365878,0.0012632293,0.9953719,0.00015963895,0.0007702773,0.00015469933,0.00023558347,0.00050817314,29,test
0.998705,0.00052108505,0.000506537,2.104559e-05,2.6208925e-05,6.4289474e-05,8.12214e-05,7.458634e-05,30,test
0.0013269611,0.0005975432,0.9969503,0.00010179346,0.00041604968,0.00010992672,0.00015702966,0.00034049634,31,test
8.163672e-05,7.8395315e-05,4.600479e-06,0.0007200105,2.2606613e-05,3.6955103e-06,0.99897003,0.00011908878,32,test
0.00117487,0.0003552013,0.9977442,7.2933755e-05,0.00023403704,6.567942e-05,0.00013264923,0.00022052416,33,test
0.0012980244,0.00077419705,0.9965539,0.00010049754,0.0005376166,0.00010191031,0.00017888017,0.00045496924,34,test
0.0010940674,0.0009612294,0.99634415,0.00013689061,0.000720285,0.00016731498,0.00018690576,0.00038908928,35,test
0.0014089873,0.001304858,0.9950452,0.00015470182,0.0010179699,0.00017776462,0.00027562148,0.000614931,36,test
0.0010941431,0.001325759,0.99510586,0.0001637824,0.0013012541,0.00022510119,0.00022277379,0.0005613408,37,test
0.0014480087,0.00070305937,0.99668545,9.978323e-05,0.0004800554,0.00011387367,0.000143425,0.00032630196,38,test
0.9980123,0.0009884275,0.00053484563,3.4426e-05,4.783987e-05,9.9331104e-05,0.0002157648,6.711663e-05,39,test
0.9971644,0.0007559068,0.0016739263,6.469974e-05,4.7556194e-05,8.647426e-05,9.472637e-05,0.00011229397,40,test
0.9978029,0.0006890857,0.0010306141,4.6419533e-05,4.182891e-05,0.00012218168,0.0001537879,0.00011311915,41,test
0.0018372855,0.0013409755,0.9947055,0.00020739982,0.0008538701,0.00020039748,0.00028200913,0.000572613,42,test
0.0015190743,0.0005288824,0.996979,9.3846145e-05,0.00037114904,8.821277e-05,0.00014275315,0.00027712696,43,test
0.99693274,0.0009879441,0.0016469758,6.350853e-05,5.3885626e-05,8.983949e-05,9.735063e-05,0.00012778609,44,test
0.0013492856,0.0010149977,0.9959974,0.00012605001,0.0005680477,0.00016988562,0.00018601026,0.0005882502,45,test
0.0011494729,0.00070007815,0.99700123,9.51278e-05,0.00043529493,0.00010807122,0.00016698663,0.00034377127,46,test
0.00016578718,0.0019224149,8.3010156e-05,1.1366965e-05,0.00023950818,0.0001940194,4.2326774e-05,0.9973416,47,test
0.998097,0.00067317433,0.0009011505,2.1841843e-05,2.6481765e-05,6.0488925e-05,0.00013404207,8.585895e-05,48,test
0.0013600613,0.00045441365,0.99732286,8.4195024e-05,0.00026623387,7.1353104e-05,0.0001478757,0.0002929827,49,test
0.0012973226,0.0011339112,0.9956086,0.000119532284,0.000838038,0.00012550504,0.00022406448,0.0006529432,50,test
0.00081512897,0.00076542265,0.9971438,9.178946e-05,0.0006048798,0.00011219059,0.00011031165,0.00035643353,51,test
0.0020199753,0.0014618504,0.9946774,0.00016514024,0.000799527,0.00012192726,0.00031432934,0.00043983173,52,test
0.9963716,0.0010901185,0.0017038577,0.00015443056,0.00010401859,0.00022202486,0.00017693061,0.00017699914,53,test
0.0010288608,0.00055680773,0.9973968,6.748202e-05,0.00044152112,7.363704e-05,0.00013607857,0.00029880338,54,test
0.0016243878,0.0007098665,0.99640286,0.00011171426,0.0005724103,9.713052e-05,0.00016090735,0.00032064432,55,test
0.9957755,0.0008957711,0.0029650058,3.416573e-05,4.7716807e-05,7.812897e-05,7.3136085e-05,0.00013056841,56,test
0.0013202013,0.0007131358,0.9966757,0.00012591736,0.00047330893,0.00013817228,0.00014427085,0.00040932695,57,test
7.1887757e-06,0.0004901967,1.4981224e-05,2.2866743e-05,0.99894804,5.0876086e-05,7.086304e-05,0.00039501698,58,test
0.8343663,0.004088309,0.15839025,0.0006641755,0.0005012597,0.0003113587,0.00056271645,0.0011156055,59,test
0.0009227054,0.00067937764,0.99692255,0.00013989474,0.0006099196,0.00016054405,0.00011881501,0.0004462076,60,test
0.0044753538,0.00021216612,0.9949244,6.367843e-05,9.593101e-05,5.2230003e-05,4.5894645e-05,0.00013037126,61,test
0.00093453185,0.00027416565,0.9981225,6.747222e-05,0.00020013028,7.9377154e-05,0.00011062293,0.00021119494,62,test
0.0011662315,0.0006499542,0.9969862,9.172569e-05,0.00049881835,8.806078e-05,0.00016049766,0.00035856653,63,test
0.0010686878,0.0006833626,0.99708945,8.567842e-05,0.00055467145,9.9616926e-05,0.0001227474,0.0002958891,64,test
0.00089925394,0.00064148847,0.99741745,7.805581e-05,0.00046585815,7.7552366e-05,0.00013433523,0.00028602456,65,test
0.0012879719,0.0005090699,0.9973328,8.2637474e-05,0.0003079713,7.46361e-05,0.00012002418,0.0002848043,66,test
0.0015875128,0.0008539486,0.9960704,0.0001141373,0.00062649744,0.00011737841,0.00017774984,0.00045236433,67,test
0.0012347773,0.004355254,0.0006020057,9.5333424e-05,0.00075840147,0.00056262146,0.00032509098,0.9920665,68,test
0.00092474034,0.0007258474,0.99699956,0.00012012114,0.00061653205,0.00015458126,0.00013143587,0.00032719984,69,test
0.998538,0.0005437752,0.00060907897,3.360641e-05,2.4550938e-05,7.747618e-05,7.974579e-05,9.369908e-05,70,test
0.0011231607,0.000698861,0.9969217,0.00010035684,0.0004984361,9.374541e-05,0.00016104305,0.0004026593,71,test
0.998285,0.00056440115,0.0008493895,2.1805306e-05,2.3607307e-05,6.2881954e-05,0.000118484386,7.44501e-05,72,test
0.0009916497,0.0007912835,0.9968545,0.000114633986,0.0004580993,0.000118296775,0.0001481489,0.0005234091,73,test
0.124028035,0.14957932,0.051069986,0.019499367,0.010268916,0.531837,0.062530465,0.05118697,74,test
0.00018409804,0.9991985,7.678649e-06,5.1498377e-05,0.00026034802,3.6583035e-05,0.00018688502,7.441767e-05,75,test
0.0004614997,0.001904153,0.00021543272,2.0824566e-05,0.0002460415,0.0002550089,7.468808e-05,0.99682236,76,test
0.58919734,0.006411019,0.4008141,0.0005802654,0.0007330665,0.00042177583,0.00085367955,0.0009887823,77,test
0.99492294,0.00071458,0.0038818652,4.424908e-05,4.9304228e-05,0.00011617514,0.00012969213,0.00014118066,78,test
0.00015987674,0.99925023,6.9883517e-06,7.6731645e-05,0.00022261875,2.6421698e-05,0.00019874434,5.835811e-05,79,test
0.0015270748,0.0011129351,0.99541616,0.00018320764,0.0008519338,0.00017726807,0.0002407964,0.00049065717,80,test
6.6276534e-06,0.00046880537,1.16552565e-05,2.3572507e-05,0.9990138,7.1791546e-05,6.516534e-05,0.00033858203,81,test
0.9984666,0.0006079557,0.00057265,3.1959196e-05,3.320883e-05,8.245809e-05,0.00012326486,8.185574e-05,82,test
0.99671835,0.0011703426,0.00095628574,7.194623e-05,9.120583e-05,0.00034287674,0.00043280813,0.00021616036,83,test
0.997273,0.00085872796,0.0014677322,3.5466946e-05,3.6307116e-05,7.4217976e-05,0.00014700247,0.00010764484,84,test
3.865589e-05,0.0016720466,0.00012605524,0.00019466833,0.996298,0.00053063093,0.00032821868,0.00081180956,85,test
0.99656373,0.001371141,0.001326742,3.7135236e-05,8.240298e-05,0.000133388,0.0002675701,0.0002179121,86,test
0.98852843,0.0012675832,0.009314082,4.7021796e-05,6.588479e-05,0.00014143022,0.00016487899,0.00047062486,87,test
0.0012402814,0.0007949411,0.99660516,0.00013369936,0.00051467493,0.0001233217,0.00017207264,0.00041583864,88,test
0.99804425,0.0006120207,0.0009552097,2.5274585e-05,2.5957936e-05,7.883848e-05,0.00014708641,0.00011133393,89,test
0.0018490038,0.0010291085,0.9951924,0.0001303421,0.00085318164,0.00013705954,0.00019887614,0.0006101439,90,test
0.0014555586,0.0011271578,0.99558455,0.00017108067,0.0007658283,0.00016331875,0.00023978314,0.00049283804,91,test
0.0012843353,0.0010777615,0.9959138,0.00012162455,0.00074332615,0.00015999372,0.0001847448,0.00051437016,92,test
0.9983181,0.00081335544,0.0005599744,2.6608195e-05,2.5130796e-05,6.8944886e-05,9.2408154e-05,9.5547846e-05,93,test
0.9980039,0.00056278077,0.0010972075,2.8893748e-05,3.2497483e-05,7.583468e-05,0.00012223623,7.6656994e-05,94,test
0.0013024263,0.000544081,0.9972898,7.49432e-05,0.00037914063,6.0156854e-05,0.00013083722,0.00021861726,95,test
0.0016830041,0.0006745772,0.9964545,9.45842e-05,0.00039039747,0.000113425616,0.00014763596,0.00044192458,96,test
0.00061355537,0.99846125,1.3814847e-05,7.24023e-05,0.00037393102,2.841221e-05,0.00034155883,9.5104064e-05,97,test
0.0003932621,0.001514435,0.00056853576,0.000358637,0.0005260823,0.993548,0.00049826025,0.0025928072,98,test
0.9966286,0.00062059483,0.0023629465,3.7651967e-05,3.3981283e-05,8.205826e-05,0.000102380196,0.00013178664,99,test
0.9976902,0.0006342932,0.0013175483,3.175538e-05,3.616835e-05,6.775004e-05,0.0001320951,9.020249e-05,100,test
0.001339397,0.00129028,0.9952998,0.00015814368,0.00097048265,0.00014677373,0.00023274896,0.0005623302,101,test
0.0012800291,0.00097373076,0.99624485,0.00012511223,0.00063523476,0.00012690696,0.00018644032,0.0004276388,102,test
0.00030153533,0.0013695987,0.00035421367,0.00029372785,0.00057930377,0.99444157,0.0004457632,0.0022142716,103,test
0.004323571,0.90366644,0.00073428714,0.0018421647,0.0066341935,0.006562758,0.014350639,0.061885905,104,test
0.00053309306,0.0030460851,0.0003004902,3.5267134e-05,0.00033563355,0.00024999306,8.6902015e-05,0.9954125,105,test
1.0912936e-05,0.00054939196,1.9649544e-05,3.341642e-05,0.9988355,8.392096e-05,8.33219e-05,0.00038385464,106,test
0.001946111,0.001064028,0.99547184,0.00012493457,0.0005516863,0.00013969169,0.00021549876,0.00048630853,107,test
0.000874108,0.0042669442,0.00014938104,0.0001053382,0.00030073925,0.00061823166,0.00032319492,0.99336195,108,test
0.0002215803,0.0013305403,0.00032854677,0.00021120303,0.00028943538,0.99432725,0.00038220303,0.002909309,109,test
0.0011044587,0.00062191545,0.99707294,9.023072e-05,0.00048717408,8.877838e-05,0.00013895959,0.00039548773,110,test
0.6776148,0.0034223574,0.31588268,0.00045619093,0.000414991,0.00057707354,0.0004885983,0.0011433349,111,test
0.9976883,0.0010361058,0.00078404986,6.18359e-05,4.5758414e-05,0.00012888937,0.00016190369,9.308998e-05,112,test
0.0013253146,0.0010399537,0.9959692,0.00011291384,0.0006592823,0.0001930335,0.00019754878,0.0005028142,113,test
0.0017684157,0.0010751175,0.99527764,0.00019773495,0.0006895805,0.00024055243,0.00020156149,0.00054936117,114,test
0.99708205,0.0010629782,0.0009358772,7.7031036e-05,5.3304844e-05,0.00028829876,0.00025020927,0.00025020374,115,test
0.0016829055,0.0019149338,0.9662593,0.001264144,0.001500586,0.02309486,0.00068781717,0.003595468,116,test
0.99809724,0.00065389427,0.0009351523,1.882831e-05,2.7514372e-05,5.8331418e-05,9.2302296e-05,0.00011679425,117,test
0.9986786,0.0005046417,0.00057488016,2.064714e-05,2.335677e-05,5.6938432e-05,7.8650235e-05,6.23004e-05,118,test
0.99703985,0.00070139277,0.0018247538,4.5312405e-05,4.282117e-05,0.0001026916,0.00013139554,0.00011174114,119,test
0.0043939175,0.0146012325,0.0036089318,0.0012350836,0.002683765,0.46839416,0.004560012,0.50052285,120,test
0.0012326606,0.0007127217,0.99670416,0.00010439194,0.00054160855,0.00010812725,0.00015713963,0.0004390867,121,test
0.0013118795,0.0007328962,0.9966961,0.00012060171,0.0005043969,0.00013781307,0.00015153311,0.00034482128,122,test
0.9978522,0.0009279306,0.00057618204,4.264442e-05,5.1056268e-05,0.00017653705,0.00022715265,0.00014634598,123,test
0.015778154,0.17951283,0.006648794,0.018132107,0.41407228,0.09409409,0.022220261,0.24954154,124,test
0.9970728,0.00088387623,0.0013792895,0.00010339271,7.674274e-05,0.0002144176,0.00017166355,9.7669814e-05,125,test
0.0010005507,0.0006675339,0.9970107,0.000119830016,0.00054598105,0.00015115883,0.00013923386,0.00036511206,126,test
0.9985311,0.00052871654,0.0006618367,1.9900088e-05,2.2649367e-05,5.8486206e-05,8.624358e-05,9.104344e-05,127,test
0.001303462,0.0009682979,0.99605787,8.6347405e-05,0.00050881,0.0002977638,0.00024857323,0.0005288497,128,test
0.0011778225,0.00060250127,0.99706155,7.332614e-05,0.00034198354,0.00014485315,0.0001622967,0.0004356934,129,test
0.0014780539,0.00053988834,0.9970805,7.072139e-05,0.00026687045,0.00011375304,0.00016065252,0.0002895595,130,test
0.001797003,0.00026510193,0.9973259,8.246481e-05,0.00011292843,0.000106589854,8.7312685e-05,0.00022269705,131,test
0.9972031,0.0011617724,0.0008892149,7.681354e-05,5.7143712e-05,0.00016186571,0.00032899497,0.000121087614,132,test
0.0018026105,0.0009210236,0.99588495,0.00010190185,0.00041557103,0.00018641171,0.00026137722,0.00042614475,133,test
0.0012286055,0.0009789601,0.99630296,9.1127484e-05,0.00050415064,0.00022163597,0.00021705437,0.000455511,134,test
0.6488443,0.29952532,0.02188935,0.0012096605,0.0038569495,0.010020284,0.009335403,0.0053187213,135,test
0.0016769657,0.00040914048,0.9971167,8.528993e-05,0.0002553076,0.00010153255,0.00013399997,0.00022113559,136,test
0.001505024,0.0003797573,0.9973683,7.0582566e-05,0.00020081134,9.205236e-05,0.00012507508,0.00025845447,137,test
0.00094650127,0.0005872903,0.9974281,7.549474e-05,0.00033130363,0.00013631665,0.00014848942,0.00034634935,138,test
0.0010223807,0.0009857778,0.99659413,0.00010045771,0.00048637,0.00019452369,0.00019321451,0.00042308235,139,test
0.0010498698,0.0005310833,0.9975489,6.460714e-05,0.00028056488,0.00010301463,0.00013549568,0.0002865313,140,test
0.99740726,0.0012210335,0.0006973697,6.57745e-05,5.0606133e-05,0.000132486,0.00029071345,0.00013471668,141,test
0.0013393972,0.0005242032,0.9971246,7.3846524e-05,0.00027299163,0.0001306506,0.00015721282,0.00037705412,142,test
0.0017596507,0.000710613,0.99638677,7.9788275e-05,0.0002962089,0.000142368,0.00019474658,0.00042980956,143,test
0.9952231,0.0017153268,0.002420346,6.5756445e-05,6.72691e-05,0.00010394179,0.00024825102,0.00015607291,144,test
0.0014368579,0.0014101346,0.99507517,9.814479e-05,0.0008242428,0.00023598583,0.0002780317,0.0006414999,145,test
0.00079052895,0.99704945,3.3763652e-05,9.019693e-05,0.000650325,0.00012655846,0.0007330809,0.00052609225,146,test
0.0013716172,0.00072002586,0.9967064,8.844395e-05,0.0003822061,0.00017253794,0.00019949577,0.0003592013,147,test
0.0010385471,0.00047095818,0.99759346,6.3150066e-05,0.0002578387,0.00012778337,0.000120587654,0.0003277134,148,test
0.9976412,0.0010844246,0.00068215415,5.512083e-05,5.366709e-05,0.00011316598,0.00027697432,9.326889e-05,149,test
0.99370253,0.0019920508,0.0027631582,0.00012779547,0.00012859465,0.00047811025,0.00049866334,0.00030896242,150,test
0.994559,0.0011337522,0.0034821494,9.960368e-05,0.000100485544,0.00015346814,0.00033302986,0.0001384243,151,test
0.9973284,0.0010028883,0.0010577339,5.356826e-05,4.5031113e-05,0.0001276772,0.00027083862,0.00011381312,152,test
0.9957266,0.0018588079,0.0011447219,0.00011002269,9.42201e-05,0.00023764402,0.0005204549,0.0003075653,153,test
0.0011258406,0.00083166227,0.9966608,9.634638e-05,0.00045396783,0.0001999205,0.00022204524,0.00040942643,154,test
0.0017424854,0.0003945505,0.9970137,9.260419e-05,0.00021080063,0.00011301782,0.00015739423,0.00027550355,155,test
0.0004001058,0.99799407,1.5448646e-05,6.821309e-05,0.0004571989,7.506861e-05,0.0005270473,0.00046285897,156,test
0.99672973,0.0012948383,0.0011264115,8.445133e-05,7.362935e-05,0.00017091181,0.0003407822,0.00017927347,157,test
0.98626375,0.0018496828,0.010579647,0.00018333807,0.00017624203,0.0002671825,0.00040371012,0.00027648208,158,test
0.0016530963,0.0006195544,0.9966272,8.110623e-05,0.00030915387,0.0001307933,0.0001873206,0.00039182746,159,test
3.7756527e-05,0.00060569716,0.00012173109,5.0885807e-05,0.00016830963,0.9973168,0.00014718919,0.0015515905,160,test
9.442958e-05,0.0026908815,4.5506877e-05,1.2494024e-05,0.0001479759,0.00018462005,0.00012013375,0.99670404,161,test
0.99770856,0.0008522682,0.0009507363,5.766809e-05,3.937681e-05,9.850189e-05,0.00018972221,0.00010315972,162,test
0.9969807,0.0011742939,0.0009406015,7.1641545e-05,6.77348e-05,0.00014831725,0.00037074098,0.00024586153,163,test
0.0013272265,0.00042090123,0.99743783,7.077319e-05,0.00021502802,0.000101281854,0.00013677844,0.0002901493,164,test
0.0015176245,0.00034452978,0.9973362,7.4644326e-05,0.00016938243,8.9589594e-05,0.0001531034,0.00031492743,165,test
0.00014966988,0.0017837272,0.000110963745,0.00016188531,0.9959275,0.0004154778,0.00046984403,0.0009808195,166,test
3.3953806e-05,0.0018805919,3.0373507e-05,4.397833e-06,0.0001430616,9.244498e-05,3.227842e-05,0.9977829,167,test
0.00092456315,0.00042811362,0.9978619,6.376778e-05,0.00025896443,9.2337665e-05,0.000112909955,0.0002574962,168,test
0.0012254901,0.00072254054,0.996798,6.3677864e-05,0.00037329065,0.00017473321,0.00016469798,0.00047753032,169,test
0.005130858,0.0030599777,0.0010512095,0.007222133,0.00360919,0.0021932041,0.973384,0.0043493644,170,test
0.0014306181,0.00042710037,0.9971835,7.848194e-05,0.00021698636,0.000121857236,0.00016403501,0.000377443,171,test
0.0015123066,0.000636744,0.99675745,7.5144955e-05,0.00031268506,0.00012850559,0.00017275654,0.00040442366,172,test
0.9967668,0.0012066101,0.001323947,8.166201e-05,6.958732e-05,0.00012257142,0.00032652533,0.00010221623,173,test
0.9954236,0.0009490868,0.0028884325,9.531173e-05,8.6804495e-05,0.00014201866,0.00022607097,0.00018863159,174,test
0.001631849,0.00058865006,0.9966779,9.528268e-05,0.00028307486,0.00011330388,0.0002217678,0.0003881239,175,test
0.0017029059,0.00070245774,0.99643147,8.793468e-05,0.00035340778,0.00013217099,0.00021045504,0.00037923566,176,test
4.4981916e-05,0.00046395833,0.00010463946,0.00024514494,0.0002899321,0.99746513,0.00015684802,0.0012293409,177,test
0.99662685,0.0014305969,0.001032256,9.216605e-05,7.747818e-05,0.00017486457,0.00042397028,0.00014182819,178,test
0.0009539737,0.0010780463,0.9963793,9.5927644e-05,0.00057863997,0.00024577673,0.0002008358,0.00046748438,179,test
0.9974936,0.0010238563,0.0007921722,7.4657815e-05,5.1163068e-05,0.00012673455,0.00025851975,0.00017928242,180,test
0.00011177631,0.0031619016,4.3616266e-05,1.1124347e-05,0.00016915007,0.00023171304,8.989517e-05,0.9961808,181,test
0.001786903,0.0008181343,0.996073,9.942412e-05,0.0003940999,0.00016061144,0.00022236278,0.00044534923,182,test
0.0015246196,0.0007596932,0.9963953,9.260714e-05,0.000417706,0.00015330345,0.0002123793,0.00044443563,183,test
0.99771285,0.00097510795,0.000808719,4.155755e-05,3.9815768e-05,9.656929e-05,0.00023658747,8.873003e-05,184,test
0.0015499722,0.00044477597,0.9971059,6.818079e-05,0.00024680697,0.00011815419,0.00014934693,0.00031690462,185,test
0.99719906,0.0010884273,0.0009833396,6.0568138e-05,5.278013e-05,0.00013859611,0.00032200845,0.0001552496,186,test
0.0027670916,0.00027884575,0.99627125,8.912769e-05,0.00016282791,9.389864e-05,0.00011703341,0.0002199046,187,test
5.6392917e-05,0.0022009923,5.5338587e-05,0.00026144795,0.9955941,0.00033155907,0.0002515229,0.0012485767,188,test
0.0031521863,0.00070838403,0.992097,0.0002814639,0.00080744684,0.0007675051,0.00046970035,0.0017162696,189,test
0.0011557314,0.0005721375,0.99731904,7.546466e-05,0.0002899358,0.00012601691,0.00016728697,0.0002943149,190,test
0.9934598,0.0013314153,0.004066369,0.00017797395,0.00018172369,0.00028297416,0.00036270104,0.00013707821,191,test
0.99738675,0.00096444745,0.0011006172,5.7818077e-05,4.2519743e-05,0.00010021414,0.0002351766,0.000112376976,192,test
2.7905295e-05,0.00066295237,3.489536e-05,4.7203066e-05,0.00011998593,0.99814415,0.00012474683,0.00083810947,193,test
4.0700215e-05,0.0018075543,7.938723e-05,8.185864e-06,0.00014404718,0.000340119,4.2708125e-05,0.9975374,194,test
0.00086921407,0.0004196159,0.9979407,6.368925e-05,0.0002364493,8.5812026e-05,0.00013015165,0.0002543509,195,test
0.0011293546,0.0010869092,0.9961422,8.646317e-05,0.0005511606,0.00024044268,0.000253442,0.0005100588,196,test
0.0010500677,0.015854575,0.0019540042,0.005168131,0.8078688,0.14583163,0.005132957,0.017139858,197,test
0.99590564,0.0010369928,0.00242598,9.9024495e-05,7.39651e-05,0.00012580928,0.00024294772,8.9580266e-05,198,test
0.0016430257,0.0004726353,0.99685067,8.0080405e-05,0.0002699504,0.000106920445,0.00018783027,0.00038884315,199,test
0.0014259173,0.00036884614,0.9973878,7.016515e-05,0.00018584619,9.419602e-05,0.00015643387,0.00031073528,200,test
0.0012614358,0.00081951363,0.9965827,8.59611e-05,0.000452219,0.00013786338,0.00024216875,0.00041831756,201,test
0.0016147218,0.0009804651,0.99606055,8.4325846e-05,0.00036672785,0.00014306302,0.00024667053,0.00050357037,202,test
0.0017144602,0.00032969317,0.9970253,0.00010155153,0.00021423386,0.00014360709,0.00018700393,0.00028417938,203,test
0.0014597053,0.00087742036,0.9962555,8.347134e-05,0.00045611963,0.00015749082,0.000228108,0.0004820913,204,test
0.99728334,0.0011538261,0.0009929013,7.411469e-05,5.1497656e-05,0.00011125573,0.0002370578,9.60319e-05,205,test
0.0011955112,0.0006588653,0.9969242,8.422778e-05,0.0003867692,0.00016919013,0.00017940579,0.00040181636,206,test
0.001747784,0.0008229169,0.99623966,8.2226805e-05,0.00038282986,0.00018122543,0.00017428728,0.00036907365,207,test
0.0015989027,0.00053739775,0.99695504,7.9038124e-05,0.00024330485,0.00010310511,0.00015919858,0.00032396606,208,test
0.9969817,0.0011334951,0.0012939982,4.8452173e-05,5.4216376e-05,9.381365e-05,0.00027660147,0.00011776815,209,test
0.01593456,0.0014519462,0.9799367,0.0004198562,0.00055237394,0.00054591254,0.0004810024,0.0006775667,210,test
0.9955199,0.0008503374,0.0031518976,5.3487136e-05,3.638327e-05,9.218457e-05,0.00019026309,0.000105545085,211,test
0.0013075176,0.0007031425,0.9965495,8.892246e-05,0.0004026414,0.00018698494,0.0001796559,0.00058155804,212,test
0.99774444,0.00095287134,0.0007872612,5.1188134e-05,4.4128446e-05,0.00010967277,0.0001994348,0.000110982604,213,test
2.6032898e-05,0.00046258623,5.5893695e-05,2.2001026e-05,0.00014190044,0.9975768,0.00017230726,0.001542569,214,test
0.0014812031,0.0006356208,0.9967781,8.5569205e-05,0.00031743795,0.000119342854,0.00019884187,0.00038400508,215,test
0.0016218774,0.00067602587,0.9965233,8.699318e-05,0.000347808,0.00014628441,0.00022114824,0.00037643433,216,test
0.001962179,0.99414176,8.202752e-05,0.00021394006,0.0010164581,0.0002933342,0.0016615478,0.0006288411,217,test
0.9966403,0.0014497179,0.001188458,6.922703e-05,5.594832e-05,0.00013675135,0.00034039989,0.00011913613,218,test
0.0010571819,0.00043929473,0.99760723,6.6740766e-05,0.0002697848,9.668338e-05,0.00014510033,0.00031799698,219,test
0.0008427894,0.00031780585,0.99795985,5.787205e-05,0.00024890614,0.00014661855,0.00014509888,0.000280907,220,test
0.99755955,0.0012161667,0.00069442514,4.8806887e-05,4.263139e-05,8.031271e-05,0.00025561592,0.00010256558,221,test
0.0011519678,0.0007271276,0.99688053,8.938288e-05,0.00038685664,0.00014822824,0.00020104667,0.0004147873,222,test
0.0010156338,0.000580326,0.99730945,8.5276246e-05,0.00034253555,0.00015860131,0.00017846537,0.0003297648,223,test
0.00048786218,0.010924636,0.00080307026,0.0024505402,0.9750045,0.0065778447,0.0018758256,0.001875771,224,test
0.9974147,0.0009452464,0.0010568498,5.5925353e-05,5.5124085e-05,0.00011022078,0.00026474174,9.7064985e-05,225,test
0.0015929206,0.00046202296,0.9969627,7.2109375e-05,0.00024046915,0.00010932871,0.0001846787,0.00037573988,226,test
0.0011075684,0.00064288656,0.9971976,7.542311e-05,0.00034018737,0.0001533276,0.00016085613,0.00032210135,227,test
0.00050637027,0.0006149237,5.2523985e-05,0.0014135161,0.00026160976,0.00012321913,0.9963462,0.000681708,228,test
0.002163645,0.0006194613,0.99585366,0.000103661565,0.00026860263,0.00017493383,0.00019057354,0.000625473,229,test
0.0022836372,0.0014253961,0.9940076,0.0001524679,0.0008612638,0.00020153921,0.00046541812,0.0006026649,230,test
0.0010724465,0.00073711044,0.9969373,0.00010034663,0.00041063482,0.00018329364,0.00018953776,0.0003694142,231,test
0.98393536,0.009774083,0.003939331,0.00019564474,0.00023032476,0.00052482926,0.0008103803,0.0005899486,232,test
0.99014765,0.0019583618,0.006741726,0.00024764467,0.00020263584,0.00018273536,0.00030955617,0.0002096998,233,test
8.8976936e-05,0.0018842474,7.742846e-05,0.00030939173,0.99582005,0.00040035194,0.00047205458,0.0009474175,234,test
0.99670047,0.0015780802,0.0010116019,8.915401e-05,7.0043745e-05,0.00012564327,0.00032652012,9.837582e-05,235,test
0.9972863,0.0010232693,0.001103361,5.942196e-05,5.2538257e-05,9.9381316e-05,0.00027409644,0.000101657286,236,test
0.0010716332,0.00026603305,0.9981274,5.9522627e-05,0.00017029262,6.2044324e-05,8.0512924e-05,0.00016244028,237,test
0.0013196719,0.0008196521,0.99643135,9.529945e-05,0.0005085748,0.00018114176,0.000215247,0.00042909037,238,test
0.0014830783,0.00067836326,0.99659663,9.260183e-05,0.00038421026,0.00014461421,0.0001846866,0.00043585527,239,test
0.9967415,0.0016104197,0.0009526337,8.674263e-05,5.193988e-05,0.00011404005,0.0003350443,0.00010771096,240,test
0.00031322893,0.0036666004,0.0015921708,0.97907203,0.0036916416,0.0025814194,0.004970931,0.0041118246,241,test
0.9965683,0.001560666,0.0011250874,0.00010728171,7.563761e-05,0.00014151102,0.00029153324,0.0001299076,242,test
0.00010977821,0.0041202265,7.841867e-05,0.00046060036,0.9921335,0.0009595063,0.000366808,0.0017712247,243,test
0.008708031,0.97844714,0.00045654995,0.0009452797,0.003928784,0.0019788258,0.003980262,0.0015551288,244,test
0.99611604,0.0011247216,0.002043595,8.7474735e-05,6.2821964e-05,0.00012513385,0.00030444513,0.0001357511,245,test
0.9973333,0.0010494071,0.000992177,6.5142456e-05,5.6757704e-05,0.00012944824,0.00028022056,9.3650495e-05,246,test
0.001053928,0.00055253034,0.9973767,7.760801e-05,0.0003153784,0.00011591439,0.00015794225,0.00035007822,247,test
0.00082678214,0.996084,4.3963762e-05,0.00012493275,0.00092606206,0.00018342605,0.000988872,0.00082194246,248,test
0.99616635,0.0009937751,0.0021640058,8.6661326e-05,8.752372e-05,0.00014421786,0.00021778033,0.0001397233,249,test
0.996779,0.0011855927,0.0014114437,7.50897e-05,5.783501e-05,0.00012524486,0.0002774799,8.839136e-05,250,test
0.99678695,0.0011349815,0.0013564732,8.6613494e-05,5.667173e-05,0.00013955432,0.0002803872,0.00015842829,251,test
0.001286722,0.0011295279,0.995934,0.00012132235,0.0005686218,0.00023816185,0.0002513263,0.00047024986,252,test
0.0015125999,0.0006688325,0.99673116,7.970055e-05,0.00034347022,0.00012337776,0.00018870867,0.00035216138,253,test
0.0014053033,0.0006394486,0.99684864,8.287368e-05,0.00030861923,0.00016213009,0.00017658403,0.00037639707,254,test
0.0013383868,0.00034236928,0.9975942,4.711883e-05,0.00020816545,0.000108830725,8.449412e-05,0.0002764203,255,test
0.0009304601,0.00044217467,0.9979577,5.11275e-05,0.00021439904,0.00011137737,8.245994e-05,0.00021040664,256,test
0.99704796,0.00081886747,0.0016777779,3.4658682e-05,3.3256885e-05,8.984147e-05,0.00015410213,0.00014353299,257,test
0.00083466625,0.0005552644,0.99767953,5.9661885e-05,0.0003170673,0.000104412815,0.00011948268,0.0003299126,258,test
0.043137774,0.026159365,0.008050252,0.015685253,0.014180588,0.03484212,0.8238266,0.034117915,259,test
0.0012225187,0.00040455465,0.9977276,4.76543e-05,0.00020090208,8.36702e-05,8.486366e-05,0.00022812825,260,test
0.029078428,0.072199404,0.0011749206,0.007296587,0.003932561,0.004737123,0.0574262,0.82415473,261,test
0.015509582,0.010071966,0.0011107224,0.0047337473,0.006764746,0.0031665233,0.948833,0.009809694,262,test
0.00018211688,0.0027536096,0.00066099956,0.0006658758,0.99137515,0.0015774769,0.00061961066,0.002165206,263,test
0.0010866147,0.00031532277,0.99803525,3.8422968e-05,0.00018224874,6.429484e-05,6.9753e-05,0.00020815899,264,test
0.001574518,0.00033023558,0.9973769,7.158101e-05,0.00014839528,0.00011363102,0.000107690554,0.00027696352,265,test
0.0011094516,0.0005147327,0.99757856,4.8352536e-05,0.00021745233,0.00013834532,8.6648055e-05,0.00030643473,266,test
0.0008014617,0.0003180902,0.9982461,4.4337976e-05,0.00015971363,8.9393994e-05,6.3671505e-05,0.00027723555,267,test
0.002936439,0.9845857,0.00013200464,0.00024135293,0.0017702574,0.0018899357,0.0021697842,0.006274495,268,test
0.9981199,0.0009057934,0.00066099974,2.9858673e-05,1.9043255e-05,6.4993445e-05,0.00011342898,8.597072e-05,269,test
0.99731797,0.0013813993,0.00082537293,5.8448695e-05,3.3962493e-05,0.00010069936,0.00014887199,0.00013322722,270,test
0.0009234325,0.000521567,0.99770916,4.9940078e-05,0.00026786156,0.00014411444,9.2614624e-05,0.00029135024,271,test
0.0016204843,0.000362395,0.9973551,7.4285825e-05,0.00013261105,0.00014809275,9.474826e-05,0.00021225023,272,test
0.011047558,0.009665665,0.0021511882,0.010073059,0.0050827973,0.0028331778,0.94970024,0.009446331,273,test
0.99780315,0.000925081,0.0009191373,3.0618572e-05,2.596414e-05,5.9807266e-05,0.00015213054,8.420152e-05,274,test
0.99800164,0.0010511328,0.0005211073,3.7024933e-05,2.3627586e-05,8.8833025e-05,0.00018304748,9.3548595e-05,275,test
0.99558073,0.0026902491,0.0010478044,8.140888e-05,8.72459e-05,0.00013263659,0.0001880368,0.00019187757,276,test
0.0011765984,0.0005447274,0.9974706,5.8471407e-05,0.0002583812,0.00010532726,9.57043e-05,0.00029020116,277,test
0.001356011,0.00030028596,0.99775153,5.3719526e-05,0.0001239592,8.453395e-05,9.333492e-05,0.00023662865,278,test
0.9787689,0.006161507,0.0074170926,0.0007416644,0.0005251582,0.0016535243,0.0016120203,0.003120124,279,test
0.0014811717,0.0005180786,0.9972395,5.7689977e-05,0.00021574518,9.365973e-05,0.00010562713,0.000288563,280,test
0.0008717809,0.00060097803,0.99767095,7.167912e-05,0.00030580713,0.00014674464,9.43544e-05,0.00023782894,281,test
0.0016853148,0.00038774658,0.9972807,4.4099022e-05,0.00015868813,9.4723495e-05,7.8087774e-05,0.0002705533,282,test
0.9982919,0.00088238984,0.0004843132,3.1487627e-05,2.3434033e-05,9.3691e-05,0.00012661108,6.6128894e-05,283,test
0.0023026695,0.99593085,9.2769005e-05,6.350754e-05,0.00064190646,0.0001256676,0.0006064357,0.00023625071,284,test
0.002186564,0.00087397016,0.9957955,6.283182e-05,0.00038095165,0.0001675103,0.00013592243,0.0003967573,285,test
0.9970163,0.0012948561,0.0010592049,8.425837e-05,5.4889235e-05,0.00015759321,0.00017473233,0.00015819508,286,test
0.99725586,0.0016166494,0.0006409223,6.10487e-05,4.3757464e-05,9.934947e-05,0.00016551875,0.000116916024,287,test
0.99542737,0.0013013438,0.0027521942,6.5772896e-05,4.8690217e-05,0.00010772316,0.00016970585,0.00012725942,288,test
0.99582124,0.001325828,0.0022275946,8.1166094e-05,5.4662905e-05,0.00014565462,0.00022275139,0.00012115901,289,test
1.7147699e-05,0.0002741482,4.412211e-05,1.8719982e-05,9.305646e-05,0.9990121,2.1721093e-05,0.0005189674,290,test
3.9198643e-05,0.0002885101,0.0001473689,3.3329696e-05,9.818197e-05,0.99799854,4.483218e-05,0.0013501135,291,test
0.0009234978,0.00040743288,0.9979771,5.0854804e-05,0.00021017606,0.00010404728,8.6129505e-05,0.00024079483,292,test
0.012492466,0.0005333301,0.9860395,8.879304e-05,0.00020775135,0.0001497186,0.0001076176,0.00038065595,293,test
0.0012902954,0.0005714117,0.997221,6.903398e-05,0.00027992646,0.00012593927,0.0001068145,0.00033550084,294,test
0.0009881532,0.0002292736,0.9983998,4.126734e-05,0.00012691575,5.0893766e-05,5.159879e-05,0.00011200586,295,test
0.0011035216,0.014690201,0.00012935686,0.0002904712,0.0007304723,0.0031873132,0.0025578013,0.97731084,296,test
0.0019829448,0.9960647,0.00014753247,0.0001156412,0.0005679376,0.00016163931,0.0007160707,0.00024350315,297,test
0.00163202,0.00079965906,0.99642783,7.5330456e-05,0.00035038652,0.00017491356,0.0001151751,0.0004247285,298,test
0.0004304351,0.0025212897,9.108983e-05,1.1260011e-05,8.018773e-05,0.00047102798,9.96617e-05,0.99629503,299,test
0.0014375757,0.0007573917,0.9966917,7.132414e-05,0.00031945817,0.00018676014,0.00011461778,0.00042111558,300,test
0.0010876062,0.00048803692,0.9975631,6.35964e-05,0.00022868223,0.0001595269,0.00010059451,0.00030879036,301,test
0.0014598294,0.00029609865,0.99768806,4.7303412e-05,0.00012854267,7.32014e-05,8.616172e-05,0.00022082847,302,test
2.405803e-05,0.0019482258,3.622303e-05,0.0001478828,0.9968354,0.000113702954,0.00012936129,0.0007652326,303,test
0.0010671022,0.0005730564,0.9974253,6.522256e-05,0.00029883586,0.00014390508,0.00010950979,0.00031703612,304,test
0.0011521018,0.00059200206,0.99743336,6.185306e-05,0.00026178462,0.00012646937,9.420427e-05,0.00027826088,305,test
0.0010750582,0.00031602386,0.9980531,4.424316e-05,0.0001302916,7.262949e-05,8.4938794e-05,0.00022371119,306,test
0.0011222921,0.0004630078,0.99761164,5.8312497e-05,0.00023245807,0.00011890643,9.3216426e-05,0.0003001514,307,test
0.9925372,0.0015661683,0.004931834,7.687659e-05,0.00015661077,0.00021088858,0.000222207,0.00029821144,308,test
6.442401e-05,0.00046236892,0.0001597112,0.0001364926,0.0006206712,0.99726886,0.00010999499,0.0011775282,309,test
0.0009064462,0.0003450951,0.99822265,4.2387936e-05,0.00016444383,7.9378005e-05,6.880524e-05,0.00017086412,310,test
0.0025553158,0.00020929243,0.9967578,5.6168556e-05,7.850278e-05,7.546681e-05,5.558299e-05,0.0002118518,311,test
2.9280192e-05,0.0008826435,0.00031838517,0.996763,0.00075013895,0.00021211695,0.00053016015,0.00051424006,312,test
0.008042624,0.0091152,0.0010208981,0.007883234,0.0040211375,0.0019137607,0.95837724,0.009625875,313,test
0.0010961394,0.0005254504,0.9974583,5.963057e-05,0.0002508949,0.0001268447,8.5967906e-05,0.00039680663,314,test
0.0011906729,0.00052685244,0.9973814,6.6289664e-05,0.00027331727,0.00012269638,0.00011876726,0.00032000625,315,test
0.99677724,0.0019441756,0.0006755539,6.709548e-05,4.357621e-05,0.00015281443,0.00021596746,0.00012349884,316,test
0.0013883593,0.00058526883,0.9971418,6.360174e-05,0.00025448148,0.000116238196,0.00010845859,0.00034185307,317,test
0.99806875,0.001070417,0.0004144975,5.1696767e-05,2.8984743e-05,0.0001323128,0.00013443423,9.8863704e-05,318,test
0.0014991314,0.000361576,0.9975108,4.785082e-05,0.00014104998,7.8589655e-05,9.713481e-05,0.00026385728,319,test
0.0011240195,0.00048854126,0.9975994,5.8790705e-05,0.0002621315,0.000100065416,0.00010215966,0.0002648148,320,test
0.99712974,0.0012877975,0.0010825902,9.151476e-05,3.784612e-05,0.00010848313,0.00018489362,7.724386e-05,321,test
0.0009082377,0.00033031232,0.9981616,4.9431197e-05,0.00017743146,8.534708e-05,8.832163e-05,0.00019933637,322,test
0.9979468,0.00082456134,0.00086981594,4.698303e-05,2.5230866e-05,7.499165e-05,0.00012890936,8.272124e-05,323,test
0.0015627233,0.00034752954,0.99748814,5.3968015e-05,0.00013718328,8.683294e-05,9.101411e-05,0.00023261624,324,test
0.004010846,0.017625827,0.014217148,0.0033986443,0.9405084,0.005646563,0.00348132,0.011111216,325,test
0.00068054657,0.011710329,0.0012061492,0.0022774877,0.9386328,0.040590834,0.0010883404,0.0038135487,326,test
0.9973097,0.0012326286,0.00089432317,7.9519275e-05,4.681648e-05,0.00013366045,0.00016713487,0.00013624743,327,test
0.00085681776,0.0004437848,0.9979804,4.2411204e-05,0.00022712722,0.00012095201,7.824763e-05,0.00025020525,328,test
0.00012284082,0.005237864,9.261068e-05,0.0006456053,0.99174917,0.00071935856,0.00026881104,0.0011637748,329,test
0.0027837944,0.0006654818,0.9953467,0.0001242483,0.00019568729,0.00033211365,0.00015858852,0.00039325462,330,test
0.0013204671,0.0004691503,0.9973072,6.788161e-05,0.00021253251,0.00016375679,0.000101730504,0.00035728497,331,test
0.0031824023,0.00022641609,0.9961164,2.9842506e-05,9.615693e-05,9.426516e-05,4.244267e-05,0.00021214559,332,test
0.0009514203,0.00038163824,0.9979766,4.6990168e-05,0.00023271062,9.390852e-05,8.245096e-05,0.00023430037,333,test
0.001292631,0.00060279004,0.9972103,6.441163e-05,0.00026736327,0.000116022115,0.00010693801,0.00033948096,334,test
0.0012516426,0.0003922728,0.99769247,4.9293547e-05,0.00016510663,7.966435e-05,9.270436e-05,0.00027693174,335,test
0.0026738467,0.00036895263,0.996454,4.948419e-05,0.00011671756,8.49694e-05,6.3124025e-05,0.00018896969,336,test
0.0018191364,0.99597603,8.7316424e-05,0.00011841614,0.0008233533,0.00022137887,0.00061278016,0.00034159527,337,test
0.0010846204,0.00029482236,0.99805593,3.633607e-05,0.00017184377,7.062874e-05,6.873341e-05,0.00021703789,338,test
0.0012704913,0.00032615612,0.997827,3.5033434e-05,0.00013152689,6.365164e-05,8.20225e-05,0.0002640127,339,test
0.9977374,0.0012395136,0.00049405993,5.9342514e-05,4.7533766e-05,0.0001260807,0.00017090309,0.00012506495,340,test
0.99663854,0.0015600533,0.0011703966,5.671514e-05,6.9086105e-05,0.00011466481,0.00025476379,0.00013591365,341,test
0.9939021,0.001542963,0.0037699088,0.00010515172,0.00013056996,0.00014127219,0.00022694236,0.00018112826,342,test
0.0013863576,0.0005277716,0.9970925,7.495818e-05,0.00030388974,0.00018094173,0.000119342476,0.00031431942,343,test
3.606947e-05,0.0025403467,5.1662846e-05,0.00016735584,0.9955056,0.00023624963,0.00018628473,0.0012764813,344,test
0.9968988,0.0010145255,0.0016951972,5.940759e-05,3.5435347e-05,9.420443e-05,0.00013258982,6.988406e-05,345,test
0.001036611,0.0007403222,0.9969823,6.3453925e-05,0.0004979416,0.00020414844,0.00012770118,0.00034754947,346,test
5.1337363e-05,0.0018656431,3.17913e-05,2.5768431e-06,0.0001763392,0.00024802872,2.4943358e-05,0.9975993,347,test
0.0012593702,0.0005166253,0.99727637,7.960175e-05,0.000273091,0.00014202228,0.00011631886,0.00033676455,348,test
0.026276577,0.39481354,0.007553439,0.0383297,0.027120493,0.09429036,0.34276286,0.068853065,349,test
0.002065119,0.0008937894,0.9959182,5.1503874e-05,0.00031571471,0.0001468624,0.00012908102,0.00047973343,350,test
0.0009645241,0.0003653096,0.9979184,6.0123974e-05,0.00020639658,0.00010342752,0.0001020625,0.0002797629,351,test
0.058198147,0.059541043,0.13698968,0.03185837,0.012547713,0.48593205,0.096838556,0.118094474,352,test
0.99774617,0.0014134009,0.00042684708,5.3509604e-05,2.9359066e-05,8.309628e-05,0.00013488912,0.00011268495,353,test
0.94019216,0.006095307,0.05111029,0.0003357751,0.00028304209,0.00043894685,0.00058361347,0.00096083415,354,test
0.0010764644,0.00055604865,0.99747676,6.739212e-05,0.00025052825,0.000117985626,9.386937e-05,0.00036092172,355,test
0.99783796,0.0012738975,0.0004493095,4.660734e-05,3.2296553e-05,9.4730334e-05,0.00015956323,0.00010557939,356,test
0.00016568352,0.004628388,0.00014162785,1.2732778e-05,0.0005317289,0.009821518,0.00023673933,0.9844616,357,test
0.0020652292,0.0004859887,0.9963775,8.5607375e-05,0.00022438406,0.00016452509,0.00014416908,0.00045263456,358,test
0.02558861,0.055546675,0.4839259,0.047551516,0.016311944,0.20943342,0.0198692,0.14177266,359,test
0.9983199,0.0008447257,0.000512108,3.9036644e-05,2.1904927e-05,7.480137e-05,0.00010627313,8.124375e-05,360,test
0.9972422,0.0010919026,0.001294682,3.6341677e-05,3.0841544e-05,7.135332e-05,0.0001323247,0.00010032307,361,test
0.0015003779,0.0006558764,0.9969303,7.078306e-05,0.00025607864,0.00012803901,0.00012356786,0.0003349659,362,test
0.007373907,0.0004634361,0.9914249,8.526199e-05,0.00017612727,0.00013220617,9.72197e-05,0.00024681538,363,test
0.002113539,0.00078764436,0.996077,9.685386e-05,0.0003011471,0.00015635855,0.00018495384,0.00028244863,364,test
0.0017171312,0.00042041406,0.9971493,3.9884995e-05,0.00016433,9.094372e-05,6.15528e-05,0.00035640472,365,test
0.0009023225,0.00059831515,0.9974993,5.8923153e-05,0.00038225707,0.00010280988,0.000117983676,0.00033814434,366,test
0.9975635,0.0013651808,0.0006572012,5.0585062e-05,4.0491672e-05,8.869957e-05,0.0001208737,0.000113550224,367,test
2.512659e-05,0.00130951,4.0762934e-05,1.6794048e-06,9.4752904e-05,0.00064987526,1.8643776e-05,0.99785966,368,test
0.0034109966,0.00052296853,0.9952022,4.7920203e-05,0.00017277969,0.00018210615,0.00011712667,0.00034397116,369,test
0.0011871005,0.00027768966,0.99797493,4.3524928e-05,0.0001523574,7.4146636e-05,8.1980004e-05,0.00020834083,370,test
0.0010002259,0.00046232867,0.99779034,6.0317485e-05,0.00022334131,0.000121703335,9.305822e-05,0.00024871295,371,test
0.0011557221,0.00036482152,0.99780816,4.8155503e-05,0.00016856658,8.608889e-05,7.936896e-05,0.00028922415,372,test
0.414758,0.03396604,0.22838439,0.019482356,0.041689765,0.14391775,0.02454192,0.09325984,373,test
0.99749726,0.0010463839,0.0010912928,5.63666e-05,2.9703706e-05,7.63367e-05,0.00013595528,6.663001e-05,374,test
0.99792117,0.0008908686,0.0008122691,3.8351733e-05,2.7835993e-05,8.065142e-05,0.00012866067,0.00010019147,375,test
0.0012085076,0.00040086717,0.99768806,5.2570045e-05,0.00016645608,9.2085036e-05,8.000792e-05,0.00031139253,376,test
0.00095627457,0.00029443394,0.9981488,3.7279136e-05,0.00016619122,0.00011691853,6.380486e-05,0.0002163975,377,test
0.99790716,0.0011830177,0.00049290055,4.5348876e-05,2.3962035e-05,0.000100214915,0.00015498913,9.246055e-05,378,test
0.99460596,0.002817499,0.0017464543,0.00015557666,0.0001254838,0.00016868388,0.00024495609,0.00013545497,379,test
0.0014803797,0.00023918744,0.99773717,4.5405584e-05,0.00011475005,0.000109677734,5.7497313e-05,0.00021599802,380,test
0.0015993214,0.0002764327,0.9975514,5.9064918e-05,0.000120249875,8.718231e-05,9.759273e-05,0.00020880009,381,test
0.0006927563,0.00037826944,0.99804026,4.3222575e-05,0.00019593374,0.00010690633,7.665576e-05,0.00046602325,382,test
0.0010952343,0.00039742808,0.99791294,5.110673e-05,0.00018017195,9.877722e-05,8.4880645e-05,0.00017940623,383,test
0.9962567,0.0009776738,0.0023729438,5.0822215e-05,6.021151e-05,5.6056324e-05,0.0001354365,9.0100126e-05,384,test
0.9989446,0.00049034605,0.0004007077,1.9565705e-05,1.8266675e-05,2.9517565e-05,6.473197e-05,3.2322172e-05,385,test
0.99684674,0.0007657725,0.0020540592,5.280034e-05,4.7403282e-05,6.5150736e-05,0.00010406521,6.393206e-05,386,test
0.00027194218,0.00441939,0.00019479738,7.0386355e-05,0.00038769265,0.00030321925,0.00020730832,0.9941453,387,test
9.426218e-05,0.0075387955,5.8472924e-05,7.2947046e-06,0.0004012807,0.00041786383,0.00014227367,0.99133974,388,test
0.0012054986,0.00033881696,0.99782014,3.746703e-05,0.00021761494,5.5891393e-05,8.220362e-05,0.00024237698,389,test
0.99854714,0.00059719617,0.0005927264,2.1760752e-05,2.9912419e-05,4.8138576e-05,0.00011992693,4.3197953e-05,390,test
0.001074087,0.012587228,0.0015019141,0.0022694974,0.019058598,0.93431216,0.0027562866,0.02644017,391,test
0.9948547,0.0009795681,0.003698761,8.145547e-05,7.460929e-05,8.4330015e-05,0.00013136416,9.515021e-05,392,test
0.99788433,0.0007440688,0.0008193191,5.7124704e-05,4.4835127e-05,0.0001364331,0.0001185772,0.00019532426,393,test
0.0007897002,0.0002388391,0.99847275,3.21519e-05,0.00015317807,6.5502296e-05,5.9650873e-05,0.00018815386,394,test
0.0007892282,0.00028840738,0.99834085,3.8898364e-05,0.00019047916,6.0139104e-05,7.769704e-05,0.00021427077,395,test
0.0009433451,0.00038469577,0.9979292,5.05001e-05,0.00028509425,8.9615685e-05,8.7121975e-05,0.00023044147,396,test
0.0014795896,0.00024797305,0.9977387,4.486648e-05,0.0001244341,5.6746027e-05,0.00010753808,0.00020018598,397,test
0.00047453181,0.00031190735,0.99839824,3.5547007e-05,0.0003588067,0.00010128854,5.7213343e-05,0.0002623344,398,test
0.000993469,0.00033164985,0.99808395,4.2965385e-05,0.00021018996,7.353017e-05,8.3162784e-05,0.0001811835,399,test
0.00038315108,0.99821633,9.710359e-06,6.2048544e-05,0.00052506995,5.9285223e-05,0.00038625693,0.00035817642,400,test
0.00058347255,0.00020098708,0.9987953,2.9646979e-05,0.00014312389,4.2963915e-05,4.5849134e-05,0.00015877704,401,test
0.0006389782,0.00021835971,0.99861455,2.3433537e-05,0.00016780329,7.0217895e-05,4.4070035e-05,0.00022264184,402,test
0.00077157235,0.00028048627,0.9983418,5.051539e-05,0.00020998716,6.788105e-05,7.3005765e-05,0.00020471498,403,test
0.0015268006,0.0002712964,0.99744046,7.216898e-05,0.00013764702,0.00010003306,0.00014494704,0.00030664168,404,test
0.00046828855,0.9982399,1.4207554e-05,4.945563e-05,0.00045545175,4.9047885e-05,0.00035740176,0.00036633277,405,test
0.0008625417,0.00012800911,0.99866414,2.9328485e-05,8.798962e-05,4.1970186e-05,5.6280434e-05,0.0001297913,406,test
0.9959692,0.0013936014,0.001925048,0.00011242774,0.000115618415,0.00015826948,0.00019339687,0.00013239446,407,test
3.5833018e-05,0.0017393396,2.9984323e-05,6.1218934e-06,0.00014884815,6.659066e-05,2.9161334e-05,0.9979442,408,test
0.9977882,0.0010203498,0.00061533175,5.9823706e-05,6.0071314e-05,0.00017513764,0.000182438,9.86744e-05,409,test
0.0005771281,0.00024730762,0.99863976,3.0979547e-05,0.00022452105,5.7677786e-05,5.2496638e-05,0.00017009577,410,test
0.00085862423,0.00024304936,0.9984282,3.4072036e-05,0.00013020566,5.3093267e-05,7.449693e-05,0.00017829568,411,test
0.0014456984,0.00010516009,0.9981724,3.5855504e-05,6.537289e-05,5.0065766e-05,3.515844e-05,9.037158e-05,412,test
0.00043489083,0.99779284,1.9174196e-05,9.724552e-05,0.0005962515,0.00010715478,0.00047728355,0.00047506744,413,test
0.99758744,0.000468155,0.0017142853,3.063181e-05,2.878641e-05,5.515067e-05,7.027383e-05,4.532488e-05,414,test
0.9926117,0.0022296296,0.003870586,0.0002152297,0.00014964592,0.00025715836,0.00031177202,0.00035433538,415,test
0.00077530317,0.00023536578,0.9984194,4.0055183e-05,0.00019424706,7.0033384e-05,6.732026e-05,0.00019824963,416,test
0.0005057203,0.00017129946,0.99892277,3.0849566e-05,0.00015021612,4.6978865e-05,5.1420135e-05,0.00012077045,417,test
0.0007723505,0.00023699523,0.9984798,3.4772962e-05,0.00018117811,5.0888862e-05,7.1100054e-05,0.00017294633,418,test
0.00074434676,0.0004194526,0.9979091,6.440503e-05,0.00032872777,0.0001330206,9.774382e-05,0.00030315868,419,test
0.7524918,0.006644181,0.2355891,0.00058810733,0.0013702468,0.0007389083,0.0016125609,0.00096512295,420,test
0.9986811,0.00051706267,0.0005724601,2.4768693e-05,2.3757862e-05,4.5078345e-05,9.286006e-05,4.2922395e-05,421,test
0.998396,0.0005301632,0.0008161713,1.9304332e-05,3.5325676e-05,4.2511652e-05,9.782106e-05,6.273636e-05,422,test
0.00054322666,0.0002445361,0.9986687,3.8693215e-05,0.00022565025,5.247934e-05,5.0976414e-05,0.00017582242,423,test
0.00082794164,0.99670166,3.6485457e-05,6.9346606e-05,0.0009505243,7.710121e-05,0.0006613513,0.0006756518,424,test
0.99763477,0.00076515565,0.0009738719,3.6416604e-05,7.401514e-05,0.00015489689,0.0002581909,0.00010275258,425,test
0.9941697,0.0007257505,0.0046428833,5.0994135e-05,5.431078e-05,9.675768e-05,0.00014935757,0.000110331835,426,test
0.0012041926,0.00037805314,0.99772114,4.9616865e-05,0.00024035001,7.2957526e-05,8.8853376e-05,0.0002449073,427,test
0.0004993523,0.00023743899,0.99871373,4.013732e-05,0.00021808085,6.1854895e-05,5.535286e-05,0.00017409753,428,test
0.00030217078,0.9982236,1.3616884e-05,5.0555915e-05,0.00065333373,5.2791693e-05,0.0003467016,0.00035707874,429,test
0.0009083911,0.00013737871,0.9986064,3.227547e-05,9.819043e-05,4.6453104e-05,5.0617036e-05,0.00012029671,430,test
0.9984785,0.00052565336,0.000770454,2.3882989e-05,2.7579903e-05,3.9829716e-05,6.825466e-05,6.584175e-05,431,test
0.9968483,0.0006920848,0.0020978637,1.8724686e-05,4.6640445e-05,6.8200825e-05,0.00010879552,0.00011946205,432,test
2.501041e-05,0.000350708,4.7461876e-05,9.486261e-05,0.00014856376,0.99842167,0.00011189034,0.000799764,433,test
0.0010566881,0.0005244464,0.99748933,6.432092e-05,0.00032699862,0.00010200188,0.00011600146,0.0003202262,434,test
0.9952911,0.0011533193,0.003116853,7.8148856e-05,6.703795e-05,6.5717366e-05,0.000118986645,0.000108799424,435,test
0.0008254631,0.0003604802,0.99790263,5.0856685e-05,0.0002681993,9.191636e-05,9.4903946e-05,0.00040542486,436,test
0.00075937354,0.000200915,0.99865144,2.9218536e-05,0.000119137454,4.6259393e-05,5.28924e-05,0.00014086183,437,test
0.99874413,0.00045256582,0.00056560425,2.4904748e-05,2.269849e-05,5.4249373e-05,7.1226874e-05,6.450658e-05,438,test
0.000805578,0.00028696377,0.9983381,4.2128613e-05,0.00020393654,6.6881636e-05,7.913049e-05,0.00017723063,439,test
0.00015639496,0.00081624923,0.00040015465,0.00022794625,0.001082163,0.995606,0.00029644324,0.0014147109,440,test
0.0011472921,0.00018513584,0.9982455,2.9858586e-05,0.0001329088,5.193637e-05,5.2980275e-05,0.000154401,441,test
0.99867105,0.00046578064,0.00063681515,2.23442e-05,2.4732093e-05,4.7373367e-05,8.054901e-05,5.1362626e-05,442,test
0.00084976136,0.0002931628,0.99833554,3.7837865e-05,0.00020188367,4.3596665e-05,7.794577e-05,0.00016027008,443,test
6.342418e-05,0.0017039551,2.6203079e-05,8.1904975e-05,0.9967278,0.00014814887,0.00010944689,0.001139029,444,test
0.9957073,0.0016537603,0.0013640538,0.00013714262,9.959522e-05,0.00030177578,0.00033680646,0.00039964137,445,test
0.0010317711,0.00016619964,0.9984126,3.6699148e-05,0.00010086442,4.5733374e-05,6.7296576e-05,0.00013884142,446,test
0.0011548048,0.00020373527,0.99812454,3.623064e-05,0.00012883339,5.7482015e-05,6.195421e-05,0.00023233972,447,test
0.0007735947,0.00022250235,0.9985563,2.8135772e-05,0.0001421052,4.191694e-05,6.689957e-05,0.00016842916,448,test
0.00069473824,0.00025278967,0.9984596,4.115681e-05,0.00018624082,7.0723974e-05,6.53176e-05,0.00022933981,449,test
0.0017843808,0.020064743,0.003186351,0.0016912521,0.0362625,0.62196785,0.008038134,0.30700484,450,test
0.0010274407,0.00025686665,0.99823344,3.412812e-05,0.00018217665,4.7462883e-05,6.591467e-05,0.00015249981,451,test
0.0011134666,0.0003140332,0.99796474,3.9707724e-05,0.00019885412,5.5831133e-05,9.104258e-05,0.0002224225,452,test
0.0011517447,0.00017963778,0.99826753,3.636496e-05,8.890806e-05,4.738834e-05,7.4164556e-05,0.00015430784,453,test
2.15337e-06,5.492059e-05,0.00045831612,0.998895,0.00025392894,9.6356525e-06,0.000115557545,0.00021054481,454,test
0.97834057,0.004337794,0.013046462,0.0010170382,0.00067543,0.0008604447,0.0011281391,0.0005941007,455,test
0.0009439113,0.00020278833,0.998372,3.4428358e-05,0.00012337796,6.535118e-05,7.542031e-05,0.00018265602,456,test
0.00021672784,0.00031118665,1.3157768e-05,0.0008870359,6.739788e-05,1.5893003e-05,0.9981816,0.0003069421,457,test
0.99862933,0.0006245651,0.00046718007,2.8351998e-05,2.943489e-05,6.336242e-05,0.00011095314,4.6872083e-05,458,test
0.0008735617,0.00027008232,0.9983084,3.879071e-05,0.00019569298,7.051602e-05,6.1772625e-05,0.00018116152,459,test
0.00040568618,0.9979948,1.33445155e-05,6.699024e-05,0.0006231706,5.372155e-05,0.00037063326,0.0004716264,460,test
0.00068454666,0.0002836259,0.9983999,3.819868e-05,0.00019330486,7.358833e-05,6.610295e-05,0.00026076118,461,test
0.99832314,0.00045841583,0.0009302378,2.7036733e-05,2.7270313e-05,5.530536e-05,9.533871e-05,8.321739e-05,462,test
0.00096794724,0.0003926444,0.997875,5.8573656e-05,0.00027176834,9.9785015e-05,9.606624e-05,0.00023812543,463,test
0.0008346022,0.00024534314,0.9983943,3.293008e-05,0.0001601637,6.0086368e-05,6.538226e-05,0.00020717554,464,test
0.0012253766,0.00019317723,0.99821943,4.606201e-05,9.178505e-05,5.2773103e-05,5.4153123e-05,0.00011716534,465,test
0.99853814,0.0005580057,0.00066108565,2.8072838e-05,3.11787e-05,4.799306e-05,8.0080594e-05,5.5516834e-05,466,test
0.99860793,0.00044777934,0.00067878584,2.7431115e-05,2.5424108e-05,5.2456282e-05,7.312418e-05,8.704009e-05,467,test
0.00050611846,0.00024926153,0.9987006,3.2368283e-05,0.00022615901,5.684566e-05,5.2070372e-05,0.0001765413,468,test
0.0012812156,0.00022943823,0.9979673,4.9011916e-05,0.0001264161,6.283539e-05,0.000100073776,0.00018373833,469,test
0.0005296864,0.0003394368,0.99839044,4.0020346e-05,0.00030510125,9.651045e-05,6.2962405e-05,0.00023587776,470,test
0.0010621652,0.00029879968,0.99810374,3.5610177e-05,0.00016051154,5.572507e-05,7.735952e-05,0.00020605825,471,test
0.00036645916,0.00025471696,0.9988244,3.760653e-05,0.00021945518,8.506803e-05,4.859578e-05,0.00016371199,472,test
0.00087033235,0.00024225435,0.99842596,3.422042e-05,0.00015178669,3.7954524e-05,7.737135e-05,0.00016011028,473,test
0.00086683716,0.0001970774,0.9985474,3.0375251e-05,0.00012323922,3.5474965e-05,6.0794406e-05,0.00013876909,474,test
0.00085948955,0.00033686915,0.9981628,5.5180582e-05,0.00024028448,7.598163e-05,8.472734e-05,0.00018467754,475,test
0.00069210737,0.00016844526,0.9987155,2.897925e-05,0.000118081465,3.961942e-05,4.3254462e-05,0.00019409113,476,test
0.0007459556,8.388719e-05,0.9989089,2.6568494e-05,6.693596e-05,5.5736524e-05,2.7395747e-05,8.470145e-05,477,test
0.00079167855,0.00025308694,0.99842656,3.213781e-05,0.00016320367,6.206558e-05,5.3200984e-05,0.00021807555,478,test
0.00061466143,0.99709344,2.6905105e-05,0.00011736514,0.00073268724,0.00010663729,0.00077442825,0.000533868,479,test
0.9986008,0.0005466049,0.00055264507,3.1658874e-05,3.321038e-05,6.0588816e-05,9.620224e-05,7.827753e-05,480,test
0.0009251892,0.0003297824,0.9980773,5.0759896e-05,0.00024182658,9.2520684e-05,8.4567284e-05,0.00019808744,481,test
6.950457e-05,0.0020597402,3.6420653e-05,1.5097789e-05,0.0002358001,0.0001867942,5.6234145e-05,0.9973404,482,test
0.0011067714,0.022506045,0.0008641973,0.004142328,0.07762695,0.86800724,0.007770148,0.017976245,483,test
0.00084884715,0.9976724,1.198369e-05,7.995358e-05,0.0005324705,9.242707e-05,0.0004515878,0.00031036363,484,test
0.00094181474,0.00017336092,0.9984452,3.6043777e-05,9.345184e-05,4.478424e-05,7.414431e-05,0.00019117937,485,test
0.00079600315,0.00016765107,0.9986255,2.96149e-05,0.000120134835,3.743863e-05,6.796356e-05,0.00015565474,486,test
0.0008601806,0.00034007535,0.998095,4.2170603e-05,0.0002242144,9.537576e-05,6.858647e-05,0.0002744825,487,test
2.3471366e-05,0.0016006259,1.559203e-05,5.9629815e-06,0.000171058,8.7855995e-05,3.3603486e-05,0.99806184,488,test
0.00089112663,0.00043613664,0.99797124,4.5529207e-05,0.00025926784,7.892087e-05,7.4968244e-05,0.00024285333,489,test
0.99848974,0.00059516734,0.0005678236,3.1172345e-05,2.8039663e-05,8.450716e-05,0.000105855106,9.760008e-05,490,test
0.0006690169,0.0003365949,0.9982261,3.854543e-05,0.0003120996,9.254524e-05,6.834982e-05,0.00025680818,491,test
0.0006197168,0.00023370089,0.998596,3.75881e-05,0.00016924788,6.337856e-05,5.7047153e-05,0.00022330561,492,test
0.0009724748,0.0001977761,0.998374,3.8147995e-05,0.00011335575,5.07669e-05,7.462166e-05,0.00017884493,493,test
0.00073779444,0.00020136524,0.99862874,2.8789153e-05,0.000130368,4.5806482e-05,5.7938127e-05,0.00016914128,494,test
0.00047330165,0.00029192615,0.99857795,4.6868197e-05,0.00028524286,7.957318e-05,6.137416e-05,0.00018379115,495,test
2.3696673e-05,0.00033492324,9.879661e-05,6.983463e-05,0.00019683348,0.99809176,6.6845685e-05,0.0011172016,496,test
0.00069605536,0.00027879,0.99842787,4.038027e-05,0.00020183784,7.56482e-05,6.033565e-05,0.00021914116,497,test
0.00055713195,0.00017024914,0.99887127,2.2610719e-05,0.00014914737,4.108972e-05,4.685662e-05,0.00014155345,498,test
0.0021141828,0.00044535822,0.99603325,0.00025857714,0.00030721675,0.0003152517,0.00021837887,0.00030778567,499,test
0.00069252495,0.00029428126,0.9984022,4.6802823e-05,0.00024937387,8.4247404e-05,6.563692e-05,0.00016494244,500,test
0.00061825226,0.00027777793,0.99852633,4.2162283e-05,0.00023624377,6.9691545e-05,5.7565623e-05,0.0001717976,501,test
9.845416e-06,0.0004836153,6.7197616e-06,1.304572e-05,0.99887604,3.039661e-05,6.0891136e-05,0.00051939255,502,test
0.00093259884,0.00033611854,0.9981042,4.878862e-05,0.00022037014,8.085345e-05,8.6350214e-05,0.00019070662,503,test
0.00021140536,0.0032248492,3.1117233e-05,9.782516e-05,0.0006479398,0.00061511085,0.00040734993,0.99476445,504,test
0.9982895,0.0004895464,0.0009622101,2.6652815e-05,3.800015e-05,6.6963075e-05,7.555057e-05,5.166059e-05,505,test
0.00072657946,0.00021421375,0.99861777,3.3647866e-05,0.0001594577,4.7755126e-05,6.22808e-05,0.00013828304,506,test
0.0011864493,0.00020490486,0.9981078,4.6449797e-05,0.0001397875,5.6613208e-05,9.0347625e-05,0.00016776804,507,test
0.5251977,0.0027912757,0.46832734,0.0008184838,0.0011137415,0.0005478267,0.0006646124,0.00053900795,508,test
0.00080654497,0.00015799562,0.9985417,4.260301e-05,0.00013207248,5.6373985e-05,8.332853e-05,0.00017943777,509,test
0.0009125549,0.00029336644,0.9982492,3.8757862e-05,0.00018571583,6.9589725e-05,6.181887e-05,0.00018909252,510,test
9.345518e-05,0.00069699006,0.00020709372,8.927673e-05,0.00034586448,0.99630827,0.00025194162,0.0020070635,511,test
0.99788,0.0005993278,0.0012139871,2.5062722e-05,2.9206798e-05,7.738562e-05,8.735479e-05,8.757892e-05,512,test
0.0012298382,0.04889426,0.0027395575,0.002636853,0.62268287,0.2511729,0.005123017,0.06552077,513,test
0.0007889833,0.00036452655,0.998014,5.8307367e-05,0.00036923698,0.00010402196,9.305183e-05,0.00020794643,514,test
0.0017826048,0.00043301744,0.9968867,8.47038e-05,0.00032147413,0.00012660345,0.00011327673,0.00025172895,515,test
0.0012422673,0.0008144844,0.9962741,0.00011472797,0.0007399815,0.00016610499,0.00019356071,0.00045486083,516,test
0.9926548,0.002164135,0.003557648,0.00027237117,0.00015668146,0.0003379617,0.00036041753,0.000496091,517,test
0.0015851753,0.00043513617,0.9970578,6.9723304e-05,0.00028293362,8.88998e-05,0.0001085698,0.00037185103,518,test
0.9941121,0.0008427981,0.004485658,9.115179e-05,9.898453e-05,0.00013506957,0.000116393945,0.00011794095,519,test
0.000826099,0.00026268198,0.9982167,5.242063e-05,0.00024980976,7.4525495e-05,7.654381e-05,0.00024127477,520,test
0.9965816,0.0011628184,0.001293387,0.00011181894,6.079143e-05,0.00027925443,0.0002336872,0.00027655164,521,test
0.99722457,0.00065931305,0.0016875953,2.2335873e-05,4.130431e-05,0.00010240879,0.00013634004,0.00012624444,522,test
0.0009524064,0.000824353,0.9968268,9.688722e-05,0.0006368509,0.0001245228,0.00015993345,0.00037819042,523,test
0.9975777,0.0006245343,0.0013918284,3.7579935e-05,4.4494096e-05,9.981847e-05,0.00011979244,0.000104330196,524,test
0.0012818561,0.0038760842,0.00044495714,6.0166396e-05,0.00033024428,0.00022274193,0.0002190374,0.9935649,525,test
0.0012437018,0.00064147526,0.99672556,0.00011001719,0.0005130363,0.00015196943,0.00015615522,0.00045803987,526,test
7.548714e-05,0.99916244,2.6286239e-06,8.2324164e-05,0.00036806992,3.2963773e-05,0.00017835858,9.773906e-05,527,test
0.0008310957,0.00056639034,0.9974395,8.171416e-05,0.0004340069,0.00012361366,0.0001418069,0.00038179458,528,test
1.0532297e-05,0.0016220439,2.4271098e-05,0.00013619196,0.99747425,7.379025e-05,0.00021106501,0.0004477992,529,test
0.00080761896,0.00032796513,0.99808085,6.815185e-05,0.00027767092,9.671636e-05,8.884906e-05,0.0002520557,530,test
0.9968983,0.00054153346,0.0022001606,3.484642e-05,3.7949543e-05,8.410311e-05,9.595226e-05,0.00010726003,531,test
0.009804074,0.94454104,0.0028271812,0.002226133,0.02629302,0.0011431132,0.009962162,0.0032032158,532,test
0.0009819291,0.00045135606,0.99758506,6.9256326e-05,0.0003881552,9.282876e-05,0.00013110369,0.00030035985,533,test
7.79896e-05,0.0011994989,1.3360872e-05,6.1714354e-06,0.00015095093,6.4886044e-05,3.310265e-05,0.998454,534,test
0.9962174,0.00057784864,0.0027368506,5.206926e-05,4.6496738e-05,9.740044e-05,0.00011957891,0.00015228924,535,test
0.00084996707,0.00035477697,0.9979931,6.3716834e-05,0.0002859419,8.034547e-05,0.00011082948,0.00026129658,536,test
0.0010567416,0.00032902462,0.9976878,8.437803e-05,0.00030560355,9.881457e-05,0.00013561785,0.00030195934,537,test
0.0013628474,0.000755055,0.9962308,9.875122e-05,0.00068069424,0.00015381425,0.00019024832,0.00052783726,538,test
0.99812144,0.0007296773,0.0008904791,2.8894587e-05,3.529741e-05,5.6887406e-05,5.9811395e-05,7.7464756e-05,539,test
0.0001561297,0.0023886582,2.3905368e-05,1.6193564e-05,0.00016430367,5.8392503e-05,6.0391794e-05,0.99713206,540,test
0.009971358,0.023227412,0.013689962,0.0053146477,0.011036277,0.9046882,0.015207449,0.016864734,541,test
0.0010520536,0.00021764106,0.99815685,4.4246077e-05,0.00016890359,6.466692e-05,9.861018e-05,0.00019697251,542,test
0.0010891616,0.00030613499,0.9979323,5.4369546e-05,0.00026442003,5.8524027e-05,0.00010251079,0.00019256938,543,test
0.0010797903,0.00072092854,0.99672663,0.00011578859,0.00058272766,0.00017751922,0.00020008115,0.00039649633,544,test
0.0010112607,0.00042655485,0.9975466,7.30896e-05,0.00037258066,9.173358e-05,0.00012856601,0.00034955985,545,test
0.0016059394,0.0005537165,0.0001432596,0.0026276698,0.0008880532,0.00024594253,0.9921761,0.0017593049,546,test
0.00034017698,0.002132992,0.0002654115,0.00013165374,0.0006072746,0.98598653,0.001644169,0.008891804,547,test
0.0054780445,0.00027183563,0.99384767,4.4985743e-05,8.337091e-05,6.0874478e-05,5.1386356e-05,0.00016188111,548,test
0.99641705,0.0009486778,0.0021543398,4.3810098e-05,6.0394028e-05,8.935436e-05,0.00017091457,0.00011549316,549,test
0.9981629,0.00058006344,0.000894761,3.3223976e-05,3.5290832e-05,8.2233746e-05,0.0001466744,6.477052e-05,550,test
0.00082308875,0.00020539948,0.99848205,4.7186677e-05,0.0001551799,6.3701984e-05,7.377631e-05,0.00014955833,551,test
7.5337986e-05,0.00057395233,0.00035643767,0.00014529769,0.0003829673,0.9971054,0.0001178295,0.0012426412,552,test
0.0010127644,0.00029166823,0.9980363,5.501555e-05,0.00023033415,7.179686e-05,9.208547e-05,0.00021007394,553,test
5.118527e-05,0.000506489,0.00010018513,0.00011843686,0.00018555386,0.9981654,0.00010692534,0.000765724,554,test
0.9970794,0.00093224284,0.001532152,5.491171e-05,5.6820532e-05,0.00012887325,0.00012522441,9.035341e-05,555,test
0.00096634316,0.0002698725,0.99810565,5.4599743e-05,0.00019104457,7.199815e-05,9.685362e-05,0.00024369487,556,test
0.9979121,0.00056820415,0.0011022098,4.2592073e-05,3.634192e-05,0.00010607543,0.00012757015,0.000104921935,557,test
0.0013638503,0.00079522224,0.9963946,8.349469e-05,0.00057631615,0.000140059,0.00016785454,0.0004786255,558,test
0.0015593106,0.0011324834,0.9952833,0.00013110216,0.00093024195,0.00017964524,0.00022202275,0.00056187424,559,test
0.99749595,0.00077426963,0.0013273259,3.015167e-05,3.8686387e-05,8.645179e-05,0.000107769265,0.00013936727,560,test
0.00114707,0.00096661015,0.9960439,0.00013447624,0.00087010395,0.00017761209,0.00020413882,0.0004562183,561,test
0.0008814591,0.0004315006,0.9978163,6.9132526e-05,0.00038323706,9.020297e-05,0.00010003258,0.00022808461,562,test
0.0012105021,0.000408414,0.9975146,7.160386e-05,0.00031865595,8.580173e-05,0.00013489409,0.00025563856,563,test
0.0011857308,0.00030323525,0.9977996,6.217153e-05,0.00022412089,9.046154e-05,8.766563e-05,0.00024697208,564,test
0.0007019244,0.00039497085,0.99807394,6.3956024e-05,0.0003487057,0.00010205116,8.337883e-05,0.0002310235,565,test
0.0012360031,0.00042519247,0.9972785,9.0717454e-05,0.00034095097,0.00013812314,0.00016673928,0.0003236471,566,test
0.0010988116,0.000520527,0.9972934,7.678388e-05,0.00044780746,9.5533935e-05,0.00014073106,0.00032631797,567,test
0.9978967,0.0006406168,0.00088567345,4.0794086e-05,3.627339e-05,0.0001477642,0.00012946925,0.000222669,568,test
0.996572,0.00089439965,0.002017681,5.673532e-05,6.0605606e-05,0.00010374247,0.00016512361,0.00012964002,569,test
0.99428374,0.001065061,0.004092777,5.2653388e-05,6.27283e-05,0.000119363875,0.000105450636,0.00021818517,570,test
0.0009604376,0.00019821244,0.9983053,5.5263616e-05,0.00018831814,9.8518714e-05,6.678091e-05,0.00012708663,571,test
8.049642e-05,0.00069332495,0.00010000693,0.00012171255,0.00035803393,0.99735594,0.00019448032,0.0010960827,572,test
0.0010001053,0.00046075712,0.99752027,8.252935e-05,0.00039692214,8.735929e-05,0.00015231065,0.00029976407,573,test
0.0012777506,0.00092624885,0.9962171,0.00012691117,0.00066889473,0.00014702827,0.00019959247,0.00043643714,574,test
3.4239067e-06,0.0006765043,5.260091e-06,2.432165e-05,0.99891424,2.3783241e-05,8.1514074e-05,0.00027092645,575,test
0.00073353003,0.00037128266,0.9980253,6.5565415e-05,0.00026876436,9.2126706e-05,0.00010267298,0.00034088362,576,test
0.00106725,0.00044576472,0.9975273,8.5706815e-05,0.00038285373,0.00012824587,0.00012551495,0.00023729131,577,test
0.0001228653,0.0019299503,2.389062e-05,1.3439805e-05,0.00019188772,0.00011421471,5.2379648e-05,0.9975514,578,test
0.14469665,0.8361936,0.0016083849,0.0011391666,0.003423752,0.0037634613,0.0064655757,0.0027093953,579,test
0.0015689195,0.0003294416,0.9971609,9.3215014e-05,0.00026014837,0.00012961362,0.00014154534,0.00031614237,580,test
0.987701,0.002198453,0.008585183,0.00024052999,0.00023048064,0.00034833048,0.0004641221,0.00023195294,581,test
0.00091355655,0.00057070603,0.99723464,8.809255e-05,0.0005534111,0.00012714285,0.00015273593,0.00035971144,582,test
0.9973242,0.00077969214,0.0012965074,5.1870033e-05,5.1852825e-05,0.00014846642,0.00015159606,0.00019582268,583,test
0.99818546,0.0004793833,0.0010733961,3.083917e-05,3.2707132e-05,6.109314e-05,7.826639e-05,5.889917e-05,584,test
0.00095313974,0.00018556367,0.9983163,4.5824654e-05,0.00017715526,5.996066e-05,7.746104e-05,0.00018460344,585,test
0.0016576014,0.00029513356,0.99737954,4.320632e-05,0.00016018991,7.350413e-05,0.00010916432,0.00028162295,586,test
0.0009442447,0.0004976586,0.9975319,7.34722e-05,0.00034581698,0.00013463231,0.000116970026,0.0003552397,587,test
0.0001252266,0.0022093775,2.4125939e-05,1.2091366e-05,7.422721e-05,7.236806e-05,6.7405505e-05,0.9974152,588,test
0.0010871525,0.00031038543,0.99790716,6.1173036e-05,0.00022395446,8.479115e-05,9.414857e-05,0.0002313074,589,test
0.0011113526,0.00086185604,0.99623954,0.00014602438,0.00071506924,0.00021869966,0.000227539,0.0004799173,590,test
0.00396008,0.00437587,0.0032118906,0.012694687,0.0053341454,0.0024349554,0.9627406,0.0052478444,591,test
0.9906309,0.0012292903,0.0072286855,8.0347454e-05,0.0001413532,0.000247979,0.0002543368,0.00018702305,592,test
0.997163,0.00071907084,0.0016446592,4.1600095e-05,5.475149e-05,0.00011832684,0.00010749397,0.00015103392,593,test
0.00010702497,0.0018473263,4.1065436e-05,1.5940157e-05,0.00016411174,8.8918925e-05,5.232022e-05,0.9976833,594,test
0.9982875,0.0005198378,0.00088938803,2.6751108e-05,2.6011874e-05,7.2937146e-05,9.3445284e-05,8.407497e-05,595,test
0.99772614,0.0005559569,0.0013994944,3.7613965e-05,3.2106753e-05,8.0824204e-05,9.498612e-05,7.29526e-05,596,test
0.0007819501,0.00056354207,0.9975552,7.905946e-05,0.00043351718,0.00014691705,0.00011299339,0.00032686305,597,test
0.0009543923,0.00015630909,0.99837863,4.2550262e-05,0.00014524203,6.871886e-05,5.6465928e-05,0.00019775797,598,test
0.3100847,0.01022562,0.6015226,0.008844095,0.012921127,0.032983463,0.012130996,0.011287312,599,test
0.99737346,0.0007041119,0.0015179634,5.037157e-05,4.704631e-05,0.00010672146,0.00010170661,9.854453e-05,600,test
0.0010069577,0.00046606033,0.9975159,7.59973e-05,0.00039531456,0.00011398475,0.00012252232,0.00030329768,601,test
0.9967452,0.00072795484,0.002078391,4.2796604e-05,4.3874672e-05,0.00011872785,9.881607e-05,0.00014431543,602,test
0.9969791,0.0008122231,0.0018046426,2.9948185e-05,4.4236876e-05,8.666844e-05,0.00011083002,0.00013235516,603,test
0.9952389,0.0010222248,0.0032964556,3.0145824e-05,5.1651023e-05,9.044916e-05,0.000102098194,0.00016802482,604,test
0.9976992,0.00064934616,0.0013085848,3.228883e-05,3.807349e-05,8.306709e-05,8.60584e-05,0.000103412596,605,test
0.9978478,0.00053030683,0.0012998442,2.4022685e-05,3.5318237e-05,8.000905e-05,9.232817e-05,9.03783e-05,606,test
0.9973761,0.0006525988,0.0015678064,5.2223266e-05,4.5832654e-05,9.363825e-05,9.405236e-05,0.000117878466,607,test
0.0013190164,0.00089911156,0.9960234,0.00013768264,0.00074299396,0.00017084723,0.0002016806,0.00050526817,608,test
0.99765885,0.00054421375,0.0014326357,2.3597539e-05,3.3133558e-05,8.042057e-05,0.00012449214,0.0001025753,609,test
4.9056565e-05,0.0005875242,7.8100995e-05,8.2091006e-05,0.00031683614,0.99815184,8.604671e-05,0.00064844056,610,test
0.0008112556,0.00045638197,0.9977602,7.416526e-05,0.00048050776,7.1384464e-05,0.00012511492,0.00022100122,611,test
0.9976851,0.0007827612,0.0010545113,5.3175216e-05,4.4513275e-05,0.00015093743,0.00012614,0.00010295994,612,test
9.044367e-05,0.001192934,8.699035e-05,8.538855e-05,0.0005159553,0.99565023,0.00047872405,0.0018992994,613,test
0.00046053762,0.0002470215,0.9987484,6.223035e-05,0.00022620671,5.5523917e-05,5.9513164e-05,0.00014049916,614,test
0.55127513,0.4308265,0.0054957275,0.0010474237,0.0018209387,0.0033575764,0.0035784189,0.002598247,615,test
0.0002046716,0.999154,4.3600267e-06,3.5528315e-05,0.00030744923,2.3408304e-05,0.00019523418,7.5357464e-05,616,test
0.0011228425,0.0006539843,0.99699116,0.00010186543,0.00044905563,0.00015539052,0.00014782527,0.00037783547,617,test
0.0009417149,0.00032830826,0.9980128,5.488586e-05,0.0002404911,7.09833e-05,0.00011409713,0.00023674955,618,test
0.99684274,0.0007850022,0.0018653068,6.9642745e-05,5.3639327e-05,0.00010827737,0.00016634598,0.00010907769,619,test
0.0014260893,0.00054756,0.9968387,8.802651e-05,0.00039789118,0.00015763172,0.00013735176,0.0004067805,620,test
0.99695134,0.0009614291,0.0016315342,4.0697334e-05,4.615753e-05,9.383952e-05,0.00015113024,0.00012382318,621,test
0.99814034,0.00054718385,0.000957037,3.5389996e-05,3.1544336e-05,9.553158e-05,8.9431596e-05,0.00010347084,622,test
0.0011198065,0.00037268354,0.99773395,5.2273303e-05,0.00029086805,9.34316e-05,8.80759e-05,0.00024884197,623,test
0.6067587,0.0067635337,0.3450514,0.0040268023,0.0046213726,0.013048047,0.009238299,0.010491777,624,test
0.00013436306,0.0018992798,3.640555e-05,1.2018278e-05,0.00022533596,0.00013861431,9.254483e-05,0.9974613,625,test
0.99747723,0.00072990207,0.0013346452,3.932929e-05,4.6231362e-05,0.00010156636,0.00014564452,0.00012544093,626,test
0.0009740215,0.0006256619,0.99712986,7.1138944e-05,0.0006101793,0.00012854637,0.000121568155,0.00033905674,627,test
0.0010154151,0.00036476203,0.99776244,7.3248906e-05,0.00032730284,0.000108929045,9.9836485e-05,0.00024809482,628,test
0.0016973384,0.0012585024,0.9947748,0.00017496459,0.00093424064,0.00016523014,0.00025274826,0.0007422378,629,test
0.001361278,0.0005156944,0.99713033,8.5338776e-05,0.00036756523,9.392881e-05,0.00016984157,0.00027604314,630,test
0.0008066159,0.00033154694,0.99809974,5.401856e-05,0.00026346275,8.424197e-05,0.00010225214,0.00025808593,631,test
0.9964928,0.0011066298,0.0014304986,0.00012339214,6.323193e-05,0.00024578668,0.00021565807,0.00032192498,632,test
0.0014961644,0.00067653495,0.9965611,8.629955e-05,0.00051077333,0.00010399214,0.00016984146,0.00039520234,633,test
0.0009469949,0.0004842763,0.99761534,6.4295e-05,0.00038986353,9.541661e-05,0.00010207374,0.00030183318,634,test
0.0008710944,0.000553944,0.99743456,8.59511e-05,0.0004954614,7.759846e-05,0.00014755261,0.0003337915,635,test
0.00020294588,0.9991229,5.4643633e-06,6.338812e-05,0.00032423483,2.4443263e-05,0.00020006568,5.649196e-05,636,test
3.338512e-05,0.00040973487,0.00012998852,0.00012914163,0.0003033415,0.9981939,7.136388e-05,0.00072919775,637,test
0.0009991507,0.0004911597,0.9975146,7.2590934e-05,0.00035938152,0.000109287976,0.0001284625,0.00032538618,638,test
0.0011964741,0.00039958555,0.99743134,7.900902e-05,0.0003411839,0.00010928239,0.00012334205,0.00031987307,639,test
0.0009677254,0.0004334989,0.9979023,4.8634935e-05,0.00019909347,6.8865855e-05,0.00010184519,0.00027805578,640,test
0.0009423794,0.0002784152,0.99819106,3.0829287e-05,0.00017642447,6.496759e-05,6.463782e-05,0.0002513159,641,test
0.9957924,0.0008183192,0.0029941497,2.0881023e-05,5.0051913e-05,0.0001012461,9.565406e-05,0.00012717079,642,test
0.9940864,0.0014034817,0.0037132816,3.888753e-05,5.219492e-05,0.0001359552,0.00027920603,0.00029066604,643,test
0.00083652814,0.0004601041,0.9978878,4.7501002e-05,0.00025096108,0.00010798839,8.3402236e-05,0.00032576255,644,test
0.00093484443,0.0007886758,0.9970329,6.0787876e-05,0.00043284768,0.00016045498,0.00011623736,0.0004733386,645,test
0.0011121653,0.00019659183,0.9982906,3.2489683e-05,0.00011048308,4.894813e-05,6.8703885e-05,0.00014003688,646,test
0.0006205741,0.00044964833,0.9980909,5.3452084e-05,0.00034736405,8.1312384e-05,9.779546e-05,0.00025895395,647,test
0.0014643589,0.00049965264,0.9972395,5.7204306e-05,0.00028389934,0.00010099081,9.744515e-05,0.00025695056,648,test
0.0007294477,0.000424062,0.9981723,4.3344793e-05,0.00026410885,5.7198322e-05,9.3505456e-05,0.00021601023,649,test
0.0054105227,0.0006080343,0.99289036,0.00014960303,0.00020599827,0.00021714966,0.00019716813,0.0003212142,650,test
0.987678,0.00088666304,0.010656403,9.889389e-05,0.00013113263,0.0002052634,0.00020641551,0.00013719234,651,test
0.000866204,0.0004787359,0.9978808,5.215918e-05,0.0003026154,6.852907e-05,9.970331e-05,0.00025129435,652,test
0.0009721561,0.00078046997,0.9968346,6.793763e-05,0.00047302965,0.00015778611,0.00016625422,0.00054776034,653,test
0.99653494,0.0011227714,0.0018327577,2.7081742e-05,4.4673157e-05,9.695996e-05,0.00012546199,0.0002153669,654,test
0.0009078028,0.0005161289,0.9976598,5.505771e-05,0.00031229315,9.4635056e-05,0.00011413033,0.00034012276,655,test
0.0006816585,0.0005266927,0.9979894,4.2879165e-05,0.00025306272,8.939437e-05,6.6961264e-05,0.00034993753,656,test
0.9979734,0.00072792365,0.0009472201,1.6903003e-05,3.974288e-05,7.8081364e-05,0.0001244445,9.2283706e-05,657,test
0.0010736116,0.00082728337,0.99676764,8.917328e-05,0.0005267492,0.00014117076,0.00013830276,0.00043614084,658,test
0.0008847006,0.0007463623,0.9972379,7.292121e-05,0.00043383834,0.00011254101,0.000109511464,0.00040228796,659,test
0.9980604,0.0005364734,0.0010887146,1.725901e-05,1.6936137e-05,5.9637045e-05,9.199167e-05,0.00012853366,660,test
0.0013990414,0.001168353,0.9955966,5.6389777e-05,0.00062671927,0.0001943427,0.00017143258,0.0007873143,661,test
0.9942767,0.0007573116,0.0045647044,3.262942e-05,4.654866e-05,7.626044e-05,0.00011159884,0.00013427388,662,test
0.0007558305,0.00053261203,0.9976891,5.7395984e-05,0.00035672184,0.00012051068,9.6086456e-05,0.0003917844,663,test
0.00094267033,0.0007395838,0.99710697,5.649655e-05,0.0005080274,9.4599025e-05,0.00015758334,0.00039405812,664,test
8.968324e-05,0.99939513,3.3750077e-06,9.2236616e-05,0.00013190745,4.1157873e-05,0.00016187428,8.467886e-05,665,test
0.9934144,0.0010367545,0.0050877826,3.9278555e-05,6.903041e-05,8.789319e-05,0.00014113933,0.00012365587,666,test
1.0583155e-06,0.0002308527,3.0128542e-06,7.639197e-06,0.9995776,8.590325e-06,2.3539811e-05,0.00014774839,667,test
0.9972983,0.00089157134,0.0015028891,2.2509284e-05,3.040877e-05,4.7404945e-05,9.153547e-05,0.000115403316,668,test
0.9970902,0.0009039969,0.001567141,3.010993e-05,4.0094827e-05,8.6804845e-05,0.00011799695,0.00016364672,669,test
0.0006090669,0.00033510278,0.99846065,3.46186e-05,0.0002651392,5.4406533e-05,6.059343e-05,0.00018043802,670,test
0.0011870208,0.00034436566,0.9978721,4.089221e-05,0.00016354497,7.2025454e-05,8.5674976e-05,0.00023434512,671,test
0.9949858,0.0015205382,0.0029646785,5.6867695e-05,5.67726e-05,9.886116e-05,0.00019082666,0.00012560668,672,test
0.9985545,0.00042217894,0.0008078832,1.7149738e-05,1.9723742e-05,5.3590607e-05,7.260219e-05,5.2298983e-05,673,test
0.9954496,0.0006980064,0.0035296762,3.246424e-05,4.065429e-05,6.9118156e-05,8.755604e-05,9.294958e-05,674,test
0.00075514853,0.00055273937,0.9976954,5.5133813e-05,0.00038899266,7.941631e-05,0.00010737304,0.0003658033,675,test
0.001595688,0.0011172729,0.99564976,7.0583614e-05,0.0006300734,0.00010764184,0.00022659377,0.00060238503,676,test
0.9362244,0.035374153,0.01614565,0.0007238953,0.0015373124,0.003942039,0.0025853617,0.0034672064,677,test
0.00082323496,0.00050565205,0.9977436,5.145037e-05,0.00028906701,9.0938236e-05,0.00012154244,0.00037445922,678,test
0.0014898798,0.00046384704,0.99731284,5.1107716e-05,0.00019599046,8.169468e-05,0.00010871975,0.00029596468,679,test
0.00073965243,0.0005260205,0.9979017,4.7101177e-05,0.00034869203,8.706999e-05,9.4231335e-05,0.00025554514,680,test
0.19379348,0.0042666825,0.7982856,0.00037141185,0.00072723307,0.0005130975,0.0007761804,0.0012663447,681,test
1.1589172e-05,0.0002004253,1.1543726e-05,3.3890094e-05,7.7476565e-05,0.99934417,3.9338775e-05,0.00028152158,682,test
0.99560827,0.0010727085,0.0027587072,3.0870076e-05,4.284349e-05,0.00010683374,0.00020331529,0.00017647517,683,test
0.99800915,0.00054133276,0.0012399245,1.3907183e-05,2.43221e-05,5.0187926e-05,7.106092e-05,5.0222206e-05,684,test
0.99778455,0.0005796243,0.0012770569,3.907931e-05,2.9628927e-05,9.783521e-05,0.0001030825,8.9156376e-05,685,test
0.99525523,0.0011533947,0.0031392612,3.3332803e-05,5.7177444e-05,8.687809e-05,0.00012546156,0.00014933854,686,test
0.00020576449,0.9993944,2.7275098e-06,4.299186e-05,8.9425084e-05,2.9125446e-05,0.00015885576,7.675091e-05,687,test
0.99536985,0.0008432968,0.0030863995,5.3009793e-05,8.1112434e-05,0.00017125452,0.00024817899,0.00014673118,688,test
0.000925474,0.00050125323,0.99761546,6.639026e-05,0.00033554842,8.319187e-05,0.00011054143,0.00036199213,689,test
0.99314535,0.003868523,0.0015979575,6.2762214e-05,9.9899866e-05,0.00032166336,0.00037638244,0.0005274884,690,test
0.99582857,0.0009959382,0.0028493453,1.8424613e-05,3.3692057e-05,5.9809423e-05,7.149279e-05,0.00014276354,691,test
0.0011525609,0.0005936011,0.99729913,6.367009e-05,0.00025594482,0.00010154348,0.00011443809,0.0004191526,692,test
0.0010818609,0.00083775027,0.9968533,7.3606956e-05,0.0004991972,0.00012732108,0.00015218386,0.000374711,693,test
8.357171e-06,0.00014668629,2.1754808e-05,5.6089662e-05,6.305464e-05,0.9994041,1.9467361e-05,0.00028062199,694,test
0.99442214,0.002160672,0.0021882514,0.0001447008,7.096743e-05,0.00020441024,0.0002709489,0.0005378848,695,test
0.9756083,0.0018232462,0.02113804,0.00022594791,0.00022109493,0.00033733275,0.00022437201,0.0004216748,696,test
0.9981188,0.0006277604,0.00095076126,2.307396e-05,3.207317e-05,6.612607e-05,9.444863e-05,8.689547e-05,697,test
0.0010098404,0.00048695944,0.99771106,5.9916656e-05,0.00020579752,8.131679e-05,0.000106456355,0.00033864102,698,test
0.0015426741,0.0030781433,0.99137187,0.00023392067,0.0009278037,0.00067143247,0.00046009052,0.0017141608,699,test
0.0010117276,0.00035029187,0.99803,4.512825e-05,0.00020590729,5.2777377e-05,7.8048506e-05,0.00022619517,700,test
0.0007634163,0.00043406736,0.9980546,4.074128e-05,0.0002974297,7.338468e-05,8.628451e-05,0.00025010316,701,test
0.000972537,0.00036084838,0.9979905,5.1358915e-05,0.0001698957,5.869995e-05,0.000104211445,0.000291937,702,test
1.7139046e-05,0.00015672176,5.050438e-05,2.8025042e-05,6.28183e-05,0.9991328,3.7816368e-05,0.0005141572,703,test
0.0012541799,0.0006655676,0.997077,6.518623e-05,0.00026470763,0.000103521896,0.00012253769,0.0004472513,704,test
0.99645543,0.00083746744,0.0021594046,5.9400936e-05,3.792245e-05,0.000110385525,0.00017631297,0.00016370637,705,test
0.0011361428,0.00060256734,0.99725085,5.9063404e-05,0.00027502695,0.00010594521,0.00011854239,0.0004518637,706,test
0.0014013246,0.00016347817,0.9981287,2.9298368e-05,7.090919e-05,5.0859813e-05,2.6515483e-05,0.00012894934,707,test
0.0009385246,0.00042058405,0.9979673,4.8928643e-05,0.00016744329,6.668474e-05,9.8848475e-05,0.00029167504,708,test
0.99522865,0.002214825,0.0020666395,2.2835964e-05,4.0202125e-05,6.887332e-05,0.00015901568,0.00019894142,709,test
0.00092950213,0.0008358072,0.99717134,7.242271e-05,0.00037277828,0.00013156224,0.00012510024,0.00036161346,710,test
0.0010838917,0.00042272225,0.9978192,4.7377987e-05,0.00025721567,8.118047e-05,9.787594e-05,0.00019050004,711,test
0.000573883,0.00059200905,0.9980404,5.0264312e-05,0.00032913336,7.999519e-05,8.732343e-05,0.00024704039,712,test
0.99457103,0.0012957513,0.0036920402,2.1917484e-05,4.3112323e-05,7.164069e-05,9.737115e-05,0.00020716997,713,test
0.9906928,0.0010852024,0.0073711257,7.4130425e-05,0.00013520285,0.0001844727,0.00024283957,0.00021420053,714,test
0.9957497,0.0008225546,0.0030371328,3.945655e-05,3.674638e-05,7.43994e-05,6.931778e-05,0.00017065472,715,test
0.0012197688,0.0006190121,0.99721307,6.945143e-05,0.00026767448,0.00010917047,0.00012656691,0.00037528443,716,test
2.4488347e-05,0.0005855934,8.835028e-06,4.2046076e-06,4.1337506e-05,2.0630263e-05,1.0772011e-05,0.9993042,717,test
0.99796677,0.0007928617,0.000984293,2.0612184e-05,2.7903101e-05,5.0703817e-05,7.6477656e-05,8.0305654e-05,718,test
0.0011832098,0.0006793235,0.99708074,6.614795e-05,0.0002931824,0.00011070547,0.0001356829,0.0004509496,719,test
0.0016474786,0.00038857694,0.9969875,8.742269e-05,0.000120033685,0.00018428409,8.786996e-05,0.0004968795,720,test
2.1856891e-05,0.0006652803,6.965774e-05,1.1341903e-06,7.0267975e-05,9.60442e-05,7.1933264e-06,0.99906856,721,test
0.99713445,0.0008704787,0.001633849,2.8537606e-05,4.2611475e-05,7.808064e-05,0.00010289928,0.000109131775,722,test
0.0007274204,0.0015685735,0.0004986535,3.5135396e-05,0.00043709535,0.00028878433,8.214067e-05,0.99636215,723,test
0.0010260346,0.00054421806,0.99750406,5.5154687e-05,0.0003471838,9.3058225e-05,0.00011089927,0.00031937085,724,test
0.0010876385,0.00021682103,0.9982633,6.184835e-05,0.00010202001,9.7857606e-05,5.591328e-05,0.00011457703,725,test
0.0008923514,0.0005801122,0.99757653,6.532259e-05,0.0002819659,0.00010623097,0.00010937098,0.00038811448,726,test
0.99822253,0.00072553556,0.0007383269,1.87387e-05,2.566152e-05,7.620854e-05,0.00012511181,6.78169e-05,727,test
0.99793017,0.00069951423,0.0010858787,1.6049655e-05,2.8608194e-05,6.618915e-05,0.000109424356,6.4223175e-05,728,test
0.00087292684,0.0005547264,0.9976942,5.81567e-05,0.00034130327,0.000109200955,9.661576e-05,0.00027294396,729,test
0.001289303,0.0010416756,0.996176,9.700659e-05,0.0006252763,0.00014173078,0.00016893774,0.0004600116,730,test
0.0010507078,0.00084677764,0.9971463,6.356044e-05,0.00030047723,0.00011685113,0.00011528421,0.000360014,731,test
0.9354058,0.0020942925,0.06053547,0.00033272651,0.00026692197,0.00035900844,0.0005171938,0.00048856443,732,test
0.0013160103,0.00022708667,0.997903,6.775022e-05,0.00012395118,0.00010883317,9.833973e-05,0.00015497311,733,test
0.99837375,0.0005074013,0.00088578893,1.4582138e-05,2.340926e-05,5.8195423e-05,7.035713e-05,6.6436165e-05,734,test
0.9807134,0.0015987293,0.016331902,9.33119e-05,0.0002852448,0.0002785704,0.00034954824,0.00034924288,735,test
0.0011757376,0.0009188895,0.9964663,7.570268e-05,0.00062571623,0.0001323229,0.00014080557,0.0004646573,736,test
0.9951702,0.00078977743,0.003599007,5.0989358e-05,5.4776418e-05,0.000104987485,0.0001414167,8.884487e-05,737,test
5.064416e-05,0.00088639144,2.3041606e-05,6.102321e-06,5.0413004e-05,5.6020777e-05,2.5053398e-05,0.9989023,738,test
0.00086567504,0.00052936,0.9978023,4.2457334e-05,0.0003062499,7.177078e-05,9.621217e-05,0.0002859265,739,test
0.0008874232,0.0003709366,0.99803895,4.0937797e-05,0.00022988554,6.815548e-05,0.00011474874,0.00024903985,740,test
0.00048921426,0.00036232872,0.9984627,3.220961e-05,0.00035183475,4.750974e-05,6.254717e-05,0.00019181079,741,test
0.9980338,0.0006438176,0.0010477934,1.6213804e-05,3.1852866e-05,6.114633e-05,8.90995e-05,7.6220145e-05,742,test
0.9944208,0.003000323,0.0016970297,9.2659706e-05,6.7087116e-05,0.0001507173,0.00018415724,0.0003872317,743,test
0.0011120727,0.00063063414,0.99725926,6.796852e-05,0.0003720926,0.0001011099,0.000108850436,0.00034797992,744,test
0.00065676897,0.00070653163,0.9975636,7.34781e-05,0.00047349502,0.00010847281,0.00012817008,0.0002895788,745,test
0.00078921474,0.0005297269,0.99763143,4.8409685e-05,0.0004142665,9.916044e-05,0.0001061567,0.000381515,746,test
0.0010261228,0.0007389075,0.99719185,6.578086e-05,0.00030256715,0.00011694587,0.0001165514,0.00044135124,747,test
0.00092285883,0.0010021417,0.99657637,0.00010527349,0.0005792238,0.00017531858,0.00018404268,0.0004547754,748,test
0.0004586733,0.00054525054,0.99826247,3.6340192e-05,0.0002421288,9.6640644e-05,7.309283e-05,0.00028542563,749,test
0.00091779203,0.00052202056,0.9976453,5.352369e-05,0.00035566385,8.170764e-05,0.00011538327,0.00030856236,750,test
1.6486385e-05,0.0004908962,1.9567166e-05,2.4157018e-05,0.00010985908,0.998841,9.0434005e-05,0.00040765145,751,test
0.99813783,0.00066246657,0.0007753769,2.4874513e-05,3.1087035e-05,0.00010807418,0.00014494358,0.00011531348,752,test
0.9980933,0.00061660336,0.0009685215,1.8750467e-05,2.4456831e-05,7.035253e-05,0.000114169896,9.369979e-05,753,test
0.98363817,0.001606969,0.014035744,7.941274e-05,9.806866e-05,8.896367e-05,0.0001213443,0.0003313826,754,test
0.0010170278,0.0007281304,0.99717593,6.718937e-05,0.00041016168,0.0001135177,0.000121709854,0.00036636065,755,test
0.0032361348,0.00028329648,0.9956981,5.1948493e-05,0.00017647343,0.00019940651,7.193444e-05,0.00028268603,756,test
0.0008432811,0.00052677933,0.9976336,6.639178e-05,0.00032634925,0.00010700749,9.429986e-05,0.00040227317,757,test
0.0008007859,0.00049558934,0.9979538,4.3519853e-05,0.00027642056,6.894787e-05,9.405498e-05,0.0002668483,758,test
0.00017721098,0.9994849,3.0191673e-06,5.102377e-05,8.613764e-05,3.1998996e-05,0.00011848988,4.710712e-05,759,test
0.99707234,0.0006902369,0.0018868841,2.1754842e-05,4.6536286e-05,7.623356e-05,0.00012601637,7.996373e-05,760,test
3.2364253e-06,0.00031742448,1.0924915e-05,2.4855543e-05,0.99931514,3.5582165e-05,5.2413292e-05,0.000240358,761,test
0.00012055868,0.996905,1.0504074e-05,0.0004445655,0.0007566166,0.00035205425,0.0008739124,0.0005367625,762,test
4.4008702e-06,4.9726436e-06,2.9372376e-07,0.00021978124,1.4530393e-06,2.0412487e-07,0.9997553,1.3598738e-05,763,test
0.0013046981,0.0009294418,0.99619126,9.832405e-05,0.0006011214,0.00017448353,0.00015796337,0.0005426983,764,test
0.99755067,0.00076092966,0.0012926159,2.935264e-05,3.8493123e-05,9.653767e-05,0.00013430553,9.707433e-05,765,test
0.00065204035,0.00030666555,0.99846613,2.9567731e-05,0.00015022379,5.9011498e-05,6.473059e-05,0.0002716168,766,test
0.0010324541,0.00077496294,0.99692875,8.989577e-05,0.00051735836,0.00014014263,0.0001346676,0.00038179787,767,test
0.0013755214,0.000668594,0.9966564,0.00010336146,0.00037248046,0.00017131469,0.00014077537,0.00051158393,768,test
0.9975599,0.0010915736,0.00092990603,4.8489983e-05,3.2762873e-05,7.3146286e-05,0.00016340245,0.00010066127,769,test
0.99759835,0.0007204056,0.0012226637,5.076419e-05,3.9300885e-05,8.9482994e-05,0.00016220314,0.00011686486,770,test
0.0019283101,0.00058873184,0.9964095,8.7833585e-05,0.00026702986,0.00018752775,0.00013236243,0.00039878083,771,test
0.00086813985,0.00047654295,0.99698645,8.1194295e-05,0.00033470345,0.00017945634,8.2744555e-05,0.0009907129,772,test
3.2405828e-07,0.00026847588,1.6029148e-06,3.6361903e-06,0.9994778,8.250576e-06,9.0792255e-06,0.00023074955,773,test
0.0017592052,0.00044708495,0.99656785,5.1012146e-05,0.00018485871,0.00016738751,8.7224944e-05,0.00073543115,774,test
0.0017254751,0.0008481827,0.99608177,0.00011451913,0.00036984152,0.00019612131,0.00013560773,0.00052849535,775,test
0.0052212006,0.81505334,0.0015190844,0.0045395554,0.011327945,0.013895287,0.02016433,0.1282793,776,test
0.015143338,0.035882503,0.0025419085,0.0023869616,0.0059409635,0.020561563,0.04289579,0.87464696,777,test
0.0012256341,0.00048290615,0.99733573,8.9918416e-05,0.00036186978,0.00013223794,0.000111803194,0.00025989243,778,test
0.9971908,0.0014179352,0.00085889373,7.8469726e-05,3.678002e-05,9.601804e-05,0.00021008981,0.000111081084,779,test
0.9974107,0.00078244106,0.0013192573,5.007744e-05,3.5202982e-05,0.000100750316,0.00015313106,0.0001485293,780,test
0.0008390736,0.9977422,2.2514836e-05,7.6474e-05,0.0005066235,9.133287e-05,0.00044933904,0.00027247384,781,test
0.9984022,0.0007277935,0.0004830736,3.9968865e-05,2.7600368e-05,8.11908e-05,0.00014642833,9.182041e-05,782,test
2.9505984e-05,0.00026222164,2.1825323e-05,4.060162e-05,9.754454e-05,0.99897563,5.9816808e-05,0.00051293767,783,test
0.0016793909,0.0009377424,0.99575484,0.00011008102,0.00055451895,0.00021350959,0.00017198847,0.0005780154,784,test
0.0009036682,0.0006342118,0.99736387,0.00010149964,0.0004248215,0.00013928278,0.000116976094,0.00031556867,785,test
0.0011692779,0.0006028521,0.99683654,0.00010255089,0.0003501694,0.00019405417,0.00013019946,0.0006143645,786,test
0.9942458,0.0010154037,0.0037483494,0.00012975374,0.00016073934,0.0002769696,0.00024234672,0.00018061452,787,test
0.0014189116,0.00096521643,0.9956872,0.00019078444,0.0006639532,0.0003319587,0.00018279637,0.0005592081,788,test
0.0018235997,0.0007839907,0.99605393,8.474248e-05,0.00037199285,0.00018242511,0.00013090421,0.00056840293,789,test
0.0018567536,0.0014492911,0.9947842,0.0001648137,0.0006775533,0.00023444215,0.00018916413,0.00064383796,790,test
0.001474507,0.00096543785,0.9959442,0.00013652479,0.0005692117,0.00023933941,0.00017018612,0.0005006107,791,test
0.0014574258,0.0007506855,0.9962786,0.00011996068,0.00059352606,0.000173765,0.00015916112,0.00046685262,792,test
0.001624221,0.0007045958,0.9963405,0.000103136226,0.00034121468,0.00022909,0.00014471749,0.00051256747,793,test
0.0022628575,0.0006088596,0.99603504,8.09505e-05,0.00026125164,0.00011764869,0.00016624751,0.00046713592,794,test
0.0016609485,0.0008025065,0.9962446,0.00011246087,0.00039797748,0.00021989536,0.0001659889,0.00039548942,795,test
0.002160496,0.00052252057,0.9964813,5.8764814e-05,0.00022302895,9.987122e-05,0.00013834231,0.00031561404,796,test
0.99713886,0.0011134229,0.0011100762,4.398083e-05,4.9354418e-05,0.00013101369,0.00024987367,0.00016346267,797,test
0.0010561782,0.00048685956,0.9975606,6.33143e-05,0.0003166488,0.00010918154,0.000120332435,0.00028688196,798,test
0.99812883,0.0010188945,0.00037684632,6.749774e-05,2.6111498e-05,0.00013714169,0.00010821027,0.00013644701,799,test
0.99796355,0.0010543852,0.000482948,4.3802756e-05,3.066172e-05,0.00011184454,0.00020237507,0.000110320565,800,test
0.0015809189,0.0012449353,0.99507165,0.0001561936,0.0007950914,0.00024750293,0.00019549295,0.0007082636,801,test
0.0014590757,0.00082304236,0.00024436167,0.0047005177,0.0007730359,0.00015777325,0.9907721,0.0010700664,802,test
0.9981109,0.0006357552,0.00087227137,3.800263e-05,3.052642e-05,7.89289e-05,0.00012985185,0.00010381442,803,test
0.99862397,0.0006298182,0.0003573216,3.649066e-05,2.8499373e-05,0.00010159346,0.00014595276,7.634053e-05,804,test
0.9986242,0.00057165616,0.0005096316,3.655148e-05,2.6100599e-05,6.911279e-05,8.6442175e-05,7.638585e-05,805,test
0.001436586,0.0009282163,0.99600035,0.00014347506,0.0004989152,0.00026159408,0.00014647153,0.00058440794,806,test
0.9984944,0.00063213846,0.00053722085,4.01478e-05,2.8699047e-05,8.161567e-05,0.00011022535,7.5584525e-05,807,test
0.0018828145,0.0006313408,0.9964283,9.674453e-05,0.00032905737,0.00013194917,0.00013135641,0.0003683936,808,test
0.99756014,0.0005573667,0.0014338826,4.7590904e-05,4.2303123e-05,0.00011502944,0.00010950444,0.0001340519,809,test
0.0014141612,0.00065926235,0.99687356,9.495673e-05,0.0003673886,0.00011256181,0.00012201957,0.00035602815,810,test
0.0016651858,0.00059952063,0.9970186,6.512891e-05,0.0002494402,9.408547e-05,8.799773e-05,0.00022012224,811,test
0.0012873824,0.00042014368,0.9975387,5.8943693e-05,0.00017206604,9.235688e-05,0.00010645217,0.00032396716,812,test
0.0018989258,0.0007880701,0.9957838,9.681658e-05,0.00048124694,0.00020416258,0.00014895304,0.0005979946,813,test
0.013125251,0.0015841792,0.98046494,0.00050951366,0.00071560935,0.00095266296,0.00078347285,0.0018643705,814,test
5.422641e-06,0.00071054226,1.9606941e-06,1.4163569e-06,3.803423e-05,2.8392293e-05,5.4059733e-06,0.99920875,815,test
3.924499e-06,0.0010655894,2.085268e-06,8.360133e-07,5.373824e-05,4.151845e-05,5.598879e-06,0.9988267,816,test
0.0016135364,0.00081721676,0.99638546,6.8553745e-05,0.00037213883,0.00010439131,0.00015578026,0.00048293287,817,test
2.2329645e-05,0.0003746835,1.4675145e-05,0.00012262509,0.00027229235,0.99876595,8.405007e-05,0.0003433955,818,test
0.0018802711,0.99605125,2.901459e-05,0.0001541223,0.0005744432,0.000272599,0.000697719,0.00034051907,819,test
0.0032176687,0.00061311823,0.9952614,7.944674e-05,0.00018590415,0.00012895258,0.00013136848,0.0003823075,820,test
0.99647313,0.0013138319,0.0016043258,8.3386454e-05,3.9761595e-05,0.00014299745,0.00017547236,0.00016696808,821,test
0.002071096,0.0003452521,0.9969207,5.812114e-05,0.00015047353,9.0225374e-05,0.00012525835,0.00023889601,822,test
0.0013805383,0.99668485,2.6639682e-05,0.00010083247,0.00054044276,0.00020664101,0.00073414226,0.00032591546,823,test
0.0019142339,0.0009363674,0.9957783,0.00010257311,0.0003938954,0.00018232192,0.00017210149,0.0005201629,824,test
0.0016526873,0.001062549,0.9953915,0.00014844463,0.000647864,0.00026783915,0.00018632841,0.0006428186,825,test
0.0013260545,0.00083739596,0.9962763,0.00013493444,0.00047707537,0.0003372716,0.00014262588,0.0004682905,826,test
2.582942e-05,0.0010969032,1.04060355e-05,6.282262e-06,5.296139e-05,7.951333e-05,1.1947167e-05,0.9987161,827,test
0.99868864,0.0005971053,0.00041055767,3.0597646e-05,2.2502047e-05,7.350873e-05,9.700173e-05,8.018452e-05,828,test
8.901132e-06,0.0009961735,2.9756118e-06,9.544636e-07,5.5643064e-05,5.488148e-05,7.437948e-06,0.99887294,829,test
0.001993648,0.00055168656,0.99651235,7.363604e-05,0.00022673408,0.00010545392,0.0001541272,0.00038249212,830,test
0.998257,0.0006166065,0.0006654173,5.3874468e-05,3.0346731e-05,0.00011847428,0.00014131443,0.000117061194,831,test
0.99861634,0.0004910203,0.000633791,2.527304e-05,1.7781074e-05,5.7775855e-05,8.207627e-05,7.603689e-05,832,test
0.005756228,0.0010813389,0.99060047,0.00029413932,0.0003589137,0.0005025169,0.0003307829,0.0010756799,833,test
0.0008723108,0.0007786085,0.9963851,0.00011022751,0.0008332126,0.00023269496,0.00013286939,0.0006549654,834,test
0.001689306,0.0005081357,0.9970048,6.295007e-05,0.0002162767,0.00012055212,0.0001092466,0.00028873593,835,test
0.0015067334,0.00052874116,0.9970817,6.278993e-05,0.00021944176,0.00013455308,0.00010558453,0.00036045854,836,test
0.0014692806,0.00070401817,0.9965438,0.000110633606,0.00044563902,0.00016122506,0.00013685251,0.00042856313,837,test
0.004130598,0.00032987507,0.9938805,0.0003609147,0.00017087291,0.00039331193,0.00019461331,0.0005392296,838,test
0.007163639,0.0034449587,0.0026595623,0.012151916,0.007536328,0.0035260685,0.95760685,0.0059106876,839,test
0.0020949442,0.000858013,0.9955238,0.00013321324,0.00043991895,0.000207843,0.00016796669,0.0005743466,840,test
0.0008122277,0.0005657494,0.99747735,9.875576e-05,0.0004216431,0.00017223624,0.000110325935,0.00034169527,841,test
0.0018708532,0.00052702124,0.9964886,8.726968e-05,0.00022806106,0.00014874221,0.0001699519,0.0004794873,842,test
0.9969331,0.00068638707,0.0018515518,6.0372542e-05,7.9753954e-05,9.779527e-05,0.00021322147,7.779079e-05,843,test
0.9983767,0.0007038294,0.0005850168,2.9313895e-05,2.135572e-05,6.7970876e-05,0.00012565563,9.015762e-05,844,test
0.00070028973,0.998175,1.9855328e-05,0.00010022479,0.00034992569,8.037146e-05,0.00037637798,0.00019797859,845,test
0.0022597583,0.0009935618,0.994961,0.00015866046,0.0004990769,0.00020886296,0.00019221476,0.00072679616,846,test
0.0018797133,0.0006499077,0.99639124,8.616544e-05,0.00024043307,0.00014478836,0.000120365046,0.00048744475,847,test
0.0018424945,0.0005460675,0.9967045,7.7405566e-05,0.0001944434,0.00010791898,0.00012713418,0.0003999869,848,test
0.0019249221,0.00038957671,0.9969404,7.88792e-05,0.00017252692,9.401244e-05,0.00013555025,0.0002641179,849,test
0.99560463,0.00083356176,0.0027994264,0.0001021064,8.672388e-05,0.00017206899,0.00022636882,0.00017515848,850,test
7.984646e-06,0.0001925482,1.0483885e-05,2.9627543e-05,4.9050435e-05,0.9994511,2.6335756e-05,0.00023290537,851,test
0.9982223,0.0005682504,0.0007963168,4.5943078e-05,2.7412969e-05,0.00010123544,0.00010548215,0.00013312351,852,test
0.9983273,0.00065542274,0.00063595915,5.562646e-05,2.6232665e-05,9.790757e-05,0.000114795475,8.6774315e-05,853,test
0.0009055166,0.000522846,0.9974843,7.358958e-05,0.0003733125,0.00016961661,0.000100474026,0.00037028053,854,test
0.0015590681,0.0007184302,0.9963735,0.0001212905,0.00044431468,0.0001622893,0.00012642043,0.0004946403,855,test
0.0008228716,0.9976266,1.7667608e-05,0.00013074142,0.0005187043,0.0001388707,0.0004772543,0.00026735754,856,test
0.9980044,0.00076367747,0.0008466,3.253282e-05,3.0417881e-05,8.3896724e-05,0.00013899725,9.9448225e-05,857,test
0.0026580319,0.00077154324,0.9953752,9.876356e-05,0.00030015674,0.00017316279,0.000190721,0.00043247227,858,test
0.0013805606,0.0007717848,0.9965056,0.000112727124,0.00048207806,0.00020861284,0.00013482962,0.00040380648,859,test
0.0018242337,0.0007867735,0.99616075,0.000100979174,0.00040134534,0.00018645231,0.00013569571,0.00040379746,860,test
0.0015790868,0.0006354883,0.99668485,8.751993e-05,0.00029487512,0.0001939192,0.00013977231,0.00038459347,861,test
0.0020964725,0.0009747932,0.9947102,0.00014223461,0.00053555757,0.0003365889,0.00024959407,0.000954613,862,test
0.0017094879,0.0006096538,0.99652475,9.862128e-05,0.00028348062,0.00013272627,0.0001660112,0.00047519777,863,test
0.0026814493,0.0007484668,0.9955575,9.830077e-05,0.00020193798,0.0001336815,0.00016192102,0.00041674662,864,test
0.9984964,0.0006855523,0.00042690823,4.5833753e-05,2.9726398e-05,9.945495e-05,0.00011844924,9.762586e-05,865,test
0.0079444945,0.010500758,0.001457254,0.015845984,0.004410722,0.0025013427,0.9511558,0.00618368,866,test
0.0010672649,0.00039338195,0.9975817,5.7947913e-05,0.00022018126,0.00017765016,8.49848e-05,0.00041676668,867,test
0.0010439599,0.0008162566,0.99677163,0.00011282887,0.0005189836,0.00016079738,0.00013821365,0.0004373828,868,test
0.0020496552,0.000556925,0.99642986,9.096855e-05,0.00020119874,0.000110355635,0.0001847427,0.00037632577,869,test
0.0022913073,0.000631236,0.9958222,6.753136e-05,0.00039639277,0.00016515948,0.00013701829,0.00048918294,870,test
0.99776816,0.000768842,0.0010308677,4.8411566e-05,3.289979e-05,0.00010455392,0.00013179875,0.000114483286,871,test
0.0017676238,0.00081087364,0.99594504,9.426567e-05,0.00038199264,0.00021266002,0.00017729208,0.0006102072,872,test
0.0020258604,0.0008135421,0.9958311,9.377672e-05,0.00045445107,0.00016511307,0.00017872929,0.00043746544,873,test
0.0016578421,0.0007791583,0.9962219,0.000102559614,0.00047824823,0.00019368759,0.00016692583,0.00039961675,874,test
0.99811614,0.0005941462,0.0009620655,3.4411856e-05,2.387924e-05,6.874549e-05,0.00010610481,9.4503324e-05,875,test
0.0022630477,0.00081311376,0.9956072,0.000101784855,0.00033658507,0.00017505807,0.00014805007,0.00055512815,876,test
0.0026731805,0.00038847022,0.9963264,7.333367e-05,0.00010785211,9.34772e-05,0.00011839287,0.00021889839,877,test
0.99809104,0.0008186496,0.00068815495,6.0389088e-05,3.143842e-05,0.00010770077,0.00012715207,7.548902e-05,878,test
0.9979473,0.0008491361,0.0006740713,3.8866976e-05,4.195622e-05,0.00012761638,0.0001930509,0.0001280012,879,test
0.99822897,0.00083745195,0.00040017636,4.6358862e-05,2.6809785e-05,0.00014918855,0.00014310112,0.00016809335,880,test
0.002482685,0.0006057455,0.99584717,9.494187e-05,0.00025357457,0.00013445532,0.00018077176,0.0004007246,881,test
0.990086,0.0008830408,0.008461308,0.000104562445,6.880923e-05,0.00012301822,0.00014618503,0.00012702364,882,test
0.0013070836,0.0007956792,0.996051,0.00015803287,0.00048373692,0.00021586531,0.00018464272,0.0008040143,883,test
0.0013295717,0.0009820256,0.99604404,0.00014398195,0.00060452195,0.00025612954,0.00016082503,0.00047892248,884,test
0.99809736,0.00060172594,0.00085184403,4.1770007e-05,3.661814e-05,0.00012010131,0.00013778878,0.00011279806,885,test
0.0017079301,0.0006469984,0.99666256,8.723357e-05,0.00027247198,0.00012415973,0.00012438491,0.00037429508,886,test
0.0019295869,0.00078241486,0.99584574,0.00011814585,0.0003799078,0.00019171863,0.00016021624,0.00059224805,887,test
0.9940498,0.0021652281,0.002150818,0.00031768568,0.00011885762,0.00035387545,0.00034727488,0.00049649423,888,test
0.0011560115,0.99611616,2.4645728e-05,0.00018008112,0.0007824878,0.00025834574,0.0007551895,0.0007270369,889,test
0.0018674834,0.00082243193,0.9959384,9.442042e-05,0.00036476456,0.00017829874,0.00018083832,0.00055336,890,test
0.0020130961,0.0011558398,0.99480635,0.00016721182,0.00066936447,0.0002905491,0.00019086631,0.00070677814,891,test
0.0012408495,0.00043319134,0.99748814,7.662636e-05,0.00017911209,0.00010420161,0.00011077763,0.0003671505,892,test
0.0013135257,0.0008472611,0.9963825,0.000104810075,0.0005364124,0.00018401968,0.00015982344,0.00047151832,893,test
0.0092610745,0.00069795636,0.98930967,0.00016048817,0.00013050818,0.000101092155,0.00014332701,0.00019581885,894,test
0.0018973596,0.00063630275,0.9963631,8.7630295e-05,0.0002694748,0.00013384024,0.00018038052,0.000431953,895,test
0.0017957137,0.0003000963,0.9974323,3.2095522e-05,0.00012512272,5.6059886e-05,9.173322e-05,0.00016688558,896,test
0.9981787,0.00083931466,0.00076108595,7.870782e-06,2.1977507e-05,4.2779826e-05,8.6193664e-05,6.203556e-05,897,test
0.00055934355,0.0040421737,0.0021410882,0.0010501002,0.9862292,0.0030465075,0.0011779972,0.001753593,898,test
0.000832349,0.00041834897,0.9981509,3.305885e-05,0.00018779853,5.0881034e-05,6.2683415e-05,0.00026398207,899,test
0.0018013791,0.019308377,0.0012745892,0.00022023996,0.0005420952,0.2957649,0.0026371833,0.6784513,900,test
0.9958851,0.0011709458,0.0025376414,1.325712e-05,5.391346e-05,5.569046e-05,0.00012906565,0.0001544083,901,test
0.0011476165,0.0008592357,0.99698573,4.3912176e-05,0.00037883644,7.038298e-05,0.00013339106,0.0003809295,902,test
0.0016639233,0.0007764837,0.99662364,4.2780197e-05,0.00032945914,6.859407e-05,0.0001405797,0.0003545737,903,test
0.0015544451,0.0017244217,0.99501234,7.364014e-05,0.0006740379,0.00015297101,0.00021142598,0.0005967352,904,test
0.9983394,0.00088015845,0.0004938948,1.2602865e-05,2.0412914e-05,6.22872e-05,8.411985e-05,0.00010703919,905,test
0.013413734,0.06139519,0.007651466,0.020298265,0.87431085,0.008540436,0.0043044463,0.010085551,906,test
0.0016114868,0.00044990008,0.99735767,4.0852658e-05,0.00014228089,5.7997477e-05,0.000106502914,0.00023321016,907,test
0.004496878,0.0022032657,0.9842757,0.00048393785,0.0027844703,0.0023163648,0.0007627641,0.0026765312,908,test
0.0010698809,0.0007629756,0.9974613,4.190605e-05,0.0002459031,7.974524e-05,8.2722334e-05,0.00025548108,909,test
0.0013739496,0.0006350225,0.99720407,4.6708865e-05,0.00022380627,8.0608916e-05,0.000117485215,0.00031833808,910,test
0.00081749266,0.0009382907,0.9974179,4.3386244e-05,0.0003184027,7.841555e-05,0.00010015165,0.0002860075,911,test
0.0013980605,0.0006560065,0.9971132,4.2344946e-05,0.0002510606,8.546413e-05,0.000112560534,0.0003412119,912,test
0.0020394558,0.00083771773,0.99629754,5.421023e-05,0.00031398167,8.3357045e-05,0.00012653974,0.00024731958,913,test
0.9980652,0.00082645146,0.00077825115,1.6217315e-05,2.900228e-05,7.852947e-05,0.00013148163,7.4906115e-05,914,test
0.0012301931,0.0005724329,0.99748373,4.1537787e-05,0.00024773192,6.131421e-05,9.115391e-05,0.00027177946,915,test
0.0016228055,0.00057497085,0.99708503,4.6157333e-05,0.00019058803,7.949045e-05,0.000113511356,0.00028749488,916,test
0.9957833,0.0008583279,0.0027139354,4.2637377e-05,4.4610777e-05,0.00019456256,0.00015855566,0.00020411928,917,test
0.001279946,0.0010117416,0.9967474,5.6756457e-05,0.0003722124,9.172952e-05,0.00011163018,0.00032859694,918,test
0.00089475955,0.0015234386,0.99661887,6.356572e-05,0.00039625957,8.469203e-05,0.00014292114,0.00027543833,919,test
0.0011187977,0.001199275,0.99662685,6.084082e-05,0.00040310065,0.00011595877,0.00012918112,0.00034603395,920,test
0.019621214,0.0009824036,0.9784586,8.156395e-05,0.0002350571,0.00016219118,0.00014814845,0.00031079067,921,test
1.4679592e-05,0.9998777,8.452597e-07,2.3869472e-05,3.9283757e-05,4.152103e-06,2.58222e-05,1.3733856e-05,922,test
0.0012203577,0.00068179227,0.9973773,4.0243605e-05,0.00027187512,7.6703385e-05,9.40583e-05,0.00023763198,923,test
0.99812716,0.0008127355,0.00072588323,2.1027836e-05,2.8601838e-05,8.341763e-05,0.00011438444,8.6851534e-05,924,test
8.368926e-06,0.0010790874,5.4493485e-06,6.889203e-07,1.0736582e-05,4.124074e-05,5.136883e-06,0.9988493,925,test
0.001233004,0.0009178371,0.996942,5.3806118e-05,0.00031311004,6.546459e-05,0.000110481764,0.0003641652,926,test
0.96759474,0.027001483,0.002442858,0.00018527452,0.0005897948,0.00052681664,0.0010498854,0.0006091353,927,test
0.99388885,0.0013589209,0.004385776,3.557038e-05,4.044283e-05,6.396815e-05,0.00011661789,0.000109819535,928,test
0.0019217398,0.00087500084,0.9963116,5.2550167e-05,0.00032612888,8.4582636e-05,0.00013088126,0.0002975756,929,test
0.9985292,0.00091393245,0.00034459028,1.5192092e-05,2.1342916e-05,6.8050984e-05,5.2442447e-05,5.5280547e-05,930,test
0.0010810347,0.00092305173,0.99695253,5.2391504e-05,0.0002921634,9.3588766e-05,0.00011995806,0.000485337,931,test
0.99369216,0.0035164657,0.0015332612,0.000106164734,8.778414e-05,0.00031755838,0.00042625613,0.00032038984,932,test
0.9981742,0.0007800958,0.0008059321,1.8965251e-05,1.751963e-05,4.3761436e-05,8.1694845e-05,7.7802404e-05,933,test
0.00075190066,0.00035940373,0.99835193,3.3909277e-05,0.00017587378,5.843473e-05,5.1940322e-05,0.00021657473,934,test
0.0011041675,0.00062001665,0.9974197,4.005112e-05,0.0002974529,6.979233e-05,9.549802e-05,0.00035333936,935,test
0.0013836189,0.0011290221,0.9964461,5.5544624e-05,0.00040647917,9.017227e-05,0.00013748396,0.00035168967,936,test
0.0014988522,0.0013155165,0.9960443,6.972308e-05,0.00034526273,0.00015076423,0.00013686664,0.00043874327,937,test
0.0029550819,0.020340953,0.013699899,0.0020796554,0.005871613,0.90531635,0.0039028889,0.04583352,938,test
0.0015470311,0.00037852794,0.9974158,9.517117e-05,0.00013714872,0.00013788155,7.9913196e-05,0.00020851524,939,test
0.0018164336,0.0011841551,0.99574465,6.878429e-05,0.00036569702,0.00010620692,0.00018662521,0.0005275409,940,test
0.0017449796,0.0007869441,0.9958467,7.2929426e-05,0.0005058252,0.00014134678,0.00013241124,0.0007688803,941,test
0.0013062453,0.00027875535,0.9979868,3.1835632e-05,0.00012220803,4.239583e-05,6.864611e-05,0.00016312307,942,test
0.99694556,0.0015552671,0.0011265624,1.6548422e-05,3.0982075e-05,7.228619e-05,0.00013201841,0.000120733755,943,test
0.9971999,0.0014615153,0.0009353439,2.8158202e-05,4.3145632e-05,8.9051806e-05,0.00014649474,9.6330674e-05,944,test
0.0013677303,0.0009544427,0.99672747,4.843386e-05,0.00033671246,8.295059e-05,0.0001225687,0.00035960463,945,test
0.0012435466,0.00097199576,0.99683124,4.665522e-05,0.00028534984,0.00010605739,0.00010460049,0.0004105618,946,test
0.86670977,0.004550501,0.12338687,0.00050869345,0.000758921,0.0010458418,0.001726538,0.0013129573,947,test
0.0010161498,0.00073607365,0.9974427,4.9700942e-05,0.00030076297,7.393013e-05,9.4124334e-05,0.00028657107,948,test
0.0015641993,0.0006790998,0.99696404,3.779039e-05,0.00031671094,5.5237026e-05,0.00010844009,0.00027453934,949,test
0.001191113,0.00060429145,0.9974999,3.9780327e-05,0.0002426081,5.6460896e-05,0.000106144624,0.00025966935,950,test
0.0011545415,0.0006458186,0.9973769,4.1242638e-05,0.00027455014,6.8073066e-05,0.00013481284,0.000303957,951,test
0.00166624,0.0007578203,0.0002884149,0.004205404,0.0009975088,0.00030202052,0.99039626,0.0013863271,952,test
0.99493486,0.0029443696,0.000856925,0.000101499936,6.1743034e-05,0.0003776953,0.00023460784,0.0004882644,953,test
0.0013679583,0.00056762027,0.99740005,3.5931782e-05,0.00022521298,5.3052452e-05,0.000117113945,0.00023311509,954,test
2.9648032e-05,0.00040016352,2.7758144e-05,2.0394718e-05,0.00010410421,0.9986488,5.2192358e-05,0.0007170416,955,test
0.0014213498,0.0006099176,0.99718225,4.1996485e-05,0.00022078263,8.516094e-05,0.00010536923,0.00033325548,956,test
0.0013323976,0.00042409758,0.99757856,3.4260018e-05,0.00017948041,6.0164344e-05,0.00011117749,0.00027996194,957,test
0.0012301537,0.0015380338,0.99555403,7.922342e-05,0.000732312,0.00016717066,0.00021133883,0.0004877447,958,test
0.00085829984,0.009951255,0.00017165758,8.9733396e-05,0.0031783213,0.0016607093,0.00024986156,0.98384017,959,test
0.9964461,0.00092030864,0.0024099362,1.3272167e-05,2.2117125e-05,4.2855256e-05,6.608636e-05,7.947299e-05,960,test
0.000716262,0.00029960123,0.99849427,2.9239609e-05,0.00014084745,5.2786825e-05,5.5301658e-05,0.00021162024,961,test
0.0010175814,0.00033038302,0.9981248,3.4281624e-05,0.00015799624,4.5092132e-05,7.111064e-05,0.0002186772,962,test
0.9976792,0.0013354776,0.00044567848,3.1296542e-05,3.938729e-05,0.00019418821,0.00016450249,0.00011034677,963,test
0.99879164,0.0007336419,0.0002885329,1.2452888e-05,1.8181157e-05,5.7534857e-05,4.376921e-05,5.4286214e-05,964,test
0.9963445,0.0014535274,0.0017925805,2.5694295e-05,4.463273e-05,0.00010860446,0.00012962945,0.00010079092,965,test
0.0014846436,0.0011160417,0.9959929,6.12266e-05,0.00060642004,0.000115974566,0.00017113339,0.00045161834,966,test
0.0017959065,0.0009033055,0.9962365,6.4403e-05,0.00043262774,0.00011214176,0.00012166664,0.00033351904,967,test
0.0013628557,0.0003750261,0.997761,2.73411e-05,9.876387e-05,6.9745474e-05,6.2628285e-05,0.00024256193,968,test
0.0015117562,0.00068501773,0.9970515,4.436274e-05,0.00024764155,7.9304984e-05,0.00010587636,0.000274442,969,test
0.0012866497,0.0008934323,0.99694675,5.1413597e-05,0.00032520585,6.5223605e-05,0.00012995655,0.00030137153,970,test
0.99763346,0.00089936587,0.0010751218,1.3459255e-05,4.4755856e-05,9.177036e-05,0.00012908316,0.00011296455,971,test
0.9953538,0.0013525145,0.002686033,2.6847894e-05,6.2292274e-05,0.00015031069,0.00015862095,0.00020952888,972,test
0.0010899962,0.000735906,0.9973916,4.5588375e-05,0.0002971916,6.794008e-05,9.78842e-05,0.00027396882,973,test
0.9957722,0.0018180298,0.0017726155,3.679606e-05,6.703148e-05,0.00018535451,0.00016937166,0.00017852196,974,test
0.9982784,0.00064691546,0.0008732173,1.1602134e-05,2.4254045e-05,4.419659e-05,7.111888e-05,5.0322542e-05,975,test
0.0010066475,0.0007817344,0.9974031,4.863421e-05,0.00027428727,6.861578e-05,0.00010660501,0.00031032364,976,test
0.031027872,0.056364965,0.08838249,0.02773323,0.005182167,0.08937933,0.4929716,0.20895825,977,test
0.99867046,0.00070304016,0.0004225099,1.35979535e-05,2.1751093e-05,5.660316e-05,6.355943e-05,4.8430535e-05,978,test
0.0014833815,0.0007057639,0.99705565,3.5256155e-05,0.00025613233,6.6830384e-05,9.856885e-05,0.00029848877,979,test
0.0015923505,0.00018293939,0.997612,4.400388e-05,8.663295e-05,0.00013324477,7.3414216e-05,0.00027551776,980,test
0.0011599651,0.00014331061,0.99834585,2.6643163e-05,6.350406e-05,5.293711e-05,4.7438672e-05,0.00016030628,981,test
0.0020005647,0.00041431995,0.99709046,3.3256747e-05,0.00012988385,4.773792e-05,8.1993865e-05,0.00020169403,982,test
0.0014172314,0.0011478583,0.99616456,5.0614184e-05,0.0004298537,8.478205e-05,0.00017185065,0.0005332829,983,test
0.9982133,0.0009825813,0.0004374431,2.313727e-05,3.0980165e-05,0.0001086891,0.00010205703,0.000101820406,984,test
0.00080524,0.00048289317,0.9980854,3.9645773e-05,0.00023461862,5.000743e-05,7.878467e-05,0.00022341183,985,test
0.0010979751,0.00055874005,0.99773324,3.615108e-05,0.00020338812,5.8508955e-05,9.2879745e-05,0.00021908627,986,test
0.0019452092,0.0011971298,0.9953713,6.354429e-05,0.00056721765,0.00010875352,0.0001578907,0.0005888682,987,test
0.0010087678,0.0015197947,0.9958883,6.829447e-05,0.0005923903,0.00017939173,0.00018513478,0.00055796775,988,test
0.99651635,0.0013175503,0.0017886423,2.269103e-05,3.796559e-05,8.112614e-05,0.00010737192,0.0001281709,989,test
0.0010152089,0.0008665346,0.9971513,4.954593e-05,0.00033978667,8.5001455e-05,0.00013516773,0.00035744655,990,test
2.1693833e-05,0.0010688379,8.415307e-06,9.903799e-07,2.5658252e-05,4.922465e-05,1.0898227e-05,0.99881434,991,test
0.0009778059,0.0008789207,0.99722606,5.5002132e-05,0.00035414373,9.0210066e-05,0.00012434136,0.0002934632,992,test
0.0014152277,0.0012274293,0.99616396,5.754099e-05,0.00040642533,0.000111025234,0.00013916325,0.00047927443,993,test
2.7569035e-05,0.00042040384,3.1581025e-05,2.4920684e-05,0.00037181622,0.9982687,8.290077e-05,0.0007720488,994,test
0.0013931857,0.0011697641,0.99609715,5.3626973e-05,0.0004840651,8.3205756e-05,0.00019493968,0.00052406866,995,test
3.0601255e-05,0.9998528,9.79325e-07,3.0541923e-05,3.0211499e-05,6.0921125e-06,4.161155e-05,7.1744435e-06,996,test
0.9984438,0.0008219097,0.00048970705,1.4264047e-05,2.6412812e-05,5.8467365e-05,9.890293e-05,4.6607274e-05,997,test
0.00034758612,0.0074725016,0.0004234756,0.0014616995,0.9862884,0.0025530849,0.00063346606,0.000819714,998,test
0.00095709035,0.0005988233,0.9978258,4.0256175e-05,0.00021798052,5.7466452e-05,7.44831e-05,0.00022802675,999,test
0.00097217876,0.0013755362,0.9962984,5.3828433e-05,0.00056583865,0.000119018485,0.00014042448,0.00047485196,1000,test
0.0010494726,0.00066949317,0.9975235,4.0335348e-05,0.00027486822,6.452034e-05,0.000120235156,0.00025761145,1001,test
0.0012542215,0.00056521496,0.99744356,4.2546504e-05,0.00022653467,6.460895e-05,0.000104974635,0.00029835582,1002,test
0.00013394619,0.0042433916,0.00014359561,0.00093776494,0.9924729,0.00080064824,0.00036134376,0.0009064874,1003,test
0.000809739,0.01358782,0.00092787377,0.0013368825,0.0162895,0.964064,0.0009148301,0.002069395,1004,test
0.99007577,0.007348915,0.0011445191,8.870293e-05,0.0001477588,0.0004301952,0.0003468309,0.00041721802,1005,test
0.0012202099,0.0005991066,0.9973757,4.20551e-05,0.0002910191,9.992131e-05,0.000100651996,0.0002712943,1006,test
0.0011307594,0.00086745765,0.99711645,3.608517e-05,0.00031882475,6.908852e-05,0.000102238824,0.00035914866,1007,test
0.99766016,0.001295452,0.0007073306,1.8285795e-05,2.5905518e-05,6.490901e-05,0.00012626935,0.00010164623,1008,test
0.0013503309,0.00060782215,0.99727434,4.0748822e-05,0.00024878545,7.554661e-05,9.951204e-05,0.00030287282,1009,test
0.0015687912,0.0006808165,0.99689627,4.9993414e-05,0.00021807193,0.000102533755,0.00011489249,0.00036860842,1010,test
0.00028458465,0.0071561798,0.00018521684,0.0017360206,0.98605657,0.0020274818,0.0010083433,0.0015455706,1011,test
0.99790764,0.0007981437,0.0010560428,9.902451e-06,3.0104797e-05,5.4519194e-05,5.884135e-05,8.481829e-05,1012,test
0.0016704394,0.00051449816,0.99715436,4.388954e-05,0.00020542843,6.423246e-05,0.000101105245,0.00024591183,1013,test
0.0013502549,0.00043639235,0.9976654,3.783433e-05,0.00013092306,5.5569224e-05,9.473256e-05,0.00022891953,1014,test
0.73676986,0.058435954,0.11968305,0.006606941,0.006383567,0.022763966,0.005128648,0.04422805,1015,test
1.9483072e-05,0.00043726875,4.9204184e-05,1.4666439e-05,6.475643e-05,0.99838376,5.579027e-05,0.00097504596,1016,test
0.0075408267,0.057972055,0.0021141844,0.018860098,0.0048005674,0.008844272,0.8778237,0.022044374,1017,test
0.002801959,0.0008044435,0.99509466,5.861089e-05,0.0002145558,0.00019414656,0.00014656893,0.0006850683,1018,test
0.0015295143,0.0011157233,0.99613863,4.7033074e-05,0.00047253558,9.2892216e-05,0.00017994682,0.00042366522,1019,test
0.0013035573,0.0003178538,0.9979163,3.4407036e-05,0.000120057084,5.7941368e-05,7.751607e-05,0.00017229326,1020,test
0.0011934158,0.0009753542,0.9968125,4.301456e-05,0.00029541928,8.035818e-05,0.0001392022,0.0004607748,1021,test
0.9971955,0.0016001634,0.00093875895,1.5849499e-05,2.4775376e-05,4.8969105e-05,7.5709904e-05,0.00010031827,1022,test
0.0025813037,0.00025875255,0.9965228,4.1320847e-05,0.00013623435,0.00011894793,5.6373538e-05,0.00028419844,1023,test
0.0011829335,0.0005622394,0.99613804,9.666637e-05,0.00029020236,0.0009310555,0.00011679221,0.00068205554,1024,test
0.0008324342,0.0003975704,0.998206,3.1812124e-05,0.00014168733,5.052606e-05,6.383895e-05,0.0002761318,1025,test
3.2150932e-05,0.0032916889,7.3990916e-05,0.00043656415,0.99403244,0.0014072653,0.00016682984,0.00055918616,1026,test
0.99461174,0.00084396015,0.004116991,4.395358e-05,3.3531138e-05,7.933457e-05,0.000118309996,0.0001522009,1027,test
0.99798703,0.00059682183,0.0010976355,3.4586672e-05,2.4020082e-05,9.181155e-05,7.17727e-05,9.639328e-05,1028,test
0.9958293,0.0016515413,0.0018588764,6.263628e-05,4.6192454e-05,0.00013047701,0.00015123881,0.00026968255,1029,test
0.00091281807,0.0005679905,0.997718,4.3701693e-05,0.00020928595,8.547617e-05,8.5903725e-05,0.00037691434,1030,test
0.00075760734,0.0007375944,0.997451,4.726945e-05,0.0003155445,8.7152264e-05,0.0001090477,0.00049485825,1031,test
0.0008408924,0.00091720285,0.99698013,5.7691697e-05,0.00040724428,0.00013182384,0.00011562535,0.00054935686,1032,test
0.0007724086,0.0013981981,4.2700314e-05,0.0024392111,0.00015588707,9.340696e-05,0.9935888,0.0015093591,1033,test
0.9974426,0.000593798,0.0016210553,2.4596264e-05,2.7357228e-05,6.168721e-05,0.0001115473,0.00011746571,1034,test
0.9975727,0.0009447445,0.0010428297,2.355775e-05,3.020764e-05,0.00010367951,8.900408e-05,0.00019326115,1035,test
0.9920026,0.00079986214,0.006759085,5.885082e-05,4.5202683e-05,0.00010086741,8.665281e-05,0.00014689425,1036,test
0.98746103,0.0013373801,0.009964623,0.000110907975,6.849433e-05,0.00024073588,0.0002656571,0.00055103836,1037,test
0.9979709,0.00065384706,0.0010552778,2.6549016e-05,1.9670335e-05,6.278368e-05,8.8161534e-05,0.0001228558,1038,test
0.0008330402,0.0005057381,0.99790996,4.3407104e-05,0.00017767353,6.48528e-05,7.230452e-05,0.000392944,1039,test
0.95194477,0.028064134,0.008953753,0.0008150596,0.001045425,0.0035941438,0.00217006,0.003412664,1040,test
0.9977196,0.00076251075,0.0011308604,4.5466488e-05,2.7153215e-05,9.6905766e-05,0.0001117412,0.00010577063,1041,test
0.00070454885,0.000473192,0.9979601,5.2510615e-05,0.00021175042,7.444114e-05,8.9328074e-05,0.00043412743,1042,test
0.0016405013,0.00012758216,0.99792707,2.927293e-05,4.7349007e-05,4.7598554e-05,3.2450946e-05,0.00014809602,1043,test
0.99863464,0.0006150458,0.00048153236,1.560729e-05,1.37423285e-05,5.9347578e-05,8.5630454e-05,9.4478426e-05,1044,test
1.3299332e-05,0.0010140148,1.0696366e-05,5.0009825e-05,0.9984883,8.185425e-05,5.877736e-05,0.00028295882,1045,test
0.0008827133,0.00029099177,0.9983183,2.9556306e-05,0.00012307403,5.1890052e-05,6.6858825e-05,0.00023661839,1046,test
0.00093358697,0.00044657948,0.9979966,3.5345103e-05,0.00014141951,5.3734566e-05,7.556947e-05,0.00031706222,1047,test
0.00059149065,0.00027071056,0.99868387,2.6969978e-05,0.00013917149,4.203952e-05,5.287021e-05,0.00019292679,1048,test
0.0009307968,0.00040201368,0.9979704,4.2408195e-05,0.00015201869,6.750621e-05,7.737729e-05,0.0003575393,1049,test
0.9952834,0.0008255585,0.0033110257,2.607513e-05,4.0920462e-05,9.930562e-05,0.00014227288,0.00027139782,1050,test
0.0013782296,0.0004517401,0.9972909,7.186814e-05,0.0001461326,0.00016962012,0.00010202839,0.00038948373,1051,test
0.00075327454,0.0005884548,0.9978339,4.6625777e-05,0.00024425524,6.998217e-05,8.3627114e-05,0.0003798634,1052,test
0.9953088,0.0007491495,0.0034317737,4.7801408e-05,3.209048e-05,6.9596754e-05,0.00010372813,0.00025709858,1053,test
0.00078244123,0.0006905095,0.9976949,4.182506e-05,0.00026167327,8.567798e-05,9.758174e-05,0.00034540475,1054,test
0.0006853118,0.0007229425,0.9976998,4.9647562e-05,0.00023575102,8.895619e-05,8.4690786e-05,0.00043294477,1055,test
0.001486638,0.00019455142,0.997633,2.3101757e-05,0.000112202615,0.00013341085,3.6205685e-05,0.00038093462,1056,test
0.9984414,0.00063384004,0.00063925656,2.1959468e-05,1.5812559e-05,6.6276756e-05,9.889703e-05,8.2479215e-05,1057,test
0.0010158825,0.00027200257,0.998235,3.982498e-05,9.470379e-05,4.6966306e-05,6.3290005e-05,0.00023227237,1058,test
0.0008163303,0.0004420251,0.9979765,4.602898e-05,0.00019207608,7.2824085e-05,7.350887e-05,0.0003807134,1059,test
3.865149e-05,0.00040687408,0.0001009892,5.2227875e-05,0.00011800248,0.9981931,6.0649214e-05,0.001029555,1060,test
0.99417204,0.0017320183,0.00283656,0.00022050065,9.7052536e-05,0.00028359346,0.0002546714,0.00040351396,1061,test
0.99451077,0.0009527002,0.004063916,5.338046e-05,3.9356077e-05,8.276334e-05,9.148791e-05,0.00020570416,1062,test
0.0007145173,0.00046468616,0.99815327,3.6353234e-05,0.0001805544,4.8861002e-05,8.461906e-05,0.00031711443,1063,test
0.0011208341,0.00070519256,0.99722713,5.2862466e-05,0.00023717423,7.2369585e-05,0.00010854404,0.0004759755,1064,test
0.99577516,0.0012251139,0.002288381,4.571468e-05,5.9941314e-05,0.00017253347,0.00017087323,0.00026236352,1065,test
0.99609166,0.0010311431,0.0024045378,2.714847e-05,3.5208435e-05,9.09193e-05,0.00010834303,0.00021102407,1066,test
0.0058381553,0.0037444956,0.0012887131,0.007107512,0.0047444883,0.0023795925,0.96748805,0.0074089663,1067,test
0.998086,0.0006388904,0.0009477552,2.3864448e-05,2.440907e-05,6.890809e-05,9.9625424e-05,0.00011065064,1068,test
0.9980228,0.0005507023,0.0011248837,2.1016434e-05,2.8416096e-05,7.140625e-05,8.262244e-05,9.814054e-05,1069,test
0.0008632065,0.00019057271,0.99848074,4.305919e-05,7.623792e-05,4.818029e-05,6.7225665e-05,0.00023066757,1070,test
0.0008322322,0.00094124384,0.99711466,5.2308606e-05,0.00035231485,9.585582e-05,0.000116411415,0.00049506186,1071,test
0.9979602,0.0007228706,0.0010219155,2.4513834e-05,2.082328e-05,5.311152e-05,8.902992e-05,0.00010761499,1072,test
0.0011766109,0.00026471488,0.998028,4.389738e-05,9.7737364e-05,5.6382825e-05,7.4003e-05,0.00025866268,1073,test
0.9975223,0.0008961332,0.0011533824,3.849636e-05,3.0856623e-05,7.727258e-05,0.000108352004,0.0001733251,1074,test
0.000921037,0.0006741166,0.9974216,5.008362e-05,0.00027925667,9.0825095e-05,9.863335e-05,0.00046435374,1075,test
0.0022031076,0.0006221298,0.9956404,6.629404e-05,0.00014617947,0.00019585782,0.00012263191,0.0010033846,1076,test
0.001175706,0.0010242112,0.99648845,7.299877e-05,0.0003997164,0.00013428526,0.00013661319,0.00056806765,1077,test
0.00073177257,0.0007620974,0.9975963,5.25381e-05,0.00024045038,8.3467145e-05,8.909163e-05,0.0004442821,1078,test
0.0014250648,0.00038444836,0.9974177,2.8859926e-05,0.0001306014,8.372482e-05,8.330446e-05,0.00044622656,1079,test
0.00080184813,0.00026999356,0.9984145,3.4213994e-05,0.00013418462,5.3904303e-05,5.8382804e-05,0.00023299042,1080,test
0.00069418974,0.00049794064,0.99808395,4.0298706e-05,0.00021106073,8.037155e-05,7.101246e-05,0.00032122972,1081,test
0.00013002272,0.9994281,3.5235366e-06,2.2299764e-05,0.00021984428,1.7546054e-05,8.6575725e-05,9.2125374e-05,1082,test
0.0011089311,0.00012284129,0.9985013,2.7329177e-05,5.456932e-05,5.1007206e-05,2.6337011e-05,0.00010769768,1083,test
0.99769443,0.00076980796,0.0009765804,4.7218753e-05,2.6593423e-05,0.0001435921,0.00012215697,0.00021953348,1084,test
0.97679627,0.0041564405,0.01563611,0.00068380317,0.00043438614,0.0007580244,0.0010550348,0.00047990444,1085,test
0.000589593,0.00046634776,0.99816257,4.4773697e-05,0.00025063474,6.906523e-05,7.875275e-05,0.00033829545,1086,test
0.0016300838,0.00027898882,0.99755657,6.982061e-05,9.923283e-05,8.988104e-05,6.935725e-05,0.00020609774,1087,test
0.0008392306,0.00019666288,0.99836665,5.009485e-05,0.000104236016,7.89291e-05,6.0163486e-05,0.00030396247,1088,test
0.0009513533,0.00030944002,0.9982566,3.580614e-05,9.9915946e-05,4.4344873e-05,6.371287e-05,0.00023890586,1089,test
0.9977622,0.00085564586,0.0010206536,3.1005886e-05,2.5036476e-05,7.475958e-05,8.536021e-05,0.000145322,1090,test
0.15011455,0.0032392053,0.8441584,0.00022813196,0.0003216664,0.00015565484,0.00040232332,0.0013801478,1091,test
0.0013311416,0.00030681625,0.99768186,2.5473671e-05,0.00012070373,6.253696e-05,6.069116e-05,0.00041077874,1092,test
6.2541825e-05,0.0008328355,0.00029804328,4.89115e-05,7.720123e-05,0.9913809,0.00012654935,0.007173071,1093,test
0.0001195272,0.002775654,0.00026973916,0.00034618963,0.0055844127,0.98345906,0.0006622751,0.0067831785,1094,test
0.00089349726,0.0006837825,0.9974529,5.6419485e-05,0.00028719314,9.118152e-05,9.625381e-05,0.00043881102,1095,test
0.9981766,0.000547661,0.0009584441,2.2471451e-05,2.692442e-05,7.413369e-05,0.000117255884,7.656051e-05,1096,test
0.00027902625,0.9991862,1.1571306e-05,2.968555e-05,0.00023355885,2.0512734e-05,0.00014159051,9.7924356e-05,1097,test
0.0007972464,0.00054339954,0.9978834,5.2095336e-05,0.00022297309,0.000100191406,8.248361e-05,0.00031832745,1098,test
0.00068227435,0.0007032692,0.9975268,4.9876977e-05,0.00035475937,8.364771e-05,0.00011135689,0.00048806827,1099,test
0.0006004292,0.0006493587,0.99792457,4.538571e-05,0.0001961535,8.527759e-05,7.326681e-05,0.00042548703,1100,test
0.0009597252,0.000673179,0.99726236,6.643516e-05,0.0002454188,0.00011049724,0.000104490464,0.00057787856,1101,test
1.5482117e-05,0.0002519284,0.000107147294,6.841534e-05,0.00034772352,0.99831426,4.5219003e-05,0.00084989605,1102,test
0.9983542,0.00058176025,0.00082252984,2.7437749e-05,1.7193322e-05,4.5070203e-05,6.320105e-05,8.87048e-05,1103,test
0.0011852786,0.0011615882,0.9962471,8.2826125e-05,0.00040388756,0.00012399204,0.00015118299,0.00064412254,1104,test
0.9985852,0.0005406471,0.00063688675,1.8196602e-05,1.8290988e-05,5.3972675e-05,7.911732e-05,6.7602836e-05,1105,test
0.0010182392,0.0004420246,0.9979387,4.0011586e-05,0.0001559822,5.99277e-05,8.1476566e-05,0.00026370454,1106,test
0.00073046476,0.001020788,0.9971329,6.496776e-05,0.000362592,0.00010549574,0.00011222361,0.00047053877,1107,test
0.997373,0.0007847684,0.0013944029,3.826354e-05,4.1470834e-05,7.805747e-05,0.00012142258,0.00016859175,1108,test
0.0008892329,0.0006485052,0.99764377,4.762995e-05,0.00024134264,7.0224465e-05,9.394339e-05,0.00036531966,1109,test
0.001054523,0.0012412586,0.9963242,6.902585e-05,0.00048455998,0.00011606537,0.00014560261,0.0005648768,1110,test
0.00063685223,0.00032795666,0.9984692,2.9307414e-05,0.00010602084,4.4172004e-05,6.162757e-05,0.0003248349,1111,test
3.2288644e-05,0.0004807169,0.000114296905,0.00013143115,0.00035188385,0.9979608,5.7819812e-05,0.00087078847,1112,test
0.0043572225,0.0005724973,0.9931924,0.0001712897,0.00018398064,0.00021166027,0.00022497342,0.0010861341,1113,test
0.9599808,0.021348368,0.012966578,0.0007525331,0.0006642256,0.0014554105,0.0009990183,0.0018330817,1114,test
0.00094345567,0.00081903173,0.99720937,5.4844077e-05,0.00027759362,0.000110872,0.00010076899,0.00048396405,1115,test
0.00079725083,0.0013568078,7.906205e-05,0.0032849456,0.00038353828,0.0001609028,0.99235666,0.0015809084,1116,test
0.9934221,0.00077078905,0.0052348315,4.6362333e-05,5.8191894e-05,0.000111941685,0.00012638529,0.00022946611,1117,test
0.9956806,0.00083836354,0.0030384066,4.8230224e-05,4.2383053e-05,9.498475e-05,8.600272e-05,0.00017111807,1118,test
0.9978023,0.0006441454,0.001202733,3.4650588e-05,2.3917399e-05,8.4586645e-05,9.1443486e-05,0.00011617495,1119,test
0.9943276,0.0012418266,0.0037761333,2.1819742e-05,3.9704253e-05,0.0001036484,0.00017021592,0.00031906812,1120,test
0.97906345,0.0023275984,0.01577124,0.00013282437,0.00012807517,0.00034242155,0.00026209888,0.0019722972,1121,test
0.0005303498,0.0005893787,0.9981142,4.199579e-05,0.00023648725,7.106156e-05,6.341199e-05,0.0003531136,1122,test
0.969202,0.0056097945,0.018057954,0.00065870717,0.0006955869,0.0008485548,0.0014443904,0.003483076,1123,test
0.00027208336,0.998623,6.771861e-06,0.00012279805,0.0003951416,6.472212e-05,0.00021579514,0.0002996876,1124,test
0.0015937234,0.00020337148,0.99763155,2.8018689e-05,8.025985e-05,9.138269e-05,3.449807e-05,0.000337109,1125,test
0.0006367823,0.0007847285,0.9977266,4.9871604e-05,0.00023712244,8.1533086e-05,8.352749e-05,0.0003998575,1126,test
0.0007533667,0.0007410328,0.9975188,5.5294062e-05,0.00026601437,8.949915e-05,9.0243346e-05,0.0004858707,1127,test
0.003421919,0.016558044,0.004119598,0.005005173,0.0080454,0.8499459,0.0031187858,0.10978528,1128,test
0.00092373835,0.00060681195,0.9974567,5.362085e-05,0.00026988843,9.434862e-05,9.50266e-05,0.00049997005,1129,test
0.99786997,0.00059454894,0.0012677966,2.3595556e-05,1.9740053e-05,5.7690562e-05,8.725159e-05,7.9364945e-05,1130,test
0.010541461,0.00044042236,0.9881273,0.00014166273,0.00020277605,0.00013949214,9.5155316e-05,0.00031169,1131,test
0.0017027976,0.00012046589,0.99747807,3.5406232e-05,0.00012409849,0.0001154282,5.220261e-05,0.0003715708,1132,test
0.99353856,0.00096160953,0.0050189286,2.9064066e-05,3.6172434e-05,7.799474e-05,0.000110385634,0.00022732823,1133,test
0.99798405,0.0006362539,0.0010259255,3.8736744e-05,1.8890869e-05,9.633226e-05,8.4579224e-05,0.00011522426,1134,test
0.005499246,0.0010742488,0.9906241,0.00029746126,0.0003126779,0.0006796331,0.00032155256,0.0011910553,1135,test
0.0006098728,0.0004527656,0.9982836,4.3716464e-05,0.00021006106,6.681404e-05,6.383557e-05,0.00026936774,1136,test
0.0007605011,0.00079760246,0.99751914,5.1574716e-05,0.00024705837,9.386117e-05,9.25487e-05,0.0004377586,1137,test
0.0010327772,0.0008115779,0.99706584,5.8581725e-05,0.00034920333,0.0001152683,0.00010746607,0.00045933877,1138,test
0.00060696685,0.00015725374,0.998912,1.9408386e-05,7.838067e-05,2.9225965e-05,3.556876e-05,0.00016128193,1139,test
0.0009984298,0.0007164043,0.99734074,5.4191438e-05,0.00028210122,0.00011092489,0.000103058956,0.00039405187,1140,test
1.4614242e-05,0.00079752796,6.183423e-06,2.203914e-06,3.4412536e-05,2.2800918e-05,1.3972616e-05,0.99910814,1141,test
8.145066e-07,6.0962677e-05,0.00016130693,0.99947184,0.0001540516,3.9446904e-06,3.8691003e-05,0.00010842595,1142,test
0.99739873,0.0009080097,0.0011199402,4.9798713e-05,3.9146922e-05,0.00015328218,0.00013073563,0.00020034001,1143,test
0.0011047814,0.00032102657,0.99794847,4.3789187e-05,0.00012069292,5.9396287e-05,8.8278095e-05,0.00031360553,1144,test
2.4239584e-05,0.0003486864,0.00010178633,3.6115776e-05,9.426014e-05,0.9986047,3.392569e-05,0.0007563127,1145,test
0.99335575,0.0008775191,0.005142177,4.5709985e-05,4.9997383e-05,0.000104967,0.00014033791,0.00028367914,1146,test
0.9922571,0.0007305094,0.006418207,5.3134077e-05,7.950367e-05,0.00011459463,0.00012786151,0.0002191454,1147,test
0.0028827854,0.0001780456,0.9965419,6.055409e-05,8.134142e-05,5.87597e-05,3.356409e-05,0.00016300594,1148,test
0.9895182,0.0014025039,0.0077718333,0.0001692673,0.00022723424,0.00026977606,0.00032336562,0.00031779506,1149,test
0.0008016005,0.00094804296,0.99692756,7.002036e-05,0.00050626975,0.00012328761,0.00014126534,0.0004818719,1150,test
0.00017289013,0.99950504,5.4111006e-06,2.1576452e-05,0.00011493397,1.698451e-05,9.0373986e-05,7.270167e-05,1151,test
0.00097434776,0.0003306335,0.99789435,5.492636e-05,0.00024278692,9.254837e-05,0.000118091084,0.00029226125,1152,test
0.98606396,0.008453053,0.0035647366,0.00019005101,0.0001643729,0.00055981014,0.00052593154,0.0004780977,1153,test
0.99766374,0.0008622749,0.0010708703,3.6091966e-05,3.9186947e-05,0.00010050943,9.090486e-05,0.00013656449,1154,test
0.00078771904,0.00046491824,0.9978459,5.1592986e-05,0.00034209286,0.00012209141,9.6706404e-05,0.00028894778,1155,test
0.9961882,0.0012500141,0.0015426262,7.668965e-05,8.223299e-05,0.00036977456,0.00036074122,0.00012976024,1156,test
5.0080725e-05,0.00053005846,0.00010903631,8.334049e-05,0.0001548179,0.99798137,0.000104459745,0.0009868685,1157,test
0.0010437685,0.00031706615,0.9978976,4.6036097e-05,0.00021856219,9.8177465e-05,0.00010803683,0.0002707266,1158,test
0.0012015313,0.00059321494,0.99691004,9.569952e-05,0.00048635254,0.00018643885,0.00014707206,0.0003795835,1159,test
0.001117495,0.00037219608,0.9977118,5.8880094e-05,0.00022451466,0.00010660567,0.000103789236,0.00030480084,1160,test
0.00086882384,0.0004604673,0.9975599,7.5169606e-05,0.00039605785,0.00016972137,0.000107793036,0.00036210578,1161,test
0.003890767,0.0015426177,0.00015162645,0.0025878183,0.0009829818,0.00020194861,0.9879544,0.002687971,1162,test
0.99848276,0.00062117877,0.0005807132,2.5579431e-05,2.9815339e-05,9.683876e-05,8.3428095e-05,7.9720165e-05,1163,test
0.0006382695,0.00023582374,0.99859303,3.8832124e-05,0.00020271778,7.3316034e-05,6.936598e-05,0.00014851107,1164,test
0.0012453867,0.0006791696,0.99656314,0.00010397877,0.00059226394,0.0002031337,0.00016286988,0.00045017077,1165,test
0.000931804,0.00019574299,0.9983436,4.079313e-05,0.00018495496,5.664122e-05,5.896499e-05,0.00018753587,1166,test
0.9887716,0.0013844679,0.008357604,0.00026672095,0.0002007774,0.0004779039,0.00029500973,0.00024588857,1167,test
0.0008291849,0.00057463575,0.99755836,7.6138225e-05,0.0004323771,0.00013800427,0.00012036798,0.00027092558,1168,test
0.0008510335,0.0002880422,0.99791104,7.054861e-05,0.0002446894,0.0001103418,0.00012603485,0.0003982292,1169,test
0.00076940283,0.00036236504,0.9979158,6.759284e-05,0.00030000045,0.00012348423,0.000100214354,0.00036118424,1170,test
0.003918187,0.00050492113,0.9941473,0.00011815465,0.00034679956,0.00021850839,0.00021728962,0.00052889343,1171,test
0.9971872,0.0008458027,0.0012903274,5.7952126e-05,6.6636545e-05,0.0002189906,0.00019395903,0.00013907773,1172,test
0.0012990432,0.0003897053,0.9974273,6.624886e-05,0.00025687326,0.00011627413,0.00010625853,0.0003381649,1173,test
0.0006490111,0.00040228787,0.9980416,6.131663e-05,0.00034742427,0.000118969714,7.9885736e-05,0.00029956456,1174,test
0.0011147066,0.00038899362,0.9976255,6.3822205e-05,0.00022658205,0.00011163225,0.000106982734,0.00036173782,1175,test
0.0005233414,0.00089178054,4.9239665e-05,0.003881397,0.00033741302,8.788382e-05,0.99275255,0.0014764747,1176,test
0.00120637,0.0006461276,0.99675035,0.000103665094,0.00051851734,0.00018368341,0.00016421867,0.00042707997,1177,test
0.9960517,0.00096840964,0.0020528124,6.4270556e-05,5.756392e-05,0.00025043602,0.00023216078,0.00032258595,1178,test
0.0011447478,0.0003646857,0.99772495,5.5276756e-05,0.00021466918,9.4238996e-05,9.521156e-05,0.00030611106,1179,test
0.0012460453,0.000434602,0.9973627,6.372166e-05,0.00030388887,0.00012484926,0.00011969594,0.00034455617,1180,test
0.0012100793,0.00039472355,0.99761605,5.1925057e-05,0.00025405336,9.051651e-05,0.00010924344,0.00027338834,1181,test
0.00018264954,0.002639764,7.8033314e-05,2.2645367e-05,0.0002817795,0.00031781942,0.000104835504,0.99637246,1182,test
0.9979665,0.0006186031,0.000999151,4.7337464e-05,4.2527136e-05,0.00013156609,0.00012102336,7.332532e-05,1183,test
0.0007827795,0.9974929,2.5234522e-05,0.00010087256,0.0006688957,9.568107e-05,0.00051496614,0.00031868275,1184,test
0.0009534768,0.9971034,2.9688748e-05,8.928136e-05,0.00071461,0.00014194798,0.0006141174,0.0003535326,1185,test
0.022962887,0.049865425,0.423463,0.004704945,0.12270858,0.15121429,0.011294677,0.21378624,1186,test
0.0008393073,0.0007892928,0.9966608,8.725363e-05,0.0006340347,0.0002207998,0.000153306,0.00061520387,1187,test
0.0010914396,0.00032222303,0.99785405,5.59359e-05,0.00017753284,9.007572e-05,0.000115658186,0.00029311306,1188,test
0.99721104,0.00071881677,0.0015301056,5.019894e-05,7.544476e-05,0.0001681381,0.00013299818,0.0001132263,1189,test
0.0009688851,0.00021580649,0.9983223,4.0814484e-05,0.00015899543,6.0750106e-05,6.632006e-05,0.0001661751,1190,test
0.0013499276,0.0037265925,0.0019688902,0.00011274238,0.00024337704,0.00033359515,0.00018191733,0.99208295,1191,test
9.36125e-05,0.00132404,5.8719696e-05,1.7724364e-05,0.00012921887,0.00015654867,4.810058e-05,0.99817204,1192,test
9.155479e-05,0.0017223025,4.8383383e-05,1.2311299e-05,0.00016854574,0.0001661268,4.4988134e-05,0.9977457,1193,test
0.9916053,0.0010733047,0.0064398893,6.1888124e-05,9.852246e-05,0.0003183454,0.00022230855,0.00018046446,1194,test
5.8080703e-05,0.0017928844,4.3403757e-05,0.00023188452,0.9959193,0.0006275753,0.00029236593,0.0010345965,1195,test
0.0015705113,0.0005657417,0.9966859,0.000100559366,0.000354864,0.0002183324,0.00016186788,0.00034224713,1196,test
0.99534154,0.0008731524,0.0031987007,3.5343066e-05,6.0678158e-05,0.00014908223,0.00013866552,0.00020289942,1197,test
0.0012370778,0.00046381706,0.9972893,7.551857e-05,0.00028066526,0.00013154377,0.0001308313,0.00039133333,1198,test
0.99763405,0.00059312634,0.0013505062,3.5939185e-05,3.7114823e-05,0.00012702153,0.00011290043,0.00010939356,1199,test
0.00031304389,0.9984648,1.4158053e-05,0.000100245,0.0005245645,8.24177e-05,0.00029991858,0.00020086502,1200,test
0.0007263612,0.00033701258,0.99808645,5.8420585e-05,0.00025876838,0.000103095204,0.000108545086,0.00032134296,1201,test
0.9932815,0.0023227918,0.002126955,0.000274996,0.0001407989,0.00075661094,0.0004698926,0.0006265348,1202,test
0.0013952418,0.0006832813,0.9965616,0.000104519946,0.00045933595,0.0001969644,0.0001749417,0.00042407657,1203,test
0.99547076,0.0013480122,0.002426275,9.391549e-05,9.835673e-05,0.00020715044,0.00019302193,0.00016255966,1204,test
0.0008829789,0.0004939058,0.9975969,8.6464584e-05,0.00037806717,0.00011680453,0.00015018981,0.0002946404,1205,test
0.99748707,0.0006469275,0.0014700157,3.4479097e-05,4.400882e-05,9.979542e-05,0.00012313185,9.457977e-05,1206,test
0.9976325,0.00070510595,0.0012820394,2.5214116e-05,3.653852e-05,9.621635e-05,0.00010114128,0.00012131815,1207,test
0.0012133269,0.00025674203,0.99794906,0.000110922396,0.00010838823,0.00011208573,7.048989e-05,0.00017901207,1208,test
0.0008604406,0.00028291394,0.9982376,3.3135362e-05,0.00017664516,0.00010473109,6.5006e-05,0.00023959675,1209,test
0.0011563236,0.00029717298,0.99780864,5.557323e-05,0.00025509158,0.00010998139,8.648523e-05,0.00023068053,1210,test
0.0007956208,0.00047964253,0.99763954,7.2971874e-05,0.0003572149,0.00014312756,0.000115055045,0.0003968797,1211,test
0.0010278012,0.00060429383,0.99725986,7.9459205e-05,0.00041891693,0.00016819108,0.00013906269,0.0003024173,1212,test
0.00015734334,0.0022772925,5.7243178e-05,1.5817192e-05,0.00016238286,0.00012501392,8.490416e-05,0.99712,1213,test
0.0010364248,0.00044811185,0.9975231,6.533524e-05,0.00032766056,0.00011700683,0.00013263643,0.0003497742,1214,test
0.001121538,0.00023738269,0.9980095,4.5200453e-05,0.00016884354,8.014475e-05,9.1945236e-05,0.00024546427,1215,test
0.0012545168,0.00040268616,0.9975013,6.188418e-05,0.00022458743,0.00010384812,0.000118580305,0.00033254988,1216,test
0.991593,0.0009973826,0.0067050974,5.520114e-05,9.327047e-05,0.00018831147,0.0001775743,0.00019010669,1217,test
0.000623078,0.00044764022,0.9970836,0.00013556855,0.0004071541,0.0006727173,0.00017205103,0.00045832258,1218,test
6.1466875e-05,0.00056018104,6.6848974e-05,0.00010354374,0.00031988943,0.9978801,0.0001023586,0.00090571825,1219,test
0.0009102008,0.0004597708,0.9975587,6.644743e-05,0.0003972819,0.00010456319,0.00013817038,0.000364842,1220,test
5.8124506e-06,0.00018305237,0.00090852816,0.9973802,0.00074684975,0.00028079932,0.0002852721,0.00020949922,1221,test
0.99743575,0.00071884843,0.0013594747,7.460352e-05,5.812245e-05,0.00013723611,0.00011621902,9.972872e-05,1222,test
0.9982488,0.00065926934,0.0007277636,3.9038478e-05,3.487879e-05,0.00012225073,0.000100798825,6.71969e-05,1223,test
0.98936045,0.0015166857,0.007862645,0.00019248972,0.00020299698,0.00030491885,0.00037928874,0.00018060951,1224,test
0.7346694,0.002975618,0.25917023,0.00046128515,0.0006962721,0.00052830455,0.00044639973,0.0010524922,1225,test
0.0010299389,0.00040638083,0.9976659,5.5886052e-05,0.0002914271,0.00011623563,0.00010375833,0.00033055688,1226,test
0.0011168988,0.00052642846,0.9973189,7.866204e-05,0.0003479929,0.00014553449,0.00013815286,0.00032748576,1227,test
0.00082481356,0.00026507885,0.9981982,4.6531328e-05,0.00019793956,9.4171635e-05,9.881949e-05,0.00027451455,1228,test
0.0007489795,0.00032532698,0.9981962,5.4371478e-05,0.00020237456,9.9204255e-05,9.530241e-05,0.00027822366,1229,test
0.00036002975,0.9985098,1.5355403e-05,9.344818e-05,0.000496842,8.317059e-05,0.0002827561,0.0001585448,1230,test
0.99824464,0.0005235116,0.0008975192,2.9215747e-05,3.6178717e-05,9.747483e-05,9.8775e-05,7.269902e-05,1231,test
0.9896003,0.0012478001,0.008080664,8.8797926e-05,0.00013492205,0.00029199582,0.00027442139,0.00028113226,1232,test
0.0010524924,0.00027625007,0.997993,5.10681e-05,0.00018377617,9.274502e-05,8.882878e-05,0.0002618768,1233,test
0.0013141123,0.00048687003,0.9970637,6.611075e-05,0.0003621128,0.00012613733,0.00013219255,0.00044872484,1234,test
0.0009873994,0.0003817352,0.99778277,6.113789e-05,0.00022866693,0.00011709254,9.936737e-05,0.0003418923,1235,test
0.0009397531,0.00045186398,0.99759537,7.73325e-05,0.0003926645,0.00016120798,0.000116357514,0.00026544934,1236,test
0.9390084,0.04403502,0.009919972,0.00062197883,0.00077302137,0.0027280143,0.0015040641,0.0014094989,1237,test
0.9894246,0.0008303396,0.009068687,8.375279e-05,6.872426e-05,0.00016522923,0.0001243732,0.00023432466,1238,test
0.99770975,0.00056725316,0.0012981396,4.8579197e-05,4.558752e-05,0.00013487403,0.000107126245,8.8705216e-05,1239,test
0.0005781186,0.007992551,0.0004587953,0.0029299832,0.97543937,0.007177576,0.0014679404,0.0039555677,1240,test
0.0013061207,0.0003130953,0.99767214,5.776506e-05,0.00019469047,0.000103142476,9.015408e-05,0.00026291853,1241,test
0.9927085,0.00090951595,0.005649382,0.00010889426,8.286878e-05,0.00016867224,0.00014430741,0.0002279199,1242,test
0.00089614093,0.00028511012,0.99815804,5.1701198e-05,0.00023295521,8.304429e-05,9.13245e-05,0.00020179503,1243,test
6.8555026e-05,0.00072857016,7.479258e-05,0.0001243931,0.00044007512,0.99698776,0.0002628577,0.001312995,1244,test
0.00024804668,0.99849784,1.1405284e-05,0.00010936774,0.0005419931,0.00011039299,0.000263502,0.00021754252,1245,test
1.837508e-05,0.0018587814,3.3263226e-05,0.00019077571,0.9968265,0.00029284082,0.0001513409,0.0006279966,1246,test
0.99765044,0.00078372145,0.0011103371,4.9863513e-05,5.784456e-05,0.00011835736,0.00014704955,8.2422914e-05,1247,test
0.9976267,0.0006070355,0.0013092918,3.3839948e-05,4.1419364e-05,0.00015716888,0.00013376519,9.078211e-05,1248,test
0.00039982752,0.9986299,1.27034555e-05,7.85763e-05,0.00046070543,6.11338e-05,0.0002164438,0.00014073808,1249,test
0.0011538449,0.0005332692,0.9971973,7.873034e-05,0.000353224,0.00014240528,0.00013133136,0.00040985428,1250,test
0.0007248754,0.000452994,0.9978332,6.880489e-05,0.00035896717,0.00015121489,0.00011664627,0.000293228,1251,test
0.00072780397,0.00067847583,4.773396e-05,0.0016806859,0.00024095386,7.161767e-05,0.9956643,0.00088844454,1252,test
0.99266773,0.0022381442,0.0031047207,0.00021502069,0.00023799167,0.0006243734,0.00052486284,0.0003872185,1253,test
0.99682826,0.0008375583,0.0018197991,6.6008644e-05,5.178183e-05,0.00014669972,0.00011643248,0.00013343856,1254,test
0.9967257,0.0008857447,0.0018628194,7.7991106e-05,6.313877e-05,0.00012494349,0.0001582807,0.000101365345,1255,test
0.0010008815,0.0003926954,0.99773717,5.677642e-05,0.0002811131,9.7889264e-05,0.00011278424,0.00032064284,1256,test
0.001321225,0.0005658696,0.9969584,9.548253e-05,0.0003776944,0.0001781285,0.00016080648,0.00034243442,1257,test
0.0011165618,0.000431767,0.9973974,7.430174e-05,0.00031053385,0.00015315777,0.00013099167,0.00038523236,1258,test
0.0010025853,0.00046191306,0.9974778,6.973446e-05,0.00034972993,0.000117544376,0.00011426414,0.00040636992,1259,test
0.00067289616,0.00038648507,0.9980661,5.6861358e-05,0.000341452,0.0001275723,8.171202e-05,0.0002668926,1260,test
0.9975299,0.0008296936,0.0011790496,7.303368e-05,4.7675312e-05,0.00014647044,0.000111817055,8.2361024e-05,1261,test
4.8392987e-05,0.0004158376,6.0601466e-05,6.752173e-05,0.00023355157,0.9985245,7.564715e-05,0.00057401846,1262,test
0.99802256,0.0006944331,0.0009606253,2.5736095e-05,3.105017e-05,7.202113e-05,0.00010178716,9.181281e-05,1263,test
0.9978362,0.00063547224,0.0011473189,3.8753133e-05,3.327524e-05,0.00011914628,0.0001072848,8.253911e-05,1264,test
0.000924956,0.00063358067,0.99708325,7.3233816e-05,0.00053762604,0.00018216469,0.00012992838,0.00043525433,1265,test
0.0009351439,0.0005387307,0.997347,8.424815e-05,0.00044911247,0.00015575212,0.00012907761,0.000360846,1266,test
0.99812526,0.0007352765,0.00074396573,4.3223663e-05,4.6137062e-05,0.00010882875,0.00014007594,5.7194426e-05,1267,test
0.00096226996,0.00037223258,0.9977558,6.162995e-05,0.0002459396,0.00013549265,0.000114566516,0.00035211802,1268,test
0.9977901,0.00075603346,0.0010567446,4.565794e-05,4.416061e-05,9.791613e-05,0.0001059937,0.00010344569,1269,test
0.00080287515,0.00035240143,0.9980567,6.021707e-05,0.00027648915,0.00011460151,9.487272e-05,0.00024188367,1270,test
0.0010145975,0.00018973796,0.99812824,5.507815e-05,0.00014539751,0.0001416486,9.243897e-05,0.0002328814,1271,test
0.9969253,0.0008422807,0.0017057982,3.8929877e-05,4.872337e-05,0.00013055622,0.00014828185,0.00016011912,1272,test
0.99747854,0.0006895955,0.001425624,4.5065306e-05,4.672734e-05,0.00012013828,0.000112423644,8.1785736e-05,1273,test
0.99774325,0.0008662344,0.00079225336,5.6882498e-05,4.017208e-05,0.0002302597,0.00015360839,0.00011740993,1274,test
0.0011336482,0.00060423225,0.99701226,9.6195145e-05,0.0004253673,0.00015404873,0.00015048994,0.00042373117,1275,test
0.9967673,0.0010553357,0.0015804649,9.185645e-05,7.0078044e-05,0.0001824541,0.00014582845,0.00010671317,1276,test
0.9979699,0.0007402048,0.0009507296,2.3022341e-05,2.384184e-05,7.316275e-05,0.00011582119,0.000103331,1277,test
0.0012941856,0.0005209059,0.9970866,8.438888e-05,0.0004084759,0.00016245268,0.00014436142,0.00029856892,1278,test
0.0015743037,0.0007533294,0.9962606,0.00010132375,0.00045033425,0.00016909781,0.00019297126,0.00049798493,1279,test
0.997783,0.001006631,0.0008511645,4.1594845e-05,3.7608464e-05,6.993937e-05,0.00013457479,7.551554e-05,1280,test
0.0006214359,0.0006663119,0.997776,7.594444e-05,0.00037198086,0.000121546494,0.000107575026,0.00025931926,1281,test
0.9980525,0.00085812755,0.0007733677,2.9468769e-05,2.8949406e-05,6.283056e-05,0.00011901776,7.591739e-05,1282,test
0.0010674113,0.0011440114,0.99652356,9.1238464e-05,0.00040736806,0.00017852383,0.00017405221,0.00041378752,1283,test
0.9974226,0.0010601374,0.0007034958,7.4816635e-05,7.211196e-05,0.0002068123,0.00020428553,0.0002557642,1284,test
0.0010328453,0.0006884759,0.9973109,7.754829e-05,0.00034174413,0.00014375086,0.00015274469,0.0002520016,1285,test
0.00565505,0.00070493226,0.9927487,0.00012435907,0.0002094909,0.00017384741,0.00013891605,0.000244633,1286,test
0.0012254041,0.0011649223,0.99615484,0.0001261782,0.00051874976,0.00021660009,0.00020108529,0.00039232022,1287,test
0.0019946299,0.0010198703,0.9958889,8.82158e-05,0.00036118148,0.00013692766,0.00019117608,0.00031911352,1288,test
3.428877e-05,0.0004884509,4.983256e-05,5.8910842e-05,0.00012903378,0.9979596,0.000101048514,0.0011788057,1289,test
0.00078315247,0.99738735,2.1382364e-05,4.770538e-05,0.0007736852,0.00013328645,0.0004891563,0.00036422937,1290,test
0.0026901502,0.0008207589,0.9952152,9.774925e-05,0.00030168876,0.00037016417,0.00015943368,0.00034483225,1291,test
0.99660635,0.0011412762,0.001660368,6.703288e-05,8.523092e-05,0.00012215613,0.00018403243,0.00013360786,1292,test
0.0011468828,0.0010710317,0.9963398,0.00012691857,0.00054031337,0.00023313284,0.0001839553,0.00035798672,1293,test
0.0012006409,0.0005657872,0.99741983,6.681412e-05,0.00026949498,0.000107439955,0.00013828032,0.00023173612,1294,test
0.008541907,0.0004896329,0.9902957,0.000115937495,0.00018361855,8.488383e-05,0.00012932751,0.00015890026,1295,test
0.0013999982,0.00093717093,0.9961022,0.0001175382,0.0004509203,0.00017687198,0.00021253928,0.0006027677,1296,test
0.9965622,0.0011221688,0.0019193406,5.3982127e-05,5.375003e-05,6.112911e-05,0.00013957063,8.795627e-05,1297,test
0.99770564,0.00095770275,0.0009337857,5.453618e-05,5.0017017e-05,8.426302e-05,0.0001306598,8.333145e-05,1298,test
0.0009905702,0.00061837083,0.997531,7.3553034e-05,0.0002969311,0.00010726181,0.00013154066,0.0002508749,1299,test
0.0013502783,0.00068522245,0.99675864,0.00010044229,0.0003853579,0.00014903261,0.00022379273,0.00034732773,1300,test
0.0029880488,0.99282044,0.00011784625,0.000102389735,0.0016462922,0.00041286304,0.0012151083,0.0006971235,1301,test
0.0017908732,0.9762538,0.00016941375,0.00088493276,0.0051541403,0.003105636,0.008139693,0.004501536,1302,test
0.98929137,0.0043954453,0.004292618,0.0001203814,0.00027472427,0.00039227097,0.00059656036,0.00063661055,1303,test
0.9879318,0.005046107,0.004769962,0.00022062485,0.00031467236,0.00052427064,0.0007877447,0.0004047419,1304,test
0.0011325551,0.0005689151,0.99752206,8.262699e-05,0.00023028968,9.806782e-05,0.00013366087,0.00023178573,1305,test
0.0010532697,0.00097454456,0.9965532,0.000110615445,0.00049414247,0.00018200657,0.00021837912,0.0004138381,1306,test
0.0009664135,0.00066095614,0.9975189,7.6967684e-05,0.00027514048,0.00011065402,0.0001325294,0.00025838998,1307,test
0.0013020806,0.0010978649,0.99604475,0.00015145862,0.0005778003,0.00023058105,0.000182786,0.00041283114,1308,test
0.0015087161,0.000817879,0.9965983,9.03684e-05,0.0003339888,0.00012580917,0.00017053241,0.00035451062,1309,test
0.99372673,0.0018502609,0.0032544006,0.00019272603,0.00016082113,0.00020915724,0.00037494214,0.00023092412,1310,test
0.9973826,0.0010716717,0.0010071534,5.2640782e-05,5.0578154e-05,0.00012308784,0.00014388672,0.00016840134,1311,test
0.9975321,0.0010575923,0.0009513285,6.0634095e-05,5.5390286e-05,9.826411e-05,0.00015206658,9.249431e-05,1312,test
0.002377918,0.00046978745,0.99650395,5.1235824e-05,0.00022178852,0.000114436196,6.9224625e-05,0.00019171256,1313,test
0.0018534798,0.001035187,0.9956455,0.00012931868,0.00035521097,0.00023669327,0.00021838048,0.00052616675,1314,test
0.008666852,0.97407144,0.0019356043,0.00097115006,0.005476835,0.0028202897,0.004335089,0.0017227193,1315,test
0.99259573,0.0020892578,0.0044044,7.183618e-05,0.000108363725,0.0001468795,0.00035073736,0.00023278387,1316,test
2.0837208e-05,0.0015187262,1.3452332e-05,5.0525377e-05,0.9970481,0.00018903277,0.00013349841,0.0010259559,1317,test
0.9968726,0.0013902253,0.0012059703,7.5463046e-05,5.843145e-05,0.00011023118,0.0001823165,0.000104778555,1318,test
0.00083011587,0.0008119812,0.9972754,8.4772066e-05,0.00040987172,0.00013684254,0.0001545419,0.0002964666,1319,test
0.9971439,0.0013681978,0.00067678734,0.00013236946,6.9800255e-05,0.000197812,0.0001682925,0.0002428766,1320,test
0.0024269023,0.9949635,6.576188e-05,8.5786174e-05,0.00096744625,0.00029814037,0.00082919275,0.00036322628,1321,test
7.69488e-06,0.0014909421,1.03429375e-05,5.298612e-05,0.9976999,4.564458e-05,8.4405205e-05,0.00060798763,1322,test
0.00047846537,0.0042343587,1.7729406e-05,0.00026152175,0.00015958292,0.00015540305,0.0011685368,0.99352443,1323,test
0.00086751964,0.00087792566,0.99701035,6.7063644e-05,0.0004893149,0.00015109926,0.00015933545,0.0003773656,1324,test
0.12813509,0.0050917794,0.8624371,0.0009904004,0.0013678337,0.0004990862,0.00060853653,0.0008701492,1325,test
0.0018975451,0.0012772012,0.9953269,0.000114065704,0.00049445947,0.0002199431,0.00028381165,0.0003860654,1326,test
0.000775057,0.0006305795,0.9975466,8.482974e-05,0.00043308845,0.00015648146,0.00013435956,0.00023896326,1327,test
0.00072934217,0.0006486897,3.0324827e-05,0.002325726,0.0001651657,3.482157e-05,0.9953432,0.0007226453,1328,test
0.99776363,0.0009728915,0.0008723318,3.798908e-05,4.3065254e-05,8.05908e-05,0.000137051,9.243217e-05,1329,test
0.002788086,0.0016459682,0.00080901344,0.0071358425,0.0021375378,0.0007517914,0.9829313,0.0018004354,1330,test
0.0016717851,0.0011691385,0.99562174,0.0001387486,0.00046084585,0.00022632889,0.00023541508,0.0004761292,1331,test
0.0015473653,0.0007593191,0.99674076,8.259496e-05,0.00024800154,0.000112467846,0.00018585904,0.00032362842,1332,test
0.9967102,0.0011741763,0.0016254482,6.234665e-05,4.922863e-05,0.000109232344,0.00017527725,9.417152e-05,1333,test
0.00012857732,0.0020544748,0.00015412601,0.0001792742,0.0031227982,0.9931859,0.00015486196,0.001020044,1334,test
0.995002,0.0012345401,0.0031282937,8.1837185e-05,0.000101858604,0.00011311681,0.00018407904,0.00015425388,1335,test
0.0046915943,0.00086721405,0.99306387,0.00011180543,0.00025037484,0.00032023917,0.00025122295,0.00044372317,1336,test
0.98829657,0.0034080688,0.0061704624,0.00044648812,0.00021932505,0.00034507588,0.00037832092,0.000735565,1337,test
0.0016705547,0.0009770603,0.996077,9.919826e-05,0.00040824234,0.00018446326,0.00020771292,0.00037580187,1338,test
0.0010482867,0.001285292,0.99594975,9.141125e-05,0.00059971894,0.00022943495,0.00023250525,0.00056356954,1339,test
0.9979803,0.00094057526,0.00072976586,5.5039585e-05,4.0140872e-05,7.6264856e-05,9.06274e-05,8.738023e-05,1340,test
0.0011784881,0.0005972342,0.99745816,6.666858e-05,0.00022395577,8.355473e-05,0.00014978988,0.00024204195,1341,test
0.0010471037,0.0014235597,0.99596304,0.00013520083,0.00062486576,0.00016629764,0.00021356218,0.00042637307,1342,test
0.99708074,0.0011107624,0.0013146632,8.375627e-05,5.365787e-05,9.9452314e-05,0.00011747697,0.00013945946,1343,test
0.000771709,0.9973851,1.7914525e-05,5.8305253e-05,0.00063507445,0.00012774022,0.00063480315,0.00036938122,1344,test
0.9918194,0.001644509,0.0057651913,6.394512e-05,0.00011321834,0.00013441304,0.00023471356,0.00022455724,1345,test
0.99634796,0.0016041655,0.0013863856,8.568904e-05,8.1513965e-05,0.00014734421,0.0001884164,0.00015855876,1346,test
0.0010747282,0.000546077,0.9974917,7.00817e-05,0.00029901284,0.00011864194,0.00015590922,0.00024388895,1347,test
0.9974292,0.00094292813,0.0012305727,6.0607254e-05,4.913286e-05,9.092623e-05,0.00013700298,5.95858e-05,1348,test
0.00092252897,0.0006326267,0.9973695,8.795243e-05,0.00036663067,0.00012345432,0.00019183812,0.00030540294,1349,test
0.0013185545,0.00062425074,0.9972132,7.927255e-05,0.00021934451,0.00011544135,0.00015056218,0.00027937436,1350,test
0.000780467,0.0007242909,0.9972996,8.081924e-05,0.0005257918,0.00016182735,0.00015015206,0.00027715263,1351,test
0.000970308,0.0006954079,0.99750096,7.877009e-05,0.00029411376,0.000109645385,0.0001222117,0.00022858645,1352,test
0.00092664734,0.0010167436,0.996637,0.00010350899,0.00047814785,0.00015968841,0.0002223489,0.00045591456,1353,test
0.0020699129,0.0007011603,0.9955642,0.00015987382,0.00030973557,0.0003708064,0.00026598197,0.0005583703,1354,test
0.99540955,0.0011375833,0.0028513519,7.2182935e-05,8.723348e-05,0.00012550017,0.00017744754,0.00013913984,1355,test
0.0011826056,0.00090050936,0.996736,8.381527e-05,0.00039308594,0.00016671758,0.00018300305,0.0003542375,1356,test
0.9963213,0.0017202167,0.0012751044,7.479999e-05,7.17474e-05,0.00015716588,0.0002462779,0.00013348142,1357,test
0.0014930738,0.0018314801,0.9944484,0.00015237457,0.0007857785,0.0003423307,0.00027765657,0.00066887646,1358,test
0.0439523,0.0029110946,0.9452356,0.0008012733,0.0031623677,0.001311886,0.0009993351,0.0016260459,1359,test
0.0014644833,0.0005230358,0.9972096,6.825223e-05,0.00021138162,0.00011567909,0.00014987915,0.0002576225,1360,test
0.9974694,0.00095650763,0.0012043675,5.3099215e-05,3.762764e-05,8.681798e-05,0.000115627925,7.6602206e-05,1361,test
0.9965419,0.0015089475,0.0013954417,8.016371e-05,7.0682516e-05,0.00010487364,0.00016826694,0.00012968012,1362,test
0.9980533,0.0009416453,0.000601434,4.5480265e-05,4.1751475e-05,0.000101372,0.00014717138,6.780017e-05,1363,test
0.0019574051,0.00043668388,0.99693054,5.9512633e-05,0.00015790579,0.00014664706,9.107104e-05,0.0002203687,1364,test
0.0010025038,0.0010828413,0.9965054,0.00012681914,0.0005230317,0.00023216553,0.00019228723,0.00033492083,1365,test
0.9979565,0.0008664845,0.0007817017,4.7482717e-05,4.740756e-05,9.516856e-05,0.00012479442,8.041519e-05,1366,test
0.9106411,0.011998374,0.06934,0.001329332,0.0012560436,0.0014126233,0.0012932029,0.0027294115,1367,test
0.0011233088,0.00064631936,0.997097,9.743411e-05,0.00035169278,0.00013381407,0.00021890189,0.00033154097,1368,test
0.0011312428,0.001367241,0.9959216,0.00014185818,0.000614655,0.00021232046,0.00021033973,0.00040062785,1369,test
1.4280389e-05,0.00039942074,2.0712378e-05,3.3270764e-05,6.550299e-05,0.9989139,2.9921663e-05,0.00052303885,1370,test
0.0016236455,0.000712088,0.99660885,8.074817e-05,0.00039169862,0.00012676677,0.00016167395,0.00029463254,1371,test
0.001273091,0.0007731015,0.9969785,9.0791844e-05,0.00027921965,0.0001231637,0.00016374077,0.00031838627,1372,test
0.9971507,0.0009509267,0.0013750256,7.69312e-05,4.268762e-05,0.00010663558,0.00014027934,0.00015682355,1373,test
0.0013427313,0.00079740444,0.9967001,9.6761236e-05,0.0003507362,0.00016546265,0.00017404917,0.00037264015,1374,test
0.0014727403,0.00096159824,0.9961578,0.00012237698,0.0004888042,0.00019447599,0.00017861769,0.0004235966,1375,test
0.0010731629,0.99714476,2.8851231e-05,8.933694e-05,0.00080183975,0.00012274181,0.0005101722,0.00022911142,1376,test
0.0016251331,0.00083775603,0.9965725,7.6641496e-05,0.0002729912,0.00012276511,0.00017307058,0.00031913284,1377,test
0.0011433582,0.0005634984,0.99746895,8.573221e-05,0.00024725808,0.00011425037,0.00013664762,0.00024037567,1378,test
0.93319494,0.03793452,0.021100204,0.00062992005,0.0012154133,0.0023420579,0.0020879703,0.0014949819,1379,test
0.001051421,0.00084224547,0.99694437,9.266074e-05,0.00034389738,0.00014118664,0.00014190502,0.00044228273,1380,test
0.9963761,0.0018902036,0.0012381773,7.926185e-05,5.5069257e-05,7.680666e-05,0.00018070485,0.00010356541,1381,test
0.0014888813,0.0013372612,0.99542147,0.00016066719,0.0005988084,0.00026491738,0.00024054454,0.0004875184,1382,test
0.0010851818,0.001189031,0.99642026,0.000105775835,0.0004310835,0.00016986864,0.00018895285,0.0004098483,1383,test
2.4282284e-05,0.00020190235,4.024115e-05,4.1590352e-05,8.2763814e-05,0.9986803,4.43198e-05,0.0008846369,1384,test
0.001563791,0.0010934519,0.9960828,0.00010048605,0.0004635085,0.0001590913,0.00020293555,0.00033391474,1385,test
0.0024630763,0.0005132522,0.99630713,8.7538e-05,0.00016442969,0.00013463227,0.00012476067,0.00020528384,1386,test
0.0013160049,0.00061505777,0.9974595,7.250826e-05,0.00020649811,8.802313e-05,0.00010893201,0.0001335842,1387,test
0.001779889,0.9959001,4.7117337e-05,7.8836136e-05,0.0009926552,0.00016583041,0.0007412146,0.00029431714,1388,test
0.99538076,0.0012780068,0.0026640675,5.5016604e-05,6.937223e-05,0.00011209235,0.00023773713,0.0002029556,1389,test
0.5570257,0.40915373,0.009804782,0.0013528811,0.0030041744,0.009889342,0.0061981166,0.0035713508,1390,test
0.055817787,0.0024056204,0.93423456,0.0014169831,0.0022694236,0.0008416558,0.001025244,0.0019887113,1391,test
0.99392503,0.0019406,0.0033127973,9.2526025e-05,0.00010609497,0.00013951083,0.0003014336,0.00018203729,1392,test
0.00030817316,0.0017254022,0.00031588165,0.0008551684,0.010724428,0.9855143,0.00018052664,0.00037616873,1393,test
0.0010526784,0.0005542744,0.9975237,7.536212e-05,0.00028644296,0.00011340772,0.00015079274,0.00024338513,1394,test
0.99744284,0.0014511066,0.0005900802,6.76036e-05,3.9520924e-05,0.0001260418,9.649465e-05,0.00018641917,1395,test
0.99711156,0.0012057062,0.0011502883,9.6450836e-05,6.852844e-05,0.0001127275,0.00013663802,0.00011798732,1396,test
7.863129e-06,0.0014406124,1.2627651e-05,5.5646087e-05,0.9978284,7.7320845e-05,6.24578e-05,0.00051510177,1397,test
0.0009601188,0.00068276376,0.99740016,6.944962e-05,0.0003079439,0.00012701802,0.00013463506,0.000317944,1398,test
0.9977143,0.0010846597,0.00078763464,3.9441038e-05,4.44037e-05,8.9020956e-05,0.00013620954,0.00010433294,1399,test
0.0014566176,0.0013873227,0.99547356,0.00013767475,0.0005893757,0.00024256895,0.00023298725,0.00047988663,1400,test
0.00042863755,0.0020414286,0.0006352112,0.001595801,0.019077629,0.97414285,0.00065119076,0.0014272787,1401,test
0.0014057814,0.00063613616,0.9969981,8.52106e-05,0.00024111239,0.00012305997,0.00019678962,0.00031384814,1402,test
0.0016902366,0.0006643561,0.99666256,0.0001032362,0.00028719334,0.0002699888,0.0001274612,0.00019502746,1403,test
0.0012496223,0.9954259,3.489022e-05,0.0001318193,0.0012735745,0.00018702756,0.0008839154,0.0008133515,1404,test
0.9981269,0.0009353661,0.0006314549,4.108926e-05,2.6258484e-05,6.1828636e-05,8.569284e-05,9.132697e-05,1405,test
3.2941568e-06,0.0003253051,5.432304e-07,2.3527967e-07,4.4282388e-06,3.466198e-06,8.806398e-07,0.9996618,1406,test
0.0010468361,0.0006201347,0.99750215,6.656543e-05,0.00027992128,9.982644e-05,0.00014083639,0.00024366901,1407,test
0.99826235,0.0005514373,0.0008774439,5.2610845e-05,5.789522e-05,8.2130005e-05,7.566286e-05,4.0424784e-05,1408,test
0.0010307189,0.00035064635,0.9980515,5.7555044e-05,0.0001911842,8.4770916e-05,7.7352735e-05,0.0001563388,1409,test
0.0002834414,0.0028846671,0.000120203455,7.342973e-05,0.0002939459,0.00059682835,0.00021070507,0.9955368,1410,test
0.0009111016,0.00040460975,0.9979405,7.034859e-05,0.00025886876,0.00010721459,0.00012110173,0.00018619034,1411,test
0.00057486375,0.00031977412,0.99856734,6.0853687e-05,0.00019221692,8.639069e-05,5.8979163e-05,0.0001396024,1412,test
0.0056163543,0.9883413,0.00039121223,0.0002127709,0.0016470045,0.000907862,0.0016195644,0.0012638955,1413,test
0.9982243,0.00062226405,0.000853194,4.038625e-05,5.0625862e-05,6.7927256e-05,9.844882e-05,4.2936936e-05,1414,test
0.99676263,0.00063357933,0.00212384,0.00011196903,0.00010949048,0.000114824295,9.7584605e-05,4.609957e-05,1415,test
0.9986255,0.000558392,0.0005433167,4.2504398e-05,4.213797e-05,7.643944e-05,7.637124e-05,3.544419e-05,1416,test
0.0011936618,0.00018543735,0.99830014,4.4154916e-05,8.7179214e-05,6.8859474e-05,4.1015068e-05,7.954057e-05,1417,test
0.98721385,0.0025965567,0.009087847,0.0002694763,0.00016710875,0.0001934617,0.00017411579,0.00029764656,1418,test
0.0005776598,0.00035605973,0.99845195,5.6740577e-05,0.00023977256,7.818186e-05,8.712041e-05,0.00015251865,1419,test
0.0010843698,0.00024174803,0.99803096,4.2127744e-05,0.00014518494,0.00013278851,6.325559e-05,0.00025946964,1420,test
0.000804086,0.00040703473,0.9982844,5.5952234e-05,0.00018005638,7.794617e-05,6.65514e-05,0.00012392786,1421,test
0.0008953843,0.0002874911,0.99832493,4.954345e-05,0.00017657503,7.312564e-05,8.2607425e-05,0.00011034505,1422,test
0.00092548935,0.00031829148,0.9981988,5.1167997e-05,0.00017664165,7.4177e-05,9.0075555e-05,0.00016537154,1423,test
0.00076144806,0.00026088028,0.9984388,4.4909008e-05,0.0001937548,6.955019e-05,6.293747e-05,0.00016777181,1424,test
0.70872957,0.026040731,0.2450327,0.0033957479,0.0017355315,0.0041911337,0.002860551,0.008014057,1425,test
0.00022157648,0.0016580253,0.00027297714,2.714156e-05,0.00010307478,0.0006450209,9.099675e-05,0.9969812,1426,test
0.99851876,0.000532872,0.00063582184,5.3056523e-05,4.171323e-05,0.000101099824,7.807473e-05,3.8755505e-05,1427,test
0.0009297268,0.0004280283,0.9979923,5.4907137e-05,0.00022549783,7.655462e-05,0.000114104565,0.00017896845,1428,test
0.0006764939,0.00024584474,0.998574,4.497257e-05,0.00015636398,7.987174e-05,6.0544626e-05,0.00016185839,1429,test
0.00041643612,0.00025074813,0.9988055,4.7673315e-05,0.00026460222,5.5833483e-05,5.3354222e-05,0.00010579289,1430,test
0.9983564,0.000517737,0.0007878391,5.6994966e-05,5.542511e-05,9.048458e-05,8.673497e-05,4.8264374e-05,1431,test
0.008779848,0.96459585,0.0016260124,0.0012849697,0.0059678336,0.004080879,0.00648364,0.0071809767,1432,test
0.0040679374,0.9902312,0.00015332758,0.00023449646,0.0018908582,0.00095625845,0.0013877678,0.0010781257,1433,test
0.0004554658,0.0003563828,0.99842775,8.747136e-05,0.00033318042,0.00010703794,6.926691e-05,0.00016352668,1434,test
0.0014591593,0.00036223937,0.9973195,0.00013141223,0.00016631227,0.00019986766,0.0001757628,0.00018575446,1435,test
0.00017814375,0.00015619822,0.9991492,5.2934258e-05,0.0002654433,7.016898e-05,3.935222e-05,8.86061e-05,1436,test
0.012347451,0.97353494,0.003449977,0.0006339953,0.0022597942,0.0008968662,0.0028179153,0.004058984,1437,test
0.0006065456,0.00030364812,0.99855906,5.4789667e-05,0.00017955592,6.85712e-05,5.895668e-05,0.0001688613,1438,test
0.9979424,0.0006275405,0.0010806354,5.946207e-05,3.756644e-05,7.954385e-05,9.658258e-05,7.613646e-05,1439,test
0.00054914574,0.00028924274,0.9984939,7.1195245e-05,0.00023032968,9.862608e-05,5.9545167e-05,0.00020803492,1440,test
0.99807894,0.00077463646,0.0007224307,5.1377774e-05,5.022184e-05,0.000117083626,0.00012692715,7.829694e-05,1441,test
0.0005550801,0.000342914,0.9984823,5.9028043e-05,0.00024655467,6.812297e-05,9.7677286e-05,0.00014834016,1442,test
0.0012897997,0.00025890538,0.9980398,4.704632e-05,0.000119261545,4.5706005e-05,7.51166e-05,0.0001244625,1443,test
0.99888223,0.00052898895,0.00033578294,3.7586797e-05,2.6915204e-05,8.245184e-05,7.128014e-05,3.4765184e-05,1444,test
0.99815935,0.0006463829,0.0008204416,7.3645e-05,5.450518e-05,9.920968e-05,9.3501294e-05,5.2999756e-05,1445,test
0.0006364672,0.00031702514,0.99837106,6.231793e-05,0.00024994824,9.964789e-05,7.480178e-05,0.000188734,1446,test
0.015227586,0.007371495,0.0024237714,0.011243404,0.0075227073,0.005078399,0.9432575,0.007875088,1447,test
0.00091951585,0.00043190568,0.9979614,6.7657515e-05,0.00021967808,8.5656655e-05,9.8631586e-05,0.00021558779,1448,test
0.9987575,0.00044729345,0.000592652,2.475788e-05,2.3961811e-05,6.0838167e-05,5.3306492e-05,3.9735212e-05,1449,test
0.048241913,0.0016372,0.94663286,0.0005324774,0.0005235291,0.0006487617,0.0005851526,0.0011981296,1450,test
0.0032213083,0.99129045,0.00016922667,0.00017793625,0.0021654961,0.00041489967,0.0011364446,0.0014242409,1451,test
0.00073803373,0.00041240855,0.99812406,5.9377064e-05,0.0002873743,8.962908e-05,8.3886946e-05,0.00020523481,1452,test
0.000610816,0.0004280658,0.9981127,8.458343e-05,0.0003561204,0.000115056384,9.50473e-05,0.00019760463,1453,test
0.998097,0.0007410669,0.0006484522,8.267154e-05,5.468598e-05,0.00019692483,9.112179e-05,8.804664e-05,1454,test
0.0044539194,0.9845613,0.0004594401,0.00014435433,0.00308012,0.0016234915,0.0012040931,0.004473245,1455,test
0.9901543,0.0012156009,0.007327851,0.00017311584,0.00012930905,0.0003327987,0.00040662926,0.0002603353,1456,test
0.99799275,0.000589378,0.0010995197,4.9394042e-05,4.3200413e-05,9.3244926e-05,8.345191e-05,4.9162165e-05,1457,test
0.00087019295,0.000488836,0.99767643,0.00010478676,0.00031573806,0.0001649131,0.00012262526,0.0002565953,1458,test
0.0012495093,0.00032769176,0.9978911,5.737159e-05,0.00012790783,9.54064e-05,7.976218e-05,0.00017117035,1459,test
0.9291452,0.0060997903,0.06199108,0.000379993,0.0006004921,0.00046355202,0.00043463745,0.00088527333,1460,test
0.0009209842,0.0004259739,0.9979819,5.51487e-05,0.00023727656,7.168799e-05,0.00011278953,0.0001941675,1461,test
0.0036264956,0.9925248,0.00013413293,0.00015944852,0.0014084695,0.0004215871,0.0009119048,0.00081329915,1462,test
0.004477065,0.991305,0.0002710843,0.00015408474,0.0015920975,0.00038700862,0.0008425183,0.0009711292,1463,test
0.005015823,0.000533388,0.9930738,0.00017229695,0.00032684466,0.0003339503,0.00020015733,0.0003436689,1464,test
8.493625e-05,0.0019042898,6.361055e-05,2.003367e-05,0.00017066793,0.0004963571,4.8575548e-05,0.9972115,1465,test
0.99712116,0.00048824307,0.002042282,4.8770187e-05,4.762221e-05,9.13517e-05,0.000108167435,5.2419262e-05,1466,test
0.00066507346,0.003424986,0.00017291326,6.733143e-05,0.00016027637,0.00060753024,0.00027830285,0.99462366,1467,test
0.0076447343,0.9737388,0.0017202122,0.00042486587,0.0044125356,0.0022528407,0.0023314492,0.0074745556,1468,test
0.0057501323,0.0031291575,0.0013243333,0.007409559,0.0030695926,0.0013940696,0.9747293,0.003193971,1469,test
0.9968087,0.00081202044,0.0017620964,0.00011708214,8.258035e-05,0.00017923453,0.00012450665,0.00011372246,1470,test
0.9970708,0.0009513929,0.0015514033,8.568818e-05,5.9328886e-05,0.00011847341,0.000101269114,6.1717816e-05,1471,test
0.998027,0.00056732446,0.0011367485,4.4132357e-05,3.2036536e-05,7.576625e-05,7.133699e-05,4.5708868e-05,1472,test
0.9976707,0.00064505904,0.0013096106,6.579627e-05,6.892424e-05,9.016522e-05,9.43631e-05,5.532285e-05,1473,test
3.968738e-05,0.00031480828,0.00011729224,0.00012922157,0.00028993835,0.99806243,7.656045e-05,0.00097005506,1474,test
0.0008652821,0.00021141276,0.9985252,4.7753383e-05,0.000104719,6.87201e-05,6.5986205e-05,0.000110932466,1475,test
0.00052049314,0.0004397231,0.99833626,9.69995e-05,0.00019162579,0.00014070823,9.5829026e-05,0.0001783825,1476,test
0.0011289174,0.00037504092,0.9979241,5.2585197e-05,0.00016888611,7.7198805e-05,9.73928e-05,0.00017589536,1477,test
0.00083760225,0.00033004477,0.9982552,5.283961e-05,0.00023951393,7.394838e-05,9.053488e-05,0.00012036684,1478,test
0.0007707898,0.00034247767,0.99832743,5.3641405e-05,0.00020507608,7.585275e-05,8.1768965e-05,0.00014298249,1479,test
7.657275e-05,0.0031800526,6.753045e-05,5.875767e-06,0.00019146885,0.00053887477,7.780316e-05,0.9958619,1480,test
0.9973495,0.0006896309,0.0014602321,0.000107875494,5.8243048e-05,0.00012357152,0.0001211932,8.969646e-05,1481,test
0.00015613057,0.0024670768,6.5851345e-05,1.01777e-05,0.00011942222,0.00048367112,6.873713e-05,0.99662894,1482,test
0.89042467,0.013771774,0.0820432,0.0019189273,0.0034657118,0.0028727348,0.0021343285,0.0033686818,1483,test
0.001012329,0.00035203114,0.9980697,5.5079334e-05,0.0001951492,9.1617105e-05,8.497668e-05,0.00013917201,1484,test
0.99881953,0.00053967483,0.00042610953,3.6391033e-05,2.6749083e-05,4.9402446e-05,5.9779584e-05,4.2310265e-05,1485,test
0.00033611123,0.00026447437,0.9988305,6.255244e-05,0.00025083142,8.5427e-05,4.1768566e-05,0.00012834437,1486,test
0.00090111676,0.00038888838,0.998162,5.546068e-05,0.00015090103,6.6949215e-05,8.671023e-05,0.00018802461,1487,test
0.00050279393,0.0003102404,0.9985972,4.8809594e-05,0.0002530795,7.945036e-05,6.160392e-05,0.00014685217,1488,test
0.000782852,0.00032696384,0.998312,4.495858e-05,0.00020182173,6.338809e-05,9.4051145e-05,0.0001740665,1489,test
0.0009958126,0.00054082944,0.99750596,9.594567e-05,0.00036570925,0.00016062299,9.2161696e-05,0.0002429467,1490,test
0.00023707197,0.00018187292,0.99907565,5.6470926e-05,0.00024070109,6.6702734e-05,4.169822e-05,9.9814606e-05,1491,test
0.0011005978,0.00020064173,0.9983827,4.7040994e-05,7.967653e-05,5.9156664e-05,5.1263738e-05,7.895175e-05,1492,test
0.00044920397,0.00020442443,0.99887866,4.503539e-05,0.00016835905,6.879519e-05,4.8313348e-05,0.00013725508,1493,test
0.99833447,0.00069387344,0.0005529868,4.7160043e-05,4.7732694e-05,0.00012337299,0.00010808587,9.23355e-05,1494,test
0.00021985867,0.0030913898,0.0002414735,0.00023142004,0.9711288,0.0017906555,0.0006161504,0.022680232,1495,test
0.0008759318,0.003989534,0.00070950575,0.0005366782,0.0009284887,0.97052664,0.0022331448,0.020200087,1496,test
5.0179366e-05,0.0003840113,6.301025e-05,5.8462276e-05,0.00010106713,0.9986986,8.5645486e-05,0.00055896473,1497,test
0.9974872,0.0005456237,0.0016777801,5.370872e-05,4.0443883e-05,8.0668106e-05,6.3103966e-05,5.1488143e-05,1498,test
0.00090055057,0.00032241517,0.99828905,4.4744498e-05,0.00016001462,7.681364e-05,8.920435e-05,0.000117093754,1499,test
0.0004924152,0.00036017655,0.9983979,6.650205e-05,0.00034033737,0.000105147745,7.415529e-05,0.00016336389,1500,test
0.0066801067,0.983157,0.0003557001,0.00076713384,0.0036664198,0.0008707464,0.002983524,0.0015194721,1501,test
0.0007750938,0.0004557026,0.9978376,0.00010410082,0.00037527672,0.00014791294,0.00010822977,0.00019609097,1502,test
0.00086489576,0.00029430495,0.9983512,4.014687e-05,0.00015549152,5.6173318e-05,8.534985e-05,0.0001524205,1503,test
0.0007163705,0.0008035473,3.0717878e-05,0.00078327087,0.00044500583,6.686744e-05,0.99558216,0.0015719697,1504,test
0.0012373903,0.00031098613,0.9977981,0.00010034213,0.00017408346,0.00014148727,0.00011050812,0.00012715222,1505,test
0.9985851,0.0006579894,0.00043739882,5.0008428e-05,3.859877e-05,9.52631e-05,9.004024e-05,4.5673012e-05,1506,test
0.0008399028,0.00039385958,0.9981744,6.232372e-05,0.00021477266,8.648544e-05,8.917471e-05,0.00013913181,1507,test
0.9952787,0.00066408154,0.0036249824,0.00011792699,5.756035e-05,9.894318e-05,9.540178e-05,6.2373176e-05,1508,test
0.0006461854,0.0003728883,0.9983012,7.491597e-05,0.00023861777,0.00010418754,8.699411e-05,0.00017502093,1509,test
0.0006356553,0.00023065311,0.99852294,5.4963686e-05,0.00023969678,8.460706e-05,6.995539e-05,0.00016147054,1510,test
0.00020842414,0.00016348387,0.9991979,5.053162e-05,0.00021695367,5.5576515e-05,3.538336e-05,7.174242e-05,1511,test
0.99804085,0.00048644148,0.0011494342,0.00011206792,4.3785436e-05,5.9538925e-05,4.669103e-05,6.112164e-05,1512,test
0.9961986,0.0015369146,0.0016047421,0.0001474807,9.43011e-05,0.00014458681,0.00015066886,0.00012260852,1513,test
0.986985,0.0016326508,0.009995763,0.0003375625,0.0002907125,0.0002646162,0.00031139978,0.00018219947,1514,test
0.006797209,0.9858505,0.000771142,0.00025163195,0.003299642,0.00044439107,0.0012948988,0.0012905863,1515,test
0.0002741875,0.0001985241,0.99886763,6.58222e-05,0.00034060437,9.4227056e-05,4.2288822e-05,0.000116752155,1516,test
0.99211895,0.0015827646,0.004987065,0.0001419262,0.00014597242,0.00040506074,0.00034277278,0.0002754761,1517,test
0.0007331502,0.000445096,0.9981856,5.0411196e-05,0.00021817975,7.838614e-05,0.00010727202,0.00018192851,1518,test
0.0013837705,0.00080050644,0.99678385,6.529267e-05,0.00041555002,0.0001162142,0.00012599482,0.00030887505,1519,test
0.0010561515,0.0003682968,0.9980469,4.5013643e-05,0.00017267297,6.663805e-05,8.4542524e-05,0.0001597663,1520,test
1.126155e-05,0.0014302593,9.658897e-06,2.845699e-06,0.00010903401,9.885155e-05,1.4021788e-05,0.998324,1521,test
0.9986418,0.00058094645,0.0004615733,5.7028174e-05,4.439318e-05,0.000103845174,7.680466e-05,3.3700187e-05,1522,test
0.0005984018,0.00029294705,0.99850416,5.495532e-05,0.00023903871,7.581193e-05,6.65156e-05,0.00016824283,1523,test
0.0013216498,0.0004670135,0.9974482,7.430155e-05,0.00023596686,0.000102001955,9.964574e-05,0.00025118588,1524,test
0.00042986745,0.003857528,0.0001587391,0.00021444919,0.00036226853,0.0020947543,0.00018125275,0.9927012,1525,test
0.00045179515,0.0003178982,0.9985374,5.3619646e-05,0.00028074518,9.0118745e-05,8.542799e-05,0.0001829056,1526,test
0.9986808,0.00049551233,0.000515154,5.5635122e-05,3.6534067e-05,9.218211e-05,7.751889e-05,4.6720794e-05,1527,test
0.0044039963,0.99132264,0.00033896277,0.00017743974,0.0015595568,0.00033277122,0.0010761003,0.00078856014,1528,test
0.00015954059,0.0050833225,6.35191e-05,1.702854e-05,0.00033326386,0.00025585562,0.000110216366,0.9939772,1529,test
0.0006646757,0.00035458666,0.99844426,4.758622e-05,0.00018903986,6.9050926e-05,8.255264e-05,0.00014816909,1530,test
0.0009180609,0.00028180232,0.99825174,4.637235e-05,0.00020769349,6.2490144e-05,7.7788194e-05,0.0001539895,1531,test
0.9983407,0.00068689324,0.000652514,8.3407875e-05,4.124806e-05,7.983358e-05,7.253814e-05,4.2845324e-05,1532,test
0.0007903333,0.00036235925,0.99814403,7.697832e-05,0.000247067,0.00010001449,7.565274e-05,0.00020346818,1533,test
0.008306537,0.0004993049,0.99034506,0.00023968371,0.000186878,0.00010581924,0.00014783056,0.0001688558,1534,test
0.0059279297,0.008044211,0.060532168,0.022831695,0.105502404,0.7691962,0.014498463,0.01346678,1535,test
0.0010225016,0.00071631675,0.99693596,8.274881e-05,0.0005830229,0.00013742306,0.00010155221,0.00042043958,1536,test
1.9717477e-06,0.00070742244,5.0019173e-07,5.9152205e-07,1.76144e-05,4.466016e-06,1.710637e-06,0.99926573,1537,test
0.0013320937,0.0007639637,0.99668115,8.7096465e-05,0.00040039464,0.00013709582,0.00011692946,0.0004811818,1538,test
0.0015554776,0.0010676591,0.9949832,0.00017418854,0.00073199085,0.00036063767,0.00018544323,0.0009414406,1539,test
0.99823916,0.00085572625,0.0004795131,6.0769147e-05,3.35206e-05,9.9943354e-05,0.00012172289,0.0001096508,1540,test
0.0016075347,0.0007576902,0.99643904,0.00010354421,0.0003001336,0.00014831458,0.00013589178,0.0005077956,1541,test
0.0022844651,0.0017081363,0.99395084,0.0001393974,0.00055603427,0.0002466413,0.0002602717,0.0008541545,1542,test
0.0016303603,0.0010685299,0.995424,0.00012982379,0.0005202729,0.00024158657,0.00018132727,0.000804139,1543,test
0.001335614,0.00093372987,0.9961325,0.00010190307,0.0005117284,0.00016659756,0.00017293346,0.0006449996,1544,test
0.00087961834,0.9974771,2.3477356e-05,4.1847965e-05,0.0005878364,7.814792e-05,0.0005179037,0.00039411965,1545,test
0.0018959359,0.0014782613,0.994242,0.00015890576,0.0009439089,0.00026000803,0.00024058922,0.00078040734,1546,test
0.00091521157,0.0009598207,0.99610823,0.0001332237,0.00084810494,0.00019881819,0.00018486124,0.0006516745,1547,test
0.0031142095,0.0009681972,0.9942622,0.000116072195,0.00039165048,0.00021151858,0.00020794896,0.00072825374,1548,test
0.0025491728,0.0006289978,0.9957632,8.1044265e-05,0.00020196738,0.000115332434,0.000204658,0.00045572754,1549,test
0.99788827,0.0010280922,0.000678725,6.3069936e-05,3.2078548e-05,8.0221886e-05,0.000120472905,0.0001091212,1550,test
0.000987436,0.0011386388,0.9956027,0.0001236986,0.000943678,0.00024196155,0.00020773978,0.0007541984,1551,test
0.00085853884,0.99671644,2.2018938e-05,0.00010412219,0.0013169543,0.00012568268,0.00043624305,0.00041994834,1552,test
0.99758756,0.000943247,0.0010920434,3.6383743e-05,2.4726025e-05,6.659919e-05,9.2691866e-05,0.00015678113,1553,test
1.0729086e-05,0.0012231094,1.1906736e-05,2.4434723e-05,0.99753916,0.00023555306,0.00014454655,0.00081059686,1554,test
0.9975452,0.0011787973,0.0006014836,9.635484e-05,4.814575e-05,0.00017716756,0.00018235565,0.00017037877,1555,test
0.0020403748,0.0005529229,0.9963767,7.724989e-05,0.00032636238,0.00018715409,0.000116786665,0.00032246724,1556,test
0.9982796,0.0007241692,0.000701841,4.5299916e-05,1.9815563e-05,5.913713e-05,8.828912e-05,8.1733706e-05,1557,test
0.0018839602,0.0012078083,0.9947942,0.00013611444,0.00066864904,0.00027598167,0.00022245864,0.0008108517,1558,test
0.99759537,0.00096929836,0.0009631412,6.431936e-05,2.8017033e-05,9.180056e-05,0.00016066144,0.00012730571,1559,test
0.9983176,0.00084965816,0.0004903882,4.9829523e-05,2.7486192e-05,8.9070876e-05,8.4177875e-05,9.1808855e-05,1560,test
0.0016929877,0.0014078938,0.9945589,0.0001298034,0.00085333735,0.00018673355,0.00023042403,0.00093986146,1561,test
0.010550788,0.94348687,0.0007211663,0.0039904076,0.0058933995,0.009268813,0.0137995165,0.012288951,1562,test
0.001706139,0.0011532105,0.9951969,0.0001890112,0.00066991826,0.00022620901,0.0001779987,0.00068066,1563,test
0.0010494654,0.00087191205,0.9958461,0.00014109837,0.0006827409,0.00025287736,0.00014956434,0.0010063151,1564,test
0.9979983,0.0008516186,0.00070677244,4.9177917e-05,3.656126e-05,8.928355e-05,0.00012874746,0.00013958114,1565,test
0.095829286,0.2608719,0.006910465,0.008698611,0.041571,0.52114075,0.02688019,0.03809786,1566,test
0.002047732,0.00097397255,0.9953264,0.00011696234,0.00054769265,0.0002248867,0.00019818793,0.00056418555,1567,test
0.9974989,0.00084198493,0.0012336129,4.1499774e-05,4.7194782e-05,8.8013185e-05,0.00011997609,0.00012880715,1568,test
0.0016444426,0.000701595,0.9961539,0.00010330265,0.0002965594,0.00012531335,0.0001595013,0.0008153848,1569,test
0.0019220815,0.0008243577,0.9958538,8.473458e-05,0.00034823737,0.00019860824,0.00022704412,0.0005411438,1570,test
0.00186334,0.0008795891,0.9957983,0.00010168582,0.00034162748,0.00017940445,0.00021434561,0.0006216508,1571,test
0.998517,0.0007801874,0.00037797962,7.434145e-05,2.1953592e-05,7.548552e-05,7.478296e-05,7.835132e-05,1572,test
0.0014834682,0.00075141777,0.99639386,0.00011079782,0.00042689708,0.00014373817,0.00016227513,0.00052764453,1573,test
0.9976902,0.0010121593,0.0008417598,7.376471e-05,3.3222783e-05,7.80005e-05,9.5568575e-05,0.00017533652,1574,test
0.9979631,0.001163088,0.00047393542,4.2754717e-05,2.9078517e-05,7.370759e-05,0.00011755065,0.00013688544,1575,test
0.99875796,0.0005914727,0.00041648062,2.450413e-05,1.4887047e-05,4.6220626e-05,8.4899795e-05,6.362013e-05,1576,test
0.001654534,0.0008848295,0.9958473,0.00012163754,0.00050705444,0.00018512522,0.0001495598,0.0006500015,1577,test
0.9980014,0.0007881089,0.00089704763,3.950122e-05,2.313695e-05,5.8785405e-05,0.00011765846,7.4406955e-05,1578,test
0.9961506,0.001159676,0.0021898244,8.534425e-05,4.2475145e-05,8.63594e-05,0.00010185178,0.00018392545,1579,test
0.491927,0.0045540147,0.49939954,0.0006134169,0.0009405147,0.0006505169,0.00069801,0.0012169818,1580,test
0.004711337,0.0006076346,0.99303705,0.0002081315,0.00028598274,0.00029308812,0.00019809863,0.00065880123,1581,test
0.004476055,0.00088482705,0.99157953,0.00034087122,0.00039226966,0.0008920386,0.00034807116,0.0010863612,1582,test
0.00158784,0.0013588091,0.99436307,0.00023429666,0.0010265955,0.00030104836,0.00021590185,0.00091244053,1583,test
0.0015884668,0.0008838759,0.99575555,0.000120608274,0.0006102287,0.00016313848,0.00014370253,0.000734377,1584,test
0.0020323948,0.0012627022,0.9943409,0.00019954954,0.0007913726,0.00037487972,0.00022503757,0.00077323813,1585,test
0.9965061,0.0011065955,0.0015004375,0.00011353007,4.9855505e-05,0.00021807016,0.00023432559,0.00027112832,1586,test
0.0013150908,0.00092213176,0.995977,0.00010928478,0.000677711,0.0002173574,0.00017631573,0.00060522935,1587,test
0.9972,0.0011345837,0.0012636042,4.8394017e-05,3.4390767e-05,5.575676e-05,0.00014601745,0.00011722733,1588,test
0.0017117582,0.0008516708,0.9958727,0.00012245528,0.00052429945,0.00015624243,0.00015792926,0.0006029795,1589,test
0.002551071,0.000835371,0.9953891,0.000106391984,0.00030738604,0.00016974044,0.00021868998,0.00042217862,1590,test
0.8888087,0.004593923,0.10355045,0.0005289931,0.00053900696,0.0004891423,0.0006748149,0.00081489095,1591,test
0.9983063,0.00079015346,0.00060178473,2.3354789e-05,2.1321533e-05,6.0647533e-05,9.301394e-05,0.00010354067,1592,test
0.9968797,0.0010698292,0.0012171571,0.00011324309,5.7417004e-05,0.00023424003,0.00014833474,0.00028017914,1593,test
0.99049336,0.0018975422,0.0063463002,9.9716184e-05,8.4364845e-05,0.00026409826,0.0006124272,0.00020229931,1594,test
0.0014071035,0.0011507785,0.9955403,0.00012542847,0.00074717525,0.00020167256,0.00017188503,0.00065571576,1595,test
0.9984092,0.00077609083,0.00049687386,3.8668924e-05,2.3671544e-05,7.009722e-05,0.00010980102,7.5587224e-05,1596,test
0.0027302406,0.0010041847,0.99479043,0.00011616698,0.0003141241,0.00016407014,0.00022690897,0.0006538591,1597,test
0.0018865779,0.996557,3.8315273e-05,5.6663896e-05,0.0004792859,0.00020182326,0.00045023777,0.0003302024,1598,test
0.001979085,0.0010830605,0.9950388,0.0001383671,0.00058705575,0.00020724112,0.00019898315,0.0007673135,1599,test
0.0023654692,0.0013501573,0.99434483,0.00013368686,0.00053052255,0.00024989576,0.00025493826,0.0007703757,1600,test
0.992577,0.0023228442,0.0035839267,0.00016642045,0.0001615302,0.0002575661,0.0004154655,0.0005152779,1601,test
0.0011981289,0.0008198387,0.9962153,0.00017131449,0.0006407324,0.0001877059,0.00016528583,0.000601696,1602,test
0.998035,0.0008330814,0.0007863655,5.7443653e-05,2.7840499e-05,6.581175e-05,8.789092e-05,0.00010658184,1603,test
0.0021414622,0.0011825826,0.9944194,0.00019205865,0.0006760851,0.00025483753,0.00019455938,0.0009390667,1604,test
0.9968664,0.00092757156,0.0016956727,3.9061306e-05,4.88901e-05,0.000104126935,0.00012000468,0.00019828438,1605,test
0.9983454,0.0008453674,0.00047416106,6.028339e-05,2.560798e-05,6.461804e-05,9.77142e-05,8.690077e-05,1606,test
8.765274e-05,0.003477062,7.1947594e-05,4.3373835e-05,0.00028721866,0.0023621446,0.00021977005,0.99345076,1607,test
6.2028075e-06,0.00077446643,4.1854623e-06,1.6435397e-06,4.7461228e-05,2.2365775e-05,6.785323e-06,0.99913687,1608,test
0.0019751133,0.001430697,0.9943421,0.0001362715,0.0007886432,0.00028255803,0.00024890658,0.000795738,1609,test
0.0016547095,0.000997339,0.9959571,0.000120719225,0.00034618666,0.00014251507,0.00016028262,0.00062113954,1610,test
0.9969112,0.0014652114,0.0010989186,6.7053705e-05,4.9716302e-05,6.876676e-05,0.00016493771,0.00017416044,1611,test
0.0017591827,0.0011535423,0.9952259,0.0001710662,0.0006268221,0.00017087674,0.00019691644,0.0006956621,1612,test
0.98141474,0.0024764638,0.013836767,0.00047384825,0.00030758002,0.0004544258,0.00068208674,0.000354144,1613,test
0.0017930715,0.0013098095,0.99424654,0.00019110597,0.00084425596,0.00035339233,0.00026327188,0.0009985977,1614,test
0.99730504,0.0012905309,0.0010066185,2.8634477e-05,2.6879243e-05,4.9917082e-05,0.00017840537,0.00011389645,1615,test
0.0018925247,0.0018189439,0.99234337,0.000420889,0.0014363461,0.00041358362,0.0002800209,0.001394289,1616,test
0.001982743,0.001045152,0.9951572,0.00013931804,0.00070804864,0.00019572338,0.0001654479,0.0006063242,1617,test
0.99712545,0.0010308792,0.0013836654,7.4651616e-05,3.459948e-05,7.718161e-05,0.00012576219,0.00014787972,1618,test
0.0022830088,0.0009248329,0.9949588,0.00011856242,0.0004943329,0.00022377713,0.00019718322,0.0007995743,1619,test
7.438231e-06,0.00016374303,1.5160423e-05,1.1953543e-05,3.6125988e-05,0.99939215,1.5213157e-05,0.0003581991,1620,test
0.0031398444,0.0003195996,0.9956429,8.541643e-05,0.00018763455,0.00014684982,0.00014254106,0.00033524717,1621,test
0.0015678355,0.0009095213,0.99604577,8.549966e-05,0.0004974973,0.00016855312,0.0002057501,0.0005195328,1622,test
0.0012277105,0.0012960779,0.9949726,0.00022201399,0.00093016226,0.00031910583,0.00019572384,0.00083666027,1623,test
0.0011442839,0.00050365156,0.99693453,8.497682e-05,0.0005395167,0.00019286457,0.000108765096,0.00049146847,1624,test
0.0017957462,0.0009801161,0.9950557,0.00017548782,0.0007131482,0.00026732424,0.00019076436,0.00082170893,1625,test
0.00164293,0.0010519144,0.99548304,0.00011404117,0.00065058505,0.00018013219,0.00019830476,0.0006790342,1626,test
0.0014787271,0.00085299095,0.00011935112,0.0025230588,0.0005573906,0.00012541837,0.9935387,0.00080436957,1627,test
0.0020541407,0.0009690516,0.99547845,0.00011991762,0.0003608837,0.00016338669,0.00017102313,0.00068319123,1628,test
0.00091503,0.00070642395,0.00020219243,0.0036951187,0.001198126,0.00017255111,0.99176073,0.0013497368,1629,test
0.00023657922,0.9953858,3.3137356e-05,0.00017206153,0.001598679,0.0001968972,0.00094689557,0.001430005,1630,test
0.0013184781,0.00090606615,0.99617875,0.000105331186,0.00053731375,0.00023194074,0.00015650746,0.00056563393,1631,test
0.0021521077,0.0009222653,0.9954668,0.0001207032,0.00048431553,0.00018764485,0.00017762909,0.00048845395,1632,test
0.979983,0.0018533088,0.016373456,0.00025698,0.00023672235,0.00033806846,0.0005006024,0.00045793297,1633,test
0.0016368466,0.0012937678,0.99498296,0.00018787713,0.0006316464,0.00024572876,0.00018524274,0.00083596364,1634,test
0.56972265,0.37958616,0.009000383,0.0035497844,0.0037684927,0.018423272,0.0063428334,0.0096064685,1635,test
0.99712497,0.00072755804,0.0017792124,5.1716837e-05,4.43334e-05,6.97183e-05,9.921138e-05,0.00010329355,1636,test
0.008692288,0.0012961547,0.9881237,0.00015928787,0.00055974873,0.0003917919,0.0002794547,0.0004975319,1637,test
0.9973471,0.0011401287,0.0008440559,6.297193e-05,5.6393223e-05,0.00014717838,0.00021409384,0.00018811908,1638,test
0.9981633,0.00084552553,0.0006056305,4.5854307e-05,2.6785994e-05,8.451248e-05,0.00012039744,0.00010797494,1639,test
0.9985421,0.00069725787,0.00039309633,6.260395e-05,2.6245565e-05,8.388055e-05,9.160077e-05,0.00010329258,1640,test
0.0015511037,0.00085800176,0.9956228,0.00016873366,0.00055264257,0.00022165033,0.00015885096,0.0008662098,1641,test
0.0018396261,0.0010566704,0.9956589,0.00011611425,0.0005430633,0.00017506348,0.00016399303,0.00044654595,1642,test
0.99375254,0.0013938488,0.0041825874,6.0211278e-05,7.5178374e-05,8.907871e-05,0.00021431016,0.0002321614,1643,test
0.0031923698,0.00059940014,0.99537235,6.3795014e-05,0.0001947932,0.00017657779,9.965995e-05,0.00030098687,1644,test
3.817965e-05,0.0015086188,3.3532888e-05,0.0004158944,0.00036129777,0.9950146,0.00019030205,0.0024374858,1645,test
0.0030468649,0.0017146863,0.99301445,0.00017332225,0.0007621457,0.0002752823,0.00025661703,0.0007565381,1646,test
0.001816808,0.0011269968,0.99507695,0.00012870203,0.00062820024,0.00019398931,0.00021064772,0.00081766385,1647,test
0.0013776593,0.001375928,0.9946243,0.00024820675,0.0009620868,0.00034540473,0.00019531121,0.00087113853,1648,test
0.9981407,0.0006979079,0.00080575555,4.300727e-05,2.2654658e-05,7.001357e-05,7.810392e-05,0.00014188496,1649,test
0.99726546,0.001363106,0.00074583496,6.922845e-05,5.1962328e-05,0.00014052971,0.00021304088,0.00015081915,1650,test
0.98810065,0.001667854,0.0093048625,0.00010574488,0.00016464158,0.00020978141,0.00022166589,0.0002247801,1651,test
0.0013750467,0.000719884,0.99658704,9.821398e-05,0.00041024518,0.00015932751,0.00013572814,0.00051466754,1652,test
0.0015850905,0.0008039293,0.99613345,0.000101048165,0.00038143728,0.00017432637,0.00017831614,0.00064243696,1653,test
0.0024660067,0.0009320072,0.99519926,0.00010743226,0.00041599717,0.00015333293,0.00019024698,0.00053565885,1654,test
0.0027573823,0.0004041616,0.9960645,6.535259e-05,0.00013292876,0.00012440313,9.829991e-05,0.00035304422,1655,test
0.0028704526,0.0013959844,0.9928377,0.00024867366,0.0007548412,0.0003464164,0.00026382713,0.0012820446,1656,test
0.0017173031,0.0009812709,0.99547404,0.000121926845,0.000798021,0.00020635495,0.00016793456,0.0005332007,1657,test
0.9977062,0.0011036805,0.0008622031,5.005164e-05,1.5475227e-05,4.8194688e-05,9.2608614e-05,0.000121637495,1658,test
0.0014241007,0.0010569734,0.99534,0.00013186665,0.0008529941,0.00026283754,0.00016369148,0.0007675245,1659,test
0.997767,0.00096798415,0.00088651275,3.3725493e-05,3.631388e-05,6.533164e-05,0.0001263877,0.00011680862,1660,test
8.744237e-06,0.00089490064,2.6427513e-06,1.3814218e-06,3.2920343e-05,1.1491046e-05,7.709729e-06,0.99904007,1661,test
0.0020502047,0.0008551725,0.9955323,0.0001261519,0.00034393763,0.00019015299,0.00023911771,0.0006629496,1662,test
0.00030125392,0.007359148,0.0008123632,0.0061867554,0.9467758,0.035336595,0.0016434602,0.0015846093,1663,test
0.0010036282,0.0015048883,0.00013724604,0.0028393995,0.0007288016,0.00012253337,0.9922489,0.0014147348,1664,test
0.0005480493,0.00027206866,0.99869376,2.6854903e-05,0.00017006084,5.9956e-05,5.578902e-05,0.0001733687,1665,test
0.0015627679,0.00040104645,0.9974148,7.1313705e-05,0.00015793354,0.000117099604,0.00011413648,0.00016076141,1666,test
0.9978369,0.00051471597,0.0014436991,1.9593783e-05,2.1840066e-05,4.649954e-05,6.867122e-05,4.8037997e-05,1667,test
0.99832577,0.0006806668,0.0007179097,2.5576264e-05,3.105863e-05,8.2890794e-05,8.558502e-05,5.0530914e-05,1668,test
0.99699485,0.00092803617,0.0018485303,1.7022458e-05,3.0213243e-05,3.401271e-05,8.502208e-05,6.2311905e-05,1669,test
0.9954314,0.0016367178,0.0016771436,0.00015415513,9.267527e-05,0.00039253887,0.0002921419,0.00032320202,1670,test
6.4946464e-05,0.0015967949,7.116748e-05,0.00012024382,0.99706274,0.00023256206,0.00022704912,0.0006245724,1671,test
0.0005421444,0.00017402203,0.99895096,1.7387378e-05,9.9045414e-05,3.0487556e-05,5.1073996e-05,0.00013483156,1672,test
0.00035903475,0.9988261,1.3007861e-05,5.051657e-05,0.00036073555,2.2136508e-05,0.000248428,0.00011997451,1673,test
0.0006227343,9.8064374e-05,0.99900156,1.9851539e-05,6.290759e-05,3.10606e-05,4.0741572e-05,0.00012319304,1674,test
0.99821633,0.00049507787,0.0010755011,2.4906736e-05,2.3107175e-05,5.145487e-05,6.929857e-05,4.4345325e-05,1675,test
0.00053821475,0.0002500812,0.99874026,2.044662e-05,0.0001464314,5.890235e-05,5.024232e-05,0.0001955276,1676,test
0.0008263678,0.0003270401,0.99829155,3.1080555e-05,0.00017739566,6.8513946e-05,7.0175374e-05,0.0002078129,1677,test
0.00068699167,0.0001161098,0.9989152,1.997468e-05,7.197276e-05,2.708953e-05,4.4515607e-05,0.00011815104,1678,test
0.99696237,0.00077262765,0.0020018832,2.8909792e-05,3.7654703e-05,5.2669457e-05,6.5953966e-05,7.785304e-05,1679,test
0.0008038814,0.00018046523,0.9986369,1.621955e-05,9.8314034e-05,4.5265682e-05,4.043995e-05,0.00017850788,1680,test
0.9873126,0.0007131397,0.011427545,5.62492e-05,8.122743e-05,0.00016551207,0.00010258107,0.00014103136,1681,test
0.0007595912,0.000105045285,0.998912,1.2766247e-05,5.8675196e-05,2.7980184e-05,2.3499046e-05,0.00010043394,1682,test
0.00045864758,0.00014475959,0.99906653,1.7108481e-05,0.00011031659,3.4817924e-05,3.728798e-05,0.00013064874,1683,test
0.0006413951,0.00013226064,0.9989072,2.4065328e-05,7.829229e-05,3.3241933e-05,4.978141e-05,0.00013378446,1684,test
0.0012012834,0.0001266754,0.9983981,2.9018485e-05,6.0692924e-05,4.027335e-05,4.2644e-05,0.00010131519,1685,test
7.531582e-05,0.0016108131,6.58063e-05,0.00015195087,0.9969175,0.00022693249,0.00030309262,0.00064856274,1686,test
0.00064621435,0.00013959894,0.99888927,1.8326176e-05,7.695436e-05,3.7915433e-05,4.0219526e-05,0.0001514659,1687,test
0.026085656,0.06667704,0.004971435,0.015305184,0.0066643697,0.0091423895,0.7943053,0.076848544,1688,test
0.00091200304,0.00027423518,0.9983308,2.6295775e-05,0.00014179088,5.5693963e-05,5.887584e-05,0.00020027134,1689,test
0.0006568494,0.0004988283,0.99811065,3.1948566e-05,0.00029680997,7.491046e-05,7.7208664e-05,0.00025276735,1690,test
0.000659211,0.00027655557,0.9985879,2.5330111e-05,0.00015352071,6.0678303e-05,5.7230875e-05,0.00017949041,1691,test
0.0029338102,0.0026056012,0.00049340184,0.00606892,0.0019599309,0.0009969857,0.98145217,0.0034892927,1692,test
0.00075165764,0.0001456022,0.9987406,1.8796834e-05,9.034174e-05,4.2779746e-05,3.510047e-05,0.00017512502,1693,test
0.0036984235,0.89733344,0.00021094044,0.0015052743,0.005614282,0.013302433,0.016674053,0.061661165,1694,test
0.0005778395,0.00030423552,0.998588,2.7016376e-05,0.00018456056,6.044526e-05,5.863715e-05,0.000199111,1695,test
0.0015810817,0.005211398,0.000534516,0.0017042201,0.00089488097,0.97919846,0.0019431432,0.008932238,1696,test
0.00072229985,0.00016748541,0.9987631,1.910267e-05,9.7641685e-05,3.3981003e-05,5.356143e-05,0.00014283933,1697,test
0.00077186065,0.00024547733,0.99855286,2.739191e-05,0.00012592757,4.6883422e-05,5.6486875e-05,0.0001730786,1698,test
0.00054475456,0.00011222617,0.9990784,1.8376624e-05,8.001557e-05,2.6334144e-05,3.7109447e-05,0.0001027095,1699,test
0.9977715,0.0008888105,0.001114698,1.8297325e-05,3.3433713e-05,4.5742247e-05,7.7570934e-05,5.0022798e-05,1700,test
0.0008103007,0.00019447373,0.9986355,2.2188544e-05,9.408701e-05,4.321393e-05,4.942359e-05,0.0001508513,1701,test
0.0005250671,0.00022115638,0.9988036,2.0671809e-05,0.000120019184,4.496953e-05,6.21884e-05,0.0002023292,1702,test
0.99625236,0.0006085747,0.0028920078,1.8576082e-05,3.1970812e-05,4.0961433e-05,6.72433e-05,8.8347355e-05,1703,test
0.0017152148,9.056697e-05,0.99800366,1.4423418e-05,4.661459e-05,3.0142803e-05,1.7220149e-05,8.214092e-05,1704,test
0.9042344,0.025394233,0.033849616,0.0026133205,0.004015079,0.003938738,0.02289344,0.003061193,1705,test
0.0035997815,0.048963375,0.002970701,0.0055949325,0.02609679,0.3216682,0.0194527,0.5716535,1706,test
0.0005896948,0.00012124189,0.9989926,1.946048e-05,6.4714965e-05,2.990796e-05,4.340516e-05,0.00013902174,1707,test
0.9921185,0.003061104,0.0033482064,0.0001197584,0.00025122665,0.00040933493,0.00040382554,0.00028807286,1708,test
0.0006141969,0.00019994724,0.9988029,2.4451168e-05,0.00011552123,4.5025794e-05,5.3574808e-05,0.00014433463,1709,test
0.0003234509,0.99845195,8.134719e-06,5.816525e-05,0.0004760595,6.1028262e-05,0.00029910725,0.00032196348,1710,test
0.0050655827,0.028329294,0.9600812,0.00021190495,0.0012869623,0.00089173974,0.0007821421,0.00335107,1711,test
0.0007184198,0.00022072221,0.9986431,2.3136243e-05,0.00012966226,4.185818e-05,5.288454e-05,0.00017018443,1712,test
0.99580175,0.001624024,0.0018457645,9.627169e-05,4.3809487e-05,0.00017018888,0.00017593706,0.00024218122,1713,test
0.00062807533,0.0002225021,0.9987286,2.2739214e-05,0.00012572005,3.9277253e-05,5.4587465e-05,0.00017866479,1714,test
0.00056580483,0.00019541295,0.9988907,1.8278986e-05,0.00010512743,3.1723477e-05,5.232607e-05,0.00014075442,1715,test
0.99647814,0.00056840456,0.0026766032,3.7343092e-05,4.0033006e-05,7.125583e-05,6.592747e-05,6.232904e-05,1716,test
0.0006631619,0.00053875183,0.9978181,3.959488e-05,0.00039418164,0.00011629673,9.037431e-05,0.0003394683,1717,test
0.9978515,0.00053318485,0.0014133524,1.7764847e-05,2.4761714e-05,5.1840867e-05,6.608604e-05,4.152727e-05,1718,test
0.00073574926,0.0001808641,0.99867886,2.4774588e-05,0.000117814714,3.648487e-05,5.8690715e-05,0.00016670214,1719,test
0.9875536,0.0008564313,0.011102321,5.038862e-05,6.233526e-05,0.00012533637,0.00013166381,0.00011804091,1720,test
0.0015185593,0.0003655624,0.9972362,0.00010933617,0.00018155934,0.00017402823,0.00012256122,0.0002922872,1721,test
0.9983997,0.00047534617,0.00092969666,2.2425196e-05,2.4782265e-05,4.0844825e-05,6.676793e-05,4.0470924e-05,1722,test
8.9807625e-05,0.003683881,6.109042e-05,0.00021855214,0.9933123,0.00055320933,0.00026250377,0.0018186853,1723,test
0.0006857314,0.00012723824,0.99884915,2.2056101e-05,8.378592e-05,3.7348298e-05,4.9390816e-05,0.00014523372,1724,test
0.9988084,0.00036343082,0.0006559662,1.4126395e-05,1.862962e-05,4.491694e-05,5.560064e-05,3.907065e-05,1725,test
7.8184916e-05,0.001640346,6.669555e-05,0.0001533067,0.9968611,0.00023463162,0.00030915922,0.00065658975,1726,test
0.0005897055,0.000121040386,0.99899536,1.6754555e-05,7.948113e-05,2.7756605e-05,3.933048e-05,0.00013060056,1727,test
0.00013364662,0.0015260188,0.00011538168,1.03357315e-05,0.00011534328,0.0001270441,4.175378e-05,0.9979304,1728,test
0.0007267155,0.00037946756,0.9982352,3.083818e-05,0.00023906301,7.4207164e-05,7.382993e-05,0.00024064248,1729,test
5.698586e-05,0.0022511312,5.192166e-05,5.2522296e-06,0.0001689065,0.00013048213,3.9519695e-05,0.9972958,1730,test
0.001136045,0.00011706173,0.9984882,1.8461069e-05,5.6341833e-05,3.0514639e-05,3.546363e-05,0.00011784559,1731,test
0.0007247065,0.00017586804,0.99877447,1.79014e-05,7.999962e-05,4.2109983e-05,4.441449e-05,0.00014050497,1732,test
0.0007911516,0.00039948444,0.99817514,3.2317363e-05,0.0002112659,6.755575e-05,7.678085e-05,0.000246386,1733,test
0.9980715,0.00070700224,0.0009208156,2.2966611e-05,2.499811e-05,7.10054e-05,0.00010388271,7.790457e-05,1734,test
0.0007007689,0.00033366165,0.9983985,3.2027037e-05,0.0001778984,5.6832745e-05,6.3420615e-05,0.00023685483,1735,test
0.00064748817,0.0002046026,0.99874395,2.2146216e-05,0.00011197203,5.139328e-05,4.9560746e-05,0.00016893992,1736,test
0.86979145,0.0077126664,0.11610733,0.0012848144,0.0005901087,0.0014072479,0.0010673017,0.002039129,1737,test
0.00076809153,0.00018451898,0.9986563,2.2809718e-05,9.597848e-05,4.843308e-05,5.765608e-05,0.00016625652,1738,test
0.9971908,0.0006338786,0.0018975092,2.4263321e-05,3.317519e-05,5.3598986e-05,7.8920995e-05,8.7903376e-05,1739,test
0.0053738276,0.00023089687,0.994091,3.5217156e-05,5.720426e-05,4.3338627e-05,4.091765e-05,0.00012761433,1740,test
2.7897697e-05,0.0009108449,0.00034451773,0.9969137,0.00066589215,0.00011940372,0.0005662159,0.00045157073,1741,test
0.99743074,0.00047895027,0.0018233857,2.5234202e-05,3.0074947e-05,6.207296e-05,6.871014e-05,8.087182e-05,1742,test
0.00016898944,0.0027575435,0.00013048896,1.0471616e-05,0.0002775811,0.0003445769,0.00010687763,0.9962035,1743,test
0.0007930302,0.0001041684,0.99880636,2.0154852e-05,7.511826e-05,3.8707556e-05,3.9289003e-05,0.00012319023,1744,test
0.9956334,0.0022448578,0.00103133,0.0001299014,8.839636e-05,0.00033633085,0.00026500615,0.00027070366,1745,test
0.00090426096,0.99802434,1.5224663e-05,4.6510315e-05,0.00048174823,3.6856112e-05,0.00034225307,0.00014881753,1746,test
0.0007173916,0.00021377533,0.9986528,2.540334e-05,0.00013860663,5.527737e-05,4.9094764e-05,0.00014766493,1747,test
0.00082281005,0.00026039776,0.99849665,2.665629e-05,0.000110625144,5.46041e-05,5.7567202e-05,0.00017068918,1748,test
0.020980664,0.11491594,0.051770344,0.017755033,0.61851066,0.12747735,0.021922491,0.026667506,1749,test
0.22838098,0.050839934,0.68710834,0.0023063375,0.009302402,0.012837839,0.0022222716,0.007001944,1750,test
0.0006742846,0.00021541699,0.9987373,2.2888862e-05,0.0001163538,5.387952e-05,4.8683105e-05,0.00013121631,1751,test
0.00063299417,0.00015477523,0.99884295,1.6745433e-05,9.237328e-05,4.4558605e-05,4.3751013e-05,0.00017188975,1752,test
1.0857716e-05,0.000553081,0.00024572646,0.9978156,0.0005266913,0.00011527053,0.00041339057,0.00031937036,1753,test
3.1963737e-05,0.00045294702,8.7062035e-05,0.00012641239,0.0006344423,0.99779534,7.850517e-05,0.0007932685,1754,test
0.9981287,0.0008039372,0.00081555796,2.1786094e-05,2.0580348e-05,5.5088527e-05,9.167479e-05,6.2613544e-05,1755,test
0.0007397131,0.00018976616,0.99870133,2.5068097e-05,0.0001262219,3.563683e-05,5.414244e-05,0.0001281673,1756,test
1.5512851e-05,0.00023533904,5.8983584e-05,2.595034e-05,0.00012473209,0.9987765,3.246544e-05,0.0007304651,1757,test
0.0005902415,0.00024558112,0.99873215,2.49618e-05,0.00013941029,4.53595e-05,5.7013265e-05,0.0001652385,1758,test
0.0006765755,0.0002539326,0.9985789,2.5479414e-05,0.00015352122,5.1354316e-05,5.6614546e-05,0.00020363063,1759,test
0.00080727827,0.9970182,7.614557e-05,0.00011805426,0.0008951039,0.00013974948,0.00052429916,0.00042121677,1760,test
0.00071592967,0.00015237664,0.9987494,2.521583e-05,8.705209e-05,4.6470614e-05,5.5956625e-05,0.00016759784,1761,test
4.889517e-05,0.00054874405,0.00027939677,8.6820604e-05,0.00016422979,0.9973531,0.00013444794,0.0013844438,1762,test
0.99733645,0.00072448177,0.00155275,4.449556e-05,3.7339527e-05,9.531455e-05,0.00010555904,0.00010361908,1763,test
0.0008825388,0.0003925006,0.9980938,2.8216822e-05,0.000193732,5.82874e-05,7.6012395e-05,0.00027481484,1764,test
0.997995,0.00045932244,0.0013599193,1.7134653e-05,2.1109758e-05,4.5198376e-05,5.9797487e-05,4.2637635e-05,1765,test
0.99731797,0.0011072778,0.0012475674,3.0733514e-05,4.5940476e-05,8.561432e-05,9.243954e-05,7.2533934e-05,1766,test
0.00055780465,0.00017590483,0.998892,1.9142943e-05,9.5270305e-05,4.0064555e-05,4.961917e-05,0.00017022167,1767,test
0.00046330327,0.00023408436,0.9987753,2.1650103e-05,0.00017092383,5.8383463e-05,5.715161e-05,0.00021915745,1768,test
0.00046540482,0.00028955782,0.9986802,2.1866155e-05,0.00022747363,7.127952e-05,5.69772e-05,0.00018717826,1769,test
0.0006381004,0.00018042994,0.9988103,2.0780662e-05,0.0001029447,5.0370636e-05,4.791658e-05,0.00014915291,1770,test
0.000740478,0.00029107003,0.99845254,2.8929295e-05,0.00014932646,6.177365e-05,6.174391e-05,0.00021407742,1771,test
0.0006519558,0.00032789152,0.9984842,2.3552844e-05,0.00016614847,7.2160765e-05,5.5759498e-05,0.00021843596,1772,test
0.9975464,0.0005292793,0.0015651182,3.4145567e-05,3.1739237e-05,8.785744e-05,8.6626846e-05,0.00011877592,1773,test
0.9959351,0.00078347005,0.0029410697,2.4136521e-05,4.9445596e-05,8.1689715e-05,0.0001068305,7.8280755e-05,1774,test
0.00043114036,0.9987729,1.622052e-05,5.033634e-05,0.0003551529,5.0621522e-05,0.00023613946,8.739336e-05,1775,test
0.99765646,0.00058352057,0.0015321817,1.4415719e-05,2.8978795e-05,5.233364e-05,7.161849e-05,6.041819e-05,1776,test
0.0005385795,0.00011421958,0.99909353,1.5417483e-05,6.7406145e-05,3.1421892e-05,3.3435514e-05,0.0001059083,1777,test
0.000621761,0.00026319613,0.9986475,2.5202511e-05,0.00014828733,4.8747577e-05,5.685603e-05,0.00018845583,1778,test
0.99855715,0.000519094,0.0007129084,2.3085546e-05,2.7808639e-05,5.1604507e-05,6.320962e-05,4.503421e-05,1779,test
0.0024395953,0.01198872,0.0032756603,0.0034781743,0.079085924,0.8858279,0.0040345294,0.009869414,1780,test
0.0010524368,0.018410966,0.00038058215,0.0019113733,0.9080687,0.011110431,0.002312759,0.05675279,1781,test
0.9986803,0.00045577373,0.0007093302,1.1346078e-05,1.737728e-05,3.3101784e-05,5.490408e-05,3.7835667e-05,1782,test
0.0009793374,0.00014303304,0.9985393,2.1808386e-05,7.621739e-05,3.615866e-05,5.1990664e-05,0.00015209171,1783,test
0.998611,0.0005117385,0.00066363387,1.9928551e-05,2.5847103e-05,5.5718312e-05,6.233945e-05,4.986504e-05,1784,test
0.0010191725,0.00015315202,0.9985049,2.2121707e-05,9.313729e-05,3.635623e-05,4.4375534e-05,0.00012677413,1785,test
0.997607,0.0007297848,0.0014083636,2.4967709e-05,3.234243e-05,5.6141136e-05,7.6218086e-05,6.5273714e-05,1786,test
0.0007057214,0.00013738214,0.9988361,2.5986956e-05,6.972606e-05,3.5982895e-05,5.326952e-05,0.0001357834,1787,test
3.9719136e-05,0.0020248627,0.00011290244,6.4090464e-06,0.00012062818,0.0003410734,3.9294147e-05,0.9973151,1788,test
0.99848676,0.0004231023,0.00092873245,1.0649934e-05,1.9252822e-05,3.7005117e-05,5.2363754e-05,4.2044412e-05,1789,test
0.9980502,0.00056875584,0.00095999206,3.1257197e-05,3.3500834e-05,0.00012060248,0.00011230853,0.00012325906,1790,test
0.9983475,0.0006865007,0.0006373463,2.8912598e-05,3.1819425e-05,0.00011976353,9.789853e-05,5.0293067e-05,1791,test
0.99766576,0.0010417674,0.00080367044,5.6439865e-05,4.8482503e-05,0.0001345518,0.00012529461,0.00012397526,1792,test
0.001194608,0.00085706357,0.99661106,9.360785e-05,0.0005039304,0.00021684857,0.00016905522,0.0003537755,1793,test
0.9944067,0.002350946,0.0017317144,0.00026897056,0.00011580775,0.00036247796,0.00033855397,0.00042482367,1794,test
0.0010877275,0.9964539,2.3206267e-05,7.733725e-05,0.0009483492,0.00024851158,0.00061757205,0.00054340233,1795,test
0.00085357024,0.0010459856,0.9960645,0.00011974929,0.0009673587,0.00030499834,0.00021478231,0.00042908255,1796,test
0.00096800155,0.00087389175,0.996793,0.000107439926,0.00060078857,0.00019779461,0.00018195629,0.00027725103,1797,test
0.99766445,0.00097276,0.000907478,6.742055e-05,5.3066364e-05,0.00011877287,0.000115311115,0.000100707635,1798,test
0.00085236784,0.001145006,0.9961039,0.0001237342,0.0008617975,0.00026603835,0.00020939282,0.00043780004,1799,test
0.0030299858,0.00044716848,0.99554753,0.00012353696,0.00031637677,0.00019713475,0.00014049113,0.00019774104,1800,test
0.005122887,0.9893862,0.00016883765,0.00016770551,0.002347785,0.0009581278,0.0010571735,0.00079112593,1801,test
0.001635882,0.99487996,4.3035776e-05,0.00019159025,0.0011686735,0.0004171686,0.0010487182,0.00061502715,1802,test
0.99302953,0.0014315548,0.0047529577,0.00010473248,9.9110686e-05,0.00017445837,0.0002351708,0.0001724877,1803,test
0.0010381913,0.0008671733,0.99647313,0.00011096631,0.00064605265,0.00022200237,0.0002017147,0.0004408416,1804,test
0.0009300688,0.00093742285,0.99607736,0.00013452166,0.00085390813,0.00035390301,0.00022722724,0.0004854882,1805,test
0.9930391,0.0030831743,0.0025089036,0.00017385099,0.00020339956,0.00034978715,0.00032565554,0.00031611213,1806,test
0.9975497,0.0013188946,0.0007275037,8.271814e-05,3.807076e-05,9.075407e-05,9.712008e-05,9.527185e-05,1807,test
0.001987493,0.9933315,3.0551582e-05,0.0001317628,0.0014379052,0.00051915646,0.0011636047,0.0013980905,1808,test
0.9974663,0.0009429462,0.0011530159,5.8864207e-05,5.6986308e-05,8.782886e-05,0.00010715486,0.00012686713,1809,test
0.9960906,0.00146781,0.0018666994,9.1887545e-05,6.22221e-05,0.00014330057,0.00019364507,8.38199e-05,1810,test
0.75615084,0.011238776,0.21865197,0.005037867,0.0041521913,0.0011735054,0.0016979937,0.0018967985,1811,test
0.0011325969,0.0007826732,0.9964586,0.000115849885,0.0005966394,0.00033529822,0.00019945836,0.00037893018,1812,test
0.0034819548,0.0012887615,0.9860319,0.0006882177,0.0015190383,0.0022953819,0.0008340692,0.003860623,1813,test
0.9972428,0.0010509834,0.0010481208,6.398534e-05,6.5434586e-05,0.00019573892,0.0002024985,0.00013042543,1814,test
0.9963611,0.0014012384,0.0016154322,5.47478e-05,7.715371e-05,0.0001402303,0.0001747791,0.00017527251,1815,test
0.99596256,0.0018480354,0.0014444939,8.554479e-05,8.7089706e-05,0.00022500704,0.00023539529,0.00011183126,1816,test
0.0010272571,0.0012536393,0.99550736,0.00014510813,0.0009930197,0.00032132026,0.00024211287,0.0005101252,1817,test
0.0009054089,0.9970547,2.5598278e-05,6.974596e-05,0.0006648714,0.00021063567,0.0005766034,0.0004924543,1818,test
1.9210443e-05,0.0008453342,5.6400986e-06,3.8613407e-06,2.8188664e-05,3.7373342e-05,9.339746e-06,0.99905103,1819,test
0.99324787,0.001138976,0.004417852,7.5520664e-05,0.00011969355,0.00022867008,0.00036542,0.00040597268,1820,test
0.001215243,0.0010854863,0.9957963,0.00016234259,0.0008025429,0.00029489276,0.00022485344,0.00041830333,1821,test
0.00089047063,0.0006061896,0.9972761,7.160703e-05,0.0005311754,0.00016498895,0.00017277096,0.00028675637,1822,test
0.0017788204,0.0004983787,0.99664575,7.673519e-05,0.00033395246,0.00016938918,0.00017659321,0.00032043052,1823,test
0.000978368,0.0007336697,0.9967745,9.814162e-05,0.0005561916,0.00023623536,0.00021022833,0.0004127502,1824,test
0.0010456168,0.000947624,0.9963007,0.00010163695,0.00070924097,0.0002282918,0.00021251272,0.00045444674,1825,test
0.0012245813,0.0007426702,0.99639964,0.00011076508,0.00056381145,0.00022244567,0.00020065268,0.00053543854,1826,test
0.9911912,0.0051658745,0.002126874,0.00011010289,0.00013839871,0.00027868745,0.0005444067,0.00044454294,1827,test
0.002301371,0.99403584,4.167639e-05,0.0001204589,0.00089537987,0.00088288443,0.0010422756,0.0006800018,1828,test
0.9961826,0.00183748,0.0012856097,8.1988146e-05,7.8113895e-05,0.000159027,0.00018374447,0.00019142535,1829,test
0.0012327728,0.0012295662,0.9954203,0.00017379038,0.00088210753,0.0002733812,0.0002582384,0.0005298316,1830,test
0.9977794,0.0009631641,0.00087841484,5.5794368e-05,4.1699353e-05,0.0001019198,0.00011429564,6.5225315e-05,1831,test
0.99708134,0.0012345738,0.0011794189,7.635372e-05,5.865352e-05,0.00014082303,0.00012113371,0.00010766972,1832,test
0.0011311076,0.0008248083,0.99666613,9.4907926e-05,0.00051730254,0.0001699185,0.00017735716,0.0004184001,1833,test
0.9956197,0.0011381654,0.0026615378,0.00010540529,8.2164675e-05,0.00013903299,0.00014992445,0.00010401963,1834,test
0.00080451043,0.000836422,0.99677116,0.00010459228,0.0006324959,0.00021225103,0.00019570663,0.0004428085,1835,test
0.0009397645,0.0007973734,0.9968148,9.758393e-05,0.00059243495,0.00024292612,0.00018591079,0.0003292095,1836,test
0.000910102,0.0008326899,0.99647397,9.340941e-05,0.000904414,0.0002069621,0.00018027144,0.00039817046,1837,test
0.9957675,0.0014919606,0.002014672,7.9988735e-05,9.007615e-05,0.00019627475,0.00019341451,0.00016601988,1838,test
0.995952,0.0009555472,0.0025953867,6.861972e-05,5.1131472e-05,0.00011932722,0.000120522025,0.00013740046,1839,test
0.9973117,0.0015591714,0.0005752604,5.2848547e-05,4.8510057e-05,0.00016575708,0.00016854891,0.00011823652,1840,test
0.9973521,0.001049459,0.0010728441,7.1193834e-05,7.333687e-05,0.0001382894,0.000132374,0.00011040744,1841,test
0.0008246025,0.0007414882,0.9970048,8.530818e-05,0.00065333804,0.00023949126,0.0001679005,0.00028303487,1842,test
0.0010199742,0.0004887008,0.9975122,8.125462e-05,0.0003568195,0.00010674589,0.00016856848,0.00026573497,1843,test
0.996148,0.0015841095,0.0017174007,9.899579e-05,6.921112e-05,0.000116159994,0.00012208516,0.00014410645,1844,test
0.9980804,0.0008907364,0.000589064,6.277871e-05,3.6792506e-05,0.00013207707,0.000103830054,0.0001042772,1845,test
0.9969765,0.0015474723,0.0009740362,6.871632e-05,5.5057317e-05,0.00010100471,0.00016213728,0.00011507841,1846,test
0.00086639007,0.0005692406,0.99734926,9.275435e-05,0.00042499765,0.00018817565,0.00020171,0.00030741678,1847,test
0.001033406,0.0006985207,0.99698037,8.23352e-05,0.00048490407,0.00015662235,0.00017489158,0.00038888614,1848,test
8.050358e-06,0.00094566995,4.8025927e-06,9.046691e-07,2.7138392e-05,4.35395e-05,6.4435417e-06,0.99896336,1849,test
0.0017988618,0.00077722874,0.9957854,0.00011390155,0.0006655792,0.0002334934,0.000204597,0.00042076173,1850,test
0.0007762952,0.0007665475,0.9970372,9.4441515e-05,0.0006320119,0.00020221574,0.00015613792,0.0003350956,1851,test
0.9930161,0.0021211216,0.003886095,8.621625e-05,9.523249e-05,0.00019012498,0.0003377483,0.00026748172,1852,test
0.0016196612,0.99507195,4.4962755e-05,0.00011205716,0.0012788544,0.00033558754,0.0009192626,0.0006176591,1853,test
3.630945e-06,0.00053266564,3.4115656e-06,2.5024221e-05,0.99913776,3.5371486e-05,5.586415e-05,0.00020628294,1854,test
0.99402374,0.0013230077,0.0039521926,0.00011770227,9.2166716e-05,0.00016557402,0.00021910593,0.00010645721,1855,test
0.0012447285,0.0008749506,0.9964083,0.00010197212,0.00063493795,0.00018630808,0.0001858465,0.00036291638,1856,test
0.00013287803,0.0019690976,3.6129142e-05,1.8961546e-05,5.532328e-05,7.412949e-05,5.4978358e-05,0.9976585,1857,test
0.9975496,0.0010572812,0.0009726475,5.7391513e-05,5.534215e-05,8.975305e-05,0.00012155532,9.6478296e-05,1858,test
0.0010596197,0.0007336202,0.9967501,0.00010929892,0.0005937605,0.00018304962,0.00016595912,0.00040452852,1859,test
0.0008328128,0.0005423882,0.9974273,7.396284e-05,0.0005152737,0.00017109343,0.00015136917,0.0002857945,1860,test
0.0009901816,0.0008578523,0.9966215,8.617113e-05,0.0007703523,0.00019431561,0.00019209758,0.0002875567,1861,test
0.0046108984,0.98766184,0.0001694637,0.0002560974,0.0024007265,0.0019595718,0.0017910588,0.0011504398,1862,test
0.0041494328,0.9887107,0.00019440135,0.00023245216,0.0026537722,0.0013837274,0.0017529661,0.0009226129,1863,test
0.0008344447,0.00079506077,0.9968964,0.000114419265,0.0006649269,0.00021760268,0.00017196477,0.0003051326,1864,test
0.110878244,0.004096412,0.8757317,0.0011723855,0.003037496,0.0014072732,0.0012316516,0.0024447597,1865,test
0.0011587135,0.00093701115,0.9962573,0.00011292432,0.0005556427,0.00024942643,0.00020692736,0.0005221269,1866,test
0.0006349784,0.00056450954,0.99755484,6.607792e-05,0.0005812692,0.00016447963,0.00011066983,0.00032315313,1867,test
0.99571925,0.0012765446,0.0024208475,7.669216e-05,8.008798e-05,0.000119899625,0.00016046285,0.0001462121,1868,test
0.0010001371,0.0008845911,0.99656016,9.302596e-05,0.0005935474,0.00021009595,0.00016405727,0.00049438135,1869,test
0.9973863,0.0012716783,0.0008115113,8.694446e-05,4.830248e-05,0.0001368199,0.000113436436,0.00014514776,1870,test
0.0009100701,0.0008598094,0.99679923,0.000102558784,0.0006174434,0.00022034957,0.00017818145,0.0003123328,1871,test
0.99550134,0.0012189909,0.0027553465,6.12931e-05,6.214989e-05,0.000110703644,0.00016153094,0.00012866511,1872,test
0.99609655,0.0012007685,0.002103506,5.1294213e-05,8.65914e-05,0.0001617987,0.00013491612,0.00016463923,1873,test
0.9955277,0.001880614,0.0016803977,0.00014226939,8.688704e-05,0.00023538587,0.00022282105,0.0002239997,1874,test
0.0033751614,0.0014697774,0.00014649711,0.0022652461,0.0013257359,0.000595282,0.9875994,0.00322302,1875,test
0.0010364652,0.0011505911,0.99560696,0.00014652502,0.0009982141,0.0003330427,0.00022533679,0.00050288084,1876,test
0.001394326,0.0010200784,0.99605465,0.00010824657,0.00049033953,0.0003622184,0.00021095727,0.0003592099,1877,test
0.9962447,0.0012618039,0.0017140218,0.00015974755,7.221623e-05,0.0002359133,0.00013890231,0.0001726239,1878,test
0.0013114607,0.0004114814,0.99745697,8.030537e-05,0.00021293228,0.00011352284,0.0001778678,0.00023545953,1879,test
0.001424058,0.00050928927,0.9966091,0.00017603033,0.0004204745,0.00023388719,0.0002306325,0.00039658928,1880,test
0.99569666,0.0017434452,0.001716108,0.000107803884,8.904298e-05,0.00019478623,0.00015196714,0.0003002448,1881,test
1.06010975e-05,0.0015598946,2.0450312e-05,0.00020602718,0.9975108,0.00014736474,0.00023960572,0.00030531277,1882,test
0.0012274,0.0008761661,0.9961777,9.234909e-05,0.00053772965,0.00025661234,0.0002645239,0.0005675037,1883,test
0.0015114732,0.00022068962,0.9977113,5.301311e-05,0.0001778877,0.00010637915,6.337938e-05,0.00015586593,1884,test
0.000886918,0.00063542504,0.9974056,8.4833606e-05,0.00037084872,0.00014613464,0.00014888748,0.00032142372,1885,test
0.99411196,0.0024570047,0.0019643237,0.00025658967,0.00015708724,0.0006557942,0.00019370178,0.0002035308,1886,test
0.00090894906,0.0007063227,0.9968977,7.4800024e-05,0.00063471025,0.00019935601,0.0001611527,0.00041706415,1887,test
0.9965334,0.0013706327,0.0012034181,0.00011975472,9.561001e-05,0.00027215073,0.0002224367,0.00018245027,1888,test
0.99803454,0.00097386685,0.00052405323,8.126795e-05,4.382819e-05,0.00013786332,9.733301e-05,0.000107307664,1889,test
0.9958001,0.0015477793,0.00216022,0.00010453245,5.9627175e-05,8.9848225e-05,0.00011029883,0.000127577,1890,test
0.00093522156,0.00078741694,0.99653095,0.00011801007,0.0006681111,0.00027124086,0.00019719252,0.00049185264,1891,test
0.00095224235,0.00038295882,0.9978325,7.271683e-05,0.00034442655,0.00010628984,0.00013087322,0.00017796973,1892,test
0.99762577,0.001071609,0.0008755741,4.8479546e-05,4.5219676e-05,9.149482e-05,0.00013866083,0.00010322989,1893,test
0.058373433,0.5949796,0.011645373,0.004060524,0.016980387,0.14944242,0.013984718,0.15053354,1894,test
0.0017696241,0.0003807905,0.9968286,9.741466e-05,0.0002292545,0.00025280772,0.00013801108,0.0003034873,1895,test
0.0013452608,0.00040006786,0.9972691,9.349553e-05,0.00033289412,0.00015537441,0.00016417446,0.00023960481,1896,test
0.0012691122,0.0006411519,0.99669075,0.00012456579,0.0005039156,0.00014666746,0.00023964015,0.0003840773,1897,test
0.0018850504,0.02133082,0.00047392736,0.00025513733,0.15887514,0.0052848416,0.0015778149,0.8103173,1898,test
0.0012652751,0.0011831139,0.99534553,0.0001559536,0.0009513113,0.00032790238,0.00024193319,0.0005289989,1899,test
0.0012670605,0.00092163385,0.99606544,0.00011759822,0.0007562667,0.00022054608,0.00020783833,0.00044363627,1900,test
0.00068174984,0.00079849793,0.9970071,8.6797685e-05,0.0006964317,0.00020185049,0.00017290958,0.0003546643,1901,test
1.1021463e-05,0.00064014894,4.186269e-06,1.1638903e-06,1.6598056e-05,4.716331e-05,7.4270188e-06,0.9992723,1902,test
0.99609035,0.0012426183,0.0018918911,0.000102412465,0.00010691902,0.0002328863,0.00019216647,0.000140715,1903,test
0.0012207144,0.00097597524,0.99613816,0.00014014346,0.0006705966,0.00031253105,0.00022382391,0.00031801296,1904,test
0.99725014,0.001085263,0.0010638632,6.690528e-05,6.313923e-05,0.00015993745,0.0001874942,0.00012327085,1905,test
0.9978956,0.0009008819,0.0008885363,4.7134192e-05,3.4299585e-05,6.6177134e-05,0.000103101745,6.4330685e-05,1906,test
0.001028009,0.00054419436,0.9972289,8.131363e-05,0.00039426534,0.00013808599,0.00016182591,0.00042340532,1907,test
0.00071482966,0.0007171913,0.9969758,8.767088e-05,0.00076943793,0.0002086436,0.00015811564,0.0003682975,1908,test
0.0011267468,0.0011446559,0.995531,7.912109e-05,0.00093190814,0.0003349503,0.00019501068,0.000656632,1909,test
0.0010376192,0.00075158477,0.996842,8.390465e-05,0.00053492753,0.00016962642,0.00019961275,0.00038071536,1910,test
0.99718326,0.0009843901,0.0013455941,6.795323e-05,5.7697347e-05,0.00012882991,0.00012995381,0.00010224948,1911,test
0.0010666474,0.0006408456,0.9968989,7.638577e-05,0.0004173963,0.00027965705,0.00017522936,0.00044491902,1912,test
0.0010123367,0.00059275096,0.99712676,8.3674146e-05,0.00041526282,0.00014926548,0.00018454534,0.0004353354,1913,test
0.0010138787,0.0011055116,0.99571145,0.00013325232,0.0009546143,0.00038364614,0.00021775461,0.0004798944,1914,test
0.9974953,0.0010288008,0.0009054885,6.22932e-05,6.439354e-05,0.00014073498,0.00015150859,0.00015144258,1915,test
7.29802e-06,0.0013734774,1.2372534e-05,8.6145476e-05,0.99786335,6.986573e-05,0.00015297411,0.0004345364,1916,test
0.997701,0.00088877353,0.0009937459,4.6094454e-05,4.1018335e-05,0.00011494205,0.0001272506,8.722833e-05,1917,test
5.2278455e-07,1.5654086e-05,7.0419304e-07,3.2111386e-06,7.1393683e-06,0.9999263,1.2932837e-06,4.5146695e-05,1918,test
0.0007808627,0.0005467935,0.9974584,7.686986e-05,0.0005312545,0.00016610097,0.00017197903,0.00026779805,1919,test
0.9978733,0.0005424543,0.0012966176,1.7864691e-05,3.4809917e-05,5.160459e-05,0.00013886056,4.449137e-05,1920,test
1.7351962e-05,0.0005657326,0.0001272257,5.3203905e-05,9.175713e-05,0.9981852,0.00014376169,0.0008157675,1921,test
0.00029227312,0.9988624,5.0899307e-06,1.9655976e-05,0.00026110772,3.9715625e-05,0.00026578852,0.0002539972,1922,test
0.00066030433,0.00016130507,0.99876475,2.609153e-05,0.0001470997,5.174757e-05,7.0049595e-05,0.00011875042,1923,test
0.0018486461,0.99047536,0.00063090934,0.00036493136,0.0036979553,0.00028796104,0.00083293824,0.0018613586,1924,test
0.9934976,0.0010177877,0.0047007482,6.946374e-05,5.488011e-05,0.00015956919,0.0002987925,0.00020114498,1925,test
0.0005492629,9.992199e-05,0.99905235,2.801063e-05,9.387734e-05,4.789329e-05,3.088692e-05,9.7906195e-05,1926,test
0.00040769856,0.00021734492,0.9988808,2.7299495e-05,0.00016363958,6.412461e-05,5.3092874e-05,0.0001860156,1927,test
0.00048794152,0.00029727054,0.9985208,3.8304177e-05,0.00024495428,5.8952173e-05,9.892546e-05,0.00025291584,1928,test
0.18414591,0.0030273788,0.808953,0.00038442304,0.0005863362,0.00032587638,0.00032284105,0.0022541778,1929,test
0.00049189036,0.00020424408,0.99882,2.4928788e-05,0.00020866588,5.2497155e-05,6.4487795e-05,0.0001331076,1930,test
0.00035260318,0.00033159243,0.99868613,3.4860706e-05,0.00023915866,6.579919e-05,7.037699e-05,0.00021946056,1931,test
0.00047257778,0.00044727794,0.998151,3.6411515e-05,0.00047663008,9.1911184e-05,8.3700616e-05,0.00024053018,1932,test
0.0006639095,0.00052104983,0.99773705,7.1373484e-05,0.0004499345,0.00018743535,0.00011979399,0.00024943272,1933,test
0.98640174,0.0009838045,0.012011035,7.102739e-05,9.93397e-05,0.00013177325,0.0002076652,9.3527e-05,1934,test
0.0002214304,0.99905545,4.7107565e-06,3.0355046e-05,0.0003071247,2.3459046e-05,0.00018393605,0.00017350659,1935,test
0.98570734,0.0037418972,0.009465471,7.257607e-05,0.00013639378,0.00016158438,0.0003630041,0.0003517048,1936,test
0.99304765,0.0012269865,0.005071831,0.000158452,0.00012982525,7.592801e-05,0.00016887441,0.00012045868,1937,test
0.0008185608,0.00017972806,0.9986702,2.6079684e-05,0.00012450811,4.694119e-05,3.9042152e-05,9.484869e-05,1938,test
0.00058430986,0.0002871204,0.9985422,3.4089517e-05,0.0002399603,8.187615e-05,6.839795e-05,0.00016199607,1939,test
0.16134803,0.0029331031,0.8326639,0.0003434332,0.00063343154,0.00037811627,0.0003380646,0.0013619296,1940,test
0.99705136,0.00055466586,0.0020588075,4.9800034e-05,5.623555e-05,5.0662962e-05,0.00013530353,4.319462e-05,1941,test
0.00035866103,0.0001854832,0.99896026,2.5099715e-05,0.0001789153,6.358224e-05,4.924645e-05,0.00017866107,1942,test
0.0005529488,0.00031512714,0.99844754,3.749906e-05,0.00026642132,7.494497e-05,9.021098e-05,0.00021532431,1943,test
0.99784505,0.00053709967,0.0013107404,2.2004633e-05,3.8209797e-05,5.121918e-05,0.00014658827,4.91495e-05,1944,test
0.99799526,0.0006296288,0.0008637797,2.5349187e-05,4.2732372e-05,8.639812e-05,0.00028521943,7.16424e-05,1945,test
0.00047099093,0.00033654473,0.9984658,3.7392074e-05,0.00030482732,6.9279195e-05,8.030536e-05,0.00023481931,1946,test
0.9855629,0.002999872,0.009115241,0.00037622493,0.00019457392,0.00048835285,0.0006653698,0.00059744384,1947,test
0.00013666303,0.9989133,1.2535292e-05,5.268493e-05,0.00042385582,2.3916506e-05,0.00024667,0.0001903909,1948,test
0.015119923,0.017566452,0.6655321,0.0011083,0.082422,0.068742454,0.0060185557,0.14349024,1949,test
0.0005122827,0.0003478889,0.99832386,4.2157993e-05,0.00035825343,0.00010615948,8.1160666e-05,0.00022815578,1950,test
0.00019251533,0.004854094,0.00026432643,4.443517e-05,0.0006538194,0.002185781,0.00032178665,0.9914833,1951,test
0.00042054133,0.00019148612,0.998931,2.8110328e-05,0.00014874434,5.0596427e-05,6.927606e-05,0.00016015508,1952,test
0.00030230248,0.99811494,3.6958012e-05,0.00011961145,0.0005059563,0.00016481339,0.0004649008,0.00029051382,1953,test
0.9962901,0.0010506344,0.0020059282,5.6431105e-05,5.4186254e-05,0.0001299505,0.0002950328,0.00011778537,1954,test
0.0004274855,0.00023209333,0.9988458,3.004074e-05,0.00019315582,5.0425253e-05,8.023081e-05,0.00014071682,1955,test
6.733617e-05,0.0012402788,0.000113054586,0.00011458224,0.00097552274,0.99592376,0.0003178575,0.001247615,1956,test
0.9974482,0.0004801136,0.0017901885,3.229863e-05,2.8766308e-05,4.408107e-05,0.00010097891,7.540587e-05,1957,test
0.99786085,0.0006114673,0.0012171768,2.3653016e-05,2.9699488e-05,4.3945103e-05,0.00014721625,6.5999244e-05,1958,test
0.0002728823,0.00018425388,0.9989901,2.8898094e-05,0.00019428674,7.372598e-05,4.8098882e-05,0.00020774783,1959,test
0.9966467,0.0007924313,0.001809144,6.3000116e-05,6.820655e-05,0.00013222286,0.00038691534,0.000101335085,1960,test
0.0005006209,0.00041047545,0.998192,3.28497e-05,0.00038158722,7.4446216e-05,9.493147e-05,0.00031305148,1961,test
0.99486524,0.0007538276,0.003938781,3.579619e-05,5.6899535e-05,6.795308e-05,0.00019266017,8.885568e-05,1962,test
0.9978648,0.0005541861,0.0012781294,3.1678504e-05,3.1586915e-05,3.9034e-05,0.00014875416,5.1886767e-05,1963,test
0.0006966131,0.0029338927,0.0024225386,0.0039854012,0.00094169663,0.015726903,0.004699603,0.9685933,1964,test
0.00048780895,0.00026131442,0.99867636,2.7462735e-05,0.00020644031,7.171154e-05,6.868988e-05,0.00020011573,1965,test
0.0005005031,0.0004314219,0.998334,3.808863e-05,0.00032138833,6.700835e-05,9.116412e-05,0.00021645086,1966,test
0.00042829028,0.00013988317,0.9990595,2.0173271e-05,0.00012649219,5.43769e-05,3.933608e-05,0.00013196516,1967,test
0.9971834,0.0008417157,0.0016568266,2.6771339e-05,3.3384546e-05,3.709916e-05,0.00014667098,7.400592e-05,1968,test
0.99335784,0.0009318727,0.004942221,0.00010783927,5.8085396e-05,9.941471e-05,0.00032596957,0.0001766771,1969,test
0.0005193965,0.0005224052,0.9980683,4.2090807e-05,0.00043825698,7.2488605e-05,0.00010453083,0.00023249064,1970,test
0.00039319892,0.00015446544,0.99906987,2.4442292e-05,0.00013302757,3.372576e-05,4.8274e-05,0.00014315546,1971,test
0.9882839,0.0006366847,0.010603137,8.267766e-05,7.4243144e-05,9.9943194e-05,0.00013338987,8.605656e-05,1972,test
0.9809579,0.002641531,0.015554644,5.1480118e-05,8.9565954e-05,0.00013344231,0.00020844679,0.00036299368,1973,test
0.0006131947,0.00011191295,0.9989349,4.7242218e-05,0.0001086357,7.499371e-05,2.857954e-05,8.042727e-05,1974,test
0.00047685692,0.00015923838,0.99893373,2.818377e-05,0.00014487817,4.2885247e-05,7.024751e-05,0.00014397324,1975,test
0.00045213735,0.00026016278,0.99878544,2.6868282e-05,0.00017134499,6.849217e-05,6.2576284e-05,0.00017293575,1976,test
0.9865556,0.0016814403,0.010331084,0.00021911938,0.0002014255,0.00018089585,0.00048734213,0.0003431522,1977,test
0.99691904,0.0006854148,0.002101078,2.5941657e-05,3.202985e-05,4.6352103e-05,0.00013584006,5.4209246e-05,1978,test
0.00038719154,0.00021504425,0.99891734,2.3470011e-05,0.00021309358,4.1328913e-05,5.6482168e-05,0.0001461157,1979,test
0.0003287905,0.00026610802,0.99892694,2.3398923e-05,0.00018767947,3.915276e-05,5.6860605e-05,0.0001710734,1980,test
0.00036034713,0.0003315277,0.99852544,4.1881318e-05,0.00035189444,0.00010495928,6.6458044e-05,0.00021751117,1981,test
0.0005384314,0.00039431476,0.9983474,4.8399914e-05,0.0003029146,9.641127e-05,8.9422174e-05,0.00018283085,1982,test
0.0005094342,0.00011309046,0.9990369,2.3577617e-05,0.00010690762,4.271778e-05,5.7736e-05,0.000109658286,1983,test
0.00066657976,0.0005472168,0.9976647,5.2924912e-05,0.00053177885,0.00011737236,0.00012349673,0.00029605188,1984,test
0.0008706755,0.0001394594,0.998104,0.0001555696,0.00015779267,0.00028130764,0.00013657588,0.00015452657,1985,test
5.7330257e-05,0.002328077,4.0730112e-05,1.4497142e-05,0.00028573666,0.00012037773,5.430866e-05,0.9970989,1986,test
0.9976031,0.00055118883,0.0015684069,1.58894e-05,3.2149117e-05,3.9760016e-05,0.0001315863,5.797353e-05,1987,test
0.00036732652,0.00031671836,0.9986909,2.8761635e-05,0.00028670015,6.437943e-05,7.2574934e-05,0.00017257013,1988,test
0.9970643,0.00050364,0.0021337557,3.8978924e-05,3.2326625e-05,5.299051e-05,0.00011390696,6.0194896e-05,1989,test
0.00034513322,0.00021603858,0.99896526,2.6589209e-05,0.00019571271,6.349197e-05,6.1131475e-05,0.00012658729,1990,test
5.554973e-07,5.6237994e-05,9.692471e-07,7.8461943e-07,0.9998172,6.0460557e-06,3.0952895e-05,8.726375e-05,1991,test
0.0074268198,0.04072585,0.08509868,0.00046120372,0.013093997,0.03818022,0.003919142,0.8110941,1992,test
0.9774588,0.002017634,0.019423796,0.00013729472,0.00020783462,0.00016562846,0.0003747368,0.00021426559,1993,test
1.1751527e-05,0.00083110936,5.9832022e-05,8.3682295e-05,0.9980363,0.00021572821,0.00024938665,0.000512226,1994,test
0.9642446,0.0009103193,0.0341728,7.737696e-05,0.0001106058,0.00014833771,0.00016644418,0.00016958012,1995,test
0.00052455196,0.00022138233,0.99867576,3.560212e-05,0.00015681885,0.00014443013,4.416488e-05,0.0001972385,1996,test
0.9952631,0.00061187806,0.0037174518,4.6892354e-05,4.7348014e-05,6.595889e-05,0.00013457923,0.00011282917,1997,test
0.99836344,0.00047725302,0.0008560479,2.3634142e-05,3.1801035e-05,4.0964078e-05,0.00016562328,4.136039e-05,1998,test
0.00036678178,0.00022374357,0.9988642,2.703323e-05,0.00021317718,5.3475847e-05,7.445011e-05,0.0001771298,1999,test
0.0005073836,0.00056535186,0.997914,3.8899576e-05,0.00030036093,0.000114033726,9.419252e-05,0.0004657546,2000,test
0.016745823,0.00066773064,0.9815353,0.00017291278,0.00026081054,0.00013023532,0.00010417921,0.00038307504,2001,test
0.01457322,0.4377258,0.018782994,0.0067184493,0.011384443,0.047126427,0.13996254,0.32372612,2002,test
0.00044485752,0.0002949822,0.9986046,3.8790633e-05,0.00027709958,0.000104915765,7.068428e-05,0.00016397373,2003,test
0.9971752,0.0006746797,0.0017854868,5.14878e-05,4.927852e-05,6.1294544e-05,0.00015495879,4.7508474e-05,2004,test
0.00041346293,0.00027809807,0.9987186,3.2215652e-05,0.00027065157,7.911559e-05,6.150128e-05,0.00014631264,2005,test
0.9963961,0.0011352312,0.0020824736,4.63167e-05,4.2822227e-05,4.426421e-05,0.00016980006,8.284594e-05,2006,test
0.0003077158,0.00026236047,0.99879265,2.5249217e-05,0.00029733137,4.80494e-05,6.724089e-05,0.00019931485,2007,test
0.99795604,0.00067741185,0.00094683334,2.0782423e-05,3.7880447e-05,5.9324564e-05,0.00024207155,5.9637172e-05,2008,test
0.0010991256,0.0005704141,0.99734914,6.2840976e-05,0.00022929633,0.00013641352,0.000118860415,0.00043394134,0,validation
0.99810874,0.0009864714,0.0005355026,3.4244902e-05,4.5117267e-05,7.445351e-05,0.00012495994,9.0498455e-05,1,validation
0.9974152,0.001167258,0.0010418287,3.0965646e-05,5.104287e-05,5.580034e-05,0.00012941049,0.00010848544,2,validation
0.9980399,0.001007171,0.0006125772,3.0697596e-05,4.9719598e-05,4.82812e-05,0.00013071715,8.099123e-05,3,validation
0.00085571676,0.0005974165,0.99712723,8.189639e-05,0.0005560571,0.00014173196,0.00015126562,0.00048861885,4,validation
0.0007843571,0.00058844086,0.9976063,6.7038156e-05,0.00036357282,0.00012035034,0.00013498768,0.0003349133,5,validation
0.0009940789,0.0006528711,0.99698275,6.613438e-05,0.00034930147,0.00019227352,0.00015999432,0.00060263666,6,validation
0.9973024,0.0009037867,0.00136357,5.242749e-05,5.281778e-05,8.847836e-05,0.00014118658,9.528784e-05,7,validation
0.99569345,0.0016658824,0.0017266095,7.183675e-05,0.000121486955,0.00014738356,0.00027223714,0.00030100014,8,validation
0.9976387,0.0010257978,0.00089120393,4.0074203e-05,5.3723077e-05,0.00010107278,0.00014577415,0.000103666294,9,validation
0.0009026629,0.0006889269,0.99708515,6.293797e-05,0.00042037177,0.00016844828,0.0001338333,0.0005376465,10,validation
3.912445e-05,0.0013024462,1.940565e-05,8.1698585e-05,0.9966408,0.00059654703,0.00025306083,0.0010669876,11,validation
0.00097435655,0.00031068886,0.9979152,3.8053524e-05,0.00021533514,0.0001362636,6.0653212e-05,0.00034933217,12,validation
0.00077047583,0.00053685723,0.9972644,4.6483674e-05,0.0005920579,0.00018838282,0.00014077597,0.000460644,13,validation
0.0011812513,0.00075093814,0.99649554,0.00010093723,0.00062455033,0.00015852146,0.0002084731,0.00047990127,14,validation
0.001205255,0.00092813553,0.99636877,8.849877e-05,0.000531483,0.00013345492,0.00019913286,0.0005451877,15,validation
1.7966044e-06,8.010261e-05,9.876558e-06,1.7938231e-05,7.5254175e-05,0.99961877,6.9416606e-06,0.0001892774,16,validation
0.99718565,0.0009575195,0.0014613845,3.816008e-05,7.583656e-05,5.7498582e-05,0.00013910432,8.474828e-05,17,validation
0.0016756544,0.0002599555,0.99745315,6.5755696e-05,0.00018254048,9.700303e-05,8.4696905e-05,0.00018128741,18,validation
0.000778031,0.0006649009,0.99711514,5.4176748e-05,0.0006198932,0.00018916794,0.00015496406,0.00042369767,19,validation
0.00022262816,0.0020969645,0.0007363814,1.1425132e-05,0.00028409774,0.0012192358,0.00017597018,0.9952533,20,validation
0.00096515095,0.00089069357,0.9964309,0.000109255176,0.0006455671,0.00019812101,0.00016801986,0.0005921819,21,validation
0.0012256665,0.0004924624,0.9973954,5.6598055e-05,0.0003535279,0.00010317937,0.00012414086,0.00024904072,22,validation
0.15482573,0.0043578856,0.8332644,0.000657974,0.001500114,0.0009859003,0.0014471094,0.002960883,23,validation
0.0011432446,0.0008988847,0.99629647,0.000107794585,0.0005707842,0.00020175512,0.0001935946,0.00058739906,24,validation
0.0011027664,0.00042785425,0.9975485,6.5229375e-05,0.00024600577,9.654069e-05,0.00014722324,0.000365825,25,validation
0.00077875995,0.00054492266,0.99738187,4.5829944e-05,0.0004651159,0.00015815442,0.00011673748,0.00050860364,26,validation
0.0102637755,0.001073135,0.9874942,0.00014974458,0.0004081087,0.00015074671,0.00014966904,0.0003107429,27,validation
0.00078837865,0.00044461188,0.9979765,4.552623e-05,0.0002645518,7.607932e-05,0.00010369457,0.0003005683,28,validation
0.9966086,0.0011325723,0.0017509975,5.369628e-05,5.4918142e-05,8.960504e-05,0.00015939433,0.00015020465,29,validation
0.002135946,0.0004887812,0.9966221,3.815387e-05,0.00024215778,8.079408e-05,7.612838e-05,0.0003159062,30,validation
0.00046173861,0.00046409678,0.9981577,4.7170404e-05,0.00039136215,9.8553755e-05,9.6649856e-05,0.00028270436,31,validation
0.0007393296,0.00068445376,0.9971213,5.395681e-05,0.00064791687,0.00016544435,0.00016262312,0.0004249169,32,validation
6.1155134e-07,4.980377e-05,1.734382e-05,0.999554,3.9144135e-05,9.824622e-07,3.9730017e-05,0.0002984265,33,validation
0.3296701,0.5713705,0.0380601,0.0030367547,0.015826099,0.014525017,0.009473469,0.018037962,34,validation
0.0011104896,0.00037194064,0.9976152,4.7994174e-05,0.00021465991,0.00011443103,9.525748e-05,0.00042996762,35,validation
0.0014132498,0.0005793696,0.9970018,5.9250884e-05,0.00030221566,0.00011127387,0.00014924836,0.00038347716,36,validation
0.9978276,0.0008961502,0.0007966607,4.5241166e-05,4.5603603e-05,9.657165e-05,0.00013676782,0.00015544421,37,validation
0.9975297,0.0013835987,0.0006060076,3.1749212e-05,4.2609667e-05,7.488628e-05,0.00023418764,9.727933e-05,38,validation
0.989528,0.002184886,0.0070110876,0.00025924703,0.00023921777,0.00016179662,0.00026468007,0.00035110593,39,validation
6.9518474e-06,0.0007644324,3.3197132e-06,3.2512457e-05,0.9986589,4.483712e-05,6.965322e-05,0.000419419,40,validation
0.9971908,0.0013744417,0.0007474363,7.435112e-05,6.480402e-05,0.00016461212,0.00023324808,0.000150341,41,validation
0.9941526,0.001261789,0.0038826086,7.155553e-05,0.00015835838,0.00010844845,0.00023920638,0.00012535426,42,validation
0.0011955013,0.00037984582,0.99693644,7.551475e-05,0.00025268728,0.0002526008,0.00018962729,0.0007177394,43,validation
9.509246e-06,0.0010060783,1.6205468e-05,1.3177155e-06,4.7427086e-05,8.5067404e-05,1.3502611e-05,0.99882084,44,validation
0.00089377334,0.00040087666,0.9978582,5.8437814e-05,0.00022986913,8.422793e-05,0.00012228578,0.00035225594,45,validation
0.0006862647,0.00050947967,0.9975732,4.870201e-05,0.000495392,0.0001662334,0.00012136499,0.00039922431,46,validation
2.82278e-05,0.0018624851,1.3244393e-05,5.699374e-06,0.000106887586,4.9156264e-05,3.470185e-05,0.99789953,47,validation
0.0008321817,0.00054814445,0.99752206,6.192952e-05,0.00045625438,0.00014150521,0.00012987255,0.0003080309,48,validation
0.0006049798,0.00016981346,0.99885726,3.4765508e-05,0.000110775334,5.077883e-05,4.6770067e-05,0.00012484261,49,validation
0.0011565454,0.0004561081,0.99736685,6.3067055e-05,0.00024631494,0.00011585114,0.00017566457,0.00041968847,50,validation
0.0006721886,0.99747133,2.441347e-05,0.00012659111,0.00051819015,0.00029207827,0.0005935187,0.00030166586,51,validation
0.0012249089,0.000606168,0.9969652,6.654723e-05,0.00032447462,0.00012863331,0.00017198977,0.00051206263,52,validation
0.0011546889,0.00035345135,0.9977145,5.746278e-05,0.00018550205,0.00011779706,0.0001274836,0.00028914626,53,validation
0.99773175,0.0009583852,0.0009774237,2.8909897e-05,4.393489e-05,5.0296334e-05,0.0001101085,9.925943e-05,54,validation
0.000871679,0.0006639864,0.99719954,6.2361796e-05,0.0005333917,0.00013595152,0.00013998098,0.00039302392,55,validation
0.9967135,0.0012493547,0.0011642312,7.427799e-05,6.4548236e-05,0.0001698582,0.00026040914,0.00030386465,56,validation
0.00053451245,0.00062919816,0.00011722749,0.0018923437,0.00029768777,0.00013730492,0.99528694,0.0011047627,57,validation
0.0007149514,0.0005403305,0.9972198,6.2141684e-05,0.00037738544,0.00016400906,0.000116551106,0.00080484105,58,validation
0.00058673584,0.00039121282,0.99810046,4.6918212e-05,0.00036254997,0.00011126928,9.188427e-05,0.00030903803,59,validation
0.001473174,0.00056847726,0.9969188,5.8195685e-05,0.00040536403,8.945224e-05,0.00017060677,0.0003159478,60,validation
4.4355784e-05,0.0014797895,2.25585e-05,8.150769e-06,8.0202524e-05,7.2738796e-05,3.5693596e-05,0.9982566,61,validation
0.9869696,0.0013893761,0.010860357,8.4721294e-05,0.00014853147,0.00014570307,0.00022077539,0.00018090842,62,validation
0.00056860823,0.0006127458,0.9972964,5.2663097e-05,0.0006791225,0.00019210103,0.00012772898,0.0004707135,63,validation
0.001450948,0.00040052383,0.9972952,5.8442678e-05,0.0002669134,0.00015609598,9.2161565e-05,0.00027963007,64,validation
0.0025320943,0.0021583776,0.9916259,0.00018429918,0.0011058763,0.00035138708,0.00041497932,0.0016271024,65,validation
0.0014416977,0.00047188348,0.9971917,5.460487e-05,0.00024018374,0.00010124045,0.00013840568,0.00036040996,66,validation
0.99145,0.0021926148,0.0054801805,9.04448e-05,0.00018206415,0.0001100574,0.0002271242,0.00026763478,67,validation
0.000645941,0.9975107,8.729743e-06,8.435677e-05,0.0005832155,0.00016033144,0.0005366286,0.00047018897,68,validation
0.9965773,0.0011988634,0.0014070293,7.920886e-05,0.00010033251,0.00017283193,0.00027452473,0.00018980824,69,validation
0.0006535547,0.00056152546,0.99726653,6.270863e-05,0.00036177185,0.0002670529,0.0001327967,0.0006940811,70,validation
0.0015180905,0.00034446426,0.9974256,5.781747e-05,0.0001854347,0.00011893756,8.262043e-05,0.00026704202,71,validation
0.00034917443,0.99830437,7.981244e-06,7.309994e-05,0.0005251896,0.00012048096,0.00033730274,0.0002823415,72,validation
0.000672715,0.0005619581,0.9976757,4.4761375e-05,0.00042605872,0.00014190504,0.00012150289,0.00035530954,73,validation
0.00086482486,0.0007335521,0.99700016,7.0015114e-05,0.00049059506,0.00015226158,0.00019501967,0.0004935854,74,validation
0.00089081476,0.0006971246,0.9972729,6.467217e-05,0.00035305295,9.53363e-05,0.00015692237,0.00046919257,75,validation
0.002625714,0.00028022937,0.99551433,7.4888805e-05,0.00043306392,0.00033935672,0.00014235136,0.0005899214,76,validation
0.9958823,0.0022917252,0.00085957395,7.437467e-05,8.80414e-05,0.00022272849,0.00029189707,0.00028939772,77,validation
0.0009768162,0.00030685787,0.99797434,5.02105e-05,0.00018118399,7.980406e-05,0.00013047953,0.0003002436,78,validation
0.0005703123,0.0005323772,0.9978186,5.209528e-05,0.00043305825,0.00014000565,0.00010974172,0.0003437564,79,validation
0.99678063,0.0011284588,0.0015521325,5.3437892e-05,7.501661e-05,9.012636e-05,0.00018652562,0.00013364194,80,validation
0.99734336,0.0009999186,0.0011207664,4.555748e-05,4.6926325e-05,9.620378e-05,0.00017567383,0.00017163546,81,validation
0.0010174456,0.0005781254,0.9970777,7.49763e-05,0.00034967385,0.00019327176,0.00014290624,0.00056592975,82,validation
1.7401758e-06,0.000103408056,3.0213962e-06,1.6183409e-05,4.0626383e-05,0.999746,6.2501877e-06,8.2763756e-05,83,validation
0.9936009,0.0013057368,0.0045100017,4.4440178e-05,8.142236e-05,0.00010499282,0.00016894403,0.0001835961,84,validation
0.00078499457,0.00062660145,0.9971853,5.1308478e-05,0.000534958,0.00018408122,0.00013530959,0.0004974978,85,validation
0.001165948,0.0006911816,0.9966979,8.102616e-05,0.00054172234,0.00019453003,0.00015783084,0.00047001717,86,validation
0.996846,0.0013058664,0.001153009,8.123087e-05,7.45135e-05,0.00014128153,0.00022414514,0.00017390808,87,validation
0.00089113915,0.0005416713,0.9974335,6.324203e-05,0.00030868195,0.000115539005,0.00016636854,0.0004798914,88,validation
0.00096551556,0.0007317491,0.9969157,7.070234e-05,0.00055616105,0.00017766941,0.00016502767,0.00041751363,89,validation
0.0008679109,0.0005679931,0.99725753,5.5572153e-05,0.00035663534,0.00021500389,0.00014949063,0.0005300305,90,validation
0.00078739045,0.0004013367,0.9979159,5.403731e-05,0.00023329465,0.000104555744,0.000104968974,0.00039856034,91,validation
0.0008198523,0.00051028415,0.99745387,4.0057188e-05,0.00040183013,0.00014669704,0.00013202905,0.00049545255,92,validation
0.9957515,0.0016629619,0.0020555912,3.7532143e-05,7.0411385e-05,8.938047e-05,0.00014542764,0.00018727458,93,validation
0.9981133,0.00085973507,0.00068587175,2.7920241e-05,3.5910733e-05,6.487839e-05,0.00012823778,8.421211e-05,94,validation
0.0008015925,0.00079060864,0.9968567,9.4243405e-05,0.00057943305,0.00020459008,0.00016698823,0.0005059603,95,validation
9.205467e-06,0.000447756,1.733012e-05,2.8223852e-05,0.99902546,4.1911884e-05,6.258374e-05,0.00036757364,96,validation
0.00094330957,0.0005319797,0.9974235,5.6817382e-05,0.0004352376,0.00012051595,0.00012497172,0.00036362724,97,validation
0.54432386,0.009832557,0.42651415,0.0023158705,0.0042121015,0.002414082,0.0022357707,0.008151542,98,validation
0.99414414,0.0017546111,0.0033360685,7.197563e-05,0.00012755825,0.0001276645,0.00019170194,0.00024641462,99,validation
0.0016034548,0.00066943857,0.9962684,7.354847e-05,0.0004582358,0.00019184282,0.00018160454,0.000553528,100,validation
0.9960217,0.0020935975,0.00091620005,0.00010227209,9.5984615e-05,0.00022397238,0.00028879446,0.0002575135,101,validation
0.99803406,0.0010211372,0.0005617334,3.8616447e-05,5.5308334e-05,7.5234326e-05,0.000120829965,9.306728e-05,102,validation
0.00069411914,0.00020881841,0.9983908,3.460037e-05,0.00021133148,0.00012481622,6.0509155e-05,0.0002750154,103,validation
0.994695,0.0011429961,0.0035840722,7.0060785e-05,9.641824e-05,0.0001278387,0.00017081277,0.00011282103,104,validation
0.00010544039,0.0039888592,0.00010116487,0.0009620667,0.9919824,0.0013082185,0.0007148382,0.00083707017,105,validation
0.996885,0.0011153445,0.0014809447,2.2204553e-05,6.3062085e-05,8.1607075e-05,0.00018392332,0.00016780956,106,validation
0.0010282587,0.0005090449,0.9975255,5.7918125e-05,0.00032015628,9.9003635e-05,0.0001263306,0.00033388849,107,validation
0.00017291447,0.00028692532,4.721476e-06,0.00080779026,3.5495534e-05,1.216455e-05,0.99836725,0.0003126857,108,validation
0.0009958302,0.00074333505,0.99681795,9.426078e-05,0.00048237934,0.0001544865,0.00017210036,0.0005395802,109,validation
0.0009771407,0.00048453367,0.997526,6.912599e-05,0.0003534065,0.00010593352,0.00011527137,0.00036861413,110,validation
0.0012393919,0.0004726339,0.99723804,6.122654e-05,0.0003135793,0.00014304582,0.0001323037,0.00039983075,111,validation
0.00073671405,0.00049121695,0.99783224,4.6358473e-05,0.00031557784,9.203829e-05,0.0001186623,0.00036716738,112,validation
0.0005860737,0.99619895,1.6550684e-05,0.00015256145,0.0016831078,0.000111604415,0.0006029165,0.0006482563,113,validation
0.00033877362,0.009874759,0.0006943372,0.00031596317,0.005735323,0.11677669,0.0019632813,0.8643009,114,validation
0.0007901144,0.0005987174,0.99732625,7.35923e-05,0.00040318878,0.00012320973,0.00014515079,0.0005397099,115,validation
0.99404514,0.0015156127,0.0037046527,8.3541745e-05,0.00015364974,0.00013488297,0.00020579244,0.00015662941,116,validation
0.9973123,0.0008643151,0.0014222409,3.450427e-05,4.6204237e-05,6.8096386e-05,0.00014768289,0.00010460257,117,validation
0.9972108,0.0010119954,0.001166052,7.0120994e-05,7.275315e-05,0.000117518066,0.00019590538,0.00015485987,118,validation
0.078443624,0.0015397102,0.9111966,0.00043207288,0.0033990738,0.001381872,0.0008069001,0.0028002008,119,validation
0.9976267,0.001046384,0.000882549,4.1413317e-05,4.2922897e-05,8.644812e-05,0.00014603382,0.00012751081,120,validation
0.9972887,0.0011390251,0.0011982257,3.5750178e-05,5.4864762e-05,6.087681e-05,0.00011005247,0.00011263016,121,validation
0.99592555,0.0013574663,0.0018900335,8.669228e-05,0.00013916232,0.00014841933,0.00028689808,0.00016584367,122,validation
0.00094549364,0.00036497874,0.99797064,4.3604927e-05,0.0002267824,7.1059534e-05,0.00010090913,0.000276474,123,validation
0.9748788,0.0031199898,0.019943807,0.00019573764,0.00041246024,0.000349939,0.0006110109,0.000488348,124,validation
0.9934999,0.0015022143,0.0042968006,3.196081e-05,6.658881e-05,0.00012544994,0.00019436853,0.0002828736,125,validation
0.9956793,0.0016322645,0.0018061956,7.761689e-05,9.482761e-05,0.00015255444,0.0003580393,0.0001991139,126,validation
0.0006966417,0.0008241974,0.99700135,7.886711e-05,0.00059920736,0.00017958813,0.00015913797,0.00046093925,127,validation
0.99757797,0.0006651775,0.0012671204,5.6387184e-05,3.8006285e-05,0.00011659019,0.00016405233,0.0001146731,128,validation
5.12653e-05,0.00069713756,3.960104e-05,2.6058351e-05,0.99741566,0.00016331403,0.00024335344,0.0013635948,129,validation
0.0005165758,0.996947,2.1352203e-05,7.105912e-05,0.0012729925,0.00012536289,0.00049227575,0.00055330794,130,validation
0.0031530429,0.00038455834,0.99542964,0.00014613055,0.00020302887,0.00023505112,0.00014473776,0.0003037419,131,validation
0.017802356,0.0062913247,0.0018332754,0.009435346,0.0087708635,0.0022603811,0.94442004,0.009186392,132,validation
0.9970197,0.0009605102,0.0011169855,8.291977e-05,7.735977e-05,0.00021278659,0.00028768228,0.00024208995,133,validation
0.0009754685,0.00042346344,0.99730116,8.518466e-05,0.00047348125,0.0002211491,0.00012158509,0.00039841395,134,validation
0.0061961594,0.008685657,0.00090422155,0.00557254,0.0078064487,0.0018944705,0.9623383,0.006602216,135,validation
0.010153728,0.0005446238,0.98809505,0.00010773801,0.00021263292,0.00020028712,0.00019484031,0.0004910602,136,validation
0.0032527882,0.000812561,0.99313736,0.00011765172,0.0007787426,0.0006634564,0.00031799762,0.00091943564,137,validation
0.001833829,0.00038974496,0.9967547,7.2689574e-05,0.00031776584,0.00016200833,0.000114992145,0.00035413285,138,validation
0.99763024,0.000840413,0.00097099994,7.922709e-05,3.1728046e-05,0.00014311422,0.0001558155,0.0001483622,139,validation
0.0020309489,0.00057189906,0.9957873,8.8295594e-05,0.00038996612,0.00020465847,0.00021593043,0.00071094104,140,validation
0.00069832214,0.9957261,3.0891926e-05,0.0001255815,0.0016853818,0.00026500906,0.0007052632,0.0007634154,141,validation
0.0051139332,0.0005344824,0.99313617,0.000117680866,0.00019793634,0.00022799482,0.00015163545,0.0005201458,142,validation
0.18803903,0.002286447,0.8050735,0.00054995355,0.0007187129,0.0008754288,0.00064082834,0.0018161566,143,validation
0.00063585164,0.99743736,3.3275206e-05,8.166834e-05,0.0008061706,0.00014840074,0.0005065516,0.00035065354,144,validation
0.0018717453,0.0003027543,0.9968215,8.6358086e-05,0.00020667959,0.0001544732,0.00015074236,0.00040557422,145,validation
0.0010802728,0.00045671125,0.99719965,0.00010041134,0.00040758148,0.00018487292,0.00014008116,0.0004304399,146,validation
0.0013021515,0.00038346965,0.9968268,5.9021288e-05,0.0004843391,0.00025996947,0.00011308223,0.0005710927,147,validation
0.0019313261,0.0003804176,0.996691,7.48565e-05,0.00021355589,0.00016677237,0.00013030205,0.00041179187,148,validation
0.00064906385,0.9969759,1.3532987e-05,6.429561e-05,0.0010223987,0.00012967648,0.0005002426,0.00064487476,149,validation
0.0016497975,0.0005796934,0.99636155,0.00010164975,0.00041729608,0.00025950986,0.00015860886,0.00047199408,150,validation
0.001776602,0.00048777348,0.996402,8.458676e-05,0.00040729705,0.00019943542,0.00013489637,0.00050740445,151,validation
0.0019009053,0.0006519063,0.9957943,0.00012763249,0.0004869704,0.00031881704,0.00018613538,0.00053330435,152,validation
4.309578e-05,0.0003935689,2.3020611e-05,6.290883e-05,0.00013258202,0.9989023,7.365569e-05,0.00036891966,153,validation
9.14525e-05,0.0042314557,4.410426e-05,2.864513e-05,0.00043549584,0.00041606138,0.00013383216,0.9946189,154,validation
0.002259243,0.00043335644,0.99619675,8.425521e-05,0.0002716067,0.0001806277,0.00014726103,0.00042692805,155,validation
0.0018271281,0.00029492064,0.99690336,8.946654e-05,0.00019709324,0.000225021,0.00011105108,0.0003520392,156,validation
0.9981034,0.0006005085,0.00081410666,5.0113842e-05,3.579457e-05,0.00011986437,0.0001673732,0.00010885005,157,validation
0.0022128671,0.0059923087,0.001977709,0.00026472178,0.0012268958,0.0028209079,0.0009419752,0.9845627,158,validation
0.9967685,0.0014322925,0.0006589041,9.3419905e-05,7.41534e-05,0.00036064614,0.00030251167,0.00030964505,159,validation
0.99680245,0.0014129287,0.00077893387,0.00015312101,0.00010784665,0.00024285825,0.0002464993,0.00025528896,160,validation
0.0015020872,0.00036714182,0.9971546,6.2827465e-05,0.00024162447,0.00013907452,0.00012764848,0.00040493955,161,validation
0.0014602197,0.00042771435,0.9970283,7.32119e-05,0.00027574704,0.00016089354,0.00013497975,0.00043890605,162,validation
0.010631946,0.0004101798,0.9877927,0.00012450208,0.00021561346,0.00021670044,0.0001793131,0.00042910615,163,validation
0.0018707544,0.00057631126,0.9961081,0.000110682835,0.00037827974,0.00021926533,0.00017143514,0.0005651479,164,validation
0.0013137562,0.00038909458,0.9971329,6.453119e-05,0.0003262119,0.00019217178,0.00012781796,0.0004534603,165,validation
0.0022890053,0.0005541377,0.9959124,9.100928e-05,0.00027307664,0.00017740077,0.00016791625,0.00053502206,166,validation
0.9938175,0.0030328992,0.001135125,0.00015715486,0.00029492262,0.0006040989,0.00053991994,0.00041834093,167,validation
0.08203085,0.2705857,0.05259141,0.009099941,0.27949804,0.07282848,0.019254096,0.21411149,168,validation
0.0013501168,0.000503981,0.9963349,0.00010474991,0.00070135447,0.00034368568,0.00015474981,0.00050649495,169,validation
0.0020310606,0.000470342,0.99636334,8.48725e-05,0.00023834885,0.00016137905,0.00017112424,0.00047943072,170,validation
0.0015749005,0.00041057743,0.99653316,9.0615344e-05,0.0004565632,0.00021740518,0.00014691835,0.0005698811,171,validation
0.0011340601,0.0004191695,0.9969703,9.954074e-05,0.00054290413,0.00024371546,0.00012726344,0.00046305868,172,validation
0.0013328637,0.00051662454,0.9965771,0.000102342594,0.00049277314,0.0002790154,0.00014743068,0.00055186625,173,validation
0.9966935,0.0006243391,0.002043456,3.5652425e-05,5.770339e-05,0.0001360219,0.00017831757,0.00023098906,174,validation
0.9972428,0.0008226633,0.0011456545,7.614783e-05,9.5321586e-05,0.00020889162,0.00018506226,0.00022334993,175,validation
0.0012878967,0.00040726058,0.99706763,8.13135e-05,0.000408237,0.00024133004,0.00012659648,0.00037978712,176,validation
0.0014084699,0.0006395279,0.99608237,0.00010863958,0.0006345508,0.00033256042,0.00018471351,0.0006090938,177,validation
0.9975266,0.0009978099,0.00051570946,0.00011396793,6.1493054e-05,0.0003111065,0.00019974107,0.0002735104,178,validation
0.7020047,0.0047721285,0.28673592,0.0011453266,0.0011436294,0.0014310516,0.0010560557,0.0017112042,179,validation
0.0017573325,0.0003633351,0.99685127,7.432e-05,0.00025586333,0.0001446524,0.0001405075,0.00041279773,180,validation
0.9976799,0.00071029656,0.001171758,5.8731617e-05,3.943197e-05,9.763305e-05,0.00012091259,0.000121279954,181,validation
0.0020697776,0.0005326663,0.99605894,9.0619214e-05,0.00033714814,0.00021843928,0.00017854273,0.00051377044,182,validation
1.3680672e-05,0.00015475268,6.249593e-05,5.9195583e-05,0.00013054156,0.9989832,2.6079199e-05,0.0005700609,183,validation
0.00071807497,0.00032765706,0.99789774,7.0102215e-05,0.00037099386,0.0001844826,9.2137605e-05,0.00033873555,184,validation
0.0017218716,0.00023030212,0.9966536,7.484192e-05,0.00033868512,0.000254584,8.657895e-05,0.000639493,185,validation
0.0023346215,0.0006070514,0.9955686,0.000111717956,0.0003926596,0.00024846086,0.00019664977,0.0005402513,186,validation
0.0015982155,0.995038,4.5525576e-05,0.0001019866,0.0017863975,0.00016632375,0.0008153997,0.000448121,187,validation
0.0013194337,0.00048790127,0.99636227,9.135349e-05,0.0006018662,0.000370411,0.00015355884,0.00061322894,188,validation
0.99851245,0.0006199606,0.00042202027,3.9251307e-05,3.3797587e-05,0.000103455626,0.00014833643,0.00012070449,189,validation
1.0437684e-05,0.0002685611,0.00032008605,0.99803656,0.0007385023,5.697519e-05,0.0001654161,0.0004034551,190,validation
0.00018869946,0.003258619,4.9873655e-05,1.7411774e-05,0.00022226894,0.00021113011,0.00014475032,0.9959072,191,validation
0.0022698783,0.00055665156,0.99602133,8.510122e-05,0.00028850697,0.00017656556,0.00015672647,0.00044520086,192,validation
0.0018586704,0.0006456293,0.995756,0.00013831929,0.00046701086,0.00033215928,0.0001992436,0.0006031012,193,validation
0.9980862,0.0006288892,0.0007859799,5.8472073e-05,4.355802e-05,0.00010222482,0.00014254962,0.00015210797,194,validation
0.0019791669,0.0005504931,0.9961259,8.345968e-05,0.0003478215,0.00023863635,0.0001509331,0.0005236337,195,validation
0.9976655,0.0005817352,0.0012728157,3.3156914e-05,4.0778956e-05,0.00012331335,0.00012034176,0.00016234546,196,validation
0.002310345,0.0005123486,0.99603856,7.6410004e-05,0.0002809942,0.00016751797,0.00014305825,0.0004707594,197,validation
0.0017767389,0.00023958003,0.9968694,6.0089933e-05,0.00022283194,0.00020718329,8.41309e-05,0.00054012856,198,validation
0.9978404,0.0009735781,0.0005035242,7.224455e-05,5.2812866e-05,0.00020218111,0.00020003213,0.00015510798,199,validation
2.0787918e-05,0.00022649729,3.4718887e-05,7.7765166e-05,0.000160614,0.9990914,3.908157e-05,0.00034914108,200,validation
0.0019589725,0.0002797621,0.9969597,4.291997e-05,0.00017363804,0.00012234754,9.08407e-05,0.00037190225,201,validation
0.0019479402,0.00071135093,0.9954601,0.0001469006,0.0005325461,0.00033810746,0.00020805301,0.0006549852,202,validation
0.9966557,0.0009808573,0.001256407,0.00012209603,8.779231e-05,0.00027094956,0.00021770912,0.00040844778,203,validation
0.0017707888,0.0075170044,0.0033521436,0.0013279921,0.1972076,0.77797246,0.002290121,0.008561933,204,validation
0.9982583,0.00061434077,0.0006443623,5.4064873e-05,3.475252e-05,0.000113605696,0.00013615182,0.00014437664,205,validation
0.0015828793,0.0006418428,0.99623764,0.000105409774,0.00045634795,0.00023813703,0.00016590023,0.0005717952,206,validation
0.0015157914,0.0006723532,0.99582666,0.000115237104,0.00069482886,0.00038947567,0.00015791939,0.0006277208,207,validation
4.9181832e-05,0.002052939,1.936032e-05,1.1037597e-05,0.00021654952,0.00018723596,5.102302e-05,0.9974126,208,validation
0.0012385235,0.00071468815,0.99626666,0.00010720363,0.00075677416,0.0002785218,0.00017239012,0.000465229,209,validation
0.0035844892,0.0005650746,0.9943303,0.00017831348,0.00027724868,0.00040615688,0.00024474578,0.00041372186,210,validation
0.0039298898,0.00028559502,0.9948242,5.8759255e-05,0.00021771083,0.00021144566,9.670132e-05,0.00037578942,211,validation
0.96588916,0.024089357,0.005085162,0.00034470178,0.00040594884,0.001279863,0.0013808607,0.0015249739,212,validation
0.0020598588,0.000540295,0.99610114,9.169444e-05,0.0003868151,0.00022553162,0.00017788437,0.00041675614,213,validation
0.0017924875,0.0002865186,0.99698716,7.1686845e-05,0.00020319165,0.0001766697,0.00011033578,0.00037199672,214,validation
0.9974475,0.00058237684,0.0014096391,4.3256765e-05,5.678429e-05,0.00013638404,0.00014006467,0.00018404816,215,validation
0.0022972298,0.00044369054,0.995804,5.4201413e-05,0.00026201006,0.0001874819,0.00017893642,0.00077246,216,validation
0.99760395,0.00129122,0.00034974032,7.875719e-05,6.3955966e-05,0.00020477995,0.00021103307,0.00019665569,217,validation
1.5257586e-05,0.00020448367,3.568124e-05,9.134965e-05,0.00014056423,0.9991253,3.4359342e-05,0.00035302612,218,validation
3.1737927e-05,0.00042331585,2.3720924e-05,9.162791e-05,0.00013757523,0.9988464,6.603949e-05,0.00037959288,219,validation
0.0012935861,0.00034164404,0.9971975,5.4710425e-05,0.00033012233,0.00021524412,9.434399e-05,0.00047274743,220,validation
0.998133,0.00058581907,0.0008435694,5.6304496e-05,3.742352e-05,9.905826e-05,0.00012147617,0.0001232988,221,validation
0.9977221,0.0010306141,0.0005019209,6.3492895e-05,4.545082e-05,0.00022085899,0.00024922757,0.00016638431,222,validation
0.0018952554,0.0003782682,0.99663866,8.377425e-05,0.00026287918,0.00017037724,0.00015106556,0.0004196317,223,validation
0.001398658,0.000336904,0.9973007,7.096498e-05,0.0002409435,0.0001457777,0.00013222446,0.00037391784,224,validation
0.0008657728,0.99658775,3.3393095e-05,9.791498e-05,0.0013650863,0.00012719956,0.0005870564,0.0003357777,225,validation
0.001592734,0.00046408374,0.99659973,6.900163e-05,0.00036497458,0.00024436807,0.00012656268,0.0005386084,226,validation
0.0014892924,0.0006051936,0.99635977,0.00011696804,0.0005299765,0.00025331954,0.00015368941,0.0004917602,227,validation
0.0038199257,0.004359895,0.00028298644,0.0030224123,0.00257376,0.0005793445,0.98037875,0.0049828803,228,validation
0.0015208425,0.00046129248,0.99676114,7.6838835e-05,0.00034658774,0.00017441444,0.00014570786,0.00051318674,229,validation
0.00025398514,0.0001060446,0.99880636,3.4369874e-05,0.00021644715,0.00019710895,4.042344e-05,0.0003451846,230,validation
0.00011081677,0.00343693,4.3250744e-05,1.5128283e-05,0.00041934475,0.000529247,0.00016973254,0.9952754,231,validation
0.0016858935,0.0003990593,0.99680007,6.750806e-05,0.00029217586,0.00018873179,0.00015077664,0.00041575043,232,validation
0.0011970408,0.0004038048,0.9970499,8.764572e-05,0.0004519472,0.00026665645,0.000111220885,0.0004316491,233,validation
0.005029177,0.0051053404,0.00023692627,0.0021802746,0.0015713817,0.00057854864,0.9789787,0.0063197576,234,validation
0.005395011,0.0003585685,0.9932175,0.00012418994,0.00018750942,0.0001872723,0.00013615243,0.00039374665,235,validation
0.0019720441,0.00071634183,0.99559456,0.00012700228,0.0004975096,0.00028694718,0.00020027289,0.0006053173,236,validation
0.0015576404,0.00058191665,0.99634284,0.00010292473,0.0004376527,0.00023323097,0.00017170103,0.0005720656,237,validation
0.0017236769,0.00032756026,0.9967823,4.945822e-05,0.0002449921,0.0001887702,8.261172e-05,0.0006005888,238,validation
0.0013833042,0.00048070468,0.996554,9.4996845e-05,0.00050511543,0.00028033077,0.0001522148,0.0005493129,239,validation
0.9974612,0.0010671264,0.00061031955,9.8099816e-05,7.456972e-05,0.00023477933,0.00019836353,0.0002555605,240,validation
0.0016533944,0.00054803025,0.99645907,9.426756e-05,0.0003662322,0.00017939562,0.00014788649,0.0005517525,241,validation
0.00061570335,0.00029219658,0.99791616,6.897875e-05,0.00033777423,0.00018937571,8.273583e-05,0.00049713935,242,validation
0.00091742334,0.00041966944,0.9973815,9.322986e-05,0.0004640976,0.00021015406,0.00012432729,0.0003896155,243,validation
0.99775714,0.0006460883,0.0010219106,5.1745923e-05,5.5822824e-05,0.00014280395,0.00016066986,0.00016379115,244,validation
0.0011278031,0.9956351,2.8491544e-05,9.4632596e-05,0.0014726035,0.00018855293,0.0007429767,0.00070988294,245,validation
0.0017888985,0.00050365366,0.9964562,9.550564e-05,0.00037760462,0.00019467605,0.00018211004,0.00040125425,246,validation
0.99657464,0.0007926683,0.0019839513,7.517089e-05,7.731307e-05,0.00011826717,0.00017430565,0.00020368524,247,validation
0.0054573286,0.004888467,0.0021830804,0.012098246,0.005441794,0.0026680615,0.95921934,0.008043624,248,validation
0.0020207884,0.00033514816,0.99670476,7.220466e-05,0.00018647105,0.00012408615,0.00014173123,0.00041479844,249,validation
0.0017423091,0.00031983163,0.9969607,7.565332e-05,0.00028794797,0.00014131988,0.0001237672,0.00034853056,250,validation
0.0022607876,0.00057781243,0.99571097,0.000106861065,0.00039601332,0.00024407843,0.00017755544,0.0005258908,251,validation
0.0021473272,0.000602252,0.9955961,0.00011301502,0.00036838301,0.00032289105,0.0002007928,0.0006491457,252,validation
0.0029623653,0.0005060555,0.9951197,8.7775785e-05,0.00031528197,0.00022552782,0.00015711831,0.00062624575,253,validation
0.0014353358,0.00033322864,0.9972046,6.110917e-05,0.00027283863,0.00016095993,0.00011346317,0.00041855028,254,validation
0.0023224459,0.0003530582,0.996151,0.00010613521,0.00023820782,0.0001793747,0.00018622336,0.0004637301,255,validation
0.9976089,0.00087876816,0.0010742856,3.955567e-05,2.9172063e-05,6.275121e-05,0.00018670877,0.00011988271,256,validation
0.037085127,0.048675235,0.81796706,0.01130949,0.018615521,0.022116303,0.02557265,0.018658603,257,validation
0.0008757983,0.00034365576,0.99818295,3.5829184e-05,0.00011335579,5.7121368e-05,7.865927e-05,0.000312597,258,validation
0.9978975,0.0005596691,0.0011302122,3.5387795e-05,2.7564643e-05,8.34219e-05,0.0001335831,0.00013255948,259,validation
0.9978242,0.0007477681,0.0010319523,3.3433917e-05,2.9617107e-05,7.351931e-05,0.00015415682,0.00010536138,260,validation
4.036044e-05,0.00047162586,0.00020461762,5.2188563e-05,9.308153e-05,0.99706036,7.343522e-05,0.0020042493,261,validation
0.9963104,0.0009343934,0.0021792508,4.476629e-05,5.8577327e-05,0.00012701437,0.00017368887,0.0001719373,262,validation
0.9970144,0.00088063016,0.0016973846,4.6144734e-05,3.0183133e-05,6.534122e-05,0.00015589762,0.000109979286,263,validation
0.0006508203,0.00044138182,0.9981316,3.0563027e-05,0.0002893863,0.00012052779,7.416903e-05,0.00026158715,264,validation
0.99810636,0.000761879,0.00075044174,4.1730604e-05,3.3767737e-05,7.641967e-05,0.0001396643,8.9660316e-05,265,validation
0.0002822713,0.0030218936,0.0009742892,0.982475,0.005470782,0.00065092975,0.003352024,0.003772946,266,validation
0.00070993416,0.00034930438,0.9983541,3.120091e-05,0.00015253772,7.156038e-05,5.862039e-05,0.0002726997,267,validation
0.003784306,0.00022573322,0.9954372,2.759701e-05,0.0001078379,7.94354e-05,5.3990912e-05,0.00028391756,268,validation
0.99668616,0.0011356187,0.0016724981,5.5997814e-05,5.064962e-05,6.996483e-05,0.00018667239,0.00014247136,269,validation
4.314086e-05,0.0007287373,2.02627e-05,1.4626571e-05,0.99830353,6.0907678e-05,0.000116611365,0.0007121566,270,validation
0.00067903835,0.00041823773,0.99802905,5.0767176e-05,0.00031066354,0.000114845265,0.00010107511,0.00029622755,271,validation
0.0022841801,0.00023534748,0.9964585,8.263042e-05,0.0001928703,0.00026464387,0.00010788997,0.00037395747,272,validation
0.00077469886,0.000304994,0.99837923,3.2096654e-05,0.00012429438,6.385204e-05,5.7328703e-05,0.0002634433,273,validation
0.004627319,0.004502947,0.00035829685,0.003660769,0.0013138911,0.0010557562,0.9808655,0.0036155225,274,validation
0.014168724,0.00035847246,0.98455596,6.299247e-05,0.00012559487,0.00017080283,8.3516825e-05,0.00047387058,275,validation
0.00083951594,0.00051102525,0.9978617,3.561852e-05,0.00017977876,9.869653e-05,8.00326e-05,0.00039361243,276,validation
1.3626078e-05,0.00023027277,5.3552405e-05,3.7391448e-05,0.00015610602,0.99908435,2.2166278e-05,0.00040257664,277,validation
0.99301285,0.0014269502,0.0048010102,9.053537e-05,8.123886e-05,0.00015319316,0.00017754202,0.00025672407,278,validation
0.0016689682,0.00012969322,0.9977429,4.9791055e-05,8.337296e-05,7.523855e-05,5.4048556e-05,0.00019604636,279,validation
1.39788135e-05,0.00024797517,7.4269345e-05,4.298823e-05,0.00015094988,0.9985765,3.118799e-05,0.0008621852,280,validation
0.0030924887,0.002144772,0.99284923,6.874465e-05,0.0003463438,0.0002871195,0.0001308464,0.0010804016,281,validation
0.002077595,0.00015234774,0.9974483,3.1711916e-05,4.463528e-05,5.28119e-05,3.8610277e-05,0.00015401692,282,validation
2.428377e-05,0.0006093408,0.0009178182,0.99607337,0.0012881801,0.00013925374,0.00037966322,0.0005681357,283,validation
0.9969066,0.0010171864,0.0016717898,3.7358615e-05,2.7694976e-05,5.6879915e-05,0.00014587471,0.00013659794,284,validation
0.99752265,0.0010044947,0.0009750438,5.2258943e-05,2.9246308e-05,9.969519e-05,0.00018847529,0.00012810691,285,validation
0.0012620331,0.0002449021,0.997974,2.2970195e-05,9.549762e-05,6.265575e-05,6.4193606e-05,0.0002736683,286,validation
0.9970682,0.0009719677,0.0013192364,7.607781e-05,4.407386e-05,0.00013189783,0.00021989716,0.00016869573,287,validation
0.9978527,0.0007449078,0.0009940689,2.891045e-05,2.6488287e-05,7.5913485e-05,0.0001379772,0.00013902517,288,validation
0.0012869887,0.00047590845,0.9973953,5.2900577e-05,0.00023564849,8.438225e-05,0.00010779992,0.000361069,289,validation
0.99797064,0.00074041606,0.0009106765,2.8610173e-05,2.4707253e-05,6.241651e-05,0.00015909775,0.00010342731,290,validation
0.045707956,0.94752,0.00046868366,0.00036564618,0.0014933203,0.0009868033,0.0023086178,0.001148922,291,validation
0.0028854446,0.0029516532,0.9711435,0.0020261745,0.003541337,0.008415232,0.0037863203,0.0052503594,292,validation
0.000981939,0.00037862576,0.99794763,4.192288e-05,0.0001491741,8.428964e-05,7.428489e-05,0.00034223852,293,validation
0.0010657498,0.0005069945,0.9976205,4.721557e-05,0.00021813277,0.00010486256,0.00010001534,0.00033644782,294,validation
1.1549383e-05,0.0020870615,1.0405906e-05,9.0919804e-07,0.00015405362,0.00012528856,2.1748498e-05,0.997589,295,validation
0.0011694023,0.00033735106,0.9978515,4.3180127e-05,0.00016305133,6.0259197e-05,9.5792355e-05,0.00027958813,296,validation
0.00094670913,0.00035396637,0.99800783,3.701044e-05,0.00013374905,7.3835356e-05,8.041488e-05,0.00036649164,297,validation
0.9911849,0.0012922046,0.0065687266,8.049197e-05,9.619921e-05,0.00017358648,0.000305144,0.0002987461,298,validation
0.9979305,0.00086351123,0.00073897303,4.746989e-05,2.9213988e-05,9.333386e-05,0.00017277982,0.00012418674,299,validation
0.00090984226,0.0004995897,0.99766374,5.541762e-05,0.0002419764,0.00010082365,9.806145e-05,0.0004305051,300,validation
0.9971552,0.0010090694,0.0012756855,4.5967332e-05,3.9508886e-05,9.2185015e-05,0.00022767407,0.00015473254,301,validation
0.99636155,0.00077161286,0.0022814772,6.352028e-05,5.8258473e-05,0.00012772041,0.0001820665,0.00015391441,302,validation
0.9879894,0.0033887725,0.005492637,0.00045626558,0.00038153076,0.00063682284,0.00088804,0.0007665695,303,validation
0.0015773309,0.99251175,0.0001598499,0.00036037507,0.0028609233,0.00059455703,0.0009549617,0.0009802879,304,validation
0.0374489,0.010061588,0.8239824,0.004332407,0.013648589,0.045788936,0.004240258,0.060496986,305,validation
0.998052,0.0006281486,0.000978647,2.4992854e-05,2.3213383e-05,5.7998954e-05,0.00013167503,0.000103416605,306,validation
0.0019468836,0.00021518511,0.9969869,0.00011027579,0.0001840604,0.00017175631,0.00010684159,0.00027801804,307,validation
0.0008772275,0.00043604002,0.99777967,4.982315e-05,0.00025910712,0.000107595115,9.7544624e-05,0.00039305023,308,validation
0.9896828,0.0014357736,0.0078267725,0.00011019228,0.00016821026,0.0002736615,0.000262701,0.00023976753,309,validation
0.00066153635,0.00026609557,0.99847156,4.0768413e-05,0.00016186094,7.424944e-05,7.519169e-05,0.00024866522,310,validation
0.0014865743,0.00018955639,0.9978352,3.9282444e-05,9.290216e-05,8.635147e-05,5.7196678e-05,0.00021299494,311,validation
0.0006277385,0.99804485,2.0324755e-05,6.3970816e-05,0.00043058005,6.661015e-05,0.00036589408,0.00038000804,312,validation
0.0017536449,0.0006512281,0.9959479,0.00015076317,0.0002929314,0.00038278112,0.00016627181,0.00065458566,313,validation
5.465171e-06,0.002054842,5.5407518e-06,1.1655991e-06,6.467157e-05,6.811099e-05,2.2810105e-05,0.9977774,314,validation
0.0009291715,0.00021193859,0.99839455,3.128817e-05,9.9533136e-05,5.5970308e-05,6.529435e-05,0.00021223977,315,validation
0.0008097244,0.0005930195,0.9975199,3.696999e-05,0.0003649658,0.00015180711,0.000105592255,0.00041793287,316,validation
0.0030042697,0.00044490254,0.99499375,0.00010700152,0.00036140857,0.00025569065,0.00016524633,0.0006678508,317,validation
0.9967194,0.0008534218,0.0018917881,4.5913122e-05,4.954715e-05,0.000103336555,0.0001683327,0.00016823882,318,validation
0.99741286,0.001098908,0.0008500868,7.417049e-05,4.4253928e-05,0.00015036085,0.00021277042,0.00015660783,319,validation
0.0010220689,0.00039478173,0.9978582,3.8946433e-05,0.00014395162,7.6237484e-05,6.991077e-05,0.000395917,320,validation
0.0011666901,0.00022224273,0.9979972,1.8786213e-05,9.15123e-05,9.8251716e-05,5.1802523e-05,0.00035348296,321,validation
0.00123117,0.00033835418,0.99771345,3.720723e-05,0.00015649943,9.2982824e-05,8.685835e-05,0.00034352852,322,validation
0.0025064363,0.0033532886,0.0001844591,0.0030145627,0.00090410665,0.0006632534,0.98606354,0.0033103838,323,validation
0.0009541911,0.00041811852,0.99786925,4.2612424e-05,0.00014253089,8.259705e-05,8.739727e-05,0.00040321425,324,validation
0.0008985949,0.00033883328,0.99814713,4.224651e-05,0.00013175327,7.41402e-05,7.84431e-05,0.00028892726,325,validation
0.0010524023,0.00034533508,0.99790984,4.074851e-05,0.00016590426,7.757585e-05,9.127385e-05,0.00031700896,326,validation
0.0015076103,0.00043713668,0.99703383,4.849798e-05,0.00016034316,0.0001286245,0.00011695891,0.0005670705,327,validation
0.99398696,0.0028782848,0.0016266473,0.00011091199,0.000114111346,0.00025602436,0.00051667163,0.0005104259,328,validation
0.00067726354,0.0003821237,0.99819595,4.1786123e-05,0.0002273746,9.378711e-05,7.118418e-05,0.00031062422,329,validation
1.5307289e-05,0.0015943962,1.3235308e-05,1.6775581e-06,7.719715e-05,6.318609e-05,1.9894658e-05,0.9982151,330,validation
0.00072844326,0.9983277,1.624017e-05,3.8239254e-05,0.00033081466,5.8140595e-05,0.00027231514,0.0002281634,331,validation
2.0192178e-05,0.001915091,1.3066985e-05,2.9760974e-06,0.0001163359,5.8188667e-05,2.3588324e-05,0.99785054,332,validation
0.0008205409,0.00047566494,0.99789846,2.94873e-05,0.00020072638,0.00011505067,7.281826e-05,0.00038722364,333,validation
0.0010850447,0.00060349953,0.99731296,6.487943e-05,0.00027191103,0.000113501905,0.00011241035,0.0004357191,334,validation
0.99818015,0.00062341406,0.00089537736,2.2085324e-05,1.9255962e-05,5.6344437e-05,0.00011717458,8.6271335e-05,335,validation
0.9974623,0.0009725328,0.0010579964,4.5246772e-05,3.6597357e-05,8.7390865e-05,0.00022310718,0.000114784314,336,validation
0.9971739,0.0008687992,0.0015311346,3.1046948e-05,3.0308167e-05,7.09743e-05,0.0001426451,0.0001512502,337,validation
0.0020439755,0.043889176,0.0016344306,0.010040307,0.12337573,0.811939,0.004020689,0.0030567362,338,validation
0.00067868794,0.00032882742,0.9983601,3.7085454e-05,0.00023009662,7.995598e-05,7.296131e-05,0.00021226259,339,validation
0.00075412204,0.00025557057,0.9985084,2.9456236e-05,0.00012958446,5.6797006e-05,6.262005e-05,0.00020346328,340,validation
0.9977823,0.0006909758,0.0010827905,3.9735918e-05,3.2582113e-05,8.359344e-05,0.00015001756,0.00013795812,341,validation
0.99268085,0.0008814085,0.0053580385,9.3316354e-05,8.289366e-05,0.0002414867,0.00029023486,0.0003718641,342,validation
0.9842241,0.00096274796,0.013727619,9.7573895e-05,0.00016088734,0.0002598598,0.00030717533,0.00026008044,343,validation
0.9937215,0.0025498264,0.0028818932,9.166638e-05,9.373473e-05,0.00018334297,0.00020421442,0.00027382709,344,validation
0.00056217285,0.00048269614,0.99815816,4.798006e-05,0.00028112176,0.00010480237,8.237942e-05,0.00028070385,345,validation
0.00091257883,0.00033734346,0.9980855,3.8531653e-05,0.00012962286,7.5951764e-05,7.4981326e-05,0.00034555644,346,validation
0.00051534123,0.9985341,2.0185016e-05,3.6190246e-05,0.0003170899,4.0564908e-05,0.00028648024,0.0002500754,347,validation
1.3177944e-05,0.0018620649,5.41376e-06,2.8374661e-06,0.00021927162,4.9761224e-05,2.6900727e-05,0.9978205,348,validation
0.99700814,0.0007276106,0.0018109535,5.036623e-05,3.5243786e-05,8.610202e-05,0.00016360187,0.00011799341,349,validation
5.749624e-05,0.00040035223,7.468164e-05,5.0186907e-05,0.00016155928,0.9983259,8.848743e-05,0.0008412914,350,validation
0.00092682184,0.00036891023,0.9979942,3.8868802e-05,0.00013954502,8.402021e-05,8.0622485e-05,0.00036706254,351,validation
0.99724823,0.0006398239,0.0017319116,2.9719067e-05,3.3682252e-05,7.7949364e-05,0.00012462476,0.000114019174,352,validation
0.9966828,0.00096066104,0.001795031,5.336965e-05,4.6862344e-05,0.00011554854,0.00013293153,0.0002127735,353,validation
0.0009360439,0.0002261187,0.9982703,3.952226e-05,0.00011447484,6.1218765e-05,8.150162e-05,0.0002707598,354,validation
0.0033030254,0.004863303,0.00023046907,0.0034426718,0.0010255253,0.0004994871,0.98194593,0.0046895924,355,validation
0.9978598,0.00090054027,0.00075494964,3.267775e-05,2.9202449e-05,7.861176e-05,0.00020323166,0.00014105735,356,validation
0.9948114,0.0012333271,0.0034531176,6.5421315e-05,4.976042e-05,8.175279e-05,0.00014636718,0.00015877721,357,validation
0.98329043,0.0045329547,0.00705552,0.00051607966,0.0013954324,0.00092177984,0.001394607,0.00089318916,358,validation
0.062318303,0.7295744,0.01705249,0.0041602827,0.01919865,0.110217765,0.014823114,0.04265504,359,validation
0.9969061,0.0011227201,0.0011347232,7.1590635e-05,5.3363994e-05,0.00020149139,0.00024220484,0.00026779837,360,validation
0.0005225577,0.00030022796,0.9985201,3.0934178e-05,0.00019546231,8.955012e-05,4.8093905e-05,0.00029308195,361,validation
0.99269813,0.0013771744,0.005107777,7.403818e-05,6.9262904e-05,0.0001305478,0.00023061316,0.0003124886,362,validation
0.00085293566,0.0003555897,0.99813193,3.7800004e-05,0.00016367182,7.3990464e-05,8.382466e-05,0.00030036035,363,validation
0.008338981,0.0005205234,0.9900836,7.215565e-05,0.00014241411,0.00015372827,0.00012643643,0.00056216825,364,validation
0.00078991964,0.00027614503,0.99829584,3.3616176e-05,0.00012352114,7.2310824e-05,7.0595066e-05,0.00033807513,365,validation
0.996924,0.0015079245,0.00090444286,7.352244e-05,4.690883e-05,0.00014047463,0.00023894191,0.00016373259,366,validation
0.00095533323,0.00019089971,0.99837095,2.5976737e-05,0.0001111891,7.463609e-05,5.782923e-05,0.0002131778,367,validation
0.0009385931,0.0003793686,0.9980531,3.6797643e-05,0.00012329857,6.826737e-05,7.9073194e-05,0.00032151368,368,validation
9.712788e-05,0.0036808078,0.00013910339,0.00019618799,0.9935481,0.00045829607,0.00028520095,0.0015952709,369,validation
4.007992e-05,0.0007910335,0.00039062728,0.99647164,0.0011987591,0.00022283969,0.0005035836,0.00038145634,370,validation
0.0009339839,0.0004015877,0.99783844,4.128884e-05,0.00016828031,0.00011001646,9.3555864e-05,0.00041282168,371,validation
0.0005991128,0.00037682362,0.99833006,3.6697376e-05,0.00020781082,9.783e-05,7.4804266e-05,0.00027687178,372,validation
0.2074885,0.0038071843,0.7789959,0.0012393012,0.001392697,0.0014344394,0.0011874344,0.0044544972,373,validation
0.98939157,0.0028058288,0.006167657,0.0002658028,0.00023411404,0.00020091767,0.00042247,0.00051161885,374,validation
0.9747891,0.00315213,0.019106805,0.0004318517,0.00022450324,0.00046345725,0.0006672505,0.0011648391,375,validation
0.0009033306,0.00036457015,0.9980063,3.9709677e-05,0.00017477143,9.570193e-05,9.031638e-05,0.0003252846,376,validation
0.0056735566,0.00042468385,0.99278706,3.670766e-05,0.00040652647,0.00019166898,0.00011809701,0.00036163817,377,validation
0.99711573,0.00078696886,0.0015332414,8.922578e-05,4.5967965e-05,0.00013027692,0.00016527074,0.0001332701,378,validation
0.0011079808,0.00035340167,0.9978483,3.392774e-05,0.00016460523,0.00010470191,7.706758e-05,0.00031003845,379,validation
0.0016392631,0.00012285993,0.9975286,2.1182595e-05,0.00013095693,0.00014661769,5.2597148e-05,0.0003580585,380,validation
0.00123136,0.052974403,0.0007217233,7.9434736e-05,0.0011747947,0.0046810983,0.0017253031,0.93741184,381,validation
0.0024750591,0.00059203105,0.9952284,0.00015155604,0.0001132652,0.0002718169,0.00020322086,0.0009645872,382,validation
0.00080412853,0.00059536844,0.9977143,4.3569198e-05,0.0002544101,0.00012025735,9.0720576e-05,0.0003772089,383,validation
0.001596434,0.009432854,0.0004380909,0.0022573795,0.9720719,0.008833284,0.0020330895,0.0033369751,384,validation
0.9955356,0.0016695001,0.0020057536,7.9918944e-05,0.00017326057,0.00019281977,0.00024101851,0.000102145976,385,validation
0.0015186224,0.00035343473,0.9973617,7.045506e-05,0.00023180818,7.389861e-05,0.00016136553,0.0002287172,386,validation
0.0007427928,0.00037802456,0.9981487,5.2030624e-05,0.00025950046,6.4587264e-05,0.00011540141,0.00023904958,387,validation
0.0009727867,0.00042325314,0.99780935,5.7187066e-05,0.0002591761,8.118958e-05,0.00013625318,0.00026090784,388,validation
0.0011915404,0.020216165,0.004926299,0.0005767043,0.02120201,0.38328594,0.0071017463,0.56149954,389,validation
0.0013161406,0.001044903,0.9957573,6.978832e-05,0.00079783285,0.00024260038,0.00024596386,0.0005255204,390,validation
0.9977436,0.000990113,0.00073155615,5.675908e-05,6.744751e-05,0.00014164575,0.000176797,9.21123e-05,391,validation
0.9975286,0.0010274268,0.000779045,6.1551196e-05,5.937566e-05,0.00015427145,0.00023700982,0.00015281972,392,validation
0.9967918,0.0012826094,0.0012036539,9.902587e-05,0.00010051559,0.00014554929,0.0002934798,8.3351806e-05,393,validation
0.995905,0.0019229744,0.001055821,8.393889e-05,0.0001371238,0.0002662588,0.0004865751,0.00014232371,394,validation
0.9869668,0.004178696,0.0044981586,0.0006630489,0.00048196243,0.0012884532,0.0011985902,0.00072434143,395,validation
0.0006029238,0.0031243782,0.00027694713,0.0005928892,0.99227834,0.0009399505,0.0010493309,0.0011352364,396,validation
0.9971405,0.0010166245,0.001339538,7.006044e-05,6.574819e-05,0.00010721614,0.00018494378,7.53211e-05,397,validation
0.0039837626,0.000266941,0.9951579,4.155574e-05,0.00013908435,0.00010249434,6.6966175e-05,0.00024133112,398,validation
0.00095678953,0.0003839328,0.99793375,5.8485894e-05,0.00023716828,6.979687e-05,0.00013398756,0.00022619429,399,validation
0.00030046614,0.0013661969,0.0013387823,0.00029685034,0.00090153946,0.9877679,0.00047835987,0.0075499546,400,validation
0.001031513,0.0003258332,0.9976913,5.2662945e-05,0.0002545986,0.00012492125,0.00010264635,0.00041656464,401,validation
0.0012903732,0.0011365989,0.99567646,7.108751e-05,0.0007999798,0.00024147161,0.00025118366,0.0005329617,402,validation
0.001443583,0.00049574405,0.99363697,0.00021297055,0.0017436184,0.00068689673,0.0002363163,0.0015439922,403,validation
0.00088024786,0.0004991697,0.99777126,6.4199965e-05,0.0003209965,8.914481e-05,0.00014950917,0.00022547263,404,validation
0.00042747552,0.0030061838,0.0002535325,0.00043047778,0.99161935,0.0011143107,0.0007063037,0.0024423548,405,validation
0.99535346,0.0011152049,0.0026969744,7.622932e-05,0.00013971864,0.00019512583,0.00018957315,0.00023366381,406,validation
0.0009150918,0.00042416574,0.99781406,5.1139596e-05,0.00028540735,7.761229e-05,0.00013695823,0.00029554075,407,validation
0.99731797,0.0008433827,0.0014254041,3.4641726e-05,5.4097767e-05,8.0967e-05,0.00015241838,9.116041e-05,408,validation
0.0018862346,0.00020631484,0.9973814,6.975864e-05,0.00013975825,5.8844656e-05,7.796736e-05,0.00017971895,409,validation
0.9965982,0.0011557196,0.0014550077,0.000104914965,0.00012210749,0.00020040423,0.00028768549,7.592854e-05,410,validation
0.0008513845,0.00059404934,0.99752885,6.525726e-05,0.0003974485,0.00013420694,0.00014664065,0.00028220826,411,validation
0.0010846744,0.0004347538,0.997721,5.7799192e-05,0.00023980688,6.6657536e-05,0.00014609055,0.0002492273,412,validation
0.9897029,0.0026022021,0.006263982,0.00022661414,0.00027084426,0.0003522833,0.00033587005,0.00024515056,413,validation
0.0011024772,0.00036082393,0.9978206,6.281489e-05,0.00023663558,5.22586e-05,0.00014292028,0.00022135631,414,validation
0.99762136,0.0008208679,0.0010906305,5.0537605e-05,5.045598e-05,0.00010011887,0.0001839174,8.2199e-05,415,validation
0.001175137,0.005102302,0.00048583906,0.00074420194,0.9877751,0.0015622963,0.001159781,0.0019953747,416,validation
0.9976312,0.0010404867,0.0008488486,5.6683934e-05,5.7404533e-05,0.00010905607,0.00018160045,7.462903e-05,417,validation
0.99772197,0.0009399409,0.0008405135,5.8416244e-05,5.777781e-05,0.00010534999,0.00019212236,8.392499e-05,418,validation
0.000939094,0.00042076872,0.99775165,6.4675514e-05,0.0002900826,7.767562e-05,0.00016269968,0.0002933257,419,validation
0.997422,0.0010586743,0.0009168024,7.0045004e-05,6.220605e-05,0.00015824572,0.00022725163,8.4759624e-05,420,validation
0.0038045042,0.9929471,8.715098e-05,0.000118284115,0.0012317856,9.383424e-05,0.0012278889,0.0004893898,421,validation
0.00025833334,0.0016756798,0.0007412991,0.00034981148,0.0011197559,0.9907479,0.0005581767,0.0045490307,422,validation
0.0011109409,0.00045479208,0.99765044,6.250231e-05,0.00024950336,6.8052206e-05,0.0001523622,0.00025147773,423,validation
0.0011208367,0.0004510472,0.9976528,6.4010055e-05,0.0002320685,7.348811e-05,0.00015028418,0.00025534016,424,validation
0.00088322186,0.00048326966,0.99772483,5.8175516e-05,0.00033860467,8.380782e-05,0.00013946906,0.00028856358,425,validation
0.00014230303,0.002318035,0.00012634661,1.2997746e-05,0.00044493497,0.000534999,0.00011591441,0.9963045,426,validation
0.0022676822,0.00020147978,0.9971206,5.02965e-05,0.000120409735,5.3502987e-05,5.9233364e-05,0.00012685328,427,validation
0.0012473871,0.00096472265,0.99610174,6.8445064e-05,0.00072313123,0.00018841494,0.00023488323,0.00047127978,428,validation
0.0010325087,0.0004672216,0.9976205,6.661422e-05,0.00036353228,8.0993275e-05,0.00013614076,0.00023236262,429,validation
0.8912399,0.022892447,0.0589783,0.0010186313,0.002759354,0.008626815,0.008789194,0.0056953784,430,validation
0.0012071708,0.00047158997,0.99743587,6.499835e-05,0.00026863866,9.449568e-05,0.00015904343,0.00029815696,431,validation
0.0011641142,0.0012041645,0.9956149,8.4897925e-05,0.00086441846,0.00021284289,0.00026123459,0.00059336936,432,validation
0.00016348301,0.0027945824,0.00022786159,1.9271669e-05,0.00047178622,0.00035156886,9.8094344e-05,0.9958734,433,validation
0.0012820058,0.9959959,6.385489e-05,0.00014552673,0.0009514541,0.00014445251,0.00089073955,0.00052599236,434,validation
0.0012489221,0.0005045504,0.9973807,6.7798304e-05,0.00029140295,8.728602e-05,0.00014845657,0.00027086135,435,validation
0.0011411316,0.00070643326,0.99670345,5.9258633e-05,0.00050855265,0.00019733222,0.00017848438,0.00050542125,436,validation
0.0009871022,0.0007396778,0.99687624,7.1496725e-05,0.0005246167,0.0002135017,0.00019917767,0.0003882145,437,validation
0.00096332055,0.0006784907,0.99715424,8.111144e-05,0.00047869812,0.00012143034,0.00018843729,0.00033433543,438,validation
0.0028527232,0.9943944,7.66664e-05,0.0001222305,0.0010680208,0.00012381977,0.0009310307,0.00043095747,439,validation
0.001873508,0.013591469,0.0046058716,0.9337638,0.008070346,0.012413104,0.016379531,0.009302294,440,validation
0.0048981057,0.004993224,0.8993231,0.0010666244,0.0762704,0.008138744,0.0017445083,0.0035653291,441,validation
0.00074433297,0.00069013675,0.9973908,6.259346e-05,0.00048253825,0.0001356723,0.00016802685,0.00032585408,442,validation
0.001145114,0.00047197592,0.9974874,7.13527e-05,0.00027242297,8.356046e-05,0.00017814538,0.00028999278,443,validation
0.0011432306,0.0009317177,0.9963632,7.564722e-05,0.0006201232,0.00018344667,0.00023375056,0.00044882865,444,validation
0.0018028135,0.00065863,0.9964569,7.133475e-05,0.0003784254,9.211897e-05,0.00020724948,0.00033235256,445,validation
0.11538594,0.041347772,0.63108975,0.006000459,0.037098967,0.085882664,0.017242983,0.06595151,446,validation
0.0021010113,0.00021297373,0.9971365,3.771645e-05,0.00015662775,7.386734e-05,6.363428e-05,0.00021769763,447,validation
0.99787855,0.0008739245,0.0007899328,4.2993717e-05,5.600944e-05,9.3502895e-05,0.00018666181,7.83423e-05,448,validation
0.9971206,0.0009489367,0.0011673562,8.98529e-05,6.179181e-05,0.00020040013,0.000211563,0.0001994377,449,validation
0.0006711813,0.003471446,0.00027418675,0.000673233,0.9914282,0.0010572047,0.0011356355,0.0012888744,450,validation
0.0013142888,0.003712236,0.0010627663,0.00041697806,0.9891011,0.0011900483,0.0012084909,0.001993991,451,validation
0.9962239,0.0013405317,0.0015535929,9.712252e-05,8.541143e-05,0.00020882953,0.00029931654,0.00019127213,452,validation
0.00029566037,0.0018181534,0.0012441786,0.00025216705,0.0011207693,0.98588955,0.0006627485,0.008716855,453,validation
0.9973084,0.0009099767,0.0010513949,9.236816e-05,6.356955e-05,0.00020790564,0.00023163379,0.00013477543,454,validation
0.9970572,0.0012836319,0.0010752326,3.478357e-05,7.284434e-05,0.00013044158,0.00025968312,8.620116e-05,455,validation
0.0026787873,0.011586413,0.01215756,0.908267,0.015907915,0.016272696,0.02394382,0.0091858255,456,validation
0.0012105092,0.0010781098,0.995849,7.4817595e-05,0.00079959095,0.00019979273,0.00024239332,0.0005458025,457,validation
0.0020553127,0.9937518,6.0546998e-05,0.00016466873,0.0011829353,0.0002238062,0.0013045943,0.0012563033,458,validation
0.013715387,0.033403493,0.18943986,0.0065337424,0.033461694,0.49657744,0.0205908,0.20627761,459,validation
0.0010487941,0.0008228547,0.99682343,8.69594e-05,0.0005364743,0.00013186534,0.00021139086,0.0003381718,460,validation
0.0018420069,0.0003314947,0.9967687,6.838242e-05,0.00032435803,0.00017042077,0.00015577243,0.00033879303,461,validation
0.99402374,0.0015586775,0.0032499137,0.00010673901,0.000119715885,0.0003104732,0.00045889147,0.00017186855,462,validation
0.9944431,0.0013926855,0.0032667038,0.00013990686,0.00011290094,0.00018515054,0.0002639588,0.0001955973,463,validation
0.00036688542,0.0010406291,0.0012202312,0.00020151937,0.0005627634,0.9888517,0.00070843694,0.007047734,464,validation
0.0011594379,0.00048198065,0.99741507,6.813082e-05,0.00031600444,9.128874e-05,0.00015210864,0.00031598663,465,validation
0.0027508999,0.017166074,0.0031502864,0.0023351747,0.9482996,0.014848416,0.00300685,0.00844272,466,validation
0.9970107,0.0012507444,0.0011128065,6.3751686e-05,6.2357656e-05,0.00011556605,0.00027210198,0.00011196433,467,validation
0.00048622565,0.0029823873,0.00011918955,0.00044041383,0.99327105,0.0009685349,0.00059783563,0.0011343207,468,validation
0.9650258,0.007119815,0.018551389,0.00079175766,0.0016429635,0.0017466284,0.0034366942,0.0016850302,469,validation
0.0007889522,0.00045407086,0.9979576,5.7768644e-05,0.0003122431,9.136836e-05,0.00013111725,0.00020692461,470,validation
0.99562496,0.0011979638,0.0023687459,7.2594376e-05,0.00013173606,0.00014448534,0.00033246132,0.00012701064,471,validation
0.0014763701,0.0002505866,0.99762255,6.074679e-05,0.0002544813,0.00010031951,8.3478095e-05,0.00015144631,472,validation
0.001956518,0.009793652,0.0069549,0.9430112,0.007951503,0.0068563363,0.015063465,0.008412421,473,validation
0.0006975151,0.00064755813,0.99748385,6.413565e-05,0.000527908,0.00010370696,0.00014559327,0.00032968097,474,validation
0.83327496,0.019391838,0.09706679,0.0038417906,0.004085051,0.0060315016,0.011326325,0.024981858,475,validation
0.0010314009,0.00045880844,0.9977276,5.8841393e-05,0.0002585668,7.460144e-05,0.00014204944,0.00024811266,476,validation
0.0010741833,0.0008328254,0.9966185,6.9946946e-05,0.0005878025,0.0001870316,0.0002122924,0.000417416,477,validation
0.4305057,0.0019123415,0.563856,0.00037133985,0.0010060882,0.0007007861,0.0005104764,0.0011373536,478,validation
0.9786275,0.00210061,0.017521452,0.00028791287,0.00030210818,0.00047233177,0.00045983607,0.00022828233,479,validation
0.0011855464,0.00028603524,0.9977925,5.465001e-05,0.00017292389,9.791431e-05,0.00012545282,0.0002849687,480,validation
0.00060243695,0.0062148334,0.00056096085,4.0115086e-05,0.000518791,0.0011207662,0.00034899407,0.990593,481,validation
0.0014072557,0.0013203871,0.9951591,8.194359e-05,0.00087484467,0.00022153568,0.00027917535,0.00065580104,482,validation
0.0011593406,0.0010586211,0.9960387,8.591681e-05,0.0007207567,0.00017715765,0.00024919675,0.0005103322,483,validation
0.0010664994,0.0031664465,0.0057715615,0.0009939967,0.002877594,0.9706779,0.0019601302,0.013485983,484,validation
0.011267705,0.00072728924,0.98665214,0.00022018825,0.0003775506,0.00019497461,0.00019264614,0.0003675168,485,validation
0.0018572068,0.0028215856,0.0001395422,0.0019111595,0.00066637254,0.0003911584,0.98987436,0.002338573,486,validation
0.99720806,0.0011046875,0.0010036107,6.178179e-05,6.1337734e-05,0.00015663005,0.00027295487,0.00013091898,487,validation
0.9957873,0.0015712099,0.001762057,0.000107040716,9.775976e-05,0.0001683836,0.00028713193,0.00021896843,488,validation
0.0013913191,0.001132028,0.99543685,6.945644e-05,0.00083485356,0.0002492272,0.00025142494,0.0006347952,489,validation
0.9973586,0.0010572688,0.0010962033,4.889871e-05,6.1780986e-05,0.00010210053,0.00019242178,8.2667604e-05,490,validation
0.0008348631,0.000726574,0.9972146,7.405716e-05,0.0005224111,0.00014401003,0.00016712962,0.00031645264,491,validation
0.0031373573,0.0002037393,0.9960608,4.3965214e-05,0.00014331337,8.904455e-05,7.9199526e-05,0.00024260652,492,validation
0.988868,0.0011844137,0.0089783,0.00011322947,0.0001142893,0.00020127457,0.00027791708,0.00026243116,493,validation
0.99306595,0.0011420698,0.004944521,0.00012830322,0.00014625062,0.00019117838,0.00023388774,0.00014784746,494,validation
0.0014193257,0.00031024538,0.99741024,6.284961e-05,0.00036845394,0.00010291233,9.6589916e-05,0.00022939568,495,validation
0.0009167184,0.005614309,0.00030321418,0.0012569197,0.98467976,0.0024950795,0.0012126926,0.003521342,496,validation
0.0014923739,0.0010119579,0.9956345,8.580621e-05,0.00068284717,0.00026897926,0.00027194494,0.00055160176,497,validation
0.0010819564,0.00053482066,0.99753773,6.5904795e-05,0.00031961655,9.326758e-05,0.00014323025,0.0002235507,498,validation
0.0009264804,0.00038237075,0.99795157,6.2361054e-05,0.00022331499,6.8628506e-05,0.00015158989,0.0002337448,499,validation
0.0008927151,0.0005806936,0.9975007,6.909103e-05,0.00039359467,0.000105187595,0.00016334011,0.0002946238,500,validation
0.0010218524,0.00037745046,0.9978696,6.128922e-05,0.00024366257,6.510045e-05,0.00013823164,0.00022268292,501,validation
0.00025467842,0.0037944096,0.00033031873,5.1263843e-05,0.0008317354,0.00048428966,0.00014005076,0.99411315,502,validation
0.99821293,0.0007097262,0.00073010405,2.7818971e-05,3.6732283e-05,7.7608216e-05,0.00014555789,5.9412876e-05,503,validation
0.0012776015,0.0009736703,0.99602914,7.390249e-05,0.00072829874,0.00021392289,0.00024412152,0.00045937326,504,validation
0.9966264,0.0014063733,0.0013333402,9.0065936e-05,8.574168e-05,0.00014697989,0.00022568584,8.543763e-05,505,validation
0.9981415,0.00068957853,0.00075488014,3.7101e-05,5.336515e-05,8.614246e-05,0.00017875554,5.879758e-05,506,validation
0.00073035614,0.0006986785,0.99737406,6.533949e-05,0.00052658084,0.00012430323,0.00016330488,0.00031731228,507,validation
0.000964759,0.00027200935,0.9979982,5.6107263e-05,0.00022145484,9.839434e-05,9.617325e-05,0.00029286786,508,validation
0.9954691,0.00095665053,0.0028083045,3.630198e-05,6.866237e-05,0.00017790278,0.0003377515,0.00014531305,509,validation
0.0010659824,0.000321222,0.9979049,5.0947387e-05,0.00020855601,7.9032056e-05,0.00012695052,0.00024247295,510,validation
0.00090193684,0.00063261745,0.9969151,5.099577e-05,0.0006662209,0.00018389222,0.0001608779,0.0004883221,511,validation
0.003623007,0.00074217864,0.9941678,0.00016488321,0.00033117217,0.00034234978,0.00023205538,0.00039651166,512,validation
0.00059677585,0.00029350325,0.9984118,3.4500663e-05,0.00029187396,0.0001182319,5.3278545e-05,0.00020001215,513,validation
0.00019338519,0.0035001643,0.0001564924,2.6636593e-05,0.00024298027,0.00032533307,0.00014824784,0.99540675,514,validation
0.75284415,0.0031400276,0.2412418,0.00030427065,0.0007814093,0.00058709976,0.00051584403,0.0005854194,515,validation
0.9893784,0.001405237,0.008549113,0.0001759517,9.839434e-05,0.00016716337,0.00010145663,0.00012434697,516,validation
0.0005371949,0.00017704084,0.9988024,3.5093843e-05,0.00021015781,6.3316314e-05,5.3129173e-05,0.0001215864,517,validation
0.00047736595,0.00023626516,0.99874157,3.233255e-05,0.00021495597,8.563847e-05,4.3667456e-05,0.00016815272,518,validation
0.0007818086,0.0002527634,0.99842525,3.8133367e-05,0.00015768698,7.429394e-05,5.6620844e-05,0.00021349173,519,validation
0.00010908783,0.0031050781,0.00023484786,1.5573718e-05,0.0002327147,0.0018378621,9.9989935e-05,0.994365,520,validation
0.99751675,0.0007670622,0.001217975,6.939233e-05,5.2581276e-05,0.0001903152,0.00011400539,7.195828e-05,521,validation
0.99792814,0.0007988336,0.0009640498,3.7655253e-05,3.3604498e-05,8.4154664e-05,9.249848e-05,6.1110826e-05,522,validation
0.00077030645,6.486302e-05,0.99892247,2.5679414e-05,5.269184e-05,5.4075776e-05,1.7707536e-05,9.2192466e-05,523,validation
2.9366824e-05,0.00023896366,4.069189e-05,5.49313e-05,6.8252884e-05,0.99908686,3.5734356e-05,0.00044530674,524,validation
6.0494374e-05,0.001656405,5.9655747e-05,5.7954617e-06,0.00014922381,0.00022540202,3.6917347e-05,0.99780613,525,validation
0.0007748845,0.0002837245,0.9982509,4.8401926e-05,0.00023485994,8.6305605e-05,8.245656e-05,0.00023845903,526,validation
0.00071727735,0.00018527619,0.99861944,3.0240059e-05,0.00015577304,5.9157886e-05,5.7723326e-05,0.00017505435,527,validation
0.9948361,0.0014272463,0.002428718,0.00010221233,7.86923e-05,0.00056904764,0.00020550434,0.00035241435,528,validation
5.51509e-06,0.00062435603,1.239612e-05,5.2390278e-05,0.99906594,3.663044e-05,4.5360033e-05,0.00015749306,529,validation
0.00059639267,0.00022777049,0.9986712,3.5600428e-05,0.00015902989,6.335287e-05,4.9770504e-05,0.0001969286,530,validation
0.9977182,0.0007272151,0.0012358007,3.45328e-05,3.8059257e-05,0.00010281411,9.174542e-05,5.158894e-05,531,validation
0.053700175,0.039846573,0.08000978,0.029311458,0.008800235,0.73150295,0.030763598,0.026065264,532,validation
0.0010113763,0.00058733346,0.9971271,9.294529e-05,0.00050634856,0.00017124545,0.0001161352,0.00038749076,533,validation
0.0005994249,0.00026222345,0.9985567,2.5765861e-05,0.00022832742,9.085486e-05,4.6486995e-05,0.00019019337,534,validation
0.00026079602,0.0035103532,0.00018179412,3.493358e-05,0.00020857873,0.00033871524,0.00014796894,0.995317,535,validation
0.9975708,0.0007345762,0.001042031,0.00014806687,5.731665e-05,0.00026391068,8.388275e-05,9.9399804e-05,536,validation
0.0010760156,0.0006296761,0.99706227,8.703907e-05,0.00046575133,0.00015660818,0.00013254481,0.0003901252,537,validation
0.00060691097,0.00021425608,0.9986933,3.3781726e-05,0.00016093646,5.320342e-05,5.148967e-05,0.00018621178,538,validation
0.00054651016,0.00022717226,0.998681,2.9914376e-05,0.00019452283,8.961617e-05,4.4955003e-05,0.00018634237,539,validation
0.99836904,0.0007022658,0.000581216,2.838402e-05,3.4210705e-05,0.00011940174,8.524099e-05,8.029689e-05,540,validation
0.38000613,0.07039276,0.29164076,0.03469545,0.020156227,0.08926796,0.044826925,0.069013864,541,validation
0.00042289283,0.00017808781,0.9989975,2.4266817e-05,0.00015446752,4.8618156e-05,3.8431677e-05,0.0001356781,542,validation
0.00040339012,0.00022355733,0.99889636,2.7629178e-05,0.00018358539,7.0178925e-05,3.9258455e-05,0.00015599778,543,validation
0.9971017,0.0006649427,0.0018489604,6.9498405e-05,6.372242e-05,0.00011039266,6.745858e-05,7.328044e-05,544,validation
0.0005824136,0.00026355588,0.99851066,4.9174596e-05,0.0002311605,8.3476836e-05,7.121158e-05,0.00020831934,545,validation
0.0005021996,0.00023055202,0.9987632,2.8046888e-05,0.00017669519,7.7224155e-05,3.9571503e-05,0.00018252939,546,validation
0.9958592,0.00090573967,0.0026863157,9.458269e-05,5.7917136e-05,0.00016102736,0.00011858848,0.000116680596,547,validation
0.9985019,0.00066256983,0.0005129815,4.557136e-05,2.9718027e-05,0.00011807141,8.823621e-05,4.0985506e-05,548,validation
3.6217118e-06,0.00055296003,5.0612625e-06,3.128431e-05,0.9991561,3.520702e-05,3.884787e-05,0.0001768561,549,validation
0.00071856263,0.99820983,1.0907276e-05,5.7147205e-05,0.00039414028,0.00014019285,0.0002997445,0.0001694941,550,validation
0.0006187071,0.00029068408,0.9983798,4.011044e-05,0.00029292676,0.00012114591,5.618334e-05,0.00020041014,551,validation
0.9982041,0.0008122535,0.00071713224,2.831329e-05,3.1805692e-05,9.30313e-05,5.842775e-05,5.4852837e-05,552,validation
0.0002554671,0.0021718566,0.00014526372,1.7127262e-05,0.00014589599,0.00014663542,6.5890046e-05,0.99705195,553,validation
0.9980063,0.00074638904,0.00086227444,5.171153e-05,3.6624057e-05,0.0001384222,8.260965e-05,7.567996e-05,554,validation
0.00015945845,0.0021958381,5.799504e-05,1.7525757e-05,0.00020336662,0.00030976394,6.0846705e-05,0.9969952,555,validation
0.0010962728,0.0002036837,0.9977996,0.00017345781,0.00013383599,0.00025094225,0.00011279894,0.00022938721,556,validation
0.00049217715,0.00016334192,0.99894553,2.9686042e-05,0.00015294924,4.7513637e-05,3.9018403e-05,0.00012978441,557,validation
0.000620082,0.00025041183,0.9985348,5.6597255e-05,0.00018747595,0.00010184931,5.8239013e-05,0.00019058722,558,validation
0.9979353,0.00066875597,0.0010385399,4.530196e-05,3.8773953e-05,0.00011580457,7.6577264e-05,8.097518e-05,559,validation
0.0035445741,0.0021767046,0.00019742294,0.003877521,0.0009280552,0.00041418066,0.9851939,0.0036676775,560,validation
0.000593446,0.00017054545,0.9987936,3.013331e-05,0.00012693579,6.1297964e-05,4.946915e-05,0.00017464212,561,validation
0.99833304,0.0005725073,0.00079441385,3.8856717e-05,2.986539e-05,0.000101354,7.292969e-05,5.709727e-05,562,validation
0.9968209,0.0008853948,0.0019464119,5.6067536e-05,4.1895244e-05,0.000112388756,5.9306778e-05,7.748159e-05,563,validation
0.00016313484,0.0029166045,0.000108663866,3.5942274e-05,0.0002982396,0.00032951342,9.172267e-05,0.9960562,564,validation
0.00015116784,0.0026784462,0.00012294266,4.4425804e-05,0.00031954353,0.00080131844,0.00010630957,0.9957759,565,validation
0.0012157755,0.0013789547,0.00012370221,0.00404306,0.0008786461,0.00011088468,0.9900775,0.0021714969,566,validation
0.00065660937,0.0002013962,0.99869746,2.974245e-05,0.00014666005,5.320385e-05,4.8483e-05,0.00016647567,567,validation
0.00013971387,0.0016830297,0.00017570818,0.00034151922,0.00037275656,0.9923084,0.00040372415,0.004575058,568,validation
0.00080744375,0.00020879888,0.99851066,3.4444834e-05,0.00015810254,6.0422422e-05,5.2081527e-05,0.00016792926,569,validation
0.9951734,0.0010869473,0.003233888,7.822335e-05,5.1700845e-05,0.00012950388,9.525787e-05,0.0001511699,570,validation
0.00016601878,0.0030359244,0.000110612185,3.4963527e-05,0.00031283844,0.0005142912,0.00013757181,0.9956878,571,validation
0.00075486314,0.00013293752,0.9986708,3.9117982e-05,0.000100275625,0.000106117615,4.8136775e-05,0.00014780919,572,validation
0.9965551,0.0007344941,0.0023774256,2.7734866e-05,3.880705e-05,0.000101363556,6.8391964e-05,9.667254e-05,573,validation
0.00057669595,0.00020269526,0.9987269,3.0646304e-05,0.00018464909,6.186226e-05,4.6848596e-05,0.00016966926,574,validation
0.00068579585,0.00016477883,0.99871683,2.5368967e-05,0.00011904407,4.8888913e-05,5.3359254e-05,0.00018599322,575,validation
0.0007511503,0.0001781582,0.9986339,2.9573182e-05,0.00015060266,5.5079894e-05,5.18287e-05,0.00014967856,576,validation
0.0017967316,0.0006961073,0.9963535,6.5365886e-05,0.0003138559,0.0001696112,0.000202951,0.00040180297,577,validation
5.9863223e-06,0.00077348336,1.2234572e-05,6.019421e-05,0.9986926,6.405043e-05,8.7176566e-05,0.00030431905,578,validation
0.99836713,0.0006392105,0.0006365518,3.398169e-05,3.0319963e-05,0.00013179249,8.567465e-05,7.532541e-05,579,validation
0.99802184,0.0008017422,0.0007865659,6.198034e-05,3.235819e-05,0.00013717278,8.475804e-05,7.351795e-05,580,validation
0.99272376,0.00074931036,0.0058549843,7.4779084e-05,0.00011260496,0.0001478859,0.00014882181,0.00018774661,581,validation
0.00060307386,0.0001437427,0.99888283,2.89123e-05,0.000107916225,4.6253565e-05,4.542271e-05,0.00014184021,582,validation
0.00061147206,0.00018049242,0.99877506,2.935623e-05,0.00013071904,5.4687705e-05,5.5464803e-05,0.00016269425,583,validation
0.0006424561,0.00016573869,0.9987686,3.1752348e-05,0.00012605537,5.5941586e-05,5.5820507e-05,0.00015356344,584,validation
3.213409e-05,0.00048924837,4.3585733e-05,7.740303e-05,0.00012768978,0.9985661,7.1744376e-05,0.0005922455,585,validation
0.990608,0.0015389062,0.0070953886,0.00010253373,9.200132e-05,0.00024349961,0.00014611363,0.00017364963,586,validation
0.000593718,0.00021918138,0.99867404,3.2776326e-05,0.00017472399,5.9556474e-05,5.5330023e-05,0.00019064415,587,validation
0.99724305,0.0009153127,0.0013924307,6.185754e-05,6.019891e-05,0.00015352742,0.000107317894,6.635212e-05,588,validation
0.99798954,0.00075247115,0.00093500235,5.377971e-05,3.5447978e-05,0.000107509826,6.644906e-05,5.97515e-05,589,validation
0.00041144283,0.00018979602,0.99887174,3.4790093e-05,0.00019116825,6.450719e-05,4.8867456e-05,0.00018763493,590,validation
0.0018185709,0.008575224,0.010670614,0.0022902172,0.039138928,0.9163674,0.0032953252,0.017843682,591,validation
0.9966042,0.0012864395,0.0016984137,5.590373e-05,4.4976874e-05,0.00014836519,9.2052396e-05,6.949566e-05,592,validation
0.0008580532,0.00015527182,0.9985972,3.2157044e-05,0.000113500646,5.6870627e-05,4.84123e-05,0.00013852556,593,validation
0.001956002,0.00035918856,0.9958995,0.0002991937,0.00017355465,0.00061194506,0.0001680081,0.00053250405,594,validation
0.9830146,0.001713977,0.014516614,0.00010233829,0.00012832192,0.00019805806,0.0001321105,0.00019395277,595,validation
0.9879924,0.0034143045,0.0066272463,0.0002909437,0.00020067811,0.0004298356,0.0003187074,0.00072588364,596,validation
0.00078478473,0.0002545303,0.99844486,3.3455253e-05,0.00015575072,6.423694e-05,5.7432284e-05,0.0002048781,597,validation
0.053220667,0.0016686325,0.94314396,0.00036977165,0.0005407343,0.00030157613,0.00018472977,0.00056992716,598,validation
0.9902332,0.0028056388,0.0043702843,0.00053494395,0.00016689932,0.0006552245,0.0004576303,0.00077618693,599,validation
0.0024924162,0.00044398932,0.9954426,9.157652e-05,0.00040552916,0.00051654526,0.0001479443,0.00045928734,600,validation
0.0007070542,0.00041371715,0.99808913,6.162445e-05,0.00029572772,0.000100255274,8.568258e-05,0.00024685817,601,validation
0.9958555,0.0009756536,0.0027522645,5.267927e-05,5.5763103e-05,0.00012498404,7.795224e-05,0.00010521961,602,validation
0.00058803766,0.00025982133,0.9985807,4.2430485e-05,0.0002309352,7.359884e-05,5.6865672e-05,0.00016752224,603,validation
0.0007428642,0.00024947774,0.99845695,3.758065e-05,0.00020847288,6.942648e-05,6.153133e-05,0.00017368598,604,validation
0.996846,0.0013968637,0.00085885153,8.867636e-05,5.9276834e-05,0.00037484965,0.00019992449,0.00017549301,605,validation
0.0006590349,0.00019530702,0.99869967,2.9301711e-05,0.00013612967,6.0493025e-05,5.018359e-05,0.00016975754,606,validation
0.0010773465,0.00016248661,0.9983321,3.890333e-05,9.8468554e-05,7.906634e-05,5.0054914e-05,0.00016153778,607,validation
0.9984118,0.0005494759,0.0007977089,4.061157e-05,2.4148203e-05,8.786803e-05,5.001205e-05,3.83274e-05,608,validation
0.7606368,0.0021087683,0.2338502,0.00038356765,0.00056579284,0.0008735331,0.0005296705,0.001051595,609,validation
0.0005103845,0.00022542704,0.99879277,2.7614487e-05,0.00015518187,5.9472004e-05,4.657779e-05,0.00018252608,610,validation
0.9806563,0.0054254145,0.0061602015,0.00072593143,0.00041972,0.0024316688,0.0010716248,0.0031091245,611,validation
0.00093914487,0.9978224,1.893031e-05,6.124583e-05,0.0004184437,0.00013008942,0.00040972905,0.00019998255,612,validation
0.99834347,0.0005832964,0.000744638,4.3246306e-05,3.3887132e-05,0.00012765013,5.9072543e-05,6.4713815e-05,613,validation
0.0006969495,0.00019975033,0.9986084,2.5335048e-05,0.00014777965,7.635471e-05,4.184024e-05,0.00020370305,614,validation
0.00082999497,0.0001586772,0.99831104,4.343698e-05,0.00014799908,0.00016169653,6.918033e-05,0.00027797293,615,validation
0.00040309047,0.00026633177,0.99882907,3.866531e-05,0.00023264323,6.273892e-05,4.63142e-05,0.00012120007,616,validation
0.00053104374,0.00027738343,0.9985776,3.5412486e-05,0.00023038217,0.0001041093,4.928376e-05,0.00019480695,617,validation
0.0009786936,0.00020641171,0.9983352,3.1217194e-05,0.0001325367,9.7829936e-05,3.737453e-05,0.00018085186,618,validation
0.97090596,0.0021615836,0.025660729,0.00015171128,0.00022689275,0.00034230357,0.00018763488,0.00036326476,619,validation
0.0003832701,0.99848974,2.6644439e-05,0.000100246645,0.00049932674,0.00011328017,0.0002796264,0.00010778018,620,validation
0.0004777083,0.00022379575,0.99881136,2.9390772e-05,0.00017081527,7.632974e-05,4.3492168e-05,0.00016716908,621,validation
0.0005909144,0.99732757,7.342094e-05,0.00020865833,0.00077932567,0.0001740593,0.00055089605,0.00029514745,622,validation
0.001376132,0.0002392432,0.9979298,5.998137e-05,9.467971e-05,0.00010196366,5.408503e-05,0.00014400973,623,validation
0.9985335,0.000633587,0.00051834533,4.902471e-05,3.4631164e-05,0.00012744,6.600242e-05,3.743322e-05,624,validation
0.9983935,0.0006822839,0.0006294504,3.0442106e-05,3.1623582e-05,0.000107268075,6.912036e-05,5.6324883e-05,625,validation
0.0006520499,0.00023852657,0.99862885,3.1985554e-05,0.00016670603,6.274777e-05,5.3735388e-05,0.0001654297,626,validation
0.0012975035,0.00012827566,0.99776745,2.9537183e-05,0.0002697427,0.00018412387,3.9256072e-05,0.0002842277,627,validation
0.9975001,0.00062374974,0.0014761375,5.0843006e-05,3.2157513e-05,0.00014755836,8.1393635e-05,8.812289e-05,628,validation
0.9970084,0.0005758419,0.002030179,5.824967e-05,4.484715e-05,0.00014092168,7.755842e-05,6.406706e-05,629,validation
0.0004911008,0.00019437987,0.9988354,2.744273e-05,0.00017120509,6.552683e-05,3.934286e-05,0.00017570073,630,validation
0.9982039,0.0006181197,0.0008591422,3.1215386e-05,2.6112964e-05,0.00012230867,6.756504e-05,7.169764e-05,631,validation
0.9978769,0.00080716604,0.0009936016,5.0998115e-05,3.712843e-05,0.000107737644,7.823399e-05,4.827962e-05,632,validation
0.0007061077,0.00019542396,0.9986488,3.2385313e-05,0.00015478455,6.206033e-05,4.6905192e-05,0.00015353695,633,validation
0.00054963754,0.00025184263,0.9985922,3.8839644e-05,0.0002460845,0.000103575454,5.2564523e-05,0.00016518259,634,validation
0.0005765238,0.00020868643,0.9987165,3.1777956e-05,0.00017544943,6.491431e-05,4.637443e-05,0.00017980306,635,validation
0.0005104905,0.998207,1.4636416e-05,0.00012245716,0.00049099175,0.0001350874,0.0003270966,0.00019231219,636,validation
0.00061318075,0.00032282557,0.9984623,4.118201e-05,0.0002292873,8.967912e-05,5.152147e-05,0.00018995393,637,validation
0.00051424425,0.00023383122,0.99872416,2.6295027e-05,0.00018235105,8.356469e-05,4.026023e-05,0.00019529971,638,validation
0.0018451243,0.00042103406,0.99675876,6.1571656e-05,0.00027232655,0.0001437993,0.00011029956,0.0003871142,639,validation
0.99722433,0.0008615746,0.0015377592,2.876287e-05,3.4924135e-05,9.664645e-05,8.00568e-05,0.00013596086,640,validation
0.9942715,0.0011522619,0.0038665272,5.03791e-05,8.208448e-05,0.00018365329,0.00019890824,0.0001946687,641,validation
1.0304257e-05,0.00016323164,3.5891444e-05,8.040897e-06,2.5098932e-05,0.9990396,3.3304033e-05,0.0006844432,642,validation
0.00057079096,0.00031235034,0.9986708,3.044008e-05,0.00013848176,5.5527173e-05,6.764436e-05,0.00015399905,643,validation
0.0005969278,0.00037236736,0.9984055,3.714338e-05,0.00016023715,7.742852e-05,8.130126e-05,0.0002690432,644,validation
0.0007820331,0.9979826,2.304192e-05,4.949266e-05,0.00048703115,0.00010848992,0.00034284408,0.0002243211,645,validation
0.00040597876,0.0003224037,0.9987888,2.7874094e-05,0.00015746873,5.4989014e-05,5.2438423e-05,0.00019011898,646,validation
0.00064690027,0.00051464216,0.9980921,4.6140278e-05,0.00018382564,8.995048e-05,8.990743e-05,0.0003364517,647,validation
0.9967777,0.0007998826,0.0019499708,6.332908e-05,5.093878e-05,0.00015439364,9.84175e-05,0.000105308616,648,validation
0.9939832,0.0009854492,0.00466804,4.2965832e-05,4.451421e-05,0.00010717765,7.2788105e-05,9.57174e-05,649,validation
0.0008536842,0.0005018012,0.99783534,4.7953796e-05,0.00024890358,7.7988334e-05,0.00010090535,0.0003334591,650,validation
0.9921003,0.0020634418,0.004239744,0.000101257196,0.00010054714,0.00026339848,0.00029757997,0.0008337675,651,validation
0.9974009,0.0006618149,0.0016262024,2.7915567e-05,3.037497e-05,0.00010804001,9.2373455e-05,5.2509677e-05,652,validation
0.9948748,0.0015346556,0.0026129547,0.00016690277,6.3502426e-05,0.0002828286,0.0001944097,0.00027001003,653,validation
0.000285619,0.0003241896,0.99869967,3.3551416e-05,0.0002981407,8.646545e-05,5.433327e-05,0.00021807947,654,validation
0.0008285353,0.00038729256,0.9980286,6.904747e-05,0.00018772305,0.00012884753,9.274992e-05,0.00027716273,655,validation
0.9962406,0.0013167568,0.0018687244,3.501962e-05,5.6879064e-05,0.00014374047,0.00013903453,0.00019916992,656,validation
0.0007214514,0.0002917085,0.99856734,2.9323659e-05,0.00012426352,4.015288e-05,6.0655242e-05,0.00016497113,657,validation
0.0003099396,0.00039144856,0.9986676,4.059781e-05,0.00021639066,9.6539e-05,4.932512e-05,0.00022817079,658,validation
0.000420074,0.00025038669,0.9988211,2.896358e-05,0.0001363072,7.39831e-05,5.298095e-05,0.00021617679,659,validation
0.0005367565,0.0002502393,0.99861217,6.8171554e-05,9.7329925e-05,0.00024442922,5.9730475e-05,0.00013114171,660,validation
0.00040587224,0.0003621915,0.99869245,3.5575937e-05,0.00023579795,5.111554e-05,6.4399734e-05,0.00015256526,661,validation
0.0003503776,0.00038576892,0.99873334,2.993084e-05,0.00015010244,7.349667e-05,4.592217e-05,0.00023096854,662,validation
0.00031251332,0.00038696875,0.9986517,4.198035e-05,0.00024528164,7.765736e-05,6.9571855e-05,0.00021445075,663,validation
0.00039482082,0.00026347485,0.99891686,2.9995981e-05,0.00014103008,3.9677023e-05,5.4641096e-05,0.00015949465,664,validation
0.0021143195,0.00029144384,0.99709356,4.314038e-05,0.00018056562,6.2916006e-05,5.126492e-05,0.00016285651,665,validation
0.0008500424,0.00034729653,0.996979,0.00013329415,0.00042213697,0.0004075791,0.00020377156,0.00065691385,666,validation
0.9960318,0.0009693009,0.0027372725,2.881892e-05,2.0597721e-05,6.355009e-05,7.876818e-05,6.9876245e-05,667,validation
0.00022012151,0.9990959,5.5817577e-06,3.362124e-05,0.00015325057,7.6814234e-05,0.00021662143,0.00019802313,668,validation
0.0006462656,0.0004634101,0.99796957,3.8467224e-05,0.00027714766,8.091883e-05,9.6449905e-05,0.00042769618,669,validation
0.00050841906,0.00038401317,0.9985259,4.9185102e-05,0.00020682774,6.3084306e-05,5.4330652e-05,0.0002082925,670,validation
0.00051753974,0.00041904332,0.99848586,4.5262546e-05,0.0001759447,6.722818e-05,6.7524015e-05,0.0002216962,671,validation
0.00091236975,0.00048225824,0.99782014,2.9719498e-05,0.00024463443,0.00011233974,8.3289924e-05,0.00031522266,672,validation
0.98707193,0.0012377661,0.010780268,0.00016507765,0.00014997573,0.00020195651,0.00013908013,0.0002538788,673,validation
0.988497,0.0014366246,0.009291473,0.00013714211,0.00011653751,0.00019168618,0.0001647384,0.00016471719,674,validation
0.003849861,0.00087543414,0.9945787,8.461366e-05,9.112616e-05,0.000111353955,0.00011980695,0.00028905756,675,validation
0.00065338943,0.00026236495,0.99867356,3.2745163e-05,9.95862e-05,4.876503e-05,7.8434714e-05,0.00015118757,676,validation
0.9973455,0.0008169859,0.0014422446,3.7862035e-05,3.868756e-05,0.00012707444,9.481967e-05,9.691045e-05,677,validation
0.9979226,0.00069906574,0.0010411624,2.9203618e-05,2.7545651e-05,0.00010376939,7.04107e-05,0.00010624673,678,validation
0.0006220367,0.00044542723,0.99829787,4.360009e-05,0.0002080274,7.5737895e-05,8.266981e-05,0.00022455466,679,validation
0.00070573477,0.000263062,0.99843556,6.139391e-05,0.0001186005,0.00015081218,7.7717305e-05,0.00018712704,680,validation
0.0005705967,0.00028444844,0.9986738,3.7666927e-05,0.00013071937,5.748272e-05,5.59779e-05,0.00018932708,681,validation
0.07996495,0.0013919228,0.9172535,0.00017421291,0.00036044297,0.00018304393,0.00016953127,0.0005024782,682,validation
0.9846636,0.0014406461,0.013097163,0.00011241736,0.00010609663,0.00021222717,0.00021118979,0.00015672368,683,validation
0.00057837344,0.00011763477,0.9989592,4.659519e-05,4.987025e-05,8.017712e-05,4.388645e-05,0.0001241651,684,validation
0.08070121,0.0016765259,0.91166824,0.000493471,0.0013756605,0.0009883667,0.0009030065,0.0021934449,685,validation
0.99506027,0.0010429667,0.003426452,4.726795e-05,4.374744e-05,0.00012242986,0.00012700194,0.0001298068,686,validation
0.18377821,0.0050103827,0.805164,0.0011045372,0.00047113435,0.0013062988,0.0006711865,0.00249431,687,validation
0.00046992794,0.00041158978,0.99854976,4.500958e-05,0.00014440654,6.4849526e-05,6.924242e-05,0.000245153,688,validation
0.00046429047,0.0004968792,0.9983,4.864657e-05,0.00029740046,8.084509e-05,7.52248e-05,0.00023675693,689,validation
0.9945992,0.0008034681,0.004127544,4.226437e-05,6.7569206e-05,0.00015779154,0.000102050086,0.00010010366,690,validation
0.0003351963,0.00042402273,0.99850637,5.3037904e-05,0.00022847624,0.00012085649,5.4929867e-05,0.00027703083,691,validation
0.005781911,0.9817623,0.0002821058,0.00067975215,0.0042432453,0.0027352648,0.002075474,0.0024399674,692,validation
0.99741024,0.0008629297,0.001343531,2.5790187e-05,3.2484873e-05,0.00012758236,0.0001139153,8.3532716e-05,693,validation
3.0400046e-05,0.0008239973,8.7367844e-05,0.00011436109,0.00043701878,0.99773407,0.00014133594,0.0006314075,694,validation
0.00029474328,0.00035997978,0.99865353,4.0756713e-05,0.00027908795,8.217128e-05,5.9808193e-05,0.00022992534,695,validation
0.00040071883,0.000475313,0.9985684,3.8615166e-05,0.00015223357,6.826133e-05,6.420949e-05,0.00023225647,696,validation
0.0012287437,0.000510159,0.997644,4.3689626e-05,0.00023412515,5.1471492e-05,8.939846e-05,0.00019835259,697,validation
0.00027785604,0.0002889036,0.99888045,2.5713158e-05,0.00023081207,8.2570834e-05,5.050434e-05,0.00016315722,698,validation
0.9906185,0.0027027223,0.0042547537,0.00061147916,0.00018672667,0.00078227575,0.0003384787,0.0005050831,699,validation
0.0005425464,0.00042159544,0.9983753,4.70704e-05,0.00021550595,7.569553e-05,7.280366e-05,0.0002494766,700,validation
0.00048239308,0.00049674755,0.99819726,4.4608136e-05,0.0002902304,8.462424e-05,9.425268e-05,0.0003098793,701,validation
0.0007804504,0.00045612332,0.998058,4.5439163e-05,0.00025214374,7.700495e-05,9.9313496e-05,0.00023144895,702,validation
0.99379057,0.0011003201,0.004678247,9.054996e-05,6.2818915e-05,0.00011098635,8.405331e-05,8.2476094e-05,703,validation
0.00038670778,0.00033011823,0.9987431,4.0054874e-05,0.00017777356,5.258721e-05,6.923503e-05,0.00020034546,704,validation
0.0012067328,0.000279164,0.99797255,2.4091769e-05,0.00013360652,6.360508e-05,5.0188482e-05,0.00027014007,705,validation
0.98822033,0.0014673603,0.009326846,4.3958695e-05,7.401463e-05,0.0003458988,0.00026908686,0.0002525271,706,validation
0.9970078,0.0010356661,0.0013903304,3.7341288e-05,3.4748595e-05,0.00017922382,0.00011024245,0.00020481786,707,validation
0.0005408409,0.00035741628,0.998607,4.097227e-05,0.00012764461,5.2226416e-05,7.320045e-05,0.00020082867,708,validation
0.00040751597,0.0002930157,0.9988763,2.7283495e-05,0.00013778168,5.1066767e-05,4.7499703e-05,0.00015962118,709,validation
0.0007191242,0.0003663838,0.9982438,4.1443087e-05,0.00016215399,8.6251996e-05,9.73888e-05,0.00028351828,710,validation
0.000481372,0.0004670142,0.99833953,5.0932744e-05,0.0002521634,7.6585355e-05,8.5873835e-05,0.00024637044,711,validation
0.0004940803,0.00017889011,0.9990044,2.184484e-05,0.00010785137,3.6434514e-05,4.10406e-05,0.00011542063,712,validation
0.0019277594,0.00042969067,0.99619186,0.00020906152,0.00013662348,0.0004298331,0.0001514212,0.00052381225,713,validation
0.000145406,0.00013065197,5.9681555e-05,0.0040880153,0.00010743059,6.50284e-05,0.99485636,0.00054739777,714,validation
0.00032328398,0.0003399094,0.9988098,3.9285318e-05,0.00017171317,4.9060727e-05,6.9193506e-05,0.00019778941,715,validation
3.2513008e-06,0.0002600049,1.0631846e-06,2.5758752e-07,5.3965327e-06,4.6740615e-06,8.1486183e-07,0.99972457,716,validation
0.00031670858,0.00027949965,0.9988686,2.733214e-05,0.0002102078,7.258023e-05,4.7264723e-05,0.00017789478,717,validation
0.00051323813,0.0003827261,0.99855655,3.9793536e-05,0.00016457024,6.0005994e-05,6.487384e-05,0.00021823731,718,validation
0.99807453,0.00050907745,0.0012228746,2.0950287e-05,2.2308632e-05,5.1346786e-05,4.7601414e-05,5.1369367e-05,719,validation
0.9964234,0.00076556334,0.0025074354,5.3078402e-05,4.8187743e-05,6.6934605e-05,6.766925e-05,6.761267e-05,720,validation
5.9543245e-06,0.0002395716,3.2966218e-05,1.8892712e-05,3.0651834e-05,0.99901366,2.8622437e-05,0.00062956155,721,validation
0.9979068,0.00057083287,0.0012710363,1.926145e-05,2.2275759e-05,8.6869135e-05,6.541206e-05,5.7665853e-05,722,validation
0.0002455396,0.0003161013,0.9988881,3.129794e-05,0.00021796589,7.4709154e-05,4.485036e-05,0.00018150854,723,validation
0.00043098704,0.0003678591,0.99859816,4.1660962e-05,0.00019773563,6.898318e-05,8.573208e-05,0.0002088114,724,validation
0.9970361,0.00093440537,0.001646599,3.3377382e-05,3.1003303e-05,0.000110073604,5.327103e-05,0.00015511457,725,validation
0.99721235,0.0006668757,0.0018243081,3.381628e-05,3.1329215e-05,8.921544e-05,7.931619e-05,6.284824e-05,726,validation
1.4837062e-05,0.0005819222,6.8872914e-06,1.5957171e-06,1.0770675e-05,1.8527498e-05,7.096856e-06,0.9993585,727,validation
0.0035791171,0.034941908,4.2475753e-05,0.0011836803,0.0005987497,0.00065644254,0.015204352,0.94379324,728,validation
2.122071e-06,0.00022896008,3.005367e-06,5.361147e-06,0.9994727,4.7620568e-05,2.9849623e-05,0.00021039972,729,validation
7.852009e-06,0.0007019093,1.1646692e-05,2.9385663e-05,0.9979303,0.0003185839,9.09989e-05,0.00090926816,730,validation
0.9963889,0.0007361902,0.002538252,5.3966767e-05,4.991186e-05,9.0263624e-05,7.265791e-05,6.9889225e-05,731,validation
0.9899648,0.0013713543,0.008273812,6.581976e-05,4.8951362e-05,9.0515125e-05,9.149086e-05,9.321887e-05,732,validation
0.99462587,0.0007159858,0.0043515265,3.895679e-05,3.442984e-05,9.061198e-05,7.8453595e-05,6.4208136e-05,733,validation
0.00051064376,0.9988391,8.401996e-06,4.6803434e-05,0.00019705169,7.354827e-05,0.00021658848,0.00010786776,734,validation
0.0014180272,0.0001753795,0.9980813,2.8472316e-05,7.4613235e-05,6.2667095e-05,3.623695e-05,0.00012327537,735,validation
0.006806479,0.98456615,0.0012119785,0.00036099134,0.003269449,0.0007255883,0.001484487,0.0015749467,736,validation
0.00049467845,0.0005068856,0.9982103,4.7197325e-05,0.00032904,9.091893e-05,6.6130735e-05,0.00025480686,737,validation
0.00034587583,0.00045056973,0.99859506,3.7815884e-05,0.00026808993,7.8986704e-05,6.679348e-05,0.00015673066,738,validation
0.0005354891,0.00039807247,0.99848205,3.9839662e-05,0.00020069595,7.2610834e-05,8.6622385e-05,0.00018465065,739,validation
0.9952544,0.0008700173,0.0035010257,4.2019397e-05,3.858208e-05,0.00010204829,8.024175e-05,0.00011177913,740,validation
0.9903819,0.000993885,0.008196268,5.369352e-05,8.132298e-05,0.00010796182,8.26763e-05,0.000102298996,741,validation
0.0006145055,0.00030453157,0.9984164,5.343434e-05,0.0001786403,9.888843e-05,8.1918006e-05,0.0002516466,742,validation
0.9972812,0.0007447074,0.0015589929,4.044221e-05,2.9018274e-05,0.00011949525,8.066268e-05,0.00014541647,743,validation
0.0004465904,0.00034779086,0.9986971,3.3309316e-05,0.00016846143,5.6767232e-05,5.5847493e-05,0.00019414234,744,validation
0.00022075226,0.00029646116,0.99896955,3.1197975e-05,0.00020947595,6.9201604e-05,4.1670097e-05,0.0001616918,745,validation
0.99489176,0.0012124442,0.0032759646,5.7285786e-05,5.2496598e-05,0.00018615511,0.000111755675,0.00021216563,746,validation
0.00069955824,0.00039789206,0.99826366,4.063991e-05,0.00018736909,7.39084e-05,8.2208164e-05,0.00025475633,747,validation
0.00047350387,0.0008147411,0.99762887,4.0349383e-05,0.0003011561,0.00014292034,8.0564314e-05,0.00051799585,748,validation
0.0009077396,0.00011702805,0.9986695,3.3708962e-05,7.4936754e-05,6.4934415e-05,2.7969763e-05,0.00010416069,749,validation
0.0005724938,0.0002717353,0.99855417,4.8497874e-05,0.00013453362,8.114479e-05,7.1407754e-05,0.00026595293,750,validation
0.99778533,0.0006267995,0.0012181948,4.3465065e-05,2.9682376e-05,0.00012370381,6.032288e-05,0.00011237096,751,validation
0.00076673616,0.00040682015,0.9982516,3.4781693e-05,0.00015495735,6.830843e-05,7.4823576e-05,0.0002419909,752,validation
7.337719e-06,0.00022454928,4.2240437e-05,1.4139576e-05,2.3591447e-05,0.9989692,3.246108e-05,0.00068643666,753,validation
0.9974203,0.0007251686,0.0016417891,1.3554173e-05,1.7521244e-05,5.427381e-05,7.0147296e-05,5.7304667e-05,754,validation
0.00038271188,0.00035446257,0.9987104,3.3178065e-05,0.00018368007,6.0273804e-05,5.923345e-05,0.00021606297,755,validation
0.00027432767,0.00027929607,0.9990257,2.747179e-05,0.00016902901,6.139576e-05,4.2068546e-05,0.00012077044,756,validation
0.9975375,0.0006214426,0.0015907247,3.273662e-05,3.1652053e-05,6.779325e-05,5.9041402e-05,5.9144757e-05,757,validation
0.0010595667,0.00056515884,0.99742293,5.6612138e-05,0.00028251432,9.834822e-05,8.9768095e-05,0.00042517882,758,validation
0.0003229117,0.9986935,1.1077085e-05,5.8008896e-05,0.00032607594,9.864362e-05,0.00026590962,0.00022383637,759,validation
0.9952195,0.0017649059,0.0024485784,6.087328e-05,6.181379e-05,0.00016910567,0.00015235726,0.00012280134,760,validation
0.00040372938,0.0003163562,0.9987845,4.182512e-05,0.00015511636,5.1801875e-05,6.0032453e-05,0.0001867018,761,validation
0.0005489068,0.00034308297,0.9986513,3.3504995e-05,0.00013675155,5.3883054e-05,5.8148686e-05,0.0001745751,762,validation
3.5700683e-07,6.318952e-05,1.6480694e-06,3.7173018e-06,0.9998355,5.011124e-06,1.1214292e-05,7.928893e-05,763,validation
0.00034800015,0.000328771,0.9987878,3.548117e-05,0.00022755867,5.5014298e-05,5.1273877e-05,0.00016601222,764,validation
0.9966229,0.0010509433,0.0020179024,2.626772e-05,3.0420566e-05,8.327866e-05,6.475174e-05,0.00010346824,765,validation
0.00033446052,0.9986657,5.3954564e-06,3.1240874e-05,0.0002849066,0.000104109844,0.00023020417,0.00034394392,766,validation
0.9971775,0.0010284727,0.0012088774,8.463015e-05,4.4631248e-05,0.00017330238,0.00011548687,0.0001671175,767,validation
0.0006624153,0.00019705734,0.9988457,2.826699e-05,7.2124756e-05,3.7460853e-05,4.355792e-05,0.00011335288,768,validation
0.00055507047,0.00028624578,0.9987097,4.0371953e-05,0.00011273386,8.797257e-05,5.6896723e-05,0.00015098916,769,validation
0.00056032557,0.00042399063,0.9984604,4.8061273e-05,0.00018401066,8.60313e-05,7.340437e-05,0.00016367463,770,validation
0.0005009334,0.00031193864,0.99879265,2.5441886e-05,0.00010802407,3.7463436e-05,4.9315164e-05,0.00017433793,771,validation
0.00036919874,0.0002927464,0.9989209,3.3822955e-05,0.00011913188,5.6635017e-05,4.565174e-05,0.00016194736,772,validation
0.00064360304,0.00017436797,0.998919,2.3029912e-05,6.843029e-05,3.5346307e-05,3.940173e-05,9.6907774e-05,773,validation
0.0035881763,0.0499268,0.011850952,0.0128863165,0.81127644,0.080984846,0.007154902,0.02233151,774,validation
0.0006868749,0.0002531633,0.9986051,3.9228824e-05,8.877838e-05,5.8202248e-05,5.5839257e-05,0.00021287141,775,validation
9.6658725e-05,0.0011641085,1.3336811e-05,4.050323e-06,3.709375e-05,2.1307344e-05,1.9137196e-05,0.9986444,776,validation
0.00061416737,0.0002637661,0.998723,3.0212263e-05,9.2072936e-05,5.3676325e-05,5.010604e-05,0.00017296783,777,validation
0.004350814,0.00022186474,0.99501616,4.33453e-05,6.143501e-05,0.00010994744,4.3925218e-05,0.00015250374,778,validation
0.0006284736,0.00038163422,0.99841726,4.070998e-05,0.0001880478,0.00010305829,6.617398e-05,0.00017463142,779,validation
0.0007981215,0.00018804276,0.99866295,2.5799955e-05,8.2514365e-05,4.784349e-05,5.002015e-05,0.00014474486,780,validation
0.99859744,0.00062091544,0.00055553496,2.0680596e-05,1.7086217e-05,8.493368e-05,5.314188e-05,5.0180457e-05,781,validation
0.99862504,0.00064248225,0.00048669742,2.564835e-05,2.0196636e-05,8.488428e-05,5.8490976e-05,5.6452718e-05,782,validation
0.996412,0.0019363301,0.00072873436,0.00014442934,4.7408183e-05,0.00030432682,0.00015878095,0.00026802425,783,validation
0.9986921,0.00059405615,0.0004951275,2.8128165e-05,1.6124652e-05,7.4869655e-05,5.4759304e-05,4.4906308e-05,784,validation
0.00017098899,0.0015942579,0.00013599785,8.011918e-06,6.295825e-05,0.00010368158,1.6606988e-05,0.99790764,785,validation
1.8201586e-05,0.0026929837,2.3666085e-05,0.00015647495,0.99612767,0.00030396882,0.00011264956,0.0005644556,786,validation
0.99625933,0.0009380757,0.002242781,8.742068e-05,5.49864e-05,0.00020557373,8.3135215e-05,0.00012879992,787,validation
4.6795085e-05,0.0018609931,4.6955167e-05,0.00028951437,0.9967674,0.0002072947,9.7167445e-05,0.00068382366,788,validation
0.03709266,0.0010501257,0.96104413,0.00014315062,0.00015194161,0.00016792616,0.00011455052,0.00023554666,789,validation
0.0004914333,0.00037410582,0.9986474,4.259529e-05,0.00014008372,7.551662e-05,6.190721e-05,0.00016696496,790,validation
0.99825615,0.00075090304,0.00078096904,3.065816e-05,1.8549243e-05,5.8683945e-05,5.400493e-05,5.005044e-05,791,validation
0.0005287404,0.00023932147,0.998879,3.0306044e-05,9.6000156e-05,4.7423153e-05,4.2162173e-05,0.00013693362,792,validation
0.0011617555,0.00020534148,0.99832004,1.7952363e-05,7.3524294e-05,7.046313e-05,2.9723105e-05,0.00012106832,793,validation
4.4777225e-05,0.00092320197,6.2695335e-06,2.40905e-06,2.2916101e-05,5.4613152e-05,1.2219799e-05,0.9989336,794,validation
0.0015250455,0.00016144614,0.998035,2.1842277e-05,5.8112575e-05,4.4465363e-05,3.928188e-05,0.00011480422,795,validation
0.0009225787,0.00034905708,0.99825066,3.6730096e-05,0.000117029864,7.094336e-05,6.6494715e-05,0.00018650772,796,validation
0.9984863,0.0008525341,0.00040302402,3.591408e-05,2.1088914e-05,8.431882e-05,6.419484e-05,5.262074e-05,797,validation
0.00057382416,0.0002112401,0.9988617,3.3522923e-05,8.221796e-05,4.1915006e-05,4.917218e-05,0.00014642504,798,validation
0.0005533956,0.00018441743,0.99891233,2.9983144e-05,9.515883e-05,4.79479e-05,4.703889e-05,0.00012978482,799,validation
0.00044849547,0.00034090053,0.99878997,3.147559e-05,0.00013155716,5.3553627e-05,4.762145e-05,0.00015639869,800,validation
0.008741038,0.00783851,0.0014947294,0.0074842107,0.0052105547,0.002313843,0.95706034,0.00985685,801,validation
0.9988674,0.0005647978,0.00037198633,1.8577173e-05,1.7444683e-05,6.9276735e-05,5.3643602e-05,3.688763e-05,802,validation
0.00079990434,0.00022416921,0.99864787,2.6398693e-05,6.9233436e-05,4.9832557e-05,4.7562986e-05,0.0001349024,803,validation
0.00071807706,0.0001473231,0.9988632,2.5702024e-05,5.9578953e-05,3.5019315e-05,4.4655008e-05,0.0001063904,804,validation
0.9975547,0.0010975142,0.0009837439,6.134261e-05,5.0268085e-05,0.000126593,7.011314e-05,5.571078e-05,805,validation
0.0005031344,0.00029900268,0.998679,3.0900534e-05,0.00010299932,7.396348e-05,5.2988624e-05,0.00025802475,806,validation
0.0008270827,0.9976713,5.3245272e-05,8.650353e-05,0.00069924275,0.000103051636,0.00031962368,0.0002400054,807,validation
0.0007787625,0.00025819047,0.9985544,3.1995678e-05,8.9851e-05,5.6249406e-05,5.225879e-05,0.00017830956,808,validation
0.9984835,0.000630383,0.00065952656,1.2396492e-05,1.7751365e-05,6.047802e-05,7.085366e-05,6.5211294e-05,809,validation
0.00086864067,0.00030708982,0.9983725,3.4329823e-05,9.408592e-05,6.0745566e-05,6.124641e-05,0.00020136042,810,validation
0.050431482,0.0015516294,0.94571424,0.0002377847,0.00044069323,0.0005255453,0.00031923605,0.0007793757,811,validation
0.9971372,0.0008983858,0.0015181032,5.3110496e-05,7.703294e-05,0.00015475172,9.409128e-05,6.7357156e-05,812,validation
0.99877876,0.0005609385,0.0004526242,2.0248137e-05,1.5030286e-05,7.916263e-05,5.050599e-05,4.27563e-05,813,validation
0.0007233149,0.00022401715,0.9986864,3.2575765e-05,7.102401e-05,4.2646912e-05,5.787233e-05,0.00016226673,814,validation
0.99888414,0.00052970153,0.00038722946,1.7610548e-05,1.7295903e-05,6.767088e-05,4.8805465e-05,4.7506008e-05,815,validation
0.0004787497,0.0003455639,0.998665,4.0481176e-05,0.00016787273,8.50491e-05,5.396144e-05,0.00016336614,816,validation
0.0012170766,0.0034268755,0.00023776933,3.84566e-05,0.00038569781,0.0016459046,0.00032186758,0.9927263,817,validation
0.009544948,0.0059123277,0.0021369222,0.008558738,0.0045367284,0.0022395926,0.95990217,0.007168542,818,validation
0.0008393597,0.00031163593,0.9984145,3.3847267e-05,8.9158835e-05,6.1955725e-05,5.7897094e-05,0.0001917024,819,validation
0.00081779616,0.0003902953,0.9982869,4.8696107e-05,0.00013972848,8.196216e-05,6.9456306e-05,0.00016512138,820,validation
0.012204317,0.001097072,0.9856917,0.00017412541,0.00024013272,0.00025632666,0.00013926407,0.00019710005,821,validation
0.0004510962,0.00035024656,0.99875355,3.359293e-05,0.00013441146,5.76231e-05,5.1137587e-05,0.00016821313,822,validation
1.5366533e-05,0.0010083839,5.7763095e-06,8.633611e-07,1.5912214e-05,3.846419e-05,9.330235e-06,0.9989059,823,validation
0.005321389,0.00031727031,0.9940612,3.8429545e-05,4.1155028e-05,7.7666475e-05,3.3463686e-05,0.000109524146,824,validation
0.0006521378,0.00055771635,0.9981111,6.858726e-05,0.00020706306,0.0001120677,7.8744124e-05,0.00021252278,825,validation
0.99815863,0.0010337854,0.00034561162,4.6833193e-05,3.904039e-05,0.00019119689,0.00010369381,8.117184e-05,826,validation
2.4195713e-05,0.0023429426,2.858103e-05,0.00029048632,0.99635434,0.00022956384,0.00010235338,0.0006275058,827,validation
0.0027100272,0.9959253,3.8183738e-05,0.000115798925,0.00045495617,0.00018855269,0.00045462674,0.000112614536,828,validation
0.0005109601,0.00042838734,0.9985147,5.1804876e-05,0.00017001074,8.05649e-05,6.622949e-05,0.00017734618,829,validation
0.00097413827,0.00021322066,0.9984669,3.151448e-05,7.857329e-05,5.0395836e-05,5.9386355e-05,0.00012590738,830,validation
0.0005831884,0.00029938127,0.99872833,3.573966e-05,0.00011457641,5.8128328e-05,5.1434938e-05,0.00012912923,831,validation
0.9975177,0.00069805846,0.0014744934,4.522228e-05,4.2405773e-05,0.00010255482,7.574311e-05,4.3799642e-05,832,validation
0.9963481,0.0013639857,0.0018114431,4.8092374e-05,4.5333203e-05,0.00016521658,0.00010144539,0.00011640126,833,validation
0.009944174,0.00613698,0.944347,0.0018291939,0.0014816457,0.007636528,0.0010161559,0.02760845,834,validation
0.002192357,0.00017462218,0.9973851,2.5044108e-05,4.3462464e-05,6.257115e-05,2.9146693e-05,8.771457e-05,835,validation
0.9963773,0.0012998971,0.001690179,5.39737e-05,4.779252e-05,0.00021139663,0.00013289876,0.00018662254,836,validation
0.030577332,0.0008825977,0.96790254,0.000110599605,0.00013567992,0.00011112328,9.92257e-05,0.00018096564,837,validation
8.618803e-05,0.0021182126,3.4147262e-05,5.5429464e-06,0.0001432703,0.00062062783,8.189808e-05,0.99691015,838,validation
0.00077942916,0.00021701666,0.99864465,2.829884e-05,9.2287235e-05,5.2218424e-05,4.832359e-05,0.00013778784,839,validation
0.00066109025,0.00025809905,0.9987226,2.820701e-05,8.10829e-05,4.689202e-05,4.445278e-05,0.00015758465,840,validation
0.99878114,0.0006099993,0.0002881705,3.6247005e-05,2.0468058e-05,0.00015175572,5.5786724e-05,5.6395133e-05,841,validation
0.9928489,0.00419902,0.0010749531,0.00023959292,0.00020363193,0.00069353543,0.00035458725,0.00038590565,842,validation
0.99858534,0.0007581952,0.00036273562,4.4359134e-05,2.4026964e-05,0.00012525746,5.5087556e-05,4.4999677e-05,843,validation
0.000707749,0.998336,1.3950105e-05,8.063787e-05,0.0003445016,9.570014e-05,0.00026761173,0.00015395608,844,validation
0.00066782394,0.99859124,1.614127e-05,6.2886786e-05,0.000276446,9.7141216e-05,0.00021264123,7.5687865e-05,845,validation
0.00073834683,0.0003230723,0.9984452,3.982585e-05,0.00012748757,6.558562e-05,6.569849e-05,0.00019488146,846,validation
0.9973744,0.00076627027,0.0015620906,4.144077e-05,3.0817788e-05,0.00010448955,7.917981e-05,4.135127e-05,847,validation
0.30236003,0.0065274397,0.68202764,0.0017110383,0.0008891241,0.0017991266,0.0013909893,0.0032946216,848,validation
0.00066047854,0.00023912943,0.9987631,2.7723487e-05,7.846561e-05,3.830262e-05,4.200213e-05,0.00015082439,849,validation
0.00095666,0.00018182702,0.99847585,3.7231544e-05,6.1451516e-05,9.5956384e-05,5.3122796e-05,0.00013789363,850,validation
0.000803864,0.00041733077,0.99822587,3.480555e-05,0.00015302982,0.00010509455,6.415355e-05,0.00019591059,851,validation
0.00057729485,0.00041424032,0.9984621,4.335275e-05,0.00015853088,6.641568e-05,7.7265315e-05,0.00020080163,852,validation
0.9942941,0.0022258877,0.0028320358,0.00010529748,8.845906e-05,0.00015586718,0.00015537949,0.00014295867,853,validation
0.0013819097,0.00015912874,0.9981546,2.4365672e-05,4.182901e-05,5.6797893e-05,4.122546e-05,0.00014017653,854,validation
0.00051210634,0.0003358325,0.9987024,3.2880478e-05,0.000138465,8.743029e-05,5.076288e-05,0.0001402207,855,validation
0.0009635032,0.0002770218,0.998334,3.7858346e-05,9.325599e-05,5.066668e-05,6.704031e-05,0.00017664992,856,validation
0.9409413,0.0013713553,0.05677988,0.00019462295,0.00020137145,0.0001644143,0.00014476037,0.00020241056,857,validation
0.9986272,0.0007469424,0.00037303675,3.2419903e-05,2.227794e-05,0.000100947975,5.181639e-05,4.5390774e-05,858,validation
0.0006551648,0.9987533,1.8878132e-05,4.4011846e-05,0.00023538365,4.9799146e-05,0.00017559133,6.784863e-05,859,validation
0.00045414607,0.00036588288,0.9987251,3.697352e-05,0.00014494215,7.2808274e-05,5.608311e-05,0.00014397448,860,validation
0.009105553,0.01117156,0.003437363,0.014888497,0.009705932,0.002130659,0.9413917,0.0081687365,861,validation
0.00056272367,0.00012486748,0.9990638,2.0680034e-05,5.9382823e-05,3.7334237e-05,3.054117e-05,0.000100759586,862,validation
0.0018830531,0.0002963132,0.99736136,4.1787516e-05,6.3047395e-05,0.00011219539,7.332497e-05,0.00016888957,863,validation
9.478644e-05,0.00089955353,8.787557e-05,9.88428e-05,0.00022444583,0.9976084,0.00013808084,0.00084799697,864,validation
0.0072659003,0.008425289,0.00059035025,0.007209628,0.0025355378,0.0016713324,0.9626227,0.009679149,865,validation
0.0007762036,0.00046566955,0.998171,3.384795e-05,0.00017079011,9.322921e-05,7.089325e-05,0.00021830997,866,validation
0.0005623857,0.0003521462,0.99863666,2.883483e-05,0.00012306937,6.893783e-05,5.669455e-05,0.00017126492,867,validation
0.0005488405,0.00027167008,0.99882966,2.888841e-05,9.934886e-05,3.913159e-05,5.7506113e-05,0.00012497258,868,validation
0.0005322701,0.00039883368,0.99854267,4.1677085e-05,0.00017958893,9.132624e-05,6.1534614e-05,0.00015213805,869,validation
0.00074098003,0.0004199385,0.9982899,3.3952143e-05,0.00016087008,0.00010629263,6.1834726e-05,0.00018619231,870,validation
0.997948,0.0013081342,0.00034153895,4.3849803e-05,3.7017897e-05,0.00014539663,8.631677e-05,8.986813e-05,871,validation
0.9973586,0.0012025799,0.0009882003,7.7335535e-05,5.0572646e-05,0.00016923255,6.0280636e-05,9.312011e-05,872,validation
0.9801129,0.0056511727,0.010063781,0.0010845673,0.00025008968,0.0010686007,0.0005531431,0.0012157965,873,validation
0.00032773905,0.0012103472,0.0006726591,0.00086190406,0.0014887758,0.9873188,0.00063401565,0.007485724,874,validation
2.6892285e-05,0.0008449889,5.116907e-06,1.7353603e-06,2.3810366e-05,1.8203382e-05,7.540851e-06,0.9990716,875,validation
0.0006043702,0.00032414583,0.99862087,3.721991e-05,0.00013208258,5.2200903e-05,6.256985e-05,0.00016657407,876,validation
0.00084791624,0.0002095262,0.9986033,3.1581698e-05,6.925782e-05,4.160471e-05,5.592955e-05,0.00014085732,877,validation
0.14134867,0.041549895,0.7998072,0.0018635023,0.004309481,0.0041607907,0.0022325793,0.004727842,878,validation
0.0010006856,0.00019235234,0.998486,2.7919108e-05,7.467986e-05,4.3329357e-05,4.9781447e-05,0.00012544007,879,validation
0.0069862586,0.007886781,0.00080629764,0.0068829698,0.002953086,0.0012368974,0.9652192,0.008028583,880,validation
0.0006060208,0.00031336732,0.99864167,3.580721e-05,0.00011886359,6.059228e-05,5.711814e-05,0.000166568,881,validation
0.0007117857,0.00021717286,0.99876046,2.324708e-05,6.635265e-05,3.9010396e-05,4.6725592e-05,0.00013520522,882,validation
0.99860173,0.0006205818,0.00048091807,2.137274e-05,1.7091228e-05,0.00010855112,5.895122e-05,9.074362e-05,883,validation
0.9980988,0.00088244805,0.0007034335,4.079721e-05,3.21004e-05,0.00011494324,6.4957676e-05,6.2466504e-05,884,validation
0.0015941854,0.0002871264,0.997612,4.890558e-05,5.8024936e-05,0.000104835664,8.31264e-05,0.00021179083,885,validation
0.99834454,0.00091194,0.00050342944,3.6529396e-05,2.2681079e-05,7.5391195e-05,5.7670688e-05,4.773874e-05,886,validation
0.00019655346,0.009027403,0.0001599963,0.0012959756,0.98490626,0.002832194,0.00057124003,0.001010361,887,validation
0.81545335,0.003251651,0.17909563,0.0002971229,0.00043873664,0.00062195235,0.00038875212,0.0004527413,888,validation
0.9969214,0.0010232563,0.001732777,4.183893e-05,3.2929227e-05,9.5099946e-05,6.965648e-05,8.303297e-05,889,validation
0.998307,0.00093659,0.00045528566,4.62741e-05,1.8088704e-05,0.00011130197,8.4020976e-05,4.1387528e-05,890,validation
0.0011681673,0.00020533436,0.9983559,1.7062857e-05,5.8973816e-05,4.7361227e-05,4.053006e-05,0.00010660372,891,validation
0.00067723537,0.99860233,1.7126009e-05,5.5631015e-05,0.0002094333,8.396781e-05,0.00025802312,9.630235e-05,892,validation
0.012165047,0.010798573,0.0009937055,0.0064561083,0.006486673,0.0020089643,0.95044065,0.010650426,893,validation
0.0007995095,0.0003037015,0.9984811,3.562245e-05,0.00010187084,5.208847e-05,5.816101e-05,0.00016791787,894,validation
0.9873332,0.0014899771,0.01052869,0.00018035051,7.012626e-05,0.00017222138,0.00011351331,0.00011179215,895,validation
0.00032230938,7.065601e-05,0.9993197,9.090793e-06,5.499055e-05,4.1950145e-05,1.8854209e-05,0.00016258686,896,validation
0.0026382,0.00019607581,0.9967437,2.7982516e-05,7.48554e-05,7.636914e-05,4.104214e-05,0.00020178102,897,validation
3.418933e-05,0.00045646436,0.00010241838,9.237344e-05,0.00023755353,0.9981325,7.7516685e-05,0.0008669581,898,validation
0.0003427253,0.00024441717,0.9987716,4.200017e-05,0.000239985,9.4885916e-05,4.599923e-05,0.0002184528,899,validation
0.0027321775,0.0003313352,0.99631006,0.00011483665,0.00010997426,0.00015418176,9.1030684e-05,0.00015640887,900,validation
0.0008106125,0.0002578947,0.9984565,3.8505637e-05,0.0001338518,6.084037e-05,5.6525176e-05,0.00018529085,901,validation
0.00048341922,0.9983359,3.7002563e-05,0.00011044048,0.0004880057,7.838411e-05,0.00029410658,0.00017271424,902,validation
0.00065698125,0.00024787945,0.9985814,4.0761195e-05,0.0001238788,5.150158e-05,6.770645e-05,0.00022982521,903,validation
0.0006047759,0.00023666813,0.9986739,3.3468677e-05,0.00013158203,5.557068e-05,5.024234e-05,0.00021386651,904,validation
0.9985831,0.0005816077,0.0005448276,3.5103603e-05,2.1089267e-05,7.1510614e-05,8.95235e-05,7.33283e-05,905,validation
0.00037896878,0.00026450545,0.9986993,3.0686493e-05,0.00023005826,0.00010890278,4.4144574e-05,0.00024336357,906,validation
0.009524262,0.00043615248,0.98946875,7.482761e-05,0.00013106455,7.585072e-05,6.727029e-05,0.00022184773,907,validation
0.998005,0.0008290607,0.0007913646,5.4780005e-05,3.6232555e-05,8.111958e-05,0.00013565632,6.674007e-05,908,validation
0.9985862,0.0006143705,0.00055006234,3.8798724e-05,1.9527952e-05,4.9240633e-05,7.8653306e-05,6.309558e-05,909,validation
0.99600726,0.0010490633,0.0023557204,8.6902284e-05,7.6645294e-05,0.00012704778,0.00015007581,0.00014732713,910,validation
0.00049244135,0.00018428375,0.998909,3.0247182e-05,0.000114784394,3.917424e-05,4.4885786e-05,0.00018520361,911,validation
0.998885,0.0004456575,0.00045566505,2.3619083e-05,1.602463e-05,4.352425e-05,6.8073925e-05,6.2477986e-05,912,validation
0.00035700115,0.00026789098,0.9987098,3.7811136e-05,0.00024743727,9.696272e-05,5.1361047e-05,0.0002318069,913,validation
0.00075474987,0.00012861381,0.9987029,4.5993962e-05,9.302553e-05,7.589388e-05,5.3817843e-05,0.0001450519,914,validation
0.99896955,0.0003941539,0.00044304488,1.6128963e-05,1.6534581e-05,4.0227937e-05,6.5566775e-05,5.4791755e-05,915,validation
2.390847e-06,0.00027461725,1.4495005e-05,2.3807552e-05,0.99924505,3.088563e-05,3.9692368e-05,0.00036910517,916,validation
0.0014390388,0.00022217397,0.99779606,0.000108653505,0.000108671644,0.00012843491,8.036408e-05,0.00011659521,917,validation
0.0005951846,0.00020730236,0.9986683,4.375601e-05,0.00014569402,7.288666e-05,7.345075e-05,0.00019348724,918,validation
0.00024817392,0.00021192369,0.999092,3.3616878e-05,0.00015871457,5.1527713e-05,3.5191802e-05,0.00016903313,919,validation
0.0004895284,0.00018426264,0.9984633,3.353676e-05,0.00023080589,0.00012834785,5.3348405e-05,0.0004169452,920,validation
0.9987815,0.0005478286,0.00040443437,2.7300322e-05,2.085123e-05,5.1206855e-05,8.2444705e-05,8.447004e-05,921,validation
0.0033987807,0.008471372,0.0010997456,0.0011396139,0.9759867,0.005619823,0.0010248196,0.003259029,922,validation
0.99825436,0.00056642474,0.0008921112,2.401836e-05,2.919617e-05,7.000939e-05,9.406079e-05,6.980965e-05,923,validation
0.00059138535,0.00023324823,0.9987036,3.0615647e-05,0.00011801149,4.811362e-05,5.9243383e-05,0.00021571008,924,validation
0.00038468358,0.99861157,1.7941311e-05,6.91999e-05,0.00039954518,6.6872846e-05,0.00022944562,0.00022072998,925,validation
0.010718394,0.00039917167,0.9882096,0.0001015595,0.0001172805,9.952082e-05,9.138581e-05,0.00026295643,926,validation
0.9980921,0.0007523518,0.0006943246,4.4099517e-05,3.2990196e-05,0.00012772463,0.00011929215,0.00013719407,927,validation
0.001301506,0.00017422129,0.9981816,4.7220594e-05,7.2252566e-05,7.1589726e-05,4.4085093e-05,0.0001076522,928,validation
0.00012370654,0.0007998507,0.0002515943,0.00016943128,0.0003111267,0.99636203,0.0002613957,0.0017208572,929,validation
0.00053949095,0.00019462279,0.99888736,2.7070544e-05,0.000110663575,3.9321498e-05,4.342087e-05,0.00015800464,930,validation
0.9972711,0.0005127056,0.0019249567,5.243014e-05,3.4584347e-05,6.5533306e-05,7.4383854e-05,6.421836e-05,931,validation
0.00043849376,0.0002741071,0.99861276,3.6243902e-05,0.00026074838,0.0001081946,4.82429e-05,0.00022120377,932,validation
0.003340697,0.029215505,0.005494008,0.014228908,0.5493688,0.3874154,0.004207415,0.0067291874,933,validation
0.998911,0.00039955997,0.00048807613,2.0852065e-05,1.6046826e-05,5.290115e-05,6.7838446e-05,4.36762e-05,934,validation
0.0005066576,0.99830806,3.3423345e-05,9.8045e-05,0.00042605845,8.209148e-05,0.0003626069,0.00018299145,935,validation
0.0019672823,0.00013857626,0.99755365,3.690047e-05,5.560657e-05,7.9235804e-05,3.5141133e-05,0.00013354063,936,validation
0.0009962034,0.0001495604,0.99855286,2.0754454e-05,5.8575337e-05,4.722014e-05,4.767453e-05,0.00012704312,937,validation
0.0007471447,0.00010477995,0.9988367,2.3074836e-05,6.278172e-05,5.25612e-05,3.4397148e-05,0.00013853025,938,validation
0.00043182573,0.00018715743,0.99895775,3.0001958e-05,0.00013642391,4.923543e-05,4.1620755e-05,0.0001658569,939,validation
0.0006109944,0.0002535238,0.99861646,3.7277474e-05,0.0001494855,6.465347e-05,5.2169366e-05,0.00021542421,940,validation
0.9953141,0.0005547156,0.003680115,3.722467e-05,5.740331e-05,9.898465e-05,0.00012590481,0.00013142519,941,validation
0.00034165516,0.00016767197,0.999091,2.7965669e-05,0.00011819606,4.6277062e-05,3.836295e-05,0.00016892355,942,validation
4.2240357e-05,0.0011658273,4.0719162e-05,1.0463771e-05,0.00014262188,8.752974e-05,2.5217507e-05,0.9984854,943,validation
0.98329884,0.001697157,0.013875214,0.00017133098,0.00021000978,0.00021871223,0.00020501719,0.00032363393,944,validation
0.9988661,0.00044037457,0.00041553084,3.4643228e-05,1.999268e-05,6.9131645e-05,7.665563e-05,7.7658406e-05,945,validation
0.0006126067,0.0003447425,0.9982765,3.5674602e-05,0.0002189304,0.00012599133,5.017069e-05,0.00033546926,946,validation
0.00032995312,0.9981055,3.7138845e-05,7.260644e-05,0.00041620954,0.0001510673,0.00030672998,0.0005806945,947,validation
0.00041838686,0.9987702,2.7822267e-05,8.559839e-05,0.00024113082,6.7697816e-05,0.000251508,0.00013760306,948,validation
0.9985765,0.0006113663,0.0005030667,3.157552e-05,2.0923555e-05,9.5109426e-05,0.00010019686,6.1239414e-05,949,validation
0.99897635,0.0003561494,0.0004859641,1.8017112e-05,1.3643784e-05,3.890754e-05,6.116796e-05,4.9822807e-05,950,validation
0.0017133988,0.00014644342,0.9978235,3.246194e-05,5.5102253e-05,5.587671e-05,3.8603735e-05,0.00013460798,951,validation
0.99797827,0.00045378803,0.0013396364,2.1986762e-05,2.3846085e-05,3.3440258e-05,7.8846875e-05,7.032482e-05,952,validation
0.019407103,0.003133691,0.97201365,0.0011826933,0.0011100458,0.0011022317,0.0005422133,0.0015083425,953,validation
0.00067323237,0.00033736773,0.9982811,5.2628995e-05,0.00026036712,6.605047e-05,9.90297e-05,0.00023029903,954,validation
0.99888617,0.00050331536,0.0004067836,2.8787128e-05,1.572862e-05,4.1146955e-05,6.724918e-05,5.0806702e-05,955,validation
0.00055640336,0.00020605528,0.99884254,2.5954332e-05,0.00011675468,3.8414903e-05,4.4712677e-05,0.00016922073,956,validation
0.0007245353,0.00025843244,0.99852705,3.4529035e-05,0.00014129821,4.9059516e-05,5.437415e-05,0.00021070727,957,validation
0.0005067871,0.00032028247,0.99860805,3.82404e-05,0.00019774436,6.271135e-05,5.4670374e-05,0.00021154384,958,validation
0.0010462865,0.00031760355,0.99798775,3.438201e-05,0.00014005517,7.4912234e-05,7.421494e-05,0.00032476528,959,validation
0.31671873,0.027208254,0.36118007,0.016254367,0.01413217,0.18540196,0.014597632,0.06450683,960,validation
7.5222786e-05,0.00046809635,0.00030089746,0.00013886347,0.00015646913,0.9971637,0.0001376448,0.0015591325,961,validation
0.9988249,0.000361823,0.0006229333,1.9308502e-05,1.8223427e-05,3.7082875e-05,5.9967075e-05,5.5755074e-05,962,validation
0.0007933098,0.00028944618,0.9983523,4.3484113e-05,0.00015540897,7.073701e-05,6.503691e-05,0.00023032026,963,validation
0.00046152843,0.00027472814,0.99857664,3.7051814e-05,0.00023200997,0.00010797464,4.8322097e-05,0.00026172225,964,validation
0.00042542187,0.0002750397,0.99863714,3.563729e-05,0.00022034779,0.00010222995,4.834079e-05,0.00025579543,965,validation
0.00040138452,0.00030550113,0.99850607,4.502018e-05,0.00031607744,0.000113701964,5.4501863e-05,0.00025769998,966,validation
0.0006568365,0.00019354672,0.99875903,2.7556885e-05,0.00011061454,4.1566225e-05,5.028324e-05,0.00016058293,967,validation
0.99894327,0.00044794808,0.0003622787,3.0335841e-05,1.8067583e-05,6.6556655e-05,6.843462e-05,6.306736e-05,968,validation
0.0017593199,0.0050771735,0.0015804484,0.00048495817,0.0010818671,0.0019791548,0.00074461836,0.9872925,969,validation
0.00043120058,0.00014961365,0.9990095,2.2382192e-05,0.000113449554,6.913392e-05,3.0686715e-05,0.00017401778,970,validation
0.00063891086,0.99770015,5.0935036e-05,0.00010768807,0.00061282876,0.00017197987,0.00042910932,0.0002883089,971,validation
0.9988186,0.0005383129,0.00043160626,2.1081712e-05,1.8567378e-05,4.3242595e-05,7.9003774e-05,4.966978e-05,972,validation
0.0011832664,0.00017033366,0.9978377,0.00012338582,0.00013158651,0.0002080916,9.448165e-05,0.0002511316,973,validation
0.9964992,0.001096113,0.0016160345,0.0001637815,5.0686645e-05,0.00020523982,0.00015766177,0.00021125763,974,validation
0.0015084675,0.0005035346,0.99727064,2.9715515e-05,0.00017762101,0.000111433335,7.584027e-05,0.00032272763,975,validation
0.0024155867,0.0014340611,0.00020075153,0.0024041792,0.0015821127,0.0003757453,0.9890941,0.0024934032,976,validation
0.00053227035,0.00032112453,0.99847394,5.820182e-05,0.00023419101,8.333138e-05,7.082523e-05,0.00022614478,977,validation
0.0006421991,0.0002424872,0.99864143,3.689389e-05,0.00015132985,5.5749715e-05,4.5127483e-05,0.00018475341,978,validation
0.0005282648,0.00023292469,0.99873656,3.233856e-05,0.0001444958,5.2402233e-05,4.9710812e-05,0.00022326015,979,validation
0.99855095,0.0005262237,0.0005687835,4.893742e-05,2.5868409e-05,0.000104820225,7.986396e-05,9.462118e-05,980,validation
0.0009369734,6.504458e-05,0.9986727,2.0649535e-05,7.041465e-05,6.286151e-05,2.8869712e-05,0.00014249377,981,validation
0.00015735872,0.0014676421,6.8842164e-05,2.680398e-05,0.00024764502,0.0003577694,7.036712e-05,0.9976037,982,validation
6.582742e-05,0.001081868,7.835262e-05,2.794039e-05,8.347174e-05,7.820138e-05,2.6916023e-05,0.9985574,983,validation
0.00077334564,0.00025798663,0.99849045,4.092719e-05,0.00012495887,5.407007e-05,6.4562504e-05,0.00019374507,984,validation
0.0010386445,0.00013760175,0.9984493,3.361487e-05,7.759973e-05,7.097493e-05,4.5418023e-05,0.00014679151,985,validation
0.00070050394,0.00025340245,0.9985261,3.464326e-05,0.00013319781,5.248126e-05,5.2601918e-05,0.00024705625,986,validation
0.0003648229,0.00025004253,0.9987953,4.1479074e-05,0.0002041728,9.468766e-05,4.7486155e-05,0.00020198338,987,validation
0.0010064885,0.00028913244,0.9982084,3.7492977e-05,0.0001608686,6.084643e-05,6.9401845e-05,0.00016739657,988,validation
0.0024693385,0.00023466824,0.99679714,7.8038815e-05,8.8804954e-05,0.00010770702,4.9697814e-05,0.00017467726,989,validation
0.99442756,0.000813007,0.0040844106,8.026689e-05,9.708543e-05,0.00014258255,0.00017147134,0.00018358404,990,validation
0.00067239057,0.00016687343,0.9987607,2.9095874e-05,0.00010206899,4.0681785e-05,5.4140237e-05,0.00017402439,991,validation
0.0006108534,0.0013131818,0.030110316,0.8460629,0.0024872671,0.028735127,0.087091744,0.003588696,992,validation
0.9980983,0.00048497284,0.0011128375,3.5462694e-05,3.2311855e-05,6.336939e-05,8.270722e-05,8.99525e-05,993,validation
0.0003355393,0.000240087,0.99885786,3.8926115e-05,0.0002001683,0.00010083753,3.7203477e-05,0.00018949495,994,validation
0.00025897613,0.00018713593,0.9991316,2.7809518e-05,0.00016351264,4.8198777e-05,3.102142e-05,0.0001517897,995,validation
0.0016501403,0.022086004,0.0015050498,0.0010721699,0.019034328,0.09882074,0.0040039904,0.85182756,996,validation
0.00056527636,0.00018540391,0.9988752,2.5914296e-05,9.8749966e-05,3.9002716e-05,3.9480798e-05,0.0001708024,997,validation
0.9958967,0.00074953586,0.0029086159,7.052374e-05,4.3433294e-05,8.532844e-05,0.000116421106,0.00012946707,998,validation
0.0005839009,0.00041651665,0.9982911,5.3535816e-05,0.0002337278,8.831379e-05,6.771144e-05,0.0002650929,999,validation
0.0003946823,0.00020868274,0.99881786,3.251165e-05,0.0002198511,9.3496084e-05,4.0035306e-05,0.00019294882,1000,validation
0.0020170393,0.00246529,0.00018413858,0.003928949,0.0010169608,0.00022929971,0.98746324,0.002695093,1001,validation
0.99886036,0.0004928047,0.00039013554,3.6396756e-05,2.1960073e-05,6.5296845e-05,7.513041e-05,5.8077712e-05,1002,validation
0.997279,0.0011225354,0.00080130476,6.533288e-05,7.1302624e-05,0.00019303832,0.00017925513,0.0002882416,1003,validation
0.9962287,0.001984907,0.00097112154,0.0001534311,0.00014830433,0.00028327265,0.00011585607,0.000114351795,1004,validation
0.00034995176,0.00027204712,0.9988632,2.8364617e-05,0.00020332915,5.1000105e-05,4.4214637e-05,0.00018781895,1005,validation
0.99310523,0.003916543,0.0017023479,0.00012836486,9.014772e-05,0.00034180097,0.00030909374,0.00040656832,1006,validation
0.0005785185,0.00033793686,0.9982224,5.6508532e-05,0.00020643386,9.014868e-05,7.098561e-05,0.00043706718,1007,validation
0.9984397,0.00051100756,0.00082380977,3.2348904e-05,2.0158872e-05,4.939477e-05,6.457339e-05,5.9064383e-05,1008,validation
