0,1,2,3,4,5,6,7,identifier,split
0.9969489,0.00049798854,6.87527e-05,1.4719305e-05,0.0012514429,0.00041297497,0.0007779795,2.7173932e-05,0,test
0.9973888,0.0004346478,7.8134595e-05,9.725969e-06,0.0009001161,0.00044718193,0.0007110821,3.0431287e-05,1,test
0.006707661,0.006038217,0.006063133,0.0011499425,0.003037453,0.9689396,0.0022087216,0.0058553126,2,test
0.0072792005,0.0031655321,0.009715802,0.0017507565,0.0057590436,0.9683195,0.0029223345,0.0010878614,3,test
0.9972,0.00049027597,0.00010961461,9.875283e-06,0.00097230065,0.0006187702,0.0005666146,3.2503063e-05,4,test
0.00027133813,0.00047794604,0.996567,0.00026012363,0.00038879924,0.00019948253,0.0017003835,0.0001348769,5,test
0.00022064571,0.0006011146,0.9967673,0.00022695068,0.0004443032,0.0001778686,0.0014325517,0.00012931372,6,test
0.00025859982,0.0005138439,0.996018,0.00031250648,0.00051911984,0.00021341148,0.002052461,0.00011212465,7,test
0.992855,0.0025325613,0.00050663156,1.4289387e-05,0.001954313,0.0011990133,0.0008385815,9.959711e-05,8,test
0.00029546247,0.00051015004,0.99607915,0.0003091389,0.00046688938,0.00018131135,0.0020139406,0.00014389545,9,test
0.0002431509,0.0004470343,0.9967025,0.00028761517,0.00038097368,0.00014990997,0.0016701537,0.00011863595,10,test
0.00027011166,0.00057570456,0.996407,0.00020118704,0.0006056345,0.00015945954,0.001662962,0.00011791238,11,test
0.99701995,0.00049584854,9.4795854e-05,1.1241596e-05,0.00089719717,0.00073394657,0.0007080912,3.891082e-05,12,test
0.99725276,0.0005004171,7.723307e-05,8.905249e-06,0.0011388576,0.00048228932,0.00051588315,2.3634793e-05,13,test
0.00033797737,0.0006009612,0.99600935,0.00035315857,0.0005233221,0.00019662111,0.0018370869,0.00014154945,14,test
0.000246682,0.0005586779,0.99667895,0.00021040313,0.0004437227,0.00018448004,0.0015228308,0.00015421414,15,test
0.00022567835,0.00070421764,0.99578863,0.00032297504,0.00064431195,0.00019446974,0.0019748765,0.0001447662,16,test
0.0002332496,0.00035052665,0.9969062,0.00029237504,0.0004466524,0.00017466373,0.0015071335,8.922158e-05,17,test
0.99295956,0.0023179934,0.00048931164,1.33008625e-05,0.0020387229,0.001340496,0.00074866466,9.192793e-05,18,test
0.051316842,0.011457103,0.021878581,0.0036552807,0.03626844,0.8634541,0.0042717266,0.0076978565,19,test
0.99608636,0.0007535824,0.00017003453,1.3088393e-05,0.0010754874,0.0009970691,0.0008461998,5.8254773e-05,20,test
0.069209084,0.007168342,0.88438666,0.0010222367,0.010483673,0.0055571604,0.020515809,0.0016570432,21,test
0.99701357,0.00044067265,5.0553223e-05,1.1845638e-05,0.0014401596,0.000336728,0.0006760867,3.0376385e-05,22,test
0.00027410893,0.0005315213,0.99689806,0.00022372948,0.00040419673,0.00017405354,0.0013458027,0.00014839378,23,test
0.0011711391,0.00079405797,0.0011727015,5.4622237e-06,0.00047803205,0.00028781733,0.0026664624,0.9934244,24,test
0.00034354776,0.0006507222,0.99611413,0.00027918493,0.00062439614,0.00023737585,0.0016312799,0.000119328775,25,test
0.00027553475,0.00072579127,0.996214,0.0002673563,0.0005471603,0.00020702594,0.0016067999,0.00015638825,26,test
0.00023171034,0.00054660806,0.9965939,0.0002887262,0.00043217422,0.00015878148,0.0016226654,0.00012554372,27,test
0.00024605912,0.0006558868,0.9962037,0.00032884488,0.00049785647,0.00018524994,0.0017521416,0.00013030718,28,test
0.00020567466,0.00053790206,0.996545,0.00027624416,0.0004147796,0.00018715,0.0016823146,0.00015087555,29,test
0.9971998,0.00053560914,6.193667e-05,1.022324e-05,0.0010981872,0.00054008345,0.0005256246,2.8575916e-05,30,test
0.0003594796,0.00075510546,0.99574786,0.0003299343,0.00065286295,0.000268518,0.0017283654,0.0001580176,31,test
0.00016147872,4.9186617e-08,2.2847511e-05,2.6662761e-05,2.1328183e-06,1.0020126e-07,0.9997559,3.0802767e-05,32,test
0.00021914978,0.00052263465,0.99644667,0.00031473654,0.0005238952,0.00015114176,0.001732397,8.949876e-05,33,test
0.0002468551,0.00059620704,0.9963601,0.0003129106,0.00044717296,0.00018704588,0.0016973267,0.00015243515,34,test
0.00030853227,0.0006498294,0.99626166,0.00029227772,0.0004571029,0.00020750867,0.0016632063,0.00015984278,35,test
0.0003129686,0.00065695506,0.99597377,0.00035491626,0.0005861408,0.00024666905,0.0017256171,0.00014288598,36,test
0.00027926918,0.0004041441,0.99653447,0.00032121805,0.00041811867,0.00014500706,0.001796371,0.00010147482,37,test
0.0003215137,0.000611901,0.9962947,0.00026833004,0.0004861536,0.00020242622,0.0016650548,0.00015007904,38,test
0.9974517,0.00044258716,5.0002764e-05,5.5617625e-06,0.0010629114,0.00058306346,0.00038476463,1.9443753e-05,39,test
0.9945885,0.0008756724,0.00019160373,2.3651723e-05,0.0017487062,0.0010991471,0.0013887275,8.396547e-05,40,test
0.9978823,0.00034222542,5.9189864e-05,8.2158385e-06,0.0006237773,0.00047068004,0.0005883604,2.5141928e-05,41,test
0.0002258988,0.0005827231,0.996478,0.00025359006,0.00051097013,0.00018476821,0.001607872,0.00015620119,42,test
0.0003120608,0.0006734303,0.9961553,0.0002995818,0.0005735381,0.00022014948,0.0016344276,0.00013152898,43,test
0.99639773,0.00061010453,0.000111470195,1.4320163e-05,0.0012103328,0.00076404004,0.00083963014,5.228625e-05,44,test
0.0003856787,0.0006521193,0.9962967,0.0003478541,0.0004435891,0.00020123403,0.0015173559,0.00015552978,45,test
0.000209384,0.00062473095,0.99634415,0.0003387138,0.0005301547,0.00017565607,0.0016549516,0.00012225893,46,test
0.0011926352,0.0012460765,0.0013993458,6.814444e-06,0.00045867576,0.0004921412,0.0019815813,0.9932226,47,test
0.99733573,0.000462293,7.0970316e-05,9.979821e-06,0.0009860271,0.0004517212,0.0006559543,2.7429347e-05,48,test
0.00028645093,0.0005449217,0.9963887,0.0002958783,0.000456564,0.00018112827,0.0017306169,0.00011587689,49,test
0.0002899329,0.0007174075,0.9958009,0.00036703915,0.00070713426,0.00023488038,0.0017395843,0.00014312725,50,test
0.00045365863,0.0006267182,0.99539423,0.00041773383,0.0006031961,0.00019861184,0.002136462,0.00016936196,51,test
0.0003305481,0.0006802231,0.996236,0.00021614147,0.00052176754,0.00018590245,0.0016785386,0.00015078908,52,test
0.99301857,0.0013654773,0.0005376602,2.551888e-05,0.0017724158,0.0017090937,0.0014043037,0.00016686898,53,test
0.00024641684,0.00062045944,0.99640346,0.0003121034,0.00054118485,0.00015788735,0.0015975252,0.00012103322,54,test
0.00021693038,0.0004959779,0.9970385,0.00019266037,0.0003666787,0.00018114447,0.0013724393,0.0001357188,55,test
0.99625576,0.0007223683,0.0001371543,1.3341363e-05,0.001374123,0.0006480049,0.0008113939,3.7850183e-05,56,test
0.00027141994,0.0005239341,0.99698347,0.00022508092,0.00038094987,0.00019064061,0.0012794655,0.00014508,57,test
0.0011377123,0.00010077001,0.0003268163,3.8185583e-05,0.99801195,4.7095018e-05,0.00017099513,0.00016649901,58,test
0.8698438,0.008724502,0.0688261,0.00069372775,0.010536192,0.007966609,0.031023473,0.0023856878,59,test
0.0003831486,0.00055399275,0.995462,0.00040107992,0.00076338544,0.000264099,0.002040836,0.0001314185,60,test
0.0018211805,0.0008889503,0.98707855,0.00039220325,0.0016476759,0.00057128887,0.0070188562,0.00058124796,61,test
0.00019529791,0.00048053107,0.9965229,0.000348739,0.0005220646,0.00018558378,0.0016513083,9.345481e-05,62,test
0.00022727788,0.0005312732,0.9966871,0.00030013645,0.00044253477,0.00017375452,0.001514967,0.00012297786,63,test
0.0003045715,0.0005918987,0.9961475,0.00028938317,0.00048782746,0.00017199888,0.0018386474,0.0001682337,64,test
0.00042013917,0.0007913728,0.99524707,0.0004979746,0.0007124536,0.00025859487,0.0019358167,0.00013671785,65,test
0.00028284165,0.000460202,0.99664634,0.00025847857,0.00043869606,0.00017711803,0.0016061518,0.00013017312,66,test
0.0002472478,0.0005633251,0.99683124,0.00021576034,0.00043304166,0.00018317682,0.001379992,0.00014617352,67,test
0.0028643738,0.0019599725,0.0018304548,2.1399e-05,0.001727016,0.00061865454,0.005767576,0.9852106,68,test
0.00035378238,0.00070324255,0.9957782,0.00031115382,0.0004983026,0.00021153828,0.0019636422,0.00018010296,69,test
0.9972602,0.0004506941,6.7089146e-05,1.1341728e-05,0.0009787047,0.00045956,0.00074105454,3.1190724e-05,70,test
0.00022162047,0.0005990271,0.9965849,0.00031220846,0.00050976523,0.0001614425,0.0014957929,0.00011518052,71,test
0.997544,0.00040795654,5.6295532e-05,1.0498245e-05,0.0009429643,0.0003993004,0.00061371335,2.5289346e-05,72,test
0.0001781286,0.0003787121,0.9970036,0.00028171449,0.00035901935,0.00017162428,0.0015467303,8.050476e-05,73,test
0.4665035,0.051554907,0.007625951,0.00154943,0.037690025,0.4078153,0.013744445,0.013516484,74,test
0.01307674,0.9686257,0.006549176,1.7525123e-05,0.0028052474,0.0010694518,0.00035353322,0.007502561,75,test
0.0017147193,0.0010006134,0.0011649226,9.849302e-06,0.0007565826,0.0004381164,0.00375786,0.9911574,76,test
0.7224974,0.009505734,0.18807226,0.0011889575,0.014833111,0.0146980025,0.04343797,0.0057665557,77,test
0.997341,0.00039376813,7.411078e-05,1.0414725e-05,0.0008418993,0.00039977787,0.0009077424,3.134611e-05,78,test
0.015443041,0.96779543,0.005828471,1.8310762e-05,0.0027184563,0.0010404368,0.00040686646,0.0067489143,79,test
0.00027801207,0.0007053905,0.9961481,0.00031412626,0.00051694346,0.00021166852,0.0016676724,0.00015804164,80,test
0.00089239824,7.2808674e-05,0.00020058805,2.7284488e-05,0.99845743,2.03631e-05,0.00016812829,0.00016092838,81,test
0.9974764,0.00037107847,4.805862e-05,1.0833767e-05,0.0009269644,0.0005250051,0.0006150805,2.652579e-05,82,test
0.99600756,0.0005858317,8.916462e-05,1.5076636e-05,0.0015183318,0.0008916012,0.00085743587,3.4948283e-05,83,test
0.9974776,0.0005125853,5.9432336e-05,6.4673072e-06,0.000979839,0.000500375,0.00043925527,2.4488709e-05,84,test
0.0037110732,0.0004356735,0.0017708575,0.00042930897,0.99083686,0.0009601871,0.001128793,0.0007272206,85,test
0.9972077,0.00036767178,6.0565544e-05,7.3860324e-06,0.0009961602,0.00060867367,0.00071776187,3.4112792e-05,86,test
0.99612075,0.0006152589,0.0001114964,1.3754024e-05,0.0016905079,0.0005337044,0.0008754805,3.9023267e-05,87,test
0.00022761819,0.0006068065,0.9963696,0.0003053104,0.00043237023,0.00017402333,0.0017359403,0.00014828004,88,test
0.9970536,0.0005030898,7.6507575e-05,1.2403531e-05,0.0009551042,0.0006411493,0.0007246193,3.3439337e-05,89,test
0.00032154156,0.00064734236,0.9961559,0.0003051506,0.000647489,0.00023101797,0.0015764766,0.00011516565,90,test
0.00026866785,0.00065965205,0.996216,0.00030026192,0.00050865934,0.00022151774,0.0016649677,0.00016030074,91,test
0.00029138787,0.00064159435,0.99651235,0.00021241397,0.00044907376,0.00019811907,0.001526555,0.00016854942,92,test
0.99693775,0.0004822931,8.060037e-05,1.3721056e-05,0.0010656377,0.0005867399,0.00079822005,3.5034773e-05,93,test
0.99720407,0.00037875862,7.4913325e-05,1.2798924e-05,0.00096144713,0.00058048056,0.00075652095,3.1050193e-05,94,test
0.00026658067,0.0005897766,0.99629706,0.0002713756,0.0004597754,0.00020393246,0.0017543557,0.00015717225,95,test
0.0003224287,0.0005084573,0.99614465,0.00032152535,0.0004878549,0.00020092816,0.0018874735,0.00012670821,96,test
0.013861543,0.96868616,0.0062479735,1.8860588e-05,0.0027276417,0.0009550427,0.00036972025,0.007133215,97,test
0.003773401,0.0009685689,0.00086030783,0.00010781168,0.00087927264,0.99277884,0.00026693317,0.00036486884,98,test
0.99725974,0.0005085008,0.00010798754,1.0415058e-05,0.0007509438,0.0005834832,0.0007412822,3.7599322e-05,99,test
0.997551,0.0003376081,6.137106e-05,1.0757502e-05,0.0008693582,0.00046379192,0.0006811213,2.4877085e-05,100,test
0.00026715736,0.0006577598,0.9965078,0.00025457444,0.00051499414,0.00017850775,0.0014712543,0.0001479548,101,test
0.00027965356,0.00071203563,0.9961831,0.00030191857,0.00051722344,0.00020881619,0.0016406191,0.00015673653,102,test
0.004561332,0.0024641051,0.0014603357,0.00039897874,0.0022364282,0.9867698,0.0007151723,0.0013938721,103,test
0.019074792,0.7335717,0.03090116,0.0008221774,0.018272238,0.011201522,0.006383488,0.17977294,104,test
0.0016706064,0.003307695,0.0028922735,1.9920311e-05,0.0014553345,0.0008396748,0.0028139548,0.9870006,105,test
0.0010323189,7.2416115e-05,0.00016202251,2.8391516e-05,0.99837554,2.568906e-05,0.00015538695,0.00014817147,106,test
0.00032518548,0.00059291464,0.9956453,0.00022030846,0.00044348004,0.00024148409,0.002345074,0.00018630909,107,test
0.0014423796,0.0009183351,0.0013138446,9.602708e-06,0.00061973644,0.00040703488,0.0034993913,0.9917897,108,test
0.0040946053,0.002230555,0.002122615,0.00021449615,0.0010480959,0.9869802,0.000814598,0.002494908,109,test
0.000268665,0.00063741213,0.99658185,0.0002580749,0.0004374601,0.00021662848,0.0014389588,0.00016098355,110,test
0.9109971,0.0051853587,0.044393126,0.00033590198,0.005523206,0.008838641,0.023470031,0.0012565297,111,test
0.995812,0.0006359617,0.00011645674,1.2596066e-05,0.0016152752,0.00083426514,0.0009204468,5.289282e-05,112,test
0.00026778897,0.00038845008,0.9961773,0.00031890377,0.00046599322,0.00017685512,0.0020974295,0.00010724401,113,test
0.00023699935,0.00054876955,0.9968388,0.00017742698,0.00040634535,0.0001844931,0.0014323737,0.00017478521,114,test
0.9952485,0.0007770657,0.00022683405,1.6807826e-05,0.0012514943,0.0012233361,0.0011548585,0.00010120961,115,test
0.025912507,0.020359797,0.73928475,0.001410258,0.010378772,0.17513227,0.019337952,0.008183702,116,test
0.99700874,0.0004670288,6.856176e-05,1.2605118e-05,0.0010666875,0.00043717778,0.00090557185,3.36123e-05,117,test
0.9970823,0.00040776056,6.44899e-05,1.2350253e-05,0.0011245473,0.00052221405,0.00075895665,2.7377955e-05,118,test
0.9972253,0.00050148414,7.9732374e-05,9.620243e-06,0.000950826,0.00056655274,0.0006335998,3.2944765e-05,119,test
0.01493462,0.016397223,0.016185578,0.00038269348,0.0046677105,0.21246667,0.01124707,0.72371835,120,test
0.0002605638,0.00056398386,0.99689484,0.00017543299,0.00058443734,0.00023862114,0.001118938,0.00016319062,121,test
0.0003388066,0.0006419645,0.9960038,0.00029399883,0.0009656619,0.0003125136,0.0013108245,0.00013241156,122,test
0.9972473,0.00041376043,7.839384e-05,7.481772e-06,0.00078512763,0.0009576682,0.00048211333,2.8187835e-05,123,test
0.08144983,0.050920498,0.079290465,0.00810706,0.35168356,0.14974193,0.039004754,0.23980185,124,test
0.99743986,0.00037955557,5.340606e-05,7.3820256e-06,0.0010607468,0.00064895203,0.00039115417,1.8906909e-05,125,test
0.0003644645,0.0007054458,0.99634546,0.00024504776,0.00065561576,0.00024948182,0.0012258892,0.00020870825,126,test
0.99784565,0.0003111511,3.538518e-05,6.6070183e-06,0.00076781685,0.0005697287,0.0004457121,1.8016297e-05,127,test
0.00031112786,0.00060366275,0.9962442,0.00033698388,0.00071873405,0.0002969188,0.0013113897,0.00017700587,128,test
0.0003255733,0.0005118544,0.99682873,0.0001981015,0.00058394566,0.00023780069,0.0011712017,0.00014280218,129,test
0.00023688684,0.00064872747,0.996416,0.00018974367,0.0007922017,0.00022708869,0.0013097059,0.00017957512,130,test
0.00029272298,0.00050381146,0.99555814,0.00024247808,0.0009367131,0.00025960692,0.0020516515,0.0001548966,131,test
0.99774975,0.00037673427,4.5132703e-05,6.7674555e-06,0.00082595006,0.0005414419,0.00043645233,1.7816272e-05,132,test
0.00028593626,0.00068330235,0.9961391,0.00021271728,0.0009452902,0.0002998799,0.0012820519,0.0001517283,133,test
0.0002826518,0.00053870806,0.9968677,0.00024216594,0.0005373286,0.0002275839,0.0011251116,0.00017876031,134,test
0.9112775,0.07267896,0.0029899587,2.1655842e-05,0.008983142,0.0025514972,0.0009236262,0.00057360827,135,test
0.00023811938,0.0003889317,0.99704105,0.00016406695,0.00059382967,0.000166233,0.0012940408,0.000113676426,136,test
0.00027874057,0.00049925817,0.9966698,0.00019645262,0.0005954464,0.00021161887,0.001396385,0.00015222681,137,test
0.00024192338,0.00048881915,0.9969049,0.00019398256,0.00059002644,0.0002262783,0.0012180291,0.00013602313,138,test
0.00027634818,0.0005844107,0.9966227,0.00019428805,0.0006847806,0.0002585114,0.0011993352,0.00017958258,139,test
0.0002982895,0.00062267104,0.99612695,0.00020394682,0.00071119744,0.00025387405,0.0015515925,0.00023157196,140,test
0.997747,0.0003607201,4.9142236e-05,6.1491005e-06,0.0006699064,0.0006978891,0.0004467783,2.241977e-05,141,test
0.0003176736,0.00072721485,0.99575484,0.00034385215,0.0010925635,0.00030522735,0.0013402462,0.000118462005,142,test
0.00021356331,0.00050716545,0.99680746,0.0002049934,0.00072883035,0.00020616819,0.001199478,0.0001323301,143,test
0.99707043,0.00045407948,8.730049e-05,9.768713e-06,0.0010857952,0.00065579603,0.0006135764,2.3226563e-05,144,test
0.000385397,0.00049660594,0.9961825,0.0002779591,0.00084794784,0.00026541034,0.001424247,0.00011990337,145,test
0.011396173,0.9728863,0.005805434,1.3470235e-05,0.0023685705,0.0008925105,0.0002821488,0.0063553415,146,test
0.00026006135,0.0006387848,0.99663806,0.00017323374,0.0006666445,0.00024100371,0.0011984231,0.00018380868,147,test
0.00028131958,0.000646536,0.996516,0.00023035401,0.0006409405,0.00026404375,0.0012286708,0.00019199519,148,test
0.99774903,0.00040045052,3.7853162e-05,5.356267e-06,0.0009594238,0.00049344014,0.00033914775,1.534366e-05,149,test
0.99304056,0.0007732609,0.00021639728,2.283651e-05,0.0025110631,0.0019798912,0.0013916612,6.4266416e-05,150,test
0.9971541,0.0003861437,6.5511435e-05,8.411189e-06,0.0012538583,0.00060666463,0.00050635653,1.8890627e-05,151,test
0.9973195,0.00029668421,4.5912122e-05,1.0434802e-05,0.0011580803,0.0005371878,0.0006136966,1.843721e-05,152,test
0.9946273,0.0006437647,0.00018748,1.558349e-05,0.0012867063,0.0018998504,0.001251145,8.8233784e-05,153,test
0.0003871886,0.00082202605,0.99583995,0.00026077384,0.0007645304,0.00026577417,0.0014578014,0.00020189147,154,test
0.0002820529,0.0004946664,0.9968495,0.0001753601,0.0006266677,0.00023603762,0.001216884,0.000118899465,155,test
0.009721418,0.972843,0.0068778167,1.2757781e-05,0.002079866,0.0010376129,0.00023611882,0.007191394,156,test
0.99742836,0.0004902543,6.263028e-05,6.7289784e-06,0.000710974,0.0008293335,0.0004443802,2.7359027e-05,157,test
0.9866894,0.0017134042,0.002671243,6.595975e-05,0.0024001668,0.0038148123,0.0023909798,0.00025395956,158,test
0.00024990807,0.00049367186,0.9971373,0.000113339025,0.0005481912,0.00026027052,0.0010187546,0.00017860228,159,test
0.0020388355,0.00056503416,0.00061560306,7.731712e-05,0.0006191032,0.9956027,0.00023240782,0.0002489594,160,test
0.0010016537,0.0009871124,0.001328938,5.9873337e-06,0.0009247841,0.00030268432,0.002097348,0.9933515,161,test
0.99751294,0.00040660228,5.6976587e-05,7.204194e-06,0.0008404669,0.00067623536,0.0004764008,2.32273e-05,162,test
0.99660814,0.0005620084,8.2387385e-05,9.70029e-06,0.0010183809,0.0010779992,0.00060240016,3.8938953e-05,163,test
0.00043992393,0.0006662412,0.99569184,0.00023098434,0.0008615909,0.0003397093,0.0015735761,0.00019618594,164,test
0.00025732018,0.0005312837,0.9965514,0.00024242965,0.0006556932,0.0002103104,0.0014219746,0.00012953588,165,test
0.0012151087,4.828197e-05,0.00014929332,2.1379337e-05,0.9983595,3.0339372e-05,9.9797e-05,7.622648e-05,166,test
0.000551861,0.0004877319,0.00095913385,1.9751567e-06,0.0003850785,0.00015928177,0.0013429619,0.9961119,167,test
0.00026331077,0.00062646053,0.9962548,0.00022598263,0.00077593507,0.0002599839,0.0014189867,0.00017449867,168,test
0.00035077904,0.00054576364,0.99668115,0.00022055283,0.0006061262,0.00022546569,0.0012080511,0.0001620021,169,test
0.0022858814,4.6626254e-05,0.004182047,0.0021134606,0.0010405402,3.1596475e-05,0.983982,0.0063177804,170,test
0.0002040694,0.00061068364,0.99629694,0.00024837363,0.00082765165,0.00024463912,0.0014433936,0.00012424056,171,test
0.00024870908,0.0004434171,0.99719256,0.00015577342,0.00051816984,0.00023248677,0.0010619345,0.00014702187,172,test
0.9972197,0.0005006933,7.365985e-05,9.537227e-06,0.001078017,0.00063051615,0.00046585748,2.2117058e-05,173,test
0.9955112,0.00061450066,8.858076e-05,1.510659e-05,0.0017615565,0.0010470743,0.00090757705,5.43961e-05,174,test
0.0002951745,0.0006433556,0.9957681,0.00027775843,0.00095159997,0.00023735246,0.0017138855,0.000112873604,175,test
0.0002479478,0.00056617265,0.9969535,0.00012184958,0.00060221564,0.00022639941,0.0011201825,0.00016190378,176,test
0.0024195127,0.000265871,0.00037644932,0.00013101734,0.00037182073,0.9960224,0.00023353648,0.00017943521,177,test
0.9977182,0.0003388363,4.6290224e-05,8.555868e-06,0.0007475251,0.00062013825,0.0005016792,1.8786333e-05,178,test
0.00035936356,0.00066050724,0.9959501,0.000222438,0.0007472824,0.00021927153,0.0015923769,0.00024867392,179,test
0.99617624,0.0006948795,9.664382e-05,1.0160037e-05,0.0014611476,0.0007835951,0.0007317065,4.5708766e-05,180,test
0.001394659,0.0007921755,0.0014774874,8.098924e-06,0.0006692059,0.00035283662,0.0036831605,0.99162227,181,test
0.00022036204,0.0005690262,0.9966162,0.0001695909,0.00071803626,0.00025090697,0.0012799739,0.00017586295,182,test
0.00023501771,0.000527862,0.9969505,0.00019029753,0.0005931249,0.00019833705,0.0011497329,0.00015515437,183,test
0.99761474,0.0003523882,4.2568743e-05,9.237728e-06,0.0009434661,0.00048583958,0.0005343738,1.747831e-05,184,test
0.0002333638,0.00059752096,0.99655485,0.00020605246,0.0007632752,0.00021335999,0.0012747132,0.00015696422,185,test
0.99721414,0.00041573314,4.7280988e-05,7.750318e-06,0.0010713784,0.00081348215,0.00041041037,1.9892763e-05,186,test
0.00031818522,0.00065223745,0.99493426,0.0001769747,0.00078212377,0.00027564174,0.0026034892,0.00025710603,187,test
0.00043677256,4.9927086e-05,0.00029161523,1.5743024e-05,0.9989318,1.6342265e-05,9.8908626e-05,0.00015894024,188,test
0.0004716246,0.0014041625,0.9845925,0.00056881434,0.009092446,0.0005110279,0.003111709,0.0002477518,189,test
0.00025357175,0.0006933506,0.9962568,0.00025752565,0.0008488444,0.0002327123,0.0012878167,0.00016933068,190,test
0.99604994,0.0006014192,8.238185e-05,1.0208921e-05,0.002078574,0.0006864281,0.00046776657,2.3431494e-05,191,test
0.9976987,0.00035079528,5.4308846e-05,7.92476e-06,0.0007489565,0.00061283546,0.0005061636,2.0399522e-05,192,test
0.0017226813,0.00027437723,0.000353583,6.2861924e-05,0.00023913491,0.99700254,0.00019099383,0.00015380837,193,test
0.0008292282,0.00045943452,0.0011001817,3.889762e-06,0.00049277954,0.0001862479,0.0024704188,0.9944577,194,test
0.00028284968,0.00058931735,0.9967534,0.00020501103,0.00066875503,0.0002450691,0.0011358935,0.00011961084,195,test
0.00034995662,0.0004654346,0.9960014,0.00028959443,0.0007462879,0.00025459315,0.0017454689,0.00014721377,196,test
0.029203176,0.009294386,0.02428751,0.014719546,0.23909728,0.66176194,0.017383415,0.0042528496,197,test
0.99718577,0.00048509001,7.423371e-05,7.3847427e-06,0.0012296062,0.00055235345,0.0004454785,2.00876e-05,198,test
0.00018339195,0.0004947025,0.9969127,0.00019817166,0.0006687353,0.00019594116,0.0012354632,0.00011085848,199,test
0.00031117813,0.00057675055,0.99577904,0.0003573922,0.000752793,0.00024398598,0.0018222481,0.0001566413,200,test
0.00024744874,0.0005558443,0.99664956,0.00026236413,0.0006290449,0.00022052563,0.0012801756,0.00015509539,201,test
0.00021105277,0.00055349036,0.9962889,0.00029138033,0.0009032729,0.00021010528,0.0014100416,0.00013182391,202,test
0.0003493608,0.00085008267,0.9950257,0.00032770232,0.0010329006,0.00030024542,0.0019889886,0.00012502074,203,test
0.00021126827,0.0006017009,0.9968041,0.00020862141,0.0006771192,0.00021615092,0.0011231984,0.00015788441,204,test
0.9977144,0.00034689836,4.2931093e-05,6.430234e-06,0.00093624974,0.00058119925,0.00035578126,1.6186617e-05,205,test
0.00027647204,0.0007207591,0.99622726,0.00022559396,0.0007649832,0.0002856854,0.0013156885,0.00018354692,206,test
0.000708367,0.0010324765,0.9942264,0.00023216935,0.0011474575,0.00042525452,0.0020030213,0.00022489902,207,test
0.00027461536,0.00054970785,0.99670947,0.00016612654,0.00061837124,0.00026019136,0.0012640211,0.00015743973,208,test
0.997378,0.00035994384,4.0277613e-05,1.1010867e-05,0.0011514495,0.00047022913,0.00056918315,1.9982952e-05,209,test
0.009147373,0.0021320318,0.9707371,0.0002493664,0.0019807538,0.0021558513,0.011049549,0.0025479754,210,test
0.9970861,0.00046276278,6.7912595e-05,1.0149251e-05,0.0011693035,0.0005202937,0.0006609291,2.2646072e-05,211,test
0.00025488774,0.0006254677,0.9968953,0.00020438056,0.00063671183,0.00021646921,0.0009843475,0.0001823488,212,test
0.9975205,0.00038277433,3.716288e-05,6.784276e-06,0.000930737,0.0006952982,0.0004078028,1.8939569e-05,213,test
0.0018723852,0.00073359185,0.00053622405,3.6064393e-05,0.00047557295,0.9958878,0.00017870657,0.00027976642,214,test
0.00025004716,0.00067981204,0.99650455,0.0002184149,0.0008457187,0.00022656782,0.0011321456,0.0001428181,215,test
0.00026920246,0.00065835833,0.99637324,0.00023842556,0.0007793715,0.00022756367,0.0013088799,0.00014486419,216,test
0.010873128,0.9738265,0.0056349626,1.30642675e-05,0.0024207549,0.00084367156,0.0003039375,0.0060840044,217,test
0.9974976,0.00032702475,5.506178e-05,6.7773635e-06,0.0010196355,0.0005819506,0.00049344095,1.8430059e-05,218,test
0.00021458672,0.00050491095,0.9968177,0.00030295824,0.0006499237,0.0001677648,0.0012276049,0.00011452835,219,test
0.00071721355,0.0010907552,0.99378115,0.00035383092,0.0013893403,0.0005209345,0.0019017113,0.00024498743,220,test
0.9979569,0.00033411192,3.4927165e-05,5.7940106e-06,0.0008029365,0.00043710094,0.0004117846,1.6486047e-05,221,test
0.0003083888,0.00059140974,0.99618787,0.000288353,0.0007244905,0.0002768957,0.0014537825,0.00016871757,222,test
0.00028835406,0.0005958785,0.99620396,0.00033257468,0.0008050531,0.0002634468,0.0013804815,0.0001303036,223,test
0.020312432,0.0019215763,0.004361051,0.0014645214,0.9483635,0.020213045,0.0023019211,0.0010619562,224,test
0.99778736,0.0003378704,3.8868013e-05,8.352601e-06,0.00086801726,0.000467466,0.00047506668,1.692206e-05,225,test
0.00025568734,0.000577064,0.99667513,0.00024079627,0.0006504671,0.00021382864,0.0012807512,0.00010623948,226,test
0.00027349548,0.0006845778,0.99643207,0.00020516769,0.0007232686,0.0002504853,0.0012611941,0.0001696762,227,test
0.00030413675,2.5126985e-07,0.00010188247,4.795791e-05,1.08912645e-05,4.8313717e-07,0.9994487,8.5648695e-05,228,test
0.00022914527,0.000650032,0.9962549,0.00021373136,0.0010582235,0.0002363393,0.001239355,0.00011817366,229,test
0.0003744078,0.0012942082,0.9953981,0.00014631932,0.000910189,0.00041694505,0.0012637131,0.00019607102,230,test
0.00031127955,0.00070558547,0.9961958,0.0002485434,0.0007173635,0.00025829888,0.0013819112,0.00018120551,231,test
0.99287885,0.0031376772,0.00032570673,8.367565e-06,0.0020704502,0.0010791122,0.00043190198,6.783978e-05,232,test
0.9897196,0.0016762489,0.0010849282,4.144524e-05,0.0022399041,0.003532641,0.0015681771,0.00013698605,233,test
0.000949396,7.8372286e-05,0.00036368097,4.6091103e-05,0.99813,5.316074e-05,0.00018315959,0.00019615742,234,test
0.9979151,0.00034516913,5.0036917e-05,5.872493e-06,0.0007023386,0.00056587945,0.00039740527,1.8272754e-05,235,test
0.99774265,0.0003569133,4.063346e-05,8.8377e-06,0.000834339,0.0004549684,0.0005400668,2.1656655e-05,236,test
0.00047469154,0.00054235413,0.99570763,0.00026729028,0.00069973915,0.00030879796,0.0018355682,0.00016398715,237,test
0.00027819365,0.0006746062,0.99645174,0.00019761322,0.00071233057,0.0002825083,0.0012347059,0.00016833999,238,test
0.00021311158,0.0004940921,0.9971827,0.00014339818,0.0004919617,0.00022348306,0.0010878479,0.00016345833,239,test
0.9977895,0.00040038297,3.4274257e-05,3.891841e-06,0.0007755633,0.00063468155,0.00034108126,2.0670388e-05,240,test
0.0026136443,0.00017204414,0.009549885,0.9736666,0.006258755,0.002873126,0.0047195605,0.00014640963,241,test
0.99647105,0.0006246764,4.6590565e-05,8.4334815e-06,0.0013827368,0.0009381583,0.0005004689,2.8035356e-05,242,test
0.002654395,0.00041264127,0.0020466587,0.00013693175,0.9934627,0.000733941,0.00029385116,0.000258956,243,test
0.09794989,0.8652525,0.015980769,2.6876862e-05,0.0059398245,0.0057597794,0.00086096267,0.008229412,244,test
0.9974638,0.00035859467,3.8272497e-05,4.8552242e-06,0.0012051709,0.00047724767,0.00043678773,1.5322401e-05,245,test
0.9977762,0.00034308468,2.8155568e-05,4.1689336e-06,0.0009855045,0.0005587303,0.00029171404,1.2463634e-05,246,test
0.0004847402,0.0019285798,0.99292165,0.00027753742,0.001578592,0.0006472772,0.001772575,0.00038916402,247,test
0.013832299,0.95449555,0.009784996,3.0863208e-05,0.002517663,0.0032311268,0.00044671693,0.015660698,248,test
0.99564654,0.00063704385,6.400275e-05,1.2616777e-05,0.0021121139,0.00074819266,0.00074812985,3.136998e-05,249,test
0.9978582,0.00037376364,2.5393636e-05,2.903372e-06,0.00095284777,0.0005033803,0.00027067203,1.2840353e-05,250,test
0.99708027,0.0004953473,4.5048128e-05,5.9414238e-06,0.0012526605,0.0007455671,0.00035432182,2.0800137e-05,251,test
0.0005127328,0.0018786456,0.9931185,0.00029089444,0.0014422281,0.00056556426,0.0017983593,0.00039305704,252,test
0.00035622576,0.0016062205,0.9942264,0.00015657926,0.0011985849,0.0005770938,0.0015125374,0.00036638396,253,test
0.0005417701,0.0020021498,0.9925275,0.00027700292,0.0015764198,0.00073530746,0.0019168156,0.00042313882,254,test
0.0005146587,0.001363858,0.99379,0.00023109237,0.0013497045,0.00050517666,0.00189113,0.00035442863,255,test
0.00041659834,0.0020260734,0.9932941,0.00019565153,0.0014583373,0.00058674975,0.001592142,0.00043039437,256,test
0.9965586,0.0004731538,5.1636027e-05,9.010341e-06,0.001584041,0.0006650801,0.0006369935,2.139518e-05,257,test
0.0004778553,0.0017418308,0.99338865,0.0002919503,0.0014933285,0.000530781,0.0017027565,0.00037280523,258,test
0.021018714,0.0006823746,0.0033949062,0.0015483361,0.0013613311,0.00044309135,0.95449924,0.017052047,259,test
0.00040524782,0.0017050656,0.9941801,0.00014862964,0.0011567756,0.0005301279,0.0015373686,0.00033667986,260,test
0.012173943,0.0024951228,0.0055879806,0.00017873448,0.0027526394,0.0026412639,0.049649574,0.9245207,261,test
0.0067517026,8.281918e-05,0.0010431454,0.0004028084,0.00040543856,6.31176e-05,0.98375076,0.007500232,262,test
0.005994739,0.0010111632,0.0026211313,0.00025918172,0.98769313,0.0017637068,0.00039300285,0.00026406487,263,test
0.00050961244,0.0017706653,0.9927295,0.00021551015,0.001497677,0.00063476595,0.002323809,0.00031849215,264,test
0.00048035342,0.0016516583,0.99307173,0.00019948192,0.0013714775,0.00077655865,0.0020770333,0.00037164174,265,test
0.00044280876,0.0016097206,0.99398744,0.00018285782,0.0011102714,0.00061159633,0.0016300644,0.00042522588,266,test
0.0005458322,0.0019479815,0.99279857,0.00026447146,0.0015746955,0.00072214747,0.0016840169,0.00046232712,267,test
0.019477174,0.87834954,0.017276654,0.0001202413,0.004441319,0.027460717,0.0013320134,0.051542398,268,test
0.9974342,0.00035057668,3.5941026e-05,6.0710327e-06,0.0010995159,0.0005560565,0.00049876294,1.8950393e-05,269,test
0.9967084,0.0005729485,5.43523e-05,8.1231465e-06,0.0011770707,0.00094727345,0.00050013344,3.1590054e-05,270,test
0.0005165289,0.0013225175,0.9938421,0.00023397278,0.0012439701,0.00063931977,0.0018486464,0.0003528419,271,test
0.00078716426,0.002444862,0.9896108,0.0003356787,0.0021837146,0.0008806809,0.003384651,0.00037246358,272,test
0.0067462716,4.7142734e-05,0.0008231752,0.0002562169,0.00030029527,3.685196e-05,0.9865841,0.0052058888,273,test
0.9976599,0.0003371657,2.8157361e-05,5.3048484e-06,0.0011020736,0.0005031543,0.00035047065,1.3650517e-05,274,test
0.99762183,0.00035495558,2.4836132e-05,4.903989e-06,0.0011505844,0.00052188855,0.00030757353,1.3373476e-05,275,test
0.9938937,0.0014208867,0.0002069353,7.3824935e-06,0.0019101492,0.0017984657,0.0006952114,6.733575e-05,276,test
0.0005080533,0.0016807687,0.993634,0.00020541209,0.0013227824,0.00056485477,0.0016882104,0.00039588948,277,test
0.0004419165,0.0017269634,0.9932336,0.0002588442,0.0014436882,0.00061142194,0.0019716774,0.00031189807,278,test
0.97921443,0.0032760543,0.0005825941,0.00010256745,0.004637535,0.005804542,0.0049866093,0.0013955886,279,test
0.0005190116,0.0016340974,0.99405247,0.000119519376,0.0009622533,0.0006721558,0.0015960016,0.0004445531,280,test
0.00047623663,0.0019939046,0.99328727,0.0002027918,0.0013275,0.00056090794,0.0017099245,0.0004414797,281,test
0.0005133155,0.0016809762,0.9935762,0.00021703726,0.001192967,0.0005775257,0.0018864339,0.00035550413,282,test
0.997951,0.00031274886,2.148029e-05,3.1933969e-06,0.00095294724,0.00049512263,0.00025358857,1.0021983e-05,283,test
0.013604624,0.96718895,0.007247279,1.4555651e-05,0.0024769327,0.0018846926,0.00034393725,0.007239083,284,test
0.00058597943,0.00284391,0.9906461,0.00023378644,0.0021571582,0.00090727385,0.0020094395,0.0006163806,285,test
0.99676055,0.0004808201,5.900949e-05,6.786469e-06,0.0012975063,0.0008380259,0.0005274497,2.979791e-05,286,test
0.99731195,0.00047255552,3.8624108e-05,5.5032287e-06,0.0010843846,0.0007469973,0.00032196168,1.8015437e-05,287,test
0.9962825,0.0006163061,0.00010140883,1.1474124e-05,0.0013672617,0.0008937839,0.00069469895,3.2559674e-05,288,test
0.995937,0.0006108436,6.837021e-05,8.711234e-06,0.0020052318,0.00079769647,0.0005446423,2.7566164e-05,289,test
0.001134682,0.00010694948,9.7359574e-05,1.04836145e-05,0.00016777668,0.99833554,8.292554e-05,6.42972e-05,290,test
0.0017737155,0.00016308823,0.00014921268,1.0082221e-05,0.00011679023,0.9974425,0.00014885992,0.00019579884,291,test
0.00043594843,0.0017520492,0.993425,0.00023727772,0.0013567623,0.00060846726,0.0017543172,0.00043007318,292,test
0.00431072,0.0032927168,0.97902507,0.000344685,0.0037386117,0.001835377,0.006730332,0.0007224811,293,test
0.00039789657,0.0016912281,0.9940919,0.0001797109,0.0011952589,0.00055522716,0.0014814737,0.00040727592,294,test
0.00079569244,0.0019674653,0.9919103,0.0002222957,0.0015338587,0.00086197513,0.0023209197,0.0003874932,295,test
0.0048370487,0.0018222077,0.0024676758,5.328891e-05,0.0013239074,0.0021493358,0.010740241,0.97660625,296,test
0.014680205,0.96788555,0.0065774983,1.4174861e-05,0.0026106827,0.0017013199,0.0003506368,0.006179889,297,test
0.00060919963,0.0019632597,0.99320215,0.00018020584,0.0013440106,0.0006469629,0.001605028,0.0004491695,298,test
0.0012471286,0.0013074533,0.0012541638,3.9803963e-06,0.0003474271,0.0005441548,0.0014947507,0.99380094,299,test
0.00043466245,0.0017237233,0.9938385,0.00021523876,0.0013638673,0.0005268469,0.0015615983,0.00033549708,300,test
0.00045415593,0.0020891342,0.9927226,0.00029374709,0.0015597541,0.00065292075,0.0018051263,0.00042245217,301,test
0.00036665003,0.001412667,0.99447775,0.0001938714,0.0010741748,0.000470104,0.0017382151,0.00026652057,302,test
0.0014560831,0.00013210566,0.00051883224,4.2082123e-05,0.99748176,0.00014689028,0.00011002371,0.00011227818,303,test
0.0004310498,0.0019146445,0.99325526,0.00022484805,0.0013422827,0.00060569344,0.001806879,0.00041932176,304,test
0.00051543774,0.0018057039,0.99349445,0.00021286853,0.0013522498,0.0005971196,0.0016239351,0.00039818947,305,test
0.00038610425,0.0015152844,0.99394166,0.00023790562,0.001267021,0.0005303196,0.001813149,0.0003084729,306,test
0.0003821785,0.001653023,0.993997,0.00020087161,0.001134258,0.000596972,0.0016212587,0.00041441762,307,test
0.99516654,0.0005680517,5.4945103e-05,1.2261663e-05,0.0027871802,0.000894314,0.00048479522,3.1902033e-05,308,test
0.00499323,0.0006333044,0.0006882166,5.031375e-05,0.0004580534,0.9920806,0.00044685794,0.0006494933,309,test
0.00061612256,0.0020931773,0.9916938,0.0003339977,0.0018699704,0.00065952615,0.0023563744,0.00037704993,310,test
0.0006622429,0.002186444,0.9900684,0.00027257108,0.0020535393,0.0010069711,0.0032221533,0.00052760454,311,test
0.000966252,1.252459e-05,0.0028820818,0.992523,0.0007196141,0.0004259514,0.0024598278,1.0808142e-05,312,test
0.009927438,0.00010248665,0.00080425636,0.0006114884,0.0003888818,8.77535e-05,0.98042136,0.0076562627,313,test
0.0005374343,0.0019241702,0.9933357,0.00024116783,0.0013129655,0.00061230006,0.0015779926,0.00045822957,314,test
0.0004436675,0.0016974725,0.9934412,0.00027705892,0.0015498697,0.00059494394,0.00168584,0.0003099337,315,test
0.9967963,0.0005049104,3.6117097e-05,6.108254e-06,0.0013723874,0.00086668634,0.0003925575,2.4955649e-05,316,test
0.00040046198,0.0016115987,0.9941506,0.00018415075,0.001211532,0.0005485361,0.0015041598,0.0003889136,317,test
0.9974396,0.00045989352,3.4237284e-05,4.71129e-06,0.0010528427,0.0006661276,0.00032459994,1.782664e-05,318,test
0.0004196222,0.0016120824,0.99379915,0.00022859503,0.0012242177,0.0005482441,0.0018264735,0.00034155283,319,test
0.00041411046,0.0016844602,0.99352926,0.0002524568,0.001386369,0.0006592538,0.0016899508,0.0003840594,320,test
0.99741083,0.00043788643,4.612664e-05,5.488245e-06,0.0011778306,0.00055750174,0.0003482765,1.6062872e-05,321,test
0.000418248,0.0017985072,0.9930738,0.00028483436,0.0014236525,0.0006192362,0.0020266608,0.0003550107,322,test
0.99716717,0.00040683075,4.711672e-05,6.069349e-06,0.0012006047,0.00055682607,0.0005896888,2.5676523e-05,323,test
0.00052287633,0.0017824903,0.99278027,0.00026231064,0.001336237,0.0006728938,0.002255597,0.0003872598,324,test
0.0039581126,0.0023164004,0.024817307,0.0004980222,0.9652516,0.0012719274,0.0012425183,0.0006441509,325,test
0.024533296,0.002852345,0.018225301,0.0058558728,0.6875817,0.2559519,0.003908452,0.0010912144,326,test
0.99681973,0.00055409217,7.408229e-05,6.655184e-06,0.0011878287,0.0008505006,0.000472487,3.4514636e-05,327,test
0.00051145186,0.0014193488,0.9934729,0.0002373514,0.0013250335,0.00066528004,0.001987715,0.000380859,328,test
0.0042357687,0.00059072516,0.0022468092,0.0001949458,0.99040514,0.0015154381,0.00044899172,0.00036222622,329,test
0.0014653357,0.0033745575,0.9857065,0.00028016072,0.0029554602,0.0016457515,0.0038188545,0.0007533904,330,test
0.00042508618,0.0019454199,0.99312276,0.0002518292,0.0013949265,0.0006690747,0.0017500108,0.0004409421,331,test
0.0011113137,0.0021820546,0.9902203,0.00014744616,0.001104995,0.0011425929,0.0034185052,0.0006728015,332,test
0.0004025619,0.0016354339,0.9936958,0.00022963682,0.0012673698,0.0006954399,0.0016359197,0.00043793034,333,test
0.0003593736,0.0015507849,0.99431086,0.00017665647,0.0011671159,0.0005313971,0.0014949614,0.00040889464,334,test
0.00039029503,0.001521412,0.9939818,0.0002462687,0.0013191,0.00051058974,0.001716802,0.00031376973,335,test
0.0009951768,0.0026086136,0.988987,0.00026512312,0.0018640707,0.0014084484,0.0032595436,0.0006119182,336,test
0.014549018,0.9558306,0.008861778,2.7874674e-05,0.0025992512,0.0031691494,0.00045174247,0.014510725,337,test
0.0004878368,0.0019794651,0.9917408,0.000281839,0.0017763288,0.0006825407,0.002607818,0.00044344316,338,test
0.00048549383,0.0016026617,0.9934749,0.00023358385,0.0012359314,0.0007063059,0.0018728501,0.0003882799,339,test
0.9964371,0.00062507496,6.834201e-05,6.387778e-06,0.0012550764,0.001089288,0.00049116794,2.7663935e-05,340,test
0.9967,0.00065024616,4.6125693e-05,6.2906865e-06,0.0014870989,0.0007236311,0.00036427722,2.2360433e-05,341,test
0.98763627,0.0031256434,0.0010602026,2.3962737e-05,0.0043324833,0.0025006887,0.001148277,0.00017250917,342,test
0.000443658,0.001964553,0.9929913,0.00020785851,0.0014500647,0.0007010043,0.0017570851,0.00048432132,343,test
0.0022303457,0.0002097632,0.0007796585,7.659765e-05,0.995952,0.00041094952,0.00016753183,0.0001731021,344,test
0.99731284,0.0005406173,5.1361258e-05,4.307e-06,0.0012475401,0.00049206865,0.00033122112,2.005337e-05,345,test
0.00060151314,0.001481721,0.9931514,0.00027490416,0.0014799365,0.0005941856,0.0020821705,0.00033408054,346,test
0.00065233203,0.0010634382,0.001118887,2.285268e-06,0.0003727534,0.00023780325,0.001243372,0.9953092,347,test
0.00036025717,0.0016762934,0.99417275,0.00016905672,0.0012929861,0.00056683295,0.0014086523,0.00035313415,348,test
0.063443124,0.24696776,0.036329173,0.0020476412,0.03638266,0.018562749,0.14570475,0.45056212,349,test
0.0007721627,0.0054821176,0.98830277,0.00014899489,0.0022449163,0.0009683912,0.0014512928,0.0006294165,350,test
0.0004325994,0.001854224,0.9928847,0.0003048379,0.0017050955,0.0005325749,0.0020012122,0.00028470898,351,test
0.18981764,0.017818993,0.0576105,0.0020983987,0.02276602,0.04159424,0.23719871,0.4310956,352,test
0.99643826,0.000612441,6.696759e-05,8.9241075e-06,0.001368617,0.00095074397,0.0005175197,3.64544e-05,353,test
0.9246178,0.009212269,0.020583611,0.00027245207,0.013609686,0.012371915,0.017350387,0.0019818363,354,test
0.00049911864,0.0017888346,0.9929525,0.00028444995,0.0015109394,0.00064147805,0.0019045442,0.00041816797,355,test
0.9978119,0.00037762773,2.6106816e-05,3.524797e-06,0.00086620776,0.0005888073,0.00030962948,1.6158048e-05,356,test
0.003423689,0.0038132772,0.0031440374,2.3995251e-05,0.00082950597,0.004702067,0.0028527202,0.9812107,357,test
0.00030855052,0.0015480376,0.99387795,0.00027015008,0.0015238065,0.00044183072,0.0017435225,0.00028612258,358,test
0.035916235,0.06591848,0.54255086,0.0019154579,0.019116806,0.11754569,0.041842673,0.17519383,359,test
0.998353,0.00026980424,1.7999175e-05,2.2121726e-06,0.0008606393,0.00028880197,0.00019907174,8.4826725e-06,360,test
0.9980782,0.00024644783,2.6010091e-05,3.215319e-06,0.0009479201,0.00024285182,0.0004445739,1.0723507e-05,361,test
0.00025396218,0.00095740135,0.9964233,0.00014433173,0.00071012997,0.0002727479,0.0010687558,0.00016928566,362,test
0.0010771528,0.0022196362,0.9916088,0.000117778676,0.0010627791,0.00097324944,0.0023353854,0.00060523575,363,test
0.0007071136,0.0011381758,0.99437344,0.00026985104,0.00081530056,0.00048199235,0.0019741885,0.00024005627,364,test
0.001464865,0.0017871631,0.99120575,0.00028332687,0.0016590107,0.00096496823,0.0023115128,0.000323463,365,test
0.00035482628,0.00086080085,0.9955878,0.0002921633,0.00094075984,0.00033233638,0.001489937,0.00014135466,366,test
0.9976508,0.00039220072,6.0338272e-05,3.5354576e-06,0.0008876083,0.00058630016,0.00039837524,2.0878715e-05,367,test
0.0013768338,0.0007178334,0.0006534583,3.739434e-06,0.00025587453,0.00030257198,0.0022720152,0.99441767,368,test
0.0004637655,0.0011567957,0.99513924,0.00015299869,0.00082003366,0.00038422385,0.0016930358,0.00018978593,369,test
0.00022869318,0.0007899929,0.99689376,0.00013803813,0.00053059973,0.00024245397,0.0010372052,0.000139266,370,test
0.00025869234,0.00091673736,0.9964922,0.00018526525,0.0006100477,0.00029515006,0.0010793397,0.00016254175,371,test
0.00026354898,0.0006765871,0.9968167,0.0001644026,0.0005789511,0.0002466394,0.0011109051,0.0001423132,372,test
0.39956272,0.06526951,0.07141365,0.0073458594,0.06726833,0.32596415,0.0442469,0.018928893,373,test
0.9986325,0.0002253337,2.227604e-05,2.0262314e-06,0.0006191647,0.00018443646,0.00030406434,1.02239665e-05,374,test
0.99781346,0.0003126241,4.532508e-05,3.8351745e-06,0.0009388678,0.00042766047,0.0004429132,1.52219845e-05,375,test
0.00032255898,0.00077258085,0.996662,0.00015499782,0.0005566697,0.0003128165,0.0010595558,0.00015884337,376,test
0.00024823277,0.00062590034,0.9966497,0.00014968675,0.00060965493,0.00023831708,0.0013582396,0.00012022874,377,test
0.99846196,0.00028085464,2.7157539e-05,2.8022052e-06,0.000635604,0.0002873003,0.00029250362,1.1737405e-05,378,test
0.9977629,0.00049963343,7.0571376e-05,4.069395e-06,0.0008474758,0.0004267275,0.00037067,1.7945733e-05,379,test
0.00021489873,0.0006003593,0.996342,0.00031612357,0.000744695,0.0001997708,0.0014851547,9.698001e-05,380,test
0.000275675,0.00076556497,0.996228,0.00024156252,0.0006630188,0.00024896566,0.0014351942,0.00014208327,381,test
0.00035068268,0.0006497478,0.9950252,0.0006809763,0.00093195314,0.00036927083,0.0018767095,0.00011547404,382,test
0.00022072392,0.0008172594,0.996745,0.00014023873,0.00063370855,0.00026862725,0.0010088064,0.00016568722,383,test
0.997424,0.0004523904,4.2714753e-05,4.6093674e-06,0.0013303114,0.00028981673,0.0004387753,1.7497665e-05,384,test
0.998386,0.00027338054,1.9740544e-05,2.6171745e-06,0.0008169835,0.0002024142,0.00028837533,1.0477807e-05,385,test
0.9978916,0.000386805,6.427572e-05,3.9369024e-06,0.0008464639,0.00042963395,0.00036205695,1.517126e-05,386,test
0.001305755,0.00094885734,0.0010714299,5.723859e-06,0.000621309,0.00030058413,0.0028363196,0.9929101,387,test
0.0009729623,0.0023750092,0.0018438856,5.454234e-06,0.00043208757,0.00073871965,0.0010361541,0.99259573,388,test
0.0003322116,0.0009461184,0.9962919,0.00014465535,0.0006078474,0.00029036592,0.0012090408,0.00017786297,389,test
0.9988674,0.00015943445,1.4011745e-05,1.9613315e-06,0.0005350323,0.00018009814,0.00023532838,6.7753404e-06,390,test
0.0067161755,0.0027022394,0.0023492982,0.00028220227,0.0033717228,0.98277354,0.00065564894,0.0011492273,391,test
0.9970913,0.00065107486,0.00018674434,4.793163e-06,0.0007115144,0.0007522852,0.00056824443,3.396106e-05,392,test
0.99659073,0.0005452498,8.1535225e-05,8.545449e-06,0.0012287413,0.0007529285,0.0007439289,4.8332447e-05,393,test
0.0003568817,0.0010589162,0.995886,0.00021253063,0.00077889155,0.00035533812,0.0011879029,0.00016345063,394,test
0.00027062648,0.0009627997,0.99587554,0.0002772585,0.0008727731,0.00032841912,0.001277324,0.00013533639,395,test
0.0002792417,0.0009838737,0.9963272,0.00016522889,0.0007441405,0.00027555972,0.0010586925,0.00016609387,396,test
0.00023781507,0.00077748264,0.9964139,0.00016978268,0.0005890256,0.00029588013,0.001364796,0.00015138923,397,test
0.00033071212,0.0007180261,0.99625707,0.00027140073,0.00076738116,0.00033991542,0.0012073193,0.000108182074,398,test
0.0002620536,0.0009208606,0.9964616,0.00015967614,0.00069701485,0.00028528675,0.0010395499,0.0001740203,399,test
0.013105591,0.9723156,0.005544072,1.3261155e-05,0.0019988078,0.0010464867,0.0002632628,0.005712866,400,test
0.00026612988,0.00075347966,0.99653196,0.00020196896,0.0006469343,0.00025094752,0.0011790289,0.00016947731,401,test
0.0003360721,0.0007402888,0.99673873,0.00016687311,0.00053505506,0.0002859177,0.0010570803,0.00014008774,402,test
0.00024955894,0.00085657305,0.9965328,0.00018694543,0.00057809806,0.00027113716,0.0011426877,0.00018214906,403,test
0.0006158445,0.001306249,0.9932637,0.00037687112,0.0011701112,0.00049995736,0.0025282972,0.00023890866,404,test
0.011652094,0.97447556,0.004620733,1.1108208e-05,0.0020488927,0.0009429352,0.00018959028,0.006059196,405,test
0.00034820187,0.00073095784,0.995342,0.00034125443,0.0006984433,0.0002961318,0.0020957645,0.00014718997,406,test
0.99779296,0.00027101877,4.2650554e-05,2.4293781e-06,0.00091847597,0.00061481,0.0003430093,1.4716251e-05,407,test
0.00087331486,0.00045029377,0.0005572936,1.7482943e-06,0.00024449325,0.00011266576,0.0020383087,0.9957218,408,test
0.9970739,0.00047941194,4.4265817e-05,7.0836777e-06,0.0011498844,0.00077242637,0.00045094758,2.2169781e-05,409,test
0.0002836181,0.0008347045,0.996317,0.00022860251,0.00069242046,0.00025251895,0.0012245544,0.0001665077,410,test
0.00028720804,0.0007702298,0.99631625,0.00022894943,0.0006183129,0.00027263977,0.0013659442,0.00014049666,411,test
0.00039775134,0.00096933555,0.99535334,0.000113593036,0.00082592753,0.0004672262,0.001600416,0.0002723378,412,test
0.011341722,0.97162694,0.0037247203,1.3091292e-05,0.0027589272,0.0012058913,0.00020677967,0.009121985,413,test
0.9982868,0.00028624845,2.7901804e-05,2.6663533e-06,0.000912988,0.00017734409,0.00029663343,9.461828e-06,414,test
0.98318255,0.0032392526,0.001733523,9.861273e-05,0.003726416,0.004824215,0.002797128,0.00039824244,415,test
0.00033551164,0.0012419757,0.9958584,0.00014845308,0.0007188399,0.00039991474,0.0010375701,0.00025944808,416,test
0.0002984649,0.00082311407,0.9960931,0.0002268954,0.00077078654,0.0003669195,0.0012401267,0.00018053314,417,test
0.00028445592,0.000933006,0.9962838,0.0002443018,0.000756514,0.00026029564,0.0011081385,0.0001295652,418,test
0.0002724801,0.000880816,0.9961915,0.00022260843,0.0006560392,0.00030655548,0.0013051024,0.00016481706,419,test
0.96391386,0.0020997508,0.0115578575,0.00013139403,0.0039428063,0.0061951457,0.011126208,0.0010328403,420,test
0.9988201,0.00019025536,1.3711312e-05,2.1067824e-06,0.00059623475,0.00016871243,0.00020197782,6.9435405e-06,421,test
0.99853456,0.00020412962,1.9154097e-05,2.4902597e-06,0.0007062511,0.00028324407,0.00024313599,7.065475e-06,422,test
0.0014570145,0.0044510504,0.9893818,8.6781256e-05,0.0012578636,0.0014178511,0.0014360248,0.0005115804,423,test
0.012108238,0.9757687,0.00435012,1.0699805e-05,0.0023419429,0.0008618768,0.00025477697,0.0043037226,424,test
0.99794537,0.00028886666,3.098695e-05,4.080434e-06,0.0008731924,0.00030431154,0.0005349401,1.8279776e-05,425,test
0.9976253,0.00038548777,7.486639e-05,4.7269523e-06,0.0008876651,0.00041896492,0.00058457616,1.8389452e-05,426,test
0.00023325386,0.0007156605,0.99696916,0.00014098588,0.00055092707,0.00025362434,0.00097261433,0.00016372518,427,test
0.00025684317,0.000905773,0.9964825,0.00017244325,0.00070420315,0.00028930663,0.0010472003,0.00014172071,428,test
0.011278915,0.97548354,0.0044789654,9.349367e-06,0.002082811,0.0007397955,0.00018005788,0.0057466407,429,test
0.0002819,0.00079848093,0.9964545,0.00016729759,0.00071967323,0.00027504642,0.0011924099,0.00011070295,430,test
0.99812263,0.00031257037,3.2083357e-05,2.7866301e-06,0.0008531714,0.00022962719,0.00043197733,1.52201965e-05,431,test
0.99763083,0.0002869503,2.536994e-05,6.7001747e-06,0.0013124563,0.00021581112,0.0005110783,1.07252645e-05,432,test
0.0014314003,0.000229091,0.00022243023,2.7226628e-05,0.00021410131,0.99762744,0.00010662848,0.00014176317,433,test
0.00021478848,0.0008598166,0.9965149,0.00016519164,0.0006505881,0.00029847544,0.0011358194,0.00016037069,434,test
0.99781704,0.00047770835,7.4047224e-05,3.6142856e-06,0.00088532665,0.0004026425,0.00032165815,1.7953143e-05,435,test
0.00024328925,0.000681175,0.9967123,0.00016695131,0.0006242478,0.00032962047,0.001141482,0.00010095571,436,test
0.00032877014,0.00081954553,0.9963953,0.0001814568,0.0005931145,0.00027922218,0.0012362252,0.0001664109,437,test
0.99822694,0.00025652003,2.9137096e-05,3.1767297e-06,0.00088606635,0.00022710621,0.00035922645,1.1806642e-05,438,test
0.00021897629,0.00088816887,0.99672747,0.0001579423,0.0006193423,0.00025994878,0.0009734934,0.00015471631,439,test
0.0015141119,0.00014094087,0.00024662874,5.107141e-05,0.00038807845,0.997442,0.00014764394,6.954049e-05,440,test
0.00024083784,0.00054969365,0.9973369,9.5920994e-05,0.00050897273,0.00026284897,0.0008982459,0.00010648821,441,test
0.99868315,0.00018740993,1.7028957e-05,2.1689732e-06,0.0006326455,0.00024665578,0.00022426524,6.6841008e-06,442,test
0.00022691696,0.00088225113,0.99654704,0.00017332812,0.00072653923,0.00024446586,0.0010694386,0.00013001103,443,test
0.00037869276,3.658014e-05,0.00029964792,8.003347e-06,0.99916613,1.9773686e-05,4.754711e-05,4.3651704e-05,444,test
0.9958688,0.000532094,8.6777254e-05,1.9887024e-05,0.0013989015,0.0012271897,0.0008185908,4.772191e-05,445,test
0.00025650882,0.0007037662,0.9967895,0.0001628553,0.00063379074,0.00025260932,0.001090854,0.00011019204,446,test
0.00023444697,0.00075715105,0.9963522,0.00019680156,0.00073329057,0.00020578512,0.0013959892,0.0001243157,447,test
0.0002609869,0.000881372,0.9964122,0.0002116348,0.00070344406,0.0002333562,0.0011701046,0.00012696824,448,test
0.00030525736,0.00091397174,0.9957027,0.0002801712,0.0009475688,0.00032640234,0.0013530665,0.00017090837,449,test
0.01900534,0.028653199,0.020781225,0.0034344762,0.029300336,0.07520525,0.024745982,0.79887414,450,test
0.0003530031,0.0008136256,0.99678326,0.00010977672,0.000494188,0.00029643052,0.00099022,0.00015944021,451,test
0.00021474999,0.0007683951,0.99706644,0.0001252,0.0005187535,0.0002468855,0.0009178606,0.00014178835,452,test
0.00027404705,0.000767642,0.9965353,0.00015374171,0.0006280264,0.00030359652,0.0011998988,0.0001379085,453,test
1.5849171e-05,6.415024e-08,0.0006955241,0.99889106,1.552499e-05,2.4150174e-06,0.00037941078,7.468148e-08,454,test
0.99348724,0.0011339164,0.00017102354,3.0038345e-05,0.0019218556,0.0019468266,0.0012079022,0.000101226,455,test
0.0002915372,0.00088766415,0.9956235,0.0002757401,0.0008174598,0.00038836076,0.0015704391,0.00014517711,456,test
0.00038320894,2.5502192e-07,1.2136418e-05,1.826802e-05,4.10283e-06,1.7142455e-07,0.99951744,6.4322325e-05,457,test
0.9982949,0.00024902984,1.8631019e-05,3.1780035e-06,0.0008495125,0.000321927,0.00025348374,9.333353e-06,458,test
0.00030744783,0.0008943267,0.9964109,0.00017915104,0.0006096542,0.00028362643,0.0011541153,0.00016079898,459,test
0.0115579665,0.97339815,0.005439746,1.2518235e-05,0.0019291871,0.0011161879,0.00018675049,0.0063595343,460,test
0.00035302565,0.0009250411,0.99624443,0.00020276126,0.00066944025,0.0003142231,0.0011237706,0.0001674414,461,test
0.9980641,0.00031855793,4.1997686e-05,4.9029354e-06,0.0007252036,0.00034504817,0.00048213033,1.8105527e-05,462,test
0.00023709318,0.00089918025,0.9966544,0.00014782649,0.000713801,0.00025366063,0.0009475058,0.00014650638,463,test
0.00029381897,0.0009688762,0.99624544,0.00018721011,0.0006506929,0.0003196979,0.0011543976,0.00017987723,464,test
0.00037748308,0.00080608245,0.99541414,0.00020292062,0.00077389297,0.00033470345,0.001931696,0.00015907944,465,test
0.99819523,0.00028298178,2.6565825e-05,3.2077628e-06,0.00089223066,0.00029454986,0.0002941706,1.1099003e-05,466,test
0.99776757,0.00040813012,4.6515557e-05,4.687258e-06,0.0009098975,0.000378517,0.00046579618,1.8883185e-05,467,test
0.0003486712,0.00087005104,0.9961533,0.00023010661,0.00070055295,0.00028248533,0.001259873,0.00015492861,468,test
0.00020231731,0.0006883543,0.99685234,0.00013757701,0.0005565372,0.0002476176,0.0011903937,0.00012491313,469,test
0.0002729903,0.0008619374,0.996478,0.00019837239,0.00062700466,0.0002689449,0.0011261732,0.0001666981,470,test
0.0003965693,0.0010161818,0.9958496,0.00019900614,0.000783151,0.0003477229,0.0012491128,0.00015863731,471,test
0.0002379497,0.00083809474,0.99647695,0.000186209,0.00066416524,0.0002662614,0.0011877374,0.00014261858,472,test
0.00032712988,0.0009079309,0.99637294,0.00016427865,0.000629848,0.00028246894,0.0011805833,0.00013477656,473,test
0.0002463662,0.0006894004,0.99640685,0.00022783628,0.0006055001,0.00021646862,0.001443672,0.00016388428,474,test
0.00023321038,0.00083304656,0.99661887,0.00016138413,0.00061262277,0.0003110841,0.0010450748,0.00018476983,475,test
0.00029367526,0.00089255173,0.99663687,0.00014421089,0.0007034453,0.00031252744,0.0008550378,0.00016159695,476,test
0.00035711724,0.0008289984,0.9955194,0.0002839808,0.0012819376,0.00026421223,0.0013761035,8.8189714e-05,477,test
0.0004018103,0.0007839028,0.99660313,0.00016568702,0.0005176636,0.00031210668,0.0010692442,0.00014652566,478,test
0.010015159,0.9728837,0.0049280073,1.300241e-05,0.0024157441,0.0013927,0.00024626293,0.008105477,479,test
0.9980045,0.00032854828,5.26732e-05,7.456769e-06,0.00062882726,0.000544446,0.0004179148,1.5596726e-05,480,test
0.00032415483,0.00080211525,0.9962515,0.00020007943,0.0006322949,0.00021835798,0.0014049577,0.0001665833,481,test
0.0008673039,0.0009955702,0.0012979618,4.683852e-06,0.000496629,0.0003178518,0.0018070245,0.9942129,482,test
0.012179547,0.003920276,0.0051820087,0.003174264,0.015730016,0.95431304,0.002439737,0.0030610454,483,test
0.012885044,0.9723369,0.005918591,1.23573245e-05,0.002012222,0.00090348354,0.00028680242,0.0056446483,484,test
0.00025569997,0.00055532006,0.9964981,0.00023964938,0.0005133237,0.00017309315,0.001639075,0.00012565528,485,test
0.00024192991,0.0005621047,0.99689,0.0002054737,0.00048099036,0.00014289896,0.0013520728,0.00012462918,486,test
0.00031944358,0.0005345405,0.9969037,0.00018940688,0.00043435232,0.00018299614,0.0012801449,0.00015534859,487,test
0.0010260874,0.001100064,0.0012180711,3.7434395e-06,0.00046888395,0.00030009786,0.0018735522,0.9940095,488,test
0.00044570767,0.0006948954,0.9958475,0.00016510855,0.00067355804,0.00023802492,0.0017620584,0.0001731049,489,test
0.9981249,0.0002717418,5.6305118e-05,7.2967946e-06,0.0004759989,0.00056511065,0.00048183402,1.6885042e-05,490,test
0.00035200315,0.00037442212,0.99684924,0.00018309246,0.0004625496,0.00019330396,0.0014632932,0.000121998666,491,test
0.00039409925,0.0006731151,0.99608177,0.00022239081,0.0006211325,0.00024602734,0.0015879639,0.00017350499,492,test
0.00024502084,0.00051970733,0.99679667,0.0002177806,0.00047842014,0.0001627183,0.0014631804,0.00011654099,493,test
0.0003269561,0.0005067942,0.99681467,0.00018402384,0.00046559348,0.00020179903,0.0013683613,0.00013184054,494,test
0.00028417632,0.00042334574,0.9965753,0.00024979963,0.0005337957,0.00017539982,0.0016398634,0.000118371856,495,test
0.0020280932,0.00027298523,0.00050378364,5.2241543e-05,0.00018797193,0.99656314,0.00021378728,0.00017796416,496,test
0.00023304112,0.0004800667,0.9973003,0.00014739942,0.00040251378,0.00015842632,0.0011430662,0.00013516707,497,test
0.00026958538,0.00053700496,0.99664176,0.00022169483,0.00060319604,0.0001933207,0.0014409123,9.251933e-05,498,test
0.0004015683,0.00068665826,0.99390453,0.00038693618,0.0017090302,0.0003139773,0.002457393,0.00013979801,499,test
0.0003211422,0.0006810995,0.99639136,0.0002180247,0.0005395504,0.00020317736,0.0014791107,0.00016651457,500,test
0.0002777929,0.0006224316,0.996549,0.0001903343,0.0005480541,0.00019917572,0.0014696491,0.0001435337,501,test
0.0012480203,0.0001145019,0.0007520531,5.2228825e-05,0.9974375,8.1764905e-05,0.00018512117,0.00012884063,502,test
0.00026490827,0.0006625114,0.99670666,0.00016507946,0.0005051383,0.00018333935,0.0013352572,0.00017709647,503,test
0.0035310858,0.0030215988,0.0029232611,3.7765894e-05,0.0013628482,0.0015648372,0.005029298,0.9825294,504,test
0.997661,0.0003037077,4.8223075e-05,1.0320552e-05,0.0011552802,0.00042062477,0.00039027122,1.0516793e-05,505,test
0.00024385318,0.0006722702,0.9964965,0.0002022692,0.000581542,0.00018986942,0.0014561737,0.00015759174,506,test
0.00021692265,0.0005673788,0.99687743,0.00015867192,0.0005033265,0.00017510532,0.0013760233,0.00012514558,507,test
0.277253,0.00823319,0.6577861,0.0007826147,0.0147030335,0.0065337517,0.03142099,0.0032874234,508,test
0.00021337137,0.00060630194,0.99648917,0.00023193161,0.0005715298,0.0001725036,0.0015860384,0.00012913224,509,test
0.00034173988,0.0006554282,0.99659294,0.00017735343,0.0005302666,0.00020083904,0.0013380398,0.0001633146,510,test
0.004088417,0.0024250739,0.0011511703,0.0001672854,0.0014593112,0.9888052,0.00055944937,0.0013440638,511,test
0.998563,0.00018023067,2.501958e-05,5.1670177e-06,0.00060409546,0.00028633937,0.00032937384,6.8234117e-06,512,test
0.05763227,0.029822432,0.064440645,0.0017712301,0.28229353,0.5522986,0.0058651674,0.0058761435,513,test
0.000326729,0.0007468039,0.99617743,0.00022281511,0.00057766354,0.00023694265,0.0015311041,0.0001804775,514,test
0.00033275515,0.00071938307,0.99645174,0.00018925153,0.000574315,0.00019092236,0.0013748233,0.0001668682,515,test
0.00031078406,0.00062489585,0.99647945,0.00022172851,0.00058987166,0.00022868185,0.0013880399,0.00015656977,516,test
0.99428153,0.0009338847,0.0001968467,3.452417e-05,0.0015490901,0.00185703,0.0010562275,9.097191e-05,517,test
0.00030055587,0.00070697925,0.9961467,0.00016264383,0.00073037826,0.00019191379,0.0016274616,0.0001332868,518,test
0.99768066,0.00031680107,5.5218086e-05,8.003957e-06,0.0010149048,0.00033638228,0.0005738814,1.4082525e-05,519,test
0.00027979226,0.0005743384,0.9969453,0.00016845376,0.00040973315,0.00019266902,0.0012488549,0.0001808274,520,test
0.99610573,0.00047865926,0.000100948564,1.3893546e-05,0.00092713744,0.0008365814,0.0014704915,6.6442895e-05,521,test
0.9984792,0.00019766869,2.5087462e-05,5.6942404e-06,0.00068509177,0.00030795528,0.0002930565,6.267166e-06,522,test
0.00029323576,0.0003634038,0.9969674,0.00015913542,0.00038609863,0.00016389939,0.0015317003,0.00013520147,523,test
0.9984339,0.00022900828,3.3972654e-05,6.229342e-06,0.00059933745,0.00032656215,0.00036159964,9.435171e-06,524,test
0.022947926,0.006043359,0.0021742682,2.9611727e-05,0.0027436092,0.0020325708,0.010704809,0.95332384,525,test
0.00026043947,0.00063382107,0.99685353,0.00017804182,0.00048399673,0.00018061342,0.0012448577,0.00016467246,526,test
0.012896047,0.9703837,0.0062336796,1.4760381e-05,0.002135898,0.0012892836,0.00035038075,0.006696359,527,test
0.00041703222,0.00073032675,0.9953034,0.00031765617,0.0007380161,0.00026147632,0.002051234,0.00018089045,528,test
0.0012188362,0.00017665513,0.0011267334,0.00010253591,0.9967319,0.00010681364,0.0002995074,0.00023705077,529,test
0.00027343933,0.0006310995,0.9966922,0.0002088695,0.00045947309,0.00018754411,0.0013707046,0.00017671769,530,test
0.99841225,0.00023756278,3.7811016e-05,5.7863203e-06,0.0005551643,0.00033335833,0.00040833576,9.755412e-06,531,test
0.06829745,0.886864,0.020069243,0.00011662777,0.008403332,0.0044379435,0.0026035882,0.009207896,532,test
0.00024262797,0.00066448783,0.9964557,0.0002315775,0.00061572995,0.00019250133,0.0014535689,0.00014371653,533,test
0.00117321,0.0010083038,0.001041281,4.449377e-06,0.00064400554,0.00022763915,0.0022705363,0.9936306,534,test
0.9978015,0.00030651988,4.4128697e-05,7.956634e-06,0.0009857502,0.00032875722,0.0005116688,1.3693058e-05,535,test
0.00028006334,0.00072720565,0.9961893,0.00020666792,0.000638117,0.00023212864,0.0015690845,0.00015734707,536,test
0.00019008917,0.00059560535,0.99692315,0.00017731157,0.0004758168,0.00017066285,0.0013547263,0.0001127191,537,test
0.0003370527,0.0006694887,0.99624664,0.00020748774,0.0005931839,0.00023468475,0.0015531735,0.00015821366,538,test
0.9962107,0.00047789293,6.168722e-05,9.718382e-06,0.0021092785,0.00051899086,0.00059570704,1.6033908e-05,539,test
0.0011539633,0.0011012171,0.0014625763,5.1451316e-06,0.00039781447,0.00044172365,0.002195162,0.99324244,540,test
0.073755756,0.021835793,0.044313204,0.0015082017,0.013419921,0.6661718,0.024196008,0.15479942,541,test
0.0002154643,0.00040702784,0.9970493,0.00019981482,0.00041511795,0.00012954474,0.001477064,0.000106823405,542,test
0.00023202648,0.00058329443,0.99701655,0.00016792152,0.00049389066,0.00015688098,0.0012127106,0.0001367002,543,test
0.0003517644,0.00070513925,0.99605393,0.0002569365,0.00060233596,0.00022068302,0.0016457539,0.00016344654,544,test
0.00022488611,0.0005524192,0.99692553,0.0001867571,0.00044375754,0.00018899205,0.0013319057,0.00014586817,545,test
0.0014878303,7.4760164e-06,0.0010296989,0.0006099123,9.973975e-05,1.4757184e-05,0.99574775,0.0010028881,546,test
0.014277692,0.011982517,0.0066879434,0.00034904384,0.002821218,0.9305383,0.0032743262,0.030068966,547,test
0.0035411348,0.0013100408,0.98874575,0.0001882906,0.00091131264,0.0008985815,0.0039057941,0.0004990536,548,test
0.99810874,0.00027567206,4.1794945e-05,6.826678e-06,0.0008005704,0.00031009543,0.0004466916,9.734168e-06,549,test
0.9985709,0.00018662556,2.511615e-05,4.3784357e-06,0.0005629717,0.00036429754,0.00027868059,7.0869905e-06,550,test
0.0002425658,0.00050529797,0.99674404,0.00021892186,0.0004766398,0.00013732116,0.0015510367,0.00012409022,551,test
0.0034364508,0.00041818948,0.000558732,0.00017233669,0.00037724018,0.99434066,0.0004456132,0.00025070034,552,test
0.000259292,0.0005291988,0.9970804,0.0001622589,0.00044272776,0.0001658856,0.0012248477,0.00013537059,553,test
0.0026938382,0.00046074492,0.00043598746,6.896429e-05,0.00030177398,0.9950938,0.00036664837,0.0005782358,554,test
0.9985702,0.00019772387,2.6788073e-05,4.678898e-06,0.00056347105,0.0002936652,0.00033512153,8.356692e-06,555,test
0.00024960216,0.0004998539,0.99690884,0.00020304261,0.00046484987,0.00013797848,0.0014141337,0.00012168908,556,test
0.99848676,0.0002331422,4.295101e-05,4.340584e-06,0.00042218936,0.0004949922,0.00030629456,9.36609e-06,557,test
0.00023415149,0.00050231366,0.997233,0.00013419094,0.00040773037,0.00015753593,0.0011929029,0.00013820194,558,test
0.000311947,0.00056434504,0.99649316,0.00020494715,0.00063840207,0.00022983461,0.0014105262,0.000146878,559,test
0.99834657,0.00021135437,3.356384e-05,6.3249013e-06,0.0005769883,0.00039696367,0.00041636763,1.1869499e-05,560,test
0.00031059727,0.00068451377,0.9963251,0.00020144138,0.0005696594,0.00019465135,0.0015447079,0.00016935811,561,test
0.00032774537,0.00060803606,0.99650514,0.00020884644,0.00054266193,0.00018103875,0.0014636505,0.00016287623,562,test
0.00021434178,0.00057589455,0.9968485,0.0001567823,0.000484723,0.00017561883,0.001385768,0.00015830819,563,test
0.00028276912,0.00049624825,0.99678695,0.00018345153,0.0004310427,0.00015712436,0.0015141763,0.00014821629,564,test
0.00035450468,0.0006529029,0.9962752,0.000214364,0.000604942,0.0001757907,0.0015588936,0.00016338995,565,test
0.0002281579,0.0006825609,0.99649256,0.00020363643,0.00057034777,0.00017386978,0.0015017529,0.00014714316,566,test
0.00019757175,0.00047799468,0.99728835,0.00015355402,0.0004355108,0.00015402406,0.0011570435,0.00013601485,567,test
0.99719137,0.00040720412,0.000117316566,1.0765054e-05,0.00068860024,0.00074570917,0.0008018849,3.7027454e-05,568,test
0.9983602,0.00025715274,3.056044e-05,5.0793196e-06,0.00068387797,0.00034842154,0.00030567945,9.107939e-06,569,test
0.9977451,0.0003536605,6.804899e-05,6.6086404e-06,0.00070280954,0.0006423424,0.00046852737,1.2843907e-05,570,test
0.00085219473,0.0006513271,0.9941024,0.00016191458,0.0010129893,0.0004969189,0.0025061697,0.00021609323,571,test
0.0043839496,0.00063008425,0.0005890976,0.00011340365,0.0003720198,0.9931671,0.00037164695,0.00037267638,572,test
0.00023418169,0.00059347553,0.9969176,0.00017901663,0.00052980357,0.00016828543,0.0012587066,0.00011895852,573,test
0.00024541473,0.0005901916,0.99659353,0.00020069173,0.00050864374,0.00018375211,0.0015143453,0.00016341738,574,test
0.0012057166,0.0001275035,0.0004356042,3.401814e-05,0.9978703,3.9048253e-05,0.00015616068,0.00013153409,575,test
0.00035877543,0.00063824403,0.9964593,0.00018593065,0.00052820763,0.00022117178,0.0014297625,0.00017862505,576,test
0.00028492193,0.0006953715,0.99659014,0.0001825139,0.00056368485,0.00020027325,0.0013185479,0.00016447139,577,test
0.0008673039,0.0009955702,0.0012979618,4.683852e-06,0.000496629,0.0003178518,0.0018070245,0.9942129,578,test
0.8509826,0.12809137,0.0036255457,4.619631e-05,0.010154639,0.0046783,0.001189374,0.0012319528,579,test
0.00021346853,0.00056403223,0.9965664,0.00019711758,0.0007414177,0.00018277066,0.0014279736,0.00010669432,580,test
0.9976343,0.00031082125,6.7535184e-05,6.7986657e-06,0.0007585574,0.000707516,0.00050082,1.3665367e-05,581,test
0.0002523987,0.00054334034,0.9968051,0.00021893486,0.00052328384,0.00018586873,0.0013468564,0.00012429572,582,test
0.9978781,0.00029097692,7.375623e-05,9.0213325e-06,0.0005433909,0.0006235081,0.00056062854,2.0652438e-05,583,test
0.99831796,0.00024700048,3.0234387e-05,6.2010936e-06,0.0007369496,0.00031259962,0.0003410805,8.003717e-06,584,test
0.00025390185,0.0005082965,0.99649066,0.00021861213,0.0006534067,0.00017295755,0.0016103477,9.1783935e-05,585,test
0.00046447193,0.000598893,0.9957563,0.00023133752,0.00057011715,0.00019072127,0.0020228522,0.00016521629,586,test
0.00033452513,0.0005121157,0.9969144,0.00020337146,0.0004214421,0.00018368124,0.0012926923,0.00013781527,587,test
0.0014148508,0.0010023642,0.0012791064,8.242227e-06,0.0007325335,0.00039533596,0.003076583,0.99209094,588,test
0.00028422676,0.0005221457,0.9970289,0.00016566645,0.00046919094,0.00016008153,0.0012449622,0.00012476534,589,test
0.00038058413,0.0007102518,0.996114,0.00025093724,0.0006051121,0.00022359405,0.001543417,0.00017202525,590,test
0.004324695,2.8641627e-05,0.002111121,0.0035031817,0.0007795264,6.1885454e-05,0.98680705,0.002383926,591,test
0.99782914,0.00023730879,3.5710244e-05,7.2357457e-06,0.0010430003,0.00048540626,0.0003523275,9.899057e-06,592,test
0.9977069,0.00030828724,5.9687936e-05,6.3903944e-06,0.0009767122,0.00043752693,0.00049253827,1.1951109e-05,593,test
0.0014063868,0.0013203254,0.0014862199,5.325254e-06,0.0005359142,0.00036078875,0.0024182107,0.99246687,594,test
0.99811953,0.00031838883,5.235034e-05,7.3128335e-06,0.00057410344,0.0004967977,0.00041553561,1.5946398e-05,595,test
0.9984206,0.00023989561,3.0954143e-05,4.5323964e-06,0.0006472236,0.00034094727,0.00030739148,8.474094e-06,596,test
0.00028716907,0.0005076494,0.99637693,0.0002556974,0.0006597895,0.00021787955,0.0015675193,0.00012736223,597,test
0.0002598176,0.00058500626,0.99674916,0.00011994034,0.0006767714,0.0002228922,0.0012543917,0.00013200057,598,test
0.9106049,0.00753626,0.014142542,0.00021098705,0.0076363245,0.052835464,0.0064367945,0.00059676106,599,test
0.99809104,0.0003023546,5.4959564e-05,4.1537733e-06,0.00084942085,0.00035439906,0.0003335061,1.01621445e-05,600,test
0.00019252696,0.0003642328,0.9979247,0.00019130527,0.0002923566,0.0001136298,0.00085885887,6.238822e-05,601,test
0.99818593,0.00022992444,5.053728e-05,4.9302575e-06,0.0007600449,0.000297434,0.00045898772,1.2180552e-05,602,test
0.9982515,0.0002689802,5.705565e-05,4.4998383e-06,0.00057266484,0.00036157787,0.00047057297,1.31016905e-05,603,test
0.9979742,0.0003462707,7.605078e-05,4.4769067e-06,0.0007804187,0.0003091021,0.00049269886,1.67773e-05,604,test
0.9982046,0.00027006402,6.073778e-05,4.1065914e-06,0.0007145111,0.00031421808,0.00042034074,1.1374706e-05,605,test
0.9980867,0.00028295696,4.480831e-05,4.7089893e-06,0.00092656433,0.0003087018,0.00033608315,9.657798e-06,606,test
0.998475,0.00025427697,4.7007674e-05,3.0489732e-06,0.00062627124,0.00032574325,0.00025972322,8.834805e-06,607,test
0.000133821,0.0004029384,0.9978563,0.00020857152,0.00034732663,0.00011924475,0.00087429106,5.743627e-05,608,test
0.9981237,0.00029401798,5.033078e-05,3.640241e-06,0.00090565736,0.00026851005,0.00034537364,8.729894e-06,609,test
0.0018696679,0.00023056765,0.00033101015,7.6732664e-05,0.00046028424,0.996727,0.00021442032,9.027377e-05,610,test
0.00012003697,0.000334622,0.99805367,0.00013694748,0.00031717803,0.000111327216,0.0008832467,4.2901927e-05,611,test
0.9984327,0.00021657904,4.62997e-05,2.9202206e-06,0.00064136233,0.00029486,0.00035508475,1.01275555e-05,612,test
0.0036619618,0.0023446467,0.0022283692,0.00010452662,0.0015151574,0.98892874,0.00038914132,0.0008273461,613,test
0.00026977068,0.0005054774,0.9962773,0.00022101964,0.00055169425,0.00017667428,0.0019118729,8.611123e-05,614,test
0.97598165,0.016666412,0.000787839,7.516364e-06,0.0048688697,0.0011050568,0.0004522492,0.00013040884,615,test
0.012187158,0.9757898,0.0042425944,9.825678e-06,0.0031295388,0.00048676736,0.00031708617,0.00383723,616,test
0.00014877353,0.00028452545,0.998187,0.00016724043,0.00025213737,0.00010254869,0.00080607773,5.17387e-05,617,test
0.00013419622,0.00034607018,0.9979734,0.00018681152,0.0003482578,0.00010927184,0.000862626,3.9440445e-05,618,test
0.9977169,0.0003559919,0.00010576894,6.418273e-06,0.00071609416,0.0004757846,0.0006008312,2.2178134e-05,619,test
0.00015693926,0.0004547305,0.99787986,0.00017919182,0.00033321299,0.00013114543,0.00078951695,7.5466276e-05,620,test
0.9981331,0.00031431965,5.8958747e-05,3.5139203e-06,0.00070397614,0.00035525725,0.0004160649,1.4868514e-05,621,test
0.99815875,0.000299532,5.709531e-05,3.923083e-06,0.0006849448,0.0003362886,0.00044327485,1.6297383e-05,622,test
0.00014720732,0.00038829134,0.9967788,0.00040301392,0.0006323005,9.434611e-05,0.0015190633,3.7012134e-05,623,test
0.9797921,0.0021028572,0.0029617492,8.082949e-05,0.0035281244,0.008417556,0.0030186858,9.809439e-05,624,test
0.00047487885,0.00022756348,0.00050653116,1.0768923e-06,0.00058077596,2.8595261e-05,0.0025767575,0.9956039,625,test
0.99791783,0.00028106134,6.683577e-05,6.8978698e-06,0.0007396087,0.0004251801,0.00054474064,1.7909297e-05,626,test
0.00016431029,0.00030294637,0.99808276,0.00013943623,0.00032202835,7.599597e-05,0.0008555147,5.700549e-05,627,test
0.00014366953,0.00043394376,0.9980069,0.0001664272,0.00032700953,0.00012112779,0.0007382631,6.275421e-05,628,test
0.00010183168,0.0003038037,0.9982601,0.00013374687,0.00029428204,9.489938e-05,0.00075118715,6.021722e-05,629,test
0.00010906085,0.00031686542,0.9981489,0.00012207341,0.00025982963,8.1069564e-05,0.00091000996,5.2225612e-05,630,test
0.00015568084,0.00047817652,0.99762875,0.00027377563,0.00041244944,0.00013889775,0.00085298216,5.9397873e-05,631,test
0.9962864,0.00048571188,0.0001305953,2.012186e-05,0.0011779937,0.0008826107,0.0009768594,3.9656825e-05,632,test
0.0001045582,0.00027147293,0.99819344,0.0001409442,0.0003148598,9.950625e-05,0.00082149677,5.3629246e-05,633,test
0.00018902123,0.00031156905,0.99772245,0.00020542987,0.00031735835,0.00010129887,0.001084453,6.82846e-05,634,test
0.00010667516,0.00034919308,0.9978975,0.00021803527,0.0003234523,8.24961e-05,0.0009741469,4.842814e-05,635,test
0.010302007,0.97661895,0.0050986647,1.0370579e-05,0.0027804386,0.00045418076,0.000270485,0.0044648787,636,test
0.0008414428,0.000114416835,0.00032701957,2.4971434e-05,0.00012559762,0.9984413,7.844219e-05,4.697198e-05,637,test
0.00018733127,0.00029554768,0.99797267,0.00019043252,0.00026717957,0.00010668298,0.00092453964,5.567292e-05,638,test
0.00013812812,0.00042350136,0.99780434,0.000215287,0.00037722028,0.0001321528,0.00085978745,4.957734e-05,639,test
0.00014202623,0.00030319914,0.9979291,0.00023581285,0.00028816995,9.682808e-05,0.00096245087,4.2439046e-05,640,test
0.0001369304,0.0002681798,0.998109,0.00018297433,0.00029972763,8.491513e-05,0.00088151963,3.6695656e-05,641,test
0.99822503,0.00021204774,5.3666245e-05,4.2188713e-06,0.0006611706,0.00034164352,0.0004904171,1.190519e-05,642,test
0.9982064,0.00020404522,5.1664316e-05,4.201563e-06,0.00054699095,0.00034321263,0.00062279706,2.069597e-05,643,test
0.00017520341,0.00042672092,0.9978356,0.00019266421,0.00031827245,0.000112316295,0.00086498377,7.421275e-05,644,test
0.00016948588,0.00034696265,0.99772745,0.00021459235,0.0003144374,0.00010915837,0.0010542871,6.362326e-05,645,test
0.00014092764,0.00032311058,0.997783,0.0001914409,0.0003657175,0.00011191617,0.0010395064,4.446117e-05,646,test
0.00015526982,0.00037978575,0.9975848,0.00024637603,0.00043681095,9.654834e-05,0.0010462736,5.4132117e-05,647,test
0.00019826596,0.0003864775,0.99756974,0.00020134883,0.000378614,0.00014847847,0.0010527109,6.441107e-05,648,test
0.00015118306,0.00039132722,0.9978383,0.00027614407,0.00036002978,0.0001157273,0.0008230631,4.420568e-05,649,test
0.0010700913,0.00077134644,0.9924003,0.00032398722,0.0013908283,0.00040170786,0.0034965337,0.00014510234,650,test
0.9971148,0.000487525,0.00024849575,5.2030123e-06,0.000883155,0.00057498197,0.00066508143,2.070078e-05,651,test
9.3439725e-05,0.0003017943,0.9981091,0.00020516188,0.0002868771,8.157212e-05,0.00087139854,5.06516e-05,652,test
0.0001060193,0.00039393053,0.9977314,0.00023765152,0.0004368572,0.000105324856,0.0009417146,4.715102e-05,653,test
0.9976584,0.0003859983,0.000121081226,6.6747716e-06,0.0006776927,0.0005718084,0.0005586712,1.9607023e-05,654,test
0.00014881516,0.00042161078,0.99770576,0.00026793755,0.00042949698,0.00012632897,0.0008568099,4.3300326e-05,655,test
0.00011343596,0.00041167522,0.9978759,0.00016925234,0.00036946873,0.00011279572,0.00088812056,5.9224272e-05,656,test
0.99824727,0.00023650161,4.0814095e-05,4.418533e-06,0.0007794003,0.0003093837,0.00037270423,9.476616e-06,657,test
0.00013733088,0.00036561702,0.9978942,0.0002205062,0.00034236594,0.00010972868,0.0008715894,5.865226e-05,658,test
0.00014289483,0.00046188707,0.9978398,0.00020135417,0.00035660056,0.000117168944,0.0008177273,6.255933e-05,659,test
0.99783725,0.00029654193,8.103667e-05,5.7451466e-06,0.00071984244,0.00035680254,0.0006808487,2.1891163e-05,660,test
0.00021437979,0.00031146832,0.99780816,0.00014803826,0.00031121122,0.00010262471,0.0010356542,6.836109e-05,661,test
0.99580044,0.0008650043,0.0003570854,8.318774e-06,0.0011265167,0.0010507201,0.0007434687,4.8369988e-05,662,test
0.00016844392,0.00040865684,0.9979983,0.00020469334,0.00027945888,0.00010587013,0.0007725094,6.210633e-05,663,test
0.00010011288,0.00026240246,0.99817157,0.00020538908,0.00023690694,7.073676e-05,0.00090686197,4.6114612e-05,664,test
0.011504412,0.9707154,0.005670208,1.6691196e-05,0.0035143674,0.0009862317,0.00033979208,0.007252863,665,test
0.99749655,0.0003314831,7.5514814e-05,8.226513e-06,0.0011248355,0.00030321372,0.00064552296,1.4660619e-05,666,test
6.863841e-05,2.5100899e-06,1.4455429e-05,2.0591078e-06,0.99983513,1.045236e-06,3.0117359e-05,4.594062e-05,667,test
0.997964,0.00034957658,8.517935e-05,4.5970514e-06,0.0006461048,0.00043772292,0.0004942678,1.8471166e-05,668,test
0.99729127,0.00042791123,0.0001671305,7.706892e-06,0.00066281215,0.00065268774,0.00075828616,3.2162865e-05,669,test
0.00014913674,0.00040803477,0.9976787,0.00019212354,0.00039927717,9.316421e-05,0.0010103321,6.932143e-05,670,test
0.00016489155,0.00034133525,0.99792093,0.00017792729,0.00039238884,0.00012911789,0.00082121213,5.223869e-05,671,test
0.99740547,0.0004697116,0.00010629959,5.6218482e-06,0.0010316287,0.00045753104,0.00050680107,1.7072676e-05,672,test
0.9984647,0.00022665352,4.526422e-05,3.7394334e-06,0.00055567763,0.00029910935,0.0003942983,1.0502885e-05,673,test
0.997775,0.00031260547,7.5352495e-05,4.8057077e-06,0.0010023376,0.00031146838,0.0005055455,1.2803029e-05,674,test
0.000107375265,0.00035274262,0.9978922,0.00026833182,0.00033649837,8.866206e-05,0.00091200677,4.2201536e-05,675,test
0.00013309119,0.0003028672,0.9981304,0.00012526142,0.0002743648,7.77295e-05,0.0009063853,4.9905724e-05,676,test
0.98299015,0.0054683886,0.0011399585,3.6848418e-05,0.005069375,0.004061931,0.0010155186,0.00021789981,677,test
0.00014994801,0.00044871375,0.99781054,0.00019572693,0.0003608858,0.00013458762,0.0008444026,5.5175107e-05,678,test
0.00018318751,0.00029971165,0.9980357,0.00014860749,0.0002774543,0.000103498285,0.00090359204,4.819686e-05,679,test
0.00011634494,0.00044904745,0.9976083,0.00017931809,0.00036489996,0.00013102236,0.0010306449,0.00012035977,680,test
0.18029222,0.007385193,0.761288,0.0013647494,0.0063814726,0.009451036,0.031569973,0.002267324,681,test
0.0028206892,0.00022248946,0.0005118333,0.00020286546,0.00048897526,0.9951265,0.00041702812,0.00020954976,682,test
0.9983405,0.00022062544,4.2275853e-05,3.8207977e-06,0.00071125577,0.00027189203,0.00039985805,9.802522e-06,683,test
0.9982014,0.00027727732,5.2346095e-05,4.3611863e-06,0.00073080027,0.0002750857,0.0004473103,1.1483107e-05,684,test
0.9982407,0.00025384105,6.205083e-05,4.0100585e-06,0.00068235194,0.00032907294,0.00041567345,1.22240235e-05,685,test
0.996931,0.00051098503,0.00015882458,8.73966e-06,0.00093025307,0.0006367477,0.00079593575,2.740015e-05,686,test
0.009253743,0.9753341,0.005493254,1.1180633e-05,0.0025901753,0.00060824206,0.00024877588,0.006460523,687,test
0.9978375,0.00029901695,0.000108478176,5.856338e-06,0.00072014856,0.00045336934,0.000559214,1.652774e-05,688,test
0.000117755844,0.00036890214,0.9978667,0.00024021501,0.0003098352,0.0001259748,0.00090647466,6.4195636e-05,689,test
0.99686015,0.0005060868,0.00012956884,6.352265e-06,0.0008361394,0.0010432473,0.00058354595,3.4944092e-05,690,test
0.9973787,0.00035554083,9.587142e-05,7.523035e-06,0.0010480107,0.00036228503,0.0007356867,1.647827e-05,691,test
0.00017032758,0.0003098098,0.9978163,0.00020767696,0.0003382255,0.00012086791,0.0009833471,5.341343e-05,692,test
0.00017455047,0.00038657195,0.9977859,0.0002164218,0.00033972843,0.00012617958,0.00090481184,6.577512e-05,693,test
0.0008201183,0.0001373929,0.00033638894,1.9229645e-05,0.00013418126,0.99841523,7.073473e-05,6.665832e-05,694,test
0.992117,0.0010758933,0.00046477173,6.145131e-05,0.0017267558,0.0021292695,0.0022694108,0.0001555686,695,test
0.9866355,0.0018893927,0.0041403268,4.8887992e-05,0.0024732074,0.0018888208,0.0026957695,0.0002280224,696,test
0.9984212,0.00024295054,4.5492125e-05,3.7146747e-06,0.00056612137,0.0003555374,0.00035235906,1.2688452e-05,697,test
0.00013621575,0.00031605063,0.9979577,0.00018149658,0.00032074767,0.0001247548,0.000908037,5.4925662e-05,698,test
0.001812253,0.012751183,0.980142,0.00015897413,0.001955157,0.0015981246,0.0011586965,0.00042353696,699,test
0.00013547084,0.00030620498,0.9982109,0.000181367,0.00032843198,0.00010525325,0.000692707,3.970661e-05,700,test
0.00015761533,0.0003490735,0.99799913,0.00018741863,0.00030693368,9.675504e-05,0.0008500724,5.2954474e-05,701,test
0.00010971294,0.0002672237,0.99815744,0.00016222952,0.00029759968,8.843968e-05,0.00087938056,3.806483e-05,702,test
0.0014080425,0.00024260674,0.0002957739,3.124238e-05,0.00021302009,0.99744105,0.00016675294,0.0002015872,703,test
0.00015452257,0.00031814654,0.99793553,0.00019324978,0.00029243165,0.00011324169,0.0009385721,5.4270313e-05,704,test
0.9978668,0.00025289823,8.980685e-05,4.8228626e-06,0.0006651094,0.00038500733,0.00071588764,1.9783827e-05,705,test
0.00016601275,0.0003194966,0.9978388,0.0002167187,0.00027761815,0.0001213665,0.0010066569,5.325746e-05,706,test
0.00074335106,0.00035997943,0.9945292,0.00032173243,0.0009643536,0.00020605825,0.0027893814,8.589843e-05,707,test
0.0001552936,0.00032639763,0.9980108,0.00016408016,0.0003048224,0.00012625857,0.0008647596,4.75662e-05,708,test
0.99762136,0.00054111704,0.000100267076,3.395652e-06,0.00095077866,0.00038884216,0.00036864495,2.5487945e-05,709,test
0.00015173768,0.00031078278,0.9978933,0.00017182871,0.00025318997,0.000105536215,0.001048383,6.523313e-05,710,test
0.00031519713,0.00051814946,0.996985,0.00022595792,0.0005002166,0.00015488283,0.0012252533,7.5306336e-05,711,test
0.00011101723,0.00025197316,0.9981585,0.00017843924,0.00026472777,9.356678e-05,0.0009070827,3.4630935e-05,712,test
0.9975432,0.00038623763,9.259366e-05,5.7757675e-06,0.00093310676,0.00039396688,0.0006272928,1.7825872e-05,713,test
0.99777275,0.00027976156,5.543932e-05,4.5020015e-06,0.0010475678,0.00041522647,0.00041123695,1.3426671e-05,714,test
0.9970752,0.00040350034,0.000121403704,7.388023e-06,0.0011811693,0.0004116398,0.0007758308,2.3868763e-05,715,test
0.00014273616,0.0002881728,0.99790466,0.00019179391,0.000274342,0.00010245107,0.0010443543,5.157541e-05,716,test
0.00035898297,0.00023561849,0.0006527912,1.2460084e-06,0.0005695209,3.4862176e-05,0.0019976506,0.9961494,717,test
0.9981359,0.00031526168,5.0975657e-05,4.5311654e-06,0.0007662661,0.00034686376,0.0003679889,1.2154346e-05,718,test
0.00015734158,0.0003095178,0.99781466,0.00021607826,0.00031767777,0.00012840523,0.000999498,5.6852892e-05,719,test
0.0016010279,0.001931596,0.98718494,0.0005450549,0.0025008798,0.0011486206,0.004679184,0.00040876234,720,test
0.0020676958,0.0019082215,0.0030356979,2.1264292e-05,0.0009452167,0.0010890542,0.0048419973,0.9860908,721,test
0.99790156,0.00026420748,3.603171e-05,4.502063e-06,0.00084183004,0.00049848086,0.00043664512,1.6728582e-05,722,test
0.010087827,0.00834524,0.0032856432,0.00015562266,0.0094902795,0.0025529433,0.009902117,0.9561804,723,test
0.00041763324,0.00090952934,0.995182,0.00032725875,0.0008831053,0.00037710107,0.0017377216,0.0001656102,724,test
0.00034839966,0.00067822094,0.9946696,0.00023633754,0.00090517505,0.00038716625,0.0025640428,0.00021101642,725,test
0.00033128416,0.00072093547,0.99597037,0.0002646929,0.00060842535,0.00030894158,0.0016358041,0.00015953823,726,test
0.99842095,0.00018521782,2.1827396e-05,4.1158924e-06,0.000597498,0.00038275644,0.00037689728,1.0784611e-05,727,test
0.9980452,0.00027236794,3.066762e-05,4.675725e-06,0.000848611,0.00040574966,0.0003800567,1.264727e-05,728,test
0.00032386696,0.0009144466,0.9954703,0.00031612875,0.00075913745,0.00033083817,0.0016847124,0.00020062695,729,test
0.00033361747,0.00085567986,0.995723,0.00027037426,0.0007329282,0.00030078556,0.001590167,0.00019341843,730,test
0.00036674755,0.0007567233,0.9957599,0.00028537444,0.0006536321,0.0003299644,0.0016591431,0.00018858591,731,test
0.9667947,0.0030630901,0.009629966,0.00024310523,0.004410097,0.008307865,0.0070442166,0.0005069953,732,test
0.0003245205,0.0009056933,0.9942993,0.00037287644,0.001066111,0.00037732808,0.0024740153,0.00018015494,733,test
0.9978969,0.00030854982,4.1940108e-05,5.295245e-06,0.0007504174,0.00054117694,0.00043896827,1.6686281e-05,734,test
0.99730337,0.00033157985,5.0707677e-05,5.0864373e-06,0.0013401593,0.0005488169,0.00040489106,1.5459407e-05,735,test
0.0003195159,0.0008937201,0.99557024,0.0002693233,0.00081811054,0.00031404043,0.0016145173,0.00020051567,736,test
0.9977054,0.00022789727,4.0220464e-05,5.8986807e-06,0.0009980827,0.000535542,0.00047271673,1.4199189e-05,737,test
0.0031881393,0.004173701,0.0028265342,3.7153826e-05,0.002651078,0.001214606,0.004896564,0.9810122,738,test
0.00031288498,0.0007635115,0.9960847,0.00029217536,0.0006983439,0.00024997827,0.0014424718,0.00015590993,739,test
0.0003275308,0.00076304807,0.9953295,0.00039572103,0.0007314712,0.0002964471,0.0020163734,0.00013991569,740,test
0.00033677855,0.0011993647,0.9941803,0.00037002336,0.0011387076,0.0003794,0.0021567172,0.00023868118,741,test
0.9979248,0.00027227978,3.312106e-05,5.797638e-06,0.0009267596,0.00043852782,0.00038639683,1.2338689e-05,742,test
0.99551564,0.00068794284,0.00011590583,8.459992e-06,0.0010789213,0.001838078,0.00065339956,0.000101810154,743,test
0.0004002198,0.00089915213,0.99541074,0.00025009873,0.0007124797,0.00033666537,0.0018024627,0.00018822319,744,test
0.00038024667,0.00058232754,0.99576205,0.00030382682,0.000780408,0.00033836727,0.0017258008,0.00012688513,745,test
0.0003141607,0.00089028775,0.99521834,0.0003729032,0.0010460379,0.0003378697,0.0016764025,0.00014401689,746,test
0.00035376562,0.00065282325,0.99604875,0.00028906544,0.00059935404,0.00029300718,0.0016081275,0.00015513723,747,test
0.00041077545,0.0010076028,0.9947625,0.00038316063,0.00086322293,0.00039148147,0.0019938496,0.00018740623,748,test
0.0015839529,0.0015434636,0.98337275,0.0019574622,0.0022238311,0.0026760823,0.0056760926,0.0009662978,749,test
0.00030886568,0.0009162326,0.995548,0.000343726,0.0007888557,0.0003400571,0.0015797062,0.00017450696,750,test
0.00435995,0.001861514,0.0010063,0.00028627968,0.0020605572,0.98867524,0.0006169072,0.0011333319,751,test
0.9979657,0.00029275697,4.4628672e-05,6.1744145e-06,0.00065365253,0.000560476,0.00045805483,1.8685772e-05,752,test
0.9978289,0.00031825574,3.9568324e-05,4.9544224e-06,0.0006936756,0.00062089006,0.00047456162,1.9203824e-05,753,test
0.99380165,0.0009610229,0.0003726843,1.37607785e-05,0.0015938795,0.0017943248,0.0013912078,7.15137e-05,754,test
0.00026029162,0.00079792883,0.99600345,0.00023808242,0.00066306605,0.00028528558,0.0015761212,0.00017572517,755,test
0.0013907326,0.002105492,0.98899555,0.00046331345,0.0026292924,0.0008732934,0.0033179924,0.00022430242,756,test
0.00031572123,0.00089315267,0.9956529,0.00029124183,0.0006749857,0.0003180697,0.0016371093,0.00021680522,757,test
0.00036917196,0.00080811715,0.9953187,0.00035123638,0.00074103626,0.00030630035,0.0019131626,0.00019225104,758,test
0.014250985,0.96548826,0.007817375,2.258188e-05,0.0027922571,0.0014895083,0.0003661415,0.007772824,759,test
0.99774593,0.00026788036,3.4795055e-05,6.3067055e-06,0.00097564165,0.00053541857,0.0004194256,1.4490164e-05,760,test
0.001352554,8.266282e-05,0.00035704955,6.0521663e-05,0.9976833,0.00014819758,0.00014420501,0.00017147273,761,test
0.01646053,0.95707166,0.008464883,4.3876724e-05,0.005719357,0.002018181,0.0007568136,0.009464637,762,test
0.0009804829,5.1333336e-07,3.9974482e-05,5.049871e-05,5.996398e-06,8.743103e-07,0.99879956,0.000122066245,763,test
0.00039837454,0.0009064702,0.99511576,0.0003454907,0.0009088684,0.00038631397,0.0017540923,0.00018452758,764,test
0.99801636,0.00025273842,3.836399e-05,4.5439324e-06,0.0007256532,0.00048735706,0.00045894826,1.612693e-05,765,test
0.00056741363,0.0009724367,0.99290186,0.0006126382,0.0011558554,0.00045105434,0.0031474454,0.00019137113,766,test
0.0003098429,0.00087950384,0.9957136,0.00027142497,0.0007004253,0.0002848595,0.001645404,0.0001950418,767,test
0.00031915854,0.0008477628,0.99563897,0.00033047036,0.0006267197,0.00032102063,0.0016950212,0.0002209682,768,test
0.9973666,0.00048779696,6.526526e-05,5.2797827e-06,0.0010221715,0.0005531073,0.00047473455,2.507459e-05,769,test
0.99792695,0.00024438964,4.1857096e-05,4.9530095e-06,0.00081911037,0.00049619575,0.000453169,1.3457488e-05,770,test
0.00045266852,0.001025134,0.9949799,0.000297437,0.0009148517,0.00038107333,0.0017588618,0.00019010241,771,test
0.00039749686,0.00071147067,0.99509513,0.00055866427,0.00092812954,0.0004024825,0.0017531796,0.00015347429,772,test
0.00040167457,2.2706876e-05,0.00010079042,1.0510939e-05,0.9993248,1.3899298e-05,5.3774533e-05,7.183561e-05,773,test
0.0009727342,0.00080651726,0.98816144,0.0016139077,0.0017943041,0.0007894475,0.0055189035,0.00034262173,774,test
0.0003623412,0.0006904816,0.9960651,0.00028498398,0.0006156276,0.00030231895,0.0015009398,0.00017825188,775,test
0.025060061,0.79859084,0.031811275,0.00088682736,0.022382166,0.027199008,0.009552509,0.08451728,776,test
0.017572057,0.0076814573,0.013189991,0.0006942597,0.00937822,0.002815479,0.0620021,0.8866665,777,test
0.00035083955,0.00082638755,0.9958264,0.00027692513,0.00068967073,0.00030843337,0.0015763153,0.00014489768,778,test
0.9974089,0.00035135218,7.33738e-05,6.4573896e-06,0.0006813693,0.00082145765,0.0006307552,2.6244998e-05,779,test
0.9970975,0.00031941396,4.792962e-05,9.340258e-06,0.0012237093,0.0005358981,0.00074741675,1.8906061e-05,780,test
0.014360648,0.9660215,0.0071304715,2.1485934e-05,0.002910481,0.0015633809,0.00037260333,0.007619387,781,test
0.9980317,0.0002544602,2.6981837e-05,3.96087e-06,0.00083803345,0.0005104147,0.00032393323,1.0586826e-05,782,test
0.0016097659,0.00026113025,0.00024006414,2.8418975e-05,0.00024575734,0.99741685,0.00010105482,9.6999865e-05,783,test
0.00046133652,0.0010052783,0.99488175,0.0003755858,0.00092887576,0.00038925436,0.0017664541,0.00019152225,784,test
0.00035960562,0.0005161063,0.99592507,0.00026782101,0.0005603769,0.00027465794,0.0019382728,0.0001580979,785,test
0.0003138933,0.00065822597,0.995774,0.00030457837,0.0007070481,0.00037979858,0.001761258,0.00010122385,786,test
0.99368095,0.00077668653,0.00027570358,1.895267e-05,0.0022633658,0.0020642474,0.0008749881,4.513904e-05,787,test
0.0003960017,0.000977342,0.99518895,0.00033898302,0.0007757471,0.00034643733,0.0017883553,0.00018815415,788,test
0.00041419675,0.0007211612,0.9956743,0.000331434,0.0006215864,0.0003293108,0.0017413183,0.00016654906,789,test
0.00036531466,0.00086677086,0.9955857,0.00023816236,0.0007381312,0.00028839862,0.0017033819,0.00021423752,790,test
0.0004484658,0.0011002806,0.9944062,0.0003382522,0.0008672249,0.00039752276,0.0021647315,0.00027733253,791,test
0.0003165548,0.00085988094,0.99574393,0.00023169914,0.00072023494,0.00036421578,0.0015328956,0.00023057914,792,test
0.00032897753,0.0008952085,0.9952474,0.00035864505,0.00072105037,0.0003515778,0.0018930067,0.0002041116,793,test
0.00028854067,0.0007925046,0.99589276,0.00028201527,0.0006976126,0.00029064793,0.0015917271,0.00016420183,794,test
0.00031422052,0.00087979174,0.9954774,0.00029630712,0.00075290806,0.0003200085,0.0017562876,0.00020312054,795,test
0.00028080464,0.0006593569,0.9962404,0.0002686142,0.000657645,0.00024870015,0.001537712,0.0001068018,796,test
0.997903,0.00020362265,3.3652428e-05,4.1282356e-06,0.0008490183,0.0004862996,0.00050878705,1.1439763e-05,797,test
0.00027885858,0.0007665789,0.9953171,0.00037758017,0.0007309945,0.00029859153,0.002069488,0.00016078829,798,test
0.9960161,0.0005926444,0.00013820006,1.23733735e-05,0.001067606,0.0013397762,0.0007821992,5.1057228e-05,799,test
0.9980824,0.00022047819,2.2169635e-05,3.0287028e-06,0.0008853835,0.00045672644,0.00032034845,9.517171e-06,800,test
0.00027266899,0.0008859712,0.9955273,0.00028291912,0.00074353634,0.00029435827,0.0018193985,0.00017371628,801,test
0.0013173145,1.4977329e-06,0.00012316174,9.7764394e-05,1.8096327e-05,3.3251383e-06,0.9980708,0.00036807562,802,test
0.99751925,0.00025799833,4.3904805e-05,8.803264e-06,0.0010596821,0.00045840873,0.00063553377,1.6464679e-05,803,test
0.9981363,0.00027114386,3.0028132e-05,5.0008716e-06,0.0007423566,0.0004447418,0.00035775016,1.2673333e-05,804,test
0.9970867,0.00034164352,4.0473475e-05,1.1032127e-05,0.0013321026,0.00051443937,0.0006519585,2.1651273e-05,805,test
0.00035558487,0.0009220219,0.99510264,0.0003656751,0.00081596425,0.000357527,0.0018847898,0.00019566636,806,test
0.9978568,0.0002866802,3.0230858e-05,6.132775e-06,0.000965865,0.00046192203,0.00038149566,1.088535e-05,807,test
0.00029346015,0.0007474355,0.99602675,0.00023517328,0.0006358226,0.00031418743,0.0015707463,0.00017646686,808,test
0.99571013,0.00037887835,6.2396764e-05,1.0957799e-05,0.0021711555,0.00076115323,0.0008796933,2.5615613e-05,809,test
0.00043096812,0.00074849726,0.99536973,0.0002888637,0.00075994624,0.0003514316,0.0018639542,0.00018649944,810,test
0.00046298915,0.0008721205,0.9949791,0.00024335862,0.0006648104,0.00035244517,0.002238849,0.00018634554,811,test
0.0003370594,0.00078104134,0.99493635,0.00046495756,0.000859736,0.00027304146,0.00219571,0.00015203236,812,test
0.0002733039,0.0006567568,0.99580437,0.00033868582,0.00071057124,0.00031249097,0.0017754154,0.00012843171,813,test
0.0045369104,0.0026198863,0.97650313,0.0008462321,0.0033318128,0.0022591036,0.009192462,0.00071052206,814,test
0.0014229474,0.001044594,0.0011531932,6.4032683e-06,0.00055993686,0.00035909272,0.0029320132,0.9925218,815,test
0.0011232201,0.0010515362,0.0010548577,5.6658528e-06,0.0005757367,0.00030311197,0.0024922139,0.9933936,816,test
0.0003038437,0.0008719721,0.99422026,0.0005415928,0.0010158608,0.000311242,0.0025634198,0.00017180778,817,test
0.0018545334,0.0003044836,0.0005267712,3.7544614e-05,0.00029424552,0.99642146,0.00030258,0.0002584491,818,test
0.014372191,0.96823746,0.0062439865,1.9605553e-05,0.0031083554,0.0013296775,0.000429058,0.006259661,819,test
0.00032113233,0.0006463153,0.99590564,0.00027654177,0.0005739461,0.0002972794,0.0018084153,0.00017076773,820,test
0.99664706,0.00038044076,6.275124e-05,1.078049e-05,0.0008833875,0.00086190813,0.0011074389,4.6245998e-05,821,test
0.00027486548,0.00066347624,0.9963831,0.00022489883,0.0005504234,0.00025503975,0.0015171424,0.00013112329,822,test
0.016692784,0.96663463,0.005999607,2.0777852e-05,0.0033949122,0.0013752443,0.00051014655,0.0053718616,823,test
0.0004060972,0.0008742633,0.995421,0.00035552788,0.0009775616,0.00029058784,0.0015270342,0.00014795999,824,test
0.00034556567,0.00083751,0.99539906,0.00036867804,0.00084038236,0.00036752978,0.0016707493,0.00017057543,825,test
0.00035059015,0.000995353,0.994961,0.00031094294,0.0008203623,0.0003277982,0.0020386798,0.00019526889,826,test
0.0011123341,0.001236734,0.0019159777,7.266657e-06,0.00058215833,0.00042424194,0.0026282098,0.99209315,827,test
0.99798477,0.00027709454,2.800686e-05,5.456697e-06,0.00083584903,0.00047372113,0.00038266915,1.2366678e-05,828,test
0.0012453406,0.0009631877,0.0009707957,5.4836305e-06,0.0005070292,0.00030008584,0.002695188,0.993313,829,test
0.0003670998,0.0006056624,0.9958762,0.00028718082,0.00061956514,0.00030951633,0.0018064511,0.00012830007,830,test
0.9968725,0.0004384595,4.4169927e-05,7.301482e-06,0.0014712088,0.00059583475,0.00054517126,2.538278e-05,831,test
0.99776614,0.000275717,3.7531656e-05,6.992108e-06,0.00096290326,0.0004331439,0.00050261104,1.4930884e-05,832,test
0.0010368347,0.0016565364,0.9906042,0.000512201,0.0015697262,0.0006621528,0.0036632193,0.00029499948,833,test
0.00042259938,0.0006701169,0.9954513,0.000322584,0.00087265676,0.0003692669,0.0017737866,0.000117681826,834,test
0.0004178964,0.0011417088,0.9944283,0.00029486278,0.001036683,0.00039867777,0.0020621377,0.0002198896,835,test
0.00034590327,0.00089555536,0.9952495,0.0002979506,0.0007879727,0.00031907446,0.0018939481,0.00021009496,836,test
0.0002679455,0.0007066706,0.99598336,0.0002756173,0.00077800435,0.00029432267,0.0015287991,0.00016536053,837,test
0.0005851606,0.00082547445,0.99157834,0.0005895625,0.0020200426,0.0005547224,0.0036907133,0.0001559219,838,test
0.0049196067,6.310601e-05,0.0029452895,0.0017096953,0.0010292955,7.973932e-05,0.9780858,0.01116746,839,test
0.00021655932,0.000567264,0.99759763,0.00012736028,0.00037079494,0.00019584947,0.00081033446,0.000114179165,840,test
0.00025678278,0.00046380123,0.99724436,0.00018084058,0.0005354061,0.000252561,0.000978384,8.779416e-05,841,test
0.0003004967,0.0007384859,0.99641234,0.00018278389,0.00070356386,0.00025647605,0.0013072166,9.872674e-05,842,test
0.9989104,0.00022844532,8.92549e-06,5.909014e-07,0.0007003904,6.432368e-05,8.522802e-05,1.6534115e-06,843,test
0.9989209,0.00018534591,1.8467254e-05,1.4716843e-06,0.00044927286,0.0001809495,0.00023620666,7.384968e-06,844,test
0.010356096,0.97914666,0.0029971686,5.100816e-06,0.0015063642,0.00060928933,0.00013615511,0.0052431687,845,test
0.00019270257,0.0006473987,0.9974585,0.000115528346,0.00044513866,0.00021452775,0.00079757447,0.00012866873,846,test
0.0003787145,0.00064365217,0.9967912,0.00019987534,0.0005056637,0.00023375888,0.0011283135,0.00011882565,847,test
0.00033081535,0.00067226397,0.9968495,0.00018590325,0.0005270294,0.00025734608,0.0010586607,0.00011845107,848,test
0.00033866413,0.00063751574,0.99711704,0.00013898867,0.00052245986,0.0002086879,0.000948528,8.806721e-05,849,test
0.99861395,0.00021502795,1.4914286e-05,1.8322198e-06,0.00076955353,0.00024462346,0.00013518824,4.9590576e-06,850,test
0.0010878455,0.00013746326,0.00013299783,1.1757334e-05,0.00013335777,0.9983494,6.0898627e-05,8.626441e-05,851,test
0.9989492,0.00018281672,1.48647705e-05,1.1371067e-06,0.00053915405,0.00014679821,0.00016149881,4.4576877e-06,852,test
0.99859804,0.0002523699,3.160904e-05,1.8158602e-06,0.0005106007,0.00027217908,0.00032235196,1.1110113e-05,853,test
0.00037039976,0.0005855946,0.99677116,0.00019834145,0.00056470605,0.00027272082,0.0011227436,0.00011422197,854,test
0.00032850073,0.0006573985,0.9972132,0.00013259599,0.0004798655,0.0002529549,0.00081605377,0.000119442426,855,test
0.011888652,0.9785524,0.0036100794,5.685654e-06,0.0014723807,0.00061335566,0.00015363049,0.0037038582,856,test
0.9990959,0.00015071084,1.0075182e-05,1.0202664e-06,0.00048677696,0.000103191014,0.00014966141,2.7503409e-06,857,test
0.00033559868,0.0006912897,0.99682,0.00016802618,0.00052231963,0.00025731736,0.0010940519,0.000111416026,858,test
0.00029932166,0.00085777545,0.99678266,0.00014963878,0.00056105613,0.00024459738,0.00096974813,0.00013515438,859,test
0.00027515326,0.0006980767,0.9972361,0.00012216585,0.00047651614,0.00020801055,0.00088023435,0.00010380497,860,test
0.0002626208,0.00078327634,0.9967411,0.00020734002,0.00053903327,0.0002770339,0.0010598619,0.00012971631,861,test
0.0003985349,0.0010232626,0.995776,0.00027409923,0.0008766367,0.00027769044,0.001251511,0.00012232353,862,test
0.0002933719,0.00065770844,0.99680746,0.00018628035,0.0005387022,0.0002113794,0.0012218459,8.333499e-05,863,test
0.00034878645,0.000653522,0.99687374,0.00016613049,0.000497404,0.00025766963,0.0010875762,0.00011510353,864,test
0.99888533,0.00021598772,1.936745e-05,1.6014424e-06,0.00050895923,0.00017999939,0.00018332197,5.486429e-06,865,test
0.005174375,2.162013e-05,0.00096463197,0.0006207817,0.00030423992,3.851625e-05,0.98444134,0.008434474,866,test
0.00032632708,0.0005190214,0.9961939,0.00041219222,0.00057333056,0.0002992025,0.0015811367,9.490348e-05,867,test
0.0002814025,0.0007568138,0.99656457,0.0002289458,0.00064786366,0.0003011549,0.0011007166,0.00011857032,868,test
0.0002676318,0.0005850301,0.9971425,0.00020977373,0.0004585005,0.00018176665,0.0010555956,9.923781e-05,869,test
0.0005818503,0.0007483999,0.9958198,0.00021474391,0.000599543,0.0002722647,0.0016026143,0.00016074529,870,test
0.9991509,0.00015568259,1.5881878e-05,8.7863566e-07,0.00040947288,0.00012470676,0.0001385256,4.042838e-06,871,test
0.0002743254,0.00079555454,0.9968437,0.00022949529,0.0005352111,0.00027482686,0.0009290102,0.00011795315,872,test
0.00026564137,0.00069143577,0.9972236,0.00013587896,0.00047464727,0.00021135132,0.0008736875,0.00012380372,873,test
0.00022667141,0.00067256414,0.9972217,0.00015212805,0.00049186836,0.00023516772,0.00087972026,0.000120285134,874,test
0.9990889,0.00019704273,1.637248e-05,8.7896836e-07,0.00041956396,0.00014304831,0.0001299274,4.320117e-06,875,test
0.00028206652,0.00053951447,0.99757,0.000105097926,0.00037017622,0.00021387983,0.0008105516,0.000108628585,876,test
0.00032223933,0.00059731514,0.99706644,0.00014350143,0.00046479283,0.00017497006,0.0011415102,8.921814e-05,877,test
0.9986033,0.00024558412,2.2973984e-05,1.0272636e-06,0.00067306054,0.00023802122,0.0002083945,7.5866224e-06,878,test
0.9991479,0.00014287133,1.0442144e-05,1.1221033e-06,0.00040346454,0.00011680553,0.00017350046,4.007071e-06,879,test
0.99890244,0.00020747657,2.5890771e-05,1.6395617e-06,0.00036288993,0.00028792967,0.00020356668,8.23975e-06,880,test
0.00028320638,0.0006133802,0.9974491,0.00012438423,0.00042150068,0.00018781921,0.0008175782,0.00010293706,881,test
0.99838626,0.00037106327,6.837109e-05,1.501111e-06,0.00060054974,0.00028374078,0.00027757956,1.0847911e-05,882,test
0.00034718323,0.00066667213,0.99619615,0.0003197772,0.000756164,0.00030854403,0.001306249,9.932769e-05,883,test
0.0003762001,0.0008337927,0.996603,0.00016818773,0.0005965082,0.0002541044,0.0010258594,0.00014236466,884,test
0.9991184,0.00018855833,9.942768e-06,6.5629837e-07,0.0004600518,0.000119269236,0.00010050673,2.6384962e-06,885,test
0.00033581903,0.0008396841,0.99691427,0.0001773017,0.0005415713,0.00020861282,0.00084302196,0.00013969811,886,test
0.00025112674,0.0006380539,0.9974644,0.00013392826,0.00037998808,0.0002176351,0.0007903098,0.00012459699,887,test
0.98678815,0.0022033006,0.0014061072,9.1591166e-05,0.0036868795,0.003245517,0.0024215213,0.00015699264,888,test
0.0117438845,0.9683782,0.005159797,1.40517e-05,0.0019539457,0.0017510096,0.00021800687,0.010781137,889,test
0.00034212237,0.00081510766,0.99661475,0.0002616768,0.00065249566,0.0002995402,0.0009096357,0.00010476234,890,test
0.00022762755,0.0006730786,0.99726427,0.00014026817,0.0004892969,0.00022688849,0.0008487249,0.00012989546,891,test
0.00029318815,0.00061352545,0.9968303,0.00019829118,0.0006639456,0.0002716887,0.0010489104,8.012429e-05,892,test
0.00050075655,0.0005679745,0.9965759,0.00014459218,0.00059887685,0.00023365111,0.00125994,0.000118323616,893,test
0.0018614018,0.001119529,0.9913054,0.00020525676,0.0015269915,0.0007193487,0.0029810318,0.0002810814,894,test
0.00033807344,0.00074713066,0.9964645,0.00024883673,0.00065356336,0.0002619047,0.0011840255,0.00010187435,895,test
0.00033958897,0.00063111336,0.9970958,0.00013905704,0.00043427697,0.00019528034,0.0010744225,9.035817e-05,896,test
0.9989772,0.000198242,1.3614641e-05,1.2351045e-06,0.0004903501,0.00014873022,0.00016591849,4.654821e-06,897,test
0.0020460554,0.00013551596,0.0005553574,6.0953113e-05,0.99671006,0.0002955873,0.00012665603,6.977055e-05,898,test
0.00025339806,0.00066347484,0.99754274,0.00011628681,0.0003683666,0.00021071869,0.0007251556,0.00011982652,899,test
0.014709916,0.021714728,0.012048053,0.00011063607,0.002077316,0.3753341,0.004724265,0.569281,900,test
0.99852055,0.00024204292,2.2513028e-05,1.9023712e-06,0.00078368234,0.00019261565,0.00023142749,5.2504315e-06,901,test
0.0002523745,0.00068316614,0.99705374,0.00019423458,0.00048140623,0.00025602756,0.00096198,0.00011698232,902,test
0.00030340746,0.00062171626,0.9968458,0.00015607505,0.00047086267,0.00021681444,0.001257562,0.00012767054,903,test
0.00036824073,0.00043932465,0.9970407,0.00014776987,0.00048980274,0.00016784843,0.0012437641,0.00010264842,904,test
0.99880934,0.00021229574,1.840924e-05,1.726795e-06,0.00052683137,0.00020290831,0.00022146494,6.9883336e-06,905,test
0.001621016,8.70428e-05,0.00022839854,2.1516535e-05,0.9978794,5.1188617e-05,6.2935214e-05,4.8526053e-05,906,test
0.00028687014,0.000608121,0.9969547,0.00018934197,0.0005115874,0.00026063935,0.0010846859,0.00010404968,907,test
0.0014520088,0.0040948465,0.95678264,0.0025673718,0.028726071,0.0019619917,0.004082213,0.00033278062,908,test
0.0003401645,0.00078851386,0.99639624,0.00015877269,0.00062527054,0.0002651955,0.0012310412,0.00019485247,909,test
0.00031943948,0.0005955939,0.997122,0.00016461583,0.0004128063,0.00024307446,0.0010273587,0.00011513164,910,test
0.00026916218,0.0005161907,0.9972746,0.00016854184,0.0005190818,0.00020465083,0.0009649314,8.282225e-05,911,test
0.00027719417,0.0007076059,0.99700963,0.0001599213,0.0005402731,0.00025369803,0.0009480618,0.00010351155,912,test
0.00029274306,0.000722434,0.9968321,0.00016885855,0.0005799047,0.00027593796,0.0010181499,0.00010988464,913,test
0.99928004,0.0001249623,1.2131187e-05,7.995649e-07,0.00033405944,0.0001229201,0.00012197712,3.1166492e-06,914,test
0.00022175907,0.0006391968,0.9973774,0.00013191509,0.0003811782,0.0002457127,0.0008715111,0.00013140331,915,test
0.00027130276,0.00058121706,0.99728215,0.00013231751,0.00039044576,0.00025219217,0.00097455876,0.00011591877,916,test
0.9981483,0.0003215453,6.937127e-05,2.652459e-06,0.0005941073,0.0004130149,0.0004385725,1.2401694e-05,917,test
0.0002185068,0.00060833595,0.99741447,0.00014629909,0.0004590844,0.00021214692,0.00082019647,0.00012091744,918,test
0.00040266168,0.0007437451,0.9963174,0.00018084695,0.0007564967,0.00029832748,0.0012075185,9.294194e-05,919,test
0.0003220256,0.00075174525,0.9966826,0.00020367993,0.00054929923,0.00025841795,0.001098259,0.00013386131,920,test
0.0016750809,0.0011694098,0.99277496,0.00019686548,0.0014800776,0.0005073144,0.0019993372,0.000196956,921,test
0.011678848,0.98010945,0.002819559,4.813839e-06,0.0017364953,0.00049071293,0.0001536528,0.0030064872,922,test
0.00023757861,0.00072371756,0.99720556,0.00014653707,0.00046156728,0.00024083597,0.0008576616,0.0001265749,923,test
0.99890006,0.00020804869,2.4789366e-05,1.7913055e-06,0.00043898946,0.00020447132,0.00021560195,6.200072e-06,924,test
0.0012024053,0.00087922707,0.0006494013,2.6563512e-06,0.0005333768,0.00015614946,0.0022131386,0.99436367,925,test
0.00030207506,0.0010051908,0.996461,0.00014940016,0.0007933069,0.00029061025,0.00088732276,0.00011114458,926,test
0.9979426,0.0005530601,7.475834e-05,1.5306344e-06,0.0008227203,0.00040246052,0.00018814292,1.466056e-05,927,test
0.998767,0.00026551358,4.1651117e-05,1.6580228e-06,0.00045271774,0.00021940217,0.00024429767,7.725387e-06,928,test
0.00028208713,0.0006992141,0.997036,0.00015501074,0.00053594884,0.00024527515,0.00093757943,0.00010885616,929,test
0.9985519,0.0002163332,1.487285e-05,1.7963753e-06,0.00085366616,0.00016187133,0.00019301097,6.5714003e-06,930,test
0.0003512295,0.00061046873,0.99664426,0.00019116479,0.00064775604,0.00031058447,0.0011752296,6.92962e-05,931,test
0.99767536,0.00037844898,4.669998e-05,5.7682864e-06,0.0009592052,0.00056436,0.0003555601,1.4680918e-05,932,test
0.99870944,0.00021894704,2.1995085e-05,1.5771848e-06,0.00056561636,0.00021487588,0.00025930032,8.239697e-06,933,test
0.00028043677,0.0006864908,0.9972274,0.00016967257,0.00042689234,0.0002360976,0.0008432759,0.00012972007,934,test
0.00027193324,0.000707794,0.99726796,0.00014554427,0.00042698442,0.00026832282,0.0007814328,0.000130051,935,test
0.0003217477,0.00078157336,0.99676216,0.00014271327,0.00051928434,0.0003196835,0.001003927,0.00014886113,936,test
0.00029856758,0.0006805295,0.99706024,0.00015641816,0.0005032047,0.00024794127,0.00091421464,0.00013880445,937,test
0.06099871,0.0025639164,0.0030541779,6.669888e-05,0.0015856905,0.92978495,0.0011476772,0.0007981307,938,test
0.00071624265,0.0006252874,0.9935201,0.0004766886,0.0016891797,0.00037871892,0.002476626,0.00011718545,939,test
0.00039798266,0.0006472764,0.9964933,0.00022140238,0.00066240685,0.00027419574,0.0012014289,0.00010199872,940,test
0.0011755979,0.0007624342,0.99447626,0.0003225174,0.0011910826,0.0007525057,0.0012302367,8.9433015e-05,941,test
0.00024263992,0.00052438624,0.9974528,0.00013274196,0.0003842504,0.000244766,0.00090533606,0.00011308851,942,test
0.9989126,0.00023319181,2.5065292e-05,1.1772253e-06,0.00037356617,0.00025175625,0.00019635128,6.4360106e-06,943,test
0.9988065,0.00024021986,3.3496337e-05,9.478638e-07,0.00051087723,0.00023944379,0.0001626789,5.8224837e-06,944,test
0.00026964355,0.0006202721,0.99733883,0.00013788957,0.00041701642,0.00022449026,0.0008791664,0.00011273792,945,test
0.00044437475,0.00083890185,0.99659085,0.00015793947,0.0005371023,0.00029055862,0.0009914862,0.00014876487,946,test
0.7958973,0.008147387,0.1541386,0.00076799863,0.011064186,0.010913926,0.016988957,0.0020816582,947,test
0.00025765743,0.0007312426,0.9971623,0.00015924503,0.00047194204,0.00023718347,0.0008513915,0.00012904877,948,test
0.00027928033,0.00059244066,0.99723697,0.00015123136,0.00044798694,0.00020677225,0.0009619706,0.00012324522,949,test
0.00028279758,0.00068838603,0.9972126,0.00017691503,0.00043842322,0.00020725778,0.00088574266,0.00010784957,950,test
0.00033050432,0.0007671013,0.99648607,0.00024295997,0.0006770477,0.0002867651,0.0011018608,0.0001075958,951,test
0.001005161,4.172469e-06,0.00035131926,0.00017259267,7.903595e-05,4.506961e-06,0.9972005,0.001182878,952,test
0.9962847,0.0006389528,0.00010316292,1.49823345e-05,0.0011230994,0.0009794651,0.000804224,5.136853e-05,953,test
0.00029553287,0.0005966075,0.99716824,0.00017735161,0.0005162198,0.00022030273,0.0009413155,8.435074e-05,954,test
0.0017744044,8.75367e-05,0.0001567017,5.9369584e-05,0.00023318644,0.9975055,0.00012652013,5.6784345e-05,955,test
0.0003636829,0.00065069017,0.9968263,0.00017689086,0.0004543518,0.0002622298,0.0011353872,0.00013045366,956,test
0.0002802779,0.0007354961,0.9969201,0.00020437023,0.00056547625,0.00020053456,0.0009958486,9.7843804e-05,957,test
0.0004157636,0.0005828866,0.9962135,0.00025136783,0.0006528525,0.000217306,0.0015609668,0.00010539646,958,test
0.00851057,0.005327026,0.004142311,0.00024272756,0.013717541,0.006756126,0.008170014,0.9531337,959,test
0.99807125,0.000310757,7.0454094e-05,3.9076544e-06,0.0005639557,0.00050104485,0.00045822997,2.048912e-05,960,test
0.0001704097,0.0005451306,0.99758744,9.143556e-05,0.0006175758,0.0001412121,0.000734846,0.00011197258,961,test
0.000116976546,0.00029727237,0.9980281,8.5584e-05,0.00051872944,9.730083e-05,0.0007581982,9.784687e-05,962,test
0.9978677,0.00041021433,5.273348e-05,3.900652e-06,0.00078547373,0.00050872925,0.0003520976,1.911914e-05,963,test
0.997747,0.00031368164,2.9592093e-05,4.2878055e-06,0.001160523,0.00036832644,0.00035830482,1.8291328e-05,964,test
0.9973066,0.00040534034,7.6639895e-05,4.572736e-06,0.000882355,0.00080330146,0.0004934024,2.7750408e-05,965,test
0.00020801344,0.0004453952,0.99737453,0.000107967426,0.00068427966,0.0001376848,0.00092390756,0.00011817318,966,test
0.00022908651,0.0003036692,0.9977811,9.161009e-05,0.00053564494,0.00014319825,0.00083005446,8.576452e-05,967,test
0.0003240864,0.00034903563,0.99679476,0.00013083115,0.0007632642,0.00013489435,0.0014017127,0.00010135343,968,test
0.00014075972,0.00029820384,0.9981798,6.222601e-05,0.0005059028,8.643906e-05,0.00064174674,8.506957e-05,969,test
0.00016667446,0.0004773969,0.9977077,9.198855e-05,0.0006075304,0.00012289605,0.00072311517,0.00010264551,970,test
0.9981103,0.00030137185,2.793814e-05,2.960209e-06,0.0009427661,0.00034405323,0.00026184414,8.911793e-06,971,test
0.997778,0.00025444743,2.9315404e-05,4.0209334e-06,0.0011140166,0.00047418996,0.00033119015,1.4778361e-05,972,test
0.00013209909,0.00042705878,0.9980667,6.0054856e-05,0.00050264254,0.000113215756,0.0005941829,0.00010397865,973,test
0.9978586,0.00026173695,4.1688345e-05,4.2967545e-06,0.00079295837,0.0005860184,0.00043194953,2.2699525e-05,974,test
0.9982755,0.0003010454,2.6961237e-05,3.3610024e-06,0.0008162405,0.00028039276,0.00028457344,1.1859783e-05,975,test
0.00013935109,0.00047940723,0.997775,7.444181e-05,0.0006114194,0.00012770598,0.00068453135,0.000108130334,976,test
0.07237613,0.061742146,0.01805734,0.005591682,0.022956645,0.008937238,0.25201035,0.55832845,977,test
0.9985519,0.00021409117,2.2079965e-05,2.8013465e-06,0.00065759494,0.00023734779,0.00030515352,9.0269605e-06,978,test
0.0001722515,0.00038590198,0.9977761,7.162537e-05,0.00055645,0.000109204404,0.00081244536,0.00011607478,979,test
0.00015379222,0.00051868585,0.99708325,0.0001345937,0.0010680988,0.00014909508,0.0008348905,5.76059e-05,980,test
0.00012692022,0.00030482604,0.99790657,6.759853e-05,0.00063006626,0.00012126229,0.0007620789,8.073142e-05,981,test
0.00017775112,0.00031397195,0.9979165,7.0891816e-05,0.00048329405,0.00010926447,0.00082990277,9.847039e-05,982,test
0.00013122974,0.00036603003,0.9980501,8.491215e-05,0.00050002395,9.73934e-05,0.00067744625,9.280324e-05,983,test
0.9977114,0.00044585683,7.484216e-05,4.2730303e-06,0.00076263316,0.0005110869,0.00046475607,2.5145557e-05,984,test
0.00012913253,0.00045607085,0.9979371,8.6443266e-05,0.00056530186,0.00010127622,0.0006312969,9.34622e-05,985,test
0.00016157939,0.00045215327,0.99770576,9.460629e-05,0.0005890408,0.00012278603,0.00078026194,9.387211e-05,986,test
0.00017133172,0.00040054272,0.9978255,8.450064e-05,0.0006709661,0.00011912535,0.0006450686,8.301742e-05,987,test
0.00013433119,0.00027328794,0.99790215,0.00012187425,0.0006097893,9.9419645e-05,0.00079683156,6.235648e-05,988,test
0.99801767,0.0003360293,6.441646e-05,3.9507645e-06,0.00069840933,0.0004995478,0.0003622006,1.7749497e-05,989,test
0.0001289584,0.00039401645,0.9979171,0.000109271205,0.0005456736,9.610072e-05,0.0007229211,8.589195e-05,990,test
0.0002968083,0.0002340989,0.0006360095,7.950478e-07,0.00023375735,5.6227207e-05,0.0009264409,0.99761593,991,test
0.00015829141,0.0005006804,0.9975407,8.051326e-05,0.00067971204,0.00012939727,0.0007991303,0.00011155837,992,test
0.00020077323,0.00045820756,0.9976546,9.081469e-05,0.0006394333,0.00012769227,0.0007128905,0.00011565226,993,test
0.0029039285,0.00039870135,0.0005911761,0.000107791784,0.0007447976,0.9947649,0.0003120139,0.00017671674,994,test
0.00014717336,0.0003670677,0.99801433,9.30413e-05,0.0005209348,9.841197e-05,0.0006922388,6.674025e-05,995,test
0.0057835192,0.9888494,0.0017906191,1.4812807e-06,0.0010857392,0.00011314702,5.3975487e-05,0.0023221134,996,test
0.99869883,0.00020140051,1.6632554e-05,2.119579e-06,0.00061354163,0.00021478735,0.0002447278,8.064783e-06,997,test
0.005858417,0.00049307325,0.002335908,0.00037385308,0.98722875,0.0023886582,0.00073159154,0.0005897376,998,test
0.00013665241,0.00040045928,0.9980482,6.650774e-05,0.0005233784,0.000103678874,0.0006166472,0.00010443646,999,test
0.00015356723,0.00027742036,0.99796695,0.00010213592,0.00054293196,0.0001270861,0.00076002127,6.970374e-05,1000,test
0.00013634967,0.00035686736,0.9979296,0.00010921151,0.0005242185,0.0001032434,0.0007669008,7.358733e-05,1001,test
0.00015326662,0.0003103106,0.99819094,6.508012e-05,0.00045889133,0.00011317458,0.00062258966,8.575957e-05,1002,test
0.001140674,0.0001534179,0.00085251493,2.7779164e-05,0.99734086,5.3311156e-05,0.00019954036,0.00023193598,1003,test
0.007375597,0.00087365514,0.0016167238,0.0009872105,0.0069575715,0.98090786,0.0008970863,0.0003844005,1004,test
0.99455833,0.001351483,0.00034915857,6.864297e-06,0.0017974181,0.0013089888,0.00054544065,8.234489e-05,1005,test
0.00018635805,0.00045775643,0.9977075,8.586687e-05,0.0005905395,0.00013153596,0.00072873296,0.00011166964,1006,test
0.00021563174,0.00038526297,0.99754333,8.9311725e-05,0.0006487146,0.00012597938,0.0008673176,0.00012439051,1007,test
0.9983997,0.00025188507,4.2932934e-05,3.102716e-06,0.00048367976,0.0004126991,0.00038894557,1.6993044e-05,1008,test
0.0001727666,0.0003368379,0.99803585,7.208573e-05,0.00046308077,9.3735594e-05,0.00072718965,9.8539844e-05,1009,test
0.00016966453,0.0003734712,0.99793077,7.010413e-05,0.0005111783,0.00010563393,0.0007241658,0.00011513178,1010,test
0.0030190079,0.00034834916,0.0019896277,0.00029302403,0.9925235,0.00038883436,0.00079182425,0.00064587285,1011,test
0.99841726,0.00023120413,2.2359432e-05,2.3485582e-06,0.00076873385,0.00030698147,0.00024141185,9.743216e-06,1012,test
0.00015154765,0.00026611728,0.99830925,6.472049e-05,0.00039496337,0.00010160447,0.0006382226,7.352041e-05,1013,test
0.00015470292,0.00037160938,0.99788046,7.231396e-05,0.00052405125,0.00012771021,0.0007730103,9.6168325e-05,1014,test
0.88916796,0.014797738,0.01098563,0.0016934314,0.03305363,0.022861855,0.02142726,0.0060125594,1015,test
0.0014233767,0.00049114134,0.00048854563,3.3952445e-05,0.00025616493,0.9966084,0.0002458897,0.00045253566,1016,test
0.04639977,0.018438628,0.016661623,0.0046351003,0.026963934,0.0016889223,0.7020238,0.18318817,1017,test
0.0006292471,0.0010275538,0.99341416,0.00037090704,0.0015213774,0.00044438842,0.0021800478,0.00041232572,1018,test
0.00015601059,0.00033179668,0.99790514,0.00011634626,0.00052891945,9.8958706e-05,0.00078338565,7.949008e-05,1019,test
0.00020030174,0.000381725,0.9977295,8.4122585e-05,0.0005710731,0.0001340193,0.0007934613,0.00010597189,1020,test
0.00012905528,0.000302824,0.9982382,8.218185e-05,0.0004396403,8.2255945e-05,0.00064386835,8.1906896e-05,1021,test
0.9985555,0.0002279114,2.25614e-05,2.8926884e-06,0.00057187444,0.00028269543,0.00032303465,1.35818345e-05,1022,test
0.00094429345,0.0018394296,0.9930112,0.00011682713,0.0011961852,0.0004964944,0.0018560579,0.000539539,1023,test
0.00058098504,0.0014864375,0.9928479,0.00012958873,0.0022861562,0.0006851594,0.0018300023,0.00015359209,1024,test
0.00016458725,0.00034862268,0.997962,7.8909754e-05,0.0004893384,0.000107408174,0.00075415045,9.4955045e-05,1025,test
0.059871756,0.0050496296,0.0074460777,0.006978125,0.7469926,0.16632879,0.0047975136,0.002535509,1026,test
0.99825245,0.0002611076,4.4412787e-05,3.5811781e-06,0.0006450305,0.00044398473,0.0003359121,1.3589644e-05,1027,test
0.9982362,0.00021482691,3.1216576e-05,3.95175e-06,0.0008157539,0.00031317974,0.00037262513,1.2223233e-05,1028,test
0.99767333,0.00039389502,6.413334e-05,3.887671e-06,0.00089934486,0.0005947711,0.00035667454,1.3946005e-05,1029,test
0.00014094147,0.00051881495,0.9976173,8.3864186e-05,0.0006923192,0.00012643155,0.0007072048,0.00011305842,1030,test
0.000118635566,0.00038660652,0.9980014,9.460184e-05,0.00055259257,0.00011343509,0.00064833474,8.429684e-05,1031,test
0.00015247354,0.0003860387,0.9980197,8.235825e-05,0.00047758603,0.00010842568,0.00066638563,0.00010699633,1032,test
0.00083052606,6.15627e-07,6.696061e-05,7.191543e-05,1.0704229e-05,1.7053017e-06,0.99880123,0.00021645245,1033,test
0.99858046,0.00019316068,2.7632745e-05,2.5724232e-06,0.0005986992,0.00029823647,0.00029023577,9.0967515e-06,1034,test
0.99860007,0.00020266102,1.5528878e-05,2.5573713e-06,0.00069534837,0.00024521846,0.00023045216,8.292587e-06,1035,test
0.99788034,0.00040524377,6.601148e-05,3.202344e-06,0.0009100111,0.0003603259,0.0003565652,1.8306566e-05,1036,test
0.9953759,0.00068343,0.00046738784,1.2012279e-05,0.0010944447,0.0013124241,0.0009858145,6.858389e-05,1037,test
0.9985851,0.00021005036,2.4379902e-05,2.8278605e-06,0.0005904732,0.00026100114,0.00031590086,1.0303202e-05,1038,test
0.00016663641,0.00037167585,0.99801564,6.257536e-05,0.000472386,0.00011810443,0.00068333984,0.00010957429,1039,test
0.9830751,0.006446782,0.00085114443,2.4032728e-05,0.0046111164,0.003772609,0.0009283755,0.00029084884,1040,test
0.9986004,0.00021631463,2.086517e-05,2.3300622e-06,0.0006762912,0.0002526525,0.00022437715,6.810223e-06,1041,test
0.00012366154,0.00038107295,0.99807715,0.00011027317,0.0005286024,9.178807e-05,0.0006183797,6.915535e-05,1042,test
0.00019076235,0.00031616105,0.9971903,7.6942255e-05,0.0006716369,0.00014420015,0.0012861139,0.00012388591,1043,test
0.99856585,0.0002241867,1.86611e-05,2.8807426e-06,0.000681302,0.00024807898,0.00025046978,8.574994e-06,1044,test
0.0037231355,0.0005651283,0.0011720791,0.00018807096,0.9919409,0.0009120039,0.0005520216,0.0009467268,1045,test
0.00015033464,0.00037358908,0.99770606,0.00010809029,0.0005295579,0.00014638905,0.0009044844,8.1467355e-05,1046,test
0.00018038518,0.00033694736,0.99793136,7.711746e-05,0.0005049821,0.00011189791,0.0007538562,0.00010343961,1047,test
0.00013354264,0.00038151935,0.99814534,8.179515e-05,0.0005045882,7.514132e-05,0.00060012954,7.789845e-05,1048,test
0.00011775189,0.00042224833,0.9980817,7.039379e-05,0.0005668339,0.00010153539,0.0005637758,7.577307e-05,1049,test
0.99839836,0.00023267978,2.3080907e-05,2.8553363e-06,0.00082533696,0.0002551148,0.00025433648,8.143619e-06,1050,test
0.00018324485,0.00057215,0.9963516,0.00019969996,0.0010666841,0.00013961847,0.001362446,0.0001244962,1051,test
0.00015243968,0.000315274,0.99832815,7.137301e-05,0.00042859372,8.226101e-05,0.00052092393,0.00010097994,1052,test
0.9976094,0.00043797193,8.086139e-05,4.781834e-06,0.00081755087,0.00057198544,0.00045381786,2.3564142e-05,1053,test
0.00018776215,0.0005021556,0.9974389,9.775619e-05,0.00064517854,0.00014383707,0.00086375116,0.00012069195,1054,test
0.00015127698,0.0003276501,0.9982668,6.879378e-05,0.0004346777,9.3377246e-05,0.0005591692,9.820377e-05,1055,test
0.00044012765,0.00081873377,0.995981,7.580832e-05,0.0012122046,0.00020717242,0.001122327,0.00014262278,1056,test
0.9985336,0.0002486202,2.108621e-05,2.1084772e-06,0.0006923853,0.00028919632,0.0002048297,8.085634e-06,1057,test
0.00015660786,0.0003089955,0.99819535,5.426048e-05,0.00039867745,0.00011399616,0.00069088687,8.13388e-05,1058,test
0.00017955984,0.00040763972,0.99783546,7.59796e-05,0.00060976535,0.00012936824,0.0006470257,0.00011526755,1059,test
0.0016975874,0.00036609205,0.0003745264,3.5470388e-05,0.00022914784,0.9968221,0.00019264594,0.00028235844,1060,test
0.9944728,0.0011723258,0.00023308466,2.097894e-05,0.0017713438,0.0013581907,0.00086371636,0.00010743394,1061,test
0.998386,0.00028859376,2.715462e-05,2.3474322e-06,0.0006928163,0.00028459245,0.00030536216,1.3161141e-05,1062,test
0.00019106315,0.00032530242,0.9979791,0.000119223245,0.0004194938,0.00011147018,0.0007511637,0.00010319645,1063,test
0.00015203044,0.00033356439,0.9981875,5.8150115e-05,0.0004841178,0.00010588141,0.000583185,9.556489e-05,1064,test
0.99756694,0.00039445088,8.204274e-05,5.2854284e-06,0.00075211446,0.0005772166,0.0005865204,3.538508e-05,1065,test
0.9981509,0.00027939823,3.26689e-05,4.230265e-06,0.0007817533,0.00032166054,0.0004152832,1.4003043e-05,1066,test
0.0022174618,2.709081e-05,0.0030149885,0.00097552163,0.0007184285,6.272917e-05,0.9844668,0.008516917,1067,test
0.9985415,0.0002170089,1.9008705e-05,2.400549e-06,0.0006951077,0.0002704761,0.00024677182,7.663077e-06,1068,test
0.99850404,0.00019744357,2.4480129e-05,3.6642236e-06,0.00062998163,0.0002733813,0.00035646342,1.0510863e-05,1069,test
0.00010956564,0.00032587894,0.998111,9.582659e-05,0.000518192,9.1544294e-05,0.00068775134,6.022195e-05,1070,test
0.0001960096,0.00027148693,0.9980021,6.664237e-05,0.00046965183,9.543649e-05,0.0008031644,9.551707e-05,1071,test
0.99873203,0.00020119507,2.1946073e-05,2.4210894e-06,0.00050818076,0.00027970225,0.0002448363,9.693885e-06,1072,test
0.00016078338,0.00034259266,0.99803084,5.9487476e-05,0.00046675428,0.00012164354,0.0007386886,7.906623e-05,1073,test
0.9984738,0.00025943157,2.8260478e-05,2.477653e-06,0.0005757347,0.00036066762,0.00028787335,1.1691829e-05,1074,test
0.00016152168,0.00039316996,0.9980116,7.67961e-05,0.00047397026,0.00011509115,0.0006539067,0.00011393487,1075,test
0.00027022712,0.0006190128,0.9965838,0.000119599856,0.0009977968,0.0001282554,0.0011533358,0.00012793946,1076,test
0.00014910016,0.00041463206,0.9979449,6.7109795e-05,0.0005602075,0.000107623506,0.0006349106,0.00012158888,1077,test
0.00015289412,0.00031707415,0.99827313,6.611372e-05,0.00043888594,8.860984e-05,0.0005624167,0.0001008105,1078,test
0.00028637436,0.00030118783,0.9975674,8.513812e-05,0.00054488546,0.00015007526,0.0009888305,7.614828e-05,1079,test
0.0002460254,0.0008566615,0.9964966,0.00018674636,0.0006548481,0.00021554704,0.0012306251,0.000112838075,1080,test
0.00032769714,0.0011535336,0.995402,0.00027881828,0.0007403459,0.00026935586,0.0016353135,0.00019292285,1081,test
0.012122789,0.9735381,0.005338042,9.356884e-06,0.0017046143,0.00080400315,0.00020124542,0.0062818257,1082,test
0.00040426553,0.00068092387,0.9957911,0.00015101093,0.00059358956,0.000262704,0.0018961222,0.00022023443,1083,test
0.998259,0.00021833568,4.5825433e-05,4.471407e-06,0.0006162297,0.00047116497,0.00036968532,1.531693e-05,1084,test
0.9745398,0.0054944213,0.0048051695,7.10572e-05,0.0042270594,0.0063658613,0.0036254844,0.00087106903,1085,test
0.00028927918,0.00090407336,0.99640036,0.00022345514,0.0006048048,0.00019294716,0.0012638817,0.00012115839,1086,test
0.00030917363,0.00074469927,0.99560404,0.00014911829,0.0006430383,0.0002703721,0.0020752957,0.0002042044,1087,test
0.00030326928,0.0010326138,0.9950074,0.0002688237,0.0013635741,0.00029622175,0.0016156194,0.000112380236,1088,test
0.0003071189,0.0007459812,0.99706155,0.00012637027,0.0004456958,0.00022027601,0.0009733234,0.00011966666,1089,test
0.99835545,0.00022224174,2.5720165e-05,4.5063325e-06,0.0007467919,0.00031884457,0.00031587912,1.0549687e-05,1090,test
0.79975295,0.008795579,0.12629685,0.00052022375,0.0049320334,0.01735883,0.03957807,0.0027654513,1091,test
0.0007177364,0.0008374057,0.9952252,0.00019613157,0.0005437049,0.00030263932,0.0020020432,0.00017507137,1092,test
0.0052262777,0.0022703258,0.0014762426,6.11443e-05,0.0006038785,0.98625606,0.000773902,0.0033322365,1093,test
0.01728495,0.010305925,0.0071013942,0.0016987539,0.015481027,0.94284236,0.0021369215,0.0031487986,1094,test
0.00021274539,0.0006614601,0.99728405,0.0001231944,0.00039974987,0.00016694627,0.0010129807,0.00013885071,1095,test
0.99831885,0.00024924634,3.0559524e-05,4.286766e-06,0.0007972837,0.00029479657,0.00029501365,9.974846e-06,1096,test
0.012360098,0.97624457,0.004436199,8.163462e-06,0.0019529405,0.0005846812,0.00021172763,0.0042015933,1097,test
0.0002750702,0.00087867177,0.9965348,0.00019870655,0.0005445432,0.00023965705,0.0011792234,0.0001493262,1098,test
0.00022733123,0.0007886173,0.99692106,0.00019308296,0.00054014206,0.0001720937,0.0010484903,0.00010909177,1099,test
0.0003739456,0.00084801065,0.99646014,0.00019101503,0.0004923346,0.00025210742,0.0012276977,0.00015471612,1100,test
0.00027668863,0.0006612468,0.99680895,0.00018465304,0.0005301911,0.00024119749,0.0012077054,8.9369896e-05,1101,test
0.0034082655,0.0012872077,0.0022112378,0.0002550202,0.0016372458,0.9901716,0.0004216643,0.0006076728,1102,test
0.99790704,0.00032829598,4.9503302e-05,5.6824138e-06,0.0008524321,0.0004095718,0.00042962786,1.7752287e-05,1103,test
0.0002789245,0.00076438574,0.9966486,0.00017657029,0.0006662413,0.00021629657,0.001133812,0.00011514604,1104,test
0.9985965,0.00020436337,2.2473745e-05,3.8562466e-06,0.0006401313,0.00026831005,0.00025610183,8.34086e-06,1105,test
0.00021873284,0.00071840454,0.9969848,0.0001304178,0.000425998,0.00021055984,0.0011612045,0.00014986779,1106,test
0.00030062615,0.00080754823,0.9966286,0.00016571624,0.00044000265,0.00022807332,0.0012615554,0.0001679247,1107,test
0.9977603,0.00035976156,4.794621e-05,4.104474e-06,0.0009750813,0.0005773134,0.0002602375,1.5186708e-05,1108,test
0.00023680012,0.00091277173,0.99659556,0.00017138135,0.00057795114,0.00024528956,0.0011088446,0.00015144804,1109,test
0.00027181546,0.0007821349,0.9969111,0.00011537534,0.00043369448,0.0002083652,0.0011195651,0.00015784097,1110,test
0.0002913617,0.0008171013,0.9965635,0.00018439078,0.0005660121,0.00022397841,0.0012285952,0.000125081,1111,test
0.0016834408,0.0001821666,0.0003123485,4.447497e-05,0.00028397134,0.99731916,0.00010847778,6.5982415e-05,1112,test
0.004279926,0.004341183,0.9737129,0.0009004633,0.004670315,0.0018550622,0.008504801,0.0017353335,1113,test
0.9665314,0.012209498,0.005824681,7.974176e-05,0.004765744,0.007902737,0.0018747234,0.00081153197,1114,test
0.00023270292,0.00074156583,0.99676704,0.00019521109,0.00045332027,0.00020942713,0.0012460937,0.00015473603,1115,test
0.0010454264,1.194417e-06,6.3663865e-05,9.819929e-05,3.0783838e-05,1.8771759e-06,0.9982614,0.0004974781,1116,test
0.99715,0.00032118725,6.1264065e-05,7.170604e-06,0.0014062913,0.00042702167,0.0006093516,1.7624188e-05,1117,test
0.99756855,0.00026559216,4.9019294e-05,7.507816e-06,0.0011746804,0.00039271367,0.0005235576,1.8314062e-05,1118,test
0.99812824,0.00026826657,4.683029e-05,6.2232075e-06,0.00072943635,0.00037067864,0.0004341099,1.6296823e-05,1119,test
0.9980951,0.00022521414,3.011436e-05,6.077802e-06,0.0009903924,0.0002709856,0.0003727546,9.313756e-06,1120,test
0.98868877,0.0015173915,0.00081627246,5.4344102e-05,0.0033415281,0.0018239479,0.0035482037,0.00020957005,1121,test
0.0004051991,0.0009215704,0.9959556,0.00023777825,0.00069222937,0.00024049234,0.0014051949,0.00014211773,1122,test
0.9870249,0.0017329376,0.00037329993,7.37608e-05,0.0035388388,0.0050600944,0.0018925112,0.00030364023,1123,test
0.011957331,0.9568255,0.007102661,3.01069e-05,0.003683519,0.0016344637,0.00038698988,0.01837939,1124,test
0.0014378739,0.0011980174,0.99170023,0.00024651998,0.0012270553,0.00047139797,0.0033754578,0.0003434602,1125,test
0.00027353512,0.0006908664,0.9971896,0.00014525828,0.00037311888,0.00018994894,0.0009920219,0.00014566252,1126,test
0.00028220718,0.00072903134,0.99700004,0.00016154887,0.000452668,0.0002104625,0.0010249178,0.00013907472,1127,test
0.10515408,0.035421018,0.03998625,0.0017884305,0.03342004,0.7287335,0.016715528,0.038781125,1128,test
0.00026215028,0.0007350193,0.9970489,0.0001342459,0.0003994712,0.0002140745,0.0010448458,0.00016127617,1129,test
0.9984617,0.00023123209,3.1344724e-05,3.9255915e-06,0.00065040664,0.00026592475,0.00034378615,1.1703545e-05,1130,test
0.01196047,0.0040478474,0.9551282,0.00075541396,0.012216118,0.002374462,0.01267217,0.0008452852,1131,test
0.00084493624,0.0015501891,0.990897,0.00026220936,0.0027053368,0.00053377677,0.0027687473,0.00043789187,1132,test
0.9979522,0.00022804586,4.4585577e-05,5.7133243e-06,0.00069120683,0.0002818984,0.0007802419,1.6148057e-05,1133,test
0.99824786,0.00025569717,4.6701338e-05,4.58887e-06,0.0007164704,0.0003570515,0.00035799254,1.363875e-05,1134,test
0.003858175,0.0045535103,0.97930855,0.00046881408,0.0021513724,0.0025643033,0.005880599,0.0012147181,1135,test
0.00028676042,0.0006305123,0.99682236,0.00016881006,0.0005657064,0.0002553966,0.0011529551,0.000117417956,1136,test
0.00027633057,0.0006842453,0.99713814,0.0001361318,0.00038928256,0.00020343554,0.0010239147,0.00014844765,1137,test
0.00029091415,0.0008859787,0.9966425,0.00016627752,0.0005120546,0.00023261903,0.0011072763,0.00016251107,1138,test
0.00078923535,0.0010637792,0.99515605,0.00016506897,0.00071610475,0.00036116014,0.0015865858,0.0001620264,1139,test
0.00025724602,0.0008331215,0.99672323,0.00014872775,0.000522962,0.000225492,0.0011381605,0.000151152,1140,test
0.0031583074,0.004632153,0.003613528,3.0792984e-05,0.0019237451,0.0018385587,0.0033418795,0.981461,1141,test
1.3518197e-05,6.8846546e-08,0.0007779731,0.99890256,1.7856277e-05,2.7580502e-06,0.00028513806,9.4295935e-08,1142,test
0.99802727,0.00029414665,5.94673e-05,4.9720275e-06,0.00057087623,0.0006483374,0.00037474037,2.0157771e-05,1143,test
0.0002654425,0.00066302187,0.99690586,0.00014764017,0.0004528286,0.00021916925,0.0012185636,0.0001274493,1144,test
0.0022904004,0.00041700032,0.00052269874,4.943492e-05,0.00034974198,0.99590427,0.00020959757,0.00025699934,1145,test
0.99615747,0.0004045022,6.9770846e-05,1.6641696e-05,0.0019733182,0.00053077115,0.00081824925,2.9304601e-05,1146,test
0.9974443,0.00034635793,7.086895e-05,6.105385e-06,0.0011762672,0.00050071586,0.0004381979,1.716051e-05,1147,test
0.0039649173,0.0018344645,0.9853956,0.00024684475,0.0015482584,0.0010177778,0.0054075536,0.0005846145,1148,test
0.99714535,0.00050310104,0.00011615848,6.41155e-06,0.0010783963,0.00057586393,0.000548827,2.5963933e-05,1149,test
0.00029921115,0.0005557353,0.9967464,0.00019479998,0.00046229994,0.00017457911,0.0014419894,0.00012492882,1150,test
0.01265604,0.9759695,0.004588975,7.159146e-06,0.0017741226,0.00052711595,0.00020423484,0.0042728656,1151,test
0.00028253446,0.00087269087,0.99686533,0.00013288006,0.0004739937,0.00020030375,0.0010592841,0.00011301329,1152,test
0.9932939,0.002909584,0.00030044548,5.9026834e-06,0.00200768,0.0011028285,0.00031338242,6.640449e-05,1153,test
0.9980884,0.00025854938,3.8091104e-05,5.584634e-06,0.0007485927,0.0003349068,0.00050853234,1.7258555e-05,1154,test
0.00069377373,0.0008739496,0.9953244,0.00017119508,0.0006264323,0.00041897307,0.0016397232,0.00025141283,1155,test
0.9980489,0.00035280592,3.8135357e-05,3.0537058e-06,0.00085922185,0.00044135054,0.00024265205,1.3798151e-05,1156,test
0.0020151974,0.0003580293,0.00032108938,2.7361659e-05,0.0003422245,0.99663615,0.00011665588,0.00018311723,1157,test
0.0002484848,0.00074339024,0.9968388,0.00019709437,0.00052991894,0.00020968485,0.0011164623,0.000116227806,1158,test
0.0003209466,0.0008287886,0.99632025,0.00022104074,0.0006793484,0.0002635665,0.0012303634,0.00013573322,1159,test
0.00031986894,0.00070035114,0.9967643,0.00016315383,0.00042835026,0.00021219856,0.0012754238,0.00013624385,1160,test
0.00027495294,0.0008401224,0.9967552,0.00014923347,0.0004970703,0.00022322519,0.0011008789,0.00015936335,1161,test
0.0008763481,1.41387e-06,0.00020106666,7.0238515e-05,3.0988424e-05,2.016808e-06,0.99830973,0.0005081786,1162,test
0.99822265,0.00022132727,2.9965104e-05,5.747355e-06,0.00083796796,0.0003224017,0.0003490125,1.0903682e-05,1163,test
0.0003060819,0.00087641133,0.9962883,0.00019507419,0.00056893803,0.00020629892,0.0014595633,9.934002e-05,1164,test
0.00028916067,0.0008437327,0.99648905,0.00019293287,0.00053104025,0.0002449305,0.0012540589,0.00015506435,1165,test
0.00057332555,0.0011937023,0.99479043,0.00018572639,0.0006652186,0.00033159426,0.0020185562,0.00024137985,1166,test
0.99396646,0.0006847499,0.00055086805,2.4446952e-05,0.0012179812,0.0022200735,0.0012701494,6.5201944e-05,1167,test
0.00030537715,0.0008584868,0.9967168,0.00015138515,0.00052052474,0.00022334051,0.0010821501,0.00014192636,1168,test
0.00024641064,0.0008141301,0.996366,0.00027083672,0.0005961577,0.00019701931,0.0014068162,0.00010254364,1169,test
0.00032103332,0.0007965838,0.9965971,0.00015863669,0.0004888638,0.00025397594,0.0012186441,0.00016515878,1170,test
0.004946608,0.0023256121,0.98149866,0.00029918618,0.0024322993,0.0011818297,0.0066574137,0.0006583531,1171,test
0.9981324,0.00024923612,4.4162996e-05,4.1167477e-06,0.0007569368,0.00047222883,0.00032690377,1.3973408e-05,1172,test
0.000382079,0.00088052737,0.99663144,9.5979005e-05,0.00042832483,0.0002609856,0.0011342639,0.00018636117,1173,test
0.00036951015,0.00065769174,0.9966647,0.00018734016,0.00060396915,0.00023179378,0.0011820627,0.00010292225,1174,test
0.00033141932,0.0006940471,0.9966742,0.00017188267,0.0004314574,0.00021076624,0.0013385016,0.00014772006,1175,test
0.0009861555,8.2278154e-07,2.3250932e-05,3.475305e-05,8.595177e-06,4.4664966e-07,0.99885356,9.245014e-05,1176,test
0.00029357066,0.00087526155,0.99664885,0.00017547769,0.00052225223,0.0002396207,0.0010967011,0.00014816623,1177,test
0.9974437,0.00037474383,0.000108777574,8.676603e-06,0.00061518815,0.0007354579,0.0006776286,3.5823312e-05,1178,test
0.0003002452,0.0006402892,0.9969694,0.0001530049,0.0004310661,0.00021700702,0.0011503134,0.00013866504,1179,test
0.0003103505,0.00072028255,0.9970386,0.00010829162,0.00039672214,0.0002576368,0.000995298,0.00017288883,1180,test
0.00023829241,0.0006947464,0.99715674,0.0001263404,0.0004467346,0.00020348746,0.0009995226,0.00013405904,1181,test
0.0011316079,0.0006073135,0.0008088062,3.0696917e-06,0.00033242794,0.00021845485,0.0022824255,0.99461585,1182,test
0.99855965,0.00019661163,2.990572e-05,3.8375156e-06,0.000602402,0.00031975546,0.00027797214,9.849425e-06,1183,test
0.012388048,0.97617334,0.0045201783,8.424056e-06,0.0019185932,0.0006492058,0.00020017933,0.0041420395,1184,test
0.013266697,0.97516465,0.0046105925,9.3721055e-06,0.0020136118,0.0006531133,0.00022866516,0.00405346,1185,test
0.12248986,0.017383346,0.47543815,0.004241563,0.26678187,0.03494619,0.057933297,0.02078575,1186,test
0.00032958828,0.0006530658,0.9964078,0.00015707717,0.00056862464,0.00016856099,0.0015884314,0.000126747,1187,test
0.00026354002,0.00068329374,0.99670947,0.00022708018,0.00051260355,0.0001963475,0.0012984339,0.00010929812,1188,test
0.9976011,0.00033159598,4.197228e-05,7.257511e-06,0.0011142951,0.00043700865,0.0004483732,1.842733e-05,1189,test
0.00034591052,0.0007257559,0.996268,0.00015464144,0.00052016904,0.00024241734,0.0015848496,0.0001583875,1190,test
0.005794929,0.0015211463,0.002466887,1.799172e-05,0.0009095918,0.0008542612,0.008506869,0.97992826,1191,test
0.0020070884,0.0011878343,0.0015919739,8.710951e-06,0.0007847225,0.00036185037,0.0034662185,0.9905916,1192,test
0.0008948738,0.00047459648,0.0006898486,2.280493e-06,0.00031841072,0.00014110863,0.0021215857,0.99535733,1193,test
0.99755174,0.00038798663,6.315501e-05,6.381021e-06,0.0010631676,0.00039778202,0.00051226007,1.7578503e-05,1194,test
0.0004451087,3.457313e-05,0.00034886858,1.239375e-05,0.999035,1.9230005e-05,6.771629e-05,3.7226186e-05,1195,test
0.00027989995,0.0008835693,0.99650663,0.00017703173,0.0006164491,0.00023182246,0.0011443722,0.00016027443,1196,test
0.99838305,0.00021503953,2.8513048e-05,4.458345e-06,0.00072723697,0.00023407613,0.00039680031,1.0771928e-05,1197,test
0.00031188075,0.000714863,0.9967158,0.00016248785,0.00042253794,0.00025679698,0.0012682639,0.00014742154,1198,test
0.99817014,0.00020003355,3.449968e-05,5.150391e-06,0.0008316851,0.0002770786,0.0004690125,1.2359283e-05,1199,test
0.014001508,0.9620408,0.008239359,2.5146353e-05,0.0028406428,0.0016933903,0.00042746702,0.010731604,1200,test
0.00021909708,0.00066369347,0.9962565,0.00026765678,0.0005338443,0.00022400958,0.0016598621,0.00017532532,1201,test
0.9947497,0.00073036616,0.00015202413,2.5216801e-05,0.0015285278,0.0013585339,0.0013584463,9.711097e-05,1202,test
0.00019829426,0.0006726001,0.9964779,0.00020464344,0.0005993668,0.00022635638,0.0014326165,0.00018819852,1203,test
0.9968585,0.00065011263,8.582465e-05,5.421311e-06,0.0013973773,0.0004837202,0.0004935353,2.5552266e-05,1204,test
0.00027958953,0.0007400202,0.99602354,0.00025518122,0.0006918644,0.00026409279,0.0015788301,0.00016684915,1205,test
0.99786586,0.00032186016,3.7979564e-05,5.150422e-06,0.00075598597,0.00036367765,0.0006309256,1.8607301e-05,1206,test
0.99783534,0.00029820812,3.8408714e-05,5.9710965e-06,0.0007844159,0.000360569,0.0006587418,1.8362845e-05,1207,test
0.0010537702,0.0008517531,0.9894985,0.00029224632,0.0014911038,0.000831674,0.0055951946,0.0003857142,1208,test
0.0011187182,0.0022509508,0.9918046,0.00018538556,0.0013886399,0.0010074631,0.0018687146,0.00037556136,1209,test
0.00026979187,0.00061345054,0.99635077,0.0001904099,0.0005464252,0.0002126505,0.0016388224,0.00017765937,1210,test
0.00024081835,0.0007630111,0.9959912,0.00025926722,0.0006476576,0.00023527704,0.0016657528,0.00019706655,1211,test
0.00021897237,0.0006335018,0.99668115,0.00015228125,0.00057272724,0.0002044,0.0013847342,0.00015216626,1212,test
0.00047561928,0.00037252816,0.0005327232,9.4722014e-07,0.0003121574,5.409738e-05,0.0015258664,0.99672604,1213,test
0.00022177372,0.0006365493,0.99643075,0.00028898084,0.0005928854,0.0002168145,0.0014489004,0.00016329427,1214,test
0.00025899243,0.00058839493,0.9967847,0.00016487682,0.000512,0.00017681466,0.001383023,0.0001313261,1215,test
0.0002685549,0.0005666871,0.99656016,0.00020408555,0.00047664528,0.00024526473,0.0015242527,0.00015434627,1216,test
0.9968046,0.0005122478,8.023532e-05,9.204188e-06,0.0013255309,0.0004649622,0.0007803713,2.2912842e-05,1217,test
0.008356193,0.01061985,0.9239246,0.00045742135,0.0058553596,0.030305099,0.012692319,0.007789108,1218,test
0.0019707482,0.0002053499,0.0001995609,2.820624e-05,0.00026972097,0.99708503,0.00013585945,0.00010548142,1219,test
0.00024468184,0.00062061206,0.9966534,0.00023102757,0.0005612217,0.00020575724,0.0013511113,0.0001322057,1220,test
0.00010200463,9.167717e-07,0.0014782257,0.99792624,7.874794e-05,1.681792e-05,0.00039630284,6.7999906e-07,1221,test
0.997332,0.00043812685,8.3848034e-05,5.600645e-06,0.00084453216,0.0006825159,0.00058510975,2.832713e-05,1222,test
0.99716395,0.00047171308,4.6445053e-05,6.447897e-06,0.0012800951,0.0005091342,0.0004974862,2.4712204e-05,1223,test
0.99767476,0.00034686062,4.8317055e-05,4.202803e-06,0.00090670405,0.00052616396,0.00047406563,1.8888777e-05,1224,test
0.8043937,0.016678236,0.12934169,0.00048460418,0.015503542,0.010524607,0.020557025,0.002516641,1225,test
0.00033669753,0.00057042565,0.996546,0.00020245042,0.00045545006,0.00023780896,0.0014782147,0.00017297771,1226,test
0.00021986435,0.00066470867,0.9964623,0.00021926548,0.0005903635,0.00021603538,0.0014569148,0.00017050767,1227,test
0.0002253323,0.0006468458,0.9968214,0.00018430981,0.00051263836,0.00021741123,0.0012479199,0.00014416373,1228,test
0.00029075143,0.0006244084,0.9961894,0.00029960458,0.0005650757,0.00018665034,0.0017053374,0.00013880056,1229,test
0.013909996,0.9626131,0.009782822,2.3775157e-05,0.0026018303,0.0016220248,0.0003971621,0.009049357,1230,test
0.99779606,0.00035847127,4.5034274e-05,5.193871e-06,0.0008460063,0.00042433754,0.00050684944,1.8140532e-05,1231,test
0.9955446,0.0005360635,9.753146e-05,1.2647528e-05,0.002141725,0.0006939831,0.0009432383,3.0301935e-05,1232,test
0.00029158214,0.00060654734,0.9965474,0.00019726482,0.0004851761,0.0002250844,0.0014921917,0.00015481294,1233,test
0.0005209704,0.0006827336,0.9956987,0.00019941384,0.00048985006,0.0002817141,0.0019122007,0.00021442065,1234,test
0.0003445183,0.0006398098,0.9962083,0.00022743273,0.00053148787,0.00029069177,0.0015844533,0.00017335633,1235,test
0.00026307596,0.0007278269,0.9962542,0.00022302874,0.00062777824,0.00021374179,0.0015077344,0.0001826357,1236,test
0.969947,0.016889576,0.0027355377,2.3096138e-05,0.0045640427,0.0042644446,0.0010579866,0.0005184187,1237,test
0.99691534,0.0003575962,6.5235676e-05,7.309899e-06,0.0011356625,0.00041988274,0.0010640549,3.4977133e-05,1238,test
0.9973489,0.00036981847,4.499555e-05,7.0620545e-06,0.0011210035,0.00043665682,0.0006529461,1.859181e-05,1239,test
0.0055299113,0.0009325311,0.005111097,0.00094613066,0.9781985,0.0056070318,0.0018807703,0.0017940841,1240,test
0.00024267951,0.00053021323,0.99675107,0.00017526186,0.0005253465,0.00021506098,0.0014294883,0.000130783,1241,test
0.9950235,0.0007879785,0.00019364452,9.3276685e-06,0.0015729981,0.0008277912,0.0015334614,5.14472e-05,1242,test
0.0003883053,0.00077781547,0.99628484,0.00017959019,0.0006273511,0.00026917242,0.001329251,0.00014364299,1243,test
0.00701794,0.003329123,0.002177972,0.00067122583,0.0037579697,0.97985166,0.0009822499,0.0022118147,1244,test
0.014195223,0.961461,0.009139132,2.4418001e-05,0.0025046717,0.0019288091,0.0004084508,0.010338271,1245,test
0.0013742831,0.00015283127,0.00069738494,0.00010609782,0.9969459,0.00014886187,0.00026331382,0.00031122027,1246,test
0.99785656,0.0003497485,4.6907597e-05,5.6319805e-06,0.0007544945,0.0004326217,0.000534692,1.9340196e-05,1247,test
0.9974164,0.00038496405,5.3785283e-05,7.0490746e-06,0.0010486512,0.0004284433,0.0006404727,2.0199162e-05,1248,test
0.01448847,0.9639453,0.009073309,2.1626962e-05,0.002518923,0.0015413051,0.00044645887,0.007964635,1249,test
0.00032589494,0.0006636243,0.9965945,0.0001546209,0.0005249823,0.00027747377,0.0012531038,0.00020573234,1250,test
0.00022606745,0.00042254888,0.9968189,0.00021987886,0.0005051256,0.0001584831,0.0015375717,0.000111408466,1251,test
0.00013448391,1.3772944e-08,5.861514e-06,6.2308263e-06,3.914347e-07,2.5200562e-08,0.99983156,2.1400652e-05,1252,test
0.995749,0.00057054864,0.00018021297,9.461494e-06,0.0015297564,0.00092930126,0.0009789478,5.2829237e-05,1253,test
0.9968917,0.00052854687,0.00014468434,6.9598455e-06,0.0008969175,0.00063497556,0.000849519,4.681373e-05,1254,test
0.9979899,0.00033287524,4.315676e-05,4.7079766e-06,0.00072244933,0.00037177154,0.00051547436,1.9564555e-05,1255,test
0.0002173067,0.00061214727,0.9968925,0.00019193314,0.00054363214,0.00019107349,0.0012158646,0.00013553922,1256,test
0.00022317162,0.0006660899,0.9966349,0.00019474918,0.00056430855,0.0002076371,0.0013320539,0.00017715702,1257,test
0.00027244005,0.00068404933,0.99628735,0.00022592342,0.0006344832,0.00027186956,0.0014541128,0.0001698309,1258,test
0.00019222675,0.000537723,0.9971937,0.00014175317,0.00045506778,0.00018565186,0.0011603181,0.00013348379,1259,test
0.0003377171,0.00074721174,0.9953962,0.00027935376,0.0007239893,0.00023765423,0.0020910224,0.0001869273,1260,test
0.9976234,0.00045959564,5.1567364e-05,4.6146392e-06,0.00086477643,0.0005411511,0.0004326687,2.214748e-05,1261,test
0.0016049289,0.00019668585,0.00030322347,5.034156e-05,0.00031453458,0.9972414,0.00018878655,0.000100149104,1262,test
0.99783236,0.0003359924,4.030292e-05,5.68e-06,0.000818841,0.0003073534,0.00064112985,1.8231032e-05,1263,test
0.9976726,0.00027073963,4.485495e-05,6.5665845e-06,0.0009347857,0.0003353685,0.00071681396,1.8274533e-05,1264,test
0.0002811393,0.0004744357,0.9966356,0.0002074595,0.0005309056,0.00019320191,0.0015598434,0.00011738353,1265,test
0.0002710948,0.0006860046,0.99658906,0.00018012675,0.00054521405,0.00022037518,0.0013483302,0.00015980001,1266,test
0.99815696,0.0002774118,3.2612475e-05,4.310966e-06,0.0007732006,0.0002963093,0.00044639633,1.2766773e-05,1267,test
0.00021173607,0.0006764604,0.9964309,0.0002648163,0.000603165,0.00019853847,0.0014645753,0.00014976953,1268,test
0.99712795,0.0004731517,5.2498413e-05,5.358725e-06,0.0012057328,0.00046532846,0.0006421452,2.7782613e-05,1269,test
0.0002465849,0.0007280363,0.99639773,0.00021141248,0.00053579174,0.00022306129,0.0014843656,0.00017296946,1270,test
0.0005742637,0.0008158644,0.99131936,0.00054362003,0.0012336738,0.00043244782,0.004895747,0.00018503652,1271,test
0.9974165,0.00038179802,5.9006325e-05,6.9678345e-06,0.0010106709,0.0004178164,0.0006858726,2.135053e-05,1272,test
0.9978085,0.00038185067,4.3696702e-05,4.3019754e-06,0.00092430034,0.00038742417,0.00043436172,1.5497919e-05,1273,test
0.9975781,0.00035789347,6.9135735e-05,6.372098e-06,0.0007848579,0.00045375925,0.00071980106,3.0105708e-05,1274,test
0.00020556404,0.0006550642,0.9967483,0.00017053449,0.0005158209,0.00020636525,0.0013179971,0.0001803921,1275,test
0.9976712,0.00036370574,5.4897588e-05,4.6446326e-06,0.00085526344,0.0004572531,0.0005681997,2.4934927e-05,1276,test
0.9975515,0.00033661324,6.297144e-05,6.8928325e-06,0.00072788243,0.0003591226,0.00092861056,2.6459113e-05,1277,test
0.0002072756,0.0006830506,0.9965083,0.00018186563,0.00060889736,0.00021777263,0.0014432167,0.00014957532,1278,test
0.0001878593,0.0006204613,0.9967367,0.00015486509,0.0006506792,0.0002005097,0.0013079398,0.00014090908,1279,test
0.99798715,0.00032277353,3.7459224e-05,4.6809137e-06,0.0008343024,0.00035000884,0.00044972228,1.3920795e-05,1280,test
0.00029585412,0.0007178568,0.9955397,0.0002741571,0.00072522194,0.00022758244,0.0020226561,0.00019692878,1281,test
0.9975114,0.00042279722,5.1323488e-05,6.4071305e-06,0.0008636743,0.00045635152,0.0006627748,2.53529e-05,1282,test
0.00034835897,0.00060403114,0.9962894,0.00025292143,0.0005145329,0.00023415916,0.0016008071,0.00015578902,1283,test
0.9968618,0.0005330417,0.00011492479,6.885131e-06,0.0009067492,0.000813949,0.0007221511,4.0569215e-05,1284,test
0.00019983391,0.0006730635,0.9961379,0.0002897786,0.000744605,0.00023217956,0.0015895489,0.00013310462,1285,test
0.0010105546,0.0010450511,0.9910041,0.0003308716,0.0018332981,0.0005001671,0.003965315,0.00031066744,1286,test
0.00023196095,0.0006638132,0.9965373,0.00019912704,0.0005849857,0.00022487916,0.0013871102,0.00017086056,1287,test
0.00025430758,0.00061183097,0.99669814,0.00020370602,0.00055144296,0.00019590458,0.0013322178,0.0001524463,1288,test
0.0039369,0.0011335277,0.001251482,8.5252344e-05,0.00054929045,0.99143475,0.0004653504,0.0011434422,1289,test
0.015395052,0.961617,0.008748494,2.61082e-05,0.0029784418,0.0017902515,0.00044791578,0.008996804,1290,test
0.00041369576,0.00069552165,0.9953164,0.000205397,0.00086376333,0.0002733644,0.0020906131,0.00014125831,1291,test
0.9976478,0.00037580178,5.636403e-05,5.067724e-06,0.00075651414,0.00045486965,0.000678535,2.503905e-05,1292,test
0.00019825112,0.00062345434,0.9966432,0.00020230823,0.0006333393,0.00021726996,0.0013185538,0.00016367446,1293,test
0.00027452578,0.0006027927,0.9964851,0.00021750915,0.00056068244,0.00022410693,0.0014817369,0.00015344103,1294,test
0.0027291048,0.0015797927,0.98754245,0.0002879598,0.0018916382,0.0009737179,0.0045801885,0.0004151236,1295,test
0.0001992506,0.0006188605,0.9968495,0.00022690772,0.00059780024,0.00018635999,0.0011860626,0.00013534246,1296,test
0.9976006,0.0003170307,4.3868327e-05,5.819748e-06,0.0008887752,0.00034010294,0.00078381645,1.989789e-05,1297,test
0.99758565,0.00036922304,4.9821538e-05,6.622219e-06,0.0008805102,0.0004452733,0.00064037833,2.2526596e-05,1298,test
0.0001785044,0.0006168039,0.9963201,0.0002875978,0.00064278935,0.00019124446,0.0016202057,0.00014282654,1299,test
0.00020463558,0.0006411014,0.996376,0.00023262139,0.00060060306,0.0002017591,0.0016098422,0.00013359557,1300,test
0.015072564,0.9659205,0.007733519,1.9873503e-05,0.0028196757,0.0013394334,0.0004667978,0.0066277017,1301,test
0.01978048,0.9244073,0.01728962,0.0001372218,0.0076731676,0.0050775195,0.0030123699,0.022622358,1302,test
0.9850347,0.0020668646,0.0013600752,0.00012361041,0.0031931885,0.0024749166,0.005472947,0.00027377057,1303,test
0.996497,0.00034274714,7.988154e-05,7.83952e-06,0.0011576826,0.0006703914,0.0012121561,3.2505155e-05,1304,test
0.00028257485,0.00060663035,0.99644524,0.00021889777,0.00052707247,0.0002584353,0.001501663,0.00015951843,1305,test
0.00021069827,0.0005952249,0.996617,0.00030816023,0.00061632897,0.00016956161,0.0013645353,0.000118602235,1306,test
0.0003327865,0.0006240776,0.99619967,0.00027070267,0.00057730026,0.0002458053,0.0015898333,0.00015991501,1307,test
0.0001768865,0.000669129,0.9966325,0.0001455656,0.00059325324,0.00022890988,0.0013232686,0.00023053963,1308,test
0.00019703087,0.00058954663,0.99700814,0.00014128213,0.0004835133,0.00021943769,0.0012096764,0.00015142956,1309,test
0.99619114,0.00073841773,0.00022479483,8.310048e-06,0.0010525072,0.0010428196,0.000689525,5.250549e-05,1310,test
0.997795,0.00030654538,4.3595835e-05,6.1479886e-06,0.00071232824,0.00050460594,0.00061109406,2.068028e-05,1311,test
0.99762636,0.00031989318,4.275122e-05,5.541466e-06,0.0010059658,0.00040547978,0.00057416654,1.9912206e-05,1312,test
0.001006323,0.0007294644,0.99303955,0.0002270031,0.0010312445,0.00031518514,0.0034219695,0.00022932854,1313,test
0.0001831667,0.000718229,0.996358,0.00020874511,0.0007509666,0.00019729072,0.0014704791,0.00011310345,1314,test
0.01975633,0.9544759,0.0139364395,2.7914413e-05,0.0028616614,0.0018326966,0.0005422408,0.006566823,1315,test
0.99714285,0.00036274418,7.226431e-05,6.4681653e-06,0.00094431976,0.0005087208,0.0009362248,2.6384136e-05,1316,test
0.0010133745,0.00016154083,0.001074214,6.692013e-05,0.9970235,7.5725875e-05,0.00027417397,0.000310556,1317,test
0.99704,0.00038396905,7.581767e-05,7.593428e-06,0.0009958707,0.0005648066,0.0009020309,2.989534e-05,1318,test
0.0002369661,0.0007529629,0.9958495,0.00029676265,0.00075512886,0.0002512724,0.0016731176,0.00018427907,1319,test
0.9967025,0.00062160613,7.606754e-05,6.6973366e-06,0.0013012462,0.00068570033,0.00058198516,2.4164543e-05,1320,test
0.0135137,0.9687592,0.0066865324,1.6902959e-05,0.0028450207,0.0013830519,0.00038355836,0.0064120046,1321,test
0.0006130462,4.2105614e-05,0.00015432057,1.4879872e-05,0.9990662,1.3681025e-05,5.149367e-05,4.440251e-05,1322,test
0.0071646785,0.0013590168,0.0020492487,8.591929e-05,0.0020017608,0.0012959675,0.026812878,0.9592306,1323,test
0.00023137129,0.00037732054,0.9972589,0.00018654022,0.00040235955,0.00017984844,0.0012886603,7.496655e-05,1324,test
0.09632757,0.010635864,0.8475151,0.00065748935,0.0127172135,0.0073398375,0.023229616,0.0015772484,1325,test
0.00021341088,0.0005959034,0.9965025,0.0002243938,0.00063214754,0.0003182901,0.0013853676,0.00012798492,1326,test
0.00019099758,0.00034173904,0.99745494,0.00018778809,0.0003438557,0.00015831902,0.0012496011,7.275507e-05,1327,test
0.0006959656,7.457051e-07,3.9491337e-05,3.521495e-05,8.590946e-06,7.276665e-07,0.9990619,0.0001573591,1328,test
0.9980691,0.00033352897,3.4725555e-05,4.4337194e-06,0.0007520888,0.0002689146,0.0005237126,1.352036e-05,1329,test
0.0011963227,2.4254011e-06,0.00012945087,0.00011549648,3.5255187e-05,2.4317706e-06,0.9977208,0.0007977964,1330,test
0.00017120726,0.00057222333,0.99704355,0.00016339654,0.00054594077,0.00018833447,0.0012215001,9.378038e-05,1331,test
0.00018443621,0.0004546278,0.9972102,0.00018096484,0.00034721743,0.00017718866,0.0013456118,9.979503e-05,1332,test
0.9979656,0.00040968388,4.737491e-05,3.3696465e-06,0.00073642505,0.00033159787,0.0004902966,1.56339e-05,1333,test
0.0030960727,0.00022120948,0.00052381755,0.0002846254,0.0015065925,0.993889,0.0003948726,8.379766e-05,1334,test
0.9967109,0.0005919263,7.469583e-05,5.8527676e-06,0.0014590034,0.000478687,0.0006610339,1.7916182e-05,1335,test
0.0016289093,0.001349801,0.98966825,0.0003517929,0.0010585786,0.00085786707,0.004783924,0.00030094487,1336,test
0.97737235,0.0043889596,0.002744153,0.00013014633,0.0045460854,0.005407318,0.0046787136,0.00073233887,1337,test
0.00022702436,0.00060920866,0.99685127,0.0001804226,0.0005169293,0.00021543835,0.0013065398,9.3166345e-05,1338,test
0.0001825279,0.0004080615,0.99750996,0.00013907977,0.00036776322,0.00020927365,0.0011200918,6.324458e-05,1339,test
0.9978551,0.0004394691,5.575408e-05,5.0348463e-06,0.0007136434,0.00036404404,0.00054899853,1.794207e-05,1340,test
0.00017689823,0.00042932146,0.99729663,0.0001931675,0.00037216383,0.00017828378,0.001266126,8.746213e-05,1341,test
0.0001440285,0.0005467891,0.99739563,0.00012903269,0.0003690552,0.00016968437,0.0011293024,0.00011653575,1342,test
0.9978411,0.00038646336,4.5626235e-05,4.1282474e-06,0.000832413,0.00036649668,0.00050650805,1.7213488e-05,1343,test
0.014385991,0.96195155,0.008709965,2.633895e-05,0.0033320251,0.002161401,0.0005115523,0.008921237,1344,test
0.9969054,0.0005106531,6.598826e-05,7.876935e-06,0.0013896441,0.00037322906,0.000731535,1.5739866e-05,1345,test
0.9978223,0.00035029493,3.6484773e-05,4.0601008e-06,0.00087767036,0.0003889861,0.000505307,1.4789366e-05,1346,test
0.00017423941,0.00050055765,0.99708265,0.00020233261,0.0004254582,0.00022102328,0.0012933175,0.000100452235,1347,test
0.99799204,0.00041570506,3.9554754e-05,3.2142257e-06,0.0008069128,0.00033092522,0.00039844995,1.3239912e-05,1348,test
0.00015605698,0.00044265063,0.9973617,0.00021044792,0.0004486401,0.00013401078,0.0011732939,7.3235125e-05,1349,test
0.00017817414,0.00045699297,0.99724716,0.00018762959,0.00035870075,0.00019506518,0.0012758165,0.00010038999,1350,test
0.00017510292,0.00036318257,0.99740773,0.00019244503,0.0003601817,0.00016085825,0.0012667145,7.36807e-05,1351,test
0.0001831365,0.00046533378,0.99728775,0.00017710816,0.00034707526,0.00021371248,0.0012068108,0.00011908727,1352,test
0.00015327157,0.0004542004,0.9969722,0.00026239853,0.00044099675,0.00018977575,0.0014384617,8.876282e-05,1353,test
0.00037697665,0.0006700861,0.9950714,0.00034988133,0.0006190015,0.00031536474,0.002477467,0.000119920725,1354,test
0.99766195,0.0003853066,5.0342864e-05,4.640764e-06,0.0010512607,0.0003255224,0.00050827913,1.2800674e-05,1355,test
0.00015457832,0.00045344423,0.997323,0.00020426494,0.0003836446,0.00017258096,0.001212956,9.566943e-05,1356,test
0.9979259,0.00033425802,4.163347e-05,3.439521e-06,0.000866855,0.0003535468,0.00046164662,1.2634064e-05,1357,test
0.00019302325,0.00044568977,0.9973258,0.00018956081,0.00034025463,0.00017340321,0.0012147846,0.000117445015,1358,test
0.047632005,0.018601472,0.7640635,0.0057438645,0.12849084,0.008696105,0.024577504,0.0021947077,1359,test
0.00018129578,0.0004743196,0.9972064,0.00016948173,0.0003792341,0.00017486484,0.0013305768,8.3825886e-05,1360,test
0.99799275,0.0003991114,4.429757e-05,3.849889e-06,0.00077297416,0.00028239068,0.00049055275,1.4070013e-05,1361,test
0.99723405,0.00045602044,5.6748755e-05,5.9194667e-06,0.0012602715,0.00039081936,0.00057893555,1.7263576e-05,1362,test
0.99801683,0.00038717352,3.7661182e-05,3.7032717e-06,0.00082439,0.0002862109,0.0004290096,1.506728e-05,1363,test
0.00030072202,0.0005266197,0.99660814,0.00020945247,0.0005640868,0.00024436176,0.0014654717,8.12183e-05,1364,test
0.00020318571,0.00047760192,0.9971691,0.0002412216,0.00036844375,0.00019277273,0.0012326841,0.00011494323,1365,test
0.9978669,0.00037799426,3.7279773e-05,4.1237504e-06,0.0009816298,0.00031672907,0.00040227533,1.3100953e-05,1366,test
0.84614474,0.013135325,0.078270406,0.00093036116,0.0141686965,0.026588682,0.017334348,0.0034275542,1367,test
0.0001619125,0.0004924611,0.9972154,0.00021926261,0.00040778366,0.0001771105,0.0012563408,6.984988e-05,1368,test
0.00017335113,0.00055047596,0.9971384,0.00015717691,0.00043992928,0.00020001076,0.0012170678,0.00012364023,1369,test
0.0012381914,0.00015492625,0.00026576122,2.2938284e-05,9.025692e-05,0.9979019,0.00015003256,0.00017590201,1370,test
0.00019769356,0.00046494268,0.9971125,0.00015561945,0.0004532973,0.00019835358,0.0013465044,7.100981e-05,1371,test
0.00018573564,0.00045744312,0.9973127,0.00016090246,0.00032869334,0.00019367441,0.0012584907,0.00010240075,1372,test
0.9972186,0.0005372174,5.427381e-05,5.1742095e-06,0.0011364773,0.00033372754,0.0006889015,2.5554966e-05,1373,test
0.00016735405,0.0005159821,0.99718153,0.0001684321,0.0003744114,0.0002238377,0.0012401664,0.0001281535,1374,test
0.00018037883,0.0005250495,0.9972626,0.00017133635,0.0004040269,0.0002116888,0.0011257251,0.00011920664,1375,test
0.0132767875,0.9672278,0.0075746635,1.7155297e-05,0.0024981506,0.0014939107,0.00034507405,0.0075665633,1376,test
0.00020288573,0.00047254856,0.9971726,0.00016845808,0.00035060663,0.0002164586,0.0013002054,0.00011624932,1377,test
0.0001887433,0.00049405464,0.9971222,0.00019528402,0.0003918464,0.0002190043,0.0012887731,0.000100101424,1378,test
0.9834662,0.009706754,0.0010843066,8.869582e-06,0.0038104493,0.0011068523,0.000674093,0.00014232073,1379,test
0.00017814363,0.00046309578,0.9973665,0.00014500735,0.0004380027,0.0002416576,0.001064966,0.00010270124,1380,test
0.99761814,0.0004552599,5.4881577e-05,4.4400927e-06,0.00090319244,0.0004223226,0.0005223783,1.9306392e-05,1381,test
0.00016694498,0.0005227004,0.997246,0.00018623189,0.00043049353,0.00020112345,0.0011305914,0.00011593568,1382,test
0.00019723109,0.0004233049,0.99739516,0.00018085827,0.00032434097,0.00021841028,0.0011684857,9.214567e-05,1383,test
0.0016440693,0.00013065162,0.0001735648,1.9069827e-05,8.7461674e-05,0.9975823,0.00015073302,0.00021213507,1384,test
0.00015925718,0.0004594373,0.997575,0.00014469118,0.00035107386,0.00016419662,0.0010412307,0.00010519733,1385,test
0.0002628078,0.0005241414,0.99637467,0.00016444304,0.00043309605,0.00021181442,0.00191988,0.00010903594,1386,test
0.00045867663,0.00097021455,0.99570113,0.00013274844,0.0008139384,0.00040654713,0.0013332247,0.00018345473,1387,test
0.012692774,0.96876717,0.0064522163,1.645283e-05,0.002922367,0.0013769737,0.00036145744,0.007410679,1388,test
0.9977768,0.0004914832,4.3844124e-05,3.7980435e-06,0.00094127,0.000299033,0.00043246418,1.1276833e-05,1389,test
0.93970156,0.04736001,0.0024692335,1.651726e-05,0.0068805683,0.0019532545,0.0011518175,0.00046698953,1390,test
0.014029255,0.005330432,0.96383137,0.00048695778,0.0038635072,0.002665643,0.0070362976,0.0027565288,1391,test
0.9973712,0.00045391702,7.463883e-05,5.673727e-06,0.00091463275,0.00039948584,0.0007574593,2.2921427e-05,1392,test
0.0029838372,0.00038076227,0.001380148,0.00033936242,0.0019774742,0.99217963,0.0005801016,0.00017870782,1393,test
0.00018996897,0.0004938047,0.9970969,0.00019057503,0.00044758836,0.00021052187,0.0012941256,7.6392345e-05,1394,test
0.99515766,0.0010319782,0.00023155013,8.376283e-06,0.0013092052,0.0011325155,0.0010469322,8.169238e-05,1395,test
0.9966517,0.0006221159,0.00014353439,7.99963e-06,0.0011293741,0.0005940471,0.00080585596,4.5340705e-05,1396,test
0.0005709695,3.946812e-05,0.000134379,9.44054e-06,0.99914217,1.39212325e-05,4.7720863e-05,4.186197e-05,1397,test
0.00018175013,0.0004736344,0.99716896,0.00018405609,0.0003968626,0.00019908174,0.0012799983,0.000115646915,1398,test
0.9979938,0.00032000215,2.9431536e-05,4.0856166e-06,0.00093373796,0.00029631454,0.0004124523,1.0164402e-05,1399,test
0.00019064588,0.00053569325,0.9970776,0.0001886371,0.00051318615,0.00023299553,0.0011484995,0.000112762675,1400,test
0.009476041,0.001205349,0.002363911,0.0010957525,0.013152304,0.97086865,0.0012740601,0.0005638665,1401,test
0.00014675024,0.00043594142,0.99736375,0.00018944965,0.00037272435,0.0001704446,0.0012392638,8.178092e-05,1402,test
0.0005180693,0.0006765299,0.9941004,0.0003892086,0.0010952122,0.00045120128,0.0026650876,0.00010429036,1403,test
0.013150315,0.95042145,0.010461154,4.4952092e-05,0.0036372168,0.004102581,0.0005555842,0.017626764,1404,test
0.99793494,0.00034793583,3.5677636e-05,3.7748468e-06,0.0007694807,0.00034169134,0.00054819434,1.8304232e-05,1405,test
0.0012496294,0.0010034764,0.00080689293,3.4326467e-06,0.00039741458,0.00021815715,0.002450324,0.9938706,1406,test
0.00015047922,0.00042256384,0.9973207,0.00017415456,0.0004054528,0.00015505782,0.0012828696,8.8815264e-05,1407,test
0.9977108,0.0003589432,4.045585e-05,3.982957e-06,0.0011556238,0.0002930925,0.00042578165,1.1378951e-05,1408,test
0.00014594599,0.00043952628,0.99755067,0.00014646146,0.00034128982,0.00017210668,0.0010964505,0.00010767367,1409,test
0.0013443844,0.0010717534,0.0010384779,5.937469e-06,0.0005772987,0.0002502942,0.0032216215,0.99249023,1410,test
0.00018167094,0.0004985447,0.99709857,0.00021919825,0.0005024467,0.0002089977,0.0012000585,9.066e-05,1411,test
0.00017919412,0.00045436187,0.9974778,0.00014437304,0.00030826882,0.00019627299,0.0011316531,0.00010815051,1412,test
0.016348219,0.9593213,0.010053074,2.9533889e-05,0.003537263,0.0022714888,0.00067073526,0.007768383,1413,test
0.99798715,0.0003212393,3.4107565e-05,4.362401e-06,0.00090399623,0.00023424141,0.00050540996,9.472503e-06,1414,test
0.9970697,0.00060358306,8.898585e-05,5.389418e-06,0.0013100016,0.00043829207,0.00047141284,1.2610447e-05,1415,test
0.9976845,0.00039567065,4.228407e-05,5.3350454e-06,0.0009926843,0.00032668852,0.00053954474,1.3216596e-05,1416,test
0.00042138842,0.00049741194,0.99571335,0.00025082505,0.00073966134,0.00024509348,0.0020288555,0.00010327498,1417,test
0.90085346,0.008672428,0.05703975,0.00032682662,0.0077716983,0.009589388,0.014052209,0.0016942524,1418,test
0.00017201251,0.00061077735,0.9969612,0.00023227882,0.00053465134,0.00021161756,0.001173804,0.00010358631,1419,test
0.00046750632,0.00054045476,0.99527454,0.00031462248,0.0004213934,0.00036193765,0.002436254,0.00018325164,1420,test
0.00023334914,0.00049770257,0.9970312,0.00017047719,0.00038381023,0.00023712969,0.0013240993,0.00012225215,1421,test
0.0002141888,0.0005226128,0.99708277,0.00016047449,0.00044034678,0.0002234809,0.0012644923,9.158955e-05,1422,test
0.000222344,0.00046326173,0.9972644,0.0001475681,0.00038388558,0.00022849538,0.0011896485,0.00010050428,1423,test
0.00022601974,0.0005393529,0.99678814,0.00014821535,0.0004188949,0.00021542655,0.0015789628,8.502781e-05,1424,test
0.17529854,0.026551025,0.64668775,0.0021172885,0.048049416,0.007773489,0.06477726,0.028745184,1425,test
0.0019507698,0.001510607,0.0014322095,1.0160197e-05,0.00071840105,0.0004871999,0.0039446303,0.98994607,1426,test
0.9979924,0.00027172308,3.4479457e-05,3.7063642e-06,0.00090238167,0.00024736754,0.0005369395,1.1068221e-05,1427,test
0.00015879849,0.00045792974,0.9973368,0.00017934144,0.00039112815,0.00017741593,0.0011955737,0.000103080376,1428,test
0.00021599505,0.0005494029,0.997031,0.00015448444,0.00049728586,0.00025111125,0.0011774489,0.00012321319,1429,test
0.00015880726,0.0005384013,0.9969915,0.00019899508,0.0004979738,0.00020770448,0.0012959314,0.00011062232,1430,test
0.9978521,0.0003226889,3.594933e-05,4.8456864e-06,0.00079340517,0.00041920724,0.0005562525,1.5658528e-05,1431,test
0.014665835,0.9203862,0.016093804,9.6685966e-05,0.007843038,0.009289593,0.0013340113,0.030290868,1432,test
0.014284288,0.9615133,0.007175262,2.5540083e-05,0.0035678803,0.0021239675,0.0005636228,0.010746227,1433,test
0.00016078586,0.0005078921,0.9971414,0.00020828043,0.0004012498,0.00019074611,0.0012810614,0.00010856546,1434,test
0.00020513515,0.00045174905,0.9965496,0.0002629214,0.000586662,0.00018317485,0.0016884928,7.223378e-05,1435,test
0.00018835234,0.0003128063,0.9971468,0.00020640601,0.00034167033,0.00016960078,0.001548511,8.581214e-05,1436,test
0.014230476,0.93553776,0.019605907,6.480305e-05,0.0036045015,0.0058428105,0.00062838296,0.020485269,1437,test
0.00020415874,0.00042627772,0.9975795,0.0001316241,0.00031964853,0.00022214778,0.0010290766,8.755664e-05,1438,test
0.9948885,0.0010125627,0.00027787007,1.085094e-05,0.0016005781,0.00096128194,0.001186859,6.155514e-05,1439,test
0.00036155002,0.0007703356,0.99592006,0.00022271508,0.00059059536,0.0003388562,0.0016232709,0.00017257684,1440,test
0.998142,0.00023767453,3.332006e-05,4.5377265e-06,0.0007343946,0.00033208533,0.00050697173,9.022867e-06,1441,test
0.00027236668,0.00078914716,0.99629825,0.00019199589,0.00054786366,0.00025427635,0.0015044872,0.00014173277,1442,test
0.00055446423,0.0007373254,0.99507385,0.00015448821,0.00056621246,0.00038440127,0.0023424088,0.00018681366,1443,test
0.99854255,0.00019822814,1.849083e-05,3.2520588e-06,0.0006706637,0.00020518247,0.00035596368,5.679036e-06,1444,test
0.9980938,0.0003093497,3.780739e-05,5.4858465e-06,0.00072695734,0.00032087436,0.0004944485,1.1287615e-05,1445,test
0.00029124075,0.00070348184,0.9964406,0.00018801495,0.00047972816,0.0002821239,0.0014702699,0.00014457559,1446,test
0.0076569933,0.00027437473,0.004483904,0.001650005,0.0016931957,0.00025559834,0.95665747,0.027328357,1447,test
0.00031808112,0.0006350612,0.99642015,0.00020593403,0.00045879275,0.0002616776,0.0015701121,0.00013034667,1448,test
0.998279,0.00023016373,2.8720997e-05,4.715803e-06,0.00075452414,0.00022249634,0.00047302144,7.433319e-06,1449,test
0.019338027,0.0049091647,0.95217574,0.0010525425,0.0040582516,0.0047553857,0.012534784,0.0011761164,1450,test
0.015733695,0.95244163,0.011469022,4.003156e-05,0.0032428163,0.0031947172,0.0005995301,0.01327858,1451,test
0.00030970207,0.0007688888,0.9963284,0.00017868745,0.0005807016,0.00028624735,0.001407914,0.00013946337,1452,test
0.00027928734,0.0007934742,0.99644536,0.00019103407,0.0004821298,0.0002649454,0.0013982678,0.00014557394,1453,test
0.99754995,0.00030914633,3.485633e-05,5.71308e-06,0.0012269481,0.00045273715,0.00041024075,1.0386334e-05,1454,test
0.017288595,0.9077392,0.012531658,8.8278364e-05,0.0061736885,0.0100085605,0.0016601029,0.044509925,1455,test
0.9711751,0.0025399362,0.010170991,0.0001435194,0.0035020448,0.0037583192,0.008302536,0.0004075615,1456,test
0.99819416,0.000289325,3.0932897e-05,3.6397587e-06,0.0008092342,0.0002779637,0.00038769428,6.9932794e-06,1457,test
0.0002533757,0.0007211565,0.9965048,0.00019703979,0.0005078167,0.00026246815,0.0014142402,0.00013915604,1458,test
0.00034193043,0.00057120057,0.9943335,0.0004078983,0.00078173535,0.00026268547,0.0031660013,0.00013499714,1459,test
0.80272245,0.011504485,0.12196915,0.00033341892,0.013691946,0.013353023,0.03412893,0.0022965134,1460,test
0.00021179687,0.0005736741,0.9968862,0.00018185566,0.00043639558,0.00020327263,0.0013802622,0.00012653146,1461,test
0.014457618,0.9601211,0.008710038,2.3974771e-05,0.003177688,0.0021213568,0.0005578229,0.01083043,1462,test
0.014399825,0.96033174,0.011320217,2.3148805e-05,0.0026859974,0.0022732425,0.00044637534,0.00851949,1463,test
0.005692677,0.0023047966,0.9687168,0.00067929283,0.0021715697,0.0027855414,0.015669612,0.0019798172,1464,test
0.0015571279,0.001481014,0.0011790427,8.522577e-06,0.00084358884,0.00035156487,0.0035692537,0.99100995,1465,test
0.9981651,0.00028184772,3.117469e-05,4.2763677e-06,0.0008744147,0.00024362897,0.0003925237,7.072742e-06,1466,test
0.0026324168,0.0015278583,0.0010862397,1.0374332e-05,0.0006212235,0.00069173693,0.004200359,0.98922974,1467,test
0.017894233,0.9380575,0.0132978875,6.630118e-05,0.0047160573,0.0054463414,0.0011980254,0.019323722,1468,test
0.0043541677,9.49401e-05,0.002178059,0.0010456447,0.0010083155,5.030857e-05,0.9741315,0.01713703,1469,test
0.99511635,0.00089696934,0.000549786,1.223509e-05,0.0012836055,0.0009288494,0.0011522236,5.9891376e-05,1470,test
0.99787426,0.00028743144,3.8016453e-05,4.7902067e-06,0.0010532618,0.00026782948,0.00046537575,8.978871e-06,1471,test
0.9982287,0.00027792668,3.071108e-05,4.1967514e-06,0.0007229379,0.00023182012,0.0004946812,9.0337335e-06,1472,test
0.9978969,0.00028180156,3.263736e-05,5.925724e-06,0.0010388718,0.00029974655,0.00043710094,6.915377e-06,1473,test
0.00090631377,0.000108165004,0.0002513411,2.028157e-05,9.086448e-05,0.99845195,9.996914e-05,7.1073744e-05,1474,test
0.0003622921,0.00073057826,0.99387497,0.0004327707,0.0012567483,0.00029149995,0.002926947,0.00012424562,1475,test
0.0005754853,0.00084675814,0.99414897,0.0003646814,0.0010262647,0.00033085656,0.0025750627,0.00013189236,1476,test
0.0003122772,0.0006130527,0.9965107,0.00018407847,0.00041754346,0.00026413403,0.0015630272,0.0001351492,1477,test
0.00024560795,0.00075445045,0.9959155,0.00028098546,0.0006904793,0.00024855477,0.0017227858,0.00014161548,1478,test
0.00024600438,0.00060981937,0.99686474,0.00016290457,0.0003988685,0.00020894234,0.0013754404,0.00013323998,1479,test
0.0017868291,0.0018933807,0.0014474308,1.1532107e-05,0.0006430281,0.00065492204,0.0032287745,0.9903341,1480,test
0.99668944,0.00045667027,0.00014489841,1.0849787e-05,0.0009392365,0.00048399347,0.0012458956,2.89182e-05,1481,test
0.0020176866,0.0019721598,0.0012416691,1.0876654e-05,0.00086033216,0.00051661866,0.0035894692,0.9897912,1482,test
0.95961094,0.004902856,0.0052303663,9.5707925e-05,0.005203279,0.019980686,0.0041916375,0.00078452955,1483,test
0.00025607515,0.00064501085,0.9968054,0.00015083615,0.00039316787,0.00022741522,0.0013844526,0.00013762053,1484,test
0.9980167,0.00029448565,3.118671e-05,5.5125042e-06,0.00078575884,0.00027236095,0.0005837287,1.0114419e-05,1485,test
0.00034435745,0.00083683257,0.9956672,0.00025685635,0.0006412765,0.0003129522,0.0017711405,0.0001694139,1486,test
0.00031821753,0.0006060449,0.99651283,0.0001921281,0.00040852456,0.00029778248,0.0015246434,0.00013983203,1487,test
0.00027904258,0.0006135276,0.99652016,0.00019706895,0.00046394404,0.00022114076,0.0015652244,0.00013999119,1488,test
0.0002645481,0.00065265654,0.9966072,0.00017691743,0.0004520956,0.00022848097,0.0014962392,0.00012196753,1489,test
0.00029508065,0.0006002605,0.9967359,0.00018898945,0.00040216977,0.00024894963,0.0013836274,0.00014503513,1490,test
0.000332335,0.0005120601,0.99658585,0.00021540976,0.00050530623,0.00028202485,0.0014751446,9.176321e-05,1491,test
0.00045341894,0.00080819253,0.99507374,0.00015294807,0.0005962518,0.0003605312,0.002379717,0.00017517063,1492,test
0.00035213612,0.0007579756,0.9961075,0.0002051257,0.0005271605,0.00031339025,0.0015683433,0.00016832502,1493,test
0.9979923,0.00034420603,5.025844e-05,4.9644664e-06,0.0006657613,0.0004552489,0.0004728795,1.44154155e-05,1494,test
0.031499516,0.027492728,0.13995521,0.003521779,0.38177547,0.09257894,0.051251702,0.2719247,1495,test
0.008162083,0.005592955,0.00831512,0.000179705,0.001636118,0.94629467,0.0023929293,0.027426384,1496,test
0.0013683551,0.00022544917,0.00020720407,2.2423628e-05,0.00015742403,0.99767417,0.00014751728,0.00019740482,1497,test
0.9978249,0.0002696597,4.4613313e-05,6.0607854e-06,0.0009302479,0.00022463307,0.00069187634,8.0212385e-06,1498,test
0.0002685321,0.0006634558,0.9966903,0.00015062036,0.0005407556,0.00026718178,0.001302214,0.0001169611,1499,test
0.0002932779,0.00079618394,0.99621814,0.00018153893,0.00048958004,0.00025661127,0.0016095948,0.00015506051,1500,test
0.017549967,0.9536832,0.011221263,3.6784873e-05,0.0029471898,0.0027372187,0.0006590593,0.01116521,1501,test
0.00026569984,0.00072393275,0.9965095,0.00018820127,0.0004885286,0.0002548936,0.0014281719,0.00014115372,1502,test
0.0002577608,0.0005257929,0.9964669,0.00021672787,0.00044001624,0.00019822817,0.0017729179,0.00012172994,1503,test
0.00072352256,5.472435e-07,2.0680041e-05,2.1942298e-05,9.153132e-06,5.35859e-07,0.9990727,0.0001508864,1504,test
0.0014250824,0.0014994867,0.9900975,0.00036501384,0.0014833203,0.0008421447,0.004019365,0.00026819756,1505,test
0.9980488,0.00034432713,4.0984803e-05,6.0054203e-06,0.00064240245,0.0004207917,0.00048612375,1.062668e-05,1506,test
0.0002203451,0.0006465087,0.9967638,0.00015782085,0.00048691698,0.00021120635,0.0013835646,0.00012986296,1507,test
0.99754167,0.00026639973,7.04151e-05,6.5289205e-06,0.0008912091,0.00035155597,0.0008603779,1.19868055e-05,1508,test
0.00022719204,0.00068653503,0.9967231,0.00016919583,0.00048016512,0.00025374608,0.0013181706,0.00014193822,1509,test
0.00023636085,0.0006713347,0.996858,0.00013974687,0.00051604153,0.00025897913,0.0012176954,0.00010181141,1510,test
0.00030502112,0.0006555439,0.99616724,0.0002652805,0.00046780406,0.0002950417,0.0016775505,0.00016648648,1511,test
0.9958711,0.00050411886,6.8547706e-05,1.4327945e-05,0.0020826482,0.00038301942,0.0010574674,1.8715218e-05,1512,test
0.9972409,0.0004155913,9.63259e-05,5.9202416e-06,0.00089988747,0.000687632,0.00063499087,1.8714847e-05,1513,test
0.993385,0.0011368736,0.0006075777,1.2254324e-05,0.0025243424,0.0010952973,0.0011697843,6.8812056e-05,1514,test
0.012735351,0.96402854,0.008425644,1.9617877e-05,0.0032683294,0.0018656526,0.0005405511,0.009116382,1515,test
0.00031362765,0.0005166276,0.99651706,0.00022059538,0.0004829243,0.00024897073,0.0015970302,0.00010318334,1516,test
0.996606,0.0008599124,9.9714016e-05,5.00081e-06,0.0012734177,0.0005748862,0.00055960455,2.1369873e-05,1517,test
0.00022657718,0.0006680621,0.9962606,0.0002372684,0.0006005982,0.00022148181,0.0016572054,0.00012819376,1518,test
0.0006523316,0.0035787697,0.9926571,9.8067874e-05,0.00086089625,0.00063631096,0.0010389423,0.00047750937,1519,test
0.0002674556,0.00057684624,0.9966864,0.00016734867,0.00044862094,0.000245691,0.0014686936,0.00013892679,1520,test
0.0018595357,0.0016940762,0.0010909666,9.7883185e-06,0.000687047,0.00043404056,0.003943722,0.99028087,1521,test
0.9983376,0.0002574625,2.4266868e-05,4.5811544e-06,0.00069970015,0.000277261,0.00039177143,7.255448e-06,1522,test
0.0002719059,0.00065950345,0.9967589,0.00018392374,0.00045692275,0.00022638954,0.0013236625,0.00011875066,1523,test
0.00022522784,0.0006306354,0.99716717,0.00010992767,0.00039854378,0.00023280722,0.0011117414,0.00012407104,1524,test
0.003757382,0.008345769,0.0074860915,5.737659e-05,0.0016621066,0.002887402,0.0049085324,0.9708954,1525,test
0.00031712302,0.00077730505,0.9958983,0.0003017485,0.00061881146,0.00030507607,0.0016402777,0.00014131208,1526,test
0.99843186,0.00022973864,2.6119278e-05,4.8953166e-06,0.0006491141,0.00022045802,0.00042986943,7.856696e-06,1527,test
0.015861208,0.9617906,0.009104131,2.4200139e-05,0.0030048564,0.0016447379,0.0004941475,0.008076157,1528,test
0.0012707586,0.0018488106,0.0014890999,7.847132e-06,0.0006276326,0.00048007528,0.0025072047,0.9917686,1529,test
0.0002441903,0.0006276785,0.99664426,0.00018886721,0.00045727557,0.0002348718,0.0014731833,0.00012961727,1530,test
0.00021568412,0.00049761817,0.997235,0.00013353834,0.00037774135,0.00018260031,0.0012607757,9.714611e-05,1531,test
0.9981236,0.0002800177,4.573566e-05,5.167479e-06,0.0007264821,0.00032388058,0.0004860733,8.942331e-06,1532,test
0.00024306278,0.0006009181,0.99672323,0.00017050987,0.00043985186,0.00027454481,0.0014261845,0.00012163011,1533,test
0.0031121022,0.0014670165,0.98558074,0.00024405967,0.0015943584,0.0010426351,0.0064530023,0.00050602807,1534,test
0.0029131516,0.0051025646,0.913007,0.0046664756,0.037237708,0.0199158,0.015745705,0.0014114729,1535,test
0.00020542684,0.00053366076,0.9972018,0.00012841621,0.00034557548,0.00021203737,0.0012414199,0.00013171652,1536,test
0.0016924194,0.0015703493,0.0011535834,7.65461e-06,0.0006125832,0.00039623052,0.0033342896,0.9912328,1537,test
0.00022763717,0.0005843684,0.99681383,0.00018468985,0.00046950867,0.00020390343,0.001390569,0.00012554007,1538,test
0.0003408275,0.00081576005,0.9959401,0.00020469533,0.0005611619,0.00029346123,0.0016831744,0.00016084198,1539,test
0.99828655,0.0002643233,3.5003406e-05,4.493864e-06,0.0006229697,0.00034373696,0.00043351742,9.410451e-06,1540,test
0.00031454727,0.0006050622,0.99626166,0.00022842897,0.00049248466,0.0002701846,0.0017058833,0.00012173645,1541,test
0.00034150068,0.0006068451,0.9964535,0.00017673787,0.0004523646,0.0002487932,0.0015970586,0.00012315545,1542,test
0.00022561777,0.0007157582,0.99646544,0.0001901121,0.0004934809,0.00026812687,0.0014965273,0.00014495221,1543,test
0.00023489766,0.0005969811,0.9965173,0.00023170668,0.0005159232,0.000207441,0.001592904,0.000102925376,1544,test
0.014308372,0.9627978,0.009495267,2.220163e-05,0.0030583497,0.0018667809,0.00050224015,0.007948943,1545,test
0.00024906697,0.0007428009,0.99663144,0.00017619535,0.0005419875,0.00025802327,0.0012707158,0.00012972443,1546,test
0.00029098347,0.00073270116,0.9959781,0.00031310818,0.0005961177,0.00030280906,0.001635675,0.00015044099,1547,test
0.00031629842,0.0006844901,0.9959116,0.0002396863,0.0005862635,0.00029069555,0.0018464812,0.00012454795,1548,test
0.0002118667,0.0005406997,0.9967043,0.00016463523,0.00051046046,0.00021633485,0.0015457402,0.00010607433,1549,test
0.9985398,0.0002037522,2.112799e-05,3.9342603e-06,0.0006026147,0.00030657765,0.0003168209,5.448455e-06,1550,test
0.00033280006,0.0007476745,0.9957359,0.00032196986,0.0005858675,0.00032363718,0.0018033533,0.0001489176,1551,test
0.014468028,0.9539824,0.010297341,3.2554457e-05,0.003111103,0.002753472,0.0005936826,0.014761427,1552,test
0.9981712,0.0002108273,3.3032637e-05,5.4705147e-06,0.00067497237,0.0002330183,0.0006636387,7.8389085e-06,1553,test
0.0072916425,0.0004326816,0.0013886626,0.0008181094,0.9751789,0.013833491,0.00069344195,0.00036299884,1554,test
0.9981693,0.0002713807,4.1732044e-05,4.5947186e-06,0.0006558386,0.00038467642,0.00046117522,1.1238103e-05,1555,test
0.0008145637,0.0008030927,0.9943815,0.00023899305,0.00085317204,0.00051058707,0.0022487976,0.00014932558,1556,test
0.9983853,0.0002690198,3.29519e-05,4.068149e-06,0.00057978806,0.0002860374,0.00043422173,8.6692535e-06,1557,test
0.00024667656,0.00067020557,0.9967976,0.00017258762,0.0004338354,0.0002482817,0.0013019257,0.00012893295,1558,test
0.99855393,0.00016472557,2.3365394e-05,3.975711e-06,0.0005447223,0.0001952154,0.0005065533,7.4304894e-06,1559,test
0.99757344,0.0002861869,3.0212417e-05,3.6942065e-06,0.0012359326,0.0005298555,0.00032953295,1.114482e-05,1560,test
8.219206e-05,0.0002737865,0.9981509,0.00014870701,0.00034040882,0.0001382524,0.0008039562,6.1702536e-05,1561,test
0.018487109,0.9242857,0.0153934155,9.3718074e-05,0.0063821124,0.009942263,0.0010820689,0.024333576,1562,test
7.3033996e-05,0.00025007883,0.99832886,0.00010863526,0.00034334313,0.00013651459,0.0006872877,7.2258204e-05,1563,test
9.301818e-05,0.0002394101,0.9980756,0.0001445082,0.00034883714,0.0001817673,0.0008803023,3.6510293e-05,1564,test
0.99779534,0.00022141234,3.530439e-05,3.9163065e-06,0.0009756495,0.0005352372,0.00042062145,1.257504e-05,1565,test
0.03425865,0.2695782,0.10150786,0.0011373436,0.047258228,0.018356709,0.018403975,0.509499,1566,test
8.782789e-05,0.0002814497,0.9981908,0.000103818275,0.00033686176,0.00016287487,0.0007655551,7.0757684e-05,1567,test
0.9977857,0.00025065054,3.0573978e-05,3.6537494e-06,0.0011197503,0.0004668542,0.000332797,1.0057336e-05,1568,test
6.524466e-05,0.00021177247,0.9985304,9.095633e-05,0.00032738704,0.00011924555,0.00061472715,4.0400326e-05,1569,test
9.4368996e-05,0.00031192583,0.9980671,0.00014197409,0.0004107902,0.0001138593,0.00081372267,4.6292105e-05,1570,test
0.00011990609,0.0002756119,0.9978976,0.0001618168,0.00032998825,0.00014487884,0.0010146732,5.5462813e-05,1571,test
0.996635,0.00037702298,5.992943e-05,4.7894164e-06,0.0016023348,0.00073846494,0.0005593114,2.3101395e-05,1572,test
8.268538e-05,0.0003237282,0.998026,0.00016220738,0.00035645574,0.00017833643,0.00079452794,7.608208e-05,1573,test
0.9959163,0.00054663565,0.00014986117,1.0659863e-05,0.0011909415,0.0011650238,0.00096614123,5.4536533e-05,1574,test
0.997521,0.00037215528,5.4736887e-05,3.4763445e-06,0.00089672493,0.0007030414,0.00042713553,2.1728172e-05,1575,test
0.9980469,0.0002589939,3.1395113e-05,2.9333498e-06,0.0008599096,0.000459026,0.00032926735,1.1563017e-05,1576,test
9.8337245e-05,0.0002825879,0.99826896,0.00013653855,0.0003221035,0.00013177123,0.00071019394,4.9460374e-05,1577,test
0.99787104,0.00028458677,4.1221614e-05,3.092199e-06,0.00086050323,0.0005419841,0.00038296578,1.4505891e-05,1578,test
0.9965448,0.00045527192,7.306384e-05,4.590094e-06,0.0013361241,0.001056939,0.0005072475,2.200444e-05,1579,test
0.16212101,0.0058788736,0.76783377,0.0013305147,0.011820675,0.011373215,0.037051544,0.0025904381,1580,test
0.0009147287,0.0010732949,0.9900636,0.00019811101,0.0013713808,0.00095057377,0.004737264,0.0006909744,1581,test
7.415874e-05,0.00025851923,0.9979664,0.00015427792,0.00039585194,9.9784826e-05,0.0010079535,4.3007632e-05,1582,test
0.000108241264,0.00039042495,0.99802256,0.00012652743,0.00036522353,0.00016109638,0.0007529906,7.286912e-05,1583,test
9.166164e-05,0.0002996483,0.99826825,0.00013074357,0.00035920247,0.00014247124,0.0006499678,5.8001126e-05,1584,test
9.4765855e-05,0.0003049194,0.9982151,0.00013270462,0.00031674383,0.0001310913,0.00074269203,6.209677e-05,1585,test
0.99685836,0.00038309247,9.0523616e-05,6.495777e-06,0.00095980044,0.0011136379,0.0005597906,2.8271694e-05,1586,test
8.685408e-05,0.00035196167,0.9977718,0.00022382523,0.00044592525,0.00017815588,0.000861382,8.012987e-05,1587,test
0.9977876,0.0002970687,5.4089498e-05,3.5388166e-06,0.0007342669,0.00076312653,0.0003451464,1.5257967e-05,1588,test
8.914324e-05,0.00029181872,0.99831617,0.000118569915,0.00036123302,0.00013276478,0.000640898,4.954273e-05,1589,test
0.00010335145,0.0002947532,0.9979874,9.603245e-05,0.0003488068,0.00011397241,0.0009980672,5.762285e-05,1590,test
0.89235705,0.006749487,0.06086328,0.0004465714,0.0118491985,0.0152698,0.011101416,0.001363229,1591,test
0.9978678,0.00025833203,3.4300494e-05,3.255821e-06,0.0010211618,0.00046663423,0.0003379362,1.0659494e-05,1592,test
0.9946765,0.00067456684,9.574681e-05,8.433867e-06,0.0019435735,0.0019954406,0.0005609994,4.475608e-05,1593,test
0.9965328,0.00054511445,0.00012447088,4.985206e-06,0.0013767879,0.0008477502,0.0005531335,1.4815893e-05,1594,test
9.958705e-05,0.0003471749,0.9980404,0.00015618163,0.000430317,0.00014480314,0.00071969244,6.1849634e-05,1595,test
0.9982268,0.00021527383,2.8122946e-05,2.3675898e-06,0.0008170628,0.00045516487,0.0002445883,1.061574e-05,1596,test
9.033956e-05,0.00025488166,0.998209,0.00013773942,0.00032315546,0.0001283875,0.0008028942,5.36748e-05,1597,test
0.010299705,0.9747706,0.0043083336,1.0159425e-05,0.0031438172,0.0009271003,0.00027548693,0.0062648305,1598,test
0.0001077473,0.0003157337,0.9977017,0.00014176278,0.00044121675,0.00017981113,0.0010487755,6.318439e-05,1599,test
0.00013006951,0.00031672293,0.99786276,0.00018375588,0.00043122075,0.00014955767,0.0008744363,5.149132e-05,1600,test
0.9954817,0.00043456687,0.00010011206,5.3152153e-06,0.0015808255,0.0017348325,0.0006325223,3.0075924e-05,1601,test
9.5003e-05,0.00029495754,0.9980585,0.00015877523,0.00038111417,0.0001769888,0.0007777032,5.6866895e-05,1602,test
0.997248,0.00036802512,7.401354e-05,4.5520837e-06,0.00085545453,0.00087726314,0.0005467369,2.5824604e-05,1603,test
8.41235e-05,0.00026491992,0.9982601,0.0001161375,0.00034775672,0.00013746222,0.00072094845,6.859141e-05,1604,test
0.9974147,0.000265317,3.6015055e-05,6.0725006e-06,0.0013382667,0.00046435898,0.00046377562,1.1596564e-05,1605,test
0.99763536,0.00026340675,4.4657703e-05,4.13334e-06,0.0009298921,0.00071820663,0.00038597765,1.8375824e-05,1606,test
0.0018797511,0.0020235437,0.0017888946,2.1173433e-05,0.0014281851,0.0029471042,0.0025709795,0.9873404,1607,test
0.00051065354,0.00038844862,0.0006800748,1.3065804e-06,0.0003461688,8.4332474e-05,0.0014034365,0.9965855,1608,test
9.422311e-05,0.00032578962,0.9978527,0.00021882138,0.0004456967,0.00016746685,0.000841193,5.4134518e-05,1609,test
0.00011855649,0.00027460838,0.9981622,0.00012095467,0.0003490501,0.00015519204,0.00075749593,6.1936815e-05,1610,test
0.99615175,0.00053780444,0.00013527856,6.0816133e-06,0.0010565636,0.0013822648,0.00068984926,4.043171e-05,1611,test
7.5091004e-05,0.00026828493,0.9982974,0.00013748427,0.00035124118,0.00013648138,0.00066877,6.5220534e-05,1612,test
0.9954407,0.00077216537,0.00031112134,7.57746e-06,0.0011986728,0.0015253354,0.00071191665,3.2518114e-05,1613,test
7.543569e-05,0.00031594245,0.9978854,0.00021702358,0.00046827295,0.00012221496,0.0008550348,6.0528902e-05,1614,test
0.9977308,0.00029230225,2.8489581e-05,2.377434e-06,0.001075482,0.00050785433,0.00034838374,1.433995e-05,1615,test
8.224476e-05,0.00029642993,0.99832815,0.00010485782,0.00034416936,0.00012994652,0.0006484852,6.567895e-05,1616,test
9.100404e-05,0.00028172776,0.9981675,8.670153e-05,0.0003428136,0.00017466553,0.0007854445,7.0074704e-05,1617,test
0.99750805,0.00028041378,6.3745836e-05,5.015778e-06,0.000764797,0.00080848095,0.0005498457,1.9569457e-05,1618,test
0.0001423845,0.000309723,0.99797446,0.000116409836,0.00037254696,0.00022071518,0.0007983936,6.545437e-05,1619,test
0.00029260528,5.1027884e-05,5.4786764e-05,2.8443158e-06,4.2889504e-05,0.9994912,2.41544e-05,4.0562878e-05,1620,test
0.00019043688,0.0004884131,0.9967248,0.00014374012,0.00052901456,0.00023473334,0.001543268,0.00014572687,1621,test
0.00011537542,0.000395214,0.9977725,0.00017415921,0.0004384364,0.0001777855,0.0008578845,6.855582e-05,1622,test
0.00010085257,0.00032476996,0.9979347,0.0001605185,0.00035368584,0.0001423647,0.0009155506,6.760708e-05,1623,test
0.0002138135,0.00037046362,0.99699533,0.0002758626,0.0005374727,0.00024565676,0.0012785323,8.29906e-05,1624,test
0.00010260466,0.00026904955,0.9982834,0.00011549242,0.00030773724,0.00014877412,0.00072326645,4.9744107e-05,1625,test
0.00010969064,0.0002882471,0.99817157,0.00013695976,0.00031779055,0.00016483328,0.0007485976,6.222051e-05,1626,test
0.0011462979,2.4557135e-06,0.00019670154,0.00013299634,3.987273e-05,2.6726339e-06,0.9975587,0.0009202337,1627,test
0.00012202734,0.00027123652,0.9979044,0.00015848434,0.00033343674,0.00014223458,0.0010001418,6.800937e-05,1628,test
0.0010219165,9.751609e-07,5.1258794e-05,4.953086e-05,1.2627086e-05,1.8844785e-06,0.9984187,0.00044314572,1629,test
0.013376206,0.96064997,0.005827448,2.5570625e-05,0.007069254,0.0029864088,0.00092659565,0.009138489,1630,test
9.989327e-05,0.00034556992,0.99804914,0.00015432191,0.00034324662,0.00015812277,0.00078254176,6.7089415e-05,1631,test
8.432752e-05,0.00026793938,0.9983608,8.7162894e-05,0.00029864328,0.00013071841,0.00071908406,5.1257677e-05,1632,test
0.9027443,0.005358891,0.057922877,0.00033317436,0.009067556,0.010631714,0.012808504,0.0011329933,1633,test
9.3477436e-05,0.0002751196,0.99792176,0.00019861264,0.00044160392,0.00016311089,0.00084613636,6.010709e-05,1634,test
0.8991843,0.067490116,0.0042864843,5.016091e-05,0.008520432,0.016184375,0.001732163,0.002551972,1635,test
0.9974855,0.00029798446,3.8369337e-05,3.645464e-06,0.0013078437,0.0005382801,0.00031660922,1.1763594e-05,1636,test
0.023389153,0.0056907223,0.94563764,0.00026448647,0.005636381,0.008337837,0.009045134,0.0019986099,1637,test
0.9976609,0.00030152788,4.946637e-05,3.6186966e-06,0.00078494364,0.00080052647,0.00038197587,1.7025548e-05,1638,test
0.9980513,0.00020192475,2.9354938e-05,3.4863158e-06,0.000838891,0.00048988604,0.00037435882,1.0886121e-05,1639,test
0.9976749,0.0002795365,3.6590776e-05,3.923972e-06,0.0009218588,0.00070261623,0.00036515793,1.5460784e-05,1640,test
0.00012948444,0.0003275952,0.99792624,0.00014377388,0.00043045825,0.00019594537,0.00077659555,6.9911395e-05,1641,test
0.00013109774,0.00030811544,0.997832,0.00015193297,0.00042125615,0.00015449122,0.00093833567,6.279176e-05,1642,test
0.9970988,0.00032307723,5.162747e-05,5.8213604e-06,0.0014805321,0.0006074133,0.00041798793,1.4680132e-05,1643,test
0.00022544313,0.00034493304,0.9971071,0.00015900798,0.00061586517,0.00020688475,0.0012693161,7.144375e-05,1644,test
0.00045204628,0.00017381643,0.00026846456,1.4439678e-05,0.00016618105,0.9984648,0.00012248599,0.00033773595,1645,test
9.963469e-05,0.00030139543,0.9981018,0.00011096688,0.00038753857,0.00015434947,0.00078048237,6.389964e-05,1646,test
9.4504794e-05,0.00027347248,0.99819344,0.00011261694,0.0003495709,0.00016018952,0.00075981684,5.637717e-05,1647,test
0.00010817089,0.00036688597,0.99798167,0.00016130302,0.0004061487,0.00013802545,0.0007751466,6.2573345e-05,1648,test
0.9970805,0.00026714345,3.9587805e-05,3.6026222e-06,0.0015208047,0.0006699865,0.00040511537,1.3277831e-05,1649,test
0.9978752,0.0002657293,3.7343027e-05,2.6234104e-06,0.00086914416,0.0006002258,0.00033592273,1.3854896e-05,1650,test
0.99642783,0.00046195256,8.553653e-05,3.6024655e-06,0.0019851835,0.00064827816,0.0003726286,1.4909706e-05,1651,test
8.881527e-05,0.00027852444,0.99828184,0.00012249962,0.0002876062,0.00013404655,0.0007435819,6.316267e-05,1652,test
0.00010402745,0.00035104365,0.9979954,0.00017621518,0.0004116554,0.00014802806,0.0007653176,4.8289312e-05,1653,test
9.659147e-05,0.00022612541,0.9982809,0.00013774868,0.00031054582,0.00010953111,0.0007929037,4.5683533e-05,1654,test
0.00010790005,0.00024253374,0.99793625,0.00015134229,0.00040367185,0.00011658991,0.0009810261,6.080542e-05,1655,test
7.971703e-05,0.00025463122,0.99847966,0.000112821894,0.00038417047,0.000124079,0.0005207042,4.425359e-05,1656,test
0.00010590171,0.00027377383,0.9980019,0.00013773632,0.00035896455,0.00014326492,0.00091387494,6.472258e-05,1657,test
0.9972257,0.00038924807,4.2527114e-05,3.030522e-06,0.0014210443,0.00052827894,0.00037161197,1.8417164e-05,1658,test
0.00012893791,0.0003252008,0.99780136,0.00022640554,0.00041750076,0.00016310645,0.0008698962,6.761674e-05,1659,test
0.99788636,0.00022945835,3.0964056e-05,2.9255057e-06,0.0009807291,0.00048762298,0.00037095425,1.10066285e-05,1660,test
0.0006616806,0.00030839443,0.0006089015,1.9237234e-06,0.0004023313,0.00011462926,0.0019249973,0.9959772,1661,test
8.935099e-05,0.00025345042,0.99802953,0.00016975643,0.00039895106,0.0001486152,0.00086173223,4.8615908e-05,1662,test
0.02303909,0.0006195281,0.0024505525,0.014772188,0.27359957,0.68405855,0.0012315214,0.00022904163,1663,test
0.0017549484,3.347152e-06,0.00010688626,0.00020745692,7.3257426e-05,4.8520305e-06,0.9967933,0.0010558848,1664,test
0.00010149307,0.00030998938,0.9979882,0.00017337069,0.00041111925,0.00017642445,0.0007737661,6.5574546e-05,1665,test
0.00040262213,0.0010932063,0.99565923,0.00016853429,0.00085107423,0.0004784846,0.0012259963,0.0001208847,1666,test
0.997771,0.00033631476,5.0560517e-05,2.8427478e-06,0.0009548598,0.0005395254,0.00033163503,1.3325197e-05,1667,test
0.9976947,0.00023091501,2.8636541e-05,2.4736828e-06,0.0012081435,0.00052294804,0.0003021841,9.94269e-06,1668,test
0.99802136,0.00025166266,3.675866e-05,2.4382375e-06,0.00081507483,0.00050983735,0.00035044685,1.23124455e-05,1669,test
0.9904501,0.0010212671,0.00033963163,3.0798976e-05,0.0025183994,0.004280078,0.0012381246,0.00012151716,1670,test
0.00018766023,1.6058518e-06,1.0874937e-05,1.6162966e-06,0.9997681,1.3027282e-05,8.169613e-06,8.895219e-06,1671,test
9.405427e-05,0.00027330883,0.9982309,0.00015795713,0.00031419488,0.00013718278,0.00074249273,4.987568e-05,1672,test
0.011906986,0.97183704,0.006606226,1.3642523e-05,0.0024513793,0.0012992566,0.00026835353,0.005617086,1673,test
9.181934e-05,0.00025142272,0.99797744,0.00018523815,0.00037207478,0.00013798155,0.0009367448,4.736788e-05,1674,test
0.9979132,0.00025633158,3.1218708e-05,2.036323e-06,0.00095148734,0.0005571326,0.00027856737,1.0134505e-05,1675,test
8.248166e-05,0.00024391059,0.99846053,0.00010851526,0.00028581487,0.00013038932,0.00064021844,4.8140413e-05,1676,test
8.905993e-05,0.0003081631,0.9981786,0.0001288003,0.00037049854,0.00014110995,0.00071322924,7.052938e-05,1677,test
9.6980984e-05,0.00024282375,0.99821705,0.00015981884,0.0003064213,0.0001145667,0.00081938686,4.2914682e-05,1678,test
0.996503,0.00048164668,9.4890296e-05,5.635933e-06,0.001369208,0.0010575401,0.00046444332,2.3739367e-05,1679,test
0.00045097672,0.0009878987,0.9959409,9.171134e-05,0.00088360056,0.00027209063,0.0011500893,0.00022276072,1680,test
0.9975439,0.00036959653,6.0063936e-05,3.200605e-06,0.001309293,0.00042873615,0.00027501333,1.0138796e-05,1681,test
0.00081180077,0.0013077215,0.994183,0.000107497515,0.0010165996,0.0005205205,0.001762165,0.00029074447,1682,test
0.0002760509,0.0011728584,0.99561995,0.00013242984,0.0010282706,0.00023382135,0.0013098028,0.00022677443,1683,test
0.0004121184,0.0011592297,0.9953432,0.00014264512,0.001057898,0.00026234728,0.0014362955,0.00018628631,1684,test
0.0004511863,0.0012981043,0.9945866,8.634626e-05,0.0011478296,0.0004257032,0.0016658866,0.0003382213,1685,test
0.0013914874,8.481111e-05,0.0003372389,2.456504e-05,0.99787843,6.1011175e-05,0.00015036405,7.213734e-05,1686,test
0.0003534564,0.0011174312,0.99516284,0.00011607125,0.0014102879,0.0003029472,0.0013529476,0.00018394875,1687,test
0.018944848,0.001102906,0.01069176,0.0016025861,0.0045947493,0.00034619373,0.8598604,0.10285664,1688,test
0.00032448643,0.0010266075,0.9961349,8.629844e-05,0.0008603752,0.00023877555,0.0010694342,0.00025916912,1689,test
0.0004920209,0.0008894953,0.99592257,9.835033e-05,0.00088998955,0.00026900423,0.0012600492,0.00017855114,1690,test
0.00039281312,0.0013804398,0.99531823,0.00011092294,0.0010799683,0.00028868986,0.0011602959,0.00026857655,1691,test
0.0014830403,5.0844674e-06,0.00022484988,8.964705e-05,0.00011280519,3.9520532e-06,0.9964371,0.0016435144,1692,test
0.00031682156,0.0008465803,0.9963322,6.7235036e-05,0.0009938771,0.00028754314,0.0009391469,0.00021671884,1693,test
0.015537486,0.9117499,0.008754677,8.3599785e-05,0.0064128083,0.0037315115,0.0009886159,0.052741382,1694,test
0.00044488293,0.0013142263,0.9954158,9.86598e-05,0.0010279053,0.00030734064,0.0011297748,0.00026129594,1695,test
0.021664677,0.009427171,0.012145292,0.0002919641,0.0047218823,0.91610396,0.006022452,0.029622676,1696,test
0.0003249813,0.0011137687,0.9961234,8.973273e-05,0.0007993549,0.00023000297,0.0011185274,0.00020034275,1697,test
0.00042408743,0.0011612645,0.9953637,0.00012130053,0.0011586627,0.0003201441,0.0012323712,0.00021848551,1698,test
0.0003497788,0.0010838674,0.99541134,0.00013845561,0.001184006,0.00024723585,0.0014061473,0.00017918325,1699,test
0.99861336,0.00022393564,2.0570009e-05,1.9064529e-06,0.000698604,0.00023089982,0.00020371884,7.025629e-06,1700,test
0.0004248106,0.0011295417,0.9956547,0.00010632928,0.00092821283,0.0002917614,0.0012360577,0.00022850394,1701,test
0.00042143586,0.0012123395,0.99531555,0.00014240752,0.001066282,0.00029735325,0.001319833,0.00022473739,1702,test
0.9963947,0.00055907044,6.2760846e-05,3.505025e-06,0.0021423092,0.00036062283,0.00045993534,1.7039021e-05,1703,test
0.002206498,0.001636057,0.9903368,8.681682e-05,0.0014197247,0.0010484689,0.0025613576,0.00070425146,1704,test
0.98062015,0.00054256123,0.0003415937,6.794675e-05,0.0011621482,0.0012237456,0.015744774,0.000297157,1705,test
0.015124696,0.022992292,0.025453163,0.0010391477,0.01614566,0.06990004,0.013178496,0.8361665,1706,test
0.00035460538,0.0010597026,0.9958162,0.000119940116,0.0010327806,0.00025148786,0.0011813547,0.00018392807,1707,test
0.99752325,0.00033038357,4.581302e-05,3.0022527e-06,0.0010330254,0.0007026807,0.0003452424,1.6544816e-05,1708,test
0.00038721936,0.0012885223,0.995346,0.00012337645,0.0010035969,0.0003061995,0.0013019169,0.00024313142,1709,test
0.0105551,0.96466154,0.0062278416,2.036046e-05,0.0035880748,0.0017575817,0.00038765604,0.01280184,1710,test
0.010132702,0.27432677,0.6982236,0.00012643098,0.0065028393,0.0062968344,0.0013449294,0.003045945,1711,test
0.00041494812,0.0014140058,0.9949922,0.00015236413,0.0012605961,0.00034134896,0.0011857591,0.00023880138,1712,test
0.99627626,0.00058299367,7.971889e-05,1.9104491e-05,0.0011995577,0.0010205711,0.00076927216,5.269318e-05,1713,test
0.00037140245,0.0011348046,0.9961247,6.868361e-05,0.0008662131,0.00029797066,0.0009093501,0.00022686343,1714,test
0.00037887157,0.0011533216,0.99572986,0.000120305805,0.0009983832,0.00025130235,0.0011734489,0.00019444287,1715,test
0.998283,0.0002981647,3.0522016e-05,2.5505783e-06,0.0008936215,0.00025918367,0.0002238054,9.121568e-06,1716,test
0.00048632218,0.0009691306,0.99513716,0.00015516517,0.0011716888,0.00028937764,0.0015839069,0.00020723927,1717,test
0.99848855,0.00023507138,2.1085903e-05,2.1023245e-06,0.0007678922,0.0002550559,0.00022185882,8.377256e-06,1718,test
0.00026578992,0.0010205471,0.99619246,7.971447e-05,0.00089337165,0.00023898848,0.0011114697,0.00019772598,1719,test
0.9970396,0.0003959804,7.166888e-05,6.400003e-06,0.0015519524,0.0004015857,0.00052003877,1.2820855e-05,1720,test
0.0007092832,0.0019552028,0.9915372,0.00012340903,0.0028748882,0.00031325725,0.0022419728,0.00024466397,1721,test
0.9982811,0.0002745984,2.2595612e-05,2.7585063e-06,0.000941814,0.00023858134,0.0002283637,1.0233555e-05,1722,test
0.0026519543,0.0003919,0.002176642,9.2934504e-05,0.99364257,0.00039165356,0.0004023262,0.00024997184,1723,test
0.0002914469,0.0012477143,0.99538815,0.00013283813,0.0011367288,0.00024810663,0.0013527637,0.00020230415,1724,test
0.99873453,0.00018986389,1.360251e-05,1.9728338e-06,0.00064960134,0.00021204191,0.00019181178,6.650421e-06,1725,test
0.001399341,0.00012766918,0.000527579,2.8264298e-05,0.9975274,7.6456156e-05,0.00021656722,9.6642456e-05,1726,test
0.0003865199,0.0012712757,0.99578625,9.878372e-05,0.0009018014,0.00025339954,0.0010827557,0.00021921894,1727,test
0.0007590044,0.0005934771,0.0010775058,2.3571556e-06,0.00039767197,0.00018083026,0.0017816296,0.9952075,1728,test
0.00039063473,0.0012156342,0.99541736,0.00013015875,0.001059471,0.00031453167,0.0012242767,0.00024801286,1729,test
0.0006510207,0.00049695687,0.00078775425,1.8035983e-06,0.0003172685,0.0001183263,0.0016934435,0.9959335,1730,test
0.00042674292,0.0011826915,0.9953655,7.8321835e-05,0.0011635518,0.00027002188,0.0013233521,0.00018984645,1731,test
0.00044275518,0.0011137883,0.99510586,0.00012486672,0.0010296099,0.00037103,0.0015439856,0.00026808886,1732,test
0.0003291205,0.0012667603,0.99562955,0.000102931204,0.000985801,0.00027070337,0.0011515842,0.00026348303,1733,test
0.99859196,0.00025045074,2.3193115e-05,2.3516545e-06,0.00053546537,0.00037155405,0.00021530145,9.81212e-06,1734,test
0.00040305726,0.0010574401,0.9958554,8.995962e-05,0.00086536224,0.00030413942,0.0011552741,0.00026939786,1735,test
0.0004547623,0.0013219384,0.99499786,0.00012021254,0.0011853853,0.00035397118,0.0013028431,0.00026299537,1736,test
0.82212335,0.016245238,0.081884556,0.0014567372,0.020389374,0.023740064,0.029554043,0.004606623,1737,test
0.00033174083,0.0011241253,0.9954124,0.00013619148,0.0010857122,0.00025933285,0.0014697365,0.00018078058,1738,test
0.9974281,0.00034246693,2.9564275e-05,5.336407e-06,0.0013789056,0.0004052647,0.00039744115,1.2847052e-05,1739,test
0.0019407605,0.0018824708,0.9891929,9.836838e-05,0.0022458541,0.0007751486,0.0033191275,0.00054533576,1740,test
0.0003281898,2.2689226e-06,0.0013854464,0.9968966,0.00022349971,7.736609e-05,0.0010847274,1.9382817e-06,1741,test
0.9972888,0.00037111714,5.3889657e-05,5.1092866e-06,0.0012488427,0.0004692598,0.00053752173,2.5318275e-05,1742,test
0.0021420543,0.0025391523,0.0020028322,1.2192185e-05,0.0012756037,0.0005947085,0.0029264956,0.98850703,1743,test
0.00040714745,0.0012203113,0.99560827,9.035382e-05,0.0010591852,0.0002915603,0.001143436,0.00017972411,1744,test
0.99566144,0.00063284975,7.637015e-05,1.6456363e-05,0.001695175,0.0010874617,0.0007866905,4.3565473e-05,1745,test
0.01018636,0.9780286,0.0048586093,7.800226e-06,0.0018284536,0.00066958315,0.00020128294,0.0042193374,1746,test
0.00046557057,0.0015312033,0.9948297,0.000112085334,0.0012162057,0.00034570426,0.0012605754,0.00023903693,1747,test
0.00034929794,0.0011342294,0.9954997,0.00010522505,0.0010752749,0.0002315829,0.0013659146,0.00023875671,1748,test
0.059681095,0.07072739,0.4511328,0.007202526,0.22251444,0.15302615,0.014308804,0.021406787,1749,test
0.2650475,0.17541313,0.47072122,0.00034124596,0.042954568,0.025798172,0.006683378,0.013040745,1750,test
0.00034631096,0.0012691591,0.99561936,0.00011036677,0.000977503,0.00026700215,0.0011507162,0.0002595543,1751,test
0.00042848018,0.0014973446,0.99484175,8.929975e-05,0.0011852824,0.00034313067,0.0012526208,0.00036220573,1752,test
0.0002367281,1.2674756e-06,0.0013848993,0.99731064,0.0001661865,4.211649e-05,0.0008570638,1.0465568e-06,1753,test
0.0016615371,0.00011285168,0.00019604353,2.47059e-05,0.00022908032,0.9975962,0.00012174419,5.7778074e-05,1754,test
0.9985898,0.00022923699,1.8871155e-05,2.2967442e-06,0.0006428068,0.00029201625,0.0002145592,1.0359017e-05,1755,test
0.0005643663,0.0012892584,0.9939458,0.00011140775,0.0013495254,0.00039023065,0.0020777187,0.0002717728,1756,test
0.0027688055,0.00043776684,0.00047322235,2.5591211e-05,0.00030349754,0.9954372,0.00024249463,0.00031138264,1757,test
0.00027822205,0.0011007631,0.9959539,0.0001011523,0.0009763336,0.00025245556,0.0011063141,0.00023082031,1758,test
0.0003208609,0.0012691347,0.99586993,8.5430285e-05,0.0009038313,0.00026693998,0.0010224842,0.00026132094,1759,test
0.025436405,0.94403565,0.015327666,3.0820105e-05,0.0053305514,0.0034350455,0.00041973565,0.005984217,1760,test
0.00035345578,0.0012875493,0.9952618,0.00015060701,0.0010279668,0.00031579682,0.0013822797,0.00022053151,1761,test
0.002718413,0.00042253963,0.00048999797,3.8170692e-05,0.00035906964,0.9954406,0.00025230908,0.00027890358,1762,test
0.99785197,0.0003737242,4.188605e-05,4.139386e-06,0.0008930571,0.00045884444,0.00035817033,1.8225115e-05,1763,test
0.00039817035,0.0013638675,0.99485755,8.612845e-05,0.0012109516,0.00032156744,0.0014926571,0.00026912047,1764,test
0.99865305,0.00020282782,1.5025643e-05,1.7269118e-06,0.0007444769,0.0002068107,0.00016989003,6.1603455e-06,1765,test
0.99837923,0.00026010012,1.9007266e-05,2.6050225e-06,0.0007936703,0.0003381534,0.00019840206,8.695632e-06,1766,test
0.0003073033,0.0011983415,0.99577063,0.00011010681,0.0010048719,0.00024691856,0.0011590684,0.00020277136,1767,test
0.0003556334,0.001309422,0.9949727,0.0001659453,0.0012043264,0.00035165227,0.001380609,0.00025970847,1768,test
0.0004505419,0.0009488527,0.99566597,0.00010923992,0.000996313,0.00028507796,0.001340567,0.00020350263,1769,test
0.00044016002,0.0015102354,0.994766,0.00014607546,0.0011731623,0.00035448588,0.0013251395,0.00028461363,1770,test
0.0002782724,0.0012607919,0.9959121,8.061227e-05,0.0009428849,0.00024833498,0.0010248084,0.0002521762,1771,test
0.00037592303,0.0010256304,0.99612504,0.000101279344,0.00087232096,0.00025475005,0.00101489,0.000230108,1772,test
0.9977239,0.0003741659,5.162231e-05,4.7617214e-06,0.00087909366,0.00048583365,0.00045622443,2.4418465e-05,1773,test
0.9981267,0.00022093103,2.2340115e-05,3.8404346e-06,0.0010022917,0.00025017725,0.00036498692,8.728198e-06,1774,test
0.010809884,0.9768679,0.0043268944,7.2441353e-06,0.0019339974,0.0006580521,0.00021865853,0.0051773484,1775,test
0.99805117,0.00022462853,2.4470424e-05,3.6722427e-06,0.0011188163,0.0002348266,0.00033300777,9.361129e-06,1776,test
0.0003558917,0.0010109904,0.99612373,7.662584e-05,0.00085092057,0.00027998083,0.0011028545,0.00019905067,1777,test
0.00028061637,0.0012003983,0.9957624,0.0001101039,0.0010250057,0.00027101047,0.001123261,0.00022712872,1778,test
0.9986118,0.00020402319,1.4265592e-05,2.085265e-06,0.0007341827,0.00025617052,0.00017078962,6.6130247e-06,1779,test
0.015906423,0.006120603,0.0063613825,0.0028095334,0.030139394,0.93351734,0.0024993261,0.0026460276,1780,test
0.026688,0.0315312,0.030238349,0.006228402,0.35647422,0.063544184,0.024565073,0.46073055,1781,test
0.99852604,0.00020987376,1.6157786e-05,2.653875e-06,0.00081764295,0.00018797233,0.00023285694,6.8587533e-06,1782,test
0.00029954518,0.0009968466,0.996104,8.063241e-05,0.0008542071,0.00022517401,0.0012371504,0.00020239518,1783,test
0.9985392,0.00018798934,1.528801e-05,2.7016533e-06,0.0007657011,0.00023595296,0.00024546415,7.6250926e-06,1784,test
0.00046245588,0.0012047224,0.99526715,0.00010536192,0.001046928,0.00032763992,0.0013345067,0.00025121958,1785,test
0.9982127,0.00024665764,2.8450737e-05,2.6520406e-06,0.000888106,0.00033105523,0.00028003575,1.04289875e-05,1786,test
0.00031832722,0.0011519328,0.9958966,0.00010224247,0.00094709184,0.00024640988,0.0011543934,0.00018301084,1787,test
0.0007673159,0.0006624547,0.0010701321,2.9654946e-06,0.00027774286,0.0002265788,0.0014296889,0.99556315,1788,test
0.99803776,0.00026010536,2.5412255e-05,4.0060672e-06,0.0010804444,0.0002906676,0.0002916678,9.971086e-06,1789,test
0.998216,0.00023996086,3.1445863e-05,4.4241247e-06,0.00065756706,0.00038968812,0.00044537583,1.5490563e-05,1790,test
0.9984573,0.00019583998,1.5052182e-05,3.123226e-06,0.00073169346,0.00034900202,0.00023990378,8.133273e-06,1791,test
0.99876225,0.00014521333,1.1785864e-05,2.3905284e-06,0.00067333976,0.0001926709,0.00020616942,6.2339045e-06,1792,test
0.00040649148,0.0012483192,0.9957282,7.588353e-05,0.00087867596,0.00025826163,0.001144929,0.0002591827,1793,test
0.9969133,0.0004445552,4.1639247e-05,1.2107396e-05,0.0012562309,0.0007140759,0.0005852949,3.2815162e-05,1794,test
0.009773375,0.975157,0.0061547766,8.245415e-06,0.0015226653,0.0008800069,0.00017141538,0.006332536,1795,test
0.00042283908,0.0012882428,0.9954248,0.00012312808,0.0009450034,0.00029268712,0.0012311417,0.00027221665,1796,test
0.00029665406,0.0010597422,0.99615073,7.905906e-05,0.0008448357,0.00025522232,0.0010402941,0.0002734219,1797,test
0.99857926,0.0001823246,1.7505055e-05,3.0311671e-06,0.00072884746,0.0002255698,0.0002556589,7.761246e-06,1798,test
0.00038291744,0.0012250162,0.9954835,0.0001233723,0.00094858336,0.00030360368,0.0012785326,0.00025443526,1799,test
0.0007184799,0.00078976405,0.9938691,0.00015867446,0.001097863,0.00038747478,0.0027959808,0.00018263685,1800,test
0.012669661,0.96766675,0.007718061,1.8873596e-05,0.003436305,0.0017789255,0.00056698656,0.0061445404,1801,test
0.012588738,0.96020925,0.008064071,2.6106953e-05,0.0028952574,0.0026105768,0.00046775464,0.013138204,1802,test
0.9956584,0.000740124,9.787088e-05,1.0143992e-05,0.0016032212,0.0005360159,0.0013180238,3.6291432e-05,1803,test
0.0001656368,0.0005432327,0.99712807,0.00016777495,0.00044974373,0.0002527351,0.0011690138,0.0001237175,1804,test
0.00015063543,0.00041890828,0.99713045,0.0001617928,0.00052232516,0.00025674806,0.0012938834,6.533624e-05,1805,test
0.9934236,0.0011309587,0.00024865483,9.868961e-06,0.0020639773,0.0012946045,0.0017508073,7.748715e-05,1806,test
0.99714595,0.00054761727,5.4074822e-05,5.4938087e-06,0.00091030716,0.00060366606,0.00070716353,2.5687683e-05,1807,test
0.012642638,0.9504037,0.010829725,4.28115e-05,0.0034825744,0.00444726,0.00060101075,0.017550278,1808,test
0.9973169,0.0004439938,4.0866616e-05,4.7020426e-06,0.000984791,0.0005430999,0.00064723234,1.8418303e-05,1809,test
0.9975121,0.00051509,3.7433503e-05,3.2011624e-06,0.0009945489,0.0004933975,0.00043002036,1.41622395e-05,1810,test
0.65620375,0.020316938,0.18948588,0.0013380708,0.031241665,0.020822128,0.07303411,0.007557492,1811,test
0.00016660448,0.0006149321,0.996902,0.00015896239,0.0005385298,0.00021646344,0.0012970173,0.00010556136,1812,test
0.010604595,0.0058864057,0.93226945,0.0015532926,0.021369848,0.015109139,0.011278072,0.0019291637,1813,test
0.9971711,0.00040858166,3.9396265e-05,5.3818762e-06,0.0009784437,0.00060698594,0.0007723326,1.7701035e-05,1814,test
0.9969548,0.00046118727,4.031243e-05,5.913065e-06,0.0011402929,0.00041736398,0.0009616277,1.8445642e-05,1815,test
0.9970092,0.00044445638,4.446713e-05,5.347127e-06,0.0011506841,0.0005311146,0.0007958547,1.8835859e-05,1816,test
0.00017636252,0.0006248484,0.99678385,0.00016063411,0.00053937366,0.0002499844,0.0013451102,0.00011988104,1817,test
0.012880201,0.96682394,0.0073139495,1.6323744e-05,0.0030066366,0.0019662676,0.00047493842,0.0075178607,1818,test
0.00069036515,0.0011048487,0.0010360935,3.1574862e-06,0.00071516365,0.00016124679,0.0018565074,0.9944326,1819,test
0.99635893,0.00050173677,7.012012e-05,6.1118303e-06,0.0013027193,0.00071337464,0.0010274692,1.95501e-05,1820,test
0.0001396665,0.00053595396,0.9972134,0.00015249252,0.00047122812,0.00022045731,0.0011449676,0.00012175006,1821,test
0.00018271165,0.00052513054,0.9967608,0.00019891694,0.0006423697,0.00025385854,0.0013440328,9.2192764e-05,1822,test
0.00021537862,0.00058288814,0.99706537,0.00011156286,0.0004336344,0.00024083265,0.0012317486,0.000118596996,1823,test
0.00019136869,0.0007104837,0.9961993,0.00024602472,0.00079605356,0.00023503127,0.0015271865,9.441535e-05,1824,test
0.00015871269,0.0005729606,0.99696237,0.00018229084,0.00055288634,0.0002550678,0.0012025208,0.000113156515,1825,test
0.00014476568,0.00045070107,0.99719054,0.00013025488,0.00049826055,0.00030118975,0.0011884265,9.5964184e-05,1826,test
0.9951283,0.0008651817,9.411689e-05,7.4132936e-06,0.0016911323,0.0012702467,0.000906626,3.6927842e-05,1827,test
0.014312456,0.9575174,0.011446875,3.0432377e-05,0.003159057,0.0030610529,0.00061463076,0.009858032,1828,test
0.99563617,0.0007606732,0.00016385343,6.3668126e-06,0.0011831056,0.0010739593,0.0011180021,5.7951667e-05,1829,test
0.00012693375,0.0005208118,0.99745625,0.00011433819,0.00044971224,0.00020754103,0.0010172165,0.000107128944,1830,test
0.9974184,0.00045520134,4.8893013e-05,5.2825444e-06,0.00091724115,0.0004774802,0.00065811974,1.9444791e-05,1831,test
0.9968451,0.00046994133,4.452031e-05,4.7991325e-06,0.0012294487,0.00068908033,0.0006963202,2.0796422e-05,1832,test
0.0001825429,0.000452843,0.99685967,0.00021014988,0.00046376648,0.00023078335,0.0014966191,0.00010361973,1833,test
0.9969104,0.00055653293,6.283148e-05,4.8152865e-06,0.0012324143,0.00048086603,0.0007280525,2.4159905e-05,1834,test
0.0001589182,0.00052419887,0.99688256,0.00024392952,0.0005607525,0.00021550882,0.0013276607,8.6537824e-05,1835,test
0.00018859895,0.000650769,0.9965611,0.00020902415,0.00059479626,0.00029014237,0.001371955,0.00013355326,1836,test
0.000115235714,0.00056101126,0.9973953,0.00011428247,0.0004867023,0.00024009032,0.0009788523,0.000108496504,1837,test
0.9974579,0.0003647839,3.813368e-05,3.9416705e-06,0.0009891948,0.00046152537,0.0006671025,1.7394968e-05,1838,test
0.9964516,0.0005506387,6.308097e-05,7.7076975e-06,0.0013290133,0.00047599265,0.0010970185,2.4961419e-05,1839,test
0.996914,0.0004696304,3.957512e-05,4.8949187e-06,0.0012595223,0.00054955337,0.0007441961,1.8638546e-05,1840,test
0.9970921,0.00044516526,3.992034e-05,5.6938075e-06,0.0012199065,0.00054736534,0.00063125463,1.8485289e-05,1841,test
0.00019822248,0.0006470194,0.9965733,0.00020665572,0.00056998397,0.0002722387,0.0014019685,0.00013062295,1842,test
0.00012873877,0.0004253364,0.9975314,0.00013149859,0.0004437929,0.00018016748,0.0010776364,8.133953e-05,1843,test
0.9968065,0.00058768096,7.3396855e-05,5.923863e-06,0.0009407879,0.0007235966,0.0008305437,3.165795e-05,1844,test
0.9965364,0.0005338952,6.228343e-05,6.792673e-06,0.001203054,0.0005785709,0.001046611,3.2504766e-05,1845,test
0.9973502,0.00038157718,3.6880072e-05,4.5534666e-06,0.0009828774,0.0005527471,0.00066802814,2.314195e-05,1846,test
0.00013972259,0.0006135148,0.9966002,0.0002192099,0.0006513211,0.00024360523,0.0014248762,0.00010754502,1847,test
0.00014780682,0.00053772854,0.99701524,0.00020072686,0.00049798563,0.00021134263,0.0012791958,0.000109912275,1848,test
0.00085376657,0.00096677186,0.000717462,3.1713e-06,0.00042243794,0.0002031677,0.0018403706,0.9949928,1849,test
0.00011988661,0.0005098078,0.9975957,9.123659e-05,0.00051236694,0.00019056004,0.0009003716,8.0009515e-05,1850,test
0.0001778795,0.0006317277,0.99643767,0.00019872734,0.00055433135,0.00031482134,0.0015476481,0.00013728223,1851,test
0.996029,0.0005278717,9.6331496e-05,9.3201115e-06,0.0009998662,0.00058104144,0.0017028059,5.375684e-05,1852,test
0.012392028,0.96400946,0.009025388,1.9838895e-05,0.0027586124,0.0022419565,0.0004340637,0.009118575,1853,test
0.0010718928,5.437969e-05,0.00011067439,2.8778393e-05,0.9985373,4.6297842e-05,8.590444e-05,6.477251e-05,1854,test
0.9961928,0.0006872045,0.00012304974,7.3707924e-06,0.0015257113,0.00056015135,0.00086931087,3.4309633e-05,1855,test
0.00015538663,0.00052781246,0.9973029,0.00013028807,0.00044273937,0.0002151154,0.001111544,0.00011420412,1856,test
0.0018323505,0.001711843,0.0015966719,1.3833338e-05,0.0008346395,0.00062060554,0.004197635,0.9891924,1857,test
0.99704224,0.00047154934,4.802245e-05,5.447708e-06,0.0011662014,0.0005302156,0.0007152408,2.10159e-05,1858,test
0.00016916775,0.0004724966,0.9972441,0.00015026992,0.00043483076,0.00023210599,0.0012074395,8.9503614e-05,1859,test
0.0001636399,0.00049747666,0.9968957,0.00020127899,0.0005253599,0.00025132846,0.001375104,9.006871e-05,1860,test
0.00027096694,0.000655145,0.9961855,0.00022490871,0.0007024263,0.00032213487,0.0015075944,0.00013126005,1861,test
0.013232931,0.96913356,0.007077962,1.56119e-05,0.002916797,0.001504242,0.00045235775,0.005666629,1862,test
0.01641004,0.94983536,0.008318865,2.845948e-05,0.0043790014,0.004492763,0.0010672949,0.015468174,1863,test
0.00013434801,0.0005430928,0.99727064,0.00012578399,0.0004972411,0.00022332549,0.0010784506,0.00012708466,1864,test
0.02607656,0.004961034,0.94213754,0.00063501945,0.005378848,0.004168639,0.01462043,0.0020219833,1865,test
0.00015645221,0.00062838825,0.99654824,0.00017375714,0.00067319913,0.00031194967,0.0013860813,0.00012193485,1866,test
0.00018885879,0.00042196154,0.9972168,0.00014393567,0.0005441172,0.00024275402,0.0011621424,7.931791e-05,1867,test
0.996967,0.0004828499,6.2450265e-05,5.8836895e-06,0.0009612296,0.00060861674,0.0008890823,2.2853324e-05,1868,test
0.00019930028,0.0004917097,0.99700683,0.00017681495,0.00042660197,0.00026905476,0.001331853,9.791617e-05,1869,test
0.99691224,0.00059695065,7.491834e-05,4.837772e-06,0.00087146234,0.00073372596,0.0007658385,3.991581e-05,1870,test
0.00016080038,0.0005768674,0.99699664,0.00016953773,0.00047729467,0.00023880943,0.0012541614,0.0001258789,1871,test
0.9971624,0.00041302032,5.0275547e-05,6.5777763e-06,0.00100493,0.00042225953,0.00092051405,1.99068e-05,1872,test
0.99578285,0.0006282528,8.182661e-05,1.1302883e-05,0.0016100236,0.00068159425,0.0011740038,3.0229625e-05,1873,test
0.99481416,0.0009856594,0.00030321037,9.075814e-06,0.0011982846,0.0012679773,0.0013331878,8.852304e-05,1874,test
0.001886397,1.2543579e-05,0.0006379,0.00029031897,0.00013446539,1.5372378e-05,0.9928861,0.004136921,1875,test
0.00019879064,0.00057464273,0.99675506,0.00021920256,0.00049835915,0.00023341314,0.0014033334,0.000117265576,1876,test
0.00019090711,0.0005546026,0.9969766,0.00015659592,0.0005245594,0.0002191125,0.0012959144,8.1741855e-05,1877,test
0.9967834,0.0004308034,6.299771e-05,6.477312e-06,0.0011583976,0.00058259687,0.0009491646,2.6136626e-05,1878,test
0.00018881247,0.00052705815,0.9968545,0.00019370431,0.00049597526,0.00023752576,0.0014060736,9.633202e-05,1879,test
0.00044874934,0.0007481866,0.9945235,0.00024185423,0.0009238541,0.0002750761,0.0027214494,0.0001172868,1880,test
0.99534553,0.0007742645,6.597247e-05,7.941517e-06,0.0017132979,0.0009306914,0.0011230019,3.93819e-05,1881,test
0.0010031719,4.912054e-05,0.00012723851,2.3896646e-05,0.9986237,4.4904307e-05,7.8439545e-05,4.9460446e-05,1882,test
0.0002161793,0.0005993898,0.9963247,0.00024298459,0.00069302274,0.0002459926,0.0015800165,9.762456e-05,1883,test
0.0008459918,0.0009252018,0.9926725,0.00018003368,0.0011822615,0.0006428252,0.0032948891,0.00025618856,1884,test
0.00015599832,0.00050757837,0.996986,0.00016506415,0.00046255923,0.00022374665,0.0013934345,0.00010562252,1885,test
0.99514705,0.00072778773,5.0003877e-05,7.967452e-06,0.002444915,0.00092455186,0.00066782726,2.992998e-05,1886,test
0.00017266281,0.00034809596,0.9974354,0.00014609148,0.0004218888,0.00019628166,0.0011995048,8.015244e-05,1887,test
0.99569523,0.0005741727,0.00011954793,9.916104e-06,0.0012970539,0.0012034236,0.0010539674,4.662592e-05,1888,test
0.9967949,0.0005871408,6.326473e-05,6.2245094e-06,0.0011002703,0.0007003846,0.00071905216,2.8803835e-05,1889,test
0.99653625,0.0006132731,8.299124e-05,5.851145e-06,0.0011272163,0.0007651548,0.00083836203,3.0845174e-05,1890,test
0.00023298497,0.00060852844,0.9963728,0.00021967673,0.0005958062,0.0003076939,0.0015318594,0.00013067752,1891,test
0.0004100602,0.00082456437,0.99510264,0.00019690578,0.000877892,0.00035394312,0.0021041755,0.00012988427,1892,test
0.99706846,0.0004479806,4.303299e-05,5.995981e-06,0.0010816883,0.0006288149,0.00070518226,1.8813638e-05,1893,test
0.018240647,0.7120403,0.022066394,0.00031745364,0.020877505,0.016118836,0.0041961586,0.20614275,1894,test
0.00028854053,0.00080989354,0.9948926,0.00030098614,0.0013016199,0.00027431353,0.002056767,7.5224154e-05,1895,test
0.00014858278,0.00062754063,0.9972029,9.496835e-05,0.0006011749,0.00026206678,0.000968819,9.399012e-05,1896,test
0.00032858233,0.00077141746,0.9951578,0.0002275177,0.000926214,0.00028018322,0.002172757,0.00013556141,1897,test
0.010802437,0.014453767,0.02295162,0.0013351714,0.12171247,0.01728554,0.020146368,0.79131263,1898,test
0.00015302013,0.00064273283,0.997001,0.00015291598,0.00059702905,0.0002444625,0.0010934661,0.00011534868,1899,test
0.00015954449,0.0005594563,0.997246,0.00014628317,0.00047968133,0.00022868019,0.0010682752,0.00011205154,1900,test
0.00018380534,0.0005935791,0.99651164,0.00022652428,0.0005652405,0.0002919434,0.0014991272,0.00012820648,1901,test
0.0009851644,0.0012780321,0.0008924647,3.0508972e-06,0.0004059949,0.0002485017,0.0017062373,0.9944805,1902,test
0.9965648,0.00062667514,6.664789e-05,4.7865037e-06,0.001437518,0.00067265774,0.0005984831,2.8492486e-05,1903,test
0.00018936161,0.00056215975,0.99715793,0.00012686322,0.00053911883,0.0002273074,0.0011003504,9.68682e-05,1904,test
0.9976063,0.00045690013,4.848655e-05,4.2873517e-06,0.0008018732,0.0004976006,0.00056576537,1.8770634e-05,1905,test
0.9970824,0.00047097015,4.9777223e-05,5.651054e-06,0.0010166386,0.00051844824,0.0008324498,2.3683348e-05,1906,test
0.00014458856,0.00044847268,0.99724686,0.00021214708,0.0005450523,0.00019756543,0.0011382503,6.705702e-05,1907,test
0.00018439646,0.00055139227,0.9967728,0.00018517008,0.0004945725,0.00024680267,0.0014477448,0.00011703629,1908,test
0.00017251003,0.00048205082,0.99681705,0.00019603506,0.0005310137,0.00020393677,0.0014790633,0.0001183834,1909,test
0.0001814287,0.0005708238,0.9968303,0.00019555552,0.0005681311,0.00027056888,0.0012747026,0.00010840859,1910,test
0.9971916,0.0005341648,5.7381476e-05,5.6206586e-06,0.0008932687,0.0005237581,0.00077017245,2.406945e-05,1911,test
0.00023774587,0.00056172116,0.9954543,0.0002558461,0.0006523385,0.00030666796,0.002393601,0.00013770924,1912,test
0.00014212896,0.00047980607,0.9971929,0.00018861594,0.00053999474,0.00023161933,0.0011447628,8.018556e-05,1913,test
0.00016261345,0.0006027829,0.996409,0.0002331815,0.0006887444,0.000291281,0.0015100985,0.00010236262,1914,test
0.99681586,0.00050503376,4.545481e-05,5.880458e-06,0.0012125904,0.0007443311,0.00064773014,2.3297313e-05,1915,test
0.0009726802,5.763201e-05,0.00024539395,9.3931274e-05,0.9982146,0.00016535113,0.00013062611,0.000119745186,1916,test
0.9969056,0.00037101563,5.213565e-05,7.643317e-06,0.00093411433,0.00047824113,0.0012282875,2.3016812e-05,1917,test
0.00020117893,1.0364948e-05,1.419807e-05,1.4662511e-06,1.1832514e-05,0.9997335,1.7188122e-05,1.02050235e-05,1918,test
0.00015843824,0.0005720994,0.9967944,0.00025302405,0.000599099,0.00021061282,0.0013116699,0.00010067876,1919,test
0.99831855,0.00019728155,3.9512455e-05,5.2834307e-06,0.0006349654,0.00032632583,0.00047020413,7.9521e-06,1920,test
0.002145027,0.00079633866,0.00067549845,5.081747e-05,0.00043767752,0.99501014,0.00031507143,0.000569382,1921,test
0.011568661,0.97534466,0.0056639262,1.0082837e-05,0.002210446,0.00080413115,0.00030346378,0.0040946403,1922,test
8.558968e-05,0.00023807038,0.99844754,7.5957585e-05,0.00019365564,7.03422e-05,0.00085393724,3.4985653e-05,1923,test
0.01891095,0.94162565,0.02931313,3.0090821e-05,0.002619125,0.0025509065,0.00046761378,0.004482483,1924,test
0.99644715,0.00045114142,0.0003745737,9.837356e-06,0.00055243983,0.0009065355,0.0012145358,4.3743206e-05,1925,test
0.00029704688,0.00042984015,0.9957865,0.00015335479,0.00049967837,0.00018652914,0.002556852,9.0169146e-05,1926,test
0.00012593802,0.0002574826,0.9982015,0.00013021559,0.00021456474,9.3383074e-05,0.0009338303,4.3046573e-05,1927,test
8.1784376e-05,0.00027684929,0.99839944,0.00012514138,0.00025160436,6.7224486e-05,0.00076823094,2.9769099e-05,1928,test
0.35861188,0.0084747365,0.54357857,0.00086933834,0.011779207,0.007876379,0.0661306,0.0026793112,1929,test
0.00012241749,0.00027807712,0.9982482,0.00012291831,0.00026169032,0.00010497279,0.00083013036,3.1501444e-05,1930,test
0.000113917464,0.00035521836,0.99828464,0.0001130978,0.00023488018,8.646142e-05,0.0007760022,3.5742833e-05,1931,test
0.000117643314,0.0003127384,0.99832886,0.00010360405,0.00023969477,9.327276e-05,0.00075512554,4.9019945e-05,1932,test
0.00012256087,0.00031437553,0.99828964,0.000115266026,0.00022998474,9.21034e-05,0.00079077843,4.526047e-05,1933,test
0.9971661,0.0003269413,0.00013435006,8.669565e-06,0.0008444924,0.00041261458,0.0010876976,1.916409e-05,1934,test
0.010767295,0.97489876,0.006309107,8.892986e-06,0.0016978052,0.0008587167,0.00024313349,0.0052162716,1935,test
0.9966814,0.00090392656,0.00013851875,7.438003e-06,0.001171937,0.0005271534,0.00054495165,2.4705098e-05,1936,test
0.99524,0.0007054552,0.0003743303,8.624717e-06,0.0011344965,0.0014648135,0.00103203,4.0333034e-05,1937,test
0.00012838295,0.0001874587,0.9985316,5.4647844e-05,0.00014816849,7.426672e-05,0.00083828054,3.7335638e-05,1938,test
0.00013295442,0.00031278888,0.99826056,0.000108712076,0.00024051803,9.977065e-05,0.0007954649,4.9314607e-05,1939,test
0.060140554,0.003664138,0.8994514,0.0011647132,0.004700446,0.0068484913,0.022565914,0.0014643697,1940,test
0.9973769,0.00045447447,0.000105195,7.0848982e-06,0.00085725606,0.0006571688,0.00052288047,1.89817e-05,1941,test
0.00014658108,0.00032478286,0.99801886,0.00016029507,0.00026079768,0.000110012435,0.00092114345,5.7576926e-05,1942,test
9.03476e-05,0.00028012056,0.99851876,8.106588e-05,0.00023717948,7.108426e-05,0.00068403943,3.7314054e-05,1943,test
0.998145,0.00023851286,4.9369737e-05,4.5592246e-06,0.0006500685,0.00038107997,0.00051929185,1.2184537e-05,1944,test
0.99781847,0.0002933582,6.5044056e-05,6.925888e-06,0.0005032434,0.0005773839,0.0007153278,2.0133286e-05,1945,test
9.3054485e-05,0.00023775305,0.99855655,8.340252e-05,0.00019751555,8.405762e-05,0.00070234615,4.5307817e-05,1946,test
0.97741765,0.0035520718,0.0021320796,0.00019678283,0.0042482354,0.008550372,0.0034993559,0.0004035373,1947,test
0.009401376,0.9755269,0.0064296355,8.809944e-06,0.0019482406,0.00084107585,0.00020608267,0.0056378325,1948,test
0.06383819,0.030971756,0.06096055,0.00029862198,0.0058614197,0.04706552,0.026486862,0.76451707,1949,test
0.0001266838,0.00033300082,0.99817204,0.00012456415,0.00029867823,0.000114988965,0.00078460545,4.5388177e-05,1950,test
0.0030939043,0.0028396081,0.0036047006,3.0384464e-05,0.0010028888,0.003208072,0.003302231,0.98291826,1951,test
8.959147e-05,0.00028537327,0.9983164,0.00012262192,0.00022397409,7.412329e-05,0.00084295747,4.4977605e-05,1952,test
0.010623631,0.9749867,0.007417823,7.7613995e-06,0.0018312645,0.00083968823,0.00023151038,0.004061621,1953,test
0.9977405,0.00038023142,8.640877e-05,4.8913994e-06,0.000536313,0.0007746847,0.0004568753,2.0124438e-05,1954,test
0.00010475561,0.0003267411,0.9980306,0.00011769524,0.0002862648,9.886294e-05,0.0009861228,4.883897e-05,1955,test
0.0043834574,0.0010590949,0.0008206088,0.0005356177,0.0029440806,0.98911893,0.0006805967,0.0004575936,1956,test
0.99821883,0.00023406933,5.2978154e-05,4.884471e-06,0.0005439639,0.00035385843,0.0005787852,1.2649096e-05,1957,test
0.9979417,0.00029228322,7.38523e-05,5.901946e-06,0.000571769,0.0005559273,0.00054349407,1.5158472e-05,1958,test
0.00014554452,0.0002918692,0.9982564,0.00011726482,0.0002309994,0.00010611031,0.000799815,5.2037187e-05,1959,test
0.9974304,0.0003545877,8.043529e-05,4.4972176e-06,0.0008869214,0.00056750944,0.0006503966,2.530222e-05,1960,test
0.00010674007,0.00030280897,0.99820113,0.00015140601,0.00026233564,0.000102024074,0.00082966185,4.3830445e-05,1961,test
0.9978929,0.00029822247,7.520854e-05,5.3532754e-06,0.0007951488,0.0003328683,0.0005889668,1.1353308e-05,1962,test
0.99809414,0.00026656332,4.6115605e-05,6.5205486e-06,0.0006702027,0.00042019162,0.0004846469,1.15630355e-05,1963,test
0.0067997775,0.008774373,0.0051597967,0.0001714625,0.0039003512,0.0043368805,0.008263511,0.96259385,1964,test
0.00010309978,0.0002720665,0.9983382,0.00012423121,0.00023654933,9.538372e-05,0.0007935624,3.684826e-05,1965,test
0.00010331383,0.00028969583,0.9984438,9.521684e-05,0.00021012082,8.7307584e-05,0.00072495145,4.565675e-05,1966,test
9.342001e-05,0.00022869543,0.99830973,9.3413764e-05,0.0002399319,8.60728e-05,0.0009152163,3.3586843e-05,1967,test
0.99750334,0.00035587192,5.9210117e-05,6.431615e-06,0.0009279381,0.00052785967,0.000603117,1.6186004e-05,1968,test
0.9956397,0.00049391034,0.00021205559,1.1404362e-05,0.00074547244,0.0012638349,0.001578635,5.5027245e-05,1969,test
0.000109307446,0.00032046766,0.99823964,9.542234e-05,0.00023805893,0.00010335973,0.0008433007,5.0414936e-05,1970,test
8.684626e-05,0.00026428414,0.9985663,5.8002282e-05,0.00022694716,7.810704e-05,0.0006843741,3.5212386e-05,1971,test
0.99724185,0.00052159623,0.00014010565,6.3778775e-06,0.0009212719,0.0005442785,0.0006048862,1.9553134e-05,1972,test
0.9975871,0.00058911287,0.0001646419,5.534932e-06,0.0006431591,0.00042314778,0.0005641123,2.3285917e-05,1973,test
0.00067185593,0.0005351302,0.9963626,0.00010230603,0.0005433344,0.00022732894,0.0014898072,6.760848e-05,1974,test
9.339424e-05,0.00023988496,0.99848,9.699469e-05,0.00017936663,6.709463e-05,0.0008013732,4.173572e-05,1975,test
0.00015347287,0.00028468776,0.9981243,0.00013062602,0.00022807994,9.300986e-05,0.0009392826,4.646319e-05,1976,test
0.9942741,0.0008556412,0.0002215788,1.6362203e-05,0.0017578707,0.0013994627,0.001411135,6.3806714e-05,1977,test
0.9983683,0.00018914738,3.879962e-05,4.95581e-06,0.0005889398,0.00031081095,0.0004888523,1.0349176e-05,1978,test
0.000102951046,0.00022297034,0.9985355,9.3338e-05,0.00016536028,7.988763e-05,0.0007513693,4.8646587e-05,1979,test
0.00012045243,0.00024533566,0.99837446,9.601419e-05,0.00022369639,7.310368e-05,0.00082154624,4.5307203e-05,1980,test
0.00010666237,0.00028884824,0.9982653,0.00010359685,0.00022592208,9.3526825e-05,0.00086635427,4.9805392e-05,1981,test
0.000104420054,0.00029794488,0.9983064,0.000119484466,0.00023499667,9.110763e-05,0.0007990896,4.6464622e-05,1982,test
8.858501e-05,0.00022162488,0.9985122,7.011194e-05,0.00019079202,7.408616e-05,0.0008114065,3.1204218e-05,1983,test
0.00013661897,0.00033342096,0.9981294,0.00013111107,0.00029616777,0.00010716782,0.00082290126,4.3200766e-05,1984,test
0.00016135199,0.00040388617,0.9969765,0.00019319152,0.0009861118,0.00013267036,0.0011056532,4.0674615e-05,1985,test
0.0008899358,0.00045668337,0.0006674855,3.1295356e-06,0.0004418598,0.00014603772,0.0029419614,0.994453,1986,test
0.9978775,0.00027065247,5.886146e-05,5.601731e-06,0.0008434889,0.00035398596,0.0005764022,1.35335395e-05,1987,test
0.0001380252,0.00027688767,0.9983341,0.00012425604,0.00020003492,9.399567e-05,0.00078408653,4.8591894e-05,1988,test
0.9975677,0.00026930295,6.595362e-05,7.050615e-06,0.00082560204,0.0003407647,0.0009054309,1.8143854e-05,1989,test
0.00012263797,0.00034110024,0.99809104,0.00016322103,0.00025367137,9.506536e-05,0.0008905476,4.2614905e-05,1990,test
0.00013516493,2.8330717e-06,2.951304e-05,1.1459423e-06,0.9998054,1.3799668e-06,1.75213e-05,7.028744e-06,1991,test
0.034068227,0.0057143364,0.008971466,0.000256148,0.0043398025,0.0041080606,0.038986128,0.90355587,1992,test
0.99667394,0.00064767257,0.0001735204,7.241057e-06,0.0013439811,0.0005282574,0.0006069333,1.8394952e-05,1993,test
0.0046631233,0.0002952676,0.0014882449,0.00037374263,0.9903431,0.0019310302,0.00071905693,0.00018636168,1994,test
0.99701285,0.00044940494,0.0001817536,7.3955266e-06,0.0008339387,0.0005708907,0.0009226816,2.1055845e-05,1995,test
0.00012022011,0.00032743573,0.9966294,0.00022800456,0.00071834103,8.1673265e-05,0.0018369809,5.789585e-05,1996,test
0.9974528,0.00038538696,0.00013790454,7.4568056e-06,0.00059022097,0.0006073691,0.0007933256,2.5465102e-05,1997,test
0.99841154,0.000235883,3.9906663e-05,4.2043794e-06,0.0005288542,0.00039167862,0.00037707962,1.0934614e-05,1998,test
0.00013526481,0.0003304638,0.9980691,0.00016250052,0.00029406245,8.294943e-05,0.0008875296,3.807896e-05,1999,test
0.00015461637,0.00025885322,0.9983784,0.000101998405,0.00020488304,9.415172e-05,0.0007645516,4.24652e-05,2000,test
0.08095187,0.008636231,0.8748255,0.00028657707,0.005302468,0.0056786267,0.01991249,0.0044061476,2001,test
0.019260833,0.47826564,0.030959425,0.0005346731,0.017838607,0.017437404,0.009452164,0.42625126,2002,test
0.00014778385,0.00037216613,0.99795026,0.00014627539,0.00027307414,0.00010942708,0.00094622927,5.4723118e-05,2003,test
0.9975586,0.00028074294,6.968193e-05,6.1360724e-06,0.0010042799,0.00046806538,0.00059605186,1.6458152e-05,2004,test
0.00013911107,0.00035047758,0.9980513,0.00013463588,0.00025476143,0.00010892525,0.00090351305,5.735744e-05,2005,test
0.99796367,0.00031322025,8.16112e-05,5.6503172e-06,0.0005137434,0.0005387906,0.00056781777,1.5592801e-05,2006,test
0.00010343666,0.0002692398,0.9982998,0.00012905215,0.00021585987,9.109581e-05,0.0008492465,4.2333315e-05,2007,test
0.9978224,0.00024952635,6.170976e-05,9.4121415e-06,0.000583752,0.00045655083,0.00080082787,1.5841078e-05,2008,test
0.00040729478,0.00081450917,0.99488163,0.00023174414,0.0009050504,0.0003631803,0.0022279997,0.00016861658,0,validation
0.9977265,0.0003339093,2.5045942e-05,4.1228122e-06,0.0011111696,0.00033553407,0.00044819273,1.5562418e-05,1,validation
0.99751604,0.00040025395,2.4026518e-05,3.4263344e-06,0.0012866909,0.0003733701,0.0003808638,1.5348842e-05,2,validation
0.99765706,0.00037897206,2.5192818e-05,3.9452075e-06,0.0012672335,0.00031533622,0.00034078825,1.1535849e-05,3,validation
0.00016633073,0.0006661778,0.99679214,0.00012826997,0.00070782745,0.00025121705,0.0011611474,0.00012684971,4,validation
0.00018331425,0.00070705934,0.9968545,0.00012825463,0.0006072992,0.0002444408,0.0011034783,0.00017166375,5,validation
0.0002104679,0.00055314583,0.9966768,0.00016649175,0.00073145935,0.0002834452,0.0012824027,9.586318e-05,6,validation
0.99780697,0.00038354975,3.4059965e-05,3.2084147e-06,0.0008916685,0.0004593001,0.00040546153,1.5837828e-05,7,validation
0.996451,0.0004918648,5.7475903e-05,6.8511094e-06,0.00095710345,0.0011455176,0.0008517222,3.8438484e-05,8,validation
0.9982792,0.00026953226,1.8373483e-05,2.978032e-06,0.0008138829,0.00027739626,0.00032832765,1.04153105e-05,9,validation
0.00022364243,0.0006001703,0.9969426,0.0001431967,0.00053411257,0.00023763718,0.0011812145,0.00013745413,10,validation
0.0022863925,0.00012477986,0.00088735274,0.00012184693,0.99484056,0.0011394529,0.00029698183,0.00030270618,11,validation
0.00031768723,0.00073214824,0.99577856,0.00024652097,0.0010513245,0.00024247926,0.0015165639,0.000114684466,12,validation
0.000206741,0.0004413912,0.99706346,0.00015225659,0.000546668,0.00019241915,0.0012726034,0.00012436377,13,validation
0.00013801674,0.0005632947,0.9973137,0.00013765329,0.00055046455,0.000151053,0.0010521669,9.3612754e-05,14,validation
0.00016568654,0.00063011097,0.9970812,0.0001043504,0.00061022094,0.00023718001,0.0010145385,0.00015667391,15,validation
0.00040675836,3.431096e-05,7.9087025e-05,6.0433786e-06,4.0737854e-05,0.999383,2.9390938e-05,2.0685124e-05,16,validation
0.99767965,0.00034504538,2.5429048e-05,3.2498094e-06,0.001266875,0.00033227642,0.000336894,1.063886e-05,17,validation
0.0004085802,0.0008105535,0.9952964,0.00012638052,0.0007920719,0.00037530094,0.0019889388,0.00020189869,18,validation
0.00019599892,0.00045154168,0.9972703,0.00014321726,0.00052523735,0.00016715952,0.0011434881,0.000103019745,19,validation
0.001102009,0.00046980657,0.00059177075,3.7122866e-06,0.0005742297,0.00014188011,0.003442302,0.9936743,20,validation
0.00017250393,0.00072096154,0.996759,0.00013166582,0.00071382656,0.00023810718,0.0010907779,0.00017315317,21,validation
0.00018053218,0.0005508895,0.99701154,0.00010753229,0.0005487497,0.00019110799,0.0012631618,0.00014648928,22,validation
0.09932316,0.007940207,0.8433587,0.0009752655,0.0110051,0.009691131,0.024275402,0.003431035,23,validation
0.00018462921,0.00075381744,0.996494,0.00015894098,0.0007596953,0.0002532193,0.0012112748,0.00018444088,24,validation
0.00015920315,0.00049175334,0.9972404,0.0001674286,0.0005032198,0.00017173235,0.0011664042,9.982479e-05,25,validation
0.00021835548,0.00045855477,0.9970299,0.00012943812,0.00062389206,0.00022427182,0.0012044777,0.00011116553,26,validation
0.007399329,0.0018896769,0.9784046,0.00017030186,0.0031276029,0.0015352785,0.0064126523,0.0010605678,27,validation
0.00020570154,0.000563865,0.9969406,0.00014344911,0.0005909914,0.00021085796,0.0011924871,0.00015201308,28,validation
0.9972542,0.0005316817,5.8502003e-05,4.71722e-06,0.0009822366,0.00058865495,0.00054919923,3.0866955e-05,29,validation
0.0020443602,0.0017181854,0.9863751,0.00040869214,0.002617047,0.0010744216,0.004981426,0.00078081497,30,validation
0.0001575908,0.00046899484,0.9971208,0.00014357388,0.0005670129,0.0001867196,0.0012564169,9.883775e-05,31,validation
0.00024316368,0.00051115773,0.9966037,0.00014292006,0.0006496032,0.0002616367,0.0014126517,0.00017505707,32,validation
5.119528e-06,1.8289523e-08,0.00038042216,0.99946517,5.377539e-06,7.104829e-07,0.00014320007,2.5985036e-08,33,validation
0.4460839,0.38059208,0.10824599,0.00018707933,0.023562806,0.028388165,0.0033421293,0.009597817,34,validation
0.0002642183,0.0006160197,0.9960219,0.00018951386,0.0007218321,0.00020969631,0.0018342425,0.00014257887,35,validation
0.00019295739,0.0005373657,0.9968714,0.00016211988,0.0005273781,0.00020274012,0.0013538462,0.00015209723,36,validation
0.9975013,0.00043021768,4.185836e-05,4.019374e-06,0.0009616352,0.00054098666,0.0004941279,2.5883663e-05,37,validation
0.99800354,0.00030833186,1.9961439e-05,2.1988042e-06,0.0009714281,0.0003874504,0.0002946745,1.2417551e-05,38,validation
0.9919808,0.0010318888,0.0002577693,1.1346794e-05,0.0032609561,0.0023993917,0.0010140938,4.3862692e-05,39,validation
0.00063563476,3.6088568e-05,0.00018202933,1.4510685e-05,0.9989512,2.8373339e-05,7.303452e-05,7.904004e-05,40,validation
0.9978508,0.00037109703,3.856571e-05,3.535728e-06,0.00077326194,0.0005248328,0.00041734724,2.0496534e-05,41,validation
0.9976178,0.00037610455,3.6648504e-05,3.2082407e-06,0.0012533668,0.0003824261,0.00032061306,9.819792e-06,42,validation
0.0006717418,0.0013164553,0.98950535,0.00081027695,0.0029424136,0.0008375264,0.0035820182,0.00033419824,43,validation
0.00063737645,0.0009585347,0.0007262593,2.282057e-06,0.00038802208,0.00019004144,0.0011922533,0.99590516,44,validation
0.00019514486,0.00055067794,0.9968509,0.00016811844,0.0005675342,0.00022115132,0.0013206284,0.00012589266,45,validation
0.00021612819,0.0004657596,0.99697876,0.0001673845,0.00060771185,0.00019948883,0.0012537687,0.00011101563,46,validation
0.0007117018,0.0005659061,0.00059988914,2.0128205e-06,0.00041851823,9.7675555e-05,0.001762309,0.9958419,47,validation
0.00021127681,0.00082923175,0.996163,0.00019985552,0.000746519,0.00027155553,0.0013887866,0.00018964811,48,validation
0.0008232716,0.00087790145,0.9948382,9.350239e-05,0.0004920686,0.00061142526,0.0018986827,0.00036498485,49,validation
0.00020871067,0.00061446644,0.9964283,0.00021726602,0.00059561443,0.00022695183,0.0015784064,0.00013028609,50,validation
0.013960736,0.9705201,0.00453531,1.4834206e-05,0.0031792445,0.0010670804,0.00034203363,0.006380655,51,validation
0.000185319,0.0006164741,0.9969886,0.00012669215,0.000566775,0.00025506478,0.0011131065,0.00014800105,52,validation
0.00031429267,0.0009110324,0.99538785,0.00014496084,0.00087404577,0.00037324426,0.001807725,0.00018676733,53,validation
0.9979352,0.00029746647,2.084825e-05,3.467158e-06,0.0009940648,0.00029762395,0.00044066916,1.0762292e-05,54,validation
0.00019770715,0.0008207541,0.9965204,0.00013300127,0.0007400589,0.00027870302,0.0011399502,0.00016945852,55,validation
0.997387,0.000444861,6.214387e-05,4.7394306e-06,0.00076333137,0.00068004883,0.0006238524,3.3994365e-05,56,validation
0.0005017151,1.548369e-07,3.23567e-05,2.1103817e-05,3.0799413e-06,3.690905e-07,0.99926156,0.00017952963,57,validation
0.0002149715,0.00050796825,0.99525,0.0004543395,0.0007409805,0.0003926727,0.0022854495,0.00015365753,58,validation
0.00023383879,0.00074716174,0.99659866,0.00015389701,0.0006422545,0.00022977368,0.0012105117,0.00018400713,59,validation
0.0003540984,0.00071371556,0.9964064,0.000113863185,0.0005181123,0.0003718158,0.0013275639,0.0001944381,60,validation
0.000776944,0.0006091009,0.00064942887,2.2332133e-06,0.00051003654,0.000118883756,0.0020612655,0.9952721,61,validation
0.9970503,0.0005504551,5.4454227e-05,4.006151e-06,0.0013876727,0.00047790728,0.0004556284,1.9557901e-05,62,validation
0.00021588059,0.0005066841,0.9968591,0.00017598417,0.0007048184,0.00024361297,0.001194723,9.914434e-05,63,validation
0.0005024634,0.0010481129,0.9955715,9.916097e-05,0.00072470476,0.0004784621,0.0013075556,0.0002681161,64,validation
0.00041894545,0.00078090234,0.99510986,0.00031314744,0.0011153739,0.00034184384,0.0017994768,0.00012053524,65,validation
0.00022036022,0.0005829011,0.9967296,0.0001511818,0.0005926844,0.00026488455,0.0013107525,0.00014763504,66,validation
0.9962281,0.0006585183,0.00010863672,7.4721656e-06,0.001545861,0.0007257843,0.0006989891,2.6615871e-05,67,validation
0.011931831,0.96253276,0.0073504234,2.9153181e-05,0.00317145,0.0022396797,0.00042439296,0.012320289,68,validation
0.9967591,0.00047012826,4.7651152e-05,4.9893633e-06,0.0014637659,0.000577533,0.00065119326,2.5703052e-05,69,validation
0.00028590392,0.0006575044,0.9947307,0.00039100964,0.00077684695,0.00046636586,0.002378257,0.00031346068,70,validation
0.00057034474,0.0011777837,0.9942419,0.0001526856,0.00095654116,0.00065560825,0.0018578294,0.00038717623,71,validation
0.013474539,0.964103,0.0073990896,2.3925932e-05,0.003045063,0.0021982917,0.0003999843,0.0093562305,72,validation
0.00021667924,0.00049231923,0.9971929,0.00011409627,0.0004984756,0.00018013726,0.0011535839,0.00015186606,73,validation
0.00023925884,0.00071950024,0.996384,0.00021007264,0.00078211,0.00027057363,0.0012658627,0.00012856814,74,validation
0.00013532251,0.0005495159,0.9970772,0.0001262045,0.00054465357,0.00022927733,0.0011834037,0.00015436819,75,validation
0.0023598238,0.0022763587,0.97667265,0.0009263936,0.010359392,0.0014014733,0.005629063,0.00037480553,76,validation
0.99641377,0.0005271292,7.059071e-05,5.2406276e-06,0.0012071419,0.0008417843,0.00089486333,3.9488736e-05,77,validation
0.00018934616,0.0006247676,0.9963342,0.00025480453,0.0006633254,0.00024278236,0.0015419418,0.00014888891,78,validation
0.00016921543,0.0004974432,0.99695456,0.00015900383,0.00067742966,0.00021875542,0.0012205888,0.000102996266,79,validation
0.997632,0.00040126656,3.5293226e-05,3.6146841e-06,0.0009641705,0.00046834003,0.0004726,2.268563e-05,80,validation
0.9966425,0.00038499455,3.8591446e-05,6.6128923e-06,0.001706576,0.00036204784,0.00083343295,2.5246041e-05,81,validation
0.0002867298,0.0008567069,0.99556655,0.00023217741,0.000898099,0.00042699993,0.0015307002,0.00020199703,82,validation
0.00034305823,2.0773696e-05,4.587779e-05,3.3477108e-06,2.8362127e-05,0.9995264,2.0176114e-05,1.2017782e-05,83,validation
0.9974311,0.00047523633,4.4677483e-05,3.9815895e-06,0.0011727022,0.00036740987,0.00048767106,1.7177443e-05,84,validation
0.00021080856,0.00047546084,0.9970855,0.00014033935,0.0005739686,0.00019637156,0.0012039236,0.000113674556,85,validation
0.00029937914,0.00054015795,0.99647224,0.00013841652,0.0007034944,0.00023815107,0.0014768929,0.00013133326,86,validation
0.9975969,0.00036433476,3.5514375e-05,3.940555e-06,0.0010364782,0.00044708973,0.00049479445,2.0864929e-05,87,validation
0.00023159287,0.0007005418,0.9964126,0.00017297911,0.00071373873,0.00027559517,0.0013425853,0.00015031366,88,validation
0.00015710984,0.0005023815,0.9971169,0.00015405299,0.00051792234,0.0002038132,0.0011978172,0.00015001779,89,validation
0.00042014956,0.0010308521,0.9943135,0.0002382242,0.001729263,0.00037071935,0.0017576511,0.00013954005,90,validation
0.0003105104,0.0007780266,0.9956305,0.00018719022,0.00088681915,0.00031256696,0.0016956049,0.00019879676,91,validation
0.00017110558,0.00040019053,0.9971949,0.00015640452,0.00055403094,0.00018509573,0.0012012548,0.000136999,92,validation
0.9973852,0.00039444392,3.664482e-05,5.1234774e-06,0.0010585288,0.0003799744,0.0007201714,1.9964316e-05,93,validation
0.9980106,0.00030135637,2.1389418e-05,3.6389988e-06,0.0009134834,0.00029557527,0.0004408349,1.3151751e-05,94,validation
0.00017378436,0.00063111825,0.9964552,0.00019386823,0.0006625201,0.00024647967,0.0014992303,0.00013785691,95,validation
0.0033153284,0.00011354626,8.728657e-05,3.5981164e-05,0.9961569,6.9815396e-05,0.00014478742,7.641463e-05,96,validation
0.00023638441,0.0007095957,0.99639565,0.00015042612,0.0007563577,0.0002633126,0.0013262975,0.00016201778,97,validation
0.7499474,0.031079926,0.085067265,0.0014294498,0.07513337,0.032582987,0.019782081,0.0049776123,98,validation
0.99712414,0.00045353698,5.1273437e-05,4.5624697e-06,0.0011186068,0.00059757277,0.00062582793,2.4439818e-05,99,validation
0.00020533233,0.0006002255,0.997264,0.000107326814,0.00049276423,0.00022251192,0.0009683962,0.00013940809,100,validation
0.9965359,0.00059166993,0.000114864655,4.9980986e-06,0.0009541709,0.0011477312,0.00060705334,4.364975e-05,101,validation
0.9974892,0.00039146814,2.4933208e-05,3.4243185e-06,0.0012165854,0.0004464995,0.0004133756,1.4555913e-05,102,validation
0.0002411106,0.000649305,0.99614197,0.00016327045,0.000908671,0.00018570383,0.0016056858,0.00010434261,103,validation
0.99766433,0.00040310755,3.6679932e-05,2.827835e-06,0.0011169681,0.0003521413,0.00040911153,1.4834046e-05,104,validation
0.0183579,0.0010065993,0.0033645642,0.0021709392,0.927896,0.04443182,0.0020541293,0.000718002,105,validation
0.99813145,0.00025909342,1.6776616e-05,3.097667e-06,0.0008772799,0.00028585666,0.0004161767,1.02521135e-05,106,validation
0.00021232107,0.0005658613,0.9970745,0.00014173014,0.000579639,0.00021715909,0.0010691094,0.00013969354,107,validation
0.0002677206,8.219883e-08,6.743943e-06,1.2292889e-05,1.3591832e-06,5.3628465e-08,0.99968565,2.6078777e-05,108,validation
0.00021513707,0.0006335583,0.9967301,0.00016850235,0.00064378744,0.00026715602,0.0011950949,0.00014664316,109,validation
0.00022032733,0.0005768997,0.9971722,0.00012431612,0.00051680976,0.00021415939,0.0010376597,0.00013769664,110,validation
0.00027147718,0.00087793975,0.99600756,0.00015498944,0.00074939773,0.00038359448,0.0014012803,0.00015368112,111,validation
0.00021308454,0.0007222347,0.99649054,0.00016805797,0.0007279263,0.00027677018,0.0012444631,0.00015680613,112,validation
0.010736383,0.96931195,0.0062396526,1.3566637e-05,0.0024287004,0.0015268887,0.00027974558,0.009463153,113,validation
0.006858778,0.008777695,0.0038993564,0.00011802468,0.004034337,0.012688807,0.004747549,0.95887536,114,validation
0.00016402006,0.0006623794,0.99683976,0.00016418188,0.0005402389,0.00025667812,0.0011922267,0.00018053567,115,validation
0.9971662,0.00042247886,4.6429e-05,4.3856144e-06,0.001387322,0.00043871714,0.0005169667,1.7368087e-05,116,validation
0.9979517,0.00033317404,2.78747e-05,3.4637878e-06,0.00093020697,0.0003296651,0.0004092506,1.4734517e-05,117,validation
0.9975013,0.00040460934,4.2323547e-05,5.5373334e-06,0.00088118756,0.00054441177,0.0005988039,2.1853011e-05,118,validation
0.089729495,0.010736938,0.8434165,0.0010262048,0.020994756,0.010510491,0.020783197,0.002802462,119,validation
0.9964438,0.00042941788,4.9355636e-05,1.29527125e-05,0.001876124,0.0006723625,0.00049076875,2.5231433e-05,120,validation
0.99684477,0.0004015679,4.7597514e-05,1.3761238e-05,0.0015257003,0.0006318369,0.000510011,2.4801502e-05,121,validation
0.996436,0.00044085312,4.5760815e-05,1.3293987e-05,0.0019692804,0.00062159344,0.00044414468,2.9031087e-05,122,validation
0.00049103977,0.0016458734,0.993012,0.0005887765,0.0012766203,0.0006117171,0.0020087839,0.00036513555,123,validation
0.9924275,0.0019848596,0.00051044655,1.4949898e-05,0.0018876198,0.0025594344,0.00053672766,7.8434576e-05,124,validation
0.9967974,0.0003958793,6.928808e-05,1.2866311e-05,0.0012979372,0.0005914308,0.00080218137,3.3012257e-05,125,validation
0.99536055,0.00065568864,9.209776e-05,1.681477e-05,0.0018780124,0.0011140915,0.000833057,4.974266e-05,126,validation
0.0004961546,0.0017904969,0.99296004,0.00058168854,0.0014896446,0.00060895237,0.0017269759,0.00034601695,127,validation
0.99700445,0.0004989212,5.2438423e-05,6.7302767e-06,0.0013357847,0.0007454485,0.00032979506,2.6383517e-05,128,validation
0.00042825524,2.7386008e-05,0.00021210143,1.2799063e-05,0.99913967,5.5537457e-05,5.326859e-05,7.0959955e-05,129,validation
0.012532239,0.9645002,0.0067019174,1.99995e-05,0.0023794682,0.0021172601,0.00023518976,0.011513689,130,validation
0.0005560469,0.0014883935,0.9916584,0.00046737204,0.0019116709,0.00076172,0.0027566708,0.00039977513,131,validation
0.0091952775,0.0001592366,0.0013077809,0.0012716788,0.0011362645,0.0002739875,0.96343267,0.02322305,132,validation
0.9960847,0.00061505975,8.4686035e-05,1.0837363e-05,0.0012986425,0.0013010647,0.0005631293,4.1800748e-05,133,validation
0.00045671323,0.0013943088,0.9928294,0.0006506242,0.0015724684,0.0006478871,0.002205059,0.00024360591,134,validation
0.001734387,2.7266783e-06,0.00011430285,4.6371948e-05,6.120753e-05,1.8220082e-06,0.9971052,0.0009340179,135,validation
0.001536839,0.0023403454,0.9868377,0.0005908368,0.003194262,0.0012803059,0.003736804,0.00048282236,136,validation
0.0010301678,0.0022063255,0.98710674,0.0011538867,0.004098893,0.0012071243,0.0028569568,0.0003398813,137,validation
0.00038086102,0.0013455506,0.9942701,0.00039443842,0.0011526493,0.00047647147,0.0016315203,0.00034843246,138,validation
0.9974721,0.00031908575,5.4592154e-05,8.828903e-06,0.00090456137,0.0006985004,0.000511667,3.0705978e-05,139,validation
0.0005352725,0.0014061312,0.9934558,0.0005299944,0.0012095631,0.0005873759,0.0020038486,0.00027204273,140,validation
0.011934971,0.96324205,0.005326794,2.188011e-05,0.003135181,0.0020446747,0.0002790656,0.014015355,141,validation
0.001288725,0.0029144648,0.98918825,0.0003060485,0.0019716653,0.0014283023,0.00239921,0.00050337886,142,validation
0.14161246,0.013979448,0.73749954,0.0017483903,0.035820078,0.019224491,0.04360692,0.00650869,143,validation
0.012423507,0.96573776,0.006300885,1.774302e-05,0.0023619407,0.0018012957,0.0002508813,0.011105942,144,validation
0.00036672174,0.0014160047,0.9931084,0.0007248374,0.0013913627,0.00057546,0.0021519843,0.000265293,145,validation
0.00052207336,0.0013185733,0.99389946,0.00046526451,0.0014415527,0.00069478166,0.001408867,0.00024941892,146,validation
0.0005691126,0.0015400912,0.9927366,0.0005540797,0.0013765901,0.0007056484,0.0022300738,0.00028792015,147,validation
0.0005038065,0.0015139405,0.9934268,0.000427781,0.0013539545,0.00071694894,0.0017399859,0.00031675622,148,validation
0.013130072,0.9570988,0.00945554,3.0747186e-05,0.0026237788,0.0033423682,0.00031234647,0.014006411,149,validation
0.0004789309,0.0017948326,0.99311113,0.00050062715,0.0013737252,0.00068058894,0.0016956313,0.00036445825,150,validation
0.000505079,0.0018099418,0.9936931,0.00038127817,0.0012644117,0.0006070414,0.0014200038,0.00031920406,151,validation
0.00046341744,0.0018723946,0.992863,0.00054774334,0.001502329,0.0006651576,0.0017378015,0.00034811124,152,validation
0.0017250254,0.00024542035,0.00019760139,3.8861996e-05,0.00036392998,0.99713254,0.00013005295,0.0001664953,153,validation
0.0016541366,0.0013186776,0.001165516,6.3990497e-06,0.00047818903,0.0005196201,0.002543972,0.99231356,154,validation
0.00044348201,0.0014103268,0.9940388,0.00046988614,0.0011620924,0.0005701445,0.001636259,0.00026904265,155,validation
0.0006891795,0.001551518,0.9888206,0.0010972461,0.003092657,0.0007898435,0.0036344063,0.00032460043,156,validation
0.9968311,0.00043204828,5.7737834e-05,1.3397365e-05,0.0014587585,0.00068036275,0.00049912545,2.7501568e-05,157,validation
0.009502875,0.0058245678,0.003781147,9.341433e-05,0.0019143053,0.0044986326,0.010328547,0.96405643,158,validation
0.99392325,0.00086585147,0.00015700186,2.1373022e-05,0.0018897087,0.0023901793,0.0006822973,7.031348e-05,159,validation
0.9938545,0.0010454914,0.0002136059,2.6618707e-05,0.0017422183,0.0023726046,0.0006651828,7.9848614e-05,160,validation
0.00039069486,0.0014417059,0.9938473,0.0005220843,0.0011282399,0.00051489926,0.0018850097,0.00027006987,161,validation
0.00039176652,0.0014054581,0.99330705,0.0006394096,0.001497809,0.0005224968,0.0019472329,0.00028877164,162,validation
0.0017450483,0.0025082978,0.98784465,0.00046652305,0.0023424085,0.00094785605,0.0036734866,0.00047169602,163,validation
0.00032283604,0.0015093894,0.994158,0.0003680081,0.0013324514,0.00056133134,0.0014563757,0.00029162687,164,validation
0.00048430514,0.0019070496,0.9921536,0.00066305685,0.0014892106,0.00076561957,0.0021051336,0.00043199808,165,validation
0.0004356265,0.0014771414,0.99336195,0.00056612765,0.0013362966,0.00057088,0.0019456355,0.00030642905,166,validation
0.99417096,0.0007400744,9.795308e-05,2.07925e-05,0.003193369,0.0009885912,0.00073583104,5.247258e-05,167,validation
0.04530822,0.7563614,0.027668767,0.0006305383,0.06593423,0.010569405,0.0047048223,0.08882253,168,validation
0.00043414897,0.0010182215,0.99491346,0.000345042,0.000880902,0.0005765587,0.001588853,0.00024281356,169,validation
0.00045730968,0.0015366063,0.99310315,0.00062058936,0.0014355428,0.0005659105,0.0019979202,0.0002829562,170,validation
0.00043285397,0.0014511899,0.99321705,0.0005294407,0.0014630844,0.00066765107,0.0019274636,0.0003113006,171,validation
0.00048137826,0.0012513403,0.9940333,0.0004379694,0.001331588,0.0006379032,0.0015791706,0.00024726352,172,validation
0.000506723,0.00111396,0.99415994,0.00036776424,0.0012539403,0.0004950843,0.0017583537,0.00034429584,173,validation
0.99612904,0.00039040495,5.011431e-05,1.6020398e-05,0.0022984478,0.0005914253,0.0005038543,2.0697267e-05,174,validation
0.9955901,0.00063151575,7.417445e-05,1.4712132e-05,0.0021203824,0.0010025577,0.0005287279,3.778271e-05,175,validation
0.0004494809,0.0016902295,0.9925224,0.0006977852,0.0016013611,0.0007292807,0.0019597348,0.0003497871,176,validation
0.00046501824,0.0010888403,0.9941993,0.0005302428,0.0011643459,0.0004697866,0.0018339449,0.00024854467,177,validation
0.991463,0.0014112456,0.00027432427,3.355859e-05,0.0024214576,0.0029825212,0.00122742,0.0001863889,178,validation
0.14177978,0.024008214,0.75802976,0.00135998,0.019240227,0.021191223,0.027290067,0.0071007195,179,validation
0.00035413835,0.0014347172,0.9940931,0.0004475213,0.0011278432,0.0005040305,0.0017388032,0.0002997727,180,validation
0.9968369,0.0004298664,5.115889e-05,1.2075462e-05,0.0014710497,0.00077516766,0.00040009327,2.3739987e-05,181,validation
0.0003584264,0.0018685854,0.99249107,0.00061406073,0.0016960868,0.00059587834,0.0019950508,0.00038082094,182,validation
0.0016170866,0.00020339485,0.00035447226,5.189842e-05,0.00024832704,0.99729437,0.00011769167,0.00011270161,183,validation
0.00057263474,0.0023843232,0.9904338,0.0008475087,0.0021157602,0.00090181484,0.002319904,0.00042421266,184,validation
0.004401921,0.0054761656,0.96489453,0.001150532,0.0126169585,0.0069612865,0.003484448,0.0010141613,185,validation
0.0003694484,0.0014776929,0.9938645,0.00043918964,0.0012313316,0.00057014404,0.0017008432,0.00034687057,186,validation
0.011941459,0.9682748,0.006446887,1.6710917e-05,0.0025800068,0.0016433151,0.000275,0.008821843,187,validation
0.0005731205,0.0014449846,0.9926306,0.00074935297,0.0017194492,0.000653725,0.0019646906,0.00026414642,188,validation
0.9971961,0.00035047746,4.052566e-05,1.1394109e-05,0.0012343572,0.0006967003,0.0004479066,2.2499597e-05,189,validation
7.2220304e-05,8.0403765e-07,0.0016821417,0.9973002,6.309454e-05,2.1742513e-05,0.00085893687,8.373029e-07,190,validation
0.0013117774,0.0008209045,0.0010929096,3.5129408e-06,0.00036877557,0.00037334574,0.0021342686,0.9938944,191,validation
0.00044242162,0.0014671711,0.99385226,0.00043919618,0.0012298581,0.0005221379,0.0017180392,0.00032896595,192,validation
0.0003884197,0.001713918,0.9929904,0.00054065126,0.0014592046,0.00065238506,0.0018810043,0.0003741196,193,validation
0.997189,0.00031669237,4.5920253e-05,1.11941035e-05,0.0012056802,0.0006416912,0.0005610721,2.8793906e-05,194,validation
0.00052749953,0.0015549065,0.99374324,0.0003800643,0.0012096396,0.0006653817,0.0015585148,0.0003608057,195,validation
0.99673283,0.00043842004,5.4965283e-05,9.424406e-06,0.0015767894,0.00078844634,0.00038038424,1.8828518e-05,196,validation
0.00042730346,0.0013541422,0.9938426,0.00046413843,0.0012159935,0.00054597313,0.0018070345,0.00034291914,197,validation
0.00042320733,0.0015854905,0.9908991,0.0012892364,0.002121471,0.0005756931,0.0028291529,0.00027664183,198,validation
0.9971476,0.0003982045,4.5262404e-05,8.942205e-06,0.0011679841,0.000824395,0.00038110165,2.6507743e-05,199,validation
0.0010522216,0.00018868226,0.00023580359,2.8632941e-05,0.00021506043,0.998103,8.310603e-05,9.3428374e-05,200,validation
0.0006877692,0.0015667863,0.99265623,0.0003856742,0.0012722167,0.0006522918,0.0024384477,0.00034054206,201,validation
0.0003588859,0.0015951621,0.9936958,0.00042433903,0.0013596278,0.0005662015,0.0016459689,0.00035409,202,validation
0.9912213,0.0013624778,0.00036204068,3.3453765e-05,0.0015537022,0.0037783023,0.001479093,0.00020957696,203,validation
0.006423717,0.0007449781,0.0013460111,0.0012069093,0.01799279,0.9710292,0.0010572542,0.00019905383,204,validation
0.997246,0.00037980234,3.467886e-05,9.365922e-06,0.0011668446,0.0007142213,0.0004247304,2.4486479e-05,205,validation
0.000397993,0.0017416236,0.99321836,0.0005057188,0.0013405512,0.0006591295,0.0017899927,0.00034659615,206,validation
0.0006148911,0.0019725298,0.9921938,0.0006147372,0.0016365227,0.0006966537,0.0018740149,0.00039679746,207,validation
0.0011312526,0.0008452047,0.0010233577,3.499027e-06,0.00041427987,0.0003188545,0.0019438047,0.9943197,208,validation
0.0005242403,0.0019305737,0.9920608,0.0006757905,0.0018089731,0.0007475966,0.0018818259,0.00037026097,209,validation
0.0010595568,0.0021217556,0.9901984,0.00045553726,0.0015360827,0.0011449431,0.0029445374,0.0005392506,210,validation
0.0021030742,0.0026151263,0.9874034,0.0003138883,0.0016037886,0.0015432255,0.003507026,0.000910497,211,validation
0.9817539,0.008382607,0.0006148579,2.2957525e-05,0.0057739215,0.0024772796,0.00075566384,0.00021894058,212,validation
0.00043398936,0.0018500834,0.99299484,0.000449173,0.001410494,0.00064078975,0.0018167025,0.00040395392,213,validation
0.000373176,0.0014214409,0.9926414,0.00075612444,0.0019310626,0.0005498014,0.0020880583,0.00023887787,214,validation
0.99687034,0.00041768636,4.8251717e-05,9.340045e-06,0.001467943,0.00078689103,0.00037892067,2.0524392e-05,215,validation
0.0008985748,0.0016939864,0.9912389,0.00066704204,0.0014419579,0.0010135776,0.0026702923,0.000375747,216,validation
0.9943084,0.000797088,0.00014541669,1.9335417e-05,0.0016754721,0.0021597946,0.00081112963,8.338984e-05,217,validation
0.0010832705,0.00016463206,0.0002518898,3.5318313e-05,0.0002178499,0.99807274,8.90634e-05,8.515948e-05,218,validation
0.0017796699,0.00031676932,0.00031895097,7.59085e-05,0.00035188787,0.99674857,0.0002396321,0.00016867027,219,validation
0.0007852696,0.0020416088,0.99066937,0.0008958666,0.0016528831,0.0008810628,0.0027041014,0.0003699482,220,validation
0.9968478,0.0003720203,5.4578326e-05,1.0432453e-05,0.0016018496,0.0006931281,0.00039937784,2.0773208e-05,221,validation
0.9969543,0.00046993323,4.8344456e-05,7.389213e-06,0.0010185612,0.0010949066,0.00037281978,3.375141e-05,222,validation
0.00054146664,0.0015845706,0.99264455,0.0005563494,0.0016161533,0.0007464914,0.0020523632,0.000257961,223,validation
0.00037040794,0.0013061689,0.9933342,0.00064600015,0.0013609333,0.0005290655,0.0021851757,0.00026800638,224,validation
0.014479057,0.96746397,0.006090036,1.5652808e-05,0.0024729003,0.0011975929,0.00032269006,0.0079580415,225,validation
0.000534232,0.0014895743,0.9935976,0.00051280943,0.0012358419,0.0006214585,0.0017026071,0.00030583775,226,validation
0.0004428949,0.0016404821,0.9934748,0.00044641984,0.0013218743,0.0006119114,0.0017060861,0.0003555536,227,validation
0.001769848,3.0715391e-06,7.9558245e-05,6.932884e-05,3.8920894e-05,2.2634142e-06,0.9974255,0.00061156205,228,validation
0.00043435275,0.0014821517,0.99404573,0.0003665353,0.00120975,0.000685864,0.0014674015,0.000308227,229,validation
0.0035757944,0.0051072873,0.9630034,0.0054921373,0.005235449,0.007671416,0.008271873,0.0016426293,230,validation
0.0018276732,0.0010476259,0.0009491886,6.694138e-06,0.000334231,0.0007374755,0.0024762528,0.9926208,231,validation
0.00053640746,0.0016495637,0.9929386,0.0004112271,0.0011687118,0.00075877935,0.002146833,0.00038996496,232,validation
0.00047659484,0.0013462271,0.99340993,0.00055694324,0.0015898392,0.00061473984,0.0017394504,0.0002663804,233,validation
0.0016865311,2.047311e-06,7.89698e-05,4.6060697e-05,2.8209583e-05,2.5375748e-06,0.9976152,0.0005403755,234,validation
0.0011367439,0.0020944793,0.9882003,0.00057976926,0.0020590657,0.0011856077,0.0041142395,0.00062968,235,validation
0.00038415767,0.0015863992,0.9937005,0.00042353326,0.0013054473,0.00058348733,0.0016476415,0.00036880877,236,validation
0.00042624527,0.0018356119,0.9924986,0.0006791418,0.001764006,0.00061924086,0.0019289756,0.00024821347,237,validation
0.00060524617,0.0013957905,0.99314487,0.0005500475,0.0018000996,0.0005238988,0.0017670317,0.00021300683,238,validation
0.0005370424,0.0010805652,0.99419445,0.00045405026,0.0012194008,0.00053603284,0.0017344333,0.00024411354,239,validation
0.9953608,0.00083375146,0.00018339603,1.7704575e-05,0.0014449724,0.0015065662,0.0005994312,5.341182e-05,240,validation
0.00029411368,0.0009850963,0.9953473,0.00040781178,0.0010079232,0.00037201194,0.0013381578,0.0002475448,241,validation
0.00032048704,0.0008306775,0.9948453,0.0006361203,0.0012625537,0.00040598214,0.0015207222,0.00017816506,242,validation
0.00031414078,0.0009881924,0.9954933,0.00036808001,0.00089255057,0.00041772838,0.0013510782,0.0001749908,243,validation
0.9968418,0.00049880694,6.7420995e-05,8.175196e-06,0.0014355485,0.0008070888,0.00032242306,1.8781186e-05,244,validation
0.013382094,0.9561499,0.010874757,4.2531465e-05,0.0040315324,0.0028015783,0.00048526807,0.012232423,245,validation
0.00025670786,0.001069052,0.9957675,0.00032090012,0.0008403771,0.00034646306,0.0011952053,0.00020385496,246,validation
0.9966568,0.00057067134,8.937186e-05,8.531976e-06,0.0015730873,0.00068140693,0.00039303873,2.7151182e-05,247,validation
0.0045727114,2.0329693e-05,0.00056655315,0.00029842998,0.00011077687,2.9013716e-05,0.9903335,0.0040687434,248,validation
0.0002992977,0.0009182719,0.99545765,0.00043354937,0.0008782177,0.00033542,0.0014747499,0.00020274319,249,validation
0.00028833962,0.00090455357,0.99562126,0.00034981687,0.000774308,0.00040885393,0.0014298256,0.00022308865,250,validation
0.00023179252,0.00092475367,0.9963846,0.00021772858,0.00074049213,0.00032156083,0.0009533558,0.00022565993,251,validation
0.0003264829,0.0012676894,0.99445456,0.0004657573,0.0015245043,0.00042741737,0.0013179176,0.00021563258,252,validation
0.0004355565,0.0010270696,0.99496186,0.00039961154,0.0010027563,0.00038193175,0.0015820527,0.00020918305,253,validation
0.00029039022,0.0010174747,0.99558496,0.00037726943,0.0008982886,0.0003410462,0.0012847895,0.0002056912,254,validation
0.0003076406,0.0009448561,0.9953674,0.00040727394,0.0009402641,0.00039831764,0.0014635948,0.00017065996,255,validation
0.99714404,0.00050322566,8.320476e-05,7.893954e-06,0.0011688838,0.00066597934,0.00040227387,2.451227e-05,256,validation
0.050183587,0.040201277,0.40829673,0.022057466,0.13214786,0.026319716,0.19632816,0.12446522,257,validation
0.0002693404,0.00086704525,0.9960305,0.00034188788,0.00075758435,0.00035803995,0.001179254,0.00019625248,258,validation
0.99685353,0.00047797084,8.975715e-05,1.27274925e-05,0.0013405132,0.00065442524,0.0005394994,3.1563664e-05,259,validation
0.99688977,0.00053678505,8.8551205e-05,1.0562809e-05,0.0013496228,0.00065140164,0.0004462101,2.706365e-05,260,validation
0.0019976944,0.00034334048,0.00031271434,3.0876075e-05,0.00031974664,0.99646676,0.00018036162,0.0003485184,261,validation
0.9966833,0.00054902077,6.2390645e-05,1.0518175e-05,0.0016797927,0.0006611736,0.00033240585,2.1401062e-05,262,validation
0.9970009,0.0005177372,8.405939e-05,8.656935e-06,0.0012008315,0.0007291018,0.00043305015,2.5570738e-05,263,validation
0.0003627656,0.0010815127,0.9949633,0.00038940232,0.0011408048,0.00040786777,0.0014666774,0.00018761505,264,validation
0.99733007,0.000469815,6.5424894e-05,8.603652e-06,0.0011016135,0.00062187295,0.0003786073,2.3947152e-05,265,validation
0.0004907946,8.097193e-06,0.0032354856,0.9938507,0.0005456731,0.00018097198,0.0016820878,6.198772e-06,266,validation
0.00038359597,0.001165589,0.99498796,0.0003408337,0.0011044266,0.00039671845,0.0013716868,0.00024922364,267,validation
0.0012131041,0.0019171109,0.9921631,0.0001786021,0.0011871496,0.0007253,0.0020815937,0.00053402525,268,validation
0.9968838,0.0006123393,0.00011672415,9.295235e-06,0.0010988779,0.0007990955,0.00044864882,3.1116306e-05,269,validation
0.0004187148,2.6188336e-05,0.0001659915,1.0690537e-05,0.9992318,3.4998742e-05,5.3836175e-05,5.7814934e-05,270,validation
0.00025711086,0.00062152126,0.9964049,0.00034458708,0.0006435273,0.0002645365,0.0013082202,0.00015564519,271,validation
0.0006931136,0.0018666306,0.9911068,0.00074544095,0.0023076655,0.00057911035,0.002485987,0.00021528186,272,validation
0.00032054345,0.001030579,0.9951798,0.00038376485,0.0009767701,0.00039508648,0.0014440373,0.00026949303,273,validation
0.003661069,1.0130446e-05,0.00016143429,0.000110305846,5.0651266e-05,7.330053e-06,0.9949645,0.0010346047,274,validation
0.011307875,0.0044450033,0.96046424,0.0016718785,0.0060869344,0.0049923714,0.009569825,0.0014619158,275,validation
0.00041455313,0.0010078235,0.99564433,0.0003358939,0.000771739,0.00040304658,0.0011908843,0.00023169034,276,validation
0.001289941,0.00015011843,0.0002815814,5.545724e-05,0.0004038827,0.997687,8.9615205e-05,4.2458945e-05,277,validation
0.9937994,0.0009485364,0.00018241727,2.0436186e-05,0.0030202726,0.0012351847,0.00072215265,7.161659e-05,278,validation
0.00041134388,0.0012628605,0.99448735,0.0003462946,0.0011111423,0.0004123234,0.0017332691,0.00023554072,279,validation
0.0016229785,0.00023146294,0.0004654965,8.3474275e-05,0.0003497282,0.9969873,0.00016528822,9.419609e-05,280,validation
0.0038994686,0.018829659,0.96797645,0.00023232195,0.0026650063,0.0031322218,0.0016677039,0.0015969905,281,validation
0.0011497788,0.0013309682,0.9917543,0.00032259646,0.0013816531,0.00065682456,0.0029633187,0.00044044832,282,validation
3.9875835e-05,3.7052035e-07,0.0014109176,0.997841,3.863122e-05,9.372789e-06,0.00065942097,3.7527852e-07,283,validation
0.9970897,0.00048086583,7.8910205e-05,1.1539012e-05,0.0011524118,0.0006084795,0.00054815377,2.9961908e-05,284,validation
0.99676347,0.0005305989,6.76875e-05,9.32789e-06,0.0013588566,0.00090221775,0.00034507771,2.273908e-05,285,validation
0.0006519276,0.0014378976,0.9934289,0.00041929208,0.001271864,0.0005633866,0.0019018905,0.00032474363,286,validation
0.99685633,0.00047102908,9.011971e-05,1.1957432e-05,0.0010074,0.0009651718,0.0005636214,3.4398887e-05,287,validation
0.997207,0.00039533444,6.7715744e-05,9.805962e-06,0.00118776,0.0006234098,0.0004850097,2.3807033e-05,288,validation
0.00024810035,0.00096260716,0.99614453,0.00030624768,0.0008503834,0.00028896646,0.0010099574,0.00018923414,289,validation
0.99694234,0.0005312985,8.715992e-05,8.642191e-06,0.00122698,0.00075543724,0.00042196148,2.6192825e-05,290,validation
0.36108616,0.6002538,0.015073679,4.7645415e-05,0.012650973,0.0044376077,0.0012821634,0.0051679714,291,validation
0.012075966,0.002603822,0.8411495,0.0034737443,0.007816742,0.0013528039,0.12681691,0.0047105527,292,validation
0.00037575135,0.0010253709,0.99518037,0.0004171159,0.0010122543,0.0003955291,0.0013754531,0.00021812614,293,validation
0.00025454361,0.0010625483,0.99535,0.0004041372,0.0011692396,0.00033845557,0.0012005646,0.00022056661,294,validation
0.0008128903,0.0008571777,0.0009870928,2.0837633e-06,0.00027797092,0.00024369819,0.001391948,0.99542713,295,validation
0.00022600306,0.0008517749,0.996421,0.00034194544,0.00077048305,0.00024206321,0.0009849367,0.0001618159,296,validation
0.00028297075,0.00096179,0.9956018,0.00044124486,0.00086846,0.00034419706,0.0013105622,0.00018902139,297,validation
0.99413174,0.0011072168,0.0003922457,1.7408105e-05,0.0012092922,0.002304758,0.00074378814,9.356805e-05,298,validation
0.9975032,0.00039719485,5.0045895e-05,6.7650417e-06,0.0010629405,0.0006056677,0.00035419926,1.9955236e-05,299,validation
0.00024451924,0.0008993134,0.9961687,0.00027385197,0.0008582749,0.00034157827,0.0009837223,0.00023013828,300,validation
0.99753165,0.00037320456,5.7270856e-05,6.0001853e-06,0.0010770814,0.00062197767,0.00031285037,1.988629e-05,301,validation
0.99576193,0.0006285227,0.00013319633,1.4973214e-05,0.0018279083,0.0009974564,0.0006008735,3.5114503e-05,302,validation
0.9806487,0.0029006389,0.0010718715,0.00018488197,0.006099831,0.0060565853,0.0026472488,0.00039023726,303,validation
0.021498004,0.95903194,0.006057786,1.4955998e-05,0.003094538,0.0011868648,0.00037030078,0.008745664,304,validation
0.024927052,0.025232429,0.7807295,0.009062279,0.10227934,0.024300292,0.019365514,0.014103627,305,validation
0.99612767,0.0007199224,0.00010264178,1.1778554e-05,0.0017067154,0.00072975166,0.00056740025,3.4062912e-05,306,validation
0.0008207675,0.0012306423,0.9924901,0.0003763846,0.0011011293,0.00081778987,0.0027657864,0.00039729293,307,validation
0.00032084607,0.0011023211,0.994997,0.00055170746,0.0010671521,0.00042976034,0.0013191823,0.00021200159,308,validation
0.995615,0.000756149,0.00014600842,1.0104485e-05,0.0021957173,0.0008183537,0.00042919515,2.9560755e-05,309,validation
0.00025277608,0.0011446878,0.99488634,0.00046476658,0.0010258576,0.0003571542,0.0016370661,0.0002313632,310,validation
0.0004988767,0.001339253,0.9928784,0.0005086856,0.0015718602,0.000531936,0.0023622578,0.00030874414,311,validation
0.01327594,0.9560925,0.007330957,3.7302616e-05,0.0033299343,0.002446756,0.0003329826,0.017153673,312,validation
0.00050812925,0.0016272244,0.99228823,0.00042836255,0.0020548417,0.00040087456,0.0024514534,0.00024093925,313,validation
0.0019117623,0.00082998513,0.0011337776,6.7541764e-06,0.00040886758,0.00042900376,0.003772163,0.99150765,314,validation
0.00029475673,0.00092900125,0.99573284,0.00037287417,0.0008675354,0.0003689431,0.001220955,0.0002130519,315,validation
0.00033545453,0.0007947822,0.9957211,0.00042747636,0.0009490767,0.0003641015,0.001239569,0.00016833306,316,validation
0.0004732462,0.0018928152,0.9939719,0.00018315008,0.0009967593,0.00047532548,0.0015539848,0.00045278453,317,validation
0.99667054,0.00046194525,6.7897236e-05,1.3231602e-05,0.001569975,0.0007804889,0.00041011546,2.5868692e-05,318,validation
0.99637955,0.000580047,0.000103350685,8.903521e-06,0.0014953755,0.00094182004,0.00045725092,3.3667257e-05,319,validation
0.00030319413,0.00090251816,0.9954602,0.00035463672,0.000984055,0.0004197842,0.0013194836,0.00025612058,320,validation
0.0011480706,0.0017560857,0.9920338,0.00036071162,0.0013821545,0.0009075946,0.0020414689,0.0003700686,321,validation
0.00046472868,0.001157077,0.9938612,0.0005315819,0.0012326334,0.0004695138,0.0020142826,0.00026903898,322,validation
0.0037432725,8.777953e-06,0.00018143807,0.00010401976,5.9589398e-05,9.751099e-06,0.9941077,0.0017853803,323,validation
0.000330229,0.0009859094,0.99543756,0.00039112556,0.0008505752,0.00041112033,0.0013586354,0.00023491093,324,validation
0.0003414824,0.0009878203,0.9955434,0.00035470896,0.00080515945,0.0003891902,0.001340765,0.00023739692,325,validation
0.00026204664,0.00089506304,0.996018,0.0003492183,0.00080167,0.00034684467,0.0011706895,0.00015636778,326,validation
0.00037931936,0.0010316203,0.9949249,0.00050145446,0.0011263535,0.00041140363,0.0014673617,0.00015750203,327,validation
0.99531436,0.0006955189,0.00021316047,1.7490305e-05,0.0013764959,0.0015891636,0.0007396763,5.407277e-05,328,validation
0.00034611914,0.0011838984,0.99463344,0.00045237603,0.0011778667,0.00041085927,0.0015266039,0.00026882646,329,validation
0.0008327495,0.0007335705,0.0010496378,2.2437418e-06,0.00030538297,0.00020999253,0.0015782671,0.99528813,330,validation
0.012834787,0.9625471,0.007854815,2.6096199e-05,0.0030096066,0.0018040092,0.00033134813,0.011592129,331,validation
0.00078596553,0.00068473385,0.001075932,2.3305727e-06,0.00038062522,0.00017199552,0.0019001402,0.9949982,332,validation
0.0003372887,0.0009359173,0.9959046,0.00034278305,0.00080555875,0.00038781707,0.0010924393,0.00019366005,333,validation
0.0003192037,0.0011176795,0.99552166,0.0003160278,0.00089731027,0.00037174227,0.0012056191,0.0002507445,334,validation
0.99738425,0.00048027493,6.977028e-05,6.7135347e-06,0.0011182905,0.000581832,0.00033818933,2.064574e-05,335,validation
0.99747086,0.00043810846,5.5392902e-05,7.1879076e-06,0.0011248386,0.0005529639,0.0003309029,1.9709287e-05,336,validation
0.9971117,0.00050933333,7.164461e-05,1.0071008e-05,0.0012641093,0.000614661,0.0003941286,2.4291354e-05,337,validation
0.0076493467,0.0006460018,0.0017876709,0.003389197,0.021355735,0.9636798,0.0012362521,0.00025609465,338,validation
0.00027338788,0.0010932756,0.9957826,0.00030566612,0.00092416926,0.0003465607,0.0010682443,0.00020617417,339,validation
0.00025112415,0.0008366503,0.99587053,0.0003711834,0.00081536314,0.0003223886,0.0013208556,0.00021194259,340,validation
0.99714416,0.00043175885,7.6667326e-05,1.03890825e-05,0.0010936294,0.00072642666,0.00048795546,2.9007007e-05,341,validation
0.99428505,0.000981069,0.00018118009,1.5652033e-05,0.0020931058,0.0018388266,0.0005543239,5.0835148e-05,342,validation
0.99593216,0.0006763869,0.0001611255,1.1408832e-05,0.0016452859,0.0009380159,0.00060258864,3.2965014e-05,343,validation
0.99292266,0.0021177104,0.0004077327,1.4562461e-05,0.0028859081,0.0010315515,0.0005557744,6.411481e-05,344,validation
0.0004211468,0.0014029441,0.99442285,0.00038809035,0.0011775156,0.00049412553,0.001417076,0.00027621142,345,validation
0.00031502848,0.00091606635,0.99556446,0.00040629288,0.0008046817,0.0004018592,0.0013738872,0.00021769402,346,validation
0.013323592,0.96330816,0.008753154,2.6317575e-05,0.0027060003,0.0017285952,0.00028379972,0.009870245,347,validation
0.0014382286,0.00159719,0.00137743,6.252539e-06,0.000674334,0.0004963796,0.0021846402,0.9922255,348,validation
0.9967841,0.0005986924,0.00011044162,9.511765e-06,0.0011752779,0.0007891375,0.0004979067,3.484582e-05,349,validation
0.0016663008,0.00041029634,0.00036029803,3.1884432e-05,0.00032366978,0.9967969,0.00013146516,0.00027922125,350,validation
0.00033688138,0.00094316964,0.9956059,0.00033538693,0.00084658695,0.00044307357,0.0012540037,0.00023497238,351,validation
0.9969496,0.0004808189,8.229396e-05,1.0006877e-05,0.0014274775,0.0006031663,0.00042529532,2.1353177e-05,352,validation
0.9949269,0.00093563227,0.00017891901,1.5051663e-05,0.0019362547,0.0010708184,0.0008625307,7.393654e-05,353,validation
0.00027796533,0.00096827024,0.99540126,0.0004845012,0.0008855832,0.00039642383,0.0013842809,0.00020163806,354,validation
0.0029043918,1.0903265e-05,0.00036573436,0.0002568423,9.224137e-05,1.1788813e-05,0.99453187,0.0018262024,355,validation
0.9971475,0.00040640953,6.738342e-05,1.00879315e-05,0.0010241191,0.00081157207,0.00050190743,3.096528e-05,356,validation
0.9955344,0.000863064,0.00023350822,1.5680507e-05,0.0016481584,0.0009470035,0.00070889347,4.9205646e-05,357,validation
0.98964405,0.0012270127,0.00029161133,5.4213226e-05,0.0042958767,0.0029862823,0.0013790268,0.000121849655,358,validation
0.09093245,0.7535293,0.060272284,0.0003603028,0.016735032,0.025257075,0.005606126,0.047307376,359,validation
0.9977881,0.00042058647,4.6027664e-05,3.260955e-06,0.00085639005,0.00048750654,0.00037347586,2.464842e-05,360,validation
0.0010737998,0.0034667063,0.9893478,0.0002565715,0.0025601364,0.0007701243,0.0020417795,0.0004831081,361,validation
0.9964881,0.00083425926,0.0001038439,4.3935756e-06,0.0014886974,0.00050635135,0.0005327204,4.1678522e-05,362,validation
0.000713879,0.0029120885,0.9910246,0.00024743582,0.0021966498,0.0007359477,0.0017088107,0.00046069847,363,validation
0.005498195,0.0070752935,0.9759991,8.830089e-05,0.0038515741,0.0019791662,0.004221466,0.0012868771,364,validation
0.00095535105,0.0027017521,0.990202,0.00027685432,0.0025172164,0.0007576359,0.0022258689,0.00036338667,365,validation
0.9976676,0.00044757558,3.818938e-05,2.4918209e-06,0.0011561773,0.00040275944,0.00027067118,1.4525662e-05,366,validation
0.0012558124,0.0030811408,0.9895258,0.00020383993,0.0023632578,0.00095895183,0.0021953294,0.0004158493,367,validation
0.0008464601,0.0026594347,0.99137384,0.00021399544,0.0019093553,0.00074505253,0.0018272181,0.00042464142,368,validation
0.005616087,0.0024934881,0.00845678,0.0001601875,0.9785299,0.0018763589,0.0018273578,0.0010399056,369,validation
0.0026762637,0.00016662526,0.010022824,0.9747952,0.0030078308,0.0023192274,0.006874279,0.00013765745,370,validation
0.0010892013,0.0036391537,0.98888785,0.0002717159,0.0026523385,0.0008136611,0.002135462,0.00051066006,371,validation
0.0007565768,0.0023600843,0.9916882,0.00021159502,0.0021913287,0.0005525585,0.0018760839,0.0003636051,372,validation
0.055052344,0.020768417,0.8427121,0.0035702756,0.032228265,0.0172583,0.023809966,0.0046003014,373,validation
0.9851682,0.0035170328,0.0017238228,2.4155042e-05,0.005314718,0.0024971743,0.0015081513,0.000246744,374,validation
0.99105084,0.0020899905,0.0003815712,3.785478e-05,0.0032420007,0.0016922499,0.001358134,0.00014752014,375,validation
0.0009909889,0.002395136,0.99203146,0.00015171386,0.0017412993,0.0006991624,0.0016310551,0.00035925413,376,validation
0.005748413,0.0071015516,0.9747645,0.0002890424,0.0061627193,0.0021141763,0.0031359012,0.0006835738,377,validation
0.9976611,0.00038029396,3.3500837e-05,2.7245142e-06,0.0013548101,0.00022997608,0.00032425762,1.3255076e-05,378,validation
0.0012159065,0.003191407,0.9894456,0.00020302566,0.0020368837,0.0008389399,0.0026030496,0.00046526612,379,validation
0.0035181323,0.005799493,0.97414047,0.0003203699,0.008179548,0.0014509314,0.0057809115,0.0008101495,380,validation
0.0032811617,0.012367473,0.00452431,4.219434e-05,0.0010465786,0.0067281355,0.0016796296,0.9703306,381,validation
0.006937009,0.0071558445,0.96251017,0.00030099688,0.005417784,0.004278963,0.010672798,0.0027264745,382,validation
0.00090932095,0.0028583582,0.9913278,0.00019654982,0.0019312743,0.00070246775,0.0016757549,0.00039852707,383,validation
0.0051247976,0.0010133227,0.0046068584,0.00030798884,0.9823397,0.0033460406,0.0015502322,0.0017110665,384,validation
0.99729127,0.00034591282,3.7277314e-05,4.0722452e-06,0.0017361125,0.00031569984,0.0002584678,1.11724175e-05,385,validation
0.0010908627,0.0025379455,0.99139977,0.00014928015,0.0016488194,0.00079467904,0.0019928447,0.00038591982,386,validation
0.0008839617,0.0028877195,0.99067533,0.00024780785,0.0022989705,0.00070049,0.001909247,0.00039633244,387,validation
0.00094295264,0.0026801655,0.991181,0.00021819242,0.002054752,0.000704942,0.0018182746,0.00039963663,388,validation
0.016962983,0.048024822,0.055982698,0.00021561465,0.005563804,0.5086888,0.007418748,0.35714257,389,validation
0.0008573343,0.0021336942,0.99296063,0.00012995036,0.0015905022,0.00058135414,0.0014323582,0.00031406767,390,validation
0.99708986,0.0005201458,3.7127993e-05,3.6800873e-06,0.0016450783,0.00031939236,0.00036537493,1.9306824e-05,391,validation
0.99786806,0.0004180887,3.9683662e-05,3.5678631e-06,0.0009535245,0.00034338096,0.00035237064,2.1197546e-05,392,validation
0.9979358,0.00040769333,2.9873241e-05,2.3176444e-06,0.00107738,0.000290751,0.00024459654,1.1653356e-05,393,validation
0.9978689,0.0003572485,2.6510806e-05,2.607142e-06,0.0010654816,0.00028077458,0.00038315236,1.5257699e-05,394,validation
0.9837196,0.0030815634,0.00080932456,9.56927e-05,0.005777328,0.0044236276,0.0018674259,0.00022534063,395,validation
0.0016473234,0.00012349695,0.00034336376,2.4441078e-05,0.99744475,6.4673375e-05,0.00021791285,0.00013415609,396,validation
0.9978137,0.00041215218,3.243983e-05,2.0616621e-06,0.0011964592,0.00025114548,0.00027826216,1.369504e-05,397,validation
0.0039738114,0.0041330126,0.9847719,8.457264e-05,0.0020671105,0.0013793885,0.0028223363,0.00076777936,398,validation
0.00085521466,0.0025210737,0.9917945,0.00018574417,0.0019674243,0.00068172347,0.0016364001,0.00035789658,399,validation
0.0031691887,0.00040831754,0.00047972763,2.941224e-05,0.00032103818,0.99513334,0.00020765571,0.00025124042,400,validation
0.0007274618,0.0023982262,0.98979586,0.00059930526,0.0021329867,0.0009859614,0.002862271,0.00049788144,401,validation
0.0010448542,0.0026972275,0.9912866,0.00018912062,0.0021230495,0.00062652875,0.0016891048,0.00034346088,402,validation
0.0010974774,0.0063988343,0.96203154,0.0012188763,0.022900617,0.0015766672,0.004237052,0.0005389371,403,validation
0.0007485553,0.003071532,0.99052775,0.00025192395,0.0024052002,0.00070484856,0.001825978,0.00046419897,404,validation
0.0017344117,0.00018219666,0.0004229841,2.9975376e-05,0.9971717,5.5246313e-05,0.00022419485,0.00017926285,405,validation
0.9969819,0.00049566844,3.459856e-05,3.143547e-06,0.0017447561,0.00034106226,0.000379299,1.9514959e-05,406,validation
0.0008750123,0.002713249,0.99090016,0.00022907836,0.0023797913,0.00073229574,0.0018222549,0.00034808886,407,validation
0.99716836,0.00051259407,3.2453187e-05,3.3348929e-06,0.00163561,0.0002791128,0.00035448055,1.4087688e-05,408,validation
0.0008601165,0.0034257965,0.989888,0.00016829152,0.0024865791,0.0007646989,0.0020593952,0.0003470432,409,validation
0.99789375,0.00033358997,2.5483041e-05,2.0418622e-06,0.0012867952,0.00018418739,0.00026453848,9.650482e-06,410,validation
0.0009464947,0.003181899,0.99098045,0.0002147496,0.0020010078,0.00067782827,0.0015551967,0.00044237063,411,validation
0.0009046951,0.002566972,0.9914287,0.00019054672,0.0019696418,0.000677096,0.001847079,0.00041528474,412,validation
0.99596965,0.0008145295,0.00011186651,3.6377653e-06,0.0022132678,0.00032316687,0.00053048943,3.3504562e-05,413,validation
0.00080426584,0.0024191982,0.99194497,0.00017799636,0.0020538783,0.0005852026,0.001682963,0.00033151847,414,validation
0.9979412,0.0003454874,2.3848454e-05,2.3247767e-06,0.0011617772,0.00023881214,0.00027465413,1.1834573e-05,415,validation
0.0022904724,0.00022472985,0.00066268543,3.655124e-05,0.99619484,0.00011817407,0.0003023405,0.00017031387,416,validation
0.99797195,0.0004020429,2.4374393e-05,2.457047e-06,0.0010818228,0.00025239814,0.00025230335,1.26256255e-05,417,validation
0.998116,0.0003544721,2.5565378e-05,2.115933e-06,0.0009934024,0.0002186217,0.00027738983,1.2423973e-05,418,validation
0.0006971754,0.0022612105,0.9918188,0.00023021712,0.0020845367,0.00059809414,0.0020330034,0.0002769274,419,validation
0.99813557,0.00035407516,2.7110267e-05,2.2790923e-06,0.00092700304,0.00026257648,0.00027709888,1.4256122e-05,420,validation
0.011684939,0.9781847,0.0036467465,5.921478e-06,0.0016292437,0.000630562,0.00020149504,0.0040163035,421,validation
0.0043449677,0.00074308005,0.00046254916,4.8981427e-05,0.0007640783,0.993103,0.0002160564,0.00031720792,422,validation
0.0009175187,0.002514259,0.9915262,0.00019006124,0.001984738,0.00069427176,0.0017747033,0.00039821796,423,validation
0.0008761272,0.0026775561,0.99135745,0.00019220768,0.0018554664,0.0007712391,0.0018294144,0.00044060347,424,validation
0.00080363225,0.0028960258,0.9905301,0.00027989305,0.0023550282,0.00062133593,0.0021130298,0.00040096615,425,validation
0.00068215845,0.00045665717,0.00045784155,1.2803816e-06,0.00020015429,8.9781875e-05,0.0014526984,0.9966594,426,validation
0.0012197562,0.0025503568,0.9899451,0.00014821332,0.0024031508,0.00069981685,0.0025576164,0.00047590534,427,validation
0.0010331228,0.0025051495,0.9911985,0.00020464105,0.0023166314,0.00060624874,0.0017921568,0.00034355582,428,validation
0.0013271708,0.0033714322,0.98855084,0.00027778608,0.0024273903,0.0007127961,0.0028713373,0.0004613126,429,validation
0.9863106,0.0030433862,0.00061816425,1.4014441e-05,0.0038899893,0.004806937,0.0012065419,0.00011034403,430,validation
0.00088817667,0.002732958,0.9908105,0.00022983839,0.0021027853,0.0007683022,0.002054131,0.0004132968,431,validation
0.0008950119,0.002267773,0.99188906,0.00018735454,0.002113649,0.0005590688,0.0017595398,0.00032853475,432,validation
0.00042575184,0.0003667831,0.0004012939,7.0398266e-07,0.00018626923,5.5041026e-05,0.0009831064,0.997581,433,validation
0.010844908,0.97594905,0.0041722413,7.474383e-06,0.0016467216,0.001016598,0.0001834185,0.00617961,434,validation
0.0007854528,0.002538025,0.99219316,0.00014896941,0.0018235618,0.00060658366,0.0015318318,0.0003724203,435,validation
0.000654717,0.0020785315,0.99231905,0.00022589372,0.0020551467,0.0004398967,0.0018464657,0.00038034536,436,validation
0.00081306696,0.0023415354,0.9909757,0.00024841022,0.0028094153,0.0006246903,0.0018076908,0.0003795415,437,validation
0.000728819,0.002865267,0.9915025,0.00018049138,0.0022259555,0.00062522327,0.0014490758,0.00042258453,438,validation
0.014590237,0.97560704,0.0032681765,5.649048e-06,0.0015850116,0.0005956873,0.00023563902,0.004112572,439,validation
0.005918809,0.00054781634,0.012215827,0.94834214,0.014564749,0.008501123,0.009505047,0.00040447933,440,validation
0.01502121,0.024828758,0.36102813,0.0030562007,0.5686352,0.013819918,0.010846897,0.0027635812,441,validation
0.0007403798,0.0024268054,0.99152374,0.00020199284,0.0023032057,0.00058590237,0.0018806312,0.00033733653,442,validation
0.00080142176,0.0026747887,0.99098295,0.00025024195,0.0022422231,0.0007083235,0.0019722315,0.0003678989,443,validation
0.00080625276,0.002082204,0.9923631,0.00019131198,0.0020063124,0.0005007598,0.0017371866,0.0003128778,444,validation
0.00191634,0.006716358,0.9830004,0.00019691803,0.003790075,0.0014938042,0.002389682,0.00049630523,445,validation
0.22695184,0.035837725,0.15038984,0.008220499,0.41948885,0.0825839,0.06189273,0.014634701,446,validation
0.001247705,0.0025128094,0.99054974,0.00014468766,0.0021930735,0.00062455103,0.0023069833,0.0004204323,447,validation
0.9980718,0.00038080462,1.844262e-05,1.8385361e-06,0.0010947083,0.00025101332,0.00017167992,9.6357035e-06,448,validation
0.9966563,0.0007268299,7.240028e-05,4.2286542e-06,0.0015922778,0.00045171363,0.0004594011,3.678755e-05,449,validation
0.0017082721,0.00013323259,0.00037765974,2.6559599e-05,0.99730766,7.465401e-05,0.00022721713,0.00014471133,450,validation
0.0056279013,0.00033072152,0.00028554248,3.6779827e-05,0.9932894,0.00010056843,0.0002332493,9.588193e-05,451,validation
0.9975102,0.00041323373,5.655234e-05,3.5653152e-06,0.0010723277,0.0004608287,0.0004616064,2.1753272e-05,452,validation
0.0040647564,0.001433586,0.00092151255,0.000107516855,0.0012199213,0.9911494,0.000443835,0.00065947033,453,validation
0.99716693,0.0005340344,6.516265e-05,4.5965085e-06,0.0012500947,0.000489332,0.0004656048,2.4316574e-05,454,validation
0.9978961,0.00029191942,2.7328351e-05,2.5650083e-06,0.0012514826,0.00017382267,0.00034495656,1.17604595e-05,455,validation
0.0067127775,0.001991295,0.023495685,0.9340626,0.014869956,0.0042352946,0.01320895,0.0014234157,456,validation
0.0009961202,0.0025515172,0.9908949,0.00022202707,0.0024818091,0.0006188316,0.0018740951,0.0003606115,457,validation
0.013501768,0.9598095,0.008509881,2.8126322e-05,0.0024144358,0.002887583,0.0004800301,0.012368711,458,validation
0.03498588,0.08633889,0.16438705,0.026777022,0.06985677,0.5476972,0.038018517,0.03193867,459,validation
0.00090309716,0.0031085205,0.99064636,0.0002176135,0.0021855952,0.00072756945,0.0017887464,0.00042254615,460,validation
0.001149371,0.0038420672,0.9856726,0.00055124896,0.0034625118,0.0010480328,0.0036426263,0.0006314624,461,validation
0.9955511,0.0007892946,9.730587e-05,4.669158e-06,0.0021544914,0.0007428758,0.00060727814,5.2955973e-05,462,validation
0.9917263,0.0017501293,0.0006925204,2.271356e-05,0.002799805,0.0014847299,0.0013969352,0.00012687843,463,validation
0.0038812514,0.00078132184,0.00064176193,2.9377436e-05,0.00044280075,0.99339384,0.0002853384,0.0005442199,464,validation
0.0010022693,0.0032052486,0.99073493,0.0001758106,0.002003379,0.0007015048,0.0017063669,0.0004704976,465,validation
0.014307369,0.0026819003,0.00878864,0.00086433615,0.9604671,0.010002427,0.001958565,0.0009296385,466,validation
0.99770004,0.0004889469,2.8650027e-05,2.313068e-06,0.0011784092,0.00031819008,0.00026755553,1.5927417e-05,467,validation
0.0016530905,0.00015373688,0.0003634729,1.8124663e-05,0.9974757,3.5918845e-05,0.0001937587,0.00010622012,468,validation
0.9658483,0.0013660789,0.0009977047,0.00012165251,0.0025718312,0.0014226901,0.026745563,0.0009262077,469,validation
0.0007258361,0.0029979069,0.9911874,0.00019981235,0.00217367,0.0006268838,0.0016504804,0.000438062,470,validation
0.9978859,0.000386,2.3370147e-05,2.1987819e-06,0.0012787856,0.0002197436,0.00019506675,9.001543e-06,471,validation
0.0014870072,0.004060286,0.9893086,0.00012028952,0.002190779,0.001040052,0.0014012584,0.00039160164,472,validation
0.0018513749,8.508733e-05,0.008583086,0.9806044,0.0024323496,0.0014389367,0.0049244207,8.026589e-05,473,validation
0.0009474852,0.0030334985,0.99004424,0.00025030744,0.0026197343,0.0006482711,0.002051744,0.00040472962,474,validation
0.91653395,0.015793527,0.004149639,0.0007314904,0.017235823,0.017854108,0.015156277,0.012545215,475,validation
0.00094723026,0.0027019908,0.9910226,0.00023162499,0.002106863,0.00069348974,0.001902529,0.00039365905,476,validation
0.0009521247,0.0024907042,0.99114054,0.00021371547,0.0024963673,0.0006161739,0.0017718836,0.00031858275,477,validation
0.6585354,0.02043194,0.24904306,0.00075692247,0.030851278,0.015461038,0.021781705,0.0031386167,478,validation
0.98814374,0.0027126775,0.0017268385,2.1295886e-05,0.0039606453,0.0015296795,0.0017574151,0.00014764525,479,validation
0.0004369585,0.00068220746,0.9945756,0.00038771014,0.0011328941,0.00031403624,0.002306547,0.00016399748,480,validation
0.0017424986,0.0014570997,0.0019502492,1.3325721e-05,0.0005944921,0.0008336782,0.0028175588,0.9905911,481,validation
0.00015899753,0.0002460712,0.9979614,0.000103013306,0.0003728684,9.491913e-05,0.000979853,8.2839055e-05,482,validation
0.00015083425,0.00024131949,0.9979468,0.00010559957,0.00036088243,9.719135e-05,0.001017282,8.011343e-05,483,validation
0.022682982,0.01814093,0.009214924,0.00081992365,0.008526654,0.93167067,0.0032340637,0.0057098013,484,validation
0.0015032707,0.0012396398,0.9906376,0.00022337242,0.0013423786,0.00062614906,0.0039031892,0.0005244019,485,validation
0.0026589488,1.9023717e-05,0.00042134098,0.00051841716,0.00017921966,1.3565746e-05,0.9948495,0.0013398939,486,validation
0.9977307,0.00029575033,5.55174e-05,7.875897e-06,0.00068265334,0.00069208426,0.0005091504,2.6211412e-05,487,validation
0.9954277,0.00077644,0.0002885812,1.6917242e-05,0.0010400686,0.0013182149,0.0010159009,0.0001161687,488,validation
0.00015957179,0.00026090612,0.99787986,0.00011847731,0.0003778148,9.344329e-05,0.0010226098,8.734536e-05,489,validation
0.99769247,0.00031004916,3.833296e-05,8.145464e-06,0.0009827039,0.00060599926,0.00034616402,1.6082002e-05,490,validation
0.00015428569,0.00026443054,0.99801946,0.000111602974,0.00037792535,9.744458e-05,0.00089955295,7.539662e-05,491,validation
0.0047081346,0.001362935,0.98328155,0.0003852369,0.0027059435,0.0010923776,0.005905763,0.00055808196,492,validation
0.9927451,0.0008570485,0.00036043953,2.5666403e-05,0.0024140805,0.0016314388,0.0018836969,8.244285e-05,493,validation
0.9929662,0.001038593,0.0005852366,2.052698e-05,0.002279305,0.0017589384,0.0012302801,0.00012086442,494,validation
9.99323e-05,0.0002769712,0.9983058,7.863415e-05,0.0002986177,0.00010220013,0.0007231344,0.00011468292,495,validation
0.0016239177,0.00018398433,0.0010515308,0.00011177097,0.99622524,0.00016888036,0.00031719956,0.00031753673,496,validation
0.00016449078,0.00027129776,0.9975254,0.00015587702,0.0005167683,9.821435e-05,0.0011866416,8.1290425e-05,497,validation
0.00015254758,0.00039884838,0.99779415,9.29197e-05,0.00038758674,9.283166e-05,0.000955804,0.00012523582,498,validation
0.000104500505,0.00029391778,0.99810237,0.000104116625,0.00032161266,7.627164e-05,0.0009121453,8.512952e-05,499,validation
9.669218e-05,0.00036018915,0.99821484,6.637322e-05,0.00035979346,8.2043196e-05,0.0007131341,0.00010699266,500,validation
0.00010176579,0.0002715621,0.9983146,8.6428394e-05,0.000285385,7.00857e-05,0.00079197524,7.823607e-05,501,validation
0.0033117698,0.0028819868,0.0023550172,2.6290536e-05,0.0016593715,0.00058897666,0.0047222143,0.9844544,502,validation
0.9976324,0.00032872875,4.9888204e-05,8.423156e-06,0.0010080904,0.0005032292,0.00044902638,2.0172829e-05,503,validation
0.00015885079,0.00025022504,0.9978575,0.0001212724,0.0003666488,8.797825e-05,0.0010705478,8.684969e-05,504,validation
0.9972029,0.00040436717,7.748216e-05,8.99069e-06,0.0010774545,0.0007123568,0.0004900752,2.6465965e-05,505,validation
0.9976121,0.00032500082,4.6206576e-05,7.939466e-06,0.001084408,0.00051962404,0.0003886706,1.6020076e-05,506,validation
0.00015417938,0.00041966414,0.9974849,0.00011833367,0.00056288415,0.00011634541,0.0010542535,8.9394096e-05,507,validation
0.00033353365,0.0007985312,0.9949556,0.00027182454,0.00074976374,0.00040183603,0.0022285564,0.00026040565,508,validation
0.9971361,0.00029741033,6.215383e-05,1.22095535e-05,0.0013262185,0.0004662022,0.00068121345,1.8447765e-05,509,validation
0.000166606,0.00035380584,0.99716955,0.00017503457,0.00045543312,0.00012220093,0.0014522199,0.000105082494,510,validation
0.0003681691,0.00052796217,0.9957889,0.00024405797,0.00088331144,0.00021181286,0.0018529433,0.0001228996,511,validation
0.0008121325,0.00081442285,0.99470973,0.00018644992,0.0007702268,0.00032880987,0.002117949,0.00026038548,512,validation
0.000133375,0.00023097983,0.9980738,0.000102890874,0.0003085645,7.82772e-05,0.0009861618,8.6001106e-05,513,validation
0.001552701,0.00062247,0.0011445116,7.766329e-06,0.00053116196,0.00035426603,0.0037737002,0.9920134,514,validation
0.89934015,0.0042019356,0.060194045,0.0004350918,0.009558652,0.010066856,0.015111548,0.0010917321,515,validation
0.9925289,0.0010869633,0.0010218971,3.5314923e-05,0.0014815832,0.0018902231,0.0018205943,0.00013455821,516,validation
9.964457e-05,0.00033421902,0.997936,0.00012762625,0.00039162912,7.429182e-05,0.0009526585,8.3905215e-05,517,validation
0.00014295518,0.00024159244,0.9980033,0.00010590762,0.0003775163,8.527814e-05,0.0009632341,8.019823e-05,518,validation
0.00014804708,0.00033395522,0.9979818,9.9265286e-05,0.0003216183,9.61009e-05,0.0009157135,0.00010343882,519,validation
0.0020880224,0.0032283103,0.005719733,2.4790463e-05,0.0011913684,0.0017070431,0.004017469,0.9820232,520,validation
0.99642915,0.00042617088,7.10758e-05,9.291917e-06,0.0017137228,0.0008690528,0.0004571477,2.4413956e-05,521,validation
0.99735546,0.00041212692,6.375676e-05,9.53696e-06,0.0010438861,0.00065316964,0.00043779513,2.430362e-05,522,validation
0.00019915077,0.00031800114,0.9964185,0.0002611738,0.0009054009,9.5593874e-05,0.001712008,9.0132635e-05,523,validation
0.0020421569,0.0004500194,0.00060322136,5.1257237e-05,0.0003402574,0.9961591,0.00016298016,0.00019099648,524,validation
0.0010871807,0.0011190824,0.0015859973,6.334053e-06,0.00053989305,0.00032424662,0.0022503205,0.9930869,525,validation
0.00011327321,0.00038731308,0.9978163,0.00010954186,0.0005520653,8.05246e-05,0.00085536507,8.558745e-05,526,validation
9.361362e-05,0.00033527173,0.99814117,9.535643e-05,0.00035763698,7.177167e-05,0.0008158676,8.928867e-05,527,validation
0.99349374,0.0008363798,0.00019235349,2.038772e-05,0.0015717726,0.002576522,0.0011611102,0.0001477648,528,validation
0.0025673618,0.00016817119,0.00057730504,0.00010506935,0.99589974,0.00026865222,0.0002255656,0.00018812215,529,validation
0.00012374486,0.00030481917,0.9980155,0.000104380466,0.00034809337,9.175807e-05,0.00090901455,0.000102600425,530,validation
0.99766976,0.00030883544,5.8431517e-05,7.550607e-06,0.0011131184,0.00041609988,0.00040777147,1.8472061e-05,531,validation
0.05885364,0.05096996,0.35225075,0.0026610093,0.059727397,0.25034463,0.04962532,0.1755673,532,validation
0.00011362126,0.0003921158,0.99794,7.851184e-05,0.00041664983,9.657396e-05,0.00084105803,0.00012148477,533,validation
0.00017576801,0.00026785576,0.9979208,0.00010685236,0.00039029898,9.889101e-05,0.0009572289,8.228878e-05,534,validation
0.0015421759,0.0010096914,0.0017840664,1.3683895e-05,0.0006416915,0.0005148149,0.003981235,0.99051267,535,validation
0.9954535,0.0007844706,0.00012230958,1.2999618e-05,0.0019412186,0.0010183346,0.00061987527,4.736141e-05,536,validation
0.00013082438,0.0004431628,0.99784935,9.2547634e-05,0.00041709736,9.076981e-05,0.000846701,0.00012960147,537,validation
0.00011984784,0.00029298823,0.9982218,9.073549e-05,0.00030528606,8.499814e-05,0.0008019886,8.222762e-05,538,validation
0.00013062438,0.00021972712,0.99807847,0.000112386384,0.00036689686,7.6628e-05,0.00092961296,8.556325e-05,539,validation
0.9975084,0.00034924093,3.9954153e-05,9.618323e-06,0.0010029604,0.00062330364,0.00044414087,2.2419797e-05,540,validation
0.21064016,0.023481593,0.5937113,0.0028027154,0.048365764,0.042353015,0.06466608,0.013979318,541,validation
0.00014605287,0.0003045423,0.9981127,0.000102334634,0.00031131363,8.518026e-05,0.0008372814,0.0001005631,542,validation
0.00014956025,0.0002583504,0.9980855,9.505803e-05,0.00036714182,8.695341e-05,0.00086832215,8.912247e-05,543,validation
0.9964227,0.0004605334,9.520216e-05,1.2075557e-05,0.0015367283,0.0009352797,0.00050718326,3.0299e-05,544,validation
9.337877e-05,0.00038063398,0.9979462,0.00010890257,0.00045027008,8.361204e-05,0.00084638514,9.053862e-05,545,validation
0.00015595535,0.00032477424,0.9980191,0.00010466044,0.0003162389,9.245205e-05,0.0008811717,0.00010570405,546,validation
0.9948873,0.0006174306,0.00027442796,1.6305708e-05,0.0012264585,0.0016930179,0.0011822823,0.00010271753,547,validation
0.9977945,0.00030824318,4.6485948e-05,7.93701e-06,0.0008244076,0.000607437,0.00039174352,1.9263893e-05,548,validation
0.0011062797,8.261526e-05,0.0006169088,3.414982e-05,0.99787235,5.5175362e-05,0.00013225574,0.0001001774,549,validation
0.009166778,0.97624993,0.006021485,9.226906e-06,0.0020759616,0.0006243439,0.00023617577,0.005616138,550,validation
0.00015268105,0.00023420283,0.998073,0.000101658916,0.00031980424,8.041829e-05,0.00095246907,8.580246e-05,551,validation
0.9969441,0.00044895054,5.4633234e-05,1.0653944e-05,0.0013882893,0.00066212186,0.0004661427,2.4998086e-05,552,validation
0.0022188253,0.0013309073,0.0014655271,1.2562572e-05,0.0008425868,0.00045298343,0.003950375,0.98972625,553,validation
0.9968453,0.0005412388,0.000100203026,9.284891e-06,0.000962144,0.0010495476,0.00045367487,3.8504593e-05,554,validation
0.001327277,0.0012161359,0.001701973,8.891828e-06,0.000660657,0.00042417852,0.0025557657,0.99210525,555,validation
0.00015548071,0.0005458089,0.99608874,0.00020216119,0.0010856689,0.00016242015,0.0016165964,0.00014316016,556,validation
0.00012582348,0.0003367333,0.9981223,8.6298845e-05,0.00032636247,9.229713e-05,0.0008100233,0.00010013791,557,validation
0.00014130805,0.0003139709,0.9979664,0.00012460859,0.00042571023,0.00010320015,0.00085925695,6.5584056e-05,558,validation
0.99735546,0.00035862086,6.0501483e-05,9.024599e-06,0.0011357019,0.0006101667,0.0004488296,2.1679612e-05,559,validation
0.0031288962,1.0150476e-05,0.00048104094,0.00040257478,9.035881e-05,1.5248324e-05,0.9943262,0.0015455473,560,validation
0.00014090142,0.00036359407,0.99765164,0.00012825477,0.00040036906,0.00012382319,0.001067178,0.00012424799,561,validation
0.9976941,0.00028544734,3.8889666e-05,7.8978865e-06,0.0010290066,0.00057258585,0.00035711168,1.4898402e-05,562,validation
0.9966714,0.0005442058,0.00012834325,1.19265615e-05,0.00097509753,0.0009629757,0.0006657706,4.028679e-05,563,validation
0.0011098187,0.0010259771,0.0015476418,7.027698e-06,0.00070620433,0.00028210712,0.002623731,0.99269754,564,validation
0.0012246773,0.0012587346,0.0017195775,9.31679e-06,0.00060490833,0.00044914792,0.0022978142,0.99243575,565,validation
0.0023776942,8.692848e-06,0.00034777392,0.00040292152,9.453882e-05,1.7142005e-05,0.99493873,0.0018125729,566,validation
0.00012817059,0.00030998967,0.9980672,9.992728e-05,0.00032954232,8.537343e-05,0.00087930105,0.00010051729,567,validation
0.008529146,0.007871796,0.007620582,0.00032288386,0.0029485053,0.9287303,0.0031882357,0.040788513,568,validation
0.0001288978,0.0002963647,0.99815613,7.871869e-05,0.00031597514,9.557063e-05,0.0008303784,9.7896016e-05,569,validation
0.99424756,0.00071755605,0.00037198988,2.5211068e-05,0.0014048094,0.0015068632,0.001591189,0.00013469241,570,validation
0.0021335895,0.0013571442,0.0022720834,1.6187589e-05,0.00066454965,0.00071712997,0.0035726333,0.98926675,571,validation
0.00016406811,0.0005445309,0.9963903,0.00024788978,0.00082733145,0.00012533196,0.0016080731,9.2442904e-05,572,validation
0.996911,0.00032594745,7.6488825e-05,1.4517138e-05,0.0012472961,0.00060285337,0.0007985028,2.3444685e-05,573,validation
0.000113889124,0.0002757906,0.998181,0.00010932219,0.0002929296,8.1009945e-05,0.0008573219,8.8736706e-05,574,validation
9.904894e-05,0.00028799314,0.998041,0.00010549559,0.00039883694,7.179732e-05,0.0009228802,7.294146e-05,575,validation
0.00012435418,0.0002951107,0.9979341,0.00012201782,0.00033098742,7.804107e-05,0.0010276601,8.7729124e-05,576,validation
0.00052083563,0.000607935,0.9940256,0.00019248125,0.00095487665,0.00021635221,0.0032568248,0.00022502521,577,validation
0.0012773899,0.000113456466,0.00063198706,5.4534594e-05,0.9974711,9.42223e-05,0.00019457904,0.00016280526,578,validation
0.9976071,0.00031087743,4.5677785e-05,9.933989e-06,0.0009688786,0.00059486466,0.0004404271,2.2204094e-05,579,validation
0.9975591,0.00036233448,6.112559e-05,9.109678e-06,0.0009289289,0.00058958057,0.00046455086,2.543478e-05,580,validation
0.99389815,0.0009024591,0.00016627273,1.6978249e-05,0.0028684493,0.0015224525,0.0005692541,5.590485e-05,581,validation
0.0001064033,0.00030090078,0.9981871,9.5247124e-05,0.00033329337,7.2678406e-05,0.0008235511,8.075027e-05,582,validation
0.00013003484,0.00033317436,0.9979097,0.0001225589,0.00038068125,8.207642e-05,0.00095990964,8.1828504e-05,583,validation
0.0001226293,0.00034814535,0.99804604,7.8814715e-05,0.00038017504,8.132106e-05,0.0008713634,7.154035e-05,584,validation
0.0016927395,0.000353668,0.00041263428,7.27841e-05,0.00044893168,0.9966518,0.00019624963,0.00017119093,585,validation
0.98395604,0.0020230007,0.004196727,6.417786e-05,0.002426874,0.0037629656,0.0031803316,0.00038987905,586,validation
0.00012793406,0.00032250397,0.99809664,0.00010753552,0.00038118908,8.175412e-05,0.00080210133,8.033235e-05,587,validation
0.9971576,0.00036527362,6.805388e-05,8.719466e-06,0.0013069923,0.00056099985,0.00050678727,2.5625539e-05,588,validation
0.99730045,0.00038752242,7.269796e-05,1.02853755e-05,0.0010109142,0.0007351542,0.00045571753,2.7289256e-05,589,validation
0.0001210707,0.00039116235,0.99781704,0.00015110848,0.00044079922,8.772812e-05,0.00089744624,9.361017e-05,590,validation
0.037736773,0.040966943,0.15478344,0.004728177,0.09484774,0.63584125,0.0149971945,0.016098432,591,validation
0.9972703,0.00043700234,7.804176e-05,9.1733145e-06,0.00088670175,0.0006553504,0.00063098373,3.237014e-05,592,validation
0.00012578824,0.0002966511,0.99796367,0.000104767954,0.0003226431,8.989225e-05,0.0009918441,0.00010486812,593,validation
0.00027883254,0.000404916,0.9956124,0.00029541613,0.0007665417,0.00016064577,0.0023711515,0.000110117675,594,validation
0.992255,0.00092576793,0.000591005,2.687739e-05,0.0015509404,0.0024864806,0.002049058,0.000114937284,595,validation
0.9794438,0.0035788657,0.0015589442,0.00011633788,0.00488167,0.006477424,0.0030544081,0.0008884982,596,validation
0.0001326455,0.0003252619,0.99807656,8.912942e-05,0.00033511413,9.21136e-05,0.0008419026,0.000107343905,597,validation
0.006706475,0.0018198761,0.97874224,0.00028941125,0.0030109598,0.000984659,0.0072670123,0.00117935,598,validation
0.9745988,0.004151839,0.0018876187,0.00023258384,0.0055002114,0.007951311,0.004776753,0.0009007425,599,validation
0.0005587832,0.0010730028,0.9939359,0.00046340155,0.0008430992,0.00064913114,0.0020485572,0.0004282076,600,validation
0.0001463298,0.0004972085,0.9979407,0.00012835533,0.0002661416,0.00014539598,0.0008008251,7.501093e-05,601,validation
0.9986896,0.00028826197,2.6620177e-05,1.529541e-06,0.0005601729,0.00016689864,0.0002593058,7.649316e-06,602,validation
0.00013455587,0.0005369812,0.99808997,8.4836945e-05,0.0002975946,0.00015866461,0.0006228908,7.455533e-05,603,validation
0.00014364274,0.00045874307,0.9982387,0.00010417982,0.00028540354,0.00014743867,0.000567346,5.4522825e-05,604,validation
0.99845314,0.0002749324,2.9112614e-05,1.5395138e-06,0.0005912872,0.00024842928,0.0003888284,1.2769891e-05,605,validation
0.00019273309,0.00042105108,0.9979219,0.00015845719,0.0002586327,0.00014921279,0.0008357696,6.220773e-05,606,validation
0.00039998125,0.0005786992,0.9969139,0.00016299248,0.00036358915,0.00020925514,0.0013033805,6.826337e-05,607,validation
0.99886024,0.00027548973,2.1941774e-05,1.1550736e-06,0.0005067401,0.00013550493,0.00019243162,6.493588e-06,608,validation
0.985966,0.0023973007,0.004302731,2.5678473e-05,0.0018659624,0.0018441423,0.0032966281,0.00030153844,609,validation
0.000260433,0.0005455433,0.99689424,0.00019710194,0.0004112979,0.00015192879,0.0014271138,0.000112297166,610,validation
0.9746568,0.004085887,0.00076277996,5.9378996e-05,0.0050906395,0.0032438866,0.008514576,0.0035860082,611,validation
0.014516377,0.9712914,0.0043204334,1.1566882e-05,0.0025019804,0.00088791427,0.0003554632,0.0061146864,612,validation
0.99807763,0.00037509506,2.1236681e-05,2.3121986e-06,0.001056525,0.00021112584,0.00024703244,9.0182075e-06,613,validation
0.00021654529,0.0003282922,0.99812096,0.00014077022,0.00020831749,0.00012884938,0.00081635197,3.9791812e-05,614,validation
0.00046832697,0.0009328955,0.9938234,0.00041919766,0.0011773256,0.0002456993,0.0028402812,9.28397e-05,615,validation
0.00017995555,0.00042662272,0.9978947,0.00012299365,0.0003345205,0.00013526012,0.0008634781,4.246847e-05,616,validation
0.00018342934,0.0003730414,0.9980617,0.00013385569,0.0002869557,0.0001284897,0.0007827349,4.9719598e-05,617,validation
0.0002041865,0.0003594724,0.99815756,9.7596836e-05,0.00031503712,0.00010961215,0.0007169709,3.9554903e-05,618,validation
0.99461454,0.0012273799,0.00047643497,5.8723485e-06,0.0015655647,0.00084033003,0.0012087857,6.109431e-05,619,validation
0.013148278,0.97326726,0.003515634,9.305433e-06,0.0024137036,0.0008312059,0.00027409501,0.0065405006,620,validation
0.00027339658,0.00047765728,0.99767464,0.00015881864,0.00029161174,0.00015933065,0.0008948796,6.965057e-05,621,validation
0.017090157,0.96873456,0.005508143,9.771973e-06,0.0025602225,0.0014260124,0.0003907205,0.0042804126,622,validation
0.00016407351,0.00036969563,0.99766684,9.9629564e-05,0.0003617697,0.00013201997,0.0011393005,6.677404e-05,623,validation
0.9988257,0.0002534993,1.6574888e-05,1.1510684e-06,0.00059872406,0.00013449669,0.00016473788,5.059454e-06,624,validation
0.9988783,0.00020933163,1.5836533e-05,1.4325718e-06,0.000529679,0.00013839883,0.00022080558,6.2905488e-06,625,validation
0.00016227184,0.00044916867,0.9978467,0.00014533945,0.0002845516,0.0001613669,0.0008683277,8.2299004e-05,626,validation
0.0011526106,0.0011454739,0.99352056,0.0002525114,0.0013326247,0.0011859218,0.0012987785,0.000111533125,627,validation
0.99889296,0.00021486291,1.8820081e-05,1.3348662e-06,0.00050828326,0.00011063571,0.000246902,6.117787e-06,628,validation
0.99866974,0.00029379246,2.6604117e-05,1.3870391e-06,0.0006591703,0.00013443311,0.00020906786,5.7165926e-06,629,validation
0.00020110188,0.000439408,0.9980829,0.00010807296,0.000265224,0.00013747283,0.0007122039,5.366367e-05,630,validation
0.9988281,0.00023294205,1.7970598e-05,1.4884507e-06,0.00060498936,0.00012091457,0.00018870879,4.825659e-06,631,validation
0.9988624,0.0002786077,2.3689789e-05,1.2467251e-06,0.0004740317,0.00016435476,0.00018961422,6.140835e-06,632,validation
0.00021853865,0.0004979076,0.9976665,0.00012695297,0.00037871458,0.0001451041,0.00090113125,6.51662e-05,633,validation
0.00014961447,0.00031586387,0.99809116,0.00012869154,0.00022898905,8.972421e-05,0.0009420691,5.3881347e-05,634,validation
0.00019044286,0.00050223776,0.99772435,0.00013833349,0.00031250017,0.00015229867,0.000896222,8.3563165e-05,635,validation
0.012775232,0.9679139,0.005034072,1.4609941e-05,0.0018821881,0.0014308005,0.00024703937,0.0107021425,636,validation
0.00019133287,0.00046183026,0.99814487,9.996565e-05,0.00024018073,0.00013870177,0.0006582399,6.48685e-05,637,validation
0.00025172727,0.00054231513,0.9975677,0.00016722883,0.00033647718,0.00016586827,0.00090148125,6.712366e-05,638,validation
0.0004646961,0.00061765197,0.9970291,0.00017110832,0.00043664296,0.0003245102,0.00090105506,5.515019e-05,639,validation
0.99883205,0.0002350787,1.57964e-05,1.1291005e-06,0.00058331655,0.00017423277,0.0001527938,5.5877977e-06,640,validation
0.9986376,0.0002614436,2.048218e-05,1.0853275e-06,0.0006517619,0.0002012317,0.00021907185,7.2935004e-06,641,validation
0.0006044121,0.000105477,8.250577e-05,5.4776015e-06,8.9991874e-05,0.9990344,2.2395796e-05,5.5214758e-05,642,validation
0.00017318722,0.0004133923,0.9980386,0.0001361334,0.000264646,0.00013072959,0.0007899149,5.3499207e-05,643,validation
0.00022961413,0.0005188626,0.9976738,0.00013695583,0.00032128303,0.00019330138,0.00086600694,6.015242e-05,644,validation
0.010888764,0.97550327,0.0040456974,7.522086e-06,0.0019351479,0.00088807236,0.00020056935,0.0065309405,645,validation
0.00019895133,0.00051658385,0.9976749,0.00014597613,0.00036651004,0.00013985031,0.0008792425,7.803553e-05,646,validation
0.00023094904,0.00050549564,0.99775225,0.00014469399,0.00027270248,0.00016744873,0.00085734605,6.917346e-05,647,validation
0.99843735,0.00038067208,3.3478365e-05,1.7192698e-06,0.00068079197,0.00026410064,0.00019410739,7.80655e-06,648,validation
0.9984933,0.000391403,3.402289e-05,1.4519014e-06,0.00066963944,0.00018821965,0.00021381662,8.168726e-06,649,validation
0.00012756177,0.00039419025,0.99828917,7.577574e-05,0.00020967933,0.00010332,0.0007292541,7.0972346e-05,650,validation
0.9952461,0.0009530959,0.00017822765,1.6093398e-05,0.0014853219,0.0012921658,0.00077230344,5.6698267e-05,651,validation
0.99902403,0.00021077917,1.6222726e-05,1.1358023e-06,0.00046406122,0.000112649825,0.00016666087,4.3604246e-06,652,validation
0.9967397,0.00077725155,7.556049e-05,9.273899e-06,0.0013656004,0.00056138966,0.00044063813,3.0666404e-05,653,validation
0.00019091532,0.00034661725,0.9979594,0.0001353937,0.00025686814,0.00012927405,0.00092152914,6.0068498e-05,654,validation
0.0002017519,0.0005778911,0.99707234,0.00018392473,0.0006732662,0.00020973917,0.001041115,3.9988634e-05,655,validation
0.99847394,0.00030574197,3.6345777e-05,2.4787498e-06,0.0005795169,0.00026824715,0.00032250502,1.1211351e-05,656,validation
0.00015400021,0.00040698645,0.9980908,9.99692e-05,0.00031231873,0.00010344016,0.00078816566,4.4397297e-05,657,validation
0.00016182364,0.00051958486,0.997759,0.00017021176,0.00031394608,0.0001494774,0.0008508313,7.520985e-05,658,validation
0.00029331882,0.00055750454,0.9975552,0.00012594064,0.00026354362,0.00015352906,0.0009735169,7.749933e-05,659,validation
0.0005885363,0.0010319673,0.99288905,0.00030368206,0.0018537344,0.00025232756,0.003000034,8.068805e-05,660,validation
0.00016017295,0.00050323305,0.99804354,0.00013140707,0.00026015923,0.00016944051,0.00066951144,6.2594416e-05,661,validation
0.00025915523,0.0005741531,0.99757975,0.00015234007,0.00031704857,0.00015434719,0.0008891093,7.417498e-05,662,validation
0.00023386217,0.00046370557,0.9978643,0.00013486996,0.00029440923,0.00014689028,0.0008240675,3.79075e-05,663,validation
0.00012784464,0.0004828266,0.99797386,0.00015013799,0.0002419854,0.00015351706,0.00079663045,7.323809e-05,664,validation
0.00195364,0.00085463835,0.99436355,0.00011661019,0.00041872667,0.00047973933,0.0016608735,0.00015218701,665,validation
0.00097334385,0.0025595208,0.9800172,0.002245195,0.009251529,0.00081118714,0.003963662,0.00017839379,666,validation
0.99889356,0.00022035645,1.8540915e-05,1.170235e-06,0.0004819789,0.000104432445,0.00027357403,6.404869e-06,667,validation
0.012159938,0.97240824,0.0037122353,9.862158e-06,0.0025039173,0.0010729115,0.00029246215,0.007840306,668,validation
0.00024731114,0.00048943126,0.99743575,0.0002485928,0.00035269087,0.00018411638,0.0009972473,4.4898134e-05,669,validation
0.00011847498,0.00041918232,0.99838483,8.019126e-05,0.00023239187,0.00012739017,0.0005665209,7.1081704e-05,670,validation
0.00018814184,0.00041708862,0.9981025,0.00012286531,0.00023465756,0.00014010185,0.00073537574,5.930357e-05,671,validation
0.0005038014,0.0005713537,0.99690396,0.0001639698,0.00033820124,0.000253146,0.0011890642,7.6472454e-05,672,validation
0.99681157,0.00059885054,5.475135e-05,4.436067e-06,0.0016070149,0.0004201967,0.00047390285,2.92659e-05,673,validation
0.9981042,0.00041034992,5.561499e-05,2.4829699e-06,0.0008024667,0.00023943935,0.00037088947,1.4495519e-05,674,validation
0.0071294624,0.0019857755,0.97955453,0.000302861,0.0019241482,0.001431723,0.0074198544,0.00025174234,675,validation
0.00020817418,0.00048109927,0.9978035,0.00014909297,0.00030169208,0.0001281827,0.0008753869,5.3024993e-05,676,validation
0.99901927,0.00021038494,1.86316e-05,8.632747e-07,0.00044763775,0.00014011665,0.00015792486,5.0758667e-06,677,validation
0.9987565,0.00028235678,3.482887e-05,1.9920615e-06,0.0004143941,0.00024796618,0.00025196045,9.886887e-06,678,validation
0.00013920527,0.00042271908,0.9982015,0.00010922346,0.00023584708,0.00015074045,0.00066586497,7.482945e-05,679,validation
0.00021520372,0.0005412593,0.99618644,0.0002623913,0.0006659429,0.00018207896,0.0018804439,6.620721e-05,680,validation
0.00017853202,0.00047613008,0.99798155,0.00012719902,0.00025490863,0.00018756355,0.00073682074,5.7361965e-05,681,validation
0.14476952,0.008528787,0.80430907,0.00045498836,0.009914964,0.006139318,0.023572823,0.0023104618,682,validation
0.99368906,0.0015492431,0.0013397612,1.3464326e-05,0.0013569507,0.0010210953,0.0009687897,6.158691e-05,683,validation
0.00021004646,0.00040992908,0.997218,0.00015233377,0.00036194178,0.0002002537,0.0013578994,8.9535584e-05,684,validation
0.9665512,0.005019396,0.009481922,5.3074473e-05,0.006333776,0.006854109,0.0053173928,0.00038915715,685,validation
0.998589,0.0003231589,4.0016817e-05,1.8416057e-06,0.0005627609,0.00022146931,0.00025227305,9.600089e-06,686,validation
0.1653131,0.013320142,0.7558302,0.0029680694,0.017288104,0.015434548,0.027788825,0.0020570538,687,validation
0.00020865236,0.0004757035,0.9977557,0.00015970552,0.00029130827,0.00019458855,0.00084724056,6.7169545e-05,688,validation
0.00015880921,0.00055665255,0.99788946,0.00012308348,0.00028276021,0.00017330557,0.0007382076,7.766139e-05,689,validation
0.9988514,0.00022915757,2.2845898e-05,1.1915336e-06,0.00054698647,0.00013598478,0.00020662976,5.7174143e-06,690,validation
0.00014591338,0.00052773755,0.99767405,0.00019889139,0.00035434304,0.00015061883,0.000887067,6.140286e-05,691,validation
0.05031347,0.9248261,0.010361325,3.240685e-05,0.004579459,0.0025898642,0.000658953,0.006638432,692,validation
0.99892265,0.00023081436,1.9631532e-05,1.1048273e-06,0.00047075085,0.00015305897,0.00019584868,6.02621e-06,693,validation
0.0026048443,0.00024155721,0.00074620213,0.0004839364,0.0013826534,0.99376845,0.0006696087,0.00010286832,694,validation
0.00016862706,0.0003272992,0.998033,0.00013373929,0.00026294516,0.000101208716,0.0009254822,4.768871e-05,695,validation
0.0002219486,0.0005214878,0.99765414,0.00016818794,0.00032145565,0.0001269283,0.00091434096,7.150666e-05,696,validation
0.00017906073,0.00036740702,0.9985306,4.859196e-05,0.0001951967,0.00013073429,0.0005054075,4.2907253e-05,697,validation
0.0002361914,0.00039844838,0.99788624,0.000139865,0.00026144952,0.00013409034,0.0008907907,5.304127e-05,698,validation
0.9949575,0.0011985915,0.00012480217,1.4869643e-05,0.0020329396,0.00095881283,0.0006649491,4.763888e-05,699,validation
0.00013174229,0.00041960282,0.99830085,0.00010740971,0.00022724025,0.00015857935,0.00059082557,6.3758e-05,700,validation
0.00015638789,0.0005541556,0.9976158,0.00019922985,0.0003628676,0.000107972955,0.00094116875,6.244307e-05,701,validation
0.00018789062,0.00047415536,0.9979321,0.000112140275,0.00028964347,0.00012635847,0.00082326605,5.452438e-05,702,validation
0.9977507,0.00046802065,6.600946e-05,3.1184093e-06,0.0010140395,0.0002454273,0.00043617334,1.6507967e-05,703,validation
0.00014676712,0.0003850842,0.9982749,0.00012054039,0.00022907359,0.0001106028,0.00068949576,4.3488875e-05,704,validation
0.00048285103,0.00088760146,0.9968286,6.817308e-05,0.00034183275,0.00033915156,0.00092512026,0.00012668535,705,validation
0.9982663,0.00023385242,3.218479e-05,2.297579e-06,0.0008449917,0.00014218972,0.00046604945,1.214204e-05,706,validation
0.99853814,0.00033863276,4.0592855e-05,2.0708703e-06,0.00048739638,0.0002854015,0.00029448533,1.3207434e-05,707,validation
0.0001767138,0.0004548929,0.9980848,0.0001301023,0.00025493113,0.00013976161,0.0007047219,5.4134976e-05,708,validation
0.00017836859,0.000496302,0.99781275,0.00014645176,0.0003035564,0.0001515467,0.00082520145,8.574189e-05,709,validation
0.0001918386,0.0004026647,0.99785537,0.00014774613,0.0002242401,0.00012183053,0.0009907472,6.550851e-05,710,validation
0.00014625459,0.00055212143,0.99783593,0.00013757545,0.00037088915,0.000162428,0.0007263908,6.836469e-05,711,validation
0.00015832034,0.0003969945,0.99821883,0.00010793276,0.00021866779,0.00011528852,0.00071694824,6.6977365e-05,712,validation
0.00013402266,0.00040773905,0.99794966,0.00015364763,0.0003537394,0.00011052785,0.0008558698,3.482105e-05,713,validation
0.0001892127,4.17259e-08,1.2788574e-05,2.612712e-06,2.7938315e-06,5.2798015e-08,0.9996699,0.00012261346,714,validation
0.0002235839,0.00044246335,0.99783725,0.00016606203,0.00024045477,0.00016987302,0.0008585204,6.1836865e-05,715,validation
0.00036541073,0.0002073198,0.00028277593,4.4149056e-07,0.000252226,2.2668344e-05,0.0013353276,0.9975338,716,validation
0.00017360921,0.00034185208,0.9981165,0.000121393794,0.0002547829,0.00011544966,0.0008185159,5.8029094e-05,717,validation
0.00018857847,0.00042002875,0.99788135,0.0001355557,0.00031844858,0.0001645754,0.0008264404,6.50762e-05,718,validation
0.9986708,0.00028299406,2.2254408e-05,1.7812214e-06,0.0006117577,0.00011826212,0.00028455068,7.5611533e-06,719,validation
0.996912,0.0005539963,9.5883144e-05,8.564573e-06,0.0011272414,0.00053811533,0.000732685,3.148077e-05,720,validation
0.00092461763,7.998133e-05,0.00010297502,1.038028e-05,0.000112082875,0.99866426,6.2365194e-05,4.326359e-05,721,validation
0.9978771,0.00031905426,3.4171844e-05,5.6063304e-06,0.0008883771,0.00039274464,0.00046752364,1.5426873e-05,722,validation
0.00015393854,0.00031828773,0.99772364,0.00014874007,0.00036622415,0.000119687094,0.001102707,6.689838e-05,723,validation
0.00014207543,0.0004020759,0.9973603,0.0002363706,0.00045691468,9.174821e-05,0.0012477387,6.2855404e-05,724,validation
0.99702114,0.00041848727,5.2146563e-05,9.864467e-06,0.0012213667,0.0006375116,0.00061886787,2.0627383e-05,725,validation
0.9977049,0.00039564102,4.722159e-05,5.4998504e-06,0.00088923523,0.00038369853,0.00055194076,2.1751732e-05,726,validation
0.0011963602,0.00064465933,0.0009017404,6.7142755e-06,0.0006620297,0.00021881686,0.0036489,0.9927208,727,validation
0.0051408997,0.0017323178,0.002029951,9.058546e-05,0.0032862788,0.0009093753,0.024774522,0.9620361,728,validation
0.0058224797,0.00029017267,0.0004443937,0.000112363174,0.9925581,0.00027642222,0.0003435286,0.00015252679,729,validation
0.0157023,0.0013657683,0.0035335075,0.0013280358,0.9238586,0.05147389,0.0017330733,0.0010049667,730,validation
0.9975459,0.00038448552,5.339829e-05,5.8861183e-06,0.0010176578,0.00049088284,0.00048100512,2.067938e-05,731,validation
0.99738103,0.00048577346,9.628121e-05,7.4924083e-06,0.0007102728,0.00058701454,0.0007042825,2.7865432e-05,732,validation
0.9974763,0.00034338053,5.1774e-05,7.263901e-06,0.0010117377,0.0003345924,0.0007549877,1.983547e-05,733,validation
0.013355403,0.97026145,0.006682276,1.559947e-05,0.0024638977,0.0009568473,0.00038048925,0.0058840127,734,validation
0.00056084397,0.00069283356,0.9957831,0.00013122428,0.0005648488,0.00034984903,0.0017298958,0.00018737679,735,validation
0.115047745,0.82613665,0.04161781,5.597441e-05,0.007760724,0.0035763665,0.0016305625,0.0041742157,736,validation
0.00020032334,0.00035114094,0.9975516,0.00015968429,0.0003722549,0.00014001185,0.0011475623,7.7415876e-05,737,validation
0.00017248678,0.00033083482,0.9974891,0.00018047213,0.00037190795,0.0001128457,0.0012734745,6.887726e-05,738,validation
0.00015766585,0.00040897576,0.9974045,0.00019230717,0.00044913753,0.0001170813,0.0011894822,8.0889906e-05,739,validation
0.99739957,0.00044336583,7.027332e-05,5.730416e-06,0.0009471337,0.0005037155,0.00061081577,1.9390536e-05,740,validation
0.99724495,0.00044949882,5.426799e-05,4.8883267e-06,0.0013500536,0.00040651613,0.0004745465,1.5415557e-05,741,validation
0.00016751957,0.00041622834,0.9973009,0.0001621356,0.00043724166,0.00015488153,0.0012421485,0.0001189701,742,validation
0.99719596,0.0004236066,8.356432e-05,7.2036705e-06,0.0008226557,0.0006900428,0.00073776883,3.9263945e-05,743,validation
0.00015294088,0.00037527792,0.9976029,0.00015383538,0.00037021507,0.000113526454,0.001128263,0.00010312301,744,validation
0.00015402981,0.00032434988,0.99765754,0.00016007147,0.00038888783,0.00011591828,0.0011312866,6.7894194e-05,745,validation
0.9959895,0.0006981436,0.00023038936,1.0368584e-05,0.0009496201,0.0010152418,0.0010396467,6.712556e-05,746,validation
0.00014873958,0.00033617625,0.9976803,0.00017319575,0.0003181726,9.510893e-05,0.0011693238,7.894392e-05,747,validation
0.0002131956,0.00053964515,0.99727803,0.00018357711,0.00039491206,0.00017003466,0.0010749206,0.00014562474,748,validation
0.00075643434,0.0009542316,0.99402034,0.00022989592,0.0013025043,0.00045085634,0.0021328419,0.00015290493,749,validation
0.00021606653,0.00044025705,0.99620014,0.00032790017,0.00060911063,0.00013782518,0.0019664003,0.00010239661,750,validation
0.9972934,0.00041608472,6.801767e-05,8.082333e-06,0.0008496053,0.00062108674,0.00071392016,2.9841916e-05,751,validation
0.00015676761,0.00032433725,0.9974892,0.00018495748,0.00034787846,0.00010937726,0.0013039833,8.3545856e-05,752,validation
0.00091895426,0.000104717015,0.00013929239,2.1715787e-05,0.00014074238,0.99853003,9.021758e-05,5.4264492e-05,753,validation
0.9977575,0.00042439462,4.659034e-05,5.5102155e-06,0.0009025349,0.00039017037,0.00045554497,1.777778e-05,754,validation
0.00014609279,0.00037363567,0.99743575,0.0001958117,0.00040903516,0.000113914415,0.0012400609,8.566323e-05,755,validation
0.00013776954,0.00035139712,0.9975641,0.00015579093,0.0003982419,0.000120451565,0.0012113729,6.095812e-05,756,validation
0.99773705,0.0002750813,3.7058915e-05,6.2827085e-06,0.0008597873,0.00035113844,0.00071546115,1.812241e-05,757,validation
0.00030546176,0.00047331827,0.996646,0.00017914716,0.00050703547,0.00015767431,0.0016261553,0.000105123625,758,validation
0.013345155,0.9647172,0.009143092,2.5719815e-05,0.0028455537,0.00142725,0.00039869017,0.008097314,759,validation
0.9972704,0.00038897054,4.922897e-05,4.9365517e-06,0.0012049016,0.00054665084,0.00052007684,1.4850634e-05,760,validation
0.00013544403,0.0003350198,0.9978811,0.00013775578,0.0003197147,0.00011986569,0.0009989938,7.202996e-05,761,validation
0.00014728357,0.00033097743,0.9977736,0.00014661453,0.00032684297,0.0001108199,0.0010836965,8.023041e-05,762,validation
0.0011993984,0.0001163176,0.0004650076,5.612872e-05,0.9976927,8.9663845e-05,0.00021294726,0.00016778831,763,validation
0.00014875131,0.00038139787,0.9977095,0.00014822395,0.00036340073,0.00010859188,0.0010458184,9.433807e-05,764,validation
0.9976497,0.00036291717,4.639307e-05,7.0015735e-06,0.00083546323,0.00046274756,0.00061528716,2.0373558e-05,765,validation
0.011776356,0.9654871,0.008865745,2.298641e-05,0.0027126619,0.0015208493,0.0004049194,0.009209392,766,validation
0.9950303,0.0008283936,0.00017904412,1.300117e-05,0.0014892751,0.0009965131,0.0013547853,0.00010872487,767,validation
0.00016760347,0.00033656223,0.99763,0.0001573974,0.00036530785,0.00013635411,0.0011172967,8.941878e-05,768,validation
0.00017735013,0.00034821575,0.9965733,0.00023056331,0.0004805918,0.0001362571,0.001971239,8.2417595e-05,769,validation
0.00015817591,0.00030701476,0.99749184,0.00018361297,0.00035800197,0.000116926065,0.0013159454,6.845468e-05,770,validation
0.00021020425,0.00043524316,0.9975418,0.00015381805,0.0003092883,0.00013884527,0.0010744244,0.00013632177,771,validation
0.00020246106,0.00044664578,0.9967494,0.00026357922,0.0005040877,0.00014249807,0.0015901987,0.00010121465,772,validation
0.00021394697,0.0004087931,0.9971802,0.00021270984,0.00039945258,0.00014584824,0.0013629901,7.600426e-05,773,validation
0.03882172,0.06942167,0.30928725,0.009561574,0.32251433,0.22337261,0.015915368,0.011105552,774,validation
0.00014162721,0.00037011315,0.9975674,0.00015834592,0.0005070456,0.00012694304,0.0010680566,6.048405e-05,775,validation
0.00070361653,0.00057005364,0.00082143827,2.5897605e-06,0.00047078315,0.00012112362,0.002092185,0.9952181,776,validation
0.0001461963,0.0003288228,0.9975333,0.0001641843,0.00034334415,0.0001271237,0.0012673169,8.971906e-05,777,validation
0.00059607695,0.0007901275,0.99459827,0.00027167358,0.0010157641,0.0003748816,0.0021091409,0.00024397155,778,validation
0.00011791414,0.00023850043,0.9977779,0.0001559242,0.00027408148,7.996066e-05,0.0012911884,6.4607004e-05,779,validation
0.000116481424,0.00035546737,0.9972996,0.00023657562,0.00036213078,8.764593e-05,0.0014594859,8.260163e-05,780,validation
0.9979462,0.00029010896,2.9774576e-05,5.321148e-06,0.00087288755,0.00029672345,0.00054399326,1.5051509e-05,781,validation
0.99786997,0.00029675342,3.2030912e-05,5.6766507e-06,0.00085135084,0.0004495955,0.00048040185,1.4175417e-05,782,validation
0.9939557,0.0009844534,0.00016910622,3.007467e-05,0.0015901485,0.0019047036,0.0012722431,9.373983e-05,783,validation
0.99797565,0.00026789246,2.842882e-05,4.9962296e-06,0.0008842227,0.0002920563,0.0005330351,1.3842555e-05,784,validation
0.002492546,0.0026681684,0.0027029123,3.191095e-05,0.0015458007,0.0011804153,0.004058512,0.98531973,785,validation
0.0014165713,9.9121964e-05,0.00066404097,9.4630304e-05,0.99713033,0.00017856694,0.000212656,0.00020414955,786,validation
0.9955421,0.0006823437,0.00016449582,1.0672252e-05,0.0014983023,0.0009958966,0.0010524335,5.3777218e-05,787,validation
0.0023246168,0.0002258094,0.0006740893,6.0699895e-05,0.9962775,0.00012340455,0.00018256073,0.00013125289,788,validation
0.0029211051,0.0013558347,0.98942494,0.00023383362,0.0011395386,0.00066546333,0.003796651,0.00046264197,789,validation
0.00012643711,0.0002354193,0.997863,0.00016374137,0.0003164519,9.3091265e-05,0.0011467793,5.5152697e-05,790,validation
0.9973888,0.00040743742,7.247325e-05,5.7309276e-06,0.0008246816,0.0005366864,0.0007384782,2.5732044e-05,791,validation
0.00014298662,0.00037282813,0.9974254,0.00020152406,0.0003937752,0.00011017804,0.0012698066,8.357717e-05,792,validation
0.0004094061,0.00060574163,0.9967782,0.00012543984,0.00047087765,0.00022596489,0.0012362993,0.00014817655,793,validation
0.00089311146,0.0007869603,0.0011895695,4.1724534e-06,0.0005154376,0.00021023036,0.002182619,0.9942179,794,validation
0.00025986065,0.00045445043,0.9970265,0.00012877745,0.00037810765,0.00017237932,0.0014792237,0.00010061656,795,validation
0.00012492127,0.00036660177,0.9977865,0.00014118924,0.00035205064,0.00011112783,0.001036055,8.1574304e-05,796,validation
0.99790984,0.0003641873,4.1561238e-05,4.8908396e-06,0.0006745241,0.0004999408,0.00048675653,1.8307666e-05,797,validation
0.000101897014,0.00030964313,0.9978313,0.00014708166,0.0003469572,0.0001003806,0.0011009418,6.187243e-05,798,validation
0.00010850825,0.00032404155,0.9978381,0.00016246182,0.00034113153,9.326747e-05,0.001064531,6.803119e-05,799,validation
0.00017638091,0.00039396778,0.997468,0.00017593773,0.00037442663,0.00011146718,0.0012051403,9.47552e-05,800,validation
0.00020340696,8.4606e-08,3.124024e-05,2.2639346e-05,2.6972189e-06,9.082753e-08,0.9997011,3.8828453e-05,801,validation
0.9978491,0.0003482196,3.8751714e-05,5.310947e-06,0.000818217,0.0004137786,0.0005088503,1.776711e-05,802,validation
0.00016084894,0.00035053538,0.99754685,0.00016453699,0.00042186736,0.00012414907,0.0011622981,6.891483e-05,803,validation
0.0001327613,0.0003542039,0.9977198,0.00015897042,0.00033203544,0.00011101502,0.0011184961,7.270294e-05,804,validation
0.9972741,0.00067590835,9.362324e-05,3.835358e-06,0.0010557098,0.0005177993,0.0003581734,2.0898018e-05,805,validation
0.00019285803,0.00028160485,0.99685234,0.00036278428,0.00044765315,0.00015227705,0.0016438301,6.669268e-05,806,validation
0.010903833,0.9706444,0.0054773483,1.4444107e-05,0.0026408234,0.0011130504,0.00034438528,0.008861769,807,validation
0.00016176718,0.00034795384,0.9975089,0.00017741084,0.00035569357,0.0001281737,0.0012283893,9.169644e-05,808,validation
0.9973042,0.00031784733,4.2203832e-05,1.0938206e-05,0.0010593658,0.00037285427,0.0008710326,2.161409e-05,809,validation
0.00015296746,0.00035145073,0.9977087,0.00014535207,0.00031580907,0.00013475394,0.0011084267,8.254982e-05,810,validation
0.3949752,0.0146608325,0.46363923,0.0008498958,0.0124164475,0.063411064,0.044776157,0.005271201,811,validation
0.99707496,0.00038871967,6.166783e-05,6.4884384e-06,0.0014788471,0.00042059628,0.00055109616,1.7687671e-05,812,validation
0.99786276,0.0002650143,3.5014677e-05,6.342604e-06,0.00091443316,0.00036022541,0.0005420941,1.4143512e-05,813,validation
0.00012371322,0.00030979243,0.99771655,0.00016421115,0.00032225947,0.00010597001,0.0011900477,6.737926e-05,814,validation
0.9977447,0.00034043877,3.6224967e-05,6.873816e-06,0.000991426,0.0003545415,0.00051191886,1.38830255e-05,815,validation
0.00015517736,0.00038146952,0.99729806,0.0002014311,0.00049266824,0.00014581444,0.0012465708,7.887982e-05,816,validation
0.0031341643,0.0021920176,0.0013456162,1.7916149e-05,0.0012015486,0.00070256705,0.0035487902,0.98785734,817,validation
0.0002369843,6.634451e-08,2.9004967e-05,1.3794008e-05,1.4754498e-06,1.451742e-07,0.9996675,5.105904e-05,818,validation
0.00017994107,0.0003649124,0.9976051,0.00015608077,0.00035985585,0.00012569917,0.001129097,7.9396785e-05,819,validation
0.0001350258,0.00040605725,0.99771464,0.00014609755,0.00034125024,0.00012049997,0.0010401626,9.623987e-05,820,validation
0.0019705798,0.0021452599,0.9865146,0.0004189505,0.0028218061,0.00088978175,0.0046204124,0.00061849976,821,validation
0.00017202873,0.0003800765,0.9973707,0.00019331602,0.00039190592,0.00010809457,0.001287989,9.5913085e-05,822,validation
0.0022496027,0.0014270627,0.00089107925,1.0056034e-05,0.00053281867,0.0005388979,0.003951543,0.9903989,823,validation
0.00100089,0.0007707598,0.99346924,0.00018598897,0.00080942083,0.00040533944,0.0031167693,0.00024160038,824,validation
0.00014414116,0.00040005165,0.9976077,0.00016488822,0.0003861834,0.00012247975,0.0010872675,8.7249704e-05,825,validation
0.99689317,0.00061480387,9.945096e-05,8.650768e-06,0.0009842952,0.00080069853,0.0005664322,3.2485288e-05,826,validation
0.0019540451,0.00015562457,0.00044315372,3.4445533e-05,0.99704933,6.0932296e-05,0.00020364259,9.874305e-05,827,validation
0.015553107,0.9687612,0.005383898,1.7167657e-05,0.002993486,0.0010755695,0.00054680405,0.0056687454,828,validation
0.00017211618,0.0004946986,0.99695045,0.00023276483,0.00041294962,0.00014954581,0.0014771536,0.00011032855,829,validation
0.00014743902,0.0003676015,0.9975968,0.00014097258,0.00036859108,9.8157885e-05,0.0012164208,6.40351e-05,830,validation
0.00014041904,0.0004276668,0.99762124,0.00014144763,0.00037505012,0.000116144234,0.0010766954,0.00010130319,831,validation
0.9976413,0.0003356037,4.9589475e-05,5.810109e-06,0.0010028853,0.00042613602,0.0005238994,1.4799042e-05,832,validation
0.9951605,0.0006559127,0.00018528817,1.1420079e-05,0.0017585119,0.00097478443,0.0011747956,7.873388e-05,833,validation
0.0016096779,0.0036545547,0.9768514,0.0009482204,0.0032863135,0.0015276964,0.0097707035,0.0023513597,834,validation
0.00034698634,0.0004385938,0.99658173,9.49849e-05,0.00039530193,0.00019009094,0.0018095187,0.0001428977,835,validation
0.9898329,0.0016727269,0.0016452466,3.0466776e-05,0.0018035618,0.0028224871,0.0019894713,0.00020314717,836,validation
0.00278781,0.001248548,0.98926044,0.00030927497,0.0014585456,0.0005919082,0.003940716,0.000402686,837,validation
0.0023169352,0.002551906,0.0019173679,2.283624e-05,0.0009898779,0.0018274448,0.003056742,0.98731685,838,validation
0.00010814909,0.0003996124,0.9978605,0.00011019047,0.00035257987,0.0001152855,0.00096768205,8.601077e-05,839,validation
0.00022115895,0.00047224693,0.99708694,0.00014648333,0.00031403304,0.00016496314,0.001447167,0.00014702509,840,validation
0.99823475,0.00029992298,8.1739934e-05,3.858745e-06,0.00053515314,0.00048205367,0.00034665622,1.580419e-05,841,validation
0.99391794,0.000983655,0.00017487725,2.3351793e-05,0.0017865135,0.002199954,0.0008318196,8.187364e-05,842,validation
0.99861896,0.00020903113,3.8553942e-05,3.1808638e-06,0.0005672964,0.00030304902,0.00025146778,8.585254e-06,843,validation
0.015519208,0.9545177,0.008833252,2.5370397e-05,0.002161517,0.0027258259,0.00042224236,0.015794976,844,validation
0.015408257,0.9635871,0.007597519,1.5490743e-05,0.002262665,0.0015074704,0.00044090176,0.009180685,845,validation
0.00017016826,0.00051481184,0.99756694,0.0001288759,0.0003074824,0.00015896151,0.0010507852,0.00010195428,846,validation
0.9986808,0.00018063364,5.101068e-05,2.2194977e-06,0.0004602039,0.00029878772,0.00031684354,9.4455445e-06,847,validation
0.6571106,0.018614603,0.22615097,0.0016684872,0.012606119,0.030984288,0.044318706,0.008546305,848,validation
0.00018960895,0.00038462528,0.9978502,0.00010239616,0.0002162845,0.00013803806,0.0010101093,0.0001088161,849,validation
0.0003412174,0.0005721765,0.9962567,0.00021284305,0.00053303986,0.00017357768,0.0018269478,8.3564795e-05,850,validation
0.0003433229,0.0003908916,0.9973189,0.00013465389,0.00028149175,0.00014977896,0.0012934906,8.748345e-05,851,validation
0.0002117197,0.00043069845,0.9977506,0.00014165472,0.00027201115,0.000115490904,0.0009954475,8.240384e-05,852,validation
0.99740356,0.0005769837,0.0001477436,4.0951218e-06,0.000875693,0.00055172725,0.00041396616,2.6273732e-05,853,validation
0.00041416,0.00054666674,0.99632406,0.00014616549,0.00033102874,0.00018639324,0.0019138516,0.0001376538,854,validation
0.00031372355,0.0004416958,0.997127,0.00015067485,0.00031771843,0.00016130603,0.0013864044,0.000101396,855,validation
0.00021846582,0.0004388018,0.997431,0.00012865303,0.00027132512,0.00015702538,0.0012592197,9.55452e-05,856,validation
0.9761643,0.0031472119,0.008744557,6.978061e-05,0.003980534,0.003535178,0.0040602684,0.00029836202,857,validation
0.99780506,0.00028498482,6.7089124e-05,6.7832225e-06,0.00079971796,0.0005233527,0.0004956646,1.743343e-05,858,validation
0.015262498,0.96596545,0.0074941455,1.17235195e-05,0.0017434824,0.0014094127,0.0003236222,0.007789617,859,validation
0.00026830926,0.00041559245,0.99717474,0.00017486546,0.0002949241,0.00017345253,0.0014158944,8.2212835e-05,860,validation
0.0027188167,1.2766812e-05,0.00074703817,0.0001501766,0.00011970679,1.1690485e-05,0.9937065,0.0025333085,861,validation
0.00017154432,0.00043872604,0.9979742,8.895707e-05,0.00022345662,0.00012566055,0.00088212715,9.529812e-05,862,validation
0.00063630077,0.0006628624,0.99558073,0.00014017074,0.00034694723,0.00028990005,0.0022011832,0.00014179814,863,validation
0.00468071,0.0016451651,0.0010795838,0.00031199658,0.0014926345,0.988789,0.00064279715,0.0013581949,864,validation
0.0020404505,5.1031843e-06,0.0002094994,6.909782e-05,4.6816032e-05,3.4728548e-06,0.996761,0.0008646113,865,validation
0.00035911484,0.0003830193,0.9972978,0.00014094175,0.00029833073,0.00015217318,0.0012843017,8.429462e-05,866,validation
0.000290386,0.0003557631,0.9975331,0.00013934135,0.00026511075,0.00014715752,0.001188833,8.0392725e-05,867,validation
0.00025726334,0.000533932,0.9973001,0.00013730187,0.0003125657,0.00016296653,0.0011894307,0.00010643655,868,validation
0.00025802094,0.00033820682,0.99760854,0.00015364683,0.0002715295,0.00016387113,0.0011361309,7.001188e-05,869,validation
0.00026916817,0.0003613523,0.997566,0.00012819692,0.00024328452,0.00013881487,0.0012029569,9.0320886e-05,870,validation
0.9981838,0.00029866866,4.802964e-05,3.1534419e-06,0.0006690297,0.000487252,0.00029782817,1.2253708e-05,871,validation
0.9970583,0.0004596234,0.00011474613,5.551579e-06,0.0012293564,0.0005886294,0.00050718203,3.661101e-05,872,validation
0.95086294,0.0069107637,0.011338091,0.00037015515,0.008242549,0.013545145,0.0073814467,0.0013488135,873,validation
0.03478443,0.0056234025,0.012284965,0.00018734917,0.0030453727,0.9312302,0.002064748,0.0107795205,874,validation
0.0005686479,0.0006117414,0.0008975241,1.301895e-06,0.00022239806,0.00013988333,0.0012409835,0.9963175,875,validation
0.0001615812,0.00039709033,0.9979596,0.00011562431,0.00020668481,0.00013211854,0.00093821896,8.902858e-05,876,validation
0.00018857198,0.000362526,0.997945,0.000108323315,0.0002169157,0.00013743942,0.00096617977,7.5006676e-05,877,validation
0.025331218,0.026518583,0.92509717,0.0005302181,0.0075579872,0.005305786,0.006057006,0.0036020053,878,validation
0.00022502603,0.0003816349,0.9976,0.000119252785,0.00022916948,0.00013331333,0.0012350305,7.660171e-05,879,validation
0.0019001996,5.219629e-06,0.00032031315,0.000102235004,5.6183184e-05,5.827539e-06,0.9964736,0.001136482,880,validation
0.00017494416,0.00044876084,0.9977691,0.00011061974,0.00021024072,0.00016004662,0.0010113328,0.000115007344,881,validation
0.00022716829,0.00041197438,0.99742705,0.00012286745,0.00030049737,0.0001395638,0.0012758216,9.507182e-05,882,validation
0.9983078,0.00025321278,6.442849e-05,3.2155679e-06,0.00052905985,0.0003644199,0.00046046436,1.7229473e-05,883,validation
0.9986304,0.00017313696,3.3406282e-05,3.606836e-06,0.00056797254,0.00025394352,0.00033027242,7.305247e-06,884,validation
0.0005493014,0.00067208044,0.9950303,0.00016045372,0.00050932186,0.00022164754,0.0027341289,0.00012274123,885,validation
0.9986822,0.00022116554,4.611858e-05,2.239799e-06,0.00039097862,0.00033491576,0.00031093566,1.1478169e-05,886,validation
0.0073229223,0.00025567287,0.0014577954,0.00060936506,0.9868581,0.0026933465,0.0006403674,0.00016241409,887,validation
0.72205013,0.009705864,0.2348088,0.00032973304,0.008876118,0.0078021213,0.014888031,0.0015391472,888,validation
0.9982016,0.0002680546,7.561671e-05,2.9836565e-06,0.0005723291,0.00046711223,0.00040008547,1.2092628e-05,889,validation
0.9984665,0.00022339592,3.8337395e-05,3.0987806e-06,0.0006781404,0.0003105517,0.000269952,1.01299165e-05,890,validation
0.0007550879,0.00074153254,0.9954066,0.00015463024,0.00041183506,0.00032077433,0.0020886993,0.0001208243,891,validation
0.016012724,0.9631671,0.008080231,1.6262682e-05,0.002159412,0.0016597891,0.0004461248,0.0084583955,892,validation
0.0038842412,2.4972267e-05,0.000683192,0.0004671861,0.00020285734,2.9644725e-05,0.99099636,0.0037114318,893,validation
0.00016976091,0.00042579023,0.9978332,0.000103575425,0.00020478539,0.00016205962,0.0009879825,0.000112827474,894,validation
0.9933322,0.0008809617,0.0012182189,1.7885563e-05,0.0015753683,0.0010465292,0.0018448437,8.395184e-05,895,validation
0.0006909456,0.00092699856,0.9942697,0.00038735772,0.0006070428,0.0004081377,0.0025305261,0.00017920166,896,validation
0.00042842884,0.00060170447,0.99654514,0.0001364085,0.00034708253,0.00018651145,0.0016260155,0.00012873825,897,validation
0.003026025,0.00034873438,0.00044920555,7.3421994e-05,0.00076995994,0.99495655,0.00024081748,0.00013531781,898,validation
0.00027074895,0.00037075684,0.9974101,0.00015477178,0.00026656355,0.00013561244,0.0013059905,8.549218e-05,899,validation
0.00082300487,0.0007663531,0.99525356,0.00011792109,0.000581586,0.00039439485,0.0019197472,0.00014336707,900,validation
0.00017757587,0.0004193249,0.99793893,0.00010307063,0.00023307919,0.00013799952,0.00089481584,9.5086776e-05,901,validation
0.014349512,0.9635787,0.0076206084,1.5187631e-05,0.0021059983,0.0015160196,0.0003660942,0.010447853,902,validation
0.00018427426,0.00038687294,0.9976743,0.00014086645,0.00022758068,0.00014062955,0.0011524713,9.3053255e-05,903,validation
0.00021733504,0.00040845352,0.9976616,0.00013094067,0.00023767546,0.00016757904,0.0010788614,9.757578e-05,904,validation
0.99848783,0.00022666482,6.580778e-05,2.7905494e-06,0.0004630774,0.00038720854,0.00035397336,1.2701951e-05,905,validation
0.00023336153,0.00036144617,0.99772805,0.00014339563,0.00029833845,0.00014702887,0.0010163983,7.1989794e-05,906,validation
0.002287989,0.0009325319,0.99011856,0.00015032277,0.0010484467,0.0004007812,0.0047343853,0.00032711527,907,validation
0.99863976,0.00022417145,3.7291535e-05,2.1158708e-06,0.0005627528,0.00027094732,0.00025568783,7.263308e-06,908,validation
0.9985581,0.00023693923,6.0778886e-05,3.1255197e-06,0.00045966468,0.00036406727,0.0003049212,1.2408348e-05,909,validation
0.995426,0.0007492134,0.00054526405,1.0869069e-05,0.00127278,0.0010660195,0.0008737159,5.6175195e-05,910,validation
0.00018557617,0.00041402565,0.9977391,0.00012077605,0.00022735682,0.00012995892,0.0010897132,9.346469e-05,911,validation
0.99868363,0.00018131243,3.484503e-05,3.2181622e-06,0.0004812574,0.00028681074,0.00032068387,8.358119e-06,912,validation
0.00025847903,0.00034835783,0.99761534,0.00013902126,0.00026126293,0.00014384906,0.0011648335,6.89258e-05,913,validation
0.0002434974,0.00051815243,0.99652964,0.00030117907,0.0005034319,0.00017790812,0.0016421285,8.4077365e-05,914,validation
0.99874926,0.00016883969,2.9098122e-05,3.12248e-06,0.00047085047,0.0002961079,0.00027522616,7.4307454e-06,915,validation
0.0004009297,1.2438815e-05,8.448599e-05,9.9971e-06,0.9994361,6.7061183e-06,3.0612402e-05,1.8811774e-05,916,validation
0.00039776083,0.00056295656,0.9966185,0.00018412175,0.00059239654,0.00019436379,0.001380045,6.97863e-05,917,validation
0.00014438672,0.00048409178,0.9975248,0.0001336434,0.0003052795,0.00014770534,0.0011640955,9.609601e-05,918,validation
0.00023913152,0.0005724335,0.99603134,0.00029395282,0.00041898363,0.00019660802,0.00212746,0.00012003367,919,validation
0.00040238883,0.0007988641,0.9953955,0.00014750367,0.0009818936,0.00027596735,0.0018185287,0.00017941551,920,validation
0.9980627,0.0003402413,5.387143e-05,4.1903827e-06,0.00066192035,0.00044888176,0.0004038913,2.4379187e-05,921,validation
0.0054451497,0.0005161912,0.0022589392,0.00021930072,0.99010944,0.00078011636,0.00045157486,0.00021916983,922,validation
0.9985967,0.00019242599,4.0194634e-05,3.4397165e-06,0.0005621042,0.0002654795,0.000330776,8.874466e-06,923,validation
0.00020211155,0.00042406315,0.9976407,0.00012123854,0.00022430242,0.00012716043,0.0011683834,9.215877e-05,924,validation
0.015630197,0.9624739,0.008378334,1.6378266e-05,0.0020910779,0.0016249184,0.0003888681,0.009396304,925,validation
0.002728695,0.0011834566,0.99015325,0.00020249115,0.0010022902,0.00056916167,0.0038231825,0.0003375052,926,validation
0.99690753,0.00052839273,0.00017215162,7.448288e-06,0.00068480615,0.0011155101,0.0005403527,4.386868e-05,927,validation
0.00033896437,0.000469216,0.9969908,0.00013535713,0.00039318492,0.00018095746,0.0014075291,8.3959436e-05,928,validation
0.0050450503,0.0019345944,0.0013995498,0.000246831,0.0014767529,0.9879793,0.00062613195,0.0012917871,929,validation
0.00020573856,0.0004314781,0.99754035,0.00012916913,0.00029683704,0.00017269744,0.0011208365,0.000102991835,930,validation
0.99793017,0.0002913945,6.2451065e-05,4.01352e-06,0.0008920567,0.00034840914,0.0004591091,1.2322491e-05,931,validation
0.00025214127,0.00033622317,0.9975764,0.0001343228,0.000221805,0.00012539179,0.0012620334,9.1720314e-05,932,validation
0.025184507,0.002001131,0.006406035,0.0027258524,0.06393035,0.8955307,0.003645507,0.00057584554,933,validation
0.99865144,0.0001749942,3.3475553e-05,3.8877806e-06,0.000535865,0.0002729816,0.00031979402,7.66884e-06,934,validation
0.017887134,0.96178854,0.009705257,1.722301e-05,0.001985588,0.0012928622,0.00043654995,0.006886879,935,validation
0.00049325987,0.0006000396,0.99638486,0.00010211472,0.00032793844,0.00018728864,0.0017875724,0.00011679721,936,validation
0.0009320005,0.0006670892,0.994639,0.00015683392,0.00042357924,0.00041242386,0.0025987988,0.00017020605,937,validation
0.00034509387,0.00063168997,0.9967127,0.0001931555,0.00056079094,0.00017743887,0.0013100923,6.910337e-05,938,validation
0.00022182996,0.0003689282,0.9976706,0.00011365451,0.00026583395,0.00015443972,0.001115203,8.949955e-05,939,validation
0.00016895832,0.00039169402,0.9980519,9.358427e-05,0.00019944318,0.0001281178,0.0008642,0.000102133024,940,validation
0.9951303,0.0010859179,0.0005458941,6.295171e-06,0.0015100221,0.0011178215,0.0005643778,3.937545e-05,941,validation
0.00022015498,0.00045598776,0.99745697,0.00016441174,0.00033251574,0.00017302061,0.0010937973,0.0001031889,942,validation
0.00043142808,0.0004062419,0.00062312227,6.4952195e-07,0.00014238762,9.317585e-05,0.0009858338,0.99731714,943,validation
0.9919694,0.0013307782,0.0012173896,1.4181394e-05,0.0026081838,0.0015579333,0.0012262879,7.593024e-05,944,validation
0.99856514,0.00021139097,3.4377892e-05,3.386556e-06,0.0006093761,0.00027802325,0.0002897407,8.56166e-06,945,validation
0.00045507622,0.0004918858,0.9963748,0.00021764442,0.00046935334,0.00018671053,0.001669767,0.00013476155,946,validation
0.012299745,0.96023476,0.0080388,1.8889e-05,0.002349287,0.0021895352,0.0003517645,0.014517182,947,validation
0.015416789,0.965808,0.0074511305,1.2591061e-05,0.0019138111,0.0012607872,0.00036181067,0.007775134,948,validation
0.9986681,0.00019700706,2.9868575e-05,2.7706324e-06,0.000562131,0.00029753137,0.0002356978,6.9165385e-06,949,validation
0.998599,0.00023463617,4.732597e-05,3.0189833e-06,0.0004997873,0.0003091458,0.0002973755,9.703294e-06,950,validation
0.00042577775,0.0005848501,0.99614245,0.00012638955,0.00039974475,0.00020350996,0.0019600405,0.00015725534,951,validation
0.99855894,0.00019384503,4.5183268e-05,2.9040755e-06,0.0006414189,0.00029251474,0.00025833768,6.8574227e-06,952,validation
0.014358964,0.0024252972,0.96198386,0.0004007987,0.0031705378,0.0036311399,0.012016217,0.0020131657,953,validation
0.00015636523,0.0004443323,0.9976948,0.00016475958,0.00029931997,0.00013302221,0.0010231179,8.434628e-05,954,validation
0.9982839,0.0002650751,5.7425765e-05,3.9470992e-06,0.00063723826,0.00038606176,0.0003544853,1.1793575e-05,955,validation
0.00022555931,0.00042603287,0.99762195,0.00013403784,0.000285922,0.00014507106,0.0010734256,8.8024455e-05,956,validation
0.00025585858,0.00046346642,0.99776304,6.8760244e-05,0.00021857773,0.00019306056,0.0009220088,0.00011521577,957,validation
0.00023037725,0.000445118,0.99783665,0.000116210525,0.00023589087,0.00014778224,0.00089962763,8.834855e-05,958,validation
0.00060364656,0.0006593901,0.9956072,0.0002649231,0.0006233443,0.0002077433,0.0019412306,9.250981e-05,959,validation
0.8119651,0.02325256,0.06776047,0.0014937194,0.016763974,0.04976878,0.02339651,0.0055988706,960,validation
0.001173636,0.00018612116,0.00015450292,1.4866387e-05,0.00027631602,0.9980788,4.879375e-05,6.699888e-05,961,validation
0.9984138,0.00017529946,1.7807128e-05,2.5960503e-06,0.0010361776,0.00023997683,0.00010921512,5.1535158e-06,962,validation
0.000139484,0.0004048908,0.99826944,9.6139505e-05,0.00038701535,0.00010733947,0.00051288,8.279196e-05,963,validation
0.00018748372,0.0003479347,0.99823254,0.00010548887,0.000392296,0.000111250585,0.00056143646,6.158154e-05,964,validation
0.00016671862,0.00032309754,0.99829,0.00012809191,0.0004055273,0.000109400266,0.00052727683,4.9811566e-05,965,validation
0.000146044,0.00029778882,0.99837,0.00011659621,0.00038547948,8.737019e-05,0.0005433626,5.3400323e-05,966,validation
0.000130366,0.00044829902,0.99810684,0.000114748895,0.00045969628,0.00010414977,0.0005540716,8.180042e-05,967,validation
0.99846965,0.0002007618,2.0925765e-05,2.7115707e-06,0.0008111225,0.00036849512,0.00011726605,8.958553e-06,968,validation
0.010703285,0.014489405,0.0107505685,6.698826e-05,0.004127948,0.0041573183,0.010272249,0.9454323,969,validation
0.00024362681,0.00042653497,0.99764144,0.0001568563,0.00048123585,0.00018111577,0.0007803914,8.876955e-05,970,validation
0.008689546,0.98128784,0.0038058928,4.0607083e-06,0.0014053718,0.0006144397,0.00010069649,0.004092007,971,validation
0.9976809,0.0002836615,2.6859336e-05,3.4527973e-06,0.0015097035,0.00039481308,9.323242e-05,7.2417124e-06,972,validation
0.0005050297,0.000893171,0.99306047,0.0006197389,0.0018873689,0.0005238276,0.0023432781,0.00016719224,973,validation
0.9953172,0.0005447868,0.000116154246,9.975668e-06,0.0013753203,0.0020339198,0.0005432187,5.9516646e-05,974,validation
0.0005377704,0.0031250957,0.9945628,4.010139e-05,0.00076783996,0.0003344526,0.00042574966,0.00020626986,975,validation
0.0047891997,2.1239443e-05,0.0003707501,0.0004917924,0.0002492955,2.8558943e-05,0.9917881,0.0022610587,976,validation
0.00014838263,0.0004933796,0.9980282,0.0001127081,0.00044778944,0.00012500159,0.0005624918,8.1953105e-05,977,validation
0.00014259868,0.00038702224,0.99836403,8.752286e-05,0.0003483918,0.00010024702,0.00048377577,8.646566e-05,978,validation
0.00015253201,0.00043268516,0.9980434,0.00013093447,0.00044339063,0.00010654139,0.00061020924,8.020046e-05,979,validation
0.9985145,0.00018860798,2.9841947e-05,3.1396298e-06,0.00060884736,0.00048345616,0.00016111786,1.0574013e-05,980,validation
0.0001723833,0.0004346383,0.9971987,0.00016427561,0.000927763,9.610327e-05,0.0009387561,6.732253e-05,981,validation
0.0040372885,0.0025456606,0.0019513993,1.7963175e-05,0.0007215814,0.0014421735,0.0034145575,0.9858693,982,validation
0.0021220464,0.0009720108,0.0016396231,5.699051e-06,0.0005495783,0.00034500496,0.0032340423,0.99113196,983,validation
0.00013101571,0.0003576365,0.99823606,0.00012021323,0.0003915661,0.00011050845,0.00057212316,8.083906e-05,984,validation
0.0001430643,0.00045337927,0.9977494,0.00016167447,0.00054564927,0.00012326565,0.0007398944,8.3719766e-05,985,validation
0.00015694727,0.00037466912,0.9982029,0.000111832116,0.000425515,0.00010524869,0.00054952415,7.3356474e-05,986,validation
0.00014762343,0.00034859785,0.99816173,0.00013653768,0.00047055085,0.00010509219,0.00057334086,5.664824e-05,987,validation
0.0001838758,0.00047669042,0.9980427,8.5782754e-05,0.00044228442,0.00011887708,0.00056007336,8.970146e-05,988,validation
0.0003484012,0.00062682887,0.99667287,0.00012795275,0.0007106987,0.00022352522,0.001155144,0.00013462982,989,validation
0.9978661,0.00032979372,6.561626e-05,2.6681137e-06,0.0010800061,0.00048413064,0.00015931594,1.2354658e-05,990,validation
0.00012222501,0.0003953381,0.9981768,0.00011532864,0.0003876993,9.339964e-05,0.00063459773,7.472192e-05,991,validation
0.001840839,0.00013003536,0.022885757,0.9243587,0.004110751,0.0012779533,0.044901814,0.000494049,992,validation
0.9976254,0.00023814513,3.9945084e-05,7.171902e-06,0.0013614942,0.00045810244,0.0002564714,1.3313651e-05,993,validation
0.00018268001,0.00053082185,0.99786633,0.00012376625,0.00051002536,0.00011691186,0.000582427,8.706831e-05,994,validation
0.00018894779,0.00050193444,0.9976706,0.00014523469,0.0005831116,0.00012933109,0.00069146993,8.931775e-05,995,validation
0.010416478,0.006709784,0.0073153498,0.00024714266,0.0074664825,0.013209673,0.012548326,0.94208664,996,validation
0.0001513533,0.00037530912,0.99819165,0.000113069254,0.00043035985,9.9366385e-05,0.0005662739,7.256612e-05,997,validation
0.9978618,0.0002467763,6.837344e-05,4.346779e-06,0.0008578716,0.00071074226,0.00023540128,1.4619554e-05,998,validation
0.00016579304,0.00048427322,0.9978897,0.00017223117,0.00055188796,0.0001171492,0.000540193,7.8740915e-05,999,validation
0.00015395677,0.00027737336,0.9984195,0.000111589696,0.0003456334,8.15316e-05,0.000553107,5.7404435e-05,1000,validation
0.003211309,7.792009e-06,0.00031202342,0.00013150535,0.00010132168,1.0880732e-05,0.99445194,0.0017732579,1001,validation
0.9984835,0.00019353835,2.6765982e-05,3.1446054e-06,0.00079170964,0.00037105696,0.00012237467,7.9784595e-06,1002,validation
0.9964598,0.0006660579,8.484107e-05,5.511962e-06,0.0013278769,0.0010488655,0.00034326196,6.3779255e-05,1003,validation
0.9944508,0.0005460132,9.808396e-05,8.298204e-06,0.003663449,0.0010207146,0.00018260491,2.9960256e-05,1004,validation
0.00016025908,0.0004967806,0.99777776,0.0001607279,0.00059501326,0.00010509967,0.0006222159,8.207636e-05,1005,validation
0.9955715,0.0010896036,0.00023143798,5.36613e-06,0.0014379442,0.0014016263,0.00021807812,4.4413344e-05,1006,validation
0.00014254214,0.0005597997,0.99765503,0.00019494465,0.00063544814,0.00010403693,0.0006500581,5.8051464e-05,1007,validation
0.99838936,0.00024230347,2.5887666e-05,2.3586963e-06,0.00092614774,0.0003135027,9.31044e-05,7.2685666e-06,1008,validation
