0,1,2,3,4,5,6,7,identifier,split
0.9901502,2.332754e-05,0.0027920331,0.001265175,9.552533e-05,0.00075793307,0.0008181248,0.004097791,0,test
0.9916414,2.7386948e-05,0.0018872663,0.00079173787,0.00012534659,0.00048064927,0.00057615736,0.004470089,1,test
0.001717803,0.008185334,0.013334757,0.0067247613,0.011440437,0.95227355,0.003610445,0.0027129531,2,test
0.009075143,0.035497975,0.09701446,0.001427208,0.10203911,0.7447837,0.008236192,0.0019261914,3,test
0.98370564,9.1904e-05,0.003458718,0.0017912867,0.0003700744,0.0012871553,0.0014629771,0.007832224,4,test
0.003481471,0.00036471427,0.98667604,0.0007197438,0.0019245862,0.0060540363,0.00013006646,0.000649342,5,test
0.0035434822,0.0006088711,0.9848125,0.00059530494,0.0018525318,0.0075552487,0.00024356169,0.00078847114,6,test
0.0036702063,0.0010452857,0.98215187,0.0010015864,0.0019733366,0.00865461,0.00028975218,0.0012133544,7,test
0.9501268,0.0008586542,0.009684697,0.0059854323,0.0009914082,0.003957148,0.006773431,0.021622429,8,test
0.003691314,0.00045814805,0.9870705,0.0005910923,0.0024676034,0.004949318,0.00013507926,0.00063696096,9,test
0.0040989993,0.0003166285,0.9853603,0.0007172803,0.0023227672,0.0064219125,0.00012224462,0.0006398602,10,test
0.005143849,0.00096860534,0.9834999,0.0005401604,0.0022632547,0.005795142,0.00040976264,0.0013792494,11,test
0.9854702,6.146786e-05,0.0020955591,0.0010342664,0.00022634113,0.0005841705,0.0011018385,0.009426156,12,test
0.9890547,4.4180008e-05,0.002894695,0.0007845031,0.00025556303,0.0008912942,0.0005782536,0.005496761,13,test
0.004223125,0.00033655722,0.98638064,0.0004566997,0.0023116013,0.0055212025,0.00014690889,0.0006233201,14,test
0.0035873326,0.0005486939,0.98633647,0.0006422833,0.002386759,0.0054962244,0.00020015538,0.0008021034,15,test
0.0041343276,0.0014526115,0.9808266,0.00098064,0.002251349,0.0084351795,0.00040476175,0.0015144276,16,test
0.0036177165,0.00022715639,0.99106205,0.00025656522,0.0011327845,0.0032829451,0.000115995346,0.00030483917,17,test
0.9708563,0.00050067634,0.0067179436,0.0017831295,0.0014756,0.0028003755,0.0026934866,0.013172497,18,test
0.015335194,0.035372112,0.28587472,0.0066620563,0.46479782,0.16743495,0.012641499,0.011881661,19,test
0.98374385,0.00011198411,0.002818305,0.0012373185,0.00047464564,0.0010419509,0.0014054363,0.009166519,20,test
0.055436835,0.013265142,0.7769166,0.017077493,0.048684813,0.068364516,0.0028479334,0.017406642,21,test
0.9924654,1.5505932e-05,0.0027876683,0.000501029,9.58065e-05,0.00048122005,0.00054954115,0.0031038094,22,test
0.0052249385,0.0002496152,0.9851034,0.00066069415,0.0022765088,0.005802175,0.0001093385,0.00057333277,23,test
0.008530824,0.002955589,0.004560114,0.0069196913,0.0010750329,0.0008299077,0.0077135423,0.9674152,24,test
0.002866621,0.00043367883,0.9867078,0.00056651747,0.0009635547,0.0075365533,0.00012488985,0.00080024963,25,test
0.003134083,0.00052243256,0.98796403,0.00058009406,0.0015283574,0.005459894,0.00018540972,0.00062568474,26,test
0.0032952586,0.00041478238,0.9842241,0.00078848866,0.0014857195,0.00900774,0.00012615096,0.00065777765,27,test
0.0032384417,0.00058657635,0.9860677,0.000566911,0.0015763612,0.0071931067,0.0001778943,0.0005930822,28,test
0.0024841253,0.00040945678,0.9904698,0.00036784026,0.0010238831,0.004753154,0.00013449386,0.00035726026,29,test
0.99271107,2.1681592e-05,0.0014366886,0.0009475749,9.914336e-05,0.00041717596,0.00064519636,0.0037214488,30,test
0.004003178,0.0006115914,0.9847831,0.00065504323,0.0017289877,0.00712705,0.0002518701,0.00083917927,31,test
0.0005257323,0.0006711005,3.670187e-05,0.00018501515,0.00031512984,4.7998317e-05,0.997865,0.000353276,32,test
0.0053445357,0.0019595546,0.967292,0.0021493195,0.002755276,0.017993532,0.0004264798,0.0020791218,33,test
0.0029213112,0.00035910506,0.98764837,0.0006093406,0.00135166,0.0064252545,0.00012145733,0.0005634697,34,test
0.0035182845,0.00039699193,0.98847824,0.00039080755,0.0013898434,0.0052042194,0.0001560343,0.00046563335,35,test
0.0035584904,0.00028357966,0.9896898,0.0004699394,0.0013763977,0.0040649474,0.00010486256,0.00045193976,36,test
0.0036908232,0.00020496898,0.99021685,0.0003091768,0.0015728886,0.003571036,0.00011642251,0.00031789966,37,test
0.0034149564,0.00035623045,0.9878014,0.00053621794,0.0018388274,0.0052200947,0.00013536685,0.0006968996,38,test
0.98920935,4.1215186e-05,0.0020250573,0.00072957773,0.00020873526,0.00052656815,0.00092198286,0.006337566,39,test
0.9853088,5.5312517e-05,0.0027760267,0.0018466647,0.00021510164,0.00071458693,0.0008372808,0.008246164,40,test
0.9908516,2.8098819e-05,0.0018596237,0.0009968021,0.00013144463,0.0005333246,0.00067759247,0.0049215406,41,test
0.0024733448,0.0004388172,0.99009925,0.0003554057,0.0011107695,0.0049643363,0.00013227314,0.00042575327,42,test
0.0047208657,0.0013713515,0.9762105,0.0013201358,0.0029286717,0.01159,0.00048755715,0.0013708192,43,test
0.98897296,3.082804e-05,0.0018860988,0.001666557,0.00010617226,0.0006457741,0.00059418665,0.0060973526,44,test
0.004393065,0.00026367564,0.98655427,0.00059414725,0.0018587594,0.0057780864,0.000114212664,0.0004437384,45,test
0.0036734177,0.00072902907,0.98485315,0.00080466503,0.0015469295,0.0074671726,0.00025170218,0.00067384436,46,test
0.014237021,0.00408121,0.0035830424,0.012746081,0.00069751195,0.0033612254,0.0068987207,0.95439523,47,test
0.9895752,4.442043e-05,0.0019543248,0.0012784802,0.00017885529,0.0005501801,0.0010619583,0.005356614,48,test
0.005492168,0.001302565,0.9691226,0.0019642948,0.0039259735,0.016270787,0.00031396156,0.0016076441,49,test
0.0038208058,0.00033640087,0.98723966,0.0006789949,0.0014297965,0.0054892143,0.00012753697,0.00087748934,50,test
0.005235371,0.00020715498,0.9862818,0.00048494572,0.0025472115,0.0044231517,0.000104958606,0.0007153212,51,test
0.0060728877,0.00058608863,0.9836451,0.0006588556,0.0020349193,0.0057278518,0.00038867551,0.0008856132,52,test
0.9823585,0.00010711406,0.0030543506,0.0026559648,0.0004532293,0.0010910197,0.001176948,0.009102918,53,test
0.0032975858,0.00077672396,0.9835759,0.0008764125,0.0020861675,0.008095189,0.00021776116,0.0010743352,54,test
0.0033848656,0.0004988252,0.9858472,0.0007137074,0.0017883478,0.006887601,0.00014611396,0.0007334033,55,test
0.9881011,3.9021736e-05,0.003844515,0.0021387471,0.00019881954,0.000913,0.0006855691,0.0040791174,56,test
0.0042360206,0.00033436145,0.9858234,0.0006269959,0.0018723632,0.00626229,0.00013956802,0.0007049136,57,test
0.0025719935,0.0023983885,0.00610272,5.1622195e-05,0.98713475,0.0009149166,0.0006273278,0.00019811583,58,test
0.7061838,0.00552552,0.13607259,0.042506915,0.01673407,0.040469848,0.012052736,0.04045454,59,test
0.0029831184,0.00028709156,0.99138075,0.00024295834,0.0012913159,0.0033930284,0.00010784091,0.0003138905,60,test
0.026818873,0.0065658446,0.8861533,0.014623781,0.013685088,0.040487785,0.001321282,0.010344098,61,test
0.00450223,0.0022591152,0.9699304,0.0021222555,0.002489656,0.01588392,0.0004225486,0.0023898724,62,test
0.003919044,0.00056243275,0.9848911,0.00088753115,0.0019766504,0.006757531,0.00018454701,0.00082122517,63,test
0.0036007692,0.00040425986,0.98709935,0.000432793,0.0022950177,0.0052832947,0.00014740368,0.0007371183,64,test
0.0029142413,0.00039215758,0.98808527,0.00052407646,0.001210217,0.0062814187,0.00013480122,0.00045784246,65,test
0.0046005137,0.00047370917,0.98164797,0.001044099,0.0032301957,0.008003531,0.00015691579,0.0008430745,66,test
0.0030189077,0.0004141739,0.9875093,0.0006140801,0.0016220445,0.006026272,0.00016216114,0.0006329477,67,test
0.017135425,0.020031093,0.015606962,0.03497156,0.008475835,0.006683162,0.030679394,0.86641663,68,test
0.004489843,0.00049755955,0.9858518,0.0005382978,0.0025869622,0.005034549,0.0001893896,0.0008115696,69,test
0.9906848,1.8207124e-05,0.0019971533,0.0009923012,0.000107317945,0.00045203662,0.0007880441,0.004960035,70,test
0.003670873,0.000787767,0.9819279,0.00095858664,0.0019992804,0.009527892,0.00028578876,0.0008419488,71,test
0.9931799,2.1283919e-05,0.0013440457,0.0010312039,8.8618326e-05,0.00039630715,0.0006977162,0.0032409627,72,test
0.0016312953,0.00031991798,0.9933989,0.00013401672,0.0009152959,0.0032749025,9.692602e-05,0.00022889228,73,test
0.07657868,0.048740678,0.04939465,0.06836382,0.015688598,0.5374855,0.1731044,0.03064374,74,test
0.00081616826,0.9530898,0.0021475484,0.00012339321,0.0053733527,0.00541528,0.03214572,0.0008886853,75,test
0.010481464,0.0036527566,0.0049581737,0.010087769,0.0010883393,0.001182502,0.01103791,0.9575112,76,test
0.6735485,0.0019954385,0.14988872,0.06287638,0.011549571,0.032837804,0.020627268,0.046676215,77,test
0.9901335,2.5984331e-05,0.003330438,0.0008891184,0.00014718094,0.0007110458,0.0006068988,0.0041558673,78,test
0.00069676765,0.95704156,0.0020289058,0.00013648262,0.0059802546,0.004597722,0.028613333,0.00090496487,79,test
0.0031404211,0.0007456278,0.986891,0.00055541133,0.0014545971,0.006333878,0.0002650792,0.000614002,80,test
0.0031822496,0.0026656312,0.005472103,5.240424e-05,0.98678386,0.0008540696,0.0007677505,0.0002219497,81,test
0.98805374,2.4494393e-05,0.0024600911,0.001616863,0.00013107147,0.0005802469,0.0008869188,0.0062465887,82,test
0.9836891,4.3827717e-05,0.004354485,0.0011246323,0.00028251635,0.00093856885,0.0011855613,0.008381235,83,test
0.9919573,2.5226887e-05,0.0016219942,0.0008189682,0.00012328893,0.00041348266,0.00056768104,0.0044720317,84,test
0.00233654,0.008007444,0.009705549,6.8482586e-05,0.97454315,0.002191424,0.0028225125,0.00032493784,85,test
0.98600686,4.911242e-05,0.0032308926,0.000852604,0.00016669702,0.0007443402,0.0011891068,0.0077604083,86,test
0.9864281,4.8474358e-05,0.0042921705,0.0014419868,0.00021227804,0.00095673866,0.0007905174,0.005829805,87,test
0.0032301494,0.0007108179,0.9859055,0.00068760413,0.0016508471,0.0070039527,0.00020543272,0.0006056756,88,test
0.9905558,2.5198646e-05,0.0022381716,0.0010842407,0.000107848326,0.0005803244,0.00067030045,0.004738148,89,test
0.0037907283,0.0004017833,0.9847919,0.0008709588,0.0017514499,0.007065347,0.0001679181,0.001160032,90,test
0.0028341685,0.00048900297,0.9895174,0.00042947597,0.0012514464,0.0048598107,0.00016407718,0.00045455285,91,test
0.0032698128,0.0003196921,0.9880988,0.0004292375,0.0015762827,0.0056552654,0.00012530826,0.00052557833,92,test
0.9912861,1.5858684e-05,0.0017298931,0.0013717626,9.592794e-05,0.0003655899,0.0005338616,0.004600905,93,test
0.9888849,4.417323e-05,0.002217658,0.002445899,0.0001935094,0.000667751,0.001029699,0.004516332,94,test
0.0044236607,0.00085041235,0.98034793,0.00096955174,0.002736121,0.009094058,0.00027408142,0.0013041993,95,test
0.0053683724,0.000523005,0.981873,0.0011652886,0.0029341797,0.0068231216,0.00020741674,0.0011055755,96,test
0.00048098777,0.95967615,0.0014851363,6.90807e-05,0.0046141394,0.0047468664,0.028343296,0.00058422575,97,test
0.0007656831,0.00078817335,0.005968661,0.0009185998,0.00016271298,0.9906724,0.00049451605,0.00022915484,98,test
0.9850033,8.16112e-05,0.002727265,0.0014927557,0.0002849068,0.0010179195,0.0009369446,0.0084553035,99,test
0.9925654,1.8722723e-05,0.0019426908,0.0010965316,0.000106633255,0.0004656681,0.00057844416,0.0032259056,100,test
0.0029539168,0.00040750016,0.9881294,0.0005021747,0.0013900733,0.00596991,0.00014331049,0.0005036411,101,test
0.002672391,0.0004995691,0.9889937,0.000495456,0.0012666568,0.005439828,0.00016240985,0.00046995538,102,test
0.0005676102,0.0043927617,0.005823042,0.003787861,0.0011671623,0.98137087,0.0024489306,0.0004417666,103,test
0.001650909,0.9188066,0.0019052,0.00037402508,0.010522107,0.005300794,0.05172159,0.009718743,104,test
0.0053797727,0.0066445335,0.005177828,0.008523593,0.001990967,0.002835221,0.012656775,0.95679134,105,test
0.0025989828,0.0029761444,0.005394161,4.6833826e-05,0.9868781,0.0012133454,0.0006715328,0.00022092383,106,test
0.00681681,0.00030271907,0.98133147,0.0008499169,0.0022071819,0.0074142837,0.00014395872,0.0009335779,107,test
0.010242582,0.0022197939,0.003728568,0.009530389,0.00041618507,0.0013739966,0.006914649,0.96557385,108,test
0.001002288,0.001880622,0.0038384267,0.005091109,0.0010814284,0.98247045,0.0036616884,0.00097407243,109,test
0.0034896408,0.00048019624,0.984559,0.00096692843,0.0018130747,0.0077841314,0.00017114822,0.00073589396,110,test
0.7098983,0.003952279,0.14389949,0.040377405,0.013476767,0.0155400215,0.021977281,0.05087848,111,test
0.9877136,3.58591e-05,0.0032083967,0.0005519362,0.00016336783,0.00051477645,0.00087046163,0.006941666,112,test
0.0020358947,0.0003131778,0.99277675,0.00013797266,0.00085781375,0.0034837027,0.000104541185,0.000290228,113,test
0.004162804,0.00035786282,0.98769486,0.00040871225,0.0021024502,0.004337265,0.00015373297,0.0007822118,114,test
0.98319757,6.872615e-05,0.002622,0.0011240273,0.00028554685,0.000653635,0.0012549678,0.010793623,115,test
0.013192989,0.23888826,0.42153445,0.007317245,0.08889518,0.19580321,0.017931048,0.016437603,116,test
0.9907836,2.798842e-05,0.002746094,0.0010284613,0.00016176788,0.00055418606,0.00070175546,0.003996046,117,test
0.9907222,1.9533198e-05,0.0023336376,0.001660119,0.00010840134,0.000498269,0.00071129325,0.0039465707,118,test
0.9906516,2.7498932e-05,0.0019331649,0.0008160788,0.00013181423,0.00045231663,0.0005798826,0.0054076365,119,test
0.025028266,0.012081469,0.025892772,0.036739495,0.003663716,0.45422646,0.02489536,0.41747257,120,test
0.0031496994,0.00037573854,0.9879743,0.0006410446,0.0016602539,0.0054921987,0.00013836827,0.00056839135,121,test
0.0028521882,0.00038540157,0.9901888,0.00033068517,0.0010721829,0.0045435964,0.00012607839,0.00050112436,122,test
0.9858543,7.99252e-05,0.0022907015,0.0013041585,0.0003100488,0.0007751187,0.0012667865,0.008118864,123,test
0.14414693,0.12979028,0.13360374,0.018914782,0.22860564,0.056037404,0.069961,0.21894021,124,test
0.988677,2.9849378e-05,0.0020600413,0.0016397663,0.00015578745,0.0007824115,0.0009220401,0.0057330267,125,test
0.003828619,0.00043777356,0.98669285,0.00055181293,0.0018785658,0.00585232,0.00015611487,0.0006019944,126,test
0.99001044,1.5204527e-05,0.0015131694,0.0015954615,8.749509e-05,0.0004999101,0.0007764517,0.005501831,127,test
0.007320226,0.00055629975,0.9821162,0.00022030677,0.0023243362,0.0066538565,0.00022878325,0.0005800149,128,test
0.004281892,0.0004372739,0.9845211,0.00022300777,0.0025862423,0.007187789,0.00013857515,0.0006240888,129,test
0.0023910196,0.0009607273,0.9861114,0.00022084716,0.0020305263,0.0075301984,0.00016523503,0.0005899764,130,test
0.011409791,0.00443014,0.9494011,0.0018156844,0.006090876,0.02191315,0.00091706205,0.004022207,131,test
0.99033153,2.3291308e-05,0.0016569572,0.00037908324,0.0001465678,0.0005262769,0.0004963415,0.006439912,132,test
0.0031467415,0.0009040814,0.98651904,0.00015738719,0.001492428,0.0069442983,0.00022262012,0.0006134344,133,test
0.0055935117,0.00071795576,0.9818408,0.0002025535,0.003315304,0.0074266335,0.0001916559,0.00071167725,134,test
0.45827428,0.16216314,0.036246378,0.010526558,0.043701448,0.03967797,0.072570674,0.1768395,135,test
0.005133967,0.0012251259,0.97416985,0.0004846176,0.0021078289,0.015649622,0.00027558487,0.0009534736,136,test
0.0042653983,0.00125588,0.9778425,0.00049201446,0.0028363133,0.012236444,0.00032068582,0.0007508118,137,test
0.004004557,0.0005641939,0.9830961,0.00019382813,0.0021565533,0.009359085,0.00015836184,0.00046731497,138,test
0.0042506508,0.0004562629,0.9857357,0.00015121179,0.0023643852,0.006504348,0.00015855099,0.0003789512,139,test
0.002862965,0.0011142339,0.98542446,0.00014280647,0.0030673887,0.006502049,0.00017441787,0.00071168935,140,test
0.9876557,3.6487087e-05,0.0021549969,0.00059700396,0.00020689567,0.0006156912,0.0005665987,0.008166687,141,test
0.003257161,0.0010803685,0.98577964,0.00019847296,0.0016506701,0.007092669,0.00024842884,0.0006926449,142,test
0.00259602,0.00076641224,0.98858494,0.00015251954,0.0015723772,0.0056381314,0.00013861895,0.00055098906,143,test
0.99098384,2.71039e-05,0.0025712056,0.0005939986,0.00014265554,0.00088171114,0.0003377954,0.0044616926,144,test
0.0030538228,0.0009520172,0.9855155,0.00011347303,0.0024622264,0.0072896713,0.0002409019,0.00037233272,145,test
0.00047953564,0.96589357,0.0032895324,7.5010095e-05,0.008995672,0.0055953925,0.014559154,0.0011121666,146,test
0.002490016,0.0011717671,0.9861282,0.00012413012,0.0019564806,0.007464828,0.00021152935,0.00045307245,147,test
0.0023945274,0.0009484681,0.9850204,0.00017683202,0.0020584057,0.008773322,0.00018151001,0.00044653186,148,test
0.99076676,3.202835e-05,0.0018813097,0.00043451614,0.00018629851,0.0007201251,0.00060374534,0.005375277,149,test
0.9785397,0.00014862989,0.0045146095,0.0007166099,0.0008065823,0.0019249194,0.0017953159,0.011553697,150,test
0.9921137,1.7779408e-05,0.0029040172,0.0003423397,0.00019395376,0.0007114972,0.00040548973,0.0033112285,151,test
0.9900053,2.6577613e-05,0.0029947646,0.0007111952,0.00017177865,0.00082579546,0.0005274049,0.0047371746,152,test
0.9835864,3.7278005e-05,0.0028581864,0.00046024888,0.00027405506,0.0006944655,0.000761569,0.011327927,153,test
0.0037344731,0.001171687,0.9846405,0.00017098062,0.002287221,0.0070891636,0.000276582,0.00062945177,154,test
0.005495625,0.0021834439,0.9675318,0.0007242353,0.0041275052,0.018034797,0.00049281144,0.0014097394,155,test
0.0006166958,0.9558539,0.0033841536,0.000106143954,0.010113724,0.0064647812,0.021185415,0.0022752697,156,test
0.990607,3.0753752e-05,0.0018529977,0.00054282544,0.00017912306,0.0006661157,0.0005134993,0.0056076683,157,test
0.96015626,0.00022693617,0.0121869175,0.0020189956,0.0013785138,0.004779837,0.0013414255,0.017911104,158,test
0.003918644,0.0007548285,0.98256207,0.00026451892,0.0028131765,0.008555328,0.00022719103,0.0009042274,159,test
0.00027297484,0.00052196684,0.0020177632,0.0003330807,8.913926e-05,0.99615085,0.00043534566,0.00017898815,160,test
0.005759848,0.0022643986,0.0034651742,0.004545976,0.0008129623,0.0024257589,0.008045729,0.9726801,161,test
0.9909773,2.3947827e-05,0.0020376279,0.00048272408,0.00013910343,0.00053637824,0.0003590011,0.0054439334,162,test
0.9893544,3.0485375e-05,0.0024780617,0.000559034,0.000201657,0.00080520316,0.00056789,0.006003339,163,test
0.0045235073,0.0017897824,0.9733315,0.0005455645,0.0023368152,0.016132586,0.0005018537,0.00083844224,164,test
0.0050783483,0.002666061,0.9672161,0.0007055852,0.003189648,0.019597737,0.0005232364,0.00102331,165,test
0.0023472763,0.004200542,0.005348973,3.3076056e-05,0.98570365,0.0016357979,0.00043631153,0.00029444654,166,test
0.0054887687,0.0020155786,0.0028629038,0.004513577,0.0008771441,0.0020272445,0.0059729815,0.9762418,167,test
0.0035853728,0.0008874238,0.98415136,0.00019540367,0.0032189027,0.0070816632,0.00017003115,0.00070981175,168,test
0.005322765,0.00040573263,0.98175,0.00026681917,0.0026676955,0.0087963315,0.00015738068,0.00063322467,169,test
0.0014602011,0.1001048,0.0023500884,0.0032860965,0.0026148385,0.012995098,0.86588264,0.011306266,170,test
0.0043083197,0.0020993159,0.976586,0.00052209926,0.0029967618,0.012171201,0.00046846134,0.0008478473,171,test
0.00435537,0.0005883241,0.98227364,0.00026855362,0.0029088168,0.008761348,0.0001620515,0.00068184925,172,test
0.99292433,2.0621688e-05,0.001945741,0.00044139792,0.00015192282,0.0005856591,0.00045737304,0.0034729799,173,test
0.98975474,3.1985204e-05,0.0032705544,0.00086003845,0.00016642653,0.0012147754,0.0007140969,0.003987276,174,test
0.0039245673,0.0012818286,0.9820617,0.00024849296,0.002619654,0.0086586755,0.00028988894,0.00091515813,175,test
0.0038170957,0.00076795305,0.9840581,0.00026408094,0.0024862003,0.007689922,0.00020216027,0.0007146381,176,test
0.0003079053,0.0010121443,0.005040926,0.0012446938,0.0004591361,0.99107164,0.00081015634,5.33893e-05,177,test
0.98950094,3.2004948e-05,0.002166786,0.0005301877,0.00018508536,0.0008015038,0.00062427606,0.006159136,178,test
0.0048689498,0.00058081147,0.9844934,0.00012277259,0.002857118,0.0063983737,0.00016924401,0.0005093725,179,test
0.986767,2.74678e-05,0.0018729172,0.00032242533,0.00012799719,0.00048658592,0.0005369629,0.009858574,180,test
0.011398934,0.002781147,0.007142985,0.0040995134,0.00079831,0.0019659628,0.0062967944,0.9655164,181,test
0.0024680332,0.00081963453,0.98802894,0.0001518182,0.00187086,0.0059636105,0.00014648538,0.0005505708,182,test
0.0029505482,0.00059620076,0.98624843,0.00017654715,0.0020710973,0.0073234844,0.00014015971,0.00049355987,183,test
0.9910546,2.5840924e-05,0.002776086,0.0006105302,0.00018410078,0.000741883,0.00043262844,0.00417429,184,test
0.002552625,0.0013257168,0.9845279,0.00024156696,0.002147572,0.008268057,0.0002513083,0.0006851983,185,test
0.98216724,3.2563672e-05,0.0033346866,0.00079803565,0.00017658502,0.0013119043,0.00087007304,0.011308989,186,test
0.013444372,0.008563507,0.9186409,0.0026204167,0.012350458,0.040150687,0.0012548519,0.0029746725,187,test
0.003934623,0.0060868147,0.006987758,5.5058867e-05,0.9802761,0.0013379236,0.00094005454,0.00038169255,188,test
0.017573647,0.011412415,0.9075268,0.0007487889,0.030655595,0.026387675,0.0012641918,0.0044309306,189,test
0.0037803384,0.0013213725,0.9807108,0.00026000763,0.002362795,0.010677206,0.00029576514,0.00059168,190,test
0.990078,3.341514e-05,0.003042755,0.00058095064,0.00024881345,0.0012361783,0.00047446298,0.0043055406,191,test
0.99137324,2.5414864e-05,0.0018770467,0.00060921896,0.0001471902,0.00060917635,0.00050617225,0.0048525897,192,test
0.00041732856,0.00045962373,0.002255019,0.00060229225,0.0001511719,0.9952786,0.00065884436,0.00017710398,193,test
0.008729317,0.0015224844,0.004957893,0.0072496296,0.0005186111,0.0028635717,0.004370817,0.96978766,194,test
0.0021319308,0.0008344984,0.9858089,0.00013287918,0.0013223806,0.009249105,0.00017208295,0.00034822267,195,test
0.0039632013,0.00053403486,0.9890827,6.648675e-05,0.0014796768,0.004136956,0.00014668146,0.00059030607,196,test
0.010988177,0.18684347,0.040972907,0.0018763548,0.6566064,0.05330617,0.040655464,0.00875104,197,test
0.9886585,3.6616697e-05,0.0027020543,0.0004036304,0.0002341285,0.0007620546,0.0003597141,0.0068432717,198,test
0.0038848263,0.0010313186,0.9818596,0.00032988677,0.0020728095,0.0098880045,0.00023280708,0.00070066453,199,test
0.005039253,0.0025369711,0.97172594,0.0006284674,0.0038021756,0.014646738,0.0004976721,0.0011228373,200,test
0.0027210684,0.0003697968,0.9881616,0.00013913585,0.0014255558,0.0067234114,9.51216e-05,0.00036434497,201,test
0.0019230155,0.00056380325,0.9918241,8.143286e-05,0.00093187194,0.004247257,0.000110537854,0.00031800236,202,test
0.008724866,0.006828238,0.938458,0.0017397896,0.007352615,0.032704484,0.0011083101,0.0030837038,203,test
0.0023436097,0.0004725829,0.989033,0.00015154248,0.0014128877,0.0060897465,0.00012033769,0.0003762804,204,test
0.9921347,2.5485178e-05,0.0017426226,0.00046977372,0.00014331593,0.0006715068,0.0003758252,0.0044367113,205,test
0.0026726504,0.0008743786,0.9869696,0.0001524451,0.0017174439,0.0069902637,0.00017737976,0.00044574894,206,test
0.006118422,0.0024795048,0.96671236,0.00024690758,0.0028208143,0.020548848,0.0003826639,0.00069035153,207,test
0.0038133576,0.0009716062,0.98199993,0.00031367672,0.0027734847,0.0091052735,0.0002470309,0.0007756433,208,test
0.99202466,2.118026e-05,0.0026394378,0.0006354669,0.0001283665,0.00089328457,0.00034783958,0.003309733,209,test
0.05755109,0.014605561,0.7979015,0.011054784,0.017946001,0.07073136,0.008247414,0.021962347,210,test
0.9855458,4.6330082e-05,0.005424549,0.00074031483,0.00037589687,0.0014023108,0.0005848101,0.005880101,211,test
0.0026674506,0.0007464033,0.98479444,0.0002477445,0.0018879978,0.008995172,0.00018401469,0.00047684417,212,test
0.99052584,2.3466904e-05,0.0018988724,0.00057831017,0.0001099048,0.0007459997,0.00052877405,0.005588849,213,test
0.00031002663,0.00030665618,0.0016587717,0.00023273703,4.5824097e-05,0.99673355,0.00047496468,0.00023745098,214,test
0.0044023385,0.00094537094,0.98013675,0.00033900776,0.002594356,0.010541517,0.00024236439,0.00079837855,215,test
0.002920585,0.000851129,0.9849439,0.0002224337,0.0017970575,0.008471767,0.00016708026,0.00062607497,216,test
0.00049374986,0.963048,0.0029434112,7.463428e-05,0.008105822,0.006120223,0.018022366,0.0011918696,217,test
0.99048513,2.4294095e-05,0.001965823,0.00026347046,0.00017148732,0.00049527845,0.00044431418,0.0061502117,218,test
0.002503021,0.0006132323,0.98712593,0.00018077617,0.0013243032,0.0077553773,0.00014405613,0.00035323558,219,test
0.0036857056,0.0009432827,0.98576385,0.00015752263,0.0012879007,0.007406344,0.00027711946,0.00047830146,220,test
0.9899166,2.7905e-05,0.002064712,0.00048586194,0.00015860345,0.00067443703,0.00048799152,0.0061838464,221,test
0.0032791272,0.00071622245,0.985857,0.00014671528,0.0018022503,0.007521281,0.000199392,0.00047798597,222,test
0.003150803,0.0006199139,0.98704046,0.00013570745,0.0019288983,0.0064205527,0.00016275406,0.00054094405,223,test
0.0030254547,0.020896573,0.01534137,6.499415e-05,0.9507695,0.006416696,0.0028090624,0.00067630707,224,test
0.9939474,1.6607833e-05,0.001456463,0.00043201214,0.00010344705,0.00045032584,0.0003671282,0.0032266162,225,test
0.0037378976,0.002518136,0.9725443,0.00054058555,0.001934971,0.017416075,0.000504046,0.0008039352,226,test
0.0024244967,0.0008747083,0.98690444,0.00012060307,0.0018013404,0.0072929803,0.00017408047,0.0004072765,227,test
0.0012085033,0.0039621084,0.00024617414,0.0012598773,0.0009151727,0.0009688018,0.99006444,0.001374902,228,test
0.004298524,0.0023026057,0.9771163,0.00032200664,0.0032770678,0.011089101,0.000495062,0.0010993506,229,test
0.010633399,0.0092560155,0.9228643,0.0025373418,0.0094765,0.03947872,0.0015898797,0.0041637416,230,test
0.002618225,0.0008970039,0.9868587,0.0001306641,0.0016805123,0.007175866,0.00020787,0.00043111652,231,test
0.9718141,0.00040751538,0.003730234,0.0011757005,0.0009190273,0.002546058,0.0032086107,0.016198771,232,test
0.97804683,9.902129e-05,0.005715957,0.0011193135,0.00070376665,0.0019393262,0.0006077471,0.011767977,233,test
0.0032499635,0.0049792845,0.0067231175,4.866055e-05,0.9819218,0.0020125823,0.0007262567,0.00033828148,234,test
0.98998743,4.672495e-05,0.002361048,0.00070200453,0.00021902917,0.0009972692,0.00055122614,0.0051352326,235,test
0.9899228,2.7209378e-05,0.0021064866,0.00046647774,0.00014784957,0.00058220065,0.0004357796,0.0063111847,236,test
0.004222907,0.00086010294,0.9826985,0.000277737,0.001872271,0.009294065,0.0002285897,0.00054586784,237,test
0.0027522861,0.00083394063,0.9870831,0.00013285654,0.0017359031,0.0068802303,0.00016735053,0.00041444015,238,test
0.0026828432,0.0007276964,0.9854182,0.00019473393,0.0021031287,0.008203936,0.0001556664,0.0005137955,239,test
0.98641497,6.103797e-05,0.0031226343,0.0010385355,0.000343611,0.0014174671,0.0007678424,0.0068338923,240,test
0.015440866,0.00070924277,0.00377264,0.9492072,0.001479643,0.008185846,0.0070484173,0.0141562065,241,test
0.9896847,2.186203e-05,0.0019334544,0.000730567,0.00011285309,0.00074946147,0.00041878474,0.006348211,242,test
0.004960867,0.0076181847,0.010978789,0.00011667955,0.9716428,0.0026578195,0.0009900477,0.0010348366,243,test
0.012574906,0.8556165,0.01301532,0.0013017193,0.03165542,0.019960249,0.036535896,0.029339967,244,test
0.99096,1.629605e-05,0.002752392,0.00034871977,0.00014457334,0.00061738765,0.00030099074,0.004859672,245,test
0.98898333,3.0639898e-05,0.002307343,0.00059616024,0.0001559597,0.0007066384,0.00054983166,0.006670059,246,test
0.0029593734,0.0008693081,0.98402196,0.0001562006,0.0021826795,0.009041241,0.00020041525,0.0005687396,247,test
0.0011635316,0.9270271,0.0051600663,0.00029202364,0.013905911,0.009516527,0.03901152,0.0039233468,248,test
0.98951614,2.88724e-05,0.003755412,0.00095188187,0.0002087578,0.0013530814,0.00063274,0.0035531577,249,test
0.9922673,2.0924232e-05,0.0015735955,0.00028838712,0.00013335921,0.00043002103,0.00032024333,0.004966281,250,test
0.98878914,3.551391e-05,0.0015673678,0.0004878938,0.00016111846,0.00048307015,0.0005561448,0.007919774,251,test
0.0034398253,0.0005980092,0.9865341,0.00011230281,0.0016578517,0.007110778,0.00015587316,0.0003912855,252,test
0.0033943637,0.0008676545,0.9849631,0.00022930841,0.0027999708,0.0068314425,0.00018815685,0.00072607404,253,test
0.0034142614,0.0008012836,0.98439145,0.00020494379,0.0019353561,0.00849434,0.00022253356,0.0005359396,254,test
0.005995777,0.0022303553,0.9702314,0.00075464975,0.003708842,0.015254373,0.00035395837,0.0014706342,255,test
0.0026833948,0.0010758005,0.9848978,0.00025419032,0.0015754838,0.008710516,0.00015376498,0.0006489882,256,test
0.99157846,1.2408183e-05,0.0029120327,0.0009935601,0.00012499712,0.0006859884,0.00039874422,0.0032938812,257,test
0.0027479348,0.0004990373,0.987002,0.00024567684,0.0010399547,0.007874215,7.766625e-05,0.0005134956,258,test
0.0067576743,0.045138422,0.004402273,0.004715942,0.007963322,0.007873222,0.91752297,0.0056260834,259,test
0.0029217724,0.0010042371,0.981904,0.00034915013,0.001657449,0.011192087,0.00012139542,0.0008500004,260,test
0.053125065,0.0146850785,0.063690394,0.09617625,0.0050931936,0.041680705,0.06782537,0.657724,261,test
0.0041074846,0.010858676,0.00095884566,0.0029968028,0.0027250524,0.0028000847,0.9727558,0.0027972301,262,test
0.0037300736,0.01308604,0.018631306,5.916542e-05,0.9592,0.0036798534,0.00079784245,0.0008156831,263,test
0.0035374858,0.0005519705,0.9868465,0.0003436174,0.0010312638,0.0066399532,8.152714e-05,0.000967743,264,test
0.00550801,0.0028253556,0.9679433,0.0008424667,0.0038376804,0.016434506,0.00046117496,0.0021474299,265,test
0.0042967205,0.0005113482,0.9842391,0.00031748242,0.0017730289,0.008183784,8.723617e-05,0.00059125625,266,test
0.0031339186,0.0010801513,0.98154837,0.0003170644,0.0019186396,0.010774264,0.00018575425,0.0010417291,267,test
0.0039808284,0.8622116,0.010376098,0.0011951578,0.04245508,0.031306468,0.03479573,0.013679069,268,test
0.993922,1.0545443e-05,0.001447099,0.0008748565,8.948066e-05,0.00037062005,0.00034057966,0.0029447991,269,test
0.9937801,1.2531104e-05,0.0009855804,0.00090835424,7.467462e-05,0.00029325346,0.00036037233,0.0035851838,270,test
0.0038948106,0.00041098788,0.9882457,0.00010417368,0.001292014,0.0055870824,6.736711e-05,0.00039781845,271,test
0.011396554,0.006162431,0.9398926,0.0016970946,0.005173949,0.031609204,0.0008088695,0.0032593047,272,test
0.005259692,0.018568525,0.0024711422,0.0042200265,0.0068522296,0.0033635204,0.9566183,0.00264646,273,test
0.9935789,1.718294e-05,0.0014764162,0.000855933,0.00012561295,0.00043369958,0.00034457867,0.0031676379,274,test
0.99329716,1.2774801e-05,0.0012491167,0.00050873175,7.531015e-05,0.00040919948,0.00032532265,0.004122508,275,test
0.98032963,0.0001369256,0.0030308098,0.0013808234,0.00065800775,0.001350895,0.0010595357,0.012053288,276,test
0.0044444194,0.000572363,0.9835609,0.0002995987,0.0024166168,0.0076736375,0.00011044222,0.0009220215,277,test
0.0041770893,0.0013291653,0.9797503,0.0006026262,0.0019811997,0.010799857,0.00020876991,0.0011511083,278,test
0.90454185,0.001174419,0.0158023,0.010122725,0.0033443065,0.009047079,0.008532379,0.047434893,279,test
0.0038448116,0.0006929134,0.98313624,0.00040055395,0.0018368391,0.008726246,0.0001333015,0.0012291254,280,test
0.0038768281,0.00076210994,0.9833763,0.00022593798,0.0022521096,0.008613268,0.00015013842,0.00074330857,281,test
0.0031224668,0.0006191497,0.9844342,0.0004050539,0.0014782716,0.009014145,9.7859505e-05,0.0008288423,282,test
0.99469227,1.0871567e-05,0.0013267515,0.00043434376,8.031024e-05,0.00034901517,0.00025022827,0.002856246,283,test
0.0011958751,0.95871955,0.0038808628,0.00020914672,0.01063172,0.00705345,0.01618773,0.0021218194,284,test
0.0051690787,0.0015672797,0.977042,0.00034983744,0.0028397269,0.011060783,0.00021254276,0.0017588155,285,test
0.99478203,8.936046e-06,0.0010808163,0.0005448286,8.8816916e-05,0.00033005278,0.00031874393,0.002845701,286,test
0.994335,1.010147e-05,0.0009926925,0.0005670955,6.733874e-05,0.000277608,0.00028469932,0.0034654418,287,test
0.98431236,4.5954715e-05,0.003919063,0.00089722325,0.00038242602,0.0010253908,0.00045861793,0.008958993,288,test
0.9915986,2.6117006e-05,0.0020387836,0.0009501863,0.00023130012,0.00058082555,0.00041188448,0.0041622277,289,test
0.00033777484,0.00016427062,0.00089159847,0.00045185757,4.8535017e-05,0.99777716,0.00028317122,4.5729987e-05,290,test
0.0004636655,0.000121686106,0.00087426533,0.000787733,7.5986216e-05,0.99733424,0.0002420451,0.00010034868,291,test
0.0030889977,0.001134468,0.9824808,0.00032380875,0.0019224981,0.009960111,0.00016637167,0.0009228818,292,test
0.018266251,0.0036477356,0.92712075,0.0025996473,0.0040113386,0.03986377,0.00060446665,0.0038861062,293,test
0.0030258829,0.0007047089,0.9844194,0.00032719484,0.0017198559,0.008851093,0.000118904994,0.0008330452,294,test
0.004138907,0.0015001631,0.97614276,0.0005691154,0.0010855877,0.015329416,0.00022326128,0.0010107877,295,test
0.020136908,0.0028360141,0.028324015,0.051995385,0.0012459841,0.022631645,0.011492854,0.8613371,296,test
0.000946291,0.965452,0.0027788887,0.00018257185,0.007532081,0.0067214225,0.014904024,0.0014827064,297,test
0.004716161,0.0006662499,0.98214066,0.00037453976,0.002514154,0.008475367,0.00014239033,0.0009704461,298,test
0.008431861,0.0020417974,0.004904617,0.008762049,0.0008373144,0.0023759876,0.0043665958,0.96827984,299,test
0.0045916485,0.00055847963,0.98457634,0.0003559387,0.001848257,0.007111945,0.000109221335,0.0008482035,300,test
0.0027818112,0.0007856259,0.9866638,0.00025817266,0.0013498364,0.007452052,0.00011847961,0.00059027766,301,test
0.004279218,0.0016817745,0.9710742,0.0009056949,0.002012265,0.018451503,0.00022083055,0.0013744903,302,test
0.0046824226,0.0042920695,0.005078078,6.7213e-05,0.98290455,0.0016849617,0.00079933467,0.0004913824,303,test
0.0029327276,0.0009929879,0.9856016,0.00024201866,0.0014991118,0.007820166,0.000138949,0.0007723492,304,test
0.0047904877,0.0005877172,0.982294,0.00033127927,0.0027065857,0.00809688,0.00013847902,0.0010545417,305,test
0.0038121878,0.0009529151,0.9823303,0.00042540455,0.0021034738,0.00931292,0.0001605193,0.0009022196,306,test
0.0029489815,0.0006668243,0.98618364,0.00029373317,0.0014687094,0.0077058673,0.00010697756,0.00062536454,307,test
0.9905337,3.4048815e-05,0.0021124633,0.00088291446,0.00019210605,0.0011388948,0.00075460173,0.0043512546,308,test
0.002786191,0.013108875,0.028239125,0.0031353214,0.012189822,0.9274036,0.010637807,0.0024992444,309,test
0.003715807,0.0008704543,0.98412955,0.0003546302,0.0015672975,0.00837152,0.00011906445,0.0008715761,310,test
0.0075803553,0.0031202082,0.96267784,0.001139966,0.003068958,0.020428078,0.000272251,0.001712472,311,test
0.0036307545,3.6025354e-05,0.00042300866,0.9875163,0.00010571581,0.0010649639,0.001422378,0.005800856,312,test
0.0060484167,0.010609062,0.0011595481,0.004585205,0.0065781106,0.0030171578,0.9629581,0.0050445287,313,test
0.0029401612,0.00055084616,0.9854696,0.00031756968,0.0014139825,0.008628541,8.736672e-05,0.00059184135,314,test
0.002774231,0.0006494259,0.98717713,0.0002127178,0.0011714563,0.0072187954,0.00010910965,0.0006870762,315,test
0.9909396,2.679041e-05,0.0015752988,0.00081862754,0.00016456362,0.0006876893,0.00067576295,0.005111694,316,test
0.0027645337,0.00055764645,0.98742884,0.00027861123,0.0014770377,0.0067397826,9.833146e-05,0.00065521494,317,test
0.99085,1.8707897e-05,0.0014105787,0.00070358266,0.00012771608,0.00039501223,0.00046742096,0.0060271253,318,test
0.0033260942,0.0011520629,0.98083395,0.0005485664,0.0014924179,0.01148098,0.00015362068,0.0010122681,319,test
0.0024671224,0.00063309696,0.9889797,0.00020548042,0.0012880791,0.0056698974,8.540364e-05,0.0006712723,320,test
0.9923969,2.2303379e-05,0.0017285473,0.0007648574,0.00017809782,0.00064915477,0.0005390052,0.003721183,321,test
0.0025495084,0.0011652403,0.9841669,0.00030890974,0.0013429784,0.009658381,0.00015485422,0.0006531616,322,test
0.9943504,9.626206e-06,0.0013795428,0.000408207,9.735576e-05,0.00034188194,0.0002560073,0.00315704,323,test
0.0038827246,0.0011289141,0.98222256,0.00052815623,0.0015546368,0.009524427,0.00018457675,0.00097409834,324,test
0.010506068,0.014995888,0.026096482,0.0003748822,0.9402247,0.004652078,0.0018401166,0.001309784,325,test
0.0073266192,0.05063229,0.02662102,0.00031563034,0.88562524,0.024649227,0.0035466673,0.0012833006,326,test
0.99221206,2.3062941e-05,0.0012497213,0.0008340236,0.00017854926,0.00049263827,0.00053613406,0.004473777,327,test
0.0037182888,0.00034479084,0.9891188,9.224745e-05,0.0012661541,0.004978345,5.4517946e-05,0.00042675275,328,test
0.0037905115,0.013501824,0.010589166,0.00015093207,0.9642028,0.0057411483,0.0009957205,0.0010278578,329,test
0.009315743,0.0054098098,0.9462098,0.0010392205,0.008920758,0.022774354,0.0005597044,0.0057706204,330,test
0.0027216608,0.0011146046,0.98453474,0.00033725475,0.0014898219,0.008972215,0.00016284747,0.00066685944,331,test
0.010700151,0.004280781,0.94778293,0.0020477911,0.008852374,0.02145241,0.00039850897,0.0044849776,332,test
0.0029407963,0.00048542605,0.98745793,0.00024119059,0.0012688505,0.0068439664,6.891496e-05,0.00069299527,333,test
0.0030012939,0.0005955319,0.98621726,0.0002949404,0.0015830261,0.0075085745,9.996549e-05,0.0006994354,334,test
0.0034582815,0.0009592848,0.98304325,0.00051356264,0.0016930259,0.009213815,0.00014542298,0.0009732438,335,test
0.011701046,0.006062878,0.9324698,0.0023982816,0.0049477466,0.038902234,0.00071565295,0.002802521,336,test
0.001904179,0.9354607,0.005286459,0.00042277857,0.019023575,0.01077979,0.022515124,0.004607512,337,test
0.006069752,0.0008213827,0.97999007,0.00047900272,0.0026485543,0.008686806,0.00017695015,0.0011274146,338,test
0.0030916198,0.00070487236,0.9852992,0.00039572103,0.0013606844,0.008217889,0.000109482324,0.000820476,339,test
0.99016374,2.3051423e-05,0.0016109454,0.0005467392,0.00015326335,0.00039608,0.00041629162,0.006689839,340,test
0.9931632,2.6051835e-05,0.0013465032,0.0006025651,0.00014888881,0.00047310677,0.0004509687,0.0037886517,341,test
0.97944665,0.00013276096,0.0050507225,0.002147433,0.00076594687,0.0018311965,0.0011123341,0.009513033,342,test
0.0026169862,0.0006250994,0.9888086,0.00020157537,0.001663177,0.0052514547,8.676912e-05,0.00074636226,343,test
0.005278069,0.0070001455,0.006676563,8.859297e-05,0.97647923,0.0024439886,0.0013580692,0.0006753345,344,test
0.99256116,2.8163571e-05,0.0015575527,0.0007511902,0.00018090739,0.0005919391,0.00035066064,0.0039784107,345,test
0.0037501277,0.00033236967,0.9883867,0.000117967335,0.0016449279,0.005220065,6.784652e-05,0.00047996573,346,test
0.005419804,0.0017051186,0.0018009202,0.003925949,0.00075909874,0.00072116335,0.004417019,0.9812509,347,test
0.00301785,0.000488688,0.98661983,0.00032592082,0.0012836625,0.0074824514,0.0001144273,0.00066718285,348,test
0.009202933,0.6715375,0.010523805,0.0052334866,0.036138013,0.04872437,0.19042704,0.02821276,349,test
0.0064651007,0.024055434,0.904243,0.0012744386,0.016154338,0.04296555,0.0024094824,0.002432593,350,test
0.0034846666,0.0016391175,0.9771689,0.0005250871,0.0017065726,0.014101699,0.0002165398,0.0011573889,351,test
0.17799334,0.050016653,0.09037609,0.029605623,0.09950834,0.0253724,0.06433648,0.46279112,352,test
0.991746,1.8698724e-05,0.0011839668,0.00072136184,0.00010543115,0.00031964283,0.00040796745,0.00549698,353,test
0.63946295,0.0060342704,0.22450532,0.021847246,0.026442427,0.042257596,0.0123446295,0.027105605,354,test
0.0032206802,0.0005824448,0.98585296,0.00021609204,0.0014035915,0.007858806,0.0001112998,0.0007541166,355,test
0.9902948,2.0748283e-05,0.0013663733,0.00063435547,0.00014235105,0.00037589014,0.00047021278,0.0066952812,356,test
0.014619361,0.0012785114,0.007446951,0.00999844,0.0005637131,0.018336628,0.0072771558,0.9404793,357,test
0.0027650364,0.0023730136,0.9766718,0.00065170624,0.0018183703,0.014176989,0.00029541238,0.0012476112,358,test
0.08735828,0.14038543,0.22742255,0.086209886,0.082251094,0.14910546,0.039566394,0.18770096,359,test
0.9933628,1.6163243e-05,0.0013345171,0.0005575904,0.00011303024,0.00038211426,0.00031995698,0.0039138445,360,test
0.9939492,1.4790002e-05,0.0015814429,0.001058307,0.00012959942,0.0004273375,0.00039900173,0.0024403122,361,test
0.0026362033,0.00082377385,0.987303,0.00027486874,0.0011593848,0.006874816,0.0001286013,0.0007993277,362,test
0.021086784,0.0058779377,0.91930765,0.0045393878,0.011172156,0.028854636,0.0009688424,0.00819261,363,test
0.004404362,0.0013662841,0.98216474,0.00038161804,0.00149507,0.00913609,0.00031290826,0.0007388221,364,test
0.0064072404,0.0011737258,0.97889906,0.0006304417,0.0016243529,0.009181775,0.00027327705,0.0018101457,365,test
0.0048220763,0.00048522756,0.98410887,0.00027335391,0.0011981823,0.008193102,0.000102804544,0.0008164024,366,test
0.9908736,1.9815183e-05,0.0016769994,0.0005560065,0.00015203793,0.0004083915,0.00032430983,0.0059887995,367,test
0.0054759276,0.001644272,0.0029666228,0.006425394,0.0004153903,0.0015146646,0.0029229634,0.9786347,368,test
0.0049093417,0.0011610064,0.97609204,0.00055666827,0.0022956973,0.013456041,0.00016008936,0.0013690767,369,test
0.003546714,0.0017415866,0.9765313,0.000642852,0.0019154166,0.014162672,0.00021552524,0.0012439669,370,test
0.0022975367,0.0008331941,0.9871165,0.00020030128,0.0012352354,0.007706587,0.0001168874,0.00049373123,371,test
0.0034704732,0.00062238896,0.98609227,0.0003813291,0.0019521478,0.0065147476,0.00011202579,0.00085460965,372,test
0.05151959,0.23741096,0.117225006,0.027514746,0.28369403,0.121164784,0.095969476,0.065501414,373,test
0.99400663,1.7498403e-05,0.0011342642,0.0005813279,0.0001436988,0.000396736,0.0003067408,0.0034130125,374,test
0.9915392,2.7681594e-05,0.0015089717,0.0010733642,0.00019265366,0.00046751712,0.0004132601,0.0047773593,375,test
0.0034848738,0.000795615,0.98124975,0.00049105193,0.0019097801,0.0109704435,0.00014777183,0.0009507696,376,test
0.003999243,0.0005826186,0.98571557,0.00023092113,0.0014535519,0.0070942957,9.828366e-05,0.000825579,377,test
0.9948613,1.0978978e-05,0.000775741,0.0005079503,6.875382e-05,0.00028970742,0.00029556427,0.0031899945,378,test
0.9907727,2.5876603e-05,0.0018247184,0.0010538234,0.00018115943,0.0006988239,0.00041961955,0.0050232927,379,test
0.0025194853,0.0014276565,0.9851939,0.0004048137,0.0013429164,0.008227949,0.000109946355,0.0007733646,380,test
0.0038241595,0.0016819059,0.9791221,0.0005731272,0.001828741,0.011692017,0.00019266464,0.0010852512,381,test
0.0020090379,0.00013777957,0.99488044,0.00015232974,0.0003836575,0.002124793,3.2087042e-05,0.0002797762,382,test
0.0028104787,0.0010705086,0.9845708,0.00024628153,0.0014996761,0.008943773,0.00014477732,0.0007136068,383,test
0.9947241,6.7015762e-06,0.0010725714,0.000537923,1.8471785e-05,0.00018822454,0.00019443182,0.0032574448,384,test
0.99704653,3.2970522e-06,0.00035307664,0.00020637107,8.963146e-06,9.656243e-05,0.00021405809,0.002071148,385,test
0.9943963,6.7243955e-06,0.0011047726,0.0005084266,2.1862745e-05,0.0002499254,0.0002043303,0.0035077017,386,test
0.019971007,0.012056675,0.009789414,0.014263741,0.0036238728,0.0049551227,0.020558437,0.9147818,387,test
0.0130458195,0.015636288,0.0054670344,0.039963517,0.0014570293,0.009587521,0.021324726,0.8935181,388,test
0.003869814,0.00054910925,0.98482597,0.0004590446,0.0021482047,0.0073126922,0.000114427596,0.0007206292,389,test
0.9957415,3.434274e-06,0.0005369089,0.00037403795,9.0447675e-06,0.00015674057,0.0002688235,0.0029095595,390,test
0.0044156555,0.09427686,0.08222853,0.002783724,0.07005507,0.72686833,0.013298471,0.0060732807,391,test
0.9909815,3.132685e-05,0.0018072568,0.0009147402,0.00012282186,0.00069999514,0.0004026214,0.0050396645,392,test
0.9932956,6.250621e-06,0.0005866863,0.00024913027,1.6289378e-05,0.00014704687,0.00024122022,0.005457713,393,test
0.0031937538,0.0006434708,0.9863768,0.00036105217,0.0017124768,0.006933779,0.00017172261,0.0006070226,394,test
0.0036689902,0.00047098147,0.98766357,0.00041042705,0.0016208496,0.005508795,0.0001298274,0.00052642013,395,test
0.0033908214,0.00041777184,0.9880171,0.0002654956,0.0017391313,0.005634976,0.000106206484,0.00042852593,396,test
0.005540036,0.001269364,0.9745514,0.0011479161,0.003301666,0.012255922,0.00027733142,0.0016563872,397,test
0.005287782,0.00014626741,0.98882884,0.00018187136,0.0015260468,0.0038172896,7.121166e-05,0.00014069954,398,test
0.0037652303,0.0006154298,0.9870235,0.00038744896,0.0018337172,0.005659432,0.00015433379,0.0005608191,399,test
0.0009002916,0.95568085,0.0043064696,0.00020427616,0.009722588,0.0066017825,0.021102933,0.001480781,400,test
0.003786969,0.00039821814,0.9876201,0.00034933886,0.0026495382,0.004386257,9.533658e-05,0.0007142188,401,test
0.005413435,0.00020252337,0.985707,0.00038737358,0.0019995528,0.005794907,8.3439765e-05,0.00041181175,402,test
0.0028616714,0.0004685292,0.98851043,0.00026427227,0.0014393271,0.0058991644,0.00010326001,0.00045342732,403,test
0.0051129474,0.0011732787,0.9720364,0.00088242634,0.0024608613,0.01644884,0.00023050957,0.0016547705,404,test
0.0006989986,0.9586337,0.0027725245,0.00012594827,0.008098819,0.006176491,0.022307318,0.0011862448,405,test
0.0042051347,0.0007511875,0.9823553,0.00058475044,0.0020851628,0.009188842,0.00010384668,0.0007256999,406,test
0.994622,5.3790386e-06,0.0009781489,0.00010463466,2.4737565e-05,0.00016430367,0.0001747408,0.003926065,407,test
0.012661445,0.00059920043,0.002359896,0.0043322686,0.00016341501,0.0005466031,0.0031803376,0.9761569,408,test
0.99212486,8.610736e-06,0.0011614572,0.00065967755,4.5413944e-05,0.00056475087,0.0004682876,0.004966941,409,test
0.0034836456,0.00023235458,0.9901427,0.00019235573,0.0015071784,0.004072804,6.317447e-05,0.0003058076,410,test
0.0032615296,0.00063551724,0.9858802,0.00036610715,0.0015643298,0.0076582315,0.0001338473,0.00050024164,411,test
0.018905472,0.0041563986,0.93560004,0.0036829042,0.0069716224,0.025011498,0.00094523514,0.0047267308,412,test
0.0011383285,0.95302075,0.0032641238,0.00027933315,0.0098362975,0.006510156,0.023086105,0.002864907,413,test
0.99544805,6.835134e-06,0.0010098754,0.0002625336,2.4324669e-05,0.00021795854,0.00014645245,0.002883963,414,test
0.94945794,0.0004770874,0.011133859,0.00784125,0.0013628342,0.0061054784,0.0036720207,0.019949572,415,test
0.0032260001,0.00057795935,0.98849005,0.00022216496,0.0014320621,0.005415546,0.00015193032,0.00048436332,416,test
0.0025313415,0.0006215953,0.99011797,0.00019390188,0.0016797229,0.0042543015,0.00013844056,0.00046273554,417,test
0.0044062473,0.0012502614,0.9801513,0.0006019278,0.0026948375,0.00959473,0.00023279776,0.0010679207,418,test
0.00409973,0.00025265146,0.99055684,0.00018621837,0.0009676654,0.0035805672,6.847867e-05,0.00028772122,419,test
0.9092241,0.0003215895,0.038180094,0.011920682,0.0017483408,0.011947171,0.003984421,0.022673635,420,test
0.9953387,4.580968e-06,0.0004661645,0.00028235017,1.2660031e-05,0.00012355474,0.00023160398,0.0035403825,421,test
0.99639904,2.4613437e-06,0.0005708604,0.00030594782,8.653574e-06,0.00014899447,0.00016155855,0.0024024302,422,test
0.023696404,0.019330354,0.8749276,0.0058467956,0.014861637,0.053422716,0.0032278544,0.004686617,423,test
0.00068221043,0.96178347,0.0028549894,0.000136788,0.0062899953,0.0059658694,0.021333784,0.00095288677,424,test
0.99632275,2.41947e-06,0.00068921037,0.00022608814,1.314334e-05,0.00015064036,0.00027302874,0.0023226703,425,test
0.98724616,2.519991e-05,0.004422203,0.0013144722,0.00011164251,0.0011170513,0.0005623413,0.005200812,426,test
0.002945408,0.00034718198,0.98922706,0.00028010661,0.0016464655,0.0050418302,8.3297455e-05,0.00042863213,427,test
0.0033112522,0.00024325606,0.9904046,0.00018073601,0.0015824302,0.0038604918,7.298579e-05,0.00034421234,428,test
0.0008518206,0.9605083,0.002642126,0.00016869973,0.0073532015,0.005961773,0.021210656,0.0013034624,429,test
0.005198826,0.0018102656,0.96863425,0.0013890204,0.0023321097,0.018715544,0.00029682298,0.0016230785,430,test
0.9947449,5.8976684e-06,0.00063098234,0.00018655397,1.4715731e-05,0.00014938443,0.00019697225,0.004070647,431,test
0.99548537,4.3022824e-06,0.001316009,0.00051234884,1.5756665e-05,0.00029914116,0.00025338412,0.0021136438,432,test
0.0009541668,0.0005200252,0.0023751678,0.0013796812,0.0001832318,0.99390346,0.0005588721,0.00012536503,433,test
0.0024238105,0.0004240173,0.9915149,0.00020320596,0.0010518492,0.0039543062,9.65679e-05,0.00033139306,434,test
0.9923366,1.3609544e-05,0.0013106401,0.0003269052,4.7083842e-05,0.0003603166,0.00034361883,0.0052612326,435,test
0.002055553,0.00035172602,0.992299,0.000109759145,0.0011618511,0.0036415278,9.93114e-05,0.0002812456,436,test
0.003934109,0.00057819136,0.98382896,0.00054097694,0.0024425518,0.00781861,0.00014478914,0.00071168825,437,test
0.9947547,4.3476985e-06,0.0005268403,0.00023867382,1.1589617e-05,0.00010885502,0.00020051407,0.0041543934,438,test
0.0027362874,0.0006785581,0.9883117,0.00024583444,0.0016439032,0.005736489,0.00013192973,0.0005152918,439,test
0.0023886247,0.011579334,0.03269676,0.0043149753,0.007615739,0.9353017,0.0053544207,0.0007484615,440,test
0.0039300695,0.0005369494,0.9850515,0.00038958053,0.002343543,0.0070167147,0.00014008256,0.00059152767,441,test
0.99488884,3.604958e-06,0.00063502986,0.00034429503,1.068502e-05,0.00017051156,0.00023932691,0.0037077544,442,test
0.0026727756,0.0012966489,0.98435795,0.00039372695,0.0018186091,0.008476996,0.0002236248,0.0007596126,443,test
0.004630982,0.004875611,0.009740306,0.00019546217,0.9754901,0.003609399,0.00073395204,0.0007241132,444,test
0.98291576,6.816643e-05,0.0026789168,0.0010595352,0.00016752214,0.0009535567,0.0013216167,0.0108349165,445,test
0.0043062414,0.0011982019,0.9805125,0.0007577011,0.0021183654,0.009452951,0.00022736953,0.001426661,446,test
0.003226423,0.001741388,0.98093915,0.0005015307,0.001915347,0.0103052035,0.00026409133,0.0011069506,447,test
0.005223334,0.0010619581,0.9790348,0.00071728503,0.0027766207,0.00986016,0.00025331147,0.0010725269,448,test
0.0031971526,0.00029195467,0.9906391,0.00019276993,0.0011440618,0.0040213335,0.000119263896,0.00039428746,449,test
0.01603731,0.22447854,0.053159703,0.038495906,0.11398446,0.28597817,0.10693802,0.16092794,450,test
0.0035090717,0.00050966523,0.98251605,0.0004822016,0.0017172757,0.01060167,0.000112480695,0.0005516139,451,test
0.0035513549,0.0005654148,0.9850788,0.0004601799,0.0018791504,0.0076634465,0.00013673177,0.0006650208,452,test
0.0069353,0.00346939,0.95805126,0.0016093177,0.005618702,0.021121541,0.0006947543,0.002499648,453,test
0.0023252799,3.552439e-06,6.0813687e-05,0.995174,1.259479e-05,0.00016915615,0.00089164916,0.0013629285,454,test
0.9681028,0.00031351697,0.0063355695,0.0038234817,0.00065767596,0.0036575035,0.002738838,0.014370542,455,test
0.0034763385,0.00061628263,0.98618627,0.0004016828,0.0024155206,0.0059351767,0.00012723383,0.0008414572,456,test
0.0013457517,0.0010050165,4.9255814e-05,0.00036656685,0.00062130153,0.000106227206,0.9960155,0.0004902882,457,test
0.9939481,5.579061e-06,0.00062390143,0.00037927902,1.3041913e-05,0.00019795464,0.00028129233,0.0045507383,458,test
0.0029087842,0.00029325177,0.99044865,0.00020274927,0.001414425,0.004298447,7.420891e-05,0.0003594646,459,test
0.0010398283,0.9474588,0.0035245947,0.00025322445,0.00789377,0.007343155,0.030387608,0.0020989731,460,test
0.0035774421,0.0002861348,0.9881258,0.00026189454,0.0013614168,0.0059101535,9.7104414e-05,0.00038006966,461,test
0.9950878,6.726005e-06,0.0006740575,0.0003456064,1.6874556e-05,0.00016798954,0.00030504906,0.0033959504,462,test
0.002773726,0.00040638345,0.98995703,0.00019886537,0.0013202379,0.004889467,9.3881106e-05,0.00036037815,463,test
0.0033512877,0.00066511024,0.9864247,0.0004660902,0.0019894664,0.006167548,0.00014465359,0.000791103,464,test
0.003180058,0.00057654537,0.98585504,0.0003375631,0.0010888848,0.008443896,6.445614e-05,0.00045366326,465,test
0.9971762,2.437967e-06,0.0004667922,0.00031947176,1.0275311e-05,0.00012627084,0.00017642115,0.0017222258,466,test
0.9944569,7.0623914e-06,0.00057512167,0.00036241574,1.3900621e-05,0.0001321788,0.0002599643,0.004192517,467,test
0.0037862575,0.00021660213,0.9892419,0.00020411346,0.0016494377,0.004506161,6.5355714e-05,0.00033013933,468,test
0.00613014,0.0018687537,0.9726672,0.0008652768,0.0037931998,0.012577494,0.00044320594,0.00165473,469,test
0.004481771,0.0002878228,0.9893986,0.00021732926,0.0013532472,0.0038318406,9.509764e-05,0.000334356,470,test
0.003796419,0.0006257446,0.98415667,0.0005122117,0.0014798815,0.008644446,0.00015876826,0.0006258753,471,test
0.0043267556,0.00024509444,0.98799497,0.00017454194,0.0017487234,0.0051292223,5.957465e-05,0.0003210526,472,test
0.0034472223,0.00060862524,0.9840463,0.00044247948,0.0019783992,0.008808547,0.00012465827,0.0005437034,473,test
0.004972765,0.0007171638,0.98093456,0.0007206123,0.0028311908,0.008759106,0.00014310141,0.0009214961,474,test
0.0024290492,0.00041943538,0.9901556,0.00017159694,0.0011939057,0.005196566,8.604178e-05,0.0003477638,475,test
0.0029803724,0.00058851624,0.9876375,0.000287382,0.0018425814,0.0058035795,0.00018056945,0.0006794659,476,test
0.007669411,0.0024749949,0.9611431,0.001374478,0.004029332,0.020613862,0.00029795629,0.0023968383,477,test
0.004758334,0.00023640491,0.9848718,0.00033006078,0.0025669,0.0066939215,7.1579845e-05,0.0004710744,478,test
0.00047085338,0.9654197,0.0013793422,6.895885e-05,0.004696145,0.0046182754,0.022667289,0.00067931134,479,test
0.99639505,3.9214246e-06,0.0004463116,0.00028135974,1.2377526e-05,0.000110557085,0.00021240921,0.0025380037,480,test
0.0026416045,0.000453552,0.99012965,0.00019115502,0.0012039652,0.0049058883,9.204192e-05,0.0003821194,481,test
0.009434819,0.001076385,0.0026442052,0.004935124,0.00025954132,0.0010448414,0.0038864685,0.97671854,482,test
0.0076661445,0.296729,0.053931452,0.0061438866,0.22842215,0.3496714,0.045566533,0.011869374,483,test
0.00091322744,0.95737326,0.0049871155,0.00021238632,0.009037922,0.005616806,0.020154623,0.0017046258,484,test
0.004083473,0.0019179131,0.97586083,0.00083510287,0.0025936854,0.013283881,0.00032654603,0.0010985456,485,test
0.0036958375,0.0014614777,0.97865534,0.0009622494,0.002459497,0.011368521,0.00025797612,0.0011391083,486,test
0.004877508,0.00019343881,0.9870509,0.00033469492,0.001731343,0.005387054,6.538508e-05,0.00035970402,487,test
0.007560251,0.0010268098,0.0024130046,0.0042987363,0.00022662838,0.00067428104,0.0039669964,0.97983336,488,test
0.0058237687,0.00046315772,0.98416185,0.00031438083,0.00173408,0.0068820063,0.00012918377,0.00049160176,489,test
0.99522394,5.5260184e-06,0.0005298279,0.00026907044,1.5505198e-05,0.00012573214,0.00023752608,0.0035928276,490,test
0.0031973347,0.00014350697,0.9926002,8.983092e-05,0.0015058045,0.0022184567,6.431356e-05,0.00018048866,491,test
0.0032608868,0.00036107824,0.98854625,0.0002360109,0.0012450182,0.0057673957,0.00012387469,0.00045953106,492,test
0.0042328467,0.0008744768,0.9789282,0.00080565026,0.0022137496,0.01192122,0.0001846641,0.0008392975,493,test
0.0036311133,0.0003955522,0.9861174,0.000393077,0.0020780351,0.0066845436,0.00012477263,0.0005754849,494,test
0.0030098187,0.00015742521,0.992486,8.358669e-05,0.0012609274,0.0027605544,5.449864e-05,0.00018712935,495,test
0.00037605947,0.00043557378,0.0022994468,0.0006316129,0.00017029163,0.99585766,0.00019602447,3.326724e-05,496,test
0.0036626204,0.00016202776,0.9892524,0.00016846372,0.0017334479,0.004673619,5.136776e-05,0.00029601972,497,test
0.003382689,0.0003703487,0.98667634,0.00033850063,0.0009574104,0.007702957,9.8338554e-05,0.00047340523,498,test
0.014934945,0.0022365977,0.9595789,0.0017815147,0.0064783837,0.009644932,0.0005285579,0.0048161373,499,test
0.002879782,0.00038277957,0.9902085,0.0001669267,0.0011824475,0.0047783996,9.0376525e-05,0.00031070472,500,test
0.0033952815,0.0003593802,0.98944443,0.00018560012,0.001752364,0.0042819087,9.444829e-05,0.0004865216,501,test
0.003455271,0.0018340745,0.0048014666,4.056288e-05,0.98819077,0.0006883912,0.000727937,0.00026162196,502,test
0.0026078003,0.00067756145,0.9889782,0.00022647802,0.0014801308,0.005438993,0.00013414361,0.00045673703,503,test
0.020078974,0.0026366666,0.00630589,0.015356897,0.0013598613,0.005305744,0.022484057,0.92647195,504,test
0.99695265,3.568512e-06,0.00070202333,0.00029145437,1.1500154e-05,0.00014315538,0.00018140113,0.0017143002,505,test
0.0027188933,0.0009052972,0.987717,0.00035617928,0.0018428509,0.0056724246,0.00018902293,0.0005983426,506,test
0.005875043,0.0029742778,0.96582264,0.0011149,0.005672409,0.015922371,0.0004917124,0.0021266018,507,test
0.7615349,0.0024752093,0.096294455,0.034156002,0.011015345,0.035607774,0.0040008286,0.054915547,508,test
0.00701865,0.0018821039,0.9711613,0.0018396169,0.0037331288,0.012097184,0.0004554909,0.0018125029,509,test
0.0031073529,0.00034566483,0.9888996,0.00024415093,0.0017902517,0.0049992744,9.26392e-05,0.00052101526,510,test
0.0007614236,0.0010330444,0.0034263507,0.00045957047,0.00016506396,0.9925175,0.0010137638,0.00062321883,511,test
0.9884741,1.586987e-05,0.0024043971,0.0011526174,9.162471e-05,0.0005430283,0.00051493774,0.006803343,512,test
0.019139588,0.21016146,0.08846565,0.0046256846,0.4545384,0.18385528,0.028717753,0.01049614,513,test
0.0033195815,0.0003998429,0.98827064,0.00036927438,0.0019225442,0.0051614144,0.00011850664,0.00043822112,514,test
0.002868409,0.0003394809,0.98786384,0.00035577,0.0016041916,0.0064684437,9.312391e-05,0.0004066161,515,test
0.004607955,0.00016097352,0.9877658,0.00037516144,0.0019031985,0.0046153353,6.2960935e-05,0.00050854724,516,test
0.9477189,0.00058318116,0.013521244,0.003781495,0.0021299114,0.006998251,0.0030645241,0.02220242,517,test
0.0040387805,0.00039609143,0.9859168,0.0003691394,0.0018369388,0.0066321734,9.20649e-05,0.00071810605,518,test
0.99065053,2.9381396e-05,0.0022257627,0.0010045744,0.00014554885,0.00060885155,0.0007034988,0.0046319403,519,test
0.0026739207,0.0003684073,0.9867915,0.00050648424,0.0017089794,0.0074095693,0.0001036535,0.00043748386,520,test
0.98583186,2.6510537e-05,0.002238866,0.00052138814,7.051627e-05,0.00040271156,0.00087383884,0.010034208,521,test
0.9906942,1.0910536e-05,0.0022341644,0.00091433455,5.602319e-05,0.0005690394,0.00044505938,0.0050763194,522,test
0.0027060227,0.0001269521,0.99305856,8.401014e-05,0.0014769327,0.0023090118,5.3973945e-05,0.00018457898,523,test
0.9920306,1.4150197e-05,0.0016375484,0.0007772104,7.452433e-05,0.00047711606,0.00047063603,0.00451822,524,test
0.034827415,0.0069176075,0.009453228,0.01980117,0.0019202642,0.0038096204,0.016770149,0.9065005,525,test
0.0024847656,0.00034373824,0.9875372,0.0003459911,0.0014220921,0.0073908186,9.593214e-05,0.00037939256,526,test
0.00055942417,0.95638186,0.0019267676,0.00011161643,0.004908819,0.004539816,0.030437514,0.00113416,527,test
0.0035659762,0.00024050662,0.9882731,0.0002740238,0.0016234105,0.0054841703,0.00010747918,0.00043142616,528,test
0.0049684984,0.005943673,0.008331055,8.884564e-05,0.9766807,0.001664249,0.0020615382,0.0002614341,529,test
0.0019877702,0.00043628365,0.98827654,0.00031062035,0.0013742658,0.0072351308,0.00010735478,0.00027205492,530,test
0.99150753,1.8712228e-05,0.0020522296,0.000618358,9.699007e-05,0.0004937958,0.00039076747,0.0048215375,531,test
0.004623872,0.8981041,0.011106458,0.0010753901,0.023440663,0.015996981,0.036982045,0.008670645,532,test
0.0030020224,0.00042617746,0.9854294,0.00052555755,0.0017534781,0.008311556,0.00010421766,0.00044753088,533,test
0.008984621,0.0017924927,0.0040182187,0.008831751,0.00046939423,0.0012787275,0.007054315,0.9675705,534,test
0.98914075,1.4829505e-05,0.0026326245,0.00033990707,6.25507e-05,0.00046252538,0.00039087166,0.006956023,535,test
0.0036638293,0.00077193265,0.9829056,0.00045866228,0.0025873499,0.008835067,0.00021610243,0.0005614716,536,test
0.0037908626,0.0017974186,0.96860474,0.0013231884,0.0030747058,0.019835843,0.00037589305,0.0011974007,537,test
0.0034637796,0.00037136965,0.98600394,0.00044914027,0.0017419254,0.0072088204,0.00014891125,0.0006121656,538,test
0.98431027,3.9497354e-05,0.0037314713,0.001213838,0.00015129668,0.00050857593,0.0011201195,0.008924973,539,test
0.006854689,0.0022850838,0.004285711,0.0075648385,0.0008687004,0.0023686506,0.006833213,0.968939,540,test
0.012631194,0.20077081,0.034840584,0.0034270913,0.14833151,0.34460145,0.08144836,0.17394902,541,test
0.004564338,0.00065632607,0.9742768,0.001476545,0.002082685,0.015906595,0.00014713791,0.00088963704,542,test
0.0039462266,0.0010449367,0.97802645,0.0010694239,0.0024890068,0.012030814,0.00024579864,0.0011474289,543,test
0.0028647645,0.0003482334,0.9899012,0.00021965393,0.0013003892,0.0049357917,9.247375e-05,0.0003375028,544,test
0.0024954313,0.00026406397,0.9892791,0.00034362776,0.0014762562,0.00570555,7.7361205e-05,0.00035863102,545,test
0.001679307,0.014236288,0.00067419326,0.0016240474,0.0020383548,0.001535502,0.9756123,0.0025999495,546,test
0.002076585,0.0019383265,0.01923992,0.0004835462,0.0004500068,0.9684132,0.0016284019,0.0057700877,547,test
0.019279191,0.0037544097,0.9030378,0.008682756,0.013073664,0.041279685,0.0008699827,0.010022434,548,test
0.9878241,2.5819776e-05,0.0024340488,0.0004916616,8.128595e-05,0.0005086902,0.0011421351,0.0074922913,549,test
0.99064016,1.5219567e-05,0.0016025605,0.00049151253,6.581908e-05,0.00043161237,0.00044437777,0.0063088047,550,test
0.0034903358,0.00060249184,0.9783919,0.0008198203,0.0018797371,0.014092102,0.00013483032,0.00058879954,551,test
0.00053141563,0.0011544682,0.006150083,0.0008321292,0.0011153654,0.9894789,0.0005125964,0.00022507731,552,test
0.0039519076,0.0005021999,0.9816969,0.00067672384,0.0028249812,0.009461549,0.00015600312,0.0007297161,553,test
0.0003021589,0.00046941143,0.0012012331,0.001141388,6.872883e-05,0.99593854,0.0006667315,0.00021188207,554,test
0.992161,9.298963e-06,0.001969291,0.0004547695,4.964299e-05,0.00039028755,0.00039650683,0.0045691594,555,test
0.004284977,0.0005903267,0.9770055,0.0010525492,0.0026730087,0.013574775,0.00014640582,0.0006724546,556,test
0.9880052,2.4358014e-05,0.003103866,0.0012469674,0.00016615404,0.0005850575,0.0005487978,0.006319525,557,test
0.003258857,0.00021006716,0.98756206,0.0003744427,0.0015053819,0.0066945567,5.8795038e-05,0.00033578434,558,test
0.002875523,0.00025309753,0.9893076,0.00021119902,0.0013824246,0.005505937,9.853753e-05,0.00036562912,559,test
0.992649,1.633929e-05,0.0013749574,0.00078133197,7.0210146e-05,0.00042767034,0.0005776502,0.0041028275,560,test
0.0031641677,0.00029035966,0.98869073,0.00022906227,0.0015464589,0.005642369,7.709196e-05,0.00035967783,561,test
0.00357181,0.00027542905,0.98737293,0.00026633605,0.002737364,0.0050415574,0.0001001572,0.0006343713,562,test
0.002906277,0.0009146245,0.9848739,0.0004257242,0.002637224,0.0073902598,0.00020472983,0.0006472628,563,test
0.0040430008,0.00044170683,0.9815834,0.0008490729,0.0022691174,0.0099694505,0.00012463666,0.0007196881,564,test
0.0041457955,0.00022009703,0.98648226,0.00028073892,0.003025545,0.0051989565,0.000104470084,0.000542231,565,test
0.003497226,0.0008628605,0.9807395,0.00071783876,0.0026875043,0.010527163,0.00019186348,0.0007761488,566,test
0.0029569573,0.00031408668,0.9870499,0.00038849123,0.0016522108,0.007103275,8.8274515e-05,0.0004469094,567,test
0.9884292,1.8661196e-05,0.001904306,0.00052819884,8.8633395e-05,0.0003643281,0.00047724182,0.008189354,568,test
0.9933983,9.885967e-06,0.0013242601,0.0004645244,4.267955e-05,0.00034240514,0.0004709434,0.0039471285,569,test
0.98853403,2.5488182e-05,0.0029198292,0.0024712526,0.0001458372,0.00082550023,0.0005401473,0.0045378054,570,test
0.012564874,0.001939785,0.9528835,0.0019062203,0.006656682,0.019242823,0.0003683788,0.0044377157,571,test
0.00038041503,0.0008916364,0.0035831248,0.0006937681,0.00056689134,0.9931578,0.00055621564,0.00017015531,572,test
0.0026477291,0.0008003047,0.98371744,0.00042738148,0.0018966061,0.009808966,0.00020838944,0.0004931705,573,test
0.0026229138,0.00041929036,0.98965234,0.00024679388,0.001312354,0.0053645503,0.00010260924,0.00027909034,574,test
0.0015521563,0.0013210867,0.0032591315,2.1996671e-05,0.99279296,0.0005562346,0.0004122418,8.424856e-05,575,test
0.0029663397,0.00041261208,0.9852905,0.0003225102,0.0017817544,0.008633904,0.00013600857,0.00045623412,576,test
0.0025081136,0.00047687348,0.98862565,0.00024925204,0.0015590858,0.006092023,0.00013089618,0.00035811312,577,test
0.008598211,0.0023412607,0.0035388088,0.006206389,0.0007103693,0.0025110382,0.0056086816,0.97048527,578,test
0.20950928,0.40470636,0.03478511,0.011948666,0.04336347,0.054178115,0.08646314,0.15504587,579,test
0.0050748424,0.0019925565,0.96755546,0.0015704652,0.0037473803,0.017701294,0.00045521013,0.0019027283,580,test
0.9821952,4.888996e-05,0.004606159,0.0006885598,0.00022624368,0.0008888567,0.00085869356,0.010487349,581,test
0.0027113862,0.00031862437,0.9894415,0.00022285798,0.0015787972,0.0052938033,9.5898664e-05,0.0003370512,582,test
0.9878814,2.0745167e-05,0.0020583158,0.00063900463,8.822823e-05,0.0004464762,0.0005510763,0.00831467,583,test
0.99218327,1.09777275e-05,0.002140146,0.0007830479,7.640093e-05,0.00043619462,0.00034449852,0.004025419,584,test
0.003930491,0.0006424313,0.9775745,0.0009450593,0.0018212126,0.014114275,0.00018193749,0.0007900638,585,test
0.0037551653,0.00033839417,0.9839684,0.00061729475,0.000999822,0.009773969,7.894857e-05,0.00046792367,586,test
0.0037406553,0.00019829786,0.98631984,0.00044254403,0.002149678,0.0066960007,8.518418e-05,0.0003678327,587,test
0.014456295,0.0052146222,0.006179806,0.01104305,0.0010866579,0.0017746411,0.015643,0.9446019,588,test
0.0040439134,0.0004908224,0.9797767,0.0008904083,0.0027956923,0.011183756,0.00015046432,0.000668292,589,test
0.0030230086,0.00024159679,0.99026114,0.00019770676,0.001416343,0.004513287,8.5267144e-05,0.00026175333,590,test
0.017489176,0.0148846945,0.016396716,0.027386818,0.013578757,0.011049922,0.89507395,0.004139934,591,test
0.9771707,8.162837e-05,0.0070437584,0.002324088,0.00030561653,0.0021549256,0.0008909067,0.010028351,592,test
0.98579735,3.317657e-05,0.0022900156,0.000701004,0.0001290252,0.0004893736,0.00081080536,0.009749254,593,test
0.0062010107,0.0017698938,0.0048948303,0.0072091455,0.00045437212,0.0024894748,0.0051117893,0.9718695,594,test
0.9891116,2.2698636e-05,0.0025525643,0.00088963256,0.00012055252,0.00051766855,0.0005051401,0.0062801945,595,test
0.9931252,1.0424982e-05,0.0014190123,0.00051676703,6.042365e-05,0.0002924622,0.00030678287,0.0042690323,596,test
0.004153893,0.0001221916,0.99082595,0.00013224884,0.0017476127,0.002746236,6.653327e-05,0.00020538925,597,test
0.004050806,0.0024696486,0.9711048,0.0005772343,0.004974408,0.014725857,0.0005108697,0.0015863231,598,test
0.8098754,0.0041428856,0.08249033,0.0031770635,0.011950238,0.032472327,0.0076913433,0.04820033,599,test
0.99388534,7.586559e-06,0.0012397942,0.00055630284,4.298226e-05,0.00029543767,0.0003462621,0.0036262793,600,test
0.002765076,0.00020211148,0.98952466,0.0002812497,0.0016764599,0.005083954,7.5228745e-05,0.00039124436,601,test
0.99141276,1.17520185e-05,0.0023254359,0.0009976778,7.578233e-05,0.0005017155,0.00043458515,0.004240369,602,test
0.9913434,1.1222121e-05,0.0020817192,0.0013395968,8.559657e-05,0.00055130146,0.0003969444,0.0041903164,603,test
0.99280965,1.3545912e-05,0.0016561823,0.0008141065,6.226058e-05,0.00038749646,0.00036547674,0.0038912406,604,test
0.99228525,1.3478954e-05,0.0019787524,0.00058741664,8.065867e-05,0.0004476256,0.00037543676,0.0042312876,605,test
0.99325573,1.0132212e-05,0.0016320521,0.00072054955,5.9310794e-05,0.00038603068,0.00035167625,0.003584401,606,test
0.99119955,1.3431835e-05,0.0018087339,0.0005757768,8.842248e-05,0.00034317505,0.00040574037,0.005565287,607,test
0.0024554166,0.0003428191,0.98904324,0.00027536217,0.0012889158,0.0061863437,9.415311e-05,0.0003136513,608,test
0.9937308,8.004608e-06,0.0013171907,0.00037353495,4.2533666e-05,0.00028922563,0.00037082817,0.0038680288,609,test
0.00024724743,0.00113939,0.0017549616,0.0007704894,0.00030356928,0.9949654,0.00072853744,9.0467256e-05,610,test
0.003269961,0.00064472924,0.9851177,0.00041455423,0.0021492736,0.0076278048,0.00019079108,0.0005851384,611,test
0.9902479,1.5252286e-05,0.0015019553,0.00041815624,7.187777e-05,0.0002742443,0.00045816225,0.007012362,612,test
0.00076423504,0.010544135,0.0106222,0.00080000417,0.0040596523,0.97009754,0.002368837,0.00074340415,613,test
0.005215195,0.00039101805,0.98252213,0.00024404684,0.0017844905,0.009340557,0.00010670934,0.00039584367,614,test
0.6862875,0.053230442,0.018062158,0.0091995,0.019796442,0.025676286,0.05867099,0.12907664,615,test
0.00044083621,0.9731896,0.0017930261,5.8770955e-05,0.005541337,0.004111135,0.01428415,0.0005811601,616,test
0.004768197,0.00019612358,0.9857276,0.0004467157,0.0022764744,0.0060062595,9.526939e-05,0.00048326686,617,test
0.004811219,0.0010468249,0.9761623,0.00060481345,0.0028402172,0.013353498,0.000312905,0.000868266,618,test
0.9923178,1.59438e-05,0.0017941814,0.00068279775,7.872513e-05,0.00044072967,0.00051534653,0.00415445,619,test
0.0037136008,0.0004228233,0.98490715,0.00038466678,0.0019724392,0.0079092095,0.00011219162,0.0005777981,620,test
0.987497,4.2526266e-05,0.0015307601,0.0006213921,0.00011768874,0.0005331642,0.0009783182,0.008679231,621,test
0.9927331,9.448378e-06,0.001376271,0.0003575269,5.0150415e-05,0.00027411125,0.00035222436,0.0048470316,622,test
0.0038142458,0.0007284984,0.98476255,0.00028565922,0.0013914793,0.007992312,0.00016416957,0.0008611679,623,test
0.7820235,0.0044355267,0.06398215,0.013441631,0.0072783674,0.042094264,0.010848037,0.07589657,624,test
0.0057683703,0.0020181881,0.004176478,0.0062335306,0.00055867445,0.0024822822,0.006456234,0.97230625,625,test
0.99170285,8.973563e-06,0.0016627263,0.00086202833,4.1384737e-05,0.00044043575,0.0004615542,0.004820048,626,test
0.0039947126,0.00021213958,0.9863452,0.00029170586,0.0023743738,0.0061349627,8.603604e-05,0.0005609666,627,test
0.0025401167,0.00048157887,0.9865807,0.00032307173,0.0017914503,0.0077613867,0.00012932073,0.00039227135,628,test
0.0020987047,0.00029829715,0.99035335,0.00021256214,0.0014337706,0.0051767873,6.8722475e-05,0.00035782615,629,test
0.0034251886,0.00085664063,0.9789434,0.00068760477,0.0017393589,0.013590797,0.00014402109,0.000613034,630,test
0.0028681485,0.0005957221,0.98542887,0.0003570823,0.0018588428,0.008225807,0.00018050546,0.0004850235,631,test
0.9658212,0.00033583335,0.0054416964,0.0041428576,0.00067385484,0.0028175258,0.0034303658,0.0173366,632,test
0.0035661065,0.0002220697,0.9881396,0.00036278323,0.0023672958,0.004770845,7.511894e-05,0.0004961109,633,test
0.004654853,0.0002367931,0.984797,0.000434691,0.0034132744,0.0057405727,9.626523e-05,0.0006265463,634,test
0.0030495941,0.00050407613,0.9827073,0.00060875283,0.0020158584,0.010541181,0.00013949341,0.00043365982,635,test
0.00033259785,0.97398055,0.0015674137,4.603962e-05,0.004618199,0.0036665734,0.01530288,0.0004857309,636,test
0.0001977659,0.00032119837,0.001124164,0.00044281452,0.00016093212,0.9975745,0.00015542126,2.318332e-05,637,test
0.004180735,0.00020370506,0.9852695,0.00052189344,0.002677577,0.006596844,8.382311e-05,0.00046589525,638,test
0.003868542,0.0006076652,0.9817457,0.0006147531,0.0023389484,0.00998363,0.00017078748,0.0006700519,639,test
0.0019892077,0.00040579794,0.98568153,0.00031556757,0.0008976897,0.010250243,7.299628e-05,0.00038703546,640,test
0.0018337534,0.00051508204,0.9888355,0.00026830955,0.00091270707,0.0069234446,9.816306e-05,0.00061300216,641,test
0.9897646,8.518412e-06,0.0035550126,0.000816706,7.61785e-05,0.0006282458,0.00036005545,0.0047906023,642,test
0.9905013,7.9425035e-06,0.0025215182,0.00097114086,6.746674e-05,0.00060761545,0.00053693616,0.004786155,643,test
0.002485572,0.00049580436,0.9885118,0.00017278548,0.0018551404,0.005615949,0.00011656637,0.0007463667,644,test
0.0017801896,0.00021950742,0.993341,0.000115402654,0.0008586559,0.0033806683,5.397663e-05,0.00025047196,645,test
0.0031702635,0.0019940732,0.9739561,0.0007784514,0.0025085404,0.01585308,0.0002683371,0.0014711873,646,test
0.001811207,0.00037687534,0.99031913,0.0001543509,0.0010474193,0.0056589157,9.4518255e-05,0.0005375887,647,test
0.0021986905,0.0008657644,0.9856052,0.0004095664,0.0011718696,0.008798852,0.00012308778,0.0008269876,648,test
0.000716967,0.00038322678,0.99333763,7.4095195e-05,0.00041180314,0.0047320114,5.5381806e-05,0.00028889455,649,test
0.025725449,0.010656955,0.8445578,0.006783909,0.011080597,0.07558722,0.001687388,0.023920603,650,test
0.9807782,5.170206e-05,0.0051134545,0.0008849331,0.00026720355,0.0013858561,0.00049030466,0.011028344,651,test
0.0013831136,0.000225322,0.99277323,0.00014813112,0.0006783493,0.0043879817,5.294305e-05,0.00035095087,652,test
0.0017194409,0.00028834993,0.9926277,0.0001319923,0.0006432453,0.0041910857,7.485333e-05,0.00032334926,653,test
0.98414373,4.1344647e-05,0.0018967614,0.0007233657,0.00013205958,0.00048821382,0.00091266603,0.011661851,654,test
0.0013522487,0.0003793573,0.9912072,0.00016130637,0.00056541164,0.0058940654,7.96891e-05,0.0003608757,655,test
0.0017383734,0.00037714132,0.9925965,7.9647754e-05,0.0009084998,0.0037578058,7.3817755e-05,0.00046818596,656,test
0.990571,6.9134294e-06,0.0018680027,0.0007032096,3.3022727e-05,0.0004782755,0.00036358327,0.0059759156,657,test
0.0011036458,0.0003099783,0.9930403,8.035767e-05,0.00061056425,0.004509538,6.296354e-05,0.0002825177,658,test
0.0011562812,0.0002972487,0.99314076,9.748403e-05,0.0005954351,0.0043895436,6.139815e-05,0.00026186917,659,test
0.989787,7.425511e-06,0.002024427,0.00036085062,5.0213035e-05,0.0003786657,0.00043240693,0.006958995,660,test
0.0029242248,0.000104303,0.99329305,0.00014455263,0.0009382746,0.0022712916,7.7262324e-05,0.00024714536,661,test
0.98641557,3.3739976e-05,0.0028164603,0.0010045095,0.00016148348,0.00056834106,0.00060808193,0.008391824,662,test
0.0012813138,0.00032333133,0.9915765,0.00012185483,0.0006581567,0.005712,6.1966224e-05,0.00026491456,663,test
0.001810773,0.00022960146,0.99138194,0.0002134884,0.0007751197,0.0051712263,5.7075307e-05,0.00036072102,664,test
0.00018911192,0.981447,0.0009344553,2.2856751e-05,0.0036005322,0.0021543724,0.011224601,0.00042715922,665,test
0.9940435,6.9477887e-06,0.0017669701,0.00041236918,5.5161894e-05,0.00032345983,0.00025215256,0.0031393215,666,test
0.0009905292,0.00071465544,0.0022451994,8.324995e-06,0.99552107,0.00025134694,0.00021217273,5.657375e-05,667,test
0.98512566,4.249067e-05,0.0018639799,0.00078398985,0.00013291175,0.00040365616,0.0007616523,0.010885649,668,test
0.9816565,4.4937504e-05,0.0017547697,0.0009575456,0.00011451361,0.00037664696,0.0009867682,0.014108364,669,test
0.002097148,0.00065075565,0.987743,0.00018494288,0.0014991323,0.0069937333,0.00013740314,0.0006938534,670,test
0.0017263332,0.00075494766,0.986545,0.00020186855,0.0011513629,0.008942175,0.00012661376,0.00055164716,671,test
0.9741632,5.762667e-05,0.0037146835,0.0019265983,0.00024270552,0.000830716,0.0018997036,0.017164724,672,test
0.9925128,8.1030585e-06,0.0011183209,0.0006459934,3.584079e-05,0.0002858018,0.00035718264,0.0050359317,673,test
0.98819554,1.533531e-05,0.0034466912,0.0005272278,0.000104936546,0.0004062413,0.00048245917,0.006821553,674,test
0.0012133849,0.00033829603,0.99214774,0.00013174013,0.00057446543,0.005222592,6.3085376e-05,0.00030883428,675,test
0.0016411949,0.00017201327,0.99321234,0.00013024638,0.0007134028,0.0036946998,3.274289e-05,0.0004033054,676,test
0.7610093,0.010744296,0.028447809,0.023875928,0.011029294,0.021413762,0.018900076,0.124579616,677,test
0.0012551341,0.0009735567,0.98830205,0.00010567086,0.0009851656,0.007700608,0.00016045335,0.00051740295,678,test
0.0025921704,0.0009529918,0.9795792,0.0005704894,0.0017565174,0.013482586,0.0001572776,0.00090877485,679,test
0.0011069839,0.0006540125,0.9923665,8.886764e-05,0.00083198614,0.004291504,9.4347386e-05,0.0005657362,680,test
0.23383904,0.033964302,0.3006839,0.034169227,0.08668731,0.09842,0.019689167,0.19254708,681,test
0.00022470424,0.0012467336,0.00499016,0.0020445776,0.0008170035,0.98954165,0.00085762574,0.00027752906,682,test
0.98623395,1.9299829e-05,0.0021296646,0.0003368917,8.397401e-05,0.00037223057,0.00059378496,0.010230203,683,test
0.9947072,5.322971e-06,0.0012285659,0.00039071083,3.0327772e-05,0.00019340988,0.00021917821,0.0032251864,684,test
0.98896575,8.332736e-06,0.0015099711,0.00031333283,4.302404e-05,0.00022929626,0.00033188128,0.0085983975,685,test
0.9876544,3.571395e-05,0.0018496915,0.00050393865,8.988614e-05,0.00055815186,0.00071317947,0.008595059,686,test
0.00024826088,0.9783759,0.0009418716,2.807642e-05,0.0032214094,0.0026331674,0.0140195275,0.00053179346,687,test
0.97282207,4.1222524e-05,0.005107787,0.00064994674,0.00018065976,0.00066105096,0.0006758683,0.019861415,688,test
0.001286155,0.00022893549,0.99323684,0.00013621133,0.0006797721,0.0040744687,5.3403368e-05,0.00030417804,689,test
0.9727118,0.00013007324,0.0023731545,0.0011870216,0.00039434552,0.0007137976,0.001895683,0.020594114,690,test
0.99114215,1.6995264e-05,0.0022439496,0.0016133202,7.737566e-05,0.0006336752,0.0004454093,0.0038270284,691,test
0.002085753,0.00024803617,0.990829,0.0002881669,0.00089835486,0.005067174,6.6970504e-05,0.0005165649,692,test
0.0014117699,0.00031482283,0.99279046,6.4619846e-05,0.0007633076,0.0042264047,6.8891655e-05,0.0003597866,693,test
4.558396e-05,0.0001359232,0.0005429107,0.00033029413,2.6970694e-05,0.9988047,0.00010518698,8.277905e-06,694,test
0.93890846,0.00042809092,0.009323767,0.0048242584,0.0007976403,0.0036568034,0.004312553,0.037748497,695,test
0.9637738,0.00015717524,0.01068813,0.0030844181,0.0010700757,0.003526691,0.001572916,0.01612677,696,test
0.990484,1.3426593e-05,0.0012250374,0.0006704775,5.0209357e-05,0.0002937647,0.00041813948,0.0068450263,697,test
0.0018687724,0.0003741799,0.9913345,0.00022094561,0.00093483407,0.0046242876,9.118815e-05,0.0005512568,698,test
0.01508091,0.08560551,0.74966025,0.0030965037,0.027387511,0.103646085,0.008078178,0.0074449936,699,test
0.0019107366,0.0005685009,0.9861144,0.00029810437,0.0010574725,0.009322725,0.000115656134,0.0006124106,700,test
0.0018771309,0.00036542755,0.98916304,0.00018661865,0.0008835824,0.006948121,9.052103e-05,0.00048553283,701,test
0.0016914654,0.000663594,0.9878725,0.00029611634,0.0011058381,0.0076143313,0.00012960123,0.00062641635,702,test
7.222779e-05,3.9470437e-05,0.0002419869,0.0005340584,2.476841e-06,0.99877125,0.0002815234,5.7028443e-05,703,test
0.0018369961,0.00026350972,0.99104846,0.00024323691,0.00076472305,0.0052988045,6.1303e-05,0.00048293854,704,test
0.98904896,1.685492e-05,0.003076468,0.0005121756,0.00013865902,0.00047305456,0.0005689081,0.006164927,705,test
0.0022422469,0.00031060455,0.9874698,0.00035801847,0.00094467046,0.0080858255,7.473665e-05,0.0005140752,706,test
0.008142382,0.004574764,0.95090294,0.0026134348,0.0052316645,0.025860297,0.0005511011,0.0021233733,707,test
0.0024760966,0.00068184675,0.9829298,0.00029131884,0.001499187,0.0113072395,0.00014625357,0.0006683003,708,test
0.9786901,8.563912e-05,0.0029608284,0.00087206194,0.00028364282,0.0008308982,0.0019931914,0.0142836785,709,test
0.0020679347,0.00026194646,0.9927938,9.191985e-05,0.001255462,0.0031033682,6.169689e-05,0.00036396692,710,test
0.002095457,0.00057290646,0.98845506,0.00022541553,0.0010320325,0.006948136,0.00010153329,0.0005693696,711,test
0.0015753863,0.00014038365,0.99495196,5.541022e-05,0.0005151216,0.0025801181,4.195718e-05,0.00013972222,712,test
0.98686606,2.4953853e-05,0.0029202446,0.0016031574,0.000114287555,0.0008018991,0.00044317436,0.007226327,713,test
0.99360317,8.570733e-06,0.0016990742,0.00048158845,5.8092646e-05,0.00037769554,0.0004435245,0.0033283855,714,test
0.9908167,1.1637583e-05,0.0014337186,0.0007991631,4.5877307e-05,0.00028287282,0.00032861865,0.0062814015,715,test
0.0014739903,0.00019040628,0.9918778,0.0001730116,0.0007535643,0.0052423715,4.0538907e-05,0.00024836336,716,test
0.0014302218,0.0005110687,0.0006621758,0.0024117713,0.00010913263,0.00026809846,0.0018140182,0.99279356,717,test
0.9926789,6.660727e-06,0.0009367462,0.000757705,2.3284876e-05,0.0003042128,0.00032725034,0.0049652336,718,test
0.0015964176,0.0002933366,0.99154425,0.00021478429,0.0007287913,0.005114642,6.983707e-05,0.000437897,719,test
0.0052003562,0.003824784,0.9753636,0.00050299644,0.002808664,0.0077744746,0.00051683304,0.004008255,720,test
0.0020529854,0.0015529175,0.0016713407,0.013844304,0.0001678655,0.0023587358,0.0037045055,0.9746474,721,test
0.99424994,4.7331646e-06,0.0011612392,0.00017371126,3.4014203e-05,0.00015772649,0.00025330196,0.003965329,722,test
0.013351758,0.022898175,0.005963143,0.015373144,0.0046516983,0.0021193847,0.040861003,0.8947817,723,test
0.0013418009,0.00038691697,0.99117976,0.00011507187,0.0006472756,0.005815306,7.604815e-05,0.0004377692,724,test
0.004924868,0.0027712157,0.9701817,0.00087579666,0.0037196449,0.015720382,0.0002229398,0.0015834298,725,test
0.0018622467,0.0002226833,0.9924275,0.00013504093,0.0008568156,0.003991245,7.352776e-05,0.00043087627,726,test
0.9910416,9.316185e-06,0.0011605609,0.0006392957,4.230863e-05,0.00035793075,0.00055877713,0.00619028,727,test
0.99396694,6.9773055e-06,0.0010463084,0.0004279477,3.8043985e-05,0.0002469051,0.00038922727,0.003877695,728,test
0.0011466359,0.00036543352,0.9929773,8.188052e-05,0.0006150479,0.0044094166,7.6395314e-05,0.00032780206,729,test
0.0011651418,0.0002824003,0.9929004,7.6466575e-05,0.00058450503,0.004671991,5.4345306e-05,0.0002648426,730,test
0.0017792571,0.00016769642,0.9933648,0.00010397494,0.0010305743,0.0031662304,4.7132307e-05,0.00034039406,731,test
0.8899141,0.0008125917,0.045512047,0.0041967686,0.0044042454,0.01109731,0.0027871693,0.041275736,732,test
0.0075764763,0.0068529407,0.93540907,0.0032771372,0.0067854146,0.036143877,0.0010067298,0.002948403,733,test
0.99299157,9.079191e-06,0.0011770263,0.0007367244,4.4769073e-05,0.0002832111,0.00041667646,0.0043410296,734,test
0.98978126,1.1474847e-05,0.0042217616,0.0005390004,0.00016323806,0.0008343605,0.0002843631,0.004164614,735,test
0.001442454,0.00029351228,0.9928139,0.00010030741,0.00080996106,0.0040106857,7.179909e-05,0.00045746326,736,test
0.988499,2.1107862e-05,0.0026078112,0.00049283693,8.894823e-05,0.0004731291,0.00044547956,0.0073716105,737,test
0.0026177906,0.0014245793,0.0016305677,0.0018906819,0.00042258325,0.0009006671,0.0069743567,0.9841388,738,test
0.0017347436,0.0002744043,0.9909061,0.00015787015,0.00085284404,0.005613589,7.0897535e-05,0.00038957704,739,test
0.001795806,0.0014880701,0.982131,0.0003273214,0.0014144115,0.01195385,0.00020760228,0.00068200676,740,test
0.00093889295,0.00051418046,0.9926475,7.148176e-05,0.0009723707,0.004366406,0.000107498985,0.00038164892,741,test
0.9933429,4.8848365e-06,0.0012951037,0.00055964565,2.461577e-05,0.0002360034,0.00026974318,0.004267102,742,test
0.9788921,5.3533633e-05,0.0021024568,0.0007266721,0.0002667126,0.00071058143,0.001136235,0.016111689,743,test
0.0019308005,0.0003221549,0.9912396,0.00014823642,0.0011253102,0.0045677884,9.361536e-05,0.00057248,744,test
0.0012760871,0.000111906316,0.9958662,2.7566466e-05,0.0005571137,0.0020339482,2.8808356e-05,9.831325e-05,745,test
0.0013310037,0.00051853835,0.9921583,0.0001256268,0.00075166475,0.004353149,0.00018016416,0.000581546,746,test
0.0020556678,0.00017614332,0.9910417,0.00019260659,0.00096136745,0.0051366948,5.5890298e-05,0.00038005147,747,test
0.0018867059,0.0002787165,0.9932448,0.00010658867,0.00070484617,0.0034436935,5.4494914e-05,0.0002802186,748,test
0.0043828827,0.0010599478,0.98766077,0.00028411023,0.0008808727,0.0049253833,0.0002846236,0.0005214515,749,test
0.0016104166,0.00040474453,0.99051195,0.00021249178,0.0008140913,0.0059645255,8.860671e-05,0.00039317805,750,test
0.00017804989,0.0033715623,0.0038369973,0.00076948694,0.0008267113,0.9900013,0.0007471692,0.00026872885,751,test
0.98832184,1.5697842e-05,0.0012775778,0.00056488335,6.672724e-05,0.00028879207,0.0005481583,0.008916418,752,test
0.9924757,1.0835594e-05,0.001060605,0.0004942419,4.1414933e-05,0.00029264324,0.0003494037,0.0052751116,753,test
0.9584148,0.0002585157,0.00865416,0.009031753,0.00097847,0.0048197196,0.0016318203,0.01621078,754,test
0.0011488544,0.00022254052,0.9943246,7.225618e-05,0.0006798196,0.0032159972,4.8076894e-05,0.00028766302,755,test
0.005610438,0.013357761,0.93258077,0.00051912863,0.009683692,0.03562186,0.00062874926,0.001997636,756,test
0.0011475274,0.00032774403,0.9925081,0.000105308,0.0006371994,0.004927043,5.8433572e-05,0.000288685,757,test
0.0016455705,0.00027024053,0.99229443,0.00014369472,0.0008400501,0.004348557,6.348449e-05,0.00039386493,758,test
0.00040313962,0.9689808,0.0014872787,6.176274e-05,0.0046853493,0.003426079,0.020134307,0.0008213212,759,test
0.99420184,5.7051843e-06,0.0010201443,0.00048550105,2.6137819e-05,0.00026465513,0.0003793679,0.0036166704,760,test
0.0011923481,0.0024364425,0.0029504003,1.0302196e-05,0.991846,0.00043138646,0.0010307131,0.00010242268,761,test
0.00019169103,0.96790946,0.0006973622,3.124913e-05,0.0029678447,0.0030693829,0.0246815,0.00045137512,762,test
0.0004022865,0.0006162892,2.0485826e-05,0.00015377782,0.00017785863,4.76153e-05,0.9983296,0.0002521486,763,test
0.0017451402,0.00017929646,0.9930555,0.00014079908,0.00083715573,0.0036175493,4.8599126e-05,0.00037598735,764,test
0.9913019,1.02209e-05,0.0012595833,0.00054392056,4.922876e-05,0.00026464654,0.00041029073,0.0061601363,765,test
0.0017380089,0.00082255056,0.98811984,0.0002513875,0.0012551886,0.006909763,0.00012443124,0.0007788339,766,test
0.0011222113,0.000354866,0.992875,7.9270314e-05,0.0006234154,0.0046010423,7.330138e-05,0.0002709973,767,test
0.0028192035,0.0012264709,0.982165,0.00035457834,0.002276713,0.010203509,0.00017211988,0.000782419,768,test
0.99234724,2.1140422e-05,0.0008262457,0.00072401745,8.990281e-05,0.00039930936,0.0007023028,0.00488988,769,test
0.9944173,9.10553e-06,0.0010683496,0.00076744216,5.702066e-05,0.00028147743,0.00035310115,0.0030461482,770,test
0.0036080875,0.0014912075,0.9789301,0.0003422231,0.0025494273,0.011651899,0.00025086934,0.0011760517,771,test
0.0024420044,0.00038793878,0.99237776,0.00020655133,0.001096855,0.0027627882,5.268895e-05,0.00067346304,772,test
0.0012243133,0.00068423315,0.0010832652,8.688225e-06,0.99627197,0.00032618493,0.0003471017,5.4143642e-05,773,test
0.004040288,0.0002285917,0.99193925,0.00057259947,0.00040248793,0.0022808781,7.698752e-05,0.00045892395,774,test
0.0038652201,0.00051494304,0.9842057,0.00031907912,0.0027665151,0.0076533835,9.657945e-05,0.00057857553,775,test
0.003504166,0.84467274,0.0041732066,0.0012044939,0.019702341,0.028610986,0.074151285,0.023980798,776,test
0.01474167,0.1517179,0.018056614,0.016559439,0.038412593,0.022728834,0.09679623,0.64098674,777,test
0.0034810037,0.0013487036,0.9745745,0.00044282404,0.002678372,0.016516792,0.00017363545,0.00078411895,778,test
0.9919391,1.109468e-05,0.0010546063,0.0012344404,5.596978e-05,0.00046572302,0.00045617056,0.0047829957,779,test
0.9911424,1.708383e-05,0.001322456,0.0012075368,6.3325875e-05,0.00047630284,0.000532213,0.005238697,780,test
0.0009236828,0.95684093,0.0034615453,0.00012078102,0.0145033905,0.008486017,0.014114904,0.0015487612,781,test
0.99123305,1.0178053e-05,0.0010082196,0.00079053955,4.9774444e-05,0.0003470362,0.0005304023,0.006030873,782,test
0.000145287,0.00018516206,0.0009451779,0.0003720573,4.885515e-05,0.99814224,0.00013534646,2.5836744e-05,783,test
0.0028614753,0.001050931,0.98513806,0.00022002381,0.002168174,0.0077369106,0.00014783454,0.0006765971,784,test
0.0026953486,0.00039622743,0.99112767,6.919271e-05,0.00202378,0.0033284891,6.7570334e-05,0.00029176762,785,test
0.0018257414,0.0005342925,0.9909586,8.2308376e-05,0.0017279194,0.0044672983,8.308829e-05,0.00032086179,786,test
0.96725667,0.0003315994,0.007094328,0.0026557874,0.0015833881,0.0032651185,0.0020499849,0.015763137,787,test
0.0036087336,0.00081612077,0.9853351,0.00020054934,0.0021435593,0.007201155,0.0001327905,0.00056197686,788,test
0.005106886,0.0005213218,0.9807695,0.000508299,0.0032316244,0.009031184,0.00012421994,0.00070695044,789,test
0.0041318717,0.0011354908,0.98037153,0.00027586284,0.0019373248,0.011196814,0.00013624382,0.000814897,790,test
0.0039575803,0.001282678,0.97995114,0.0002647208,0.0033212947,0.009951116,0.00019134689,0.0010800732,791,test
0.0028978402,0.00090685324,0.98556685,0.0001456201,0.0025962081,0.0067938995,0.00014164361,0.00095110753,792,test
0.0025036058,0.001308293,0.9840316,0.00026366618,0.0023354795,0.008849893,0.00015056909,0.0005568016,793,test
0.0046108435,0.002055149,0.97249335,0.0009480111,0.0037837392,0.014252366,0.00029300482,0.0015635636,794,test
0.0026693433,0.0010471353,0.9848609,0.00023561454,0.0019675298,0.00848821,0.00014406125,0.0005872203,795,test
0.0036386445,0.0019927216,0.9696739,0.000633038,0.002684098,0.01993977,0.0001628212,0.0012749349,796,test
0.99051076,1.3729988e-05,0.0022472974,0.0003829998,0.00011530696,0.00035697155,0.00036537522,0.006007499,797,test
0.002787593,0.0015240817,0.98133343,0.00039389156,0.0028205693,0.010367378,0.00020198178,0.00057092024,798,test
0.98716354,2.5499154e-05,0.0014005016,0.0012411099,0.000108389024,0.00042434604,0.0005993276,0.009037257,799,test
0.9924306,1.22335405e-05,0.0014303945,0.00041914565,6.37033e-05,0.00032187087,0.00043405723,0.004888055,800,test
0.003095841,0.0013897097,0.98347455,0.0002294922,0.0019952476,0.009101657,0.00014609145,0.00056740636,801,test
0.0015396284,0.0004726933,4.8988604e-05,0.00030969694,0.00026329074,0.00012748092,0.9970229,0.00021532323,802,test
0.99319035,1.0180292e-05,0.0010911525,0.00087609503,4.7899604e-05,0.00028018802,0.00036778528,0.004136344,803,test
0.9894503,1.5657763e-05,0.0010009398,0.000813247,7.0245675e-05,0.00027152942,0.00056889886,0.0078091226,804,test
0.99321896,8.695168e-06,0.0007724964,0.0011387327,4.3817417e-05,0.00026231923,0.00039721877,0.0041578677,805,test
0.0037574875,0.0006242336,0.98576725,0.00027038303,0.0021143095,0.0068707336,0.00010419345,0.00049148104,806,test
0.99345434,7.666177e-06,0.000883803,0.00073265017,4.0526087e-05,0.00026534716,0.00042649423,0.004189207,807,test
0.0037609434,0.0016412758,0.9765003,0.0005201442,0.0040305844,0.0121523645,0.00023501637,0.001159391,808,test
0.98510265,4.4351265e-05,0.0025873356,0.0015128995,0.0002259307,0.00049859495,0.0009124452,0.009115872,809,test
0.004326374,0.00056445226,0.98238015,0.00024623092,0.00426165,0.007338678,0.00010252652,0.00077992614,810,test
0.005387987,0.0008553904,0.9792702,0.00052200677,0.0024955273,0.010486741,0.00013284863,0.0008492531,811,test
0.005510776,0.0021762548,0.96789795,0.0007258881,0.005021664,0.016747365,0.00023064198,0.0016894507,812,test
0.0028822876,0.0006177793,0.9876437,0.00020110916,0.0019046909,0.006134536,7.280302e-05,0.0005432369,813,test
0.042233173,0.04476613,0.67085916,0.035939325,0.042008355,0.08010431,0.00979987,0.07428976,814,test
0.003652368,0.00056974555,0.0010359829,0.003693513,0.00018617573,0.00049272634,0.002941195,0.98742825,815,test
0.003803232,0.00058228,0.0013040308,0.010926511,0.00012456029,0.0008810586,0.0036034354,0.9787748,816,test
0.0031790605,0.0010518961,0.983826,0.00042059817,0.0016936711,0.008962058,0.00014503056,0.0007216554,817,test
0.0026905462,0.00539528,0.0114608,0.002209839,0.009080958,0.9640359,0.0039749136,0.0011517238,818,test
0.00051312253,0.9677739,0.0032804203,7.684101e-05,0.0094653545,0.0075783264,0.010480389,0.00083172356,819,test
0.005624783,0.0025708678,0.9627396,0.0014029241,0.004220018,0.021283679,0.00030174557,0.0018564998,820,test
0.99370277,9.33397e-06,0.0011605928,0.0010173185,4.829701e-05,0.0004510399,0.0006875698,0.0029230244,821,test
0.0063385963,0.0047596274,0.94165474,0.002010616,0.0048285555,0.037227903,0.00050540926,0.0026745915,822,test
0.00061126665,0.9661364,0.0033180406,8.138795e-05,0.010240241,0.008459898,0.010299047,0.00085374777,823,test
0.00476672,0.0011377354,0.9793738,0.0004464926,0.002821585,0.010091956,0.00016547191,0.0011962934,824,test
0.0033710382,0.00050567713,0.98624563,0.00029655857,0.0022894188,0.006627385,8.369957e-05,0.00058055733,825,test
0.0037724613,0.0013184223,0.98065966,0.00015601242,0.0028749544,0.01041176,0.000120385295,0.00068628386,826,test
0.0015824891,0.0004247554,0.0007968528,0.0036942684,0.000101777114,0.0013399501,0.0021435888,0.9899164,827,test
0.9917916,8.625446e-06,0.0011031934,0.00085069233,4.6663907e-05,0.00028150578,0.00042035762,0.005497317,828,test
0.0027062646,0.0004611594,0.0009161257,0.0055915057,0.00014267057,0.0007011347,0.0025399677,0.98694116,829,test
0.0048678163,0.0011952049,0.9731266,0.00084572093,0.0024281088,0.016314458,0.00018524691,0.0010368219,830,test
0.9905318,6.06208e-06,0.0010610763,0.00032767496,2.9542287e-05,0.00019960974,0.00030901338,0.007535259,831,test
0.9942516,6.5336408e-06,0.0012235079,0.0009911018,3.8495564e-05,0.0002803868,0.00028180625,0.002926564,832,test
0.005713266,0.0023428833,0.96045214,0.0008909169,0.0046487767,0.02286845,0.00037600455,0.0027076446,833,test
0.003049695,0.00037000066,0.9882172,0.0001644998,0.002091137,0.0057847905,7.9227786e-05,0.00024342931,834,test
0.0025545105,0.0021464261,0.9769042,0.000362703,0.0022791892,0.01469779,0.00019757016,0.0008574898,835,test
0.0046879905,0.0020615035,0.97414625,0.00055360247,0.005657202,0.010917065,0.0002836175,0.001692851,836,test
0.0026791298,0.0004913378,0.98948133,0.0001217928,0.0017055413,0.0049779043,6.694577e-05,0.0004760157,837,test
0.011127269,0.0025287173,0.9489118,0.0018512667,0.006180828,0.024904072,0.00032765736,0.004168313,838,test
0.02170533,0.082816936,0.011677199,0.01774045,0.10030763,0.08361475,0.62298685,0.05915085,839,test
0.0033637546,0.0009986827,0.9804121,0.00033299768,0.002816116,0.0110448245,0.00013256639,0.0008990257,840,test
0.0026903606,0.00039855062,0.9903852,7.2692266e-05,0.0017486839,0.004341954,6.368208e-05,0.00029895917,841,test
0.004894469,0.0037698548,0.96528906,0.0006872923,0.0046303943,0.01862919,0.0004256373,0.0016741151,842,test
0.9930977,6.850269e-06,0.0023562596,0.00039057442,6.1070925e-05,0.0004536545,0.0003613217,0.003272531,843,test
0.9926097,1.2768589e-05,0.0010078944,0.0010268596,6.4748776e-05,0.00029230898,0.0004935629,0.0044921297,844,test
0.00066203234,0.9633948,0.0033839436,9.389513e-05,0.011834548,0.0076004816,0.011844579,0.0011856903,845,test
0.0037241054,0.0011507227,0.9804206,0.00043478876,0.00354726,0.009154688,0.00016288212,0.0014048349,846,test
0.0038797825,0.00076223083,0.9792485,0.0007428336,0.002902578,0.011548511,0.00012667898,0.00078897056,847,test
0.0043459083,0.0013906932,0.97137535,0.0007089029,0.0032003364,0.01767581,0.0002068553,0.0010962209,848,test
0.008333409,0.003956782,0.94035935,0.002489051,0.0046496987,0.036855336,0.0005008933,0.0028554806,849,test
0.993999,7.3224796e-06,0.0012845545,0.0009788227,6.2357525e-05,0.00039935924,0.000594978,0.002673608,850,test
0.00014683408,0.00015742275,0.00038072103,0.00074648694,3.958821e-05,0.9980363,0.0004070962,8.549464e-05,851,test
0.99495983,4.1022586e-06,0.0008985939,0.0003963809,2.793249e-05,0.0002069385,0.00027768707,0.0032284616,852,test
0.99098337,1.3142795e-05,0.0014901661,0.0006776525,6.3276966e-05,0.000360993,0.0004007971,0.006010477,853,test
0.003999694,0.00035660827,0.98807704,0.000111050635,0.0022358221,0.0046747066,7.7318946e-05,0.00046784172,854,test
0.0037099398,0.00077099376,0.9841182,0.00026610063,0.0021725504,0.007924122,0.00014565449,0.0008923666,855,test
0.0008435838,0.9557234,0.004410502,0.00018222642,0.0133192,0.008754362,0.014987223,0.0017795957,856,test
0.9936655,7.8985595e-06,0.0017159742,0.0011155329,6.5055334e-05,0.00044232138,0.00034094296,0.00264674,857,test
0.0033861806,0.0015141402,0.9781737,0.00055469753,0.0018632662,0.01357196,0.00017548168,0.0007605614,858,test
0.003571788,0.001652611,0.9795043,0.00021675097,0.003199386,0.010724631,0.00019278064,0.00093775784,859,test
0.0032387644,0.0009020025,0.9833977,0.00023890102,0.0018049843,0.009550534,0.00013881826,0.00072831346,860,test
0.0031574387,0.0024820983,0.9774851,0.00041315987,0.0030438043,0.012281474,0.00027437002,0.0008624889,861,test
0.0029823177,0.002255889,0.97845536,0.00040398462,0.0023451224,0.012353904,0.0002879155,0.0009154775,862,test
0.0025921362,0.0011994852,0.9831647,0.00034221937,0.0013328044,0.010387136,0.0001657421,0.00081571325,863,test
0.004621066,0.001786317,0.97254395,0.0008319981,0.0035117837,0.015291212,0.00026459913,0.0011491472,864,test
0.99054986,1.5526206e-05,0.0012938674,0.00079131906,8.3311206e-05,0.00035633682,0.0005199607,0.006389767,865,test
0.008271408,0.057699416,0.010274045,0.01257823,0.01710998,0.014838591,0.8238938,0.055334475,866,test
0.0020061042,0.0003285392,0.99209833,0.0002410963,0.00041106448,0.004437939,4.302483e-05,0.00043394195,867,test
0.0030598768,0.00089207717,0.9862692,0.00018419044,0.0023248175,0.006322647,0.0001186029,0.0008285694,868,test
0.0045729647,0.0026000338,0.9653364,0.0009337218,0.0031543856,0.021864023,0.00031824716,0.0012201895,869,test
0.0047189966,0.0015121037,0.96857774,0.00076568354,0.0034421324,0.019062253,0.00020718257,0.0017140205,870,test
0.99207145,2.0216292e-05,0.0009825048,0.0010599452,8.696782e-05,0.00042362823,0.0005614389,0.004793941,871,test
0.0028843752,0.0011248881,0.9829511,0.00035793302,0.0022422646,0.009671093,0.0001462534,0.00062213733,872,test
0.002657255,0.0022819939,0.975551,0.00040265796,0.0029412361,0.015054354,0.00026207574,0.00084936287,873,test
0.0018456712,0.0015718397,0.9838531,0.00016602417,0.002040425,0.009864507,0.00015311223,0.0005053304,874,test
0.9934716,1.4783008e-05,0.000897193,0.0006909558,6.853897e-05,0.0002919318,0.00035091554,0.0042139716,875,test
0.0023313407,0.00050661433,0.9876302,0.00020729026,0.0019248223,0.0067170532,7.705885e-05,0.000605611,876,test
0.00830611,0.0050413446,0.93055934,0.0027547115,0.004410284,0.046172995,0.0005013233,0.002253956,877,test
0.9890497,1.0643013e-05,0.0016188206,0.00031438255,5.715403e-05,0.00026645907,0.00032458553,0.008358201,878,test
0.99232024,1.0406544e-05,0.001199101,0.00082658965,6.635054e-05,0.00032380942,0.00044210415,0.0048113437,879,test
0.9871027,2.4640902e-05,0.0013255951,0.0007803853,0.00011180826,0.00037127326,0.0007232166,0.009560442,880,test
0.0053810338,0.0018761173,0.9694437,0.0010668513,0.0033880775,0.016866412,0.00027707097,0.0017008126,881,test
0.98557115,5.1004812e-05,0.0041595106,0.0011218095,0.00026415373,0.0014125883,0.00043838785,0.006981391,882,test
0.0031417585,0.00040481487,0.9880657,0.00016619687,0.0012538483,0.0065668323,7.117883e-05,0.00032967923,883,test
0.0033846921,0.00058656954,0.98617095,0.0002557723,0.0020474452,0.0070248023,0.00010530282,0.0004244711,884,test
0.99307877,6.56128e-06,0.0014113404,0.0010155722,5.0308256e-05,0.00038348717,0.00034979513,0.0037042187,885,test
0.0032268357,0.0009808335,0.98206156,0.0002580069,0.0022699814,0.010335835,0.00012960925,0.0007372855,886,test
0.0031777103,0.0011341355,0.9809348,0.00046792376,0.0027760512,0.01051821,0.00017697942,0.00081431033,887,test
0.9426516,0.0004714404,0.014400777,0.005904186,0.0024406582,0.006723458,0.0034073736,0.024000471,888,test
0.0020260017,0.9216515,0.0055484157,0.00036625116,0.022376299,0.016102454,0.026821254,0.0051078657,889,test
0.003132953,0.0009625381,0.9855789,0.0002875446,0.002037737,0.007057098,0.0001229055,0.0008203329,890,test
0.0025364782,0.0009765878,0.98447824,0.00020218719,0.0020801846,0.008971134,0.00011079684,0.00064438535,891,test
0.003912419,0.0018169964,0.979912,0.00047383615,0.0032571515,0.008972872,0.00029433364,0.0013603608,892,test
0.002846162,0.00046246368,0.99020314,8.786687e-05,0.002143107,0.0037870698,7.560157e-05,0.00039466686,893,test
0.043624595,0.015930168,0.78694105,0.02177501,0.024977613,0.08717969,0.0023508074,0.01722109,894,test
0.004059642,0.0022809443,0.97521347,0.00043626034,0.0039529228,0.012576412,0.00028114137,0.0011991777,895,test
0.005236786,0.0045830067,0.9590769,0.0015759909,0.0011428335,0.024990505,0.0007600526,0.0026339297,896,test
0.9928763,4.523915e-06,0.000999855,0.0009274048,3.2010248e-05,0.00018417607,0.00023317964,0.0047425553,897,test
0.012371712,0.039567474,0.08340107,0.0003525475,0.8472466,0.0074587287,0.0039791586,0.0056226742,898,test
0.002140923,0.0009141171,0.9854301,0.00041558678,0.00063629454,0.009162607,0.00019271017,0.0011077919,899,test
0.007149351,0.000962779,0.002791465,0.037280213,0.00023365741,0.82658154,0.010362348,0.114638664,900,test
0.9958139,2.8313848e-06,0.0013332904,0.00037586852,3.9889743e-05,0.00019838921,0.00013934352,0.0020965203,901,test
0.0021496678,0.00026572688,0.9918114,0.00023332599,0.0003600404,0.0044925422,6.923093e-05,0.0006179364,902,test
0.0025968086,0.0004939355,0.9885317,0.00047538156,0.00039832847,0.0063257758,0.00011192838,0.0010660687,903,test
0.0026794698,0.0002643726,0.9922694,0.00015596228,0.00042882186,0.0036432827,0.00011712179,0.00044156937,904,test
0.9906585,1.1869361e-05,0.00083944213,0.0004847653,6.139323e-05,0.00016098631,0.00028724625,0.007495868,905,test
0.009044555,0.024942981,0.03999286,0.00046083293,0.9090806,0.0124280825,0.0023100637,0.0017400729,906,test
0.003341666,0.0014623976,0.98190665,0.0004965195,0.0010293722,0.00976788,0.00034217318,0.001653381,907,test
0.019946849,0.10598115,0.64669776,0.0042847064,0.085824214,0.10899802,0.014690817,0.013576452,908,test
0.0023586026,0.00035644654,0.9920334,0.000120329794,0.00050157646,0.0039443676,0.00010227491,0.00058287074,909,test
0.00225232,0.0004903979,0.9889882,0.00029865568,0.00048912,0.0066641155,0.00013228091,0.0006849338,910,test
0.0020824492,0.0003630315,0.9923414,8.154941e-05,0.00024066301,0.004473317,9.3677954e-05,0.00032393646,911,test
0.0022536796,0.001157994,0.98645025,0.00025245198,0.00059880404,0.008036926,0.00025139394,0.0009985346,912,test
0.002644899,0.0004992593,0.9892413,0.00026764843,0.00044882094,0.0060651647,0.00014382316,0.0006890688,913,test
0.9882742,1.30170265e-05,0.0014449762,0.00068659807,8.0611746e-05,0.00023179516,0.0002572437,0.009011517,914,test
0.0023723585,0.00059718493,0.98845494,0.00031187574,0.00053613127,0.0066143675,0.00014972468,0.0009634348,915,test
0.0025250064,0.0008702077,0.9872945,0.0003476289,0.00057094655,0.007127055,0.00021501181,0.0010495762,916,test
0.97719043,0.00012985211,0.004169158,0.0014957729,0.00068158074,0.00094137335,0.0011824314,0.014209476,917,test
0.0021119802,0.0005962522,0.9892491,0.00019412456,0.0004786256,0.006580114,0.000107076405,0.00068265764,918,test
0.0030594023,0.0009810696,0.9878741,0.00015484187,0.00046946527,0.006220146,0.00019773681,0.0010431627,919,test
0.0039630663,0.0005600648,0.98653793,0.00027685217,0.00090449717,0.006504875,0.00016572559,0.0010870824,920,test
0.039246257,0.029512765,0.778195,0.015040489,0.017599666,0.09305461,0.0038945854,0.023456544,921,test
0.0003501104,0.9674076,0.0006356857,2.3243258e-05,0.001110306,0.002450472,0.026719444,0.0013030859,922,test
0.0021077993,0.0009831002,0.98839146,0.00021996198,0.00059184444,0.0066985083,0.0001735131,0.00083376723,923,test
0.99342865,7.284285e-06,0.000665135,0.00035649777,4.0782747e-05,0.00010549467,0.00023218093,0.0051640337,924,test
0.0019001841,0.0016055173,0.0011198126,0.0086235255,0.00025002865,0.0010392477,0.0044491333,0.9810126,925,test
0.0021432012,0.0012593889,0.9882428,0.00020478466,0.0007059228,0.006073897,0.00028849617,0.0010814739,926,test
0.97143203,0.00015753557,0.0027568524,0.0005831127,0.00076114526,0.0005063652,0.0023568985,0.021446047,927,test
0.9911315,1.1957874e-05,0.0019314435,0.0006799339,8.66728e-05,0.0003637696,0.00022732466,0.0055673625,928,test
0.0020379256,0.0006632297,0.99009377,0.00023417274,0.0003690475,0.0056431247,0.00015874003,0.0007999738,929,test
0.9937767,6.553717e-06,0.00081480696,0.00070155633,4.133009e-05,0.0002197185,0.00026213055,0.004177154,930,test
0.0013564844,0.00042623008,0.9934935,8.227188e-05,0.00031719165,0.003920494,0.00011551464,0.00028835825,931,test
0.95601225,0.0003568068,0.0045557492,0.002779693,0.001065652,0.0018458053,0.0029263915,0.030457504,932,test
0.9896097,5.450052e-06,0.0010609365,0.00034012922,3.6972524e-05,0.00014300983,0.00021870395,0.008585113,933,test
0.0015433498,0.0010223533,0.98795915,0.00021508537,0.00051787694,0.007951674,0.00017860885,0.0006118541,934,test
0.002433482,0.0005148202,0.98775,0.0003817582,0.0005293926,0.0073819705,0.00014632521,0.0008621329,935,test
0.001929443,0.00063258834,0.99123913,0.00013927095,0.00051451544,0.004530411,0.00014699368,0.00086760876,936,test
0.004584136,0.0004156675,0.9869647,0.00038232474,0.0007242872,0.005904332,0.00017020821,0.0008542709,937,test
0.02410568,0.07883475,0.09694042,0.0033681146,0.015306059,0.74684244,0.03159951,0.0030030184,938,test
0.007970217,0.0026692047,0.9711902,0.0014488372,0.0015320411,0.0106361415,0.0005158453,0.0040375246,939,test
0.0022887415,0.00028714177,0.99204695,0.0001856007,0.00028282191,0.004305798,9.069348e-05,0.0005122152,940,test
0.0038447909,0.00030318956,0.9878314,0.0004948983,0.00021707712,0.00658454,9.9762714e-05,0.0006244236,941,test
0.0031157536,0.0008785923,0.9836109,0.0005164685,0.0007565822,0.00985486,0.00017917747,0.001087563,942,test
0.9870495,2.2291015e-05,0.0018193761,0.00043465046,0.00013417394,0.00035543437,0.00034491086,0.009839648,943,test
0.9825445,2.3606759e-05,0.0014190075,0.00046854484,0.00021914611,0.00017502539,0.00057582086,0.014574341,944,test
0.0031162314,0.0005066557,0.98759884,0.00030740397,0.0006575683,0.0067113335,0.0001327562,0.0009693054,945,test
0.004012578,0.0005484813,0.9853522,0.0003487036,0.0008502019,0.00749482,0.00020062573,0.0011923427,946,test
0.527423,0.005657519,0.21029639,0.009338196,0.017226862,0.031076796,0.009201666,0.1897796,947,test
0.0019419742,0.00084302237,0.98765326,0.00019852637,0.0005640362,0.007959243,0.00014203947,0.0006978954,948,test
0.0032475037,0.00068154844,0.9847877,0.00054133986,0.00073832175,0.008183153,0.00018388817,0.0016365503,949,test
0.0023662006,0.001037746,0.9852116,0.0003439487,0.00056609133,0.009386486,0.00022285919,0.00086500857,950,test
0.0027815476,0.0008462438,0.98659444,0.00030388113,0.00045696035,0.007940999,0.00023849765,0.0008374296,951,test
0.001196717,0.0035551125,0.00027004306,0.0011090535,0.00041870488,0.000910209,0.9897395,0.00280062,952,test
0.94750214,0.0004163371,0.004593511,0.004537645,0.0006237843,0.0019930804,0.0040036705,0.036329765,953,test
0.0021639466,0.0006687551,0.98854315,0.00018142269,0.00042776208,0.0071990704,0.00015484745,0.0006610656,954,test
0.0005600818,0.001076532,0.0031643447,0.0037076913,0.00045045553,0.9893233,0.001500183,0.0002173343,955,test
0.0023575854,0.0005516866,0.9873705,0.00038414742,0.0004738345,0.007969347,0.0001422231,0.00075070816,956,test
0.0024606928,0.0019718695,0.98101693,0.0006822718,0.0007184898,0.011097804,0.00034957723,0.0017023983,957,test
0.003560593,0.00029405346,0.9902783,0.00016167597,0.00034695351,0.0046808356,0.000115032366,0.0005626009,958,test
0.045748442,0.12712094,0.058481336,0.0070756907,0.03172254,0.026401525,0.048840627,0.65460885,959,test
0.99333996,6.4237033e-06,0.0013360522,0.000545589,6.5369546e-05,0.00017320851,0.00016700993,0.0043664067,960,test
0.0018567501,0.001299052,0.98386616,0.0004223689,0.00057809084,0.01099486,0.00025732303,0.0007254553,961,test
0.0023672795,0.0006368451,0.9900816,0.00028729095,0.0006232551,0.0049104714,0.00014874255,0.0009444496,962,test
0.98599964,1.5546168e-05,0.00094347016,0.00044053988,8.262427e-05,0.00017559163,0.00046953175,0.011873118,963,test
0.9941678,5.7879806e-06,0.00079849805,0.00075703696,3.8595463e-05,0.00020833056,0.00023101427,0.003792925,964,test
0.9889897,6.879334e-06,0.0023032713,0.0009328542,5.8018897e-05,0.00031752812,0.00028879382,0.0071029556,965,test
0.0026251164,0.00040996153,0.98818165,0.00022103747,0.00044537307,0.0071703857,8.56086e-05,0.00086082093,966,test
0.0034301647,0.0002802088,0.98913425,0.000339682,0.00034494651,0.0055965814,0.00010562447,0.00076853734,967,test
0.0058526103,0.0011445214,0.97406816,0.0008143823,0.00081787806,0.015462014,0.00033209097,0.0015082383,968,test
0.0025148508,0.00050412107,0.98844445,0.0003283043,0.00049768033,0.0068081166,0.00014750437,0.0007549699,969,test
0.0024951806,0.0009722101,0.98575735,0.00034900566,0.0005473592,0.008835732,0.00022005803,0.0008231112,970,test
0.99141824,3.7203663e-06,0.002032294,0.00047870443,4.2857213e-05,0.00032347345,0.00029039805,0.005410263,971,test
0.9933809,2.2667368e-06,0.0012010197,0.00027479752,2.7227381e-05,0.00017622433,0.00014582966,0.0047918116,972,test
0.002092608,0.0007510882,0.9893203,0.00022753788,0.00052704575,0.0059335385,0.00016626132,0.0009816203,973,test
0.98899233,1.2487132e-05,0.0013825569,0.0013932808,7.4262854e-05,0.00030225317,0.00039467926,0.0074482737,974,test
0.9937953,4.769607e-06,0.000969389,0.00057464663,3.1777538e-05,0.00014464904,0.00016680978,0.0043127076,975,test
0.0017251055,0.00064773654,0.9910828,0.00016821752,0.00035712152,0.005304378,0.00015468516,0.0005600712,976,test
0.0032307045,0.76081383,0.009907933,0.0036645092,0.0047161635,0.017210945,0.17324553,0.0272103,977,test
0.9916604,3.4980053e-06,0.0005376496,0.00026600738,2.2258788e-05,6.9312344e-05,0.00015858932,0.00728226,978,test
0.0032345585,0.0011323167,0.98493135,0.000404893,0.001030446,0.007351256,0.0002562638,0.0016588428,979,test
0.005216716,0.003939472,0.9576744,0.0010573465,0.0017331521,0.026875194,0.0006391157,0.0028646402,980,test
0.0062338286,0.0027948287,0.9677069,0.0009085806,0.0013730612,0.01744073,0.00050364307,0.003038398,981,test
0.0046608974,0.0010764535,0.97873926,0.0010336299,0.0007253267,0.012115983,0.00025168038,0.0013967598,982,test
0.0027922974,0.0004676722,0.9884498,0.00035584037,0.00044934376,0.0061915247,0.00012418929,0.0011692987,983,test
0.98985076,8.768357e-06,0.00069762586,0.00031945825,5.0146256e-05,0.000100274294,0.00025303132,0.008720045,984,test
0.0019341235,0.001120151,0.9859234,0.0002770779,0.0005728668,0.00928077,0.00021295516,0.00067869877,985,test
0.0022093663,0.0013480338,0.9853623,0.00021759131,0.0006781343,0.008864721,0.00020673143,0.0011131504,986,test
0.002526457,0.00035252995,0.9886896,0.000314236,0.00040392324,0.006336979,0.00012219927,0.001254086,987,test
0.004321582,0.00047743152,0.9869332,0.00023925443,0.00038432897,0.0070385267,0.00013843473,0.00046718336,988,test
0.9910766,7.840019e-06,0.0010514689,0.00091291236,3.7357546e-05,0.0002241568,0.00023205794,0.006457631,989,test
0.0023435338,0.00041965113,0.9894968,0.00018422698,0.00038924196,0.0065021235,0.00011278475,0.00055149733,990,test
0.001374329,0.0004738935,0.00076876726,0.0040278146,0.00012190363,0.0003494968,0.001318791,0.991565,991,test
0.0021406435,0.0006572978,0.9908947,0.000121157216,0.0005485898,0.004731743,0.0001538121,0.0007521884,992,test
0.0035143753,0.00039018612,0.987234,0.00036940153,0.00063316844,0.006780693,0.00012248184,0.0009557409,993,test
0.00084531936,0.0073339846,0.0049078395,0.0016687566,0.0024532257,0.97628284,0.0058424966,0.0006654959,994,test
0.001599987,0.0004369964,0.9897821,0.00024451822,0.00023405012,0.00715363,0.00010653277,0.000442167,995,test
0.00032222792,0.97273195,0.00036951015,2.1650088e-05,0.0009091743,0.0016595877,0.023178203,0.0008076726,996,test
0.99353325,4.2833467e-06,0.0006011765,0.00027600775,3.3303637e-05,9.3458766e-05,0.0001738793,0.005284597,997,test
0.0064399615,0.03432787,0.021351466,0.00025878072,0.92006975,0.008728784,0.0070231343,0.0018003457,998,test
0.0017253433,0.0008321486,0.9890547,0.00019325085,0.00041318868,0.007021425,0.00014791178,0.0006119201,999,test
0.003379489,0.0003104675,0.9906837,0.00014560924,0.00046807536,0.0045010205,0.00010923407,0.00040249055,1000,test
0.0020469553,0.0006001645,0.98938996,0.00022741377,0.00039292205,0.0066159535,0.00013944373,0.00058719364,1001,test
0.0021399527,0.0004617053,0.9898156,0.00026089285,0.0004596702,0.00604938,0.00015237903,0.0006603747,1002,test
0.004998432,0.01642343,0.0174456,0.00015330313,0.95291,0.0041965325,0.00266326,0.0012094249,1003,test
0.0074855057,0.09948893,0.08409666,0.0019205841,0.28725812,0.49541613,0.021003313,0.0033307164,1004,test
0.97092384,9.562858e-05,0.0023715252,0.00087461004,0.00031175933,0.0004130666,0.001708187,0.023301328,1005,test
0.0028813863,0.000826329,0.98648816,0.00026754753,0.00073333486,0.007442406,0.00019835136,0.0011623887,1006,test
0.0040974207,0.0004042164,0.9877893,0.00024290217,0.000895163,0.005005202,0.00012965758,0.0014361171,1007,test
0.98960227,9.622029e-06,0.00079279806,0.00026310183,6.8163e-05,0.00012153419,0.00030873515,0.008833819,1008,test
0.0025917361,0.00048725223,0.9876886,0.00037051903,0.00055420765,0.0074526523,0.0001248592,0.0007302555,1009,test
0.0022712266,0.0006839285,0.9890809,0.00024636622,0.000578435,0.006058216,0.00013890612,0.000941968,1010,test
0.012857987,0.026882984,0.013559854,0.0006769402,0.92930144,0.0071516656,0.006737903,0.0028311727,1011,test
0.9961972,1.8114996e-06,0.00056862645,0.00030278263,1.721843e-05,8.37889e-05,0.000118267824,0.0027103124,1012,test
0.0026709328,0.00079326745,0.984486,0.00049902307,0.00063651416,0.009804715,0.00020214077,0.0009075315,1013,test
0.0031941517,0.0021028642,0.9794652,0.00058126735,0.0011863861,0.010998401,0.0004301143,0.0020416512,1014,test
0.38724753,0.06874784,0.0622581,0.070489675,0.14666353,0.045158666,0.05544267,0.16399197,1015,test
0.00027157232,7.524531e-05,0.00024368255,0.0011022217,5.579976e-06,0.9978163,0.00039688268,8.848301e-05,1016,test
0.0016488655,0.36530516,0.0017630957,0.0014984398,0.0019895064,0.012533235,0.6013338,0.013927972,1017,test
0.002395937,0.0003066675,0.99236745,0.00048360872,0.00013991274,0.0035542648,0.00013404097,0.0006181646,1018,test
0.0025896623,0.00041070863,0.987951,0.00036598888,0.0004403599,0.007338485,0.00010438374,0.00079935323,1019,test
0.0019809867,0.0010020897,0.9878878,0.0002477439,0.0003828897,0.0072252736,0.00028540017,0.0009878491,1020,test
0.003763075,0.00040010133,0.98478544,0.00039785338,0.00064722874,0.009020952,0.0001322338,0.0008532248,1021,test
0.9931799,3.6874965e-06,0.00051593815,0.0005909917,1.8043595e-05,0.000117291995,0.00018002797,0.00539423,1022,test
0.024773883,0.019232891,0.87115276,0.00697804,0.012837923,0.027555728,0.004480147,0.032988545,1023,test
0.008187029,0.013650825,0.9209701,0.00017442605,0.014458305,0.040199798,0.0014521352,0.0009073582,1024,test
0.0027933053,0.0005349747,0.98874295,0.0002094956,0.0014207596,0.0047719576,8.44051e-05,0.0014420677,1025,test
0.002239209,0.012290704,0.013250347,5.6674136e-05,0.9611789,0.009139095,0.0014447977,0.00040019315,1026,test
0.98646253,1.8257311e-05,0.0034075729,0.00074649486,0.00011438079,0.00054433517,0.00045079977,0.008255528,1027,test
0.99003065,2.053169e-05,0.0017938939,0.0007597407,9.490399e-05,0.00039195732,0.00047293893,0.0064353775,1028,test
0.98126155,4.8860868e-05,0.0022241895,0.0006704071,0.00016571056,0.00042333995,0.0011361279,0.014069669,1029,test
0.0017853846,0.0005850635,0.990506,0.00015815624,0.00086587097,0.0052855955,9.65137e-05,0.0007174247,1030,test
0.0016939007,0.00023279231,0.99206865,0.000118199416,0.0007928257,0.0045564463,3.9664144e-05,0.00049756176,1031,test
0.0015718503,0.00024047987,0.993486,9.935796e-05,0.0005920989,0.0035957217,3.8487018e-05,0.0003760352,1032,test
0.001241957,0.00147456,0.0001642498,0.00048334763,0.0003354803,0.00023629447,0.99495417,0.0011098663,1033,test
0.9946673,5.8393352e-06,0.0010181593,0.00039164638,5.4172597e-05,0.00015515374,0.00027587253,0.003431924,1034,test
0.99301296,4.9989353e-06,0.0009578082,0.00048508533,2.8466497e-05,0.00021011019,0.0003044554,0.00499621,1035,test
0.9877358,1.933132e-05,0.002167255,0.00047126593,0.00012341705,0.00037917835,0.0002814884,0.008822297,1036,test
0.9646134,9.8576464e-05,0.00846861,0.0015861199,0.0006123797,0.0013522762,0.0010834213,0.022185298,1037,test
0.99247825,5.8683927e-06,0.0005809144,0.0005087976,2.9905446e-05,0.0001231723,0.00030972692,0.0059633115,1038,test
0.0020665717,0.00021251242,0.99254394,9.650847e-05,0.00093838276,0.0035363336,4.0197814e-05,0.0005655074,1039,test
0.799037,0.006174732,0.018834537,0.018308435,0.0069372095,0.011541822,0.016389694,0.12277661,1040,test
0.9852396,2.0964479e-05,0.0013485018,0.00071839476,7.672512e-05,0.00031316522,0.0007154832,0.011567197,1041,test
0.0017447128,0.00084799714,0.98736936,0.00023417444,0.00097088126,0.0079188775,0.00011845357,0.00079567166,1042,test
0.0039317226,0.0038888715,0.9654827,0.00059201836,0.0033675362,0.020849887,0.0002670001,0.0016202255,1043,test
0.99248976,8.415686e-06,0.000852901,0.00050641934,4.014865e-05,0.00019702113,0.00036844742,0.0055368408,1044,test
0.003121812,0.0031970446,0.00445234,2.663698e-05,0.9863616,0.0018098125,0.00070063747,0.00033011334,1045,test
0.0015885307,0.00032717813,0.9895309,0.00025174388,0.0006086653,0.0070683593,4.9712908e-05,0.0005749169,1046,test
0.002257119,0.00023548288,0.9909356,0.00017894257,0.0011024516,0.004528303,4.690384e-05,0.00071517425,1047,test
0.0014866019,0.0007157509,0.98743117,0.00018643677,0.0009723834,0.008362161,9.240826e-05,0.0007530995,1048,test
0.0016614306,0.0010603433,0.9867675,0.0001770639,0.0009734318,0.008439355,0.00012577871,0.00079518015,1049,test
0.99210745,4.0735868e-06,0.0016954305,0.00034645293,3.4806326e-05,0.00027569474,0.00024737098,0.005288757,1050,test
0.0031522654,0.0015853315,0.9840798,0.00032562503,0.0018066807,0.0068529113,0.00015169768,0.0020457052,1051,test
0.0019486508,0.00027087575,0.9905839,0.00017544682,0.00074944523,0.005645711,4.6052104e-05,0.0005799878,1052,test
0.98651344,1.7618991e-05,0.0021993949,0.0003834865,0.000109521214,0.00036360687,0.00031168465,0.010101304,1053,test
0.0014709416,0.0005043289,0.991812,6.7199006e-05,0.00088127767,0.0046695764,6.7239715e-05,0.0005273276,1054,test
0.0020173164,0.00013963158,0.9930583,0.0001091277,0.00079973234,0.0035199735,3.3065546e-05,0.00032288636,1055,test
0.007124492,0.007575915,0.94812125,0.00037426356,0.0076492685,0.025005993,0.0003257282,0.0038231462,1056,test
0.9903564,1.1772279e-05,0.0009579352,0.00043901472,5.8515732e-05,0.00021615863,0.00039246902,0.0075677047,1057,test
0.0021495293,0.0010338345,0.98031104,0.00026040702,0.0014266862,0.01377215,0.00014456891,0.0009018289,1058,test
0.0018414535,0.0003569121,0.99046385,0.00013458943,0.0008884275,0.0054227463,7.7103854e-05,0.00081488834,1059,test
0.00023260432,0.00050939166,0.0024597398,0.0016133066,6.6793815e-05,0.9941797,0.0008220024,0.0001163911,1060,test
0.9581607,0.00034943296,0.0076304693,0.005380469,0.0010093042,0.0038002604,0.0029407097,0.020728637,1061,test
0.9954802,5.4889897e-06,0.0007759561,0.0003950537,2.8359007e-05,0.00014602455,0.00017912782,0.0029898116,1062,test
0.0012253656,0.00039648396,0.9914483,0.0001101722,0.00056094414,0.0057289195,5.303915e-05,0.00047679138,1063,test
0.0014791267,0.00020705833,0.9935546,0.00010575434,0.00064607756,0.0034871106,3.642663e-05,0.0004838251,1064,test
0.99340737,1.1484739e-05,0.00079862296,0.00037876476,5.7076893e-05,0.00017609798,0.00035208464,0.0048184907,1065,test
0.99160695,1.4400733e-05,0.0014749101,0.00078101765,7.637046e-05,0.00026756155,0.0003541741,0.0054246653,1066,test
0.00076760084,0.01731195,0.00061316014,0.0016205369,0.0008846974,0.002397776,0.9682313,0.008172982,1067,test
0.99145764,9.198978e-06,0.0010816865,0.00046966088,4.4541957e-05,0.00020725917,0.00034284464,0.006387159,1068,test
0.9947179,6.5904487e-06,0.0009497644,0.00036429425,5.3168205e-05,0.00014470462,0.0002523128,0.0035113667,1069,test
0.0030922939,0.0016549877,0.97770214,0.0006328628,0.0013994828,0.013009493,0.0002262541,0.0022824805,1070,test
0.0015227989,0.000112870875,0.99576485,2.510648e-05,0.0005315739,0.0017957077,2.0171276e-05,0.00022686194,1071,test
0.99376833,9.404731e-06,0.00070046005,0.0006138184,5.509736e-05,0.00018193552,0.00037159576,0.0042993966,1072,test
0.003213481,0.0018452529,0.9747216,0.00051300914,0.0022241818,0.015374908,0.00023642863,0.0018711153,1073,test
0.9865188,1.3703386e-05,0.0013022762,0.00044684895,6.725837e-05,0.0001774965,0.00035466847,0.011119022,1074,test
0.001527146,0.00018927272,0.99299735,0.00012895874,0.0006413122,0.0040781335,3.942061e-05,0.00039843607,1075,test
0.002322202,0.0003137478,0.99062014,0.00019379349,0.0012768629,0.004434943,6.061744e-05,0.00077771675,1076,test
0.001449843,0.00029721894,0.9927676,7.5144984e-05,0.00066972483,0.0043067136,4.2009964e-05,0.00039177973,1077,test
0.002275622,0.00012928086,0.9928827,0.00011774591,0.00084549125,0.0033541813,3.1284268e-05,0.00036378694,1078,test
0.0012884588,0.00010059156,0.9953406,0.00011713703,0.00040083806,0.0024198932,2.3492801e-05,0.0003089981,1079,test
0.0023775867,0.0011967988,0.9844134,0.00029592603,0.0016275228,0.008415043,0.00013959013,0.0015340594,1080,test
0.0016982268,0.0005129411,0.9923919,9.0039764e-05,0.00093919825,0.0036696251,5.868142e-05,0.0006394791,1081,test
0.0003204961,0.97498524,0.00092093344,3.5621713e-05,0.0030583001,0.0028768948,0.016623631,0.0011789032,1082,test
0.005356552,0.0036637066,0.9604287,0.0010788646,0.0033858358,0.023540761,0.0003721877,0.0021734065,1083,test
0.988453,9.07112e-06,0.0010725913,0.00027317082,7.404822e-05,0.00015207,0.00034510955,0.009621016,1084,test
0.87699986,0.0015500204,0.03760046,0.0049233343,0.0033720464,0.010329381,0.0052127885,0.060012147,1085,test
0.0016874429,0.00079251075,0.9870013,0.00013523966,0.0010705524,0.0086970655,0.00012812602,0.00048774743,1086,test
0.00442861,0.0011205178,0.9824613,0.000481434,0.0017949978,0.008113089,0.00015948196,0.0014406015,1087,test
0.0031669503,0.003922594,0.9688761,0.00024643907,0.004301539,0.016801767,0.0006127299,0.002071883,1088,test
0.002207727,0.00084772793,0.9852013,0.0002961691,0.0012988248,0.008820632,0.00014329808,0.0011843088,1089,test
0.9939354,4.0711643e-06,0.00059829856,0.000561818,2.1418662e-05,0.00013194229,0.00026585138,0.0044811694,1090,test
0.3147666,0.013010608,0.37451905,0.05787375,0.02440454,0.11076057,0.0214471,0.0832178,1091,test
0.0024408002,0.00012271837,0.9917427,0.0002280052,0.00092286203,0.0038088725,2.5362147e-05,0.0007086682,1092,test
0.0008048614,0.00037257108,0.002462796,0.0022556628,4.3777818e-05,0.9877252,0.0020366595,0.004298409,1093,test
0.00596325,0.30924922,0.07388515,0.005329109,0.21247247,0.33556306,0.02150971,0.03602806,1094,test
0.001621746,0.0002893647,0.9915714,0.00012293342,0.0008338676,0.0049249474,5.51091e-05,0.0005806934,1095,test
0.9932255,8.761418e-06,0.0009146358,0.0004047047,5.9171198e-05,0.00016231387,0.00036657372,0.0048582214,1096,test
0.00022102443,0.9813038,0.00070737937,1.952772e-05,0.003105943,0.0022415295,0.011869033,0.00053164805,1097,test
0.0016350008,0.00039842355,0.99194485,0.000104004,0.0006951195,0.004644944,5.987703e-05,0.00051787926,1098,test
0.0014815936,0.00022617352,0.9921951,0.00011908168,0.00057851156,0.0050194035,3.609367e-05,0.00034407218,1099,test
0.002693421,0.00017874525,0.9916967,0.0001438538,0.0010341927,0.0035404372,4.8752703e-05,0.00066388736,1100,test
0.0011961631,0.00026637802,0.9945603,5.0812523e-05,0.00054354017,0.0030354136,5.378893e-05,0.0002935142,1101,test
0.00050096127,0.00050142035,0.008695823,0.0010435629,0.0014447042,0.9874679,0.0003017269,4.3861684e-05,1102,test
0.99354434,6.3181915e-06,0.00082783506,0.00049634825,3.713092e-05,0.00013122366,0.00029522734,0.00466152,1103,test
0.00325104,0.00021068435,0.9910088,0.0001658526,0.0010258525,0.0033606829,4.8868624e-05,0.00092819263,1104,test
0.994747,4.5014967e-06,0.00056312786,0.0003581425,3.2842523e-05,0.00011026544,0.0002607787,0.0039233146,1105,test
0.0013490361,0.00075913145,0.99066895,9.5601805e-05,0.0009854283,0.0053059263,8.936062e-05,0.00074658357,1106,test
0.0019517236,0.00016362118,0.993083,7.744397e-05,0.0006694324,0.0037649057,2.8536544e-05,0.00026136715,1107,test
0.98716193,2.328568e-05,0.0018394201,0.00050855096,0.00020515244,0.00023665045,0.00057154946,0.009453492,1108,test
0.0014425147,0.00038874958,0.99245656,9.67642e-05,0.0007357396,0.004334462,5.167849e-05,0.0004935456,1109,test
0.0020841418,0.00027217626,0.9920372,7.7495846e-05,0.00080820016,0.004099534,4.7988986e-05,0.000573325,1110,test
0.0015595431,0.00088268943,0.9864336,0.0001211015,0.0010239186,0.009252423,0.000119174205,0.0006075537,1111,test
8.808647e-05,0.0003807428,0.0021984936,0.00021766542,0.00021096274,0.9967789,0.00010296132,2.2257182e-05,1112,test
0.04064434,0.07267474,0.7204729,0.007148183,0.026514547,0.038050745,0.012865994,0.08162864,1113,test
0.7788177,0.017626392,0.022896782,0.020425027,0.016292656,0.023555888,0.024356967,0.09602858,1114,test
0.0014703837,0.0002571959,0.99337703,7.9683625e-05,0.0005687047,0.0038603605,3.7821414e-05,0.00034892882,1115,test
0.0010590598,0.0047267117,0.00021201526,0.00031537624,0.0012224932,0.0002056179,0.9903589,0.0018998773,1116,test
0.985571,3.029648e-05,0.0035218478,0.001299475,0.00018388865,0.00071977027,0.00069204584,0.007981633,1117,test
0.98940116,1.9139557e-05,0.0013968202,0.00066141644,7.464966e-05,0.00030532162,0.00038406256,0.007757401,1118,test
0.9932423,7.755806e-06,0.00089940365,0.00032290124,4.992583e-05,0.0001517292,0.00031314723,0.0050127744,1119,test
0.99119735,7.331748e-06,0.002952724,0.0007226865,6.356367e-05,0.0005345818,0.00044127402,0.004080456,1120,test
0.97284085,0.000103661216,0.0031664795,0.0020132677,0.00072866434,0.000597589,0.0016138661,0.018935667,1121,test
0.0020228554,0.00014665874,0.9932811,6.7237925e-05,0.0009274667,0.003093849,3.1067662e-05,0.00042972542,1122,test
0.775774,0.0057926984,0.029014416,0.013776039,0.010484276,0.013917195,0.0266971,0.12454429,1123,test
0.0004933492,0.96484226,0.00072918966,8.0465725e-05,0.003503226,0.0026016403,0.024746846,0.0030030364,1124,test
0.015918745,0.009013209,0.9166456,0.0080446405,0.0050546313,0.032613162,0.0019532747,0.010756769,1125,test
0.0021886907,0.00012241457,0.99261874,0.00010829609,0.000888429,0.0037647577,3.0255207e-05,0.00027839636,1126,test
0.0018202196,0.00015267692,0.99349535,9.961214e-05,0.00073558633,0.0032730298,3.339877e-05,0.00039014642,1127,test
0.012685693,0.13133791,0.15094395,0.01255504,0.3377064,0.2223084,0.08144502,0.051017545,1128,test
0.0016034729,0.0002781822,0.99233025,0.00013111556,0.0006891521,0.004337233,4.8759888e-05,0.0005817765,1129,test
0.99284184,8.944988e-06,0.00091618125,0.00032413198,4.9348746e-05,0.00016244719,0.0002454054,0.005451787,1130,test
0.024647417,0.013443592,0.88288546,0.0046446035,0.011152642,0.048735235,0.0024577207,0.012033343,1131,test
0.011675574,0.007081944,0.9332125,0.0007011513,0.018010233,0.023605851,0.0008675668,0.004845172,1132,test
0.9898212,1.4104728e-05,0.002533292,0.00067509076,0.00014235316,0.0003155142,0.00041639633,0.006082113,1133,test
0.9829695,2.3528779e-05,0.0014927548,0.0005290284,0.00015781893,0.0002543327,0.0005790255,0.013994004,1134,test
0.037149426,0.06188016,0.6488476,0.014726431,0.08057932,0.08180493,0.010272317,0.06473983,1135,test
0.0025174841,0.00014135845,0.9937543,3.3191052e-05,0.00094684935,0.0022550477,3.0366291e-05,0.00032137294,1136,test
0.002015654,0.000109744244,0.9935656,9.788121e-05,0.0007962393,0.0031180363,2.6607595e-05,0.0002701497,1137,test
0.0014556836,0.00043899796,0.9922576,9.009767e-05,0.00067536073,0.0045154113,6.7596295e-05,0.00049938966,1138,test
0.0014142103,0.0003217121,0.9912896,0.0001397316,0.00046680807,0.0058568805,4.0655446e-05,0.00047030553,1139,test
0.0015347474,0.00032296948,0.9929153,9.4843075e-05,0.00072132895,0.003891853,4.8350044e-05,0.00047068167,1140,test
0.0013391846,0.0011320796,0.00085795193,0.0014807937,0.0001686017,0.00033734462,0.0025854676,0.99209845,1141,test
0.0015308025,1.5903327e-06,5.82806e-05,0.9965754,1.0528398e-05,8.987531e-05,0.00031278635,0.0014207416,1142,test
0.99204034,8.211978e-06,0.000603312,0.00031896323,4.8331032e-05,0.00010787521,0.00035399536,0.0065188403,1143,test
0.0035992425,0.0016698134,0.97829115,0.0004980722,0.001673539,0.011273757,0.00029736751,0.0026969898,1144,test
0.00027929616,0.00046404466,0.0020901507,0.0005181566,0.00021267822,0.99617565,0.00019306413,6.6947956e-05,1145,test
0.98164535,3.957243e-05,0.0025948773,0.0019295871,0.00015614006,0.00073210406,0.0010294763,0.011872926,1146,test
0.994922,7.1413024e-06,0.0010557203,0.00018985817,8.172173e-05,0.00018285318,0.00020714368,0.0033536085,1147,test
0.031239042,0.008069208,0.873611,0.015598495,0.006463651,0.04200639,0.0022237839,0.02078846,1148,test
0.98884344,2.8948632e-05,0.0027601188,0.00060004665,0.00024447744,0.0005043834,0.000644583,0.0063740495,1149,test
0.0025517242,9.5113974e-05,0.9940094,5.0463805e-05,0.0007326405,0.0023262517,2.6361971e-05,0.00020812143,1150,test
0.0002984208,0.98272854,0.0010618853,2.8332635e-05,0.004063505,0.001993873,0.0089026345,0.00092276064,1151,test
0.0042227497,0.0010692874,0.97759527,0.0006113616,0.0025951625,0.012978259,0.00030390508,0.0006239552,1152,test
0.94754165,0.0014825254,0.005795366,0.0033395032,0.002201274,0.005422128,0.005068399,0.029149193,1153,test
0.9929974,1.1413573e-05,0.0014173968,0.00034765177,4.920374e-05,0.00030369667,0.00030672352,0.0045663984,1154,test
0.0063433987,0.00056676834,0.9783167,0.00057483726,0.002433189,0.010852204,0.00017065383,0.0007423314,1155,test
0.9892264,4.663745e-05,0.0033310761,0.0005992316,0.0002833385,0.0015211406,0.000605414,0.0043867314,1156,test
0.00028632328,0.00045044674,0.0028943517,0.0005488593,7.8405305e-05,0.9951035,0.0004702347,0.00016790297,1157,test
0.0027590024,0.00065714074,0.98501116,0.00040302766,0.0017795425,0.008728762,0.00016954518,0.0004918245,1158,test
0.003286316,0.00028671877,0.98828596,0.00023795293,0.001988336,0.0054011247,7.96446e-05,0.00043398264,1159,test
0.0036526923,0.00055247976,0.98056155,0.0006390893,0.0026773333,0.011144694,0.00016090542,0.00061122014,1160,test
0.0022284228,0.00038980079,0.98825234,0.00020218336,0.0018423223,0.00661899,0.000100939236,0.00036492542,1161,test
0.0011046446,0.0058543435,0.00010467451,0.0009722612,0.0009409918,0.00078549545,0.9885445,0.0016930399,1162,test
0.9948655,1.0948107e-05,0.0009893512,0.0005433039,4.634215e-05,0.00032019784,0.000352646,0.0028716421,1163,test
0.0043343212,0.0014216552,0.97121847,0.0009052988,0.0029822087,0.017858125,0.00026429523,0.0010156953,1164,test
0.0024334886,0.00035057007,0.98795366,0.00025984886,0.0019074812,0.0066850004,8.296656e-05,0.00032700103,1165,test
0.0034624098,0.00045562114,0.9842286,0.00041193512,0.0024190508,0.008311329,0.00012349866,0.0005875318,1166,test
0.9698373,0.00013743855,0.009612145,0.0018447672,0.00088323763,0.0027964923,0.0011022723,0.013786317,1167,test
0.0025603385,0.00042110233,0.9866976,0.00020053824,0.0014218577,0.008250345,0.00011023111,0.00033808313,1168,test
0.003907177,0.0016903444,0.9747356,0.0011101778,0.0029973001,0.013888597,0.0003459175,0.001324856,1169,test
0.0028275338,0.00036859498,0.9874576,0.000250311,0.0015720323,0.007035577,0.0001338559,0.000354605,1170,test
0.01876757,0.009031978,0.8939749,0.011729598,0.011441966,0.037054237,0.0025824425,0.015417366,1171,test
0.98868644,3.50126e-05,0.0016502702,0.00047143595,0.00014592813,0.0005001584,0.00058710837,0.007923733,1172,test
0.003804062,0.00054433406,0.982821,0.0004285457,0.0027634052,0.008581272,0.00014757745,0.00090971135,1173,test
0.0031375068,0.0001995642,0.9896656,0.00014874771,0.0021239608,0.0044272696,9.180649e-05,0.00020554315,1174,test
0.0030476437,0.0004460188,0.9848156,0.00047195557,0.0024315193,0.008216139,0.00011230889,0.00045884104,1175,test
0.0032380614,0.004597774,0.00022856817,0.0010930573,0.001668945,0.00054404215,0.9879006,0.0007289092,1176,test
0.0028571256,0.0005891574,0.9869321,0.0002899792,0.0018285279,0.006953725,0.00014783099,0.00040146787,1177,test
0.989626,3.334241e-05,0.0021437255,0.0008864167,0.00017491596,0.0008090351,0.0005316051,0.00579485,1178,test
0.0030886047,0.0003742078,0.9846815,0.00043085762,0.003260487,0.0076013873,0.00010793332,0.00045508807,1179,test
0.0029883387,0.00036612805,0.9852504,0.0003791354,0.0024396824,0.007839414,0.00013662066,0.000600326,1180,test
0.0032246422,0.0005662457,0.9855795,0.0003778742,0.0025146909,0.0069047147,0.00013946285,0.0006928881,1181,test
0.016020214,0.01521107,0.009950973,0.019838491,0.004582728,0.0076354844,0.020111218,0.9066497,1182,test
0.992092,1.9911784e-05,0.0014082354,0.00064600905,9.0452886e-05,0.00047103336,0.00045015488,0.004822089,1183,test
0.00046895782,0.9712455,0.0020911328,6.2321036e-05,0.0069232197,0.0046636993,0.013885171,0.00065996114,1184,test
0.00045424164,0.9692476,0.0026423535,5.9465605e-05,0.007198705,0.006164065,0.013666847,0.000566635,1185,test
0.15916143,0.04421457,0.3521998,0.0039676907,0.22299966,0.04683271,0.025419982,0.14520414,1186,test
0.005983372,0.00043545465,0.9847111,0.00026823717,0.0017660141,0.0060068564,0.00017803149,0.00065092125,1187,test
0.0035846927,0.00068370224,0.98207575,0.00056021404,0.00279897,0.009500031,0.00015172856,0.0006449393,1188,test
0.9858688,4.9007343e-05,0.0030469443,0.0014995763,0.00018438874,0.0012868199,0.0009116378,0.00715275,1189,test
0.0040691537,0.00081704126,0.9813238,0.00069917977,0.002203166,0.0097143045,0.00016420387,0.0010092029,1190,test
0.029698681,0.004500022,0.0144319935,0.020618815,0.006503136,0.009158663,0.015867988,0.8992207,1191,test
0.0048827445,0.005196218,0.008347041,0.0040710834,0.0009497991,0.0031326234,0.011412545,0.96200794,1192,test
0.012163555,0.003111198,0.00556959,0.00843481,0.0009327552,0.0017172166,0.0073728943,0.96069795,1193,test
0.98089325,7.021515e-05,0.0066746264,0.002009719,0.00041774698,0.002267788,0.0012992237,0.0063674636,1194,test
0.004713866,0.0064188256,0.007499084,0.00014034532,0.9759495,0.0029680207,0.0015842031,0.0007262022,1195,test
0.0026142201,0.00048178705,0.98771244,0.00023731118,0.0019065507,0.006587858,0.00010759517,0.0003522272,1196,test
0.9928255,1.1168987e-05,0.0027099142,0.0006013114,7.617471e-05,0.00073292037,0.00036767294,0.0026753715,1197,test
0.0027016127,0.00050923217,0.9845525,0.00045268924,0.002051068,0.009116178,0.00014393787,0.00047280965,1198,test
0.9944975,8.113194e-06,0.0015964169,0.00032814802,4.4275057e-05,0.00031609944,0.00027573548,0.0029337732,1199,test
0.0005100345,0.96589893,0.003525242,8.4395564e-05,0.008634048,0.0054643494,0.015128623,0.00075436354,1200,test
0.0023707345,0.00034944265,0.9885865,0.00030139415,0.0016305719,0.0063619427,0.00010166666,0.00029775582,1201,test
0.96882725,0.00021669191,0.0072860043,0.0026490756,0.0007625944,0.0036530618,0.0025228155,0.014082451,1202,test
0.0026593537,0.0005956454,0.98697597,0.00024429752,0.0019014328,0.0070846444,0.00013962277,0.00039887836,1203,test
0.9912111,4.9336715e-05,0.0015825977,0.0006402462,0.00018297436,0.0009055423,0.0008690611,0.0045591057,1204,test
0.0032387942,0.00052220514,0.98697567,0.0002174383,0.0014850257,0.0069618784,0.000191274,0.00040772697,1205,test
0.9944173,1.2283506e-05,0.0016252508,0.0006988656,7.8486606e-05,0.0005085733,0.000351369,0.0023079212,1206,test
0.99332196,1.3189875e-05,0.0016860282,0.00081506395,6.128965e-05,0.0005254317,0.00039468548,0.0031821986,1207,test
0.010543223,0.0021337029,0.96510226,0.001379389,0.004110565,0.013821603,0.0005279765,0.0023812735,1208,test
0.0064974246,0.0035405604,0.94223034,0.0014940713,0.0048101884,0.038760766,0.00068373414,0.001982926,1209,test
0.0042899586,0.00047446584,0.9804986,0.00055166066,0.0035386086,0.009747847,0.00016503656,0.0007337855,1210,test
0.002618083,0.00053758547,0.986226,0.0003494581,0.0017128146,0.007996133,0.00016421784,0.000395638,1211,test
0.0020512738,0.00027378488,0.99095273,0.00010327257,0.0010320883,0.005289841,6.534611e-05,0.00023177927,1212,test
0.0079463925,0.0016296575,0.005417081,0.009090319,0.0006023735,0.0016686609,0.0053341747,0.96831125,1213,test
0.002652844,0.00034883182,0.98641753,0.00032014467,0.001779339,0.007984139,9.009554e-05,0.00040711943,1214,test
0.003967609,0.0011578467,0.97196466,0.0012460488,0.0024100398,0.017993862,0.00021085671,0.0010490727,1215,test
0.003172527,0.00056592526,0.9815957,0.0005662522,0.0027019922,0.010655089,0.00014595245,0.0005965918,1216,test
0.9934321,1.4775597e-05,0.0025674342,0.00050228817,7.2998766e-05,0.0005765942,0.00036196248,0.002471952,1217,test
0.020697169,0.12371763,0.5313757,0.024429822,0.02569962,0.23197837,0.0186136,0.02348814,1218,test
0.0004993175,0.00046918212,0.0046493644,0.0014518216,0.00036461203,0.9920786,0.00037873822,0.000108303764,1219,test
0.002806848,0.00030427062,0.98690873,0.0002993323,0.0018291597,0.0074009504,8.952871e-05,0.00036114888,1220,test
0.002309687,1.7460063e-05,0.0007809372,0.9922781,5.6028966e-05,0.0010647051,0.0016306775,0.0018623152,1221,test
0.9904993,2.9704834e-05,0.0021251126,0.0011150462,0.00015876887,0.00066609384,0.0005180395,0.0048878803,1222,test
0.9915978,1.6189795e-05,0.0016843197,0.0008799642,6.6956265e-05,0.00067186035,0.0005032273,0.004579783,1223,test
0.98989505,2.051909e-05,0.0038316527,0.0004133282,0.0001976363,0.000968617,0.0003857023,0.0042874883,1224,test
0.8733181,0.0014220785,0.055662744,0.011536217,0.008743902,0.032454394,0.004936087,0.011926477,1225,test
0.0027970094,0.0002641441,0.9867135,0.00033979095,0.0022334533,0.0071627065,8.007125e-05,0.00040922867,1226,test
0.0026790716,0.00071698177,0.98569065,0.00025951563,0.0018668666,0.008238321,0.00014626503,0.0004022068,1227,test
0.0038334902,0.0012594745,0.9780076,0.0009800597,0.0023976204,0.012236964,0.00037854223,0.00090619235,1228,test
0.0035613475,0.00029569663,0.983698,0.00039716667,0.0020744766,0.009458372,9.643275e-05,0.00041851003,1229,test
0.00052936474,0.9657768,0.0034202521,0.00011289049,0.007869383,0.005486264,0.015931716,0.00087326823,1230,test
0.9933923,1.2591669e-05,0.001599779,0.00081862375,6.934129e-05,0.0005057789,0.0003744737,0.0032270907,1231,test
0.9876337,3.6666297e-05,0.0032606896,0.0011784943,0.00016098346,0.0012313561,0.00079089875,0.0057072067,1232,test
0.0038602815,0.0008717383,0.9756064,0.00066580926,0.003160176,0.0148224775,0.00021126236,0.00080182526,1233,test
0.0044599813,0.00030914912,0.978214,0.0005991598,0.0025100447,0.013219347,8.2298495e-05,0.00060591067,1234,test
0.0030670133,0.00036115613,0.98465246,0.0004765327,0.002309619,0.008556326,0.00010602099,0.00047094186,1235,test
0.0028771805,0.00062016485,0.9859725,0.00019504558,0.0022610668,0.007401408,0.00014619583,0.00052643404,1236,test
0.9171584,0.0033600898,0.0102016805,0.0049683847,0.0038788884,0.0077513433,0.008638749,0.04404255,1237,test
0.99076056,1.8920719e-05,0.003047252,0.0008145589,0.00011054376,0.0008569563,0.00048831303,0.0039029738,1238,test
0.99269944,1.8112672e-05,0.0015714113,0.00080355676,7.254436e-05,0.00043650018,0.0004676191,0.0039308607,1239,test
0.0060010515,0.03679318,0.028973117,0.0006517982,0.8939388,0.02401445,0.0071260515,0.0025015303,1240,test
0.0038541295,0.00050556794,0.98277444,0.00060972956,0.0031188407,0.0082888305,0.00013002534,0.0007183383,1241,test
0.9774563,7.750668e-05,0.0037509983,0.00081307185,0.00017299465,0.0010272072,0.0011283956,0.015573596,1242,test
0.004348738,0.0012803716,0.9791915,0.0006148143,0.0028835463,0.010506934,0.00023670921,0.0009374065,1243,test
0.0018530893,0.06890564,0.022640703,0.0065075806,0.017025948,0.8657065,0.009425638,0.007934814,1244,test
0.00056509365,0.9583246,0.0027927598,0.00012728543,0.008004052,0.005225497,0.023673778,0.0012869522,1245,test
0.0029238185,0.0037371288,0.008106992,4.2270232e-05,0.98288363,0.0012472084,0.0007686398,0.00029030952,1246,test
0.9937878,1.1865276e-05,0.00080066494,0.0005814466,4.01948e-05,0.00033911015,0.0004467369,0.0039921673,1247,test
0.9916603,1.225749e-05,0.0022578132,0.0010287511,7.615238e-05,0.0007597919,0.0004385162,0.003766447,1248,test
0.0005644364,0.9657904,0.0027538766,8.93089e-05,0.0095740305,0.00427042,0.015890658,0.0010668625,1249,test
0.00436014,0.0004373028,0.9803091,0.0005275558,0.0033504432,0.010060695,0.00016677924,0.0007880269,1250,test
0.003509062,0.00020626419,0.9902623,0.00011183983,0.0018424146,0.0037954526,8.254239e-05,0.00019015273,1251,test
0.0013368728,0.0010918989,8.466032e-05,0.00044588427,0.00051583303,0.00019675447,0.99553347,0.00079465174,1252,test
0.9855789,3.7734517e-05,0.002824971,0.00054134044,0.00020940273,0.00074643345,0.0006073773,0.009453895,1253,test
0.98802805,4.5844532e-05,0.0019080424,0.00072490773,0.00015781655,0.00072652864,0.00056340743,0.007845487,1254,test
0.9935963,1.4605022e-05,0.0016610172,0.00039889966,7.283781e-05,0.000523113,0.0003947516,0.0033384874,1255,test
0.0036250723,0.00062084605,0.98129314,0.00051854487,0.002524003,0.01060835,0.00017481981,0.0006351993,1256,test
0.0024612239,0.00068439875,0.9861858,0.00025507118,0.0018975168,0.007964163,0.0001533237,0.00039854227,1257,test
0.003203937,0.0005170466,0.98504955,0.00036726368,0.001978815,0.008228771,0.0001617981,0.00049280166,1258,test
0.00314305,0.00031240872,0.98699075,0.00032756486,0.002533371,0.0061127916,9.6298754e-05,0.00048384367,1259,test
0.0034529532,0.00024846543,0.9880832,0.00017047292,0.0026833715,0.004909213,7.4181284e-05,0.00037813158,1260,test
0.9919817,2.1903663e-05,0.0012204946,0.00080809556,8.9497466e-05,0.0005094525,0.00055804214,0.004810844,1261,test
0.00039127044,0.0009220866,0.0049020434,0.0009719074,0.00050888496,0.99164337,0.00055988325,0.00010055808,1262,test
0.9940229,1.5979926e-05,0.0010064966,0.000525652,5.0200873e-05,0.00039584353,0.00046187447,0.003520912,1263,test
0.99377394,7.710988e-06,0.0012203349,0.00045701917,3.715229e-05,0.00032395273,0.00039511936,0.003784705,1264,test
0.002672998,0.00016432493,0.991521,0.00010540542,0.0016825508,0.0035947633,6.669688e-05,0.00019232997,1265,test
0.0036944675,0.0004619102,0.98523694,0.00030522887,0.002107575,0.007442624,0.00013563709,0.000615648,1266,test
0.99154574,1.7431392e-05,0.0014349658,0.000517722,7.520985e-05,0.00047664891,0.00045912754,0.005473259,1267,test
0.002520143,0.00076508225,0.98344153,0.00045282595,0.0019202962,0.010264616,0.00019678839,0.00043869956,1268,test
0.99094206,2.997894e-05,0.0015076092,0.0004454045,7.419378e-05,0.00059512194,0.00065625686,0.005749297,1269,test
0.0023206323,0.00063365005,0.9873223,0.00027008096,0.0016887469,0.0073001427,0.00015935597,0.00030505893,1270,test
0.009796648,0.0084706275,0.9147039,0.0032609082,0.00843219,0.049465414,0.0013926342,0.004477621,1271,test
0.99182105,2.4022494e-05,0.001695004,0.00061319314,7.277343e-05,0.0005296907,0.00068387296,0.0045604077,1272,test
0.99322754,1.8848781e-05,0.0011300538,0.00046107746,6.907122e-05,0.00036456235,0.00033179615,0.0043970733,1273,test
0.99228436,1.6760485e-05,0.0013332602,0.0008179123,8.266796e-05,0.00049564673,0.000583115,0.0043862085,1274,test
0.0025115698,0.00056427275,0.9870244,0.0002661684,0.0017710935,0.0073401723,0.000120972196,0.00040128682,1275,test
0.99081004,3.719373e-05,0.001156614,0.000702825,0.00011176869,0.00064757955,0.0007190345,0.0058149807,1276,test
0.99035966,3.2613898e-05,0.0013799451,0.00054446305,9.925031e-05,0.00048649605,0.0006686091,0.0064288746,1277,test
0.0034107266,0.00057364936,0.98513424,0.00031143773,0.0018946873,0.007968059,0.00015801872,0.0005490546,1278,test
0.003305517,0.0007056024,0.9844068,0.00035513868,0.0023854724,0.007870092,0.00020707236,0.000764192,1279,test
0.98777056,1.1527471e-05,0.0018751366,0.00079767284,6.298995e-05,0.0004941464,0.0003535396,0.008634447,1280,test
0.0016334745,0.000340621,0.9917384,9.3151066e-05,0.0008991447,0.0045991046,6.4508655e-05,0.00063166535,1281,test
0.9932208,9.786894e-06,0.0011877896,0.0005348217,5.473741e-05,0.00025819396,0.00028544953,0.004448389,1282,test
0.0025157246,0.00032924718,0.9882024,0.00024055777,0.0010946557,0.0068474635,8.7243316e-05,0.00068267353,1283,test
0.98581636,2.1600685e-05,0.0016197046,0.0006528981,0.00014328133,0.00037850684,0.0005394108,0.010828266,1284,test
0.0012851572,0.0007360448,0.99066013,0.00011137409,0.0008856437,0.005495904,0.00011559136,0.0007100325,1285,test
0.014816499,0.010258949,0.9080669,0.010474931,0.009058488,0.030809337,0.0012104625,0.015304431,1286,test
0.0011220352,0.0004943947,0.9906432,0.0001003427,0.0006363143,0.006459589,7.389527e-05,0.00047028915,1287,test
0.0015507537,0.0007796352,0.9873237,0.000351112,0.0005024447,0.00842084,0.00011445095,0.0009570874,1288,test
0.00027504808,0.00018587624,0.0010055996,0.0013642084,0.0001398795,0.9963559,0.00043460508,0.00023886863,1289,test
0.0005754943,0.9644649,0.0025664521,0.00010525598,0.008923887,0.0050041433,0.016424846,0.0019350917,1290,test
0.0082788095,0.0041063274,0.9510412,0.0028066032,0.0067579984,0.021054763,0.00068961724,0.00526462,1291,test
0.98386997,1.8564242e-05,0.0023186125,0.00044413575,0.00010925357,0.0002736417,0.00043342696,0.012532341,1292,test
0.0013797136,0.00037466752,0.9909446,0.0001258409,0.00071077846,0.005926349,6.817706e-05,0.00046984962,1293,test
0.0020576967,0.0010813103,0.9844195,0.0003020519,0.0012817126,0.009472858,0.00018751663,0.0011973552,1294,test
0.028133163,0.0076034586,0.8840138,0.0069137975,0.022770591,0.03835697,0.0016891869,0.010519168,1295,test
0.0021901643,0.00069093436,0.9833677,0.00056493405,0.00095125963,0.0110052945,0.0001365677,0.0010932065,1296,test
0.9917972,1.0994238e-05,0.0020700053,0.00069914607,0.000106983665,0.0004194926,0.0002844514,0.0046117045,1297,test
0.99344444,7.8732055e-06,0.000831765,0.0006831299,3.8890594e-05,0.00023859643,0.00030648342,0.004448966,1298,test
0.0012902728,0.00052359205,0.99073243,0.00017269998,0.0007184528,0.005926324,9.900664e-05,0.00053728075,1299,test
0.003262434,0.002068861,0.9740233,0.0006847687,0.0016949909,0.016032211,0.00035050508,0.0018829163,1300,test
0.00037029447,0.97672063,0.002387711,4.8811744e-05,0.005971165,0.0046807732,0.008819484,0.0010011471,1301,test
0.0012624777,0.94218475,0.0050870185,0.000397868,0.006956881,0.013092352,0.026061881,0.004956733,1302,test
0.8849934,0.001953207,0.021771858,0.028609287,0.004498005,0.016456032,0.011002037,0.0307162,1303,test
0.9795353,2.2010965e-05,0.0071567,0.00032644198,0.0005759651,0.00085128535,0.00066605717,0.010866265,1304,test
0.0018139544,0.00065570045,0.9876786,0.000286318,0.0010308638,0.0076193814,0.00014200722,0.0007731627,1305,test
0.0013829136,0.00033831352,0.9901243,0.00016544922,0.00042681006,0.0070469123,5.702824e-05,0.00045841205,1306,test
0.0017002166,0.0005220911,0.9883847,0.00024522736,0.00088519306,0.007440497,9.958934e-05,0.0007224962,1307,test
0.0013688077,0.000522387,0.99109554,0.00011521604,0.00093984103,0.00502574,7.732658e-05,0.00085525564,1308,test
0.0018986698,0.0007151919,0.98814964,0.00023093789,0.0013861404,0.0062381756,0.00013472312,0.0012465445,1309,test
0.986317,3.9126182e-05,0.0016952313,0.0009246311,0.00021837822,0.00057234743,0.00050828775,0.009725004,1310,test
0.9873653,1.5936132e-05,0.0016734564,0.00067623385,6.557104e-05,0.00038899528,0.00042135152,0.009393236,1311,test
0.9919739,1.1550585e-05,0.0010969038,0.00045483356,7.35046e-05,0.0002967183,0.00028332637,0.005809221,1312,test
0.0039261263,0.00094016455,0.97994405,0.0010992863,0.0013360934,0.010957784,0.00017241841,0.0016241473,1313,test
0.0014982438,0.0015616184,0.98471165,0.00020738908,0.00080367055,0.009918193,0.00018905172,0.0011100797,1314,test
0.0019770688,0.95426506,0.0035312118,0.00027774787,0.013425695,0.00886204,0.014324906,0.0033363658,1315,test
0.976029,2.7376864e-05,0.004496653,0.0005158069,0.00028872734,0.0006972388,0.00068735017,0.017257705,1316,test
0.0038990346,0.003567551,0.010778179,6.664223e-05,0.9776634,0.002110263,0.001125613,0.00078930455,1317,test
0.9866257,8.855739e-06,0.0018102787,0.000286986,8.658301e-05,0.00023889492,0.00030196444,0.010640787,1318,test
0.0015122679,0.00051666086,0.99175864,0.000110775385,0.0007520552,0.00468133,9.4641386e-05,0.0005735992,1319,test
0.97935104,3.0567557e-05,0.0025765148,0.0014682995,0.00020302205,0.0006903194,0.00058402837,0.015096134,1320,test
0.00045913135,0.9736701,0.0025932004,6.095088e-05,0.0067896834,0.004525066,0.010600153,0.0013017022,1321,test
0.0031284601,0.0017816914,0.0034298957,4.83631e-05,0.9896209,0.0012075156,0.00052136823,0.00026176308,1322,test
0.0039086314,0.0003469475,0.0056840833,0.051034737,0.00013412531,0.0077294908,0.005295153,0.92586684,1323,test
0.0016602776,0.0001421374,0.9944107,5.0102582e-05,0.000687529,0.0027427324,3.7252437e-05,0.0002692393,1324,test
0.33106604,0.011209036,0.41676104,0.017520186,0.025237374,0.078872,0.012098488,0.10723578,1325,test
0.0015323627,0.0005108007,0.99109125,0.00012271907,0.00080296263,0.0052417372,9.503619e-05,0.00060322933,1326,test
0.0016195383,0.0002218158,0.9927221,6.191027e-05,0.0007609922,0.004240397,4.9297407e-05,0.0003238976,1327,test
0.0005340872,0.00082953816,4.4544933e-05,0.00039396444,0.00024493103,0.00031523063,0.99716705,0.00047065923,1328,test
0.9935741,9.227921e-06,0.0011173193,0.00048363837,5.481555e-05,0.00030460072,0.00026333606,0.004192848,1329,test
0.0016361334,0.0027037761,0.00016584566,0.0007265586,0.00076720276,0.0008069922,0.9918069,0.0013864955,1330,test
0.0016588257,0.00085486524,0.9875425,0.00016600988,0.00083819835,0.008112881,0.00015034073,0.00067632983,1331,test
0.00227973,0.00082928326,0.9808332,0.00048682033,0.0010389547,0.013430842,0.00015206645,0.00094908255,1332,test
0.9919214,7.1884347e-06,0.0012364667,0.0003774603,5.152713e-05,0.00022976978,0.00018477546,0.0059914286,1333,test
0.0017866235,0.095566556,0.027882636,0.0014036588,0.040860325,0.8162315,0.013617208,0.0026514563,1334,test
0.9922963,1.39325175e-05,0.0019504863,0.00082796265,0.00013475434,0.0004928618,0.00035293572,0.0039307596,1335,test
0.0064754235,0.003949589,0.95865893,0.0011523314,0.0026765438,0.018024962,0.0007724716,0.008289814,1336,test
0.9334136,0.0007735876,0.011071798,0.010887238,0.0019393667,0.009493323,0.004257001,0.028164092,1337,test
0.0013991056,0.0005218268,0.99123454,0.00017111239,0.00041886314,0.005601295,6.8103946e-05,0.0005852136,1338,test
0.0011962365,0.0003569069,0.99299073,8.238472e-05,0.0005637224,0.0045228214,8.269565e-05,0.00020439067,1339,test
0.990973,1.1534289e-05,0.000901999,0.0007820808,6.360239e-05,0.0002379602,0.00035627373,0.0066736853,1340,test
0.0024865768,0.0006213851,0.9857466,0.00034294653,0.0011911006,0.008429061,0.00011744115,0.0010648845,1341,test
0.0013504522,0.00064358977,0.9896114,0.00014428023,0.00073215034,0.006787438,7.792828e-05,0.0006526453,1342,test
0.9915987,9.188976e-06,0.000971879,0.00065537635,3.659264e-05,0.0002566596,0.00027173653,0.006199694,1343,test
0.00061793724,0.9613048,0.0040094513,0.00014462248,0.008557799,0.007539789,0.016483912,0.0013416391,1344,test
0.98954684,9.656338e-06,0.0033986438,0.0011363346,8.3061284e-05,0.00062646816,0.0003597377,0.004839219,1345,test
0.9888581,1.4573823e-05,0.00209073,0.00046775676,0.0001232179,0.00033625032,0.00030807816,0.0078014126,1346,test
0.0013294745,0.0010335933,0.9863703,0.0002123063,0.0007748672,0.009429675,0.00013309339,0.00071674265,1347,test
0.9924826,8.138732e-06,0.0011479044,0.00044463717,5.102615e-05,0.00026083377,0.00022503038,0.005379843,1348,test
0.0016946419,0.001421157,0.98429835,0.000353161,0.0009141375,0.01025524,0.00020921305,0.00085414824,1349,test
0.001800664,0.00040584628,0.98780584,0.00031384797,0.000711839,0.008345022,8.801349e-05,0.0005289431,1350,test
0.0018610398,0.00022595786,0.99267757,6.0776078e-05,0.00080480915,0.0039473893,5.1042647e-05,0.00037143932,1351,test
0.0015606796,0.0003481416,0.99011457,0.00015291365,0.0008584636,0.0062786955,5.8598205e-05,0.0006279632,1352,test
0.0018465999,0.00030436806,0.9911152,0.0002323613,0.00060571526,0.005251739,7.29364e-05,0.0005710489,1353,test
0.0032591438,0.0017530079,0.96650887,0.00047407785,0.0012847681,0.024509443,0.0003077455,0.0019029038,1354,test
0.99255216,1.0344691e-05,0.0015017642,0.0005857493,7.41699e-05,0.00037263538,0.00027361838,0.0046295105,1355,test
0.0009965975,0.0004276615,0.9918213,0.00011169097,0.00048795546,0.0056307386,6.0561604e-05,0.00046352806,1356,test
0.98783743,1.8834085e-05,0.001555394,0.00038900762,0.00015561894,0.00033443133,0.00056953204,0.009139737,1357,test
0.0029940584,0.00034275377,0.9885837,0.00023988435,0.0011114695,0.005999426,9.371162e-05,0.0006351031,1358,test
0.11661812,0.061323106,0.345622,0.014249959,0.362448,0.061266113,0.013717278,0.024755446,1359,test
0.0011744038,0.00056041294,0.9884249,0.00016315436,0.00054282544,0.008551204,6.7790286e-05,0.000515339,1360,test
0.99174154,1.0400455e-05,0.0010201753,0.00047900667,6.131703e-05,0.00027161217,0.00021640233,0.0061994335,1361,test
0.9890637,1.682838e-05,0.0012283508,0.0011073063,7.829011e-05,0.00060502347,0.0007387898,0.0071617747,1362,test
0.9912983,1.5948044e-05,0.00092066795,0.00053415087,7.485338e-05,0.00032380896,0.00038080863,0.0064516296,1363,test
0.0043666125,0.0035372293,0.95620894,0.0014990161,0.0029615404,0.028342858,0.0004917696,0.002592007,1364,test
0.0024525512,0.0004405086,0.9894336,0.00014808249,0.0013044197,0.005342266,9.1170354e-05,0.0007874388,1365,test
0.9926118,9.850971e-06,0.0010523427,0.00053950533,6.455642e-05,0.00027316835,0.00028061587,0.005168074,1366,test
0.6737972,0.006845166,0.07990595,0.035661176,0.03198472,0.037915103,0.020681456,0.11320921,1367,test
0.0027589449,0.0023570056,0.9741518,0.00081243395,0.0012120276,0.016466977,0.00038883727,0.0018519828,1368,test
0.0018302277,0.00058468984,0.9903653,0.0001216656,0.0010161093,0.0052150995,0.000107562904,0.00075933395,1369,test
0.00013789738,0.00015725639,0.00068288675,0.0003477435,7.06401e-05,0.998444,0.00013782625,2.1853124e-05,1370,test
0.001330068,0.0007056508,0.9847729,0.00028641897,0.00033929799,0.011855897,9.405625e-05,0.0006157137,1371,test
0.0013942192,0.00066011655,0.98799264,0.00024842203,0.0007674637,0.008202265,0.00012235138,0.00061246153,1372,test
0.9840862,6.0799025e-06,0.0017642499,0.0001302215,3.9139646e-05,0.00022435717,0.0002398724,0.013509808,1373,test
0.0014189326,0.00093252293,0.9878855,0.00020478891,0.0008766928,0.0076523772,0.00015346994,0.0008757435,1374,test
0.0015456511,0.0005094946,0.98915064,0.00019701947,0.00086512906,0.0067451545,0.00010533521,0.00088155805,1375,test
0.00065329816,0.9645404,0.00353311,0.00012979629,0.009595868,0.004831769,0.013817654,0.0028980619,1376,test
0.0021157232,0.0010100935,0.98340833,0.0003996867,0.0011947032,0.0105292825,0.00019350767,0.0011486429,1377,test
0.0015318803,0.0008551499,0.98715615,0.0002296875,0.00091776304,0.008439575,0.00015050307,0.00071929884,1378,test
0.85428995,0.0044852775,0.0136152385,0.004113005,0.0036832383,0.010138705,0.011332375,0.09834223,1379,test
0.0021535454,0.000417068,0.9886801,0.00036044797,0.0009369427,0.006342097,0.00014048653,0.00096922077,1380,test
0.9913686,1.0281772e-05,0.0009832165,0.00040481886,5.8319412e-05,0.00028678618,0.00035421745,0.006533788,1381,test
0.0011616818,0.00042134602,0.9916545,0.00010633563,0.00056348974,0.0055611627,6.783185e-05,0.00046349212,1382,test
0.0019048199,0.0003362133,0.99015754,0.00018330707,0.00086642156,0.0059491578,9.196361e-05,0.0005104991,1383,test
0.00022457518,5.332425e-05,0.00027321768,0.0010444782,1.0107246e-05,0.9979493,0.0003529342,9.207999e-05,1384,test
0.0012854664,0.00038728092,0.99130684,0.00013869234,0.00057561154,0.005671749,6.9651556e-05,0.0005647574,1385,test
0.0033864537,0.0013795039,0.97708523,0.00076101057,0.0019832193,0.014195086,0.00016570497,0.0010438076,1386,test
0.010214804,0.007287993,0.92139596,0.0025903427,0.0035987739,0.051925525,0.0010234896,0.0019630827,1387,test
0.00045010468,0.97290605,0.002697609,5.9991497e-05,0.00792538,0.004652778,0.010128003,0.0011801536,1388,test
0.98933464,1.2870913e-05,0.0018580859,0.0010739765,6.337389e-05,0.0006229749,0.0004252239,0.0066088866,1389,test
0.3990483,0.11133187,0.034213588,0.009761288,0.02067372,0.03255559,0.057718236,0.33469748,1390,test
0.04267825,0.025332937,0.7078932,0.011163988,0.01324666,0.042002633,0.013073444,0.14460884,1391,test
0.9891158,1.9327521e-05,0.001635925,0.00046485028,0.00015882467,0.0004020746,0.0003902035,0.007813085,1392,test
0.0049376646,0.13109978,0.02948326,0.0018744229,0.08261062,0.70253134,0.03971794,0.0077450024,1393,test
0.0017604659,0.001324416,0.9816746,0.00022576371,0.0010665859,0.012894618,0.00016958079,0.0008839479,1394,test
0.9782562,4.8133064e-05,0.0013759366,0.00089786015,0.00012526845,0.0005099588,0.00086560403,0.017921101,1395,test
0.988679,1.6125983e-05,0.0013334525,0.0006842823,9.496903e-05,0.0004209596,0.00044993704,0.008321281,1396,test
0.0012139679,0.002563282,0.003689644,1.6549695e-05,0.99115306,0.00083382335,0.00041548003,0.00011421806,1397,test
0.0013676212,0.00043567742,0.9911203,0.00016729627,0.00079879037,0.0054332865,7.594125e-05,0.00060104846,1398,test
0.9877229,1.0828214e-05,0.0016422556,0.00072837056,7.0180584e-05,0.0004264371,0.00045238694,0.008946603,1399,test
0.0018976948,0.00027068323,0.99109745,0.0001784358,0.00082262355,0.0049912725,7.127974e-05,0.00067058345,1400,test
0.0064594727,0.06755832,0.04563582,0.004644489,0.16800761,0.6778491,0.01986524,0.009979856,1401,test
0.0018980857,0.0008043031,0.98555666,0.0003311583,0.0009023523,0.0095981555,0.00014365962,0.0007655813,1402,test
0.0053774687,0.0022198649,0.9647594,0.0015094159,0.002566456,0.018917749,0.00035043733,0.0042991387,1403,test
0.0014393646,0.92929226,0.0042642127,0.00035320103,0.015068518,0.011025988,0.032490965,0.0060655484,1404,test
0.99117917,8.569334e-06,0.0010438277,0.00035816754,5.116517e-05,0.00022830351,0.00030931176,0.0068215383,1405,test
0.0012727163,0.00024960947,0.00036171803,0.0017826738,0.00016395302,6.780383e-05,0.0014720642,0.99462944,1406,test
0.002317871,0.0006078335,0.98714113,0.00028512106,0.0012873801,0.007324122,0.00010725191,0.0009292995,1407,test
0.9967347,5.0466374e-06,0.0005904097,0.00035451705,2.1182215e-05,0.00018548217,0.00033661857,0.0017720824,1408,test
0.0016785277,0.00030447225,0.9894162,0.00016869776,0.0018671548,0.0061399746,5.2385825e-05,0.0003725532,1409,test
0.010525023,0.0015694222,0.00962366,0.008055816,0.00062833005,0.0031122665,0.008728962,0.9577565,1410,test
0.001841063,0.00028985596,0.99069875,0.00011543877,0.0017092924,0.004914118,5.2558837e-05,0.000378948,1411,test
0.0027385226,0.0001662123,0.98895127,0.00019644003,0.0017285694,0.005907514,3.2925906e-05,0.00027859517,1412,test
0.0015042315,0.9491196,0.007887459,0.00031550453,0.0109892255,0.011465126,0.01630301,0.0024158203,1413,test
0.9966493,4.9786336e-06,0.0006778778,0.0006042649,2.7714274e-05,0.00017495244,0.000340867,0.0015200586,1414,test
0.99391335,9.899566e-06,0.0015590746,0.0012025147,6.91323e-05,0.0003990079,0.00042455381,0.0024225207,1415,test
0.9962083,6.784948e-06,0.00049829506,0.00053948554,2.5725007e-05,0.00016936086,0.00033574784,0.0022162052,1416,test
0.0068834852,0.0012956252,0.97423834,0.0012344794,0.0026545767,0.011684077,0.00014629889,0.0018631088,1417,test
0.972451,9.936793e-05,0.010331255,0.0021255831,0.00095664564,0.0031662006,0.0008594745,0.010010542,1418,test
0.0015320112,0.00039838694,0.99016017,0.0001269658,0.0016352076,0.005809873,5.612327e-05,0.00028130176,1419,test
0.0028599696,0.0004660809,0.9853694,0.00029062602,0.0014454192,0.008889871,5.9923754e-05,0.0006188767,1420,test
0.00269206,0.00012029808,0.9896857,0.00018452558,0.0020509695,0.0049061207,2.8115694e-05,0.00033220512,1421,test
0.0032560178,0.00048077846,0.98389363,0.00044667086,0.001976593,0.0090482,8.684851e-05,0.00081135076,1422,test
0.0021332111,0.00033482982,0.988206,0.0001914615,0.0020491916,0.006535437,6.194671e-05,0.00048796518,1423,test
0.002637614,0.00033996653,0.98425657,0.00030392848,0.0017439667,0.010169879,5.465886e-05,0.00049341307,1424,test
0.51205003,0.0109559465,0.2118657,0.051987186,0.035831522,0.0324961,0.024212379,0.12060113,1425,test
0.010490239,0.0022715775,0.007870846,0.015722444,0.0010111597,0.00296547,0.0074124914,0.9522558,1426,test
0.996476,6.466799e-06,0.00036080173,0.00057071587,2.3466187e-05,0.00014754654,0.00037514672,0.0020398698,1427,test
0.0018997844,0.0003061931,0.98790365,0.00023246343,0.0013995146,0.007788833,4.849944e-05,0.00042113283,1428,test
0.00202293,0.00050720497,0.9856836,0.00015515972,0.0022136916,0.008776864,9.311301e-05,0.00054740533,1429,test
0.001469914,0.00019274779,0.99203306,8.0612954e-05,0.0016261755,0.004344285,2.9605775e-05,0.0002236824,1430,test
0.9957913,6.557509e-06,0.00059122813,0.00082240655,2.6562677e-05,0.00017550001,0.00039672782,0.002189634,1431,test
0.008744462,0.79826456,0.015920585,0.008751945,0.022937397,0.05159056,0.08233313,0.011457415,1432,test
0.00096393144,0.95514077,0.006907426,0.00013599906,0.013174005,0.012029475,0.010244038,0.0014043616,1433,test
0.002015103,0.00018848678,0.99129397,9.062991e-05,0.001485707,0.0047002314,3.1444768e-05,0.00019440973,1434,test
0.0025755735,0.0011705961,0.9780427,0.00041275108,0.0012427773,0.015764568,0.000103356186,0.00068765157,1435,test
0.0026812889,0.00019648678,0.9919403,7.676203e-05,0.0016645422,0.003168633,5.1496678e-05,0.00022054049,1436,test
0.00266974,0.92084694,0.006489411,0.00037220816,0.019996716,0.027752077,0.01568829,0.0061847176,1437,test
0.0026593858,0.00014609363,0.9885616,0.00019390826,0.0023547409,0.005711869,3.2640175e-05,0.0003398075,1438,test
0.9925436,2.057348e-05,0.0011040973,0.00085903576,6.0862818e-05,0.00037247653,0.0006574535,0.0043820166,1439,test
0.0020189744,0.0002760416,0.9886973,0.00012168191,0.001730016,0.00678503,5.780328e-05,0.00031330335,1440,test
0.9938046,1.31430315e-05,0.0005605266,0.0006180867,5.5128014e-05,0.00022704975,0.00065166526,0.004069872,1441,test
0.0016137369,0.0004871454,0.98875344,0.0001667962,0.0015010522,0.007073853,7.153484e-05,0.00033243513,1442,test
0.0055926857,0.00070695544,0.97190946,0.0012212893,0.0018042446,0.01739963,0.00019858532,0.001167173,1443,test
0.9963552,6.0661887e-06,0.00032921621,0.00039191928,2.7672557e-05,0.00013316362,0.00044344485,0.0023134057,1444,test
0.9957349,8.188858e-06,0.00047703803,0.0008557651,2.7594157e-05,0.00017584774,0.00040004117,0.0023207266,1445,test
0.0016969094,0.00024441135,0.988906,0.00015719654,0.0015771709,0.0070750867,4.9628477e-05,0.00029363506,1446,test
0.0030030012,0.025519097,0.0009545352,0.001226042,0.0046243616,0.004286435,0.9553887,0.004997812,1447,test
0.0021104838,0.00028600413,0.9872075,0.00025983393,0.0017868287,0.007977338,5.1637817e-05,0.00032032255,1448,test
0.9968677,4.881108e-06,0.0005439814,0.0005697575,2.5469151e-05,0.00019991108,0.00032175568,0.001466635,1449,test
0.13988738,0.0348427,0.42651224,0.10387277,0.07529529,0.14459404,0.019393168,0.05560241,1450,test
0.002810003,0.90368336,0.012391873,0.00081689033,0.024601609,0.023582133,0.027311621,0.0048025395,1451,test
0.0018949105,0.00019875125,0.99075997,0.00013206409,0.0014258135,0.005196032,3.881403e-05,0.00035356748,1452,test
0.0015107447,0.00035728014,0.9898975,0.00012515324,0.0016080084,0.0062123323,4.98027e-05,0.00023914828,1453,test
0.9956945,7.831466e-06,0.0005055963,0.0005627558,2.8479852e-05,0.00019192311,0.00043550227,0.0025733307,1454,test
0.001359345,0.95435417,0.0035321764,0.00016221078,0.007954426,0.010723371,0.017452214,0.004461961,1455,test
0.9712489,0.00013161213,0.009016692,0.0021326637,0.0005817473,0.0029405255,0.0012308,0.012716992,1456,test
0.99681914,4.781711e-06,0.00046717052,0.00036490703,2.267724e-05,0.00014193336,0.00020497314,0.0019744725,1457,test
0.0014655053,0.00027883315,0.99136424,0.00013760682,0.0013648929,0.0051219063,4.7001427e-05,0.00021993012,1458,test
0.0037151477,0.00092347665,0.98392075,0.00044386162,0.0026075232,0.0073058764,0.00010022785,0.0009831577,1459,test
0.7190103,0.002219542,0.18526451,0.0139577985,0.0069601657,0.016873619,0.01063631,0.045077816,1460,test
0.0020034756,0.00037409566,0.9862968,0.00027519287,0.0016498689,0.0088705225,5.715721e-05,0.00047296006,1461,test
0.0011761587,0.9543987,0.0060555236,0.00017127041,0.01202588,0.0117167225,0.011829938,0.002625893,1462,test
0.0012745216,0.9486845,0.0069714948,0.00019421421,0.01352502,0.014550906,0.013038859,0.0017605061,1463,test
0.033084556,0.008364643,0.86447954,0.010390686,0.01339137,0.059528224,0.0038924143,0.006868511,1464,test
0.013359421,0.006689218,0.008578986,0.011362731,0.0027144672,0.0058005024,0.012929063,0.93856555,1465,test
0.99529195,7.5536445e-06,0.0010602666,0.00038800636,4.735566e-05,0.0002092824,0.00036972048,0.0026258884,1466,test
0.011137945,0.0015673552,0.0075618676,0.016568992,0.0007540167,0.010226368,0.00973407,0.94244945,1467,test
0.0016456221,0.93194795,0.00620209,0.0004782776,0.019060453,0.018224416,0.017487805,0.00495341,1468,test
0.009792667,0.02957589,0.0022583809,0.01179765,0.003911801,0.02080838,0.89992714,0.021928176,1469,test
0.993115,2.1532293e-05,0.00097695,0.0006858877,0.00011436516,0.0003612951,0.000471815,0.004253219,1470,test
0.9972537,3.9321917e-06,0.00047771283,0.00039003047,1.9796971e-05,0.00016155285,0.0002501903,0.0014430213,1471,test
0.9974704,4.569912e-06,0.0003741921,0.0003782563,2.0386353e-05,0.00012263641,0.00022554827,0.0014040887,1472,test
0.9965456,7.6009483e-06,0.0005455302,0.0006905964,2.8702862e-05,0.00020356454,0.00031293542,0.0016654091,1473,test
0.00014458792,9.299683e-05,0.0014817214,0.00023661238,0.00012759242,0.9977932,0.000102128266,2.1102329e-05,1474,test
0.0024588322,0.0006195925,0.98358214,0.00033997602,0.0020640972,0.010134518,5.9490118e-05,0.00074141397,1475,test
0.005973618,0.00036635896,0.98249143,0.00020489887,0.0018961041,0.0086706625,0.00010877604,0.00028817245,1476,test
0.0024577584,0.00041725367,0.98621213,0.00029880452,0.0023372886,0.007631893,6.8136775e-05,0.0005767281,1477,test
0.0015852641,0.00049830816,0.9889446,0.00019410181,0.0018950748,0.0063373325,6.909319e-05,0.00047616713,1478,test
0.0020941412,0.00044658652,0.9847719,0.0002500543,0.0023782142,0.009479277,6.6119486e-05,0.0005137041,1479,test
0.012743994,0.0015124943,0.005909289,0.021705188,0.00051038846,0.0066418783,0.004959408,0.94601744,1480,test
0.9913954,1.9867199e-05,0.0014303655,0.0008082047,6.99028e-05,0.00044112533,0.0007766309,0.0050585275,1481,test
0.017382357,0.0033856877,0.0068366854,0.0112144565,0.00074848795,0.0017682645,0.0122813545,0.94638276,1482,test
0.9445902,0.00054215395,0.021453697,0.0013520019,0.0037999044,0.0082691675,0.002062066,0.017930793,1483,test
0.0016811144,0.00034861613,0.98820364,0.00015389155,0.0022172614,0.006998293,5.761766e-05,0.00033954426,1484,test
0.9952136,7.984339e-06,0.00054692343,0.00071004103,3.82502e-05,0.00019584222,0.0005777908,0.0027096511,1485,test
0.0024526042,0.00019990501,0.9913851,8.634966e-05,0.0015278994,0.004068048,3.8260176e-05,0.00024181034,1486,test
0.0021345434,0.00029119066,0.9870842,0.0002411959,0.00218154,0.007656923,5.500074e-05,0.00035544537,1487,test
0.0017541863,0.00016283551,0.9906386,0.00011519511,0.0018250075,0.0052560107,2.8811908e-05,0.00021934762,1488,test
0.0019626056,0.00045908228,0.986053,0.00029086147,0.001304619,0.00943766,6.7954286e-05,0.0004242787,1489,test
0.004967972,0.000119266406,0.98694175,0.0002675519,0.0023427894,0.004977958,3.9489427e-05,0.00034308605,1490,test
0.0018121469,9.023332e-05,0.993526,3.9307768e-05,0.0015983961,0.002775574,1.868771e-05,0.00013967496,1491,test
0.010222343,0.001697734,0.9530198,0.00149541,0.0066002132,0.02395303,0.000290412,0.0027211697,1492,test
0.0024256855,0.00038855075,0.98535746,0.00017663343,0.001956423,0.009208098,7.713144e-05,0.0004100363,1493,test
0.9956013,8.092316e-06,0.00042407235,0.00039618483,3.459394e-05,0.0001511791,0.0004234199,0.0029611646,1494,test
0.032637037,0.076175235,0.050253198,0.0051096403,0.7188301,0.046895664,0.042960446,0.027138622,1495,test
0.0051603126,0.0052666846,0.030909965,0.010898482,0.010902068,0.9028165,0.0050987145,0.028947352,1496,test
0.00021477099,5.9668317e-05,0.0009966167,0.00030575227,2.6473135e-05,0.99822,0.00012497936,5.1698884e-05,1497,test
0.9950498,7.454194e-06,0.001113606,0.0006993105,4.5332716e-05,0.00026673233,0.00032676526,0.0024910548,1498,test
0.0022039125,0.000572603,0.98736584,0.00017248333,0.0026011167,0.0064226296,0.0001042516,0.0005571899,1499,test
0.0021012921,0.0003480669,0.98862004,0.00013629052,0.0017813072,0.0066516106,5.7440102e-05,0.0003039132,1500,test
0.0028565007,0.89519066,0.015879,0.0009439155,0.036171768,0.024224568,0.01969521,0.0050384207,1501,test
0.0016162263,0.00029107128,0.9906651,0.00011260831,0.0015294245,0.0054952265,4.414753e-05,0.00024619573,1502,test
0.0022979416,0.0002138061,0.98701805,0.0002622779,0.0019087031,0.0078918785,3.688357e-05,0.00037051298,1503,test
0.0035979415,0.0019547162,0.00011084802,0.0012985953,0.0011218146,0.00031273652,0.99083066,0.0007727565,1504,test
0.005040486,0.0021635154,0.9770105,0.00033278295,0.0028382316,0.010822794,0.00019526655,0.0015964032,1505,test
0.9973998,3.6978952e-06,0.0002785712,0.0006356616,1.3403871e-05,0.00012055262,0.00030533705,0.001242911,1506,test
0.0015231208,0.00036231446,0.99018925,0.00012004953,0.0014314667,0.0060160453,4.972549e-05,0.0003080877,1507,test
0.99118376,2.2371982e-05,0.0025716359,0.0014940685,0.0001588657,0.0006901661,0.0008666072,0.0030124956,1508,test
0.0014143593,0.0002700271,0.9917557,0.0001051075,0.0015782817,0.004601739,4.137518e-05,0.0002333131,1509,test
0.0019844377,0.0005632835,0.98335177,0.00030312972,0.0030576691,0.010155381,0.00010018155,0.0004841256,1510,test
0.0019017005,0.00018071926,0.99023825,0.000107820124,0.0017094187,0.0055847038,2.7115166e-05,0.0002502233,1511,test
0.9926965,1.6760045e-05,0.0013350517,0.00058383524,5.8092577e-05,0.00029014866,0.0005549548,0.00446463,1512,test
0.9947625,1.2633289e-05,0.0005676448,0.00043032152,4.7629863e-05,0.00027713095,0.00042179678,0.00348035,1513,test
0.98377466,8.602848e-05,0.0031264292,0.0013128257,0.00021492016,0.0013113136,0.00089766184,0.009276109,1514,test
0.00069946254,0.95774436,0.0045117927,5.1296876e-05,0.012654222,0.011976372,0.011062752,0.0012996707,1515,test
0.0021761446,7.7744626e-05,0.99306315,4.9397793e-05,0.0020160172,0.002427335,1.8585293e-05,0.00017164384,1516,test
0.9914957,4.080756e-05,0.00084509526,0.0004607316,8.4454005e-05,0.00048452156,0.0008558193,0.0057327463,1517,test
0.0012668242,0.0003852337,0.99167836,0.00011842377,0.001126302,0.0050542755,4.9094164e-05,0.00032159896,1518,test
0.0050423904,0.013190058,0.9076918,0.00069974316,0.013470588,0.05801606,0.00094804174,0.00094126404,1519,test
0.0023758386,0.00031315745,0.98743886,0.00020366818,0.0028441125,0.0063223657,4.7762034e-05,0.00045423678,1520,test
0.022154983,0.004333944,0.0037227094,0.01045551,0.00095943076,0.0022312584,0.015098795,0.94104344,1521,test
0.99644274,6.0572524e-06,0.00036068633,0.00046530215,2.1189646e-05,0.00015318947,0.00038020845,0.0021706622,1522,test
0.0022062806,0.0005517527,0.98382884,0.0002475226,0.0021361227,0.010490926,8.096638e-05,0.0004576427,1523,test
0.002431701,0.00040628985,0.98652446,0.0002557442,0.0024596462,0.0073675923,5.8271533e-05,0.0004964013,1524,test
0.018648082,0.025686389,0.0123881055,0.020837378,0.0040637124,0.010386573,0.028490007,0.87949985,1525,test
0.0012622441,0.00018475635,0.9926923,8.581601e-05,0.0011437607,0.004421179,3.3045355e-05,0.00017696616,1526,test
0.9966788,4.7371627e-06,0.00035185317,0.0004736802,1.8868517e-05,0.00011600828,0.00034777322,0.0020083499,1527,test
0.0010602834,0.9463786,0.011498368,0.00013269295,0.017117811,0.015722733,0.007015307,0.0010742128,1528,test
0.014969918,0.004604999,0.0047426056,0.0055424124,0.0006696186,0.0036681963,0.015707701,0.9500945,1529,test
0.00174566,0.0004152471,0.98814046,0.00018611556,0.0020351845,0.0070586987,6.333966e-05,0.00035521237,1530,test
0.0021089178,0.00036624965,0.98416394,0.00032635615,0.0011593557,0.011464359,4.4467957e-05,0.00036642153,1531,test
0.99545234,8.0389045e-06,0.00048776346,0.00073188846,2.848474e-05,0.00016923541,0.000407736,0.0027146274,1532,test
0.0015758465,0.00021297787,0.99109215,9.637385e-05,0.0013715557,0.005316223,3.577741e-05,0.00029901517,1533,test
0.042659167,0.010949066,0.8096181,0.018017398,0.017144855,0.074892454,0.0026117386,0.024107136,1534,test
0.033735406,0.1301028,0.26640397,0.011260406,0.18884012,0.31366444,0.041906662,0.014086204,1535,test
0.0026744795,0.00044227246,0.98539937,8.2455925e-05,0.002243657,0.008637625,7.092071e-05,0.00044913037,1536,test
0.0042726537,0.0013845967,0.0012260794,0.0037420818,0.00043362548,0.00059174374,0.003980377,0.9843688,1537,test
0.0025504727,0.00041513346,0.9884482,0.0002121771,0.0024577803,0.0052955593,6.6115914e-05,0.0005545847,1538,test
0.0038099408,0.0005443923,0.98612785,0.00020461375,0.003472413,0.0049044234,0.00010865907,0.00082777895,1539,test
0.98495865,3.4206296e-05,0.0019614196,0.0012179939,0.00020315971,0.00049932336,0.00079820683,0.010327103,1540,test
0.0023724993,0.00040771873,0.9849261,0.0003356196,0.0014262344,0.010041102,7.8418954e-05,0.0004121903,1541,test
0.0028920425,0.0002903957,0.9876788,0.0002109867,0.0014618112,0.007026149,5.6408633e-05,0.00038342984,1542,test
0.0015508105,0.00077339646,0.98895675,0.00018239186,0.0011291294,0.006981077,0.00011430292,0.00031207362,1543,test
0.0027854848,0.00042841246,0.9848616,0.00028979944,0.0018035504,0.009299421,7.158265e-05,0.000460182,1544,test
0.00034902935,0.9727597,0.0024389934,5.7478817e-05,0.00638084,0.007790074,0.009498343,0.00072550634,1545,test
0.001987135,0.0005114282,0.98914635,0.00013854075,0.0013354303,0.0064069787,7.923387e-05,0.00039488156,1546,test
0.0017576229,0.00038828855,0.9915774,9.9756326e-05,0.0011826472,0.004662323,5.9219612e-05,0.00027276168,1547,test
0.0021255387,0.001051598,0.9807849,0.00053311454,0.0013510514,0.013314881,0.00012283755,0.00071603234,1548,test
0.0028142242,0.0010932072,0.9789307,0.0006119449,0.0015597377,0.014051972,0.00013987887,0.00079831196,1549,test
0.9869709,1.6264197e-05,0.0024042404,0.0017182815,9.0392285e-05,0.00060911546,0.0005439129,0.0076469514,1550,test
0.0016124595,0.00025843334,0.9909801,0.00013867402,0.0010277808,0.0057152268,5.2371095e-05,0.00021493742,1551,test
0.0014422669,0.9345587,0.0038290964,0.00030708997,0.013844633,0.010523791,0.032163575,0.003330872,1552,test
0.98574847,1.7918013e-05,0.0042074504,0.0011972315,0.00013631313,0.0006902538,0.0004361858,0.0075661982,1553,test
0.0037507084,0.019696053,0.007405275,0.00018901465,0.94814235,0.014348875,0.0054487856,0.001018948,1554,test
0.99078393,1.4752144e-05,0.0014183198,0.0007324198,0.000114263,0.0003087641,0.0005037802,0.0061237444,1555,test
0.005260802,0.0022705388,0.95374537,0.0011887978,0.0042579384,0.03180957,0.00017789916,0.0012891177,1556,test
0.99018997,1.3927599e-05,0.0017810962,0.000838422,9.410267e-05,0.00034467527,0.00033367,0.006404179,1557,test
0.0019066208,0.00070978154,0.98744684,0.00022151881,0.0013215111,0.00794052,9.80197e-05,0.00035510372,1558,test
0.98471886,2.057687e-05,0.0036251715,0.0021530378,0.00018762676,0.0006561189,0.0006425047,0.0079962,1559,test
0.9891677,8.013049e-06,0.0022278589,0.0014981787,8.633846e-05,0.00064074685,0.00053854345,0.0058327066,1560,test
0.0016235944,0.0002858329,0.98985285,0.0001973992,0.0011782149,0.006539305,4.7098987e-05,0.00027572614,1561,test
0.013443922,0.7419788,0.0119352555,0.0061183637,0.04359547,0.04458277,0.08008245,0.058263052,1562,test
0.001494898,0.0003344393,0.9914125,8.8606444e-05,0.00094466185,0.005388823,4.9111623e-05,0.00028682026,1563,test
0.0013091427,0.00028857845,0.9934105,5.7921803e-05,0.0011818205,0.003506414,5.9906855e-05,0.00018574577,1564,test
0.9890422,8.572889e-06,0.0022184022,0.0012565418,9.590404e-05,0.00038828602,0.0005132666,0.006476827,1565,test
0.0025005504,0.8792425,0.0055296253,0.0013876575,0.003985956,0.031586178,0.05756877,0.01819878,1566,test
0.0020008725,0.00088659907,0.9870926,0.0001668123,0.0018441976,0.0074401405,0.00011750924,0.000451223,1567,test
0.9908444,1.3757029e-05,0.0025175323,0.0013398409,0.00012712785,0.0005813732,0.00041011628,0.004165812,1568,test
0.0026341549,0.00065536256,0.98484564,0.0002479422,0.0015775174,0.009404317,0.000110872345,0.00052419957,1569,test
0.0030711677,0.0018412339,0.9739909,0.00047473775,0.0015088825,0.0178138,0.00019285055,0.0011064347,1570,test
0.0017151865,0.000811333,0.9870896,0.00023314136,0.0010054342,0.008557388,0.00010590611,0.00048199686,1571,test
0.9793524,1.8678686e-05,0.0036206695,0.00069025083,0.00020220458,0.0003697029,0.0006794073,0.015066728,1572,test
0.0018299655,0.00046916972,0.9887183,0.00020039298,0.0014382795,0.006895562,6.6968125e-05,0.00038139464,1573,test
0.9833635,4.2039304e-05,0.0031367927,0.0018710829,0.00028757652,0.0008113438,0.0009053335,0.009582416,1574,test
0.98364,4.2687963e-05,0.0015644217,0.0013973285,0.00013247979,0.0004928419,0.0009829835,0.011747114,1575,test
0.9917604,1.2027379e-05,0.0019177569,0.00086041266,8.939801e-05,0.00034874107,0.00042556244,0.004585816,1576,test
0.0026170777,0.0005039001,0.98545873,0.00027598598,0.0016166922,0.008988967,8.6190455e-05,0.0004524267,1577,test
0.9906797,1.5964484e-05,0.0017999538,0.0011536607,0.00013187304,0.00040651343,0.00044365381,0.005368611,1578,test
0.9884015,1.8096807e-05,0.0027362434,0.0020301377,0.0001562719,0.0005536343,0.00047554294,0.0056286165,1579,test
0.34220198,0.008517175,0.3104958,0.096682996,0.0431063,0.11937236,0.009142737,0.07048062,1580,test
0.024412638,0.005881864,0.9045023,0.008526872,0.019664602,0.02349816,0.0018093961,0.011704135,1581,test
0.0035358535,0.0033845971,0.96398807,0.0008165737,0.0028138882,0.024288625,0.00028084422,0.0008915508,1582,test
0.0017412486,0.00059438165,0.9882742,0.00015690358,0.0014137748,0.007401027,8.63152e-05,0.00033209362,1583,test
0.0015555059,0.0006114474,0.98728544,0.00021519612,0.0012463394,0.008554406,8.4229905e-05,0.0004473873,1584,test
0.0014819902,0.0008549392,0.98737514,0.00015716215,0.0011124868,0.008635873,0.00010347424,0.0002789263,1585,test
0.98491096,3.5067344e-05,0.0033691067,0.0011271923,0.00027835864,0.00072005176,0.0006415429,0.008917702,1586,test
0.0015601878,0.0003918195,0.9899776,0.00013204919,0.0011335766,0.00645283,5.86119e-05,0.00029319842,1587,test
0.9871312,3.623433e-05,0.0029389039,0.0020396116,0.00019183377,0.00086787884,0.0008359863,0.0059584416,1588,test
0.0022354685,0.000740116,0.9861252,0.0002541382,0.0018507568,0.008126938,0.0001243921,0.00054304814,1589,test
0.004939105,0.0033198486,0.9608321,0.0012161222,0.0038794016,0.02406685,0.0002906377,0.0014559163,1590,test
0.89935017,0.00048417776,0.03593102,0.0154292295,0.0028850967,0.014753174,0.0021986829,0.028968561,1591,test
0.99106795,1.14571785e-05,0.00242321,0.0012736964,9.7293196e-05,0.00048323136,0.00037095093,0.004272252,1592,test
0.98311573,1.8380799e-05,0.0026062906,0.0013782689,0.0001755112,0.000614316,0.00052740175,0.011564076,1593,test
0.96610606,0.00019754663,0.008506607,0.0025462692,0.001332972,0.002712412,0.003204258,0.015393923,1594,test
0.001985096,0.00056539354,0.98742896,0.00017231316,0.0012508486,0.008153168,9.7343014e-05,0.00034684964,1595,test
0.98796123,2.9171786e-05,0.0017802187,0.0010789831,0.00018913136,0.0005167399,0.0007314491,0.007713009,1596,test
0.0029314505,0.00082077936,0.9798877,0.0004921054,0.0018625926,0.013221339,0.00011351263,0.0006704464,1597,test
0.00045561625,0.97688895,0.0022578484,7.8174366e-05,0.005056109,0.0049922303,0.009260578,0.0010104361,1598,test
0.002988473,0.00021134612,0.98907834,0.00025174467,0.001381111,0.0056486116,3.472203e-05,0.00040578743,1599,test
0.0020569311,0.00054477213,0.9854043,0.00021162884,0.0009885239,0.010393635,7.2469324e-05,0.00032767496,1600,test
0.98670006,2.9456449e-05,0.0040634843,0.001228546,0.00040406844,0.0008885527,0.00062441156,0.0060615065,1601,test
0.001943655,0.000396316,0.9875789,0.00014201402,0.0015166209,0.008020939,5.3652166e-05,0.0003478546,1602,test
0.9838034,4.468446e-05,0.0025905913,0.0012549504,0.00026393708,0.0006540393,0.00066251337,0.010725948,1603,test
0.0017773954,0.0004431802,0.989356,0.00015539539,0.001573563,0.0062258597,6.77797e-05,0.0004008359,1604,test
0.9890252,1.1460834e-05,0.0037285767,0.001622917,0.000102008344,0.0007421984,0.00040445666,0.004363176,1605,test
0.9848732,2.6040203e-05,0.0025058773,0.0016698496,0.00017682092,0.0006264486,0.0007831007,0.009338692,1606,test
0.0040201335,0.00048077246,0.0045510614,0.023187015,0.00026735038,0.02879686,0.006251837,0.932445,1607,test
0.0030648746,0.0014066277,0.0013662502,0.0055244453,0.0004994598,0.0009351057,0.0048094005,0.98239386,1608,test
0.0020063107,0.00043004047,0.9894912,0.00019371542,0.0010814243,0.0063777263,6.899624e-05,0.0003505225,1609,test
0.0030041514,0.0005287014,0.9852498,0.00029899017,0.0024267696,0.007741265,0.00010695416,0.00064334576,1610,test
0.9870789,3.5345965e-05,0.0020270895,0.001288252,0.0001445906,0.00079518306,0.0007055616,0.007925076,1611,test
0.0021243328,0.00032640595,0.98855966,0.0001893759,0.001347983,0.006900057,6.171304e-05,0.0004903589,1612,test
0.9702308,9.5421994e-05,0.009426722,0.0010580948,0.0010271185,0.0022313008,0.0008417513,0.0150887845,1613,test
0.0017113119,0.00060608267,0.988128,0.0001586777,0.0009885251,0.007968771,7.7112985e-05,0.00036141387,1614,test
0.98419607,4.995288e-05,0.0041612955,0.0008232344,0.00039458083,0.00091427576,0.0009476612,0.008512976,1615,test
0.0016791918,0.0003966955,0.98924327,0.00013053192,0.001308453,0.006868134,5.7032677e-05,0.00031660614,1616,test
0.0024433616,0.00045837782,0.98890346,0.00010733205,0.0016086188,0.005862306,6.693655e-05,0.0005495933,1617,test
0.9807442,2.4947289e-05,0.006253937,0.0010082611,0.00034412797,0.0008711866,0.0005661528,0.010187286,1618,test
0.0024672726,0.0006366664,0.98649454,0.00023955647,0.0019932087,0.0072865835,0.00012510696,0.0007570578,1619,test
9.6601085e-05,0.000106764426,0.00031749404,0.0012783934,3.4426244e-05,0.997792,0.0002929833,8.124509e-05,1620,test
0.008599808,0.0056312177,0.93931943,0.0033427575,0.0094676865,0.029818216,0.00057882123,0.0032421292,1621,test
0.0020507895,0.00064139185,0.9844828,0.0002693412,0.0011517834,0.010917562,8.10168e-05,0.00040522387,1622,test
0.0016766549,0.0003796521,0.9911699,9.023825e-05,0.0010392953,0.0054040044,5.0437215e-05,0.00018978995,1623,test
0.0021915692,0.00012614888,0.99334514,7.8547695e-05,0.0011793766,0.0027397398,3.4664416e-05,0.00030480075,1624,test
0.0023109682,0.00047918476,0.9872076,0.00015226114,0.0016980427,0.007490197,7.8995356e-05,0.0005827249,1625,test
0.0016071249,0.00047801103,0.98951167,0.00013162263,0.0011021144,0.0066937073,7.421709e-05,0.00040150541,1626,test
0.0007301571,0.0026539941,7.876167e-05,0.00024317027,0.00060160377,0.0009294289,0.9942081,0.0005546408,1627,test
0.0023218603,0.00045778428,0.98737466,0.00033622704,0.0017203565,0.0073021213,7.692248e-05,0.00040999876,1628,test
0.0027640348,0.0046490896,0.00016659308,0.0005854459,0.004166001,0.0010038309,0.98594564,0.00071940204,1629,test
0.0006390719,0.94948363,0.003677866,0.00026064238,0.0067216833,0.013513235,0.023731869,0.001972135,1630,test
0.0014145524,0.0009752693,0.98805606,0.00015292515,0.0012324785,0.0077565317,0.00011988211,0.0002922871,1631,test
0.0027834543,0.00054711493,0.98671025,0.00020876266,0.0015116915,0.0076258546,0.00011826324,0.00049454975,1632,test
0.9120889,0.00040304963,0.030005472,0.004679988,0.0032261165,0.007154075,0.0026922098,0.03975024,1633,test
0.0028109618,0.0002512088,0.98955536,0.0001890687,0.0016445846,0.0050234264,5.2305575e-05,0.0004731753,1634,test
0.7910723,0.0070758695,0.011116839,0.0081095025,0.0061505977,0.013551686,0.010710839,0.15221229,1635,test
0.98724294,2.5477138e-05,0.0039057736,0.0012095076,0.00018867687,0.00073381123,0.00058759085,0.0061063375,1636,test
0.08114458,0.013354869,0.67002445,0.03593181,0.025513884,0.135156,0.0047732475,0.034101248,1637,test
0.98614776,3.2725155e-05,0.0023105114,0.0009580384,0.00022127191,0.0005958941,0.00072781305,0.009005979,1638,test
0.98472875,1.7019835e-05,0.003112625,0.001381771,0.00012879257,0.00051516533,0.00046709419,0.009648699,1639,test
0.99036777,1.228809e-05,0.0014864742,0.0013267277,0.00010112202,0.0004900906,0.00060899794,0.0056065386,1640,test
0.0021874178,0.0004993187,0.9857576,0.00021048532,0.0016517963,0.009149295,8.98416e-05,0.00045418594,1641,test
0.0037710338,0.00046244208,0.98447454,0.0003754545,0.0019138639,0.008256038,0.000105675914,0.00064104766,1642,test
0.98723197,1.4340794e-05,0.004614885,0.0011727432,0.00011644344,0.0008832761,0.00047389703,0.005492494,1643,test
0.009579099,0.0065888967,0.92750883,0.0036845964,0.009817685,0.03853162,0.0007703076,0.0035189057,1644,test
0.005926901,0.019568611,0.016852178,0.043427583,0.029865224,0.78393954,0.07464471,0.025775349,1645,test
0.0031033407,0.00085920753,0.98473597,0.00035511277,0.0014509031,0.008799303,0.00013713045,0.00055904227,1646,test
0.0015450327,0.00041501052,0.989967,9.647877e-05,0.0008965203,0.0066361865,6.438809e-05,0.00037934727,1647,test
0.002247925,0.00038116175,0.9885514,0.00014605452,0.0013563253,0.006956939,6.0284685e-05,0.00029977562,1648,test
0.9871717,1.8228751e-05,0.003247429,0.00075075676,0.0001575385,0.0005082263,0.000508906,0.0076371147,1649,test
0.98915327,2.1719407e-05,0.0017857064,0.0008092944,0.00015303468,0.00046316505,0.0006006728,0.0070130927,1650,test
0.9921651,5.100002e-06,0.002856024,0.00038984613,9.664098e-05,0.00042261963,0.00019866107,0.0038660485,1651,test
0.0018141794,0.00045981017,0.9886601,0.00022439788,0.0014895797,0.0069354055,7.36878e-05,0.00034288655,1652,test
0.0018346357,0.000930165,0.984421,0.00031367614,0.0015280825,0.010368472,0.00012276112,0.00048123044,1653,test
0.0032797835,0.0010268275,0.977774,0.00069507654,0.0021220874,0.013959626,0.00015740153,0.0009852487,1654,test
0.0034876303,0.0010057205,0.9736312,0.00091872487,0.0018647717,0.018438155,0.00011508966,0.00053867896,1655,test
0.003182283,0.00070496096,0.9838446,0.00046854996,0.0018643391,0.008802635,0.00014375855,0.0009889166,1656,test
0.0026155945,0.00039961693,0.98848957,0.00018683515,0.0019675472,0.005761765,7.4107695e-05,0.000504982,1657,test
0.9904463,1.1488122e-05,0.0023269407,0.0003392765,8.2948296e-05,0.00029820425,0.0005685599,0.005926087,1658,test
0.0030608424,0.0003461882,0.98664385,0.00022886989,0.002220716,0.0071041705,6.986038e-05,0.00032549512,1659,test
0.9900865,1.9774967e-05,0.0024789958,0.00080643204,0.00016068574,0.0005433513,0.0005775594,0.005326748,1660,test
0.0028988866,0.0014748425,0.0016839135,0.005386324,0.0005867106,0.00090171053,0.0068907966,0.9801768,1661,test
0.0032094938,0.0010292417,0.98243064,0.0004942037,0.0017347455,0.009975505,0.00020007971,0.00092610205,1662,test
0.006788812,0.023163395,0.008845017,0.0002189435,0.90175563,0.052199516,0.0055213654,0.001507311,1663,test
0.0015380728,0.0035543474,0.0003666837,0.000801935,0.0015231976,0.00039103284,0.99033266,0.0014920506,1664,test
0.003104203,0.0001771207,0.99178785,0.00016287429,0.0006833188,0.0036443754,5.4692486e-05,0.0003855289,1665,test
0.0077743195,0.006130888,0.9417031,0.0017480496,0.002816283,0.035317652,0.0012959753,0.0032138417,1666,test
0.9939913,1.0868942e-05,0.00090732734,0.00021118083,6.948846e-05,0.00014773663,0.00022702984,0.0044351164,1667,test
0.9955792,7.485316e-06,0.0007054272,0.00020606737,4.959063e-05,0.00012944124,0.00024674114,0.0030759666,1668,test
0.99460346,1.3702003e-05,0.00086068973,0.00023114614,6.7746994e-05,0.0001830764,0.000293539,0.0037466148,1669,test
0.9755372,0.00017996528,0.004048758,0.0015843487,0.0008985968,0.001523968,0.0016077408,0.014619485,1670,test
0.0040202797,0.0062909103,0.008681978,3.1960462e-05,0.97867227,0.0012056669,0.00081903173,0.00027799088,1671,test
0.002450032,0.00038428244,0.98968726,0.00018411208,0.0006509058,0.0061646593,8.129315e-05,0.00039745477,1672,test
0.00081960176,0.9628206,0.0025831785,0.00014885828,0.00826688,0.0038281665,0.019943975,0.0015887221,1673,test
0.0027916352,0.00061168923,0.9851732,0.0004111854,0.0009682535,0.0092340475,0.00012072297,0.000689265,1674,test
0.99581605,6.3575685e-06,0.0005467685,0.00019587575,4.2731757e-05,0.00010856963,0.00012836172,0.0031553467,1675,test
0.0041962154,0.00015781538,0.9892096,0.0001902314,0.0008816077,0.004849582,5.7349193e-05,0.00045759868,1676,test
0.0018432487,0.00028162246,0.99263704,0.00010692059,0.00055441586,0.004235655,6.187563e-05,0.00027922494,1677,test
0.0027808656,0.0005369135,0.9864551,0.00036146308,0.0010162898,0.00810914,0.00010419429,0.0006360944,1678,test
0.9935883,1.7335635e-05,0.0010375098,0.00045339818,8.627325e-05,0.00026250863,0.00023838693,0.0043162755,1679,test
0.0028530462,0.00021794374,0.9890548,0.0002760235,0.0007625986,0.0062841563,6.5021966e-05,0.00048645292,1680,test
0.9708002,0.000110910514,0.012220683,0.0012759473,0.0009298538,0.0021304144,0.0013222973,0.011209614,1681,test
0.0047388896,0.0004934084,0.98356426,0.0006152587,0.000782792,0.009021884,0.00012150898,0.0006621243,1682,test
0.0018999875,0.00026616742,0.9912204,0.00016610489,0.0006045223,0.005428151,6.247209e-05,0.00035216895,1683,test
0.0029075572,0.00069079216,0.9852954,0.00037770695,0.0009761124,0.00892596,0.00014596229,0.00068040704,1684,test
0.012801284,0.004611269,0.9479661,0.0014199016,0.006126106,0.02318402,0.0006454448,0.0032457372,1685,test
0.003643423,0.005594222,0.007584987,2.7655427e-05,0.9808779,0.0013217885,0.00070683914,0.00024316859,1686,test
0.0033253075,0.0013889072,0.98382336,0.0002534669,0.0016078528,0.008167523,0.00032095073,0.0011125762,1687,test
0.0046207705,0.17726357,0.012593932,0.007991521,0.012280877,0.015723525,0.7084023,0.061123606,1688,test
0.002294847,0.00021870827,0.9919774,0.00014201018,0.00075580354,0.004187877,5.0802744e-05,0.00037246218,1689,test
0.0030569015,0.00021809427,0.99181765,8.461454e-05,0.0008380553,0.0037001725,7.72443e-05,0.00020732454,1690,test
0.002150405,0.0003278843,0.9918549,0.00013004306,0.00062734814,0.0045072483,7.4638294e-05,0.00032749304,1691,test
0.005397071,0.031514253,0.0018974503,0.0045529385,0.0034341386,0.0061768554,0.9347081,0.012319171,1692,test
0.002012267,0.0003864527,0.9918366,0.00013584403,0.0006992288,0.0044699158,0.00010619938,0.0003535155,1693,test
0.0048340275,0.82739,0.008985157,0.0024985455,0.027389437,0.022275086,0.086171746,0.020456044,1694,test
0.0036861885,0.00032513723,0.98935217,0.00019389018,0.00093277387,0.0047741537,9.5102514e-05,0.0006406628,1695,test
0.038529094,0.18289533,0.09659542,0.011235834,0.09863174,0.3968305,0.07065169,0.10463034,1696,test
0.002536434,0.000598268,0.98517346,0.00030123457,0.00094005314,0.009831152,0.00011249133,0.0005068518,1697,test
0.0020208731,0.00024821027,0.9924109,0.00011343115,0.00056823343,0.0041951067,6.623477e-05,0.00037705599,1698,test
0.0026184698,0.0004088498,0.9897423,0.00023407977,0.0009188516,0.005344088,9.352459e-05,0.0006398067,1699,test
0.99428684,1.1013536e-05,0.000844771,0.00021220473,7.426884e-05,0.00014608295,0.0002328669,0.0041918727,1700,test
0.0022132657,0.00047385806,0.98950946,0.00024698896,0.00068284484,0.0062262644,0.00010140642,0.00054588966,1701,test
0.0023085005,0.00029941372,0.9903928,0.00020037702,0.00060776446,0.0057351193,7.989419e-05,0.00037605895,1702,test
0.9839008,6.568389e-05,0.003104286,0.00081293285,0.00020470045,0.00050705345,0.00073779956,0.010666775,1703,test
0.012469608,0.0035171707,0.94951487,0.0020897745,0.0059565613,0.019479802,0.000720633,0.00625155,1704,test
0.95024115,0.00050146057,0.006891596,0.007615087,0.0017028828,0.005747942,0.011438421,0.015861506,1705,test
0.026310187,0.27041802,0.12390144,0.0576825,0.17076732,0.14715633,0.040221173,0.16354306,1706,test
0.0033297548,0.0007503614,0.9852406,0.00039755015,0.0012379393,0.008030217,0.00014894546,0.00086465623,1707,test
0.9923799,1.839791e-05,0.0018761046,0.0002043575,0.00013697949,0.00027991584,0.00032718832,0.004777221,1708,test
0.0019575332,0.00050651433,0.9915283,0.00012772396,0.0006402065,0.004781901,0.00012402794,0.00033379134,1709,test
0.0006620288,0.9643235,0.0018539595,8.719874e-05,0.007110513,0.004265148,0.01992562,0.001772035,1710,test
0.021360923,0.3520907,0.42471224,0.0069151465,0.04355526,0.09344046,0.044989437,0.012935813,1711,test
0.0023039577,0.00034107085,0.9906219,0.0002240826,0.00066101155,0.005185861,8.480819e-05,0.00057742797,1712,test
0.96892416,0.0003797574,0.0051218285,0.003675801,0.0010190831,0.0027513735,0.002631869,0.015496097,1713,test
0.0026234877,0.0002681932,0.9902484,0.00020248165,0.00091576704,0.0051346463,8.2750565e-05,0.00052430487,1714,test
0.0023749603,0.000454737,0.9903459,0.00016738284,0.00073119166,0.0053601703,9.284285e-05,0.000472894,1715,test
0.9929933,1.87437e-05,0.0006759907,0.00023873818,8.411261e-05,0.00017915535,0.00022997378,0.005580016,1716,test
0.0031546766,0.00012718979,0.9929992,7.420344e-05,0.0005808774,0.002803511,4.9254064e-05,0.00021104148,1717,test
0.99663144,6.4479946e-06,0.00061910314,0.00023855285,4.482079e-05,0.00014698818,0.00015442637,0.0021581966,1718,test
0.0025439877,0.0004939189,0.98978335,0.00025537767,0.0009539076,0.0052099153,9.286509e-05,0.00066666055,1719,test
0.98136616,6.176938e-05,0.006810173,0.0008063591,0.00049627625,0.0009170283,0.00063193723,0.008910354,1720,test
0.002298453,0.004823711,0.9745666,0.00011067925,0.0015321405,0.014987675,0.00091480266,0.00076595304,1721,test
0.9977457,3.7030002e-06,0.00038370417,0.00015707644,2.6083386e-05,9.209861e-05,0.00013444842,0.0014572944,1722,test
0.0039115762,0.009052271,0.010059037,8.050791e-05,0.9725604,0.0027125932,0.0010261989,0.0005974251,1723,test
0.003415657,0.0013396828,0.9812052,0.0006055863,0.0013496456,0.01054751,0.00026486776,0.0012718389,1724,test
0.9958831,6.701538e-06,0.0005281101,0.00020997404,4.6383226e-05,0.00011473447,0.00018015887,0.0030308585,1725,test
0.0037214512,0.005516856,0.007557321,2.800396e-05,0.9809325,0.0013137171,0.0006842597,0.00024591028,1726,test
0.0025705865,0.00044090181,0.9874499,0.00027738014,0.0009327124,0.007641632,9.942108e-05,0.0005874641,1727,test
0.015382445,0.0029430303,0.004574217,0.009461823,0.00080910116,0.0010955356,0.0076890117,0.9580448,1728,test
0.0021751998,0.0002026753,0.9929733,0.00012796672,0.000570479,0.0035988514,4.9361355e-05,0.00030222503,1729,test
0.006900843,0.0014818066,0.0031204142,0.006429438,0.00047462122,0.0009726751,0.0047762445,0.975844,1730,test
0.004393296,0.0027918895,0.9682102,0.0009637951,0.0019201364,0.019462299,0.00042408094,0.0018342865,1731,test
0.0030069032,0.00031553363,0.9903798,0.0002675076,0.0010276437,0.0043385797,0.0001017373,0.000562215,1732,test
0.002045119,0.00034406356,0.9920406,0.00013201365,0.00056299026,0.004464849,7.668278e-05,0.000333765,1733,test
0.99475753,8.89246e-06,0.001065453,0.00027315723,6.472886e-05,0.0002261387,0.00016773977,0.0034363803,1734,test
0.002302007,0.00019730521,0.99245465,0.000105363004,0.00069115387,0.0038025975,6.0444036e-05,0.00038643237,1735,test
0.002688458,0.00030809818,0.99038637,0.00016584662,0.0006885571,0.0052186158,8.809652e-05,0.00045608496,1736,test
0.6465593,0.012607928,0.080785416,0.06321946,0.04373595,0.07555882,0.020165313,0.057367783,1737,test
0.0022798085,0.0005402915,0.9903386,0.00015115873,0.00085441716,0.0051265857,0.000116839394,0.00059230975,1738,test
0.99510586,9.353633e-06,0.00094387383,0.0005469226,5.709226e-05,0.00018612844,0.00026272133,0.0028881286,1739,test
0.024439922,0.0077221096,0.90527105,0.006639775,0.008338793,0.0394149,0.0015062402,0.0066672717,1740,test
0.005979905,2.1404805e-05,0.00025437132,0.9884692,6.5611675e-05,0.0006405484,0.0024144058,0.0021544704,1741,test
0.9941824,1.380111e-05,0.0010193132,0.00041765443,8.780417e-05,0.00021064893,0.0002640404,0.0038042255,1742,test
0.009360366,0.008113227,0.0057084826,0.003625599,0.0019146476,0.0028211067,0.014011972,0.9544446,1743,test
0.0032485572,0.0011728525,0.98331213,0.0005641806,0.0011896879,0.008827698,0.00021708182,0.0014677886,1744,test
0.96495,0.00035631767,0.0042546266,0.0029182031,0.0009859968,0.002204449,0.0031099885,0.02122028,1745,test
0.000809909,0.96543413,0.0025260684,0.000117805845,0.007185432,0.0047862446,0.017871153,0.001269248,1746,test
0.0023476898,0.00031545557,0.99134606,0.00016831903,0.0005734651,0.0046031494,8.482465e-05,0.0005609902,1747,test
0.0022917485,0.0002901547,0.9927456,0.000116300034,0.0005788113,0.0035082616,6.192461e-05,0.00040718846,1748,test
0.016080182,0.1920969,0.047117133,0.003219989,0.607214,0.08339901,0.031958725,0.018914083,1749,test
0.09171769,0.436389,0.12353489,0.01192582,0.099829346,0.07922205,0.068743266,0.08863784,1750,test
0.001972359,0.000397625,0.99209267,0.00011782919,0.00068687485,0.0042953556,8.2294675e-05,0.00035497363,1751,test
0.0028386132,0.0005488304,0.98924387,0.00022923763,0.0012205894,0.0050994125,0.00010366939,0.00071587705,1752,test
0.0039739306,3.7179925e-05,0.0004035331,0.98935,5.9865004e-05,0.00085133145,0.0018164144,0.0035075988,1753,test
0.00043904287,0.0011369593,0.009593191,0.0007256228,0.0005950994,0.9870941,0.00034644394,6.960782e-05,1754,test
0.9928523,1.7028191e-05,0.00073870766,0.00034895644,8.118739e-05,0.0001839413,0.00032314003,0.0054546995,1755,test
0.003531341,0.000401037,0.98888993,0.00028336694,0.0007108588,0.005322064,9.570884e-05,0.0007656338,1756,test
0.0008121478,0.0015251347,0.0047087003,0.0007076522,0.00024637565,0.9908325,0.0009768298,0.00019058528,1757,test
0.0019401915,0.00028335175,0.992496,9.732454e-05,0.0006670605,0.0041179303,5.9168633e-05,0.0003389566,1758,test
0.002369334,0.00040938184,0.99027914,0.00020022318,0.00085660286,0.00514873,9.369382e-05,0.0006428434,1759,test
0.007526517,0.87083155,0.017189113,0.00252161,0.044844758,0.022019088,0.030583315,0.004484095,1760,test
0.0020465588,0.00095657416,0.9889347,0.0003431007,0.00066800154,0.0061447523,0.00018827595,0.00071802444,1761,test
0.00071560155,0.00086795393,0.0027224955,0.00046558844,0.0001984054,0.9944524,0.00047778751,9.967805e-05,1762,test
0.99458545,1.0612936e-05,0.00095459743,0.00045781696,7.621563e-05,0.00018374245,0.00022959223,0.003501967,1763,test
0.0038187022,0.00021155988,0.9904281,0.00020038702,0.00071377255,0.0038010876,6.590597e-05,0.0007604757,1764,test
0.9953968,6.8259747e-06,0.00080412236,0.0001835444,4.80002e-05,0.00012419128,0.00014509785,0.0032914022,1765,test
0.9943475,1.0550421e-05,0.0009060754,0.00037277822,6.3904125e-05,0.00019827228,0.00021261777,0.0038882506,1766,test
0.002421496,0.00044298515,0.9895471,0.00026674944,0.00054032897,0.00623336,0.00010003915,0.0004479956,1767,test
0.0019301185,0.00015374128,0.99372333,0.000112727044,0.0004753254,0.003312891,4.670355e-05,0.00024520457,1768,test
0.0031424374,0.00019498824,0.99201995,8.0751226e-05,0.000680496,0.0035825472,6.736377e-05,0.00023141122,1769,test
0.0023948404,0.00042883802,0.99045044,0.00020971734,0.00077978615,0.005114306,0.00010835115,0.0005138097,1770,test
0.0018371801,0.00053501484,0.99052835,0.00015028536,0.0006527475,0.005825276,9.46102e-05,0.00037653785,1771,test
0.004782141,0.00011826084,0.9895964,0.0002118866,0.00087064254,0.0040010232,4.8716676e-05,0.00037098504,1772,test
0.9915883,1.339575e-05,0.001004839,0.00019253572,6.863639e-05,0.00016100315,0.0002918058,0.006679492,1773,test
0.99668235,4.573436e-06,0.0009447739,0.00028476492,4.4561806e-05,0.0001602336,0.00017250828,0.0017061431,1774,test
0.00075124606,0.9694243,0.0018471038,9.6105665e-05,0.007274486,0.0026408199,0.017061753,0.0009040769,1775,test
0.99657613,5.5522505e-06,0.000823176,0.00023382659,4.6419624e-05,0.0001271634,0.00016012258,0.0020274892,1776,test
0.002518075,0.00070601027,0.98638076,0.00023068239,0.0010123922,0.008401385,0.0001827861,0.0005679445,1777,test
0.0019412864,0.00032322653,0.99199355,0.0001249405,0.000670857,0.004541794,6.617675e-05,0.0003380946,1778,test
0.99413824,9.780588e-06,0.0005636297,0.00028933486,3.41973e-05,0.00016545576,0.0002682727,0.0045309914,1779,test
0.008523857,0.20385821,0.05578515,0.0013755962,0.54721063,0.16409823,0.0123163145,0.0068319417,1780,test
0.029656712,0.113881595,0.046102315,0.009563469,0.7030535,0.044584844,0.032984167,0.020173464,1781,test
0.99508214,7.84139e-06,0.0005921626,0.00023892162,3.6796027e-05,0.00011093915,0.00020728966,0.0037239697,1782,test
0.002904661,0.00076183083,0.9837908,0.00049224705,0.0012139074,0.009657461,0.00013234286,0.0010468952,1783,test
0.99624795,4.8370384e-06,0.00046904304,0.00023279987,3.029883e-05,9.719529e-05,0.00016643328,0.0027514934,1784,test
0.0026161782,0.0008328463,0.9832124,0.00047586026,0.000894797,0.011036105,0.00014781275,0.0007839801,1785,test
0.995207,9.097565e-06,0.0008596378,0.00047991553,5.404606e-05,0.00016994972,0.00017999674,0.003040323,1786,test
0.0045596324,0.0013258301,0.9760079,0.00067102845,0.0016123562,0.014329813,0.0002941411,0.0011993349,1787,test
0.013800462,0.0016786434,0.004330818,0.013489212,0.00026853706,0.003838929,0.0027653778,0.959828,1788,test
0.994204,1.2729973e-05,0.0011290291,0.00040593988,8.06671e-05,0.00024181431,0.00031375757,0.003612018,1789,test
0.99381256,9.808484e-06,0.00067496474,0.00022457035,4.585971e-05,0.00012626314,0.00026327622,0.0048426357,1790,test
0.9904082,1.4308173e-05,0.0011692847,0.00057236006,8.887186e-05,0.00029745855,0.0004030268,0.0070465296,1791,test
0.9901508,1.6828779e-05,0.00085313804,0.0007353181,5.9419097e-05,0.0003818527,0.0005798661,0.007222844,1792,test
0.001302472,0.00064660533,0.98841596,9.741857e-05,0.0014623338,0.0072576455,6.8085435e-05,0.00074939034,1793,test
0.96011835,0.00026311618,0.004918206,0.0038567455,0.0007230198,0.0027846931,0.0027908585,0.024544887,1794,test
0.00069799833,0.9606053,0.002493246,0.0001367152,0.009149034,0.0071247336,0.017911226,0.0018817057,1795,test
0.0013453856,0.0004186609,0.9899182,8.470149e-05,0.0009795264,0.0069042533,5.419324e-05,0.00029516427,1796,test
0.0009133562,0.00036918858,0.99247473,7.976423e-05,0.0007739499,0.0050898823,4.557307e-05,0.0002536491,1797,test
0.989073,2.242328e-05,0.0011332976,0.0013122559,8.386102e-05,0.0004184734,0.0006001036,0.0073566386,1798,test
0.0010994883,0.00033501865,0.9914341,7.509889e-05,0.0007805382,0.006019821,3.9822993e-05,0.00021613891,1799,test
0.030941032,0.018197823,0.8044332,0.01532067,0.017770568,0.094523884,0.0022771684,0.016535658,1800,test
0.00045563077,0.9686555,0.002446719,5.769583e-05,0.006898021,0.0067419633,0.01370625,0.0010381443,1801,test
0.0014295172,0.9303285,0.004985263,0.0003878437,0.01679248,0.010473166,0.031795934,0.0038073047,1802,test
0.9902334,2.2241686e-05,0.0027570748,0.0007279143,0.00013118723,0.0006815858,0.0006821606,0.004764427,1803,test
0.0010834006,0.0005694074,0.9890743,0.00013580084,0.0008239173,0.00789304,7.123864e-05,0.0003490344,1804,test
0.001335509,0.00054783357,0.9904847,9.014113e-05,0.0011686921,0.0060039074,7.8121586e-05,0.0002909997,1805,test
0.9638147,0.000115781564,0.003088925,0.0009805253,0.00036216935,0.0009849122,0.0014514425,0.029201634,1806,test
0.99189067,1.1479086e-05,0.00075437146,0.0009673979,4.7102963e-05,0.00031333516,0.00041880237,0.0055968487,1807,test
0.0014038747,0.9217348,0.0048584775,0.00044770385,0.017374214,0.01369465,0.035870224,0.0046159956,1808,test
0.98738027,2.7821081e-05,0.001509787,0.0010976961,9.871316e-05,0.0005615949,0.0005786123,0.008745477,1809,test
0.989679,2.546422e-05,0.001475327,0.00044333522,0.0001328368,0.00043926138,0.00043378174,0.0073710335,1810,test
0.22772004,0.008104794,0.34936595,0.056328356,0.020910742,0.026265386,0.037456177,0.27384853,1811,test
0.0011630133,0.00058723206,0.9871968,0.00013640395,0.0007463202,0.00972473,5.2056697e-05,0.0003935782,1812,test
0.020788683,0.00069137727,0.9478235,0.0008039154,0.017866084,0.009759978,0.00038603487,0.0018803307,1813,test
0.9843908,3.104351e-05,0.0014957094,0.0009059067,0.00010789827,0.00056908163,0.0007353361,0.011764341,1814,test
0.9875919,2.9358836e-05,0.003286941,0.0013176396,0.00017823336,0.0009205241,0.0005975692,0.006077801,1815,test
0.98731774,2.5246192e-05,0.0023115699,0.00039337875,0.0001439004,0.0004208644,0.00055700546,0.008830248,1816,test
0.0017097307,0.00030111056,0.99090075,0.000117920405,0.00092392624,0.0057121236,4.9752678e-05,0.00028471326,1817,test
0.0005036433,0.9729393,0.0021065704,7.0506074e-05,0.007509478,0.0046596294,0.010639665,0.0015711687,1818,test
0.0023694318,0.0009552417,0.0010554048,0.002543421,0.00023667577,0.00050335587,0.0027037913,0.9896327,1819,test
0.9796839,4.7440284e-05,0.005371881,0.0009053589,0.00031458537,0.0012003629,0.0010430709,0.011433367,1820,test
0.0009386844,0.00046956915,0.99053735,7.61738e-05,0.000792796,0.00685045,4.5404755e-05,0.0002895855,1821,test
0.0018548382,0.0004965393,0.98859775,0.00024628604,0.0006861914,0.0074776327,5.7394405e-05,0.0005833316,1822,test
0.0028048926,0.00268045,0.96623516,0.0011322981,0.0015772256,0.023430593,0.00021797504,0.0019215182,1823,test
0.0011110596,0.0005634921,0.99068755,0.000111525645,0.0005063414,0.0065697306,7.5386146e-05,0.0003749996,1824,test
0.0011898279,0.0005021322,0.9894443,0.0001594483,0.0008126905,0.007481485,6.462267e-05,0.00034539343,1825,test
0.0015295709,0.0003495779,0.99018174,0.00015828823,0.0013387764,0.0058804792,6.809425e-05,0.00049343304,1826,test
0.97975916,8.561592e-05,0.0018246908,0.0011228469,0.00030466958,0.0013581692,0.0025784587,0.012966332,1827,test
0.0008094997,0.95540655,0.0036497556,0.00018792384,0.011459571,0.0076987515,0.018798713,0.001989247,1828,test
0.980631,5.7348865e-05,0.0021687183,0.000559139,0.00033378546,0.00054643996,0.0007664432,0.014937173,1829,test
0.0009901763,0.00031297252,0.9914479,9.296725e-05,0.0008773782,0.0060002105,3.9650746e-05,0.00023878868,1830,test
0.9905838,2.4831921e-05,0.0011605038,0.0010007703,9.42851e-05,0.00048138923,0.00039407334,0.006260368,1831,test
0.9914048,2.5088855e-05,0.0010625786,0.0007689111,7.9026446e-05,0.00047826715,0.0005190645,0.0056622135,1832,test
0.0014413634,0.00039443065,0.98839337,0.00022884907,0.0011241048,0.00797742,5.3684224e-05,0.0003867801,1833,test
0.9833028,4.4835066e-05,0.0021033213,0.00059016165,0.00017756847,0.00058612326,0.0004262316,0.012768925,1834,test
0.0012255039,0.00036148122,0.9905918,0.00013028708,0.00072942144,0.006641284,5.311644e-05,0.00026709118,1835,test
0.0009792155,0.00063451834,0.9905552,0.00012067828,0.0008230505,0.0065089324,6.443324e-05,0.0003138152,1836,test
0.0011919484,0.0006480122,0.98540884,0.00019243054,0.0011907418,0.01073537,8.046239e-05,0.00055225386,1837,test
0.9894957,2.5012021e-05,0.001183417,0.0009700827,9.4530675e-05,0.00039496415,0.00047928965,0.0073570665,1838,test
0.9900075,1.6287095e-05,0.0017480395,0.00054328,7.10473e-05,0.00034086578,0.00036963387,0.006903332,1839,test
0.9895978,2.2268805e-05,0.001547618,0.0007209512,0.00013530324,0.000488927,0.00077621656,0.0067108967,1840,test
0.98857564,3.0272242e-05,0.001689182,0.0015374055,0.00010364244,0.00073949894,0.00072567415,0.00659883,1841,test
0.0014241665,0.00072321965,0.9885887,0.00016197728,0.0011605116,0.0073923017,7.565465e-05,0.00047348256,1842,test
0.0025754883,0.0009288409,0.98031235,0.0004760643,0.0020850117,0.012574213,0.00013907743,0.00090908253,1843,test
0.99137866,1.6205046e-05,0.000835941,0.0014375673,6.0374703e-05,0.00034718766,0.00039281417,0.005531259,1844,test
0.9895922,1.9168408e-05,0.001676891,0.00062971236,0.00011293718,0.00047966928,0.0004463222,0.0070431284,1845,test
0.9892258,1.5400201e-05,0.0010428391,0.0009248793,5.598557e-05,0.00047467416,0.0005477649,0.00771264,1846,test
0.0018865677,0.0021632607,0.98107576,0.00041404195,0.0018538174,0.01153243,0.00027944671,0.00079465046,1847,test
0.0012065186,0.0004887153,0.9861834,0.0002278914,0.0009450279,0.010489241,6.003203e-05,0.00039917007,1848,test
0.0020262727,0.0003298986,0.0022446695,0.017436922,9.624652e-05,0.002387163,0.0010384489,0.97444046,1849,test
0.002113051,0.0016104644,0.97595483,0.00047122242,0.0015684393,0.017034456,0.00019272816,0.0010548211,1850,test
0.0009824599,0.0002983765,0.9921211,6.553687e-05,0.00074320077,0.0055815857,3.4929904e-05,0.00017279958,1851,test
0.98990333,1.6003523e-05,0.0026449948,0.0013617908,0.00011121176,0.0008015663,0.00069616886,0.0044649956,1852,test
0.0007885807,0.95774007,0.0028456629,0.000106526386,0.013024953,0.0075070895,0.01640851,0.0015785479,1853,test
0.0015249669,0.0011437584,0.0019351981,1.2962403e-05,0.9945035,0.00048978167,0.00028216196,0.000107743115,1854,test
0.9797022,4.590808e-05,0.0031037347,0.00077543,0.00019278357,0.00063773844,0.00064842013,0.014893843,1855,test
0.0013152143,0.00061020226,0.9884538,0.00018595188,0.0012057563,0.0075911134,7.588327e-05,0.0005621608,1856,test
0.004028607,0.0008545704,0.0017328609,0.005482499,0.00031380358,0.0007410004,0.005122906,0.98172367,1857,test
0.9913407,1.9672705e-05,0.0011811877,0.0011382904,9.1880174e-05,0.0005591842,0.0005975653,0.005071575,1858,test
0.0014003408,0.0002972143,0.99016714,0.00014853667,0.0009009802,0.00665586,5.577179e-05,0.00037413122,1859,test
0.001157401,0.00045279457,0.9895684,0.00011535205,0.00093808776,0.0074102944,4.769112e-05,0.00030993173,1860,test
0.0016055082,0.00045258043,0.9883239,0.00013425664,0.00079908053,0.008023232,4.564499e-05,0.0006158649,1861,test
0.00051955914,0.9716457,0.002426572,6.642161e-05,0.0077302656,0.006131699,0.010585076,0.0008947724,1862,test
0.0014187471,0.94370556,0.002531503,0.00017681775,0.008842199,0.0099241845,0.028090565,0.0053104525,1863,test
0.00088254496,0.00033451835,0.9923535,5.5471963e-05,0.0007900817,0.005306409,4.2583335e-05,0.00023488028,1864,test
0.13361175,0.042260725,0.33255616,0.054983146,0.07878682,0.062672295,0.019976627,0.2751525,1865,test
0.0013490707,0.00052192056,0.9903651,0.00013965972,0.0009047641,0.0061795632,9.8826655e-05,0.00044118258,1866,test
0.0012629214,0.00017229046,0.993079,5.29637e-05,0.0010766773,0.004153192,3.399622e-05,0.0001689674,1867,test
0.9901986,2.3121986e-05,0.0019326219,0.0011818922,0.00013080421,0.0005133424,0.00051214686,0.0055075595,1868,test
0.0013652927,0.00028080508,0.9895908,0.00015819557,0.0010541034,0.0071661794,6.0022398e-05,0.0003245235,1869,test
0.98899764,2.2531578e-05,0.0012360031,0.0009371284,9.391785e-05,0.0003778322,0.00045597873,0.007878873,1870,test
0.00095231086,0.0005586744,0.99056554,0.00010755358,0.0007658279,0.0067284484,6.4838336e-05,0.00025682728,1871,test
0.9825302,2.8638256e-05,0.0033327697,0.0029027353,0.00014333364,0.0011291702,0.0007670441,0.009166157,1872,test
0.9885262,3.1937216e-05,0.0029043872,0.0021726731,0.00014279224,0.0010048375,0.0007881514,0.0044289427,1873,test
0.9879964,3.4124605e-05,0.0014764983,0.0012190804,0.00012018003,0.000577834,0.00057577045,0.008000118,1874,test
0.0022541974,0.017585391,0.00050971005,0.0017410468,0.0010137927,0.007297789,0.9605672,0.009030933,1875,test
0.0013341618,0.0003438723,0.9903626,7.866515e-05,0.00089971116,0.0066551142,4.7267986e-05,0.00027867974,1876,test
0.0012649285,0.0006433747,0.9899922,0.000116403535,0.0010096437,0.0063789478,7.600014e-05,0.0005185482,1877,test
0.97614586,5.3535015e-05,0.0035091948,0.0041146586,0.00028535415,0.0010199614,0.0009512913,0.013920117,1878,test
0.0027326804,0.0019821445,0.966953,0.0006845253,0.0018697255,0.024531187,0.000248633,0.0009981578,1879,test
0.0034370972,0.0010263782,0.98196477,0.0004751574,0.0011007615,0.010669566,0.0001497203,0.0011765772,1880,test
0.9886347,2.6800304e-05,0.0021039322,0.0016754754,7.58664e-05,0.0008718706,0.00061164156,0.0059996555,1881,test
0.0026696045,0.0019524187,0.001974354,3.5137302e-05,0.9916789,0.0009317373,0.0005320643,0.00022576866,1882,test
0.001413833,0.00018760965,0.9924272,9.3115086e-05,0.0007984797,0.0046333843,3.1457184e-05,0.00041488966,1883,test
0.01276548,0.012464482,0.9062113,0.005846051,0.010469854,0.044990167,0.001170005,0.006082634,1884,test
0.0015234705,0.00047555185,0.9870443,0.00023390053,0.0010221418,0.009255569,7.5491094e-05,0.00036954426,1885,test
0.98038566,2.765634e-05,0.0030496558,0.0013826628,0.00013103902,0.002138307,0.0007895245,0.012095523,1886,test
0.0013709661,0.00019572974,0.99325246,4.5720702e-05,0.0011643551,0.0037216728,3.9506285e-05,0.00020962319,1887,test
0.987598,2.5431795e-05,0.0016795906,0.0009209416,0.000112427355,0.0005824261,0.00060928566,0.008471886,1888,test
0.98372304,3.522429e-05,0.0015733526,0.0014539905,0.00013746734,0.0006335407,0.00081136025,0.011632074,1889,test
0.98846126,2.486801e-05,0.0018728927,0.001638516,0.00010450102,0.00059907103,0.00047522393,0.0068237158,1890,test
0.0012533034,0.0004016919,0.9887371,0.00010127897,0.00088442705,0.008178775,7.36292e-05,0.00036967744,1891,test
0.0026033733,0.0015890602,0.97338164,0.00047497364,0.0013203372,0.019356305,0.00013145809,0.0011427859,1892,test
0.9921745,1.6583901e-05,0.0011491146,0.0007137826,5.9951235e-05,0.00048608275,0.00044276638,0.0049572377,1893,test
0.0017074536,0.9200338,0.0051244935,0.00046043604,0.0155948475,0.011408358,0.026960121,0.018710434,1894,test
0.004518832,0.0032442065,0.93822956,0.0017257611,0.003383434,0.046579003,0.00035687294,0.001962396,1895,test
0.0040215026,0.0028117911,0.96164453,0.00097069395,0.0027080087,0.026083965,0.0004016288,0.001357955,1896,test
0.0018888843,0.00081157126,0.9852874,0.00021519298,0.0007814565,0.010210136,8.8209126e-05,0.00071716704,1897,test
0.10495598,0.08699792,0.06849182,0.020558396,0.19741252,0.029162046,0.07045646,0.42196488,1898,test
0.0011865573,0.00044136602,0.9890298,0.00014323236,0.0009789574,0.007789582,6.1523446e-05,0.00036893622,1899,test
0.0010412803,0.00039715032,0.98910785,0.00013047048,0.0009174919,0.007985727,5.3021293e-05,0.0003669796,1900,test
0.0014285743,0.00027841135,0.9916721,9.7174416e-05,0.0007309203,0.0055002933,4.4008117e-05,0.00024851537,1901,test
0.0026230162,0.0009047447,0.0013441304,0.015537294,0.00031551073,0.0022985472,0.0027359226,0.97424084,1902,test
0.98630977,2.624445e-05,0.0022925849,0.0019262024,0.00015288928,0.000902548,0.00057973445,0.0078101237,1903,test
0.0016656227,0.0007812158,0.98918706,0.00013316044,0.0008557627,0.006833356,0.000107957414,0.0004358433,1904,test
0.9924217,2.0041129e-05,0.00089549215,0.0005636842,8.281877e-05,0.00039852917,0.00041506486,0.0052027176,1905,test
0.9898136,2.1932083e-05,0.001836364,0.0015186,9.819141e-05,0.0006161876,0.00044619644,0.005648836,1906,test
0.001390482,0.0006898629,0.9858344,0.0002787405,0.0007553646,0.010454689,0.00010421456,0.0004922144,1907,test
0.0013371772,0.00026024145,0.9904819,9.910184e-05,0.0010420092,0.0064616823,3.7546364e-05,0.00028029183,1908,test
0.0017741829,0.00012841301,0.9949409,5.7575777e-05,0.00088484265,0.0018045075,3.9721734e-05,0.00036993265,1909,test
0.001588565,0.00033525302,0.9882315,0.000163026,0.0010453499,0.00816597,4.8994163e-05,0.00042130935,1910,test
0.99126256,1.92788e-05,0.0011927802,0.001011581,7.131031e-05,0.00038059175,0.0004869129,0.0055750995,1911,test
0.0017024239,0.0007762742,0.9854336,0.00030968335,0.0012363441,0.009800156,8.211405e-05,0.00065936433,1912,test
0.001402956,0.0014253538,0.98433775,0.00021383948,0.0011063233,0.010679522,0.00016767014,0.00066660205,1913,test
0.0016204796,0.00040235766,0.9897461,0.0001111467,0.0013133255,0.006233478,4.3166285e-05,0.00052990596,1914,test
0.99061465,2.0658419e-05,0.0011233583,0.0011220622,8.360423e-05,0.0005045944,0.00071592757,0.005815134,1915,test
0.0049351444,0.009383259,0.0035037077,0.00011184717,0.97255725,0.0047499975,0.004071258,0.0006875387,1916,test
0.9864305,2.651174e-05,0.0028185803,0.0011193905,0.00016140018,0.0007132521,0.00046887918,0.008261427,1917,test
9.628392e-05,1.1134921e-05,5.722921e-05,0.0006011703,6.213128e-06,0.9991209,9.256109e-05,1.4644383e-05,1918,test
0.0012663159,0.00059629855,0.988836,0.0001665539,0.0008563393,0.007872965,7.7981356e-05,0.0003275238,1919,test
0.99405885,5.8911955e-06,0.0016158209,0.0007485695,2.9497722e-05,0.00041194103,0.00027427345,0.002855218,1920,test
0.00015043601,0.00020470715,0.0010731468,0.0001463188,2.7861113e-05,0.9980913,0.0002499814,5.6288183e-05,1921,test
0.00033599982,0.97397804,0.00188624,4.329914e-05,0.004406329,0.0056749955,0.013316117,0.00035899173,1922,test
0.0017346843,0.0008420855,0.98311526,0.00043560803,0.0009322494,0.012439718,7.5499636e-05,0.00042488053,1923,test
0.0005334876,0.95748866,0.0034680914,8.063885e-05,0.016486047,0.0068112235,0.014250127,0.00088183465,1924,test
0.9884574,3.2976382e-05,0.0024457497,0.0017728496,0.0001405196,0.0007912551,0.0007406311,0.0056185783,1925,test
0.002149732,0.00047837957,0.98634803,0.00028189854,0.0013193955,0.009036635,3.7997226e-05,0.00034794226,1926,test
0.0014652215,0.00020660745,0.9906171,0.00018942704,0.0010471196,0.006284998,3.910297e-05,0.00015045857,1927,test
0.002153588,0.0008105867,0.98372513,0.00039635273,0.0016266098,0.010849616,0.000118790325,0.00031932537,1928,test
0.22191544,0.005943786,0.4411164,0.17008865,0.01788874,0.05203486,0.016005827,0.07500632,1929,test
0.0020084016,0.00068241294,0.9835142,0.0002912964,0.0012517133,0.0117812585,0.00011739519,0.0003534408,1930,test
0.0010904543,0.00024281509,0.9924852,9.392727e-05,0.00061418134,0.005330795,3.9100007e-05,0.00010357284,1931,test
0.0012565599,0.00013981303,0.99474335,5.4926244e-05,0.0005905223,0.0030741608,3.0510242e-05,0.00011024233,1932,test
0.0017289714,0.00012950256,0.99349135,9.573658e-05,0.0008542785,0.0035790459,3.0158972e-05,9.085646e-05,1933,test
0.99259007,1.3922919e-05,0.0025388561,0.0007662394,9.598252e-05,0.0005658367,0.00043589782,0.002993193,1934,test
0.0003949918,0.97255266,0.002148497,4.9944738e-05,0.0064530503,0.00547634,0.0123711005,0.00055354665,1935,test
0.98856807,5.4817516e-05,0.001786231,0.0008297292,8.835122e-05,0.00097301527,0.0012423916,0.0064573144,1936,test
0.99046737,1.6759624e-05,0.0018625681,0.00087131787,5.6733537e-05,0.00038151135,0.00031703326,0.006026769,1937,test
0.0030704052,0.0006294601,0.97931355,0.0005574038,0.0019181508,0.013798515,8.459609e-05,0.00062787934,1938,test
0.0012028911,0.00015152588,0.9936771,8.20862e-05,0.00086466264,0.0038574664,2.9162664e-05,0.00013516132,1939,test
0.13173218,0.035998795,0.6058835,0.022169689,0.060290676,0.09007907,0.011805155,0.042040948,1940,test
0.99256635,3.0020265e-05,0.0014972909,0.00066561083,8.1897066e-05,0.0006188902,0.0004284379,0.00411151,1941,test
0.0012902723,0.00036962552,0.99058294,0.0001427419,0.0010641206,0.006271101,7.9017285e-05,0.00020016966,1942,test
0.0015294722,0.0003105541,0.9903866,0.00017220229,0.0010825095,0.006275331,6.253035e-05,0.00018067671,1943,test
0.99655735,4.331081e-06,0.0008847142,0.00032096574,1.8931607e-05,0.00023812895,0.00023100903,0.0017446445,1944,test
0.99250305,8.103288e-06,0.001644499,0.00083377544,4.2281492e-05,0.00049688417,0.00060904084,0.00386241,1945,test
0.0014817057,0.00014904095,0.99288553,0.0001424746,0.0011043086,0.0040813335,3.177668e-05,0.00012393859,1946,test
0.81928825,0.0057492782,0.042586338,0.025026802,0.009925615,0.036767256,0.013827948,0.046828583,1947,test
0.00043329125,0.97126806,0.0014315612,5.1387542e-05,0.0063094776,0.0056013367,0.014326443,0.0005784334,1948,test
0.03569323,0.1608742,0.10366144,0.057737388,0.048691936,0.2824317,0.108088024,0.20282204,1949,test
0.0016583762,0.00011917903,0.9936959,0.00010843089,0.0008940231,0.0033612659,2.8006301e-05,0.00013478595,1950,test
0.023255046,0.014828241,0.019558739,0.045203317,0.0038639011,0.043379184,0.022594804,0.82731676,1951,test
0.0019524546,0.0010528967,0.9853837,0.0004548995,0.0018508694,0.008664297,0.00016333691,0.00047756312,1952,test
0.000742764,0.962502,0.0015472635,0.00012003207,0.0070674066,0.004860949,0.02216253,0.0009970801,1953,test
0.99345,1.838495e-05,0.0009885434,0.00047135883,6.875089e-05,0.00045999518,0.0004225896,0.0041203853,1954,test
0.0016414665,0.00062687695,0.98980266,0.00015796829,0.001320438,0.0061012106,7.956321e-05,0.00026991332,1955,test
0.0013398017,0.05234583,0.01604528,0.0037020713,0.027238058,0.88468593,0.012446308,0.0021967404,1956,test
0.99543,6.072995e-06,0.0010462124,0.00043251607,2.879799e-05,0.00023581774,0.00025226045,0.0025683006,1957,test
0.99464935,9.554676e-06,0.0014236758,0.0005475211,4.4602963e-05,0.00033874638,0.00027515498,0.0027115338,1958,test
0.0012562639,0.00018346378,0.9928583,9.056808e-05,0.0006553446,0.004798862,4.079628e-05,0.00011636894,1959,test
0.9906426,1.1855957e-05,0.0014229226,0.00016924499,4.6985493e-05,0.00023778809,0.00037644914,0.0070921015,1960,test
0.00093458977,0.00013095127,0.9951499,7.295643e-05,0.0006212996,0.002981341,2.4290983e-05,8.469569e-05,1961,test
0.9945156,9.332239e-06,0.001066047,0.00028192034,3.651152e-05,0.00027966005,0.00042280293,0.0033881587,1962,test
0.9943467,7.8076455e-06,0.0010757507,0.00063865015,2.665524e-05,0.00039300925,0.0003885176,0.0031228468,1963,test
0.017311884,0.04108851,0.025284465,0.094893396,0.010034242,0.029459419,0.03225717,0.7496709,1964,test
0.0012458838,0.00026882344,0.992994,0.00012375688,0.0009393505,0.004227019,4.4170032e-05,0.0001570889,1965,test
0.0010123973,0.00016224476,0.99462694,6.827357e-05,0.00066207105,0.0033324119,3.0532927e-05,0.00010505854,1966,test
0.0014380307,0.00038634465,0.98612833,0.00020536277,0.0007973319,0.010766275,7.003815e-05,0.00020831567,1967,test
0.9959681,6.5111717e-06,0.0009277468,0.00055631215,2.7805874e-05,0.00026301545,0.00027966892,0.001970775,1968,test
0.98757184,2.6696178e-05,0.0043728086,0.0009179149,0.00013521001,0.0010231594,0.00063716137,0.0053151725,1969,test
0.0011661672,0.00033296007,0.9926829,9.509218e-05,0.0008225832,0.0047102543,6.0625483e-05,0.00012948728,1970,test
0.002181485,0.0006970769,0.9852727,0.0002992182,0.0022472464,0.008713853,0.0001146482,0.0004738333,1971,test
0.9883122,4.2166288e-05,0.0020942162,0.00071916904,0.00011348876,0.0008201158,0.00041150537,0.0074871914,1972,test
0.98873246,4.474896e-05,0.0024059066,0.00060219923,9.250623e-05,0.0008617868,0.0008785062,0.006381837,1973,test
0.009170219,0.0022814467,0.9626461,0.0018475137,0.0024354758,0.017904326,0.00033247238,0.0033825296,1974,test
0.0020453995,0.00086709356,0.98388666,0.0004324199,0.0019756404,0.010175921,9.546911e-05,0.0005214234,1975,test
0.0015286986,0.00022961084,0.9922822,0.00015217131,0.00094390847,0.0046451497,4.9070677e-05,0.00016910382,1976,test
0.97313005,0.00012402349,0.0062449765,0.001702055,0.00036295925,0.0016443682,0.002696123,0.0140954135,1977,test
0.99482995,8.742175e-06,0.0012524422,0.00038262078,2.7147435e-05,0.00029834636,0.00024742182,0.0029533322,1978,test
0.001304232,0.00016019188,0.99319625,8.2409155e-05,0.00085934746,0.004253334,2.573801e-05,0.000118556076,1979,test
0.001408369,0.0001756966,0.9929898,7.722143e-05,0.0011042315,0.0040566,3.4395965e-05,0.00015367336,1980,test
0.0017949594,0.00015620652,0.99326706,8.525454e-05,0.00095802493,0.0035954537,2.6256681e-05,0.00011683304,1981,test
0.0010202662,0.0002012785,0.993903,6.0253715e-05,0.0005568451,0.0041344673,2.9359715e-05,9.4521136e-05,1982,test
0.0029606663,0.0012749232,0.9760868,0.0006275284,0.0016429545,0.016710266,0.00012743945,0.0005694666,1983,test
0.0016887056,0.00013694316,0.99348855,0.000108700406,0.0007491664,0.003655928,2.8778577e-05,0.0001432521,1984,test
0.003398912,0.0018520522,0.9769743,0.0002959675,0.0037485836,0.012754565,0.00014906883,0.00082654075,1985,test
0.017689088,0.029121403,0.017551169,0.0152610205,0.0074482216,0.007563783,0.03415007,0.8712152,1986,test
0.99717844,3.3663948e-06,0.00079408183,0.00023607184,1.6642445e-05,0.0001531833,0.00021223267,0.0014060094,1987,test
0.0014068801,0.00014228123,0.9925569,9.969131e-05,0.0007591362,0.004869969,2.8278562e-05,0.00013678435,1988,test
0.99415046,6.090885e-06,0.0019396857,0.00028399873,3.167197e-05,0.0002990607,0.00025248338,0.0030366566,1989,test
0.0013781979,0.00048531746,0.9897069,0.00013746523,0.0010004343,0.0070481678,7.926032e-05,0.00016423057,1990,test
0.0011465045,0.00076541817,0.0012252877,6.854346e-06,0.9962174,0.000116833726,0.00048881595,3.2786407e-05,1991,test
0.0076544005,0.08364031,0.027485713,0.0138417035,0.012518814,0.020687046,0.1284235,0.7057485,1992,test
0.98688215,5.544302e-05,0.0028693078,0.0005021261,0.00016017072,0.0009106422,0.001130236,0.0074898633,1993,test
0.0021594116,0.011887784,0.0051913387,3.0054245e-05,0.9731784,0.0016646135,0.0057503227,0.00013810128,1994,test
0.9868874,3.3352346e-05,0.005062362,0.00085145823,0.00012703876,0.0011548785,0.0004720828,0.0054114577,1995,test
0.0022974873,0.00034835568,0.99072534,0.00021617151,0.0012033783,0.0049914764,3.403313e-05,0.0001838051,1996,test
0.9897223,2.9783068e-05,0.0018207451,0.0006831418,9.35707e-05,0.0005706685,0.0004986063,0.006581258,1997,test
0.99453,6.937381e-06,0.0012261309,0.0005908096,3.2350723e-05,0.00039228494,0.00031226495,0.0029091488,1998,test
0.0013548433,0.00039500842,0.990812,0.00013818886,0.0007820697,0.0063027395,4.739025e-05,0.00016770567,1999,test
0.0020232012,0.0001224422,0.99174035,0.00018084896,0.0014666948,0.0042574806,3.472224e-05,0.00017422506,2000,test
0.37071052,0.0071125864,0.3526759,0.07346054,0.02893004,0.08325702,0.013908148,0.06994515,2001,test
0.0011711017,0.9224805,0.0042125722,0.00040855413,0.0069901543,0.019380717,0.031326152,0.014030282,2002,test
0.0012423187,0.00024278098,0.9929469,6.75858e-05,0.0007650875,0.004543452,4.5622724e-05,0.00014632959,2003,test
0.9951381,7.791506e-06,0.00085168035,0.00028123616,2.9158342e-05,0.00026576014,0.00030124365,0.0031249623,2004,test
0.0012953011,0.00023350945,0.99289614,5.9935708e-05,0.0007648813,0.0045754914,3.4463705e-05,0.00014027634,2005,test
0.9936081,9.582149e-06,0.0011589119,0.00081798364,3.4850495e-05,0.0003510489,0.0002923383,0.0037272582,2006,test
0.0010394994,9.967699e-05,0.9946866,6.959744e-05,0.0005771297,0.0034252666,2.3262295e-05,7.899196e-05,2007,test
0.99233717,1.0210227e-05,0.0014841617,0.00046744314,2.0277013e-05,0.00033525666,0.00044170755,0.004903845,2008,test
0.0033152152,0.00076354406,0.98570883,0.00032803608,0.0020036693,0.0065887836,0.00021516517,0.0010767126,0,validation
0.98992914,2.1889338e-05,0.0012987844,0.000914522,9.0615686e-05,0.0005868959,0.0005388696,0.006619287,1,validation
0.9914391,2.1163782e-05,0.0019170706,0.000518695,0.000146753,0.00050223415,0.00052367005,0.0049312804,2,validation
0.9905956,2.0351023e-05,0.0012290982,0.0005958596,8.4187e-05,0.00042376132,0.00047838475,0.0065727714,3,validation
0.0015368001,0.00069231924,0.9882202,0.00015631478,0.0010217987,0.0077351215,0.00017813646,0.00045934223,4,validation
0.0012514096,0.00064921845,0.9893818,0.000118234515,0.0008803667,0.007201221,0.00012287375,0.0003948272,5,validation
0.0013703775,0.0005865181,0.99162674,7.76264e-05,0.0009400448,0.004839031,0.00016826412,0.00039145382,6,validation
0.990884,1.9323039e-05,0.0013135982,0.00058645284,9.801059e-05,0.0003835517,0.0003603025,0.006354725,7,validation
0.98778915,3.6242098e-05,0.0026109235,0.0009963461,0.00014982888,0.0008887165,0.00073774596,0.0067911055,8,validation
0.99224186,1.4813989e-05,0.001243644,0.00063052826,7.351134e-05,0.00038901353,0.0004430672,0.004963613,9,validation
0.0023214258,0.00033862158,0.9877136,0.00024102812,0.0014635752,0.0073281205,0.0001177908,0.00047590066,10,validation
0.0029743994,0.013147084,0.012601698,0.00010159371,0.9612262,0.0055886908,0.003660966,0.00069929264,11,validation
0.0032216313,0.0010944431,0.9819319,0.00070897123,0.0015249857,0.010364227,0.00021215896,0.0009417842,12,validation
0.0023164314,0.00029723096,0.9914396,8.071769e-05,0.0012927694,0.0040687956,0.000110937726,0.00039344496,13,validation
0.0018687425,0.0007865311,0.98494,0.00026511183,0.0009043003,0.010543223,0.00015881174,0.0005331262,14,validation
0.0024437185,0.0006867033,0.9865285,0.00025202986,0.0015357576,0.007463123,0.00016745651,0.00092268916,15,validation
5.8983445e-05,6.135414e-05,0.0003683036,0.000112470625,4.201895e-05,0.99924767,0.00010319487,6.033807e-06,16,validation
0.9937411,1.1531319e-05,0.0012068031,0.00060165185,6.398207e-05,0.00039360346,0.00032945973,0.0036519482,17,validation
0.018827472,0.015972415,0.86240655,0.0053812964,0.019011976,0.071321964,0.0020985575,0.0049797576,18,validation
0.002960838,0.00041356418,0.98821646,0.00013299972,0.001626893,0.006071555,0.00014051564,0.00043709192,19,validation
0.005187073,0.00039968244,0.0019816945,0.0052528023,5.4433873e-05,0.0014490236,0.0033393367,0.982336,20,validation
0.0017711965,0.00066663197,0.9879652,0.00017334914,0.0010888893,0.007634745,0.00014353903,0.00055644976,21,validation
0.0017092947,0.00090787845,0.98819375,0.0002214248,0.0009031814,0.0072039114,0.00016238763,0.0006981748,22,validation
0.15396008,0.016234655,0.570962,0.03633146,0.032398697,0.08937335,0.008145982,0.09259383,23,validation
0.0014330671,0.0007080395,0.9898122,0.00011682596,0.0008161174,0.006561113,0.00012351654,0.00042907204,24,validation
0.0025809694,0.00088653964,0.97878087,0.00056589465,0.0012896229,0.01490572,0.00021087557,0.0007794926,25,validation
0.0021024495,0.0003105459,0.9918425,6.614458e-05,0.0015763117,0.0034808645,8.392367e-05,0.00053730514,26,validation
0.065986075,0.013806073,0.7021373,0.03801346,0.022699933,0.10577167,0.004678123,0.046907276,27,validation
0.0022829897,0.00052052084,0.9885328,0.00020021615,0.0018198604,0.0058740047,0.00011930873,0.0006504547,28,validation
0.9825628,6.5671054e-05,0.0032259617,0.0013310025,0.0003095699,0.0011225601,0.0007866512,0.0105957445,29,validation
0.006111782,0.003509095,0.9651752,0.0012088635,0.0013085254,0.019343322,0.0008963728,0.002446786,30,validation
0.0023667552,0.000622328,0.9878324,0.00013951623,0.0013229579,0.0070712385,0.00013082758,0.00051390636,31,validation
0.0028447967,0.00036510112,0.990715,9.939022e-05,0.0014451892,0.003912668,0.00014303648,0.00047489483,32,validation
0.0004146181,1.391091e-06,4.316812e-05,0.9984962,4.9351397e-06,0.00011774273,0.00027894817,0.00064298965,33,validation
0.08573916,0.5071738,0.03029409,0.023015294,0.09326237,0.073794834,0.07503037,0.111690015,34,validation
0.0025542378,0.0005172727,0.98461133,0.0005179116,0.0009180703,0.010111306,9.488494e-05,0.00067505916,35,validation
0.0019981954,0.001016002,0.98191375,0.00043323296,0.0013703529,0.0123494305,0.00019495773,0.000724016,36,validation
0.9887173,1.9518298e-05,0.0010303338,0.0005178882,6.753045e-05,0.00029633823,0.0004973543,0.008853723,37,validation
0.98615867,3.8307175e-05,0.0017979161,0.0006135757,0.00016401052,0.00057946827,0.00076379016,0.009884287,38,validation
0.93885535,0.00032007528,0.015875947,0.0015510279,0.0015805532,0.0022204441,0.004167701,0.035428885,39,validation
0.0019840375,0.0029598395,0.0043653324,3.329989e-05,0.9882725,0.0010379966,0.001041206,0.0003057503,40,validation
0.98737746,2.6221745e-05,0.0014489928,0.0005498949,0.0001341644,0.00040957355,0.0005641218,0.009489569,41,validation
0.98286015,4.5710723e-05,0.0048920964,0.0007869302,0.00027688398,0.0013159874,0.0006466801,0.009175607,42,validation
0.0017155292,0.00075226626,0.990131,9.470736e-05,0.0011893555,0.004946165,0.00012803962,0.0010428327,43,validation
0.004873059,0.0025721923,0.0029537152,0.010604128,0.00046873424,0.0051477295,0.0043669967,0.9690136,44,validation
0.0024841616,0.0007367062,0.9835015,0.00039252962,0.001695457,0.010399269,0.0001849144,0.0006055627,45,validation
0.0017773291,0.00026427943,0.9921639,7.099877e-05,0.0010653682,0.004226062,8.577205e-05,0.00034623366,46,validation
0.0027975582,0.0013425475,0.0018049668,0.003482079,0.00027916706,0.000796873,0.003863199,0.98563355,47,validation
0.0014841944,0.0007937263,0.98781824,0.000150216,0.0010260323,0.008065714,0.00015993523,0.000501894,48,validation
0.004951654,0.0016133331,0.9727255,0.0011308963,0.0020480405,0.015304266,0.00047496567,0.0017512875,49,validation
0.004071181,0.0034220046,0.966005,0.00097634376,0.0031329142,0.019854559,0.0007481163,0.0017897775,50,validation
0.00037594294,0.9731742,0.0013836389,7.006696e-05,0.003945464,0.004264677,0.015994208,0.0007918088,51,validation
0.0026174288,0.0011066811,0.9818178,0.00044257345,0.0018285883,0.010897591,0.00027151778,0.0010177263,52,validation
0.009482109,0.0069743507,0.92489165,0.0030702497,0.006038682,0.04434582,0.0012757509,0.003921376,53,validation
0.9895818,1.5070041e-05,0.0025372338,0.0011937415,0.000102866165,0.00063225743,0.00046483387,0.0054721553,54,validation
0.0016093445,0.001398953,0.9853135,0.00020283887,0.0012552979,0.009267067,0.0002742139,0.0006787635,55,validation
0.9869603,2.2784863e-05,0.0018563942,0.0006731232,0.00012933544,0.00043882808,0.00046517735,0.009454118,56,validation
0.00033463808,0.0016043867,0.00013109234,0.00033542392,0.00040433658,0.0003022314,0.9966563,0.00023162963,57,validation
0.0014538026,0.00023966054,0.9942398,0.0001706563,0.00065346074,0.002877231,8.1793994e-05,0.00028365068,58,validation
0.0022683155,0.00065750064,0.9849488,0.0002150177,0.0017195127,0.009136676,0.00016120616,0.00089294126,59,validation
0.0028684887,0.0011624467,0.97798586,0.00046254747,0.0025666738,0.013190381,0.00026950208,0.001494078,60,validation
0.0031737445,0.0016460194,0.0020348607,0.005990341,0.00044279324,0.0009214845,0.0042353636,0.9815553,61,validation
0.9865441,3.9969684e-05,0.003267273,0.0005676657,0.00027195018,0.0008155682,0.0004715924,0.008021915,62,validation
0.0023475005,0.00043601482,0.98755974,0.00013415217,0.0012767492,0.007819007,0.00014279404,0.0002840671,63,validation
0.00476011,0.0013442136,0.9710976,0.0009210046,0.0029793645,0.017065737,0.0002705864,0.0015614341,64,validation
0.0034004059,0.00074802875,0.9817932,0.00056751235,0.0015136686,0.010458546,0.00017290776,0.0013457179,65,validation
0.0038553863,0.0018842005,0.9727068,0.0008105333,0.0032269182,0.015426112,0.00039846185,0.0016916043,66,validation
0.98466915,4.2358974e-05,0.0034273064,0.0010794506,0.0002262909,0.0009630919,0.0005379726,0.009054404,67,validation
0.0007217611,0.9439791,0.003035245,0.00017249689,0.008015864,0.009095814,0.03273887,0.0022408522,68,validation
0.98575366,2.567904e-05,0.0016626886,0.0004887619,0.00011026826,0.00042243247,0.00061456056,0.010921927,69,validation
0.0017584389,0.00021721121,0.99500245,0.00015370753,0.0004806523,0.0020621747,5.897443e-05,0.00026642706,70,validation
0.00520313,0.0008058193,0.9730452,0.0011739811,0.0018459173,0.01661997,0.00015047882,0.0011554849,71,validation
0.00050936115,0.96147823,0.0023110998,0.00010314191,0.0061966637,0.0063189906,0.021657614,0.0014249099,72,validation
0.0018788468,0.00046806928,0.99059325,6.1175975e-05,0.001041695,0.005529236,9.791093e-05,0.00032984992,73,validation
0.0018192691,0.00067226833,0.98741794,0.00021732588,0.0009721362,0.0081795715,0.00014075238,0.0005808058,74,validation
0.0015825136,0.0006022782,0.9905923,0.00014767707,0.0011625431,0.005243037,0.00012120287,0.0005485349,75,validation
0.021191247,0.0119555285,0.90840864,0.0025975038,0.0143876765,0.023482647,0.0019565176,0.016020264,76,validation
0.9730549,8.517331e-05,0.002299928,0.00087038067,0.00027356338,0.0006834945,0.001482358,0.021250233,77,validation
0.0029296803,0.0018656054,0.9766733,0.0007518945,0.0019577001,0.014243381,0.00036346933,0.0012148828,78,validation
0.00201391,0.0005145304,0.9894778,0.00011086213,0.0010768139,0.006162212,0.00012455093,0.00051925756,79,validation
0.9889318,2.4564208e-05,0.0021793118,0.0004471711,0.00011490969,0.0005439781,0.00046046363,0.007297755,80,validation
0.9876722,1.2564364e-05,0.0016821615,0.000344291,6.759991e-05,0.00030631118,0.00036565412,0.009549162,81,validation
0.001359024,0.00057549117,0.9904141,0.00015308586,0.0011910661,0.0057136756,0.00012684414,0.00046671391,82,validation
4.5474484e-05,7.333084e-05,0.00033105403,8.6146574e-05,1.7877148e-05,0.99935025,9.284459e-05,2.9667656e-06,83,validation
0.988977,2.2542328e-05,0.0024814424,0.00039949972,0.00012735536,0.00051768404,0.00034564015,0.007128845,84,validation
0.0022774246,0.0002389688,0.9920576,7.988499e-05,0.0011942306,0.0036772948,8.3716914e-05,0.00039080554,85,validation
0.0026801052,0.00038831684,0.98804116,0.00011934599,0.0016624584,0.0064866967,0.00011198951,0.00050985435,86,validation
0.988236,2.7315788e-05,0.0013711783,0.000645799,0.00015262834,0.00045021225,0.0006640513,0.008452676,87,validation
0.0041448916,0.0026878475,0.9689849,0.00086160906,0.0025105057,0.017892199,0.0008714965,0.0020464102,88,validation
0.0012648682,0.00028344322,0.9935296,5.8488185e-05,0.00076720404,0.0037321085,6.250904e-05,0.00030176976,89,validation
0.0021372274,0.0013863611,0.9880498,0.00012733173,0.0008591692,0.0059949826,0.000294913,0.001150134,90,validation
0.0028846874,0.0011806205,0.98202354,0.0005026277,0.0024020842,0.009498851,0.00020468315,0.0013030383,91,validation
0.002883896,0.00025465307,0.9914363,9.314205e-05,0.0008221031,0.0040354347,8.772303e-05,0.00038677023,92,validation
0.9900586,2.2970504e-05,0.0023881309,0.0012394369,0.00011355115,0.0006191588,0.00045141065,0.005106816,93,validation
0.990974,1.248075e-05,0.00106168,0.00050518103,5.8654718e-05,0.0003368288,0.0003747101,0.0066763475,94,validation
0.0018616109,0.00039659196,0.9921583,9.354997e-05,0.0008261605,0.0042946218,8.85384e-05,0.00028053205,95,validation
0.0025217521,0.0031418074,0.0067049293,3.4161174e-05,0.98528177,0.0015926545,0.00045847628,0.00026447838,96,validation
0.0021938959,0.0005441455,0.9891979,0.00015780344,0.0015336425,0.005409435,0.0001298062,0.0008333635,97,validation
0.31756395,0.076643586,0.17907047,0.06457823,0.11340363,0.12879989,0.046918444,0.07302186,98,validation
0.98622626,2.5853667e-05,0.0023146952,0.00038196694,0.00014165974,0.00041736432,0.0005044265,0.009987674,99,validation
0.0024209472,0.001290251,0.98149693,0.0005047061,0.0016579141,0.011185698,0.0003223958,0.0011211938,100,validation
0.98471546,3.325239e-05,0.0021342502,0.0006603659,0.00019096762,0.00051515986,0.0005386302,0.011211857,101,validation
0.98719436,3.120534e-05,0.0023677144,0.0008828618,0.00015474092,0.0005853341,0.00075918285,0.0080245435,102,validation
0.003429822,0.0016711011,0.9712515,0.00049989467,0.0022774988,0.020177849,0.00015895067,0.00053334486,103,validation
0.98471975,3.7279446e-05,0.0031865966,0.00050238136,0.00028753077,0.000769024,0.00040073603,0.010096668,104,validation
0.005083647,0.01674066,0.030551678,0.00016838723,0.9297737,0.009239319,0.0069784783,0.0014640176,105,validation
0.99235207,1.3323781e-05,0.0025007993,0.0007680814,0.0001099836,0.0006145216,0.00038244767,0.0032586923,106,validation
0.0021099849,0.00066126866,0.9852072,0.0003269739,0.0013243391,0.009587869,0.00017162682,0.0006107267,107,validation
0.0008795878,0.0007587118,1.2468945e-05,0.00030014158,0.00018678614,0.00026286865,0.9972318,0.00036767483,108,validation
0.0015178059,0.00043027056,0.9905364,9.102554e-05,0.0009096389,0.0058678407,0.00010537569,0.00054177846,109,validation
0.0026896067,0.0007589634,0.98123264,0.0004288812,0.0017586005,0.011989246,0.00019309079,0.00094891374,110,validation
0.004724251,0.002550615,0.9643158,0.0008248525,0.0025053448,0.023278432,0.00044546364,0.001355272,111,validation
0.0017439483,0.0006194147,0.98940814,0.00015077925,0.0012155365,0.005978788,0.00016129992,0.0007219374,112,validation
0.0007527149,0.9602563,0.0023745126,0.00010549248,0.010568028,0.0090979505,0.014866089,0.0019788833,113,validation
0.011064221,0.018451845,0.025865475,0.019294603,0.00487118,0.06939769,0.03646742,0.81458753,114,validation
0.0014294544,0.00040879377,0.98993415,0.00019176981,0.0008911212,0.006652473,9.513722e-05,0.00039714828,115,validation
0.98904663,3.709922e-05,0.002122438,0.00096972525,0.000204717,0.0009197978,0.00053030724,0.0061694,116,validation
0.98925924,2.5994039e-05,0.0013447221,0.00051332294,8.335817e-05,0.0003886756,0.0005098526,0.0078747505,117,validation
0.98209596,4.2203457e-05,0.0026666769,0.0015405896,0.00019641701,0.0008138919,0.0010055082,0.011638689,118,validation
0.05242476,0.02533187,0.7273648,0.015691126,0.027393332,0.13127549,0.0050250595,0.015493576,119,validation
0.983313,2.1256366e-05,0.0020867311,0.0005033268,9.561311e-05,0.0005659644,0.0008722024,0.0125417905,120,validation
0.99402606,1.1729204e-05,0.0011693018,0.0009579939,4.64677e-05,0.00045290287,0.00039952665,0.0029360997,121,validation
0.9930656,1.662833e-05,0.0015644054,0.00042409645,7.91867e-05,0.00037944928,0.00043375214,0.004036831,122,validation
0.002572099,0.001645412,0.9793711,0.00062661537,0.0021686528,0.01225202,0.0003338661,0.0010301734,123,validation
0.90457064,0.0010573242,0.016676009,0.0032307545,0.0026128963,0.0046969946,0.0038111475,0.06334422,124,validation
0.98747104,2.0816677e-05,0.0037294994,0.00073041226,0.00014062002,0.000771276,0.00042476814,0.0067114886,125,validation
0.98985916,2.6661799e-05,0.0017893077,0.0004672398,0.00011441814,0.0005373083,0.00060874,0.006597116,126,validation
0.0019088979,0.0005190704,0.98923206,0.0001174537,0.0010454532,0.006621784,0.0001227205,0.00043249104,127,validation
0.99605995,6.2492986e-06,0.00071118015,0.00020495712,3.234865e-05,0.0001758347,0.00016064533,0.0026488516,128,validation
0.004385733,0.0016666778,0.001330672,6.0152135e-05,0.99087524,0.00094092876,0.0005671678,0.00017342999,129,validation
0.0010889908,0.94844896,0.003627959,0.0002467898,0.012244461,0.010594722,0.02158512,0.0021629294,130,validation
0.010184502,0.007425781,0.93819934,0.0018957406,0.007178182,0.031669147,0.0009555401,0.0024917377,131,validation
0.0053911507,0.06313931,0.0034417177,0.0031635037,0.0093905,0.010782878,0.8971569,0.007533971,132,validation
0.9949372,1.0495364e-05,0.0009893051,0.0003549967,5.4121756e-05,0.00026269734,0.00033176653,0.0030595162,133,validation
0.0042485674,0.00049722154,0.986401,0.00013160513,0.0027304518,0.005510556,0.000112216905,0.00036847423,134,validation
0.0023788451,0.003019518,0.00019233303,0.0006640251,0.0016634524,0.00061689777,0.9906474,0.0008175179,135,validation
0.017323675,0.0016018709,0.9536549,0.0013296736,0.008025798,0.01641924,0.0002887103,0.001356084,136,validation
0.008726343,0.0012166202,0.9695719,0.0010626,0.0051507475,0.012384437,0.0002069065,0.0016804166,137,validation
0.005022755,0.00058261945,0.9806506,0.00037414275,0.004271528,0.008318844,0.00012998177,0.0006494927,138,validation
0.99543697,9.2141345e-06,0.00072212063,0.00033719157,5.0188075e-05,0.00025208088,0.00033738406,0.002854772,139,validation
0.00484108,0.00049884897,0.97899675,0.0005578934,0.0025947075,0.0118758585,0.00011277492,0.0005221044,140,validation
0.0011100535,0.951824,0.002953158,0.00015655898,0.016008377,0.007815634,0.017533824,0.0025982587,141,validation
0.025332056,0.0041319355,0.9198995,0.0027912916,0.009593447,0.03305153,0.0009914214,0.004208834,142,validation
0.5608004,0.004474407,0.27318105,0.034974154,0.020475497,0.05082448,0.0068190424,0.048450958,143,validation
0.0008461303,0.95481515,0.002596505,0.00013458953,0.012412734,0.00811988,0.019559056,0.0015159745,144,validation
0.0049052136,0.0019723487,0.9721739,0.00069166784,0.0047222534,0.014259552,0.00035984226,0.00091516174,145,validation
0.0033668764,0.0004956694,0.9872442,9.673775e-05,0.0030863017,0.0052141356,0.00013316277,0.0003629782,146,validation
0.0047257915,0.0005000352,0.98385805,0.00024286011,0.003162246,0.006892041,0.0001266296,0.0004923054,147,validation
0.0045699812,0.0011069607,0.9778104,0.00047728693,0.0040035434,0.010970802,0.00030363904,0.0007574243,148,validation
0.0011941767,0.939657,0.0046622893,0.0002969587,0.013780425,0.012900276,0.025248675,0.0022602286,149,validation
0.003500417,0.0009613872,0.98393583,0.00027850608,0.0030054743,0.007585493,0.00022184374,0.00051117066,150,validation
0.0057670674,0.00073085504,0.97575957,0.00054771727,0.004441753,0.011784205,0.00021205054,0.0007567997,151,validation
0.0038157261,0.0014232162,0.9808539,0.0003090218,0.0033963022,0.009360427,0.00027664364,0.0005646809,152,validation
0.0001723493,0.00035216488,0.000999314,0.0005212674,6.1076185e-05,0.99699724,0.00078318774,0.00011342215,153,validation
0.017732427,0.01691259,0.01575822,0.025973123,0.0061431658,0.012750787,0.022233007,0.8824967,154,validation
0.0047620563,0.0011198402,0.97613543,0.00061620853,0.003964023,0.012329003,0.00025933344,0.00081407896,155,validation
0.007133202,0.001839714,0.9749147,0.0005525833,0.0049307193,0.009353078,0.00022352845,0.0010524992,156,validation
0.9945808,1.14027e-05,0.00063153054,0.00038493384,3.7389156e-05,0.00021364381,0.00037502308,0.0037652897,157,validation
0.043803383,0.08870986,0.031216167,0.054693207,0.05642122,0.05415509,0.05950723,0.6114939,158,validation
0.9920019,1.6933092e-05,0.0009408377,0.00042726172,7.193837e-05,0.00029640598,0.0005945869,0.005650227,159,validation
0.99564445,7.078969e-06,0.0008847514,0.00031713108,3.9351897e-05,0.00025841506,0.00022247239,0.0026262284,160,validation
0.0038527444,0.0013661841,0.977429,0.0004017275,0.0035243456,0.012624876,0.00025879397,0.0005423427,161,validation
0.005484839,0.0009305495,0.978116,0.00045831717,0.0046980446,0.009249736,0.00021440718,0.00084814813,162,validation
0.035349745,0.016043806,0.7740767,0.016001977,0.023232646,0.11153393,0.002848625,0.020912552,163,validation
0.0039980793,0.00070107105,0.98283696,0.00030686558,0.0039294753,0.007400103,0.0001616559,0.0006658155,164,validation
0.0028303037,0.0009877092,0.9830374,0.0004024334,0.0027361738,0.009273224,0.00020432723,0.00052831165,165,validation
0.0048752395,0.0014949243,0.9772957,0.00052142417,0.0044001676,0.010088584,0.00029584335,0.0010282116,166,validation
0.98769337,1.6443415e-05,0.002336616,0.00047548919,8.449606e-05,0.0005819723,0.00066544826,0.008146124,167,validation
0.0242539,0.6008317,0.02809899,0.0028469707,0.20403972,0.10182238,0.021505112,0.016601197,168,validation
0.005701491,0.0003802696,0.98453206,0.00011223384,0.0038178742,0.004981392,0.00012324631,0.00035136603,169,validation
0.0039623957,0.0010714958,0.9805691,0.00041774753,0.0034855881,0.009561306,0.00022470742,0.00070767134,170,validation
0.0054197004,0.0010116023,0.9782582,0.00037148007,0.0044472176,0.009460531,0.00025302824,0.00077828433,171,validation
0.0037202241,0.000611195,0.983975,0.00011802992,0.0034370886,0.0077009927,0.00013439238,0.00030309107,172,validation
0.005757833,0.00021662275,0.98780686,0.00012596729,0.0025713455,0.0030734923,8.193994e-05,0.00036590546,173,validation
0.99659157,2.8009788e-06,0.0014357343,0.00021420296,2.2383429e-05,0.0002392288,0.00014159572,0.0013524985,174,validation
0.9917783,2.112113e-05,0.0014033433,0.0005866091,6.4902124e-05,0.0005097978,0.0006488155,0.004987086,175,validation
0.0038122993,0.0005558354,0.9861466,0.00016490609,0.0023763492,0.0064284597,0.000112431306,0.00040317143,176,validation
0.0039474615,0.00037042407,0.9874213,9.5148825e-05,0.0034461215,0.0042798193,9.5244424e-05,0.00034451438,177,validation
0.9913428,1.1572448e-05,0.0010152947,0.00032565286,5.2893298e-05,0.00029895076,0.00047966623,0.006473167,178,validation
0.63696873,0.004753671,0.18421039,0.046489898,0.01906972,0.04728105,0.006834302,0.05439221,179,validation
0.0050006895,0.0015722468,0.9732255,0.00061452127,0.005429225,0.012930317,0.0003207816,0.0009067328,180,validation
0.9962537,5.5535993e-06,0.0006253919,0.0005609357,2.2420636e-05,0.00017664972,0.00024067677,0.0021146387,181,validation
0.0029799507,0.001655125,0.9814192,0.00041395624,0.003398096,0.00897974,0.00030179025,0.0008520819,182,validation
0.0003591679,0.0007856939,0.0015223826,0.00042715608,0.0004715762,0.99585503,0.0004342901,0.0001447067,183,validation
0.004831061,0.00084918,0.9799319,0.0003293104,0.0034388446,0.009937519,0.00017476371,0.0005074231,184,validation
0.018322721,0.0029081758,0.9600744,0.00067925476,0.007910099,0.006966498,0.00082183245,0.0023170328,185,validation
0.003819919,0.00074584957,0.9845183,0.0003374333,0.0030493077,0.006751048,0.00017076665,0.0006073843,186,validation
0.0006019059,0.9627731,0.0028715832,8.694454e-05,0.009984981,0.006534518,0.016237633,0.0009093762,187,validation
0.0047104205,0.00022264344,0.98870206,0.00011272211,0.0025211468,0.0033672513,7.247792e-05,0.00029129488,188,validation
0.99645716,4.018806e-06,0.00065967964,0.00035660987,2.2130771e-05,0.00015683363,0.00025009844,0.0020934367,189,validation
0.003246774,2.433206e-05,0.00020838101,0.9914466,5.696999e-05,0.0005672662,0.0015797081,0.0028698677,190,validation
0.011849252,0.001170576,0.005382924,0.007960705,0.00054953754,0.0035281715,0.0053473692,0.96421146,191,validation
0.0050008995,0.00094110164,0.97824806,0.00046642232,0.0048710187,0.009281385,0.00023303652,0.0009580849,192,validation
0.0032926,0.0007063339,0.986886,0.00020191424,0.0025777367,0.0057603153,0.0001540679,0.00042100143,193,validation
0.9960044,5.59248e-06,0.00051135797,0.00039959274,2.1033222e-05,0.00015247334,0.000291604,0.0026139738,194,validation
0.0045410404,0.00058290065,0.98279786,0.00030530454,0.0037235974,0.0072286674,0.0001501304,0.00067062763,195,validation
0.9957547,4.4526846e-06,0.0012848099,0.00031505173,2.8528057e-05,0.00028046253,0.00023993485,0.0020921465,196,validation
0.004741907,0.0008253108,0.9793106,0.00046930264,0.0047118166,0.008937296,0.00018266673,0.0008210469,197,validation
0.0046034977,0.00053006574,0.9823155,0.00075333583,0.0027553977,0.008111576,9.1774644e-05,0.00083881745,198,validation
0.995426,5.564767e-06,0.00045183202,0.00023702891,2.7726675e-05,0.00014275621,0.00033631432,0.0033727225,199,validation
0.00037921054,0.0005939807,0.0037497713,0.00049581856,0.000768868,0.99363035,0.00031609862,6.58223e-05,200,validation
0.00533903,0.00084880966,0.97850364,0.00053621427,0.0030537788,0.010565476,0.00014803339,0.0010050059,201,validation
0.0033102327,0.0008879745,0.98385435,0.00023548331,0.0031959233,0.007817131,0.00016365724,0.0005352738,202,validation
0.9930957,1.563267e-05,0.0011650634,0.00048549697,8.682022e-05,0.00036034128,0.00038696712,0.0044040373,203,validation
0.006725964,0.09308259,0.04724991,0.003303166,0.24037665,0.57912636,0.021493973,0.008641409,204,validation
0.99547786,5.9477247e-06,0.00053649757,0.00035443806,2.1600097e-05,0.00015806594,0.00032298386,0.003122573,205,validation
0.003270847,0.0008772185,0.9848542,0.00026101724,0.002850239,0.007218308,0.00019941365,0.00046874996,206,validation
0.0050757006,0.0006627342,0.9820219,0.00028107516,0.0036193915,0.007626915,0.00016560788,0.0005466762,207,validation
0.01734428,0.0016947662,0.004861072,0.0050652116,0.00043234671,0.0018742132,0.007028493,0.96169966,208,validation
0.0032342968,0.0007014826,0.9859803,0.0001499405,0.0022708708,0.0071668676,0.00015655834,0.0003396688,209,validation
0.012872443,0.015656749,0.88446456,0.0043761334,0.016993342,0.055958845,0.0018720267,0.007805882,210,validation
0.012600864,0.0016224352,0.95182824,0.0018408776,0.004417708,0.024306966,0.0004734455,0.002909446,211,validation
0.8240279,0.010221594,0.016326718,0.007696644,0.00720961,0.018039854,0.024213487,0.09226412,212,validation
0.0035496154,0.001387017,0.97972614,0.00036577982,0.0038036352,0.010255473,0.00030853524,0.00060383754,213,validation
0.005546862,0.0013455821,0.9799626,0.00061711075,0.0034710248,0.008064335,0.00017499334,0.00081751245,214,validation
0.99581593,4.3926516e-06,0.0014386916,0.00046093902,3.2455937e-05,0.00035568234,0.0002443744,0.0016475705,215,validation
0.0051204977,0.00041892385,0.98112327,0.00041943934,0.0026432953,0.009574008,0.00012419284,0.00057643384,216,validation
0.9907686,2.3002392e-05,0.0009985626,0.00044675413,7.792935e-05,0.00031590357,0.0006356563,0.0067335353,217,validation
0.00041030912,0.00038128367,0.0031516773,0.0006147958,0.0005922114,0.99458635,0.00019730143,6.5964596e-05,218,validation
0.00018564174,0.0004082629,0.0011551816,0.00025494164,0.0001511916,0.99737906,0.00040962928,5.6126806e-05,219,validation
0.0033929294,0.001402037,0.979218,0.0002186303,0.0034594038,0.011533639,0.0002172123,0.00055822387,220,validation
0.9952586,8.57239e-06,0.0009386102,0.00050767284,4.1341504e-05,0.0002580564,0.00036803135,0.0026191606,221,validation
0.99478143,4.7491008e-06,0.00063381915,0.00021723175,2.3575796e-05,0.00019493561,0.00026807966,0.0038762123,222,validation
0.0069953585,0.002476631,0.9669462,0.00085211324,0.0059367623,0.014557433,0.0005876943,0.0016478656,223,validation
0.0066105183,0.0015421113,0.9707793,0.0007157299,0.0067522298,0.012171169,0.00031541078,0.0011135231,224,validation
0.0015791229,0.9510986,0.0042548883,0.0003080613,0.013312813,0.007385712,0.019028906,0.0030318664,225,validation
0.006183773,0.00037416536,0.9802461,0.0004216398,0.0037448881,0.008404647,0.00012410831,0.00050069916,226,validation
0.0044020433,0.0005324951,0.9837975,0.00020268271,0.0034731983,0.0069103497,0.00012852557,0.0005532293,227,validation
0.0023621176,0.0058384575,0.00021092613,0.0005790172,0.0026615164,0.0005357251,0.9867731,0.0010392469,228,validation
0.0042682514,0.00072618003,0.9805951,0.0004494924,0.003516839,0.009479564,0.00021631527,0.00074829924,229,validation
0.008227768,0.00466503,0.96876705,0.00065612874,0.0022519694,0.013179289,0.0012392603,0.001013495,230,validation
0.009677914,0.00068310875,0.0035505858,0.0066997674,0.00013260037,0.0044685677,0.0029324605,0.971855,231,validation
0.0038495532,0.001485352,0.9793018,0.00035954983,0.004126936,0.009799697,0.0003207392,0.00075642933,232,validation
0.0060000313,0.00033827414,0.98357725,0.00011487761,0.004474346,0.00504642,0.000102954706,0.0003458087,233,validation
0.002084523,0.0023584366,0.00017623951,0.00074300874,0.0013352784,0.00046510398,0.99177015,0.0010672421,234,validation
0.018244099,0.008159667,0.90785956,0.0043704486,0.01167525,0.043728206,0.001403309,0.004559418,235,validation
0.00342825,0.00092264503,0.98314255,0.00025728613,0.0032563696,0.008222152,0.00018675848,0.0005838633,236,validation
0.0034814286,0.0014502307,0.97951937,0.00030605207,0.0041815266,0.010190407,0.0002192765,0.00065160444,237,validation
0.010164976,0.0017510562,0.9601954,0.001194595,0.0051712007,0.019421356,0.00031484856,0.0017865687,238,validation
0.0042268485,0.00027764772,0.9885825,7.6350574e-05,0.0029379427,0.003537614,8.1099395e-05,0.00028000821,239,validation
0.99296665,1.2740516e-05,0.00081682514,0.00031466887,4.2918742e-05,0.00022718005,0.00036583166,0.005253121,240,validation
0.005129647,0.0007510292,0.9807602,0.0004243667,0.0047852118,0.0071777827,0.00017720427,0.0007945487,241,validation
0.004619844,0.000565009,0.9852683,9.3014416e-05,0.002935227,0.0060703685,0.0001074426,0.00034075737,242,validation
0.0055841655,0.0008559428,0.98156506,0.00014446148,0.003960412,0.0071442416,0.00018891401,0.0005569627,243,validation
0.9962859,4.639356e-06,0.00069147797,0.00030255155,2.1137834e-05,0.0001845917,0.00022668365,0.002282934,244,validation
0.000984454,0.94515556,0.005087033,0.00024027038,0.012404253,0.011077506,0.023502287,0.0015485847,245,validation
0.004613944,0.0024396451,0.9698711,0.0008947734,0.005021328,0.0153701855,0.00048138291,0.0013076494,246,validation
0.99412435,1.2219398e-05,0.001440634,0.0007398305,5.24386e-05,0.0004578428,0.00040716003,0.002765606,247,validation
0.005543114,0.010691763,0.00089358713,0.003613296,0.0026527266,0.0039203353,0.9704497,0.0022354948,248,validation
0.0051268633,0.0017627104,0.97414434,0.00071352033,0.004087398,0.012749473,0.0003630487,0.0010527306,249,validation
0.004310007,0.00044994618,0.9844158,0.00034360008,0.002701212,0.007217972,7.647366e-05,0.0004849886,250,validation
0.0045754546,0.0009396809,0.9790692,0.0004644922,0.0042385887,0.00965427,0.00021788901,0.00084047497,251,validation
0.0057912082,0.0018091522,0.97086424,0.00066264346,0.0046902704,0.014649794,0.00040586453,0.0011266879,252,validation
0.0048319274,0.0007464501,0.9803176,0.0006334547,0.00308613,0.009153568,0.00014689079,0.0010840481,253,validation
0.004084609,0.000901364,0.97838086,0.00052649697,0.002871413,0.012385444,0.00017153769,0.0006782535,254,validation
0.006870571,0.0023405377,0.9651083,0.0009893406,0.005762559,0.016823104,0.0005098182,0.00159585,255,validation
0.9818241,5.4577104e-05,0.0028057282,0.001518883,0.00024738573,0.00080924894,0.0009448942,0.011795116,256,validation
0.05721058,0.20034821,0.18576469,0.028155863,0.054842595,0.15604818,0.23808365,0.07954628,257,validation
0.0024602492,0.00061074947,0.9856213,0.0001945103,0.0016672871,0.008723439,0.00015525159,0.0005673338,258,validation
0.9865248,1.9062798e-05,0.0018109949,0.00072251825,8.9092784e-05,0.00027630644,0.0004891144,0.010068018,259,validation
0.99137986,1.8890594e-05,0.001308192,0.0007797713,0.00010623209,0.00032707,0.00048292795,0.005596986,260,validation
0.00024400711,0.00035563737,0.0011684991,0.0014090119,4.1538267e-05,0.995344,0.001092306,0.00034501834,261,validation
0.98585397,1.9024472e-05,0.0036814015,0.0011926593,0.00012404178,0.0010153224,0.0005899836,0.007523607,262,validation
0.98781466,2.6078107e-05,0.0022126008,0.0014178603,0.00013277472,0.0005242045,0.00058232923,0.0072894003,263,validation
0.0029554085,0.0007318966,0.98796064,5.9352442e-05,0.0010817102,0.006499763,0.00016283807,0.0005484112,264,validation
0.9900087,1.9043762e-05,0.0013643824,0.0010049528,9.858189e-05,0.00035750892,0.00066003564,0.0064869006,265,validation
0.010149276,0.00032011475,0.0031376365,0.9430054,0.0004813002,0.00604844,0.0037354017,0.033122502,266,validation
0.0035410796,0.00045217364,0.9867865,0.00011781005,0.0018253565,0.0063464968,0.000112578746,0.00081795454,267,validation
0.008694535,0.002239875,0.95295614,0.0009408672,0.0040548537,0.029234996,0.00043769434,0.0014410501,268,validation
0.9872126,2.4303776e-05,0.0019747622,0.0009929604,0.00013070821,0.00050671893,0.00049249234,0.008665353,269,validation
0.0014156873,0.0026222768,0.0017027872,1.4746459e-05,0.99264705,0.00093754946,0.00048266802,0.00017716175,270,validation
0.003058011,0.00026019913,0.99105877,3.9191873e-05,0.0014236853,0.0037640783,7.5344666e-05,0.00032076266,271,validation
0.007919368,0.0057835635,0.9289703,0.0012583105,0.0071027293,0.04660873,0.00058985024,0.0017671991,272,validation
0.0031108581,0.0010168297,0.9843711,0.00023428503,0.0022179072,0.0077089807,0.00024005103,0.0010998615,273,validation
0.0034937696,0.0074591837,0.00044194981,0.0015724978,0.0022274267,0.0014405432,0.9815279,0.0018366775,274,validation
0.020798484,0.0032954095,0.9203136,0.0019560466,0.004876288,0.043297675,0.0008617767,0.0046007754,275,validation
0.003510764,0.00029754383,0.9856399,0.00018132305,0.0018403624,0.00787232,0.00010219654,0.0005555845,276,validation
0.00014978845,0.00043341526,0.0019219952,0.00029544716,0.00018365176,0.996705,0.00027740875,3.3299355e-05,277,validation
0.9816736,0.00011036788,0.00428834,0.0017766058,0.0005664905,0.0016545934,0.001172623,0.008757374,278,validation
0.0062329764,0.0037353851,0.941576,0.00116602,0.0045778686,0.04017424,0.0006087512,0.0019288503,279,validation
0.00023247105,0.00027666977,0.0023270496,0.00027923862,0.00025952377,0.9964502,0.00012937927,4.553709e-05,280,validation
0.019681357,0.07699683,0.7106477,0.0061030965,0.025814258,0.14016998,0.0103608975,0.010225824,281,validation
0.0072502485,0.0011767383,0.9683261,0.0007863224,0.002713035,0.018508991,0.00027412272,0.0009644492,282,validation
0.005958609,7.80912e-05,0.0005035534,0.98398846,0.00023940546,0.0017025671,0.0023642932,0.005165148,283,validation
0.9798085,6.2502346e-05,0.0029236574,0.0009944454,0.00025679663,0.00081261556,0.0009294444,0.014212038,284,validation
0.9801726,3.3362972e-05,0.0016682139,0.0013393115,0.00012236334,0.0006025327,0.0010751018,0.014986582,285,validation
0.0032073415,0.00093229715,0.979143,0.00036558232,0.0019749573,0.013070887,0.00020571657,0.0011003315,286,validation
0.98574185,1.9249657e-05,0.0014522107,0.0009070403,7.901947e-05,0.0004994145,0.0007967892,0.010504415,287,validation
0.9891528,2.110495e-05,0.0021840583,0.0010491811,0.00012099938,0.0005357216,0.0005927523,0.006343473,288,validation
0.002411641,0.0005983952,0.9850677,0.00019155383,0.0012311161,0.00954125,0.00013348469,0.00082477205,289,validation
0.9910902,2.4068473e-05,0.0012295921,0.0010191287,0.00011287473,0.0003366457,0.00065767614,0.0055298707,290,validation
0.019401124,0.84375745,0.010291988,0.0014118269,0.038055446,0.017241146,0.035130013,0.034710974,291,validation
0.043851987,0.09057718,0.49470443,0.011889845,0.018254383,0.08429334,0.22355017,0.032878663,292,validation
0.0032700258,0.00054052274,0.98729753,0.00019332393,0.001670732,0.0059942617,0.00015893916,0.0008748034,293,validation
0.0023960823,0.0008255537,0.9866202,0.00016325265,0.0012021029,0.0077368254,0.00018935816,0.0008666725,294,validation
0.0057586846,0.0010654717,0.0020924602,0.006816879,0.00030114216,0.0015970219,0.002803493,0.9795648,295,validation
0.0021398854,0.00074504944,0.98300076,0.00028699354,0.0010473977,0.012060752,0.00017799877,0.00054119795,296,validation
0.0024321205,0.0005659124,0.9856656,0.0002238465,0.0013023466,0.009114447,0.00015602478,0.00053959613,297,validation
0.9690586,7.983673e-05,0.0058774212,0.0014393189,0.0004022677,0.0011788415,0.0009709461,0.020992767,298,validation
0.9851273,2.6129124e-05,0.0018450643,0.00094129686,0.0001205872,0.0004754503,0.00083446514,0.0106296735,299,validation
0.002476068,0.0004929981,0.98749965,0.0001436239,0.0016034883,0.007018406,0.00012677036,0.00063898653,300,validation
0.9806913,4.4608576e-05,0.0028929068,0.0007305477,0.00028775612,0.0007235644,0.000982354,0.013647003,301,validation
0.9781572,8.369511e-05,0.0045608925,0.002759065,0.00041976376,0.0013184724,0.0015491454,0.011151762,302,validation
0.8890684,0.0015961567,0.01966893,0.011194427,0.0045259884,0.012100016,0.010484138,0.05136189,303,validation
0.0038619554,0.93885535,0.004552145,0.00044143482,0.01603922,0.011338097,0.016900122,0.008011652,304,validation
0.13754489,0.050474476,0.29910547,0.021888828,0.3265509,0.049758773,0.009082255,0.1055945,305,validation
0.9789058,8.619046e-05,0.0025954319,0.0013656964,0.00020850266,0.0007663468,0.0011013419,0.014970668,306,validation
0.0071484596,0.010549878,0.9185223,0.00088583713,0.010653759,0.0425688,0.0008320611,0.008838811,307,validation
0.002045263,0.0007196622,0.98519,0.0001777858,0.0013028496,0.009847509,0.00017776444,0.000539121,308,validation
0.97353226,6.611945e-05,0.007628171,0.0013874751,0.0003972005,0.0021264283,0.00100481,0.013857508,309,validation
0.0023702565,0.0016953769,0.9812338,0.00024670424,0.0019842845,0.011378815,0.00047414468,0.0006167418,310,validation
0.0040849377,0.0014766683,0.97298527,0.00048925326,0.002236525,0.017758768,0.00025522948,0.00071332895,311,validation
0.00095051207,0.9490765,0.0031794899,0.00021680428,0.010930712,0.007047296,0.025616795,0.0029818355,312,validation
0.0031221414,0.007857114,0.9580957,0.00015598259,0.002625937,0.025000183,0.0012877575,0.0018551598,313,validation
0.0054038945,0.0005412351,0.0023165715,0.0042040865,0.00012533412,0.0007356452,0.0036150413,0.9830582,314,validation
0.003424011,0.002052237,0.97302276,0.00055355014,0.0025772331,0.01648558,0.00044660547,0.0014381153,315,validation
0.0032940228,0.00021185137,0.99067163,7.882422e-05,0.0012889759,0.004084144,7.549479e-05,0.0002951203,316,validation
0.010245297,0.035483763,0.83629215,0.004360037,0.01529797,0.07730821,0.003309942,0.017702667,317,validation
0.9870955,3.0048432e-05,0.0018268425,0.0014613067,0.00010719265,0.00065496657,0.00087072456,0.007953421,318,validation
0.9790886,3.552126e-05,0.0017168658,0.00054282416,0.00017117478,0.00037161834,0.000911488,0.01716192,319,validation
0.0029043057,0.0004383441,0.9881521,0.00017599661,0.0016290785,0.0058830115,0.00012769066,0.00068943715,320,validation
0.0038158945,0.00046740143,0.98848677,0.0002645413,0.001166312,0.0045312257,0.00015820107,0.0011095444,321,validation
0.0028185542,0.00070944685,0.98499113,0.00023199436,0.0016319961,0.008361564,0.0001697137,0.0010856115,322,validation
0.0038363494,0.0052901423,0.000354252,0.0011019873,0.0023847257,0.000904691,0.98528475,0.00084306736,323,validation
0.0024822378,0.0005582119,0.986636,0.00023465931,0.0013026868,0.008055222,0.0001517469,0.00057937007,324,validation
0.0026178323,0.0008364418,0.98499197,0.0002294166,0.0014128492,0.0090253595,0.00021188793,0.0006742354,325,validation
0.0024785262,0.0010184393,0.98151106,0.00024810864,0.0016781077,0.011963258,0.00023578366,0.00086676335,326,validation
0.0025595545,0.0004298282,0.9881633,0.00017832371,0.0011730555,0.0066631655,0.00015203255,0.0006807258,327,validation
0.97187805,4.8916838e-05,0.0030250808,0.0006313841,0.00028992124,0.0005155249,0.0011719464,0.022439238,328,validation
0.0037325912,0.0006913574,0.98387074,0.00014378375,0.0023670492,0.00811498,0.00017423091,0.00090522267,329,validation
0.004082913,0.00085106166,0.001716149,0.0030270056,0.00019190277,0.0007641089,0.003000824,0.98636615,330,validation
0.0006299584,0.96557236,0.0029182879,0.00011759595,0.008693886,0.004711266,0.016010744,0.0013458504,331,validation
0.0048958277,0.0011769988,0.0021388796,0.004389387,0.00030701843,0.00071608555,0.0038750966,0.98250073,332,validation
0.0033419952,0.00031135467,0.9868515,0.00014442184,0.0014884125,0.0073617673,0.00010395869,0.00039652747,333,validation
0.002798765,0.0006666171,0.98607045,0.00013871767,0.0017772455,0.0075392164,0.0001364564,0.0008723882,334,validation
0.98703116,2.264288e-05,0.0019543336,0.00091722514,0.0001271694,0.00043352565,0.0006176138,0.008896205,335,validation
0.9885876,2.5092255e-05,0.0012478012,0.0007114118,0.000106104475,0.00036944164,0.0007457235,0.008206816,336,validation
0.98936427,2.0896385e-05,0.0026440388,0.00084953225,0.000121672056,0.00064134767,0.0005447661,0.005813488,337,validation
0.0013908935,0.07722029,0.06180477,0.0008993808,0.17626396,0.65824866,0.022283912,0.0018880725,338,validation
0.001997961,0.00082204695,0.9848364,0.0001456024,0.0012540525,0.010087296,0.00019938248,0.00065721874,339,validation
0.0029464648,0.0010579737,0.98320794,0.00026615916,0.0021377224,0.009081387,0.00027261392,0.0010296606,340,validation
0.98852265,1.9430554e-05,0.0014719773,0.0013055401,0.00010567086,0.0003904112,0.0008037283,0.007380548,341,validation
0.9774074,6.7007495e-05,0.004476137,0.00097444677,0.00033692183,0.0011297852,0.0008453353,0.014762796,342,validation
0.98245853,2.9796021e-05,0.00636603,0.00062432006,0.0002852729,0.0010575425,0.00047561692,0.008702874,343,validation
0.95263904,0.00036816878,0.011989412,0.0018246067,0.0012132208,0.0029100822,0.0071988967,0.02185654,344,validation
0.0028840262,0.00048758625,0.98841095,8.873012e-05,0.0014283134,0.005969609,0.00012710923,0.00060366635,345,validation
0.0021760517,0.00043091516,0.9888399,0.00016422212,0.0012128559,0.00660498,0.00011111358,0.00045986552,346,validation
0.0006475203,0.96322906,0.0029625492,0.00013018388,0.008607955,0.005434747,0.017658994,0.0013289816,347,validation
0.0073831403,0.004529872,0.0027649268,0.004990121,0.0011033813,0.001523791,0.009086308,0.96861845,348,validation
0.9856037,2.7200402e-05,0.0016549502,0.0006704226,0.00014091082,0.00039677913,0.00054717204,0.010958847,349,validation
0.00016537071,0.00023962738,0.0021166198,0.0002872749,7.545447e-05,0.996784,0.00026078167,7.0868584e-05,350,validation
0.0022624745,0.00057273783,0.98813254,0.00018869425,0.0012496503,0.0068645873,0.0001463756,0.00058289,351,validation
0.98817796,2.5353153e-05,0.00287441,0.0009718362,0.00013376396,0.0005882517,0.0004944663,0.006733905,352,validation
0.96419805,6.93448e-05,0.004380451,0.0010443866,0.00028927607,0.00065864774,0.0011450554,0.028214775,353,validation
0.002977493,0.0008834136,0.9835985,0.0003302609,0.0018963018,0.009302173,0.00023989944,0.00077198335,354,validation
0.0010120759,0.0037758835,0.0001149247,0.00041877394,0.0011734952,0.00039087457,0.9918824,0.0012315459,355,validation
0.9872614,2.0287127e-05,0.0016805168,0.001543855,0.00010234651,0.00055414916,0.000917153,0.007920307,356,validation
0.9847179,3.9515824e-05,0.0036662165,0.0011583546,0.00022134144,0.00081817346,0.00049826526,0.008880266,357,validation
0.9597798,0.00014233433,0.008617839,0.0015846738,0.00063933374,0.002747613,0.0037190681,0.02276938,358,validation
0.003434639,0.89180845,0.0052835024,0.0008883002,0.016727313,0.021870404,0.05285936,0.0071280603,359,validation
0.9823553,3.988836e-05,0.002194535,0.000889711,0.00021202385,0.000494081,0.000832859,0.012981505,360,validation
0.0032841389,0.00042225982,0.98578924,0.000121824625,0.0019807846,0.007602739,0.00011650458,0.0006825754,361,validation
0.9768811,0.00010815397,0.0044332556,0.0023018243,0.0004260717,0.001384685,0.0013557309,0.0131090665,362,validation
0.0025265154,0.0005385177,0.9873481,0.00012901169,0.0014141813,0.0072851544,0.00014486097,0.00061362394,363,validation
0.025244111,0.0013534236,0.93355066,0.0023365412,0.011933821,0.017791886,0.00077805785,0.007011475,364,validation
0.003156327,0.00083759055,0.9840831,0.00022092678,0.00140224,0.0091070635,0.0002908457,0.00090186845,365,validation
0.9782164,5.905048e-05,0.0028342877,0.00091608707,0.00034377223,0.00065580674,0.0010986369,0.015875945,366,validation
0.0032386857,0.0005698937,0.983386,0.00019929894,0.0019137827,0.009752257,0.0001275624,0.00081262295,367,validation
0.0027252152,0.00076471706,0.9841484,0.00025410036,0.0016685006,0.009450563,0.00021298206,0.0007755808,368,validation
0.0031701338,0.007896553,0.0066673094,5.2508603e-05,0.9775532,0.0030774362,0.0011500812,0.00043272777,369,validation
0.004890569,6.3335334e-05,0.0003690069,0.98660487,0.000175986,0.001361362,0.0023268645,0.0042080884,370,validation
0.002304295,0.0019912433,0.9808204,0.00022009417,0.0023177944,0.010852903,0.0004982451,0.00099499,371,validation
0.002698265,0.00028887505,0.9909807,3.5165678e-05,0.0012769586,0.004319253,6.4454085e-05,0.00033625527,372,validation
0.20650922,0.055151407,0.32857734,0.055749856,0.10977788,0.12629238,0.016278634,0.10166325,373,validation
0.9429385,0.0001904323,0.008825573,0.0026187126,0.00063921255,0.0021165006,0.0022460064,0.04042503,374,validation
0.85465133,0.0035097923,0.030625524,0.020205515,0.0073276944,0.020429783,0.01354981,0.04970058,375,validation
0.0024468494,0.0003641203,0.98991805,7.3360236e-05,0.0013519102,0.005189842,0.00010124387,0.0005546244,376,validation
0.012017539,0.003521744,0.9264735,0.0014960396,0.005618665,0.04821241,0.00041149688,0.002248557,377,validation
0.9846927,2.2212167e-05,0.0023256426,0.00042359886,0.0001414706,0.00040328715,0.00046818372,0.011522872,378,validation
0.0020058767,0.00022238304,0.9899974,9.059877e-05,0.00067065447,0.006728858,5.115053e-05,0.00023318347,379,validation
0.012844576,0.006269648,0.9378218,0.0009855056,0.0066532954,0.02485659,0.0012409418,0.009327648,380,validation
0.026158098,0.1329671,0.022838527,0.020407157,0.014809241,0.04964044,0.060758106,0.67242134,381,validation
0.032903183,0.008711405,0.87970495,0.0043040067,0.011329641,0.03816846,0.0029833748,0.021894936,382,validation
0.003922018,0.0003347513,0.98599905,0.00015530562,0.0016882626,0.0073405732,0.000100834026,0.00045909942,383,validation
0.010506824,0.08408476,0.022223396,0.00043785156,0.8647007,0.0075032436,0.008542093,0.0020012944,384,validation
0.9865947,6.63238e-05,0.002202982,0.0006338434,0.0002279071,0.00071548973,0.0015017503,0.008057006,385,validation
0.008493175,0.0020786095,0.9645613,0.0010893224,0.0041944003,0.016162807,0.0007933193,0.0026272228,386,validation
0.0060202,0.0012565298,0.97959065,0.00066710246,0.0020840939,0.008212817,0.0005971596,0.0015714759,387,validation
0.006933957,0.001289883,0.9748172,0.00096484984,0.0021076913,0.011531692,0.0006817595,0.0016730241,388,validation
0.023966946,0.07456504,0.06408042,0.0132298,0.027840154,0.5690438,0.055189617,0.17208424,389,validation
0.011020024,0.0007332124,0.97622097,0.00052937673,0.0023481084,0.0074106753,0.0005496846,0.001187919,390,validation
0.9850706,7.7560646e-05,0.002057025,0.001107581,0.00025219077,0.0008767931,0.0018010943,0.008757101,391,validation
0.9872902,4.116144e-05,0.0010464189,0.0005726088,0.000109569824,0.0003094191,0.0010104105,0.009620203,392,validation
0.9897428,5.0038372e-05,0.001545994,0.00079079164,0.00017877098,0.0005850885,0.0011757702,0.0059307907,393,validation
0.9839175,6.6750334e-05,0.00206082,0.0010084152,0.00021697367,0.0010572945,0.002331428,0.009340861,394,validation
0.9185324,0.001385082,0.01498944,0.0061085904,0.0037665102,0.00849674,0.0061290055,0.04059226,395,validation
0.008098432,0.017759226,0.011607069,0.00016636509,0.9548389,0.00406344,0.0022138548,0.0012527107,396,validation
0.9857458,6.588153e-05,0.0013809614,0.0006380219,0.000196246,0.00038718234,0.0009330054,0.010652899,397,validation
0.01453019,0.0022016992,0.9553491,0.0018574641,0.0057624257,0.01593954,0.00086596125,0.00349355,398,validation
0.0064080055,0.0015681802,0.97442144,0.00085118506,0.002138263,0.012063681,0.0007560661,0.0017931601,399,validation
0.0009469962,0.0026344615,0.008947184,0.0016495065,0.0008434003,0.9837821,0.00092249014,0.00027379085,400,validation
0.0045192135,0.0006333055,0.98774624,0.000388527,0.0010582457,0.0044772895,0.00034417238,0.00083292025,401,validation
0.0097069135,0.00067787373,0.9779473,0.00048300638,0.0022405908,0.0073810667,0.0004838944,0.0010793186,402,validation
0.013717551,0.0065180482,0.94023,0.00050386577,0.024853535,0.008546709,0.001784756,0.0038456211,403,validation
0.0045920773,0.001450694,0.98117834,0.0004025294,0.0018760695,0.00870756,0.0006027982,0.0011898713,404,validation
0.009863842,0.015325148,0.010650516,0.000201674,0.95684725,0.0033997118,0.002184305,0.0015274874,405,validation
0.9876095,5.4810447e-05,0.0029857897,0.001615726,0.0002205554,0.0010086761,0.001211821,0.005293123,406,validation
0.008075173,0.0015358449,0.9688203,0.0009746739,0.0021027212,0.015676802,0.000778548,0.0020359224,407,validation
0.98880744,5.7193894e-05,0.0020584343,0.0012793817,0.00015387649,0.00067575835,0.00097585365,0.005992077,408,validation
0.013369153,0.003934118,0.94837713,0.0018367987,0.0065403916,0.021616308,0.0010635342,0.0032626481,409,validation
0.98949933,4.4614302e-05,0.0011336936,0.00052039244,0.00014459543,0.0003945052,0.0009821214,0.0072807414,410,validation
0.0076080738,0.00116322,0.9765919,0.0005687597,0.002429701,0.009760039,0.0006042527,0.0012740913,411,validation
0.00721156,0.0017256535,0.9743293,0.00092899485,0.002291395,0.01031749,0.0008461451,0.0023494393,412,validation
0.9776139,0.0003000035,0.0039361077,0.0013392785,0.00065070385,0.0016109544,0.0029110936,0.01163793,413,validation
0.007996713,0.0013450645,0.97012615,0.0009914748,0.0024572588,0.0146131655,0.00068425207,0.0017858526,414,validation
0.9858467,2.6832446e-05,0.0014892265,0.00042477043,8.4552295e-05,0.0003356254,0.0010077014,0.01078469,415,validation
0.009701694,0.021519199,0.018322822,0.0003987976,0.9380803,0.0060270447,0.0032551815,0.0026949458,416,validation
0.98969966,3.1379644e-05,0.0010920615,0.00070700224,9.070888e-05,0.00035105718,0.00085718284,0.007170861,417,validation
0.9882797,4.184559e-05,0.0010250055,0.00045470012,0.00012792971,0.00029349272,0.00078196614,0.008995274,418,validation
0.006188038,0.0013702019,0.9784248,0.00063114276,0.002033846,0.009156921,0.0006171957,0.0015778547,419,validation
0.9853873,6.278094e-05,0.001494154,0.0007598288,0.00018465653,0.00051131286,0.0011824889,0.010417535,420,validation
0.0014006068,0.95054704,0.0023747557,0.0002728834,0.009701813,0.0051938603,0.028290749,0.002218357,421,validation
0.00082232826,0.005665365,0.015366315,0.001688661,0.001483553,0.9721184,0.0022344089,0.00062089815,422,validation
0.0068104463,0.0012164502,0.97762376,0.0007467457,0.002167342,0.009025982,0.0006024162,0.0018069083,423,validation
0.0072737373,0.0020600893,0.96939063,0.0011559112,0.0030577497,0.01376187,0.00092891726,0.002371241,424,validation
0.0062925685,0.0012696927,0.97833717,0.0007256879,0.0021472622,0.008982979,0.0005941856,0.0016504888,425,validation
0.01496346,0.004002268,0.0039771413,0.0071445554,0.000638013,0.0025765595,0.009953963,0.956744,426,validation
0.014975361,0.008221613,0.9254618,0.0034122416,0.0074380743,0.034012605,0.0017895448,0.004688715,427,validation
0.0073524695,0.0007168348,0.9814538,0.0003170033,0.0018911873,0.006967063,0.00041389643,0.00088774535,428,validation
0.007161021,0.0012343318,0.9749188,0.0005526886,0.0017717935,0.012551736,0.000534042,0.0012756056,429,validation
0.57999945,0.018091286,0.13271877,0.012356174,0.0127118835,0.04368263,0.035954695,0.1644851,430,validation
0.0062058815,0.0012782913,0.9789954,0.00073318783,0.0016871394,0.008590637,0.00063591055,0.0018735502,431,validation
0.00918021,0.0009297116,0.97875834,0.000407529,0.0019119993,0.0073482725,0.00050020387,0.0009637325,432,validation
0.0057811076,0.00093991624,0.0018266223,0.002651861,0.00025859618,0.0009648411,0.0036834655,0.9838935,433,validation
0.0008670165,0.9516236,0.0018857059,0.0001877986,0.0067380476,0.0036144194,0.03255103,0.0025323986,434,validation
0.006666002,0.0016712121,0.97282255,0.00089318515,0.0023721384,0.012478126,0.00089248695,0.00220422,435,validation
0.021673527,0.0006391518,0.96482044,0.00085785857,0.00253073,0.0065673664,0.0007717492,0.0021391872,436,validation
0.008826379,0.00064663996,0.9821192,0.00025114257,0.0013050488,0.005737597,0.0003412369,0.0007727415,437,validation
0.0053015943,0.0011450532,0.9801854,0.00043201802,0.0018818426,0.00935857,0.00051949214,0.0011760294,438,validation
0.0013775406,0.9526857,0.0024431176,0.00025890776,0.0103616705,0.0036531752,0.026024427,0.0031955587,439,validation
0.029959772,0.010738536,0.01946798,0.78713304,0.012472061,0.045742206,0.031016363,0.06347003,440,validation
0.025223447,0.09057145,0.30650002,0.0019576747,0.52572733,0.022363469,0.019632198,0.008024408,441,validation
0.0061677196,0.00098288,0.98316836,0.0002907289,0.0012946572,0.0066216723,0.00048339737,0.0009905176,442,validation
0.0069730645,0.0017473339,0.9735824,0.00088929804,0.0021419812,0.012138171,0.0008014212,0.0017263596,443,validation
0.0074925194,0.00058691966,0.9846097,0.00020424147,0.0013398054,0.0045090863,0.0003285806,0.000929211,444,validation
0.016563244,0.007206114,0.93581635,0.0025622016,0.005530177,0.024110256,0.0022961614,0.005915514,445,validation
0.21102926,0.054666784,0.1329199,0.010393793,0.36995628,0.035808165,0.037411403,0.14781448,446,validation
0.010097686,0.0041656992,0.9545048,0.0020371242,0.0047330423,0.020058727,0.0009850373,0.0034178686,447,validation
0.9889319,3.1941483e-05,0.0012843952,0.0007678758,9.570268e-05,0.0005113178,0.0010818446,0.00729491,448,validation
0.98563147,4.3170763e-05,0.0011728312,0.00042808507,0.00013929888,0.0002751203,0.0009641168,0.011345858,449,validation
0.008265459,0.018624395,0.011463904,0.00018203608,0.9536068,0.004213895,0.0023540556,0.0012894272,450,validation
0.008945662,0.011200905,0.01791603,0.0002518249,0.9543477,0.0041938806,0.0014583016,0.001685697,451,validation
0.98143286,5.2033556e-05,0.0017229561,0.00051672145,0.00020278685,0.00035444857,0.00100628,0.014711865,452,validation
0.0023340988,0.00525907,0.01710164,0.003691292,0.003955196,0.963781,0.0027943912,0.0010833826,453,validation
0.9861491,5.0833132e-05,0.0013538727,0.00066855573,0.00015475746,0.00037313608,0.0010799537,0.010169909,454,validation
0.97956526,6.247349e-05,0.00483314,0.00092985143,0.00028370565,0.0008291102,0.0011256564,0.012370701,455,validation
0.042855997,0.008462317,0.020369062,0.8170856,0.010212485,0.027573548,0.038722184,0.034718852,456,validation
0.0069790697,0.00059296633,0.9827533,0.00034547053,0.0016419813,0.006314752,0.00034386775,0.0010285963,457,validation
0.0020048951,0.9161584,0.0038799024,0.000726643,0.012419346,0.008195401,0.050497197,0.0061182417,458,validation
0.02049137,0.28508195,0.20663807,0.023799807,0.10595983,0.24669999,0.030819492,0.08050947,459,validation
0.0066187014,0.0013636212,0.9775894,0.0005214961,0.0020037922,0.009873472,0.0007037727,0.0013257388,460,validation
0.007978489,0.002013959,0.97568583,0.0006400003,0.001005409,0.010243071,0.0007583088,0.0016749196,461,validation
0.96084046,0.00020709171,0.008257305,0.00070750795,0.0006881124,0.0013629434,0.0031474743,0.024789087,462,validation
0.97177327,0.00013490858,0.004794987,0.0015919731,0.00060220086,0.0010939431,0.0014861452,0.0185227,463,validation
0.0011142178,0.0024489532,0.007839936,0.0009725914,0.0002344002,0.983496,0.0021779446,0.0017160017,464,validation
0.006153285,0.0017085704,0.97334146,0.0008437046,0.0028474242,0.011584843,0.0008373169,0.0026835045,465,validation
0.0072390214,0.04377884,0.027600445,0.00034276486,0.90017575,0.013473636,0.005584352,0.0018052513,466,validation
0.9797361,7.707091e-05,0.0023513688,0.0013547441,0.00020684437,0.00090323173,0.0017138788,0.013656822,467,validation
0.009475173,0.01635393,0.012100027,0.00018718212,0.9548255,0.0032396964,0.002332736,0.0014857674,468,validation
0.83895755,0.0041372627,0.011519495,0.017510707,0.0041657626,0.014299437,0.075808965,0.033600785,469,validation
0.0062224166,0.0018224941,0.9755053,0.0006434959,0.002228586,0.010965391,0.0008783818,0.001734014,470,validation
0.99063253,2.1919186e-05,0.0015542684,0.00056760665,9.976273e-05,0.0004952189,0.0008293989,0.005799209,471,validation
0.029234238,0.01083273,0.85084987,0.006398812,0.014923276,0.06717531,0.00432757,0.016258227,472,validation
0.014681044,0.0005738583,0.0024060556,0.94680446,0.0008512199,0.0044756746,0.011632784,0.018574845,473,validation
0.0066561326,0.00097633986,0.9807068,0.00047438694,0.0021316868,0.0071174772,0.00056199403,0.0013751684,474,validation
0.59574723,0.026060542,0.058637716,0.03043632,0.027922109,0.034037113,0.03318501,0.19397405,475,validation
0.007068899,0.0013006122,0.9739093,0.0010394256,0.0023281698,0.011859813,0.00069900934,0.0017947678,476,validation
0.0072451266,0.0007505513,0.9819905,0.00027937087,0.001860195,0.0065647587,0.0004225944,0.0008868791,477,validation
0.4553735,0.020539556,0.32791266,0.027843816,0.03352501,0.072127834,0.02160863,0.041069016,478,validation
0.92877084,0.0009047303,0.0202124,0.0041327267,0.0032165856,0.0063342736,0.0035778324,0.032850686,479,validation
0.0141054895,0.0031296453,0.9493421,0.0023070013,0.0054893317,0.0155052785,0.0012789818,0.008842307,480,validation
0.0057598343,0.0027180018,0.004836447,0.007165759,0.00077485794,0.0024699327,0.0064081126,0.96986705,481,validation
0.008773765,0.00057189655,0.9798686,0.00047107192,0.0019858826,0.0067737717,0.00042072678,0.001134265,482,validation
0.008191481,0.00078499643,0.98091394,0.00030574948,0.0018084056,0.0065617776,0.0004072822,0.0010264836,483,validation
0.011228004,0.27316773,0.03440916,0.0037081558,0.06121709,0.5634126,0.033985987,0.018871257,484,validation
0.026938455,0.013550681,0.87377584,0.008508195,0.021099003,0.034314953,0.005238084,0.016574804,485,validation
0.0018313042,0.0094703045,0.0005334476,0.0008415131,0.00086337863,0.0007824548,0.98312646,0.0025510804,486,validation
0.98799944,4.3092572e-05,0.0010143887,0.00054073834,0.00013453816,0.0003033085,0.0010025025,0.00896214,487,validation
0.98257613,8.431842e-05,0.0015861626,0.00089984434,0.00022532824,0.0004965118,0.0011165424,0.01301518,488,validation
0.009042538,0.00057848013,0.98056465,0.00038126967,0.0020575128,0.005977539,0.00040961415,0.0009883547,489,validation
0.98864377,3.8461734e-05,0.0014177707,0.00086158165,0.000121361714,0.00054907496,0.001182396,0.007185601,490,validation
0.006333348,0.0009727196,0.98053396,0.00037177614,0.0018604218,0.008573143,0.0004985839,0.0008561635,491,validation
0.03094336,0.010161291,0.896452,0.005124526,0.013225821,0.031596716,0.0038498014,0.008646458,492,validation
0.9276534,0.0014207016,0.016428359,0.006377376,0.0028307666,0.006792344,0.009915888,0.028581282,493,validation
0.9696472,0.00021808947,0.0064620976,0.0014770583,0.00076182035,0.0017978558,0.0016841731,0.017951673,494,validation
0.012073597,0.0014779349,0.9616657,0.0011933275,0.0031999364,0.017366905,0.00058149267,0.0024410894,495,validation
0.017364545,0.044838686,0.01729027,0.0015477842,0.88873255,0.011950738,0.013318643,0.004956782,496,validation
0.010468302,0.0008060195,0.9791738,0.00034524515,0.0017097683,0.0059963237,0.0005276748,0.0009728123,497,validation
0.0059391814,0.0010158648,0.9796959,0.00045404973,0.0023552186,0.008587512,0.00045762814,0.0014947349,498,validation
0.0069548823,0.0013879407,0.97393554,0.0008771047,0.0021623648,0.012471671,0.0006336153,0.0015768992,499,validation
0.0055492073,0.0011124164,0.9797704,0.00043998536,0.0020915247,0.009278987,0.00051397475,0.001243561,500,validation
0.007239713,0.0012400036,0.9701305,0.0010034388,0.0021694668,0.016278174,0.0005427413,0.0013959805,501,validation
0.014533539,0.0044198153,0.0050571254,0.00683641,0.0009774418,0.0015651168,0.011638524,0.954972,502,validation
0.9925216,2.2114258e-05,0.0011844753,0.0004530972,8.9327834e-05,0.00033434312,0.00071002735,0.004685039,503,validation
0.006690447,0.0007421019,0.9823775,0.00030820756,0.0019632096,0.0065125204,0.00044449113,0.00096155086,504,validation
0.99003184,3.5968118e-05,0.0011138644,0.0006783978,0.00011270968,0.0004303743,0.0007608321,0.006836051,505,validation
0.9904206,3.4704753e-05,0.0012024449,0.00058321626,0.000118676944,0.00031073546,0.0008109714,0.00651866,506,validation
0.0068522873,0.0015498308,0.9784015,0.0003206856,0.0015959349,0.0093031535,0.0006759054,0.0013007548,507,validation
0.008297901,0.0031088933,0.96494794,0.00071944913,0.0016823543,0.017915046,0.00137513,0.0019532724,508,validation
0.9773678,0.000101861675,0.0063068857,0.00091832323,0.00046329913,0.0013125539,0.0020878837,0.011441417,509,validation
0.0051438487,0.0009491848,0.98128694,0.00066063856,0.0014460882,0.008300856,0.0003767595,0.0018355438,510,validation
0.009904415,0.0011719444,0.9761446,0.00050684065,0.002117408,0.00823602,0.000723724,0.0011951182,511,validation
0.004909425,0.0014983743,0.9725132,0.0009995784,0.0051579885,0.013292002,0.00027102893,0.0013584353,512,validation
0.0026376692,0.000106401116,0.99303013,6.887688e-05,0.0015423637,0.0024664795,3.0307461e-05,0.000117714095,513,validation
0.01827948,0.0016271056,0.0075120814,0.010223691,0.0005116296,0.0022559715,0.009437585,0.95015246,514,validation
0.738815,0.0031675946,0.12355094,0.026925119,0.010222269,0.048301455,0.0063532647,0.04266445,515,validation
0.9819474,6.447719e-05,0.0043214667,0.0021185328,0.00044299255,0.0014015259,0.0008373137,0.008866212,516,validation
0.0013120155,0.00035341442,0.9902446,0.00018069957,0.0008208962,0.0068350756,4.0358227e-05,0.0002129338,517,validation
0.0026639968,0.00013717664,0.99181515,9.8289056e-05,0.0017028778,0.003436288,3.538122e-05,0.00011093171,518,validation
0.0017031111,0.00037785116,0.98898786,0.00025133064,0.0012962037,0.0070321513,6.663163e-05,0.0002849006,519,validation
0.015746046,0.009008277,0.00951241,0.014255517,0.0027509339,0.01868407,0.017381566,0.91266114,520,validation
0.9940446,8.454061e-06,0.0010904764,0.0003769051,4.5114753e-05,0.00023704088,0.00024576407,0.003951659,521,validation
0.9968534,4.0706204e-06,0.00043727373,0.0005004476,1.8960396e-05,0.00011424468,0.00019822166,0.0018732526,522,validation
0.003509294,0.0008756859,0.98456913,0.0004628574,0.0027614925,0.007214447,7.98137e-05,0.0005271891,523,validation
0.000121370205,0.00015922061,0.0005654554,0.00038539624,2.9269615e-05,0.9985328,0.00017787635,2.8622222e-05,524,validation
0.01911387,0.003879378,0.0068806913,0.013920026,0.0012409932,0.005321392,0.008760478,0.9408832,525,validation
0.0026388178,0.0016394976,0.98103607,0.00069671834,0.0019754467,0.010537383,0.0002651547,0.0012109823,526,validation
0.0023996416,0.000679355,0.98511827,0.00039719706,0.0020485811,0.008716953,0.00010681615,0.0005332011,527,validation
0.98915595,3.1580483e-05,0.0015587071,0.0007328939,0.00013258628,0.0006717528,0.0010726879,0.0066438746,528,validation
0.001028056,0.0013168851,0.003928232,5.490133e-06,0.99293476,0.00056312303,0.00017227282,5.1240546e-05,529,validation
0.002075724,0.00025526463,0.9903137,0.00023287725,0.0017340719,0.0050576297,5.1595685e-05,0.00027916476,530,validation
0.9965575,7.129029e-06,0.0006201066,0.00040450317,4.8089863e-05,0.00016827021,0.00022380774,0.0019705677,531,validation
0.013957293,0.3118546,0.2718721,0.007694004,0.13189597,0.16463438,0.08974871,0.008342983,532,validation
0.0017879631,0.00031205255,0.99164855,0.00015366834,0.0012072413,0.004553737,5.396005e-05,0.00028289173,533,validation
0.0024117539,0.000117712516,0.99280375,9.77119e-05,0.0015894867,0.0028228196,3.666832e-05,0.00012010175,534,validation
0.024841892,0.003971616,0.011093703,0.021455817,0.0014548504,0.0040817643,0.009153943,0.9239465,535,validation
0.9907363,2.0027424e-05,0.0006848726,0.0003772726,5.6398356e-05,0.00019070314,0.0003605614,0.007573745,536,validation
0.0020799711,0.0003686661,0.9895502,0.00021249651,0.0015907143,0.005789142,5.7430905e-05,0.00035134176,537,validation
0.0025761225,0.0005088574,0.9844732,0.00035012036,0.0023180307,0.009257645,0.00011147577,0.00040441807,538,validation
0.002462938,9.551313e-05,0.994368,6.345779e-05,0.0010132315,0.0018506639,2.6210513e-05,0.00012005101,539,validation
0.9953152,5.7217026e-06,0.00076630147,0.000548453,3.567807e-05,0.00020633954,0.00025251825,0.0028696803,540,validation
0.104342885,0.03811494,0.48783308,0.05744426,0.067662016,0.054642346,0.023738282,0.1662221,541,validation
0.0024818114,0.00020484634,0.989193,0.00023426088,0.0017321063,0.005832786,5.321116e-05,0.000267972,542,validation
0.0021804986,0.00012954268,0.99369216,7.019483e-05,0.0012526351,0.0025097975,2.7359467e-05,0.00013780005,543,validation
0.99366474,1.888119e-05,0.0010936635,0.0006501075,8.261087e-05,0.00029874785,0.00042268357,0.003768631,544,validation
0.0024663985,0.0005414457,0.9871105,0.0002783961,0.0018759953,0.0072393864,8.689736e-05,0.00040103833,545,validation
0.0032414484,0.00018002844,0.9883108,0.00027562914,0.0020546624,0.0056150453,5.330733e-05,0.00026924882,546,validation
0.98891604,3.9303282e-05,0.0015944854,0.0004948606,0.00017160422,0.0005061111,0.0007828802,0.00749471,547,validation
0.99529254,5.1906954e-06,0.00060075923,0.00038730196,2.7463835e-05,0.00013979165,0.0002377843,0.003309337,548,validation
0.0014891808,0.002262456,0.0039071967,1.3802118e-05,0.9912292,0.0006374565,0.00036790431,9.2810165e-05,549,validation
0.00063643523,0.96517545,0.00406523,0.00010856333,0.00922198,0.0063438406,0.013480281,0.0009682468,550,validation
0.0023969328,0.00015478556,0.9913157,0.00010072646,0.002107466,0.0037194393,3.9771105e-05,0.00016502189,551,validation
0.99648917,5.8644146e-06,0.0005935147,0.00032367816,3.3493954e-05,0.00014138849,0.0002537492,0.00215927,552,validation
0.01842005,0.0048413356,0.009773045,0.018295085,0.0020639242,0.0031869812,0.013786028,0.92963356,553,validation
0.9940614,1.2100355e-05,0.0007348748,0.00041148977,6.7097026e-05,0.00017172022,0.00032286378,0.004218506,554,validation
0.01990394,0.044152007,0.016201448,0.04210887,0.00965098,0.012854647,0.041321542,0.81380665,555,validation
0.0040073073,0.0012277729,0.97896546,0.00040246316,0.0034014068,0.011257458,0.0001419993,0.0005961752,556,validation
0.002757449,0.00043272975,0.983633,0.0003593679,0.0024600662,0.009825618,0.00010428742,0.00042759164,557,validation
0.0015959344,0.0003292731,0.9919968,9.988536e-05,0.0013468497,0.0043667406,6.5944994e-05,0.00019849576,558,validation
0.9942311,9.476452e-06,0.001226403,0.0003936785,5.8335892e-05,0.00022345058,0.00024013729,0.0036174147,559,validation
0.0014127103,0.0032664752,0.00021931353,0.001295966,0.0011441392,0.00049789395,0.9914826,0.00068077474,560,validation
0.0021992456,0.00047257583,0.9880834,0.00023930882,0.0025853033,0.0059509883,7.705651e-05,0.0003921159,561,validation
0.99504304,8.091505e-06,0.0007313086,0.0005223481,4.028254e-05,0.00017192341,0.00030000336,0.0031829504,562,validation
0.9938326,1.4172021e-05,0.0014262757,0.0010668099,0.000107673615,0.0003511371,0.0002857455,0.00291552,563,validation
0.020835906,0.02883524,0.01196184,0.026892448,0.008949991,0.0074589695,0.02818408,0.86688155,564,validation
0.02371954,0.0035369864,0.007914466,0.013325072,0.0009309468,0.008466264,0.00809593,0.9340108,565,validation
0.0017032728,0.005535271,0.00016795596,0.000972655,0.0013890961,0.0005511751,0.9882224,0.0014581606,566,validation
0.0023920676,0.0004233239,0.9853194,0.00034321676,0.0022378108,0.008839681,7.973713e-05,0.00036479958,567,validation
0.0016091834,0.00087306334,0.0059345346,0.001611765,0.0011081124,0.9815933,0.0021606085,0.0051094233,568,validation
0.0027374895,0.00082595396,0.9800663,0.0005309376,0.0022603304,0.012799801,0.0001444974,0.0006346872,569,validation
0.9909506,2.5176758e-05,0.001562055,0.0006744037,0.00011288757,0.00043192573,0.00039581844,0.005847105,570,validation
0.025096597,0.0069179,0.00967518,0.025720607,0.0020373706,0.0077197123,0.016150633,0.90668195,571,validation
0.0037740194,0.0023278748,0.9782641,0.00047470193,0.0030513634,0.011081966,0.00018499697,0.0008409347,572,validation
0.9950826,7.707083e-06,0.0012067922,0.00072941615,5.1806135e-05,0.00021419155,0.00026599684,0.002441412,573,validation
0.001908876,0.0002238205,0.99069643,0.00020646781,0.0013689888,0.0053202715,4.4011842e-05,0.00023105928,574,validation
0.0039978703,0.0011793285,0.97483295,0.0008423917,0.0033991183,0.014432929,0.00020749265,0.0011079706,575,validation
0.0025625764,0.00048691474,0.98474705,0.0004086309,0.0018675107,0.0093554305,7.4055235e-05,0.00049777376,576,validation
0.01015032,0.003020889,0.9497182,0.0011855264,0.005265776,0.023983197,0.00041940025,0.006256768,577,validation
0.0018835566,0.002147203,0.0035249342,1.4385452e-05,0.9908608,0.0010820596,0.00039312363,9.392265e-05,578,validation
0.99401855,9.775139e-06,0.00077834754,0.00048513827,4.818233e-05,0.00019119921,0.00030360682,0.004165136,579,validation
0.9959352,6.8593677e-06,0.00044233823,0.00047658425,3.260646e-05,0.0001236887,0.00027200632,0.0027106619,580,validation
0.9880432,5.8626098e-05,0.0024512263,0.0020022676,0.00035610926,0.0006451335,0.0010118125,0.0054316595,581,validation
0.0027549453,0.0010109745,0.9808177,0.00055576925,0.0024580038,0.011607168,0.00014884821,0.00064652896,582,validation
0.0024623494,0.00053863926,0.98561066,0.00036410097,0.0020812978,0.00840576,9.740237e-05,0.00043986656,583,validation
0.0018769255,0.00078265107,0.98516405,0.00023634227,0.0014485864,0.0100548025,0.00013197062,0.00030454426,584,validation
0.00011473418,0.00015484144,0.0007832878,0.00022491452,2.7979573e-05,0.99854445,0.00013281718,1.70041e-05,585,validation
0.98019445,7.243654e-05,0.007523651,0.0017436765,0.0007342041,0.0019629835,0.0006135874,0.00715515,586,validation
0.0026271234,0.0006175389,0.984829,0.00029314737,0.001818064,0.009268917,0.0001244571,0.00042182353,587,validation
0.99596006,4.8449374e-06,0.0007451819,0.00026909876,3.5960027e-05,0.0001392363,0.00018560706,0.002659997,588,validation
0.9950675,1.0533179e-05,0.0006085719,0.00047384782,4.3297463e-05,0.00018689159,0.0002734514,0.0033358375,589,validation
0.0014640136,0.00034258855,0.98905176,0.00019158535,0.0014357265,0.00725581,5.3725318e-05,0.00020475224,590,validation
0.0116217965,0.2737498,0.10908024,0.0032208753,0.13308801,0.43871862,0.024138402,0.006382274,591,validation
0.99506927,1.2102359e-05,0.00105265,0.0006295223,7.584243e-05,0.00031078377,0.00031680585,0.0025330258,592,validation
0.0028815805,0.001178844,0.9761006,0.0006440535,0.0028142168,0.015389152,0.00014140471,0.000850087,593,validation
0.0035447236,0.002207234,0.97761863,0.0006964814,0.002449808,0.012011424,0.00023740853,0.0012342716,594,validation
0.9508473,0.00039209134,0.016553177,0.0045334147,0.0033214965,0.0052877218,0.0019603632,0.017104466,595,validation
0.94996405,0.0009402558,0.008973191,0.007969821,0.0018338147,0.00753224,0.004125564,0.018661141,596,validation
0.0019781075,0.0003848917,0.9881633,0.0002762453,0.0019127682,0.0069026044,7.410648e-05,0.00030795124,597,validation
0.08501639,0.014675675,0.7297139,0.031657193,0.020681601,0.0755808,0.0042782654,0.038396116,598,validation
0.8891491,0.0021019499,0.030452065,0.017431814,0.007953204,0.01679153,0.010835551,0.025284767,599,validation
0.01173424,0.008143453,0.95832336,0.0011049653,0.0059954417,0.009643972,0.0028507772,0.0022037884,600,validation
0.0022168972,0.0004784264,0.98948646,0.00017385182,0.0013268772,0.0059779123,7.940562e-05,0.00026024928,601,validation
0.9965773,6.2144627e-06,0.00065654714,0.00061997847,3.8246908e-05,0.00016659663,0.00018629062,0.0017487531,602,validation
0.0018459432,0.00031356618,0.990827,0.00015880914,0.0015260456,0.005018222,6.427358e-05,0.00024611293,603,validation
0.002655385,0.0006026037,0.98490924,0.00033917156,0.0022114064,0.008672616,0.00011133895,0.00049833313,604,validation
0.99310076,1.1991476e-05,0.0009351806,0.00038004378,5.9125075e-05,0.00022199714,0.00035996805,0.004930958,605,validation
0.0025284018,0.0004377359,0.9866803,0.00031120062,0.0021642526,0.0074241995,7.744896e-05,0.0003765086,606,validation
0.0034663433,0.0013447247,0.9745257,0.00082584436,0.0027510603,0.016018849,0.00016810438,0.00089935056,607,validation
0.99621034,7.3643105e-06,0.0005677792,0.00047241664,3.842286e-05,0.00015279165,0.00020221807,0.0023485923,608,validation
0.8485396,0.0016530444,0.069667004,0.014358488,0.0075615225,0.02222366,0.005048999,0.030947665,609,validation
0.0021417635,0.00035849368,0.98957855,0.00019375098,0.0018466853,0.0054781106,4.8738333e-05,0.00035387542,610,validation
0.8842111,0.0023640958,0.009747494,0.007032127,0.0024216743,0.0046062,0.013051047,0.07656631,611,validation
0.00089539785,0.96037304,0.0060675647,0.00015017568,0.01068863,0.010568457,0.010513209,0.00074349757,612,validation
0.9953076,8.292517e-06,0.0007674999,0.00083239016,4.622787e-05,0.00026392614,0.00031574446,0.0024582655,613,validation
0.0020727043,0.00028043112,0.992759,0.00026508406,0.0006271567,0.0036390072,2.8673918e-05,0.00032796102,614,validation
0.004793294,0.0032691897,0.9659335,0.0010704293,0.0047996705,0.016573783,0.000414916,0.003145195,615,validation
0.0022472155,0.00032026085,0.9912566,0.00010227438,0.001279879,0.0044442513,5.7618287e-05,0.0002919528,616,validation
0.0024639207,9.372311e-05,0.9935755,8.869802e-05,0.001270789,0.002338284,2.6045233e-05,0.00014296314,617,validation
0.0036323834,0.0011930106,0.9778727,0.00063217693,0.0037393018,0.011875416,0.00010101643,0.00095393305,618,validation
0.95750713,0.00024608022,0.012926002,0.0046469057,0.0021157204,0.0046486384,0.0022150255,0.01569444,619,validation
0.00042201282,0.9734143,0.0033974573,4.9623675e-05,0.009615155,0.0052303667,0.007362028,0.0005090425,620,validation
0.0030161447,0.00017253263,0.98891675,0.00021721264,0.0019570626,0.0054493817,4.6151457e-05,0.0002248079,621,validation
0.0010678183,0.965492,0.002155029,0.00020809546,0.0068042264,0.006845776,0.015915904,0.0015110484,622,validation
0.0032920036,0.0014151394,0.9809085,0.00061437127,0.0026138443,0.0103828125,0.00013205131,0.0006413435,623,validation
0.99507636,7.8738285e-06,0.0005853365,0.00036888098,4.219389e-05,0.00016302659,0.00026773903,0.0034884922,624,validation
0.9966737,3.868926e-06,0.0005007868,0.00041320882,2.0338666e-05,0.00013109326,0.00019874125,0.0020582632,625,validation
0.0028353683,0.0006484839,0.9858474,0.00032059252,0.002420692,0.007318482,0.00011472929,0.0004942742,626,validation
0.009917344,0.001204546,0.9742667,0.00095473684,0.005379701,0.006250226,0.00020652465,0.001820254,627,validation
0.99500555,6.1921414e-06,0.0008355645,0.0004943267,3.8462716e-05,0.00016145881,0.00027571616,0.0031827223,628,validation
0.99474394,1.0109075e-05,0.0012853412,0.00065716053,8.0124446e-05,0.00025399833,0.00028339372,0.0026858891,629,validation
0.0025679956,0.00017438321,0.98953944,0.00023553174,0.0018241138,0.005322155,4.487193e-05,0.0002915202,630,validation
0.9934302,7.2318976e-06,0.00089553394,0.0007217736,3.7562644e-05,0.0002069493,0.00033168352,0.004369084,631,validation
0.9966223,7.478816e-06,0.0004925624,0.0005230587,3.924012e-05,0.00015097234,0.00019570503,0.0019687554,632,validation
0.0027637219,0.0003905427,0.98835117,0.00027695685,0.0022011816,0.005519742,6.695438e-05,0.0004296724,633,validation
0.0020841153,0.00010749895,0.9934361,5.7929257e-05,0.0015425183,0.0026273273,2.5032003e-05,0.00011957291,634,validation
0.0020450698,0.00033062996,0.9890147,0.0002249713,0.0019741019,0.0060245846,6.168618e-05,0.00032428847,635,validation
0.000946718,0.9502648,0.004335056,0.00020962092,0.011418761,0.0083500855,0.022546256,0.0019286991,636,validation
0.0033028633,0.0002174286,0.9880768,0.00024436714,0.0025078836,0.005252077,5.997905e-05,0.0003386993,637,validation
0.003339501,0.0001578921,0.98865926,0.00025095523,0.0018905206,0.0054136952,5.2508596e-05,0.00023560025,638,validation
0.002694213,0.00037039482,0.9877916,0.0004936368,0.0020274147,0.005841773,6.177764e-05,0.0007192055,639,validation
0.9909349,6.1978208e-06,0.001304006,0.00055501045,3.210955e-05,0.0004016533,0.00034855134,0.0064175236,640,validation
0.991602,6.3963093e-06,0.0019090173,0.00022212196,7.9564015e-05,0.00024774275,0.00022359651,0.0057095657,641,validation
7.399059e-05,5.7802696e-05,0.0009913951,0.00030939007,1.0128356e-05,0.99843067,0.00010465878,2.1858003e-05,642,validation
0.0013621271,0.00052885886,0.9897016,0.0002021829,0.0012259044,0.006410493,9.472065e-05,0.00047411848,643,validation
0.0013038064,0.00052368984,0.9914316,0.0001417758,0.0010376142,0.0049148086,0.000115846095,0.000530875,644,validation
0.0001552344,0.97841656,0.0013718623,1.5073028e-05,0.0035240902,0.0039354092,0.012339774,0.00024203827,645,validation
0.0011259898,0.00016056841,0.9945667,8.888241e-05,0.0010346815,0.0027278361,3.1189684e-05,0.00026414447,646,validation
0.0018027278,0.00024560708,0.9899963,0.00022429843,0.0010657336,0.0062453826,5.7057372e-05,0.00036292072,647,validation
0.99307877,5.6444946e-06,0.0010629918,0.0009975513,5.2638097e-05,0.0002967198,0.00033478535,0.0041708383,648,validation
0.9909141,9.047072e-06,0.0013607258,0.0006977785,4.544772e-05,0.00029014965,0.0002022143,0.006480557,649,validation
0.0015728347,0.00016131143,0.99255884,0.00018769126,0.0009581433,0.004175753,3.540076e-05,0.00034996856,650,validation
0.91638154,0.00077649154,0.01967916,0.0063192463,0.002789476,0.0069257547,0.004360093,0.042768233,651,validation
0.99124265,7.3163665e-06,0.0014090232,0.0005441684,4.707614e-05,0.0003233859,0.0002801198,0.0061462778,652,validation
0.96075195,0.00013855807,0.004654918,0.0020565812,0.0003987047,0.0020347177,0.0016776534,0.028286843,653,validation
0.001374069,5.9558846e-05,0.995983,2.4317904e-05,0.001013004,0.0014162097,1.8543627e-05,0.000111283516,654,validation
0.00089619705,0.00091630995,0.991499,9.722873e-05,0.0008405559,0.0046369,0.00022939764,0.0008843676,655,validation
0.9898259,4.9467644e-06,0.0015652196,0.000520283,2.9066847e-05,0.00030068407,0.00028698868,0.007466995,656,validation
0.0013299887,0.0003694041,0.9925344,0.0002479071,0.001089723,0.0037892202,5.9348262e-05,0.0005798615,657,validation
0.0012238278,0.0002602866,0.9931766,5.3156396e-05,0.00088632066,0.004123172,3.7778063e-05,0.00023885991,658,validation
0.0022674394,0.00052859675,0.98219657,0.00023025612,0.0014657137,0.012818067,8.917783e-05,0.00040404152,659,validation
0.0065207677,0.005217851,0.9518004,0.0008871927,0.0060137077,0.027243784,0.0006630411,0.0016532823,660,validation
0.00090501754,0.0004160171,0.99209374,9.9206525e-05,0.00086617697,0.0052708997,6.584623e-05,0.00028314668,661,validation
0.0020725646,0.0001386576,0.991552,0.0001605232,0.0013901384,0.0043229726,4.5917306e-05,0.00031725332,662,validation
0.0009751602,0.00026188898,0.99318004,8.576529e-05,0.0006197101,0.0046297587,5.4831922e-05,0.00019289152,663,validation
0.00067175756,0.00041427917,0.9938501,9.992805e-05,0.00069599255,0.0039752275,5.4061802e-05,0.00023853754,664,validation
0.010359313,0.0013263284,0.94991356,0.0025204322,0.0059662587,0.026791083,0.0003586697,0.0027643242,665,validation
0.026584208,0.05189557,0.75543875,0.0060021146,0.07441249,0.050221432,0.008810538,0.026634881,666,validation
0.9855415,1.182215e-05,0.0025892414,0.00035984686,6.117679e-05,0.00042046778,0.00034984987,0.010666056,667,validation
0.00030325825,0.9730449,0.0018090381,5.205493e-05,0.0037561776,0.004585618,0.015914217,0.00053477974,668,validation
0.001917669,0.00033383252,0.9911391,0.00039572522,0.0007062859,0.0049337414,7.556183e-05,0.00049807644,669,validation
0.0010821437,0.00017604615,0.9941402,7.193245e-05,0.00091122044,0.003295855,3.7853253e-05,0.00028481436,670,validation
0.001692848,0.00011223658,0.9930315,0.00012983997,0.0011698884,0.0035605854,3.017625e-05,0.00027286226,671,validation
0.002099504,0.0003270724,0.98967254,0.00027054863,0.001908061,0.0048992154,7.340943e-05,0.0007495974,672,validation
0.98434997,1.3344437e-05,0.0015355466,0.0019178367,5.708406e-05,0.000528508,0.00043596054,0.011161855,673,validation
0.9896713,9.181598e-06,0.0020750847,0.00094013195,4.9966948e-05,0.00056156743,0.00030931958,0.006383402,674,validation
0.030238355,0.006544729,0.89447707,0.007022592,0.008235036,0.035249807,0.0025442464,0.015688196,675,validation
0.0020622609,0.00049281155,0.9845316,0.0005313685,0.0013093641,0.010490354,8.297231e-05,0.00049921736,676,validation
0.98273546,1.1771087e-05,0.0017380147,0.00050792936,9.1493006e-05,0.00029540865,0.00042937422,0.014190534,677,validation
0.98846895,6.817202e-06,0.0010459061,0.0010035094,2.9559109e-05,0.00020719621,0.00038922808,0.008848806,678,validation
0.001033533,0.00018685606,0.99464214,8.285459e-05,0.00079687405,0.0029722264,3.5510133e-05,0.00025014218,679,validation
0.0029137894,0.002795679,0.97578514,0.0007724195,0.0023796347,0.013869509,0.00028168442,0.0012021773,680,validation
0.0011199085,0.00035517395,0.9921651,0.00014841923,0.0009014518,0.0049160295,7.205904e-05,0.0003219416,681,validation
0.38482508,0.0072950223,0.31065628,0.073172316,0.027324121,0.038670547,0.014010584,0.14404607,682,validation
0.97352284,5.8806843e-05,0.0059319586,0.0014973402,0.00046890695,0.0013105599,0.00056096195,0.016648628,683,validation
0.002461338,0.0013353775,0.9784969,0.00065488304,0.0013965869,0.014883246,0.00013090986,0.0006407892,684,validation
0.29493615,0.005901226,0.5603157,0.008101871,0.020124493,0.06558692,0.013973389,0.031060185,685,validation
0.9867769,1.085516e-05,0.0018373599,0.00035348148,7.555007e-05,0.00031351027,0.00032189768,0.0103105,686,validation
0.11665418,0.067921005,0.34178424,0.112751044,0.10671145,0.08005615,0.03449601,0.13962588,687,validation
0.0012976442,0.00016486167,0.9930288,0.00016175931,0.0009085656,0.004118723,3.8685746e-05,0.00028092688,688,validation
0.00082173414,0.00026814867,0.9942842,6.859117e-05,0.00070664537,0.0035905754,4.4773817e-05,0.00021524764,689,validation
0.9898107,7.4220925e-06,0.0016572019,0.00032270202,3.7366335e-05,0.0002539547,0.00018216083,0.007728373,690,validation
0.0012741995,0.00020634897,0.99400324,5.6793226e-05,0.0009016911,0.0032966454,3.5233432e-05,0.00022588857,691,validation
0.01057602,0.8329401,0.009951514,0.0027077578,0.03908992,0.030300595,0.042545997,0.031888165,692,validation
0.98869914,7.3315714e-06,0.0014930676,0.00045780244,4.765359e-05,0.0003239965,0.00030734285,0.008663619,693,validation
0.0012290425,0.035224143,0.022671482,0.0023309763,0.050401177,0.87836677,0.0076567577,0.002119701,694,validation
0.0013156987,8.014662e-05,0.99530387,3.8824328e-05,0.0010512047,0.0020872573,1.9998055e-05,0.00010297156,695,validation
0.001477352,0.00015273555,0.9938333,0.0001272971,0.00083883194,0.0032400545,4.3890792e-05,0.00028655838,696,validation
0.0019129625,0.00032039898,0.9858801,0.0003473549,0.001062182,0.010013743,4.5229e-05,0.00041803307,697,validation
0.001192962,0.00013621883,0.99440163,4.1411848e-05,0.00095856923,0.003107929,3.2683543e-05,0.0001285264,698,validation
0.92900413,0.00030583446,0.007162617,0.004760698,0.0005416995,0.0029558255,0.002372518,0.052896775,699,validation
0.000953038,0.00027058204,0.99377304,0.00010858677,0.00087710907,0.0036932882,5.7849513e-05,0.00026649807,700,validation
0.0006773789,0.00021461902,0.99398106,7.945647e-05,0.0005108843,0.0043167714,3.2017582e-05,0.0001878801,701,validation
0.0012602055,0.00037706638,0.9905273,0.00019720016,0.0005630803,0.0067287595,5.4676704e-05,0.0002917135,702,validation
0.981475,1.6040392e-05,0.002033258,0.0014563955,6.934259e-05,0.00066927803,0.0004684483,0.013812178,703,validation
0.0012131165,0.00022386482,0.9914842,0.0001414399,0.00082655635,0.0058704345,5.356108e-05,0.00018675622,704,validation
0.0044203326,0.0014711554,0.9710108,0.00057274854,0.0035450938,0.016992006,0.00024500862,0.0017427328,705,validation
0.9900446,5.358376e-06,0.0051884493,0.00025132266,7.3334355e-05,0.000507285,0.00037855766,0.0035511334,706,validation
0.9829229,1.2806428e-05,0.0016390524,0.0005097795,5.256828e-05,0.00024350458,0.0004210003,0.014198365,707,validation
0.0012883263,0.00041118776,0.990818,0.00017235916,0.0010340094,0.0058827708,7.868632e-05,0.00031459372,708,validation
0.0011552352,0.0002455145,0.993379,9.758166e-05,0.0012538305,0.0035019966,4.5615423e-05,0.0003213116,709,validation
0.0013241015,0.00017051667,0.99282575,0.00016346152,0.00080872147,0.0044639274,3.204839e-05,0.00021145586,710,validation
0.0009284149,0.00028548078,0.9931855,9.9026576e-05,0.0009151058,0.0042674905,4.845812e-05,0.0002705219,711,validation
0.0016214573,0.0005247876,0.9892567,0.00027306072,0.0016242337,0.006025206,7.696826e-05,0.00059744646,712,validation
0.0033818865,0.0013414461,0.9824133,0.0003022749,0.0020080784,0.0092602195,0.00015986795,0.0011329164,713,validation
0.004144167,0.0015535929,9.613374e-05,0.0015485391,0.001264585,0.0011407963,0.9897654,0.00048682286,714,validation
0.0008806878,0.00022399655,0.99488926,7.6714285e-05,0.0007577655,0.0028081816,3.8867198e-05,0.00032443015,715,validation
0.0019439252,0.00041967642,0.0007635001,0.0037271304,0.0001354134,0.00020854645,0.0032404514,0.98956126,716,validation
0.0012534385,8.552685e-05,0.99555725,2.7744722e-05,0.0011046112,0.0018194765,2.1267484e-05,0.00013070536,717,validation
0.0011505858,0.00019402681,0.9941907,0.000112800604,0.0010463678,0.0029768532,4.277494e-05,0.00028595453,718,validation
0.9931376,3.6268852e-06,0.00086056907,0.00031275637,2.013028e-05,0.0001315671,0.0001790232,0.005354768,719,validation
0.9910856,8.825255e-06,0.0018548003,0.00079783506,5.0896968e-05,0.00036761363,0.00028670655,0.0055476623,720,validation
7.3603034e-05,5.6072207e-05,0.0007466796,0.00081242877,9.805254e-06,0.99815494,0.00011285062,3.3527296e-05,721,validation
0.9927488,3.0429776e-06,0.0011371004,0.000412699,2.1368276e-05,0.00020285745,0.00020260339,0.0052714855,722,validation
0.0014847376,9.5684125e-05,0.9941409,4.7247115e-05,0.0012337089,0.0028742522,2.3962906e-05,9.9586214e-05,723,validation
0.0010570503,0.00057559466,0.9918811,0.00015226,0.0007881414,0.0051167407,0.000108159285,0.000320978,724,validation
0.98697937,7.069472e-06,0.0014363669,0.0011681322,3.7808866e-05,0.0004074904,0.0003642184,0.009599543,725,validation
0.9909031,1.5616744e-05,0.0011844353,0.0007742959,6.52592e-05,0.00037537067,0.000509927,0.006172044,726,validation
0.0031145962,0.00057924824,0.001485314,0.0042681117,0.00026256306,0.00042365812,0.0034992688,0.9863673,727,validation
0.0051897652,0.0025370119,0.0039978893,0.006205326,0.000370882,0.01443984,0.05381225,0.91344714,728,validation
0.0030013842,0.0007855213,0.0024608378,5.9797756e-05,0.99246514,0.0007796737,0.00030957692,0.00013808532,729,validation
0.004780418,0.0070807966,0.025378222,0.00013626281,0.95073915,0.0054060365,0.0054266667,0.0010524289,730,validation
0.9927977,7.670657e-06,0.00093418616,0.0007664246,3.9082825e-05,0.00032133955,0.00029555938,0.0048381165,731,validation
0.9902113,1.4665549e-05,0.0022390762,0.0012431651,7.508514e-05,0.00066661177,0.00041379104,0.0051362664,732,validation
0.99015886,1.3106698e-05,0.002339438,0.0007862569,7.296963e-05,0.0004716187,0.00042096616,0.005736828,733,validation
0.00040162448,0.9776673,0.0034937777,5.3039133e-05,0.004922827,0.0043222806,0.008618396,0.0005208502,734,validation
0.005303038,0.0015172099,0.9701619,0.00085171143,0.002970951,0.01767734,0.00027400904,0.0012438054,735,validation
0.0035098821,0.9034232,0.01487949,0.00059409,0.035591953,0.015629834,0.018313749,0.008057734,736,validation
0.00064102985,0.00010452639,0.99609476,2.1537826e-05,0.00066685193,0.0023823418,1.714053e-05,7.1838025e-05,737,validation
0.0011808377,0.00035038288,0.9933723,4.8115202e-05,0.00089182134,0.003815095,6.26033e-05,0.00027870975,738,validation
0.00090123666,0.0001986539,0.9946437,8.420493e-05,0.0005629384,0.003330608,3.709937e-05,0.00024146719,739,validation
0.988381,8.6674e-06,0.0024335615,0.0005893172,5.3082465e-05,0.00033465092,0.00031425033,0.007885503,740,validation
0.99147624,7.3932906e-06,0.0020081538,0.00033459452,6.0258753e-05,0.000370674,0.00017817508,0.005564439,741,validation
0.0016557067,0.0008520815,0.98809695,0.00022992416,0.0012380729,0.006915196,0.00020502115,0.0008070678,742,validation
0.98775464,6.9776897e-06,0.0012602785,0.00036218896,3.964313e-05,0.0001882289,0.0002693728,0.010118542,743,validation
0.0011686236,0.00019915312,0.9934556,0.00010157323,0.0011560242,0.0035832904,3.937225e-05,0.00029636087,744,validation
0.001503895,9.379832e-05,0.9940591,4.1169584e-05,0.0012249169,0.0029679397,2.3935216e-05,8.527608e-05,745,validation
0.9867649,1.6484895e-05,0.0024817074,0.0005544569,0.00011144888,0.00050516595,0.00033085357,0.009234997,746,validation
0.0018024939,0.0003048683,0.98844576,0.00025737696,0.0010006848,0.007734744,6.248017e-05,0.00039157216,747,validation
0.0018993164,0.00022371607,0.9915769,8.78837e-05,0.0013930467,0.0045273243,4.471655e-05,0.00024703433,748,validation
0.0028810198,0.00067349785,0.98654294,0.00023603202,0.002428129,0.0068497476,8.95306e-05,0.00029912518,749,validation
0.0014430105,0.00041858797,0.99026173,0.00019175462,0.0012791135,0.005832215,7.545708e-05,0.00049819634,750,validation
0.98870695,7.5535613e-06,0.0012621608,0.00054412655,3.6505622e-05,0.00020494552,0.0003229317,0.008914768,751,validation
0.0013064271,0.00020951696,0.99320555,0.00017440676,0.00096081017,0.003757038,4.707162e-05,0.00033917787,752,validation
4.5721034e-05,3.0885458e-05,0.00044406045,0.00037453882,7.6081183e-06,0.99902225,5.8714864e-05,1.6227603e-05,753,validation
0.9934082,7.1142513e-06,0.0011804041,0.00048403328,3.137174e-05,0.00026936267,0.00027050285,0.004348942,754,validation
0.0011313292,0.00015795705,0.99444205,0.00010208458,0.0009696311,0.0029370105,2.9626453e-05,0.00023024868,755,validation
0.0010918806,0.00029274603,0.9943347,2.5705316e-05,0.00082031195,0.0031627459,4.9661496e-05,0.00022226598,756,validation
0.98827946,7.155945e-06,0.0014862893,0.0006319703,4.2549087e-05,0.00023249708,0.00035228796,0.008967768,757,validation
0.0022267739,0.0002295361,0.98901117,0.00025970984,0.0012112395,0.0064354828,4.5288863e-05,0.0005807574,758,validation
0.00033324753,0.97492355,0.0020109676,5.0437375e-05,0.003972701,0.004395364,0.013769515,0.0005442812,759,validation
0.9843693,1.9871522e-05,0.0018843367,0.0004282853,7.113606e-05,0.00043693162,0.0009933801,0.011796812,760,validation
0.0013022394,0.00024440157,0.9922673,0.0001447468,0.0011031233,0.0045960518,5.922239e-05,0.00028289284,761,validation
0.001383872,0.00028764916,0.99143434,0.00021711159,0.0011467527,0.0050697303,6.936842e-05,0.0003911562,762,validation
0.0008446697,0.00075936114,0.0030382527,2.6488817e-06,0.9948486,0.00015539424,0.00029317735,5.786873e-05,763,validation
0.0015716443,0.00032381102,0.9901812,0.00014072345,0.001584215,0.0057091163,7.592981e-05,0.00041343053,764,validation
0.99380374,2.7572978e-06,0.0006116828,0.0007162142,1.2100507e-05,0.00018529232,0.00017263404,0.0044956035,765,validation
0.00036006654,0.96288943,0.0023439026,7.365893e-05,0.004155372,0.005808295,0.02361966,0.00074965623,766,validation
0.9868885,6.1714063e-06,0.0010429884,0.00024096027,3.0543582e-05,0.00015605874,0.00030791733,0.011326777,767,validation
0.0021091998,0.00030070142,0.9909067,0.00019204628,0.00090586697,0.0049916687,7.588695e-05,0.00051801535,768,validation
0.0021146613,0.0001326437,0.9938545,6.4751e-05,0.00045147658,0.00306188,2.9112263e-05,0.00029102227,769,validation
0.0019212771,0.0003324748,0.9912409,8.163045e-05,0.0006206784,0.0054154196,6.833162e-05,0.00031934632,770,validation
0.0013263044,0.00022024603,0.992228,0.00012074278,0.00038830272,0.0053979997,4.7657264e-05,0.0002706965,771,validation
0.002252154,0.0002004591,0.9925528,9.5146126e-05,0.0007678925,0.003717341,5.244781e-05,0.0003618072,772,validation
0.0021764766,0.00035724178,0.98933685,0.00015963576,0.00083818194,0.0065734372,5.7904144e-05,0.00050027296,773,validation
0.014340525,0.14832096,0.106359065,0.0033061793,0.62032086,0.07582226,0.017429102,0.014101069,774,validation
0.0019728027,0.00043444708,0.99114215,0.00019008513,0.00078204233,0.0045571756,0.00010709731,0.0008142062,775,validation
0.003781401,0.0004504514,0.0015636783,0.003240021,0.00018878024,0.00036887196,0.0021567184,0.98825014,776,validation
0.0024822012,0.0001740773,0.9916754,0.00017990379,0.0009216359,0.0040156017,5.353887e-05,0.0004976872,777,validation
0.0097118355,0.0034352513,0.9564861,0.0013116499,0.0044845142,0.018504776,0.00046898113,0.0055969544,778,validation
0.0029027648,8.948724e-05,0.992827,7.7584846e-05,0.0007443987,0.0031090458,3.5726367e-05,0.00021396868,779,validation
0.0015348332,0.00035045325,0.99030113,0.00025003497,0.0006845675,0.006234482,6.140527e-05,0.0005830744,780,validation
0.9949005,2.54711e-06,0.0008580897,0.00018697165,2.598996e-05,8.6283115e-05,0.00015664464,0.0037829601,781,validation
0.99129456,7.225461e-06,0.0007142638,0.00060934346,3.977845e-05,0.00016841528,0.00027728511,0.0068890727,782,validation
0.9746787,0.0001061295,0.0033255452,0.0036091185,0.00047087943,0.0011279528,0.0017406663,0.0149409175,783,validation
0.9939388,3.737726e-06,0.00070262497,0.0002641759,3.9318667e-05,9.781988e-05,0.00017870622,0.004774768,784,validation
0.018396452,0.0022066154,0.008772101,0.013563012,0.0005521302,0.0035824385,0.008592418,0.94433486,785,validation
0.0031024336,0.006609599,0.007940225,3.7348065e-05,0.9793498,0.001657538,0.00094129937,0.00036169667,786,validation
0.9869178,1.3229656e-05,0.0017202083,0.0003888036,0.00010073123,0.0002160842,0.00023668016,0.010406458,787,validation
0.00490308,0.010593455,0.016040605,0.00014563312,0.9608979,0.0052700583,0.0010826138,0.001066612,788,validation
0.030844275,0.012034753,0.87730306,0.006700042,0.014948904,0.028689366,0.001645599,0.027833914,789,validation
0.0021102685,0.00015025333,0.9932921,6.0837196e-05,0.0007266196,0.0034159103,3.9879444e-05,0.00020409288,790,validation
0.9915451,1.395041e-05,0.0012631315,0.00084123085,0.00012389987,0.00023277487,0.00033327154,0.0056466903,791,validation
0.0023108677,0.00036433528,0.9895107,0.0001897728,0.0010991256,0.005881837,8.138111e-05,0.00056192605,792,validation
0.0030514982,0.00033835066,0.98588526,0.00039589772,0.0009282013,0.008142715,6.338711e-05,0.0011947092,793,validation
0.0038342548,0.00072624243,0.0015439533,0.0030121321,0.0001517117,0.000422167,0.0034393566,0.9868701,794,validation
0.0031398416,0.0013576306,0.97322786,0.00068263256,0.0009874217,0.019251937,0.00022219754,0.001130585,795,validation
0.0015219076,0.0003063306,0.9930353,0.00014081795,0.00058709696,0.0038181457,6.722102e-05,0.00052307924,796,validation
0.9934673,4.460626e-06,0.00036899903,0.00041209516,2.8017432e-05,7.583118e-05,0.00020544972,0.005437738,797,validation
0.0019023869,0.000213616,0.99142027,0.00019598022,0.00069119676,0.005137341,6.2251645e-05,0.00037696748,798,validation
0.0018553461,0.00044078234,0.98879635,0.0002092673,0.0008147761,0.007267123,9.167783e-05,0.0005247382,799,validation
0.0023212696,0.00021213194,0.9911506,0.00011851979,0.0009840786,0.004794692,5.2658183e-05,0.00036603998,800,validation
0.0030842316,0.0087571805,0.0009729063,0.0024346749,0.0015850379,0.0013912969,0.97848284,0.0032917312,801,validation
0.9964211,2.8344787e-06,0.0003567831,0.00031596117,2.3141107e-05,6.808545e-05,0.000139906,0.0026721882,802,validation
0.0014869869,0.00060269475,0.9892526,0.00014756304,0.0005967151,0.007064676,0.000108552325,0.0007402714,803,validation
0.0023201746,0.0009606924,0.98046666,0.00042768611,0.00089350896,0.013953858,0.00015861267,0.00081883324,804,validation
0.9903537,2.0378598e-05,0.00067538634,0.00029256864,0.00010676338,0.00015290409,0.00044523645,0.007953057,805,validation
0.0017026155,4.2826003e-05,0.9967435,8.0195896e-05,0.0002022634,0.0009728297,1.6695134e-05,0.00023905386,806,validation
0.00080046296,0.9725265,0.0027590373,0.00012089674,0.0078321295,0.0049238424,0.0100099165,0.0010272425,807,validation
0.002043911,0.00026506232,0.99033815,0.00024639745,0.0008299986,0.005658733,6.9007365e-05,0.00054864475,808,validation
0.99215215,7.1404224e-06,0.0011078896,0.000513387,6.51236e-05,0.00019286435,0.0003148188,0.005646593,809,validation
0.0017620699,0.0002266182,0.99237555,0.0001806801,0.0006576476,0.0042743105,5.5805736e-05,0.00046727827,810,validation
0.20923467,0.034094065,0.47843066,0.0464874,0.022791088,0.12255706,0.01997668,0.06642844,811,validation
0.99276614,9.464357e-06,0.000560873,0.0003499499,4.2449607e-05,0.00012073156,0.00023380443,0.005916479,812,validation
0.9907714,8.269362e-06,0.0006774691,0.00063739065,5.2744672e-05,0.00011003453,0.00026071427,0.0074819233,813,validation
0.0017546914,0.000490533,0.9895319,0.0002046144,0.00079041044,0.006674806,9.241324e-05,0.00046065694,814,validation
0.99399096,3.7822579e-06,0.0005235257,0.00039833583,2.7173837e-05,8.885646e-05,0.00020461295,0.0047627073,815,validation
0.0015797376,0.00024536738,0.9937423,9.129802e-05,0.0005406534,0.0034032655,4.8661364e-05,0.0003487231,816,validation
0.007932072,0.0026198847,0.0032950738,0.0071235416,0.0004847046,0.0017940624,0.010338137,0.96641254,817,validation
0.006718114,0.016808858,0.0020476345,0.006501693,0.0026282081,0.0036536884,0.95436543,0.0072763194,818,validation
0.0016271237,0.0002586653,0.9909724,0.00020273289,0.00060689537,0.0058630495,6.0635353e-05,0.00040859252,819,validation
0.0013159422,0.00037245665,0.9921325,0.00011799854,0.0005462433,0.0051355483,7.224452e-05,0.0003071035,820,validation
0.023558913,0.008308544,0.88976216,0.0071938094,0.018145753,0.033285808,0.0016775343,0.018067513,821,validation
0.0026640915,0.00019943698,0.99082,0.00013883831,0.0010196839,0.0047012693,5.2737796e-05,0.0004039793,822,validation
0.0059864973,0.0007121474,0.0027547749,0.0049228817,0.00022257896,0.0014840954,0.003579427,0.9803376,823,validation
0.0096607795,0.007749481,0.93673366,0.002496057,0.005494804,0.030778188,0.0008897776,0.0061973026,824,validation
0.0030150719,0.0001798506,0.9906639,0.0001372396,0.0010055123,0.0046219397,5.2253075e-05,0.0003243194,825,validation
0.9930067,7.970016e-06,0.00059440645,0.00039896133,6.152121e-05,0.00012263386,0.00022471118,0.005583032,826,validation
0.005633945,0.0034720672,0.0070322207,9.270225e-05,0.98078614,0.0020999347,0.00039439,0.0004885907,827,validation
0.00048362653,0.9758682,0.0019964185,5.6288616e-05,0.005748183,0.0041118646,0.010853067,0.0008823379,828,validation
0.0031579428,0.0004326256,0.98972577,0.00017267642,0.001214642,0.0046732835,8.7789085e-05,0.0005352254,829,validation
0.0017955065,0.0006256767,0.9874713,0.0001971883,0.0005064681,0.008722027,8.499352e-05,0.00059696054,830,validation
0.0019535862,0.00041535945,0.99063253,0.00014979344,0.0008778104,0.005402447,9.40105e-05,0.00047444904,831,validation
0.99405366,9.473261e-06,0.0008038323,0.0005356833,6.8779686e-05,0.00022950166,0.00023297864,0.0040662535,832,validation
0.98398757,3.5647896e-05,0.0023714427,0.00048305205,0.00020325462,0.00040400634,0.00091603165,0.0115990555,833,validation
0.03490854,0.09746937,0.34228387,0.057848934,0.052051358,0.088471785,0.030239625,0.29672655,834,validation
0.0074190944,0.0019927397,0.97325754,0.0011202396,0.0039777467,0.007955433,0.0003581563,0.003918984,835,validation
0.9895292,1.378737e-05,0.0016760854,0.00044246396,0.00012235634,0.00022913369,0.00031335023,0.0076737152,836,validation
0.023152525,0.011880668,0.88437945,0.008035653,0.009734856,0.03756511,0.0023348809,0.022916824,837,validation
0.0058423947,0.0012269418,0.005291573,0.013881206,0.0003823804,0.0071448293,0.0040071616,0.9622234,838,validation
0.0018122387,0.0010092026,0.9854043,0.00029358786,0.0011128907,0.009304349,0.0001558701,0.00090756326,839,validation
0.0021686137,0.00037288936,0.9914255,0.00019454384,0.00092323276,0.004030612,7.979839e-05,0.0008047151,840,validation
0.9907216,7.802667e-06,0.00041727003,0.00041100543,4.210698e-05,8.7538654e-05,0.000284775,0.008027879,841,validation
0.9511426,0.00058598473,0.0058403956,0.005020625,0.0017742419,0.0037312624,0.004158683,0.02774623,842,validation
0.9898319,9.711391e-06,0.00054210745,0.000511975,6.385437e-05,0.00015727608,0.00033627715,0.008546893,843,validation
0.0011775036,0.9487209,0.0035215921,0.0002846226,0.010740599,0.005969492,0.025346275,0.004239108,844,validation
0.0006727998,0.9751472,0.0019960005,9.170667e-05,0.006216447,0.0025543226,0.0120939,0.0012277439,845,validation
0.002397451,0.00058672164,0.9880762,0.00024478193,0.0008765929,0.00694698,0.00013342532,0.00073778303,846,validation
0.99220055,7.72707e-06,0.0012446038,0.00045459034,9.789048e-05,0.00017583308,0.00020774646,0.005610985,847,validation
0.41217196,0.022218699,0.1948261,0.095648624,0.032859426,0.0986408,0.026069365,0.11756498,848,validation
0.0021075835,0.00025346404,0.99088085,0.00019667884,0.0010568246,0.0048942114,6.18353e-05,0.00054866535,849,validation
0.0017930606,0.00044926233,0.98860675,0.00018385635,0.00064723607,0.007669607,6.214589e-05,0.00058809883,850,validation
0.0024462945,9.30604e-05,0.99368095,8.1878934e-05,0.0007654666,0.0026655283,3.4924684e-05,0.00023175692,851,validation
0.0026407687,0.00035140067,0.9870378,0.00023194602,0.00074542826,0.0084049,9.489877e-05,0.0004928181,852,validation
0.990704,4.504611e-05,0.0008696948,0.0008809428,0.00010620028,0.00032241654,0.0007028266,0.0063688518,853,validation
0.004273355,0.0015071322,0.97851425,0.0005855914,0.0021861573,0.010806403,0.00022443144,0.0019026806,854,validation
0.0026756758,0.0001379775,0.99185383,9.950873e-05,0.0009271242,0.004023825,4.375502e-05,0.00023822488,855,validation
0.0017287125,0.00033962057,0.990184,0.00023462978,0.00057663076,0.0063455254,5.9959824e-05,0.00053098495,856,validation
0.93695545,0.0005475382,0.017737057,0.0064098136,0.005236017,0.0077306894,0.0027804975,0.022602905,857,validation
0.99096024,1.2017492e-05,0.00066028483,0.0007727496,5.969148e-05,0.00015864201,0.0003355554,0.0070408923,858,validation
0.0008258293,0.9688584,0.0026204383,0.00014149037,0.0070627215,0.0037602347,0.014789058,0.0019417605,859,validation
0.0022370177,0.0001180146,0.99407554,6.158924e-05,0.00049052655,0.0027543746,3.268654e-05,0.0002302007,860,validation
0.006738882,0.06399835,0.0048663355,0.0054210415,0.009503008,0.007873639,0.8885359,0.013062768,861,validation
0.0012221176,0.00076925755,0.9882471,0.00017866294,0.00076540984,0.0081655,0.00011858579,0.0005332632,862,validation
0.0027826056,0.00061181176,0.9862721,0.00046754413,0.00091554044,0.007725625,0.000102949896,0.0011218062,863,validation
0.00042356685,0.0016603903,0.0037286242,0.0044166557,0.0011242897,0.98699784,0.0011135178,0.00053519313,864,validation
0.0050780703,0.010129106,0.00077821873,0.0038614613,0.0025935383,0.0023611358,0.97114444,0.0040539964,865,validation
0.002211731,9.418017e-05,0.99376714,8.79499e-05,0.00072005513,0.00285119,3.4143286e-05,0.00023360578,866,validation
0.0020720158,8.8991444e-05,0.9947436,5.7519745e-05,0.00062064006,0.002211953,3.0504492e-05,0.00017477134,867,validation
0.0023480803,0.0002850149,0.99052036,0.00018308085,0.0007165841,0.005270205,7.181551e-05,0.00060491456,868,validation
0.0018958157,0.00012132243,0.9938539,7.0705224e-05,0.0005617339,0.0032979737,4.1097228e-05,0.0001573724,869,validation
0.0022956084,0.000106924,0.9937828,6.546576e-05,0.0007287431,0.002789897,3.4554767e-05,0.00019599269,870,validation
0.98990154,1.0653868e-05,0.0008280585,0.0005253448,6.416489e-05,0.00014697408,0.00029288276,0.008230343,871,validation
0.99286675,1.0960186e-05,0.00079179177,0.00039116698,6.8439396e-05,0.00017764157,0.0002586588,0.005434637,872,validation
0.67212397,0.013245743,0.056887954,0.074966386,0.02562496,0.051162235,0.03492905,0.07105963,873,validation
0.006899882,0.07801098,0.058303908,0.0023954704,0.07965739,0.72890633,0.022437349,0.023388695,874,validation
0.0029372275,0.00049214077,0.0010015138,0.0022482222,0.00013772858,0.00022861705,0.0018764206,0.9910781,875,validation
0.0013972421,0.00025622017,0.9913436,0.000108987486,0.0005788401,0.0059260894,4.9359973e-05,0.00033961842,876,validation
0.0019915479,0.00040309195,0.9887412,0.00028690035,0.0008369506,0.006968894,8.866848e-05,0.00068285887,877,validation
0.09120428,0.2011378,0.2758048,0.049748015,0.12512404,0.15498653,0.031230707,0.07076388,878,validation
0.001573751,0.0003751611,0.98752046,0.00021566013,0.00055964285,0.009236887,7.021874e-05,0.0004483629,879,validation
0.004618631,0.008880009,0.0012068533,0.0044468883,0.0025741502,0.0019854484,0.9727939,0.003494153,880,validation
0.0013104582,0.00035718025,0.9917413,0.000121486104,0.0005753939,0.005520582,7.059719e-05,0.00030302771,881,validation
0.0021238253,0.00031453025,0.9911964,0.00020444088,0.00080827635,0.004671959,5.6255296e-05,0.0006242719,882,validation
0.99325234,5.565286e-06,0.00064085197,0.00029548808,4.061131e-05,9.451917e-05,0.00023080199,0.005439719,883,validation
0.99275464,4.6895902e-06,0.0008803307,0.00044059602,3.6254747e-05,0.00014637274,0.00023250384,0.005504686,884,validation
0.0046822177,0.0026622037,0.9751473,0.0005585031,0.002384472,0.011894026,0.00032196633,0.0023493206,885,validation
0.99563026,4.08264e-06,0.00030545442,0.0003968549,2.5951222e-05,6.0230195e-05,0.00017356599,0.0034035062,886,validation
0.0037252717,0.017651714,0.011336187,8.927454e-05,0.9590401,0.006118336,0.0015583608,0.00048081044,887,validation
0.57124686,0.00818513,0.22270381,0.025140136,0.038741797,0.06074353,0.006980218,0.06625845,888,validation
0.99368626,7.045567e-06,0.0007061655,0.000808465,4.108975e-05,0.0001223553,0.00021372685,0.004414888,889,validation
0.9905488,1.3279368e-05,0.0006042167,0.00036582086,8.101982e-05,0.00015839099,0.00037747106,0.00785102,890,validation
0.0035647377,0.00048182168,0.98307747,0.00043365356,0.0011292637,0.009869463,9.1066366e-05,0.0013525019,891,validation
0.0006768032,0.9728127,0.0023510791,0.000104787236,0.006216176,0.004703031,0.012328128,0.0008073019,892,validation
0.0042174147,0.033752322,0.0019332574,0.0033582565,0.0039240434,0.004042468,0.9373687,0.01140348,893,validation
0.0017217621,0.00031886628,0.9919403,0.00019045387,0.00077633065,0.004484068,7.250714e-05,0.0004957223,894,validation
0.978231,6.771214e-05,0.0034003383,0.0017298317,0.00044722465,0.0012152559,0.00069161825,0.014216959,895,validation
0.0035711818,0.00045445067,0.98757464,0.00030361267,0.00050527585,0.007033386,0.000119922806,0.00043752784,896,validation
0.007475736,0.0015956551,0.9594249,0.001302568,0.0034567732,0.024406327,0.00022827172,0.0021097567,897,validation
0.00033484594,0.0006490975,0.0040902495,0.0009835655,0.0007925826,0.9926051,0.00047736004,6.718902e-05,898,validation
0.0040144497,0.00014726711,0.98946124,0.000112438975,0.0015582927,0.004462627,5.2050764e-05,0.00019170195,899,validation
0.015119732,0.0020765567,0.9416651,0.0018231226,0.006150446,0.02920927,0.00046479364,0.0034908778,900,validation
0.0029530458,0.0004033943,0.9873219,0.00026068467,0.0017154063,0.0067148004,0.00010060502,0.0005300317,901,validation
0.0007792961,0.9615176,0.0047741043,0.00011886886,0.012455813,0.0068246857,0.012650172,0.00087944185,902,validation
0.0037917031,0.00062027643,0.98141956,0.00047083205,0.0020381694,0.010959459,0.00014554433,0.0005545239,903,validation
0.0030316242,0.00026284342,0.98755044,0.0003054363,0.0014950802,0.0069008633,7.858427e-05,0.00037508697,904,validation
0.99434596,5.165852e-06,0.00041980806,0.00024577105,2.107383e-05,0.00011105897,0.00018676945,0.00466437,905,validation
0.00612038,0.00016771791,0.9867568,0.00021870785,0.0015209273,0.0049184775,7.699291e-05,0.00021999792,906,validation
0.038349394,0.008441104,0.8602346,0.012481194,0.012041864,0.05746646,0.002076445,0.008908842,907,validation
0.99386793,7.662672e-06,0.0005951722,0.00027340555,3.0081053e-05,0.00016169464,0.00029608546,0.0047678933,908,validation
0.99438936,6.208629e-06,0.00059008814,0.00055529823,2.6087606e-05,0.00014897429,0.0002442529,0.0040398263,909,validation
0.991342,2.602885e-05,0.0014333599,0.0011180557,0.00013225981,0.00050851714,0.00041006715,0.0050297105,910,validation
0.0038971042,0.0003374157,0.98080426,0.00041757367,0.0017802896,0.012281111,9.280437e-05,0.00038931798,911,validation
0.99670815,2.3232064e-06,0.00033748875,0.00033746636,1.1102789e-05,5.9512353e-05,0.0001408767,0.0024031275,912,validation
0.0042074667,0.00015646851,0.988729,0.00014999273,0.001548847,0.0049493033,6.288568e-05,0.00019597716,913,validation
0.0071325884,0.0018470918,0.9607371,0.0016220636,0.003498163,0.021819955,0.00023408658,0.0031088542,914,validation
0.9965653,2.05227e-06,0.00043744076,0.00032379339,1.1216768e-05,0.00011103363,0.00014223633,0.0024070407,915,validation
0.0014499369,0.001065415,0.002656407,9.761933e-06,0.994055,0.00042021144,0.00024730782,9.5979805e-05,916,validation
0.008894372,0.002118935,0.9592748,0.0012018485,0.0028866723,0.023383252,0.00036466902,0.0018754044,917,validation
0.0040985406,0.003842245,0.9624493,0.0008731687,0.0042493646,0.022231923,0.0007928206,0.0014626681,918,validation
0.003496893,0.0003985828,0.98315054,0.00019311742,0.0014989503,0.010926494,9.968724e-05,0.0002357731,919,validation
0.0024226776,0.0010335288,0.9888254,6.8314526e-05,0.0023525935,0.004589105,0.00016276517,0.00054560666,920,validation
0.9957098,4.283946e-06,0.00023845752,0.00027560495,1.1457362e-05,8.120625e-05,0.00021587306,0.0034632375,921,validation
0.02624651,0.011124214,0.016438508,0.0013750988,0.93333346,0.004506626,0.0034231967,0.0035524296,922,validation
0.9965702,2.8490997e-06,0.00060721615,0.00029594803,1.4471736e-05,0.000109145265,0.00013654145,0.0022635101,923,validation
0.00359846,0.00062509684,0.9786724,0.0005464179,0.0019332534,0.013940893,0.00015610231,0.0005273178,924,validation
0.0009310671,0.9589963,0.002928717,0.00015145961,0.010894125,0.005712345,0.019127345,0.0012586409,925,validation
0.03457298,0.0070671337,0.8801644,0.007932392,0.020142522,0.0408205,0.0014472178,0.007852884,926,validation
0.9964078,3.257764e-06,0.0003676024,0.000308376,1.52493985e-05,0.00010076609,0.00018571194,0.0026112667,927,validation
0.017560154,0.003909633,0.92544895,0.0036294798,0.004153042,0.040997095,0.0006902495,0.0036113411,928,validation
0.0011368964,0.004144407,0.006591974,0.00298628,0.0013905072,0.9800086,0.002654633,0.0010867602,929,validation
0.0043252613,0.0006097209,0.9827572,0.00041792015,0.002794614,0.007994059,0.00016795885,0.0009331621,930,validation
0.9963999,3.091034e-06,0.0007902132,0.0004508605,2.5272777e-05,0.00016709154,0.00015084208,0.0020127157,931,validation
0.004845028,0.00012659142,0.9894084,0.00010223869,0.0016435549,0.0036333653,5.1537016e-05,0.00018923993,932,validation
0.010122234,0.13667299,0.14522022,0.002569817,0.2695097,0.4126517,0.020497266,0.0027560976,933,validation
0.99607193,3.1650234e-06,0.0005328546,0.00040384947,1.3445315e-05,0.00012673087,0.00017879298,0.002669325,934,validation
0.0009924213,0.95971984,0.004956975,0.00019561504,0.012212499,0.0060962816,0.0147201875,0.0011061424,935,validation
0.0093323495,0.004750449,0.9360749,0.0025210432,0.008681262,0.033630293,0.00060832914,0.004401428,936,validation
0.010061625,0.001947299,0.95740026,0.0013069023,0.0047982265,0.020275557,0.00040484843,0.0038053216,937,validation
0.0039072777,0.000401948,0.9837337,0.00045005587,0.0014101705,0.009059071,5.6506156e-05,0.0009811623,938,validation
0.0025099963,0.00027813058,0.9898863,8.407779e-05,0.0015754292,0.0052882363,6.476558e-05,0.0003130806,939,validation
0.0032141346,0.0003185945,0.9858461,0.00029194474,0.001762648,0.008024221,8.9739624e-05,0.0004524813,940,validation
0.9873115,3.941451e-05,0.0033227212,0.0009389651,0.00022195405,0.0010709879,0.0005700836,0.006524354,941,validation
0.0037291825,0.00046049524,0.9873104,0.000257225,0.0013294085,0.0061820345,0.0001384038,0.00059279986,942,validation
0.010813465,0.00072250026,0.0031120274,0.0073653325,0.00019220445,0.0010735905,0.0038143413,0.9729066,943,validation
0.9784773,0.00011054257,0.005932631,0.0031180826,0.0005371078,0.0020253272,0.000979792,0.008819221,944,validation
0.99476457,3.0394888e-06,0.0005194901,0.00023851849,1.6338689e-05,0.000103711856,0.00017783165,0.0041765086,945,validation
0.005289446,8.784991e-05,0.99064016,0.0001402834,0.0010167388,0.0024537654,4.136859e-05,0.0003303743,946,validation
0.0009257007,0.949792,0.0026062797,0.00019718225,0.008693044,0.0068880664,0.028876564,0.0020211479,947,validation
0.0006448738,0.9627356,0.0029092564,8.505328e-05,0.012558163,0.005299221,0.014890194,0.0008776522,948,validation
0.99199945,3.0920594e-06,0.0006595712,0.00067041104,1.6741522e-05,0.00026508694,0.00031243727,0.0060731145,949,validation
0.9968183,2.8600734e-06,0.00038375045,0.0003287219,1.2922115e-05,9.399089e-05,0.00014115748,0.002218273,950,validation
0.007436933,0.0022133621,0.9532534,0.0014720516,0.005083198,0.028179446,0.00035531397,0.0020062982,951,validation
0.9978011,1.5524662e-06,0.00038409437,0.0002905336,1.1831976e-05,0.000114786184,0.00013929389,0.001256837,952,validation
0.13555296,0.029253986,0.6255965,0.029347863,0.03458975,0.070176244,0.019259848,0.056222852,953,validation
0.0027057573,0.0010750932,0.98022217,0.00040130006,0.0020674588,0.0126927495,0.00022206492,0.00061336195,954,validation
0.99595416,3.630102e-06,0.00035662556,0.000351189,1.2954795e-05,9.011434e-05,0.00020455595,0.0030268107,955,validation
0.0046324236,0.00066275767,0.979067,0.00060152373,0.0031197683,0.010767036,0.0001700467,0.0009795297,956,validation
0.0042853565,0.0003533914,0.9833956,0.0003707528,0.0021654663,0.008484463,0.000119680866,0.00082528905,957,validation
0.0045590657,0.00017970664,0.98537076,0.0003333469,0.0017300673,0.0074530854,5.6622812e-05,0.00031741036,958,validation
0.005840059,0.00092501286,0.96995777,0.00093599333,0.0030279122,0.01678267,0.00015700125,0.0023735857,959,validation
0.61127293,0.016668035,0.08697851,0.06017287,0.059354834,0.09371644,0.035419412,0.036416925,960,validation
0.00048135302,0.00042164617,0.00459127,0.0010020024,0.00015010677,0.99275005,0.00044438048,0.00015914923,961,validation
0.9966515,2.2333609e-06,0.00059314683,0.0003655117,1.8007078e-05,0.00010636946,0.00012880148,0.0021344267,962,validation
0.0029412,0.00038009757,0.9875261,0.00026902862,0.0016999567,0.006562893,0.00010465656,0.0005160232,963,validation
0.004186635,0.00014299186,0.9887166,0.00015954755,0.0017407313,0.0047479267,5.4682674e-05,0.0002508004,964,validation
0.0045290138,0.00013853496,0.98815465,0.00018398148,0.0017894388,0.0049174223,5.5315533e-05,0.00023160205,965,validation
0.0038991114,0.00019865297,0.9888545,0.00016333924,0.0014181101,0.005165968,6.7096844e-05,0.00023323616,966,validation
0.0026153766,0.001138481,0.98264724,0.00042688887,0.002480364,0.00966632,0.00021771871,0.000807518,967,validation
0.99545926,3.2716948e-06,0.00039637263,0.0002527189,1.5567695e-05,9.627714e-05,0.00018304845,0.0035934339,968,validation
0.028693035,0.15349072,0.06764522,0.048944656,0.10440354,0.07084074,0.04328382,0.48269823,969,validation
0.005077209,0.0001361602,0.9887727,0.00016869146,0.0016710357,0.0037170355,5.4147928e-05,0.0004031336,970,validation
0.0013264192,0.9475713,0.0044000205,0.00027844266,0.013083624,0.0077484827,0.024504708,0.00108702,971,validation
0.99651766,4.352423e-06,0.0005280761,0.00039246122,1.619736e-05,0.00016822707,0.00017098435,0.002202013,972,validation
0.03554631,0.02772225,0.8088054,0.01568958,0.036159687,0.0465159,0.005804666,0.023756208,973,validation
0.98325133,3.417655e-05,0.0029813712,0.0011125096,0.00013595044,0.00081240945,0.0007451072,0.010927141,974,validation
0.0069747255,0.01517028,0.91908395,0.00095513347,0.0126788765,0.04175509,0.0019193416,0.0014626235,975,validation
0.001236371,0.0025370237,0.00016231538,0.0007236294,0.0009997115,0.00030726148,0.9924271,0.0016066113,976,validation
0.0027227371,0.00034055382,0.98766255,0.00020766408,0.0014800187,0.007171917,7.6734665e-05,0.0003378129,977,validation
0.003925339,0.0003038537,0.9841703,0.00031532004,0.0016972581,0.008993342,7.667123e-05,0.0005179292,978,validation
0.003338499,0.00041455598,0.98483294,0.0003698232,0.0019286156,0.008460617,9.916667e-05,0.0005557528,979,validation
0.9934057,5.5985024e-06,0.00062357995,0.0003393781,2.443957e-05,0.00012805151,0.00021173521,0.0052614445,980,validation
0.007142472,0.0027211928,0.9665387,0.00081311306,0.0052161114,0.015872896,0.00029328992,0.0014022756,981,validation
0.020340478,0.020412203,0.011003588,0.025984688,0.008314582,0.008255077,0.02395799,0.8817314,982,validation
0.0058598607,0.0011211087,0.0058510234,0.005415822,0.00025442263,0.0010592864,0.0061115497,0.974327,983,validation
0.0028925075,0.0003996585,0.9868592,0.00027836396,0.0015194693,0.0074288533,0.00010630137,0.00051568256,984,validation
0.0036139905,0.00057303585,0.98366046,0.00040437328,0.0017307742,0.0091706645,7.5945296e-05,0.00077067624,985,validation
0.0042154044,0.0002795789,0.98485154,0.00041569746,0.0024083909,0.0071433634,9.475758e-05,0.000591337,986,validation
0.003936061,0.000108258726,0.9912396,9.730819e-05,0.0011961175,0.0031578166,3.8918617e-05,0.00022604193,987,validation
0.0043594153,0.0008139762,0.9794169,0.00045306416,0.0021727155,0.011679538,0.00019999013,0.00090434303,988,validation
0.008465723,0.0026085402,0.9495367,0.002042594,0.005419995,0.029079232,0.0005606986,0.0022865487,989,validation
0.9920427,1.595404e-05,0.0015028684,0.0004612914,9.400634e-05,0.00038260073,0.000314505,0.005186048,990,validation
0.005252518,0.0015605018,0.97072405,0.0010884868,0.0040952736,0.015345306,0.0003283851,0.00160541,991,validation
0.026504759,0.0007555748,0.0033049302,0.73796886,0.0022229096,0.0064369026,0.20451349,0.018292539,992,validation
0.9937403,9.850176e-06,0.0010191238,0.00075728423,5.2799896e-05,0.00026361833,0.00032521025,0.0038318548,993,validation
0.004960122,0.00020693887,0.9857633,0.00026137082,0.0020449238,0.0063595143,7.546045e-05,0.00032847808,994,validation
0.004302159,0.00023439781,0.9867741,0.00022629352,0.0018504492,0.0061313096,6.979102e-05,0.00041148256,995,validation
0.06756196,0.14376518,0.06118016,0.03991417,0.078667894,0.094117224,0.08289,0.43190342,996,validation
0.004582094,0.00036258443,0.9841186,0.00039927027,0.0025535307,0.007156696,0.00010719754,0.0007200202,997,validation
0.9895196,1.4235681e-05,0.0029022584,0.0008902479,9.139332e-05,0.00063496095,0.0002655795,0.005681677,998,validation
0.0026877504,0.00042914384,0.9881451,0.000182403,0.0012256221,0.006921082,0.00011305879,0.00029576084,999,validation
0.0039906334,0.0002320186,0.98654664,0.00014327634,0.0018866336,0.006907692,8.017477e-05,0.00021294107,1000,validation
0.0011392919,0.0020510573,0.00027188563,0.0011772037,0.0019466792,0.00049733854,0.99202275,0.00089379115,1001,validation
0.996582,2.5378952e-06,0.00032631255,0.00029269696,1.1260633e-05,7.278462e-05,0.00015439953,0.0025580185,1002,validation
0.9839361,1.42349e-05,0.0008419615,0.00063649635,4.8612394e-05,0.00034326268,0.0005586226,0.013620754,1003,validation
0.9941571,1.653602e-05,0.001169538,0.00058737246,0.00010662961,0.0004622411,0.00049810443,0.0030024964,1004,validation
0.003705087,0.0003740239,0.9860869,0.00024204642,0.0018802485,0.0070747864,9.2507245e-05,0.0005444445,1005,validation
0.9883414,2.5960166e-05,0.0009654059,0.00042384423,0.00010596259,0.00025550977,0.0006926238,0.009189246,1006,validation
0.0030161017,0.0005054709,0.9843556,0.00030727324,0.0015851612,0.009643158,0.0001434175,0.00044374965,1007,validation
0.9966419,3.4063942e-06,0.00035891283,0.0003800098,1.323959e-05,9.8001656e-05,0.00013430044,0.0023703764,1008,validation
