0,1,2,3,4,5,6,7,identifier,split
0.9989033,8.8582274e-05,8.55297e-06,0.00037930816,0.00016493759,4.1909876e-05,0.00024097443,0.00017247273,0,test
0.9985164,0.00016546913,1.8199025e-05,0.00045069106,0.00021653956,8.212169e-05,0.00031711967,0.00023348266,1,test
2.4916324e-06,0.0005327292,2.2043232e-06,1.7909344e-05,0.00029329144,0.99880886,0.00012298053,0.00021947247,2,test
4.0349187e-06,0.0010307939,1.8994653e-05,5.991541e-05,0.0008113167,0.9978415,0.00015498292,7.836936e-05,3,test
0.997113,0.00041211105,5.6769477e-05,0.0008208244,0.00044990893,0.00016062986,0.0005222356,0.00046450194,4,test
1.4061254e-05,0.00018337714,0.998684,0.00054321013,0.000320874,4.0176146e-05,0.0001427425,7.157379e-05,5,test
1.091705e-05,0.00022975616,0.99853563,0.00061605085,0.00031849544,5.598644e-05,0.00014806654,8.509122e-05,6,test
2.2234803e-05,0.00046780377,0.99766636,0.00087179104,0.00049305253,9.4733456e-05,0.00024978683,0.0001343083,7,test
0.99097437,0.0024083478,0.00018834033,0.0013044429,0.0013662773,0.00051179115,0.0021927606,0.0010535913,8,test
1.2660213e-05,0.00019196872,0.9984913,0.0006076583,0.00037962623,6.264233e-05,0.00016625633,8.7790424e-05,9,test
8.686656e-06,0.00014803304,0.99886596,0.0005487827,0.00021069575,3.832202e-05,0.000116771225,6.278356e-05,10,test
2.1385504e-05,0.0003855931,0.99832183,0.00057259045,0.00033913055,5.519306e-05,0.00021616399,8.8158486e-05,11,test
0.99768054,0.00032386128,1.933649e-05,0.00059530546,0.00037105355,0.00015304823,0.000519415,0.0003374258,12,test
0.9979779,0.00015855559,3.6522804e-05,0.00065091375,0.0003139649,0.00011504677,0.00046916326,0.0002779276,13,test
7.727775e-06,0.00010564787,0.99913484,0.00036812064,0.00020532453,3.1597967e-05,0.000101709724,4.501598e-05,14,test
2.1984815e-05,0.00023636286,0.99832875,0.0007030647,0.00034421735,5.7387606e-05,0.00019386633,0.0001143228,15,test
1.5933352e-05,0.0005258103,0.9980148,0.000745337,0.00029619335,6.677581e-05,0.00022063911,0.00011438259,16,test
2.2114596e-06,8.42532e-05,0.99941015,0.00028950206,0.00014054184,1.7931323e-05,4.160261e-05,1.3840774e-05,17,test
0.9882682,0.0031020476,0.0008475166,0.0018483776,0.0023669421,0.0008307259,0.0016544418,0.0010817728,18,test
3.6199264e-05,0.0076960274,0.00019798473,0.0006905003,0.037956685,0.9485932,0.0016805157,0.0031488508,19,test
0.9971264,0.00036950663,3.2783228e-05,0.0007360136,0.00038530788,0.00016229488,0.0007102739,0.00047739,20,test
0.013366176,0.0013152473,0.9728961,0.0037144397,0.006523884,0.00035738593,0.0011023526,0.0007244102,21,test
0.99851805,0.00016434997,3.35601e-05,0.00050762296,0.00029539972,5.3066862e-05,0.00021973166,0.00020816577,22,test
1.5608332e-05,0.00013292853,0.99897766,0.00047111604,0.00019207322,3.3885226e-05,0.00011470693,6.205343e-05,23,test
1.9196173e-06,2.07763e-05,9.4346975e-09,5.669758e-05,8.096347e-06,1.7644921e-06,1.4952253e-05,0.9998957,24,test
1.915888e-05,0.00024400125,0.9984993,0.00065671327,0.00026736388,5.9965652e-05,0.00016352639,9.00295e-05,25,test
2.1511685e-05,0.00033205422,0.9982474,0.0006411182,0.00041684433,6.242673e-05,0.0001869473,9.172723e-05,26,test
1.52446055e-05,0.00029532623,0.99840003,0.0006826131,0.00029002372,5.580033e-05,0.00015754817,0.00010333454,27,test
1.3472499e-05,0.00030487354,0.9982191,0.00069719093,0.0004239672,6.6069486e-05,0.00017099913,0.000104320345,28,test
1.3866707e-05,0.00032123103,0.9984003,0.000619817,0.00030192177,6.282196e-05,0.00017833764,0.00010185764,29,test
0.9987703,0.00013212806,6.3830184e-06,0.00037229087,0.0001867588,5.8428177e-05,0.00025607317,0.00021764527,30,test
1.9020796e-05,0.0002750694,0.9980148,0.0007645326,0.0005046839,8.355935e-05,0.00020927699,0.00012898554,31,test
2.9902438e-07,3.949835e-06,8.883333e-08,1.9683825e-06,3.7374682e-06,1.4778752e-06,0.99997866,9.744168e-06,32,test
2.3305181e-05,0.00057905004,0.99764913,0.000801838,0.0004894629,8.5810025e-05,0.00023994493,0.00013130793,33,test
2.006073e-05,0.00035780488,0.9979091,0.0009153897,0.0003683571,7.4029624e-05,0.00020980951,0.00014536241,34,test
1.2746851e-05,0.00019005808,0.99881554,0.0005171034,0.000236569,3.8166432e-05,0.00012282019,6.695332e-05,35,test
1.6871136e-05,0.00026816106,0.9983191,0.00071038,0.00033664153,6.159769e-05,0.00018288112,0.000104375686,36,test
3.420603e-06,7.0162234e-05,0.999501,0.00025433127,0.00010151894,1.5850805e-05,3.8851198e-05,1.4819462e-05,37,test
1.680754e-05,0.00016225284,0.9987381,0.0005296413,0.00029542198,4.393209e-05,0.00014618467,6.767828e-05,38,test
0.99834096,0.00022170105,1.0539087e-05,0.00042696903,0.00027093134,0.00013061624,0.00042258768,0.0001756796,39,test
0.99862826,0.00015711224,1.3670074e-05,0.00044986163,0.00019207544,6.8402274e-05,0.0002560084,0.00023473638,40,test
0.99851245,0.00014574981,1.4158108e-05,0.0004971635,0.00018304969,7.3744864e-05,0.0003006801,0.0002730238,41,test
1.8424382e-05,0.00033640768,0.9982913,0.0006692581,0.00033105287,5.7830075e-05,0.00019054183,0.00010517573,42,test
2.821153e-05,0.0005150125,0.9974043,0.00094437145,0.0006329725,9.276044e-05,0.00023316503,0.00014917125,43,test
0.99865294,0.00012933786,1.4061634e-05,0.00046101448,0.0002063591,5.1212814e-05,0.00022523862,0.00025983693,44,test
1.6001217e-05,0.00019493027,0.9986324,0.0005717674,0.00030217346,4.7534857e-05,0.0001427188,9.2416536e-05,45,test
1.7711145e-05,0.0004680405,0.9978929,0.00076151814,0.00039370882,8.5874875e-05,0.00024476802,0.00013538726,46,test
1.300197e-06,3.230603e-05,1.3596092e-08,2.187971e-05,1.0649974e-05,6.9442945e-06,1.0773643e-05,0.9999161,47,test
0.9979227,0.00018682804,1.8397954e-05,0.0004535164,0.00016975087,0.00030853128,0.00074136787,0.00019884536,48,test
1.0205575e-05,0.0002039502,0.9983564,0.0005682344,0.0003809737,0.0001880245,0.00020300594,8.916368e-05,49,test
6.202867e-06,0.00014702558,0.9989549,0.00037998147,0.0002050813,0.00011820634,0.00014074413,4.7839545e-05,50,test
2.8747963e-06,3.33862e-05,0.99941313,0.00018118859,0.00019957393,6.4207685e-05,8.785874e-05,1.7842265e-05,51,test
6.5678514e-06,0.00014603796,0.9990287,0.00028863057,0.0001785168,0.000108121334,0.00019428923,4.9189126e-05,52,test
0.9979395,0.00018100324,2.2253134e-05,0.00048500503,0.00019487436,0.00028908573,0.0006506002,0.00023758008,53,test
7.749801e-06,0.00021676323,0.99851793,0.0005295245,0.00029157335,0.00016102486,0.0002011199,7.4190306e-05,54,test
7.859099e-06,0.00011870932,0.9989467,0.00041426573,0.00021101706,0.000109807545,0.00013372788,5.7921374e-05,55,test
0.9980501,0.00014510882,4.2534877e-05,0.0004763892,0.00023580274,0.00019205599,0.0006234578,0.00023449602,56,test
4.760114e-06,6.2832034e-05,0.99921215,0.00030269282,0.00020150671,8.256391e-05,9.709073e-05,3.6406662e-05,57,test
8.1150915e-07,1.804411e-05,1.0164352e-05,7.320563e-06,0.9996358,0.00026590025,5.6514928e-05,5.3637154e-06,58,test
0.9766815,0.0011753908,0.0073837065,0.005256796,0.0022385805,0.0014431216,0.0036035916,0.0022172995,59,test
3.139084e-06,5.5790904e-05,0.99937063,0.0002665654,0.0001711822,5.9086982e-05,5.851578e-05,1.5181146e-05,60,test
0.00042788187,0.00071644835,0.99432737,0.001349965,0.0017357583,0.00047111508,0.0006934774,0.00027815945,61,test
8.973625e-06,0.00022316446,0.9985322,0.0004711634,0.0003506291,0.00016579161,0.00018592055,6.217103e-05,62,test
8.011631e-06,0.00016466565,0.9987858,0.0004592086,0.00022376294,0.00012298497,0.00017397483,6.163829e-05,63,test
2.9920373e-06,6.0492162e-05,0.99929523,0.00024966456,0.00019502897,8.027854e-05,9.125738e-05,2.5081235e-05,64,test
3.908596e-06,0.00011939661,0.998928,0.0003914545,0.00022269411,0.00014178401,0.00014701209,4.567619e-05,65,test
6.105697e-06,8.616208e-05,0.9990165,0.000334911,0.00026746644,9.988573e-05,0.00014571968,4.3182456e-05,66,test
7.651974e-06,0.00012796637,0.99886596,0.0004052954,0.0002602867,0.0001271352,0.00015010046,5.561074e-05,67,test
5.775249e-06,4.063773e-05,6.4890216e-08,7.870937e-05,1.9795712e-05,5.8246405e-05,5.371009e-05,0.99974304,68,test
5.9061585e-06,8.7418455e-05,0.999035,0.00030303997,0.0002556349,0.00010677414,0.0001667794,3.9561743e-05,69,test
0.9984372,0.00013386329,9.42958e-06,0.0003452017,0.0001385055,0.00022472914,0.0005419605,0.00016899148,70,test
7.780394e-06,0.00026249632,0.9983259,0.0005197026,0.00039969225,0.00019917857,0.000205669,7.957154e-05,71,test
0.99862874,0.00013204684,6.687358e-06,0.0003119255,0.000119045944,0.00022728367,0.00045254326,0.00012175019,72,test
1.0897123e-06,3.636491e-05,0.9995951,0.00019936865,8.7165856e-05,3.2474883e-05,3.7633497e-05,1.07936075e-05,73,test
0.00032873702,0.004032075,4.9596733e-06,9.003057e-05,0.001009454,0.9891811,0.0050838715,0.0002698627,74,test
1.531793e-07,0.9999088,2.256617e-06,1.9552028e-05,7.3147726e-06,3.9438964e-05,1.5434374e-05,7.081247e-06,75,test
1.1162763e-05,5.756358e-05,3.3193015e-07,0.00016436791,2.9384986e-05,7.757617e-05,0.00016639537,0.9994931,76,test
0.6616311,0.0066925655,0.2654861,0.018676696,0.018758532,0.0068375487,0.01666278,0.0052546286,77,test
0.99848384,0.00011299067,3.5904744e-05,0.00040338695,0.00016257486,0.00017898045,0.00045712414,0.00016517869,78,test
1.7361023e-07,0.99991596,3.0451229e-06,1.7793895e-05,6.584325e-06,3.436729e-05,1.5811387e-05,6.261668e-06,79,test
6.1223814e-06,0.00016614566,0.9987921,0.00037488918,0.00029224396,0.00015127187,0.0001644175,5.275586e-05,80,test
7.61936e-07,1.3305741e-05,1.0745374e-05,7.3578763e-06,0.999835,9.17061e-05,3.644565e-05,4.7079984e-06,81,test
0.9985727,0.00011007905,4.5630845e-06,0.00032075687,9.882122e-05,0.00024425922,0.0004989374,0.00014980504,82,test
0.9951564,0.00035828017,1.3233302e-05,0.0007200845,0.00030805243,0.00087581977,0.0020290068,0.0005390482,83,test
0.99609107,0.00043836824,3.282777e-05,0.00066623645,0.0003517232,0.00070873066,0.0013015087,0.0004095326,84,test
9.138462e-07,5.345685e-05,3.9582585e-05,1.513636e-05,0.99141383,0.008353048,0.00011027475,1.37992265e-05,85,test
0.99695516,0.0002923345,1.7712806e-05,0.0004071011,0.00030798535,0.0005809032,0.0012080829,0.00023075748,86,test
0.99827206,0.000119547716,4.8722883e-05,0.00046881553,0.00019199705,0.00018633516,0.0005459163,0.00016655972,87,test
1.0026526e-05,0.00026946503,0.9981577,0.0005224874,0.0004707289,0.0002265283,0.00024884986,9.43126e-05,88,test
0.9976941,0.0001599914,1.4508341e-05,0.0004114622,0.0001689253,0.00037872925,0.000855049,0.00031726583,89,test
6.3701905e-06,9.020999e-05,0.9991586,0.00033511483,0.00016352438,8.199908e-05,0.0001258103,3.840068e-05,90,test
5.9118975e-06,0.0001554576,0.99886286,0.00037091624,0.0002719884,0.00013241012,0.00014847796,5.1998035e-05,91,test
3.7210182e-06,8.42614e-05,0.9991042,0.00031496893,0.00024365596,0.00010503204,0.000111997586,3.2233223e-05,92,test
0.99854255,0.00011554135,5.352951e-06,0.0003246407,0.00012895175,0.00018578599,0.00048694902,0.00021026327,93,test
0.9987086,0.00011597812,9.235182e-06,0.00030525788,9.98339e-05,0.00018255285,0.00044395638,0.00013441501,94,test
9.146527e-06,0.00019246982,0.99858415,0.00048784175,0.00032379464,0.00014690067,0.00018263822,7.3045434e-05,95,test
6.815696e-06,3.4515917e-05,0.9995449,0.00021965348,0.00010661135,5.1485663e-06,6.623804e-05,1.6067872e-05,96,test
3.08995e-07,0.99991786,7.5199086e-06,3.4431723e-05,1.230311e-05,2.3052355e-06,2.0356374e-05,4.887496e-06,97,test
0.00011325655,0.0012146438,6.457744e-05,0.00010983884,0.0009255106,0.99578094,0.0016488621,0.00014241909,98,test
0.9982988,0.00012978924,8.0494116e-05,0.0006323387,0.0002445621,2.1982227e-05,0.00031090077,0.00028108177,99,test
0.99926764,4.203153e-05,1.4272728e-05,0.00034735908,8.836571e-05,8.969117e-06,0.00015653526,7.47769e-05,100,test
7.0893857e-06,5.716326e-05,0.9994649,0.00027915544,9.7397424e-05,6.220106e-06,6.689758e-05,2.120785e-05,101,test
8.123585e-06,8.6063046e-05,0.9993673,0.00030842595,0.00011533259,7.794701e-06,7.886353e-05,2.8185274e-05,102,test
5.5306897e-05,0.001525886,6.989314e-05,0.00014729839,0.0013153559,0.9959032,0.00077783235,0.00020513292,103,test
4.0726656e-05,0.97716534,0.00063553255,0.0017864138,0.0005453447,8.8953755e-05,0.0076413667,0.012096338,104,test
2.5726333e-05,4.5719e-05,2.3373994e-07,0.00020127298,2.875037e-05,2.0952962e-06,0.00012763454,0.99956864,105,test
6.238239e-07,1.0273222e-05,2.7836584e-06,9.646502e-06,0.99994624,2.3552705e-06,2.0213525e-05,7.849666e-06,106,test
5.00563e-06,2.52105e-05,0.9997265,0.00014441134,4.979123e-05,2.5397992e-06,3.8065806e-05,8.562729e-06,107,test
2.124631e-05,3.4692926e-05,2.6146492e-07,0.00063511694,4.6312565e-05,2.0585119e-06,0.00039674903,0.99886346,108,test
7.67046e-05,0.0019084156,0.00015855879,0.00023898299,0.0022248204,0.9924004,0.0015067303,0.0014852979,109,test
8.43267e-06,6.914132e-05,0.99936336,0.00033127188,0.0001164072,7.905021e-06,7.673331e-05,2.680994e-05,110,test
0.76006955,0.0017341387,0.2127978,0.014320206,0.004287716,0.00023837553,0.00476038,0.0017918055,111,test
0.99827504,0.000121625395,4.8481776e-05,0.0006837238,0.0002932398,1.5312693e-05,0.00027808672,0.00028448837,112,test
1.7441992e-06,2.8664805e-05,0.9997409,0.00013590926,5.290124e-05,2.4568901e-06,3.2019096e-05,5.247047e-06,113,test
5.3700596e-06,2.5851152e-05,0.99963737,0.00020546974,6.3367675e-05,3.3607505e-06,4.6131576e-05,1.3121269e-05,114,test
0.9982646,0.00015706358,3.9142808e-05,0.0007085648,0.00019987114,3.227153e-05,0.0003378193,0.00026061747,115,test
0.00035393776,0.0062045217,0.9315956,0.009013048,0.005609853,0.039792076,0.004528934,0.0029020195,116,test
0.9990823,3.752809e-05,1.9779856e-05,0.00046342268,9.6178985e-05,9.240128e-06,0.00017884164,0.000112589485,117,test
0.9990374,4.602376e-05,1.4242587e-05,0.0004805166,0.000105516345,9.306845e-06,0.00019949947,0.00010750607,118,test
0.9981066,0.00016497256,7.819791e-05,0.00071309315,0.0002609276,2.8538527e-05,0.00036535217,0.00028229013,119,test
0.00072534906,0.0053262953,0.002023252,0.00188682,0.003942671,0.15438046,0.005448163,0.82626694,120,test
9.584747e-06,6.600068e-05,0.9993711,0.00031787792,0.00012801669,7.5584067e-06,7.280084e-05,2.7029106e-05,121,test
8.17367e-06,2.9249746e-05,0.99972004,0.00014648044,4.392654e-05,2.1666851e-06,4.0482922e-05,9.467709e-06,122,test
0.9985733,0.0001567262,2.0597312e-05,0.0005514148,0.0002228982,2.8315473e-05,0.00029422756,0.0001525353,123,test
0.0005716252,0.01530816,0.0019506251,0.0062495326,0.85188276,0.014649361,0.01690671,0.0924812,124,test
0.99915266,5.1758292e-05,1.3588946e-05,0.00037699658,0.000116456045,1.01262885e-05,0.00016420023,0.00011413847,125,test
6.6312928e-06,4.2397573e-05,0.9995109,0.00025619508,0.00010258457,5.6699682e-06,5.6530393e-05,1.9159846e-05,126,test
0.99907887,7.331946e-05,1.0728822e-05,0.00038096463,0.000107410415,1.16034225e-05,0.0001600348,0.00017700794,127,test
3.6532522e-06,2.3799466e-05,0.999752,0.00013483469,3.8529277e-05,2.2315148e-06,3.6388796e-05,8.622423e-06,128,test
3.4804757e-06,2.2220995e-05,0.99970216,0.00015732412,7.085239e-05,2.751296e-06,3.1873114e-05,9.312246e-06,129,test
8.04901e-06,6.37827e-05,0.9993906,0.0003085143,0.00011664886,6.4180927e-06,8.2150254e-05,2.3759236e-05,130,test
1.7616161e-05,7.108303e-05,0.999255,0.00034766423,0.00017918089,8.90131e-06,9.313512e-05,2.7336459e-05,131,test
0.99914134,6.0313163e-05,7.823029e-06,0.00036643707,0.000106325686,1.1858597e-05,0.00019648371,0.00010935664,132,test
5.744527e-06,4.9899154e-05,0.99956673,0.00022172104,7.6232966e-05,4.9973946e-06,5.9654303e-05,1.4948161e-05,133,test
5.8677315e-06,2.6766169e-05,0.99963665,0.00019739779,6.102066e-05,3.1661737e-06,5.5881705e-05,1.3208553e-05,134,test
0.8715734,0.113009565,0.0017063326,0.0033712739,0.0052431156,0.0008633197,0.003371131,0.0008619102,135,test
1.649373e-05,8.6944914e-05,0.99924785,0.0003241375,0.00016325881,9.793408e-06,0.00011760112,3.3947406e-05,136,test
1.0874832e-05,5.427428e-05,0.99943703,0.00026928986,0.00012903391,5.6821723e-06,7.3887735e-05,1.9970847e-05,137,test
3.091397e-06,1.925584e-05,0.9997037,0.00015426436,6.93272e-05,2.3882747e-06,3.979528e-05,8.147387e-06,138,test
6.0023403e-06,2.5010897e-05,0.99960726,0.00022145256,7.1092625e-05,3.4987208e-06,5.1868778e-05,1.3888862e-05,139,test
3.2054193e-06,3.2228683e-05,0.9996983,0.00015101097,5.6009463e-05,3.7549669e-06,4.473072e-05,1.07767e-05,140,test
0.9989538,8.219121e-05,1.14446475e-05,0.00043757708,0.00013085645,1.6685755e-05,0.0002247153,0.00014271586,141,test
6.83251e-06,7.0168564e-05,0.99949217,0.00025193332,8.498976e-05,5.6878534e-06,6.8397305e-05,1.9748437e-05,142,test
5.0902217e-06,5.053247e-05,0.99958557,0.00021737488,6.6271066e-05,4.5197703e-06,5.5245328e-05,1.5303096e-05,143,test
0.99872094,0.00012237178,1.774861e-05,0.00039070135,0.00017124556,0.000100601654,0.00029204678,0.00018432831,144,test
8.274004e-06,4.8020924e-05,0.99945813,0.00020973638,0.00015469402,3.4363646e-05,7.1126575e-05,1.561164e-05,145,test
8.252605e-07,0.9997861,2.0209882e-05,5.2423144e-05,2.8744915e-05,6.817707e-05,3.1657546e-05,1.1880572e-05,146,test
1.6070973e-05,0.00017308995,0.99877924,0.0004278077,0.00026253113,0.00010066453,0.00017967107,6.09553e-05,147,test
2.033237e-05,0.000251052,0.9981865,0.0006274963,0.00043682897,0.00016150638,0.00022152303,9.468808e-05,148,test
0.9986085,0.00014438514,1.0999645e-05,0.00036595168,0.00016874795,0.00015661189,0.00043156976,0.00011316881,149,test
0.9989981,8.078506e-05,2.765448e-05,0.00037350305,0.00010178926,9.676297e-05,0.00023557026,8.588264e-05,150,test
0.99583036,0.00029380803,0.000197768,0.0013572525,0.00044548156,0.00042175336,0.0010570027,0.00039650695,151,test
0.9988612,9.148563e-05,2.3428394e-05,0.00036740457,0.00014906097,9.521468e-05,0.00028678623,0.00012547249,152,test
0.9958413,0.00068764045,9.767941e-05,0.00068291934,0.0006507714,0.00067966327,0.0010212898,0.00033864702,153,test
1.5443591e-05,0.00011844182,0.9990901,0.00030632564,0.00020552319,7.764709e-05,0.00014055848,4.603216e-05,154,test
2.9695244e-05,0.00018208975,0.9983541,0.0005767696,0.00046532825,0.00012227807,0.00019756345,7.2280774e-05,155,test
4.236056e-07,0.999861,5.866575e-06,2.990993e-05,1.7691227e-05,5.328357e-05,2.0897529e-05,1.086697e-05,156,test
0.9982255,0.00017434431,2.2261082e-05,0.00046500107,0.0002231523,0.00017906287,0.000552567,0.00015807638,157,test
0.9885473,0.00074445497,0.0040874346,0.0024888138,0.0010835346,0.0004993224,0.0016775207,0.0008716194,158,test
1.6294953e-05,6.380134e-05,0.99895644,0.00032699807,0.0003856625,7.3532785e-05,0.00013426757,4.314771e-05,159,test
6.981648e-07,4.2313135e-05,1.170634e-06,3.9578026e-06,7.478816e-05,0.99980706,4.6820027e-05,2.324274e-05,160,test
6.6955494e-05,0.000121235185,1.2987758e-06,0.0004533288,0.00021388134,0.00013616675,0.0002782476,0.9987288,161,test
0.99869615,0.00011087244,1.8004914e-05,0.00036939405,0.00017554009,0.00012544614,0.00033729302,0.0001673752,162,test
0.99854004,0.00016234386,6.7696647e-06,0.00036314092,0.0001584373,0.00018383711,0.00044963873,0.00013584766,163,test
5.375452e-05,0.00018536989,0.99828726,0.0005689148,0.00044293786,0.00014041836,0.00023784224,8.341399e-05,164,test
3.630342e-05,0.00033462734,0.99759954,0.0007649611,0.000597359,0.00020103459,0.00033704756,0.00012920599,165,test
4.4642812e-07,9.167877e-06,3.111402e-06,5.0007384e-06,0.9998903,7.083647e-05,1.91194e-05,1.8916529e-06,166,test
9.913708e-06,3.7638332e-05,1.3116068e-07,9.7814096e-05,2.1424292e-05,3.9671057e-05,6.320757e-05,0.99973017,167,test
8.968124e-06,9.409019e-05,0.9990408,0.00034693745,0.0002465966,8.3618375e-05,0.00014203944,3.6837322e-05,168,test
1.1160316e-05,4.8770948e-05,0.99928826,0.0002790832,0.00020371037,4.5416706e-05,9.721162e-05,2.6449856e-05,169,test
1.3755866e-05,0.00013607688,1.930047e-05,0.0001231643,0.00014754366,0.00018403234,0.9989895,0.00038662337,170,test
2.1826281e-05,0.00024068457,0.99818426,0.0006700881,0.000403511,0.0001611832,0.00022591514,9.248516e-05,171,test
1.0824757e-05,6.0060876e-05,0.9992384,0.0003144523,0.00018488236,4.9171922e-05,0.00011315836,2.9137955e-05,172,test
0.9987778,9.813473e-05,1.7990527e-05,0.00037614367,0.00014575169,8.737062e-05,0.0003491425,0.00014760329,173,test
0.99903274,7.6040305e-05,1.9528637e-05,0.00029526517,0.00013601374,6.889549e-05,0.0002585258,0.00011295848,174,test
2.101942e-05,0.00025640885,0.9982911,0.0005299929,0.0004337863,0.0001470887,0.00024082376,7.96813e-05,175,test
2.2456838e-05,0.00013371004,0.9989221,0.00044079928,0.000198544,6.706548e-05,0.00015851409,5.678018e-05,176,test
6.12025e-07,1.3755804e-05,1.2150139e-06,4.079317e-06,4.479072e-05,0.9998981,3.125125e-05,6.2894446e-06,177,test
0.99868244,0.0001400304,1.3797182e-05,0.00035335607,0.00013972638,0.00016749298,0.0003615986,0.00014154342,178,test
8.215239e-06,5.8135753e-05,0.99933904,0.00025992468,0.00015245615,5.3686188e-05,0.000101038924,2.7406288e-05,179,test
0.9979296,0.00021219961,2.1091531e-05,0.0005518674,0.0002955338,0.00014051577,0.00056489423,0.00028432676,180,test
0.00010619714,0.0001932352,2.0148757e-06,0.0003491389,6.4777734e-05,0.00014061351,0.00040978251,0.9987342,181,test
1.33044505e-05,0.00012794697,0.99900514,0.0004253287,0.00017173904,6.632278e-05,0.00014350853,4.6739442e-05,182,test
1.8802139e-05,0.0001339379,0.9987956,0.00047475714,0.0002550572,9.1981856e-05,0.00016910343,6.077966e-05,183,test
0.998796,0.00012927093,1.9747822e-05,0.0003488478,0.0001739615,0.00010981235,0.00028892243,0.0001334458,184,test
1.4734238e-05,0.00018618426,0.99867624,0.0005190111,0.00027527852,0.0001070657,0.0001632543,5.8198846e-05,185,test
0.99821764,0.00019390114,1.0653097e-05,0.0003946448,0.0002739354,0.00023430535,0.00051444414,0.0001604261,186,test
7.012129e-05,0.00075708685,0.9952474,0.0013949415,0.0011805461,0.000526536,0.00053563627,0.00028777952,187,test
5.7138953e-07,1.4818704e-05,4.465876e-06,6.504997e-06,0.9998778,6.794777e-05,2.3520197e-05,4.3361065e-06,188,test
5.9454374e-05,0.00054724613,0.99363315,0.0011955422,0.0039338567,0.00028762312,0.00025561854,8.7495435e-05,189,test
1.9210835e-05,0.00029889916,0.99830085,0.000582402,0.00033534612,0.00014755517,0.00022784654,8.789849e-05,190,test
0.9977779,0.00023737628,9.477306e-05,0.00045198956,0.00035605647,0.00030059932,0.0006903111,9.110413e-05,191,test
0.9997359,1.7338905e-05,5.3410486e-07,7.5616605e-05,1.2838225e-05,1.2874444e-05,7.694998e-05,6.794285e-05,192,test
5.263392e-06,0.00013173032,3.2140628e-07,1.2873457e-05,1.7426511e-05,0.99962974,5.6089546e-05,0.00014660333,193,test
6.270435e-06,4.875053e-06,1.6354557e-09,2.8254022e-05,8.652567e-07,2.2949262e-06,1.28955535e-05,0.99994457,194,test
0.0001307903,0.000616773,0.99641514,0.0014746207,0.00037594108,0.00013541956,0.00054188876,0.0003093612,195,test
4.8055565e-05,0.00015007037,0.9984666,0.00089906476,0.00015481254,5.4336753e-05,0.00015542602,7.1681774e-05,196,test
0.00017706995,0.012174582,0.0007823548,0.001269823,0.66206044,0.31535217,0.003329357,0.004854204,197,test
0.9995616,4.1631854e-05,3.0802405e-06,0.00012461211,3.3323944e-05,2.096618e-05,0.000118516604,9.631436e-05,198,test
0.00028511207,0.0011291639,0.9937245,0.0025508169,0.0006449607,0.00022064618,0.00092564285,0.00051917916,199,test
0.00039586832,0.001623362,0.9910244,0.0029852602,0.0010823233,0.0004213707,0.0014388431,0.001028671,200,test
0.00012106929,0.000479088,0.9963716,0.0017402892,0.00031216932,0.00012913646,0.0005249948,0.00032153298,201,test
0.00014096625,0.00054382253,0.99691963,0.0012884978,0.0002857466,0.00010249822,0.0004666579,0.00025215413,202,test
0.00030891635,0.0031321666,0.98698425,0.004508769,0.0013118864,0.00077115535,0.0016945085,0.0012882833,203,test
0.00018678683,0.0007798763,0.9952023,0.0021222772,0.0004345344,0.0001838166,0.00067283737,0.0004176352,204,test
0.99978656,1.5162355e-05,3.9320915e-07,7.170688e-05,1.1895191e-05,1.1022267e-05,6.319456e-05,3.9949962e-05,205,test
0.00018503226,0.00064644165,0.9953833,0.0020304048,0.0005209751,0.0001934024,0.0005837758,0.0004565982,206,test
0.00041554478,0.0008333833,0.9932167,0.0025952065,0.0012974937,0.00026642767,0.00068585953,0.00068937015,207,test
0.0001825901,0.00038023826,0.99648523,0.001542825,0.00046042612,0.00012677365,0.00053609075,0.00028580817,208,test
0.999846,9.009999e-06,3.3853598e-07,5.5180044e-05,8.544206e-06,7.1231875e-06,4.205598e-05,3.166533e-05,209,test
0.013289417,0.0042058015,0.96498024,0.0076692416,0.00227905,0.000839883,0.0040615853,0.0026747077,210,test
0.9996487,1.6537257e-05,2.8350817e-06,0.00011214607,1.7579241e-05,1.3604785e-05,0.00010598808,8.2535655e-05,211,test
0.00029318593,0.0010190806,0.9929933,0.0028130312,0.0009070934,0.00029977193,0.0009246443,0.00074986124,212,test
0.9997873,1.3832087e-05,2.9827083e-07,5.9684644e-05,1.3816148e-05,1.1024252e-05,6.729476e-05,4.6844067e-05,213,test
5.7418306e-06,0.00043176545,1.8328275e-06,2.6394971e-05,2.6903295e-05,0.99910706,4.6513684e-05,0.0003537473,214,test
0.000250185,0.00072142563,0.9947365,0.0023261756,0.0005375136,0.00019520416,0.0007224281,0.0005105533,215,test
0.00015810176,0.0006435571,0.99573565,0.0019158112,0.00040702015,0.00017819973,0.00056793174,0.00039362992,216,test
3.271632e-07,0.9999536,2.724928e-07,1.1922996e-05,2.231967e-06,7.3467436e-06,1.2708388e-05,1.1599646e-05,217,test
0.999637,3.4055527e-05,1.008072e-06,9.976806e-05,2.5341853e-05,2.2084614e-05,9.843886e-05,8.213267e-05,218,test
0.00019027293,0.0009426181,0.9944602,0.0022474308,0.0005893307,0.0002138466,0.00081037846,0.0005458976,219,test
0.00011640209,0.00045370092,0.9968579,0.0014061964,0.00044148145,0.00014748109,0.00044144815,0.00013536672,220,test
0.9997429,1.7252989e-05,3.8363711e-07,7.859235e-05,1.4878709e-05,1.2182369e-05,7.775275e-05,5.5939472e-05,221,test
0.00016065543,0.00046538163,0.996192,0.0017283219,0.0004382465,0.00016452331,0.00053411373,0.00031678483,222,test
0.00011801717,0.00038246808,0.9969169,0.0014107743,0.00035253045,0.00012644091,0.0004591388,0.0002337955,223,test
0.00024386113,0.0009851628,0.00048263144,0.0004226391,0.9706179,0.026022824,0.0008735352,0.00035133524,224,test
0.9998258,1.2218052e-05,4.1300822e-07,5.321988e-05,1.0974764e-05,7.811905e-06,4.7886042e-05,4.1784915e-05,225,test
0.00036955098,0.0017363202,0.99169743,0.00300625,0.0007952004,0.0003502746,0.0011683557,0.0008766137,226,test
0.00018877722,0.00073020026,0.9954732,0.0017471273,0.00052036956,0.00018677443,0.00073866005,0.0004148305,227,test
3.370893e-06,5.104572e-06,6.485871e-08,9.267583e-06,1.0903808e-06,3.0228366e-06,0.9999517,2.6310956e-05,228,test
0.00023420971,0.0015464624,0.9932909,0.002371897,0.0007993195,0.00026866773,0.0009279053,0.0005607741,229,test
0.00041162226,0.0043541538,0.9861498,0.004700051,0.001070775,0.0006858219,0.0016700436,0.0009577567,230,test
0.00017628267,0.0005832822,0.99592507,0.0016651761,0.0005768729,0.00017518028,0.0005506394,0.0003474406,231,test
0.9985501,0.0006576204,3.140844e-06,0.00015770417,7.348045e-05,6.9940696e-05,0.00025567753,0.00023235391,232,test
0.9992899,5.0943414e-05,1.0074583e-05,0.00024550277,4.7283844e-05,2.2215769e-05,0.00016446588,0.00016965049,233,test
2.9782881e-05,9.2089576e-05,2.0336576e-05,6.3608044e-05,0.9994753,0.000109343535,0.00011724721,9.2293994e-05,234,test
0.9997423,1.8879533e-05,8.875447e-07,8.4384796e-05,1.656248e-05,1.0417185e-05,7.791936e-05,4.8648562e-05,235,test
0.99975115,1.3978275e-05,6.8887454e-07,8.1406564e-05,1.1995736e-05,8.930267e-06,6.399835e-05,6.772135e-05,236,test
0.00038550148,0.00040975178,0.99559915,0.0019915665,0.00053513824,0.00016497925,0.0005465898,0.0003673352,237,test
0.00017606243,0.00062078115,0.9958682,0.0017886837,0.0004721213,0.00016529665,0.00055277295,0.00035611354,238,test
0.00024314239,0.0007187149,0.99448955,0.0025108904,0.00055757456,0.0002149747,0.00067046087,0.00059474335,239,test
0.99736613,0.00017465565,0.00010743652,0.00047597033,0.00043674558,0.00035958446,0.00036516678,0.0007143969,240,test
0.0013541048,0.00018317637,0.0026028717,0.9921342,0.00091055984,0.0004509752,0.00021082266,0.0021532907,241,test
0.9983543,8.991089e-05,5.959967e-05,0.00030854583,0.00020217434,0.00021751352,0.00022924348,0.0005386788,242,test
3.7703365e-05,9.0261616e-05,0.00016246641,3.873306e-05,0.9984565,0.0007576499,0.00015939925,0.00029727293,243,test
0.005896437,0.97916585,0.0022102972,0.0014344618,0.004390776,0.0041805357,0.0016337602,0.001087812,244,test
0.9981242,0.00011430875,0.000107383225,0.00043045476,0.00029417436,0.00024711606,0.00029175426,0.0003906025,245,test
0.9985814,9.338307e-05,3.435066e-05,0.0002632786,0.0001724331,0.00024175868,0.00023274551,0.00038057362,246,test
3.297487e-05,7.94272e-05,0.9987451,0.0003197145,0.00043074533,0.00014795022,0.00013092908,0.000113042974,247,test
4.1587828e-05,0.9966113,0.00042502533,0.00037365063,0.00056740263,0.001234039,0.00029194006,0.00045495987,248,test
0.9984869,8.674441e-05,8.58689e-05,0.00029576372,0.00023255311,0.0001746861,0.00022917861,0.00040825922,249,test
0.9976661,0.00017778824,7.857011e-05,0.0003868978,0.00033553442,0.0004068631,0.00038178085,0.0005664339,250,test
0.99873513,7.9777055e-05,2.37615e-05,0.00024302346,0.00016592417,0.00019751054,0.00022585041,0.0003289566,251,test
2.8545146e-05,5.7960107e-05,0.99902093,0.00024294214,0.00034513796,9.926626e-05,0.00010447496,0.00010068342,252,test
4.4202443e-05,9.543648e-05,0.99866664,0.00034003053,0.0004131608,0.00013821202,0.00014659259,0.00015571965,253,test
5.1038453e-05,0.00012682534,0.9980825,0.00040157564,0.0006914583,0.00023027386,0.00019141565,0.00022490545,254,test
5.3279648e-05,8.500992e-05,0.998643,0.00036210087,0.0004893843,0.000117052965,0.00013857473,0.00011163873,255,test
4.5505833e-05,0.00012381119,0.9983753,0.00039031537,0.00052526227,0.00017960611,0.00017414961,0.00018604707,256,test
0.9986505,6.221273e-05,4.374859e-05,0.00029695523,0.00018798214,0.00018196984,0.00022371512,0.00035297533,257,test
2.4205781e-05,8.105883e-05,0.998912,0.0003168897,0.00030993152,0.00012205378,0.00011757515,0.00011634364,258,test
0.00010617769,5.121458e-05,0.0001346042,5.6979574e-05,0.00023912844,0.0008584361,0.99841416,0.00013931181,259,test
4.408534e-05,0.00010239382,0.99850804,0.0003651779,0.0005225891,0.00016497316,0.00013617991,0.0001564618,260,test
0.00063254446,0.00021760748,7.649975e-05,0.00038196146,0.00077808124,0.013139039,0.108971395,0.87580276,261,test
6.1022678e-05,1.3247367e-05,2.057777e-05,2.1752996e-05,7.472378e-05,0.00043497156,0.99928373,8.994663e-05,262,test
1.49955695e-05,5.086195e-05,0.000166401,2.3494664e-05,0.9985781,0.0009772802,6.953098e-05,0.00011931791,263,test
3.05226e-05,6.7231005e-05,0.99904484,0.0002445983,0.00031953,9.9357276e-05,0.0001003085,9.370776e-05,264,test
8.196459e-05,0.00024636378,0.99738675,0.0005342127,0.00088194,0.00031908916,0.0002607976,0.00028890575,265,test
2.7141268e-05,5.312275e-05,0.9990397,0.00024187635,0.0003464147,0.000100889374,8.738828e-05,0.00010329864,266,test
4.7764486e-05,9.102941e-05,0.99838495,0.00033543308,0.0006276949,0.00018433941,0.00015073665,0.00017798269,267,test
3.5037072e-05,0.991569,0.0005451538,0.00051136425,0.00095384626,0.004989955,0.0002880847,0.0011075278,268,test
0.99888116,5.996588e-05,4.765583e-05,0.0002522487,0.00014552702,0.00014499978,0.00016689881,0.0003015908,269,test
0.99857473,7.7666045e-05,3.2173586e-05,0.00025378726,0.00019826043,0.00017066313,0.00021226612,0.00048047648,270,test
7.5056664e-06,2.8196988e-05,0.9995415,0.00014666449,0.00016143438,5.1486095e-05,3.613473e-05,2.715117e-05,271,test
6.178599e-05,0.00020170129,0.9979113,0.00065023813,0.00050367764,0.00019477373,0.00021649606,0.0002600531,272,test
4.4925666e-05,9.877805e-06,5.020182e-05,1.6023676e-05,0.0002927069,0.00059971365,0.9988682,0.00011830885,273,test
0.9989518,5.9169113e-05,4.1922547e-05,0.00022898201,0.0001454893,0.00013708996,0.00017698527,0.00025852263,274,test
0.998302,0.00012231381,3.6295325e-05,0.00030072455,0.00023436939,0.00030236057,0.000285358,0.00041656292,275,test
0.9953827,0.0005070277,0.0002935032,0.0006065377,0.00066890306,0.00090356526,0.0007668192,0.000870946,276,test
2.414696e-05,3.732436e-05,0.99918526,0.0002189891,0.00028221356,7.7116994e-05,9.6098396e-05,7.879632e-05,277,test
5.3914795e-05,0.00013912137,0.9982185,0.00042457553,0.0006344191,0.00017207234,0.00017253375,0.00018494694,278,test
0.9962586,0.00023032195,0.00012907428,0.00058232486,0.000451012,0.00036841113,0.00044772692,0.001532497,279,test
4.9947354e-05,5.8928465e-05,0.9988524,0.00027505987,0.0004416894,0.000109177585,9.863081e-05,0.00011416,280,test
3.3035114e-05,5.6167075e-05,0.99891543,0.0002764751,0.00038010455,0.00010973272,0.00012095697,0.00010809248,281,test
4.763808e-05,7.3558695e-05,0.9986939,0.00033654494,0.0004972675,0.000112119866,0.00011210981,0.0001268983,282,test
0.9984835,8.4114414e-05,2.8481261e-05,0.00026193328,0.00021369138,0.0002858825,0.000279563,0.00036295987,283,test
3.709536e-05,0.9971535,0.00040133484,0.0003134137,0.0005166545,0.0010694859,0.0002083672,0.00030013316,284,test
2.7762044e-05,4.579995e-05,0.9991359,0.0002505217,0.00028544114,8.2589344e-05,9.05313e-05,8.14654e-05,285,test
0.99859565,9.2396825e-05,5.5112196e-05,0.0002920951,0.0001998236,0.00022662898,0.00023559238,0.00030269998,286,test
0.9981993,0.00011785295,5.491449e-05,0.0003605392,0.00025620172,0.00026698626,0.00028317946,0.00046107732,287,test
0.9991084,0.00012925538,2.344602e-05,0.00022465255,9.173948e-05,7.31468e-05,0.00017140483,0.00017797125,288,test
0.9994122,9.267906e-05,6.559128e-06,0.00015749582,4.167711e-05,5.030524e-05,0.00011731955,0.000121703684,289,test
1.4873894e-05,0.00022295922,5.83337e-07,7.1816476e-06,4.83007e-05,0.99953187,8.3030995e-05,9.1224945e-05,290,test
2.3382278e-05,0.00041747646,1.5773279e-06,1.2650597e-05,8.700894e-05,0.99912494,0.000101631056,0.00023140223,291,test
0.0005226905,0.0021465998,0.99068165,0.0022472672,0.0016042531,0.00068599184,0.0011990638,0.0009124033,292,test
0.0042347168,0.002953098,0.9826524,0.0037916086,0.0027615877,0.0008177929,0.0017601999,0.0010286226,293,test
0.00044348944,0.0012967937,0.99307996,0.0020125925,0.001134612,0.0004947504,0.0008627999,0.0006750686,294,test
0.0013751532,0.002316518,0.98813695,0.0028394202,0.00206938,0.00089707685,0.0014274546,0.0009380557,295,test
0.0003882467,0.00041506154,4.4515546e-06,0.000277232,8.8179004e-05,0.0027457844,0.0061959284,0.9898852,296,test
5.012711e-06,0.99984217,4.09864e-06,2.217503e-05,1.8763003e-05,4.7983107e-05,3.5108103e-05,2.462653e-05,297,test
0.0003725638,0.00084000203,0.99487793,0.0015444685,0.00088517583,0.00036665084,0.0006012191,0.0005120413,298,test
9.398344e-05,0.00011854544,1.2494107e-07,5.3328866e-05,2.1239903e-05,7.3659976e-05,5.257413e-05,0.9995865,299,test
0.0002803858,0.0005825724,0.9964132,0.0011222729,0.00060940214,0.00022355733,0.00047710107,0.00029154704,300,test
0.00044004782,0.0017195788,0.99208695,0.0020672183,0.0013508938,0.0005914281,0.0009763256,0.000767654,301,test
0.00066473306,0.0022269732,0.9906323,0.0021958516,0.0016432772,0.0006180019,0.0011643043,0.00085460854,302,test
2.4281164e-05,0.00019028183,1.2779786e-05,2.9084591e-05,0.9993679,0.00018857504,9.057443e-05,9.647558e-05,303,test
0.0002632695,0.0012172031,0.994541,0.0015067012,0.0009473893,0.00041174874,0.0006196813,0.00049301307,304,test
0.00048218627,0.0008486859,0.994158,0.0016705147,0.0010776148,0.00038080104,0.00084757584,0.0005346279,305,test
0.00046879414,0.0019345129,0.9911438,0.0022159668,0.0017310303,0.0006787023,0.0010455943,0.0007816958,306,test
0.00041599933,0.001400615,0.9932857,0.0019008087,0.0010657619,0.0004910269,0.00079119625,0.00064884947,307,test
0.9993986,8.293961e-05,7.449168e-06,0.00012908521,4.7995127e-05,4.060204e-05,0.00013045556,0.00016280731,308,test
1.2221422e-05,0.0010798727,1.7003029e-05,3.3612905e-05,0.00037765436,0.99808925,0.00016542012,0.00022490184,309,test
0.00058318925,0.0015716833,0.9922367,0.0022371735,0.0012468648,0.0004923016,0.0009512507,0.00068079267,310,test
0.0014634873,0.0036505905,0.9832575,0.0042494913,0.002998893,0.00110358,0.0018379795,0.0014384065,311,test
0.00040253563,9.647334e-05,4.270112e-05,0.9990264,3.3954453e-05,3.059956e-05,3.6391284e-05,0.00033099443,312,test
3.7908612e-05,3.1125433e-05,3.0799752e-06,1.3336433e-05,2.1793927e-05,5.802593e-05,0.9997825,5.2217085e-05,313,test
0.0004185303,0.0015776545,0.9920368,0.002173624,0.0015041508,0.000643286,0.0009093879,0.0007364528,314,test
0.0003382717,0.0012055424,0.99387425,0.0019859208,0.0008497531,0.00044962697,0.0007365686,0.0005600692,315,test
0.99953496,9.9561235e-05,1.9028714e-06,0.00010282211,3.759848e-05,3.979304e-05,9.381418e-05,8.951035e-05,316,test
0.0005697826,0.0014442933,0.9925413,0.0020222927,0.0011760148,0.00050560356,0.001001729,0.0007389515,317,test
0.999406,0.000119208155,1.928699e-06,0.00012259757,4.243968e-05,5.8201284e-05,0.00012836077,0.000121260135,318,test
0.00051446434,0.0016815447,0.9917605,0.002242375,0.0013691039,0.000554352,0.0010678971,0.00080967747,319,test
0.00038768823,0.0011756899,0.9942331,0.0018105924,0.0008185497,0.00038668036,0.0006507964,0.00053697894,320,test
0.9993311,0.00010874639,9.01721e-06,0.00016287832,5.8814963e-05,5.8899383e-05,0.0001751365,9.5419324e-05,321,test
0.00051838654,0.0028217777,0.98882324,0.0028273296,0.0016323162,0.0008411725,0.0013769589,0.0011589027,322,test
0.9994778,8.530661e-05,4.46074e-06,0.00012654526,4.596876e-05,3.8767983e-05,0.00011259903,0.00010862935,323,test
0.00042672557,0.0011182731,0.9941942,0.001553638,0.0010509053,0.0003944747,0.0007188037,0.0005429904,324,test
0.0012917337,0.0014899679,0.0055935243,0.0008249823,0.98884845,0.0007151112,0.0006963511,0.00053990545,325,test
0.0005416017,0.0032763765,0.00024737354,0.00027943414,0.44452694,0.54679334,0.002986545,0.0013483852,326,test
0.9995278,8.387595e-05,2.307318e-06,0.00011348837,3.499436e-05,4.125101e-05,0.00010501076,9.1220914e-05,327,test
6.819546e-05,0.0004328132,0.9977495,0.00081404473,0.0004066797,0.00017888908,0.00023634582,0.00011344129,328,test
0.00035810377,0.0013320321,6.978447e-05,0.00017789696,0.99404764,0.0023094825,0.0007024999,0.0010025202,329,test
0.0011733654,0.005004979,0.9824623,0.0050061774,0.0023969307,0.0012205038,0.0016425075,0.0010933022,330,test
0.0005977541,0.0025315788,0.989198,0.0025690983,0.0018464266,0.00082885375,0.0013601492,0.0010681937,331,test
0.0013025199,0.003021732,0.9861579,0.0036268516,0.0024708188,0.0009054698,0.0014513563,0.0010633636,332,test
0.00023941325,0.0008441157,0.995447,0.0014943079,0.00064932124,0.0003298044,0.00058481144,0.0004112789,333,test
0.0005164899,0.0014066437,0.9927347,0.001991077,0.0010757446,0.00049311615,0.0010218258,0.00076057226,334,test
0.00041614677,0.0014651301,0.9927498,0.0019610196,0.0012834761,0.0005119769,0.00096705044,0.0006454296,335,test
5.3408447e-05,0.0004865163,0.9968616,0.0011675778,0.0006628978,0.00028019142,0.00030460441,0.00018319079,336,test
5.150763e-06,0.99966455,1.3566532e-05,6.563936e-05,6.0346352e-05,0.00012535551,3.0483012e-05,3.4996006e-05,337,test
1.6661063e-05,6.211181e-05,0.99884534,0.00033333316,0.0004546443,9.2481394e-05,0.00013072064,6.4701046e-05,338,test
2.8525501e-05,0.0001680792,0.99836487,0.00063046656,0.00040265,0.00012679287,0.00015524798,0.00012338969,339,test
0.999243,5.5605215e-05,2.896055e-06,0.00020139574,6.978748e-05,0.00010245238,0.00022937317,9.5418734e-05,340,test
0.9989065,0.00010105308,1.244144e-05,0.00028924525,0.00013521932,0.000108456734,0.0003200313,0.00012700063,341,test
0.9959376,0.000327376,0.00062047306,0.0010560257,0.00093815604,0.00017939787,0.0004633879,0.0004775542,342,test
1.2709924e-05,5.662823e-05,0.999087,0.00040653555,0.00021832845,6.668466e-05,9.645141e-05,5.566242e-05,343,test
1.2780842e-07,2.4307553e-06,1.0791721e-06,2.0113578e-06,0.9998938,8.428851e-05,1.4277e-05,1.9912472e-06,344,test
0.9993742,4.3250184e-05,8.735065e-06,0.00018767291,6.430434e-05,6.905898e-05,0.00017466416,7.81145e-05,345,test
3.0559784e-06,1.9701538e-05,0.99962735,0.00017482543,0.00010640895,2.8738765e-05,2.770126e-05,1.2152231e-05,346,test
3.0390293e-06,5.0331123e-06,1.0953231e-08,2.5839854e-05,6.032573e-06,1.1386794e-05,1.311082e-05,0.9999355,347,test
1.6096401e-05,7.826134e-05,0.99887997,0.00047168203,0.0002816233,8.327874e-05,0.00011364718,7.547373e-05,348,test
0.00014884301,0.055104617,0.0003591805,0.0012619301,0.0007590303,0.002501841,0.9335631,0.0063014124,349,test
1.4677342e-05,0.00056161534,0.99738187,0.00089141744,0.00056061224,0.0002523803,0.000208646,0.00012869468,350,test
1.586797e-05,0.00014335566,0.99840647,0.000672952,0.00039453557,0.00013188696,0.00012747703,0.00010750583,351,test
0.0046031876,0.0024869058,0.007032722,0.0142243765,0.05608435,0.0568212,0.83520746,0.02353981,352,test
0.9994079,4.0229243e-05,2.5152654e-06,0.00016462857,5.717385e-05,5.5807137e-05,0.00017205867,9.974815e-05,353,test
0.9623777,0.0005744535,0.022824187,0.0059703495,0.0021776333,0.0013775527,0.00280668,0.0018914347,354,test
1.1330058e-05,4.8483256e-05,0.99901223,0.000388737,0.00030294698,8.220801e-05,9.6826094e-05,5.7162008e-05,355,test
0.9994553,3.990418e-05,1.4549615e-06,0.00014091539,4.8409376e-05,8.131715e-05,0.00016311262,6.9739755e-05,356,test
9.031701e-06,3.5335022e-05,3.5716198e-07,5.108889e-05,4.5962573e-05,0.004048197,0.00019957521,0.99561054,357,test
3.3007957e-05,0.00031039986,0.99763846,0.00086746947,0.00055338576,0.00017261876,0.00023213534,0.00019250461,358,test
0.004044626,0.007816794,0.89953804,0.033805363,0.008577552,0.018704897,0.004822658,0.022689965,359,test
0.9994997,2.7620408e-05,1.264315e-06,0.00014555384,4.072249e-05,6.7555455e-05,0.00014845011,6.90417e-05,360,test
0.99969566,1.1570527e-05,2.339899e-06,0.00010914925,2.258841e-05,2.6005275e-05,8.580486e-05,4.680651e-05,361,test
2.4686366e-05,0.00011144503,0.9987925,0.00047308745,0.0002910692,9.1389884e-05,0.00012374345,9.208014e-05,362,test
0.00028801884,0.0006778886,0.9946966,0.0014717081,0.0015506202,0.00042267446,0.00045868632,0.00043378785,363,test
1.1844058e-05,7.448546e-05,0.99906486,0.00030493026,0.00026035518,7.891308e-05,0.0001481816,5.6412227e-05,364,test
0.00011293979,6.771791e-05,0.9978563,0.00066705793,0.00089003454,0.00013630222,0.00017911397,9.0427435e-05,365,test
1.6094833e-05,7.804073e-05,0.9990676,0.0004191159,0.00019685276,6.590064e-05,9.8822784e-05,5.7595287e-05,366,test
0.999316,4.6326124e-05,9.371678e-06,0.0001817216,8.217295e-05,7.083974e-05,0.00017893087,0.000114593655,367,test
2.8956495e-06,4.9085684e-06,2.8548893e-08,2.6499105e-05,5.239785e-06,6.4127504e-05,9.716474e-06,0.99988663,368,test
1.9260862e-05,9.15027e-05,0.9987931,0.00050903554,0.00033944356,8.053351e-05,0.0001000885,6.68822e-05,369,test
2.8389752e-05,0.00020782006,0.99800986,0.0007101237,0.00052845135,0.00016956653,0.00018856247,0.00015723839,370,test
1.6820517e-05,0.000116212184,0.99863535,0.0005331995,0.00035106484,0.000119271055,0.00013204684,9.608527e-05,371,test
1.1117496e-05,4.6187433e-05,0.9990902,0.00036363996,0.00027346145,7.079889e-05,9.569538e-05,4.9009624e-05,372,test
0.58492535,0.008517519,0.010316961,0.020718727,0.065367505,0.24456695,0.044429693,0.021157315,373,test
0.9994468,3.5871333e-05,4.6076243e-06,0.000160747,6.160544e-05,6.7587716e-05,0.00014378423,7.903312e-05,374,test
0.9994616,3.2250875e-05,4.8709517e-06,0.00020278945,5.240733e-05,5.5241107e-05,0.00010690646,8.3906e-05,375,test
2.439181e-05,9.756425e-05,0.9983889,0.00047609187,0.00064938306,0.0001236024,0.0001444203,9.581123e-05,376,test
8.113388e-06,2.7564756e-05,0.99934345,0.00031075097,0.00019359885,4.6161313e-05,4.657308e-05,2.3770013e-05,377,test
0.9994991,3.472855e-05,1.4546825e-06,0.00014385348,3.423705e-05,6.754968e-05,0.00015138558,6.769149e-05,378,test
0.99914694,4.3853863e-05,1.070386e-05,0.00029770247,8.616126e-05,4.825066e-05,0.00018386169,0.00018245539,379,test
1.973294e-05,0.000119400356,0.9982603,0.0007346949,0.00046089187,0.00012687287,0.00017258344,0.00010557796,380,test
2.6197318e-05,0.000153343,0.99816567,0.00067799946,0.00049392966,0.00015780679,0.00019336643,0.0001317963,381,test
3.4343639e-06,2.3750461e-05,0.99943894,0.00035313427,8.046686e-05,3.05446e-05,4.6772137e-05,2.2887454e-05,382,test
1.7050132e-05,9.939248e-05,0.9988166,0.00046275163,0.00030129502,9.4448245e-05,0.00012923354,7.9246674e-05,383,test
0.9987167,5.1611816e-05,5.8672336e-05,0.00039877408,0.0002692942,8.981171e-05,0.0003273348,8.785672e-05,384,test
0.999041,5.5840635e-05,1.3829225e-05,0.0002606575,0.00012154588,0.00013814139,0.0003238174,4.5069315e-05,385,test
0.9985617,6.582074e-05,5.1874347e-05,0.00046333758,0.00021939953,0.00012949426,0.00039829884,0.000110084446,386,test
3.0827912e-05,3.9947543e-05,1.0999134e-06,0.0002436098,6.887396e-05,9.713982e-05,0.00021856687,0.9992999,387,test
4.153759e-05,0.0018703812,1.5537444e-05,0.0002965492,0.00024627053,0.0022214768,0.00041425636,0.994894,388,test
3.6272793e-06,1.31332845e-05,0.9996228,0.00013772945,0.00013479505,2.619916e-05,4.8556398e-05,1.3080436e-05,389,test
0.99916995,2.8336199e-05,8.4052035e-06,0.00027782365,7.8927544e-05,0.00010478342,0.00029149227,4.0288305e-05,390,test
3.0523784e-06,0.00018224797,1.9656309e-05,3.381155e-05,0.010082663,0.98911464,0.00035942422,0.00020443297,391,test
0.997865,0.00010509784,0.0001309118,0.00065214175,0.00034299988,0.00016720832,0.00055888365,0.00017777213,392,test
0.9984365,5.0216026e-05,1.5842095e-05,0.00038378625,0.00016716421,0.00015748754,0.0006770516,0.00011196523,393,test
4.3607515e-06,2.3726516e-05,0.9993487,0.00018476158,0.0002629327,5.8234313e-05,9.450432e-05,2.2756873e-05,394,test
3.2869912e-06,2.4977022e-05,0.99945265,0.00019722541,0.00016514322,4.8939633e-05,8.371926e-05,2.40286e-05,395,test
2.9377172e-06,1.8922656e-05,0.99944323,0.00016438853,0.00021649824,5.0450988e-05,8.573322e-05,1.7735296e-05,396,test
3.919912e-06,2.5306119e-05,0.99950576,0.00017059773,0.00016266074,4.0348496e-05,7.098609e-05,2.0428442e-05,397,test
4.5165058e-07,4.251202e-06,0.99982005,6.98918e-05,7.227799e-05,1.3265542e-05,1.7175058e-05,2.6718903e-06,398,test
3.151297e-06,1.8853207e-05,0.99949324,0.00016408539,0.00017794305,4.2051808e-05,8.3134364e-05,1.7453784e-05,399,test
7.3270776e-06,0.9990895,0.00014416334,0.00019203757,0.00014562307,0.00024281403,0.0001343504,4.4112738e-05,400,test
1.975915e-06,1.1592638e-05,0.9995572,0.00013814872,0.00017988391,3.2458516e-05,6.636121e-05,1.2436183e-05,401,test
1.7125883e-06,5.105506e-06,0.9996979,9.0359965e-05,0.00013638784,1.7137327e-05,4.4492495e-05,6.970983e-06,402,test
3.0674257e-06,2.4445917e-05,0.9993838,0.00018430031,0.00024432642,5.623952e-05,8.192914e-05,2.1810287e-05,403,test
5.6352574e-06,5.3831292e-05,0.99926025,0.0003089481,0.00017855085,5.3279287e-05,0.00010137038,3.8162638e-05,404,test
9.412439e-06,0.9988011,0.000161439,0.00026724226,0.00020348975,0.0002992278,0.00018085829,7.719815e-05,405,test
6.5505587e-06,5.080298e-05,0.99920267,0.000349134,0.00019202233,5.9334066e-05,9.650527e-05,4.3059965e-05,406,test
0.99762374,0.00011305603,8.1712504e-05,0.0004997574,0.0003774098,0.00039967406,0.0007996039,0.00010508145,407,test
2.4532581e-05,2.3706943e-05,8.804678e-07,0.00021216008,5.4813583e-05,4.547444e-05,0.00016698295,0.99947137,408,test
0.9983139,7.1029426e-05,7.836382e-06,0.0003389151,0.00019894798,0.00026761676,0.00072857004,7.315628e-05,409,test
1.4045609e-06,8.176523e-06,0.99968946,9.70719e-05,0.00013033334,2.2835166e-05,4.2601085e-05,8.293388e-06,410,test
2.865388e-06,1.717825e-05,0.99951005,0.00016454211,0.00017609293,3.5431327e-05,7.720536e-05,1.6592856e-05,411,test
1.5446843e-05,0.00012520616,0.9981679,0.0004114816,0.00077605096,0.00014593494,0.00029624303,6.161074e-05,412,test
1.3830868e-05,0.9985386,8.029913e-05,0.0002519259,0.00021134826,0.00042393774,0.00034218736,0.00013794898,413,test
0.9981236,7.173215e-05,9.4201154e-05,0.00049712555,0.00024953505,0.00020247954,0.00063283485,0.0001285988,414,test
0.99416417,0.00034373597,0.0007249371,0.001424924,0.0008722739,0.00048616948,0.0014617929,0.00052201445,415,test
2.4534734e-06,1.29814225e-05,0.9996158,0.00013718578,0.00013735674,2.9333905e-05,5.191401e-05,1.2958466e-05,416,test
1.7055694e-06,7.449571e-06,0.9996413,0.00011339058,0.00015222892,2.6117592e-05,4.8391103e-05,9.405508e-06,417,test
3.048891e-06,1.7850962e-05,0.9995647,0.00018648004,0.00012054843,3.1805674e-05,5.9721744e-05,1.5891821e-05,418,test
1.538443e-06,9.626638e-06,0.9997112,9.9955956e-05,0.000102608166,2.3777558e-05,4.183515e-05,9.369968e-06,419,test
0.8882907,0.0012990336,0.0862462,0.008504676,0.005515609,0.0018248968,0.0064244485,0.0018943857,420,test
0.9988931,5.076806e-05,1.7295644e-05,0.00033107083,0.00012959914,0.00013055894,0.0003722315,7.547169e-05,421,test
0.9990717,2.914713e-05,1.4048735e-05,0.00031024695,0.00011144131,8.921352e-05,0.00031821395,5.5916473e-05,422,test
6.626057e-05,0.00030452028,0.99839455,0.00058667036,0.00033079833,0.00011636603,0.00016551286,3.5313937e-05,423,test
5.1481184e-06,0.9991474,0.00010579238,0.0001522424,0.0001553116,0.0002801788,0.00011811259,3.5873178e-05,424,test
0.9946926,0.00029075096,0.00027073713,0.00165499,0.0010934175,0.0003803583,0.0010482149,0.0005689558,425,test
0.9958683,0.00020717982,0.0007959697,0.0010822564,0.0006159682,0.00028292477,0.00088227773,0.00026499384,426,test
4.375756e-06,1.7710627e-05,0.99955326,0.00016041983,0.00013469173,3.3370605e-05,7.666515e-05,1.9527226e-05,427,test
1.622072e-06,8.047353e-06,0.9997043,0.00010381587,0.00010830987,2.0963134e-05,4.399313e-05,8.958286e-06,428,test
1.771475e-05,0.9988311,0.00015172263,0.00024332071,0.00021105744,0.0002729456,0.00021667784,5.5571792e-05,429,test
7.286151e-06,3.4492274e-05,0.99919385,0.00026054803,0.0003235801,6.5120046e-05,8.961303e-05,2.5573027e-05,430,test
0.9980691,6.751624e-05,5.4789583e-05,0.0005480046,0.00025970038,0.00014411763,0.0006685919,0.00018809142,431,test
0.99935514,3.6145535e-05,9.533298e-06,0.00020109514,8.7743945e-05,2.7881417e-05,0.00013707351,0.00014533279,432,test
4.289545e-06,0.00014982591,7.096928e-07,9.504373e-06,8.6957785e-05,0.9995732,0.00010530526,7.0383634e-05,433,test
5.511823e-05,0.00042260753,0.9973858,0.00083876954,0.00053994806,0.00015373621,0.0003372888,0.00026672543,434,test
0.99760985,0.00028766762,0.0001058048,0.0005153449,0.00031875566,0.00017721573,0.00052191014,0.00046356567,435,test
1.33753365e-05,8.0403086e-05,0.9990613,0.00045534273,0.00021228267,4.0154013e-05,8.2389895e-05,5.4778502e-05,436,test
5.5586603e-05,0.00018802588,0.9977584,0.00080211175,0.0005750076,0.00012010851,0.00030271942,0.00019798524,437,test
0.9990096,7.997123e-05,5.426915e-06,0.00023493422,8.146465e-05,6.056243e-05,0.00023137816,0.0002966637,438,test
4.130248e-05,0.00028941676,0.99779874,0.0008372635,0.00039937627,0.00012590582,0.0002940176,0.00021394194,439,test
2.0647492e-06,0.00014233385,1.4464506e-06,8.007757e-06,0.00037882285,0.9992792,0.000109220484,7.890232e-05,440,test
6.44665e-05,0.00022926155,0.9976611,0.00082666305,0.0006710594,0.00012857538,0.00024428562,0.00017455411,441,test
0.99871683,0.00012790567,8.542211e-06,0.00030341328,0.00012943978,0.00011928465,0.0002405286,0.00035414402,442,test
3.8825114e-05,0.0002879395,0.9977912,0.0008539567,0.00041091972,0.0001216887,0.00028903887,0.00020646988,443,test
2.4482493e-05,0.00031728702,2.8956436e-05,6.7598776e-05,0.99827194,0.0007875884,0.00027086123,0.00023133612,444,test
0.9984547,0.00018189687,1.39836e-05,0.00033768488,0.00017755093,0.00013423675,0.000340908,0.00035893053,445,test
9.599213e-05,0.00051083305,0.9966545,0.0010061227,0.0008103678,0.00020237114,0.00042804825,0.00029163994,446,test
0.00012339567,0.0007125226,0.995503,0.0013122606,0.001121389,0.00027111667,0.0005328566,0.0004235447,447,test
6.711254e-05,0.00042789322,0.99648786,0.0011796419,0.0008733331,0.0002253132,0.00041700443,0.00032188068,448,test
6.1375074e-05,0.00021691578,0.9972025,0.000937939,0.0007966048,0.0001736126,0.00035798448,0.00025319983,449,test
7.129531e-05,0.005479126,5.3223335e-05,0.0007229112,0.022304373,0.81673473,0.0030532987,0.15158102,450,test
0.000111172594,0.0003134755,0.9973016,0.0009517524,0.00062447664,0.00013515304,0.0003153435,0.00024700662,451,test
4.9736427e-05,0.00031903325,0.9976058,0.0009326564,0.00039087952,0.00013347174,0.00029488283,0.0002734721,452,test
9.8869765e-05,0.00064591866,0.9957321,0.0011971499,0.0010958606,0.00027287833,0.0005273107,0.00042994684,453,test
9.609335e-06,5.3917215e-06,8.905287e-06,0.9999007,7.314414e-06,1.9634224e-06,5.836906e-06,6.014851e-05,454,test
0.99821883,0.00014091002,2.1511338e-05,0.00040820666,0.00017602519,0.00010775073,0.0004742513,0.00045250467,455,test
6.142177e-05,0.00037583598,0.9972059,0.00093018316,0.00065863784,0.00018127046,0.0003564692,0.0002302874,456,test
3.3639328e-06,3.0429344e-06,4.1500516e-07,3.4094596e-06,7.564642e-06,1.3062242e-05,0.9999523,1.6833368e-05,457,test
0.99924684,8.02435e-05,3.731468e-06,0.00019013924,7.5029566e-05,5.239817e-05,0.00018821408,0.00016345836,458,test
5.817867e-05,0.00024413304,0.99763334,0.0008850063,0.0005568227,0.00013157197,0.00027280836,0.00021817427,459,test
1.387161e-06,0.99973804,6.139042e-06,4.297069e-05,5.0099985e-05,6.759187e-05,3.993241e-05,5.37922e-05,460,test
6.453822e-05,0.00025571627,0.9973916,0.00080839393,0.0007190823,0.00015711116,0.00031936012,0.000284135,461,test
0.99897563,7.961087e-05,1.1716887e-05,0.00025153888,9.946073e-05,5.8286285e-05,0.00021866981,0.0003050752,462,test
4.8533737e-05,0.00030975608,0.99750346,0.0008959983,0.00053105515,0.00015017386,0.00032144607,0.00023967343,463,test
6.5352026e-05,0.000344067,0.99727625,0.0010080608,0.000533064,0.00015805714,0.00032829068,0.0002868858,464,test
0.0002240499,0.0008658196,0.9934412,0.002416424,0.0014973201,0.00033573757,0.0006838218,0.00053568196,465,test
0.9993297,5.6564088e-05,4.9246787e-06,0.00018295506,6.603049e-05,5.1735184e-05,0.0001716183,0.00013652988,466,test
0.99907327,5.889351e-05,8.048241e-06,0.00023611206,8.975402e-05,4.5841956e-05,0.00020770628,0.00028030417,467,test
2.398623e-05,0.00010257482,0.99868506,0.0004993299,0.0003368791,7.1152055e-05,0.00017835059,0.00010267356,468,test
8.968887e-05,0.0006127707,0.9961397,0.0012680835,0.0007666858,0.0002449815,0.00048050418,0.00039758164,469,test
2.7205604e-05,0.00012414843,0.9986992,0.0005239463,0.00024591497,7.184358e-05,0.00018072655,0.00012702793,470,test
6.9853864e-05,0.00020904272,0.9973979,0.0009786107,0.0006276445,0.00015169433,0.00032216453,0.00024313244,471,test
3.4346685e-05,0.00017235494,0.9984182,0.0005760142,0.0003523244,8.863768e-05,0.0002178158,0.00014024686,472,test
0.000112354996,0.0004013393,0.9964379,0.0012023244,0.0008526118,0.00021066322,0.00039127268,0.0003915035,473,test
7.686763e-05,0.00047637324,0.9961301,0.0012585036,0.00086057914,0.00025454347,0.00054183806,0.00040125742,474,test
4.6409863e-05,0.0002742932,0.9977196,0.00080627867,0.0004962488,0.00013050533,0.00029423521,0.00023231746,475,test
4.782828e-05,0.00026011685,0.9975032,0.00086176133,0.0007104072,0.00014789398,0.0002654276,0.0002034423,476,test
0.00011579874,0.00043202136,0.99613273,0.0013502077,0.0010106737,0.00019685562,0.00043971557,0.0003219833,477,test
3.639826e-05,0.00012294388,0.9984779,0.0005394431,0.00045198886,7.772201e-05,0.00018267591,0.00011096308,478,test
8.192635e-07,0.9997836,2.8862423e-06,3.2895958e-05,3.6175377e-05,5.8902508e-05,3.641202e-05,4.836832e-05,479,test
0.9996693,1.464411e-05,2.8717789e-06,0.00012302182,2.6081909e-05,1.3712489e-05,0.000121456455,2.896723e-05,480,test
3.9651026e-05,7.587697e-05,0.99891853,0.0004913029,0.00021508695,4.461619e-05,0.00016337849,5.1581894e-05,481,test
8.952535e-05,4.661096e-05,8.893333e-07,0.0002886289,3.821402e-05,3.6290716e-05,0.00021208085,0.9992878,482,test
0.00010471016,0.002250134,0.00031644592,0.00034938275,0.05916047,0.9348925,0.0018163003,0.0011100376,483,test
2.3667906e-05,0.9993063,8.794692e-05,0.00021718985,8.324987e-05,8.913215e-05,0.00013848003,5.4004646e-05,484,test
5.6646575e-05,0.00012807657,0.9984237,0.000661292,0.0002986615,6.345755e-05,0.00027700045,9.128298e-05,485,test
5.5780645e-05,0.00013629833,0.9984276,0.0007400649,0.0002310225,6.476298e-05,0.00025139275,9.302605e-05,486,test
2.721493e-05,4.1775642e-05,0.9993113,0.00033332204,0.00013381701,2.4838508e-05,9.560006e-05,3.1971173e-05,487,test
5.7074656e-05,3.926157e-05,6.7367074e-07,0.00030193847,2.890365e-05,2.9405333e-05,0.00020314695,0.9993395,488,test
5.4786116e-05,4.527161e-05,0.9991535,0.00037160685,0.0001534292,2.5688538e-05,0.00015520031,4.0507777e-05,489,test
0.9994512,2.9934561e-05,7.2706516e-06,0.00019179571,4.5923807e-05,2.4288074e-05,0.00019400696,5.5704117e-05,490,test
1.1384414e-05,2.117819e-05,0.99958163,0.00022959578,6.8514084e-05,1.4952376e-05,5.993318e-05,1.2714787e-05,491,test
2.591167e-05,3.924425e-05,0.9991836,0.0003499931,0.00019747227,3.3570075e-05,0.00013482952,3.545957e-05,492,test
5.7013513e-05,0.000115836876,0.9986155,0.0005745621,0.000266104,5.3424104e-05,0.00023732964,8.0179496e-05,493,test
2.4649486e-05,2.9989023e-05,0.99924064,0.00033939217,0.00017778341,2.7286183e-05,0.0001277345,3.2647196e-05,494,test
6.434905e-06,1.6468723e-05,0.9996854,0.00016453049,6.120052e-05,1.1664839e-05,4.569204e-05,8.6069385e-06,495,test
3.1445637e-05,0.00014391118,2.2032105e-05,3.7440896e-05,6.859986e-05,0.99941003,0.00025773435,2.8833447e-05,496,test
1.6883594e-05,2.631117e-05,0.99950707,0.00024060212,9.2460265e-05,1.559211e-05,8.183202e-05,1.9159846e-05,497,test
3.3171666e-05,5.6010424e-05,0.999175,0.00038988513,0.00015064447,3.154137e-05,0.00013057188,3.3191314e-05,498,test
3.6089565e-05,9.456066e-05,0.9986778,0.0005997469,0.00033156123,4.2883545e-05,0.000169038,4.832976e-05,499,test
2.6203194e-05,5.0067054e-05,0.99923444,0.00034661457,0.00015264923,2.7969445e-05,0.000127981,3.419435e-05,500,test
2.2440907e-05,5.1244737e-05,0.9992269,0.00035360354,0.00015364957,2.9592746e-05,0.0001283761,3.4142442e-05,501,test
4.918043e-05,6.935467e-05,0.00021112326,0.00011196611,0.99919313,9.451062e-05,0.00021720315,5.3563293e-05,502,test
3.817329e-05,8.702576e-05,0.998976,0.00044663847,0.00016982766,4.0287665e-05,0.00018586859,5.6132936e-05,503,test
0.00026620922,0.00015205193,3.7149503e-06,0.0010781155,0.00021741749,0.00022785917,0.0006302672,0.9974245,504,test
0.9995722,1.8342902e-05,8.448939e-06,0.00017416514,4.59309e-05,1.5691701e-05,0.0001404198,2.4906363e-05,505,test
3.9292852e-05,0.00010754589,0.9987919,0.00052483287,0.00021772801,4.8833965e-05,0.00020859034,6.1234285e-05,506,test
5.262967e-05,0.00012475377,0.9986119,0.0006051867,0.00026253425,5.5080884e-05,0.00021287898,7.502832e-05,507,test
0.40196183,0.002702221,0.57192355,0.009596427,0.0048739673,0.00096173567,0.005660232,0.0023200253,508,test
6.448175e-05,0.00014765833,0.99847394,0.0007248797,0.00021042254,5.906286e-05,0.00023348854,8.601023e-05,509,test
3.7015932e-05,4.352892e-05,0.99921596,0.00036254438,0.0001415977,2.7860551e-05,0.00013340787,3.807915e-05,510,test
4.157025e-05,0.000379585,1.9514006e-05,4.578339e-05,0.00018154921,0.9986204,0.00045869863,0.0002529008,511,test
0.9996289,1.7139348e-05,8.064169e-06,0.00015831552,3.5215722e-05,1.3822789e-05,0.00010704496,3.1466025e-05,512,test
0.00046503544,0.018586118,0.006285177,0.0054612393,0.46091402,0.48077476,0.006284307,0.021229472,513,test
4.0038445e-05,6.365996e-05,0.9990754,0.00039075245,0.00016186725,3.418079e-05,0.00019113265,4.2886837e-05,514,test
4.87964e-05,6.05609e-05,0.9990282,0.00046802947,0.00018627048,3.184528e-05,0.00012800864,4.822859e-05,515,test
1.8530489e-05,3.1090105e-05,0.9993919,0.00029568843,9.4682255e-05,2.2013035e-05,0.00011966333,2.6431973e-05,516,test
0.99899703,7.3401534e-05,3.556514e-05,0.00031671845,0.00011089877,5.030127e-05,0.00032575135,9.038682e-05,517,test
4.059241e-05,6.294912e-05,0.9992017,0.00028576964,0.00020998191,2.9386701e-05,0.0001408423,2.8766195e-05,518,test
0.9996717,1.2013936e-05,7.748684e-06,0.0001461318,2.740012e-05,9.984535e-06,0.00010197928,2.3022198e-05,519,test
6.0934497e-05,0.0001185815,0.99845934,0.00067713554,0.00029064124,6.37567e-05,0.0002368347,9.27297e-05,520,test
0.9988663,6.869161e-05,1.6390295e-05,0.00035314722,9.04112e-05,5.0010964e-05,0.0004271014,0.00012797715,521,test
0.9997043,1.2880767e-05,2.7435776e-06,0.000115295596,2.410326e-05,1.5503201e-05,0.00010489517,2.0318765e-05,522,test
6.278795e-06,1.4895571e-05,0.9996911,0.00017576627,4.575662e-05,1.1466613e-05,4.4572032e-05,1.0083098e-05,523,test
0.9996325,2.3493447e-05,4.904378e-06,0.00014458668,3.3997545e-05,1.7072118e-05,0.000111462614,3.1942218e-05,524,test
0.0012239132,0.00022287104,5.031657e-06,0.00085309416,0.000100135425,6.726026e-05,0.00068292714,0.99684477,525,test
3.1657706e-05,6.645875e-05,0.99898475,0.00046994843,0.0001911102,3.9357e-05,0.00016444435,5.2191343e-05,526,test
1.2498281e-05,0.99943787,4.838458e-05,0.00015153881,6.2491046e-05,7.385391e-05,0.00016343972,4.992499e-05,527,test
4.2562686e-05,0.00025333973,0.99803036,0.0008747605,0.00035637422,0.00012487745,0.0002166977,0.00010105086,528,test
7.181656e-06,0.0001380457,4.2210224e-05,3.3394062e-05,0.9994273,0.00025250408,6.929686e-05,3.0072304e-05,529,test
9.180923e-05,0.00083564635,0.9959233,0.0015034163,0.00068234693,0.00027294972,0.00044082716,0.00024974646,530,test
0.9993274,8.207982e-05,5.525516e-06,0.00018258722,6.149319e-05,6.162498e-05,0.0001752966,0.00010394314,531,test
0.0030576636,0.9898024,0.0002617719,0.00089972926,0.00093752914,0.0008083641,0.0040373,0.00019524006,532,test
6.323241e-05,0.00060478103,0.9969072,0.0012063354,0.00047719243,0.0001963383,0.0003677736,0.00017717587,533,test
2.6640813e-05,6.217053e-05,7.9681485e-08,0.00011524345,2.075804e-05,2.6451018e-05,5.9839706e-05,0.99968874,534,test
0.9993839,7.233759e-05,4.9348096e-06,0.00018141759,6.485903e-05,4.4850163e-05,0.00016725616,8.044348e-05,535,test
0.00010758675,0.0008101402,0.9958692,0.0014601264,0.00074423733,0.0002872399,0.00046906376,0.00025239054,536,test
5.0344002e-05,0.0006242391,0.9970976,0.0011959443,0.00040352112,0.00018117385,0.00028798037,0.00015917685,537,test
6.4279404e-05,0.00040561144,0.9971764,0.0012495465,0.0004327581,0.00019504224,0.00031236815,0.0001640304,538,test
0.9991779,5.1054816e-05,8.199381e-06,0.00029244745,0.00012242088,3.3817694e-05,0.00018711497,0.00012702667,539,test
2.7907061e-05,8.499812e-05,8.514582e-08,0.00012102233,1.0803167e-05,3.865274e-05,8.487119e-05,0.9996315,540,test
0.0010596323,0.04896836,0.0009600746,0.005445432,0.023644343,0.8583419,0.007798242,0.053782005,541,test
0.00011311864,0.0005708621,0.9964424,0.0013685164,0.00065245846,0.0002423657,0.00037294993,0.00023726052,542,test
9.289247e-05,0.0008844867,0.9961272,0.0014553724,0.00055301085,0.00022564747,0.00044462443,0.00021689442,543,test
5.2761552e-05,0.00040201066,0.9978715,0.0008317332,0.00033966798,0.00013364015,0.00024729254,0.00012139919,544,test
5.493773e-05,0.00042435952,0.99731964,0.0011861373,0.0003919025,0.00017461338,0.00028382498,0.0001647039,545,test
1.14553295e-05,4.8926322e-05,1.8847321e-06,2.9423605e-05,3.6510763e-05,6.18647e-05,0.9997317,7.825453e-05,546,test
8.245874e-06,0.0011802469,2.3935092e-05,7.491763e-05,0.0002589987,0.99576557,0.0001865939,0.0025013937,547,test
0.0056436253,0.002544868,0.9824609,0.004900179,0.001924856,0.0006380219,0.0011696221,0.000717899,548,test
0.9988662,0.00017476777,9.0647445e-06,0.0002694676,0.000117966556,0.00010535218,0.00030332417,0.00015391097,549,test
0.9993117,0.000102132115,2.6060932e-06,0.00018595588,6.502663e-05,7.6579185e-05,0.00017195943,8.41357e-05,550,test
8.318689e-05,0.0006621118,0.99640524,0.001334035,0.0006383442,0.00021463318,0.0004505878,0.00021204607,551,test
1.1857109e-06,0.00011682103,3.543687e-07,5.354077e-06,4.400653e-05,0.9998067,1.7904393e-05,7.716315e-06,552,test
7.978129e-05,0.00045571587,0.9971655,0.0011794313,0.000478954,0.00015780736,0.00032329027,0.00015955398,553,test
3.985005e-06,0.00012592069,6.0827944e-07,6.5188656e-06,3.610424e-05,0.99969304,5.6367815e-05,7.7458906e-05,554,test
0.9995376,5.3642496e-05,2.5995548e-06,0.00013808647,5.3741267e-05,3.767115e-05,0.000120408775,5.631011e-05,555,test
6.742623e-05,0.0004643381,0.9969914,0.0012325854,0.0005585214,0.00018605123,0.00032450203,0.0001751412,556,test
0.9991966,0.00010212981,4.587488e-06,0.0002422128,8.179514e-05,8.384096e-05,0.00019174867,9.713718e-05,557,test
5.9319635e-05,0.00026947426,0.9979664,0.0009430222,0.00033830444,0.00011643721,0.00019608879,0.00011109605,558,test
8.339909e-05,0.00025619369,0.998147,0.00085245736,0.00028655631,8.2042236e-05,0.00018451829,0.000107805674,559,test
0.99956113,5.472193e-05,2.1687051e-06,0.00012357265,3.842535e-05,3.5643672e-05,0.00012942549,5.496493e-05,560,test
4.1629246e-05,0.0003149954,0.9980064,0.00083606446,0.00038860456,0.00012400198,0.00019578906,9.255638e-05,561,test
3.074927e-05,0.00019167957,0.9984061,0.0006891117,0.0003326665,9.5788215e-05,0.00018770651,6.63126e-05,562,test
8.991382e-05,0.0005741934,0.9969406,0.0010586923,0.0005128788,0.00019505787,0.0004275287,0.00020114989,563,test
6.5504064e-05,0.00029374415,0.9976782,0.0009536249,0.0004909243,0.00012593516,0.0002728594,0.000119194934,564,test
3.455309e-05,0.00017724914,0.9982949,0.0006956575,0.00039141125,0.00010779511,0.00022486794,7.352839e-05,565,test
7.6795004e-05,0.0006563293,0.9965622,0.0013887703,0.00047067102,0.00021949314,0.00039420885,0.00023166431,566,test
6.391861e-05,0.00038792595,0.9975424,0.0010973399,0.00032558673,0.00013347177,0.00029653352,0.00015292766,567,test
0.999255,8.358273e-05,3.7661885e-06,0.00020449053,5.8097725e-05,5.579648e-05,0.00019631465,0.00014289757,568,test
0.999288,9.497074e-05,5.348647e-06,0.00022679433,8.257017e-05,6.499043e-05,0.00015895188,7.837025e-05,569,test
0.99943274,6.642892e-05,5.3305685e-06,0.00017669078,5.9023805e-05,4.812772e-05,0.00012229607,8.9417335e-05,570,test
0.001213306,0.0022001592,0.98906016,0.0035961086,0.0019312553,0.0006370453,0.0008708752,0.0004911371,571,test
1.1161821e-06,0.00012710493,7.2566894e-07,8.163869e-06,4.4118693e-05,0.99977726,2.4346959e-05,1.7216073e-05,572,test
6.472643e-05,0.0007408133,0.9965431,0.0013772926,0.00048851734,0.00022950993,0.00035133236,0.00020478023,573,test
4.827349e-05,0.00043796442,0.9976712,0.0009205727,0.0003677383,0.00014679787,0.00028064693,0.0001267078,574,test
1.0923344e-05,7.871156e-05,2.0268484e-05,2.9303563e-05,0.9996289,0.00015750308,5.742915e-05,1.6961685e-05,575,test
7.477528e-07,2.7172648e-05,0.99974746,9.3037874e-05,8.845959e-05,1.0470525e-05,2.629131e-05,6.2133977e-06,576,test
8.2503044e-07,3.544208e-05,0.9997763,9.695228e-05,4.9592392e-05,7.539379e-06,2.7331682e-05,6.0503767e-06,577,test
1.5018884e-05,0.00014781336,2.7832639e-06,0.00033258644,0.00014830347,6.022635e-05,0.00024739755,0.9990458,578,test
0.07348319,0.8987854,0.0049268194,0.003287396,0.008424177,0.0048489533,0.0055998857,0.0006441312,579,test
1.3374192e-06,6.568356e-05,0.999632,0.00013149365,0.0001040625,1.3463356e-05,4.206591e-05,9.925959e-06,580,test
0.9880656,0.001294706,0.003123658,0.0024096312,0.0020005351,0.000554046,0.001996719,0.000555035,581,test
3.6637104e-07,1.7671173e-05,0.99987304,6.326624e-05,2.6438569e-05,3.8144203e-06,1.2743431e-05,2.573256e-06,582,test
0.9952554,0.0004497617,0.00033643376,0.001521659,0.0006787598,0.0002650746,0.0010717446,0.00042106753,583,test
0.99664235,0.0002859514,0.00024375519,0.0012356081,0.0005131092,0.00017278848,0.00069181673,0.00021456472,584,test
9.096515e-07,3.4718545e-05,0.9997192,0.00012255066,8.071264e-05,9.306324e-06,2.6475447e-05,6.0905954e-06,585,test
3.6052932e-06,4.2053925e-05,0.999658,0.00013718725,0.000105053885,9.850746e-06,3.53623e-05,8.79753e-06,586,test
5.226008e-07,1.2268947e-05,0.9998561,6.3186424e-05,4.466846e-05,4.175836e-06,1.618689e-05,2.9067196e-06,587,test
4.075134e-05,0.00054541853,1.1007989e-05,0.00065505266,0.000274712,0.00014170217,0.00066342746,0.99766797,588,test
9.691084e-07,2.858708e-05,0.999777,8.90459e-05,6.7703215e-05,7.2261055e-06,2.4474246e-05,5.0604967e-06,589,test
5.337343e-07,2.18227e-05,0.9998429,6.950362e-05,3.8732578e-05,5.248228e-06,1.7404598e-05,3.918685e-06,590,test
1.5293797e-05,0.00022896165,0.0025101425,0.0001576543,6.379762e-05,0.00013122206,0.9967828,0.00011003693,591,test
0.9948407,0.0004099708,0.00079093385,0.001778578,0.00077326683,0.00025525838,0.00085045403,0.00030093314,592,test
0.9951361,0.000351013,0.00058002083,0.001648001,0.0008292131,0.00020408897,0.00093890185,0.00031272174,593,test
2.3166325e-05,0.00011940506,4.2198503e-06,0.000509612,0.00012826039,7.186012e-05,0.0002161262,0.9989273,594,test
0.9947194,0.0004899522,0.00030310257,0.0016813406,0.00069024623,0.00029950333,0.0012357571,0.000580758,595,test
0.9949674,0.0005574803,0.00033182945,0.0014013957,0.0008254404,0.0003351103,0.0011579512,0.00042348885,596,test
1.3680832e-07,8.7209655e-06,0.9999138,4.2241812e-05,2.5121088e-05,2.3670564e-06,6.496595e-06,1.0078666e-06,597,test
1.1692986e-06,4.0995234e-05,0.9996013,0.00011385284,0.00020005573,1.12889775e-05,2.5306921e-05,6.017401e-06,598,test
0.3633083,0.05367137,0.1318372,0.027652608,0.056035846,0.2905056,0.07404157,0.0029474932,599,test
0.9960141,0.00032120067,0.00021852051,0.001288933,0.0006579748,0.00025200198,0.0009983506,0.00024885527,600,test
8.356121e-07,2.2002509e-05,0.99981564,8.005033e-05,5.2458952e-05,6.513779e-06,1.8106832e-05,4.3947266e-06,601,test
0.99716944,0.00023231248,0.00015851585,0.0009541558,0.0004441081,0.00015599803,0.00068631244,0.00019919331,602,test
0.99585754,0.00038270457,0.00030387944,0.0014468065,0.00065714814,0.00020395704,0.00079266663,0.00035526717,603,test
0.99521744,0.00051494443,0.00066372444,0.0014172788,0.0008546636,0.00024822616,0.00082772365,0.00025607127,604,test
0.9958937,0.00039446852,0.00026647095,0.0012349392,0.00062070764,0.00025559752,0.001036914,0.0002972367,605,test
0.9969296,0.0003226268,0.00014942893,0.0010792617,0.0005286885,0.00017627259,0.0006068043,0.00020736281,606,test
0.99443346,0.00057261554,0.0005044183,0.0017229154,0.0010668006,0.00030376628,0.0010121522,0.00038394838,607,test
8.373005e-07,3.9680333e-05,0.99974746,0.000113721144,5.599695e-05,9.276963e-06,2.6141024e-05,6.860827e-06,608,test
0.99610907,0.00042374837,0.00021568114,0.0012398591,0.0005384467,0.00030143178,0.00092423905,0.00024759775,609,test
8.6081536e-07,0.00013833265,3.8495127e-06,6.732192e-06,0.00023443102,0.99950767,9.863323e-05,9.425547e-06,610,test
7.043043e-07,3.503024e-05,0.99980015,8.719446e-05,4.3570442e-05,7.1313775e-06,2.1279642e-05,4.917472e-06,611,test
0.99494874,0.0006939347,0.00021284577,0.0013811104,0.0008467099,0.0004115885,0.0011940643,0.00031095394,612,test
1.0827863e-06,0.00059994776,5.438027e-05,2.9843319e-05,0.0007554137,0.99838996,8.418116e-05,8.53036e-05,613,test
8.610362e-07,1.6688206e-05,0.99979836,8.677654e-05,6.177614e-05,5.0791323e-06,2.5175406e-05,5.2601495e-06,614,test
0.70983773,0.25368991,0.0037402965,0.00527843,0.012008491,0.0064253095,0.007168484,0.0018513363,615,test
4.2170538e-07,0.9998512,5.0707404e-05,3.1146457e-05,2.457432e-05,1.429364e-05,2.369041e-05,3.8949397e-06,616,test
8.574079e-07,1.3313315e-05,0.9998356,7.497326e-05,4.6835572e-05,4.9894606e-06,1.9580317e-05,3.8631456e-06,617,test
1.2680924e-06,6.097601e-05,0.9996724,0.00013041068,7.873248e-05,1.2937971e-05,3.4468107e-05,8.842035e-06,618,test
0.99392277,0.00074686314,0.0005648088,0.0016388178,0.0010462035,0.00048568076,0.0013415776,0.00025324756,619,test
6.170779e-07,3.0194647e-05,0.9997899,0.00010020941,4.8979866e-05,5.816334e-06,1.8448238e-05,5.888847e-06,620,test
0.9923556,0.0011282522,0.0007957164,0.0018110507,0.0012604953,0.00062353007,0.0015689863,0.00045642018,621,test
0.99557626,0.00048544508,0.00021542727,0.0013647884,0.0007914983,0.00025565136,0.0009756005,0.00033546105,622,test
7.415163e-07,2.9758077e-05,0.99977213,6.706425e-05,0.00010182305,5.565315e-06,2.013711e-05,2.7250221e-06,623,test
0.93555427,0.005466154,0.0009970759,0.0053016855,0.004751281,0.031030051,0.011473159,0.005426389,624,test
5.490505e-09,2.7295278e-07,2.8304678e-12,9.672052e-07,4.8436215e-07,6.9801706e-07,6.1721465e-07,0.999997,625,test
0.9987551,8.8092755e-05,1.7923186e-06,0.00018921669,0.00011304486,0.00010993966,0.000339725,0.00040322557,626,test
1.1833816e-05,0.0001152671,0.99829227,0.00056445535,0.0004838863,0.00016463718,0.0002495434,0.00011807781,627,test
2.9503813e-05,0.0006669665,0.9945799,0.0013919056,0.0015234828,0.00065810565,0.0006128065,0.000537372,628,test
1.6870341e-05,0.00039383816,0.9967519,0.001195959,0.00057821546,0.00030528425,0.00040240606,0.0003554765,629,test
6.415185e-05,0.0011022787,0.99301416,0.0016412633,0.0018847572,0.0007283558,0.00085157197,0.00071339915,630,test
1.9663845e-05,0.00048331812,0.99606544,0.0011040568,0.0009870187,0.0004522048,0.00052675273,0.00036163226,631,test
0.9979944,0.00014046367,3.324196e-06,0.0003301027,0.00018044579,0.00019536201,0.0005678894,0.0005880361,632,test
2.0618374e-05,0.00026273238,0.9974033,0.0009155271,0.0005872589,0.00023527272,0.00034251946,0.00023258093,633,test
1.2794118e-05,9.775855e-05,0.99799395,0.0007211811,0.0005888509,0.00018132084,0.00026828444,0.00013589072,634,test
1.45424365e-05,0.00051049003,0.99600226,0.0013639649,0.00076770526,0.00041968084,0.0004765136,0.00044485816,635,test
7.447968e-09,0.99997306,4.4549004e-08,3.2385374e-06,1.6691848e-06,1.387321e-05,2.8772247e-06,5.2543996e-06,636,test
1.1727611e-09,1.41234e-06,6.29942e-10,5.9437923e-08,1.3256285e-06,0.9999951,1.2020372e-06,8.560681e-07,637,test
1.4415081e-05,0.00012366998,0.9980034,0.0006172753,0.00065937295,0.000163684,0.0002860668,0.00013213896,638,test
2.3975643e-05,0.0006140478,0.9955101,0.001357425,0.0010554309,0.00050592684,0.0005267609,0.00040623912,639,test
2.560984e-05,0.0004342711,0.99630535,0.0011799163,0.0009509717,0.00034086264,0.0004455906,0.00031734825,640,test
2.4782175e-05,0.00032070687,0.9964366,0.0011595583,0.0009737835,0.00033059667,0.00042572134,0.00032824738,641,test
0.9989236,5.961518e-05,3.000072e-06,0.0002487275,0.00010423062,0.00010245109,0.00032112704,0.00023726457,642,test
0.9980521,0.0001412361,6.563722e-06,0.0003696397,0.00015155949,0.00020513959,0.0005692195,0.0005045312,643,test
1.7777427e-05,0.00024061518,0.996777,0.00090398954,0.0009918318,0.0003403005,0.00048169965,0.00024676629,644,test
1.47412e-05,0.0002054395,0.99743634,0.0007871014,0.00076749607,0.00029780786,0.0002777026,0.00021335311,645,test
3.0363053e-05,0.00059944205,0.9948137,0.0015460013,0.001285763,0.0005802818,0.00065162743,0.0004928579,646,test
1.0556348e-05,0.00024894325,0.9972229,0.00094167824,0.0007138986,0.00032822677,0.0003361747,0.0001976093,647,test
5.1799543e-05,0.0006075898,0.9952863,0.0012730026,0.0013171731,0.00043393613,0.0006399868,0.00039025265,648,test
2.7394346e-05,0.000787879,0.99520665,0.0016209609,0.0009477387,0.00051070796,0.00050495256,0.000393719,649,test
0.00016924973,0.0007862344,0.99365085,0.002123984,0.0012164953,0.00052610907,0.0009923737,0.0005346411,650,test
0.9967451,0.00024286442,7.147531e-05,0.00067153363,0.00042430597,0.00039428216,0.001028062,0.0004222517,651,test
2.472348e-05,0.00055526115,0.9956136,0.0014343733,0.000898832,0.00042294833,0.0006065453,0.0004438283,652,test
1.4992449e-05,0.00044581076,0.9968014,0.0009817793,0.0007502229,0.0003271479,0.0004488762,0.0002296412,653,test
0.9966755,0.00030904595,9.133469e-06,0.00048012042,0.00034690867,0.0004203115,0.001059258,0.00069974066,654,test
2.6088712e-05,0.0006404763,0.99499786,0.0013988989,0.0013044077,0.00054849434,0.00061738235,0.0004663659,655,test
6.176968e-06,0.0001249547,0.9986621,0.0005617094,0.000278541,0.00010818798,0.00015956213,9.877137e-05,656,test
0.9990582,7.459016e-05,1.3311407e-06,0.0002058187,0.00011694204,0.00013077418,0.00026025786,0.00015210039,657,test
1.9891295e-05,0.0003850895,0.996536,0.0010690219,0.0008740448,0.00037314027,0.00042872183,0.00031406374,658,test
1.600083e-05,0.00038460357,0.99614465,0.0011555469,0.0010550543,0.00044045132,0.00045489258,0.00034874282,659,test
0.9979056,0.00015089738,5.466911e-06,0.00042468455,0.00021336271,0.00016029185,0.0005763953,0.0005632332,660,test
4.3342684e-06,5.9545033e-05,0.99914134,0.0003930979,0.00019111992,8.134046e-05,7.884104e-05,5.0392522e-05,661,test
0.99778545,0.00018216351,2.2021562e-05,0.00043100835,0.00030406035,0.00019599062,0.00047310942,0.0006061694,662,test
2.2997656e-05,0.00040433317,0.9953477,0.0012320282,0.0015183014,0.00053842756,0.00054666173,0.00038960142,663,test
1.31697225e-05,0.00029888516,0.9970059,0.001087431,0.0006399628,0.00030419443,0.00036304918,0.00028743478,664,test
1.1404063e-08,0.99997413,5.435719e-08,4.1513003e-06,2.1949143e-06,8.321677e-06,4.8554266e-06,6.242802e-06,665,test
0.99892163,4.1877523e-05,4.492967e-06,0.0002594786,0.000116060735,6.1620405e-05,0.00028600846,0.00030876504,666,test
1.778556e-08,8.48443e-07,1.8019906e-08,2.4180852e-07,0.9999602,2.6191436e-05,1.1145412e-05,1.3022126e-06,667,test
0.99806255,0.0001481787,4.973384e-06,0.00035375427,0.00023422984,0.00016569973,0.0005526051,0.00047801028,668,test
0.9979857,0.00013012599,6.353169e-06,0.00037601189,0.00017565778,0.00016021928,0.00053436455,0.0006316487,669,test
1.3528775e-05,0.00027212297,0.9962179,0.0009378985,0.0014108166,0.00045945242,0.00042281876,0.00026549396,670,test
7.030346e-05,0.0004972729,0.9946084,0.0013852011,0.0019420407,0.00053143245,0.00054120435,0.00042405791,671,test
0.9915258,0.0013122528,0.00017399629,0.0018481729,0.0012440594,0.00094594463,0.0021057972,0.00084389024,672,test
0.9941713,0.00044930435,5.837936e-05,0.0016638266,0.00070653955,0.00051107054,0.0013486703,0.0010909005,673,test
0.98793226,0.00045887742,0.0011511866,0.0037861252,0.0019209405,0.00038163806,0.002280402,0.0020884697,674,test
2.8397758e-07,5.315377e-05,0.9995641,0.0001598818,0.00011469045,2.5246727e-05,5.6227567e-05,2.636824e-05,675,test
2.5518108e-07,2.3653753e-05,0.99976176,0.00011125516,4.5960554e-05,1.2347063e-05,2.969135e-05,1.5064806e-05,676,test
0.89899534,0.04479323,0.0012213101,0.00579911,0.015591781,0.013884059,0.012190737,0.0075245537,677,test
4.1812734e-07,7.433821e-05,0.9994072,0.00019894754,0.00016290827,4.3190117e-05,7.2009854e-05,4.109675e-05,678,test
9.2187986e-07,6.1771854e-05,0.99946386,0.0001728919,0.00016979252,3.061608e-05,6.5663684e-05,3.4547855e-05,679,test
2.1656851e-07,3.5023142e-05,0.99970144,0.000118701166,7.024004e-05,1.6909795e-05,4.1098774e-05,1.639865e-05,680,test
0.03947305,0.0046132742,0.9225181,0.012064932,0.008381889,0.0026483356,0.004352394,0.0059480243,681,test
2.6836262e-09,1.4414312e-05,5.165177e-08,3.6389017e-07,0.00013075962,0.9998344,9.292779e-06,1.0706477e-05,682,test
0.99091923,0.00076087133,0.00016220438,0.0021308335,0.0013665779,0.0008380527,0.0023038625,0.0015183706,683,test
0.9955995,0.0002925551,5.3172414e-05,0.0012638153,0.00056467246,0.00034467113,0.0011042021,0.00077736453,684,test
0.99038357,0.00079572754,0.00015469179,0.0024919356,0.0013342161,0.0007003778,0.0023364513,0.0018030333,685,test
0.9902166,0.0006690782,0.00039950432,0.0022199003,0.0012074333,0.0008215938,0.0027660322,0.0016998252,686,test
1.1651552e-09,0.99998486,1.804824e-07,2.7747963e-06,2.4561937e-06,2.9724963e-06,3.5039602e-06,3.2343225e-06,687,test
0.9853345,0.0013392721,0.0010026593,0.0031722363,0.0019721654,0.0010902415,0.0033864654,0.0027023728,688,test
3.5302162e-07,4.5647463e-05,0.99958295,0.00016916459,9.562313e-05,2.6102622e-05,5.0102914e-05,3.0203202e-05,689,test
0.9817664,0.0026085854,0.000101049656,0.0026867809,0.002762684,0.0025166376,0.0049670176,0.0025908204,690,test
0.99437237,0.00039269868,0.00020747496,0.0016531489,0.0009538966,0.0003088639,0.0010867583,0.0010247784,691,test
3.1465365e-07,2.1405927e-05,0.9997061,9.672532e-05,0.00010105299,1.5363159e-05,4.4551452e-05,1.4436921e-05,692,test
2.7093313e-07,2.0812087e-05,0.9997552,8.648431e-05,7.25826e-05,1.3673942e-05,3.731194e-05,1.37510315e-05,693,test
5.116749e-09,6.8374443e-06,6.006385e-08,5.3627986e-07,9.09166e-06,0.9999727,9.244121e-06,1.60141e-06,694,test
0.9881363,0.0009454366,0.00024813067,0.002696953,0.0014379643,0.00075371674,0.0028423374,0.0029392645,695,test
0.9631196,0.0024086176,0.011153316,0.007857677,0.0039865086,0.0013482707,0.0049646744,0.005161305,696,test
0.9938285,0.0005425526,4.964161e-05,0.0015383161,0.0007332974,0.00059625437,0.0017165953,0.000994898,697,test
3.0784915e-07,2.4902723e-05,0.9997179,9.497101e-05,9.311084e-05,1.3838714e-05,4.1877905e-05,1.3066118e-05,698,test
7.1915264e-07,0.0010519878,0.99806684,0.00047590223,0.00010203876,0.00010001658,0.00014252837,5.9945225e-05,699,test
4.201286e-07,3.5961664e-05,0.99957854,0.00014510987,0.00015161985,2.1298922e-05,4.4199405e-05,2.2795015e-05,700,test
3.6826233e-07,4.334538e-05,0.99955755,0.00013271303,0.00015769985,2.6303493e-05,5.805726e-05,2.3969207e-05,701,test
3.5443608e-07,5.841535e-05,0.99953437,0.00015921154,0.00013635654,2.9087161e-05,5.2904637e-05,2.9366081e-05,702,test
8.357454e-09,1.5378684e-05,5.552665e-08,4.7962953e-07,1.2113721e-05,0.999959,8.730946e-06,4.3251375e-06,703,test
3.369805e-07,2.6623235e-05,0.9997143,0.0001003784,8.652796e-05,1.5008682e-05,4.185715e-05,1.5002643e-05,704,test
0.99260426,0.0005316738,0.00018863642,0.0020653172,0.0009035941,0.00073231553,0.002279452,0.0006948159,705,test
5.302709e-07,4.2641554e-05,0.9995012,0.00015280303,0.00018426114,2.6774387e-05,6.0075305e-05,3.1666095e-05,706,test
2.0398867e-05,6.458188e-05,0.99893206,0.00035980297,0.0003759471,5.377006e-05,0.00013348562,5.993491e-05,707,test
4.6998292e-07,4.9780185e-05,0.999522,0.00014430912,0.00016966107,3.0000012e-05,5.4386925e-05,2.9486837e-05,708,test
0.9797925,0.0034917155,0.00043874537,0.0035718048,0.0043218057,0.0012428255,0.0042902413,0.0028503023,709,test
1.8552035e-07,1.3654583e-05,0.9998491,5.7587484e-05,3.9748644e-05,8.266213e-06,2.3445442e-05,7.958771e-06,710,test
7.662525e-06,8.457205e-05,0.99916685,0.00029124462,0.00023433275,3.8054877e-05,0.000104531784,7.271463e-05,711,test
3.5069e-08,7.794264e-06,0.9999167,3.7871494e-05,2.1144959e-05,4.968303e-06,8.9315245e-06,2.543094e-06,712,test
0.9952781,0.0002823408,0.00010377747,0.0013939871,0.0006858935,0.00022120494,0.0009312872,0.0011033415,713,test
0.9906715,0.00062972284,0.00021435613,0.0023049996,0.0013596405,0.0008664204,0.002625749,0.0013275347,714,test
0.99195296,0.00055584905,0.00022362384,0.0022355889,0.0012752303,0.00035544616,0.0015550151,0.0018463734,715,test
3.8337654e-07,2.8987753e-05,0.99968433,0.000106235544,0.00010640132,1.7060745e-05,4.0666822e-05,1.5930247e-05,716,test
1.079202e-08,2.9252724e-06,4.2768705e-10,6.3799625e-06,3.033592e-06,9.4111994e-07,3.3184717e-06,0.99998343,717,test
0.995135,0.00040966115,4.3627733e-05,0.0013762524,0.0007910423,0.00035326113,0.0010205499,0.0008706055,718,test
2.5560655e-07,2.1654003e-05,0.99974626,9.172682e-05,7.8120036e-05,1.2445797e-05,3.742607e-05,1.2083064e-05,719,test
0.00028035662,0.00087550853,0.9936213,0.0022680245,0.0012076377,0.000379654,0.0010207593,0.00034679912,720,test
5.660556e-05,0.00039602732,6.5423006e-07,0.0002533587,6.385406e-05,0.00013832601,8.02959e-05,0.9990109,721,test
0.9991572,4.1956286e-05,5.403535e-06,0.0002205231,8.7131826e-05,4.1985782e-05,0.00030965477,0.00013613452,722,test
3.974255e-05,0.00011570391,1.6818644e-06,0.0005517125,0.0015577944,0.00014745447,0.00018528267,0.99740076,723,test
2.644022e-05,9.988499e-05,0.9986852,0.0005811282,0.00027249142,7.090509e-05,0.0001786509,8.522124e-05,724,test
0.00025209985,0.0007774051,0.99414754,0.0021641634,0.0012461272,0.00028963957,0.00074336026,0.0003797745,725,test
1.8509594e-05,6.2900544e-05,0.99906987,0.00037937865,0.00022259554,3.896937e-05,0.0001634966,4.4323348e-05,726,test
0.99934155,4.0323284e-05,3.3535525e-06,0.00021586804,5.6477224e-05,4.5425717e-05,0.00021236917,8.4575135e-05,727,test
0.99938345,4.1030926e-05,3.8701546e-06,0.00019869313,5.6648492e-05,3.8490067e-05,0.00018966844,8.8184424e-05,728,test
2.9515697e-05,0.00015747448,0.9984376,0.00061470456,0.0003196499,8.017125e-05,0.00025413363,0.000106738684,729,test
2.6997353e-05,0.00014389878,0.99849033,0.0006263935,0.00027777877,7.827641e-05,0.00024552376,0.000110643436,730,test
1.7762137e-05,5.8688693e-05,0.99917704,0.00035589378,0.00017970098,3.5130448e-05,0.0001256414,5.003659e-05,731,test
0.99130565,0.00072127924,0.0018915402,0.001937216,0.0009145984,0.0004462958,0.0018649952,0.0009185283,732,test
5.5167176e-05,0.0003556333,0.9973295,0.0009854474,0.00059061893,0.00014586952,0.00038648647,0.00015127163,733,test
0.9993948,3.088057e-05,3.0222452e-06,0.00018521328,5.0141563e-05,3.528539e-05,0.00018992471,0.000110696994,734,test
0.9993268,3.0938038e-05,1.7161281e-05,0.0002510185,8.239411e-05,3.0068448e-05,0.00020027853,6.1374216e-05,735,test
2.5117397e-05,0.00012764648,0.9985739,0.0006086778,0.00027764947,6.86029e-05,0.00022585747,9.263074e-05,736,test
0.99925727,3.272742e-05,1.8453857e-05,0.0002939384,7.341211e-05,3.844695e-05,0.00022051994,6.529302e-05,737,test
2.3805482e-05,5.233534e-05,3.1786576e-07,0.00017080193,5.5155862e-05,5.915842e-05,9.913854e-05,0.9995394,738,test
2.2704631e-05,0.00011663109,0.9986972,0.0005119506,0.00032554645,6.27708e-05,0.000189572,7.373656e-05,739,test
4.3896962e-05,0.00032634227,0.9972127,0.001045537,0.0005244828,0.00017291144,0.00044591853,0.00022827533,740,test
1.399003e-05,0.00010673135,0.9986223,0.0005764067,0.00035643426,7.363603e-05,0.00018162733,6.882615e-05,741,test
0.9993925,3.7302067e-05,3.7438936e-06,0.00018510372,5.956557e-05,3.3897773e-05,0.00018209551,0.000105808045,742,test
0.9976808,0.00022412841,1.2850614e-05,0.00039296597,0.0002115521,0.00017417276,0.00065619306,0.00064737466,743,test
2.745901e-05,9.060562e-05,0.9988286,0.0005253074,0.00021426141,5.0771905e-05,0.00018437051,7.869228e-05,744,test
4.6513596e-06,2.8485643e-05,0.999566,0.0002282722,8.439985e-05,2.1032478e-05,5.283225e-05,1.4433838e-05,745,test
2.4894705e-05,0.00011439797,0.9989042,0.00047328067,0.00023743177,4.5628953e-05,0.00014841404,5.179025e-05,746,test
1.6134176e-05,4.217238e-05,0.9992686,0.000294922,0.00019487632,3.028957e-05,0.0001180822,3.501846e-05,747,test
1.606918e-05,0.00010313677,0.9990299,0.00040290417,0.00020084475,5.00401e-05,0.00013856801,5.856169e-05,748,test
1.1889501e-05,6.3826854e-05,0.99896145,0.0005951124,8.953137e-05,4.508283e-05,0.00017730425,5.5775137e-05,749,test
3.0583436e-05,0.00020440521,0.998161,0.00075239403,0.0003478675,9.894539e-05,0.00027697938,0.00012769485,750,test
2.8452832e-06,0.00032104627,5.359884e-06,2.1889393e-05,0.0003019899,0.999102,8.7935136e-05,0.00015693932,751,test
0.9991755,6.961585e-05,4.4425647e-06,0.00024507026,7.649248e-05,5.7222678e-05,0.0002461536,0.00012547584,752,test
0.999212,4.4757937e-05,3.6043073e-06,0.00021158402,5.8444097e-05,5.3080446e-05,0.0002695951,0.00014683431,753,test
0.9978955,0.0001554465,0.00016682812,0.0006537371,0.00030040264,7.391102e-05,0.00036869614,0.0003855181,754,test
2.171079e-05,0.00013269066,0.9987326,0.0005113956,0.00023784509,6.120578e-05,0.00022169475,8.0834325e-05,755,test
0.00030465625,0.00064491393,0.99191177,0.0019345509,0.0038221257,0.00041089958,0.0006362757,0.00033486504,756,test
3.344658e-05,0.00019231142,0.9980155,0.0007804979,0.00046660315,0.00011329734,0.0002605236,0.00013779983,757,test
2.3827952e-05,0.00011231932,0.99861836,0.0005231445,0.00033953713,7.749601e-05,0.00022212119,8.316726e-05,758,test
1.9332895e-06,0.9997737,9.127238e-06,7.380999e-05,2.596577e-05,3.519493e-05,5.290787e-05,2.7390686e-05,759,test
0.9995384,2.3788663e-05,2.6230505e-06,0.00016468995,3.9552433e-05,2.3488883e-05,0.00013170297,7.576998e-05,760,test
5.7052625e-06,3.9651917e-05,1.2689576e-05,2.3966375e-05,0.9995585,0.00020745234,0.0001249678,2.7097802e-05,761,test
3.7000211e-06,0.9993513,1.824785e-05,0.00010861447,5.0361017e-05,5.4310058e-05,0.00029838132,0.00011495553,762,test
4.928258e-07,2.574591e-07,4.9909534e-08,1.6971442e-06,2.0329016e-06,2.888724e-06,0.99998784,4.832524e-06,763,test
3.5223962e-05,0.00011358675,0.9985555,0.0005903257,0.00029252184,7.103672e-05,0.00025334902,8.857905e-05,764,test
0.99931264,5.041241e-05,4.3579084e-06,0.00019311787,7.245997e-05,5.1696425e-05,0.00023202981,8.339955e-05,765,test
1.8825594e-05,0.00013529877,0.9986406,0.00067292753,0.00019603498,6.5608154e-05,0.00019185814,7.875727e-05,766,test
3.0302503e-05,0.00017521119,0.99835855,0.00062702975,0.0003581545,8.880829e-05,0.00025175346,0.000110231806,767,test
1.9451087e-05,0.000292263,0.9976158,0.0007668607,0.00064527726,0.00027000875,0.00023319176,0.00015723701,768,test
0.9980161,0.00030968277,1.6676993e-05,0.0003519203,0.00023852779,0.00027499662,0.0004970121,0.00029503845,769,test
0.99911183,6.902143e-05,7.6283377e-06,0.000250982,0.000105488194,9.3836206e-05,0.0002418451,0.00011926516,770,test
3.864389e-05,0.00038001625,0.9965475,0.0010493435,0.0010547469,0.00037049133,0.00035431088,0.00020501834,771,test
2.811757e-06,4.87467e-05,0.99929166,0.0003798072,0.00015123168,5.598065e-05,4.9062586e-05,2.072106e-05,772,test
1.2784122e-07,5.510929e-06,5.6633337e-07,2.152789e-06,0.99992156,5.8074966e-05,9.207241e-06,2.7582792e-06,773,test
5.142221e-06,5.444033e-05,0.99914277,0.0004833942,0.00012617285,5.5423712e-05,0.00011165562,2.10999e-05,774,test
1.601433e-05,0.00011388652,0.9985838,0.0005230059,0.00042723358,0.000115072384,0.00014390689,7.70148e-05,775,test
7.719189e-05,0.93122756,0.0006601094,0.0026481529,0.0011612154,0.007111431,0.037666254,0.019447995,776,test
0.00083018775,0.008867032,0.00079781294,0.009788494,0.0047065625,0.024164326,0.42301953,0.5278261,777,test
3.0841868e-05,0.00039690046,0.9969037,0.00092494296,0.001030949,0.00029055975,0.00027504686,0.00014708375,778,test
0.9979748,0.00021988184,3.0006615e-05,0.00051536685,0.0002905548,0.00022341713,0.00040658287,0.00033938015,779,test
0.9990707,5.009844e-05,5.6555336e-06,0.00023176886,9.100823e-05,0.000101644924,0.00032071368,0.00012849354,780,test
4.972286e-07,0.99984694,3.4808504e-06,3.191241e-05,2.0088264e-05,6.4899665e-05,1.6088123e-05,1.5986612e-05,781,test
0.9990277,7.3631854e-05,2.9550847e-06,0.00022372174,0.00012057102,0.00012710437,0.00029919896,0.00012516376,782,test
8.723645e-08,2.5140123e-05,1.5314154e-07,1.8659875e-06,2.3434357e-05,0.9999379,5.364333e-06,5.9830163e-06,783,test
2.096469e-05,0.0002746669,0.99800855,0.0006769922,0.00046118052,0.00020056692,0.00021598364,0.00014108792,784,test
3.8076635e-06,6.7842026e-05,0.9992524,0.00035319227,0.00016350746,7.125639e-05,6.0663224e-05,2.7282813e-05,785,test
4.7132294e-06,7.7573735e-05,0.9991462,0.0004166179,0.00021791308,5.5848002e-05,5.204415e-05,2.9015702e-05,786,test
0.9971528,0.00021936116,0.0001094614,0.0008184352,0.00055882335,0.00028420138,0.000540464,0.000316344,787,test
1.629302e-05,0.00020369819,0.9983065,0.00056486245,0.0004718889,0.00016810578,0.00017303195,9.555731e-05,788,test
1.4796865e-05,0.00012734105,0.99847764,0.00050699187,0.0005259118,0.00012998753,0.00014509623,7.222156e-05,789,test
2.354449e-05,0.00020030822,0.9982033,0.00069401925,0.00041653242,0.00014884335,0.00019394995,0.00011949298,790,test
1.9496376e-05,0.00019930673,0.99820256,0.0006163572,0.00048351512,0.00016170701,0.0002167845,0.00010029268,791,test
1.1807256e-05,0.00012944017,0.99866736,0.00055499776,0.00032695924,0.00012106667,0.00012200782,6.632729e-05,792,test
3.0218689e-05,0.00055119384,0.9965405,0.0010380319,0.0009284018,0.00037403195,0.000319831,0.0002178258,793,test
3.0964147e-05,0.00046731494,0.99664813,0.001153694,0.00082404335,0.00034241454,0.0003093577,0.00022406946,794,test
2.3754907e-05,0.00033160366,0.9974025,0.0008563584,0.0006813483,0.00027072703,0.00027124182,0.00016253856,795,test
3.9616458e-05,0.00039240424,0.99727315,0.0009936978,0.0005801709,0.00023689333,0.00029496814,0.0001891447,796,test
0.9978892,0.00019118046,1.9544921e-05,0.00040144636,0.00035547322,0.00033347873,0.0005366326,0.00027313377,797,test
1.9825984e-05,0.00040651232,0.99707925,0.0009957707,0.0007049717,0.0003183304,0.0002755963,0.00019972862,798,test
0.9985214,0.00011203232,7.217195e-06,0.00033810962,0.00015375532,0.00015464176,0.00037850416,0.00033438,799,test
0.9985234,0.00014625935,3.0822132e-06,0.00027794245,0.00018984058,0.0003014336,0.00040824845,0.00014976648,800,test
1.27591165e-05,0.000222987,0.9983664,0.00053867965,0.00042467832,0.00016938479,0.0001669363,9.8141754e-05,801,test
1.748999e-06,3.458734e-06,4.5794764e-07,5.0144968e-06,5.362341e-05,6.589656e-05,0.99984443,2.5306026e-05,802,test
0.99916804,6.425509e-05,4.56898e-06,0.0002140268,9.40976e-05,9.210878e-05,0.00021080453,0.0001521911,803,test
0.9988238,0.00011261489,3.10159e-06,0.00029514547,0.000120907476,0.0001551043,0.0002762966,0.00021298445,804,test
0.9993088,5.082786e-05,2.1521016e-06,0.00017166564,7.529773e-05,8.0107784e-05,0.0001852484,0.00012591238,805,test
1.5710064e-05,0.00018709089,0.9984388,0.0005911631,0.00039262316,0.00013764361,0.000149931,8.698502e-05,806,test
0.9991411,7.1703456e-05,3.6664528e-06,0.00024649838,0.00010334863,9.11061e-05,0.00018177941,0.00016077326,807,test
3.157165e-05,0.0003441829,0.99734914,0.00093033625,0.0006482232,0.00024500565,0.0002621745,0.00018938638,808,test
0.9986985,0.00010520569,1.2073486e-05,0.0004220965,0.00016906165,0.00015110862,0.00023046015,0.00021147286,809,test
1.4032194e-05,7.858765e-05,0.99873036,0.0005736902,0.00032914395,8.7971115e-05,0.00011907474,6.720971e-05,810,test
5.7173325e-05,0.00013618016,0.9982804,0.0006773535,0.00047404293,0.000115201336,0.00018030997,7.932462e-05,811,test
2.7592374e-05,0.0004430362,0.9969162,0.00085929997,0.00094255735,0.00031779063,0.0003105294,0.00018301554,812,test
8.913053e-06,0.00010451143,0.9990381,0.00041796037,0.00020131814,8.370727e-05,9.590105e-05,4.9693917e-05,813,test
0.000808624,0.00087802357,0.9930442,0.0019949637,0.0015829289,0.000572679,0.0006926971,0.00042601113,814,test
2.8217833e-06,1.3474319e-05,2.1185535e-08,3.1307998e-05,9.3172375e-06,3.0434687e-05,1.2269993e-05,0.99990034,815,test
7.6651966e-05,1.1877145e-05,6.103565e-08,0.000110124165,3.506506e-05,2.9760404e-05,7.500246e-05,0.99966156,816,test
0.000509292,0.0003453871,0.9937231,0.0023108046,0.0015106195,0.0003609901,0.0008773825,0.00036243597,817,test
2.8072047e-05,0.00013753297,3.7052434e-06,2.8899634e-05,0.001174268,0.9983034,0.00020392168,0.000120141,818,test
4.340591e-05,0.9992557,1.22712545e-05,0.00017176951,0.0001529715,0.00019850543,0.00011208574,5.3293883e-05,819,test
0.0009054936,0.00032764627,0.99327236,0.002239921,0.0017070598,0.0003157257,0.00084099546,0.0003907357,820,test
0.9998172,4.444231e-06,4.5100577e-07,6.228619e-05,2.4944466e-05,6.6695447e-06,6.368298e-05,2.0353547e-05,821,test
0.0010832059,0.0007659381,0.9903358,0.0028958763,0.0022850097,0.00062255,0.0013190877,0.0006925741,822,test
7.201e-05,0.99916327,2.1060709e-05,0.00018960531,0.00017907713,0.00020101588,0.000119664364,5.42005e-05,823,test
0.0007008145,0.00029050015,0.99409443,0.0018529252,0.001398284,0.00032523306,0.0009599781,0.0003778219,824,test
0.00035387705,0.00020752236,0.995804,0.0015066521,0.001026426,0.00025266732,0.0005979541,0.0002509352,825,test
0.00027390636,0.00020198227,0.99598193,0.0013780203,0.0011283224,0.00027747412,0.00054363254,0.00021471948,826,test
0.00014186681,2.1289696e-05,8.673058e-08,0.00012884002,2.9853487e-05,4.3667293e-05,4.5731165e-05,0.99958867,827,test
0.9999329,2.8671636e-06,8.680762e-08,2.4359155e-05,1.2296809e-05,3.0678991e-06,1.6899357e-05,7.5983035e-06,828,test
9.385132e-05,1.5358315e-05,5.8815367e-08,0.000103516635,3.7840102e-05,2.999654e-05,7.1918854e-05,0.9996474,829,test
0.00057284284,0.00027978272,0.9948913,0.0019036351,0.0011063438,0.0002820836,0.00063251436,0.000331527,830,test
0.99987936,4.728727e-06,1.1860035e-07,3.5052533e-05,1.765555e-05,5.0339722e-06,3.560789e-05,2.2374457e-05,831,test
0.99995875,1.3629195e-06,5.6091764e-08,1.7081127e-05,5.9784243e-06,1.6930907e-06,1.1107981e-05,3.9848946e-06,832,test
0.00054318324,0.0002653311,0.9949708,0.002095005,0.0009830095,0.00022064961,0.0006127525,0.00030928216,833,test
8.286616e-05,8.3923514e-05,0.9981013,0.0007556514,0.0006277982,0.00011277172,0.00018198705,5.363304e-05,834,test
0.00057073595,0.0003648774,0.99406934,0.0019969689,0.0016002825,0.00038459117,0.0006801005,0.00033316665,835,test
0.00031857344,0.00019952192,0.9957824,0.001412055,0.0011164827,0.0002735161,0.00065693905,0.00024055672,836,test
0.00023859572,0.00012897889,0.9971975,0.0011839777,0.0005723584,0.00014521858,0.0003752433,0.00015805793,837,test
0.00035272114,0.00020872304,0.99534374,0.0016850285,0.0015881842,0.00020515322,0.00046891463,0.00014744916,838,test
0.00027899127,2.4356674e-05,1.0914546e-05,0.00013901627,0.00033598335,0.00025742943,0.99846846,0.00048478687,839,test
0.00046700507,0.000259633,0.99517125,0.0017392032,0.0010993758,0.00030084484,0.0006498379,0.00031272683,840,test
6.0638613e-05,7.3621624e-05,0.9981756,0.000773009,0.00058767357,0.00011223709,0.00017070786,4.6550118e-05,841,test
0.0005447226,0.0005114153,0.9921537,0.0026856663,0.00208078,0.00059209013,0.0009372864,0.00049436366,842,test
0.999915,2.6947232e-06,2.2810582e-07,3.401945e-05,1.8329134e-05,3.3394863e-06,2.0742373e-05,5.6268473e-06,843,test
0.9999404,2.3997156e-06,1.4714865e-07,2.2796374e-05,1.0321823e-05,2.9408213e-06,1.5942887e-05,5.0139784e-06,844,test
6.756443e-05,0.9990978,1.7598797e-05,0.00023065631,0.00018470199,0.00017003198,0.00014531877,8.6302236e-05,845,test
0.00041238993,0.0002356792,0.9955361,0.0016212878,0.0010108995,0.00026488674,0.0006374025,0.0002813956,846,test
0.00042699766,0.00016323083,0.9955243,0.0014585254,0.0013902291,0.00022561157,0.00058113143,0.00022997227,847,test
0.0004983554,0.00026103863,0.9936904,0.0020347962,0.0020234613,0.0003883019,0.00075236143,0.00035133387,848,test
0.0009713019,0.0005331091,0.9917721,0.0026968466,0.0020117208,0.00048316998,0.0010029742,0.0005288195,849,test
0.99990237,3.7377283e-06,2.642414e-07,3.034742e-05,1.4866132e-05,7.1940112e-06,3.4742894e-05,6.406271e-06,850,test
1.727384e-05,4.5858444e-05,9.142368e-07,8.954374e-06,0.00017525755,0.99951935,0.00016233008,7.0054935e-05,851,test
0.9999392,2.366121e-06,8.912562e-08,2.3251509e-05,1.1886189e-05,2.5279826e-06,1.4405736e-05,6.200748e-06,852,test
0.99991035,3.6298213e-06,3.0779213e-07,3.5217203e-05,1.3304802e-05,4.7122116e-06,2.099851e-05,1.1401416e-05,853,test
9.619051e-05,6.0537714e-05,0.99830294,0.00074764545,0.00047570822,8.230538e-05,0.00017448343,6.016751e-05,854,test
0.00026756397,0.00013334502,0.99651426,0.0013924717,0.00091845443,0.00018718705,0.00041049032,0.00017627244,855,test
7.564321e-05,0.9991535,2.6540454e-05,0.00021020883,0.00016686489,0.00016375656,0.00012803201,7.543364e-05,856,test
0.99990225,3.1747288e-06,2.8459047e-07,4.0492618e-05,1.7618228e-05,4.106015e-06,2.1152176e-05,1.0825638e-05,857,test
0.0008137172,0.00046279543,0.9930501,0.0021281382,0.0016761116,0.0004565445,0.00093734445,0.0004752458,858,test
0.0003055094,0.0001690011,0.9962464,0.0013793883,0.0010028251,0.0002312142,0.00046765475,0.00019801955,859,test
0.00057940226,0.00019375044,0.9955107,0.0014574153,0.0012007108,0.00022694618,0.0005964855,0.000234591,860,test
0.0005155341,0.00046252055,0.99395967,0.0018616945,0.0015132842,0.00039787206,0.0009086471,0.00038076352,861,test
0.00053520646,0.0006745266,0.9922122,0.002429427,0.0021318512,0.0006561703,0.0009217496,0.00043887802,862,test
0.00049213186,0.0003511692,0.99496186,0.0017052368,0.0012020161,0.00029272542,0.00069114735,0.0003036125,863,test
0.000112782865,0.00040748905,0.9951611,0.0018566832,0.0008298313,0.00041530578,0.0006424862,0.0005742865,864,test
0.9994709,2.3079823e-05,4.526694e-07,0.0001042229,3.1937692e-05,4.5509736e-05,0.000147162,0.00017680724,865,test
1.8618371e-06,1.5694219e-06,1.1638969e-07,5.6064187e-06,1.3211391e-05,5.954377e-05,0.9998017,0.000116511255,866,test
9.412277e-06,7.765937e-05,0.99846506,0.0009316805,0.00016727057,0.00011477496,0.00015827183,7.588549e-05,867,test
3.5207573e-05,0.00024504316,0.99722314,0.0011646,0.00043512072,0.00028584065,0.00030454114,0.00030650175,868,test
0.00010672472,0.00073766266,0.9925504,0.0030636298,0.0009640493,0.0006183918,0.0008360874,0.0011230279,869,test
0.000112172784,0.0007010512,0.9933676,0.0031550284,0.0006378464,0.00046465604,0.0006848904,0.00087666843,870,test
0.9994074,4.043608e-05,9.754378e-07,0.00010149937,4.388312e-05,7.372028e-05,0.00018780233,0.0001442912,871,test
7.296935e-05,0.0005615107,0.99346936,0.0024591156,0.0010568538,0.0007776053,0.0007423033,0.0008602254,872,test
9.4035335e-05,0.0007754531,0.9925834,0.0028102028,0.0012209868,0.0007842951,0.00075016025,0.0009814067,873,test
8.877183e-05,0.000847723,0.99285394,0.0025347064,0.0012715991,0.000770331,0.0007731045,0.00085977087,874,test
0.9992624,4.2846452e-05,1.0996677e-06,0.00010558018,5.8490645e-05,8.155398e-05,0.0001899184,0.00025800982,875,test
7.818486e-05,0.00036289566,0.9953916,0.0016977155,0.0010986826,0.00047685337,0.00048375063,0.00041030918,876,test
0.00032006245,0.00081543834,0.99209845,0.0026025446,0.0013935966,0.00067171705,0.0009758971,0.0011222083,877,test
0.9991147,5.2676158e-05,1.6464181e-06,0.00015504146,8.741001e-05,6.317987e-05,0.00018234183,0.00034294263,878,test
0.99957186,2.1957596e-05,8.341728e-07,9.443101e-05,3.3014854e-05,4.2420867e-05,0.000104415296,0.00013110835,879,test
0.9993765,3.3027547e-05,4.008987e-07,0.00010675065,3.6424037e-05,6.805964e-05,0.00016058645,0.00021830114,880,test
0.0001213917,0.0005670931,0.9937397,0.0025811545,0.0008585496,0.00055697164,0.00065510365,0.0009201073,881,test
0.998922,5.3270396e-05,2.1014617e-05,0.00026516002,0.000110530505,9.71909e-05,0.00024575056,0.00028511073,882,test
2.9452087e-05,0.00013930694,0.9977301,0.0012175565,0.00024756187,0.00016899696,0.000233164,0.00023398909,883,test
4.855872e-05,0.00026683824,0.99663407,0.0014286045,0.000505965,0.00034556174,0.00036540107,0.00040497255,884,test
0.99948835,2.2698165e-05,4.4247034e-07,0.00010223399,3.8116603e-05,5.487184e-05,0.00012506945,0.00016828263,885,test
8.398113e-05,0.0005718246,0.99342877,0.0025459959,0.0012207781,0.00055267406,0.00064659666,0.0009492847,886,test
0.00011912719,0.0006066831,0.992421,0.0028560155,0.0012563256,0.0008498155,0.0007730984,0.0011179856,887,test
0.99836725,0.00011041078,9.09847e-06,0.00026252822,0.00012742863,0.00015005343,0.0003214478,0.00065183255,888,test
1.2604175e-07,0.99989533,1.9356234e-07,1.28757365e-05,7.764792e-06,5.1309347e-05,1.0052097e-05,2.2429636e-05,889,test
4.4373883e-05,0.0002905021,0.9955146,0.002131129,0.00054391334,0.00044024765,0.00048469336,0.00055055367,890,test
7.103299e-05,0.0004857762,0.99492705,0.0018665212,0.00082673243,0.0005390805,0.0005856093,0.0006983532,891,test
5.6495046e-05,0.0003964684,0.99614716,0.0014501382,0.00074354996,0.00035877372,0.00045807214,0.0003893839,892,test
1.3590429e-05,7.683555e-05,0.99860436,0.0007599905,0.00019239937,0.00012253932,0.00012923812,0.00010106809,893,test
0.0045915493,0.0024089415,0.97444284,0.007381934,0.0040649087,0.0018727785,0.0022275508,0.003009535,894,test
9.2986986e-05,0.0008553905,0.99197525,0.003100171,0.001079277,0.0008533181,0.0009006946,0.0011429079,895,test
0.00032111767,0.001409521,0.98851573,0.0037653937,0.0016785738,0.0011083733,0.001231085,0.00197009,896,test
0.999607,2.0940393e-05,5.8535977e-07,9.352161e-05,2.8351866e-05,4.5236942e-05,0.00010612192,9.825696e-05,897,test
7.4198834e-07,8.972784e-06,7.9547493e-07,6.712413e-06,0.999556,0.00036224155,4.1463467e-05,2.2997856e-05,898,test
7.7708995e-05,0.0005096708,0.9938479,0.0024159255,0.0010041179,0.0006554337,0.000645776,0.0008434424,899,test
6.674539e-07,5.172378e-05,3.2222182e-08,4.1771723e-06,3.7233825e-05,0.9675927,5.3459447e-05,0.03226007,900,test
0.9997198,9.364822e-06,5.055825e-07,7.6865945e-05,1.93526e-05,2.3901484e-05,8.609867e-05,6.4130196e-05,901,test
5.1282535e-05,0.0003156349,0.9956808,0.0019115785,0.0006255078,0.0004271534,0.00044914536,0.00053891784,902,test
0.00015495396,0.0006752322,0.99271506,0.002558398,0.0012026564,0.00076604256,0.00078460376,0.0011430089,903,test
3.1958705e-05,0.00016160865,0.997682,0.0010175696,0.00045144148,0.00023669838,0.00026122082,0.00015760116,904,test
0.99944264,1.6752067e-05,4.5317148e-07,0.000118512675,2.8545459e-05,4.6474408e-05,0.00018152758,0.00016512867,905,test
4.049972e-05,7.3340554e-05,3.8481057e-06,5.4138927e-05,0.9991042,0.00039809628,0.00017636623,0.00014955309,906,test
0.00010120287,0.00043660853,0.9947267,0.0019627009,0.0009973574,0.00049123354,0.0006661038,0.00061808375,907,test
0.00018177356,0.0018919143,0.97194564,0.0036940093,0.01798633,0.0024115467,0.0012795925,0.0006092468,908,test
5.4082855e-05,0.00027875215,0.9957307,0.0015672259,0.00084086484,0.00045798148,0.00065326464,0.00041712436,909,test
7.3277886e-05,0.00032582285,0.9955686,0.0016778116,0.0009271744,0.0004163707,0.00051975355,0.0004912802,910,test
2.2478816e-05,0.00016261626,0.9978126,0.0010669722,0.00037971805,0.00019328312,0.00020089027,0.00016137445,911,test
8.286431e-06,0.00039763545,0.99801564,0.000749138,0.00038324142,0.00014395305,0.00014429791,0.00015782099,912,test
8.485088e-06,0.00031754057,0.9983011,0.0006301918,0.00035657774,0.00011484031,0.00016055032,0.00011073857,913,test
0.997926,0.0002189429,1.1526211e-05,0.0005399001,0.0002362175,0.0001735554,0.0005139411,0.00037988002,914,test
1.2111335e-05,0.00039615875,0.9977018,0.00086654554,0.0004866736,0.00014916752,0.00017903022,0.00020853865,915,test
7.7821505e-06,0.00019203938,0.9986694,0.00051418785,0.00032201703,7.6425014e-05,0.00013392506,8.423612e-05,916,test
0.9960775,0.00044204568,8.779076e-05,0.0011462091,0.0005562502,0.0003484934,0.0007379431,0.0006036789,917,test
6.296553e-06,0.000252365,0.99848807,0.0006085683,0.00029138368,0.000104477906,0.00013440303,0.00011447437,918,test
5.430756e-07,5.45312e-05,0.9996125,0.00019635155,7.315371e-05,2.762039e-05,2.3051987e-05,1.2362338e-05,919,test
5.4372135e-06,0.00013794564,0.9988858,0.00045798073,0.0002755609,6.56637e-05,9.36071e-05,7.803069e-05,920,test
0.0007586309,0.0013887282,0.98936546,0.0026768995,0.00401218,0.0004447881,0.0006729747,0.0006802925,921,test
1.7085171e-09,0.9999877,3.4097262e-08,2.089879e-06,1.729406e-06,5.0156123e-06,9.215296e-07,2.4299247e-06,922,test
8.1538565e-06,0.00031675948,0.9979931,0.0007476694,0.0004573622,0.00014731807,0.00017843653,0.00015121099,923,test
0.9981693,0.00017752509,1.1086021e-05,0.0005255592,0.00022675032,0.00014731541,0.00039789392,0.00034450303,924,test
1.3843542e-07,1.367789e-05,1.5291985e-09,1.3113378e-05,3.3967308e-06,2.4110582e-06,6.7481386e-07,0.9999666,925,test
6.4506853e-06,0.00032172742,0.9984289,0.00055125594,0.00035467086,0.00011104858,0.00012697018,9.892523e-05,926,test
0.9890198,0.003668724,6.5027045e-05,0.0009859581,0.0019605025,0.0011803076,0.0017132813,0.0014063925,927,test
0.99662054,0.00035798823,0.0001454556,0.00088776875,0.0005524976,0.0001875578,0.0005798466,0.0006684099,928,test
9.300998e-06,0.00028308688,0.9984554,0.0005830226,0.0003025371,9.558206e-05,0.00015195264,0.000119085795,929,test
0.99833125,0.0001406627,8.792359e-06,0.00049452705,0.00016814472,0.00012670134,0.0004582401,0.00027168085,930,test
1.2942589e-06,5.9593774e-05,0.9994443,0.00031778633,0.000107097476,2.2309803e-05,2.7240678e-05,2.0335792e-05,931,test
0.9949582,0.0009468246,3.9397368e-05,0.000884395,0.00072439195,0.00058976444,0.0010044437,0.0008526282,932,test
0.9977915,0.00018382532,1.8881441e-05,0.0006267764,0.00023266746,0.00014182774,0.00040431102,0.00060018175,933,test
1.00914085e-05,0.000490987,0.99722666,0.0010039391,0.00062804355,0.00020305604,0.0002066812,0.00023046618,934,test
8.037389e-06,0.00027100605,0.99811053,0.00081354246,0.00035999835,0.00013797061,0.00014969001,0.00014930053,935,test
4.757457e-06,0.00014557119,0.9989507,0.0004677975,0.00021404028,6.297654e-05,8.872996e-05,6.548217e-05,936,test
4.897034e-06,0.000111165544,0.99916995,0.00036729948,0.00016263631,4.665643e-05,7.715245e-05,6.0235558e-05,937,test
0.000103625505,0.002531824,6.463001e-06,6.9171154e-05,0.0012648362,0.99547017,0.0005044022,4.9447925e-05,938,test
1.3408803e-05,0.00035139796,0.99759644,0.000939294,0.00059487706,0.00014936329,0.0002460136,0.00010917995,939,test
9.09376e-06,0.00013571692,0.9987338,0.0005036983,0.00036528136,6.623468e-05,0.00011690018,6.9271104e-05,940,test
1.4471365e-05,0.00012817686,0.9989034,0.00062119064,0.00020222634,5.193517e-05,5.531034e-05,2.3349354e-05,941,test
1.0436639e-05,0.00023880969,0.9982755,0.0006953826,0.00039655334,0.00010701203,0.0001426482,0.00013356286,942,test
0.996003,0.00039501154,4.8452548e-05,0.00089111464,0.00049249677,0.0003270655,0.00091310416,0.00092977635,943,test
0.99403423,0.0012259334,5.364028e-05,0.0011607435,0.0008792124,0.00060229754,0.0009897819,0.0010541347,944,test
6.893121e-06,0.00014953795,0.9987459,0.00053343177,0.0002918617,7.305043e-05,0.00010018615,9.919172e-05,945,test
8.027365e-06,0.00015511159,0.9986432,0.00058841275,0.0003117971,8.3569794e-05,0.00010743005,0.00010241647,946,test
0.6517387,0.016512334,0.26945266,0.019162206,0.014382434,0.0050807795,0.008990006,0.014680911,947,test
6.4768333e-06,0.00026593782,0.99808323,0.0008056616,0.0004219048,0.00013357573,0.00013457022,0.00014876615,948,test
8.273146e-06,0.00021725042,0.99842846,0.0006437436,0.00035175157,9.662022e-05,0.00013957154,0.00011430881,949,test
8.8954375e-06,0.00042444296,0.99770564,0.0009279797,0.00038769227,0.0001545794,0.00018473384,0.0002061596,950,test
9.008455e-06,0.0003136409,0.9979068,0.00085607916,0.0004086137,0.00016020112,0.00018974415,0.00015583477,951,test
4.252352e-07,1.8799628e-05,2.4339315e-07,8.259496e-06,1.0277462e-05,1.4819967e-05,0.99989355,5.3628246e-05,952,test
0.99714917,0.00023687538,1.6852217e-05,0.00066217914,0.00029624425,0.00015748125,0.00059921417,0.00088199443,953,test
6.3670254e-06,0.00020130172,0.9987374,0.0005402074,0.00022233289,8.9027984e-05,0.000108326945,9.4980984e-05,954,test
5.258581e-09,3.5318117e-05,1.7689397e-08,4.3351884e-07,4.1842424e-05,0.99990404,2.4545764e-06,1.5945927e-05,955,test
8.9787445e-06,0.00020653398,0.99845123,0.0006004019,0.00040095008,9.059359e-05,0.00013513656,0.00010619956,956,test
1.2192572e-05,0.00052955555,0.99726224,0.0010501407,0.0005226596,0.00019267772,0.0002088001,0.00022172817,957,test
1.8122453e-06,6.061509e-05,0.9994855,0.0002521583,0.00011288559,3.1746604e-05,3.631684e-05,1.8910883e-05,958,test
1.0483092e-05,0.00058724714,1.5504012e-06,0.000360334,0.007921689,0.00227102,0.0003320939,0.9885156,959,test
0.99868053,8.915087e-05,0.00014058436,0.00046493032,0.00011383685,4.1217812e-05,0.00025717294,0.00021263996,960,test
3.6996407e-05,0.00045558746,0.99758935,0.0010526839,0.00031484335,0.00011871965,0.000272329,0.00015941582,961,test
3.1900636e-05,0.00023954952,0.9983845,0.0007145431,0.00023280572,6.579651e-05,0.00022015217,0.000110743174,962,test
0.9990338,9.618862e-05,5.0030967e-06,0.0002826793,6.1019113e-05,6.3870255e-05,0.00031104928,0.00014641689,963,test
0.9993445,4.6061054e-05,5.98116e-06,0.00021584542,4.0625175e-05,4.079289e-05,0.00023698386,6.926086e-05,964,test
0.9986676,0.000101303594,2.1101816e-05,0.0005497322,0.00010635912,6.157906e-05,0.00030073168,0.0001917404,965,test
2.9250032e-05,0.00014919245,0.9988569,0.0006067352,0.000111884576,3.406022e-05,0.00014515537,6.687435e-05,966,test
3.440199e-05,9.745423e-05,0.99909735,0.00045429711,0.00012923843,2.8611077e-05,0.00010453507,5.4148306e-05,967,test
0.000100867575,0.00042800678,0.9978023,0.0009546076,0.0002634943,6.724954e-05,0.00027422755,0.00010925749,968,test
5.0269056e-05,0.0001881588,0.99863523,0.00056142756,0.00023091104,4.8132908e-05,0.00020226462,8.363921e-05,969,test
4.158058e-05,0.0004427999,0.9978661,0.0008693223,0.00025062126,8.506717e-05,0.00028760816,0.00015691361,970,test
0.9990681,7.491706e-05,9.463519e-06,0.0003168857,0.00010060916,4.3015953e-05,0.00025117214,0.0001359545,971,test
0.9990909,5.0938128e-05,1.4938537e-05,0.00035277318,7.291757e-05,4.5033106e-05,0.00029987094,7.2723466e-05,972,test
3.3598048e-05,0.00024148551,0.9985238,0.0006605877,0.0002082136,5.702665e-05,0.00018219366,9.3192546e-05,973,test
0.99943286,3.9558294e-05,5.673696e-06,0.00019803665,3.6384674e-05,3.268501e-05,0.00015913072,9.5710486e-05,974,test
0.9995908,2.496609e-05,3.7471336e-06,0.00015836037,2.8108194e-05,2.1539752e-05,0.000117396485,5.502992e-05,975,test
4.4924866e-05,0.00036055667,0.9981933,0.0007409038,0.00022350569,6.9689166e-05,0.00023990255,0.00012724008,976,test
0.00030982538,0.034012597,0.0007402713,0.0031159362,0.0009627011,0.002119093,0.94713885,0.011600842,977,test
0.99945956,4.326114e-05,3.3389806e-06,0.00017818957,4.0455703e-05,2.7683063e-05,0.00014921257,9.8234115e-05,978,test
3.254741e-05,0.00020305248,0.99856156,0.00059305894,0.00022245767,5.754668e-05,0.00023815228,9.156693e-05,979,test
6.298419e-05,0.0007755265,0.9966162,0.001396634,0.00059175456,0.00010674483,0.0002892359,0.00016084836,980,test
6.854193e-05,0.00066502887,0.9969361,0.0011610411,0.00053900894,0.00011453825,0.00033558544,0.00018021972,981,test
9.329881e-05,0.0002539472,0.99820197,0.0007437245,0.00027576854,5.938181e-05,0.0002566585,0.00011514736,982,test
3.9759085e-05,0.00027274847,0.99842596,0.00066070573,0.00024366149,5.869404e-05,0.00020764772,9.087425e-05,983,test
0.9991906,5.836882e-05,7.293671e-06,0.0002668633,5.5322496e-05,4.2345968e-05,0.00024493822,0.00013419548,984,test
3.9311013e-05,0.00045253258,0.9977118,0.0009845333,0.0002878106,9.011528e-05,0.00027839563,0.00015555964,985,test
3.288148e-05,0.00030531766,0.9985032,0.00061882037,0.00016693052,5.3610598e-05,0.00021355566,0.00010571449,986,test
3.663481e-05,0.00015558313,0.9988317,0.00057039753,0.00013328789,3.79186e-05,0.00016266796,7.181742e-05,987,test
7.1749137e-06,0.00010516104,0.9993863,0.00029814828,9.50883e-05,2.242241e-05,6.7714136e-05,1.8077493e-05,988,test
0.9993808,4.906388e-05,1.0387609e-05,0.00021710373,5.7171485e-05,2.6911282e-05,0.0001522032,0.00010627685,989,test
2.829171e-05,0.00024816027,0.9985655,0.0006468717,0.00018748402,5.023372e-05,0.00018602535,8.741029e-05,990,test
8.811331e-06,3.2773456e-05,6.179128e-08,9.5698415e-05,7.4191976e-06,1.7687156e-05,3.6946683e-05,0.9998006,991,test
2.8532513e-05,0.00021029358,0.99879885,0.0005061815,0.0001748712,4.668458e-05,0.0001648304,6.981855e-05,992,test
4.2535077e-05,0.00020932966,0.99858034,0.00064724474,0.00017801463,4.9542185e-05,0.00020308071,8.986249e-05,993,test
3.6943045e-06,0.00042579294,3.847636e-06,2.1372014e-05,0.00025476035,0.9990508,7.293857e-05,0.00016681258,994,test
3.3995595e-05,0.00029413932,0.99833375,0.0007154061,0.00021767546,6.69149e-05,0.00022663178,0.00011147279,995,test
2.3439672e-07,0.9999522,1.5920641e-06,1.877674e-05,2.4229703e-06,4.924166e-06,1.25893575e-05,7.3770634e-06,996,test
0.99936885,5.0439336e-05,4.323426e-06,0.00021991364,4.4973694e-05,3.4104592e-05,0.00018816275,8.910891e-05,997,test
5.9964375e-05,0.00054869725,0.00025930945,0.00020441202,0.9968862,0.0014316756,0.00039822696,0.00021145439,998,test
4.362614e-05,0.00035794624,0.9981325,0.00077035156,0.0002723941,7.600505e-05,0.0002195725,0.00012766258,999,test
6.9612397e-06,7.8606216e-05,0.9993913,0.00031819008,0.00010310878,1.983394e-05,6.157717e-05,2.0413736e-05,1000,test
2.4796429e-05,0.00024640738,0.9986312,0.0006313318,0.00014749749,5.111977e-05,0.00017267934,9.492507e-05,1001,test
4.3134216e-05,0.00014734107,0.9985259,0.00065511937,0.00030976473,5.2549356e-05,0.00018901908,7.714744e-05,1002,test
5.179777e-05,0.0003517156,7.491393e-05,0.00022089895,0.9984939,9.066938e-05,0.00029731385,0.00041876963,1003,test
1.864484e-05,0.0013658952,3.6241923e-05,7.165643e-05,0.007566703,0.9901243,0.0005881694,0.00022850944,1004,test
0.99756753,0.00057148567,2.8169634e-05,0.00047134672,0.00021189655,0.00019845164,0.0006526783,0.00029846176,1005,test
3.6355206e-05,0.00021873807,0.998613,0.00060326466,0.00019906453,5.6475033e-05,0.00018315317,8.986714e-05,1006,test
2.0225922e-05,7.530811e-05,0.9992636,0.00035039868,0.00011439787,2.5622221e-05,0.00010843407,4.2024065e-05,1007,test
0.997773,0.00026750442,1.02497415e-05,0.00046411727,8.4751875e-05,0.0002461301,0.00052376994,0.0006303843,1008,test
2.087845e-05,0.00029308794,0.9978332,0.0010296501,0.00023834653,0.00015771345,0.00018148172,0.00024569163,1009,test
1.5558917e-05,0.00024397315,0.9985299,0.0006584031,0.00016355386,9.582604e-05,0.00015537113,0.00013743082,1010,test
3.7451795e-05,0.00046960256,0.00013638278,0.00018611456,0.9982091,0.00046519173,0.00026659935,0.00022944108,1011,test
0.99868435,7.313466e-05,1.10282335e-05,0.000406627,4.9943428e-05,8.563137e-05,0.0002567884,0.00043241584,1012,test
3.0640527e-05,0.00033296266,0.9980445,0.00091720396,0.00018311263,0.00012120887,0.00014622393,0.00022411883,1013,test
2.1379703e-05,0.0004824239,0.9975068,0.0010818145,0.00023234167,0.0001804347,0.00021242547,0.00028241632,1014,test
0.9879946,0.00097055064,0.00037419182,0.0028621305,0.0007454073,0.00071923865,0.0019626126,0.0043711904,1015,test
3.5268144e-09,2.9319664e-05,1.4664031e-09,2.0251076e-07,2.7207383e-07,0.99990547,4.741338e-07,6.4320295e-05,1016,test
3.0261617e-06,0.000656173,1.8156146e-06,4.4685934e-05,4.8628003e-06,7.0935785e-05,0.9986078,0.0006107491,1017,test
1.0574133e-05,0.0003893361,0.9980878,0.00097429694,0.00015027648,0.00017715765,0.00014098965,6.955658e-05,1018,test
1.9027813e-05,0.00045162896,0.9975435,0.0011598255,0.00016558592,0.00016369566,0.00020225247,0.00029450638,1019,test
2.4765519e-05,0.0006899284,0.9973131,0.0009835,0.00029226852,0.00022378443,0.00022419306,0.00024840582,1020,test
1.1936243e-05,0.00020617935,0.9985436,0.00068818004,0.00017442965,0.00010500505,0.00013048103,0.00014017487,1021,test
0.99919325,5.7351917e-05,2.7714786e-06,0.00022604842,2.621916e-05,4.7908583e-05,0.00014878821,0.00029777928,1022,test
5.2878586e-05,0.0019396794,0.99152464,0.0033094676,0.0007332201,0.0009883794,0.00042974265,0.0010218449,1023,test
7.2174604e-05,0.0014783571,0.99135196,0.004012837,0.0013907191,0.0011637448,0.00026211893,0.000268052,1024,test
1.4468943e-05,0.0002574103,0.99818295,0.000851041,0.00018331295,0.00012945737,0.00018734894,0.00019404961,1025,test
1.3267746e-05,0.0017829733,9.043163e-05,0.000144263,0.85929316,0.13772902,0.00049009646,0.00045680013,1026,test
0.9977182,0.00020614294,8.335173e-05,0.0006732366,0.00012450454,0.00016072167,0.0004245991,0.00060925423,1027,test
0.99901235,6.555557e-05,4.7046988e-06,0.00030664582,2.9541452e-05,6.5517575e-05,0.00025834778,0.00025735408,1028,test
0.99572134,0.000567092,1.5832575e-05,0.0006820053,0.00011425618,0.00047648733,0.00089501234,0.0015277958,1029,test
1.9786336e-05,0.00063916226,0.997352,0.001070838,0.00022964254,0.0002012089,0.00020802443,0.000279247,1030,test
1.1537432e-05,0.00037066158,0.9977245,0.0011379948,0.00014114464,0.0001639269,0.00017262543,0.00027769676,1031,test
1.5274405e-05,0.0003400856,0.9981693,0.00081636425,0.00015829285,0.00013639506,0.00015483687,0.00020941098,1032,test
1.2252711e-06,1.17063e-06,3.8424428e-08,3.0951785e-06,7.9330806e-07,7.16456e-06,0.99997246,1.4094266e-05,1033,test
0.9991744,6.0424256e-05,5.058923e-06,0.00026337395,3.1502062e-05,6.0276227e-05,0.00022178603,0.00018329827,1034,test
0.99926883,5.2691164e-05,1.280987e-06,0.00019346183,2.5714668e-05,5.8827678e-05,0.00017465791,0.00022454682,1035,test
0.99749964,0.00020735184,4.7625697e-05,0.00054367544,0.000107866836,0.00018912704,0.000568069,0.00083661475,1036,test
0.99580956,0.0005514086,0.00015224984,0.00095558516,0.00019138047,0.00038238752,0.0008070235,0.001150445,1037,test
0.99903536,8.325484e-05,2.9434236e-06,0.00025781593,3.378724e-05,9.48318e-05,0.00022485775,0.0002671663,1038,test
1.1752226e-05,0.00018905694,0.99843353,0.00082242547,0.00015188717,0.00010114559,0.00011282938,0.00017738184,1039,test
0.9782582,0.010276574,7.020787e-05,0.0013700752,0.00075145444,0.0032925247,0.0023312909,0.0036496632,1040,test
0.99886703,8.90049e-05,4.5833826e-06,0.00031170223,3.878226e-05,9.871949e-05,0.00025137028,0.00033877787,1041,test
1.5045904e-05,0.0006146279,0.9971085,0.0013340532,0.00018876084,0.00020750491,0.00021249463,0.0003189697,1042,test
0.00012415371,0.0013672794,0.9942352,0.0019743189,0.00071691506,0.00042728925,0.00051511073,0.0006397224,1043,test
0.99919885,6.555399e-05,1.6977745e-06,0.00022075388,2.8276632e-05,7.629377e-05,0.00019440537,0.00021431467,1044,test
4.0556624e-06,0.00025955742,5.7362933e-05,5.3540844e-05,0.9971565,0.0022558626,0.000110781366,0.00010229238,1045,test
5.5357097e-05,0.0010249877,0.9957372,0.0016657981,0.00043217902,0.00029427744,0.0003496568,0.00044058345,1046,test
1.8507611e-05,0.00021374629,0.9982181,0.0008712095,0.00019725758,0.00011826897,0.00017286606,0.0001899466,1047,test
2.5039542e-05,0.0005343055,0.9966366,0.0015810364,0.0002415236,0.00024719766,0.0002553819,0.00047879104,1048,test
2.3768767e-05,0.0007774835,0.9971046,0.0011727917,0.00023300228,0.00018561649,0.00021797526,0.00028475758,1049,test
0.9990854,6.192957e-05,4.611224e-06,0.0002651066,4.0050956e-05,6.686625e-05,0.0002550709,0.00022103087,1050,test
1.42973095e-05,0.0005199892,0.99634284,0.0020502852,0.00023068572,0.00023277922,0.00019503871,0.00041409142,1051,test
1.5813997e-05,0.00028573538,0.9977537,0.001122338,0.00017917292,0.0001629696,0.00016148314,0.00031882958,1052,test
0.9973206,0.00021235971,3.4804478e-05,0.0006232341,0.00011429593,0.00015219682,0.00046777274,0.0010748112,1053,test
1.4808062e-05,0.00036360964,0.99805033,0.00080062094,0.00020441879,0.00016740916,0.0001761765,0.00022252114,1054,test
1.3947585e-05,0.00016733057,0.998706,0.0006604446,0.00012171585,8.299975e-05,0.00011049638,0.0001370702,1055,test
0.0001898444,0.0009570155,0.9902221,0.0023455871,0.0048360745,0.0002630134,0.0006398862,0.00054643,1056,test
0.9992482,5.4183456e-05,2.1115443e-06,0.00023607908,7.972918e-05,3.300341e-05,0.00015433914,0.00019243147,1057,test
7.19504e-05,0.0003369634,0.9970509,0.0010926556,0.0007354299,9.7185344e-05,0.00031513532,0.00029981567,1058,test
4.232969e-05,0.0001997288,0.9975776,0.0010639289,0.00051651325,9.01292e-05,0.0002626207,0.00024718762,1059,test
3.4696948e-06,0.00018376658,1.8879738e-06,1.6702126e-05,0.00019315428,0.9993056,0.00013155995,0.00016376836,1060,test
0.9990544,6.158054e-05,5.001797e-06,0.0002772865,9.5051546e-05,2.3793455e-05,0.00014909904,0.00033380187,1061,test
0.99917823,4.1461986e-05,6.930229e-06,0.00029198467,8.988466e-05,2.5036383e-05,0.00015227818,0.00021405533,1062,test
4.657026e-05,0.00031209926,0.9973285,0.0012142278,0.00041386334,9.881413e-05,0.00028562426,0.00030033302,1063,test
4.7423975e-05,0.00015463699,0.9980089,0.00093809125,0.00037029388,5.9960497e-05,0.00021688406,0.00020384499,1064,test
0.99907565,5.3649932e-05,8.698461e-06,0.00029011787,8.616497e-05,2.9699368e-05,0.00022519862,0.00023080171,1065,test
0.99942255,2.961576e-05,3.0073522e-06,0.00016891645,5.8613605e-05,1.3467443e-05,9.698159e-05,0.0002069047,1066,test
2.6966918e-06,5.3394806e-06,3.00013e-07,2.206759e-05,1.284432e-05,8.258916e-06,0.9998785,6.993303e-05,1067,test
0.99958473,2.3365657e-05,1.1065774e-06,0.00014375252,4.596767e-05,1.3296094e-05,8.360799e-05,0.00010411644,1068,test
0.9994986,2.3884668e-05,2.463903e-06,0.00016639105,4.795125e-05,1.0485142e-05,8.061153e-05,0.00016972134,1069,test
5.6547953e-05,0.0003346129,0.99731773,0.0011639532,0.0004894623,8.3158164e-05,0.0002753992,0.00027918097,1070,test
7.5784765e-06,4.422146e-05,0.99936694,0.00034989792,0.00010615219,2.0992784e-05,6.414211e-05,4.0075767e-05,1071,test
0.9992606,4.7167705e-05,2.3684534e-06,0.00021929592,7.285502e-05,2.190755e-05,0.00013245641,0.00024329421,1072,test
6.6377324e-05,0.00033767504,0.996745,0.001344759,0.00074230024,0.00011714033,0.0003382857,0.00030841652,1073,test
0.9989937,5.937441e-05,5.6010167e-06,0.0003325976,0.000104298,2.716257e-05,0.00015826095,0.00031898692,1074,test
4.5519682e-05,0.00021309665,0.9976739,0.0009898188,0.00048500593,8.370131e-05,0.00024649303,0.0002623399,1075,test
2.3696528e-05,8.747609e-05,0.99876356,0.0007222747,0.0001756407,2.6719923e-05,0.00010505202,9.5684525e-05,1076,test
4.1119965e-05,0.00022183561,0.99786913,0.0009155276,0.00039305008,7.3985444e-05,0.0002510344,0.0002342993,1077,test
2.4290219e-05,8.599099e-05,0.99874383,0.00062346284,0.00023289195,3.4700883e-05,0.00013367024,0.00012122868,1078,test
4.4972625e-05,9.269008e-05,0.998422,0.0008281784,0.00026315954,4.4402626e-05,0.00016412725,0.00014041185,1079,test
2.9773542e-05,0.0002209675,0.99793255,0.0009559644,0.00036285337,6.507085e-05,0.00025531117,0.00017760455,1080,test
2.8724467e-05,0.0001744895,0.9983834,0.0006280101,0.0003149987,6.0011265e-05,0.00025885573,0.00015156789,1081,test
3.7856086e-07,0.9998789,1.3931929e-06,3.1936535e-05,3.142414e-05,1.0449375e-05,1.9485251e-05,2.6015128e-05,1082,test
0.0002726765,0.0006438615,0.9948059,0.001957103,0.0012136147,0.00016656349,0.00056274806,0.00037757074,1083,test
0.99885905,9.649361e-05,5.0651647e-06,0.00031789657,0.00011048307,5.457903e-05,0.00025815077,0.00029823493,1084,test
0.99286073,0.0008555383,0.00037219372,0.0017621709,0.0011900922,0.0003573228,0.0015739637,0.0010280187,1085,test
3.0431454e-05,0.00037335465,0.9966955,0.0015764495,0.00054459716,0.0001245571,0.000308268,0.0003467438,1086,test
0.00015471538,0.00060290634,0.99495125,0.0022244388,0.00082428555,0.00016403047,0.00052840024,0.00054998265,1087,test
5.8230915e-05,0.0003772939,0.9961144,0.0013554107,0.0014191399,0.00012140405,0.0002967748,0.00025741395,1088,test
6.448986e-05,0.0002914254,0.99718636,0.0010958249,0.00069216633,8.656742e-05,0.00031633474,0.00026681405,1089,test
0.99951375,3.1426895e-05,1.4387327e-06,0.00013416042,5.004128e-05,1.5062764e-05,8.046206e-05,0.00017368901,1090,test
0.59434247,0.0023210438,0.36710486,0.018424202,0.004558542,0.0011052106,0.006673485,0.005470162,1091,test
0.003752311,0.0014282856,0.9828084,0.005907911,0.0025381225,0.00036398778,0.0014018475,0.0017990998,1092,test
1.774742e-05,0.00056647154,1.0682958e-05,5.6944464e-05,0.0002743859,0.9938852,0.00050325826,0.004685368,1093,test
1.45201475e-05,0.0026171745,8.174826e-05,0.0002657084,0.018495057,0.9711033,0.0009780959,0.00644434,1094,test
5.1200044e-05,0.00020932824,0.9976968,0.0009818425,0.00044967057,8.0646285e-05,0.00028490854,0.00024558383,1095,test
0.9993031,3.995076e-05,4.241927e-06,0.00023900832,8.351591e-05,1.7961442e-05,0.00011448021,0.00019764021,1096,test
4.2653875e-07,0.99989307,1.554751e-06,3.197359e-05,2.6438871e-05,1.2397359e-05,1.650323e-05,1.756696e-05,1097,test
3.6975936e-05,0.0002480117,0.997843,0.0008546573,0.00044924437,7.2012306e-05,0.00028015906,0.00021586381,1098,test
2.4299135e-05,0.00019358248,0.9981085,0.0008500541,0.00034984128,6.508431e-05,0.00024206075,0.00016669671,1099,test
1.7013535e-05,5.4349468e-05,0.99892694,0.0005028832,0.00026946986,3.1795564e-05,0.000117104006,8.0494e-05,1100,test
8.296163e-06,4.3134416e-05,0.9993013,0.0004107052,0.00012592178,1.7010338e-05,5.440531e-05,3.9107716e-05,1101,test
2.008775e-06,0.00029642903,6.6713005e-06,2.9213088e-05,0.00045588982,0.9990728,0.000112984024,2.4025127e-05,1102,test
0.999406,3.2789372e-05,2.4344913e-06,0.00020699266,6.8617584e-05,1.3921123e-05,9.0977235e-05,0.00017832602,1103,test
7.975222e-06,0.0001417415,0.9989448,0.0003421198,0.00021088388,6.369906e-05,0.00020555191,8.3169056e-05,1104,test
0.99872977,9.6002484e-05,4.403741e-06,0.00030851032,0.00013990184,0.000106021,0.00030577977,0.00030963923,1105,test
9.199509e-06,0.00024435346,0.9983198,0.0004939117,0.00039298,0.000120418044,0.00027081816,0.00014843504,1106,test
4.583815e-06,0.0001065552,0.9988708,0.00037780733,0.00031286103,8.1395556e-05,0.00016318087,8.2788756e-05,1107,test
0.99483156,0.0005600193,3.0918945e-05,0.0009588292,0.0014954762,0.00047741577,0.0011063169,0.0005394798,1108,test
6.474043e-06,0.0002102983,0.9984812,0.00049538753,0.0003705034,0.000110981026,0.00021754345,0.00010762734,1109,test
3.4809295e-06,8.8702065e-05,0.999111,0.00031701755,0.00024169666,5.9689857e-05,0.000116045216,6.2319596e-05,1110,test
8.030795e-06,0.00036422082,0.9975637,0.0006848123,0.00065689185,0.00021384563,0.0003161368,0.0001924195,1111,test
3.7860858e-08,5.820968e-06,2.0384821e-08,3.2699677e-07,1.8769771e-05,0.9999616,1.2052793e-05,1.3651373e-06,1112,test
0.00016329983,0.0019372095,0.98768103,0.0037673702,0.002551089,0.0009536133,0.0018363112,0.0011101312,1113,test
0.96738094,0.013199643,0.0015262846,0.0028415923,0.004073872,0.0030874386,0.004445358,0.0034449403,1114,test
5.0289636e-06,0.00016924692,0.99873704,0.00040403238,0.0002924634,9.4509014e-05,0.0002016675,9.5957585e-05,1115,test
1.2547426e-07,7.034465e-07,2.9192452e-07,1.120382e-06,3.2442215e-06,6.118878e-06,0.99998426,4.25936e-06,1116,test
0.9987224,7.464955e-05,1.5263991e-05,0.00034187533,0.00016710049,6.459561e-05,0.00031280768,0.0003011813,1117,test
0.9967514,0.000282305,6.717448e-05,0.00085590995,0.00045611002,0.0002225397,0.00068719196,0.00067726773,1118,test
0.99801093,0.00013682219,1.1953964e-05,0.0005345062,0.00020079092,0.000145085,0.0005058594,0.0004540819,1119,test
0.9981006,0.00014772352,1.5053177e-05,0.00049903075,0.00023890473,0.00017408891,0.0004617684,0.00036296688,1120,test
0.9960908,0.0002687945,9.150655e-05,0.0010455674,0.0004558751,0.00018351847,0.0007038871,0.0011601098,1121,test
3.1485856e-06,5.1270006e-05,0.99921536,0.00023818438,0.00026560595,5.54991e-05,0.00013026322,4.0576673e-05,1122,test
0.99079925,0.0006658635,9.846613e-05,0.0016963505,0.0012492618,0.00072663976,0.0025228034,0.0022413789,1123,test
3.1769383e-07,0.9996649,2.1403034e-06,2.544636e-05,3.229474e-05,5.730648e-05,0.00011661936,0.000101025216,1124,test
0.00016071532,0.00034532638,0.996953,0.00090555236,0.000764825,0.00017896359,0.0005187796,0.00017284795,1125,test
5.22042e-06,7.556158e-05,0.99912184,0.00031841994,0.00022511583,5.6858462e-05,0.00013566016,6.1283965e-05,1126,test
5.3094036e-06,8.305202e-05,0.999131,0.00032753556,0.00019768742,5.638348e-05,0.00012975605,6.939024e-05,1127,test
3.0708416e-05,0.002723725,0.00029689464,0.0005254697,0.021451509,0.96312433,0.0029287075,0.008918592,1128,test
1.0122767e-05,0.00018439414,0.9982272,0.0005838301,0.0004754361,0.0001288948,0.00023505579,0.00015521281,1129,test
0.9972915,0.00022618134,1.8110917e-05,0.00057669333,0.0002876806,0.00022676469,0.00068931363,0.0006837573,1130,test
0.0005573446,0.00049960666,0.99403435,0.0022157321,0.001404912,0.00024337207,0.00061128644,0.00043340126,1131,test
2.2131771e-05,0.0003744999,0.99593216,0.0006734718,0.0025071348,0.00017911123,0.00023177412,7.97175e-05,1132,test
0.9981021,0.000120807665,3.9900537e-05,0.00054887315,0.0002100453,0.000122012054,0.00039029543,0.00046601478,1133,test
0.9968549,0.00029921206,2.9300796e-05,0.0008335093,0.0003488815,0.00027437662,0.0006357144,0.00072412885,1134,test
0.00010811302,0.0008376178,0.99325114,0.0023294883,0.0013374294,0.00056165934,0.0008279492,0.00074662606,1135,test
1.1887153e-06,4.0039355e-05,0.999567,0.00018647868,0.00010488296,3.0545365e-05,5.0949424e-05,1.8848197e-05,1136,test
5.576626e-06,7.249556e-05,0.9991297,0.00031212904,0.00023628576,5.563662e-05,0.00012241906,6.568218e-05,1137,test
6.8359973e-06,0.00018377793,0.9984909,0.000493174,0.00038533175,0.00010996417,0.00021349112,0.0001163777,1138,test
3.710924e-05,0.0002890772,0.99776936,0.00072672556,0.00062904786,0.0001469577,0.0002828775,0.00011881946,1139,test
5.7997117e-06,0.00017360318,0.9986759,0.00043218443,0.0002856163,9.5153555e-05,0.00022542346,0.00010632511,1140,test
1.2064409e-06,6.578098e-05,9.831401e-08,3.0376366e-05,0.00011751403,0.00017114666,1.9847443e-05,0.99959403,1141,test
3.8492428e-07,9.464248e-07,6.180296e-07,0.9999863,1.3661387e-06,2.8147724e-07,1.1312875e-06,9.008419e-06,1142,test
0.9977684,0.00020141176,8.842211e-06,0.00046494973,0.00025131973,0.0002210981,0.0006427274,0.00044129952,1143,test
1.1405823e-05,0.00035546283,0.99785197,0.00057942694,0.00058168086,0.00015676391,0.00030788544,0.00015547677,1144,test
1.1236338e-07,2.331612e-05,6.645258e-08,8.0522307e-07,2.2237939e-05,0.999918,2.6976075e-05,8.538712e-06,1145,test
0.998601,9.0336e-05,1.3715706e-05,0.00045373983,0.00014732222,9.335107e-05,0.0003007208,0.00029975272,1146,test
0.9975897,0.00019412098,4.330694e-05,0.0005907781,0.00031030655,0.00024710814,0.00067961606,0.000345101,1147,test
0.0017250536,0.0009206232,0.98924005,0.0035801495,0.0020823604,0.0004297878,0.0009927552,0.0010293288,1148,test
0.99496067,0.0005171761,0.00017210537,0.0011843044,0.00089206063,0.00045521802,0.0013933604,0.0004250364,1149,test
1.5815372e-06,5.0933962e-05,0.99949706,0.0001861719,0.00014129782,3.604656e-05,6.618089e-05,2.0837435e-05,1150,test
2.4128508e-07,0.99990356,3.1058046e-06,1.40822385e-05,1.9683108e-05,3.634752e-05,1.7010656e-05,5.944019e-06,1151,test
8.172183e-06,0.0001256379,0.9993513,0.00023893735,0.00015947338,4.181638e-05,6.4559776e-05,1.0152256e-05,1152,test
0.99096996,0.0055632126,8.652118e-05,0.00071606267,0.0009771991,0.0008846601,0.00073058245,7.17838e-05,1153,test
0.9992169,7.781879e-05,2.5355905e-05,0.000325379,0.00014987239,3.254738e-05,0.00013907536,3.3071756e-05,1154,test
6.579944e-05,0.00013481521,0.99886036,0.00040958734,0.00031937292,6.3448446e-05,0.00012941383,1.7185577e-05,1155,test
0.99815506,0.00024588176,7.8953395e-05,0.00051092106,0.0003523421,0.0002307054,0.00038945294,3.6647718e-05,1156,test
4.1477547e-06,0.00014502865,5.49668e-06,7.795849e-06,0.00013294103,0.9995976,9.776485e-05,9.26325e-06,1157,test
1.1189141e-05,0.00016033936,0.99925476,0.00026471642,0.00017015118,4.4787866e-05,8.2063685e-05,1.2032563e-05,1158,test
6.185836e-06,5.098319e-05,0.9995895,0.00017313789,9.748837e-05,2.3364679e-05,5.3916912e-05,5.45385e-06,1159,test
1.1405983e-05,8.730859e-05,0.9993812,0.00021017251,0.00018790633,3.3588403e-05,7.954861e-05,8.814079e-06,1160,test
6.3180764e-06,6.926181e-05,0.999524,0.0001806765,0.00013277642,2.9921272e-05,5.0811756e-05,6.3450916e-06,1161,test
1.7671566e-05,2.458185e-05,1.0099565e-05,2.977083e-05,6.285282e-05,8.5768814e-05,0.9997447,2.4413917e-05,1162,test
0.999332,6.9531336e-05,8.576411e-06,0.0002509631,9.6902455e-05,5.0087136e-05,0.00016951193,2.2376864e-05,1163,test
1.52313205e-05,0.00014805049,0.9991027,0.00026332462,0.00028426736,6.196455e-05,0.000113340524,1.1017113e-05,1164,test
9.606911e-06,9.5181924e-05,0.9993186,0.00026151064,0.00018908113,4.4111366e-05,7.103653e-05,1.090452e-05,1165,test
1.5333457e-05,6.461127e-05,0.9994172,0.00020998376,0.00018833164,3.4224453e-05,6.335299e-05,7.0719902e-06,1166,test
0.99711573,0.0004707248,0.00044663038,0.00066893524,0.0004511538,0.0002335281,0.0005296654,8.37378e-05,1167,test
6.967756e-06,7.20691e-05,0.999561,0.00016274684,0.000118400516,2.4357108e-05,4.868034e-05,5.7477378e-06,1168,test
9.759325e-06,0.0001443713,0.9992778,0.00028779043,0.00015219301,4.4777575e-05,7.226428e-05,1.094314e-05,1169,test
5.383286e-06,5.6884244e-05,0.9995577,0.00015312634,0.00014696075,3.0236877e-05,4.444889e-05,5.236977e-06,1170,test
0.0037465827,0.0011004292,0.9913696,0.0015739909,0.0011931692,0.00031513022,0.00057333265,0.00012781586,1171,test
0.998645,0.00023675045,4.3811815e-05,0.00036290573,0.00025702646,0.00014587428,0.0002775543,3.1182248e-05,1172,test
1.8313456e-05,6.38458e-05,0.9993962,0.00021572137,0.00020990426,3.186239e-05,5.5237233e-05,8.8393135e-06,1173,test
3.2580278e-06,3.4498495e-05,0.9997315,0.0001273839,6.321591e-05,1.4220659e-05,2.3347948e-05,2.5439524e-06,1174,test
1.0026051e-05,7.879147e-05,0.99942017,0.00019965433,0.00018300688,3.314242e-05,6.727435e-05,7.955152e-06,1175,test
5.2151413e-06,6.072734e-06,1.968642e-06,5.626343e-06,1.4529935e-05,2.3853661e-05,0.9999379,4.7327662e-06,1176,test
8.790038e-06,0.00010567725,0.9993917,0.00023293549,0.00015255959,3.8351955e-05,6.151321e-05,8.507588e-06,1177,test
0.9984855,0.00021370954,7.568475e-05,0.0004693414,0.00025110756,0.000118712356,0.00032242076,6.349272e-05,1178,test
9.081994e-06,5.6874087e-05,0.9995041,0.00019057565,0.00014924144,2.6130474e-05,5.673708e-05,7.2031844e-06,1179,test
8.708203e-06,5.5166125e-05,0.9994814,0.00016955278,0.00019159673,3.3656223e-05,5.290123e-05,7.110628e-06,1180,test
1.1528478e-05,8.9570975e-05,0.9994234,0.00022473281,0.00014102718,3.131704e-05,6.925814e-05,9.291254e-06,1181,test
0.000393997,0.0006986129,1.5313855e-05,0.0013075167,0.000366078,0.00040876726,0.00069564336,0.996114,1182,test
0.99925834,0.00010612163,1.6631417e-05,0.00024265783,0.00012862364,6.737035e-05,0.0001588829,2.1333664e-05,1183,test
8.487263e-07,0.9999087,1.6145541e-05,2.618509e-05,1.25703955e-05,2.53828e-05,9.222643e-06,9.934043e-07,1184,test
8.7734065e-07,0.9998785,2.0024096e-05,3.0455216e-05,1.8384239e-05,3.8169685e-05,1.2352014e-05,1.2764476e-06,1185,test
0.0005772921,0.0032192045,0.12970288,0.0012198988,0.8473245,0.015529348,0.0016919893,0.00073496695,1186,test
4.7598355e-06,4.644564e-05,0.99971217,0.00011037905,7.849277e-05,1.2812444e-05,3.2170174e-05,2.6630296e-06,1187,test
9.520402e-06,8.803536e-05,0.99939775,0.00022833436,0.00016264425,3.3154956e-05,7.113706e-05,9.40527e-06,1188,test
0.99937135,8.103465e-05,9.529934e-06,0.00016800861,0.00013825086,5.144278e-05,0.00016106799,1.9390089e-05,1189,test
2.1902906e-05,0.00011276655,0.99927944,0.00026619912,0.00017619254,4.152079e-05,8.952358e-05,1.2443521e-05,1190,test
0.004541007,0.0027046916,8.633736e-05,0.003072063,0.0010769545,0.0016430047,0.0018197387,0.9850562,1191,test
0.0016608201,0.003156956,0.00015532532,0.0065560252,0.0022792707,0.0011585777,0.0022389416,0.98279405,1192,test
0.0003534318,0.0004960172,1.2163914e-05,0.0015181971,0.000305098,0.00024913653,0.00066374027,0.99640226,1193,test
0.99758446,0.0002251904,0.0002859369,0.00095616287,0.00039737855,0.00011594296,0.0003190678,0.00011589985,1194,test
3.0499063e-05,0.00025923882,0.0002730738,7.681405e-05,0.9987373,0.0004635375,0.0001380013,2.1515243e-05,1195,test
1.2458818e-05,0.00011837463,0.99932635,0.00024460634,0.00016596414,4.0448766e-05,8.060955e-05,1.1099495e-05,1196,test
0.99925977,7.595111e-05,3.3743592e-05,0.00028197578,0.00013201579,4.5675763e-05,0.00014830878,2.2618176e-05,1197,test
9.642439e-06,7.398394e-05,0.99947554,0.00020173925,0.00014478128,2.715536e-05,5.963634e-05,7.5219455e-06,1198,test
0.9994067,6.2745996e-05,1.6456408e-05,0.00022198787,8.848672e-05,4.4050892e-05,0.0001449599,1.452924e-05,1199,test
1.3239569e-05,0.9987708,0.00016546852,0.00030231162,0.000121680794,0.00015984269,0.00028450318,0.00018217877,1200,test
9.035508e-06,5.9726048e-05,0.9991621,0.0003526969,0.00013326906,4.713108e-05,0.00015223361,8.3878534e-05,1201,test
0.9982665,8.380311e-05,3.6082823e-05,0.0005127716,0.0001427724,0.00010248069,0.00052506657,0.00033053325,1202,test
1.1082972e-05,4.7289086e-05,0.99924904,0.00031958896,0.0001273285,3.723008e-05,0.00013734354,7.106254e-05,1203,test
0.9986689,0.00012681674,3.11752e-05,0.0003100284,0.00013886977,0.000107712156,0.00045852823,0.00015813875,1204,test
8.4227295e-06,4.4699755e-05,0.99934834,0.00029391758,8.693698e-05,3.0090181e-05,0.00013304269,5.4606444e-05,1205,test
0.9989672,4.6789843e-05,3.3381395e-05,0.00033231394,7.9778016e-05,5.1378105e-05,0.00028223082,0.00020699769,1206,test
0.99919325,3.635452e-05,1.1028476e-05,0.00027633712,6.1077e-05,4.568819e-05,0.00022257422,0.0001537209,1207,test
0.0002064026,0.00016843823,0.9973367,0.0010632699,0.00062934414,9.673019e-05,0.00035032153,0.00014882453,1208,test
4.217731e-05,0.00033928922,0.9980167,0.0007414582,0.00026938302,0.00010356829,0.00038361538,0.00010385037,1209,test
1.09057255e-05,2.936117e-05,0.9993795,0.00025154438,0.00013441093,3.0574956e-05,0.00010926437,5.441808e-05,1210,test
1.25814795e-05,5.120128e-05,0.9992092,0.00031634737,0.00016025269,3.8616257e-05,0.0001387848,7.297908e-05,1211,test
9.789126e-06,2.685383e-05,0.9995228,0.00019923868,8.48148e-05,2.0631982e-05,9.748782e-05,3.8396367e-05,1212,test
1.3275775e-05,9.010869e-06,1.4434622e-07,7.808502e-05,6.732225e-06,8.0223635e-06,5.3726242e-05,0.99983096,1213,test
1.397129e-05,5.9758862e-05,0.9990753,0.00038930765,0.00013004191,4.5069482e-05,0.00018413433,0.00010244857,1214,test
3.387771e-05,8.719533e-05,0.9987429,0.00047474244,0.00022515129,6.3307714e-05,0.00022888916,0.00014395974,1215,test
1.3635712e-05,4.101681e-05,0.9992255,0.00031787434,0.00013948262,3.347573e-05,0.0001505903,7.8458004e-05,1216,test
0.9990392,3.8432616e-05,2.5588193e-05,0.00031437012,7.4739626e-05,4.866722e-05,0.0002958449,0.0001631984,1217,test
9.5537085e-05,0.00058468326,0.99472356,0.0016401289,0.0006894195,0.0013371491,0.0006125409,0.00031696682,1218,test
6.7359238e-06,7.902904e-05,2.6294797e-06,1.419351e-05,9.2769995e-05,0.99956113,0.00015667925,8.682109e-05,1219,test
8.3320465e-06,3.7393278e-05,0.99929905,0.00029946468,0.000116774965,3.7055852e-05,0.0001284739,7.350085e-05,1220,test
0.009963516,0.001994244,0.04133922,0.9107535,0.020562932,0.0013116656,0.007129872,0.0069451686,1221,test
0.9987496,5.2531163e-05,2.3754325e-05,0.0003823433,9.433047e-05,7.591349e-05,0.00039390448,0.00022762986,1222,test
0.9989611,4.7595695e-05,1.0210539e-05,0.00032375348,7.860596e-05,6.8566624e-05,0.0003244425,0.00018571841,1223,test
0.99692,0.00014974619,0.00029090277,0.00072401174,0.0003611004,0.00017594072,0.00074607163,0.00063225406,1224,test
0.87939453,0.00278789,0.09191785,0.0072599566,0.005564258,0.0017097751,0.0075776633,0.0037880675,1225,test
8.206298e-06,2.5733108e-05,0.9994134,0.00025797696,0.000117778756,2.7211689e-05,9.6858974e-05,5.2895106e-05,1226,test
1.1796172e-05,5.3635373e-05,0.99918383,0.00032993904,0.00015115466,4.2985343e-05,0.0001481676,7.849896e-05,1227,test
2.2065715e-05,8.246924e-05,0.99875486,0.0004756713,0.000258196,6.0837665e-05,0.00022690238,0.00011894386,1228,test
6.180431e-06,2.3184408e-05,0.99948597,0.0002148343,0.00011952358,2.3306204e-05,8.7621214e-05,3.940699e-05,1229,test
1.9490686e-05,0.99865204,0.00019349203,0.0003376656,0.00013452768,0.00018391594,0.0002723444,0.00020651956,1230,test
0.9991093,3.4087218e-05,1.1822128e-05,0.00029115292,5.971788e-05,4.0820447e-05,0.0002475122,0.00020567168,1231,test
0.9985441,5.8046975e-05,7.595391e-05,0.00052146515,0.00011847761,6.598802e-05,0.00038618795,0.00022990408,1232,test
1.7598086e-05,6.9338894e-05,0.99900216,0.00038683665,0.00022281025,4.568616e-05,0.00016248485,9.31604e-05,1233,test
7.744399e-06,1.8949902e-05,0.99956125,0.00019885947,7.400948e-05,1.7975952e-05,8.3180705e-05,3.8044167e-05,1234,test
1.0220385e-05,2.8568344e-05,0.99938476,0.0002456624,0.00014178568,2.7781542e-05,0.000112902315,4.83005e-05,1235,test
1.0853668e-05,3.639452e-05,0.9993135,0.00028006049,0.00015105796,3.3912813e-05,0.00011662407,5.7606547e-05,1236,test
0.982777,0.008528146,0.0003001438,0.0014413181,0.0014483731,0.0013921146,0.0025263375,0.0015864733,1237,test
0.9988005,4.9008973e-05,6.0011153e-05,0.00042591937,8.614723e-05,6.675314e-05,0.00032073795,0.00019080492,1238,test
0.9991704,3.767096e-05,1.1678649e-05,0.00030419126,7.369358e-05,3.8618775e-05,0.00021793478,0.00014577714,1239,test
3.046794e-05,0.00054120884,0.00037457288,0.00026994865,0.9635879,0.033687957,0.0008050982,0.00070284284,1240,test
1.3475148e-05,3.4066794e-05,0.9993175,0.0002651138,0.00015393412,3.0318508e-05,0.00012878516,5.6782832e-05,1241,test
0.99721587,8.023146e-05,0.00027149564,0.0007999691,0.00019325854,7.8293946e-05,0.0008648338,0.0004959126,1242,test
2.6520976e-05,7.09e-05,0.99896693,0.00046039655,0.00016072391,4.4549644e-05,0.00017065967,9.934801e-05,1243,test
6.268231e-06,0.00015601657,2.6285525e-05,3.477086e-05,0.00022864685,0.99868613,0.00032119677,0.0005406773,1244,test
1.1376535e-05,0.99884593,0.000121233454,0.00027448166,0.00013152327,0.0001769692,0.00024294243,0.00019545898,1245,test
2.5034218e-05,0.000118420794,0.00022343184,7.9166595e-05,0.9985784,0.00044290206,0.0003354925,0.000197167,1246,test
0.9992052,3.9010272e-05,8.919391e-06,0.00025476812,6.3094725e-05,4.7711903e-05,0.00024895734,0.00013234187,1247,test
0.99760145,0.00011451112,1.2112785e-05,0.0006160383,0.00026609373,0.00011674069,0.0003692012,0.000903855,1248,test
6.745457e-08,0.9998729,1.2227598e-06,2.3672766e-05,2.7145494e-05,2.9432817e-05,1.4160777e-05,3.138921e-05,1249,test
8.589486e-06,6.105738e-05,0.9984855,0.0004577972,0.0006311597,8.4488915e-05,0.00012495287,0.00014641862,1250,test
2.2462932e-06,3.5954952e-05,0.99940526,0.00028114035,0.00013750343,3.841881e-05,6.216731e-05,3.730361e-05,1251,test
3.2687183e-08,1.5988063e-07,4.0510346e-09,4.8941155e-07,3.8106343e-06,2.1983474e-06,0.9999882,5.0967806e-06,1252,test
0.99348855,0.00051217765,0.00011234661,0.0013565494,0.0010973724,0.0005996386,0.0014043857,0.0014289197,1253,test
0.9932854,0.00058983115,0.000114150054,0.0011575678,0.00094769144,0.00048081545,0.0012741386,0.0021503132,1254,test
0.9958878,0.00030791745,3.3145974e-05,0.0009530935,0.0005898825,0.0002715929,0.0007943511,0.0011621736,1255,test
6.5219365e-06,0.00012258938,0.9982723,0.0007156091,0.0003706022,0.00013065523,0.00017073042,0.00021095628,1256,test
7.882578e-06,0.00016332745,0.9983209,0.00061239686,0.00038378555,0.0001223761,0.0001834733,0.00020584045,1257,test
8.670794e-06,0.0001261122,0.9980428,0.0006309506,0.00061628706,0.00015074134,0.00019522064,0.00022912606,1258,test
6.011534e-06,0.000104035804,0.99863714,0.00054644264,0.0003059013,9.385515e-05,0.0001359468,0.00017064222,1259,test
2.6713524e-06,3.6345027e-05,0.9992888,0.00026389363,0.00022359291,5.1059415e-05,8.001387e-05,5.3613345e-05,1260,test
0.99570197,0.00040088,2.7187247e-05,0.0009314244,0.00064277416,0.0004543246,0.0007915767,0.0010498555,1261,test
7.925247e-09,5.4892107e-06,1.3598181e-08,2.7768994e-07,3.472227e-05,0.99994385,5.006293e-06,1.0633809e-05,1262,test
0.99771285,0.00013058612,1.3362608e-05,0.0004945512,0.00025317317,0.0001374642,0.00052513054,0.0007328362,1263,test
0.99728525,0.00016574778,1.7859733e-05,0.0007498809,0.00034592077,0.00017718779,0.00057900365,0.0006792237,1264,test
2.3038224e-06,5.5155175e-05,0.9992773,0.00031589624,0.00019499609,5.314693e-05,6.119461e-05,4.0034927e-05,1265,test
3.7186771e-06,7.234309e-05,0.9990528,0.00038046218,0.00023771496,6.191563e-05,9.226598e-05,9.879362e-05,1266,test
0.9969607,0.00021816342,1.658596e-05,0.00070953445,0.0003863979,0.00021510519,0.0006602176,0.0008333231,1267,test
8.814656e-06,0.00026585447,0.9974195,0.0009013834,0.00057824806,0.00022536905,0.0002674609,0.00033345656,1268,test
0.9943762,0.00046605736,7.661596e-05,0.0010567977,0.0009159622,0.00040170527,0.0011803412,0.0015263954,1269,test
8.65655e-06,0.00021824217,0.9978429,0.0007824092,0.00050038146,0.00016230109,0.00021292613,0.00027226366,1270,test
8.094009e-06,0.0003499514,0.9966066,0.0014068008,0.000554989,0.00033102158,0.000343034,0.0003994949,1271,test
0.9958333,0.00030344518,5.100387e-05,0.00083121826,0.00054632296,0.00025739652,0.0010378794,0.001139494,1272,test
0.995466,0.0003259546,3.8059632e-05,0.00080263027,0.0006810289,0.00037970793,0.0009019237,0.0014046348,1273,test
0.9968092,0.00019256226,2.3765397e-05,0.00074725086,0.00038164487,0.00020080907,0.0006966638,0.00094802084,1274,test
7.294471e-06,0.00016080131,0.9981097,0.0007162234,0.00045413943,0.00013473908,0.00017331853,0.00024376698,1275,test
0.99544626,0.0004927059,2.8788878e-05,0.0007560201,0.00056172116,0.00055567827,0.0009895418,0.0011692345,1276,test
0.99586546,0.00026031685,2.6208858e-05,0.0008264538,0.00047980642,0.00024643907,0.0007815522,0.001513778,1277,test
7.3735487e-06,0.00013990102,0.99831176,0.0006463598,0.00039882588,0.00011956181,0.00017146558,0.00020479805,1278,test
6.9256375e-06,0.00013688141,0.9986181,0.00053615414,0.00028464096,9.563511e-05,0.00016295191,0.00015869741,1279,test
0.99722666,0.00018333568,1.7348331e-05,0.00063018635,0.0003424552,0.00022847892,0.0005635185,0.0008079889,1280,test
4.0017694e-06,4.9145234e-05,0.99904674,0.00035004597,0.00030923754,6.4517444e-05,0.00010144861,7.4883814e-05,1281,test
0.9966132,0.00017767024,2.1397946e-05,0.0007110969,0.00036926186,0.00018337043,0.00063371175,0.0012902853,1282,test
3.3505094e-06,3.095163e-05,0.99927396,0.0002850502,0.00023209053,4.1377156e-05,7.355637e-05,5.9841404e-05,1283,test
0.9956233,0.00028644662,2.005729e-05,0.0010361214,0.00049962034,0.00036410912,0.0009798249,0.0011905469,1284,test
5.613527e-06,0.000120841956,0.99872535,0.0004947086,0.00029145708,8.769526e-05,0.00012837468,0.00014604263,1285,test
7.8929574e-05,0.00021779734,0.99693215,0.0010811177,0.000887086,0.00017371804,0.00031884186,0.0003103789,1286,test
7.3738047e-06,0.00014462377,0.99831784,0.00061761105,0.00039942,0.00012163245,0.0001834946,0.00020799783,1287,test
1.1226926e-05,0.00012017569,0.998546,0.0006284839,0.00028270247,8.7017674e-05,0.00014434842,0.00018000054,1288,test
2.9318072e-08,1.8036548e-05,6.769429e-08,1.2474352e-06,4.0342067e-05,0.9997011,1.293368e-05,0.00022625476,1289,test
1.03064636e-07,0.99985325,1.647995e-06,2.3363244e-05,2.7319922e-05,4.1816482e-05,1.6527096e-05,3.5816036e-05,1290,test
1.6644659e-05,0.00011507575,0.99820065,0.00072106643,0.0005674448,0.00011110433,0.00014045867,0.00012749244,1291,test
0.9928945,0.00056535524,0.00010433107,0.0013379132,0.00094085763,0.00039704467,0.0011963294,0.0025636223,1292,test
5.8593446e-06,0.00013158763,0.99844116,0.00060873124,0.00037130615,0.00010699814,0.00016258434,0.0001718016,1293,test
8.295839e-06,0.00013518223,0.99808025,0.000699816,0.00055108947,0.00012465738,0.00018354527,0.00021713303,1294,test
0.00028404043,0.00042272147,0.99462175,0.0013384569,0.0021817207,0.00032006446,0.00045132902,0.00037996884,1295,test
1.622322e-05,0.00016597185,0.9980404,0.0009932253,0.0002881265,0.00012323681,0.00012823341,0.0002446014,1296,test
0.99847466,8.679209e-05,3.875183e-05,0.00054324645,0.0001460196,0.00011938374,0.00027103664,0.00032001318,1297,test
0.9985461,8.1526305e-05,1.8679622e-05,0.00047355972,0.00014100595,0.000105652805,0.00024576965,0.00038756474,1298,test
8.562204e-06,0.00012077354,0.9986979,0.00067592703,0.00020495329,7.822812e-05,8.669566e-05,0.0001270308,1299,test
1.8469667e-05,0.0002574933,0.9976024,0.0011249768,0.00035574456,0.00016398095,0.00015745699,0.0003194392,1300,test
1.6865282e-06,0.99954295,2.9090408e-05,0.00012164452,4.5370005e-05,0.00017462105,2.7166414e-05,5.7565125e-05,1301,test
3.0364915e-06,0.998711,2.2110793e-05,8.6808155e-05,8.7311215e-05,0.00024997612,0.00049087417,0.00034881663,1302,test
0.9963552,0.00025095607,0.00014527355,0.0011434667,0.00028171306,0.00028480095,0.00071462523,0.0008238978,1303,test
0.9909407,0.0006029956,0.0008047919,0.002109764,0.0012322948,0.0010676173,0.0017998271,0.0014420163,1304,test
1.1075955e-05,7.629977e-05,0.99869734,0.0007029193,0.00024251927,6.84256e-05,7.620277e-05,0.00012521417,1305,test
8.013706e-06,9.1490554e-05,0.99889404,0.00058255054,0.0001912055,6.0611055e-05,7.876163e-05,9.345989e-05,1306,test
9.800364e-06,6.825402e-05,0.99887866,0.0005555365,0.00024425113,6.106179e-05,7.8813624e-05,0.00010349664,1307,test
7.5850858e-06,6.9574635e-05,0.999084,0.00049429236,0.00012853192,4.7971505e-05,7.074074e-05,9.733199e-05,1308,test
9.169825e-06,7.1521165e-05,0.9988846,0.0006071746,0.00015264192,6.182113e-05,8.3180064e-05,0.00012978134,1309,test
0.99425536,0.00040143836,0.00034445006,0.0016047347,0.00070302136,0.000411904,0.0008361864,0.0014430056,1310,test
0.998264,0.000106300824,2.6991129e-05,0.0006142406,0.00015333954,0.00014819845,0.00027316,0.0004137718,1311,test
0.9979565,0.00014420475,2.5139721e-05,0.00064520875,0.00018937704,0.0001991797,0.00035207736,0.00048830034,1312,test
0.00012237304,0.00015054524,0.99803513,0.0007618017,0.00049859105,9.999986e-05,0.00018678157,0.00014478678,1313,test
1.4934769e-05,0.00018145738,0.998395,0.00072902796,0.0002918059,9.855736e-05,0.00012383667,0.00016547347,1314,test
2.3239412e-05,0.99826163,0.0002864007,0.0002488518,0.00030879304,0.0005996642,0.0001071295,0.00016428113,1315,test
0.99492955,0.00044668594,0.0002884808,0.0010346262,0.00077276374,0.00045992565,0.000882128,0.0011858472,1316,test
2.2019392e-05,0.00042398868,0.00031673847,0.00021227838,0.9977404,0.0006011247,0.00024638604,0.00043707178,1317,test
0.9966497,0.00019310389,6.530082e-05,0.0009513085,0.0003195075,0.00021711376,0.0005235968,0.0010803398,1318,test
8.4007115e-06,6.76126e-05,0.99916947,0.00041383205,0.00014189011,4.933099e-05,6.275204e-05,8.669533e-05,1319,test
0.9973404,0.00014885773,3.079021e-05,0.00087859196,0.00024672993,0.0002373514,0.00046907665,0.00064826326,1320,test
1.0905566e-06,0.99959606,1.9838892e-05,0.00010317141,3.973722e-05,0.00016857496,2.0239364e-05,5.1220955e-05,1321,test
2.1391e-06,4.8589303e-05,2.79105e-05,4.068365e-05,0.99975663,5.0697676e-05,2.5674475e-05,4.767691e-05,1322,test
6.3876378e-06,1.4005835e-05,8.3277814e-07,0.00010924876,8.435092e-06,0.000584269,0.0006298363,0.99864703,1323,test
3.7771918e-06,3.0544397e-05,0.99944466,0.00033976333,8.480833e-05,2.9193903e-05,3.317065e-05,3.401509e-05,1324,test
0.05513576,0.007801192,0.8930039,0.017580708,0.014064064,0.0028892653,0.0045268135,0.0049983193,1325,test
1.0241162e-05,8.021163e-05,0.9986908,0.0007082068,0.00019812885,7.419643e-05,8.674426e-05,0.00015143435,1326,test
2.0572345e-06,2.0000678e-05,0.99962497,0.00023540872,6.093743e-05,1.848399e-05,1.9190069e-05,1.8951365e-05,1327,test
7.824307e-06,3.9504753e-06,2.6477203e-06,1.6169308e-05,1.8614664e-05,4.6212375e-05,0.9998499,5.4685093e-05,1328,test
0.99765956,0.00011222272,3.3331722e-05,0.00076365506,0.00018661711,0.00014891858,0.00040418256,0.00069143757,1329,test
2.1107531e-05,6.3130606e-06,1.654201e-05,3.5968176e-05,2.9418086e-05,0.00010161098,0.9997234,6.559172e-05,1330,test
1.39437725e-05,0.00015665007,0.9984425,0.00068588764,0.00033044087,0.00010760326,0.000115356044,0.00014772397,1331,test
1.4208014e-05,0.00013360802,0.99834645,0.00080240314,0.00029824278,0.000100764184,0.00011613315,0.00018821817,1332,test
0.9966696,0.00022673309,7.0055205e-05,0.0009055526,0.0003080739,0.00031153424,0.00058518694,0.0009232827,1333,test
2.8803305e-07,7.678729e-05,2.0993689e-06,6.7903147e-06,0.00052310026,0.9992599,4.284267e-05,8.8155015e-05,1334,test
0.997874,0.00014478108,5.527326e-05,0.00074928603,0.000289395,0.00015281243,0.00033078072,0.0004036463,1335,test
0.00012548042,0.00060492,0.99558324,0.0020080495,0.0006144432,0.00030582826,0.00032724897,0.00043090252,1336,test
0.9919225,0.00047966966,0.0005362854,0.0019809634,0.0006849697,0.00041324855,0.0011637829,0.0028186012,1337,test
6.6529437e-06,4.926579e-05,0.999183,0.0004893275,0.0001078258,4.3100612e-05,4.673644e-05,7.4111056e-05,1338,test
1.9793347e-06,1.9961712e-05,0.99954885,0.00030485343,6.384185e-05,1.6979393e-05,1.819725e-05,2.5383104e-05,1339,test
0.9981388,0.00013684167,2.6037704e-05,0.00056747376,0.0002219817,0.00014741984,0.00026740556,0.00049405935,1340,test
9.0346175e-06,6.826217e-05,0.9987883,0.000637126,0.0002049298,7.4440984e-05,8.299107e-05,0.00013491468,1341,test
8.787212e-06,0.000107875654,0.9987103,0.00066133396,0.00020197524,8.0166916e-05,8.211257e-05,0.00014744869,1342,test
0.9975643,0.0001512895,2.7499813e-05,0.0007046326,0.00023191805,0.00019979644,0.00040132768,0.00071923155,1343,test
1.3072199e-07,0.9998246,5.581358e-07,2.5635627e-05,1.6166337e-05,5.3521646e-05,3.1509782e-05,4.790138e-05,1344,test
0.99933344,1.0359536e-05,1.4127859e-06,0.00020082724,4.7657682e-05,2.325802e-05,0.00012944415,0.0002536739,1345,test
0.99913764,2.2065964e-05,7.9960427e-07,0.00018124926,7.014462e-05,6.580647e-05,0.00026014308,0.0002621019,1346,test
3.802658e-05,0.0003233258,0.9951585,0.0016037035,0.0010644471,0.0004520832,0.00064472645,0.0007152101,1347,test
0.9991505,2.2644319e-05,8.736979e-07,0.00014961038,7.0096234e-05,5.4024604e-05,0.00021181305,0.00034033044,1348,test
2.9359771e-05,0.00039434378,0.994232,0.0020854191,0.0011364082,0.0005497062,0.0008276516,0.0007451103,1349,test
2.8370183e-05,0.0001495037,0.9960396,0.0013881983,0.0010159167,0.00037094104,0.0005017939,0.0005055902,1350,test
5.6990434e-06,4.7905454e-05,0.9987936,0.00048626645,0.00033281752,0.00012449596,0.00013838365,7.086905e-05,1351,test
2.2766313e-05,0.00010126726,0.99653167,0.0011724124,0.0010537418,0.0002649027,0.00049660256,0.00035665237,1352,test
2.2747256e-05,0.00020644102,0.99640983,0.0013429427,0.00075085316,0.0002787529,0.00059458095,0.00039376196,1353,test
5.376483e-05,0.0006230495,0.9934788,0.0027757788,0.0006872185,0.000489123,0.00065762823,0.0012345519,1354,test
0.99964213,6.784011e-06,4.823384e-07,9.7011965e-05,3.3665394e-05,1.8095543e-05,9.4148716e-05,0.000107581516,1355,test
2.4425954e-05,0.00020810764,0.99657935,0.0012165629,0.0007131607,0.00031835109,0.00050064217,0.00043939866,1356,test
0.999009,4.053345e-05,8.9813915e-07,0.00018448508,0.000103881976,0.00010871041,0.00028281898,0.00026965627,1357,test
1.9689314e-05,9.286963e-05,0.9969694,0.0010453002,0.00086199533,0.00025077455,0.0005010087,0.00025890805,1358,test
0.0047222883,0.0008969575,0.5823846,0.010514301,0.39087802,0.002236602,0.0064637135,0.0019034762,1359,test
6.172664e-05,0.00035253458,0.99250364,0.0024674993,0.0021891375,0.00066992425,0.0008770703,0.0008784968,1360,test
0.99905413,2.4414787e-05,9.624756e-07,0.0001761565,6.9560214e-05,5.930743e-05,0.00021334545,0.00040217975,1361,test
0.9994711,1.2884814e-05,3.2666188e-07,0.00012436659,3.879824e-05,2.9557636e-05,0.0001858143,0.0001371242,1362,test
0.99936765,2.3517547e-05,4.670715e-07,0.00014288723,5.671965e-05,5.02035e-05,0.00016790339,0.00019070634,1363,test
3.151109e-05,0.00015104003,0.99621385,0.0013254607,0.0011815684,0.00028117796,0.0004898217,0.00032541653,1364,test
2.3676826e-05,9.176213e-05,0.99657696,0.0012520036,0.0007843919,0.00017226301,0.0006885433,0.00041033124,1365,test
0.9994887,1.6776807e-05,4.3955336e-07,0.00011911267,4.6950325e-05,3.610754e-05,0.00014271209,0.0001492064,1366,test
0.9918962,0.000568488,0.00013868087,0.0010566275,0.0008393011,0.00061493355,0.0013982516,0.0034875593,1367,test
3.3654476e-05,0.00038067804,0.99441904,0.002158752,0.0008647349,0.00048915914,0.0007492826,0.0009046132,1368,test
2.035665e-05,9.899948e-05,0.99771583,0.0008268152,0.00054015324,0.00017464493,0.00036388994,0.0002592319,1369,test
5.0016866e-09,3.2660057e-07,2.1629024e-10,4.603292e-08,1.1317754e-05,0.99996793,6.9527264e-06,1.3423949e-05,1370,test
4.34e-05,0.00019464688,0.9962205,0.0012446487,0.0010970491,0.00027416748,0.0005616985,0.00036389506,1371,test
3.731769e-05,0.00020569446,0.9960576,0.0011795774,0.0011782467,0.00033534283,0.00056849903,0.00043770147,1372,test
0.99884087,2.8066675e-05,1.0649044e-06,0.00020162863,9.3135495e-05,5.92487e-05,0.00030352335,0.00047248698,1373,test
5.28931e-05,0.00034164867,0.9937814,0.001752808,0.0016777139,0.0006559476,0.0007917401,0.0009459442,1374,test
5.727712e-05,0.0002716245,0.9938082,0.0018989396,0.0017424187,0.00057871104,0.0008010842,0.00084165385,1375,test
2.667521e-07,0.9998271,6.400277e-07,2.9416058e-05,2.5309835e-05,5.598282e-05,2.1825268e-05,3.9456507e-05,1376,test
3.8971317e-05,0.00017195311,0.9959746,0.0011647092,0.0012330476,0.00033438593,0.00066392886,0.00041832973,1377,test
3.388963e-05,0.00017656728,0.99591136,0.001167269,0.0014300969,0.00033735498,0.0005686761,0.0003748242,1378,test
0.9647982,0.021034388,0.00014445373,0.0014204442,0.0023927402,0.003981518,0.0042895153,0.0019386963,1379,test
3.1592903e-05,0.000116965406,0.9931271,0.0016904812,0.0030070385,0.0004441721,0.0010732816,0.00050938426,1380,test
0.9991623,3.374912e-05,9.700192e-07,0.0001616362,9.4107556e-05,7.182119e-05,0.00023719795,0.00023816923,1381,test
3.294444e-05,0.00021586102,0.9959705,0.0012866715,0.0009437944,0.00034672942,0.00065990095,0.00054363464,1382,test
1.3212999e-05,4.6954e-05,0.99816185,0.00059391913,0.0005806697,0.00012324593,0.0003459887,0.00013410691,1383,test
5.575127e-09,3.6366689e-07,6.4345773e-10,6.2649285e-08,9.225963e-06,0.99996257,5.6087483e-06,2.2252847e-05,1384,test
4.8328737e-05,0.00020663638,0.9960867,0.0013276236,0.00079620804,0.00032454415,0.00061452214,0.0005954437,1385,test
0.00015686662,0.0006758783,0.98894274,0.00385677,0.002494551,0.0010408112,0.0012340382,0.0015983231,1386,test
0.00018054819,0.0011258475,0.99244857,0.0023579486,0.0014504411,0.0007754998,0.0010820883,0.00057908305,1387,test
2.131373e-07,0.9998548,5.276764e-07,2.337614e-05,2.046889e-05,5.0785453e-05,1.9505902e-05,3.0240531e-05,1388,test
0.99916315,1.3951415e-05,3.7171037e-07,0.0001651124,5.616461e-05,4.938057e-05,0.00022272483,0.0003290822,1389,test
0.29842544,0.66169375,0.00031864358,0.003463529,0.008814989,0.014550641,0.008986586,0.0037465305,1390,test
0.005712934,0.001150394,0.96135116,0.007825074,0.012159579,0.0032017955,0.0056487513,0.002950285,1391,test
0.99927527,1.5425712e-05,1.5345513e-05,0.00018528546,7.5587086e-05,9.091426e-05,0.00028157976,6.0557908e-05,1392,test
3.5835063e-07,1.6578131e-05,1.5184618e-06,2.997196e-06,0.0018664651,0.99805933,4.6500903e-05,6.2479676e-06,1393,test
9.31138e-06,1.6426216e-05,0.99922407,0.00027160713,0.00027998793,6.9026486e-05,9.6843854e-05,3.2700438e-05,1394,test
0.99925643,1.39629e-05,7.137124e-06,0.00016658157,8.32573e-05,7.065572e-05,0.00032501505,7.6925855e-05,1395,test
0.9996712,6.2760123e-06,1.8857075e-06,9.801702e-05,2.7627968e-05,3.89832e-05,0.00012898762,2.7019412e-05,1396,test
4.5851425e-06,3.4683096e-06,2.510888e-05,1.8244606e-05,0.999671,0.00010963061,0.00014242485,2.5572483e-05,1397,test
6.3396856e-06,9.211037e-06,0.99944884,0.00017150935,0.00020563249,5.2496347e-05,8.243003e-05,2.3534087e-05,1398,test
0.9996723,5.9205995e-06,2.003313e-06,9.822355e-05,3.0469591e-05,4.2266416e-05,0.00011990096,2.8908642e-05,1399,test
1.0600922e-05,9.433666e-06,0.99944824,0.0002031088,0.00017117606,4.402807e-05,8.743986e-05,2.5876177e-05,1400,test
4.3525033e-06,1.1938587e-05,7.548928e-06,1.4607123e-05,0.043373797,0.9559277,0.0005985829,6.1348095e-05,1401,test
1.2450185e-05,1.9352974e-05,0.9991073,0.0003102195,0.0003070264,7.260304e-05,0.00012522867,4.5913304e-05,1402,test
1.788054e-05,1.5224333e-05,0.99913496,0.00032687874,0.0002837841,6.6130924e-05,0.00013023919,2.4988234e-05,1403,test
7.44433e-05,0.9956382,0.00043335822,0.0008310466,0.00066387263,0.0013462846,0.00060376583,0.0004090264,1404,test
0.99942267,1.20215545e-05,4.3636705e-06,0.0001379149,6.559206e-05,6.792493e-05,0.00023057449,5.8955527e-05,1405,test
2.9442082e-05,1.1631456e-05,6.2880906e-07,0.0001666888,3.8311413e-05,4.2378968e-05,0.00014016098,0.9995708,1406,test
8.377894e-06,1.1939489e-05,0.9992448,0.00023228503,0.00029526363,6.8970665e-05,0.000108457774,3.0021713e-05,1407,test
0.9995987,6.575648e-06,3.7551583e-06,0.00011447422,4.145333e-05,5.0954004e-05,0.0001605468,2.353831e-05,1408,test
1.2405309e-05,1.2758549e-05,0.9992698,0.00023884176,0.0002598125,6.0546892e-05,0.00011098322,3.4796987e-05,1409,test
3.292638e-05,3.7327109e-06,2.2693202e-07,0.000114047616,2.5910347e-05,7.354828e-05,0.00023479562,0.9995148,1410,test
7.955109e-06,1.044583e-05,0.99945766,0.00022868998,0.00014711318,4.8208803e-05,7.328321e-05,2.658654e-05,1411,test
7.069775e-06,7.2950847e-06,0.99950063,0.00017710413,0.00016823238,4.4970147e-05,7.009405e-05,2.4607814e-05,1412,test
0.0001328911,0.9962639,0.00045430686,0.00075513055,0.00059776264,0.00091523724,0.00066296814,0.0002177321,1413,test
0.9996995,4.392473e-06,3.23438e-06,8.73015e-05,2.9995499e-05,3.3926688e-05,0.00012611163,1.5626552e-05,1414,test
0.99941933,5.7863654e-06,1.7776596e-05,0.00022668163,5.3326305e-05,4.4341894e-05,0.00018708826,4.5635115e-05,1415,test
0.9995109,9.723045e-06,6.9397197e-06,0.00014684656,5.5753946e-05,5.5388486e-05,0.00016810147,4.6325e-05,1416,test
0.00010885282,2.823189e-05,0.9984212,0.000486943,0.00052088354,9.65636e-05,0.0002608931,7.646492e-05,1417,test
0.9824623,0.0005433431,0.007931158,0.0020914269,0.002125743,0.0010753054,0.0024756675,0.0012951309,1418,test
9.545594e-06,1.6622887e-05,0.99924135,0.00027148184,0.00023904759,7.299458e-05,0.000110691384,3.8354086e-05,1419,test
3.076718e-05,1.3416569e-05,0.9992562,0.00032680994,0.00018131138,4.621639e-05,0.00011435504,3.0898525e-05,1420,test
7.3402257e-06,5.2766054e-06,0.99956495,0.00016028469,0.00014670053,3.4148816e-05,6.163722e-05,1.9702959e-05,1421,test
1.6612099e-05,1.2238952e-05,0.9993579,0.00022211383,0.00021054117,5.2152962e-05,9.7385695e-05,3.1062227e-05,1422,test
1.1461869e-05,1.3173911e-05,0.9992737,0.00022095873,0.00030464164,6.0246413e-05,9.025687e-05,2.5491086e-05,1423,test
1.1844231e-05,1.0053947e-05,0.99931955,0.00021456962,0.00027864278,5.1433686e-05,9.214699e-05,2.1719468e-05,1424,test
0.6198257,0.0039597442,0.24558651,0.03006777,0.013879856,0.011919928,0.046090245,0.028670235,1425,test
8.6951644e-05,1.8185445e-05,1.8155577e-06,0.0003762779,0.00012487527,0.00015379385,8.727398e-05,0.9991509,1426,test
0.99960536,6.3320126e-06,3.28121e-06,0.000103227,3.3991986e-05,4.8164453e-05,0.00017683372,2.2794822e-05,1427,test
1.3559873e-05,1.8992192e-05,0.9991862,0.00028988195,0.00025659008,6.9962494e-05,0.00012100569,4.3797114e-05,1428,test
1.0453444e-05,1.1293471e-05,0.99912983,0.0002510437,0.00038254284,7.65262e-05,0.00010481259,3.3488333e-05,1429,test
3.8808003e-06,6.091206e-06,0.9995648,0.00015019861,0.0001714524,3.7121743e-05,5.2748364e-05,1.3688011e-05,1430,test
0.9996556,4.9481223e-06,2.5926245e-06,0.000109032626,2.985056e-05,4.0258714e-05,0.0001331453,2.4635912e-05,1431,test
0.00010547131,0.9935668,0.0009467696,0.0013200106,0.0007452198,0.0017627388,0.001042834,0.0005101779,1432,test
0.00010066525,0.99678147,0.00031310713,0.0006239159,0.00047339842,0.0008944009,0.0005588889,0.00025404984,1433,test
5.9852173e-06,7.0225246e-06,0.99956006,0.00015629614,0.0001529711,3.3960834e-05,6.440357e-05,1.939157e-05,1434,test
2.7613078e-05,3.8046095e-05,0.99875903,0.00042483845,0.00040480882,0.00010771264,0.00017391078,6.3959415e-05,1435,test
2.872782e-06,3.2631958e-06,0.99976104,0.00011287493,6.380725e-05,1.749371e-05,3.160062e-05,7.0998094e-06,1436,test
9.234022e-05,0.99142784,0.0010128875,0.0011998811,0.0011669481,0.0032551796,0.0010765177,0.00076828944,1437,test
5.9046797e-06,5.348549e-06,0.9995776,0.00014825272,0.00016319717,2.7148371e-05,5.8080408e-05,1.4594848e-05,1438,test
0.99908876,1.3729474e-05,2.8432072e-05,0.00023035989,8.867809e-05,9.2234375e-05,0.00039744243,6.0256978e-05,1439,test
1.7834841e-06,4.784668e-06,0.99947995,0.00013574774,0.00027723878,5.1969117e-05,3.4663757e-05,1.3865772e-05,1440,test
0.9982863,7.112433e-05,2.3113445e-05,0.00040883114,0.0002424775,0.0003728431,0.0004813812,0.00011390951,1441,test
3.0557387e-06,1.8886454e-05,0.99934787,0.00022041085,0.00025422368,7.370253e-05,5.2152838e-05,2.9613155e-05,1442,test
4.1139723e-05,2.550957e-05,0.99896014,0.0003280944,0.00043987329,7.8664976e-05,8.454971e-05,4.2013067e-05,1443,test
0.99882287,4.7579942e-05,7.659792e-06,0.0003512873,0.00014228011,0.00021344115,0.00033820915,7.6571305e-05,1444,test
0.9990163,3.488564e-05,2.1662185e-05,0.0003111999,0.00016058324,0.00011276816,0.00024307588,9.960328e-05,1445,test
3.0709352e-06,1.1245629e-05,0.9993019,0.00020427989,0.00032119872,8.464141e-05,4.8978938e-05,2.4681907e-05,1446,test
1.3924369e-05,7.17295e-06,1.7571074e-05,3.677101e-05,0.00015850914,0.0004921282,0.99918145,9.23062e-05,1447,test
3.3133485e-06,8.965676e-06,0.9995247,0.00014258541,0.00021898601,4.0880397e-05,4.305068e-05,1.7514662e-05,1448,test
0.999295,2.1128208e-05,1.58539e-05,0.00023761799,0.00011862236,7.0827315e-05,0.00017010579,7.079753e-05,1449,test
0.50063795,0.0032835142,0.44537354,0.01741204,0.013783657,0.005561572,0.008348163,0.0055995528,1450,test
2.833855e-05,0.99675924,0.00051501504,0.00057117926,0.0006558896,0.0010597558,0.0002580386,0.00015253389,1451,test
1.4795186e-06,5.324167e-06,0.99967194,0.00011855986,0.00014083658,3.0329144e-05,2.1766844e-05,9.7058955e-06,1452,test
2.8763109e-06,1.3295082e-05,0.9994343,0.00018685622,0.00023057364,6.3619875e-05,4.4722023e-05,2.3884226e-05,1453,test
0.9989373,3.5956353e-05,8.838786e-06,0.00031256126,0.00015211591,0.00020277606,0.00029385075,5.6617155e-05,1454,test
1.9331528e-05,0.9960614,0.00012165407,0.00039531753,0.0006139213,0.0014825201,0.0005325977,0.00077337516,1455,test
0.9918499,0.00029999096,0.0024993478,0.0018512009,0.0010138652,0.00055125967,0.0011467816,0.0007876432,1456,test
0.9978654,9.0460766e-05,4.6396104e-05,0.00047176902,0.0003725933,0.00040687085,0.0005481825,0.00019842062,1457,test
3.7656748e-06,1.4041117e-05,0.9993579,0.0001787184,0.00028985573,7.0243164e-05,5.67991e-05,2.8652265e-05,1458,test
5.8794126e-06,1.6992992e-05,0.99919385,0.0003170559,0.00027810625,8.162993e-05,7.004053e-05,3.653322e-05,1459,test
0.8238083,0.001145956,0.1475527,0.010063229,0.0083596455,0.002228174,0.004103654,0.0027382777,1460,test
3.953281e-06,1.5186303e-05,0.99943084,0.00020848031,0.0002073667,5.6211764e-05,4.9327948e-05,2.8565844e-05,1461,test
3.6028145e-05,0.9975641,0.00018914827,0.0003844736,0.00045846342,0.00092775736,0.00029382622,0.00014617319,1462,test
2.8626027e-05,0.9970011,0.0004356705,0.00061112345,0.0005559428,0.0009438264,0.00024768506,0.0001760351,1463,test
0.00013576193,6.8560425e-05,0.9978186,0.0006918041,0.0007205949,0.00023539289,0.0002736429,5.560204e-05,1464,test
1.9851512e-05,8.137144e-06,7.7025686e-07,0.00014460302,4.4408043e-05,5.7187597e-05,6.635826e-05,0.9996587,1465,test
0.9980483,8.044483e-05,7.897719e-05,0.00052113435,0.0006615167,0.0001834071,0.00027318357,0.00015302493,1466,test
3.1090447e-05,1.232019e-05,5.7427656e-07,0.00014358565,3.813028e-05,9.4413954e-05,5.1199873e-05,0.99962866,1467,test
5.505257e-05,0.99485236,0.000852186,0.0007864246,0.0007198766,0.0014284536,0.0008080205,0.00049757515,1468,test
9.526999e-06,3.407134e-06,4.147757e-06,2.4915016e-05,0.00012126217,0.0005214101,0.99920076,0.00011462601,1469,test
0.99680185,0.00015122867,0.0002934668,0.0008110308,0.00057549815,0.00043509045,0.0006424666,0.00028942968,1470,test
0.99822205,7.3081224e-05,6.612874e-05,0.00058705534,0.0003415363,0.00021486342,0.00037906793,0.00011623768,1471,test
0.9985575,5.255593e-05,4.1178006e-05,0.00040419618,0.00020664698,0.00020358898,0.0004129626,0.000121393816,1472,test
0.99916005,2.0704405e-05,1.920417e-05,0.00030141041,0.00015098999,8.102779e-05,0.00021669712,4.985284e-05,1473,test
1.193149e-07,1.8530212e-06,1.2195145e-06,1.8140828e-06,2.3147322e-05,0.99995816,1.1613048e-05,1.9648144e-06,1474,test
4.60001e-06,1.6292921e-05,0.9992244,0.0002909727,0.00031873217,6.415878e-05,5.3709573e-05,2.7081487e-05,1475,test
9.237006e-06,2.296745e-05,0.9992975,0.0002271073,0.0002590789,8.4374355e-05,7.167201e-05,2.7997818e-05,1476,test
3.5675782e-06,8.8643665e-06,0.9995208,0.00015858127,0.0002046899,3.9026392e-05,4.6282577e-05,1.8263116e-05,1477,test
3.5728447e-06,1.3822989e-05,0.9993766,0.00021388396,0.00025828896,6.299665e-05,4.907541e-05,2.1776335e-05,1478,test
3.6460267e-06,1.4211039e-05,0.9993793,0.00018172826,0.00027838183,6.636186e-05,5.0204806e-05,2.6272555e-05,1479,test
7.3315177e-06,9.299018e-06,1.0947023e-06,7.56383e-05,5.4744127e-05,0.0002565095,3.494244e-05,0.9995604,1480,test
0.99738485,6.24535e-05,0.0002972304,0.0009299326,0.00042894488,0.00018114969,0.00046908192,0.0002463943,1481,test
8.676804e-05,4.3152264e-05,5.3349013e-06,0.00036878686,0.000163777,0.00021718911,0.0003130973,0.9988018,1482,test
0.9462956,0.002561528,0.01728144,0.003917602,0.013557191,0.008864298,0.0054666204,0.0020556806,1483,test
4.046295e-06,1.3594977e-05,0.99943405,0.00018629126,0.0002309389,5.837875e-05,4.6800644e-05,2.5835174e-05,1484,test
0.99901426,2.0163432e-05,1.5597878e-05,0.00033595273,0.00017485472,8.01982e-05,0.00024171383,0.000117190895,1485,test
1.3902505e-06,4.1756766e-06,0.99970645,0.00010580413,0.00011952111,2.6426502e-05,2.6297956e-05,9.823239e-06,1486,test
3.1008342e-06,8.368579e-06,0.9995541,0.00015018655,0.00019368566,3.724503e-05,3.634227e-05,1.6886934e-05,1487,test
3.7066104e-05,4.4495446e-05,0.9990037,0.00039671583,0.00025274343,5.9527916e-05,0.0001644045,4.121106e-05,1488,test
0.00010550249,0.00017268902,0.99778086,0.00082594267,0.00047451546,0.00014559913,0.00037496848,0.00012007364,1489,test
4.97272e-05,4.1992596e-05,0.99906963,0.00040115824,0.00016908046,4.877339e-05,0.00017284628,4.6834288e-05,1490,test
1.2188711e-05,2.3170114e-05,0.99949,0.00025215605,0.00011461526,2.994923e-05,6.4686516e-05,1.3171926e-05,1491,test
0.00012509714,0.0001642852,0.9975394,0.0011964999,0.00046286432,0.00013481756,0.0002846409,9.234409e-05,1492,test
6.393688e-05,6.451847e-05,0.99814355,0.0006605582,0.00059039623,0.00012627467,0.00027495986,7.576353e-05,1493,test
0.99962425,2.3310115e-05,1.7833129e-06,0.0001133492,3.833305e-05,3.226314e-05,0.00013871274,2.7985987e-05,1494,test
0.0016170536,0.0036712443,0.0003838228,0.0036140196,0.7422853,0.040499195,0.011162076,0.19676732,1495,test
0.0005779504,0.0021648826,0.00034370992,0.0019262827,0.0053396877,0.9575031,0.005092882,0.027051488,1496,test
1.4852679e-05,0.000120137076,2.7024835e-06,1.4319827e-05,0.00016304522,0.9994873,0.00015591468,4.1796313e-05,1497,test
0.99972063,9.343215e-06,4.1208614e-06,0.00011237491,3.0448347e-05,1.2468941e-05,9.0219946e-05,2.0337146e-05,1498,test
7.910186e-05,0.000121806224,0.9982273,0.00067508855,0.0003914904,0.00011765828,0.00030132208,8.6209286e-05,1499,test
5.3033644e-05,8.359595e-05,0.99863654,0.0005491461,0.0003177773,8.2021055e-05,0.00021622365,6.1715655e-05,1500,test
3.8723352e-05,0.9991424,0.000120237615,0.00020997148,0.00013783167,0.00016375411,0.00014211488,4.496308e-05,1501,test
6.112429e-05,0.0001066894,0.99843055,0.0006134625,0.00035771696,0.00010394229,0.00025044824,7.608832e-05,1502,test
6.607734e-05,9.720801e-05,0.9982882,0.0006328014,0.0004382574,0.000105153544,0.00029528103,7.701992e-05,1503,test
3.962804e-06,4.6040734e-07,1.2334854e-07,1.8902749e-06,4.831444e-06,6.937555e-06,0.9999789,2.9128516e-06,1504,test
0.0003965943,0.00024586124,0.9966298,0.0012969817,0.00078291335,0.00016561452,0.0004044313,7.784102e-05,1505,test
0.99973696,1.1928123e-05,1.2782402e-06,9.005191e-05,2.6084743e-05,1.5784348e-05,9.4449664e-05,2.3505627e-05,1506,test
6.566641e-05,9.8610704e-05,0.9986517,0.00052239443,0.00028203407,7.794785e-05,0.00023536438,6.623801e-05,1507,test
0.99922705,3.2692587e-05,5.1470633e-05,0.00027924633,8.639749e-05,4.0324783e-05,0.00022987864,5.2944793e-05,1508,test
6.323311e-05,0.00010859686,0.9984711,0.0006096169,0.00031714945,8.7196306e-05,0.00026349092,7.9535006e-05,1509,test
8.1134596e-05,0.00016658125,0.99753124,0.0009069013,0.0007143813,0.00015365513,0.00033274668,0.000113335045,1510,test
3.376011e-05,4.621604e-05,0.99894553,0.0004560711,0.00022351652,6.8990004e-05,0.00018006844,4.5960318e-05,1511,test
0.99941504,1.712498e-05,1.4032307e-05,0.00022214389,8.204609e-05,1.6081585e-05,0.00016642569,6.700054e-05,1512,test
0.9995346,3.7666156e-05,4.5160973e-06,0.00013511442,5.6479028e-05,4.4638644e-05,0.00014313302,4.384227e-05,1513,test
0.99873,5.725911e-05,0.00011748168,0.0004199512,0.0001595459,6.953605e-05,0.00035156432,9.461476e-05,1514,test
1.136153e-05,0.9992995,3.4247358e-05,0.00017524959,0.00011598125,0.0001937697,0.00012536831,4.4422966e-05,1515,test
2.681277e-05,4.771818e-05,0.99915063,0.00037154078,0.00021556678,5.1415627e-05,0.00011311357,2.310623e-05,1516,test
0.99890566,0.00022645085,6.6831744e-06,0.00014767246,0.00015727719,0.0001855663,0.00032125082,4.940044e-05,1517,test
6.0753224e-05,0.00012725263,0.9984498,0.0005447972,0.00036261187,9.129834e-05,0.0002841396,7.9385085e-05,1518,test
0.0006507994,0.017024795,0.9716671,0.0049736584,0.0022548926,0.0011060784,0.0017713582,0.00055131956,1519,test
6.398893e-05,6.5017324e-05,0.9986218,0.0005294968,0.00031735617,8.393966e-05,0.0002512501,6.712509e-05,1520,test
0.00015928129,7.060419e-05,1.1782023e-06,0.00031567432,6.0881157e-05,6.989138e-05,0.00017179125,0.99915063,1521,test
0.99977523,1.12090065e-05,1.0240738e-06,7.437971e-05,2.4509587e-05,1.5974098e-05,8.162441e-05,1.6097172e-05,1522,test
5.2590854e-05,8.9780566e-05,0.99854565,0.00059606007,0.0003477169,8.2525126e-05,0.00022400907,6.161484e-05,1523,test
7.837018e-05,0.0001175685,0.9983773,0.0006223514,0.0003433168,9.799421e-05,0.00028086564,8.218538e-05,1524,test
0.00028120642,0.00037240886,3.0471992e-06,0.002453849,0.0001444771,0.00014096861,0.00016384537,0.9964401,1525,test
4.1020554e-05,8.869832e-05,0.99869174,0.00058619305,0.0002525166,7.496372e-05,0.00020572024,5.9128044e-05,1526,test
0.9997508,1.3833349e-05,1.3795018e-06,8.8526634e-05,2.4731764e-05,1.6927941e-05,8.581917e-05,1.7893712e-05,1527,test
3.991719e-05,0.9990989,7.010043e-05,0.00024137885,0.0001633592,0.0001639423,0.00017845018,4.4016495e-05,1528,test
0.00018380552,0.00013513592,9.013547e-07,0.0002637313,3.4702796e-05,7.967121e-05,0.00033159732,0.9989704,1529,test
6.148358e-05,0.00010838931,0.99842453,0.0005665502,0.0003761286,9.953365e-05,0.00028352308,7.992096e-05,1530,test
9.599893e-05,0.0001071403,0.9983309,0.0007043534,0.00034002258,9.056678e-05,0.00024647874,8.448726e-05,1531,test
0.9996972,1.8579667e-05,2.557238e-06,9.915107e-05,4.5078486e-05,1.9253766e-05,9.210344e-05,2.6147914e-05,1532,test
5.085457e-05,7.8064106e-05,0.99878186,0.00054118846,0.00023106238,7.278263e-05,0.00018242246,6.1780884e-05,1533,test
0.015418659,0.0010325741,0.97200376,0.0047976705,0.0031016849,0.0005561638,0.0019499703,0.0011395123,1534,test
0.00064476044,0.0014035144,0.9386042,0.0030229979,0.04966844,0.0046066055,0.0017195488,0.0003299807,1535,test
4.655301e-06,1.0008466e-05,0.99927264,0.0002763214,0.00022101877,6.7277884e-05,9.6220974e-05,5.1832234e-05,1536,test
3.1813894e-07,4.9872756e-07,1.2318794e-09,9.938716e-06,1.7809741e-06,2.9252753e-06,5.76214e-06,0.9999788,1537,test
1.1428015e-05,3.9810584e-05,0.99839574,0.0005112627,0.0005419393,0.00016137332,0.0002359076,0.000102560654,1538,test
1.1852834e-05,2.7310061e-05,0.999035,0.00033141734,0.0002773012,9.908502e-05,0.00014854151,6.951783e-05,1539,test
0.998926,2.9761602e-05,2.5220877e-06,0.00019358074,9.955734e-05,0.00017521683,0.0003816512,0.0001917549,1540,test
1.4572596e-05,3.2114687e-05,0.9984676,0.00048871455,0.0005330742,0.00014236305,0.00022577161,9.570016e-05,1541,test
1.5018493e-05,2.0441714e-05,0.99911124,0.00030272457,0.0002943875,6.4739805e-05,0.00013130464,6.0136976e-05,1542,test
2.3037783e-05,9.244961e-05,0.99764365,0.0007712226,0.000681857,0.00026465938,0.00029853723,0.0002246062,1543,test
1.2875023e-05,4.2161984e-05,0.9983393,0.00055061595,0.00055659236,0.00017228661,0.00020639642,0.00011981807,1544,test
4.7342473e-06,0.99887055,3.7223148e-05,0.00024487468,0.00014517023,0.00042037116,0.00014985801,0.00012727312,1545,test
1.5110102e-05,5.0872495e-05,0.9983432,0.00063217717,0.00041744355,0.00016165995,0.00022582403,0.00015369504,1546,test
8.507586e-06,3.0442676e-05,0.9987588,0.00056187226,0.0002846903,0.00012609946,0.00014314514,8.639893e-05,1547,test
3.855571e-05,0.00011114942,0.99725914,0.0009350437,0.0007501896,0.00029872454,0.00033197456,0.0002752402,1548,test
2.798968e-05,6.515999e-05,0.99819666,0.0006543147,0.00049905805,0.00016580278,0.00023383032,0.000157184,1549,test
0.9991222,1.6387256e-05,3.0242718e-06,0.00021297109,8.827183e-05,0.0001005051,0.00031706493,0.00013963922,1550,test
7.5365715e-06,3.9071172e-05,0.9987332,0.00054199505,0.00026881933,0.00013126897,0.00018423269,9.390195e-05,1551,test
6.275637e-06,0.9989692,2.5459853e-05,0.00018784891,0.00015903368,0.0003507051,0.00014687522,0.00015466935,1552,test
0.9991872,1.5874928e-05,4.9030023e-06,0.00019475548,8.0897415e-05,8.221355e-05,0.00023131294,0.00020292914,1553,test
3.8461144e-07,3.5410835e-06,8.0045857e-07,2.279888e-06,0.9428606,0.056968834,0.00015045989,1.3109705e-05,1554,test
0.9991048,2.398956e-05,2.2518475e-06,0.00018281485,8.736073e-05,0.00015934845,0.0003114267,0.00012801944,1555,test
8.2878054e-05,0.00018258569,0.9963813,0.0013091827,0.0011447107,0.0003021774,0.00038357198,0.00021359055,1556,test
0.99876714,3.201574e-05,4.988632e-06,0.00020214032,0.00012600073,0.00017301456,0.00040199867,0.000292777,1557,test
1.880651e-05,6.2290215e-05,0.99795365,0.0007231279,0.0005314745,0.00021847466,0.0002790674,0.00021297351,1558,test
0.9990102,3.0316038e-05,5.445919e-06,0.00020179752,0.00010776829,0.00014131563,0.00030291773,0.00020024486,1559,test
0.9994474,1.11668205e-05,1.1012588e-06,0.00012862822,5.281933e-05,6.758775e-05,0.00019009077,0.00010115227,1560,test
1.2379011e-05,5.1329152e-05,0.9984162,0.0006224656,0.0004030236,0.00016097206,0.00020866745,0.0001250336,1561,test
0.00011031961,0.99605983,0.00018173577,0.00049245555,0.00046149493,0.001360676,0.0006884571,0.0006451276,1562,test
1.49827765e-05,4.299474e-05,0.998701,0.0004536853,0.00034757174,0.00012234051,0.00019650222,0.0001208865,1563,test
3.461629e-06,1.1590975e-05,0.99939764,0.00031308664,0.00015425832,4.1623953e-05,4.900017e-05,2.9399527e-05,1564,test
0.999432,1.4886869e-05,1.9483628e-06,0.00015162278,6.498678e-05,7.536126e-05,0.0001767997,8.248645e-05,1565,test
0.011651841,0.64359945,0.00015018605,0.004492129,0.007880125,0.040525418,0.12288115,0.16881968,1566,test
1.689668e-05,5.6140318e-05,0.9979988,0.00071078254,0.00056454324,0.0002285987,0.0002556746,0.0001686134,1567,test
0.99911696,2.0477499e-05,7.2591665e-06,0.00021117162,0.00012549924,0.00010313238,0.00027880128,0.00013667853,1568,test
1.4995026e-05,4.9654933e-05,0.998281,0.00053111516,0.000612835,0.00016915835,0.00021040335,0.00013078179,1569,test
2.722922e-05,9.693839e-05,0.9975712,0.0008026598,0.000668791,0.00027698022,0.00034242554,0.00021382257,1570,test
3.358941e-05,8.960944e-05,0.997835,0.0006405741,0.00070812815,0.00021604926,0.00030983775,0.00016730872,1571,test
0.9987816,1.9056624e-05,3.8503204e-06,0.00028007166,0.00014905464,9.0885726e-05,0.00036970375,0.00030581813,1572,test
1.8222294e-05,6.8061e-05,0.99809057,0.0007258843,0.0004486302,0.00021153488,0.00024089482,0.00019606196,1573,test
0.99878186,2.6983249e-05,1.0226753e-05,0.000291495,0.00012042151,0.00010304757,0.0003618614,0.00030417476,1574,test
0.999046,3.1753778e-05,3.0224787e-06,0.0001820454,9.705384e-05,0.0001325653,0.0003502738,0.00015727138,1575,test
0.9990144,2.0299458e-05,3.7098912e-06,0.00022220524,8.856687e-05,0.00010604667,0.00031418848,0.00023060429,1576,test
1.5358868e-05,3.5871406e-05,0.99861896,0.00047236105,0.000463937,0.00012638216,0.00016776001,9.943368e-05,1577,test
0.99901485,2.5545247e-05,5.1062284e-06,0.00019874773,0.00010262279,0.000114482566,0.00030244087,0.00023614756,1578,test
0.99929035,1.45662825e-05,4.5765305e-06,0.0001844167,8.1063634e-05,7.664616e-05,0.00020830771,0.00014012246,1579,test
0.6969601,0.0013076765,0.26284897,0.011888673,0.00960545,0.0028807072,0.0076328707,0.006875581,1580,test
0.0002872571,0.0004795933,0.9881727,0.0028764785,0.003624105,0.0015769966,0.0015287356,0.0014541752,1581,test
2.3587845e-05,0.00012232516,0.9970426,0.0011180914,0.0008127297,0.0003226474,0.00028555273,0.0002725249,1582,test
1.3921377e-05,5.875485e-05,0.99814594,0.0006483136,0.00052779354,0.00022377959,0.00022003052,0.00016145039,1583,test
1.5920481e-05,0.00030624602,0.9976138,0.0009365504,0.0006246269,0.00021874042,0.00015258766,0.00013153063,1584,test
2.1651444e-05,0.0004375585,0.9970841,0.0009770626,0.00077146216,0.00028549245,0.00023216991,0.00019050225,1585,test
0.99653095,0.00041877566,4.648951e-05,0.00087763485,0.0006158842,0.0003594557,0.0005679504,0.0005830098,1586,test
1.19069455e-05,0.00031634295,0.99787056,0.00084198185,0.00048371401,0.00019670486,0.00016332169,0.000115517454,1587,test
0.9981767,0.00019518203,2.5652904e-05,0.000525959,0.0002701492,0.00016609713,0.000336629,0.00030357795,1588,test
1.634349e-05,0.00029106028,0.99761766,0.0008862182,0.0006716704,0.00023338021,0.00016023628,0.00012353143,1589,test
6.8663394e-05,0.00060091174,0.9963406,0.0011937629,0.0010198547,0.0003028612,0.00025480933,0.00021858506,1590,test
0.8834293,0.01149458,0.058147684,0.015123972,0.012850424,0.004745873,0.0061281133,0.008080101,1591,test
0.9986823,0.00013667367,5.0924023e-06,0.00032831554,0.0001778711,0.00014758116,0.00027634547,0.00024578886,1592,test
0.9977228,0.0002736166,7.5973458e-06,0.00045002054,0.00044626347,0.00034994417,0.0004549151,0.0002947625,1593,test
0.9915662,0.00086632295,0.0006244539,0.0018821885,0.0014134411,0.0010585019,0.0017640941,0.0008247549,1594,test
1.0804191e-05,0.00031898718,0.9978947,0.0006879742,0.00067044626,0.00019148587,0.00013641983,8.921342e-05,1595,test
0.9980756,0.00029464634,9.66579e-06,0.0004659051,0.00039350503,0.00022421965,0.00029496345,0.00024151505,1596,test
2.7969947e-05,0.00035586412,0.9973036,0.00090503786,0.0008057816,0.00023944314,0.00020935791,0.00015295859,1597,test
7.982157e-08,0.9999404,3.0581992e-07,7.1661416e-06,1.8392022e-05,2.93714e-05,2.7410345e-06,1.5444103e-06,1598,test
1.0327053e-05,0.00011856867,0.99881613,0.00050824153,0.00030109985,9.196471e-05,0.000102196514,5.143838e-05,1599,test
2.2132714e-05,0.00029524387,0.9976792,0.0008064998,0.00065138977,0.00023833949,0.00018010396,0.00012719614,1600,test
0.9981528,0.00025483253,7.180705e-06,0.00047876773,0.0001856007,0.00039504239,0.0003515941,0.00017414535,1601,test
1.1616122e-05,0.00022834748,0.9981207,0.0007568219,0.00046677917,0.00017839913,0.00014729127,8.9892004e-05,1602,test
0.9977646,0.0002779562,1.8200384e-05,0.00046594627,0.00039256187,0.0002917023,0.00045097581,0.00033807106,1603,test
2.552756e-05,0.0003051241,0.9976057,0.00084305776,0.00064137095,0.0002081617,0.00021128559,0.00015967208,1604,test
0.9989876,9.8012046e-05,8.813054e-06,0.0003074461,0.00020696601,9.1570895e-05,0.00016199201,0.00013762998,1605,test
0.99853015,0.00018749796,6.6576567e-06,0.00035372886,0.00022993553,0.00016552887,0.00031385358,0.0002125605,1606,test
3.6877684e-06,4.0679643e-05,1.3920385e-07,3.465585e-05,3.260836e-05,0.0013321631,3.854293e-05,0.9985176,1607,test
6.8206054e-07,8.661922e-06,2.7589369e-09,1.2600655e-05,6.97898e-06,8.189892e-06,3.5990586e-06,0.99995935,1608,test
2.0106943e-05,0.00032094712,0.9977348,0.0008626645,0.0005344277,0.00019314238,0.00019211913,0.00014186648,1609,test
1.11128675e-05,0.00013133686,0.99851614,0.00060135435,0.00043226054,0.0001171481,0.00012526574,6.53643e-05,1610,test
0.9979188,0.00024101879,1.1041397e-05,0.0004684751,0.00025099158,0.00026248663,0.00050966756,0.00033759055,1611,test
1.0577374e-05,0.00013749258,0.99855477,0.00064817665,0.0003578469,0.00010444563,0.00010605298,8.062901e-05,1612,test
0.9844667,0.002401782,0.001480342,0.002656784,0.0028324232,0.002320176,0.0025494045,0.0012924074,1613,test
1.1697765e-05,0.00032830375,0.9976936,0.00079899793,0.0005923432,0.00024927917,0.0001926699,0.00013300595,1614,test
0.99676335,0.0005411556,2.0078729e-05,0.0005495054,0.0006479209,0.00057600543,0.0005819008,0.00032011003,1615,test
1.7601476e-05,0.00036790504,0.9972601,0.0010487763,0.0006388751,0.00027835215,0.00020518234,0.00018317788,1616,test
8.371166e-06,9.6534975e-05,0.99897563,0.00045376353,0.0002631734,7.491091e-05,8.219512e-05,4.5454704e-05,1617,test
0.99728215,0.0002504531,4.7247344e-05,0.0007376348,0.00049512094,0.00019060934,0.00045606896,0.0005406561,1618,test
1.5112595e-05,0.00027409714,0.9980709,0.000614747,0.00064634904,0.00017603888,0.00012214003,8.067098e-05,1619,test
3.1960855e-07,0.00014807034,7.136536e-07,5.9348904e-06,0.0001580899,0.9994721,2.722411e-05,0.00018755118,1620,test
5.7597765e-05,0.0009054407,0.993934,0.0017397964,0.001909711,0.0007241481,0.00039673608,0.00033264415,1621,test
1.2438763e-05,0.00030077534,0.997948,0.0007571615,0.0005022493,0.00021033156,0.00017500005,9.412514e-05,1622,test
1.0790197e-05,0.0002153687,0.99822015,0.0006185196,0.0005671234,0.00014894186,0.000120296754,9.8743476e-05,1623,test
5.4727334e-06,8.043296e-05,0.9990675,0.00045558074,0.00023548576,7.3675874e-05,4.529794e-05,3.6658523e-05,1624,test
1.4656204e-05,0.00022660552,0.9981086,0.00078576524,0.00044844157,0.00017385687,0.00013866526,0.000103411614,1625,test
1.1790286e-05,0.00021101898,0.998292,0.0007210393,0.0003993377,0.00015719348,0.00011369787,9.392432e-05,1626,test
1.4509832e-06,4.8687275e-06,2.5400797e-07,5.114577e-06,1.7795654e-05,4.5876714e-05,0.9998965,2.8136237e-05,1627,test
1.512954e-05,0.00022585462,0.997795,0.00075078884,0.0007493021,0.00019339217,0.00016088127,0.00010956876,1628,test
1.682465e-06,1.3189482e-06,4.1037575e-07,3.6360693e-06,2.9011882e-05,3.871929e-05,0.99990785,1.7392735e-05,1629,test
1.303227e-07,0.9998554,2.0073273e-06,1.2570049e-05,3.5199857e-05,3.0205672e-05,4.748884e-05,1.6974738e-05,1630,test
1.8100787e-05,0.00047279606,0.99708563,0.00093885016,0.0007976471,0.00029792867,0.00022368217,0.0001654034,1631,test
4.9740684e-06,0.00015602823,0.9988017,0.00044167394,0.0002841679,9.4986375e-05,0.00012557095,9.087369e-05,1632,test
0.9751508,0.0019805466,0.0069810185,0.004158856,0.0030582726,0.0013375864,0.0032366645,0.0040963376,1633,test
4.553399e-06,0.00012428622,0.99887174,0.0004252409,0.00025640317,9.124081e-05,0.00014167128,8.470194e-05,1634,test
0.62028015,0.31010368,0.00016097313,0.0036864285,0.008348302,0.03649529,0.011268499,0.009656647,1635,test
0.9983525,6.566477e-05,1.3047278e-05,0.0004909077,0.00016159902,0.00015083242,0.00046822234,0.00029716545,1636,test
0.010150809,0.0032191775,0.956733,0.00671812,0.0122360485,0.004339218,0.004242712,0.0023609856,1637,test
0.9966017,0.0002652244,1.4396977e-05,0.0007718055,0.00032098065,0.0005129667,0.0009251889,0.00058768806,1638,test
0.99738437,0.00016643351,1.1826301e-05,0.000649926,0.0002655403,0.00035430116,0.0006382809,0.00052935234,1639,test
0.9975343,0.0001576575,7.82579e-06,0.0005657747,0.00023570292,0.00032499968,0.0006452104,0.00052854774,1640,test
6.3654356e-06,0.0001979472,0.9971206,0.00089370774,0.0010274352,0.00032382648,0.00021381813,0.00021626697,1641,test
5.6867957e-06,7.9389705e-05,0.9990528,0.000349484,0.00026987368,7.307226e-05,0.00010235358,6.728336e-05,1642,test
0.9985475,5.4588345e-05,1.6567996e-05,0.00046856469,0.00020424969,8.260386e-05,0.00031509527,0.000310878,1643,test
2.3174494e-05,0.00016983863,0.9980987,0.00075738603,0.000510669,0.00016111866,0.00015846123,0.00012064963,1644,test
1.0300573e-07,0.00027120093,2.700049e-07,1.2365982e-05,0.0006348119,0.994718,8.626013e-05,0.0042770677,1645,test
5.751761e-06,0.00014833194,0.99873453,0.00051360874,0.00027004586,9.993956e-05,0.00012686898,0.00010099031,1646,test
3.3812657e-06,0.00011633106,0.9989278,0.00048691046,0.00021708316,8.870144e-05,8.07843e-05,7.909753e-05,1647,test
3.255286e-06,9.7002805e-05,0.99899405,0.0003996854,0.00025601013,8.369337e-05,9.200302e-05,7.428028e-05,1648,test
0.99797493,0.00010579639,6.6804055e-06,0.00050880073,0.0001895963,0.00027116024,0.0006328716,0.00031008225,1649,test
0.9970592,0.0002189984,1.217574e-05,0.00062177907,0.0003162021,0.00047954664,0.00085333304,0.0004387644,1650,test
0.997983,8.6069245e-05,4.686538e-05,0.00060204667,0.0003013219,0.00013507654,0.00041753156,0.00042801572,1651,test
7.605059e-06,0.00027707045,0.9978333,0.00076257874,0.0005277986,0.00020461969,0.00019176173,0.000195302,1652,test
8.304861e-06,0.00037665042,0.99723047,0.0010440868,0.00060793955,0.00023420024,0.00022487446,0.0002734558,1653,test
7.0024817e-06,0.00016697768,0.9984987,0.00058341556,0.0003675857,0.00011548417,0.00014471442,0.00011617213,1654,test
1.7495677e-05,0.00037075952,0.99727935,0.001028484,0.0005758152,0.00019255646,0.0003035191,0.00023203318,1655,test
4.309686e-06,0.00013097403,0.9986098,0.00060412753,0.0002882282,0.00011461767,0.00014560882,0.00010240397,1656,test
1.971515e-06,4.85045e-05,0.9993451,0.0002646962,0.000180987,5.7125184e-05,6.1691164e-05,3.989023e-05,1657,test
0.9966223,0.00030863483,4.443165e-05,0.00081067096,0.00035748375,0.00033815764,0.0010233142,0.0004950485,1658,test
3.4223904e-06,8.185211e-05,0.9987947,0.0004928774,0.00032368168,0.000106389394,0.0001205874,7.64564e-05,1659,test
0.9973985,0.00012988893,7.7187315e-06,0.00055104453,0.00030074938,0.0002876832,0.0008318985,0.0004925795,1660,test
1.6149464e-08,1.0651021e-06,1.1285189e-10,3.0044687e-06,3.391403e-07,1.8993836e-06,8.0710396e-07,0.99999285,1661,test
5.1525994e-06,0.00023514112,0.99836963,0.0005267097,0.00044225846,0.00015010331,0.00017111188,9.990733e-05,1662,test
1.8385313e-07,3.876335e-05,1.3400132e-06,4.110334e-06,0.079920985,0.91991043,0.00011366289,1.055813e-05,1663,test
7.9771084e-08,5.5030864e-07,8.0560675e-08,1.2089467e-06,1.695995e-06,9.448096e-06,0.9999809,5.9018253e-06,1664,test
3.3691101e-06,8.805822e-05,0.9990007,0.00039734223,0.00024032248,8.2115694e-05,0.00011871619,6.9399655e-05,1665,test
7.1212658e-06,0.0007613993,0.9961428,0.0012445884,0.0007647589,0.0005955184,0.00030887048,0.0001749424,1666,test
0.99441767,0.00048683875,5.7793597e-05,0.00095546053,0.00065865595,0.00073605153,0.0013870444,0.0013005768,1667,test
0.9971722,0.0002234677,5.931373e-06,0.000562647,0.00030649223,0.0004809994,0.00091684505,0.0003314967,1668,test
0.9972172,0.00017578433,2.2268456e-05,0.0006170064,0.0003360915,0.0003667119,0.0007600379,0.0005049091,1669,test
0.9931411,0.0005781066,6.497903e-05,0.0012560538,0.0008467876,0.0008611041,0.0017396498,0.0015122773,1670,test
2.2085691e-08,2.2337724e-06,3.360071e-07,9.750536e-07,0.99995816,2.9387864e-05,6.37679e-06,2.5298368e-06,1671,test
5.871839e-06,0.00024167648,0.9981981,0.0006988627,0.00036716452,0.0001779521,0.00016482538,0.0001455803,1672,test
1.867781e-08,0.9999573,1.0103337e-06,8.407584e-06,4.8099305e-06,1.6600505e-05,4.560452e-06,7.332198e-06,1673,test
9.955946e-06,0.0003677717,0.9972543,0.0008882012,0.0007406357,0.00024291297,0.00025860762,0.00023757867,1674,test
0.99587303,0.00032569194,2.961967e-05,0.0008074075,0.00048136813,0.0005715036,0.0011534604,0.0007577759,1675,test
2.4517033e-06,7.673017e-05,0.9991872,0.00035729818,0.00019536118,6.193777e-05,6.746565e-05,5.1646915e-05,1676,test
4.9424857e-06,0.00016924547,0.99860173,0.0005221661,0.0003162742,0.00012245185,0.00014441101,0.00011877611,1677,test
7.698051e-06,0.00020434275,0.9982634,0.00070612907,0.00036891724,0.00013586973,0.00015755606,0.00015610752,1678,test
0.99567896,0.00024853201,5.990975e-05,0.0010084488,0.00069587486,0.00034301716,0.0009418455,0.0010234026,1679,test
0.00013278815,0.00014341017,0.997656,0.0010852721,0.00056352833,0.00010147176,0.00020447468,0.00011308308,1680,test
0.9993568,4.5932302e-05,2.3668536e-05,0.00024838062,5.3265438e-05,4.1302166e-05,0.00013944654,9.1273185e-05,1681,test
0.0013885701,0.0003539356,0.9943909,0.0020197371,0.00092586747,0.00022308277,0.00043640577,0.00026162804,1682,test
0.000112799105,0.00037999745,0.9966807,0.0015374348,0.0006225281,0.0001841169,0.00027935996,0.00020302463,1683,test
0.00020492777,0.00046278094,0.9960008,0.0017134176,0.00074337755,0.00022791902,0.00037321652,0.00027355005,1684,test
0.00033018395,0.001266905,0.99228877,0.0033963565,0.0012745013,0.0005057919,0.00053077383,0.00040670738,1685,test
9.079539e-06,4.508614e-05,1.0097527e-05,2.6464086e-05,0.9996867,0.00016977273,3.7461767e-05,1.5352285e-05,1686,test
0.00010951959,0.00022069934,0.99768484,0.0010269333,0.0005201654,0.00013145107,0.00018844914,0.00011809647,1687,test
0.0004090223,0.00014670669,1.819626e-05,0.00024443786,7.5066986e-05,0.00034175013,0.9981019,0.0006628361,1688,test
0.00015813476,0.00023695976,0.99743867,0.0011623196,0.00042993354,0.00013079811,0.00026900886,0.00017419759,1689,test
6.7193796e-05,9.6548814e-05,0.99884254,0.0006022214,0.00019649035,4.9590653e-05,0.00010055211,4.4920267e-05,1690,test
0.0001329687,0.0003322305,0.997184,0.0012005339,0.00053250464,0.00016829942,0.00028200605,0.00016752006,1691,test
4.4202883e-05,5.745446e-06,1.7825521e-06,2.480361e-05,1.1460669e-05,3.6045254e-05,0.9998325,4.3441945e-05,1692,test
0.00013011758,0.0002455142,0.9973104,0.0010941983,0.0007246552,0.00015323807,0.0002184767,0.00012333848,1693,test
0.00042457966,0.97842515,0.0003856143,0.0027963484,0.0012176877,0.0024226855,0.0027458398,0.011582168,1694,test
6.390626e-05,0.00015597383,0.9983973,0.00079028285,0.0002760341,8.6084125e-05,0.00014019497,9.0182955e-05,1695,test
0.0006165843,0.0018196437,0.0001608065,0.00048425663,0.003708156,0.9879773,0.0028791053,0.0023541932,1696,test
0.00020970959,0.0005389961,0.99580956,0.0017902583,0.0006856795,0.00024373346,0.00038641653,0.00033568928,1697,test
0.00014605855,0.00020879027,0.9976956,0.0011033335,0.00035526635,0.0001183011,0.00021464814,0.00015790225,1698,test
0.000100936166,0.00026893165,0.99729794,0.0012527285,0.0005074313,0.0001596059,0.00025499213,0.00015749228,1699,test
0.9997874,1.8274557e-05,1.0000513e-06,7.290942e-05,1.9095727e-05,1.4543231e-05,3.9276092e-05,4.7590973e-05,1700,test
0.00012943427,0.00021329055,0.99756527,0.0011586823,0.00047243762,0.000119684635,0.00021921803,0.00012204311,1701,test
0.00011059912,0.0002474827,0.9972084,0.0013886745,0.00044955805,0.00016194997,0.00025880002,0.00017455779,1702,test
0.99975866,1.0216186e-05,3.1599022e-06,0.00010781407,2.3167213e-05,7.423784e-06,4.2761367e-05,4.6904108e-05,1703,test
0.0017830102,0.00084430084,0.9912579,0.0034978632,0.0011325297,0.00045119328,0.00068991235,0.0003433542,1704,test
0.9929726,4.5477467e-05,5.3766116e-06,0.0002255638,8.175614e-05,0.0001561815,0.0064222254,9.082868e-05,1705,test
0.0005528351,0.004020201,0.00018064905,0.0022152306,0.0048453747,0.19477844,0.0011732284,0.792234,1706,test
0.00014122103,0.0004105572,0.9964485,0.0016000172,0.0006545116,0.00020460598,0.0002936679,0.0002468695,1707,test
0.9994267,6.655997e-05,6.410824e-06,0.00015947476,5.854352e-05,9.3267474e-05,0.000116208146,7.292768e-05,1708,test
0.00014817833,0.0005440753,0.99637103,0.0015408441,0.0005705415,0.00022690264,0.00035739888,0.00024101797,1709,test
7.079502e-06,0.99963856,3.5385715e-06,5.891352e-05,4.352138e-05,8.963736e-05,9.380164e-05,6.5004744e-05,1710,test
0.00026030053,0.05858915,0.9292798,0.006923487,0.0017591983,0.0012834014,0.0015265046,0.0003781323,1711,test
0.00012247732,0.00026151378,0.9974548,0.0011801275,0.0004710731,0.00013230079,0.0002438411,0.00013384347,1712,test
0.9997032,2.1275206e-05,1.8229479e-06,0.00010586041,2.0853702e-05,1.6966085e-05,5.956915e-05,7.045096e-05,1713,test
0.00013830523,0.0002575549,0.99747866,0.0011174124,0.0004659645,0.00015968524,0.0002197256,0.00016264773,1714,test
9.998666e-05,0.00024875748,0.9975998,0.0011823826,0.00039711208,0.00013100712,0.00020073117,0.00014020475,1715,test
0.99972326,2.9574345e-05,2.127686e-06,8.388836e-05,2.5961812e-05,2.0806383e-05,5.1000658e-05,6.327819e-05,1716,test
5.1588944e-05,0.00012767814,0.998575,0.00077619345,0.0002239868,7.545083e-05,0.00011499271,5.508788e-05,1717,test
0.9998099,1.3343745e-05,7.989177e-07,6.871697e-05,1.6485043e-05,1.4192034e-05,3.907754e-05,3.7427595e-05,1718,test
0.00015107145,0.00040646794,0.9966966,0.0015880032,0.00046581324,0.0001748678,0.00028386767,0.00023334891,1719,test
0.99948514,4.706672e-05,1.9459936e-05,0.00018852219,5.8551075e-05,3.9557417e-05,9.8887656e-05,6.290869e-05,1720,test
0.00011070946,0.00029949707,0.99695504,0.0012575336,0.0008285506,0.00020934263,0.00022193951,0.00011751773,1721,test
0.9998472,1.16510155e-05,4.0743674e-07,6.0151833e-05,1.12095995e-05,1.2308626e-05,3.5375942e-05,2.1734024e-05,1722,test
2.6819724e-05,0.00014894412,2.2326441e-05,5.08472e-05,0.99916863,0.00039655468,0.000120681674,6.514517e-05,1723,test
0.00017583743,0.0006810604,0.99554634,0.0018697378,0.00081790757,0.00029402607,0.00035281802,0.00026224472,1724,test
0.99981076,1.7126207e-05,4.854741e-07,6.461508e-05,1.4028629e-05,1.5618667e-05,3.8055186e-05,3.9404764e-05,1725,test
9.621604e-06,4.777494e-05,1.1548732e-05,2.9764795e-05,0.99966216,0.00018249448,4.0012364e-05,1.6543583e-05,1726,test
0.0002358314,0.00052654155,0.9952683,0.0021738769,0.00074428384,0.00027760898,0.0004073072,0.0003662168,1727,test
5.3455347e-05,0.00022302182,1.1427192e-06,0.00014986534,5.730734e-05,0.0001427763,0.00021673815,0.99915576,1728,test
1.2238722e-05,0.00013567401,0.9988341,0.0003090305,0.00028432105,9.2256596e-05,0.00026962344,6.283121e-05,1729,test
3.459958e-05,0.00012770637,8.1252705e-07,0.00010956147,4.8226062e-05,0.000109169516,0.0002253497,0.9993445,1730,test
4.5076955e-05,0.00048879575,0.9976851,0.00054614013,0.0004944573,0.00016344589,0.00044455752,0.00013245811,1731,test
1.31268835e-05,9.098456e-05,0.9989661,0.00023065427,0.0003819314,7.3537005e-05,0.00020179784,4.18728e-05,1732,test
1.04356095e-05,0.0001645044,0.9990189,0.00025569904,0.00019180823,7.06068e-05,0.00023619174,5.1837214e-05,1733,test
0.99760854,0.00024193904,2.4489053e-05,0.0004992532,0.00025537531,0.00039665474,0.00081474317,0.00015900483,1734,test
1.0424974e-05,0.00011682539,0.99908626,0.000265898,0.00019990766,6.970835e-05,0.00020304201,4.787559e-05,1735,test
1.5999023e-05,0.00015409173,0.99849164,0.0003297067,0.00048783727,0.00012608376,0.00032217288,7.2377305e-05,1736,test
0.9807639,0.002126368,0.0059237666,0.0032526883,0.0020516124,0.00083514326,0.0028338314,0.0022126297,1737,test
1.6221748e-05,0.00023566234,0.99869126,0.000299407,0.00030437642,9.6129595e-05,0.0002890834,6.7847126e-05,1738,test
0.998665,0.00013304583,2.6610132e-05,0.00032554806,0.00020988415,9.867289e-05,0.0003910645,0.0001502798,1739,test
0.00027671643,0.00084374024,0.99537486,0.0010936422,0.0011821777,0.00031411357,0.0006642242,0.0002504874,1740,test
0.00012515612,3.4910063e-05,0.00016064066,0.9994784,3.915566e-05,1.5180886e-05,3.6421152e-05,0.00011020074,1741,test
0.99857056,0.00012393454,3.5325957e-05,0.00038489033,0.00016471873,0.0001431867,0.00046432458,0.000113037124,1742,test
6.4884094e-05,0.0005448901,4.897687e-06,0.00028359567,0.00030302882,0.00055465265,0.0003284632,0.99791557,1743,test
2.7175773e-05,0.00030192363,0.99821234,0.00044947705,0.00043852258,0.00012560474,0.00035416367,9.081141e-05,1744,test
0.99617565,0.0006838771,6.481033e-05,0.00056461577,0.00046424917,0.0005597167,0.0011892159,0.00029788338,1745,test
1.3297171e-06,0.99978644,1.9535097e-05,2.8145674e-05,3.377355e-05,5.8263322e-05,5.7754696e-05,1.4813237e-05,1746,test
1.9068933e-05,0.00016907525,0.99875784,0.0003422245,0.00029509838,9.092283e-05,0.000260837,6.487671e-05,1747,test
1.529212e-05,0.00018562985,0.99885523,0.00024076736,0.00029908537,7.5339034e-05,0.0002813514,4.7359747e-05,1748,test
8.137992e-05,0.0010838923,0.0022757011,0.00029386076,0.9862366,0.0077454355,0.0017937241,0.00048946537,1749,test
0.07137645,0.24876861,0.5991578,0.017673824,0.01583964,0.021398569,0.022649942,0.0031351808,1750,test
1.4170983e-05,0.00018147839,0.99877256,0.0003129953,0.00027810145,8.9947884e-05,0.00028501262,6.568745e-05,1751,test
1.0655387e-05,0.000109882436,0.9989618,0.0002637074,0.00028058872,8.115578e-05,0.0002434663,4.8803766e-05,1752,test
7.0817965e-05,2.9916857e-05,8.6268876e-05,0.999652,3.4167493e-05,1.2310707e-05,2.4614077e-05,9.000484e-05,1753,test
8.064926e-07,2.3798762e-05,8.17919e-07,2.357822e-06,8.1002065e-05,0.9998111,7.2677336e-05,7.463872e-06,1754,test
0.9974509,0.00038945276,3.0362708e-05,0.00046922997,0.00030478043,0.0003733484,0.0007813746,0.000200521,1755,test
2.5651952e-05,0.00014119345,0.9988558,0.00034438737,0.00025194153,7.975831e-05,0.0002431727,5.8143898e-05,1756,test
1.908173e-06,8.304808e-05,1.2304416e-06,3.953525e-06,0.00011284989,0.99963164,0.00012669094,3.872015e-05,1757,test
1.0668014e-05,0.00015519347,0.9989598,0.00026659816,0.00023802175,7.541025e-05,0.00024287398,5.1520157e-05,1758,test
9.660316e-06,0.00013537305,0.99910504,0.0002656744,0.00017215242,6.1479506e-05,0.00020554157,4.495934e-05,1759,test
1.7808266e-05,0.99850345,0.00043555346,0.000196228,0.00014709459,0.0002446444,0.00040511103,5.022332e-05,1760,test
1.5944233e-05,0.00033353778,0.9982488,0.00043653513,0.00035790072,0.0001436075,0.00036976827,9.388139e-05,1761,test
4.615165e-06,0.00010322938,2.669153e-06,6.705349e-06,6.806077e-05,0.9995846,0.00017401883,5.6053163e-05,1762,test
0.99783164,0.0002134218,6.5455184e-05,0.00061537203,0.00028552755,0.00020307055,0.00060491514,0.00018061021,1763,test
6.4120595e-06,7.1549875e-05,0.9994802,0.00016105174,9.6014344e-05,3.2651224e-05,0.00012980326,2.2394703e-05,1764,test
0.9980385,0.00026035722,3.8356866e-05,0.0003902614,0.00024991002,0.00024320532,0.0005865648,0.00019280268,1765,test
0.99824667,0.00022550025,2.8910285e-05,0.00036941713,0.00024507765,0.00023072392,0.00052201975,0.00013167759,1766,test
2.0496593e-05,0.0003305475,0.9981534,0.0004311136,0.0004335526,0.0001445502,0.0003882621,9.81107e-05,1767,test
7.57109e-06,0.00012882685,0.999212,0.00025505162,0.00012138133,5.317398e-05,0.00018326548,3.853187e-05,1768,test
3.728116e-06,3.9224757e-05,0.9996087,0.00012176035,0.000104085986,2.6682234e-05,8.2583836e-05,1.328194e-05,1769,test
1.5518151e-05,0.00020676332,0.99859864,0.00033474853,0.00033825866,0.00011407311,0.00031395417,7.8061246e-05,1770,test
1.2056846e-05,0.00019717636,0.9988745,0.00028814352,0.0002438263,8.7154534e-05,0.00023680215,6.0294922e-05,1771,test
1.0988609e-05,8.641957e-05,0.9992508,0.0002081418,0.00019709891,5.1471612e-05,0.00015981555,3.511626e-05,1772,test
0.9970438,0.00033792655,7.867657e-05,0.0005913754,0.00035881202,0.00028529527,0.0009921257,0.00031205747,1773,test
0.9976972,0.00018265376,0.00019587312,0.0007012841,0.00031557452,0.00018744539,0.00053783675,0.00018213679,1774,test
2.4973938e-06,0.99976057,1.3996963e-05,3.254857e-05,3.8146478e-05,4.267235e-05,9.4874034e-05,1.4647569e-05,1775,test
0.99894875,1.6188138e-05,4.8032438e-05,0.00041734191,7.450529e-05,6.356307e-05,0.00033728778,9.4279574e-05,1776,test
2.92901e-06,5.0448916e-06,0.999723,0.00010580791,9.243995e-05,1.6041686e-05,4.150509e-05,1.3244284e-05,1777,test
2.3652635e-06,5.423894e-06,0.9997713,0.00010955047,4.9321086e-05,1.2863032e-05,3.5802994e-05,1.3413311e-05,1778,test
0.9990633,2.7504939e-05,1.8624425e-05,0.00024064694,8.657326e-05,0.00010753758,0.00037988607,7.594393e-05,1779,test
9.585798e-06,0.00027260472,0.00012354879,6.35982e-05,0.003737647,0.9950553,0.00046040688,0.00027730694,1780,test
5.894546e-05,0.00019235146,0.0009227735,0.00039989178,0.98678756,0.008075106,0.001677006,0.0018863709,1781,test
0.9992768,1.6392169e-05,1.7367542e-05,0.00023925403,6.465872e-05,5.0023984e-05,0.00025723936,7.8291465e-05,1782,test
7.5751727e-06,1.5253169e-05,0.9995307,0.00020104664,0.00011103009,2.900047e-05,6.955179e-05,3.5866957e-05,1783,test
0.9992969,1.3819963e-05,1.42457575e-05,0.00023999035,5.9465772e-05,4.5181743e-05,0.00025710597,7.3240335e-05,1784,test
1.5589343e-05,2.0817897e-05,0.99943167,0.00021184537,0.00014672783,3.364534e-05,9.859574e-05,4.1070878e-05,1785,test
0.9988821,2.9957573e-05,6.361505e-05,0.00038172127,0.00011423038,7.6151846e-05,0.00033266805,0.000119547214,1786,test
3.9467377e-06,9.696922e-06,0.99962723,0.00017342553,9.103844e-05,2.2347387e-05,4.757541e-05,2.4729392e-05,1787,test
2.2264245e-05,1.3771943e-05,2.8714405e-06,0.0002325339,2.5510313e-05,0.00012502058,9.70289e-05,0.999481,1788,test
0.9990319,1.7635237e-05,4.4740438e-05,0.00030159258,8.2565e-05,6.2139945e-05,0.00036102068,9.847981e-05,1789,test
0.9986701,3.0450714e-05,3.945967e-05,0.00036818124,0.00010283372,0.000102117076,0.00052250864,0.00016435524,1790,test
0.998995,1.7524355e-05,2.2447814e-05,0.0003382682,8.744931e-05,9.799043e-05,0.00034337144,9.795026e-05,1791,test
0.9991928,2.0186739e-05,1.429746e-05,0.00024581671,6.6235865e-05,6.324485e-05,0.00031455734,8.289857e-05,1792,test
2.8431607e-06,3.555012e-06,0.99977726,0.00011592077,4.619346e-05,1.0721149e-05,3.087704e-05,1.2648465e-05,1793,test
0.99855644,3.9709976e-05,3.429789e-05,0.0004176669,0.000115283634,0.000110549816,0.0005312574,0.0001948727,1794,test
6.841386e-05,0.99570554,0.0010470256,0.00091951585,0.0005141895,0.00072673685,0.0006406559,0.00037782537,1795,test
1.9898678e-06,3.4990142e-06,0.9998198,8.0431455e-05,4.5777044e-05,1.01695e-05,2.8637392e-05,9.752399e-06,1796,test
3.9142233e-06,7.5964426e-06,0.9996871,0.00013418123,7.718119e-05,1.8463694e-05,5.2074105e-05,1.9573712e-05,1797,test
0.9990447,2.5884705e-05,2.7800072e-05,0.0003130749,8.437337e-05,6.951228e-05,0.0003248675,0.00010987625,1798,test
1.9594847e-06,4.2600923e-06,0.9997892,9.914034e-05,5.3011216e-05,1.1891321e-05,2.8563582e-05,1.1970889e-05,1799,test
6.989932e-05,3.508486e-05,0.9989925,0.00038711284,0.0002801845,4.6381316e-05,0.00013027329,5.8552578e-05,1800,test
4.03257e-05,0.997147,0.00061082427,0.00058442407,0.0003449643,0.0006435023,0.00040814184,0.0002207786,1801,test
6.0346494e-05,0.9957562,0.0010289479,0.0009654527,0.00047467256,0.0007217606,0.0006308599,0.00036177607,1802,test
0.9977488,5.2191193e-05,0.0003352889,0.00064979785,0.00019261954,0.00013293875,0.00070558506,0.00018289802,1803,test
4.0430386e-06,9.920746e-06,0.9996455,0.00015539763,8.490703e-05,2.3373497e-05,5.3272186e-05,2.3633278e-05,1804,test
6.23554e-07,1.0291388e-06,0.99989486,5.872346e-05,2.7263746e-05,4.3402183e-06,1.0083181e-05,2.975252e-06,1805,test
0.9964541,0.00010943499,0.00019518963,0.0007172304,0.00025814175,0.00042795076,0.0014024334,0.00043550003,1806,test
0.99910766,2.3834285e-05,2.0079307e-05,0.0002802286,8.648443e-05,7.991267e-05,0.0003160267,8.5710315e-05,1807,test
4.3751967e-05,0.9963245,0.00061426335,0.0007587625,0.0004233682,0.0008615018,0.00058940117,0.00038450302,1808,test
0.9988524,2.603034e-05,2.939638e-05,0.0003422683,9.551524e-05,9.665654e-05,0.0004239945,0.00013376385,1809,test
0.9982621,6.602579e-05,7.424568e-05,0.0004460818,0.00018132666,0.00019966526,0.00060797326,0.00016257117,1810,test
0.5179102,0.00030749035,0.44931337,0.017364105,0.0033951323,0.0010338057,0.006179167,0.004496741,1811,test
4.703559e-06,7.870213e-06,0.99964607,0.000161035,8.524273e-05,2.1939843e-05,4.8673017e-05,2.4521898e-05,1812,test
3.577041e-06,3.5485543e-06,0.99947757,0.00039724424,6.201152e-05,2.4131046e-05,2.4076222e-05,7.883654e-06,1813,test
0.99907875,2.0760333e-05,1.1312944e-05,0.00027403998,6.2156134e-05,8.9189736e-05,0.00038279666,8.100189e-05,1814,test
0.9991959,1.39585e-05,2.3245682e-05,0.0002820457,6.7874746e-05,5.9409766e-05,0.00029209148,6.556455e-05,1815,test
0.9987519,2.579091e-05,4.4631557e-05,0.00033260655,0.00011476448,9.167728e-05,0.00053136365,0.00010724172,1816,test
2.0315315e-06,3.43884e-06,0.9998153,8.8008994e-05,4.4093023e-05,1.0500896e-05,2.596128e-05,1.0672906e-05,1817,test
5.013117e-05,0.99676067,0.00063139,0.000711429,0.00036714016,0.0005507659,0.00059604837,0.0003324234,1818,test
2.2526805e-05,1.169197e-05,1.4474291e-06,0.00023797895,3.0752344e-05,2.9325767e-05,0.00012108,0.9995453,1819,test
0.9981121,2.9899782e-05,9.660756e-05,0.0005154463,0.000130833,0.00015878271,0.0007822274,0.00017410902,1820,test
2.9962082e-06,6.7529804e-06,0.9997259,0.00012537026,6.338351e-05,1.6454758e-05,4.142924e-05,1.7642726e-05,1821,test
5.0122735e-06,7.018302e-06,0.9997081,0.00013892523,5.7952984e-05,1.7338869e-05,4.7173755e-05,1.8425966e-05,1822,test
1.1267233e-05,1.2499923e-05,0.99956065,0.00019272474,9.5723e-05,2.4458684e-05,6.951317e-05,3.3159857e-05,1823,test
1.0137359e-05,0.00019004203,0.9964032,0.000752126,0.0015526644,0.0004912285,0.0004166655,0.00018395983,1824,test
8.1018725e-06,8.9017354e-05,0.9982468,0.0005357218,0.00046756148,0.00024071273,0.00028037853,0.00013172018,1825,test
4.7356116e-06,3.7933176e-05,0.9984383,0.0004134088,0.00061925856,0.00022444558,0.00018602952,7.584599e-05,1826,test
0.9935579,0.000459257,1.1335791e-05,0.0007586143,0.00070106576,0.0017261396,0.0018571151,0.00092867843,1827,test
1.4098633e-06,0.99932647,2.1183589e-05,0.00011790089,7.0801645e-05,0.00030788642,7.424535e-05,8.015857e-05,1828,test
0.9977859,0.0001088148,1.5163189e-05,0.00043601013,0.00028655978,0.00029394485,0.00066108274,0.00041253513,1829,test
7.921279e-06,8.6460976e-05,0.9980958,0.000654004,0.00045938767,0.00025930788,0.0002733897,0.0001636503,1830,test
0.99836296,7.6646924e-05,4.498324e-06,0.0002959623,0.00013680963,0.00027425084,0.00055488385,0.0002939522,1831,test
0.9988605,4.2221545e-05,4.243555e-06,0.00020998772,0.00011555918,0.00018412987,0.00041041692,0.00017302002,1832,test
7.900905e-06,6.595107e-05,0.9983467,0.0004561471,0.00054345845,0.00021335161,0.00025463445,0.0001117964,1833,test
0.997059,0.00014511935,2.4139898e-05,0.000533889,0.00034678902,0.00043365025,0.0009004837,0.0005569247,1834,test
5.7988173e-06,8.5338565e-05,0.99829906,0.00052885304,0.0005000381,0.00023825435,0.00024104441,0.000101709484,1835,test
1.0689439e-05,0.00012474364,0.99768555,0.00060611183,0.0007244136,0.00034079133,0.00033804672,0.00016964128,1836,test
5.0633585e-06,6.86147e-05,0.9985733,0.00048079208,0.00040612972,0.00019452246,0.00019389477,7.762054e-05,1837,test
0.99858534,6.2593055e-05,6.8223017e-06,0.0003059394,0.00013632338,0.00023974491,0.00046521664,0.00019812646,1838,test
0.99853706,5.884069e-05,1.0536563e-05,0.00032248697,0.00013445396,0.00017461873,0.0004270995,0.00033476044,1839,test
0.9980015,0.00010009906,2.4347175e-06,0.00028397137,0.00018231281,0.00045415992,0.0007777548,0.00019781548,1840,test
0.9989951,3.562821e-05,1.7227865e-06,0.00019906495,9.200962e-05,0.00013415565,0.00033426145,0.00020807821,1841,test
7.5415196e-06,8.054512e-05,0.99825627,0.0005136481,0.0005103587,0.00024237589,0.00026939862,0.000119805365,1842,test
1.04497285e-05,0.00012794053,0.9974687,0.0007687293,0.0007617921,0.0003365739,0.0003318183,0.0001940234,1843,test
0.9985379,5.710038e-05,6.153159e-06,0.0003182044,0.00014184954,0.00017776432,0.00037824607,0.0003827719,1844,test
0.9983,6.581874e-05,6.205656e-06,0.00037797174,0.0001562598,0.00022092136,0.0005686601,0.00030410456,1845,test
0.99837166,8.009863e-05,5.4793313e-06,0.00031139975,0.000160948,0.00025131463,0.00046321162,0.00035592448,1846,test
9.561342e-06,0.00016215829,0.99747664,0.00069476716,0.00069709774,0.00039611768,0.00037049476,0.00019311911,1847,test
1.0299174e-05,0.00011577437,0.9976465,0.000733045,0.00064810086,0.0003196121,0.0003365203,0.00019010976,1848,test
6.296207e-08,3.2956436e-07,4.882823e-10,3.212867e-06,1.9218783e-06,1.3250746e-05,3.170951e-06,0.99997807,1849,test
9.121399e-06,8.911059e-05,0.99826175,0.0006229973,0.0005056703,0.00018986849,0.00020992769,0.00011157941,1850,test
3.6804927e-06,4.886239e-05,0.9986339,0.00040717822,0.0004416608,0.00020431257,0.0001819158,7.845637e-05,1851,test
0.9983083,6.480658e-05,1.5286632e-05,0.00041509388,0.00013168635,0.00019292727,0.00056769897,0.0003041132,1852,test
1.635095e-06,0.99939644,1.3488068e-05,9.986485e-05,6.8913476e-05,0.00025124272,8.263152e-05,8.5777865e-05,1853,test
1.0228774e-08,9.5118395e-08,5.7772603e-08,2.3943315e-07,0.9999473,3.7289898e-05,1.4407514e-05,5.987088e-07,1854,test
0.99796,9.0440786e-05,3.5794852e-05,0.00048421198,0.00022937878,0.00024553193,0.0005932875,0.00036144143,1855,test
1.2090073e-05,9.0019515e-05,0.99794024,0.000657462,0.0005645454,0.00027455462,0.00028504708,0.00017599872,1856,test
3.1498168e-06,3.7380785e-06,1.0795892e-08,2.9117255e-05,6.056187e-06,1.4824513e-05,1.6597776e-05,0.99992645,1857,test
0.9988048,4.4947756e-05,2.6207904e-06,0.00026018664,0.00010884097,0.00012671563,0.00041072883,0.00024109319,1858,test
4.7809885e-06,2.1553686e-05,0.9989743,0.00031590377,0.00038834597,0.00010205645,0.00014697068,4.610832e-05,1859,test
5.266729e-06,7.301618e-05,0.9986375,0.00048960967,0.00030899857,0.00018866936,0.00018890918,0.000107978136,1860,test
1.1568069e-05,6.529197e-05,0.9983981,0.0005986739,0.00035649343,0.00019659313,0.0002426423,0.00013061526,1861,test
1.7431632e-06,0.99953127,1.09893335e-05,7.182415e-05,6.024562e-05,0.00021975147,5.812431e-05,4.6086843e-05,1862,test
4.8009065e-06,0.99908316,9.127295e-06,8.131564e-05,0.00017397187,0.00030039813,0.00024287317,0.00010441264,1863,test
7.0793094e-06,7.581086e-05,0.99823666,0.0005052137,0.00055327895,0.0002416358,0.00025758182,0.00012271965,1864,test
0.023796044,0.0008068694,0.9555349,0.005614501,0.0075120544,0.0012378641,0.002919404,0.0025784655,1865,test
1.3526639e-05,0.0001227223,0.99717844,0.0006321081,0.00100619,0.00044863546,0.0003880834,0.00021026882,1866,test
2.7206331e-06,2.6980468e-05,0.9992067,0.00030504743,0.00023269079,0.00010207407,9.2244125e-05,3.1670716e-05,1867,test
0.99877876,4.0472085e-05,7.675277e-06,0.00028687966,0.00010088956,0.00015721883,0.0004101891,0.00021787034,1868,test
3.951819e-06,2.4327526e-05,0.9990356,0.00028430574,0.0003498318,0.00011030603,0.00014289792,4.8713344e-05,1869,test
0.99779224,9.5833544e-05,8.787896e-06,0.0004298645,0.00019700367,0.0002833006,0.0006329413,0.00056007004,1870,test
9.05469e-06,0.0001090895,0.9979875,0.00057563814,0.0005794545,0.00028426436,0.00030258053,0.00015236718,1871,test
0.9986864,0.00013102444,1.7095059e-05,0.0003928136,0.00011929489,0.00013507431,0.00023527496,0.0002830762,1872,test
0.9989606,8.685776e-05,1.081133e-05,0.0003180272,0.000104749684,9.524324e-05,0.00021713955,0.00020656407,1873,test
0.99606365,0.00061529956,8.628708e-05,0.0008210525,0.00037604113,0.00046566752,0.00077571,0.00079621543,1874,test
7.05029e-06,3.827786e-05,2.6994464e-06,2.9913152e-05,2.0063042e-05,0.00010293513,0.9996388,0.00016012936,1875,test
8.4174235e-06,0.00016999747,0.9989644,0.00044701103,0.00017300024,8.5278974e-05,8.5526495e-05,6.6399756e-05,1876,test
1.5638161e-05,0.00032379437,0.9984262,0.00053968636,0.00031078656,0.00015542834,0.00014801008,8.031643e-05,1877,test
0.99782026,0.00022039423,2.838455e-05,0.00060561154,0.00018890676,0.0001908321,0.0004239636,0.000521697,1878,test
2.3018138e-05,0.0005380048,0.9973416,0.0010177614,0.00044330515,0.00024492812,0.00017869662,0.00021271849,1879,test
3.1606294e-05,0.0005671733,0.9969488,0.0014574231,0.00024010622,0.00018462099,0.00021041995,0.00035985894,1880,test
0.9981351,0.00014840346,1.591201e-05,0.00048610737,0.0001556148,0.00016000762,0.00056574174,0.00033307011,1881,test
1.0457015e-05,0.00020092238,7.2935865e-05,5.9374925e-05,0.99926347,0.00027640795,7.915129e-05,3.7229587e-05,1882,test
7.454809e-06,0.00020027891,0.9987961,0.0005743967,0.00015117932,9.395186e-05,8.49748e-05,9.1642e-05,1883,test
0.00016001459,0.00039735858,0.9966348,0.0013915437,0.0006696525,0.00024554896,0.00024686946,0.00025425287,1884,test
7.1685918e-06,0.00020201919,0.9988619,0.0004861397,0.00020222022,9.883636e-05,7.9933176e-05,6.1847146e-05,1885,test
0.9971227,0.00035122925,1.4759322e-05,0.00063675386,0.00036317817,0.00037213904,0.00069909124,0.00044021427,1886,test
3.602982e-06,8.696853e-05,0.99934965,0.00035267157,9.007619e-05,5.271111e-05,3.9176764e-05,2.5110337e-05,1887,test
0.99769896,0.00031650066,1.8574103e-05,0.00052970037,0.00019967102,0.0003375249,0.0005032467,0.00039584265,1888,test
0.99804723,0.00022620188,1.2211099e-05,0.0005239337,0.00016599959,0.00024576098,0.00039710535,0.0003816631,1889,test
0.9981919,0.0001688628,3.3008477e-05,0.00047974175,0.00016955734,0.0001519753,0.00030883623,0.00049605133,1890,test
7.248688e-06,0.00013617545,0.9986706,0.0005968232,0.0002744243,0.00013553955,0.00010123899,7.80563e-05,1891,test
0.00028282547,0.0009401344,0.99474055,0.0019839504,0.00088837015,0.00039946949,0.00038622375,0.00037847873,1892,test
0.9983386,0.00019307504,1.3727933e-05,0.00042392558,0.00015854997,0.00021438026,0.0003600813,0.00029762133,1893,test
8.649813e-06,0.99061006,4.297815e-05,0.0006484459,0.000119676944,0.001630703,0.00038713147,0.0065523703,1894,test
3.7755595e-05,0.0008861729,0.99544877,0.0021290695,0.0006534662,0.00028727393,0.0002738248,0.00028355097,1895,test
2.0968006e-05,0.0008378988,0.997097,0.0010402008,0.00041864146,0.00025015144,0.00016783629,0.00016731388,1896,test
1.3707617e-05,9.6181015e-05,0.99922633,0.00033286837,0.00016180234,4.8078287e-05,7.3602474e-05,4.7517387e-05,1897,test
0.00015127474,0.00132549,1.6774578e-05,0.00080874644,0.0106086945,0.0040947753,0.0006159634,0.9823783,1898,test
9.61095e-06,0.00029106278,0.9985667,0.0006255768,0.00019268609,0.00011715537,0.00010891687,8.836177e-05,1899,test
1.4190643e-05,0.0003042705,0.99829525,0.0007365141,0.00025302806,0.00015539951,0.00011785248,0.00012355464,1900,test
7.5383896e-06,0.00020365001,0.9988217,0.00051372655,0.00019966936,9.950148e-05,7.749375e-05,7.6786564e-05,1901,test
2.9234977e-07,7.572111e-06,3.199335e-09,8.090174e-06,5.622049e-07,1.5596643e-05,1.4323542e-06,0.9999665,1902,test
0.9986872,0.00014171535,1.180615e-05,0.00039934245,0.00011477883,0.00015223004,0.00026906934,0.00022393829,1903,test
1.586337e-05,0.0004408272,0.9981616,0.0006948147,0.00024856906,0.00015698763,0.00016001203,0.00012131572,1904,test
0.99773216,0.00028979353,1.4594143e-05,0.00057323085,0.00018396205,0.00034691664,0.0004736692,0.00038557578,1905,test
0.9987675,0.000105086605,1.12940825e-05,0.00036635707,9.1781585e-05,0.00012648379,0.00025572712,0.00027574482,1906,test
1.2020271e-05,0.00038578734,0.99811685,0.0007282314,0.000312822,0.00017385316,0.00013873955,0.00013170569,1907,test
4.077422e-06,0.00010011079,0.9991479,0.0004049301,0.00016153572,7.925845e-05,5.335297e-05,4.883903e-05,1908,test
2.6138623e-06,7.962925e-05,0.9994931,0.00022214049,0.000112409245,4.663913e-05,2.9370052e-05,1.4200221e-05,1909,test
1.2028096e-05,0.00028121402,0.9984666,0.0006915579,0.0002039336,0.0001256353,0.00011470281,0.00010433635,1910,test
0.99799466,0.0002183397,1.6350758e-05,0.00048048477,0.00015211446,0.00022324309,0.0004113274,0.00050343614,1911,test
1.3420465e-05,0.00038664893,0.99789387,0.0010254385,0.00024960111,0.0001741744,0.00014289423,0.00011405437,1912,test
1.4657135e-05,0.00058454124,0.9973641,0.0010379786,0.00037723692,0.00025624968,0.0001909558,0.00017431768,1913,test
9.680091e-06,0.000209878,0.99891484,0.00046794018,0.00015021005,8.585148e-05,9.7907374e-05,6.366016e-05,1914,test
0.99791354,0.00028795833,8.348123e-06,0.00042616596,0.000166572,0.0002945968,0.0005080031,0.0003947803,1915,test
1.4306331e-06,0.00016545509,3.4142548e-05,1.9163524e-05,0.9993376,0.00038435266,3.588507e-05,2.1972663e-05,1916,test
0.9978161,0.0002689534,1.821214e-05,0.00051242515,0.00017318677,0.0002905895,0.00041210622,0.000508332,1917,test
5.231285e-08,4.5964138e-05,6.4904285e-08,8.352729e-07,9.084368e-06,0.99991596,3.6906831e-06,2.4373081e-05,1918,test
1.0961902e-05,0.00036374645,0.99816364,0.00079251727,0.00022679791,0.00016687007,0.0001469031,0.00012851716,1919,test
0.9989992,4.690451e-05,1.3790532e-05,0.0003473633,0.0001193697,5.2198222e-05,0.00028253044,0.00013878488,1920,test
2.2498846e-06,0.0001187378,6.072442e-06,1.2345417e-05,0.00023542371,0.9992235,0.00023453138,0.00016713253,1921,test
1.1539963e-06,0.99966896,3.2851654e-05,8.304991e-05,5.4632925e-05,6.44627e-05,6.9777285e-05,2.5186893e-05,1922,test
1.1455938e-05,0.00010297177,0.99897563,0.00032927093,0.00027864304,5.2939853e-05,0.00017839974,7.0732116e-05,1923,test
2.7208669e-05,0.99641526,0.0017273834,0.00044083764,0.0005655206,0.00033650926,0.00037645167,0.00011079439,1924,test
0.99678123,0.00022714137,0.0001252811,0.0010180358,0.0003558584,0.00017412844,0.00077510887,0.00054317404,1925,test
2.1832902e-05,7.016442e-05,0.9987423,0.0004656382,0.0004261088,4.9173286e-05,0.00014081392,8.406804e-05,1926,test
2.4298033e-06,2.3383365e-05,0.99957556,0.0001480902,0.00014831689,1.9490337e-05,6.284027e-05,1.9891324e-05,1927,test
2.9431505e-06,5.8943795e-05,0.99938667,0.00025093014,0.00014772441,3.347321e-05,8.567067e-05,3.3634362e-05,1928,test
0.04707638,0.00040600594,0.93352574,0.008961769,0.005459988,0.0004745987,0.0025356782,0.0015598809,1929,test
3.5146684e-06,3.7294594e-05,0.9994306,0.0002196847,0.00017255524,2.7235888e-05,8.0382895e-05,2.859146e-05,1930,test
1.9828703e-06,4.3606928e-05,0.99950147,0.0001909024,0.00013769238,2.4059054e-05,7.797996e-05,2.2433956e-05,1931,test
1.4085343e-06,1.5854854e-05,0.99970204,0.00013225799,7.828586e-05,1.22116935e-05,4.2351403e-05,1.5583346e-05,1932,test
2.010695e-06,1.715266e-05,0.9996853,0.00012253247,9.762603e-05,1.4777778e-05,4.4613364e-05,1.6079095e-05,1933,test
0.9978084,7.6834374e-05,0.00015344651,0.0008848505,0.00025908492,6.664545e-05,0.0004568748,0.00029395428,1934,test
2.5028587e-06,0.99964714,2.7644488e-05,7.5570315e-05,7.844576e-05,6.753147e-05,7.617507e-05,2.4951785e-05,1935,test
0.99737084,0.00048975286,5.3699747e-05,0.0005111201,0.00040308858,0.00019393889,0.0006529185,0.00032468062,1936,test
0.9964988,0.000129653,0.00018785856,0.0010669497,0.0006513704,0.00013408705,0.0008210021,0.0005102696,1937,test
1.2769011e-05,2.8967845e-05,0.99932265,0.00024298538,0.0002606241,2.4073339e-05,7.9138605e-05,2.8886794e-05,1938,test
2.4774013e-06,1.904039e-05,0.99966335,0.00014011849,9.232782e-05,1.607402e-05,4.8634232e-05,1.7978013e-05,1939,test
0.08661577,0.006330885,0.8541509,0.013149349,0.016342988,0.0049046576,0.012878727,0.005626699,1940,test
0.9982591,8.543579e-05,1.888748e-05,0.0005378044,0.00020926671,9.177844e-05,0.0005818461,0.00021586241,1941,test
2.681429e-06,3.0043599e-05,0.9994593,0.00020270003,0.0001609971,3.232261e-05,8.0144615e-05,3.1691234e-05,1942,test
3.495191e-06,5.4766617e-05,0.9992913,0.0002245358,0.00025401977,3.5493304e-05,0.00010384555,3.2440657e-05,1943,test
0.9987155,6.3110005e-05,2.2636661e-05,0.00037302065,0.0001756748,7.941371e-05,0.00042998703,0.0001406043,1944,test
0.9985672,6.4409534e-05,1.19282195e-05,0.00041024128,9.967413e-05,7.093229e-05,0.00042279673,0.00035282,1945,test
2.8666177e-06,2.7031028e-05,0.99956423,0.0001648622,0.000120919816,2.086401e-05,7.340231e-05,2.5837653e-05,1946,test
0.9944324,0.00033582645,0.0002797401,0.0013755535,0.0007005729,0.00028668737,0.0017003015,0.00088884146,1947,test
5.8460314e-06,0.9994307,5.466342e-05,0.00010712697,0.00012380694,9.5703705e-05,0.00013406639,4.8102203e-05,1948,test
0.0016384015,0.009892375,0.029004728,0.02209421,0.04763743,0.064412445,0.016519431,0.808801,1949,test
2.1780425e-06,1.8749353e-05,0.9996495,0.00013773012,9.919723e-05,1.7042574e-05,5.868526e-05,1.6897291e-05,1950,test
1.9682042e-05,0.00013206372,1.4421114e-05,0.00021623846,0.00034098566,0.0015462874,0.0003493863,0.9973809,1951,test
5.758897e-06,0.00010508845,0.9990376,0.0003032012,0.0002565174,5.2571173e-05,0.00017812588,6.1116196e-05,1952,test
2.996351e-06,0.99964285,2.7459704e-05,7.05166e-05,7.3929106e-05,5.588589e-05,0.00010029017,2.603117e-05,1953,test
0.9973768,0.00024257145,3.0558385e-05,0.0006327749,0.0003922151,0.0002634965,0.00081533106,0.00024633572,1954,test
2.223548e-06,3.184638e-05,0.9995772,0.0001517866,0.00011899798,2.1817172e-05,7.233234e-05,2.383628e-05,1955,test
6.7126456e-07,6.372362e-05,3.3679942e-06,5.669694e-06,0.00070372527,0.9990004,0.00017205346,5.0370567e-05,1956,test
0.9984565,9.824256e-05,3.1043237e-05,0.0004396733,0.00019414628,9.467648e-05,0.00045525134,0.00023047155,1957,test
0.9981018,0.0001022663,2.8277711e-05,0.0005388829,0.00020293421,0.00012355803,0.000604577,0.0002976847,1958,test
2.0756581e-06,1.6586027e-05,0.9995018,0.0001699007,0.00019214413,2.6315625e-05,6.7435685e-05,2.3742738e-05,1959,test
0.9965959,0.00022749648,5.6708388e-05,0.00085219665,0.00043502296,0.0002228454,0.0010519607,0.00055775006,1960,test
1.5305621e-06,2.0845095e-05,0.9996815,0.0001558345,6.141462e-05,1.4784331e-05,4.715716e-05,1.694329e-05,1961,test
0.99837226,0.00010077495,4.3331318e-05,0.0004649741,0.00023851212,8.232711e-05,0.000520204,0.0001776384,1962,test
0.9986731,7.162498e-05,1.7964468e-05,0.0004043079,0.00016214252,6.682921e-05,0.00042467023,0.00017945538,1963,test
1.4822467e-05,0.00011671222,2.846144e-06,0.0015557735,0.00014980759,9.5662945e-05,9.635727e-05,0.997968,1964,test
1.9240156e-06,2.6781398e-05,0.99963427,0.00014509042,9.806005e-05,1.919671e-05,5.5372344e-05,1.9240715e-05,1965,test
2.5082873e-06,2.9079483e-05,0.999567,0.00015466705,0.00012890137,2.1196245e-05,7.3850344e-05,2.2793838e-05,1966,test
2.8986947e-06,3.2741227e-05,0.9994205,0.00020311264,0.00021073355,3.0300818e-05,7.517218e-05,2.4605444e-05,1967,test
0.99874204,0.00012239246,7.0843057e-06,0.00027469217,0.0001583497,0.00022422371,0.00041740187,5.385923e-05,1968,test
0.9973797,0.00026799206,3.6598343e-05,0.00047094282,0.00025907982,0.0006084824,0.00086107064,0.000116053234,1969,test
1.4771839e-06,0.00011696581,0.9994394,0.00016854052,0.00012611802,5.9562004e-05,7.803814e-05,9.822171e-06,1970,test
2.276411e-06,0.00023297746,0.9989685,0.00022720081,0.00034675223,0.0001143546,9.471835e-05,1.3310511e-05,1971,test
0.9964593,0.0005308846,0.00012879065,0.0005744604,0.000623158,0.0005661551,0.0008863131,0.00023083063,1972,test
0.996944,0.00069972564,0.00013810578,0.00056954625,0.00041494708,0.00039752148,0.00069599395,0.00014025415,1973,test
0.000132582,0.0004755877,0.99751806,0.00069106824,0.0007543579,0.0001720008,0.00021006058,4.618782e-05,1974,test
4.4992535e-06,0.00037111092,0.99871016,0.0003562369,0.00025374233,0.00013724866,0.00013840219,2.8527968e-05,1975,test
1.7587822e-06,8.212214e-05,0.99943167,0.0001530574,0.00018596633,5.446838e-05,8.2387516e-05,8.4139665e-06,1976,test
0.9957176,0.00027925507,8.34044e-05,0.0010055972,0.000554587,0.00049087364,0.0015771142,0.00029166823,1977,test
0.9987047,0.00012935456,1.5256342e-05,0.000312126,0.00015479793,0.00022850635,0.00040513725,5.020394e-05,1978,test
8.3763933e-07,6.45618e-05,0.99963236,0.00013201553,7.9575206e-05,3.8086808e-05,4.647476e-05,6.0929247e-06,1979,test
6.527085e-07,4.21066e-05,0.99965847,0.00010238556,0.00010353881,4.3296088e-05,4.480079e-05,4.829431e-06,1980,test
1.0124099e-06,4.952591e-05,0.99967945,0.00010603148,7.191307e-05,3.3226854e-05,5.299938e-05,5.848953e-06,1981,test
1.5523369e-06,0.00013778282,0.9993666,0.00016704586,0.00015690531,7.572857e-05,8.384555e-05,1.05591735e-05,1982,test
8.76475e-06,0.0004483719,0.9984257,0.00038729334,0.00035575355,0.00015563414,0.00018102495,3.7367583e-05,1983,test
2.0147327e-06,9.335538e-05,0.9995085,0.00016434472,0.00010422474,5.042561e-05,6.714613e-05,9.833881e-06,1984,test
1.1127037e-05,0.00049956865,0.997888,0.00035486446,0.00097119017,0.00013838548,0.000115429946,2.1412836e-05,1985,test
1.542075e-05,0.000117823074,3.6329612e-07,0.00020817398,4.0215906e-05,0.000101095546,0.0001678529,0.99934906,1986,test
0.99902,0.00011409317,5.849584e-06,0.00018701654,0.00014899924,0.00017347695,0.00031790172,3.2689986e-05,1987,test
1.5833176e-06,0.00010114473,0.99942636,0.00017203756,0.00013887283,6.899247e-05,8.073695e-05,1.0291694e-05,1988,test
0.9983854,0.00019209908,2.1252188e-05,0.00036915255,0.00021210893,0.00024279408,0.0005123692,6.4819935e-05,1989,test
1.6184301e-06,0.00017954258,0.99927646,0.00018793107,0.00016690197,8.362749e-05,9.1327835e-05,1.2560829e-05,1990,test
7.135699e-08,2.3184539e-05,1.1129852e-06,2.8683426e-06,0.9997633,0.00020001376,9.186402e-06,3.103934e-07,1991,test
0.002431578,0.01891429,0.00052930985,0.009387769,0.013176665,0.04099872,0.010092456,0.9044693,1992,test
0.99472225,0.0015105616,0.00014082142,0.00058784086,0.00073307473,0.0010019708,0.0011256619,0.0001779094,1993,test
1.372992e-07,6.18191e-05,4.1754543e-06,3.4130812e-06,0.66124165,0.33855456,0.00013367603,5.7657076e-07,1994,test
0.99755764,0.0002602576,0.00013590518,0.0005370581,0.00032935277,0.00037921246,0.0006961764,0.00010437198,1995,test
4.109392e-06,0.00018816,0.9989273,0.00042469247,0.00022375345,9.7879565e-05,0.00010995233,2.4103045e-05,1996,test
0.9973641,0.0003579421,3.651044e-05,0.0004576962,0.0003805629,0.00047370992,0.000768946,0.00016047446,1997,test
0.9984598,0.00019636542,5.8857204e-06,0.00029812366,0.00016537504,0.00034266358,0.00047721353,5.464287e-05,1998,test
3.3256167e-06,0.00038780863,0.9988581,0.00030396134,0.00021270859,9.657896e-05,0.00011740276,2.0164704e-05,1999,test
1.0772224e-06,4.3069937e-05,0.9996524,0.000113687456,0.00010985285,3.1943586e-05,4.2743075e-05,5.21319e-06,2000,test
0.07176487,0.008084984,0.8865116,0.011734422,0.011551605,0.002525482,0.0067981537,0.001029005,2001,test
3.7361824e-05,0.8982557,0.001804822,0.004519708,0.0019350249,0.02944974,0.04031925,0.023678385,2002,test
1.9578238e-06,0.000103971324,0.999424,0.00013970431,0.00017755404,6.418977e-05,7.934456e-05,9.323277e-06,2003,test
0.9978459,0.00028382638,9.923336e-06,0.0002971733,0.0002622378,0.0005985796,0.00065252924,4.9844606e-05,2004,test
1.2473197e-06,7.80308e-05,0.99956554,0.00011861193,0.000121173594,5.124334e-05,5.7531965e-05,6.6869707e-06,2005,test
0.99824524,0.00024450396,1.388329e-05,0.00032009743,0.0002872527,0.00033417082,0.0004541742,0.00010065236,2006,test
6.245133e-07,6.8506284e-05,0.99964416,0.00012229885,7.490159e-05,3.9062343e-05,4.521046e-05,5.248365e-06,2007,test
0.99825114,0.00021494715,1.4552467e-05,0.0005349164,0.00020841401,0.0002454528,0.00043283938,9.768969e-05,2008,test
8.106244e-06,0.000161432,0.99882644,0.00057227706,0.00016672756,7.457009e-05,0.00013212551,5.8335692e-05,0,validation
0.9978132,0.00022455934,1.2968387e-05,0.00047228072,0.00016201915,0.0003547489,0.00071680214,0.00024338103,1,validation
0.9968444,0.0001778381,4.104805e-05,0.00070620043,0.0003514178,0.0003085726,0.0011017536,0.00046875147,2,validation
0.9973603,0.0002215031,1.7952356e-05,0.00061546307,0.0002049677,0.00036600945,0.0008710981,0.00034260022,3,validation
3.2796688e-06,0.0002528666,0.9988024,0.00034657645,0.0002510239,0.000120758305,0.00017275901,5.0292674e-05,4,validation
4.63371e-06,0.00022232553,0.99880624,0.00037217414,0.00022569166,0.000120137454,0.0001848516,6.394986e-05,5,validation
6.8678963e-07,3.5010577e-05,0.9997069,0.00013166439,6.315513e-05,2.2303073e-05,3.1919775e-05,8.3074965e-06,6,validation
0.99676526,0.0002728563,4.486008e-05,0.0006327842,0.00025658795,0.00054755254,0.0010320761,0.0004480877,7,validation
0.9960763,0.00019081876,3.393338e-05,0.00069232186,0.00020463431,0.00050059427,0.0019151784,0.0003862748,8,validation
0.998052,0.00015299092,1.744468e-05,0.00049847417,0.00015473986,0.00030428835,0.00059748313,0.00022264505,9,validation
2.6727648e-06,5.7910795e-05,0.99935395,0.00021144844,0.00018989379,5.6896086e-05,0.000101795405,2.5541198e-05,10,validation
1.7332671e-06,0.00018956378,3.7999303e-05,3.5304824e-05,0.99210304,0.0072200466,0.00027622693,0.00013601911,11,validation
4.669006e-06,8.382619e-05,0.9992225,0.00025829865,0.00020870079,5.8645597e-05,0.00013851625,2.4870951e-05,12,validation
7.290636e-07,2.9626772e-05,0.9997435,0.00010138865,5.7782847e-05,2.3387161e-05,3.6740712e-05,6.8174204e-06,13,validation
3.6692056e-06,0.00025701174,0.9988067,0.00037143574,0.00020805029,0.00010840713,0.00018344112,6.125663e-05,14,validation
3.8068886e-06,0.00013013998,0.9991634,0.00030688936,0.00013040596,7.05534e-05,0.00014684703,4.7891845e-05,15,validation
7.6989046e-08,2.7704204e-05,3.972821e-07,1.8323144e-06,7.3985852e-06,0.9999443,1.3704325e-05,4.6385967e-06,16,validation
0.9986601,8.433164e-05,1.69167e-05,0.00041675946,0.00011834581,0.00015177972,0.00041278903,0.00013899655,17,validation
5.7244397e-05,0.00051416043,0.9969567,0.0010035429,0.00066135364,0.0002323192,0.0004088272,0.00016591803,18,validation
7.1952206e-07,3.693282e-05,0.99966383,0.00013000974,8.171079e-05,3.1763415e-05,4.6998157e-05,8.093396e-06,19,validation
3.0114184e-05,0.0002938994,7.3436803e-07,9.296705e-05,2.8259028e-05,0.0008218221,0.0006276135,0.9981046,20,validation
2.914164e-06,0.00014944487,0.99915946,0.0002937897,0.00013683848,7.594602e-05,0.00013966707,4.1971747e-05,21,validation
5.36117e-06,0.00020172878,0.9989472,0.00030878533,0.00023246203,9.72911e-05,0.00016357025,4.3626533e-05,22,validation
0.1841899,0.008356064,0.76791674,0.011921839,0.010222244,0.003915837,0.0074642138,0.0060131624,23,validation
3.913392e-06,0.00016547539,0.99908674,0.00029586715,0.00015551322,8.266455e-05,0.00016218291,4.754941e-05,24,validation
6.0304774e-06,0.00024718532,0.9986791,0.00039707817,0.0002912694,0.00012260472,0.00019218931,6.4561216e-05,25,validation
6.176204e-07,3.0225432e-05,0.9997464,0.00011332045,5.198272e-05,2.1660964e-05,2.8784374e-05,7.0209067e-06,26,validation
0.00414025,0.0008162947,0.98881525,0.0026653553,0.0012155247,0.0005179445,0.0012457994,0.0005835392,27,validation
2.9863097e-06,9.5380325e-05,0.9992066,0.00028507473,0.00016151823,7.5465075e-05,0.0001328471,4.0221294e-05,28,validation
0.9960444,0.00023757346,7.738669e-05,0.00095646014,0.0003275223,0.00047898933,0.0013161579,0.00056163187,29,validation
0.004700529,0.0014463363,0.9794885,0.004834759,0.004071033,0.001622685,0.0027524887,0.0010836537,30,validation
5.2918034e-07,3.494048e-05,0.9997675,0.00010476392,3.334279e-05,1.8223827e-05,3.4180823e-05,6.51395e-06,31,validation
7.793687e-07,2.7565891e-05,0.9997383,0.00010983422,5.4146527e-05,2.6982572e-05,3.4568286e-05,7.773063e-06,32,validation
7.5582875e-07,4.588456e-06,1.9673162e-06,0.9999584,1.0390842e-06,2.98297e-06,3.175949e-06,2.7118522e-05,33,validation
0.10236519,0.8365481,0.011581148,0.0075415047,0.008827,0.01972966,0.010292936,0.0031144358,34,validation
4.0035648e-06,0.00012316399,0.99916816,0.00038889464,0.00011766084,5.289398e-05,0.000109852524,3.5515506e-05,35,validation
6.5765144e-06,0.00019691666,0.9987925,0.00036166946,0.000289417,0.00010516152,0.00019479891,5.2925207e-05,36,validation
0.9972504,0.00017717433,2.1790313e-05,0.0006033445,0.0002187379,0.00032116997,0.0010009472,0.00040643424,37,validation
0.9954762,0.00051461876,1.7324088e-05,0.0007492601,0.00030086786,0.0010866213,0.0014841683,0.00037101164,38,validation
0.98371613,0.0006502481,0.002486216,0.0031901293,0.0023816647,0.0011570008,0.0053240187,0.0010944828,39,validation
2.0299037e-06,5.422602e-05,1.964931e-05,2.4532164e-05,0.9996518,0.00014403442,8.219712e-05,2.1555945e-05,40,validation
0.9963988,0.0003397917,2.9974488e-05,0.00074774784,0.00029920353,0.0006545255,0.0011688683,0.0003610457,41,validation
0.9962534,0.0002910095,0.0002595193,0.0008875589,0.00043405136,0.0005372593,0.0010154329,0.00032182058,42,validation
1.7567787e-06,0.00018872702,0.9991885,0.00030995076,0.00010892453,8.141151e-05,0.000102935184,1.7819246e-05,43,validation
2.0615842e-06,0.00012378008,1.2783252e-07,4.6934194e-05,1.6003452e-05,0.00020195878,5.405592e-05,0.99955505,44,validation
4.8961124e-06,0.00017761823,0.9986713,0.00043951508,0.00032504104,0.00012541274,0.00019107664,6.52528e-05,45,validation
1.4648274e-06,6.41667e-05,0.99951553,0.0001936213,0.00010067123,4.8036873e-05,6.236492e-05,1.4187341e-05,46,validation
4.3223613e-06,4.425372e-05,8.5636486e-08,6.560735e-05,8.948014e-06,5.4634223e-05,6.5533066e-05,0.99975663,47,validation
6.395768e-05,0.00012398508,0.9967824,0.0011779678,0.00080973364,0.00028477178,0.00044213943,0.00031497114,48,validation
0.0039406433,0.00055964914,0.97558707,0.008197384,0.0052013174,0.0013442067,0.0031658043,0.0020039312,49,validation
0.00015544778,0.00033305638,0.99352795,0.0019421959,0.0016672962,0.0006218878,0.0009024998,0.00084965874,50,validation
2.1929878e-05,0.9987625,4.2672866e-05,0.00022970034,0.00023006076,0.00036171242,0.00019057414,0.00016087764,51,validation
0.000103401566,0.00016253594,0.99617434,0.0012643104,0.0010595501,0.00037558528,0.00042334964,0.00043691005,52,validation
9.327916e-05,0.00029759627,0.9949545,0.002089962,0.0009788249,0.00044892303,0.00066374085,0.00047314222,53,validation
0.9996706,7.690231e-06,9.117645e-07,9.829545e-05,4.2810316e-05,2.7014268e-05,8.0836275e-05,7.180984e-05,54,validation
5.5083452e-05,0.00012939954,0.99693334,0.0009990309,0.0009034186,0.0003214821,0.00038980052,0.00026849797,55,validation
0.9992213,2.672725e-05,2.7694325e-06,0.00018658458,9.494032e-05,8.529407e-05,0.00021304117,0.0001693114,56,validation
4.11284e-06,2.9036258e-07,1.083573e-06,4.362337e-06,0.00012392497,0.000107675674,0.99971396,4.4638946e-05,57,validation
2.138863e-05,4.2632782e-05,0.99827933,0.00097470084,0.00027766207,0.00012646889,0.00017658484,0.00010120773,58,validation
4.015615e-05,6.317852e-05,0.99749786,0.0008394036,0.00079990266,0.0002503112,0.00030600376,0.00020312231,59,validation
0.0001258745,0.0002045539,0.99326354,0.0016912424,0.0026704324,0.00069954095,0.0005963128,0.000748525,60,validation
2.5911895e-06,8.6537773e-07,2.4012228e-09,1.2724298e-05,5.902807e-06,5.9490185e-06,7.870848e-06,0.9999641,61,validation
0.99907863,3.281739e-05,1.3589547e-05,0.00019785982,0.00016962805,8.875402e-05,0.0002215536,0.00019718132,62,validation
1.2849753e-05,2.9062885e-05,0.9987907,0.0004494054,0.00045247682,0.000108418106,0.00010846713,4.8652102e-05,63,validation
0.00020103484,0.0002772995,0.9947279,0.0017759545,0.0015145297,0.00049208425,0.0006336828,0.00037753108,64,validation
6.5185064e-05,7.349763e-05,0.99766505,0.0011174912,0.00050098734,0.00017147465,0.00023717228,0.00016910347,65,validation
9.233563e-05,0.00011303254,0.9964791,0.0011167759,0.0010579248,0.00032105166,0.00045567888,0.0003641006,66,validation
0.99905545,2.3281082e-05,2.5845467e-05,0.00031872047,0.00016616333,5.5010885e-05,0.00016158533,0.00019390645,67,validation
1.3554431e-05,0.9986413,2.4428708e-05,0.00019441366,0.00021811124,0.0004930959,0.0002131166,0.00020200387,68,validation
0.9993104,2.6587286e-05,2.7948543e-06,0.00015616413,9.328179e-05,8.43242e-05,0.00018009968,0.00014644164,69,validation
0.0009936726,0.00029648066,0.9926323,0.0028243652,0.0014450926,0.00044075926,0.0007630089,0.0006041955,70,validation
0.0001670624,0.00026045067,0.99418086,0.0020137047,0.0015963204,0.0006100847,0.0007165994,0.0004549656,71,validation
2.0321988e-05,0.9985259,4.201315e-05,0.0002868456,0.00025507345,0.0004295511,0.00020919132,0.00023105823,72,validation
1.9299612e-05,3.1731313e-05,0.9987765,0.00050768896,0.00031018897,0.00011063515,0.00015275953,9.125968e-05,73,validation
5.3846747e-05,0.00013188926,0.99717927,0.0009708869,0.0007697007,0.0002838465,0.0003472512,0.00026338198,74,validation
7.648735e-05,0.00013271274,0.997021,0.0010197812,0.0007221749,0.00028576938,0.00038708225,0.00035492203,75,validation
0.0001771843,5.32992e-05,0.9942212,0.0005709244,0.00439696,0.00025817516,0.00023531899,8.703201e-05,76,validation
0.9991308,3.3054206e-05,2.5747934e-06,0.00015174354,0.000119313496,8.67258e-05,0.0002530455,0.00022279857,77,validation
0.00012941427,0.00027168763,0.9948736,0.0016738317,0.0012928197,0.00047893374,0.00068024715,0.00059943984,78,validation
1.0893389e-05,2.700432e-05,0.9991786,0.000370214,0.00020948084,7.433447e-05,8.467739e-05,4.4740696e-05,79,validation
0.99923193,2.6426631e-05,6.3588463e-06,0.00016856547,0.00011934766,8.0240694e-05,0.00020122016,0.00016587472,80,validation
0.99937254,1.6569811e-05,1.2825209e-06,0.00013655881,7.234754e-05,3.9594026e-05,0.00017195694,0.00018917753,81,validation
5.1094055e-05,9.965176e-05,0.9969312,0.0011028189,0.0007991102,0.0003344778,0.00035959785,0.00032198918,82,validation
7.2339645e-08,6.365953e-07,1.0600521e-08,3.321289e-07,1.627872e-05,0.99997056,9.477073e-06,2.6235466e-06,83,validation
0.99911433,3.8837356e-05,7.225401e-06,0.00017840257,0.00013704663,9.593738e-05,0.00022069541,0.00020736706,84,validation
2.3744344e-05,4.929876e-05,0.99848145,0.00061338994,0.00044860478,0.0001457525,0.0001531439,8.467255e-05,85,validation
0.00010229614,7.071103e-05,0.99790466,0.00080183387,0.000623188,0.00013552218,0.00023089907,0.00013087294,86,validation
0.9995122,1.8012444e-05,1.4274771e-06,0.00012834943,5.673857e-05,5.9326532e-05,0.00013513587,8.8832e-05,87,validation
8.158264e-05,0.00018593151,0.9959557,0.0011692479,0.0013308314,0.00042761842,0.00051031815,0.00033881885,88,validation
3.3018634e-05,5.573417e-05,0.99808586,0.00072075723,0.00054622174,0.0001838145,0.00022617244,0.00014842924,89,validation
2.3381921e-05,3.6853922e-05,0.99837434,0.0005436231,0.0006583171,0.00015858212,0.00014308689,6.175721e-05,90,validation
0.00014753816,0.00025663472,0.9943169,0.002457283,0.0011985009,0.0004774521,0.00058783503,0.00055796764,91,validation
2.7721657e-05,4.440843e-05,0.9984505,0.00062587764,0.00043917852,0.00014734766,0.00017235526,9.255996e-05,92,validation
0.9994771,1.5726222e-05,4.4942053e-06,0.00015631969,8.137586e-05,3.3885455e-05,0.00010134549,0.00012985484,93,validation
0.99958485,1.2620369e-05,7.011921e-07,9.9155055e-05,4.350439e-05,4.0707047e-05,0.00011404636,0.00010445122,94,validation
3.2535027e-05,6.68825e-05,0.9977552,0.0007734715,0.0007257314,0.00020832318,0.00025185553,0.00018610997,95,validation
9.121218e-07,2.5775564e-05,2.2241953e-05,2.194818e-05,0.9997991,9.3164315e-05,2.3171664e-05,1.3692771e-05,96,validation
2.3492064e-06,1.8120909e-05,0.9995609,0.00022713337,8.2904764e-05,3.4891542e-05,3.9024275e-05,3.460813e-05,97,validation
0.3426403,0.008972883,0.50964165,0.038421646,0.06664314,0.009401329,0.010661625,0.013617428,98,validation
0.9980603,0.00010642854,4.1276053e-05,0.0005891215,0.00022377704,0.00020706811,0.000355434,0.0004166607,99,validation
5.7838743e-06,5.117165e-05,0.999212,0.00037158452,0.00015753006,6.8119996e-05,6.46006e-05,6.914576e-05,100,validation
0.9966176,0.0002367604,4.693477e-05,0.0008117118,0.0003308744,0.00041941958,0.00074715924,0.0007895153,101,validation
0.99819165,6.523434e-05,1.2624841e-05,0.0005388749,0.00015356725,0.00012308177,0.0003842304,0.0005306591,102,validation
9.556053e-06,0.00012337924,0.99854517,0.0005260847,0.00046569775,0.00013308761,0.00011586407,8.116983e-05,103,validation
0.9954857,0.00028816322,0.00019931112,0.0010948541,0.0005171163,0.0005378038,0.00080285175,0.001074071,104,validation
4.386636e-06,0.0001233915,0.00042958197,0.00010156251,0.98555,0.013371069,0.00029180804,0.00012829989,105,validation
0.9988176,3.9837058e-05,1.3418932e-05,0.0004015006,9.1458176e-05,9.675509e-05,0.0002447438,0.00029471554,106,validation
4.739834e-06,3.7120008e-05,0.99926466,0.00036466675,0.0001408184,5.6164583e-05,6.688233e-05,6.499728e-05,107,validation
2.4484073e-06,1.0203375e-06,7.4597745e-07,7.7056775e-06,6.5029303e-06,2.2044389e-05,0.9999243,3.5225385e-05,108,validation
4.1997537e-06,4.3610456e-05,0.9992687,0.00036706144,0.00012232114,6.353858e-05,5.884989e-05,7.174024e-05,109,validation
4.653764e-06,3.2428565e-05,0.99931705,0.00034590298,0.0001447593,4.640183e-05,5.1333303e-05,5.7503617e-05,110,validation
3.8248427e-06,8.974035e-05,0.99880016,0.0007322491,0.00010738823,8.9646775e-05,8.147577e-05,9.551198e-05,111,validation
4.589098e-06,5.7254285e-05,0.99918884,0.00037105585,0.00014263269,8.0962e-05,6.6526365e-05,8.8052715e-05,112,validation
2.880809e-06,0.9990289,6.6042034e-05,0.00013439875,0.00022322692,0.00036002544,8.091863e-05,0.00010351744,113,validation
8.7393e-06,5.078458e-05,1.6124505e-06,7.200413e-05,9.446287e-05,0.009063689,0.00016630515,0.99054235,114,validation
5.121984e-06,6.7497225e-05,0.9989305,0.0005388412,0.00014926137,9.7428936e-05,8.282482e-05,0.00012849463,115,validation
0.99831855,6.809803e-05,2.5477118e-05,0.00060639373,0.00011647862,0.00015461595,0.00029997478,0.0004103216,116,validation
0.9966074,0.00020741684,4.777243e-05,0.0007901709,0.00027461708,0.00035746253,0.000697328,0.0010178529,117,validation
0.99772304,9.455688e-05,2.4532257e-05,0.0006963413,0.00013842911,0.00019706444,0.00043108308,0.0006949285,118,validation
0.0043322886,0.0011292393,0.9863055,0.003358402,0.0026515436,0.0007813629,0.0008727534,0.00056890666,119,validation
0.99825114,9.377361e-05,1.2017727e-05,0.000530459,0.00013160588,0.00018005003,0.00041168905,0.00038919877,120,validation
0.9988268,5.3265576e-05,1.106926e-05,0.00038544572,0.00010280622,0.00010823473,0.00025251176,0.00025989654,121,validation
0.9976573,0.00014809553,4.606607e-05,0.00067763345,0.00019444116,0.00025280225,0.0006238014,0.0003999413,122,validation
7.856327e-06,7.884771e-05,0.99880576,0.0005233894,0.00022605796,0.00010725425,0.000112584836,0.00013809488,123,validation
0.966282,0.004848307,0.006974532,0.004459526,0.0037071463,0.0038800165,0.0040186965,0.0058297236,124,validation
0.998168,7.240604e-05,5.1712315e-05,0.00062970235,0.0001318547,0.000103730694,0.0002547713,0.0005878044,125,validation
0.9968527,0.0001905609,4.386087e-05,0.0007954752,0.00026935665,0.00027711058,0.0006270556,0.00094378536,126,validation
3.501005e-06,3.5994894e-05,0.9994074,0.00027668144,0.00011002889,5.124549e-05,5.448415e-05,6.073377e-05,127,validation
0.9954306,0.00031170234,0.00010283617,0.0009806971,0.0004007306,0.0005496122,0.00092292327,0.0013008827,128,validation
5.18656e-06,9.6503514e-05,8.962791e-05,9.156709e-05,0.99820244,0.0013046332,0.000113093665,9.679441e-05,129,validation
1.2279668e-06,0.9994904,2.1222533e-05,0.00010883853,5.828941e-05,0.00019745757,4.849684e-05,7.399541e-05,130,validation
4.0469866e-05,0.0002678176,0.9972326,0.0010957221,0.0005085677,0.00025175748,0.00030121685,0.0003018446,131,validation
2.138739e-06,9.4671905e-06,1.8841254e-06,1.71849e-05,6.4526957e-06,4.3993303e-05,0.9998017,0.00011721828,132,validation
0.99642724,0.00024940926,6.142604e-05,0.00087483705,0.0003173465,0.0005385686,0.00084898766,0.0006821472,133,validation
7.481921e-07,1.4034605e-05,0.9997292,0.00015984403,3.987015e-05,2.4021614e-05,1.7803726e-05,1.447376e-05,134,validation
3.6025308e-06,6.72767e-07,3.606307e-07,4.2912734e-06,7.785408e-06,3.3531007e-05,0.9999386,1.1110236e-05,135,validation
4.5944627e-05,0.00012574016,0.9979571,0.0010073108,0.00048111854,0.0001191004,0.00012229627,0.00014140406,136,validation
5.8423366e-06,4.488162e-05,0.99896586,0.00047830102,0.00030616258,7.9777135e-05,6.377565e-05,5.5361295e-05,137,validation
3.7604143e-06,3.23494e-05,0.9992161,0.00039481334,0.00015117136,6.968192e-05,5.9875107e-05,7.213718e-05,138,validation
0.996923,0.0001658308,5.2961128e-05,0.0009305766,0.00019467123,0.00031527824,0.00056527945,0.00085232523,139,validation
4.393078e-06,4.308809e-05,0.9992834,0.00038048194,0.00010664761,5.4005824e-05,5.472613e-05,7.332775e-05,140,validation
1.4460261e-06,0.9994443,1.2682935e-05,8.5408676e-05,7.9114885e-05,0.00020388757,6.134702e-05,0.00011181102,141,validation
2.640693e-05,0.0002303729,0.99779874,0.00095873716,0.0004117812,0.00015626822,0.00020115261,0.00021651934,142,validation
0.07537845,0.0018249991,0.88952607,0.018690418,0.0047656964,0.0017741665,0.0030430101,0.004997218,143,validation
2.5556503e-05,0.9991054,9.748551e-05,0.00011149684,0.00022177496,0.00020129274,0.00021174268,2.5184725e-05,144,validation
1.9486606e-05,9.7061034e-05,0.9989191,0.00026093412,0.00032895445,0.00010220675,0.00024416484,2.8200266e-05,145,validation
9.72408e-06,2.7954211e-05,0.9990246,0.00011583903,0.0005389523,8.400957e-05,0.00018886586,1.0049389e-05,146,validation
4.376038e-06,1.934527e-05,0.99964726,8.251711e-05,0.00012820322,3.3943106e-05,7.809211e-05,6.280376e-06,147,validation
1.1800958e-05,3.831004e-05,0.9990871,0.0001463958,0.0004269844,8.091956e-05,0.00019426945,1.4312822e-05,148,validation
9.640497e-06,0.9993162,7.342064e-05,7.76169e-05,0.00013489976,0.00026605668,0.0001072927,1.492308e-05,149,validation
1.4477029e-05,7.136603e-05,0.99903715,0.00018100782,0.00034171413,0.0001070171,0.00022748181,1.9771418e-05,150,validation
1.1051492e-05,5.2252846e-05,0.999198,0.00015770478,0.00034877576,6.8853224e-05,0.0001512651,1.20374125e-05,151,validation
1.3593252e-05,7.011185e-05,0.9991548,0.00017083768,0.00028620622,9.313919e-05,0.00019274792,1.8576815e-05,152,validation
7.262699e-07,2.2549452e-06,1.3541457e-07,4.058191e-07,4.441547e-05,0.9998067,0.00014402955,1.4346036e-06,153,validation
0.00031228087,0.0003647144,1.5473e-05,0.00061249663,0.00045333375,0.000960987,0.00086948404,0.99641126,154,validation
1.7054817e-05,5.8238405e-05,0.99914634,0.00017872827,0.00032385928,7.809252e-05,0.00018049513,1.7268465e-05,155,validation
3.481105e-05,0.00011531031,0.9984113,0.00031251943,0.00055669254,0.00013527827,0.00040455654,2.9486788e-05,156,validation
0.9994161,6.418719e-05,1.5237464e-05,0.00012232298,7.365648e-05,9.26546e-05,0.0001971078,1.8785151e-05,157,validation
0.00710949,0.003877201,0.00049165887,0.0048719426,0.0093772495,0.00975882,0.0039233663,0.96059024,158,validation
0.9984604,0.00020867749,1.6429276e-05,0.00017897986,0.00015496401,0.0003488986,0.0005959925,3.5684203e-05,159,validation
0.99890363,0.00011005012,3.0197447e-05,0.00023497449,0.00017046278,0.00014088073,0.00037069304,3.9000402e-05,160,validation
1.3766413e-05,7.133661e-05,0.99900913,0.00017994702,0.00038014926,9.367296e-05,0.00023278616,1.9150502e-05,161,validation
1.0877669e-05,5.85446e-05,0.9991289,0.00017327377,0.00029032098,9.2386945e-05,0.00022781099,1.7891776e-05,162,validation
0.0017435242,0.0007270725,0.992942,0.0015902525,0.001708086,0.00035844836,0.0007330993,0.00019756047,163,validation
1.15806e-05,4.9294234e-05,0.99938905,0.00015399388,0.00018184568,5.9455542e-05,0.00014046559,1.4227722e-05,164,validation
1.1117692e-05,6.985746e-05,0.99899346,0.0002146928,0.00035642087,0.00011371766,0.00021758596,2.3182733e-05,165,validation
1.1558246e-05,4.449063e-05,0.99918514,0.00014469285,0.0003360852,7.192866e-05,0.00019203857,1.400725e-05,166,validation
0.99786633,0.00020889551,2.5197041e-05,0.00025443768,0.00042619515,0.00030934822,0.00085468584,5.4833647e-05,167,validation
0.0021510762,0.33684388,0.07271067,0.031803384,0.44655,0.04562435,0.026960945,0.037355773,168,validation
2.6919745e-06,1.4399878e-05,0.99976426,5.8589656e-05,8.692996e-05,2.2687245e-05,4.7044225e-05,3.339355e-06,169,validation
1.6378235e-05,7.2250106e-05,0.9989999,0.000200491,0.00038187858,9.509233e-05,0.00021427934,1.9759767e-05,170,validation
1.0418678e-05,5.7800047e-05,0.9991736,0.00019369797,0.00030611205,8.091847e-05,0.00016200192,1.548156e-05,171,validation
7.2052894e-06,2.8367915e-05,0.9994873,0.00011384551,0.00020109717,5.1010073e-05,0.00010351704,7.666356e-06,172,validation
2.6572848e-06,1.045283e-05,0.9998004,5.4169468e-05,7.0886315e-05,2.0627382e-05,3.8000395e-05,2.8278291e-06,173,validation
0.99939585,4.8726448e-05,2.0636071e-05,0.00014139687,0.000100155885,8.248598e-05,0.00019837162,1.2372477e-05,174,validation
0.9992137,7.887916e-05,1.179668e-05,0.00011122323,0.00014764913,0.00011742721,0.00029859843,2.0651976e-05,175,validation
7.559167e-06,2.8622073e-05,0.99947745,0.00011810902,0.0001794402,5.212608e-05,0.00012636482,1.037321e-05,176,validation
3.3574981e-06,1.7957887e-05,0.99964285,7.4586285e-05,0.00014890556,3.661421e-05,7.147171e-05,4.175451e-06,177,validation
0.99871874,0.000100327125,2.262027e-05,0.00022964845,0.00018460161,0.00013883274,0.0005452961,5.9942406e-05,178,validation
0.41027588,0.0043178415,0.5494626,0.009714792,0.011977891,0.0035748791,0.008561058,0.0021150664,179,validation
1.9840729e-05,0.00010633461,0.9987337,0.00027302516,0.00043649526,0.00012559486,0.00027465215,3.028459e-05,180,validation
0.9996413,3.2800785e-05,8.151565e-06,8.1487095e-05,5.500185e-05,5.369408e-05,0.00011510727,1.2449107e-05,181,validation
1.5672264e-05,9.314364e-05,0.99900913,0.00021798088,0.0003154539,0.000100398895,0.00022689954,2.1369759e-05,182,validation
3.1816055e-07,1.3636958e-06,5.943248e-08,1.9307262e-07,3.8409235e-05,0.9998425,0.00011712016,9.158446e-08,183,validation
9.352798e-06,4.4851833e-05,0.99931633,0.00013969207,0.0002569524,7.500831e-05,0.00014558253,1.2302171e-05,184,validation
7.2839066e-06,3.219326e-05,0.99947315,0.00012583635,0.00022517372,3.768245e-05,9.546074e-05,3.296797e-06,185,validation
1.8111241e-05,7.0659145e-05,0.99906296,0.0001912287,0.0003268879,9.6010874e-05,0.00021321246,2.0949465e-05,186,validation
1.4830461e-05,0.9994542,5.8562324e-05,6.2866624e-05,0.000121549885,0.00018280781,9.5932395e-05,9.325061e-06,187,validation
3.4607897e-06,1.7967077e-05,0.9997291,7.2420575e-05,9.5875366e-05,2.58872e-05,5.1317504e-05,3.80956e-06,188,validation
0.9995022,4.422584e-05,6.6221974e-06,0.00010230602,7.389502e-05,7.93398e-05,0.00017797857,1.345025e-05,189,validation
0.00011325753,2.4005e-05,0.00016729775,0.9995734,4.0766605e-05,1.4202106e-05,3.0340621e-05,3.6717967e-05,190,validation
0.0006046055,0.00048062546,1.2372663e-05,0.00049779954,0.0005049703,0.0011460809,0.00079360476,0.99595994,191,validation
5.6335564e-05,0.00021269298,0.9978089,0.0008332939,0.00057017384,0.00013106558,0.00027027173,0.00011738955,192,validation
6.099599e-05,0.00042965345,0.99670094,0.0011454405,0.00086345786,0.00024279392,0.0003514309,0.00020513362,193,validation
0.9992907,8.020556e-05,5.2950963e-06,0.00020741079,0.00010512853,6.3859945e-05,0.00015426756,9.310878e-05,194,validation
4.633185e-05,0.00015170853,0.99820304,0.0007483956,0.00043999773,9.881545e-05,0.00022249768,8.918672e-05,195,validation
0.9993654,4.4043525e-05,3.7395528e-06,0.00019199848,0.00011280089,4.460662e-05,0.00014853594,8.8852335e-05,196,validation
6.940489e-05,0.00029800765,0.99699056,0.001083338,0.0008017166,0.00020927224,0.000359258,0.0001882835,197,validation
6.648987e-05,0.00038593332,0.9971142,0.0011339203,0.00071162096,0.00015891771,0.00030868614,0.00012027136,198,validation
0.9991621,0.00011710913,2.1181063e-06,0.00020156062,0.00013277087,0.00010003042,0.00019638138,8.789473e-05,199,validation
9.864859e-07,0.00011212208,7.685245e-07,6.972279e-06,3.259287e-05,0.99980277,2.80155e-05,1.5809734e-05,200,validation
0.00020758892,0.0003839273,0.9963247,0.0014673528,0.00083780097,0.0001844706,0.0003859504,0.00020804674,201,validation
6.297221e-05,0.00046846652,0.9966403,0.0013323801,0.00064935145,0.00023829963,0.00036973337,0.00023846808,202,validation
0.9985701,0.00010056736,1.0907582e-05,0.0003709451,0.00019163193,9.636805e-05,0.0004049168,0.0002545744,203,validation
6.67218e-07,0.00020007543,3.0021906e-06,7.591338e-06,0.008472244,0.9911238,9.55435e-05,9.708595e-05,204,validation
0.9993286,6.482507e-05,2.3871144e-06,0.0001748767,0.00010403449,6.884048e-05,0.00015879908,9.764081e-05,205,validation
5.401011e-05,0.00043147223,0.9971282,0.001055747,0.00067149964,0.00020168952,0.00029539224,0.0001619096,206,validation
5.3828808e-05,0.00026549166,0.99750036,0.00090005033,0.00070450845,0.00017801317,0.0002724486,0.00012532748,207,validation
1.1187518e-05,4.0020317e-05,3.935511e-08,7.375669e-05,2.8003695e-05,2.5549234e-05,2.912754e-05,0.9997923,208,validation
3.299398e-05,0.0002177719,0.99798954,0.00078932673,0.00047055265,0.00015389943,0.00023736323,0.00010849408,209,validation
0.00015794342,0.00093430985,0.9940737,0.0019944273,0.0013749308,0.00051060354,0.00064442906,0.00030975623,210,validation
0.00017607323,0.00033612913,0.9970488,0.0010793804,0.0007769019,0.00014706924,0.00031945563,0.000116208284,211,validation
0.96547633,0.025237175,9.327246e-05,0.0014295012,0.0025375455,0.002399642,0.0021432226,0.0006832701,212,validation
9.1219816e-05,0.00075999985,0.9955772,0.0014980515,0.0010388669,0.00030049664,0.00045740724,0.00027676055,213,validation
0.00015444058,0.0007547344,0.9944464,0.0020370823,0.0014295657,0.00033642503,0.0005241351,0.00031719054,214,validation
0.99910116,6.6632594e-05,5.8237624e-06,0.00029071936,0.00017402344,6.630133e-05,0.00018707578,0.00010826941,215,validation
0.00017465818,0.0006175095,0.99598134,0.001711124,0.0006518497,0.00023926962,0.00032797232,0.00029639492,216,validation
0.9984341,0.00022473616,6.5448776e-06,0.0002922245,0.00027079365,0.00018064241,0.00037917952,0.00021169166,217,validation
1.0051632e-06,4.698932e-05,3.8024956e-07,4.2534284e-06,2.9198547e-05,0.99988866,2.152079e-05,7.981615e-06,218,validation
1.9184715e-06,0.00011318605,2.3894978e-07,6.1973683e-06,4.212197e-05,0.99978703,2.7276514e-05,2.1992899e-05,219,validation
3.5701658e-05,0.0002888644,0.9968569,0.0010604875,0.0010274344,0.00026337698,0.0002927015,0.00017450457,220,validation
0.9995497,3.2880424e-05,2.4566896e-06,0.00014599459,7.650536e-05,3.100396e-05,0.00011282557,4.8659276e-05,221,validation
0.9985428,0.00017345791,4.1202125e-06,0.00029710928,0.00021772791,0.00020534538,0.0003884476,0.00017105637,222,validation
7.339812e-05,0.0004049448,0.99680185,0.0010652805,0.00097321556,0.00021260095,0.0003080217,0.0001606623,223,validation
4.8898102e-05,0.0004051675,0.9968004,0.0011516034,0.00081955665,0.00024758323,0.00033798235,0.00018879901,224,validation
4.4824446e-06,0.9997998,5.9751997e-06,3.34447e-05,5.626899e-05,6.192028e-05,2.6910577e-05,1.1101555e-05,225,validation
4.040557e-05,0.00014667468,0.99827147,0.000653338,0.0005314807,9.2022536e-05,0.00018811502,7.644718e-05,226,validation
3.787461e-05,0.00020518962,0.9980422,0.0007961591,0.00047055888,0.00012429379,0.00022455862,9.923003e-05,227,validation
2.7446101e-06,3.2411224e-06,2.9455884e-07,3.943567e-06,1.1319772e-05,1.4589969e-05,0.99995077,1.3129914e-05,228,validation
7.766853e-05,0.00033476317,0.99687386,0.0012135274,0.00075061957,0.00022403963,0.00032841184,0.00019707538,229,validation
8.955118e-05,0.0003318088,0.99699795,0.0016431548,0.0004814716,0.00019059119,0.00020807376,5.7304063e-05,230,validation
6.144335e-06,4.1645108e-05,5.2722395e-08,5.487731e-05,3.0720534e-05,0.00013925339,2.5845216e-05,0.99970144,231,validation
7.425901e-05,0.0006098403,0.99563533,0.0018162593,0.000836467,0.00036165645,0.00039449328,0.0002716393,232,validation
1.234009e-05,8.381496e-05,0.9991591,0.00039281163,0.00020210241,4.9515053e-05,7.516736e-05,2.5236064e-05,233,validation
1.6240872e-06,1.379939e-06,1.251366e-07,2.4735882e-06,6.988347e-06,9.033862e-06,0.9999713,7.1946506e-06,234,validation
0.0013112676,0.0014969612,0.9888915,0.0036677916,0.0021488345,0.00057181815,0.0012267153,0.0006852415,235,validation
6.0455528e-05,0.00039407748,0.997154,0.0010685627,0.00063434575,0.00019372077,0.00032018754,0.00017455358,236,validation
3.190716e-05,0.0003587347,0.99759394,0.0010625264,0.00045128047,0.0001514938,0.00023561857,0.00011448438,237,validation
6.426008e-05,0.00021437192,0.99761164,0.0008985327,0.000810544,0.0001112812,0.00021439092,7.490636e-05,238,validation
2.0653793e-05,0.00011663615,0.9988158,0.00056160346,0.00024526977,7.311067e-05,0.000121020705,4.600916e-05,239,validation
0.9979672,0.00023980887,6.228081e-06,0.00032674774,0.00019555056,0.00015385548,0.0003690155,0.000741593,240,validation
0.000100538644,0.00050616526,0.9950342,0.0013118553,0.0013627606,0.00041329616,0.00062662427,0.0006445681,241,validation
2.3699471e-05,0.00016819093,0.9982381,0.0006768673,0.00043609022,0.00014327423,0.00019883407,0.000114938135,242,validation
1.755204e-05,0.0002151886,0.99843794,0.0005324212,0.00036065676,0.000118759584,0.0001738489,0.00014353174,243,validation
0.99875546,0.00012657061,5.3110894e-06,0.00027085832,0.00016150506,7.948205e-05,0.00016499513,0.00043598283,244,validation
4.4974178e-07,0.9998086,1.292022e-06,1.6407916e-05,3.3275897e-05,7.398015e-05,2.118326e-05,4.475755e-05,245,validation
0.00012885385,0.0011779526,0.9926676,0.0020411997,0.0015361054,0.00056675606,0.00085514056,0.0010264296,246,validation
0.99900407,6.6049084e-05,5.5878913e-06,0.0002033551,0.00014175155,4.4841327e-05,0.00019248226,0.0003419851,247,validation
9.322757e-06,9.23251e-06,2.9068133e-07,4.13996e-06,4.1800748e-05,4.9249516e-05,0.99977547,0.00011052909,248,validation
0.00019690528,0.0011633239,0.99113184,0.0020695084,0.0021152988,0.00067060645,0.0012306997,0.0014217503,249,validation
0.00010562238,0.00051600643,0.99531823,0.0014335864,0.0010790109,0.0003365861,0.000581552,0.00062945654,250,validation
0.00015108059,0.00068123837,0.994409,0.0016724009,0.0011146351,0.0003896435,0.0006718223,0.00091024075,251,validation
0.00012271921,0.0010552941,0.9932734,0.0017344649,0.0017012848,0.00048369766,0.000855494,0.00077371957,252,validation
0.00012131951,0.0004833866,0.995981,0.0016252587,0.00067951845,0.00025150526,0.00038825482,0.00046972567,253,validation
0.00017218268,0.00074184313,0.99295866,0.0019488345,0.00194024,0.00059749885,0.00073202595,0.00090869033,254,validation
0.00023315732,0.0014000306,0.9903972,0.0023633922,0.0023726793,0.0006983703,0.001072579,0.0014625707,255,validation
0.9987319,0.00015638901,7.020321e-06,0.0002467092,0.00014639486,7.771117e-05,0.00020554398,0.00042836514,256,validation
0.0052528884,0.0076877046,0.95184004,0.0054413383,0.010026955,0.0023601034,0.01371081,0.0036802017,257,validation
0.0001294986,0.000659906,0.9944411,0.0015338557,0.001411792,0.00039105615,0.0006850952,0.00074761896,258,validation
0.99889463,0.000105637984,5.8669943e-06,0.00022228222,0.00011912295,5.196578e-05,0.00013150522,0.0004690665,259,validation
0.99890864,0.00011115153,3.7841446e-06,0.00021588751,0.00012350564,6.422371e-05,0.00019337753,0.00037945615,260,validation
3.5109956e-06,8.871146e-05,5.4955007e-07,5.951197e-06,7.188534e-05,0.99884427,0.00014674205,0.00083838345,261,validation
0.9978683,0.00026144835,1.2072047e-05,0.00043633275,0.0002686634,0.00017924649,0.000332572,0.0006412832,262,validation
0.9990759,7.9234516e-05,5.1457428e-06,0.00019416117,0.00010189955,5.2017163e-05,0.00013195211,0.00035959083,263,validation
1.6186577e-05,0.00018438842,0.99853516,0.0004882777,0.00035196517,0.0001315132,0.00016260818,0.00012987174,264,validation
0.99907047,0.00011164743,2.9040893e-06,0.00018073444,9.6329946e-05,6.310216e-05,0.00014913557,0.00032569483,265,validation
3.2149783e-05,4.640009e-05,1.1792577e-05,0.9992405,9.471758e-05,1.0838643e-05,1.9819943e-05,0.00054378447,266,validation
5.742365e-05,0.00018111656,0.997658,0.0008104403,0.0005482963,0.00016821668,0.00029489683,0.00028149292,267,validation
0.0004970002,0.001080496,0.99000156,0.0027526503,0.0028994717,0.0005779578,0.0008100727,0.0013807912,268,validation
0.99865603,0.00012805923,9.597291e-06,0.0002781788,0.00017856562,8.103343e-05,0.00017652466,0.00049198477,269,validation
1.3254933e-06,1.5616246e-05,1.3166855e-06,2.6581295e-06,0.9998416,8.1706145e-05,2.5537314e-05,3.0245264e-05,270,validation
4.1413918e-05,0.00021853458,0.9979171,0.000759988,0.00043960472,0.00015946865,0.00027072933,0.00019322704,271,validation
0.00087615167,0.002526264,0.9821829,0.0042392705,0.0067434944,0.0009493029,0.001247684,0.0012349486,272,validation
9.532967e-05,0.0005358039,0.99530727,0.0012279274,0.0011834189,0.0003528492,0.0006950131,0.00060238317,273,validation
5.3277486e-06,8.097355e-06,3.8347534e-07,2.8815205e-06,2.3880364e-05,3.0016025e-05,0.9998895,3.991093e-05,274,validation
0.043346114,0.0021377206,0.9332916,0.008462639,0.0058398796,0.0012602627,0.0024880122,0.0031738023,275,validation
8.682067e-05,0.00022956962,0.9971066,0.0008971554,0.0007714229,0.00018044111,0.00035467112,0.0003733071,276,validation
5.7782955e-07,4.1179763e-05,8.86242e-08,1.5664853e-06,6.3664585e-05,0.9998437,3.257429e-05,1.6724367e-05,277,validation
0.9987759,0.00013995754,1.6079259e-05,0.0002888166,0.000135722,0.00011345299,0.00021269657,0.0003173982,278,validation
0.0003546126,0.0023360013,0.9865957,0.004420011,0.0020159993,0.0009262098,0.0013492245,0.0020022949,279,validation
1.4094983e-06,9.988675e-05,5.5405906e-07,3.880801e-06,8.61292e-05,0.9997329,4.927946e-05,2.5924704e-05,280,validation
0.00085871236,0.027601002,0.9536423,0.007404925,0.003128919,0.0025167156,0.0026883406,0.0021590271,281,validation
0.0034933728,0.002929989,0.97105026,0.007533267,0.005354102,0.0015129781,0.0027165413,0.005409517,282,validation
5.5707933e-05,2.3070497e-05,3.3789274e-05,0.9996731,2.6595924e-05,9.051448e-06,1.746117e-05,0.00016114414,283,validation
0.99839157,0.00014093092,8.597152e-06,0.0003052541,0.00018481626,0.00010445395,0.0002929193,0.00057148316,284,validation
0.9989592,0.00011084424,2.2717918e-06,0.00018491974,0.00011890024,7.520595e-05,0.00014529766,0.00040347027,285,validation
0.00026154943,0.0015306064,0.99092966,0.0027784472,0.001510977,0.0005630612,0.0009397119,0.0014860111,286,validation
0.9989894,0.00011731433,3.2617222e-06,0.00017345443,9.444549e-05,6.654424e-05,0.00016582386,0.0003896811,287,validation
0.99977285,8.453328e-06,4.176016e-07,6.81464e-05,2.4923887e-05,3.2104115e-05,6.311124e-05,3.0059615e-05,288,validation
6.854641e-05,0.00015400132,0.9973578,0.000910636,0.00078815373,0.00026603078,0.00031244167,0.00014227603,289,validation
0.9996898,1.2350366e-05,9.733621e-07,9.971255e-05,3.3897417e-05,3.983038e-05,8.94145e-05,3.4160214e-05,290,validation
0.0511574,0.9344456,0.00061995524,0.00186147,0.0047790073,0.0050267335,0.0016310998,0.00047880172,291,validation
0.00021682268,0.00029606372,0.79249173,0.0020419827,0.0021056721,0.0025372808,0.19976111,0.00054941507,292,validation
3.4131437e-05,7.315828e-05,0.99799454,0.0005677641,0.0007721047,0.00022851619,0.0002499145,7.9876256e-05,293,validation
3.777673e-05,0.00012752262,0.99809986,0.00061238155,0.000593216,0.00019002336,0.00024540996,9.381852e-05,294,validation
3.8430676e-06,6.5163454e-06,1.2919903e-08,2.0540947e-05,1.6952674e-05,6.568384e-05,1.9483587e-05,0.99986696,295,validation
0.00010105791,0.000353707,0.99579066,0.0014834774,0.0010256079,0.00046838328,0.0004570452,0.0003201092,296,validation
4.0587398e-05,0.00012279744,0.9976586,0.0007628314,0.0007542232,0.000260074,0.00027169753,0.00012905245,297,validation
0.9986206,6.231675e-05,5.9298432e-05,0.00040546435,0.00014525464,0.00017203548,0.0003507792,0.0001842402,298,validation
0.9994861,2.7781576e-05,1.1723314e-06,0.00011260341,5.6594803e-05,0.000101966,0.00015911202,5.4706237e-05,299,validation
5.7218575e-05,0.00011989519,0.9976005,0.00080089987,0.0006898156,0.00027192818,0.00030759597,0.00015211967,300,validation
0.9991811,4.4550954e-05,3.0276678e-06,0.00015496145,9.527979e-05,0.00014815986,0.00028730632,8.5693646e-05,301,validation
0.9997147,1.02703725e-05,1.1647022e-06,0.00010769321,3.6375393e-05,2.9139446e-05,6.1726576e-05,3.8946135e-05,302,validation
0.99895084,4.6498433e-05,7.535447e-06,0.00023276814,0.000117883326,0.00015610794,0.00037729877,0.000110975525,303,validation
0.00040544197,0.99764085,4.567375e-05,0.00018313127,0.00064659875,0.00067871885,0.0003054659,9.414877e-05,304,validation
0.029202884,0.004997297,0.85075545,0.016544715,0.071520984,0.01112314,0.010189034,0.0056664366,305,validation
0.99969137,8.988431e-06,9.763108e-07,9.4920135e-05,3.8432332e-05,2.9267852e-05,9.852226e-05,3.762061e-05,306,validation
0.00032553947,0.0012511514,0.9859232,0.0041555706,0.003554075,0.0022496714,0.0014308942,0.0011098841,307,validation
4.4882374e-05,0.00018721136,0.9969944,0.0011428704,0.0007906752,0.00035889912,0.00029625307,0.00018478041,308,validation
0.99960977,1.566312e-05,3.6364797e-06,0.000110497494,5.9700516e-05,4.073272e-05,0.00012562846,3.4396206e-05,309,validation
5.1283343e-05,0.00029813073,0.9962141,0.0011720418,0.0010748497,0.00049895304,0.00045944302,0.00023115489,310,validation
0.00016321513,0.00049172353,0.9945222,0.0019671728,0.0016326098,0.0005108658,0.00047569955,0.00023660378,311,validation
5.5933187e-06,0.9995443,6.60987e-06,8.783164e-05,7.5062286e-05,0.00018593798,5.4032553e-05,4.056279e-05,312,validation
2.9618754e-05,0.0001484678,0.9973972,0.00084442797,0.0008680884,0.00038576772,0.00021765177,0.000108792214,313,validation
3.0960906e-05,1.164456e-05,6.1482126e-08,5.4781136e-05,1.9511665e-05,0.00014131765,0.00012728848,0.99961436,314,validation
7.715077e-05,0.00019880534,0.996633,0.0011294278,0.00102606,0.0003782166,0.00035938216,0.00019796495,315,validation
6.8219056e-06,2.9138304e-05,0.99909604,0.00031258765,0.00037050003,0.00010282715,6.18328e-05,2.0339488e-05,316,validation
7.161782e-05,0.00054359325,0.99383247,0.001953312,0.0017393582,0.00089731603,0.0005335168,0.00042885862,317,validation
0.99982375,6.1981755e-06,3.135885e-07,4.9110717e-05,1.774672e-05,2.5481e-05,5.7427194e-05,2.0077092e-05,318,validation
0.9992888,4.4935074e-05,1.3404991e-06,0.00012468401,8.580626e-05,0.00017126779,0.0002241151,5.8966525e-05,319,validation
3.101479e-05,8.8131426e-05,0.9979279,0.00060556165,0.000727359,0.00027595035,0.00024547303,9.8680684e-05,320,validation
5.6100267e-05,7.301199e-05,0.998403,0.0006406292,0.0004821492,0.00013895612,0.00015351833,5.264988e-05,321,validation
4.4171098e-05,0.0001869966,0.9971679,0.001380822,0.00049840135,0.0002602244,0.0002859118,0.00017564377,322,validation
4.4092448e-07,3.385617e-08,2.0498323e-09,1.5542265e-07,3.8493918e-06,3.63112e-05,0.99995863,5.6824246e-07,323,validation
4.4036202e-05,0.00010669366,0.99779654,0.0006624538,0.00078131293,0.000242246,0.00025768834,0.000109035864,324,validation
5.4175223e-05,0.0001263893,0.9975122,0.0007485563,0.0008492319,0.00026124436,0.00031480432,0.00013343999,325,validation
6.579009e-05,0.00019771475,0.9971529,0.0010393574,0.0007683178,0.00030185617,0.00030452874,0.00016942626,326,validation
3.7410133e-05,9.0838985e-05,0.9980623,0.00063040387,0.0007260607,0.00018728862,0.00018703032,7.866229e-05,327,validation
0.9991316,6.581819e-05,4.949157e-06,0.00016719494,0.00012912815,0.00018956061,0.00023864505,7.309008e-05,328,validation
2.9690402e-05,6.688768e-05,0.99817026,0.00053871924,0.0006501418,0.0002214795,0.00024115496,8.165822e-05,329,validation
6.552766e-06,4.656295e-06,1.2221e-08,2.6669546e-05,1.0140647e-05,3.3107077e-05,2.1948676e-05,0.9998969,330,validation
6.3621683e-06,0.99954045,7.954857e-06,8.720832e-05,7.321983e-05,0.00019018624,5.559689e-05,3.911838e-05,331,validation
9.538724e-06,6.2768927e-06,1.5952805e-08,4.3455613e-05,1.1688158e-05,2.2124603e-05,3.3497916e-05,0.9998734,332,validation
2.9953122e-05,4.101833e-05,0.9983909,0.00046967395,0.0006501791,0.00014960018,0.0002031208,6.5436114e-05,333,validation
5.1198855e-05,8.692921e-05,0.9980666,0.00074484415,0.0004906658,0.00021087598,0.00021663491,0.00013222346,334,validation
0.99959785,1.6157539e-05,6.082081e-07,9.316857e-05,3.1863285e-05,6.760959e-05,0.00014439166,4.8359012e-05,335,validation
0.9946845,0.000638646,7.235723e-05,0.001044666,0.00075595034,0.0007274557,0.0010043287,0.0010721799,336,validation
0.9958763,0.00034029808,6.0215156e-05,0.0009869185,0.0005292727,0.00047819383,0.00085943483,0.0008693103,337,validation
7.971798e-08,3.583399e-05,8.563643e-07,2.1016524e-06,0.0068828994,0.9930241,3.8700546e-05,1.536824e-05,338,validation
4.892954e-06,0.00012534931,0.9988079,0.00035723855,0.00037230982,0.000110033696,0.00012653368,9.5700736e-05,339,validation
5.3285767e-06,0.00019227788,0.99853444,0.00043490084,0.0003843596,0.00013721915,0.00017777878,0.00013364796,340,validation
0.99641293,0.0002817697,3.669942e-05,0.0007900736,0.0003703659,0.00039460245,0.00061840983,0.0010952395,341,validation
0.99222034,0.0005455744,0.0001441035,0.0014513922,0.00084798434,0.0019121552,0.0020503653,0.0008280382,342,validation
0.9919594,0.00060149626,0.00084494276,0.001810825,0.0010864199,0.0009995091,0.0013889098,0.001308474,343,validation
0.9818656,0.0035574788,0.0014248139,0.0025513903,0.0023691254,0.0021585207,0.0030012035,0.003071861,344,validation
3.954486e-06,8.0147955e-05,0.99906355,0.0003086411,0.00025086838,8.126683e-05,0.0001222825,8.928386e-05,345,validation
4.935164e-06,0.00012480703,0.9988049,0.00034152882,0.0003781045,0.000102807986,0.00013155525,0.00011129379,346,validation
2.692942e-07,0.9997569,9.090261e-06,3.4322227e-05,4.7660964e-05,8.23236e-05,2.4039879e-05,4.5468136e-05,347,validation
2.1076454e-07,8.0661e-06,7.0472255e-09,4.9239325e-06,1.3382721e-05,1.8019535e-05,3.0679357e-06,0.9999523,348,validation
0.9933595,0.000635137,0.00012368464,0.0012739693,0.00074992183,0.000951222,0.0012527755,0.0016537234,349,validation
8.5331486e-08,2.4662913e-05,2.8372142e-07,1.777446e-06,1.4131836e-05,0.9998927,9.816753e-06,5.6496843e-05,350,validation
4.665121e-06,9.5148454e-05,0.9990073,0.00029538438,0.00031574428,8.45333e-05,0.00011770675,7.9679776e-05,351,validation
0.9941771,0.00041184566,0.00015208189,0.0017733308,0.0010423944,0.0005368937,0.00083497516,0.0010713618,352,validation
0.99356526,0.000375763,0.00027418276,0.0015808706,0.0009864394,0.00041131576,0.0009853867,0.0018209057,353,validation
5.84118e-06,0.00018655632,0.9985404,0.00046430746,0.00036607348,0.00013992892,0.00014590839,0.00015098977,354,validation
7.1319954e-07,2.7699411e-06,1.2590166e-06,2.8813463e-06,1.916697e-05,5.130213e-05,0.9998977,2.406561e-05,355,validation
0.99725705,0.00024569783,2.4588122e-05,0.0006627521,0.00029799377,0.0004122944,0.000610543,0.0004889904,356,validation
0.9857082,0.00146182,0.0011528387,0.003294003,0.0021994656,0.0012354103,0.0021090205,0.002839332,357,validation
0.9837008,0.0017446816,0.00036313353,0.0023784002,0.0028463767,0.0018103416,0.004674281,0.0024819428,358,validation
6.601457e-05,0.9936706,5.1883766e-05,0.00015737444,0.0011303449,0.0027410544,0.0014942988,0.0006884441,359,validation
0.9941612,0.0006230361,6.7964786e-05,0.0011790254,0.00083194295,0.0009011165,0.0010907733,0.0011449192,360,validation
3.7064572e-06,5.8494028e-05,0.9990239,0.0002711746,0.00038562162,7.579167e-05,0.00010897069,7.2368595e-05,361,validation
0.989301,0.0011997435,0.0004827555,0.0018468294,0.0012617316,0.000893105,0.0018813681,0.0031334034,362,validation
6.4341143e-06,0.00015606119,0.9986669,0.00041245305,0.000326402,0.000113173366,0.00017383305,0.00014480729,363,validation
0.00018233407,0.00041017286,0.9960013,0.0013465189,0.0009844172,0.0002881382,0.00024356032,0.0005435478,364,validation
6.633874e-06,0.00021828411,0.9984687,0.00033998472,0.00054906606,0.00014037438,0.0001706419,0.000106208,365,validation
0.99363375,0.0007458012,5.349063e-05,0.0011439413,0.0008753241,0.0012131273,0.0013211984,0.0010132522,366,validation
3.5815713e-06,6.895451e-05,0.9993185,0.00023110275,0.00019239746,6.0788225e-05,6.48807e-05,5.9841448e-05,367,validation
5.8426167e-06,0.000120587836,0.99883837,0.0003423898,0.00035415098,9.591206e-05,0.00014113833,0.00010172338,368,validation
8.6166614e-07,9.054718e-05,0.0007882752,4.889632e-05,0.99732995,0.001542513,6.210831e-05,0.00013681635,369,validation
6.1134656e-06,8.972596e-06,2.3826846e-05,0.9998698,9.998292e-06,5.6905074e-06,6.253961e-06,6.930686e-05,370,validation
6.757056e-06,0.00022571957,0.9983583,0.00045976098,0.00041104178,0.00016989496,0.00017442954,0.00019398452,371,validation
1.1585563e-06,5.288176e-05,0.9995548,0.00016717821,0.00012222216,4.080645e-05,3.821494e-05,2.2700628e-05,372,validation
0.0128822895,0.00642289,0.9454647,0.010952441,0.010276309,0.0033572563,0.004087883,0.006556194,373,validation
0.98340476,0.0015261616,0.0011244658,0.0037553345,0.0022653418,0.0011774097,0.0021686237,0.004577847,374,validation
0.9911947,0.0008652521,0.0004719397,0.0018727066,0.0011133886,0.0008390739,0.0016182096,0.0020246236,375,validation
5.261369e-06,9.2682436e-05,0.9989893,0.0003712867,0.00030234546,6.9695474e-05,8.789714e-05,8.153636e-05,376,validation
0.0009811661,0.00065987755,0.99278545,0.0021226283,0.0019455671,0.00032605743,0.0006326629,0.0005465,377,validation
0.99498147,0.00041794687,0.0001306674,0.001296205,0.0007552251,0.0005226307,0.0009083143,0.0009875802,378,validation
2.873695e-06,4.4021825e-05,0.9994085,0.00019032476,0.00019096292,4.8116413e-05,7.106032e-05,4.4197575e-05,379,validation
2.4317098e-05,0.0001265318,0.9986987,0.0003456115,0.0005560239,6.359507e-05,0.00013290842,5.2266943e-05,380,validation
7.2217385e-06,0.015202438,1.0211263e-05,0.00014157916,0.00034622406,0.01896312,0.0003327195,0.96499646,381,validation
2.3008619e-05,0.00078543276,0.9956019,0.001140945,0.0007124476,0.00025213227,0.0010076225,0.00047642787,382,validation
3.5953576e-06,5.8782287e-05,0.9993142,0.00022777764,0.00019053817,5.9370806e-05,8.323202e-05,6.244006e-05,383,validation
5.552119e-06,0.0006902641,0.00020228812,0.00016814667,0.99629223,0.0017480452,0.00037211485,0.0005214418,384,validation
0.99648416,0.0002822078,9.56082e-05,0.0008896532,0.00042803327,0.00013795838,0.0008326238,0.0008497656,385,validation
1.2679256e-05,0.000265647,0.9986676,0.00054390624,0.00014539939,4.6351288e-05,0.0001921105,0.00012620307,386,validation
3.6304643e-06,0.00010853951,0.99927336,0.00033210937,8.455896e-05,2.5849378e-05,0.000115276336,5.6629557e-05,387,validation
4.493236e-06,0.000101431426,0.9992976,0.00031137036,0.000100219695,2.2226603e-05,0.00011344126,4.917924e-05,388,validation
1.4374955e-05,0.0078326985,0.00015628686,0.00041970055,0.0012885062,0.8433473,0.0013882894,0.14555284,389,validation
8.119597e-07,2.6630232e-05,0.99979407,0.00011918702,1.9958556e-05,4.8428756e-06,2.52937e-05,9.339661e-06,390,validation
0.99553066,0.0003970645,4.5633165e-05,0.0013160493,0.0003261325,0.00014416968,0.0010832276,0.001157158,391,validation
0.9969015,0.00026821758,2.38284e-05,0.0008919257,0.00017243896,0.000114358874,0.00077575847,0.0008520418,392,validation
0.9975683,0.00024814167,5.9084345e-05,0.00078118563,0.00018929128,9.61974e-05,0.0006361969,0.0004215171,393,validation
0.99555534,0.0002765803,4.7374746e-05,0.00094718684,0.00020809137,0.00015788179,0.0019257048,0.0008819492,394,validation
0.99209607,0.0008711042,0.00024016245,0.0018939514,0.0005243958,0.0003599676,0.002053426,0.0019609202,395,validation
3.4166926e-06,8.208748e-05,5.379169e-05,6.4226726e-05,0.99947304,0.00010240259,0.00015226791,6.875706e-05,396,validation
0.9949862,0.00079701474,0.00013357856,0.0010487806,0.00040452185,0.0002905293,0.0010989355,0.0012405532,397,validation
5.783076e-05,0.00030419312,0.99815935,0.00090118014,0.00018522775,5.6868463e-05,0.00021182642,0.00012346056,398,validation
3.9793254e-06,0.00011002438,0.9993579,0.00029951739,6.805831e-05,1.8000032e-05,9.669716e-05,4.578667e-05,399,validation
3.3965769e-06,0.00030730144,1.0927258e-05,2.6443651e-05,4.578536e-05,0.99939406,0.00014960745,6.254787e-05,400,validation
1.3198736e-06,2.6783984e-05,0.9996784,0.0002067324,2.1727807e-05,6.485107e-06,4.6025318e-05,1.26970035e-05,401,validation
8.5832494e-07,2.891786e-05,0.9997774,0.00012860235,2.2139111e-05,5.2829787e-06,2.7220794e-05,9.675035e-06,402,validation
8.120469e-06,0.00020351497,0.99858785,0.00067029573,0.00039449567,3.262553e-05,7.352486e-05,2.9566092e-05,403,validation
3.995118e-06,0.00015882391,0.9992532,0.00031690064,6.3288804e-05,2.2179202e-05,0.000116064606,6.556469e-05,404,validation
4.2240727e-06,0.00016863411,4.4490458e-05,7.592306e-05,0.9993357,7.9255275e-05,0.00015727349,0.00013450852,405,validation
0.9980683,0.00013375805,3.4828012e-05,0.00062711973,0.00012850671,6.591998e-05,0.00044981332,0.0004918521,406,validation
4.5962124e-06,0.00018194322,0.99913496,0.00040748296,8.759679e-05,2.5855832e-05,9.695276e-05,6.0632614e-05,407,validation
0.9980477,0.00014079682,4.4218796e-05,0.0007300507,0.00015095659,5.6723937e-05,0.00036301068,0.00046652122,408,validation
2.0054578e-05,0.00039911657,0.99799335,0.0009261848,0.00015650914,4.9490784e-05,0.00024713433,0.00020826362,409,validation
0.9982193,0.00013811995,3.1500174e-05,0.00064966886,0.00013076684,7.301171e-05,0.00046621932,0.00029128467,410,validation
3.8935245e-06,8.804213e-05,0.99934024,0.0003264835,7.19646e-05,1.8591463e-05,9.715615e-05,5.354891e-05,411,validation
4.854591e-06,0.0001108093,0.9992884,0.00032075876,7.2652845e-05,2.0490585e-05,0.00012719697,5.4818393e-05,412,validation
0.995203,0.00080252765,0.0002126153,0.001111416,0.00037417703,0.00025935326,0.0013594291,0.0006774388,413,validation
4.7392778e-06,0.00010297229,0.999278,0.00037072497,7.538573e-05,2.0414984e-05,9.77638e-05,4.9972637e-05,414,validation
0.99767154,0.00014308603,2.7062695e-05,0.0007931175,0.00014075005,5.061264e-05,0.0005191577,0.00065473275,415,validation
1.2395788e-05,0.00018376,7.903178e-05,0.00014101938,0.9990707,0.000103103615,0.00026519824,0.00014482193,416,validation
0.9971917,0.00020668498,3.338597e-05,0.0009021553,0.00017046186,8.117291e-05,0.0005351764,0.00087929034,417,validation
0.9971475,0.00022286455,3.2090305e-05,0.0008720659,0.00018878948,8.7416964e-05,0.0006641927,0.0007850011,418,validation
4.222654e-06,0.00013848065,0.9993507,0.00029349196,6.0690145e-05,1.5753005e-05,9.067979e-05,4.5937937e-05,419,validation
0.9966788,0.00029994966,4.2476844e-05,0.0010112914,0.00024355383,0.00014116438,0.0008185389,0.0007642275,420,validation
4.6713704e-09,0.99998176,4.0750365e-07,6.5323507e-06,2.9175513e-07,5.899419e-07,8.536187e-06,1.8708841e-06,421,validation
1.5801812e-06,0.00032481243,3.9746137e-06,1.629234e-05,8.9601395e-05,0.9994186,7.519269e-05,7.001568e-05,422,validation
3.530235e-06,7.808346e-05,0.99945253,0.00025483948,5.8551843e-05,1.6625892e-05,9.671074e-05,3.9145314e-05,423,validation
5.5267624e-06,0.0001235239,0.9992298,0.00034194908,9.112504e-05,2.4147806e-05,0.00012484667,5.9118218e-05,424,validation
3.2902535e-06,0.00011855954,0.9993118,0.00030283935,7.463486e-05,2.3752196e-05,0.00011025174,5.490847e-05,425,validation
8.7370466e-07,2.0147192e-05,3.0219933e-08,5.2610925e-05,1.9575964e-06,5.7710395e-06,2.54545e-05,0.9998932,426,validation
3.4186945e-05,0.00035136202,0.998142,0.0007695883,0.00022214929,5.333531e-05,0.00028333312,0.0001441386,427,validation
1.4692613e-06,5.154598e-05,0.99963963,0.00020346063,3.225247e-05,1.0562713e-05,4.4063763e-05,1.7005226e-05,428,validation
2.6706396e-06,6.839084e-05,0.9994702,0.00026358658,6.0423812e-05,1.6066959e-05,7.951003e-05,3.9235445e-05,429,validation
0.6846121,0.045693506,0.11601934,0.023390459,0.03583172,0.0368019,0.041744523,0.0159065,430,validation
3.643891e-06,8.426407e-05,0.9994399,0.0002725512,5.745587e-05,1.5534142e-05,8.748308e-05,3.9124443e-05,431,validation
4.085398e-06,2.592567e-05,0.99970067,4.3482592e-05,8.30558e-05,1.8143206e-05,9.748052e-05,2.721606e-05,432,validation
1.693479e-05,3.4707562e-05,4.6600817e-07,9.12656e-06,3.0511095e-05,5.5193428e-05,4.496168e-05,0.99980813,433,validation
1.860452e-05,0.9984686,0.00012969167,8.205146e-05,0.00034878054,0.00018413927,0.00047678855,0.00029135466,434,validation
1.1321236e-05,4.6327288e-05,0.9993773,7.922396e-05,0.00019222042,3.123971e-05,0.00019936971,6.311967e-05,435,validation
5.3018857e-06,2.5553238e-05,0.9996897,3.8299713e-05,9.181194e-05,1.765796e-05,0.000104876235,2.683801e-05,436,validation
3.6771237e-06,2.095143e-05,0.99972755,3.8307226e-05,7.468421e-05,1.630935e-05,9.601329e-05,2.2372767e-05,437,validation
1.2825768e-05,7.044499e-05,0.9991984,0.000103253275,0.00018490564,4.419216e-05,0.0002874768,9.8563876e-05,438,validation
8.450511e-05,0.99849224,0.00017971094,7.758516e-05,0.00034555787,0.0002561479,0.00043158437,0.00013260206,439,validation
0.0066481996,0.0027300061,0.012858666,0.96612275,0.002382712,0.003219629,0.0018730036,0.0041650296,440,validation
0.00033236307,0.0010116714,0.5095685,0.0009421998,0.48051527,0.0038520964,0.0034260664,0.00035175768,441,validation
3.0379551e-06,2.3233697e-05,0.9997613,3.577219e-05,5.757814e-05,1.5162073e-05,8.1414604e-05,2.2538958e-05,442,validation
1.6910833e-05,8.240499e-05,0.99907,0.00012192381,0.00026919457,5.1813568e-05,0.0002925484,9.531545e-05,443,validation
2.9776506e-06,1.9098201e-05,0.9997471,3.8166596e-05,6.090199e-05,1.6058802e-05,9.209275e-05,2.3608018e-05,444,validation
2.5499272e-05,0.00027429938,0.9982712,0.0002489349,0.0002590442,0.00010028743,0.00059344916,0.00022725106,445,validation
0.05311446,0.011023331,0.2663031,0.011312325,0.47553504,0.088291205,0.053511463,0.04090909,446,validation
2.9081342e-05,8.467346e-05,0.99889225,0.00014204081,0.00033932837,5.6733177e-05,0.00035397138,0.00010192542,447,validation
0.9988337,0.00012258488,1.6413065e-05,0.00012882057,0.00014466389,0.00014690403,0.00042645136,0.00018043916,448,validation
0.9976801,0.00024883804,4.7849306e-05,0.00024033875,0.00026813717,0.00024155107,0.0008498103,0.00042325928,449,validation
3.168993e-06,1.1627833e-05,5.015022e-05,4.2171578e-06,0.9994721,0.00021630882,0.00018998525,5.253824e-05,450,validation
3.848529e-06,2.0624962e-05,4.259684e-05,4.7531507e-06,0.999666,0.00010085003,0.00012505718,3.6269503e-05,451,validation
0.99743843,0.00030203073,7.770147e-05,0.00023014151,0.0003211126,0.0002778338,0.00093442766,0.0004182841,452,validation
4.9475057e-06,4.81135e-05,2.2531308e-06,2.8722418e-06,0.00013358082,0.99942625,0.00027729713,0.00010466416,453,validation
0.99821943,0.00019949893,4.037323e-05,0.00020877781,0.00022016028,0.00021248098,0.0006332434,0.0002659774,454,validation
0.9977658,0.00028096116,0.000111542795,0.00026063208,0.00034137204,0.00015942456,0.0005193196,0.0005609104,455,validation
0.0038197755,0.00064088765,0.005275585,0.986233,0.0009254469,0.00030817385,0.0007688225,0.0020284082,456,validation
6.496677e-06,4.2942444e-05,0.9995365,6.670817e-05,0.00012885492,3.184684e-05,0.00014409544,4.2542037e-05,457,validation
2.6931653e-05,0.9976719,0.0004229072,0.00013533287,0.00041590954,0.0004894755,0.0005133131,0.0003242281,458,validation
0.0006992615,0.031815715,0.186319,0.0052456367,0.027481195,0.700317,0.015820434,0.032301795,459,validation
1.4185036e-05,6.647629e-05,0.9992693,0.000101066165,0.00017206828,4.616414e-05,0.00022989954,0.0001007289,460,validation
2.5182488e-05,9.37203e-05,0.99903286,0.00014407159,0.00016814658,5.256029e-05,0.00040487497,7.8626974e-05,461,validation
0.9948605,0.00044339892,0.00030712553,0.00043659518,0.0007970014,0.0003519793,0.0015780267,0.0012254358,462,validation
0.9951265,0.00042483007,0.0008080169,0.00056705,0.0005143528,0.00025742291,0.0011924896,0.0011092505,463,validation
1.1843937e-05,7.216034e-05,7.116857e-06,4.752931e-06,0.00010911869,0.999106,0.00051135436,0.00017762068,464,validation
1.546278e-05,7.245791e-05,0.99914134,0.00011564791,0.00024432634,5.105723e-05,0.00025727737,0.0001024489,465,validation
7.927145e-05,0.00042052838,0.0005001479,6.905414e-05,0.9405409,0.05446172,0.0028616525,0.0010667369,466,validation
0.99769235,0.00026153363,4.5367276e-05,0.00021711386,0.00025290973,0.00025954243,0.0007887644,0.0004825525,467,validation
3.515758e-06,1.672232e-05,2.289665e-05,5.3863964e-06,0.99973375,5.6515826e-05,0.00012191689,3.925238e-05,468,validation
0.9381595,0.00026795347,0.0004115251,0.0003906758,0.00081670046,0.0012537682,0.058218617,0.0004810892,469,validation
1.3717704e-05,8.837288e-05,0.9991762,0.000104677216,0.000189818,4.8331425e-05,0.00027865276,0.000100241734,470,validation
0.9983222,0.00015924002,7.976035e-05,0.00022493117,0.00024865434,0.00013753057,0.0005489578,0.00027880436,471,validation
4.1289997e-05,0.0003038948,0.9981852,0.00027845416,0.00040294667,9.768939e-05,0.00051354023,0.00017692335,472,validation
0.0047551943,0.0006563304,0.005853679,0.9833401,0.0010559759,0.00038008898,0.0010443599,0.0029142532,473,validation
8.563357e-06,3.726307e-05,0.99941754,6.8419984e-05,0.0001867535,3.5284644e-05,0.00018411769,6.2120016e-05,474,validation
0.98509336,0.0009274792,0.0004919338,0.0007390681,0.0013415966,0.00063809607,0.003348142,0.007420339,475,validation
1.4965133e-05,5.5524004e-05,0.9991959,9.4012226e-05,0.00022591042,4.1403684e-05,0.00028287564,8.943699e-05,476,validation
3.3965239e-06,2.5272751e-05,0.9997141,4.359462e-05,7.852661e-05,1.8983354e-05,9.216984e-05,2.4006982e-05,477,validation
0.114534155,0.0037132462,0.855129,0.003930479,0.007666526,0.0016180958,0.0078102304,0.005598302,478,validation
0.9872348,0.0012704871,0.0043400647,0.0011605857,0.0010972006,0.0006798887,0.0026470108,0.0015699018,479,validation
2.0835907e-05,0.00020025577,0.99908173,0.0004834426,0.00010448919,2.86174e-05,6.323553e-05,1.7351422e-05,480,validation
0.0020028239,0.0017198669,0.00012040627,0.0018265971,0.0004301351,0.0018206309,0.0016870594,0.99039257,481,validation
5.043763e-06,5.8172704e-05,0.99966526,0.00018633239,4.3443004e-05,1.1450985e-05,2.515792e-05,5.180591e-06,482,validation
3.903716e-06,4.478107e-05,0.9997141,0.00016747344,3.340495e-05,9.6080375e-06,2.2153527e-05,4.597728e-06,483,validation
3.448172e-05,0.0012943392,8.977326e-05,7.448948e-05,0.00038444626,0.9977981,0.0002543737,7.006634e-05,484,validation
0.0007475502,0.0008113539,0.99521196,0.0019625744,0.0005838632,0.00025098678,0.00029278616,0.00013898067,485,validation
1.9566993e-05,4.4052573e-05,1.2278763e-05,3.2550895e-05,1.3301108e-05,2.222337e-05,0.9998367,1.9313744e-05,486,validation
0.99886334,0.00019984209,2.9295281e-05,0.00040391972,0.00011032372,9.302122e-05,0.00024126717,5.8996193e-05,487,validation
0.9982497,0.0003080584,8.493715e-05,0.0005897511,0.00019566431,0.000105893465,0.00032878324,0.0001371175,488,validation
2.3468167e-06,3.4528442e-05,0.99979144,0.000118085176,2.9399585e-05,7.0444767e-06,1.4518348e-05,2.6573523e-06,489,validation
0.99901927,0.00013719416,3.170566e-05,0.0004302399,9.6892e-05,5.4024415e-05,0.00016933835,6.128287e-05,490,validation
4.807551e-06,5.036505e-05,0.9996934,0.00015800475,5.333055e-05,1.1111867e-05,2.4408568e-05,4.567229e-06,491,validation
0.0005310463,0.00050322583,0.99697804,0.0012074207,0.00038939607,0.00010776879,0.00021710391,6.596526e-05,492,validation
0.9976667,0.000207927,0.00037615633,0.00095559895,0.0001883652,0.00010335361,0.00041887027,8.294399e-05,493,validation
0.9937989,0.0008040434,0.0017920395,0.0017915807,0.000559775,0.0002442106,0.0007820229,0.00022735464,494,validation
2.136383e-05,0.00010796519,0.99929607,0.00041941713,8.638031e-05,1.7375214e-05,3.83597e-05,1.3116163e-05,495,validation
2.4630694e-05,0.00035643758,0.0003463287,0.00011648833,0.998716,0.00026693396,0.00012669433,4.653638e-05,496,validation
2.1289043e-06,2.4445853e-05,0.99981314,0.000111946945,2.6702915e-05,5.956044e-06,1.3517661e-05,2.190164e-06,497,validation
1.2135225e-05,8.3348015e-05,0.9994802,0.00025594424,9.043709e-05,1.9724861e-05,4.6665973e-05,1.1569204e-05,498,validation
1.1695594e-05,0.00012967599,0.9993356,0.0003139528,0.00010985878,2.6054335e-05,5.7366597e-05,1.5746024e-05,499,validation
9.268685e-06,0.000119167926,0.9994185,0.00028152563,8.542407e-05,2.2128543e-05,5.1219577e-05,1.2792359e-05,500,validation
1.7871254e-05,0.00015301169,0.99927527,0.00030524092,0.00014253882,2.88317e-05,6.1643805e-05,1.5564696e-05,501,validation
0.00068918103,0.0005033359,3.568585e-05,0.0029442362,0.00046770164,0.00026292616,0.00054774695,0.9945492,502,validation
0.99909425,0.00012376113,2.7237083e-05,0.00036206472,8.380408e-05,5.9984162e-05,0.00019790424,5.1035695e-05,503,validation
4.8020847e-06,5.6815254e-05,0.9996649,0.00018361697,4.850003e-05,1.2055079e-05,2.466108e-05,4.701571e-06,504,validation
0.99855846,0.0002738411,8.4697254e-05,0.0005065121,0.00016021905,8.245192e-05,0.00025340004,8.0402024e-05,505,validation
0.9989366,0.0001564661,5.086391e-05,0.00042686675,0.00011380948,6.879511e-05,0.00019085183,5.5652345e-05,506,validation
1.0988267e-06,4.3865322e-05,0.99980277,0.00010655142,2.445122e-05,7.391635e-06,1.1794408e-05,2.1516405e-06,507,validation
5.5777336e-06,0.00013821879,0.99933004,0.0003496844,8.5171014e-05,3.3379925e-05,5.2118092e-05,5.8345927e-06,508,validation
0.9989279,0.00012181897,8.508966e-05,0.00046858581,9.868457e-05,5.2079937e-05,0.00018279886,6.298609e-05,509,validation
5.4423354e-06,9.10113e-05,0.9994893,0.00031078566,4.2350144e-05,1.4186076e-05,3.8096325e-05,8.76625e-06,510,validation
1.3242282e-06,4.0337487e-05,0.9997812,0.00012665371,2.9160454e-05,7.0276697e-06,1.2223613e-05,2.0012667e-06,511,validation
6.459423e-05,0.00050488045,0.99834394,0.00064768794,0.00023603826,5.5349625e-05,0.000120706325,2.6794163e-05,512,validation
2.018922e-06,3.2738557e-05,0.9997937,0.00012212599,2.7280388e-05,6.785259e-06,1.2849503e-05,2.5078682e-06,513,validation
0.0005531906,0.0004586155,2.2113309e-05,0.0017400725,0.00016365801,0.00022475013,0.0010572962,0.9957802,514,validation
0.8615328,0.003746386,0.118767716,0.00799354,0.003689709,0.00077383075,0.0023297505,0.0011662337,515,validation
0.9962081,0.00049341226,0.00081317977,0.0011776753,0.00035915544,0.00013454293,0.00054099003,0.00027294265,516,validation
1.6134036e-05,0.0002249832,0.99906,0.00043156176,0.00012973335,3.564004e-05,8.0021266e-05,2.1978396e-05,517,validation
2.3133707e-06,2.7174347e-05,0.9998062,0.00011566352,2.45809e-05,5.975489e-06,1.5434278e-05,2.6887546e-06,518,validation
1.5261914e-05,0.0001524432,0.9992943,0.00030988638,0.00013033602,2.4286137e-05,5.8670845e-05,1.4798519e-05,519,validation
0.0004121983,0.0037431784,6.282179e-05,0.001374223,0.00041934164,0.002353531,0.00046795778,0.99116665,520,validation
0.99887186,0.00019169935,3.2170057e-05,0.00037482244,0.00013793937,9.172573e-05,0.00025050377,4.9246835e-05,521,validation
0.9988844,0.00019569667,3.8775463e-05,0.00044965633,0.00012726831,6.35819e-05,0.00019195769,4.8653743e-05,522,validation
3.342031e-05,0.00021950365,0.99887735,0.00049708696,0.000190432,3.616528e-05,0.0001223059,2.3732724e-05,523,validation
9.581108e-06,0.00039431622,2.9407349e-05,2.5524634e-05,0.00012887338,0.9993204,7.150107e-05,2.0517698e-05,524,validation
0.000175298,0.0005041858,1.1239412e-05,0.0007976359,0.00015929616,0.00029723198,0.00025776008,0.99779737,525,validation
1.1301552e-05,0.00020072523,0.99931085,0.00029772712,8.4616666e-05,2.2641345e-05,5.8482663e-05,1.3669845e-05,526,validation
1.5742411e-05,0.00020586648,0.99911004,0.0004052408,0.00012493557,3.3720265e-05,8.172552e-05,2.2742215e-05,527,validation
0.99859256,0.00017209382,7.920079e-05,0.00033157403,0.00016028751,0.00028641397,0.0003537309,2.4176565e-05,528,validation
6.1395776e-06,7.241456e-05,0.00019500982,2.0057736e-05,0.99925905,0.00041587057,2.8081935e-05,3.293037e-06,529,validation
6.1641695e-06,4.0311326e-05,0.999616,0.00013906247,0.0001399835,2.64128e-05,2.784482e-05,4.12032e-06,530,validation
0.9991948,9.9000645e-05,3.8768205e-05,0.00027132579,0.00013236333,9.156403e-05,0.00015741891,1.4854027e-05,531,validation
0.010326498,0.030657355,0.45750093,0.02352772,0.063166276,0.38167515,0.028343827,0.004802277,532,validation
5.474712e-06,4.6204892e-05,0.99966705,0.00014607345,7.978664e-05,2.4928973e-05,2.6376034e-05,4.1683506e-06,533,validation
2.4459614e-06,2.0624628e-05,0.99980706,9.1196554e-05,5.2270785e-05,1.3369042e-05,1.15731855e-05,1.4644766e-06,534,validation
0.0017648519,0.0013497961,0.0001225401,0.0022651162,0.0008279776,0.0019909695,0.0022896465,0.9893891,535,validation
0.9987299,0.0001355644,3.4591925e-05,0.00036320474,0.00015831862,0.0001574838,0.00037650368,4.4459797e-05,536,validation
7.1612644e-06,6.7027395e-05,0.99958307,0.00015360484,0.000117263204,3.1678508e-05,3.428116e-05,5.860633e-06,537,validation
5.32649e-06,3.6451438e-05,0.9996629,0.00013920407,0.00010521391,2.241572e-05,2.481627e-05,3.6696063e-06,538,validation
4.0149616e-06,3.379855e-05,0.99971205,0.00013608846,7.176811e-05,2.1261945e-05,1.846479e-05,2.5278302e-06,539,validation
0.99902654,0.0001175059,2.8104869e-05,0.00028350527,0.0001429089,0.00012881988,0.00024763544,2.5017402e-05,540,validation
0.0017442561,0.00018563517,0.9938269,0.0018889679,0.0016610558,0.00022217071,0.00038552162,8.544493e-05,541,validation
3.9642564e-06,2.7761082e-05,0.99972075,0.00011016777,9.518799e-05,2.0529522e-05,1.8728208e-05,2.8763288e-06,542,validation
1.3406324e-06,1.3989655e-05,0.99986863,6.925841e-05,2.9194314e-05,8.297463e-06,8.22509e-06,1.0804795e-06,543,validation
0.9991203,9.221899e-05,4.9259223e-05,0.00027981232,0.00013512759,0.00010269773,0.00020215452,1.832498e-05,544,validation
4.5047077e-06,4.9304243e-05,0.99965966,0.00014361818,8.7226195e-05,2.5862157e-05,2.5090667e-05,4.6543955e-06,545,validation
4.090174e-06,2.003698e-05,0.99976176,9.275021e-05,8.7161934e-05,1.5164684e-05,1.6738617e-05,2.3273103e-06,546,validation
0.9974644,0.00031015396,0.0004160382,0.0006328667,0.0003591947,0.00025992843,0.00048205486,7.5333504e-05,547,validation
0.99898964,0.00015583956,3.2831085e-05,0.00027330642,0.0001749907,0.00014584797,0.00019955996,2.8102222e-05,548,validation
6.8032573e-06,5.9663445e-05,0.00019863193,2.8347582e-05,0.99951696,0.00016008633,2.6017546e-05,3.5525616e-06,549,validation
7.003506e-06,0.9995223,0.00012834731,7.52828e-05,6.909122e-05,0.00016569064,2.835563e-05,3.843018e-06,550,validation
1.5948343e-06,1.613336e-05,0.9998511,6.573838e-05,4.6352216e-05,9.468399e-06,8.512052e-06,1.1270513e-06,551,validation
0.999172,0.00011858841,1.7449205e-05,0.00022921077,0.00013717497,0.00011943294,0.00018783007,1.8402423e-05,552,validation
0.0015031468,0.0018211144,0.00011404527,0.0032451563,0.0011303038,0.0013581878,0.0016377873,0.98919034,553,validation
0.99885213,0.0002075633,4.14808e-05,0.0002921548,0.00017482418,0.00019683226,0.00020571658,2.9298304e-05,554,validation
0.0007655385,0.0010858498,4.476712e-05,0.0020266944,0.00052478485,0.00065697776,0.00077988545,0.9941155,555,validation
8.45499e-06,0.00012031924,0.99916494,0.00035153283,0.00020940407,7.947839e-05,5.3421747e-05,1.2411259e-05,556,validation
5.2377695e-06,4.089269e-05,0.99964595,0.00013948396,0.00011629751,2.5477832e-05,2.2753831e-05,3.93804e-06,557,validation
1.432674e-06,1.4238686e-05,0.99984825,7.741886e-05,4.2841246e-05,7.864879e-06,7.0172446e-06,9.76871e-07,558,validation
0.9987478,0.00012413009,6.764081e-05,0.00042625368,0.0001994407,0.00012286904,0.00027298604,3.8877275e-05,559,validation
7.054653e-05,2.6275173e-05,4.1795003e-05,3.7934125e-05,5.299527e-05,0.0002586314,0.99949694,1.4773387e-05,560,validation
5.244217e-06,4.3256172e-05,0.99963164,0.00015856847,0.00010131555,3.0399679e-05,2.4575882e-05,5.0141753e-06,561,validation
0.9993629,8.592112e-05,1.6237116e-05,0.00022762285,9.933072e-05,7.4190306e-05,0.00011998359,1.3865961e-05,562,validation
0.9987218,0.00015532748,0.00013287195,0.0004164995,0.00022284909,0.00011894162,0.00018935281,4.243296e-05,563,validation
0.0007326866,0.0008761011,5.557401e-05,0.0022293904,0.0005213817,0.00057775597,0.00093891274,0.99406815,564,validation
0.0006351597,0.00087783387,8.466648e-05,0.0017260198,0.00071514724,0.001883799,0.0006926598,0.99338466,565,validation
2.8149423e-05,1.156446e-05,1.2216846e-05,1.8272967e-05,2.2232804e-05,8.0792364e-05,0.99981767,9.0808235e-06,566,validation
9.5290015e-06,6.962972e-05,0.9994985,0.0001836801,0.00015821685,3.5597925e-05,3.794156e-05,6.945149e-06,567,validation
3.4808145e-05,0.00067890104,0.00011727321,9.872418e-05,0.0008525817,0.9967648,0.0003974739,0.0010554413,568,validation
9.4893185e-06,5.3874694e-05,0.9995634,0.00015743166,0.00014878146,3.1092477e-05,3.069023e-05,5.207092e-06,569,validation
0.9968051,0.00044450097,0.0005418447,0.00083414826,0.00046146222,0.00027300775,0.0005245737,0.000115482726,570,validation
0.0014258667,0.001254609,7.9122925e-05,0.0029956491,0.0014714457,0.0019489205,0.0012772578,0.98954713,571,validation
1.1093588e-05,9.1475595e-05,0.99939764,0.00025402376,0.00016693656,3.9230243e-05,3.350376e-05,6.2027702e-06,572,validation
0.99920493,8.655895e-05,7.234251e-05,0.0002970232,0.00011591841,6.481878e-05,0.00013607559,2.2345019e-05,573,validation
4.37219e-06,3.179961e-05,0.99970394,0.00012536142,9.1202375e-05,1.9608946e-05,2.0428517e-05,3.2800194e-06,574,validation
8.268015e-06,7.232721e-05,0.99949586,0.00017250495,0.0001661448,4.005484e-05,3.855936e-05,6.2023037e-06,575,validation
3.7772454e-06,0.00012128563,0.99897194,0.00038706296,0.00021344797,4.533743e-05,0.00017152906,8.563512e-05,576,validation
1.9455304e-06,0.00013245911,0.9989428,0.00036522752,0.00014394641,5.0305927e-05,0.00027688217,8.645754e-05,577,validation
1.7199162e-09,1.074129e-06,6.8876544e-09,5.926063e-07,0.99998665,5.6387165e-07,7.308069e-06,3.8454596e-06,578,validation
0.99734205,0.000249494,7.72431e-06,0.0006134852,0.00024812703,0.00022871485,0.0006438222,0.00066655007,579,validation
0.9969806,0.00028570413,1.225093e-05,0.00078056904,0.00022837744,0.00021426266,0.0008386807,0.00065942004,580,validation
0.9895968,0.0007520425,0.0004567312,0.0025958496,0.0039536012,0.00042053725,0.0015793605,0.0006450704,581,validation
3.600518e-06,0.00015375415,0.9986053,0.000563222,0.000274828,6.817888e-05,0.00018997116,0.00014116475,582,validation
3.3067145e-06,0.00017351864,0.9986305,0.0005218585,0.00028782984,7.051859e-05,0.00018232768,0.00013002826,583,validation
3.998383e-06,0.00019511946,0.9985916,0.00057026884,0.00025348944,7.8178484e-05,0.0001687168,0.00013863343,584,validation
5.4342216e-08,3.101556e-05,3.4843353e-08,1.1016763e-06,6.3502866e-06,0.9999236,1.353621e-05,2.4320396e-05,585,validation
0.98703045,0.0009639705,0.0015736176,0.0031491383,0.001681422,0.000525476,0.0022979947,0.0027779895,586,validation
2.9423832e-06,0.0001662943,0.9988136,0.00048525998,0.00019499577,6.145712e-05,0.00016076255,0.00011469979,587,validation
0.9967354,0.00022023336,7.017003e-05,0.000898699,0.00046318784,0.00019311091,0.0007652321,0.0006539833,588,validation
0.9969103,0.00025460537,2.3385981e-05,0.00079161045,0.00030004192,0.00018673713,0.00066530844,0.0008679923,589,validation
2.5454856e-06,0.00016961216,0.9984907,0.0006063716,0.00030804198,9.534626e-05,0.00019507016,0.00013238452,590,validation
5.679997e-07,0.00038002655,1.0973092e-05,2.1637128e-05,0.002280119,0.9967803,0.00019529674,0.00033110898,591,validation
0.996802,0.00019349527,4.9295224e-05,0.0009218875,0.00036834273,0.00021358904,0.0009195602,0.00053192885,592,validation
5.23606e-06,0.00014543107,0.9987243,0.0004995293,0.00026361656,6.267817e-05,0.00017602768,0.00012308628,593,validation
4.660886e-06,0.0002657454,0.9978929,0.0011118012,0.0002216087,9.453149e-05,0.00020016155,0.00020855332,594,validation
0.994124,0.00040649687,0.0004478176,0.001775849,0.00074396003,0.0003624921,0.0010082865,0.0011310343,595,validation
0.99273694,0.00054121454,8.270274e-05,0.001525672,0.0005857505,0.0003559807,0.001491234,0.0026804113,596,validation
2.718792e-06,6.879895e-05,0.99910575,0.000379486,0.00019009774,3.819799e-05,0.00013444577,8.0412574e-05,597,validation
0.0026398022,0.0015975711,0.9862077,0.004143729,0.0024207954,0.0004151327,0.0013335552,0.001241759,598,validation
0.9900794,0.00088854594,0.00025981487,0.0022858782,0.001168356,0.00052229915,0.0019691382,0.0028266143,599,validation
1.2761827e-05,0.0004967615,0.99701226,0.0010722801,0.0005731978,0.00021423923,0.00041091704,0.0002076551,600,validation
1.9680201e-06,0.0001330828,0.99905485,0.0003780233,0.00017636761,5.0103812e-05,0.000120711564,8.491215e-05,601,validation
0.99770445,0.00013369629,1.681739e-05,0.0006696479,0.00023960424,0.0001445796,0.0005417484,0.00054941705,602,validation
1.9836493e-06,8.557426e-05,0.99913824,0.0003936508,0.00014606219,4.296809e-05,0.000111436726,7.995125e-05,603,validation
3.1740374e-06,9.274915e-05,0.99910116,0.00039812163,0.0001521484,4.0438536e-05,0.00012293103,8.935903e-05,604,validation
0.99553335,0.00030445048,1.6810296e-05,0.0010273057,0.00040018975,0.00038115133,0.0012811099,0.001055576,605,validation
1.8722167e-06,5.377508e-05,0.99936455,0.0002844989,0.0001214332,2.9183211e-05,8.995177e-05,5.4805583e-05,606,validation
1.778264e-05,0.0002163555,0.998372,0.0006889265,0.00023573377,7.186039e-05,0.00022362822,0.0001737055,607,validation
0.9965838,0.00024974626,2.3751574e-05,0.00082674436,0.00035821678,0.00021028337,0.00083756377,0.0009098587,608,validation
0.75465924,0.006308806,0.18794863,0.020059116,0.0070128567,0.0024531654,0.008829366,0.012728863,609,validation
1.52416e-06,6.1059414e-05,0.9993467,0.00025698176,0.0001382017,3.8075308e-05,0.000103827144,5.3561304e-05,610,validation
0.97670686,0.0013405777,0.00012941028,0.0025565997,0.0016028305,0.0006453068,0.004066287,0.012952146,611,validation
1.0240377e-08,0.99994993,8.9675876e-07,1.3626924e-05,4.022061e-06,7.287556e-06,1.0635161e-05,1.3584313e-05,612,validation
0.9972663,0.00022601841,9.743926e-06,0.0006622575,0.00046609258,0.00022056341,0.00067117333,0.0004778018,613,validation
1.2956165e-06,2.778882e-05,0.99952173,0.00029847093,5.627389e-05,1.3939396e-05,5.1722876e-05,2.8760345e-05,614,validation
6.2814856e-06,0.0001813656,0.9987184,0.00044174853,0.00037382264,4.4495762e-05,0.00016075383,7.319912e-05,615,validation
2.467628e-07,1.9696683e-05,0.9997862,0.00011988786,2.8758492e-05,9.175659e-06,2.4558663e-05,1.1567228e-05,616,validation
4.4994167e-07,2.0833417e-05,0.9997619,0.000129642,4.083745e-05,9.909541e-06,2.4824525e-05,1.1661927e-05,617,validation
3.061159e-06,4.1881984e-05,0.99923575,0.00037482096,0.00019697961,2.6668997e-05,8.0139296e-05,4.0668467e-05,618,validation
0.9705394,0.0011198252,0.004859507,0.006150959,0.0031601095,0.00105748,0.0060625486,0.007050162,619,validation
6.5008114e-09,0.99996805,2.6112923e-07,9.254107e-06,2.5940237e-06,2.8991515e-06,8.528811e-06,8.37937e-06,620,validation
1.2934504e-06,3.080385e-05,0.9995165,0.0002181646,0.00011648313,1.8594425e-05,6.212469e-05,3.6161233e-05,621,validation
3.5273253e-08,0.99990284,3.9662687e-06,2.214419e-05,7.811361e-06,1.4811712e-05,2.5735033e-05,2.2642706e-05,622,validation
1.2588545e-05,0.0002390599,0.99779487,0.0010142643,0.00031644266,9.115739e-05,0.00024779502,0.0002838736,623,validation
0.9989869,3.5253837e-05,1.9217027e-06,0.00019867111,9.8571305e-05,0.00011158552,0.0002897354,0.00027731512,624,validation
0.99919385,2.9165152e-05,1.0637061e-06,0.00012720567,8.290917e-05,9.5951415e-05,0.00019652629,0.00027329818,625,validation
1.5338197e-05,8.7759596e-05,0.99727017,0.00087873003,0.00061085774,0.00030822548,0.00045599844,0.00037284225,626,validation
5.7249334e-05,2.4986017e-05,0.9982015,0.0008069513,0.00051446556,0.00012708189,0.00015112924,0.000116617004,627,validation
0.9987601,4.21338e-05,5.611377e-06,0.00026514917,0.0001104911,9.3850234e-05,0.00022355326,0.00049913954,628,validation
0.9991448,2.8055358e-05,6.481287e-06,0.0002253401,0.00010945907,5.9264752e-05,0.00021246691,0.00021418517,629,validation
8.308433e-06,3.2354306e-05,0.9984999,0.000608261,0.0003460583,0.0001039739,0.00023918386,0.00016206695,630,validation
0.99926215,3.3890898e-05,2.1980777e-06,0.00015043191,7.623198e-05,7.86355e-05,0.00014404187,0.00025232878,631,validation
0.9986872,5.7276262e-05,1.239356e-05,0.00029843883,0.00012952782,0.0001536149,0.00023834674,0.0004231513,632,validation
1.588398e-05,5.0010654e-05,0.9981602,0.00071786565,0.0003508553,0.00016557517,0.0002885271,0.00025106737,633,validation
3.7232578e-06,2.0037267e-05,0.9992623,0.00031294455,0.00018046821,7.279312e-05,9.497681e-05,5.2852578e-05,634,validation
1.4729836e-05,8.14268e-05,0.9971257,0.00097587705,0.0006241034,0.00035505983,0.00037660706,0.0004465884,635,validation
9.544524e-07,0.9995454,3.988934e-06,5.6091496e-05,4.7632617e-05,0.00020008863,5.1902036e-05,9.397877e-05,636,validation
2.3434897e-05,6.1871164e-05,0.9965167,0.0012739238,0.00067345204,0.00019405353,0.00068850105,0.00056810386,637,validation
9.793755e-06,2.763358e-05,0.9982632,0.0005853509,0.0005020489,0.00014647386,0.0002999461,0.00016559653,638,validation
4.6756963e-05,6.255908e-05,0.9984736,0.000668288,0.00027189794,0.000108551256,0.00016191375,0.00020645095,639,validation
0.9991511,2.4539811e-05,1.4199484e-06,0.00011911696,0.00010667083,0.00010760027,0.00024878248,0.00024068115,640,validation
0.9975285,0.0001029967,8.7506705e-06,0.00033280195,0.00035060814,0.00031391333,0.00066753227,0.0006950068,641,validation
2.6623978e-10,7.322656e-09,1.8066978e-11,2.7937384e-09,4.2223614e-06,0.9999918,8.177541e-07,3.2672472e-06,642,validation
2.2740749e-05,0.00010877879,0.9970772,0.00095525023,0.0006798317,0.00027305237,0.00050107844,0.000382023,643,validation
2.4353121e-05,0.00014129652,0.9969613,0.0008858384,0.00078299525,0.0003544313,0.00044547892,0.0004043446,644,validation
9.4639785e-07,0.999483,6.1557416e-06,7.396721e-05,5.681239e-05,0.00021006809,5.7527322e-05,0.00011159453,645,validation
1.4009345e-05,7.720801e-05,0.9975255,0.000872013,0.00051787175,0.00026814063,0.0004008938,0.0003243391,646,validation
2.4961344e-05,7.8331424e-05,0.99676514,0.00097128085,0.0009203162,0.00031011304,0.00045573167,0.00047424537,647,validation
0.9989191,2.2483022e-05,1.4430173e-06,0.00023062847,0.00010456747,8.4387466e-05,0.0004116776,0.00022580351,648,validation
0.9984687,5.7041405e-05,8.158901e-06,0.00024411923,0.0001425833,0.00010022551,0.0002517253,0.0007274985,649,validation
1.5544181e-05,6.242776e-05,0.99752814,0.0009817814,0.00045992533,0.0002075942,0.00038478273,0.00035985076,650,validation
0.9980635,6.6587956e-05,6.7221827e-06,0.00031947164,0.00016531728,0.00018731401,0.0004992526,0.00069181586,651,validation
0.99885654,4.773262e-05,5.4154593e-06,0.00023212857,0.00011596212,0.00012597945,0.0002416736,0.00037460547,652,validation
0.996829,8.323219e-05,3.3290844e-06,0.00046932395,0.0002335469,0.00018404458,0.00083370943,0.0013639018,653,validation
3.256896e-06,2.022678e-05,0.9993042,0.00032511275,0.00013677051,7.204647e-05,8.638966e-05,5.207839e-05,654,validation
2.8735612e-05,0.00013473153,0.9969303,0.0008505486,0.0009893659,0.00025710688,0.00050802843,0.00030119703,655,validation
0.9989267,4.3743417e-05,2.703055e-06,0.00021532885,0.00012575675,0.00011218655,0.00024523248,0.00032839086,656,validation
1.87193e-05,9.00922e-05,0.9973431,0.0010078241,0.0005483828,0.00023618221,0.00041367626,0.00034205875,657,validation
1.3519828e-05,6.0366205e-05,0.9973999,0.00094865815,0.0005695983,0.00020827999,0.00045648092,0.0003432904,658,validation
1.4564053e-05,7.532928e-05,0.9982955,0.0006077898,0.00033966827,0.00024412389,0.0002102738,0.00021270216,659,validation
0.00012247336,0.0004144072,0.9898315,0.0021762734,0.0043575205,0.0011205033,0.0010945954,0.00088276283,660,validation
1.9009818e-05,0.00013561014,0.9968759,0.0011297165,0.0005811673,0.00034388967,0.00041225555,0.0005025379,661,validation
1.1424636e-05,2.7866841e-05,0.99827087,0.00056548073,0.0005327501,0.00013771538,0.00028307992,0.00017078781,662,validation
1.1318633e-05,7.220774e-05,0.9977773,0.0008664599,0.00052743836,0.00021466489,0.0002792492,0.00025145285,663,validation
1.8394783e-05,0.00015615385,0.99711716,0.0010404857,0.00046949164,0.0003171628,0.00040189835,0.00047923438,664,validation
0.00044147676,0.00020012313,0.99611276,0.0011423825,0.0008376267,0.0002759998,0.00052792416,0.00046173623,665,validation
0.00010537531,0.0005636863,0.9794868,0.002661442,0.01381112,0.001064428,0.0016865765,0.00062057615,666,validation
0.9984407,6.633894e-05,1.0974842e-05,0.0002604629,0.00017967526,0.00014413499,0.00031690818,0.00058070367,667,validation
5.092973e-07,0.99961615,2.7569267e-06,6.418932e-05,4.0156858e-05,0.00012831064,5.6479654e-05,9.1483125e-05,668,validation
2.036554e-05,8.6600245e-05,0.9975178,0.001096588,0.00036091538,0.00020124349,0.00027512157,0.00044135808,669,validation
1.9751238e-05,7.676031e-05,0.9973667,0.000979058,0.00052794616,0.00022483978,0.00042414927,0.00038074522,670,validation
1.1830714e-05,4.060482e-05,0.99819916,0.00067542464,0.0004165955,0.00015074699,0.00029626332,0.0002094374,671,validation
1.1217894e-05,0.00012332867,0.9985642,0.0007144424,0.00020594461,8.017997e-05,0.00017688556,0.00012392558,672,validation
0.9986411,5.7937134e-05,1.0700359e-05,0.00043698892,0.0001566642,8.1577695e-05,0.0002971873,0.0003178454,673,validation
0.99760795,0.00012895619,4.5391178e-05,0.00079520117,0.00031047623,0.0001508587,0.00050811644,0.0004530827,674,validation
0.00031507746,0.00041486812,0.9939991,0.0024051475,0.0010288995,0.00050277164,0.001092823,0.00024125272,675,validation
2.4297815e-05,0.00023254968,0.99764985,0.0008913223,0.0005062368,0.00015798988,0.0003060679,0.00023159446,676,validation
0.99782664,0.00015329676,1.5152171e-05,0.0005685344,0.00039815356,0.00019288422,0.00046938815,0.0003760296,677,validation
0.9984549,7.697895e-05,7.325812e-06,0.00041949694,0.00019652746,0.00010441298,0.00034192367,0.00039846596,678,validation
1.45921185e-05,0.00014338865,0.99831617,0.00062853156,0.00038565267,0.00010558769,0.00025263068,0.00015343692,679,validation
1.914677e-05,0.00030791567,0.99709177,0.0010561607,0.0007287421,0.00020564644,0.0003744741,0.00021616711,680,validation
9.028098e-06,0.00011200788,0.9986835,0.0005366374,0.0003369978,7.203997e-05,0.0001640064,8.562337e-05,681,validation
0.012879647,0.0008156673,0.9702159,0.005455877,0.006079347,0.0010136375,0.002065495,0.0014743637,682,validation
0.99414515,0.00045114523,0.0003993637,0.0017500225,0.0009799534,0.00046180064,0.000952265,0.0008602452,683,validation
9.446382e-05,0.00062392576,0.99506575,0.0016001901,0.001001745,0.00028732582,0.0007767507,0.00054990983,684,validation
0.6871356,0.003818239,0.23836501,0.016284324,0.03541401,0.0054323315,0.00854422,0.005006324,685,validation
0.9964132,0.00024692406,3.9308772e-05,0.0008798654,0.00055776746,0.0002969329,0.0008153571,0.0007507071,686,validation
0.9069189,0.004236111,0.040236857,0.012434319,0.011732771,0.0037980638,0.008793114,0.011849864,687,validation
7.845856e-06,7.42145e-05,0.9987674,0.0005268429,0.00030778252,7.0485825e-05,0.00015821453,8.718343e-05,688,validation
1.0298986e-05,0.00018618036,0.99816495,0.00064778986,0.00045184547,0.0001308559,0.00026064314,0.00014754424,689,validation
0.99830985,7.0625414e-05,1.969149e-05,0.00054411805,0.0002373165,0.000113912625,0.00042908094,0.0002754511,690,validation
5.18913e-06,6.5972396e-05,0.99907815,0.0003672838,0.00022710358,5.570351e-05,0.00013594032,6.478201e-05,691,validation
0.000121120764,0.99793184,0.00013123458,0.0002560598,0.00061452243,0.0005238411,0.00025136903,0.00017000646,692,validation
0.99773884,0.00016352172,1.6249487e-05,0.0006223721,0.00034328294,0.00022849359,0.0005059791,0.0003812774,693,validation
1.2424154e-07,1.5688942e-05,1.349688e-07,1.2122127e-06,0.00011899392,0.9998254,2.8528517e-05,9.9085455e-06,694,validation
1.9592148e-06,2.700955e-05,0.99957615,0.00020914711,9.05794e-05,2.4336025e-05,5.0892053e-05,1.9909061e-05,695,validation
6.455213e-06,7.413516e-05,0.998862,0.00045129683,0.00028995072,6.6526554e-05,0.0001680574,8.166051e-05,696,validation
5.1022023e-05,0.00018576442,0.9977156,0.0009654272,0.00047344322,0.00012083243,0.00026521765,0.00022261648,697,validation
3.2347814e-06,3.932957e-05,0.9993544,0.00028954586,0.00017026797,2.9466575e-05,7.773173e-05,3.607474e-05,698,validation
0.9971679,0.00017506181,1.073932e-05,0.000553746,0.00034484276,0.00024010542,0.0009170606,0.00059055316,699,validation
1.4372775e-05,0.0001632078,0.99817383,0.00076291064,0.00035370246,0.00011687163,0.00023398893,0.00018125477,700,validation
1.1274179e-05,0.00022856596,0.99791783,0.0008230765,0.0004402167,0.0001360082,0.0002627193,0.00018040821,701,validation
3.7603913e-05,0.00027520914,0.99731207,0.0009936863,0.000617569,0.00016883822,0.00034633544,0.00024869523,702,validation
0.9979699,8.212646e-05,1.4972037e-05,0.00059581554,0.00018424187,9.104105e-05,0.0003173638,0.0007443637,703,validation
6.838921e-06,0.000114785435,0.9988171,0.00048734984,0.00027540792,7.545378e-05,0.00014472647,7.854959e-05,704,validation
1.09243965e-05,0.000113653776,0.9981571,0.00083139027,0.0004912461,0.00011190039,0.00017304369,0.00011082159,705,validation
0.9973435,8.767102e-05,5.344772e-05,0.0009560878,0.00044974178,0.00012110143,0.0005336341,0.00045480567,706,validation
0.9977119,0.00014527673,1.1643098e-05,0.000625296,0.0002991667,0.00018103393,0.00055644073,0.0004693167,707,validation
1.56222e-05,0.00022307571,0.9977849,0.0008138864,0.0006066913,0.00012275422,0.00027066143,0.00016237603,708,validation
7.839291e-06,0.00012111647,0.9983961,0.00057150645,0.00043306558,0.000108668886,0.0002436612,0.00011803391,709,validation
1.3720651e-05,0.0001459398,0.99794894,0.0008612013,0.00040219407,0.00016995719,0.00024761143,0.00021053525,710,validation
8.498112e-06,0.00016703134,0.99823004,0.0007203635,0.000323707,0.00013116392,0.000256446,0.00016278874,711,validation
1.563905e-05,0.00014734839,0.9980385,0.0007458694,0.00047771615,0.0001370698,0.00026464876,0.00017326453,712,validation
7.33061e-06,0.0001550431,0.9985526,0.00074871804,0.00021815675,6.712038e-05,0.00014834326,0.00010266719,713,validation
2.3970624e-06,7.9925593e-07,7.033811e-08,2.9208647e-06,5.886993e-06,7.5761386e-06,0.9999728,7.5806706e-06,714,validation
7.4147742e-06,0.00016978069,0.998292,0.000846368,0.0001954089,9.4256866e-05,0.00023202748,0.00016276282,715,validation
1.246583e-07,2.2705235e-06,7.1198575e-10,1.0096697e-05,1.5779287e-06,1.3198128e-06,5.2637265e-06,0.9999794,716,validation
1.7227162e-06,3.0727566e-05,0.99954045,0.00021816941,0.00010807268,2.9229854e-05,5.103736e-05,2.0689191e-05,717,validation
6.5512445e-06,6.790135e-05,0.9989128,0.00045078725,0.00026183508,6.69829e-05,0.00015395104,7.9141624e-05,718,validation
0.998623,6.7632674e-05,5.9406257e-06,0.00038889717,0.0002063848,7.677341e-05,0.00030543786,0.00032584963,719,validation
0.99700207,0.00010610167,0.00015348081,0.0009783669,0.00037936616,0.00013761775,0.00059118285,0.00065188576,720,validation
1.2000459e-06,2.5496538e-05,3.1137301e-06,7.855153e-06,4.9383405e-05,0.99974567,0.00010043976,6.681804e-05,721,validation
0.9971826,0.00013062119,6.635361e-05,0.0009142832,0.00027663898,0.00020258497,0.00066812476,0.00055877474,722,validation
3.7458065e-07,3.8411345e-06,0.99987304,6.670029e-05,2.8889808e-05,7.765367e-06,1.2665648e-05,6.631798e-06,723,validation
2.279394e-06,3.324071e-05,0.99944896,0.0002058562,0.00013495256,4.2248634e-05,7.9554455e-05,5.287455e-05,724,validation
0.997341,0.000111310765,5.3143394e-05,0.0008398545,0.00026308402,0.00018578449,0.0006815415,0.0005242996,725,validation
0.99588096,0.00031645223,0.00018791402,0.0010067474,0.0004550513,0.00035207462,0.00110708,0.0006937781,726,validation
2.2144513e-06,4.485075e-06,2.0835039e-07,5.8778165e-05,1.1994237e-05,1.0571783e-05,3.1973286e-05,0.99987984,727,validation
3.1032616e-06,9.993796e-06,5.48466e-07,0.00017974044,1.6762591e-05,5.186145e-05,0.0042434386,0.9954945,728,validation
1.6106434e-06,1.29574755e-05,9.820814e-05,5.2062685e-05,0.9996213,0.00012716364,6.54377e-05,2.118495e-05,729,validation
2.3351174e-06,0.00014052569,0.00038239377,5.8783975e-05,0.9411947,0.057406347,0.00060522114,0.00020968581,730,validation
0.9973104,0.00010518117,0.00010202045,0.0008932047,0.00030585233,0.00017525323,0.0006559701,0.00045206526,731,validation
0.9940058,0.0002662493,0.00057741074,0.0019446585,0.0007969382,0.00033402568,0.0011060154,0.0009687593,732,validation
0.99685067,8.3669176e-05,0.00032301468,0.0011822409,0.0003005641,0.00012247085,0.00056292955,0.00057453074,733,validation
1.0166016e-05,0.99824667,0.00038504117,0.00036220683,0.0002716221,0.00032304655,0.00024594067,0.00015531742,734,validation
1.6669042e-05,4.446257e-05,0.99915695,0.00038949025,0.00018719064,4.408493e-05,9.836908e-05,6.2773885e-05,735,validation
0.004471523,0.90457207,0.06884463,0.005085826,0.007839053,0.0024543754,0.0053804703,0.0013520916,736,validation
2.0975256e-06,6.4099063e-06,0.9997631,0.00012694999,5.4548782e-05,1.18266935e-05,2.204918e-05,1.3073926e-05,737,validation
3.5857332e-07,4.3974132e-06,0.99986315,6.853155e-05,2.9276764e-05,8.733774e-06,1.6472108e-05,9.001325e-06,738,validation
2.0363896e-06,1.4486226e-05,0.99965656,0.00016105606,6.7192974e-05,2.16905e-05,4.7206242e-05,2.9763603e-05,739,validation
0.99596405,0.00015248432,0.00037075728,0.0012703567,0.0005146952,0.00020240516,0.0008541368,0.00067109254,740,validation
0.996797,0.00012281326,0.00023887685,0.0010715497,0.00041669406,0.0001788762,0.00069924054,0.00047487923,741,validation
2.8030854e-06,2.767079e-05,0.99946433,0.00019669218,0.00014908059,4.000742e-05,6.989426e-05,4.9455415e-05,742,validation
0.9954732,0.00020785703,0.00014671533,0.001307634,0.0005066664,0.00028660698,0.0010407125,0.0010305417,743,validation
1.4299992e-06,1.0855424e-05,0.9996076,0.00016637873,0.00010520319,2.5170557e-05,4.964364e-05,3.3702232e-05,744,validation
3.763837e-07,3.5289675e-06,0.999879,6.497791e-05,2.6757598e-05,6.893396e-06,1.2339304e-05,6.015991e-06,745,validation
0.99297684,0.0003222686,0.00068622775,0.0018807956,0.0008526952,0.00042737406,0.0015688798,0.0012848506,746,validation
1.8582782e-06,1.1683839e-05,0.9996412,0.00016533908,8.45559e-05,2.0313028e-05,4.60147e-05,2.9063207e-05,747,validation
1.4180101e-06,7.923717e-06,0.9997322,0.00013297643,5.8677357e-05,1.2362639e-05,3.2931843e-05,2.1579832e-05,748,validation
1.6274711e-05,5.080527e-05,0.9989513,0.000361806,0.00042062934,4.6214678e-05,0.00010005922,5.2875544e-05,749,validation
2.0717969e-06,2.3485703e-05,0.99947566,0.00025409402,9.824985e-05,2.8414968e-05,6.7986075e-05,4.9960887e-05,750,validation
0.9969892,0.0001282289,6.320819e-05,0.00087151333,0.00030728322,0.00018698182,0.0007498892,0.00070379156,751,validation
2.250082e-06,1.5488296e-05,0.99958366,0.00016914794,0.00010575018,2.5392488e-05,5.8177608e-05,4.0224004e-05,752,validation
1.1250826e-06,3.2530876e-05,3.5137732e-06,8.931166e-06,4.5135883e-05,0.99976987,7.409951e-05,6.488079e-05,753,validation
0.9966217,0.00014920866,7.433662e-05,0.0009299361,0.00030740644,0.00023292164,0.00088770076,0.0007967037,754,validation
1.3546769e-06,1.2917921e-05,0.9996358,0.00014940223,9.374584e-05,2.5906666e-05,4.777815e-05,3.309155e-05,755,validation
2.248786e-07,3.681799e-06,0.9998882,5.7413155e-05,2.4492283e-05,7.605416e-06,1.257798e-05,5.802627e-06,756,validation
0.9973845,0.000110838715,0.00011009191,0.00083030795,0.00025399463,0.00014890009,0.00045538644,0.0007060731,757,validation
2.6624748e-06,1.1466227e-05,0.99963737,0.00020702202,6.304164e-05,1.511932e-05,3.271406e-05,3.053176e-05,758,validation
1.08278655e-05,0.9976816,0.000436165,0.0004794796,0.00036488037,0.00037167835,0.00036691158,0.00028847737,759,validation
0.99083614,0.0006998905,0.00056422333,0.0017121084,0.0010595748,0.0012061768,0.00249238,0.0014293882,760,validation
1.2114293e-06,9.021603e-06,0.9997111,0.00013111823,7.138503e-05,1.6838923e-05,3.812317e-05,2.1154387e-05,761,validation
2.1286817e-06,1.2753298e-05,0.999597,0.00016764636,0.0001060646,2.3778786e-05,5.5170298e-05,3.5441506e-05,762,validation
8.223073e-07,1.0438953e-05,4.368287e-05,1.2689184e-05,0.99976605,9.011827e-05,5.4364937e-05,2.1775122e-05,763,validation
1.2492674e-06,1.00137495e-05,0.9996562,0.00014889122,9.273892e-05,2.222616e-05,4.2090964e-05,2.6558419e-05,764,validation
0.9973496,0.00012035749,8.313688e-05,0.0008271895,0.00031282162,0.00017362661,0.00055809686,0.0005751939,765,validation
3.6587012e-06,0.99873215,0.0001727271,0.00026075568,0.0001653826,0.00031735006,0.00017802422,0.00016987433,766,validation
0.99369484,0.00027453332,0.00013142842,0.0015565443,0.00058344257,0.0003194452,0.0015887566,0.0018509426,767,validation
4.0903906e-05,0.00033633737,0.9980775,0.00077942427,0.00024139347,0.00012793478,0.00028779285,0.00010863338,768,validation
6.2739296e-06,0.00011320176,0.9992766,0.00036721607,7.2624694e-05,4.1975225e-05,0.0001036498,1.858328e-05,769,validation
5.4855145e-06,0.00012340906,0.99935144,0.0003114198,6.9452566e-05,3.8601873e-05,7.877704e-05,2.142586e-05,770,validation
3.306874e-05,0.00031024838,0.9980459,0.0008969589,0.00020785948,0.00016496459,0.0002335256,0.00010744682,771,validation
1.8339399e-05,0.00011433837,0.99907625,0.00039601675,0.00011839682,5.0960123e-05,0.0001829884,4.2745338e-05,772,validation
3.282211e-05,0.00029958625,0.9980368,0.00083461887,0.00021337571,0.00013123287,0.00031161282,0.00014003158,773,validation
0.00039669816,0.02962771,0.15375021,0.008732555,0.5233601,0.26678535,0.0062903906,0.011057038,774,validation
3.4724835e-05,0.0003762692,0.99813205,0.00070654065,0.00026590744,0.00012240827,0.00026991128,9.22681e-05,775,validation
1.3089875e-05,3.7918733e-05,1.571424e-08,5.4188182e-05,4.8018487e-06,2.846001e-05,4.087125e-05,0.99982065,776,validation
2.3262646e-05,0.00018979369,0.99867475,0.00056835974,0.0001765901,8.740502e-05,0.0002147965,6.507517e-05,777,validation
0.00011569266,0.00045559,0.99720013,0.0012462683,0.00023500033,0.00018612247,0.00042257542,0.0001385997,778,validation
7.889732e-06,9.287715e-05,0.9993767,0.00032832925,6.2882136e-05,3.5781355e-05,7.648104e-05,1.9076364e-05,779,validation
5.5578144e-05,0.0006744256,0.9970788,0.0010573713,0.00033048115,0.00018931353,0.00044757788,0.00016638965,780,validation
0.9995109,3.4853147e-05,1.7390232e-06,0.00013069987,2.8461125e-05,5.8231486e-05,0.00019774241,3.737386e-05,781,validation
0.99952316,3.834241e-05,1.1743062e-06,0.00013397449,2.2390497e-05,6.4035325e-05,0.00017395754,4.2946336e-05,782,validation
0.9990202,8.61049e-05,7.644941e-06,0.00023658478,5.613184e-05,0.0001061915,0.00036646094,0.00012070876,783,validation
0.9994536,4.7236015e-05,2.6845223e-06,0.00015192147,3.1899606e-05,5.831946e-05,0.00019583097,5.8485213e-05,784,validation
4.4757486e-05,0.0006394229,1.8119521e-06,0.00036441805,4.7006244e-05,0.00030160023,0.00033246813,0.9982685,785,validation
2.6274187e-05,0.00037268133,6.088708e-05,9.666539e-05,0.9974369,0.0015829677,0.0003537713,6.983741e-05,786,validation
0.9980749,0.00026351752,3.4241977e-05,0.00040380147,0.00013067911,0.00026605406,0.0005904629,0.00023634377,787,validation
3.076887e-05,0.00043137808,5.1224484e-05,0.00016606788,0.9984206,0.0005801797,0.0001983537,0.000121366415,788,validation
0.0047631385,0.0032533433,0.98331416,0.0033481433,0.0018423958,0.00057936937,0.002113122,0.0007862159,789,validation
1.1660109e-05,0.000104257386,0.999201,0.00040489098,8.016631e-05,4.6262605e-05,0.00012370732,2.8066834e-05,790,validation
0.99931204,5.607701e-05,6.9040557e-06,0.00018868287,3.3215783e-05,8.2503764e-05,0.00025093963,6.965273e-05,791,validation
2.2280989e-05,0.00024238926,0.9985133,0.00058719213,0.00020282554,0.000102771686,0.0002581808,7.1123606e-05,792,validation
0.00013519426,0.0006471621,0.9968021,0.0015164283,0.00031771185,0.00015949173,0.0002962007,0.0001257292,793,validation
4.2776624e-06,4.6976387e-05,1.2189976e-08,5.8328733e-05,2.6543062e-06,4.1815903e-05,2.8447983e-05,0.99981755,794,validation
0.00028225314,0.000888554,0.995776,0.0013742846,0.0005431981,0.00027470978,0.0005833748,0.00027768622,795,validation
3.9811686e-05,0.0004800359,0.9979103,0.00082036515,0.00021878583,0.00013088256,0.00028144734,0.00011832611,796,validation
0.99932206,6.695637e-05,1.5503875e-06,0.0001592002,3.0150113e-05,0.000106866464,0.00024510967,6.806989e-05,797,validation
2.2475078e-05,0.0002735483,0.9985196,0.00065101153,0.00015110907,8.790584e-05,0.00022379334,7.062113e-05,798,validation
5.5802015e-05,0.00054153864,0.9968907,0.0013156529,0.00036841116,0.00021946877,0.0004275699,0.0001807761,799,validation
1.666117e-05,0.00013918227,0.99897754,0.00044450557,0.00014292356,7.0305614e-05,0.00016511399,4.3822012e-05,800,validation
6.681906e-07,1.038994e-06,6.453799e-08,1.3134215e-06,4.7206672e-07,3.1160384e-06,0.9999918,1.4684549e-06,801,validation
0.99950457,3.407876e-05,1.3241787e-06,0.00011962821,1.8321278e-05,6.746952e-05,0.0002125489,4.1978874e-05,802,validation
5.8435253e-05,0.0004054675,0.99784493,0.0007780145,0.00034160854,0.00013558024,0.00032863958,0.00010726477,803,validation
8.269873e-05,0.0008229595,0.9965502,0.0012089029,0.00039561398,0.00021607979,0.00050288375,0.00022064142,804,validation
0.99841416,0.00027515064,2.813343e-05,0.00029805463,0.00011130946,0.00022679231,0.0005294621,0.00011692731,805,validation
6.8799927e-06,9.760158e-05,0.999191,0.00049794634,4.557772e-05,3.1583324e-05,0.00010349652,2.5960959e-05,806,validation
1.7197945e-07,0.99995387,9.9497e-07,1.3479177e-05,2.5619086e-06,1.5154282e-05,8.210446e-06,5.635895e-06,807,validation
3.0076646e-05,0.00018465324,0.9986455,0.0005710272,0.00019319978,8.092816e-05,0.00022806675,6.642902e-05,808,validation
0.9992423,6.3111394e-05,3.942246e-06,0.00022767612,3.227755e-05,8.362966e-05,0.00026123345,8.587569e-05,809,validation
3.5339566e-05,0.0002707689,0.9983315,0.0007069653,0.00021116341,0.00010346381,0.00025158506,8.930178e-05,810,validation
0.37262836,0.010114947,0.53811556,0.016074013,0.007440512,0.023984138,0.02885076,0.0027917544,811,validation
0.99929583,6.8435664e-05,6.5759887e-06,0.00017541782,4.2940293e-05,0.000110423396,0.0002507741,4.969512e-05,812,validation
0.9995448,4.053868e-05,1.7515925e-06,0.00012622903,2.2099011e-05,5.46214e-05,0.00015625558,5.372024e-05,813,validation
3.61353e-05,0.00047975016,0.99762696,0.000966668,0.00027635638,0.0001665861,0.00031713708,0.00013031797,814,validation
0.99952734,4.362998e-05,1.1371465e-06,0.00011309473,2.4786226e-05,6.458506e-05,0.00017409303,5.1286646e-05,815,validation
1.6930992e-06,1.307877e-05,0.99950325,0.0001866036,0.00016828738,6.715724e-05,3.9544895e-05,2.0339648e-05,816,validation
6.904664e-06,4.6214163e-06,3.3476965e-08,4.319693e-05,3.889165e-05,3.0399799e-05,2.3047154e-05,0.9998529,817,validation
3.824742e-07,3.676484e-08,6.0523014e-08,7.717479e-07,9.506518e-06,2.4808924e-05,0.9999609,3.4142327e-06,818,validation
1.6085836e-05,4.0727162e-05,0.9985815,0.00047552414,0.0005238318,0.00012841006,0.00015438022,7.9404796e-05,819,validation
1.4452783e-05,7.8667545e-05,0.9982461,0.0006038608,0.0004986334,0.00020745317,0.00019686072,0.000154008,820,validation
0.0003699545,0.00039059823,0.98861605,0.0024511747,0.0040683183,0.0021440648,0.00092465925,0.0010351145,821,validation
4.963862e-06,2.0611147e-05,0.9990802,0.0003409528,0.000304939,0.00011154923,7.897391e-05,5.788698e-05,822,validation
5.7223683e-06,4.494075e-06,2.1858133e-08,1.2800194e-05,1.1311806e-05,0.00013363661,2.2605098e-05,0.99980944,823,validation
0.0012841676,0.00087199314,0.9854388,0.003400177,0.0047516064,0.0012615287,0.0015710515,0.0014205896,824,validation
1.2175533e-05,3.3177934e-05,0.9986627,0.000415391,0.000470216,0.00014113222,0.00016924401,9.592309e-05,825,validation
0.9988288,5.1120034e-05,2.980237e-06,0.00027747624,0.00013061629,0.00015885157,0.00034431915,0.00020578968,826,validation
3.3071976e-07,1.1819711e-06,9.168946e-07,2.4402814e-06,0.9999206,5.5594915e-05,1.396283e-05,4.9500904e-06,827,validation
5.2304786e-06,0.99927276,1.8062652e-05,0.00010036593,0.0001363016,0.00031045353,9.626761e-05,6.0553888e-05,828,validation
8.734296e-06,3.5168247e-05,0.9989279,0.0003915618,0.00029147006,0.00012446377,0.00014506452,7.566451e-05,829,validation
4.0465733e-05,0.0001672093,0.99719644,0.0008068772,0.0009099822,0.0003198822,0.00033286068,0.00022637901,830,validation
1.2853665e-05,6.64861e-05,0.9982003,0.00060867326,0.0005488178,0.0002213926,0.00019950957,0.00014192278,831,validation
0.99946386,1.309664e-05,2.20374e-06,0.0001575815,6.698426e-05,7.9660946e-05,0.00014702279,6.9732705e-05,832,validation
0.9977188,0.000103012324,5.847882e-05,0.0005678658,0.00032336722,0.00030435505,0.00048282032,0.00044132577,833,validation
5.3872067e-05,0.0003453375,0.99345917,0.0023489802,0.001629056,0.0010023845,0.00044582316,0.000715516,834,validation
7.1651826e-05,6.487318e-05,0.99756694,0.0009814054,0.0008326005,0.00021269555,0.00015131052,0.00011860676,835,validation
0.99793845,8.8879686e-05,4.5051096e-05,0.0005397071,0.00026364715,0.00023100138,0.00047127425,0.00042202414,836,validation
0.0017341763,0.00096696505,0.9878185,0.002768694,0.0035754105,0.0007984,0.001198718,0.0011391502,837,validation
1.850736e-06,1.7703674e-06,2.999066e-08,9.891809e-06,1.2679816e-05,0.00059462496,1.5840023e-05,0.99936336,838,validation
1.2754169e-05,7.19913e-05,0.99823534,0.0006663186,0.00049840036,0.00020745075,0.00016411002,0.00014363651,839,validation
9.656289e-06,4.3516313e-05,0.99851996,0.00045704827,0.000528012,0.0001816721,0.00017119707,8.8923676e-05,840,validation
0.99938846,2.2490969e-05,1.1567055e-06,0.00014693615,7.342805e-05,7.567493e-05,0.00015056432,0.00014121404,841,validation
0.9987178,5.4567518e-05,3.7804207e-06,0.00026711856,0.00013019276,0.00016020323,0.00039056526,0.00027576397,842,validation
0.9994161,2.5273797e-05,1.0057005e-06,0.00014842935,6.02257e-05,7.882107e-05,0.00015197112,0.00011815753,843,validation
4.015574e-06,0.9991486,1.4834442e-05,0.00011651767,0.00014023828,0.00040143527,8.337044e-05,9.0937596e-05,844,validation
8.245052e-06,0.9992269,1.914363e-05,0.0001362734,0.00015530501,0.00028812347,0.00010345682,6.254737e-05,845,validation
9.721961e-06,6.5534216e-05,0.99844307,0.00056200434,0.00043924162,0.00018851086,0.00017251086,0.00011942243,846,validation
0.99926955,1.9959027e-05,6.505592e-06,0.00022664852,8.6637396e-05,8.2416664e-05,0.00017779144,0.00013053865,847,validation
0.52248687,0.0062771207,0.36565807,0.033139214,0.019857103,0.0068653934,0.026335549,0.01938062,848,validation
1.01505175e-05,3.7082373e-05,0.9985448,0.00051335106,0.00047375873,0.00017305212,0.00014113332,0.00010670597,849,validation
3.760736e-05,0.00019202843,0.99706584,0.0010704766,0.0009196124,0.0002746284,0.00025184092,0.00018793979,850,validation
2.2251768e-06,1.0489937e-05,0.99954754,0.00019474399,0.00014398535,4.726393e-05,3.4610075e-05,1.9224502e-05,851,validation
1.3708461e-05,7.534845e-05,0.998145,0.00062456983,0.0006120417,0.0002154552,0.00018750876,0.0001263141,852,validation
0.9982438,0.00013113022,1.6752203e-05,0.0003686432,0.00029236023,0.00022218275,0.00035511085,0.00036997735,853,validation
3.1280135e-05,9.980924e-05,0.9976689,0.00086237106,0.0005446895,0.0002488507,0.00032925318,0.00021487096,854,validation
4.1398125e-06,2.291278e-05,0.99917847,0.00033371887,0.00025134056,0.00010336295,6.802027e-05,3.8056918e-05,855,validation
1.8343268e-05,5.129354e-05,0.9984602,0.00054263516,0.0004967375,0.00015561577,0.00016494746,0.0001102672,856,validation
0.9916448,0.00029560635,0.0016412633,0.002132784,0.0010290584,0.0008706062,0.0016892053,0.0006966813,857,validation
0.99950004,1.7062694e-05,9.394475e-07,0.00013353056,5.8586633e-05,6.329641e-05,0.00012357687,0.00010297052,858,validation
6.801733e-06,0.9990349,2.788575e-05,0.00018261299,0.00017481479,0.00035814292,0.000109239925,0.00010568406,859,validation
1.4065262e-06,1.2804472e-05,0.9996153,0.00017866897,0.00010104883,4.5765762e-05,3.0558615e-05,1.4430655e-05,860,validation
4.811753e-07,6.795622e-08,1.3870421e-07,1.8359077e-06,1.7473443e-05,4.1622396e-05,0.99993134,6.9927746e-06,861,validation
1.8924542e-05,0.00011991218,0.9970181,0.000885298,0.0011049315,0.00037880774,0.00024699737,0.00022700476,862,validation
2.5153997e-05,0.00011530555,0.99801207,0.00073667575,0.00052780233,0.00020575833,0.00021776414,0.00015946878,863,validation
5.1012976e-06,0.0006622779,6.1120772e-06,3.656215e-05,0.00023005021,0.99874806,5.913268e-05,0.00025260146,864,validation
4.001196e-05,2.7629683e-05,1.0075679e-05,4.1576986e-05,0.00013935454,6.862107e-05,0.99948347,0.0001892646,865,validation
7.33551e-06,7.076414e-05,0.9990971,0.0005469358,0.00017342035,2.718692e-05,3.3984656e-05,4.329018e-05,866,validation
6.0069947e-06,5.410752e-05,0.9992706,0.00044698946,0.00014038372,2.012885e-05,2.922946e-05,3.2563876e-05,867,validation
1.1560019e-05,0.00014866372,0.99859625,0.0007472709,0.0002772278,5.1809795e-05,5.982855e-05,0.00010737205,868,validation
2.2016395e-06,3.2637152e-05,0.9994697,0.00032397424,0.00012690088,1.183149e-05,1.38075575e-05,1.8860223e-05,869,validation
2.0012299e-06,2.4735862e-05,0.99961615,0.00024160472,8.175686e-05,9.492951e-06,1.0950605e-05,1.32000105e-05,870,validation
0.99708956,0.00041644325,2.313083e-05,0.0009009843,0.00051363785,0.00015898897,0.0003050695,0.000592257,871,validation
0.99731416,0.00032959093,6.2345716e-05,0.0007981446,0.0003645505,0.00013848447,0.0002662468,0.0007265079,872,validation
0.98998463,0.0009344429,0.000927684,0.0031634173,0.0014334103,0.0003365454,0.0007981197,0.0024216892,873,validation
5.5151604e-06,0.0020086002,0.0002369816,0.00022820683,0.002439128,0.99390984,0.00019739053,0.00097425276,874,validation
2.0913658e-06,7.398254e-06,1.9899772e-08,3.188975e-05,7.6026604e-06,1.5908588e-06,2.981484e-06,0.99994636,875,validation
7.36586e-06,9.240475e-05,0.99899274,0.00058943464,0.00016549787,2.9795512e-05,4.3141088e-05,7.962309e-05,876,validation
1.077769e-05,8.6176675e-05,0.9988979,0.0005856594,0.00026139605,3.3495537e-05,4.9514198e-05,7.496075e-05,877,validation
0.0034333132,0.025405541,0.9502615,0.006683422,0.008620798,0.0016856891,0.0016149706,0.002294874,878,validation
2.327002e-05,0.00012316908,0.99852365,0.0007260455,0.00038835572,4.259375e-05,6.22703e-05,0.00011074066,879,validation
4.8498317e-05,3.9167524e-05,3.6804937e-05,6.60704e-05,0.00013801795,9.1827606e-05,0.9993445,0.00023498049,880,validation
1.11793e-05,0.00017217021,0.99855965,0.00071559363,0.00032343116,4.6143934e-05,6.040459e-05,0.00011148771,881,validation
1.2529887e-05,0.000105555155,0.99887305,0.0005440443,0.0002800292,3.776254e-05,6.483261e-05,8.221561e-05,882,validation
0.99786973,0.00015835871,4.3670596e-05,0.00079415616,0.00033005487,6.5975415e-05,0.00019162067,0.0005463306,883,validation
0.998429,0.00013610629,2.1472677e-05,0.0006110309,0.00027684352,6.7069835e-05,0.0001364045,0.00032214253,884,validation
2.517361e-05,0.00028504865,0.99771154,0.0011503268,0.00043747807,7.79319e-05,0.00010444505,0.00020802044,885,validation
0.99825233,0.00016290855,2.5869085e-05,0.0006573403,0.0003179948,6.547522e-05,0.00015852826,0.00035950792,886,validation
4.453504e-05,0.0010191359,0.00023779798,0.00015880875,0.9749257,0.023082059,0.00022185089,0.0003101556,887,validation
0.71223545,0.007387735,0.2399052,0.014976754,0.013793042,0.0013484246,0.0026547625,0.007698685,888,validation
0.9986922,7.0640875e-05,2.4391727e-05,0.0005522565,0.0002100144,3.8411064e-05,9.6609525e-05,0.00031556195,889,validation
0.9970036,0.00045423768,2.6579926e-05,0.00094905973,0.00035266587,0.00020025474,0.00030893134,0.0007046514,890,validation
3.7401907e-05,0.0002165415,0.9983197,0.00094232213,0.0002961988,4.533428e-05,5.803283e-05,8.4467625e-05,891,validation
6.610812e-07,0.99977213,1.1247316e-05,6.4271255e-05,6.677024e-05,2.9188352e-05,1.5057579e-05,4.069961e-05,892,validation
5.1149455e-05,9.771382e-05,2.9533552e-05,0.000105295534,9.7750635e-05,0.00010868119,0.9991416,0.00036831034,893,validation
1.5354533e-05,0.00016927229,0.9984962,0.00073444785,0.0003363551,4.613088e-05,6.652497e-05,0.00013571208,894,validation
0.9916711,0.0006331354,0.00072088034,0.0029935676,0.0006615201,0.00017410675,0.0004069336,0.0027388514,895,validation
4.6488217e-06,5.8013014e-05,0.9993247,0.00041141882,0.00013651619,1.8528039e-05,2.6440226e-05,1.9716037e-05,896,validation
6.9461734e-05,0.0003161567,0.9975903,0.0012809313,0.00042088007,5.4039723e-05,0.00011268991,0.00015556667,897,validation
1.1671749e-06,0.00025208236,2.3026992e-06,1.2030822e-05,0.00038148247,0.9992493,2.7309097e-05,7.434505e-05,898,validation
2.3919963e-06,2.5456271e-05,0.99960333,0.0002566152,7.4500735e-05,9.6402055e-06,1.24412045e-05,1.5689824e-05,899,validation
5.3315223e-05,0.000283584,0.99742365,0.0015131601,0.0003469326,8.726656e-05,0.00011611048,0.00017592705,900,validation
1.1533263e-05,0.00010219235,0.9989222,0.000564468,0.00023453066,3.1360825e-05,5.1591578e-05,8.216901e-05,901,validation
6.719271e-07,0.9997137,1.0767951e-05,7.090174e-05,0.00010614671,2.4320672e-05,1.7805232e-05,5.5648918e-05,902,validation
1.0447518e-05,0.00011128429,0.99877304,0.0006364649,0.00027269762,3.941863e-05,5.449273e-05,0.000102116406,903,validation
1.0268592e-05,7.6873555e-05,0.9989343,0.00056444306,0.00027062252,2.818376e-05,4.785599e-05,6.732711e-05,904,validation
0.9975916,0.00025130084,4.9806255e-05,0.0007707966,0.0004907845,0.00010720451,0.00020938361,0.0005291647,905,validation
1.970897e-06,2.8517787e-05,0.99959034,0.0002456316,9.8647964e-05,1.0367378e-05,1.2092499e-05,1.2547987e-05,906,validation
0.00066291186,0.0005859018,0.99378866,0.0022402592,0.0015683733,0.00017343885,0.00040107203,0.00057951035,907,validation
0.9972946,0.0003272286,4.7201993e-05,0.0009365829,0.00049065455,0.0001283127,0.00027860186,0.00049683277,908,validation
0.99732673,0.0002658787,6.13572e-05,0.0008734775,0.00038539025,0.00010301516,0.00020953454,0.0007745522,909,validation
0.99385226,0.0007095186,0.00044644705,0.0017351101,0.0012887444,0.00022085205,0.00047985106,0.0012672351,910,validation
1.0150547e-05,9.694383e-05,0.99884003,0.00059873954,0.00028308088,3.5323832e-05,5.391663e-05,8.18133e-05,911,validation
0.9997749,7.0372694e-06,6.5961564e-07,7.632698e-05,1.2196882e-05,4.8168054e-06,5.2759897e-05,7.1403476e-05,912,validation
2.3380533e-05,3.9832703e-05,0.9990771,0.00044386002,0.0002002342,3.177094e-05,0.00013109007,5.2686435e-05,913,validation
0.00012981253,0.00027434152,0.9960318,0.0018349203,0.000685778,0.00015597245,0.00049883703,0.00038849004,914,validation
0.99979764,6.5752133e-06,4.0215386e-07,7.374231e-05,1.3344115e-05,4.563883e-06,5.226371e-05,5.1471547e-05,915,validation
7.4533805e-06,1.1249289e-05,3.0675462e-06,2.6022593e-05,0.99979967,1.8599338e-05,8.537788e-05,4.854077e-05,916,validation
0.00060313864,0.0005335124,0.99333185,0.0026444132,0.0011535698,0.00020067881,0.0009115976,0.0006213646,917,validation
0.00015296105,0.00035166784,0.995555,0.0015926858,0.0007761668,0.00020755893,0.0008283985,0.00053560996,918,validation
4.2898628e-05,8.142833e-05,0.9977598,0.0010080677,0.00046387815,9.200344e-05,0.00033342149,0.0002184795,919,validation
5.473682e-05,7.694889e-05,0.9980831,0.0007911681,0.0005171746,7.613695e-05,0.00026596696,0.00013480398,920,validation
0.9996736,8.347674e-06,3.82581e-07,8.046234e-05,1.6243635e-05,6.022636e-06,9.350616e-05,0.00012151049,921,validation
0.0031496168,0.00013708993,0.0003601061,0.0008830653,0.9928381,0.0006471135,0.0011830216,0.00080197846,922,validation
0.9997626,7.3397377e-06,1.5318196e-06,8.072576e-05,1.6324566e-05,5.537319e-06,5.9361148e-05,6.656869e-05,923,validation
0.0001639639,0.00021063602,0.996201,0.0013730505,0.00080787647,0.00014806137,0.00066667225,0.0004287989,924,validation
2.818477e-05,0.99900454,2.2241282e-05,0.00027905693,0.00015266039,9.398078e-05,0.00025718153,0.00016218751,925,validation
0.01428765,0.0012190075,0.9660651,0.006738933,0.0043253587,0.000672343,0.002883003,0.0038086176,926,validation
0.99966896,1.0727434e-05,1.0292272e-06,0.0001051653,1.7339215e-05,8.989026e-06,0.00010298498,8.471385e-05,927,validation
0.00053874025,0.00037781306,0.99450725,0.0020507663,0.0009597226,0.00015167258,0.0009450327,0.00046905904,928,validation
3.1576357e-05,0.0002211765,1.3429463e-05,5.6722107e-05,0.00028784058,0.9984144,0.00041137624,0.0005635425,929,validation
7.465378e-05,9.961448e-05,0.9978764,0.00079412357,0.0004531778,8.540458e-05,0.00043580335,0.00018075357,930,validation
0.99976546,3.7526165e-06,1.1668349e-06,0.00010438235,1.1941086e-05,3.5256905e-06,5.1114566e-05,5.861873e-05,931,validation
1.9647216e-05,3.0016627e-05,0.99920696,0.00041132644,0.00013863685,2.8815108e-05,0.00011517099,4.941143e-05,932,validation
7.229442e-05,0.0002438799,9.92756e-05,0.00021916801,0.029292565,0.96745056,0.0017404337,0.0008817457,933,validation
0.999742,7.6913075e-06,9.24112e-07,0.00010317604,1.4331496e-05,6.2329364e-06,6.109633e-05,6.4590924e-05,934,validation
7.851947e-05,0.99874926,7.754461e-05,0.00035984215,0.00017731749,0.000120006815,0.00029136374,0.00014615899,935,validation
0.0007572557,0.0003093846,0.9926311,0.0031758011,0.00105518,0.00021229954,0.0010553736,0.00080357195,936,validation
0.00042636917,0.00021235528,0.9960128,0.0017381451,0.00038137488,0.00010722804,0.0007415622,0.00038010333,937,validation
0.0003995743,0.00039673952,0.994584,0.0023014029,0.0007454608,0.00016815463,0.0007899874,0.00061455864,938,validation
4.7176807e-05,5.753248e-05,0.9985789,0.0006458051,0.00029986905,5.462506e-05,0.00020978521,0.00010640101,939,validation
0.00014664163,0.00014300854,0.9970343,0.0011553821,0.00051878055,0.000105721374,0.0005470283,0.00034914364,940,validation
0.99710196,0.00021574135,0.00044435298,0.00076023204,0.00059569406,0.00010807265,0.00042158834,0.00035226383,941,validation
7.471719e-05,0.00010719118,0.9980756,0.0007299121,0.000481013,7.028161e-05,0.0003161736,0.000145102,942,validation
1.0750987e-05,1.1852591e-06,5.8322827e-09,2.8314058e-05,2.6022228e-06,1.8745878e-06,2.3280296e-05,0.99993193,943,validation
0.9982975,5.8444086e-05,0.00011590263,0.0005560685,0.00022584018,2.8245573e-05,0.0002946396,0.0004233439,944,validation
0.9996289,8.708567e-06,6.7619493e-07,0.00012246611,2.0592655e-05,6.5089744e-06,9.8179305e-05,0.000113817885,945,validation
2.818037e-05,2.4900675e-05,0.9991715,0.0003957666,0.00014520052,2.7426135e-05,0.00013828413,6.871568e-05,946,validation
1.7736887e-05,0.9987325,3.4389002e-05,0.00030638633,0.00015833008,0.0001530526,0.00029846656,0.0002989748,947,validation
2.1583031e-05,0.99927896,1.5790198e-05,0.00021196433,8.5879175e-05,7.5160104e-05,0.00017453164,0.00013614072,948,validation
0.9998211,6.7889923e-06,1.7252611e-07,5.7356003e-05,1.1367027e-05,5.006423e-06,5.517462e-05,4.3163192e-05,949,validation
0.9997235,7.0705833e-06,5.160554e-07,8.5490974e-05,1.3049617e-05,5.5884075e-06,7.1707014e-05,9.31213e-05,950,validation
0.00064987404,0.00045592265,0.992796,0.0026482348,0.0009455286,0.00026190662,0.0013033943,0.0009391494,951,validation
0.99983144,4.253696e-06,4.5434587e-07,6.264923e-05,1.1473136e-05,3.89442e-06,6.01506e-05,2.5777308e-05,952,validation
0.03769745,0.0019587427,0.92835003,0.014627737,0.0062947893,0.0015703773,0.005976475,0.0035242725,953,validation
0.00012065555,0.00028014442,0.99630463,0.0015370488,0.0005132756,0.00015260674,0.0006378377,0.00045383544,954,validation
0.99973434,1.4243311e-05,6.612662e-07,7.62723e-05,2.088269e-05,8.3845325e-06,7.859324e-05,6.665314e-05,955,validation
8.297017e-05,0.00010685266,0.99755543,0.00094135996,0.000526424,9.4975294e-05,0.00045151185,0.00024054601,956,validation
0.00017845583,8.283643e-05,0.9975719,0.00087638176,0.0005751214,7.8058365e-05,0.0003655439,0.0002716682,957,validation
6.788983e-05,7.007282e-05,0.99820435,0.000781658,0.00030296596,6.361356e-05,0.00031970482,0.00018967027,958,validation
0.0001731749,0.00011957074,0.9970181,0.0015708879,0.00047428973,7.3759875e-05,0.0003094194,0.0002608342,959,validation
0.89947283,0.005857348,0.07479788,0.005792092,0.0060005034,0.002863898,0.0045309947,0.00068433536,960,validation
1.2535562e-06,0.00010924051,3.9402977e-07,2.3650944e-06,4.415804e-05,0.99981326,2.771397e-05,1.5759733e-06,961,validation
0.99953365,6.259325e-05,7.652891e-06,0.00016599192,9.709269e-05,3.3964632e-05,8.1107195e-05,1.793299e-05,962,validation
1.7267248e-05,0.00013273627,0.9991893,0.00033317457,0.00018693731,4.8266465e-05,7.6170036e-05,1.6208198e-05,963,validation
2.5659822e-06,3.6884005e-05,0.99974126,0.00012512041,6.4155734e-05,1.2752194e-05,1.4601666e-05,2.5629179e-06,964,validation
2.7789413e-06,4.1036285e-05,0.9997304,0.00012906255,6.47606e-05,1.3177293e-05,1.6019667e-05,2.7225992e-06,965,validation
2.0641653e-06,3.6390655e-05,0.9997458,0.00011229814,7.136838e-05,1.5203945e-05,1.5023547e-05,1.9048455e-06,966,validation
1.3103875e-05,0.00017389716,0.99909616,0.00034613934,0.00022775118,5.6914127e-05,7.0955175e-05,1.5135536e-05,967,validation
0.9994068,0.00010507999,4.994374e-06,0.0001628113,0.00011916062,6.1342325e-05,0.00012167784,1.8219182e-05,968,validation
0.001928434,0.0061321985,0.00043751227,0.007046842,0.003940405,0.004156848,0.0015518585,0.97480595,969,validation
3.7632956e-06,3.1051306e-05,0.99969566,0.00015986839,7.054245e-05,1.6869186e-05,1.8055174e-05,4.0845553e-06,970,validation
4.5625947e-07,0.9999392,4.083953e-06,1.0333864e-05,1.3621229e-05,2.2884697e-05,8.864499e-06,5.7111515e-07,971,validation
0.99955827,6.449947e-05,6.617998e-06,0.00014639879,8.748752e-05,3.7790716e-05,8.55407e-05,1.3513107e-05,972,validation
2.2759281e-05,0.00023421476,0.9984723,0.0005207781,0.00047486532,0.0001344164,0.00012141714,1.9234154e-05,973,validation
0.996442,0.0002284444,0.00019207434,0.001030349,0.0005549537,0.00014297321,0.0011781441,0.00023110813,974,validation
1.6203016e-05,0.00058437977,0.99853647,0.00041300786,0.00026883764,7.4265525e-05,9.273236e-05,1.404264e-05,975,validation
9.548596e-06,1.5325244e-05,7.8755975e-06,1.0832697e-05,2.0805175e-05,5.880524e-05,0.9998702,6.5937643e-06,976,validation
1.1463668e-05,0.00016480037,0.9990721,0.0003496658,0.00024951124,6.6976856e-05,6.962883e-05,1.5778636e-05,977,validation
1.3943396e-05,9.596293e-05,0.99932146,0.00028623376,0.00017533735,4.4577017e-05,5.016213e-05,1.2276404e-05,978,validation
1.0838818e-05,0.00012301162,0.9991804,0.00032227617,0.00022055114,6.2000116e-05,6.589318e-05,1.4995802e-05,979,validation
0.9993844,9.611535e-05,1.1330973e-05,0.00017495437,0.00012694234,5.97128e-05,0.00012031789,2.6205378e-05,980,validation
3.82845e-05,0.00019799473,0.9987563,0.00039753984,0.00046527738,5.787329e-05,7.333815e-05,1.3462623e-05,981,validation
0.00032780465,0.00096050225,1.9074334e-05,0.0010741086,0.0009928304,0.001163163,0.00052750297,0.9949351,982,validation
0.00058919366,0.00050111586,8.240061e-06,0.0014108038,0.0002985776,0.00025189962,0.0006088154,0.9963314,983,validation
1.4030664e-05,0.00019092087,0.9990388,0.00035323616,0.0002430329,6.146892e-05,8.248073e-05,1.5999334e-05,984,validation
1.8976287e-05,0.000352844,0.9985618,0.0005994225,0.00027434572,8.332338e-05,9.123302e-05,1.8191335e-05,985,validation
1.0539871e-05,6.97918e-05,0.99939835,0.00025564813,0.00016388902,3.6883277e-05,5.496101e-05,9.972756e-06,986,validation
2.0796824e-06,3.465526e-05,0.99975055,0.000119603355,6.358832e-05,1.3979655e-05,1.3581242e-05,1.8967894e-06,987,validation
2.0791815e-05,0.0001786877,0.9990538,0.00033127444,0.00026033368,5.988873e-05,7.8958576e-05,1.6294847e-05,988,validation
0.00021422096,0.0007879915,0.99616027,0.0015358394,0.00068437896,0.0002201191,0.0003123464,8.485497e-05,989,validation
0.99772054,0.0004455829,0.00016107253,0.0004386231,0.00055618724,0.00020107106,0.0003999336,7.7013574e-05,990,validation
2.0022626e-05,0.00031394765,0.99858654,0.00048367828,0.00036479757,9.4471616e-05,0.00010975059,2.6810567e-05,991,validation
0.0006017657,0.00013260554,0.00441458,0.42766768,0.0004758375,0.001279129,0.56457686,0.0008515429,992,validation
0.9995378,5.00254e-05,1.6605667e-05,0.00018637191,8.932028e-05,2.4628944e-05,7.474243e-05,2.0424655e-05,993,validation
1.0546153e-05,6.404589e-05,0.9994306,0.00024426004,0.00016114561,3.0359699e-05,5.0240527e-05,8.71189e-06,994,validation
5.6270583e-06,4.5803954e-05,0.9995931,0.00017096917,0.00011785792,2.3986753e-05,3.709303e-05,5.6982767e-06,995,validation
0.0008816854,0.002430702,8.5247535e-05,0.0018775067,0.0048550474,0.011262355,0.002541696,0.97606575,996,validation
9.355152e-06,7.637852e-05,0.99934477,0.0002764842,0.0001798148,4.2927983e-05,5.89094e-05,1.13823135e-05,997,validation
0.9981194,0.00023009884,0.0003106336,0.0005117852,0.00035535998,0.000100012505,0.00028415665,8.845032e-05,998,validation
1.5224535e-05,0.00011720795,0.9993303,0.00026807757,0.00015239272,3.6773155e-05,6.846949e-05,1.1574663e-05,999,validation
3.0191295e-06,2.8877572e-05,0.9997632,0.00011793375,5.5917506e-05,1.1778205e-05,1.660371e-05,2.624604e-06,1000,validation
1.0461555e-05,7.0025476e-06,8.700487e-06,8.70927e-06,2.4161178e-05,5.1559324e-05,0.9998851,4.372773e-06,1001,validation
0.99958545,7.141711e-05,3.495546e-06,0.00012127473,8.857001e-05,4.0138504e-05,7.708419e-05,1.268284e-05,1002,validation
0.99830794,0.00028709823,8.516497e-06,0.00029966224,0.00024358879,0.00017917162,0.0004861864,0.00018774677,1003,validation
0.99866295,0.00015778923,2.469126e-05,0.00036149583,0.00019093952,0.00014007922,0.00042989696,3.224318e-05,1004,validation
4.0540044e-06,4.453066e-05,0.99965227,0.00015393663,8.916317e-05,1.9214438e-05,3.2052918e-05,4.8089946e-06,1005,validation
0.9960706,0.0018022512,5.5478544e-05,0.00039077332,0.0007103188,0.00048670944,0.00040717455,7.677031e-05,1006,validation
7.6049405e-06,0.00013448352,0.99921656,0.0003218578,0.0002070012,4.513763e-05,5.5354223e-05,1.1881473e-05,1007,validation
0.6010625,0.036022875,0.12185853,0.058777314,0.06337442,0.030626701,0.040295247,0.04798244,1008,validation
