SLURM NODE: kn055
[I 2026-02-04 06:01:45,417] Using an existing study with name 'SST-2-Fine-tuning' instead of creating a new one.
Last trial state: 0
Enqueuing hyper-parameters: {'frozen_layers': 6, 'classifier_dropout': 0.4, 'learning_rate': 2e-05, 'weight_decay': 0.0001, 'label_smoothing': 0.15, 'gradient_clipping': 1.5}
[I 2026-02-04 06:14:07,972] Trial 87 finished with value: 0.9094036697247706 and parameters: {'frozen_layers': 6, 'classifier_dropout': 0.4, 'learning_rate': 2e-05, 'weight_decay': 0.0001, 'label_smoothing': 0.15, 'gradient_clipping': 1.5}. Best is trial 13 with value: 0.9277522935779816.
[I 2026-02-04 06:14:08,640] Trial 88 pruned. Duplicate hyper-parameters, same as those used in trial 0: {'frozen_layers': 2, 'classifier_dropout': 0.4, 'learning_rate': 5e-05, 'weight_decay': 0.001, 'label_smoothing': 0.15, 'gradient_clipping': 2.0}.
[I 2026-02-04 06:14:09,308] Trial 89 pruned. Duplicate hyper-parameters, same as those used in trial 1: {'frozen_layers': 0, 'classifier_dropout': 0.2, 'learning_rate': 2e-05, 'weight_decay': 1e-06, 'label_smoothing': 0.05, 'gradient_clipping': 1.5}.
[I 2026-02-04 06:14:09,958] Trial 90 pruned. Duplicate hyper-parameters, same as those used in trial 2: {'frozen_layers': 0, 'classifier_dropout': 0.2, 'learning_rate': 0.0001, 'weight_decay': 0.0001, 'label_smoothing': 0.1, 'gradient_clipping': 1.5}.
[I 2026-02-04 06:14:10,655] Trial 91 pruned. Duplicate hyper-parameters, same as those used in trial 3: {'frozen_layers': 2, 'classifier_dropout': 0.2, 'learning_rate': 5e-05, 'weight_decay': 1e-06, 'label_smoothing': 0.1, 'gradient_clipping': 0.5}.
[I 2026-02-04 06:14:11,342] Trial 92 pruned. Duplicate hyper-parameters, same as those used in trial 4: {'frozen_layers': 2, 'classifier_dropout': 0.1, 'learning_rate': 0.0001, 'weight_decay': 0.0001, 'label_smoothing': 0.05, 'gradient_clipping': 0.5}.
[I 2026-02-04 06:14:12,049] Trial 93 pruned. Duplicate hyper-parameters, same as those used in trial 5: {'frozen_layers': 4, 'classifier_dropout': 0.1, 'learning_rate': 2e-05, 'weight_decay': 1e-05, 'label_smoothing': 0.0, 'gradient_clipping': 0.5}.
[I 2026-02-04 06:14:12,778] Trial 94 pruned. Duplicate hyper-parameters, same as those used in trial 6: {'frozen_layers': 0, 'classifier_dropout': 0.1, 'learning_rate': 2e-05, 'weight_decay': 0.0001, 'label_smoothing': 0.15, 'gradient_clipping': 2.0}.
[I 2026-02-04 06:14:13,485] Trial 95 pruned. Duplicate hyper-parameters, same as those used in trial 7: {'frozen_layers': 6, 'classifier_dropout': 0.4, 'learning_rate': 1e-05, 'weight_decay': 0.001, 'label_smoothing': 0.0, 'gradient_clipping': 1.0}.
[I 2026-02-04 06:14:14,199] Trial 96 pruned. Duplicate hyper-parameters, same as those used in trial 8: {'frozen_layers': 6, 'classifier_dropout': 0.4, 'learning_rate': 5e-05, 'weight_decay': 1e-05, 'label_smoothing': 0.1, 'gradient_clipping': 0.5}.
[I 2026-02-04 06:14:14,910] Trial 97 pruned. Duplicate hyper-parameters, same as those used in trial 9: {'frozen_layers': 2, 'classifier_dropout': 0.2, 'learning_rate': 3e-05, 'weight_decay': 0.001, 'label_smoothing': 0.15, 'gradient_clipping': 1.0}.
[I 2026-02-04 06:14:15,602] Trial 98 pruned. Duplicate hyper-parameters, same as those used in trial 10: {'frozen_layers': 4, 'classifier_dropout': 0.3, 'learning_rate': 5e-05, 'weight_decay': 1e-05, 'label_smoothing': 0.15, 'gradient_clipping': 1.5}.
[I 2026-02-04 06:14:16,308] Trial 99 pruned. Duplicate hyper-parameters, same as those used in trial 11: {'frozen_layers': 2, 'classifier_dropout': 0.2, 'learning_rate': 2e-05, 'weight_decay': 1e-05, 'label_smoothing': 0.0, 'gradient_clipping': 0.5}.
[I 2026-02-04 06:14:17,019] Trial 100 pruned. Duplicate hyper-parameters, same as those used in trial 12: {'frozen_layers': 6, 'classifier_dropout': 0.2, 'learning_rate': 1e-05, 'weight_decay': 1e-06, 'label_smoothing': 0.15, 'gradient_clipping': 2.0}.
[I 2026-02-04 06:14:17,724] Trial 101 pruned. Duplicate hyper-parameters, same as those used in trial 13: {'frozen_layers': 0, 'classifier_dropout': 0.3, 'learning_rate': 5e-05, 'weight_decay': 0.0001, 'label_smoothing': 0.15, 'gradient_clipping': 0.5}.
[I 2026-02-04 06:14:18,403] Trial 102 pruned. Duplicate hyper-parameters, same as those used in trial 14: {'frozen_layers': 2, 'classifier_dropout': 0.2, 'learning_rate': 1e-05, 'weight_decay': 0.001, 'label_smoothing': 0.0, 'gradient_clipping': 1.5}.
[I 2026-02-04 06:14:19,118] Trial 103 pruned. Duplicate hyper-parameters, same as those used in trial 15: {'frozen_layers': 2, 'classifier_dropout': 0.3, 'learning_rate': 1e-05, 'weight_decay': 0.0001, 'label_smoothing': 0.15, 'gradient_clipping': 0.5}.
[I 2026-02-04 06:14:19,831] Trial 104 pruned. Duplicate hyper-parameters, same as those used in trial 16: {'frozen_layers': 2, 'classifier_dropout': 0.2, 'learning_rate': 0.0001, 'weight_decay': 1e-05, 'label_smoothing': 0.15, 'gradient_clipping': 0.5}.
[I 2026-02-04 06:14:20,515] Trial 105 pruned. Duplicate hyper-parameters, same as those used in trial 17: {'frozen_layers': 4, 'classifier_dropout': 0.3, 'learning_rate': 0.0001, 'weight_decay': 0.001, 'label_smoothing': 0.15, 'gradient_clipping': 0.5}.
[I 2026-02-04 06:14:21,193] Trial 106 pruned. Duplicate hyper-parameters, same as those used in trial 18: {'frozen_layers': 6, 'classifier_dropout': 0.2, 'learning_rate': 0.0001, 'weight_decay': 1e-05, 'label_smoothing': 0.1, 'gradient_clipping': 0.5}.
[I 2026-02-04 06:14:21,863] Trial 107 pruned. Duplicate hyper-parameters, same as those used in trial 19: {'frozen_layers': 0, 'classifier_dropout': 0.3, 'learning_rate': 3e-05, 'weight_decay': 1e-06, 'label_smoothing': 0.1, 'gradient_clipping': 2.0}.
[I 2026-02-04 06:14:22,534] Trial 108 pruned. Duplicate hyper-parameters, same as those used in trial 20: {'frozen_layers': 6, 'classifier_dropout': 0.3, 'learning_rate': 1e-05, 'weight_decay': 1e-06, 'label_smoothing': 0.05, 'gradient_clipping': 1.0}.
[I 2026-02-04 06:14:23,158] Trial 109 pruned. Duplicate hyper-parameters, same as those used in trial 21: {'frozen_layers': 0, 'classifier_dropout': 0.3, 'learning_rate': 3e-05, 'weight_decay': 0.0001, 'label_smoothing': 0.05, 'gradient_clipping': 2.0}.
[I 2026-02-04 06:14:23,836] Trial 110 pruned. Duplicate hyper-parameters, same as those used in trial 22: {'frozen_layers': 2, 'classifier_dropout': 0.1, 'learning_rate': 1e-05, 'weight_decay': 0.0001, 'label_smoothing': 0.05, 'gradient_clipping': 2.0}.
[I 2026-02-04 06:14:24,451] Trial 111 pruned. Duplicate hyper-parameters, same as those used in trial 23: {'frozen_layers': 0, 'classifier_dropout': 0.3, 'learning_rate': 2e-05, 'weight_decay': 0.001, 'label_smoothing': 0.1, 'gradient_clipping': 0.5}.
[I 2026-02-04 06:14:25,032] Trial 112 pruned. Duplicate hyper-parameters, same as those used in trial 24: {'frozen_layers': 2, 'classifier_dropout': 0.2, 'learning_rate': 5e-05, 'weight_decay': 0.0001, 'label_smoothing': 0.05, 'gradient_clipping': 2.0}.
[I 2026-02-04 06:14:25,637] Trial 113 pruned. Duplicate hyper-parameters, same as those used in trial 10: {'frozen_layers': 4, 'classifier_dropout': 0.3, 'learning_rate': 5e-05, 'weight_decay': 1e-05, 'label_smoothing': 0.15, 'gradient_clipping': 1.5}.
[I 2026-02-04 06:14:26,196] Trial 114 pruned. Duplicate hyper-parameters, same as those used in trial 26: {'frozen_layers': 6, 'classifier_dropout': 0.1, 'learning_rate': 5e-05, 'weight_decay': 0.001, 'label_smoothing': 0.1, 'gradient_clipping': 0.5}.
[I 2026-02-04 06:14:26,760] Trial 115 pruned. Duplicate hyper-parameters, same as those used in trial 27: {'frozen_layers': 0, 'classifier_dropout': 0.1, 'learning_rate': 2e-05, 'weight_decay': 1e-06, 'label_smoothing': 0.15, 'gradient_clipping': 1.0}.
[I 2026-02-04 06:14:27,367] Trial 116 pruned. Duplicate hyper-parameters, same as those used in trial 28: {'frozen_layers': 0, 'classifier_dropout': 0.2, 'learning_rate': 3e-05, 'weight_decay': 0.0001, 'label_smoothing': 0.0, 'gradient_clipping': 1.5}.
[I 2026-02-04 06:14:28,018] Trial 117 pruned. Duplicate hyper-parameters, same as those used in trial 29: {'frozen_layers': 0, 'classifier_dropout': 0.3, 'learning_rate': 3e-05, 'weight_decay': 0.0001, 'label_smoothing': 0.15, 'gradient_clipping': 1.5}.
[I 2026-02-04 06:14:28,661] Trial 118 pruned. Duplicate hyper-parameters, same as those used in trial 30: {'frozen_layers': 2, 'classifier_dropout': 0.2, 'learning_rate': 1e-05, 'weight_decay': 0.001, 'label_smoothing': 0.0, 'gradient_clipping': 0.5}.
[I 2026-02-04 06:14:29,287] Trial 119 pruned. Duplicate hyper-parameters, same as those used in trial 31: {'frozen_layers': 4, 'classifier_dropout': 0.2, 'learning_rate': 3e-05, 'weight_decay': 1e-05, 'label_smoothing': 0.15, 'gradient_clipping': 0.5}.
[I 2026-02-04 06:14:29,928] Trial 120 pruned. Duplicate hyper-parameters, same as those used in trial 32: {'frozen_layers': 0, 'classifier_dropout': 0.3, 'learning_rate': 3e-05, 'weight_decay': 1e-06, 'label_smoothing': 0.15, 'gradient_clipping': 2.0}.
[I 2026-02-04 06:14:30,578] Trial 121 pruned. Duplicate hyper-parameters, same as those used in trial 33: {'frozen_layers': 0, 'classifier_dropout': 0.3, 'learning_rate': 5e-05, 'weight_decay': 0.001, 'label_smoothing': 0.05, 'gradient_clipping': 1.0}.
[I 2026-02-04 06:14:31,234] Trial 122 pruned. Duplicate hyper-parameters, same as those used in trial 34: {'frozen_layers': 6, 'classifier_dropout': 0.4, 'learning_rate': 3e-05, 'weight_decay': 0.0001, 'label_smoothing': 0.1, 'gradient_clipping': 1.0}.
[I 2026-02-04 06:14:31,879] Trial 123 pruned. Duplicate hyper-parameters, same as those used in trial 35: {'frozen_layers': 2, 'classifier_dropout': 0.3, 'learning_rate': 2e-05, 'weight_decay': 0.001, 'label_smoothing': 0.0, 'gradient_clipping': 1.0}.
[I 2026-02-04 06:14:32,532] Trial 124 pruned. Duplicate hyper-parameters, same as those used in trial 36: {'frozen_layers': 6, 'classifier_dropout': 0.2, 'learning_rate': 0.0001, 'weight_decay': 1e-05, 'label_smoothing': 0.0, 'gradient_clipping': 1.0}.
[I 2026-02-04 06:14:33,141] Trial 125 pruned. Duplicate hyper-parameters, same as those used in trial 37: {'frozen_layers': 6, 'classifier_dropout': 0.4, 'learning_rate': 0.0001, 'weight_decay': 1e-05, 'label_smoothing': 0.05, 'gradient_clipping': 1.0}.
[I 2026-02-04 06:14:33,786] Trial 126 pruned. Duplicate hyper-parameters, same as those used in trial 38: {'frozen_layers': 6, 'classifier_dropout': 0.3, 'learning_rate': 2e-05, 'weight_decay': 0.001, 'label_smoothing': 0.15, 'gradient_clipping': 0.5}.
[I 2026-02-04 06:14:34,420] Trial 127 pruned. Duplicate hyper-parameters, same as those used in trial 39: {'frozen_layers': 2, 'classifier_dropout': 0.3, 'learning_rate': 2e-05, 'weight_decay': 1e-05, 'label_smoothing': 0.05, 'gradient_clipping': 1.5}.
[I 2026-02-04 06:14:35,052] Trial 128 pruned. Duplicate hyper-parameters, same as those used in trial 40: {'frozen_layers': 4, 'classifier_dropout': 0.4, 'learning_rate': 5e-05, 'weight_decay': 0.0001, 'label_smoothing': 0.05, 'gradient_clipping': 1.5}.
[I 2026-02-04 06:14:35,689] Trial 129 pruned. Duplicate hyper-parameters, same as those used in trial 41: {'frozen_layers': 2, 'classifier_dropout': 0.1, 'learning_rate': 0.0001, 'weight_decay': 0.001, 'label_smoothing': 0.1, 'gradient_clipping': 1.5}.
[I 2026-02-04 06:14:36,348] Trial 130 pruned. Duplicate hyper-parameters, same as those used in trial 42: {'frozen_layers': 4, 'classifier_dropout': 0.1, 'learning_rate': 5e-05, 'weight_decay': 0.0001, 'label_smoothing': 0.05, 'gradient_clipping': 2.0}.
[I 2026-02-04 06:14:37,003] Trial 131 pruned. Duplicate hyper-parameters, same as those used in trial 43: {'frozen_layers': 4, 'classifier_dropout': 0.1, 'learning_rate': 2e-05, 'weight_decay': 1e-06, 'label_smoothing': 0.0, 'gradient_clipping': 1.5}.
[I 2026-02-04 06:14:37,640] Trial 132 pruned. Duplicate hyper-parameters, same as those used in trial 44: {'frozen_layers': 2, 'classifier_dropout': 0.1, 'learning_rate': 3e-05, 'weight_decay': 1e-05, 'label_smoothing': 0.15, 'gradient_clipping': 0.5}.
[I 2026-02-04 06:14:38,287] Trial 133 pruned. Duplicate hyper-parameters, same as those used in trial 45: {'frozen_layers': 0, 'classifier_dropout': 0.2, 'learning_rate': 5e-05, 'weight_decay': 0.0001, 'label_smoothing': 0.15, 'gradient_clipping': 2.0}.
[I 2026-02-04 06:14:38,930] Trial 134 pruned. Duplicate hyper-parameters, same as those used in trial 46: {'frozen_layers': 2, 'classifier_dropout': 0.4, 'learning_rate': 1e-05, 'weight_decay': 0.001, 'label_smoothing': 0.15, 'gradient_clipping': 0.5}.
[I 2026-02-04 06:14:39,597] Trial 135 pruned. Duplicate hyper-parameters, same as those used in trial 47: {'frozen_layers': 2, 'classifier_dropout': 0.2, 'learning_rate': 3e-05, 'weight_decay': 1e-05, 'label_smoothing': 0.15, 'gradient_clipping': 0.5}.
[I 2026-02-04 06:14:40,211] Trial 136 pruned. Duplicate hyper-parameters, same as those used in trial 48: {'frozen_layers': 0, 'classifier_dropout': 0.2, 'learning_rate': 2e-05, 'weight_decay': 1e-06, 'label_smoothing': 0.15, 'gradient_clipping': 1.5}.
[I 2026-02-04 06:14:40,855] Trial 137 pruned. Duplicate hyper-parameters, same as those used in trial 49: {'frozen_layers': 6, 'classifier_dropout': 0.2, 'learning_rate': 5e-05, 'weight_decay': 1e-06, 'label_smoothing': 0.05, 'gradient_clipping': 1.5}.
[I 2026-02-04 06:14:41,562] Trial 138 pruned. Duplicate hyper-parameters, same as those used in trial 50: {'frozen_layers': 0, 'classifier_dropout': 0.1, 'learning_rate': 5e-05, 'weight_decay': 1e-06, 'label_smoothing': 0.15, 'gradient_clipping': 0.5}.
[I 2026-02-04 06:14:42,203] Trial 139 pruned. Duplicate hyper-parameters, same as those used in trial 51: {'frozen_layers': 4, 'classifier_dropout': 0.3, 'learning_rate': 3e-05, 'weight_decay': 0.0001, 'label_smoothing': 0.1, 'gradient_clipping': 2.0}.
[I 2026-02-04 06:14:42,848] Trial 140 pruned. Duplicate hyper-parameters, same as those used in trial 52: {'frozen_layers': 2, 'classifier_dropout': 0.2, 'learning_rate': 5e-05, 'weight_decay': 1e-06, 'label_smoothing': 0.0, 'gradient_clipping': 2.0}.
[I 2026-02-04 06:14:43,526] Trial 141 pruned. Duplicate hyper-parameters, same as those used in trial 53: {'frozen_layers': 4, 'classifier_dropout': 0.3, 'learning_rate': 1e-05, 'weight_decay': 0.001, 'label_smoothing': 0.0, 'gradient_clipping': 1.5}.
[I 2026-02-04 06:14:44,193] Trial 142 pruned. Duplicate hyper-parameters, same as those used in trial 54: {'frozen_layers': 0, 'classifier_dropout': 0.3, 'learning_rate': 3e-05, 'weight_decay': 1e-05, 'label_smoothing': 0.15, 'gradient_clipping': 1.0}.
[I 2026-02-04 06:14:44,862] Trial 143 pruned. Duplicate hyper-parameters, same as those used in trial 55: {'frozen_layers': 0, 'classifier_dropout': 0.4, 'learning_rate': 5e-05, 'weight_decay': 1e-06, 'label_smoothing': 0.15, 'gradient_clipping': 2.0}.
[I 2026-02-04 06:14:45,575] Trial 144 pruned. Duplicate hyper-parameters, same as those used in trial 56: {'frozen_layers': 6, 'classifier_dropout': 0.3, 'learning_rate': 2e-05, 'weight_decay': 0.0001, 'label_smoothing': 0.1, 'gradient_clipping': 2.0}.
[I 2026-02-04 06:14:46,266] Trial 145 pruned. Duplicate hyper-parameters, same as those used in trial 57: {'frozen_layers': 0, 'classifier_dropout': 0.1, 'learning_rate': 0.0001, 'weight_decay': 0.0001, 'label_smoothing': 0.1, 'gradient_clipping': 1.5}.
[I 2026-02-04 06:14:46,948] Trial 146 pruned. Duplicate hyper-parameters, same as those used in trial 58: {'frozen_layers': 4, 'classifier_dropout': 0.2, 'learning_rate': 2e-05, 'weight_decay': 1e-05, 'label_smoothing': 0.05, 'gradient_clipping': 1.0}.
[I 2026-02-04 06:14:47,639] Trial 147 pruned. Duplicate hyper-parameters, same as those used in trial 59: {'frozen_layers': 2, 'classifier_dropout': 0.2, 'learning_rate': 0.0001, 'weight_decay': 1e-05, 'label_smoothing': 0.15, 'gradient_clipping': 2.0}.
[I 2026-02-04 06:14:48,326] Trial 148 pruned. Duplicate hyper-parameters, same as those used in trial 60: {'frozen_layers': 0, 'classifier_dropout': 0.3, 'learning_rate': 0.0001, 'weight_decay': 0.001, 'label_smoothing': 0.1, 'gradient_clipping': 0.5}.
[I 2026-02-04 06:14:49,004] Trial 149 pruned. Duplicate hyper-parameters, same as those used in trial 61: {'frozen_layers': 6, 'classifier_dropout': 0.4, 'learning_rate': 0.0001, 'weight_decay': 0.0001, 'label_smoothing': 0.1, 'gradient_clipping': 0.5}.
[I 2026-02-04 06:14:49,703] Trial 150 pruned. Duplicate hyper-parameters, same as those used in trial 62: {'frozen_layers': 0, 'classifier_dropout': 0.3, 'learning_rate': 2e-05, 'weight_decay': 1e-05, 'label_smoothing': 0.05, 'gradient_clipping': 1.5}.
[I 2026-02-04 06:14:50,406] Trial 151 pruned. Duplicate hyper-parameters, same as those used in trial 63: {'frozen_layers': 4, 'classifier_dropout': 0.4, 'learning_rate': 2e-05, 'weight_decay': 0.001, 'label_smoothing': 0.1, 'gradient_clipping': 2.0}.
[I 2026-02-04 06:14:51,146] Trial 152 pruned. Duplicate hyper-parameters, same as those used in trial 64: {'frozen_layers': 6, 'classifier_dropout': 0.4, 'learning_rate': 3e-05, 'weight_decay': 0.001, 'label_smoothing': 0.1, 'gradient_clipping': 1.5}.
[I 2026-02-04 06:14:51,869] Trial 153 pruned. Duplicate hyper-parameters, same as those used in trial 65: {'frozen_layers': 0, 'classifier_dropout': 0.2, 'learning_rate': 2e-05, 'weight_decay': 1e-06, 'label_smoothing': 0.15, 'gradient_clipping': 1.0}.
[I 2026-02-04 06:14:52,560] Trial 154 pruned. Duplicate hyper-parameters, same as those used in trial 66: {'frozen_layers': 6, 'classifier_dropout': 0.2, 'learning_rate': 0.0001, 'weight_decay': 1e-05, 'label_smoothing': 0.0, 'gradient_clipping': 0.5}.
[I 2026-02-04 06:14:53,227] Trial 155 pruned. Duplicate hyper-parameters, same as those used in trial 67: {'frozen_layers': 4, 'classifier_dropout': 0.3, 'learning_rate': 5e-05, 'weight_decay': 1e-05, 'label_smoothing': 0.0, 'gradient_clipping': 1.5}.
[I 2026-02-04 06:14:53,930] Trial 156 pruned. Duplicate hyper-parameters, same as those used in trial 68: {'frozen_layers': 0, 'classifier_dropout': 0.3, 'learning_rate': 0.0001, 'weight_decay': 0.0001, 'label_smoothing': 0.05, 'gradient_clipping': 2.0}.
[I 2026-02-04 06:14:54,650] Trial 157 pruned. Duplicate hyper-parameters, same as those used in trial 69: {'frozen_layers': 4, 'classifier_dropout': 0.3, 'learning_rate': 3e-05, 'weight_decay': 0.0001, 'label_smoothing': 0.0, 'gradient_clipping': 1.5}.
[I 2026-02-04 06:14:55,338] Trial 158 pruned. Duplicate hyper-parameters, same as those used in trial 70: {'frozen_layers': 0, 'classifier_dropout': 0.1, 'learning_rate': 5e-05, 'weight_decay': 0.001, 'label_smoothing': 0.0, 'gradient_clipping': 1.5}.
[I 2026-02-04 06:14:55,984] Trial 159 pruned. Duplicate hyper-parameters, same as those used in trial 71: {'frozen_layers': 2, 'classifier_dropout': 0.3, 'learning_rate': 3e-05, 'weight_decay': 0.001, 'label_smoothing': 0.05, 'gradient_clipping': 0.5}.
[I 2026-02-04 06:14:56,617] Trial 160 pruned. Duplicate hyper-parameters, same as those used in trial 72: {'frozen_layers': 0, 'classifier_dropout': 0.2, 'learning_rate': 5e-05, 'weight_decay': 0.0001, 'label_smoothing': 0.0, 'gradient_clipping': 1.5}.
[I 2026-02-04 06:14:57,259] Trial 161 pruned. Duplicate hyper-parameters, same as those used in trial 73: {'frozen_layers': 4, 'classifier_dropout': 0.2, 'learning_rate': 2e-05, 'weight_decay': 1e-06, 'label_smoothing': 0.1, 'gradient_clipping': 1.5}.
[I 2026-02-04 06:14:57,895] Trial 162 pruned. Duplicate hyper-parameters, same as those used in trial 74: {'frozen_layers': 4, 'classifier_dropout': 0.1, 'learning_rate': 1e-05, 'weight_decay': 1e-05, 'label_smoothing': 0.15, 'gradient_clipping': 1.5}.
[I 2026-02-04 06:14:58,613] Trial 163 pruned. Duplicate hyper-parameters, same as those used in trial 75: {'frozen_layers': 2, 'classifier_dropout': 0.3, 'learning_rate': 1e-05, 'weight_decay': 1e-05, 'label_smoothing': 0.0, 'gradient_clipping': 2.0}.
[I 2026-02-04 06:14:59,278] Trial 164 pruned. Duplicate hyper-parameters, same as those used in trial 76: {'frozen_layers': 4, 'classifier_dropout': 0.3, 'learning_rate': 0.0001, 'weight_decay': 0.001, 'label_smoothing': 0.15, 'gradient_clipping': 2.0}.
[I 2026-02-04 06:14:59,933] Trial 165 pruned. Duplicate hyper-parameters, same as those used in trial 77: {'frozen_layers': 6, 'classifier_dropout': 0.2, 'learning_rate': 0.0001, 'weight_decay': 1e-06, 'label_smoothing': 0.1, 'gradient_clipping': 0.5}.
[I 2026-02-04 06:15:00,567] Trial 166 pruned. Duplicate hyper-parameters, same as those used in trial 78: {'frozen_layers': 6, 'classifier_dropout': 0.1, 'learning_rate': 0.0001, 'weight_decay': 0.0001, 'label_smoothing': 0.0, 'gradient_clipping': 0.5}.
[I 2026-02-04 06:15:01,189] Trial 167 pruned. Duplicate hyper-parameters, same as those used in trial 79: {'frozen_layers': 0, 'classifier_dropout': 0.1, 'learning_rate': 5e-05, 'weight_decay': 0.0001, 'label_smoothing': 0.1, 'gradient_clipping': 0.5}.
[I 2026-02-04 06:15:01,850] Trial 168 pruned. Duplicate hyper-parameters, same as those used in trial 80: {'frozen_layers': 4, 'classifier_dropout': 0.4, 'learning_rate': 0.0001, 'weight_decay': 1e-05, 'label_smoothing': 0.15, 'gradient_clipping': 1.0}.
[I 2026-02-04 06:15:02,481] Trial 169 pruned. Duplicate hyper-parameters, same as those used in trial 81: {'frozen_layers': 4, 'classifier_dropout': 0.1, 'learning_rate': 1e-05, 'weight_decay': 0.0001, 'label_smoothing': 0.1, 'gradient_clipping': 1.0}.
[I 2026-02-04 06:15:03,073] Trial 170 pruned. Duplicate hyper-parameters, same as those used in trial 82: {'frozen_layers': 6, 'classifier_dropout': 0.1, 'learning_rate': 0.0001, 'weight_decay': 0.0001, 'label_smoothing': 0.15, 'gradient_clipping': 2.0}.
[I 2026-02-04 06:15:03,803] Trial 171 pruned. Duplicate hyper-parameters, same as those used in trial 83: {'frozen_layers': 6, 'classifier_dropout': 0.1, 'learning_rate': 1e-05, 'weight_decay': 0.001, 'label_smoothing': 0.15, 'gradient_clipping': 1.5}.
[I 2026-02-04 06:15:04,423] Trial 172 pruned. Duplicate hyper-parameters, same as those used in trial 84: {'frozen_layers': 0, 'classifier_dropout': 0.4, 'learning_rate': 2e-05, 'weight_decay': 1e-06, 'label_smoothing': 0.1, 'gradient_clipping': 2.0}.
[I 2026-02-04 06:15:05,036] Trial 173 pruned. Duplicate hyper-parameters, same as those used in trial 85: {'frozen_layers': 6, 'classifier_dropout': 0.4, 'learning_rate': 3e-05, 'weight_decay': 1e-05, 'label_smoothing': 0.15, 'gradient_clipping': 2.0}.
[I 2026-02-04 06:15:05,668] Trial 174 pruned. Duplicate hyper-parameters, same as those used in trial 87: {'frozen_layers': 6, 'classifier_dropout': 0.4, 'learning_rate': 2e-05, 'weight_decay': 0.0001, 'label_smoothing': 0.15, 'gradient_clipping': 1.5}.
[I 2026-02-04 06:28:20,124] Trial 175 finished with value: 0.911697247706422 and parameters: {'frozen_layers': 0, 'classifier_dropout': 0.1, 'learning_rate': 3e-05, 'weight_decay': 0.001, 'label_smoothing': 0.0, 'gradient_clipping': 1.0}. Best is trial 13 with value: 0.9277522935779816.
[I 2026-02-04 06:41:34,313] Trial 176 finished with value: 0.9162844036697247 and parameters: {'frozen_layers': 0, 'classifier_dropout': 0.2, 'learning_rate': 2e-05, 'weight_decay': 1e-06, 'label_smoothing': 0.05, 'gradient_clipping': 0.5}. Best is trial 13 with value: 0.9277522935779816.
[I 2026-02-04 06:54:08,786] Trial 177 finished with value: 0.9036697247706422 and parameters: {'frozen_layers': 4, 'classifier_dropout': 0.4, 'learning_rate': 5e-05, 'weight_decay': 0.0001, 'label_smoothing': 0.05, 'gradient_clipping': 1.0}. Best is trial 13 with value: 0.9277522935779816.
[I 2026-02-04 07:07:02,237] Trial 178 finished with value: 0.9071100917431193 and parameters: {'frozen_layers': 2, 'classifier_dropout': 0.1, 'learning_rate': 0.0001, 'weight_decay': 0.0001, 'label_smoothing': 0.0, 'gradient_clipping': 2.0}. Best is trial 13 with value: 0.9277522935779816.
[I 2026-02-04 07:19:55,904] Trial 179 finished with value: 0.9094036697247706 and parameters: {'frozen_layers': 2, 'classifier_dropout': 0.4, 'learning_rate': 5e-05, 'weight_decay': 0.0001, 'label_smoothing': 0.05, 'gradient_clipping': 2.0}. Best is trial 13 with value: 0.9277522935779816.
[I 2026-02-04 07:33:08,069] Trial 180 finished with value: 0.9059633027522935 and parameters: {'frozen_layers': 0, 'classifier_dropout': 0.1, 'learning_rate': 5e-05, 'weight_decay': 1e-05, 'label_smoothing': 0.15, 'gradient_clipping': 2.0}. Best is trial 13 with value: 0.9277522935779816.
[I 2026-02-04 07:46:22,600] Trial 181 finished with value: 0.9025229357798165 and parameters: {'frozen_layers': 0, 'classifier_dropout': 0.4, 'learning_rate': 1e-05, 'weight_decay': 0.0001, 'label_smoothing': 0.1, 'gradient_clipping': 0.5}. Best is trial 13 with value: 0.9277522935779816.
[I 2026-02-04 07:59:20,314] Trial 182 finished with value: 0.9185779816513762 and parameters: {'frozen_layers': 2, 'classifier_dropout': 0.3, 'learning_rate': 1e-05, 'weight_decay': 1e-05, 'label_smoothing': 0.1, 'gradient_clipping': 0.5}. Best is trial 13 with value: 0.9277522935779816.
[I 2026-02-04 08:11:55,479] Trial 183 finished with value: 0.911697247706422 and parameters: {'frozen_layers': 4, 'classifier_dropout': 0.4, 'learning_rate': 0.0001, 'weight_decay': 1e-06, 'label_smoothing': 0.1, 'gradient_clipping': 1.5}. Best is trial 13 with value: 0.9277522935779816.
[I 2026-02-04 08:11:56,250] Trial 184 pruned. Duplicate hyper-parameters, same as those used in trial 81: {'frozen_layers': 4, 'classifier_dropout': 0.1, 'learning_rate': 1e-05, 'weight_decay': 0.0001, 'label_smoothing': 0.1, 'gradient_clipping': 1.0}.
[I 2026-02-04 08:24:31,298] Trial 185 finished with value: 0.9094036697247706 and parameters: {'frozen_layers': 4, 'classifier_dropout': 0.4, 'learning_rate': 2e-05, 'weight_decay': 0.0001, 'label_smoothing': 0.05, 'gradient_clipping': 2.0}. Best is trial 13 with value: 0.9277522935779816.
[I 2026-02-04 08:37:25,312] Trial 186 finished with value: 0.9036697247706422 and parameters: {'frozen_layers': 2, 'classifier_dropout': 0.4, 'learning_rate': 3e-05, 'weight_decay': 1e-05, 'label_smoothing': 0.1, 'gradient_clipping': 0.5}. Best is trial 13 with value: 0.9277522935779816.
[I 2026-02-04 08:50:37,177] Trial 187 finished with value: 0.9128440366972477 and parameters: {'frozen_layers': 0, 'classifier_dropout': 0.4, 'learning_rate': 3e-05, 'weight_decay': 1e-06, 'label_smoothing': 0.0, 'gradient_clipping': 1.5}. Best is trial 13 with value: 0.9277522935779816.
[I 2026-02-04 08:50:37,811] Trial 188 pruned. Duplicate hyper-parameters, same as those used in trial 56: {'frozen_layers': 6, 'classifier_dropout': 0.3, 'learning_rate': 2e-05, 'weight_decay': 0.0001, 'label_smoothing': 0.1, 'gradient_clipping': 2.0}.
[I 2026-02-04 09:03:12,515] Trial 189 finished with value: 0.9059633027522935 and parameters: {'frozen_layers': 4, 'classifier_dropout': 0.1, 'learning_rate': 3e-05, 'weight_decay': 1e-05, 'label_smoothing': 0.0, 'gradient_clipping': 1.0}. Best is trial 13 with value: 0.9277522935779816.
[I 2026-02-04 09:15:30,833] Trial 190 finished with value: 0.9128440366972477 and parameters: {'frozen_layers': 6, 'classifier_dropout': 0.2, 'learning_rate': 3e-05, 'weight_decay': 1e-05, 'label_smoothing': 0.1, 'gradient_clipping': 0.5}. Best is trial 13 with value: 0.9277522935779816.
[I 2026-02-04 09:28:26,717] Trial 191 finished with value: 0.9071100917431193 and parameters: {'frozen_layers': 2, 'classifier_dropout': 0.3, 'learning_rate': 0.0001, 'weight_decay': 0.0001, 'label_smoothing': 0.15, 'gradient_clipping': 1.0}. Best is trial 13 with value: 0.9277522935779816.
[I 2026-02-04 09:41:01,411] Trial 192 finished with value: 0.9025229357798165 and parameters: {'frozen_layers': 4, 'classifier_dropout': 0.2, 'learning_rate': 3e-05, 'weight_decay': 1e-06, 'label_smoothing': 0.05, 'gradient_clipping': 1.5}. Best is trial 13 with value: 0.9277522935779816.
[I 2026-02-04 09:54:15,551] Trial 193 finished with value: 0.9071100917431193 and parameters: {'frozen_layers': 0, 'classifier_dropout': 0.3, 'learning_rate': 5e-05, 'weight_decay': 1e-06, 'label_smoothing': 0.0, 'gradient_clipping': 0.5}. Best is trial 13 with value: 0.9277522935779816.
[I 2026-02-04 10:10:25,083] Trial 194 finished with value: 0.908256880733945 and parameters: {'frozen_layers': 4, 'classifier_dropout': 0.4, 'learning_rate': 5e-05, 'weight_decay': 1e-06, 'label_smoothing': 0.05, 'gradient_clipping': 2.0}. Best is trial 13 with value: 0.9277522935779816.
[I 2026-02-04 10:23:20,884] Trial 195 finished with value: 0.9162844036697247 and parameters: {'frozen_layers': 2, 'classifier_dropout': 0.3, 'learning_rate': 0.0001, 'weight_decay': 0.001, 'label_smoothing': 0.1, 'gradient_clipping': 1.5}. Best is trial 13 with value: 0.9277522935779816.
[I 2026-02-04 10:36:14,287] Trial 196 finished with value: 0.9128440366972477 and parameters: {'frozen_layers': 2, 'classifier_dropout': 0.2, 'learning_rate': 3e-05, 'weight_decay': 0.001, 'label_smoothing': 0.0, 'gradient_clipping': 0.5}. Best is trial 13 with value: 0.9277522935779816.
[I 2026-02-04 10:49:26,576] Trial 197 finished with value: 0.9002293577981652 and parameters: {'frozen_layers': 0, 'classifier_dropout': 0.2, 'learning_rate': 5e-05, 'weight_decay': 1e-06, 'label_smoothing': 0.15, 'gradient_clipping': 1.5}. Best is trial 13 with value: 0.9277522935779816.
[I 2026-02-04 11:02:24,891] Trial 198 finished with value: 0.9231651376146789 and parameters: {'frozen_layers': 2, 'classifier_dropout': 0.1, 'learning_rate': 1e-05, 'weight_decay': 0.0001, 'label_smoothing': 0.1, 'gradient_clipping': 1.0}. Best is trial 13 with value: 0.9277522935779816.
[I 2026-02-04 11:14:41,303] Trial 199 finished with value: 0.911697247706422 and parameters: {'frozen_layers': 6, 'classifier_dropout': 0.4, 'learning_rate': 5e-05, 'weight_decay': 1e-05, 'label_smoothing': 0.15, 'gradient_clipping': 1.5}. Best is trial 13 with value: 0.9277522935779816.
[I 2026-02-04 11:26:59,911] Trial 200 finished with value: 0.9139908256880734 and parameters: {'frozen_layers': 6, 'classifier_dropout': 0.2, 'learning_rate': 2e-05, 'weight_decay': 0.0001, 'label_smoothing': 0.15, 'gradient_clipping': 1.0}. Best is trial 13 with value: 0.9277522935779816.
[I 2026-02-04 11:45:50,641] Trial 201 finished with value: 0.911697247706422 and parameters: {'frozen_layers': 0, 'classifier_dropout': 0.3, 'learning_rate': 5e-05, 'weight_decay': 1e-06, 'label_smoothing': 0.05, 'gradient_clipping': 0.5}. Best is trial 13 with value: 0.9277522935779816.
[I 2026-02-04 11:58:06,235] Trial 202 finished with value: 0.9174311926605505 and parameters: {'frozen_layers': 6, 'classifier_dropout': 0.2, 'learning_rate': 0.0001, 'weight_decay': 1e-06, 'label_smoothing': 0.15, 'gradient_clipping': 0.5}. Best is trial 13 with value: 0.9277522935779816.
[I 2026-02-04 12:10:22,977] Trial 203 finished with value: 0.9105504587155964 and parameters: {'frozen_layers': 6, 'classifier_dropout': 0.3, 'learning_rate': 3e-05, 'weight_decay': 1e-05, 'label_smoothing': 0.15, 'gradient_clipping': 0.5}. Best is trial 13 with value: 0.9277522935779816.
[I 2026-02-04 12:23:18,190] Trial 204 finished with value: 0.8979357798165137 and parameters: {'frozen_layers': 2, 'classifier_dropout': 0.3, 'learning_rate': 0.0001, 'weight_decay': 1e-06, 'label_smoothing': 0.0, 'gradient_clipping': 1.0}. Best is trial 13 with value: 0.9277522935779816.
[I 2026-02-04 12:37:40,261] Trial 205 finished with value: 0.9197247706422018 and parameters: {'frozen_layers': 4, 'classifier_dropout': 0.3, 'learning_rate': 5e-05, 'weight_decay': 1e-06, 'label_smoothing': 0.1, 'gradient_clipping': 2.0}. Best is trial 13 with value: 0.9277522935779816.
[I 2026-02-04 12:50:55,148] Trial 206 finished with value: 0.908256880733945 and parameters: {'frozen_layers': 0, 'classifier_dropout': 0.1, 'learning_rate': 2e-05, 'weight_decay': 1e-06, 'label_smoothing': 0.05, 'gradient_clipping': 1.0}. Best is trial 13 with value: 0.9277522935779816.
[I 2026-02-04 13:03:49,522] Trial 207 finished with value: 0.9128440366972477 and parameters: {'frozen_layers': 2, 'classifier_dropout': 0.1, 'learning_rate': 3e-05, 'weight_decay': 1e-05, 'label_smoothing': 0.15, 'gradient_clipping': 2.0}. Best is trial 13 with value: 0.9277522935779816.
[I 2026-02-04 13:16:46,876] Trial 208 finished with value: 0.9231651376146789 and parameters: {'frozen_layers': 2, 'classifier_dropout': 0.3, 'learning_rate': 1e-05, 'weight_decay': 0.001, 'label_smoothing': 0.1, 'gradient_clipping': 1.0}. Best is trial 13 with value: 0.9277522935779816.
[I 2026-02-04 13:29:40,585] Trial 209 finished with value: 0.9059633027522935 and parameters: {'frozen_layers': 2, 'classifier_dropout': 0.4, 'learning_rate': 0.0001, 'weight_decay': 0.001, 'label_smoothing': 0.1, 'gradient_clipping': 0.5}. Best is trial 13 with value: 0.9277522935779816.
[I 2026-02-04 13:29:41,221] Trial 210 pruned. Duplicate hyper-parameters, same as those used in trial 11: {'frozen_layers': 2, 'classifier_dropout': 0.2, 'learning_rate': 2e-05, 'weight_decay': 1e-05, 'label_smoothing': 0.0, 'gradient_clipping': 0.5}.
[I 2026-02-04 13:42:34,150] Trial 211 finished with value: 0.9094036697247706 and parameters: {'frozen_layers': 2, 'classifier_dropout': 0.1, 'learning_rate': 2e-05, 'weight_decay': 0.001, 'label_smoothing': 0.05, 'gradient_clipping': 0.5}. Best is trial 13 with value: 0.9277522935779816.
[I 2026-02-04 13:55:08,636] Trial 212 finished with value: 0.9139908256880734 and parameters: {'frozen_layers': 4, 'classifier_dropout': 0.3, 'learning_rate': 0.0001, 'weight_decay': 0.0001, 'label_smoothing': 0.15, 'gradient_clipping': 2.0}. Best is trial 13 with value: 0.9277522935779816.
[I 2026-02-04 14:07:24,264] Trial 213 finished with value: 0.9071100917431193 and parameters: {'frozen_layers': 6, 'classifier_dropout': 0.4, 'learning_rate': 5e-05, 'weight_decay': 0.001, 'label_smoothing': 0.0, 'gradient_clipping': 0.5}. Best is trial 13 with value: 0.9277522935779816.
[I 2026-02-04 14:20:02,600] Trial 214 finished with value: 0.9128440366972477 and parameters: {'frozen_layers': 4, 'classifier_dropout': 0.3, 'learning_rate': 1e-05, 'weight_decay': 0.001, 'label_smoothing': 0.05, 'gradient_clipping': 0.5}. Best is trial 13 with value: 0.9277522935779816.
[I 2026-02-04 14:32:37,044] Trial 215 finished with value: 0.911697247706422 and parameters: {'frozen_layers': 4, 'classifier_dropout': 0.1, 'learning_rate': 3e-05, 'weight_decay': 0.001, 'label_smoothing': 0.0, 'gradient_clipping': 0.5}. Best is trial 13 with value: 0.9277522935779816.
[I 2026-02-04 14:44:51,963] Trial 216 finished with value: 0.9094036697247706 and parameters: {'frozen_layers': 6, 'classifier_dropout': 0.3, 'learning_rate': 5e-05, 'weight_decay': 1e-06, 'label_smoothing': 0.1, 'gradient_clipping': 2.0}. Best is trial 13 with value: 0.9277522935779816.
[I 2026-02-04 14:58:05,384] Trial 217 finished with value: 0.9036697247706422 and parameters: {'frozen_layers': 0, 'classifier_dropout': 0.3, 'learning_rate': 0.0001, 'weight_decay': 1e-06, 'label_smoothing': 0.1, 'gradient_clipping': 1.5}. Best is trial 13 with value: 0.9277522935779816.
[I 2026-02-04 15:10:41,819] Trial 218 finished with value: 0.911697247706422 and parameters: {'frozen_layers': 4, 'classifier_dropout': 0.3, 'learning_rate': 2e-05, 'weight_decay': 1e-05, 'label_smoothing': 0.1, 'gradient_clipping': 2.0}. Best is trial 13 with value: 0.9277522935779816.
[I 2026-02-04 15:23:39,821] Trial 219 finished with value: 0.9139908256880734 and parameters: {'frozen_layers': 2, 'classifier_dropout': 0.4, 'learning_rate': 1e-05, 'weight_decay': 1e-06, 'label_smoothing': 0.1, 'gradient_clipping': 2.0}. Best is trial 13 with value: 0.9277522935779816.
[I 2026-02-04 15:36:33,924] Trial 220 finished with value: 0.9105504587155964 and parameters: {'frozen_layers': 2, 'classifier_dropout': 0.3, 'learning_rate': 3e-05, 'weight_decay': 0.0001, 'label_smoothing': 0.05, 'gradient_clipping': 2.0}. Best is trial 13 with value: 0.9277522935779816.
[I 2026-02-04 15:49:27,974] Trial 221 finished with value: 0.908256880733945 and parameters: {'frozen_layers': 2, 'classifier_dropout': 0.3, 'learning_rate': 5e-05, 'weight_decay': 0.0001, 'label_smoothing': 0.15, 'gradient_clipping': 1.5}. Best is trial 13 with value: 0.9277522935779816.
[I 2026-02-04 16:02:05,308] Trial 222 finished with value: 0.9139908256880734 and parameters: {'frozen_layers': 4, 'classifier_dropout': 0.3, 'learning_rate': 1e-05, 'weight_decay': 1e-05, 'label_smoothing': 0.1, 'gradient_clipping': 2.0}. Best is trial 13 with value: 0.9277522935779816.
[I 2026-02-04 16:15:17,604] Trial 223 finished with value: 0.9071100917431193 and parameters: {'frozen_layers': 0, 'classifier_dropout': 0.1, 'learning_rate': 3e-05, 'weight_decay': 0.001, 'label_smoothing': 0.15, 'gradient_clipping': 1.0}. Best is trial 13 with value: 0.9277522935779816.
[I 2026-02-04 16:27:52,451] Trial 224 finished with value: 0.9071100917431193 and parameters: {'frozen_layers': 4, 'classifier_dropout': 0.4, 'learning_rate': 3e-05, 'weight_decay': 1e-05, 'label_smoothing': 0.15, 'gradient_clipping': 2.0}. Best is trial 13 with value: 0.9277522935779816.
[I 2026-02-04 16:40:07,327] Trial 225 finished with value: 0.911697247706422 and parameters: {'frozen_layers': 6, 'classifier_dropout': 0.3, 'learning_rate': 2e-05, 'weight_decay': 1e-05, 'label_smoothing': 0.05, 'gradient_clipping': 0.5}. Best is trial 13 with value: 0.9277522935779816.
[I 2026-02-04 16:52:45,053] Trial 226 finished with value: 0.9139908256880734 and parameters: {'frozen_layers': 4, 'classifier_dropout': 0.1, 'learning_rate': 1e-05, 'weight_decay': 0.0001, 'label_smoothing': 0.05, 'gradient_clipping': 2.0}. Best is trial 13 with value: 0.9277522935779816.
[I 2026-02-04 17:05:40,411] Trial 227 finished with value: 0.9094036697247706 and parameters: {'frozen_layers': 2, 'classifier_dropout': 0.3, 'learning_rate': 1e-05, 'weight_decay': 0.001, 'label_smoothing': 0.05, 'gradient_clipping': 1.0}. Best is trial 13 with value: 0.9277522935779816.
[I 2026-02-04 17:18:14,511] Trial 228 finished with value: 0.9025229357798165 and parameters: {'frozen_layers': 4, 'classifier_dropout': 0.3, 'learning_rate': 0.0001, 'weight_decay': 0.0001, 'label_smoothing': 0.0, 'gradient_clipping': 0.5}. Best is trial 13 with value: 0.9277522935779816.
[I 2026-02-04 17:31:12,391] Trial 229 finished with value: 0.908256880733945 and parameters: {'frozen_layers': 2, 'classifier_dropout': 0.3, 'learning_rate': 0.0001, 'weight_decay': 0.001, 'label_smoothing': 0.1, 'gradient_clipping': 2.0}. Best is trial 13 with value: 0.9277522935779816.
[I 2026-02-04 17:44:24,690] Trial 230 finished with value: 0.8979357798165137 and parameters: {'frozen_layers': 0, 'classifier_dropout': 0.2, 'learning_rate': 5e-05, 'weight_decay': 0.0001, 'label_smoothing': 0.1, 'gradient_clipping': 1.5}. Best is trial 13 with value: 0.9277522935779816.
[I 2026-02-04 17:56:42,173] Trial 231 finished with value: 0.9048165137614679 and parameters: {'frozen_layers': 6, 'classifier_dropout': 0.3, 'learning_rate': 1e-05, 'weight_decay': 0.0001, 'label_smoothing': 0.15, 'gradient_clipping': 2.0}. Best is trial 13 with value: 0.9277522935779816.
[I 2026-02-04 18:09:35,049] Trial 232 finished with value: 0.9025229357798165 and parameters: {'frozen_layers': 2, 'classifier_dropout': 0.3, 'learning_rate': 2e-05, 'weight_decay': 1e-06, 'label_smoothing': 0.0, 'gradient_clipping': 1.5}. Best is trial 13 with value: 0.9277522935779816.
[I 2026-02-04 18:22:08,909] Trial 233 finished with value: 0.9151376146788991 and parameters: {'frozen_layers': 4, 'classifier_dropout': 0.2, 'learning_rate': 5e-05, 'weight_decay': 0.001, 'label_smoothing': 0.1, 'gradient_clipping': 2.0}. Best is trial 13 with value: 0.9277522935779816.
[I 2026-02-04 18:34:45,458] Trial 234 finished with value: 0.911697247706422 and parameters: {'frozen_layers': 4, 'classifier_dropout': 0.4, 'learning_rate': 2e-05, 'weight_decay': 0.001, 'label_smoothing': 0.1, 'gradient_clipping': 1.0}. Best is trial 13 with value: 0.9277522935779816.
[I 2026-02-04 18:46:59,846] Trial 235 finished with value: 0.9036697247706422 and parameters: {'frozen_layers': 6, 'classifier_dropout': 0.4, 'learning_rate': 5e-05, 'weight_decay': 0.0001, 'label_smoothing': 0.0, 'gradient_clipping': 0.5}. Best is trial 13 with value: 0.9277522935779816.
[I 2026-02-04 18:59:17,372] Trial 236 finished with value: 0.9094036697247706 and parameters: {'frozen_layers': 6, 'classifier_dropout': 0.1, 'learning_rate': 2e-05, 'weight_decay': 1e-05, 'label_smoothing': 0.05, 'gradient_clipping': 1.0}. Best is trial 13 with value: 0.9277522935779816.
[I 2026-02-04 19:12:29,895] Trial 237 finished with value: 0.9025229357798165 and parameters: {'frozen_layers': 0, 'classifier_dropout': 0.3, 'learning_rate': 0.0001, 'weight_decay': 0.0001, 'label_smoothing': 0.0, 'gradient_clipping': 2.0}. Best is trial 13 with value: 0.9277522935779816.
[I 2026-02-04 19:25:25,178] Trial 238 finished with value: 0.9139908256880734 and parameters: {'frozen_layers': 2, 'classifier_dropout': 0.4, 'learning_rate': 2e-05, 'weight_decay': 0.001, 'label_smoothing': 0.15, 'gradient_clipping': 0.5}. Best is trial 13 with value: 0.9277522935779816.
[I 2026-02-04 19:38:41,887] Trial 239 finished with value: 0.9174311926605505 and parameters: {'frozen_layers': 0, 'classifier_dropout': 0.1, 'learning_rate': 1e-05, 'weight_decay': 1e-05, 'label_smoothing': 0.05, 'gradient_clipping': 2.0}. Best is trial 13 with value: 0.9277522935779816.
[I 2026-02-04 19:50:55,549] Trial 240 finished with value: 0.9048165137614679 and parameters: {'frozen_layers': 6, 'classifier_dropout': 0.2, 'learning_rate': 3e-05, 'weight_decay': 1e-06, 'label_smoothing': 0.0, 'gradient_clipping': 1.0}. Best is trial 13 with value: 0.9277522935779816.
[I 2026-02-04 20:03:09,251] Trial 241 finished with value: 0.9059633027522935 and parameters: {'frozen_layers': 6, 'classifier_dropout': 0.4, 'learning_rate': 5e-05, 'weight_decay': 1e-06, 'label_smoothing': 0.15, 'gradient_clipping': 0.5}. Best is trial 13 with value: 0.9277522935779816.
[UPDATE] 150 completed trials using a random sampler. Switching from random to TPE sampling.
[I 2026-02-04 20:03:09,884] Trial 242 pruned. Duplicate hyper-parameters, same as those used in trial 182: {'frozen_layers': 2, 'classifier_dropout': 0.3, 'learning_rate': 1e-05, 'weight_decay': 1e-05, 'label_smoothing': 0.1, 'gradient_clipping': 0.5}.
[I 2026-02-04 20:03:10,381] Trial 243 pruned. Duplicate hyper-parameters, same as those used in trial 239: {'frozen_layers': 0, 'classifier_dropout': 0.1, 'learning_rate': 1e-05, 'weight_decay': 1e-05, 'label_smoothing': 0.05, 'gradient_clipping': 2.0}.
[I 2026-02-04 20:03:10,872] Trial 244 pruned. Duplicate hyper-parameters, same as those used in trial 200: {'frozen_layers': 6, 'classifier_dropout': 0.2, 'learning_rate': 2e-05, 'weight_decay': 0.0001, 'label_smoothing': 0.15, 'gradient_clipping': 1.0}.
[I 2026-02-04 20:03:11,414] Trial 245 pruned. Duplicate hyper-parameters, same as those used in trial 208: {'frozen_layers': 2, 'classifier_dropout': 0.3, 'learning_rate': 1e-05, 'weight_decay': 0.001, 'label_smoothing': 0.1, 'gradient_clipping': 1.0}.
[I 2026-02-04 20:03:12,001] Trial 246 pruned. Duplicate hyper-parameters, same as those used in trial 176: {'frozen_layers': 0, 'classifier_dropout': 0.2, 'learning_rate': 2e-05, 'weight_decay': 1e-06, 'label_smoothing': 0.05, 'gradient_clipping': 0.5}.
[I 2026-02-04 20:03:12,566] Trial 247 pruned. Duplicate hyper-parameters, same as those used in trial 205: {'frozen_layers': 4, 'classifier_dropout': 0.3, 'learning_rate': 5e-05, 'weight_decay': 1e-06, 'label_smoothing': 0.1, 'gradient_clipping': 2.0}.
[I 2026-02-04 20:03:13,123] Trial 248 pruned. Duplicate hyper-parameters, same as those used in trial 233: {'frozen_layers': 4, 'classifier_dropout': 0.2, 'learning_rate': 5e-05, 'weight_decay': 0.001, 'label_smoothing': 0.1, 'gradient_clipping': 2.0}.
[I 2026-02-04 20:03:13,688] Trial 249 pruned. Duplicate hyper-parameters, same as those used in trial 195: {'frozen_layers': 2, 'classifier_dropout': 0.3, 'learning_rate': 0.0001, 'weight_decay': 0.001, 'label_smoothing': 0.1, 'gradient_clipping': 1.5}.
[I 2026-02-04 20:03:14,311] Trial 250 pruned. Duplicate hyper-parameters, same as those used in trial 202: {'frozen_layers': 6, 'classifier_dropout': 0.2, 'learning_rate': 0.0001, 'weight_decay': 1e-06, 'label_smoothing': 0.15, 'gradient_clipping': 0.5}.
[I 2026-02-04 20:16:10,392] Trial 251 finished with value: 0.9185779816513762 and parameters: {'frozen_layers': 2, 'classifier_dropout': 0.3, 'learning_rate': 3e-05, 'weight_decay': 0.001, 'label_smoothing': 0.15, 'gradient_clipping': 1.0}. Best is trial 13 with value: 0.9277522935779816.
[I 2026-02-04 20:29:07,710] Trial 252 finished with value: 0.9220183486238532 and parameters: {'frozen_layers': 2, 'classifier_dropout': 0.2, 'learning_rate': 1e-05, 'weight_decay': 0.0001, 'label_smoothing': 0.15, 'gradient_clipping': 0.5}. Best is trial 13 with value: 0.9277522935779816.
[I 2026-02-04 20:29:08,253] Trial 253 pruned. Duplicate hyper-parameters, same as those used in trial 251: {'frozen_layers': 2, 'classifier_dropout': 0.3, 'learning_rate': 3e-05, 'weight_decay': 0.001, 'label_smoothing': 0.15, 'gradient_clipping': 1.0}.
[I 2026-02-04 20:42:06,164] Trial 254 finished with value: 0.9185779816513762 and parameters: {'frozen_layers': 2, 'classifier_dropout': 0.2, 'learning_rate': 1e-05, 'weight_decay': 0.0001, 'label_smoothing': 0.1, 'gradient_clipping': 0.5}. Best is trial 13 with value: 0.9277522935779816.
[I 2026-02-04 20:55:00,188] Trial 255 finished with value: 0.908256880733945 and parameters: {'frozen_layers': 2, 'classifier_dropout': 0.1, 'learning_rate': 3e-05, 'weight_decay': 0.0001, 'label_smoothing': 0.1, 'gradient_clipping': 1.0}. Best is trial 13 with value: 0.9277522935779816.
[I 2026-02-04 20:55:00,706] Trial 256 pruned. Duplicate hyper-parameters, same as those used in trial 252: {'frozen_layers': 2, 'classifier_dropout': 0.2, 'learning_rate': 1e-05, 'weight_decay': 0.0001, 'label_smoothing': 0.15, 'gradient_clipping': 0.5}.
[I 2026-02-04 20:55:01,277] Trial 257 pruned. Duplicate hyper-parameters, same as those used in trial 254: {'frozen_layers': 2, 'classifier_dropout': 0.2, 'learning_rate': 1e-05, 'weight_decay': 0.0001, 'label_smoothing': 0.1, 'gradient_clipping': 0.5}.
[I 2026-02-04 21:07:59,648] Trial 258 finished with value: 0.9197247706422018 and parameters: {'frozen_layers': 2, 'classifier_dropout': 0.3, 'learning_rate': 1e-05, 'weight_decay': 1e-05, 'label_smoothing': 0.15, 'gradient_clipping': 1.5}. Best is trial 13 with value: 0.9277522935779816.
[I 2026-02-04 21:08:00,190] Trial 259 pruned. Duplicate hyper-parameters, same as those used in trial 258: {'frozen_layers': 2, 'classifier_dropout': 0.3, 'learning_rate': 1e-05, 'weight_decay': 1e-05, 'label_smoothing': 0.15, 'gradient_clipping': 1.5}.
[I 2026-02-04 21:08:00,688] Trial 260 pruned. Duplicate hyper-parameters, same as those used in trial 198: {'frozen_layers': 2, 'classifier_dropout': 0.1, 'learning_rate': 1e-05, 'weight_decay': 0.0001, 'label_smoothing': 0.1, 'gradient_clipping': 1.0}.
[I 2026-02-04 21:20:58,262] Trial 261 finished with value: 0.9197247706422018 and parameters: {'frozen_layers': 2, 'classifier_dropout': 0.2, 'learning_rate': 1e-05, 'weight_decay': 0.001, 'label_smoothing': 0.15, 'gradient_clipping': 1.5}. Best is trial 13 with value: 0.9277522935779816.
[I 2026-02-04 21:36:04,597] Trial 262 finished with value: 0.911697247706422 and parameters: {'frozen_layers': 0, 'classifier_dropout': 0.2, 'learning_rate': 1e-05, 'weight_decay': 0.001, 'label_smoothing': 0.15, 'gradient_clipping': 1.5}. Best is trial 13 with value: 0.9277522935779816.
[I 2026-02-04 21:49:02,825] Trial 263 finished with value: 0.9220183486238532 and parameters: {'frozen_layers': 2, 'classifier_dropout': 0.3, 'learning_rate': 1e-05, 'weight_decay': 1e-06, 'label_smoothing': 0.15, 'gradient_clipping': 0.5}. Best is trial 13 with value: 0.9277522935779816.
[I 2026-02-04 21:49:03,316] Trial 264 pruned. Duplicate hyper-parameters, same as those used in trial 263: {'frozen_layers': 2, 'classifier_dropout': 0.3, 'learning_rate': 1e-05, 'weight_decay': 1e-06, 'label_smoothing': 0.15, 'gradient_clipping': 0.5}.
[I 2026-02-04 21:49:03,805] Trial 265 pruned. Duplicate hyper-parameters, same as those used in trial 261: {'frozen_layers': 2, 'classifier_dropout': 0.2, 'learning_rate': 1e-05, 'weight_decay': 0.001, 'label_smoothing': 0.15, 'gradient_clipping': 1.5}.
[I 2026-02-04 22:01:56,430] Trial 266 finished with value: 0.9036697247706422 and parameters: {'frozen_layers': 2, 'classifier_dropout': 0.2, 'learning_rate': 0.0001, 'weight_decay': 0.001, 'label_smoothing': 0.0, 'gradient_clipping': 1.5}. Best is trial 13 with value: 0.9277522935779816.
[I 2026-02-04 22:14:53,840] Trial 267 finished with value: 0.9208715596330275 and parameters: {'frozen_layers': 2, 'classifier_dropout': 0.1, 'learning_rate': 1e-05, 'weight_decay': 0.001, 'label_smoothing': 0.0, 'gradient_clipping': 1.5}. Best is trial 13 with value: 0.9277522935779816.
[I 2026-02-04 22:14:54,354] Trial 268 pruned. Duplicate hyper-parameters, same as those used in trial 267: {'frozen_layers': 2, 'classifier_dropout': 0.1, 'learning_rate': 1e-05, 'weight_decay': 0.001, 'label_smoothing': 0.0, 'gradient_clipping': 1.5}.
[I 2026-02-04 22:27:51,472] Trial 269 finished with value: 0.9231651376146789 and parameters: {'frozen_layers': 2, 'classifier_dropout': 0.2, 'learning_rate': 1e-05, 'weight_decay': 0.001, 'label_smoothing': 0.1, 'gradient_clipping': 1.0}. Best is trial 13 with value: 0.9277522935779816.
[I 2026-02-04 22:40:49,211] Trial 270 finished with value: 0.9174311926605505 and parameters: {'frozen_layers': 2, 'classifier_dropout': 0.4, 'learning_rate': 1e-05, 'weight_decay': 0.001, 'label_smoothing': 0.1, 'gradient_clipping': 1.5}. Best is trial 13 with value: 0.9277522935779816.
[I 2026-02-04 22:53:46,309] Trial 271 finished with value: 0.9185779816513762 and parameters: {'frozen_layers': 2, 'classifier_dropout': 0.2, 'learning_rate': 1e-05, 'weight_decay': 0.001, 'label_smoothing': 0.15, 'gradient_clipping': 1.0}. Best is trial 13 with value: 0.9277522935779816.
[I 2026-02-04 22:53:46,896] Trial 272 pruned. Duplicate hyper-parameters, same as those used in trial 269: {'frozen_layers': 2, 'classifier_dropout': 0.2, 'learning_rate': 1e-05, 'weight_decay': 0.001, 'label_smoothing': 0.1, 'gradient_clipping': 1.0}.
[I 2026-02-04 22:53:47,469] Trial 273 pruned. Duplicate hyper-parameters, same as those used in trial 271: {'frozen_layers': 2, 'classifier_dropout': 0.2, 'learning_rate': 1e-05, 'weight_decay': 0.001, 'label_smoothing': 0.15, 'gradient_clipping': 1.0}.
[I 2026-02-04 23:06:40,897] Trial 274 finished with value: 0.8944954128440367 and parameters: {'frozen_layers': 2, 'classifier_dropout': 0.2, 'learning_rate': 3e-05, 'weight_decay': 0.0001, 'label_smoothing': 0.15, 'gradient_clipping': 1.0}. Best is trial 13 with value: 0.9277522935779816.
[I 2026-02-04 23:25:04,685] Trial 275 finished with value: 0.9036697247706422 and parameters: {'frozen_layers': 2, 'classifier_dropout': 0.3, 'learning_rate': 5e-05, 'weight_decay': 0.001, 'label_smoothing': 0.15, 'gradient_clipping': 0.5}. Best is trial 13 with value: 0.9277522935779816.
[I 2026-02-04 23:38:00,377] Trial 276 finished with value: 0.9105504587155964 and parameters: {'frozen_layers': 2, 'classifier_dropout': 0.4, 'learning_rate': 1e-05, 'weight_decay': 0.0001, 'label_smoothing': 0.05, 'gradient_clipping': 0.5}. Best is trial 13 with value: 0.9277522935779816.
[I 2026-02-04 23:50:38,996] Trial 277 finished with value: 0.9128440366972477 and parameters: {'frozen_layers': 4, 'classifier_dropout': 0.2, 'learning_rate': 1e-05, 'weight_decay': 0.001, 'label_smoothing': 0.1, 'gradient_clipping': 1.5}. Best is trial 13 with value: 0.9277522935779816.
[I 2026-02-05 00:02:54,230] Trial 278 finished with value: 0.9059633027522935 and parameters: {'frozen_layers': 6, 'classifier_dropout': 0.3, 'learning_rate': 3e-05, 'weight_decay': 1e-06, 'label_smoothing': 0.15, 'gradient_clipping': 2.0}. Best is trial 13 with value: 0.9277522935779816.
[I 2026-02-05 00:15:51,931] Trial 279 finished with value: 0.9220183486238532 and parameters: {'frozen_layers': 2, 'classifier_dropout': 0.1, 'learning_rate': 1e-05, 'weight_decay': 1e-05, 'label_smoothing': 0.0, 'gradient_clipping': 2.0}. Best is trial 13 with value: 0.9277522935779816.
[I 2026-02-05 00:28:50,106] Trial 280 finished with value: 0.9220183486238532 and parameters: {'frozen_layers': 2, 'classifier_dropout': 0.2, 'learning_rate': 1e-05, 'weight_decay': 0.0001, 'label_smoothing': 0.0, 'gradient_clipping': 2.0}. Best is trial 13 with value: 0.9277522935779816.
[I 2026-02-05 00:28:50,625] Trial 281 pruned. Duplicate hyper-parameters, same as those used in trial 280: {'frozen_layers': 2, 'classifier_dropout': 0.2, 'learning_rate': 1e-05, 'weight_decay': 0.0001, 'label_smoothing': 0.0, 'gradient_clipping': 2.0}.
[I 2026-02-05 00:47:46,990] Trial 282 finished with value: 0.9277522935779816 and parameters: {'frozen_layers': 0, 'classifier_dropout': 0.4, 'learning_rate': 5e-05, 'weight_decay': 0.0001, 'label_smoothing': 0.15, 'gradient_clipping': 0.5}. Best is trial 13 with value: 0.9277522935779816.
[I 2026-02-05 00:47:47,613] Trial 283 pruned. Duplicate hyper-parameters, same as those used in trial 282: {'frozen_layers': 0, 'classifier_dropout': 0.4, 'learning_rate': 5e-05, 'weight_decay': 0.0001, 'label_smoothing': 0.15, 'gradient_clipping': 0.5}.
[I 2026-02-05 01:00:46,184] Trial 284 finished with value: 0.9197247706422018 and parameters: {'frozen_layers': 2, 'classifier_dropout': 0.2, 'learning_rate': 1e-05, 'weight_decay': 0.0001, 'label_smoothing': 0.15, 'gradient_clipping': 1.5}. Best is trial 13 with value: 0.9277522935779816.
[I 2026-02-05 01:13:24,536] Trial 285 finished with value: 0.9128440366972477 and parameters: {'frozen_layers': 4, 'classifier_dropout': 0.1, 'learning_rate': 1e-05, 'weight_decay': 1e-05, 'label_smoothing': 0.0, 'gradient_clipping': 2.0}. Best is trial 13 with value: 0.9277522935779816.
[I 2026-02-05 01:13:25,074] Trial 286 pruned. Duplicate hyper-parameters, same as those used in trial 279: {'frozen_layers': 2, 'classifier_dropout': 0.1, 'learning_rate': 1e-05, 'weight_decay': 1e-05, 'label_smoothing': 0.0, 'gradient_clipping': 2.0}.
[I 2026-02-05 01:26:20,575] Trial 287 finished with value: 0.9185779816513762 and parameters: {'frozen_layers': 2, 'classifier_dropout': 0.1, 'learning_rate': 1e-05, 'weight_decay': 0.001, 'label_smoothing': 0.05, 'gradient_clipping': 2.0}. Best is trial 13 with value: 0.9277522935779816.
[I 2026-02-05 01:39:16,396] Trial 288 finished with value: 0.9071100917431193 and parameters: {'frozen_layers': 2, 'classifier_dropout': 0.2, 'learning_rate': 0.0001, 'weight_decay': 0.0001, 'label_smoothing': 0.15, 'gradient_clipping': 1.5}. Best is trial 13 with value: 0.9277522935779816.
[I 2026-02-05 01:52:30,617] Trial 289 finished with value: 0.9025229357798165 and parameters: {'frozen_layers': 0, 'classifier_dropout': 0.3, 'learning_rate': 1e-05, 'weight_decay': 0.0001, 'label_smoothing': 0.15, 'gradient_clipping': 0.5}. Best is trial 13 with value: 0.9277522935779816.
[I 2026-02-05 02:04:48,243] Trial 290 finished with value: 0.908256880733945 and parameters: {'frozen_layers': 6, 'classifier_dropout': 0.2, 'learning_rate': 1e-05, 'weight_decay': 0.001, 'label_smoothing': 0.0, 'gradient_clipping': 1.5}. Best is trial 13 with value: 0.9277522935779816.
[I 2026-02-05 02:04:48,904] Trial 291 pruned. Duplicate hyper-parameters, same as those used in trial 284: {'frozen_layers': 2, 'classifier_dropout': 0.2, 'learning_rate': 1e-05, 'weight_decay': 0.0001, 'label_smoothing': 0.15, 'gradient_clipping': 1.5}.
[I 2026-02-05 02:17:44,846] Trial 292 finished with value: 0.9139908256880734 and parameters: {'frozen_layers': 2, 'classifier_dropout': 0.3, 'learning_rate': 2e-05, 'weight_decay': 0.0001, 'label_smoothing': 0.15, 'gradient_clipping': 0.5}. Best is trial 13 with value: 0.9277522935779816.
[I 2026-02-05 02:31:01,299] Trial 293 finished with value: 0.9094036697247706 and parameters: {'frozen_layers': 0, 'classifier_dropout': 0.3, 'learning_rate': 1e-05, 'weight_decay': 1e-06, 'label_smoothing': 0.15, 'gradient_clipping': 2.0}. Best is trial 13 with value: 0.9277522935779816.
[I 2026-02-05 02:43:59,367] Trial 294 finished with value: 0.9174311926605505 and parameters: {'frozen_layers': 2, 'classifier_dropout': 0.2, 'learning_rate': 1e-05, 'weight_decay': 1e-05, 'label_smoothing': 0.1, 'gradient_clipping': 1.5}. Best is trial 13 with value: 0.9277522935779816.
[I 2026-02-05 02:58:44,863] Trial 295 finished with value: 0.9162844036697247 and parameters: {'frozen_layers': 2, 'classifier_dropout': 0.3, 'learning_rate': 0.0001, 'weight_decay': 1e-05, 'label_smoothing': 0.1, 'gradient_clipping': 1.0}. Best is trial 13 with value: 0.9277522935779816.
[I 2026-02-05 03:11:40,545] Trial 296 finished with value: 0.9094036697247706 and parameters: {'frozen_layers': 2, 'classifier_dropout': 0.3, 'learning_rate': 3e-05, 'weight_decay': 1e-05, 'label_smoothing': 0.0, 'gradient_clipping': 2.0}. Best is trial 13 with value: 0.9277522935779816.
[I 2026-02-05 03:24:15,528] Trial 297 finished with value: 0.9094036697247706 and parameters: {'frozen_layers': 4, 'classifier_dropout': 0.3, 'learning_rate': 5e-05, 'weight_decay': 0.0001, 'label_smoothing': 0.15, 'gradient_clipping': 0.5}. Best is trial 13 with value: 0.9277522935779816.
[I 2026-02-05 03:37:10,867] Trial 298 finished with value: 0.911697247706422 and parameters: {'frozen_layers': 2, 'classifier_dropout': 0.3, 'learning_rate': 2e-05, 'weight_decay': 1e-05, 'label_smoothing': 0.1, 'gradient_clipping': 1.5}. Best is trial 13 with value: 0.9277522935779816.
[I 2026-02-05 03:50:08,517] Trial 299 finished with value: 0.9220183486238532 and parameters: {'frozen_layers': 2, 'classifier_dropout': 0.3, 'learning_rate': 1e-05, 'weight_decay': 1e-06, 'label_smoothing': 0.0, 'gradient_clipping': 2.0}. Best is trial 13 with value: 0.9277522935779816.
[I 2026-02-05 03:50:09,120] Trial 300 pruned. Duplicate hyper-parameters, same as those used in trial 299: {'frozen_layers': 2, 'classifier_dropout': 0.3, 'learning_rate': 1e-05, 'weight_decay': 1e-06, 'label_smoothing': 0.0, 'gradient_clipping': 2.0}.
[I 2026-02-05 04:03:06,742] Trial 301 finished with value: 0.9208715596330275 and parameters: {'frozen_layers': 2, 'classifier_dropout': 0.1, 'learning_rate': 1e-05, 'weight_decay': 0.0001, 'label_smoothing': 0.0, 'gradient_clipping': 1.0}. Best is trial 13 with value: 0.9277522935779816.
[I 2026-02-05 04:16:20,471] Trial 302 finished with value: 0.9025229357798165 and parameters: {'frozen_layers': 0, 'classifier_dropout': 0.3, 'learning_rate': 1e-05, 'weight_decay': 1e-05, 'label_smoothing': 0.0, 'gradient_clipping': 2.0}. Best is trial 13 with value: 0.9277522935779816.
[I 2026-02-05 04:16:21,004] Trial 303 pruned. Duplicate hyper-parameters, same as those used in trial 301: {'frozen_layers': 2, 'classifier_dropout': 0.1, 'learning_rate': 1e-05, 'weight_decay': 0.0001, 'label_smoothing': 0.0, 'gradient_clipping': 1.0}.
[I 2026-02-05 04:29:16,473] Trial 304 finished with value: 0.9105504587155964 and parameters: {'frozen_layers': 2, 'classifier_dropout': 0.2, 'learning_rate': 1e-05, 'weight_decay': 0.001, 'label_smoothing': 0.05, 'gradient_clipping': 0.5}. Best is trial 13 with value: 0.9277522935779816.
[I 2026-02-05 04:42:13,198] Trial 305 finished with value: 0.9185779816513762 and parameters: {'frozen_layers': 2, 'classifier_dropout': 0.2, 'learning_rate': 1e-05, 'weight_decay': 1e-06, 'label_smoothing': 0.0, 'gradient_clipping': 0.5}. Best is trial 13 with value: 0.9277522935779816.
[I 2026-02-05 04:54:50,783] Trial 306 finished with value: 0.9174311926605505 and parameters: {'frozen_layers': 4, 'classifier_dropout': 0.2, 'learning_rate': 1e-05, 'weight_decay': 0.001, 'label_smoothing': 0.0, 'gradient_clipping': 0.5}. Best is trial 13 with value: 0.9277522935779816.
[I 2026-02-05 05:07:25,659] Trial 307 finished with value: 0.9094036697247706 and parameters: {'frozen_layers': 4, 'classifier_dropout': 0.2, 'learning_rate': 3e-05, 'weight_decay': 0.001, 'label_smoothing': 0.15, 'gradient_clipping': 1.0}. Best is trial 13 with value: 0.9277522935779816.
[I 2026-02-05 05:20:03,599] Trial 308 finished with value: 0.9128440366972477 and parameters: {'frozen_layers': 4, 'classifier_dropout': 0.4, 'learning_rate': 1e-05, 'weight_decay': 0.001, 'label_smoothing': 0.15, 'gradient_clipping': 0.5}. Best is trial 13 with value: 0.9277522935779816.
[I 2026-02-05 05:33:01,130] Trial 309 finished with value: 0.9220183486238532 and parameters: {'frozen_layers': 2, 'classifier_dropout': 0.1, 'learning_rate': 1e-05, 'weight_decay': 0.001, 'label_smoothing': 0.15, 'gradient_clipping': 0.5}. Best is trial 13 with value: 0.9277522935779816.
[I 2026-02-05 05:33:01,681] Trial 310 pruned. Duplicate hyper-parameters, same as those used in trial 309: {'frozen_layers': 2, 'classifier_dropout': 0.1, 'learning_rate': 1e-05, 'weight_decay': 0.001, 'label_smoothing': 0.15, 'gradient_clipping': 0.5}.
[I 2026-02-05 05:46:15,454] Trial 311 finished with value: 0.9220183486238532 and parameters: {'frozen_layers': 0, 'classifier_dropout': 0.2, 'learning_rate': 3e-05, 'weight_decay': 1e-06, 'label_smoothing': 0.15, 'gradient_clipping': 2.0}. Best is trial 13 with value: 0.9277522935779816.
[I 2026-02-05 05:58:54,159] Trial 312 finished with value: 0.9128440366972477 and parameters: {'frozen_layers': 4, 'classifier_dropout': 0.1, 'learning_rate': 1e-05, 'weight_decay': 1e-06, 'label_smoothing': 0.15, 'gradient_clipping': 0.5}. Best is trial 13 with value: 0.9277522935779816.
[I 2026-02-05 06:11:52,872] Trial 313 finished with value: 0.9231651376146789 and parameters: {'frozen_layers': 2, 'classifier_dropout': 0.3, 'learning_rate': 1e-05, 'weight_decay': 1e-06, 'label_smoothing': 0.1, 'gradient_clipping': 1.0}. Best is trial 13 with value: 0.9277522935779816.
[I 2026-02-05 06:24:46,498] Trial 314 finished with value: 0.9059633027522935 and parameters: {'frozen_layers': 2, 'classifier_dropout': 0.3, 'learning_rate': 2e-05, 'weight_decay': 1e-06, 'label_smoothing': 0.15, 'gradient_clipping': 2.0}. Best is trial 13 with value: 0.9277522935779816.
[I 2026-02-05 06:24:47,023] Trial 315 pruned. Duplicate hyper-parameters, same as those used in trial 313: {'frozen_layers': 2, 'classifier_dropout': 0.3, 'learning_rate': 1e-05, 'weight_decay': 1e-06, 'label_smoothing': 0.1, 'gradient_clipping': 1.0}.
[I 2026-02-05 06:24:47,536] Trial 316 pruned. Duplicate hyper-parameters, same as those used in trial 311: {'frozen_layers': 0, 'classifier_dropout': 0.2, 'learning_rate': 3e-05, 'weight_decay': 1e-06, 'label_smoothing': 0.15, 'gradient_clipping': 2.0}.
[I 2026-02-05 06:38:01,607] Trial 317 finished with value: 0.9220183486238532 and parameters: {'frozen_layers': 0, 'classifier_dropout': 0.1, 'learning_rate': 3e-05, 'weight_decay': 1e-06, 'label_smoothing': 0.15, 'gradient_clipping': 2.0}. Best is trial 13 with value: 0.9277522935779816.
[I 2026-02-05 06:51:13,403] Trial 318 finished with value: 0.9048165137614679 and parameters: {'frozen_layers': 0, 'classifier_dropout': 0.1, 'learning_rate': 3e-05, 'weight_decay': 1e-06, 'label_smoothing': 0.1, 'gradient_clipping': 2.0}. Best is trial 13 with value: 0.9277522935779816.
[I 2026-02-05 07:08:10,840] Trial 319 finished with value: 0.908256880733945 and parameters: {'frozen_layers': 0, 'classifier_dropout': 0.1, 'learning_rate': 0.0001, 'weight_decay': 1e-06, 'label_smoothing': 0.15, 'gradient_clipping': 0.5}. Best is trial 13 with value: 0.9277522935779816.
[I 2026-02-05 07:21:08,530] Trial 320 finished with value: 0.9220183486238532 and parameters: {'frozen_layers': 2, 'classifier_dropout': 0.4, 'learning_rate': 1e-05, 'weight_decay': 1e-06, 'label_smoothing': 0.15, 'gradient_clipping': 0.5}. Best is trial 13 with value: 0.9277522935779816.
[I 2026-02-05 07:34:06,325] Trial 321 finished with value: 0.9220183486238532 and parameters: {'frozen_layers': 2, 'classifier_dropout': 0.4, 'learning_rate': 1e-05, 'weight_decay': 0.0001, 'label_smoothing': 0.15, 'gradient_clipping': 0.5}. Best is trial 13 with value: 0.9277522935779816.
[I 2026-02-05 07:47:03,827] Trial 322 finished with value: 0.9185779816513762 and parameters: {'frozen_layers': 2, 'classifier_dropout': 0.4, 'learning_rate': 1e-05, 'weight_decay': 1e-06, 'label_smoothing': 0.15, 'gradient_clipping': 1.0}. Best is trial 13 with value: 0.9277522935779816.
[I 2026-02-05 07:47:04,380] Trial 323 pruned. Duplicate hyper-parameters, same as those used in trial 320: {'frozen_layers': 2, 'classifier_dropout': 0.4, 'learning_rate': 1e-05, 'weight_decay': 1e-06, 'label_smoothing': 0.15, 'gradient_clipping': 0.5}.
[I 2026-02-05 07:47:04,898] Trial 324 pruned. Duplicate hyper-parameters, same as those used in trial 317: {'frozen_layers': 0, 'classifier_dropout': 0.1, 'learning_rate': 3e-05, 'weight_decay': 1e-06, 'label_smoothing': 0.15, 'gradient_clipping': 2.0}.
[I 2026-02-05 07:47:05,491] Trial 325 pruned. Duplicate hyper-parameters, same as those used in trial 321: {'frozen_layers': 2, 'classifier_dropout': 0.4, 'learning_rate': 1e-05, 'weight_decay': 0.0001, 'label_smoothing': 0.15, 'gradient_clipping': 0.5}.
[I 2026-02-05 07:59:58,983] Trial 326 finished with value: 0.9036697247706422 and parameters: {'frozen_layers': 2, 'classifier_dropout': 0.3, 'learning_rate': 5e-05, 'weight_decay': 0.001, 'label_smoothing': 0.1, 'gradient_clipping': 1.0}. Best is trial 13 with value: 0.9277522935779816.
[I 2026-02-05 08:12:56,080] Trial 327 finished with value: 0.9185779816513762 and parameters: {'frozen_layers': 2, 'classifier_dropout': 0.3, 'learning_rate': 1e-05, 'weight_decay': 0.0001, 'label_smoothing': 0.15, 'gradient_clipping': 1.0}. Best is trial 13 with value: 0.9277522935779816.
[I 2026-02-05 08:26:03,543] Trial 328 finished with value: 0.9220183486238532 and parameters: {'frozen_layers': 2, 'classifier_dropout': 0.1, 'learning_rate': 1e-05, 'weight_decay': 0.0001, 'label_smoothing': 0.15, 'gradient_clipping': 0.5}. Best is trial 13 with value: 0.9277522935779816.
[I 2026-02-05 08:39:00,873] Trial 329 finished with value: 0.9208715596330275 and parameters: {'frozen_layers': 2, 'classifier_dropout': 0.3, 'learning_rate': 1e-05, 'weight_decay': 1e-06, 'label_smoothing': 0.0, 'gradient_clipping': 1.0}. Best is trial 13 with value: 0.9277522935779816.
[I 2026-02-05 08:39:01,440] Trial 330 pruned. Duplicate hyper-parameters, same as those used in trial 328: {'frozen_layers': 2, 'classifier_dropout': 0.1, 'learning_rate': 1e-05, 'weight_decay': 0.0001, 'label_smoothing': 0.15, 'gradient_clipping': 0.5}.
[I 2026-02-05 08:51:19,064] Trial 331 finished with value: 0.9128440366972477 and parameters: {'frozen_layers': 6, 'classifier_dropout': 0.3, 'learning_rate': 1e-05, 'weight_decay': 1e-06, 'label_smoothing': 0.0, 'gradient_clipping': 0.5}. Best is trial 13 with value: 0.9277522935779816.
[I 2026-02-05 09:04:12,950] Trial 332 finished with value: 0.911697247706422 and parameters: {'frozen_layers': 2, 'classifier_dropout': 0.3, 'learning_rate': 3e-05, 'weight_decay': 0.0001, 'label_smoothing': 0.15, 'gradient_clipping': 0.5}. Best is trial 13 with value: 0.9277522935779816.
[I 2026-02-05 09:17:10,351] Trial 333 finished with value: 0.9185779816513762 and parameters: {'frozen_layers': 2, 'classifier_dropout': 0.1, 'learning_rate': 1e-05, 'weight_decay': 1e-05, 'label_smoothing': 0.0, 'gradient_clipping': 0.5}. Best is trial 13 with value: 0.9277522935779816.
[I 2026-02-05 09:30:22,784] Trial 334 finished with value: 0.9002293577981652 and parameters: {'frozen_layers': 0, 'classifier_dropout': 0.3, 'learning_rate': 3e-05, 'weight_decay': 1e-06, 'label_smoothing': 0.15, 'gradient_clipping': 0.5}. Best is trial 13 with value: 0.9277522935779816.
[I 2026-02-05 09:43:16,537] Trial 335 finished with value: 0.9013761467889908 and parameters: {'frozen_layers': 2, 'classifier_dropout': 0.1, 'learning_rate': 5e-05, 'weight_decay': 0.0001, 'label_smoothing': 0.15, 'gradient_clipping': 0.5}. Best is trial 13 with value: 0.9277522935779816.
[I 2026-02-05 09:56:10,601] Trial 336 finished with value: 0.9105504587155964 and parameters: {'frozen_layers': 2, 'classifier_dropout': 0.2, 'learning_rate': 2e-05, 'weight_decay': 0.001, 'label_smoothing': 0.1, 'gradient_clipping': 1.0}. Best is trial 13 with value: 0.9277522935779816.
[I 2026-02-05 10:09:07,730] Trial 337 finished with value: 0.9220183486238532 and parameters: {'frozen_layers': 2, 'classifier_dropout': 0.4, 'learning_rate': 1e-05, 'weight_decay': 0.0001, 'label_smoothing': 0.0, 'gradient_clipping': 2.0}. Best is trial 13 with value: 0.9277522935779816.
[I 2026-02-05 10:09:08,295] Trial 338 pruned. Duplicate hyper-parameters, same as those used in trial 337: {'frozen_layers': 2, 'classifier_dropout': 0.4, 'learning_rate': 1e-05, 'weight_decay': 0.0001, 'label_smoothing': 0.0, 'gradient_clipping': 2.0}.
[I 2026-02-05 10:22:02,913] Trial 339 finished with value: 0.9185779816513762 and parameters: {'frozen_layers': 2, 'classifier_dropout': 0.3, 'learning_rate': 1e-05, 'weight_decay': 1e-05, 'label_smoothing': 0.05, 'gradient_clipping': 2.0}. Best is trial 13 with value: 0.9277522935779816.
[I 2026-02-05 10:35:00,236] Trial 340 finished with value: 0.9231651376146789 and parameters: {'frozen_layers': 2, 'classifier_dropout': 0.1, 'learning_rate': 1e-05, 'weight_decay': 0.001, 'label_smoothing': 0.1, 'gradient_clipping': 1.0}. Best is trial 13 with value: 0.9277522935779816.
[I 2026-02-05 10:35:00,777] Trial 341 pruned. Duplicate hyper-parameters, same as those used in trial 340: {'frozen_layers': 2, 'classifier_dropout': 0.1, 'learning_rate': 1e-05, 'weight_decay': 0.001, 'label_smoothing': 0.1, 'gradient_clipping': 1.0}.
[I 2026-02-05 10:47:53,785] Trial 342 finished with value: 0.9048165137614679 and parameters: {'frozen_layers': 2, 'classifier_dropout': 0.2, 'learning_rate': 2e-05, 'weight_decay': 0.0001, 'label_smoothing': 0.0, 'gradient_clipping': 2.0}. Best is trial 13 with value: 0.9277522935779816.
[I 2026-02-05 11:01:05,548] Trial 343 finished with value: 0.9071100917431193 and parameters: {'frozen_layers': 0, 'classifier_dropout': 0.3, 'learning_rate': 5e-05, 'weight_decay': 0.0001, 'label_smoothing': 0.15, 'gradient_clipping': 1.0}. Best is trial 13 with value: 0.9277522935779816.
[I 2026-02-05 11:14:01,205] Trial 344 finished with value: 0.9162844036697247 and parameters: {'frozen_layers': 2, 'classifier_dropout': 0.1, 'learning_rate': 2e-05, 'weight_decay': 0.0001, 'label_smoothing': 0.1, 'gradient_clipping': 0.5}. Best is trial 13 with value: 0.9277522935779816.
[I 2026-02-05 11:26:57,950] Trial 345 finished with value: 0.9220183486238532 and parameters: {'frozen_layers': 2, 'classifier_dropout': 0.2, 'learning_rate': 1e-05, 'weight_decay': 1e-05, 'label_smoothing': 0.0, 'gradient_clipping': 2.0}. Best is trial 13 with value: 0.9277522935779816.
[I 2026-02-05 11:26:58,552] Trial 346 pruned. Duplicate hyper-parameters, same as those used in trial 345: {'frozen_layers': 2, 'classifier_dropout': 0.2, 'learning_rate': 1e-05, 'weight_decay': 1e-05, 'label_smoothing': 0.0, 'gradient_clipping': 2.0}.
[I 2026-02-05 11:39:55,686] Trial 347 finished with value: 0.9220183486238532 and parameters: {'frozen_layers': 2, 'classifier_dropout': 0.4, 'learning_rate': 1e-05, 'weight_decay': 1e-05, 'label_smoothing': 0.0, 'gradient_clipping': 2.0}. Best is trial 13 with value: 0.9277522935779816.
[I 2026-02-05 11:52:33,882] Trial 348 finished with value: 0.9128440366972477 and parameters: {'frozen_layers': 4, 'classifier_dropout': 0.2, 'learning_rate': 1e-05, 'weight_decay': 0.0001, 'label_smoothing': 0.15, 'gradient_clipping': 0.5}. Best is trial 13 with value: 0.9277522935779816.
[I 2026-02-05 12:05:46,386] Trial 349 finished with value: 0.911697247706422 and parameters: {'frozen_layers': 0, 'classifier_dropout': 0.1, 'learning_rate': 3e-05, 'weight_decay': 1e-06, 'label_smoothing': 0.15, 'gradient_clipping': 1.5}. Best is trial 13 with value: 0.9277522935779816.
[I 2026-02-05 12:24:41,750] Trial 350 finished with value: 0.9277522935779816 and parameters: {'frozen_layers': 0, 'classifier_dropout': 0.1, 'learning_rate': 5e-05, 'weight_decay': 0.0001, 'label_smoothing': 0.15, 'gradient_clipping': 0.5}. Best is trial 13 with value: 0.9277522935779816.
[I 2026-02-05 12:24:42,267] Trial 351 pruned. Duplicate hyper-parameters, same as those used in trial 350: {'frozen_layers': 0, 'classifier_dropout': 0.1, 'learning_rate': 5e-05, 'weight_decay': 0.0001, 'label_smoothing': 0.15, 'gradient_clipping': 0.5}.
[I 2026-02-05 12:37:16,860] Trial 352 finished with value: 0.9071100917431193 and parameters: {'frozen_layers': 4, 'classifier_dropout': 0.2, 'learning_rate': 3e-05, 'weight_decay': 1e-06, 'label_smoothing': 0.15, 'gradient_clipping': 2.0}. Best is trial 13 with value: 0.9277522935779816.
[I 2026-02-05 12:49:32,385] Trial 353 finished with value: 0.9059633027522935 and parameters: {'frozen_layers': 6, 'classifier_dropout': 0.1, 'learning_rate': 5e-05, 'weight_decay': 1e-06, 'label_smoothing': 0.15, 'gradient_clipping': 0.5}. Best is trial 13 with value: 0.9277522935779816.
[I 2026-02-05 13:02:25,791] Trial 354 finished with value: 0.9105504587155964 and parameters: {'frozen_layers': 2, 'classifier_dropout': 0.1, 'learning_rate': 2e-05, 'weight_decay': 1e-06, 'label_smoothing': 0.1, 'gradient_clipping': 1.0}. Best is trial 13 with value: 0.9277522935779816.
[I 2026-02-05 13:15:22,915] Trial 355 finished with value: 0.9220183486238532 and parameters: {'frozen_layers': 2, 'classifier_dropout': 0.3, 'learning_rate': 1e-05, 'weight_decay': 0.001, 'label_smoothing': 0.0, 'gradient_clipping': 2.0}. Best is trial 13 with value: 0.9277522935779816.
[I 2026-02-05 13:32:21,447] Trial 356 finished with value: 0.9002293577981652 and parameters: {'frozen_layers': 0, 'classifier_dropout': 0.1, 'learning_rate': 5e-05, 'weight_decay': 0.001, 'label_smoothing': 0.15, 'gradient_clipping': 0.5}. Best is trial 13 with value: 0.9277522935779816.
[I 2026-02-05 13:45:34,633] Trial 357 finished with value: 0.9002293577981652 and parameters: {'frozen_layers': 0, 'classifier_dropout': 0.2, 'learning_rate': 3e-05, 'weight_decay': 0.0001, 'label_smoothing': 0.15, 'gradient_clipping': 0.5}. Best is trial 13 with value: 0.9277522935779816.
[I 2026-02-05 13:58:51,975] Trial 358 finished with value: 0.9128440366972477 and parameters: {'frozen_layers': 0, 'classifier_dropout': 0.2, 'learning_rate': 1e-05, 'weight_decay': 0.001, 'label_smoothing': 0.1, 'gradient_clipping': 1.0}. Best is trial 13 with value: 0.9277522935779816.
[I 2026-02-05 14:11:09,495] Trial 359 finished with value: 0.9071100917431193 and parameters: {'frozen_layers': 6, 'classifier_dropout': 0.1, 'learning_rate': 1e-05, 'weight_decay': 0.0001, 'label_smoothing': 0.0, 'gradient_clipping': 2.0}. Best is trial 13 with value: 0.9277522935779816.
[I 2026-02-05 14:24:06,952] Trial 360 finished with value: 0.9231651376146789 and parameters: {'frozen_layers': 2, 'classifier_dropout': 0.4, 'learning_rate': 1e-05, 'weight_decay': 0.001, 'label_smoothing': 0.1, 'gradient_clipping': 1.0}. Best is trial 13 with value: 0.9277522935779816.
[I 2026-02-05 14:37:03,914] Trial 361 finished with value: 0.9231651376146789 and parameters: {'frozen_layers': 2, 'classifier_dropout': 0.4, 'learning_rate': 1e-05, 'weight_decay': 0.0001, 'label_smoothing': 0.1, 'gradient_clipping': 1.0}. Best is trial 13 with value: 0.9277522935779816.
[I 2026-02-05 14:37:04,532] Trial 362 pruned. Duplicate hyper-parameters, same as those used in trial 361: {'frozen_layers': 2, 'classifier_dropout': 0.4, 'learning_rate': 1e-05, 'weight_decay': 0.0001, 'label_smoothing': 0.1, 'gradient_clipping': 1.0}.
[I 2026-02-05 14:50:01,690] Trial 363 finished with value: 0.9185779816513762 and parameters: {'frozen_layers': 2, 'classifier_dropout': 0.4, 'learning_rate': 1e-05, 'weight_decay': 1e-06, 'label_smoothing': 0.1, 'gradient_clipping': 0.5}. Best is trial 13 with value: 0.9277522935779816.
[I 2026-02-05 15:03:15,480] Trial 364 finished with value: 0.9071100917431193 and parameters: {'frozen_layers': 0, 'classifier_dropout': 0.1, 'learning_rate': 5e-05, 'weight_decay': 1e-06, 'label_smoothing': 0.0, 'gradient_clipping': 0.5}. Best is trial 13 with value: 0.9277522935779816.
[I 2026-02-05 15:15:32,957] Trial 365 finished with value: 0.9025229357798165 and parameters: {'frozen_layers': 6, 'classifier_dropout': 0.3, 'learning_rate': 1e-05, 'weight_decay': 0.001, 'label_smoothing': 0.1, 'gradient_clipping': 1.0}. Best is trial 13 with value: 0.9277522935779816.
[I 2026-02-05 15:28:29,918] Trial 366 finished with value: 0.9185779816513762 and parameters: {'frozen_layers': 2, 'classifier_dropout': 0.4, 'learning_rate': 1e-05, 'weight_decay': 0.001, 'label_smoothing': 0.15, 'gradient_clipping': 1.0}. Best is trial 13 with value: 0.9277522935779816.
[I 2026-02-05 15:41:27,388] Trial 367 finished with value: 0.9185779816513762 and parameters: {'frozen_layers': 2, 'classifier_dropout': 0.4, 'learning_rate': 1e-05, 'weight_decay': 0.001, 'label_smoothing': 0.0, 'gradient_clipping': 0.5}. Best is trial 13 with value: 0.9277522935779816.
[I 2026-02-05 15:54:24,719] Trial 368 finished with value: 0.9220183486238532 and parameters: {'frozen_layers': 2, 'classifier_dropout': 0.3, 'learning_rate': 1e-05, 'weight_decay': 0.001, 'label_smoothing': 0.15, 'gradient_clipping': 0.5}. Best is trial 13 with value: 0.9277522935779816.
[I 2026-02-05 16:07:22,703] Trial 369 finished with value: 0.9174311926605505 and parameters: {'frozen_layers': 2, 'classifier_dropout': 0.3, 'learning_rate': 1e-05, 'weight_decay': 1e-06, 'label_smoothing': 0.1, 'gradient_clipping': 1.5}. Best is trial 13 with value: 0.9277522935779816.
[I 2026-02-05 16:20:20,612] Trial 370 finished with value: 0.9185779816513762 and parameters: {'frozen_layers': 2, 'classifier_dropout': 0.1, 'learning_rate': 1e-05, 'weight_decay': 0.001, 'label_smoothing': 0.1, 'gradient_clipping': 0.5}. Best is trial 13 with value: 0.9277522935779816.
[I 2026-02-05 16:33:18,099] Trial 371 finished with value: 0.9162844036697247 and parameters: {'frozen_layers': 2, 'classifier_dropout': 0.3, 'learning_rate': 1e-05, 'weight_decay': 1e-06, 'label_smoothing': 0.15, 'gradient_clipping': 2.0}. Best is trial 13 with value: 0.9277522935779816.
[I 2026-02-05 16:33:18,671] Trial 372 pruned. Duplicate hyper-parameters, same as those used in trial 360: {'frozen_layers': 2, 'classifier_dropout': 0.4, 'learning_rate': 1e-05, 'weight_decay': 0.001, 'label_smoothing': 0.1, 'gradient_clipping': 1.0}.
[I 2026-02-05 16:46:30,549] Trial 373 finished with value: 0.9059633027522935 and parameters: {'frozen_layers': 0, 'classifier_dropout': 0.3, 'learning_rate': 3e-05, 'weight_decay': 1e-06, 'label_smoothing': 0.0, 'gradient_clipping': 2.0}. Best is trial 13 with value: 0.9277522935779816.
[I 2026-02-05 16:59:43,182] Trial 374 finished with value: 0.9002293577981652 and parameters: {'frozen_layers': 0, 'classifier_dropout': 0.1, 'learning_rate': 5e-05, 'weight_decay': 0.0001, 'label_smoothing': 0.15, 'gradient_clipping': 1.5}. Best is trial 13 with value: 0.9277522935779816.
[I 2026-02-05 17:14:50,745] Trial 375 finished with value: 0.911697247706422 and parameters: {'frozen_layers': 0, 'classifier_dropout': 0.4, 'learning_rate': 1e-05, 'weight_decay': 1e-06, 'label_smoothing': 0.15, 'gradient_clipping': 1.5}. Best is trial 13 with value: 0.9277522935779816.
[I 2026-02-05 17:28:05,976] Trial 376 finished with value: 0.9094036697247706 and parameters: {'frozen_layers': 0, 'classifier_dropout': 0.4, 'learning_rate': 1e-05, 'weight_decay': 0.0001, 'label_smoothing': 0.15, 'gradient_clipping': 2.0}. Best is trial 13 with value: 0.9277522935779816.
[I 2026-02-05 17:41:19,245] Trial 377 finished with value: 0.9025229357798165 and parameters: {'frozen_layers': 0, 'classifier_dropout': 0.2, 'learning_rate': 1e-05, 'weight_decay': 1e-06, 'label_smoothing': 0.15, 'gradient_clipping': 0.5}. Best is trial 13 with value: 0.9277522935779816.
[I 2026-02-05 17:54:17,189] Trial 378 finished with value: 0.9139908256880734 and parameters: {'frozen_layers': 2, 'classifier_dropout': 0.3, 'learning_rate': 1e-05, 'weight_decay': 0.0001, 'label_smoothing': 0.1, 'gradient_clipping': 2.0}. Best is trial 13 with value: 0.9277522935779816.
[I 2026-02-05 18:09:22,383] Trial 379 finished with value: 0.9036697247706422 and parameters: {'frozen_layers': 0, 'classifier_dropout': 0.2, 'learning_rate': 3e-05, 'weight_decay': 1e-06, 'label_smoothing': 0.1, 'gradient_clipping': 0.5}. Best is trial 13 with value: 0.9277522935779816.

[UPDATE] Unbound limits: {'frozen_layers': (np.int64(0), np.int64(2)), 'classifier_dropout': (np.float64(0.1), np.float64(0.4)), 'learning_rate': (np.float64(3e-05), np.float64(0.0001)), 'weight_decay': (np.float64(1e-06), np.float64(0.001)), 'label_smoothing': (np.float64(0.1), np.float64(0.15)), 'gradient_clipping': (np.float64(0.5), np.float64(1.0))}
[I 2026-02-05 18:09:23,076] A new study created in RDB with name: SST-2-Fine-tuning-unbound
[I 2026-02-05 18:09:23,218] Trial 0 finished with value: 0.9277522935779816 and parameters: {'frozen_layers': 0, 'classifier_dropout': 0.3, 'learning_rate': 5e-05, 'weight_decay': 0.0001, 'label_smoothing': 0.15, 'gradient_clipping': 0.5}.
[I 2026-02-05 18:09:23,219] Trial 1 finished with value: 0.9277522935779816 and parameters: {'frozen_layers': 0, 'classifier_dropout': 0.1, 'learning_rate': 5e-05, 'weight_decay': 1e-06, 'label_smoothing': 0.15, 'gradient_clipping': 0.5}.
[I 2026-02-05 18:09:23,220] Trial 2 finished with value: 0.9277522935779816 and parameters: {'frozen_layers': 0, 'classifier_dropout': 0.4, 'learning_rate': 5e-05, 'weight_decay': 0.0001, 'label_smoothing': 0.15, 'gradient_clipping': 0.5}.
[I 2026-02-05 18:22:25,449] Trial 3 finished with value: 0.908256880733945 and parameters: {'frozen_layers': 1, 'classifier_dropout': 0.38521429192297485, 'learning_rate': 7.242113527908037e-05, 'weight_decay': 6.251373574521755e-05, 'label_smoothing': 0.10780093202212183, 'gradient_clipping': 0.5779972601681014}. Best is trial 0 with value: 0.9277522935779816.
[I 2026-02-05 18:35:37,850] Trial 4 finished with value: 0.911697247706422 and parameters: {'frozen_layers': 0, 'classifier_dropout': 0.3598528437324806, 'learning_rate': 6.186307704341193e-05, 'weight_decay': 0.000133112160807369, 'label_smoothing': 0.10102922471479013, 'gradient_clipping': 0.9849549260809971}. Best is trial 0 with value: 0.9277522935779816.
[I 2026-02-05 18:48:32,104] Trial 5 finished with value: 0.911697247706422 and parameters: {'frozen_layers': 2, 'classifier_dropout': 0.16370173320348286, 'learning_rate': 3.734166387809796e-05, 'weight_decay': 3.549878832196506e-06, 'label_smoothing': 0.11521211214797689, 'gradient_clipping': 0.762378215816119}. Best is trial 0 with value: 0.9277522935779816.
[I 2026-02-05 19:01:35,532] Trial 6 finished with value: 0.9139908256880734 and parameters: {'frozen_layers': 1, 'classifier_dropout': 0.1873687420594126, 'learning_rate': 6.266804240273477e-05, 'weight_decay': 2.62108787826544e-06, 'label_smoothing': 0.11460723242676091, 'gradient_clipping': 0.6831809216468459}. Best is trial 0 with value: 0.9277522935779816.
[I 2026-02-05 19:18:20,598] Trial 7 finished with value: 0.908256880733945 and parameters: {'frozen_layers': 1, 'classifier_dropout': 0.33555278841790415, 'learning_rate': 3.815280135767074e-05, 'weight_decay': 3.489018845491386e-05, 'label_smoothing': 0.12962072844310213, 'gradient_clipping': 0.5232252063599989}. Best is trial 0 with value: 0.9277522935779816.
[I 2026-02-05 19:31:24,713] Trial 8 finished with value: 0.9013761467889908 and parameters: {'frozen_layers': 1, 'classifier_dropout': 0.15115723710618748, 'learning_rate': 3.24440715159472e-05, 'weight_decay': 0.0007025166339242157, 'label_smoothing': 0.14828160165372795, 'gradient_clipping': 0.9041986740582306}. Best is trial 0 with value: 0.9277522935779816.
[I 2026-02-05 19:44:37,276] Trial 9 finished with value: 0.8910550458715596 and parameters: {'frozen_layers': 0, 'classifier_dropout': 0.12930163420191518, 'learning_rate': 6.837418474664327e-05, 'weight_decay': 2.091498132903561e-05, 'label_smoothing': 0.10610191174223894, 'gradient_clipping': 0.7475884550556351}. Best is trial 0 with value: 0.9277522935779816.
[I 2026-02-05 19:57:52,679] Trial 10 finished with value: 0.9231651376146789 and parameters: {'frozen_layers': 0, 'classifier_dropout': 0.37279612062363465, 'learning_rate': 4.0966777846609044e-05, 'weight_decay': 9.717775305059631e-05, 'label_smoothing': 0.11558555380447055, 'gradient_clipping': 0.7600340105889054}. Best is trial 0 with value: 0.9277522935779816.
[I 2026-02-05 20:10:57,349] Trial 11 finished with value: 0.8956422018348624 and parameters: {'frozen_layers': 1, 'classifier_dropout': 0.15545633665765812, 'learning_rate': 9.640430950087086e-05, 'weight_decay': 0.00021154290797261214, 'label_smoothing': 0.14697494707820946, 'gradient_clipping': 0.9474136752138245}. Best is trial 0 with value: 0.9277522935779816.
[I 2026-02-05 20:23:59,915] Trial 12 finished with value: 0.9048165137614679 and parameters: {'frozen_layers': 1, 'classifier_dropout': 0.37656227050693514, 'learning_rate': 3.337275830320425e-05, 'weight_decay': 3.87211803217458e-06, 'label_smoothing': 0.10226136444552691, 'gradient_clipping': 0.6626651653816322}. Best is trial 0 with value: 0.9277522935779816.
[I 2026-02-05 20:37:15,696] Trial 13 finished with value: 0.9105504587155964 and parameters: {'frozen_layers': 0, 'classifier_dropout': 0.10323326794455621, 'learning_rate': 4.590659433027262e-05, 'weight_decay': 4.756328813430506e-06, 'label_smoothing': 0.14403863846031814, 'gradient_clipping': 0.5188056584205858}. Best is trial 0 with value: 0.9277522935779816.
[I 2026-02-05 20:50:29,538] Trial 14 finished with value: 0.9048165137614679 and parameters: {'frozen_layers': 0, 'classifier_dropout': 0.1152185612200674, 'learning_rate': 8.679428868660393e-05, 'weight_decay': 1.7247302392660699e-06, 'label_smoothing': 0.1380243636823944, 'gradient_clipping': 0.628482870937032}. Best is trial 0 with value: 0.9277522935779816.
[I 2026-02-05 21:05:36,201] Trial 15 finished with value: 0.8990825688073395 and parameters: {'frozen_layers': 0, 'classifier_dropout': 0.20831461619658356, 'learning_rate': 3.481352319428066e-05, 'weight_decay': 0.0001820190835935607, 'label_smoothing': 0.1400118116230348, 'gradient_clipping': 0.5568753515937281}. Best is trial 0 with value: 0.9277522935779816.
[I 2026-02-05 21:18:51,155] Trial 16 finished with value: 0.911697247706422 and parameters: {'frozen_layers': 0, 'classifier_dropout': 0.24964802652133938, 'learning_rate': 5.184470426041508e-05, 'weight_decay': 2.221583431954408e-06, 'label_smoothing': 0.14394186301105136, 'gradient_clipping': 0.5201458114684033}. Best is trial 0 with value: 0.9277522935779816.
[I 2026-02-05 21:32:05,890] Trial 17 finished with value: 0.8990825688073395 and parameters: {'frozen_layers': 0, 'classifier_dropout': 0.2648264334483104, 'learning_rate': 9.021177009453025e-05, 'weight_decay': 8.220611810810888e-05, 'label_smoothing': 0.1431450165208615, 'gradient_clipping': 0.5395783825690242}. Best is trial 0 with value: 0.9277522935779816.
[I 2026-02-05 21:50:43,454] Trial 18 finished with value: 0.9071100917431193 and parameters: {'frozen_layers': 1, 'classifier_dropout': 0.26940468784054694, 'learning_rate': 5.9801709872586086e-05, 'weight_decay': 0.00028407267321012525, 'label_smoothing': 0.14435301005428125, 'gradient_clipping': 0.6479906813217812}. Best is trial 0 with value: 0.9277522935779816.
[I 2026-02-05 22:03:58,511] Trial 19 finished with value: 0.9059633027522935 and parameters: {'frozen_layers': 0, 'classifier_dropout': 0.10199940415809079, 'learning_rate': 7.06587304849019e-05, 'weight_decay': 1.8875243583742011e-06, 'label_smoothing': 0.149304903390502, 'gradient_clipping': 0.529477306816708}. Best is trial 0 with value: 0.9277522935779816.
[I 2026-02-05 22:17:01,014] Trial 20 finished with value: 0.9105504587155964 and parameters: {'frozen_layers': 1, 'classifier_dropout': 0.10775701664089296, 'learning_rate': 5.240633197625093e-05, 'weight_decay': 1.5472267953966828e-06, 'label_smoothing': 0.12338902390001627, 'gradient_clipping': 0.5018204724050502}. Best is trial 0 with value: 0.9277522935779816.
[I 2026-02-05 22:30:13,837] Trial 21 finished with value: 0.9128440366972477 and parameters: {'frozen_layers': 0, 'classifier_dropout': 0.3902376440189495, 'learning_rate': 5.8438923811696254e-05, 'weight_decay': 0.0001619366501951497, 'label_smoothing': 0.1479569528092031, 'gradient_clipping': 0.5187004781376887}. Best is trial 0 with value: 0.9277522935779816.
[I 2026-02-05 22:43:31,799] Trial 22 finished with value: 0.9139908256880734 and parameters: {'frozen_layers': 0, 'classifier_dropout': 0.3000405132498632, 'learning_rate': 4.241222471606624e-05, 'weight_decay': 7.729713252077864e-05, 'label_smoothing': 0.14547456608481651, 'gradient_clipping': 0.5530620966328642}. Best is trial 0 with value: 0.9277522935779816.
[I 2026-02-05 22:56:46,151] Trial 23 finished with value: 0.9036697247706422 and parameters: {'frozen_layers': 0, 'classifier_dropout': 0.37200739019164, 'learning_rate': 4.596864770028991e-05, 'weight_decay': 8.955049170842289e-06, 'label_smoothing': 0.13860923023294439, 'gradient_clipping': 0.72551039533859}. Best is trial 0 with value: 0.9277522935779816.
[I 2026-02-05 23:15:37,055] Trial 24 finished with value: 0.9048165137614679 and parameters: {'frozen_layers': 0, 'classifier_dropout': 0.387940348773522, 'learning_rate': 3.303820484152007e-05, 'weight_decay': 2.0991922562462974e-05, 'label_smoothing': 0.14352439625204444, 'gradient_clipping': 0.5004033503897357}. Best is trial 0 with value: 0.9277522935779816.
[I 2026-02-05 23:28:50,850] Trial 25 finished with value: 0.893348623853211 and parameters: {'frozen_layers': 0, 'classifier_dropout': 0.11255711582581834, 'learning_rate': 5.0054203747257475e-05, 'weight_decay': 1.3569998127120208e-06, 'label_smoothing': 0.14980083933089472, 'gradient_clipping': 0.6722878737119907}. Best is trial 0 with value: 0.9277522935779816.
[I 2026-02-05 23:42:07,863] Trial 26 finished with value: 0.9094036697247706 and parameters: {'frozen_layers': 0, 'classifier_dropout': 0.2919436136981839, 'learning_rate': 5.74289901384539e-05, 'weight_decay': 0.00016214093499167752, 'label_smoothing': 0.12911157627731903, 'gradient_clipping': 0.5938911636208284}. Best is trial 0 with value: 0.9277522935779816.
[I 2026-02-05 23:55:20,825] Trial 27 finished with value: 0.911697247706422 and parameters: {'frozen_layers': 0, 'classifier_dropout': 0.3424383867788659, 'learning_rate': 6.56112547178255e-05, 'weight_decay': 6.758371817299473e-05, 'label_smoothing': 0.14957898024213676, 'gradient_clipping': 0.7013312928845274}. Best is trial 0 with value: 0.9277522935779816.
[I 2026-02-06 00:10:17,336] Trial 28 finished with value: 0.9151376146788991 and parameters: {'frozen_layers': 1, 'classifier_dropout': 0.38316032812588874, 'learning_rate': 5.2158469668660555e-05, 'weight_decay': 4.182909609098111e-06, 'label_smoothing': 0.14806484445097282, 'gradient_clipping': 0.5291354559004005}. Best is trial 0 with value: 0.9277522935779816.
[I 2026-02-06 00:23:21,130] Trial 29 finished with value: 0.9048165137614679 and parameters: {'frozen_layers': 1, 'classifier_dropout': 0.1270670715755599, 'learning_rate': 4.9543584031484696e-05, 'weight_decay': 1.2286911356145977e-06, 'label_smoothing': 0.14815708785280016, 'gradient_clipping': 0.5185678308039526}. Best is trial 0 with value: 0.9277522935779816.
[I 2026-02-06 00:36:26,696] Trial 30 finished with value: 0.911697247706422 and parameters: {'frozen_layers': 1, 'classifier_dropout': 0.24896918279240904, 'learning_rate': 5.701931349560733e-05, 'weight_decay': 3.7491866365168216e-05, 'label_smoothing': 0.1490081900770545, 'gradient_clipping': 0.5825016004235948}. Best is trial 0 with value: 0.9277522935779816.
[I 2026-02-06 00:49:41,919] Trial 31 finished with value: 0.9151376146788991 and parameters: {'frozen_layers': 0, 'classifier_dropout': 0.32404294186178034, 'learning_rate': 3.20539165965727e-05, 'weight_decay': 0.00027539565049337553, 'label_smoothing': 0.1132486420549129, 'gradient_clipping': 0.815219862871941}. Best is trial 0 with value: 0.9277522935779816.
[I 2026-02-06 01:02:54,149] Trial 32 finished with value: 0.911697247706422 and parameters: {'frozen_layers': 0, 'classifier_dropout': 0.39587614474447846, 'learning_rate': 3.5570004492058276e-05, 'weight_decay': 6.577600222875222e-05, 'label_smoothing': 0.11523378685533962, 'gradient_clipping': 0.6358007817828307}. Best is trial 0 with value: 0.9277522935779816.
[I 2026-02-06 01:16:09,426] Trial 33 finished with value: 0.9151376146788991 and parameters: {'frozen_layers': 0, 'classifier_dropout': 0.38472938328312056, 'learning_rate': 5.303327497198108e-05, 'weight_decay': 6.63473941420598e-05, 'label_smoothing': 0.10826486318644732, 'gradient_clipping': 0.7931332109123799}. Best is trial 0 with value: 0.9277522935779816.
[I 2026-02-06 01:29:23,657] Trial 34 finished with value: 0.9059633027522935 and parameters: {'frozen_layers': 0, 'classifier_dropout': 0.3993094045080441, 'learning_rate': 4.8775143458881133e-05, 'weight_decay': 4.079105650157237e-05, 'label_smoothing': 0.1376047353662363, 'gradient_clipping': 0.5243733468120594}. Best is trial 0 with value: 0.9277522935779816.
[I 2026-02-06 01:42:37,322] Trial 35 finished with value: 0.9048165137614679 and parameters: {'frozen_layers': 0, 'classifier_dropout': 0.307359661467081, 'learning_rate': 4.1037294488505007e-05, 'weight_decay': 7.31661937497224e-05, 'label_smoothing': 0.1237338346222937, 'gradient_clipping': 0.7948968091979028}. Best is trial 0 with value: 0.9277522935779816.
[I 2026-02-06 01:55:48,516] Trial 36 finished with value: 0.9025229357798165 and parameters: {'frozen_layers': 0, 'classifier_dropout': 0.1126823027686556, 'learning_rate': 4.662599692649988e-05, 'weight_decay': 9.895228140853159e-05, 'label_smoothing': 0.11161104836578702, 'gradient_clipping': 0.5271709878801085}. Best is trial 0 with value: 0.9277522935779816.
[I 2026-02-06 02:09:01,038] Trial 37 finished with value: 0.9071100917431193 and parameters: {'frozen_layers': 0, 'classifier_dropout': 0.37820492362584435, 'learning_rate': 3.829457580311615e-05, 'weight_decay': 0.00034536696594974706, 'label_smoothing': 0.14814786315990758, 'gradient_clipping': 0.5930210034887651}. Best is trial 0 with value: 0.9277522935779816.
[I 2026-02-06 02:21:54,808] Trial 38 finished with value: 0.8990825688073395 and parameters: {'frozen_layers': 2, 'classifier_dropout': 0.13816900866152798, 'learning_rate': 8.037496169537974e-05, 'weight_decay': 2.1499089023160038e-05, 'label_smoothing': 0.1257815084128161, 'gradient_clipping': 0.6516205062766507}. Best is trial 0 with value: 0.9277522935779816.
[I 2026-02-06 02:35:09,329] Trial 39 finished with value: 0.9139908256880734 and parameters: {'frozen_layers': 0, 'classifier_dropout': 0.32830667563438465, 'learning_rate': 5.7095191188510005e-05, 'weight_decay': 3.492730394226692e-05, 'label_smoothing': 0.14898345419276174, 'gradient_clipping': 0.5199088187761577}. Best is trial 0 with value: 0.9277522935779816.
[I 2026-02-06 02:48:21,735] Trial 40 finished with value: 0.9105504587155964 and parameters: {'frozen_layers': 0, 'classifier_dropout': 0.11707049236863504, 'learning_rate': 4.907927006009727e-05, 'weight_decay': 1.2348938989315013e-06, 'label_smoothing': 0.1472470259489895, 'gradient_clipping': 0.5275716059800784}. Best is trial 0 with value: 0.9277522935779816.
[I 2026-02-06 03:03:06,779] Trial 41 finished with value: 0.9220183486238532 and parameters: {'frozen_layers': 2, 'classifier_dropout': 0.34362600965686724, 'learning_rate': 4.2488886207182525e-05, 'weight_decay': 2.740318476167217e-05, 'label_smoothing': 0.14821660576587148, 'gradient_clipping': 0.5518050782558299}. Best is trial 0 with value: 0.9277522935779816.
[I 2026-02-06 03:16:04,512] Trial 42 finished with value: 0.9185779816513762 and parameters: {'frozen_layers': 2, 'classifier_dropout': 0.3331301242635638, 'learning_rate': 3.943387215097848e-05, 'weight_decay': 2.269220854315729e-05, 'label_smoothing': 0.1463301501429623, 'gradient_clipping': 0.6549233299805975}. Best is trial 0 with value: 0.9277522935779816.
[I 2026-02-06 03:28:58,824] Trial 43 finished with value: 0.9013761467889908 and parameters: {'frozen_layers': 2, 'classifier_dropout': 0.3616240350230655, 'learning_rate': 4.5573498870711856e-05, 'weight_decay': 6.084911833386188e-05, 'label_smoothing': 0.14497413912499205, 'gradient_clipping': 0.5987048401570518}. Best is trial 0 with value: 0.9277522935779816.
[I 2026-02-06 03:42:02,904] Trial 44 finished with value: 0.911697247706422 and parameters: {'frozen_layers': 1, 'classifier_dropout': 0.39865746848207284, 'learning_rate': 4.591995999446198e-05, 'weight_decay': 0.00012993869317070984, 'label_smoothing': 0.14921901232653617, 'gradient_clipping': 0.5103426593760094}. Best is trial 0 with value: 0.9277522935779816.
[I 2026-02-06 03:54:56,192] Trial 45 finished with value: 0.9048165137614679 and parameters: {'frozen_layers': 2, 'classifier_dropout': 0.18424817920188127, 'learning_rate': 4.4585981323526244e-05, 'weight_decay': 2.640121141319367e-06, 'label_smoothing': 0.13598287564649145, 'gradient_clipping': 0.9756357791297632}. Best is trial 0 with value: 0.9277522935779816.
[I 2026-02-06 04:07:50,913] Trial 46 finished with value: 0.9071100917431193 and parameters: {'frozen_layers': 2, 'classifier_dropout': 0.31226439485048796, 'learning_rate': 4.299366255983456e-05, 'weight_decay': 8.945403452974715e-06, 'label_smoothing': 0.14765843380072935, 'gradient_clipping': 0.503236978441191}. Best is trial 0 with value: 0.9277522935779816.
[I 2026-02-06 04:20:44,972] Trial 47 finished with value: 0.9094036697247706 and parameters: {'frozen_layers': 2, 'classifier_dropout': 0.38436486018241167, 'learning_rate': 3.575592165599824e-05, 'weight_decay': 2.1390199954088386e-05, 'label_smoothing': 0.14542574451903606, 'gradient_clipping': 0.545266679586038}. Best is trial 0 with value: 0.9277522935779816.
[I 2026-02-06 04:35:42,017] Trial 48 finished with value: 0.9139908256880734 and parameters: {'frozen_layers': 1, 'classifier_dropout': 0.37335013019239316, 'learning_rate': 5.125108077269809e-05, 'weight_decay': 0.0002077571864383972, 'label_smoothing': 0.12196044123312173, 'gradient_clipping': 0.8476339364812555}. Best is trial 0 with value: 0.9277522935779816.
[I 2026-02-06 04:48:35,279] Trial 49 finished with value: 0.911697247706422 and parameters: {'frozen_layers': 2, 'classifier_dropout': 0.2386728377833777, 'learning_rate': 3.5916370597546174e-05, 'weight_decay': 0.0006298633806445477, 'label_smoothing': 0.10879275244457907, 'gradient_clipping': 0.5601114473236428}. Best is trial 0 with value: 0.9277522935779816.
[I 2026-02-06 05:05:33,067] Trial 50 finished with value: 0.9048165137614679 and parameters: {'frozen_layers': 0, 'classifier_dropout': 0.26436780609038685, 'learning_rate': 5.593688573000007e-05, 'weight_decay': 1.3405925364481932e-06, 'label_smoothing': 0.1206126381006446, 'gradient_clipping': 0.8849981345437059}. Best is trial 0 with value: 0.9277522935779816.
[I 2026-02-06 05:20:17,751] Trial 51 finished with value: 0.9139908256880734 and parameters: {'frozen_layers': 2, 'classifier_dropout': 0.2974365838286622, 'learning_rate': 3.396846135561159e-05, 'weight_decay': 1.1219527160003001e-05, 'label_smoothing': 0.1349909851663544, 'gradient_clipping': 0.7345236554588548}. Best is trial 0 with value: 0.9277522935779816.
[I 2026-02-06 05:33:12,139] Trial 52 finished with value: 0.9105504587155964 and parameters: {'frozen_layers': 2, 'classifier_dropout': 0.3443402095379331, 'learning_rate': 4.8721144016757934e-05, 'weight_decay': 1.4579584945198004e-05, 'label_smoothing': 0.14763098801694033, 'gradient_clipping': 0.6715747261911106}. Best is trial 0 with value: 0.9277522935779816.
[I 2026-02-06 05:46:16,743] Trial 53 finished with value: 0.9025229357798165 and parameters: {'frozen_layers': 1, 'classifier_dropout': 0.34875655571159525, 'learning_rate': 8.89381697201124e-05, 'weight_decay': 4.002183800522834e-06, 'label_smoothing': 0.1334917960087935, 'gradient_clipping': 0.7179434913395611}. Best is trial 0 with value: 0.9277522935779816.
[I 2026-02-06 06:02:51,650] Trial 54 finished with value: 0.9094036697247706 and parameters: {'frozen_layers': 2, 'classifier_dropout': 0.24284964652111396, 'learning_rate': 4.261011503719115e-05, 'weight_decay': 2.3962238172475622e-06, 'label_smoothing': 0.10001310561523565, 'gradient_clipping': 0.9136285705125873}. Best is trial 0 with value: 0.9277522935779816.
[I 2026-02-06 06:17:35,759] Trial 55 finished with value: 0.908256880733945 and parameters: {'frozen_layers': 2, 'classifier_dropout': 0.222731670884452, 'learning_rate': 3.499363631640826e-05, 'weight_decay': 0.0001741180967219298, 'label_smoothing': 0.14179329472269697, 'gradient_clipping': 0.5712899597948378}. Best is trial 0 with value: 0.9277522935779816.
[I 2026-02-06 06:30:48,169] Trial 56 finished with value: 0.9105504587155964 and parameters: {'frozen_layers': 0, 'classifier_dropout': 0.21719169140903632, 'learning_rate': 4.997384043036654e-05, 'weight_decay': 0.00010448465899603427, 'label_smoothing': 0.13902276305816397, 'gradient_clipping': 0.504254077484488}. Best is trial 0 with value: 0.9277522935779816.
[I 2026-02-06 06:43:43,223] Trial 57 finished with value: 0.9197247706422018 and parameters: {'frozen_layers': 2, 'classifier_dropout': 0.3034417157809024, 'learning_rate': 3.073295538492812e-05, 'weight_decay': 5.7442268570194794e-05, 'label_smoothing': 0.14424076779915673, 'gradient_clipping': 0.6323219546614117}. Best is trial 0 with value: 0.9277522935779816.
[I 2026-02-06 06:56:57,700] Trial 58 finished with value: 0.911697247706422 and parameters: {'frozen_layers': 0, 'classifier_dropout': 0.3989996643584468, 'learning_rate': 5.234627262981973e-05, 'weight_decay': 0.0005502854696480523, 'label_smoothing': 0.12002597626923639, 'gradient_clipping': 0.7069837379900055}. Best is trial 0 with value: 0.9277522935779816.
[I 2026-02-06 07:09:51,831] Trial 59 finished with value: 0.9036697247706422 and parameters: {'frozen_layers': 2, 'classifier_dropout': 0.2734444428102468, 'learning_rate': 3.0076876600159697e-05, 'weight_decay': 2.2526658947611554e-05, 'label_smoothing': 0.13959153434911736, 'gradient_clipping': 0.5820004446956789}. Best is trial 0 with value: 0.9277522935779816.
[I 2026-02-06 07:22:56,944] Trial 60 finished with value: 0.9036697247706422 and parameters: {'frozen_layers': 1, 'classifier_dropout': 0.3548166484114336, 'learning_rate': 3.6681125642736466e-05, 'weight_decay': 5.828458330800843e-05, 'label_smoothing': 0.12004255120307486, 'gradient_clipping': 0.7470525340513458}. Best is trial 0 with value: 0.9277522935779816.
[I 2026-02-06 07:37:49,971] Trial 61 finished with value: 0.9059633027522935 and parameters: {'frozen_layers': 1, 'classifier_dropout': 0.30410719247335155, 'learning_rate': 3.176146271462013e-05, 'weight_decay': 1.9859326275571476e-05, 'label_smoothing': 0.14993581259984384, 'gradient_clipping': 0.7212377521224318}. Best is trial 0 with value: 0.9277522935779816.
[I 2026-02-06 07:50:43,873] Trial 62 finished with value: 0.9071100917431193 and parameters: {'frozen_layers': 2, 'classifier_dropout': 0.3126624873157206, 'learning_rate': 3.0940883426206095e-05, 'weight_decay': 0.00010829365699385774, 'label_smoothing': 0.14570743094475386, 'gradient_clipping': 0.678505298150156}. Best is trial 0 with value: 0.9277522935779816.
[I 2026-02-06 08:03:57,404] Trial 63 finished with value: 0.9059633027522935 and parameters: {'frozen_layers': 0, 'classifier_dropout': 0.2881332640315287, 'learning_rate': 4.57541894175279e-05, 'weight_decay': 0.00027190630810264803, 'label_smoothing': 0.14628395949100365, 'gradient_clipping': 0.5573327722051153}. Best is trial 0 with value: 0.9277522935779816.
[I 2026-02-06 08:16:51,446] Trial 64 finished with value: 0.9048165137614679 and parameters: {'frozen_layers': 2, 'classifier_dropout': 0.26891381380683765, 'learning_rate': 4.498406954462103e-05, 'weight_decay': 1.9990276317536448e-05, 'label_smoothing': 0.14410643111995955, 'gradient_clipping': 0.6403367440337961}. Best is trial 0 with value: 0.9277522935779816.
[I 2026-02-06 08:30:06,259] Trial 65 finished with value: 0.9059633027522935 and parameters: {'frozen_layers': 0, 'classifier_dropout': 0.11448174075300241, 'learning_rate': 3.13644929628775e-05, 'weight_decay': 2.495069777073592e-06, 'label_smoothing': 0.13348909527889935, 'gradient_clipping': 0.5319224373076918}. Best is trial 0 with value: 0.9277522935779816.
[I 2026-02-06 08:43:01,027] Trial 66 finished with value: 0.9139908256880734 and parameters: {'frozen_layers': 2, 'classifier_dropout': 0.3086967677994899, 'learning_rate': 4.084418890363615e-05, 'weight_decay': 0.0001080125189251082, 'label_smoothing': 0.14351845555449902, 'gradient_clipping': 0.5187346803950298}. Best is trial 0 with value: 0.9277522935779816.
[I 2026-02-06 08:55:54,897] Trial 67 finished with value: 0.9048165137614679 and parameters: {'frozen_layers': 2, 'classifier_dropout': 0.3526295073831808, 'learning_rate': 3.2860632789456434e-05, 'weight_decay': 9.962877046707457e-05, 'label_smoothing': 0.12562270177786855, 'gradient_clipping': 0.5678849625143267}. Best is trial 0 with value: 0.9277522935779816.
[I 2026-02-06 09:09:07,998] Trial 68 finished with value: 0.9174311926605505 and parameters: {'frozen_layers': 0, 'classifier_dropout': 0.1183848930032463, 'learning_rate': 3.641033070548765e-05, 'weight_decay': 1.0132755918520552e-06, 'label_smoothing': 0.14627845154631053, 'gradient_clipping': 0.5189781707413105}. Best is trial 0 with value: 0.9277522935779816.
[I 2026-02-06 09:22:20,235] Trial 69 finished with value: 0.9151376146788991 and parameters: {'frozen_layers': 0, 'classifier_dropout': 0.3258864538887016, 'learning_rate': 4.861221114744421e-05, 'weight_decay': 0.00012372385223682975, 'label_smoothing': 0.14485943335919726, 'gradient_clipping': 0.5194002632225733}. Best is trial 0 with value: 0.9277522935779816.
[I 2026-02-06 09:35:33,036] Trial 70 finished with value: 0.8956422018348624 and parameters: {'frozen_layers': 0, 'classifier_dropout': 0.34880009962732295, 'learning_rate': 3.607533936308936e-05, 'weight_decay': 6.651191376449593e-06, 'label_smoothing': 0.11373436001750765, 'gradient_clipping': 0.8044394717835756}. Best is trial 0 with value: 0.9277522935779816.
[I 2026-02-06 09:48:46,252] Trial 71 finished with value: 0.9059633027522935 and parameters: {'frozen_layers': 0, 'classifier_dropout': 0.14088944844375256, 'learning_rate': 3.103650141929995e-05, 'weight_decay': 1.272237581107984e-06, 'label_smoothing': 0.14780308533599898, 'gradient_clipping': 0.6418656908080191}. Best is trial 0 with value: 0.9277522935779816.
[I 2026-02-06 10:02:01,050] Trial 72 finished with value: 0.9025229357798165 and parameters: {'frozen_layers': 0, 'classifier_dropout': 0.13117025093115062, 'learning_rate': 4.281401242634268e-05, 'weight_decay': 2.783656760739957e-06, 'label_smoothing': 0.14623821374090942, 'gradient_clipping': 0.5457100313333407}. Best is trial 0 with value: 0.9277522935779816.
[I 2026-02-06 10:15:13,632] Trial 73 finished with value: 0.9025229357798165 and parameters: {'frozen_layers': 0, 'classifier_dropout': 0.1524890134685125, 'learning_rate': 3.870859125212507e-05, 'weight_decay': 1.5841692202630767e-06, 'label_smoothing': 0.14927912657784598, 'gradient_clipping': 0.5143176563924445}. Best is trial 0 with value: 0.9277522935779816.
[I 2026-02-06 10:28:25,063] Trial 74 finished with value: 0.9105504587155964 and parameters: {'frozen_layers': 0, 'classifier_dropout': 0.20969872390605515, 'learning_rate': 9.967517205248022e-05, 'weight_decay': 3.218114276611406e-05, 'label_smoothing': 0.12876275979571652, 'gradient_clipping': 0.7087121083823552}. Best is trial 0 with value: 0.9277522935779816.
[I 2026-02-06 10:41:39,452] Trial 75 finished with value: 0.9094036697247706 and parameters: {'frozen_layers': 0, 'classifier_dropout': 0.11660313335345149, 'learning_rate': 3.9276777790114387e-05, 'weight_decay': 1.0677446794501562e-06, 'label_smoothing': 0.14597565302604232, 'gradient_clipping': 0.5243301522173939}. Best is trial 0 with value: 0.9277522935779816.
[I 2026-02-06 10:54:34,043] Trial 76 finished with value: 0.9139908256880734 and parameters: {'frozen_layers': 2, 'classifier_dropout': 0.25725781079982163, 'learning_rate': 8.668181944507155e-05, 'weight_decay': 0.00038190167091178145, 'label_smoothing': 0.11877906555517727, 'gradient_clipping': 0.8819624267826958}. Best is trial 0 with value: 0.9277522935779816.
[I 2026-02-06 11:09:39,027] Trial 77 finished with value: 0.9105504587155964 and parameters: {'frozen_layers': 0, 'classifier_dropout': 0.34592619136516484, 'learning_rate': 4.991006200142967e-05, 'weight_decay': 2.371527924247625e-05, 'label_smoothing': 0.11636364925279266, 'gradient_clipping': 0.668237490918692}. Best is trial 0 with value: 0.9277522935779816.
[I 2026-02-06 11:22:52,121] Trial 78 finished with value: 0.9128440366972477 and parameters: {'frozen_layers': 0, 'classifier_dropout': 0.19646158377138656, 'learning_rate': 6.144881163447687e-05, 'weight_decay': 0.0009714830132604074, 'label_smoothing': 0.12095034998501408, 'gradient_clipping': 0.8348999307637612}. Best is trial 0 with value: 0.9277522935779816.
[I 2026-02-06 11:37:36,366] Trial 79 finished with value: 0.9094036697247706 and parameters: {'frozen_layers': 2, 'classifier_dropout': 0.32037390110601827, 'learning_rate': 3.81673849480482e-05, 'weight_decay': 3.278518145841102e-05, 'label_smoothing': 0.14985148219868055, 'gradient_clipping': 0.6222649177324924}. Best is trial 0 with value: 0.9277522935779816.
[I 2026-02-06 11:52:23,137] Trial 80 finished with value: 0.9071100917431193 and parameters: {'frozen_layers': 2, 'classifier_dropout': 0.31003984447559335, 'learning_rate': 5.36096294681961e-05, 'weight_decay': 1.6131344360295682e-05, 'label_smoothing': 0.12158288319952308, 'gradient_clipping': 0.59303543711551}. Best is trial 0 with value: 0.9277522935779816.
[I 2026-02-06 12:05:25,497] Trial 81 finished with value: 0.9059633027522935 and parameters: {'frozen_layers': 1, 'classifier_dropout': 0.37552328951627784, 'learning_rate': 5.048611952036492e-05, 'weight_decay': 1.2536931427661105e-06, 'label_smoothing': 0.14647544490503764, 'gradient_clipping': 0.5861185525253196}. Best is trial 0 with value: 0.9277522935779816.
[I 2026-02-06 12:20:29,154] Trial 82 finished with value: 0.9094036697247706 and parameters: {'frozen_layers': 0, 'classifier_dropout': 0.11688279103775298, 'learning_rate': 5.522802144567865e-05, 'weight_decay': 1.9023546094985797e-06, 'label_smoothing': 0.1492747194983433, 'gradient_clipping': 0.5021295142900616}. Best is trial 0 with value: 0.9277522935779816.
[I 2026-02-06 12:37:28,430] Trial 83 finished with value: 0.9059633027522935 and parameters: {'frozen_layers': 0, 'classifier_dropout': 0.3929693125361158, 'learning_rate': 5.153345145997908e-05, 'weight_decay': 3.9216264646672915e-05, 'label_smoothing': 0.14785492099592107, 'gradient_clipping': 0.5012365967745505}. Best is trial 0 with value: 0.9277522935779816.
[I 2026-02-06 12:55:53,538] Trial 84 finished with value: 0.9185779816513762 and parameters: {'frozen_layers': 2, 'classifier_dropout': 0.1497210330925267, 'learning_rate': 5.252656187322744e-05, 'weight_decay': 6.856620658959737e-05, 'label_smoothing': 0.12000163345932358, 'gradient_clipping': 0.9237691819185496}. Best is trial 0 with value: 0.9277522935779816.
[I 2026-02-06 13:08:46,594] Trial 85 finished with value: 0.9025229357798165 and parameters: {'frozen_layers': 2, 'classifier_dropout': 0.17053116721318254, 'learning_rate': 4.505061664813522e-05, 'weight_decay': 8.03248248371106e-05, 'label_smoothing': 0.11426585194566799, 'gradient_clipping': 0.942427661513118}. Best is trial 0 with value: 0.9277522935779816.
[I 2026-02-06 13:23:51,488] Trial 86 finished with value: 0.908256880733945 and parameters: {'frozen_layers': 0, 'classifier_dropout': 0.34655528138444763, 'learning_rate': 4.058507117695679e-05, 'weight_decay': 0.0003293560491841395, 'label_smoothing': 0.10402976002601139, 'gradient_clipping': 0.6769909504340581}. Best is trial 0 with value: 0.9277522935779816.
[I 2026-02-06 13:36:45,709] Trial 87 finished with value: 0.9094036697247706 and parameters: {'frozen_layers': 2, 'classifier_dropout': 0.17917768330720754, 'learning_rate': 7.493181991279521e-05, 'weight_decay': 1.386974999234722e-05, 'label_smoothing': 0.122202476120668, 'gradient_clipping': 0.931272256411771}. Best is trial 0 with value: 0.9277522935779816.
[I 2026-02-06 13:49:50,486] Trial 88 finished with value: 0.908256880733945 and parameters: {'frozen_layers': 1, 'classifier_dropout': 0.14971512612407706, 'learning_rate': 5.470495767999332e-05, 'weight_decay': 7.69579604890883e-05, 'label_smoothing': 0.1252985756972905, 'gradient_clipping': 0.9601211269715064}. Best is trial 0 with value: 0.9277522935779816.
[I 2026-02-06 14:03:05,033] Trial 89 finished with value: 0.9071100917431193 and parameters: {'frozen_layers': 0, 'classifier_dropout': 0.387271696377464, 'learning_rate': 6.92061223002853e-05, 'weight_decay': 0.0009195712853677905, 'label_smoothing': 0.14485318307354408, 'gradient_clipping': 0.6167033169603928}. Best is trial 0 with value: 0.9277522935779816.
[I 2026-02-06 14:15:58,897] Trial 90 finished with value: 0.9025229357798165 and parameters: {'frozen_layers': 2, 'classifier_dropout': 0.1600908808031344, 'learning_rate': 5.670454630347863e-05, 'weight_decay': 3.822110558035079e-05, 'label_smoothing': 0.12166014375268061, 'gradient_clipping': 0.859356113381047}. Best is trial 0 with value: 0.9277522935779816.
[I 2026-02-06 14:30:53,265] Trial 91 finished with value: 0.9059633027522935 and parameters: {'frozen_layers': 1, 'classifier_dropout': 0.3743175792846774, 'learning_rate': 5.000718357470329e-05, 'weight_decay': 8.91913591188817e-06, 'label_smoothing': 0.14459725957821343, 'gradient_clipping': 0.5387327925907455}. Best is trial 0 with value: 0.9277522935779816.
[I 2026-02-06 14:49:44,575] Trial 92 finished with value: 0.9151376146788991 and parameters: {'frozen_layers': 0, 'classifier_dropout': 0.39564935460459805, 'learning_rate': 4.9341451675664177e-05, 'weight_decay': 0.00021746946607180339, 'label_smoothing': 0.14761574932231594, 'gradient_clipping': 0.5866439220891868}. Best is trial 0 with value: 0.9277522935779816.
[I 2026-02-06 15:02:40,838] Trial 93 finished with value: 0.9197247706422018 and parameters: {'frozen_layers': 2, 'classifier_dropout': 0.13286300188232414, 'learning_rate': 7.235437631980132e-05, 'weight_decay': 0.00030623981955503444, 'label_smoothing': 0.11396863473052543, 'gradient_clipping': 0.8914371893982085}. Best is trial 0 with value: 0.9277522935779816.
[I 2026-02-06 15:17:24,760] Trial 94 finished with value: 0.8910550458715596 and parameters: {'frozen_layers': 2, 'classifier_dropout': 0.10016200477299261, 'learning_rate': 7.985536899689016e-05, 'weight_decay': 0.0004820626636408714, 'label_smoothing': 0.12698053669105797, 'gradient_clipping': 0.978977016318641}. Best is trial 0 with value: 0.9277522935779816.
[I 2026-02-06 15:32:11,591] Trial 95 finished with value: 0.9197247706422018 and parameters: {'frozen_layers': 2, 'classifier_dropout': 0.16321157565276917, 'learning_rate': 7.070673824974094e-05, 'weight_decay': 0.00021217647478187133, 'label_smoothing': 0.11993374599960127, 'gradient_clipping': 0.9401559812375633}. Best is trial 0 with value: 0.9277522935779816.
[I 2026-02-06 15:45:08,250] Trial 96 finished with value: 0.9105504587155964 and parameters: {'frozen_layers': 2, 'classifier_dropout': 0.119876192324922, 'learning_rate': 6.036142906768482e-05, 'weight_decay': 0.0004259580234239578, 'label_smoothing': 0.10792800991869256, 'gradient_clipping': 0.8240579413956411}. Best is trial 0 with value: 0.9277522935779816.
[I 2026-02-06 15:58:03,480] Trial 97 finished with value: 0.9036697247706422 and parameters: {'frozen_layers': 2, 'classifier_dropout': 0.20605514045047935, 'learning_rate': 6.244694137353697e-05, 'weight_decay': 0.00016747872503781468, 'label_smoothing': 0.11012449500324266, 'gradient_clipping': 0.899668884777079}. Best is trial 0 with value: 0.9277522935779816.
[I 2026-02-06 16:10:59,586] Trial 98 finished with value: 0.9036697247706422 and parameters: {'frozen_layers': 2, 'classifier_dropout': 0.11542222577075373, 'learning_rate': 8.002435368140216e-05, 'weight_decay': 0.00016010017906897597, 'label_smoothing': 0.10476599861672539, 'gradient_clipping': 0.9845618179308987}. Best is trial 0 with value: 0.9277522935779816.
[I 2026-02-06 16:25:44,219] Trial 99 finished with value: 0.9094036697247706 and parameters: {'frozen_layers': 2, 'classifier_dropout': 0.19415827226573604, 'learning_rate': 7.852223874001493e-05, 'weight_decay': 0.00020851278934748706, 'label_smoothing': 0.1371816043045573, 'gradient_clipping': 0.8551064136911467}. Best is trial 0 with value: 0.9277522935779816.
[I 2026-02-06 16:44:09,019] Trial 100 finished with value: 0.911697247706422 and parameters: {'frozen_layers': 2, 'classifier_dropout': 0.16610604654052316, 'learning_rate': 6.160397133029824e-05, 'weight_decay': 0.00047714930521840216, 'label_smoothing': 0.12158478024859454, 'gradient_clipping': 0.9238922367814167}. Best is trial 0 with value: 0.9277522935779816.
[I 2026-02-06 17:00:42,951] Trial 101 finished with value: 0.9094036697247706 and parameters: {'frozen_layers': 2, 'classifier_dropout': 0.25221261679182105, 'learning_rate': 9.035971635360673e-05, 'weight_decay': 1.4403420509558984e-06, 'label_smoothing': 0.10041951617489052, 'gradient_clipping': 0.8831604636540766}. Best is trial 0 with value: 0.9277522935779816.
[I 2026-02-06 17:15:27,410] Trial 102 finished with value: 0.9002293577981652 and parameters: {'frozen_layers': 2, 'classifier_dropout': 0.38534787820777777, 'learning_rate': 4.696373354111451e-05, 'weight_decay': 4.989413342952988e-05, 'label_smoothing': 0.1342644572882793, 'gradient_clipping': 0.7443157526866058}. Best is trial 0 with value: 0.9277522935779816.

[TRIAL] 0 [VALIDATION PERFORMANCE] 0.9277522935779816 [TRAINING LOSS] 0.2733838721629112 [VALIDATION LOSS] 0.4032497618879591 

number                     			 0
value                      			 0.9277522935779816
params_classifier_dropout  			 0.3
params_frozen_layers       			 0
params_gradient_clipping   			 0.5
params_label_smoothing     			 0.15
params_learning_rate       			 5e-05
params_weight_decay        			 0.0001
user_attrs_duplicate       			 False
user_attrs_epoch           			 6
user_attrs_training_loss   			 0.2733838721629112
user_attrs_validation_loss 			 0.4032497618879591

[37] VALIDATION: 0.9128440366972477 TESTING: 0.9028006589785832
[38] VALIDATION: 0.9036697247706422 TESTING: 0.9060955518945635
[39] VALIDATION: 0.9094036697247706 TESTING: 0.9170785282811642
[40] VALIDATION: 0.9243119266055045 TESTING: 0.9126853377265239
[41] VALIDATION: 0.911697247706422 TESTING: 0.9104887424492037
[42] VALIDATION: 0.9277522935779816 TESTING: 0.9115870400878638
[43] VALIDATION: 0.9094036697247706 TESTING: 0.9110378912685337
[44] VALIDATION: 0.9105504587155964 TESTING: 0.9126853377265239
[45] VALIDATION: 0.9128440366972477 TESTING: 0.9198242723778144
[46] VALIDATION: 0.8956422018348624 TESTING: 0.8984074684239429

Validation performance: 89.56 & 91.18 ± 0.91 & 92.78
Testing performance: 89.84 & 91.03 ± 0.64 & 91.98

[TRIAL] 1 [VALIDATION PERFORMANCE] 0.9277522935779816 [TRAINING LOSS] 0.2733838721629112 [VALIDATION LOSS] 0.4032497618879591 

number                     			 1
value                      			 0.9277522935779816
params_classifier_dropout  			 0.1
params_frozen_layers       			 0
params_gradient_clipping   			 0.5
params_label_smoothing     			 0.15
params_learning_rate       			 5e-05
params_weight_decay        			 1e-06
user_attrs_duplicate       			 False
user_attrs_epoch           			 6
user_attrs_training_loss   			 0.2733838721629112
user_attrs_validation_loss 			 0.4032497618879591

[37] VALIDATION: 0.9128440366972477 TESTING: 0.9028006589785832
[38] VALIDATION: 0.9036697247706422 TESTING: 0.9060955518945635
[39] VALIDATION: 0.9094036697247706 TESTING: 0.9170785282811642
[40] VALIDATION: 0.9243119266055045 TESTING: 0.9126853377265239
[41] VALIDATION: 0.911697247706422 TESTING: 0.9104887424492037
CUDA out of memory. Tried to allocate 384.00 MiB. GPU 0 has a total capacity of 44.40 GiB of which 52.31 MiB is free. Including non-PyTorch memory, this process has 44.34 GiB memory in use. Of the allocated memory 43.72 GiB is allocated by PyTorch, and 73.70 MiB is reserved by PyTorch but unallocated. If reserved but unallocated memory is large try setting PYTORCH_CUDA_ALLOC_CONF=expandable_segments:True to avoid fragmentation.  See documentation for Memory Management  (https://pytorch.org/docs/stable/notes/cuda.html#environment-variables)
42 Exception...
CUDA out of memory. Tried to allocate 384.00 MiB. GPU 0 has a total capacity of 44.40 GiB of which 52.31 MiB is free. Including non-PyTorch memory, this process has 44.34 GiB memory in use. Of the allocated memory 43.72 GiB is allocated by PyTorch, and 73.70 MiB is reserved by PyTorch but unallocated. If reserved but unallocated memory is large try setting PYTORCH_CUDA_ALLOC_CONF=expandable_segments:True to avoid fragmentation.  See documentation for Memory Management  (https://pytorch.org/docs/stable/notes/cuda.html#environment-variables)
43 Exception...
CUDA out of memory. Tried to allocate 384.00 MiB. GPU 0 has a total capacity of 44.40 GiB of which 52.31 MiB is free. Including non-PyTorch memory, this process has 44.34 GiB memory in use. Of the allocated memory 43.72 GiB is allocated by PyTorch, and 73.70 MiB is reserved by PyTorch but unallocated. If reserved but unallocated memory is large try setting PYTORCH_CUDA_ALLOC_CONF=expandable_segments:True to avoid fragmentation.  See documentation for Memory Management  (https://pytorch.org/docs/stable/notes/cuda.html#environment-variables)
44 Exception...
CUDA out of memory. Tried to allocate 384.00 MiB. GPU 0 has a total capacity of 44.40 GiB of which 52.31 MiB is free. Including non-PyTorch memory, this process has 44.34 GiB memory in use. Of the allocated memory 43.72 GiB is allocated by PyTorch, and 73.70 MiB is reserved by PyTorch but unallocated. If reserved but unallocated memory is large try setting PYTORCH_CUDA_ALLOC_CONF=expandable_segments:True to avoid fragmentation.  See documentation for Memory Management  (https://pytorch.org/docs/stable/notes/cuda.html#environment-variables)
45 Exception...
CUDA out of memory. Tried to allocate 384.00 MiB. GPU 0 has a total capacity of 44.40 GiB of which 52.31 MiB is free. Including non-PyTorch memory, this process has 44.34 GiB memory in use. Of the allocated memory 43.72 GiB is allocated by PyTorch, and 73.70 MiB is reserved by PyTorch but unallocated. If reserved but unallocated memory is large try setting PYTORCH_CUDA_ALLOC_CONF=expandable_segments:True to avoid fragmentation.  See documentation for Memory Management  (https://pytorch.org/docs/stable/notes/cuda.html#environment-variables)
46 Exception...

Validation performance: 90.37 & 91.24 ± 0.75 & 92.43
Testing performance: 90.28 & 90.98 ± 0.56 & 91.71

[TRIAL] 2 [VALIDATION PERFORMANCE] 0.9277522935779816 [TRAINING LOSS] 0.2733838721629112 [VALIDATION LOSS] 0.4032497618879591 

number                     			 2
value                      			 0.9277522935779816
params_classifier_dropout  			 0.4
params_frozen_layers       			 0
params_gradient_clipping   			 0.5
params_label_smoothing     			 0.15
params_learning_rate       			 5e-05
params_weight_decay        			 0.0001
user_attrs_duplicate       			 False
user_attrs_epoch           			 6
user_attrs_training_loss   			 0.2733838721629112
user_attrs_validation_loss 			 0.4032497618879591

CUDA out of memory. Tried to allocate 384.00 MiB. GPU 0 has a total capacity of 44.40 GiB of which 52.31 MiB is free. Including non-PyTorch memory, this process has 44.34 GiB memory in use. Of the allocated memory 43.72 GiB is allocated by PyTorch, and 73.70 MiB is reserved by PyTorch but unallocated. If reserved but unallocated memory is large try setting PYTORCH_CUDA_ALLOC_CONF=expandable_segments:True to avoid fragmentation.  See documentation for Memory Management  (https://pytorch.org/docs/stable/notes/cuda.html#environment-variables)
37 Exception...
CUDA out of memory. Tried to allocate 384.00 MiB. GPU 0 has a total capacity of 44.40 GiB of which 52.31 MiB is free. Including non-PyTorch memory, this process has 44.34 GiB memory in use. Of the allocated memory 43.72 GiB is allocated by PyTorch, and 73.70 MiB is reserved by PyTorch but unallocated. If reserved but unallocated memory is large try setting PYTORCH_CUDA_ALLOC_CONF=expandable_segments:True to avoid fragmentation.  See documentation for Memory Management  (https://pytorch.org/docs/stable/notes/cuda.html#environment-variables)
38 Exception...
CUDA out of memory. Tried to allocate 384.00 MiB. GPU 0 has a total capacity of 44.40 GiB of which 52.31 MiB is free. Including non-PyTorch memory, this process has 44.34 GiB memory in use. Of the allocated memory 43.72 GiB is allocated by PyTorch, and 73.70 MiB is reserved by PyTorch but unallocated. If reserved but unallocated memory is large try setting PYTORCH_CUDA_ALLOC_CONF=expandable_segments:True to avoid fragmentation.  See documentation for Memory Management  (https://pytorch.org/docs/stable/notes/cuda.html#environment-variables)
39 Exception...
CUDA out of memory. Tried to allocate 384.00 MiB. GPU 0 has a total capacity of 44.40 GiB of which 52.31 MiB is free. Including non-PyTorch memory, this process has 44.34 GiB memory in use. Of the allocated memory 43.72 GiB is allocated by PyTorch, and 73.70 MiB is reserved by PyTorch but unallocated. If reserved but unallocated memory is large try setting PYTORCH_CUDA_ALLOC_CONF=expandable_segments:True to avoid fragmentation.  See documentation for Memory Management  (https://pytorch.org/docs/stable/notes/cuda.html#environment-variables)
40 Exception...
CUDA out of memory. Tried to allocate 384.00 MiB. GPU 0 has a total capacity of 44.40 GiB of which 52.31 MiB is free. Including non-PyTorch memory, this process has 44.34 GiB memory in use. Of the allocated memory 43.72 GiB is allocated by PyTorch, and 73.70 MiB is reserved by PyTorch but unallocated. If reserved but unallocated memory is large try setting PYTORCH_CUDA_ALLOC_CONF=expandable_segments:True to avoid fragmentation.  See documentation for Memory Management  (https://pytorch.org/docs/stable/notes/cuda.html#environment-variables)
41 Exception...
CUDA out of memory. Tried to allocate 384.00 MiB. GPU 0 has a total capacity of 44.40 GiB of which 52.31 MiB is free. Including non-PyTorch memory, this process has 44.34 GiB memory in use. Of the allocated memory 43.72 GiB is allocated by PyTorch, and 73.70 MiB is reserved by PyTorch but unallocated. If reserved but unallocated memory is large try setting PYTORCH_CUDA_ALLOC_CONF=expandable_segments:True to avoid fragmentation.  See documentation for Memory Management  (https://pytorch.org/docs/stable/notes/cuda.html#environment-variables)
42 Exception...
CUDA out of memory. Tried to allocate 384.00 MiB. GPU 0 has a total capacity of 44.40 GiB of which 52.31 MiB is free. Including non-PyTorch memory, this process has 44.34 GiB memory in use. Of the allocated memory 43.72 GiB is allocated by PyTorch, and 73.70 MiB is reserved by PyTorch but unallocated. If reserved but unallocated memory is large try setting PYTORCH_CUDA_ALLOC_CONF=expandable_segments:True to avoid fragmentation.  See documentation for Memory Management  (https://pytorch.org/docs/stable/notes/cuda.html#environment-variables)
43 Exception...
CUDA out of memory. Tried to allocate 384.00 MiB. GPU 0 has a total capacity of 44.40 GiB of which 52.31 MiB is free. Including non-PyTorch memory, this process has 44.34 GiB memory in use. Of the allocated memory 43.72 GiB is allocated by PyTorch, and 73.70 MiB is reserved by PyTorch but unallocated. If reserved but unallocated memory is large try setting PYTORCH_CUDA_ALLOC_CONF=expandable_segments:True to avoid fragmentation.  See documentation for Memory Management  (https://pytorch.org/docs/stable/notes/cuda.html#environment-variables)
44 Exception...
CUDA out of memory. Tried to allocate 384.00 MiB. GPU 0 has a total capacity of 44.40 GiB of which 52.31 MiB is free. Including non-PyTorch memory, this process has 44.34 GiB memory in use. Of the allocated memory 43.72 GiB is allocated by PyTorch, and 73.70 MiB is reserved by PyTorch but unallocated. If reserved but unallocated memory is large try setting PYTORCH_CUDA_ALLOC_CONF=expandable_segments:True to avoid fragmentation.  See documentation for Memory Management  (https://pytorch.org/docs/stable/notes/cuda.html#environment-variables)
45 Exception...
CUDA out of memory. Tried to allocate 384.00 MiB. GPU 0 has a total capacity of 44.40 GiB of which 52.31 MiB is free. Including non-PyTorch memory, this process has 44.34 GiB memory in use. Of the allocated memory 43.72 GiB is allocated by PyTorch, and 73.70 MiB is reserved by PyTorch but unallocated. If reserved but unallocated memory is large try setting PYTORCH_CUDA_ALLOC_CONF=expandable_segments:True to avoid fragmentation.  See documentation for Memory Management  (https://pytorch.org/docs/stable/notes/cuda.html#environment-variables)
46 Exception...

Not enough values to compute average and standard deviation performance.

[SST-2] Elapsed time: 3781.016508360704 minutes.
