0,1,2,3,4,5,6,7,identifier,split
0.9961041,0.00022401549,0.0015622294,0.0011502602,0.00037408035,9.866141e-06,7.252473e-05,0.00050295354,0,test
0.9946142,0.00029122198,0.0014347953,0.0021358884,0.00062908174,3.0717467e-05,0.00019459712,0.00066947524,1,test
0.0047049485,0.010153282,0.017291648,0.017964834,0.020622155,0.89758664,0.020669183,0.011007303,2,test
0.0029151998,0.012672848,0.086285725,0.020182088,0.00969165,0.8554679,0.0059537855,0.006830852,3,test
0.99258703,0.00044861145,0.002035357,0.0029845585,0.00054917025,4.104097e-05,0.00016121342,0.0011930597,4,test
0.00030125244,0.00128641,0.99605113,0.0007571294,2.4989822e-05,0.0007253751,7.025653e-05,0.00078341365,5,test
0.00016922852,0.0016190975,0.9966438,0.0005946721,1.4193633e-05,0.00037509148,4.656204e-05,0.00053732295,6,test
0.00023379586,0.0016483185,0.995765,0.000978347,1.9434898e-05,0.00041113436,6.136672e-05,0.00088260527,7,test
0.98085475,0.0026164707,0.0032034563,0.009321594,0.0006525005,0.00016907096,0.00046316168,0.0027190829,8,test
0.00040090698,0.001563455,0.9956214,0.000680553,3.3393753e-05,0.00096349773,0.00010045675,0.00063644,9,test
0.00030549246,0.0011849635,0.9963983,0.00069268764,2.3987472e-05,0.0006171018,6.179153e-05,0.00071561855,10,test
0.00010387124,0.0012339199,0.9976368,0.00034041703,9.135462e-06,0.00020703966,4.0634106e-05,0.00042817564,11,test
0.9939885,0.00042523205,0.0012013563,0.0023705484,0.000969553,3.9670133e-05,0.00028447367,0.00072072365,12,test
0.99404246,0.00030421815,0.0018427117,0.0022571597,0.00051190617,3.4348042e-05,0.00016736618,0.00083978096,13,test
0.00037185187,0.0023310888,0.9946444,0.0006194432,4.7964146e-05,0.0011339053,0.00014115217,0.00071016845,14,test
0.00018237656,0.002398284,0.99560946,0.00061565574,1.663381e-05,0.000499131,8.3869905e-05,0.0005945781,15,test
0.00025175262,0.0021730352,0.99534273,0.00088276877,2.0214999e-05,0.00022294118,5.514267e-05,0.0010513975,16,test
0.00018321734,0.0014506248,0.99685585,0.0003551461,2.583792e-05,0.0004829729,6.426972e-05,0.00058207,17,test
0.97850704,0.0017800981,0.0102262115,0.003940423,0.0012113362,0.00016576561,0.00096178707,0.0032072521,18,test
0.0132027045,0.02465851,0.018407008,0.061849706,0.30775973,0.5119259,0.04213261,0.020063782,19,test
0.99320495,0.0004688117,0.0014614677,0.002325554,0.00090697355,4.2159103e-05,0.00039349016,0.0011966019,20,test
0.041591134,0.00877657,0.9349175,0.007618351,0.0011442526,0.00068299443,0.00077958277,0.0044895746,21,test
0.99630666,0.00016906885,0.0017858186,0.00090725604,0.00034916028,1.0018455e-05,0.000106780186,0.00036522673,22,test
0.00015149158,0.0025093623,0.9956422,0.00052701373,1.972128e-05,0.0006225431,5.8301863e-05,0.0004693266,23,test
0.0007835502,0.0001222269,0.0003229347,0.0007401964,2.8480872e-06,1.1139967e-05,4.366397e-05,0.9979734,24,test
0.00015457542,0.0007365297,0.99749076,0.0006135044,9.07645e-06,0.00043193693,3.7898513e-05,0.0005256682,25,test
0.00023300701,0.0026654135,0.9951944,0.0005606348,2.9359255e-05,0.0005622939,0.00010543021,0.00064933667,26,test
0.00018420712,0.0015120094,0.9964988,0.00067259726,1.3975868e-05,0.00027703523,3.350086e-05,0.0008078964,27,test
0.00032141968,0.0033099577,0.99402964,0.0006668197,3.3917757e-05,0.00054997683,0.000110209454,0.0009780535,28,test
0.0003172814,0.0025890286,0.9950492,0.0005784509,3.0957577e-05,0.00047061977,0.00011187573,0.0008526208,29,test
0.99572057,0.00021804418,0.00084176887,0.0018749204,0.00049063686,1.7427565e-05,0.00019184743,0.00064484205,30,test
0.00025324203,0.0019987533,0.99574834,0.00063220225,2.5493691e-05,0.0005650489,0.000113616115,0.0006633553,31,test
1.651683e-05,1.4003823e-05,6.542867e-06,2.6717706e-05,5.9504664e-06,1.1745979e-05,0.99985754,6.10047e-05,32,test
0.0001995934,0.0012689689,0.99629396,0.0011210658,1.1399759e-05,0.00021293404,3.3850803e-05,0.00085817085,33,test
0.00019991497,0.0013037903,0.9965714,0.00076577306,1.3204357e-05,0.00040785625,4.2799584e-05,0.0006952421,34,test
0.00021623635,0.002805676,0.9949686,0.00054778584,2.6868389e-05,0.00073265785,8.923213e-05,0.0006129405,35,test
0.00019838904,0.0019899681,0.99601245,0.00046572706,2.5405423e-05,0.000696848,7.5457276e-05,0.0005357214,36,test
0.00014590089,0.0016952214,0.99649423,0.00049307925,2.3867486e-05,0.0004591311,5.3500084e-05,0.00063515874,37,test
0.00021991,0.0026200886,0.9952283,0.00061624043,2.774852e-05,0.00051619083,9.847531e-05,0.00067311584,38,test
0.9947246,0.0002855953,0.001097846,0.001895808,0.0008753897,2.6206013e-05,0.00018627178,0.00090827595,39,test
0.99458826,0.0003453912,0.001191077,0.0025695278,0.00034509884,2.8861885e-05,0.0001827624,0.00074899243,40,test
0.99553156,0.0002651004,0.0009989376,0.0019324343,0.00048673793,2.7237142e-05,0.00015751032,0.00060048566,41,test
0.00015813316,0.0016674722,0.9967782,0.0003570282,1.3067029e-05,0.00046525087,6.0252503e-05,0.0005006077,42,test
0.00024125584,0.0023384667,0.99549943,0.0006420195,2.8094133e-05,0.00042432672,0.000100506826,0.0007257938,43,test
0.9937226,0.00028427393,0.0015559748,0.0027876485,0.00026252886,3.2139626e-05,0.00014841667,0.0012063296,44,test
0.00017864691,0.0027504484,0.99546224,0.0005121364,2.1695903e-05,0.00041688123,6.108471e-05,0.0005968744,45,test
0.0003321683,0.0021597124,0.9952761,0.0007734256,2.9367127e-05,0.00032193784,7.095356e-05,0.0010363332,46,test
0.0003489132,0.00017132483,0.00027751012,0.0005165231,2.407821e-06,1.4378627e-05,4.5801684e-05,0.99862313,47,test
0.99491596,0.00026568104,0.0013265229,0.0016659132,0.0008451798,2.8006263e-05,0.00025008793,0.00070268085,48,test
0.00027055136,0.0015335463,0.9952413,0.0012886056,1.781645e-05,0.0005051698,5.9848015e-05,0.0010832183,49,test
0.00013490448,0.0014672175,0.9968258,0.0005524751,1.2047709e-05,0.0003453643,5.4951437e-05,0.0006072311,50,test
0.00030535873,0.0019471446,0.99513227,0.0005468706,5.0010192e-05,0.0013326909,0.00012039492,0.00056523184,51,test
0.00014116145,0.0023121792,0.9955676,0.0008045911,1.5766744e-05,0.00040015733,9.088255e-05,0.0006676155,52,test
0.9920426,0.00059564767,0.0016687353,0.003837421,0.00082342094,7.161077e-05,0.00028441782,0.0006761275,53,test
0.00031126887,0.0017485314,0.99519217,0.0010462967,2.1007614e-05,0.00044437742,6.320121e-05,0.0011730753,54,test
0.00014611612,0.0013541739,0.99710697,0.00054614886,1.0875178e-05,0.0003781479,4.1213036e-05,0.00041630084,55,test
0.9921217,0.00038597494,0.0029582044,0.0027528962,0.00048726215,4.1717187e-05,0.00018035021,0.0010719313,56,test
0.00018999874,0.0026897693,0.99529403,0.00058007636,2.7776088e-05,0.00054953503,6.813308e-05,0.00060072495,57,test
0.00041932153,7.013349e-05,1.6080277e-05,8.7470195e-05,0.99910307,4.5264744e-05,0.00022773255,3.09376e-05,58,test
0.9707742,0.0013409955,0.010444138,0.008580268,0.003645018,0.00030903638,0.0015918096,0.003314707,59,test
0.00012267934,0.0008205326,0.9979298,0.00040072025,1.5960633e-05,0.00033711828,3.2230204e-05,0.00034099715,60,test
0.0016048541,0.0018154831,0.988172,0.0037883192,6.8758396e-05,0.0007439658,0.00013623059,0.0036704976,61,test
0.00019240053,0.0013659939,0.99576217,0.0011630935,1.4290967e-05,0.00054452615,4.036451e-05,0.0009172725,62,test
0.00017841248,0.0014218254,0.99651283,0.0007509207,1.2107646e-05,0.0004575134,5.1351777e-05,0.00061508355,63,test
0.00035005022,0.0020174661,0.9954335,0.00055297377,3.934221e-05,0.00093180005,9.62026e-05,0.0005786949,64,test
0.00020846262,0.0015042281,0.99612135,0.00085395324,1.4816882e-05,0.00042336684,5.344662e-05,0.0008204602,65,test
0.00020773448,0.0015539398,0.9961319,0.00076658704,1.9712905e-05,0.00066648895,6.842279e-05,0.0005852412,66,test
0.00018901023,0.0026839175,0.9951662,0.00070513587,2.2516173e-05,0.00054079364,0.00010091732,0.0005914707,67,test
0.0024605603,0.0019022905,0.0016937025,0.005964372,0.00016854284,0.0006675739,0.0005745612,0.98656845,68,test
0.00020413766,0.0020737946,0.9955596,0.0005180599,2.826083e-05,0.00091610476,0.00010323156,0.0005968306,69,test
0.9947213,0.0002707349,0.0012492416,0.0022128022,0.00047617673,2.3519397e-05,0.00020984713,0.00083628594,70,test
0.00023573011,0.0017743532,0.9959772,0.00078397326,1.943205e-05,0.000365596,6.0595376e-05,0.0007831472,71,test
0.99556243,0.00020657806,0.00092708203,0.0018903095,0.0005992743,2.2533626e-05,0.00018233109,0.0006095584,72,test
0.00014356562,0.0016402443,0.99706155,0.0004801269,1.3823638e-05,0.00021450048,2.6395775e-05,0.00041981097,73,test
0.052102678,0.12309012,0.073302574,0.126483,0.06425052,0.4545127,0.06772173,0.03853673,74,test
4.032634e-06,0.99688846,0.0016964719,0.001291126,1.4388525e-06,2.7646406e-06,1.907844e-05,9.663739e-05,75,test
0.001693902,0.0003451031,0.0009168913,0.0006487187,8.068898e-06,2.6200807e-05,0.0002764591,0.9960847,76,test
0.6965742,0.010122093,0.23694982,0.02982217,0.004428472,0.0014415717,0.0042660735,0.016395537,77,test
0.993583,0.00039344275,0.0022216788,0.0021607778,0.0007067605,3.2542448e-05,0.00020369682,0.0006980603,78,test
4.4750564e-06,0.9972422,0.0016208842,0.001060702,1.09075e-06,2.1108128e-06,1.9501373e-05,4.906662e-05,79,test
0.00032462398,0.00308335,0.9942058,0.0006698069,3.7385747e-05,0.00062210794,0.00013036012,0.0009266194,80,test
0.0003605187,6.861172e-05,1.630178e-05,7.807628e-05,0.9992768,4.389915e-05,0.00012424415,3.1563028e-05,81,test
0.9950989,0.00022956841,0.00088341575,0.0023326867,0.0004269044,1.9347543e-05,0.00014620686,0.0008628847,82,test
0.9938154,0.00036816028,0.0009782901,0.0024169101,0.0010244631,3.0070685e-05,0.00023748576,0.0011293086,83,test
0.993632,0.00036846462,0.001739339,0.0022748746,0.0006532578,3.364638e-05,0.0002293693,0.0010690077,84,test
0.0006654372,0.00014964885,4.162226e-05,0.0001910143,0.9984206,0.000114512484,0.00036420082,5.2948344e-05,85,test
0.9918767,0.0005034166,0.0026290538,0.0025710387,0.00050038553,2.9374673e-05,0.00018266837,0.0017072766,86,test
0.9941552,0.00025671124,0.0018184561,0.001960826,0.00070534955,1.9287872e-05,0.00022415236,0.0008600554,87,test
0.0003216285,0.0034627956,0.9938799,0.00070073514,3.4418263e-05,0.00055158813,0.00014051366,0.00090835366,88,test
0.996073,0.00022702846,0.0006782943,0.0017682159,0.0005197001,1.4157528e-05,0.00013263423,0.00058704446,89,test
0.00012858276,0.0018325439,0.99639857,0.00066635944,1.38854275e-05,0.00031881282,5.588964e-05,0.00058533787,90,test
0.0002696568,0.002471424,0.9951304,0.0006002096,2.7730473e-05,0.0005828385,0.00010626822,0.0008114189,91,test
0.00022242877,0.0025143349,0.99538004,0.00063924835,2.3952627e-05,0.00048229416,5.8718902e-05,0.0006789905,92,test
0.9943197,0.00034738425,0.0011700595,0.0024142219,0.0006225531,2.3134337e-05,0.00025620946,0.00084671745,93,test
0.99526596,0.00024317284,0.00090660097,0.002298611,0.00044042995,2.0949909e-05,0.00017391746,0.0006503911,94,test
0.00019944271,0.0019203097,0.9960936,0.0007199469,1.7295037e-05,0.00033423648,7.230967e-05,0.0006428727,95,test
0.00032272757,0.0014778025,0.9957319,0.00080807914,2.7332113e-05,0.0008236216,7.083349e-05,0.00073766214,96,test
5.7320644e-06,0.99795485,0.0010572544,0.0009106091,9.316503e-07,1.5855871e-06,1.2205929e-05,5.684488e-05,97,test
0.001079427,0.0042977263,0.011664469,0.0088812085,0.008784739,0.95705116,0.005737438,0.0025037378,98,test
0.99352115,0.00039677956,0.0018307253,0.0020864138,0.0010244573,3.5224803e-05,0.00033634974,0.00076891005,99,test
0.9952134,0.00028549405,0.001194268,0.0019218689,0.0004934636,2.7558935e-05,0.0001889518,0.00067508867,100,test
0.00019575487,0.0026474851,0.9951532,0.0006272194,2.1795267e-05,0.0006755012,9.431602e-05,0.00058469817,101,test
0.00022080587,0.0027850033,0.9949891,0.00063268334,2.4549478e-05,0.0004932829,9.8987344e-05,0.0007554427,102,test
0.0024588036,0.0059812525,0.0097933775,0.014848053,0.015984925,0.9311253,0.015014599,0.004793685,103,test
0.00063945615,0.9565927,0.018501416,0.016974755,0.00010758552,0.00061670796,0.0027337805,0.003833628,104,test
0.0009314469,0.00036431153,0.00036610573,0.0014793533,1.0177778e-05,2.9391484e-05,4.9616887e-05,0.99676967,105,test
0.0003186981,6.574399e-05,1.2537413e-05,8.2000784e-05,0.99937207,4.12215e-05,8.626552e-05,2.1519456e-05,106,test
0.0002606743,0.0010208995,0.99706167,0.00054281874,2.3116045e-05,0.00032549346,5.147354e-05,0.0007137869,107,test
0.0014009391,0.0006964211,0.0018362377,0.0014875336,2.1477254e-05,8.5798645e-05,0.00045520213,0.9940164,108,test
0.0033401959,0.0042555584,0.010515527,0.006844061,0.017838463,0.9401454,0.012050111,0.005010678,109,test
0.00015365216,0.002427398,0.9955199,0.00085185113,1.491049e-05,0.0003997127,7.182218e-05,0.0005608588,110,test
0.46989286,0.017404562,0.4571662,0.032852124,0.0015694262,0.0009840804,0.0023126763,0.017818112,111,test
0.9950773,0.00020424122,0.0014534441,0.0016250162,0.00051532633,1.6859418e-05,0.00020856371,0.00089925475,112,test
0.00018921155,0.0013112141,0.99660623,0.00079118146,2.0902215e-05,0.00035360397,5.3051044e-05,0.000674486,113,test
0.00012144856,0.0020539772,0.9961935,0.00047946238,1.6475493e-05,0.00068807,4.170759e-05,0.0004054231,114,test
0.9925504,0.0005010259,0.0015421435,0.003095604,0.000875012,5.9951417e-05,0.0004177352,0.0009581443,115,test
0.0011572521,0.012084471,0.95598316,0.005402124,0.00024549675,0.022105426,0.00032208615,0.002699988,116,test
0.9959668,0.00019819576,0.0007770112,0.0018345249,0.00046224572,1.27059875e-05,0.00016003322,0.0005885943,117,test
0.99585634,0.00020906646,0.00096449564,0.0018763551,0.00044146692,1.5104019e-05,0.00012650495,0.0005106224,118,test
0.99453294,0.00027647527,0.0014463133,0.0020485118,0.0008926654,3.4261255e-05,0.00019951156,0.0005693404,119,test
0.024391904,0.016167637,0.0280614,0.067951255,0.011551316,0.2584858,0.011630426,0.5817602,120,test
0.00016936118,0.0025168809,0.9955179,0.00068538525,1.8163886e-05,0.0003964551,8.689108e-05,0.00060898816,121,test
0.000104524945,0.0012925382,0.99743927,0.00040600714,9.593646e-06,0.00032969165,3.1862015e-05,0.00038645786,122,test
0.993628,0.0004135199,0.0012343783,0.0026673255,0.00096626143,4.2067877e-05,0.00024217027,0.0008061422,123,test
0.04775169,0.034169037,0.039289538,0.14560287,0.2748246,0.08406044,0.11993305,0.2543688,124,test
0.99298954,0.0003922188,0.0015274094,0.0035245267,0.00035522052,4.0030394e-05,0.000116158335,0.0010548249,125,test
0.0003346435,0.003589244,0.9934455,0.00066716934,4.5837132e-05,0.0010044327,0.00011226688,0.0008009007,126,test
0.9952172,0.00022435264,0.0009985226,0.00206085,0.00037441315,1.9377061e-05,0.00018197433,0.0009234111,127,test
0.00028849574,0.0014779815,0.99616677,0.00023495301,1.6377611e-05,0.0009435655,4.3856697e-05,0.00082804915,128,test
0.00034514818,0.001606029,0.99612266,0.00037199954,3.2858003e-05,0.00068074797,5.8153095e-05,0.00078238547,129,test
0.00040421952,0.0016215811,0.9957931,0.0004599811,2.3235067e-05,0.00076795043,6.442095e-05,0.00086540874,130,test
0.0010552937,0.0019129588,0.99266994,0.0016942729,5.7665293e-05,0.00081688014,7.849183e-05,0.001714546,131,test
0.99632615,0.00018115736,0.0008126656,0.0011044728,0.0007860378,1.6830329e-05,0.00014698073,0.0006257282,132,test
0.00023455586,0.0007862657,0.9977956,0.00018088102,1.5379403e-05,0.00036173494,4.018273e-05,0.0005854498,133,test
0.00021691788,0.001832523,0.99612373,0.00025066055,1.5962512e-05,0.0007005903,5.0304523e-05,0.00080928305,134,test
0.4393939,0.42820784,0.08093633,0.038256492,0.0017185102,0.001427127,0.0013799085,0.008679849,135,test
0.0008018611,0.00136525,0.99547994,0.0007336947,2.6928383e-05,0.00051861216,7.017481e-05,0.0010035827,136,test
0.0004562006,0.0013646579,0.9960884,0.00055525644,2.4006595e-05,0.0005834543,5.7916262e-05,0.0008701478,137,test
0.00039482402,0.0016242927,0.9961987,0.00040585967,2.5303796e-05,0.00050053815,5.0926188e-05,0.00079947716,138,test
0.00023792674,0.001948514,0.9955848,0.00033756692,1.903738e-05,0.0010117713,6.991959e-05,0.0007905711,139,test
0.0005215505,0.0013714846,0.9959986,0.0003951697,2.8795212e-05,0.00082799577,7.470555e-05,0.00078172126,140,test
0.9955758,0.00023840746,0.00094526215,0.0012811974,0.0011323896,2.6399659e-05,0.00017779565,0.00062277477,141,test
0.00038828212,0.0015723155,0.99623436,0.00043513416,2.4148494e-05,0.00027892823,5.521291e-05,0.0010115927,142,test
0.00036932263,0.001260156,0.996838,0.00030726034,2.069464e-05,0.0003565491,5.291158e-05,0.00079514156,143,test
0.9953236,0.0002255706,0.0020090607,0.000984848,0.0006796863,1.5552427e-05,0.00013934704,0.000622349,144,test
0.0002343628,0.0015131962,0.99670047,0.00039435286,2.004639e-05,0.00040067168,4.201216e-05,0.00069486204,145,test
2.321419e-05,0.9943995,0.004197292,0.0011871199,2.254164e-06,8.321233e-06,3.0904102e-05,0.00015149322,146,test
0.00036565863,0.001415958,0.996431,0.00025757164,2.1360393e-05,0.0005720521,7.403567e-05,0.00086235226,147,test
0.00043320694,0.0024685494,0.9949071,0.00041225774,3.1261563e-05,0.0004780338,8.422225e-05,0.0011854112,148,test
0.99648726,0.00017559787,0.0008716388,0.0010139016,0.00067756465,1.6263357e-05,0.00013956879,0.00061810453,149,test
0.9916694,0.00036893593,0.0032326037,0.001862747,0.00039327188,2.7155704e-05,0.00013596252,0.002309818,150,test
0.99634945,0.00018652463,0.0014549394,0.000920646,0.0004858114,1.4451831e-05,0.00011316948,0.00047501948,151,test
0.99621457,0.00018243243,0.00090518454,0.001298213,0.00072736986,1.5199071e-05,0.00015929546,0.00049771764,152,test
0.99313533,0.00032460742,0.0011892968,0.0014447649,0.0025622873,3.410479e-05,0.0003782543,0.00093136006,153,test
0.00043914342,0.0023319796,0.9945786,0.0003723633,3.987002e-05,0.00066720234,9.3064016e-05,0.0014778369,154,test
0.0005240653,0.0017016667,0.9953542,0.00070563675,3.3471504e-05,0.000670413,0.00010025658,0.0009102547,155,test
2.0531506e-05,0.9959233,0.0024292408,0.0014143696,2.3017176e-06,7.887554e-06,4.0307492e-05,0.00016220343,156,test
0.9957974,0.00022053026,0.0010878135,0.0011573951,0.000866622,2.6078646e-05,0.00015745923,0.0006867791,157,test
0.9886226,0.0006173932,0.005364951,0.0023487185,0.0012874586,8.260266e-05,0.00025166367,0.0014246377,158,test
0.0003043416,0.001800361,0.99610883,0.0004236693,3.3331085e-05,0.00049100636,7.6241566e-05,0.00076221174,159,test
0.00012374007,0.00038163905,0.002791326,0.0006513403,0.0014188742,0.99373627,0.0005215664,0.00037514584,160,test
0.000254337,0.00048488716,0.00073390896,0.00017471059,1.3619793e-06,7.71374e-06,6.5600376e-05,0.99827754,161,test
0.9966916,0.00016134173,0.00083355553,0.0009156022,0.000784337,1.2902839e-05,0.00013836754,0.00046232235,162,test
0.99579513,0.00022280269,0.00093583146,0.0013125599,0.0009884735,2.7640472e-05,0.00016232817,0.00055518374,163,test
0.0005449895,0.0014577083,0.99616855,0.00047489838,2.26699e-05,0.00034239131,5.087358e-05,0.00093801937,164,test
0.0005722092,0.0019013691,0.99465746,0.0009032471,3.788357e-05,0.0005649566,6.654089e-05,0.0012963212,165,test
0.0011017607,0.00016960001,4.8917762e-05,0.00017811004,0.99766445,0.00017361302,0.0004973539,0.000166228,166,test
0.00012931827,0.0001095893,0.0001448908,0.000109572786,8.3616703e-07,3.9982933e-06,2.0693507e-05,0.99948114,167,test
0.00045862535,0.0011464169,0.99648464,0.000362499,2.1242091e-05,0.0007637708,6.866559e-05,0.0006940825,168,test
0.00038366043,0.0016622356,0.9957481,0.00040149697,2.998578e-05,0.0008258309,5.5449527e-05,0.0008932457,169,test
0.00084857637,0.0008951387,0.0011137733,0.00093104783,0.00032309757,0.0011386379,0.9910948,0.0036548872,170,test
0.00040040267,0.001716867,0.9958883,0.0005031266,2.9595416e-05,0.00033788875,5.292765e-05,0.0010708828,171,test
0.00032682737,0.0014050138,0.9964461,0.00038339113,2.8792383e-05,0.0006321814,4.695709e-05,0.00073085184,172,test
0.99689496,0.0001281041,0.0009449024,0.0007801378,0.0005959306,1.4329126e-05,0.00013693624,0.000504674,173,test
0.99673706,0.00014432127,0.0011636256,0.00087512494,0.0004902237,1.2244282e-05,0.00011093623,0.00046636377,174,test
0.00045759953,0.0015393056,0.9960271,0.00064040796,3.3459783e-05,0.00034761443,5.630854e-05,0.0008982463,175,test
0.0002704523,0.0015434653,0.9966564,0.0003735279,1.7439635e-05,0.00035875815,5.043978e-05,0.0007295035,176,test
0.00014238174,0.00035755907,0.0031973768,0.001738852,0.0019974508,0.9915262,0.00068058167,0.00035961947,177,test
0.99649733,0.00016812643,0.000701333,0.0010821962,0.0007080595,1.2453287e-05,0.0001405045,0.0006899395,178,test
0.00028761904,0.002085056,0.9949751,0.00039394604,2.3313602e-05,0.0011735259,9.603283e-05,0.00096542516,179,test
0.9959096,0.00021134094,0.0010147654,0.0011173934,0.0008042881,1.8019518e-05,0.0002226197,0.0007019033,180,test
0.0007210827,0.00043160224,0.00072794757,0.00043496265,2.7470462e-06,4.2000756e-05,6.489843e-05,0.9975746,181,test
0.00028088278,0.0011360797,0.9970784,0.00025211516,1.39741305e-05,0.00049197127,4.1433646e-05,0.00070505246,182,test
0.00031278573,0.0016630922,0.9961706,0.00036253617,2.422126e-05,0.00054566533,7.814947e-05,0.00084297615,183,test
0.9960884,0.00019584954,0.0010856928,0.0011564268,0.00075416156,1.45798e-05,0.00015320786,0.0005518009,184,test
0.00041905665,0.0017307906,0.9958611,0.0004012629,3.0880034e-05,0.0003878556,5.895905e-05,0.0011100334,185,test
0.9955851,0.00021981435,0.0012588981,0.0012255977,0.00052801427,1.8025163e-05,0.00010900316,0.0010554938,186,test
0.0008447214,0.002514979,0.9935829,0.0010354145,3.5782385e-05,0.0005215028,3.8849605e-05,0.0014258244,187,test
0.0016050738,0.00036157444,7.585505e-05,0.00044007113,0.99603635,0.00032126973,0.00077166787,0.0003881607,188,test
0.0021397718,0.002576708,0.9873383,0.0024670137,0.0004192793,0.0011637987,0.00020381455,0.0036913052,189,test
0.0002949137,0.0014762649,0.9965635,0.00036473272,1.9483397e-05,0.00041972392,5.4842545e-05,0.0008065092,190,test
0.9945616,0.00027357918,0.0026937122,0.0010907724,0.00065922044,2.142535e-05,0.000118210875,0.0005815426,191,test
0.99655306,0.00017307399,0.00086648314,0.0010254974,0.00073674426,1.7049677e-05,0.00012988505,0.0004982145,192,test
0.00013607764,0.00026534864,0.0021300167,0.00058950984,0.0018163378,0.9941204,0.0005661459,0.00037607766,193,test
0.00027192596,0.00046305114,0.0006463691,0.0002107619,5.6384138e-06,3.6177247e-05,5.6206412e-05,0.99830985,194,test
0.00051802496,0.0025393455,0.99434483,0.00060690887,2.5688718e-05,0.00034893616,5.3857493e-05,0.0015624997,195,test
0.00032706995,0.0013633063,0.99642414,0.00028758615,3.337857e-05,0.00047886136,5.4826818e-05,0.0010306657,196,test
0.016668087,0.022016918,0.02307274,0.027236942,0.66826,0.18711515,0.03340218,0.022227976,197,test
0.9956939,0.00023984701,0.0015499865,0.0011046375,0.00073660584,2.14925e-05,0.00015020842,0.0005032105,198,test
0.00050328026,0.0015094551,0.9959109,0.00046888992,2.5512934e-05,0.0003064846,4.9451468e-05,0.0012259781,199,test
0.0008157625,0.0019031832,0.9940562,0.000906851,4.9163e-05,0.0006235633,8.5394575e-05,0.0015597538,200,test
0.00028506058,0.0012304098,0.9969734,0.00042140536,1.4474913e-05,0.0003384313,3.1839994e-05,0.0007050444,201,test
0.0002983101,0.0011197254,0.9972288,0.00025396128,1.8280818e-05,0.00030130878,4.328764e-05,0.00073631835,202,test
0.0004254008,0.002067432,0.9948212,0.0008868233,2.2748403e-05,0.00063615164,3.0780786e-05,0.0011093974,203,test
0.00028602418,0.0011822416,0.9968855,0.0003790396,1.3616123e-05,0.00043397254,3.633824e-05,0.00078330917,204,test
0.9961357,0.00022511871,0.0011143221,0.0011861954,0.00060945674,2.0920179e-05,0.000113325004,0.00059505977,205,test
0.0003664159,0.0017059953,0.99580944,0.00032661547,2.740307e-05,0.0006328277,7.36997e-05,0.0010576802,206,test
0.0001991504,0.0012733197,0.99731404,0.0003140653,1.3938564e-05,0.00043700694,3.4174423e-05,0.0004143826,207,test
0.00036191937,0.00122514,0.99653494,0.00041061084,2.4694988e-05,0.00065918866,5.3381427e-05,0.0007302067,208,test
0.996222,0.00019915804,0.0014630365,0.00093402184,0.0005399265,1.16413885e-05,0.00010360669,0.00052654446,209,test
0.0031014066,0.0043931734,0.98589677,0.002563444,9.8771765e-05,0.000546532,0.00014605722,0.0032538704,210,test
0.9954555,0.00015823614,0.001841237,0.00061644224,0.0013173074,1.2741196e-05,0.00021255488,0.00038599654,211,test
0.00033893343,0.003242552,0.9941314,0.00048257728,3.1302887e-05,0.0005939233,8.834544e-05,0.0010910745,212,test
0.9965913,0.00019366114,0.0009786539,0.00094437867,0.00063592097,1.2805951e-05,0.00010729411,0.0005358864,213,test
9.3404225e-05,0.00031267246,0.002099646,0.00071606255,0.00062698615,0.9953825,0.00023930642,0.0005293643,214,test
0.0002701507,0.0014143563,0.9968009,0.00032875032,1.8058072e-05,0.00036307413,5.5500746e-05,0.0007492955,215,test
0.00048115366,0.0013991625,0.99606884,0.00041922784,2.5602443e-05,0.0005218905,5.7657107e-05,0.0010263197,216,test
2.7652055e-05,0.9963133,0.002271271,0.0012150458,1.3555194e-06,7.0392234e-06,2.291201e-05,0.0001415146,217,test
0.9949839,0.00026200584,0.0015008191,0.0012732459,0.00088047376,2.0059118e-05,0.0001888432,0.0008906784,218,test
0.00044323137,0.0018254704,0.9956376,0.0006073179,2.9399034e-05,0.0003291112,4.374228e-05,0.0010840807,219,test
0.00033322384,0.0007339966,0.99700385,0.00046772297,3.5199962e-05,0.0007613361,7.286434e-05,0.0005917491,220,test
0.9959059,0.0002244137,0.0010437476,0.0011264537,0.00061023416,1.8293724e-05,0.00014373945,0.0009272219,221,test
0.00037744464,0.0017570326,0.9958379,0.00045689495,3.218974e-05,0.000621704,9.8106095e-05,0.00081875164,222,test
0.0006201265,0.0020367585,0.9947373,0.00047515152,5.723485e-05,0.00060832704,0.000108031265,0.0013571035,223,test
0.0024645105,0.0005490106,0.0003698247,0.0007740471,0.9917464,0.0016804909,0.0019007919,0.00051486737,224,test
0.99682546,0.00014345649,0.0007597512,0.0009869334,0.00062146824,1.1923719e-05,0.0001439629,0.0005070351,225,test
0.0005622116,0.0021964323,0.9947588,0.00064347015,3.535891e-05,0.00029215228,4.9099177e-05,0.0014624976,226,test
0.00040601153,0.0015923989,0.99604034,0.00028523605,2.6277186e-05,0.00058508303,7.989057e-05,0.0009846909,227,test
0.00020775812,0.0002596781,0.0001818152,0.00017441247,0.0001379182,0.00025309215,0.99839103,0.00039427687,228,test
0.00050166366,0.0026186456,0.9946696,0.00039143988,2.6110643e-05,0.00018630162,6.9308786e-05,0.0015368038,229,test
0.00034106232,0.0019745848,0.9954596,0.0007264355,1.7740069e-05,0.0006188206,3.5591416e-05,0.0008260334,230,test
0.0004381722,0.0019498358,0.99519944,0.00039599187,3.466467e-05,0.00064831896,8.520773e-05,0.0012482645,231,test
0.99295557,0.0005302251,0.0017080647,0.002004959,0.00081167085,5.3610085e-05,0.0003150966,0.001620756,232,test
0.9941301,0.00029755957,0.002014694,0.0015738897,0.0006986798,3.7270347e-05,0.00025956577,0.0009881741,233,test
0.0013517899,0.00019789125,6.498385e-05,0.00021679615,0.9969766,0.00021364844,0.0007516131,0.00022661203,234,test
0.99615026,0.0002046868,0.0012150543,0.0009241844,0.0007836277,2.2974533e-05,0.0001428177,0.0005564311,235,test
0.99652666,0.00015659483,0.0008323795,0.0010640721,0.00071441603,1.391155e-05,0.00015480292,0.00053713145,236,test
0.0006588298,0.0013144161,0.9954137,0.0009173259,2.5397636e-05,0.0008747548,7.053317e-05,0.0007251097,237,test
0.0004343449,0.0017183409,0.99551105,0.0003531864,3.0984058e-05,0.0007763402,9.84384e-05,0.0010773723,238,test
0.00030083797,0.0018938858,0.9959279,0.00040213877,2.3268482e-05,0.00061343843,7.860861e-05,0.0007599261,239,test
0.99598676,0.00020518477,0.0011240614,0.0009237388,0.0009652555,1.9663248e-05,0.00015803534,0.00061729643,240,test
0.0011464068,0.0013047218,0.0007369397,0.9898364,2.773799e-06,0.005381798,0.0004301291,0.0011607376,241,test
0.9960373,0.00019201188,0.0011972616,0.0012043221,0.000507509,1.8287921e-05,0.00010821712,0.0007350726,242,test
0.0017273742,0.0003077918,7.028751e-05,0.00031464617,0.9966556,0.00021334393,0.00050314394,0.00020787581,243,test
0.0029912796,0.9488465,0.036336437,0.008743185,6.6995155e-05,0.00035238222,0.00043564575,0.0022275716,244,test
0.9969229,0.00014000289,0.0012504006,0.00071323075,0.00042141657,1.1045389e-05,0.00010092583,0.0004400094,245,test
0.9953186,0.00026633995,0.0011472692,0.0014127421,0.0007789828,1.890324e-05,0.00013982439,0.0009172969,246,test
0.00032508277,0.001768925,0.9959954,0.00041701802,2.601333e-05,0.0005830503,8.489093e-05,0.0007996483,247,test
9.7258955e-05,0.9918886,0.0036559256,0.003595093,1.0175076e-05,4.1646894e-05,0.0001931158,0.0005181723,248,test
0.9963911,0.00016677278,0.001166218,0.0012067354,0.00043378404,1.092143e-05,0.00010974589,0.0005147281,249,test
0.99538606,0.00023994052,0.0013990244,0.0011149117,0.0008415467,2.1267984e-05,0.00020008242,0.00079723087,250,test
0.99634403,0.00018108322,0.0008609717,0.0011668933,0.0006442725,1.7943521e-05,0.0001622031,0.0006225859,251,test
0.00031270116,0.0019487944,0.9956174,0.00032361285,2.5039497e-05,0.0007199175,6.9951624e-05,0.000982637,252,test
0.0002576642,0.0015963216,0.99662834,0.00031012343,1.7573826e-05,0.00043257262,6.4741354e-05,0.0006925655,253,test
0.00052223157,0.0019654813,0.99517304,0.0004443102,4.234372e-05,0.0006439026,0.00012114667,0.0010875986,254,test
0.0006925185,0.0027944355,0.9936685,0.0009560915,3.9944312e-05,0.00054679654,5.7345467e-05,0.0012444131,255,test
0.00018937358,0.0012843681,0.9972095,0.0002854426,1.2234452e-05,0.00048580067,3.9295002e-05,0.00049394195,256,test
0.9961427,0.00018814686,0.0018713959,0.0007638029,0.00051113806,8.906873e-06,0.00010442471,0.00040956028,257,test
0.00015533455,0.0011169118,0.99761343,0.00034781612,9.028733e-06,0.00026617182,2.1535308e-05,0.00046985724,258,test
0.0042216154,0.0030899139,0.0027019675,0.0019375236,0.0014672423,0.0055845366,0.9787578,0.002239467,259,test
0.00020017702,0.0010172635,0.9976351,0.0003126743,9.757687e-06,0.00037560618,2.8254788e-05,0.0004211397,260,test
0.006780429,0.0015535074,0.02541152,0.003788494,8.261829e-05,0.0013440186,0.019263707,0.9417757,261,test
0.002242362,0.0015741151,0.0017951602,0.0014856913,0.003164607,0.005062268,0.98208076,0.00259487,262,test
0.0018661412,0.00028609252,0.00013732171,0.00036378772,0.9958872,0.00074699125,0.0006011842,0.00011115922,263,test
0.00026022873,0.00094750535,0.9975973,0.000466304,1.599665e-05,0.00023471734,3.376593e-05,0.00044419357,264,test
0.00017576599,0.0008937663,0.99790263,0.00029080015,1.1128898e-05,0.00026547213,2.8769153e-05,0.0004316085,265,test
0.00019218988,0.0014216804,0.9971194,0.00028178914,1.3664919e-05,0.00044290788,3.37458e-05,0.0004946067,266,test
0.00021714167,0.0015934599,0.9967692,0.00035629503,1.4897285e-05,0.00043887002,4.081617e-05,0.000569319,267,test
0.0005225506,0.9726395,0.010665807,0.012705182,0.000102315265,0.0011949843,0.000458343,0.0017114234,268,test
0.99719477,0.00014852009,0.00079518533,0.0008471322,0.0005736998,6.5143995e-06,9.8197524e-05,0.00033596286,269,test
0.9964533,0.00020124127,0.0010042359,0.001088037,0.0006187941,1.1807331e-05,0.00012453693,0.0004980971,270,test
0.00019297135,0.0008844576,0.99794227,0.00018862993,1.4526697e-05,0.00035112628,3.0057072e-05,0.00039593093,271,test
0.00020782833,0.001075039,0.9972408,0.00052817864,9.109239e-06,0.00028837737,2.0098232e-05,0.0006305551,272,test
0.003129027,0.0013839715,0.0009022157,0.0026318564,0.0045053717,0.009353906,0.975983,0.0021106526,273,test
0.99667287,0.0001869587,0.0010639351,0.0009296287,0.0007110737,8.160974e-06,9.395146e-05,0.00033343103,274,test
0.9970156,0.00015385308,0.00058804086,0.0009794281,0.0006758975,8.1090375e-06,0.00010610047,0.00047297298,275,test
0.9940082,0.00038979095,0.0018108146,0.0014568327,0.001317694,3.47882e-05,0.0002522047,0.000729782,276,test
0.00021513467,0.00096416863,0.99751306,0.00025408674,1.4236054e-05,0.0006095925,4.0977182e-05,0.0003886524,277,test
0.00028028744,0.0008543773,0.99749607,0.00046086553,1.6511218e-05,0.0003533474,3.6532412e-05,0.00050196704,278,test
0.95625234,0.003238829,0.0067485976,0.013355808,0.00970412,0.0008643886,0.0026835774,0.0071523404,279,test
0.00023060695,0.0011541151,0.99742943,0.0003413224,1.6586386e-05,0.000338329,3.803413e-05,0.00045159113,280,test
0.00020641775,0.0013810927,0.9967757,0.0003056079,1.3574744e-05,0.00073858013,4.8335794e-05,0.000530739,281,test
0.00026929588,0.0011852094,0.9970974,0.00044770745,1.833125e-05,0.00043488064,3.9317165e-05,0.00050781004,282,test
0.99722713,0.00016327476,0.0008895027,0.00080335233,0.000489861,5.8273095e-06,6.203071e-05,0.00035893894,283,test
1.8341841e-05,0.9962132,0.002315951,0.0013760037,6.997152e-07,5.5256382e-06,8.349347e-06,6.1895524e-05,284,test
0.00022695877,0.0023212621,0.99584216,0.00043203088,2.9500718e-05,0.0005180017,4.2280277e-05,0.00058782427,285,test
0.99708825,0.00017029242,0.00085974415,0.00086083944,0.0006094049,1.1615475e-05,8.6304775e-05,0.0003135666,286,test
0.99680823,0.00018283856,0.0009830467,0.00097478146,0.00055576925,8.752839e-06,8.837592e-05,0.00039809442,287,test
0.99519217,0.00025663024,0.0017782201,0.0010990729,0.0010334381,1.5788477e-05,0.00017650743,0.00044815365,288,test
0.99644536,0.00018861426,0.0010246548,0.0012163356,0.0006748619,1.0222874e-05,0.00010825371,0.00033185934,289,test
2.50584e-05,5.789187e-05,0.00040037403,0.00030855194,0.0011699975,0.9979266,6.7106324e-05,4.4368448e-05,290,test
2.3931425e-05,5.3112017e-05,0.0003141588,0.0001706264,0.0009695686,0.9983418,9.8012686e-05,2.889573e-05,291,test
0.00038368953,0.0011095413,0.9969748,0.0003254049,2.4919877e-05,0.0004695442,6.251296e-05,0.00064951734,292,test
0.0015156388,0.001541057,0.9939154,0.0014302828,6.477245e-05,0.00041549417,0.00010774771,0.001009635,293,test
0.00017572333,0.0012696548,0.99729806,0.00030175128,1.1116408e-05,0.00046391072,3.8270155e-05,0.00044147673,294,test
0.00035094572,0.0010136209,0.99690944,0.00060758006,1.3444587e-05,0.0004897306,4.7333437e-05,0.00056798523,295,test
0.0010690097,0.0008433854,0.004763404,0.0013392513,1.8526558e-05,0.000248962,0.0008216718,0.9908958,296,test
1.8282311e-05,0.9959692,0.002607736,0.0013384991,3.3812827e-07,6.0873044e-06,7.3533984e-06,5.2493942e-05,297,test
0.00014616504,0.0012157519,0.9974038,0.00026573628,1.0881156e-05,0.0004977295,2.864999e-05,0.00043126196,298,test
0.00054250855,0.0003030305,0.00041140267,0.0003204797,4.9534347e-06,1.2747042e-05,4.394583e-05,0.99836093,299,test
0.00014182716,0.001452251,0.997306,0.00025064376,1.3071255e-05,0.00037769784,2.3232558e-05,0.00043527994,300,test
0.00022334023,0.0014678685,0.99690104,0.00030013215,1.5524456e-05,0.00043975748,4.366125e-05,0.0006087674,301,test
0.0004190667,0.0010895819,0.996887,0.00049934414,2.2886934e-05,0.0003196198,4.5261022e-05,0.00071723375,302,test
0.0006193562,0.00015420846,2.2791066e-05,0.00021874448,0.99850225,0.00013591067,0.00023888283,0.000107974425,303,test
0.00022380748,0.0014757701,0.99700505,0.00026307418,1.844418e-05,0.0003736509,3.4904402e-05,0.0006053084,304,test
0.00017693752,0.0014610759,0.99692184,0.0003048481,1.4140435e-05,0.0005760578,4.3789765e-05,0.0005013268,305,test
0.0002701847,0.00083492487,0.9975533,0.00035577506,1.5897169e-05,0.0003715967,3.8220303e-05,0.00056016876,306,test
0.00019975519,0.001268424,0.9972842,0.00027710237,1.336487e-05,0.00040452782,3.9704417e-05,0.0005128741,307,test
0.9946104,0.00031209845,0.002664233,0.0011311583,0.00048197323,1.963748e-05,0.000112281,0.0006681791,308,test
4.7920767e-05,0.00021630264,0.0015044773,0.00057619484,0.0012342562,0.9962185,0.00014562049,5.6817946e-05,309,test
0.0003737737,0.0010896862,0.99676657,0.0006070242,1.9378747e-05,0.0005250243,5.9159276e-05,0.00055936415,310,test
0.00035651025,0.0015749929,0.99632746,0.00065706176,1.9212983e-05,0.00024556177,2.275158e-05,0.00079640804,311,test
0.0001234358,0.00077904813,0.00022272715,0.9978765,3.146207e-07,0.00084772514,4.4506407e-05,0.00010575357,312,test
0.002755598,0.0017478234,0.0013142284,0.0014300053,0.0016570705,0.004292997,0.9840649,0.0027373312,313,test
0.00018175185,0.0015121237,0.996932,0.00032596398,1.1320548e-05,0.00044584385,3.2709766e-05,0.00055823626,314,test
0.00019742182,0.0008700232,0.99782,0.00031734066,1.0980452e-05,0.000328976,3.3351105e-05,0.00042197263,315,test
0.9964353,0.00020507659,0.0008980994,0.0010595113,0.0006725386,1.2922806e-05,9.913868e-05,0.0006175064,316,test
0.00018049042,0.0011466407,0.99747795,0.00029021464,1.1110209e-05,0.00041513267,3.660051e-05,0.0004418932,317,test
0.996068,0.00024164676,0.0008329371,0.0012075186,0.0010777218,1.6371943e-05,0.00014369802,0.00041210296,318,test
0.00027924878,0.0009465559,0.99736965,0.0004005847,1.5097398e-05,0.00035231002,2.9306144e-05,0.000607276,319,test
0.00017522511,0.0008572609,0.9979011,0.00025097374,1.0680965e-05,0.00035540917,3.0402758e-05,0.00041891492,320,test
0.9964451,0.00021738886,0.0014177704,0.0007561208,0.0007176215,1.248979e-05,9.153194e-05,0.00034196986,321,test
0.0002892059,0.0013684316,0.99685305,0.00043820534,1.8964747e-05,0.00029442183,3.4987388e-05,0.0007028216,322,test
0.9971136,0.00014920972,0.0008602253,0.0007887581,0.0006070482,8.653241e-06,0.00014067804,0.00033193306,323,test
0.00018395162,0.0008214145,0.99802494,0.0002768653,1.3152731e-05,0.00029065777,2.7459164e-05,0.00036152042,324,test
0.004209882,0.0004072674,0.00029748774,0.0003591321,0.9937896,0.00022552922,0.00048693252,0.00022412014,325,test
0.0019915805,0.0016741083,0.001126727,0.0024002495,0.97539353,0.0146070765,0.002111741,0.00069485646,326,test
0.9954957,0.00030398,0.0012590186,0.0013981906,0.0009884109,2.5568783e-05,0.00013801461,0.00039117117,327,test
0.00017181177,0.0008166672,0.9981213,0.0001759563,1.1757248e-05,0.00033675288,2.5201729e-05,0.0003404947,328,test
0.0018568244,0.00034697753,8.176675e-05,0.0004947488,0.9958424,0.0003519071,0.00079620257,0.00022920902,329,test
0.0001781549,0.0023300378,0.99632204,0.00058290956,9.194882e-06,0.0002382742,2.09795e-05,0.00031839882,330,test
0.0002490504,0.0017250709,0.99646926,0.00033885264,1.815162e-05,0.00040056364,5.020865e-05,0.00074887834,331,test
0.00037622216,0.0027688113,0.99501747,0.0007705191,3.080034e-05,0.00031758673,3.8849077e-05,0.0006797501,332,test
0.00016221782,0.000805257,0.998035,0.00023500113,7.51061e-06,0.00041273335,2.3781306e-05,0.0003184806,333,test
0.0001787982,0.0011454718,0.99746037,0.0002894892,1.0949877e-05,0.00044934562,3.696211e-05,0.00042859014,334,test
0.00030529578,0.00089895364,0.99737537,0.00039075565,1.6647733e-05,0.00041008292,4.2006108e-05,0.00056093535,335,test
0.00033877316,0.0017711975,0.9961928,0.0005678664,1.2637238e-05,0.00026124268,2.3988587e-05,0.00083154166,336,test
8.264475e-05,0.9914146,0.0042599384,0.0038057049,6.5947625e-06,4.1879448e-05,9.636292e-05,0.00029221913,337,test
0.0003293205,0.0011033627,0.9970577,0.0005480547,1.7226777e-05,0.00046044265,5.508092e-05,0.00042885263,338,test
0.00018463768,0.00079247484,0.9978132,0.00042616884,1.1937482e-05,0.00030226208,2.6625368e-05,0.00044257913,339,test
0.99605846,0.00022150003,0.0008838603,0.0010138061,0.0012569649,1.5173446e-05,0.00014707036,0.00040315403,340,test
0.99647564,0.00019648665,0.0010642563,0.00087816897,0.00082781666,1.371938e-05,0.00016655294,0.00037733855,341,test
0.99419385,0.00026705526,0.0018151965,0.0013655076,0.001722958,2.8648457e-05,0.00024043513,0.0003662775,342,test
0.00019166016,0.0010797349,0.9975873,0.0002262989,1.0999847e-05,0.00038892197,2.8455484e-05,0.00048668275,343,test
0.0005478271,0.000121510166,2.3102146e-05,0.00016035151,0.9987865,9.292097e-05,0.00018666532,8.1115155e-05,344,test
0.9957753,0.00022207467,0.0014911322,0.001037567,0.0009715057,1.4557937e-05,0.00014075315,0.00034719874,345,test
0.00016475338,0.0011100547,0.9976211,0.0002776447,1.2703011e-05,0.00035815508,2.5387215e-05,0.00043026265,346,test
0.00015847659,0.00023513909,0.00020143896,0.00016648196,8.4027124e-07,5.597998e-06,1.3794556e-05,0.9992182,347,test
0.00015461235,0.0014035129,0.9972372,0.00029390928,1.1154383e-05,0.00044157554,3.1943786e-05,0.00042602624,348,test
0.012173635,0.18336512,0.043610338,0.025047103,0.004832631,0.032774843,0.6862589,0.01193743,349,test
0.00042257135,0.00978752,0.98643714,0.0014651818,2.2561333e-05,0.0011830264,0.00010866859,0.000573396,350,test
0.00022953846,0.0010480613,0.9974268,0.00043668677,1.2921609e-05,0.00029659164,2.9053776e-05,0.0005203794,351,test
0.06659411,0.016645225,0.2617725,0.043817982,0.055656545,0.18706004,0.27904338,0.08941017,352,test
0.99657875,0.00019216738,0.00083964487,0.0010978776,0.00080706674,1.141441e-05,0.0001315287,0.0003415125,353,test
0.8959892,0.0028647596,0.086145915,0.00437632,0.004309749,0.00036539062,0.0020516827,0.00389695,354,test
0.00021553008,0.0012627434,0.9972338,0.000338202,1.7496832e-05,0.00044151756,5.2867304e-05,0.0004377943,355,test
0.99650925,0.00021173738,0.00084328844,0.00097372785,0.0009187288,1.27757685e-05,0.00011688199,0.00041358432,356,test
0.0027695454,0.0009782756,0.0041880608,0.002410312,0.00010180676,0.005903682,0.0009301229,0.98271817,357,test
0.00028343176,0.0017533636,0.9963187,0.0004623226,1.6845055e-05,0.00020582275,2.9848254e-05,0.000929754,358,test
0.031567864,0.072039306,0.62174726,0.061087325,0.008772102,0.10163939,0.0066723973,0.09647434,359,test
0.9964514,0.00022737369,0.0008719716,0.0011731277,0.0006250437,1.18710095e-05,0.0001046108,0.0005346983,360,test
0.9974269,0.00012616764,0.0009594864,0.00072592066,0.000460463,4.7484837e-06,6.223045e-05,0.00023391754,361,test
0.00018140451,0.0010429382,0.9976646,0.00023293044,1.0974031e-05,0.00031944783,2.9197374e-05,0.0005185635,362,test
0.00059384626,0.002220179,0.99491274,0.0008755036,2.0957239e-05,0.00023648527,3.4799876e-05,0.001105478,363,test
0.00023965152,0.0009601093,0.9972971,0.0003490294,1.6814996e-05,0.00052796846,8.664939e-05,0.0005227015,364,test
0.00052596256,0.0013444059,0.99652135,0.00043577704,4.886502e-05,0.00031448138,0.00010821356,0.00070096646,365,test
0.0001043679,0.0006366787,0.9983847,0.0002536185,6.4895617e-06,0.00035386608,2.661954e-05,0.00023364475,366,test
0.99701273,0.0001517373,0.0010057527,0.0007539071,0.000599906,7.0887513e-06,9.896502e-05,0.00036992447,367,test
0.00046646097,0.00030773305,0.00078230724,0.00034048228,8.203193e-06,4.5696088e-05,6.790365e-05,0.99798125,368,test
0.00018389926,0.00215995,0.99619293,0.00067935674,1.7599685e-05,0.00033371444,2.1873084e-05,0.0004106426,369,test
0.00025958184,0.0010829312,0.99727875,0.00040470986,1.36565095e-05,0.0002794703,2.8332128e-05,0.00065264344,370,test
0.00026190036,0.0013424761,0.9970278,0.00027744885,1.6243464e-05,0.00044417058,4.843852e-05,0.0005815112,371,test
0.00026540266,0.0009579049,0.9973097,0.00036009995,1.3986331e-05,0.0006148135,3.9938765e-05,0.00043811856,372,test
0.31016093,0.034725264,0.12644956,0.09108855,0.124185584,0.11576542,0.06103419,0.13659047,373,test
0.9961152,0.00021041432,0.0012696302,0.00092492375,0.0008868364,1.3443886e-05,0.00016398387,0.00041563401,374,test
0.99596703,0.00023218976,0.00091974426,0.0012846802,0.00096706534,1.0083006e-05,0.00011964375,0.0004996734,375,test
0.00024350612,0.0011912644,0.9972223,0.0003513558,1.8950346e-05,0.00049834204,4.093255e-05,0.00043340703,376,test
0.00027349306,0.00088875805,0.9978059,0.00019517132,2.0461475e-05,0.00031362535,3.6451274e-05,0.0004662645,377,test
0.99654275,0.00019987412,0.000786682,0.0010980002,0.0009023957,1.4336815e-05,0.00011734004,0.0003385451,378,test
0.99526465,0.00028855566,0.0015915359,0.0014402186,0.0007288914,2.2136519e-05,0.00014547634,0.0005185989,379,test
0.00026824127,0.0011737563,0.99694294,0.00062746083,1.705926e-05,0.00033647768,2.4645444e-05,0.0006094239,380,test
0.00026832035,0.00094708946,0.99736905,0.0005068875,1.245521e-05,0.00039785105,3.252355e-05,0.00046565698,381,test
0.000118429525,0.0004530057,0.9987349,0.00019992849,2.9590317e-06,0.0003123439,8.5818865e-06,0.00016979234,382,test
0.00019203567,0.0012388425,0.99743456,0.00026804308,9.893377e-06,0.00033129944,3.2601863e-05,0.0004928247,383,test
0.99813664,6.119645e-05,0.00084625283,0.0004437468,0.00021275635,3.4609525e-06,4.918741e-05,0.00024666803,384,test
0.9983016,6.830469e-05,0.00051522546,0.0004755509,0.00028418112,5.2512632e-06,5.0052626e-05,0.00029976465,385,test
0.9967836,0.00017016134,0.0011812486,0.0009383224,0.00035231633,1.200828e-05,6.390661e-05,0.000498354,386,test
0.0018222174,0.0011726692,0.001867623,0.002425664,7.920723e-05,0.00034304895,0.00035992905,0.99192977,387,test
0.0055304742,0.0042091324,0.0026666482,0.0028174378,5.8093476e-05,0.00091644935,0.0005017197,0.9833,388,test
0.00012860728,0.000880192,0.9981476,0.00020670817,5.6621807e-06,0.0002471697,2.1160677e-05,0.00036298487,389,test
0.9976926,9.701095e-05,0.0006012708,0.00073765626,0.00029006347,6.6171206e-06,6.292067e-05,0.0005117921,390,test
0.005591427,0.012731261,0.031377137,0.027812876,0.013959884,0.8753932,0.007217825,0.025916249,391,test
0.99553347,0.00020760908,0.001724494,0.0011640724,0.00049197476,2.5884043e-05,0.0001296055,0.00072295446,392,test
0.99706,0.00016334504,0.00075328955,0.00086675776,0.0005096961,1.0810392e-05,0.00016857324,0.000467484,393,test
0.00022185233,0.0013471368,0.99704355,0.00027598123,1.3920424e-05,0.0004366416,6.625925e-05,0.00059461256,394,test
0.00013644558,0.00075563183,0.9982488,0.00021566056,6.7263745e-06,0.00024523368,2.7367016e-05,0.00036410848,395,test
0.00015623689,0.000930054,0.99764246,0.00020650054,8.784282e-06,0.00063528353,4.4438042e-05,0.00037617036,396,test
0.00016491706,0.0007162232,0.99815136,0.00029701382,6.9064226e-06,0.0002186015,2.4463081e-05,0.00042039834,397,test
9.026159e-05,0.0006804883,0.99850476,0.000104956205,5.790119e-06,0.00030967873,1.9077761e-05,0.0002850052,398,test
0.00017975489,0.0010375316,0.99747723,0.00021779757,9.364672e-06,0.00060684694,5.059024e-05,0.00042099174,399,test
2.0698624e-05,0.99502087,0.0030244174,0.0018180201,1.7631672e-06,8.9571595e-06,2.919024e-05,7.601614e-05,400,test
0.00031461086,0.0009994771,0.9970372,0.00025171076,1.4795808e-05,0.0008374115,6.6619985e-05,0.00047817992,401,test
0.00017384162,0.00089796365,0.9977708,0.00020049754,9.629858e-06,0.00055263034,2.9113116e-05,0.00036550433,402,test
0.0002659526,0.0013105354,0.9969267,0.00024862358,1.4302468e-05,0.000589113,5.8142672e-05,0.0005867057,403,test
0.00021440594,0.0019374943,0.9959039,0.0006996875,1.4692523e-05,0.00043442202,3.218478e-05,0.00076321606,404,test
1.8817202e-05,0.9950228,0.0032233342,0.0016283486,1.3117525e-06,7.317072e-06,2.7689923e-05,7.029171e-05,405,test
0.00020455124,0.00094552827,0.99743867,0.0005421266,8.489975e-06,0.0003007681,1.8668714e-05,0.00054116524,406,test
0.9963031,0.0001588775,0.0015505967,0.00074510847,0.0005435826,1.369434e-05,0.00010938617,0.00057555374,407,test
0.00047301827,0.00016625815,0.00027710103,0.00019385251,1.2668847e-06,5.138062e-06,3.2542874e-05,0.9988508,408,test
0.9970381,0.00012448234,0.00064817554,0.0009835664,0.00038053488,1.2962984e-05,8.648145e-05,0.00072565535,409,test
0.00029371784,0.0010289609,0.99687,0.00023542177,1.7937506e-05,0.00090024655,6.842036e-05,0.0005852058,410,test
0.00022977496,0.00078906736,0.99779296,0.00030191947,9.77982e-06,0.00036036188,3.3102377e-05,0.00048311212,411,test
0.0003529246,0.00069096714,0.9973531,0.00043551184,9.511142e-06,0.0005150076,2.8067398e-05,0.00061496464,412,test
3.8547947e-05,0.99244213,0.005377164,0.001902059,3.6718516e-06,2.6180238e-05,5.596586e-05,0.00015435452,413,test
0.9962669,0.00015404075,0.0019496963,0.0006987444,0.0003847016,1.3879264e-05,9.2250746e-05,0.00043990565,414,test
0.9809656,0.0010046433,0.0045609176,0.0056932713,0.0029006773,0.0002815327,0.0015843,0.0030090546,415,test
0.0001271473,0.0012890545,0.9976158,0.00019237194,5.441628e-06,0.00028717786,2.2739408e-05,0.00046031614,416,test
0.00020382735,0.00092648965,0.997696,0.00026363062,1.1157919e-05,0.0003165438,4.6246925e-05,0.00053603185,417,test
0.00015022399,0.000959155,0.99787533,0.00023031347,8.639592e-06,0.00027169095,2.972151e-05,0.00047495565,418,test
0.00024201167,0.0012164058,0.9969625,0.00021718502,1.358226e-05,0.00061862083,5.027328e-05,0.0006794286,419,test
0.86462384,0.004585877,0.110641696,0.008663311,0.001412848,0.00033382856,0.0013855124,0.0083532315,420,test
0.9977762,0.00010039507,0.00054565666,0.0007755108,0.00029167006,7.1487834e-06,6.377551e-05,0.00043966254,421,test
0.9980253,8.656179e-05,0.000721642,0.00048668077,0.00027052016,3.5197857e-06,3.839592e-05,0.00036739654,422,test
0.00060845446,0.003272565,0.99425274,0.00064827234,6.5815652e-06,0.00046456605,5.793819e-05,0.0006888718,423,test
2.608947e-05,0.9956637,0.0025682813,0.0016274422,1.3123758e-06,8.099085e-06,2.0581627e-05,8.4565516e-05,424,test
0.997511,9.278452e-05,0.0006009519,0.00080709707,0.00028685483,7.144131e-06,9.044564e-05,0.0006037639,425,test
0.9965055,0.0001580893,0.0012990343,0.00079001917,0.0006416869,1.3275706e-05,8.077515e-05,0.00051163224,426,test
0.0001537952,0.0011366442,0.9975962,0.00022962561,7.692796e-06,0.00042058362,4.5437373e-05,0.00041003173,427,test
9.930953e-05,0.00086479203,0.99809724,0.00015440898,5.0974286e-06,0.0004553209,2.2439792e-05,0.0003014573,428,test
1.9161096e-05,0.9938425,0.004055194,0.0019059385,1.7865924e-06,1.11861345e-05,3.338601e-05,0.00013093796,429,test
0.00024183604,0.0011983095,0.99703646,0.0004785683,6.316921e-06,0.00019054566,3.0137118e-05,0.0008177939,430,test
0.9976465,8.291874e-05,0.00092670217,0.00049983297,0.00022797339,5.2900155e-06,9.337789e-05,0.0005173999,431,test
0.997378,0.00010211956,0.0014489063,0.00046596388,0.00028792897,5.6092103e-06,5.0579274e-05,0.00026087463,432,test
0.00018193906,0.00053131883,0.0026041244,0.0011247065,0.0036517186,0.9903324,0.0012635747,0.00031016394,433,test
0.00022017559,0.0010816008,0.99740195,0.00019670834,1.0648432e-05,0.00043711605,4.8070433e-05,0.0006038245,434,test
0.9973448,0.00010319235,0.0011770744,0.00046274578,0.00037097113,1.0896816e-05,9.17922e-05,0.00043857857,435,test
9.606523e-05,0.00084517134,0.99841857,0.00016887812,6.5930444e-06,0.00017542973,1.6521397e-05,0.00027266453,436,test
0.00018756317,0.0008362653,0.99773127,0.00027160978,9.426499e-06,0.0005580905,3.7715632e-05,0.00036810501,437,test
0.9975606,0.00012249766,0.0006248057,0.0007776007,0.00040059167,7.480705e-06,0.00010302773,0.00040341698,438,test
0.00015810839,0.0009951764,0.9978308,0.0001571664,7.4084155e-06,0.00038975052,2.9108789e-05,0.00043249788,439,test
0.0010732097,0.002008189,0.005764899,0.005713668,0.012692435,0.9643711,0.00641912,0.0019574198,440,test
0.00017183232,0.00080495566,0.9981388,0.00023808233,1.1934023e-05,0.00029426985,4.6538767e-05,0.00029370657,441,test
0.9978073,0.00010076203,0.00058498955,0.00062656106,0.00032284833,5.117552e-06,5.2234784e-05,0.00050017296,442,test
0.00011072267,0.0007383937,0.9983329,0.00019428841,5.407616e-06,0.00028728263,1.8815987e-05,0.00031219464,443,test
0.00079075387,0.00012636952,3.5613575e-05,0.00021014507,0.9982115,0.00012749262,0.00043922348,5.897614e-05,444,test
0.9916863,0.00041154318,0.0017729648,0.002446583,0.0016437052,7.3695504e-05,0.0006095584,0.0013555695,445,test
0.00015481237,0.0006768252,0.99817884,0.00027092017,6.2681133e-06,0.00022290938,2.3275988e-05,0.00046606504,446,test
0.00027164965,0.001466146,0.99672973,0.00041634857,1.075369e-05,0.00014340373,3.713207e-05,0.00092477753,447,test
0.00019078166,0.0009163653,0.99769443,0.00029737627,8.916664e-06,0.00027246834,3.99693e-05,0.00057968806,448,test
0.00016498113,0.0010028513,0.9978643,0.00021022168,1.0234015e-05,0.00032105585,5.092253e-05,0.00037545714,449,test
0.021752842,0.026787749,0.05319588,0.06784966,0.029105362,0.565402,0.022509402,0.21339722,450,test
0.00021347801,0.0009790169,0.99778616,0.00026267738,7.3419014e-06,0.00021241145,3.0763753e-05,0.0005081384,451,test
0.00011355535,0.00069672,0.9984061,0.0001658662,4.670667e-06,0.000243381,1.7707145e-05,0.0003519989,452,test
0.00033352553,0.00093361083,0.9971902,0.00041922892,1.2544986e-05,0.00035893812,6.266239e-05,0.0006893919,453,test
3.525451e-05,0.00011148935,3.4742116e-05,0.9995301,1.0235766e-08,0.0002448782,2.324858e-05,2.0259464e-05,454,test
0.9880009,0.0006158591,0.003640678,0.002877699,0.0019944494,0.0001397699,0.00073060667,0.0020000036,455,test
0.00014319591,0.00062002026,0.99841297,0.00020684872,6.3274038e-06,0.00023896767,2.8890543e-05,0.0003427712,456,test
6.359685e-05,4.301033e-05,4.2384356e-05,4.4163302e-05,2.36819e-05,3.9843082e-05,0.9995453,0.0001980816,457,test
0.9980013,7.512531e-05,0.0004673324,0.0006705972,0.00019590236,5.2275263e-06,4.910411e-05,0.000535351,458,test
0.00024850265,0.0013257931,0.9968753,0.00029183587,1.5957427e-05,0.0005840813,6.263711e-05,0.00059590745,459,test
2.6982052e-05,0.99443686,0.0032773004,0.002066203,2.1396377e-06,1.18724365e-05,4.686397e-05,0.00013176257,460,test
0.00013731643,0.0009828731,0.9978015,0.00021118218,9.504662e-06,0.00037257513,3.838643e-05,0.00044667145,461,test
0.99810433,8.587915e-05,0.0004924397,0.0005513959,0.00042593313,6.8478594e-06,8.110925e-05,0.00025205375,462,test
0.00017472792,0.0009788056,0.997519,0.00020951997,8.594603e-06,0.0006256758,4.5649274e-05,0.0004380273,463,test
0.00016423449,0.0012129385,0.99746156,0.00026316525,9.243869e-06,0.00031952694,3.974179e-05,0.00052953116,464,test
0.00017789118,0.0005534045,0.9981791,0.00039105504,3.4358457e-06,0.0002939513,1.1175635e-05,0.00039000929,465,test
0.9979898,9.028424e-05,0.0005573497,0.00070595136,0.00027471545,5.4568595e-06,5.3356423e-05,0.0003231754,466,test
0.99794406,9.742151e-05,0.0005620021,0.0006538859,0.0003727595,6.5402173e-06,9.210198e-05,0.00027134403,467,test
0.00027258866,0.0010698395,0.99691343,0.00021369441,1.7003416e-05,0.0009214768,7.513394e-05,0.00051685533,468,test
0.00011644358,0.00062123564,0.9985885,0.000173634,3.7162788e-06,0.00018192698,2.054981e-05,0.00029394263,469,test
0.00015093238,0.0008488639,0.99747187,0.00015308087,8.043131e-06,0.0008449295,3.7348014e-05,0.000484861,470,test
0.00016407258,0.0008293356,0.9980171,0.00027580475,6.8779154e-06,0.0002637217,3.3386303e-05,0.00040965274,471,test
0.00018842379,0.0017464,0.9965475,0.00023772454,1.2115622e-05,0.0006364511,4.559999e-05,0.0005857467,472,test
0.00017422879,0.0008070299,0.9980883,0.0002545227,7.2958314e-06,0.00017222145,2.4878309e-05,0.00047149227,473,test
0.00021770831,0.0007448724,0.9978047,0.0003221017,7.119398e-06,0.00045673156,3.5518828e-05,0.0004111609,474,test
0.00017169883,0.00095511856,0.9977155,0.00019725492,8.368527e-06,0.00047169905,3.7681457e-05,0.00044269513,475,test
0.00018688232,0.001498825,0.9970907,0.00029907055,1.2912586e-05,0.00034206922,5.6611854e-05,0.0005129028,476,test
0.00030158463,0.00076923566,0.99739873,0.0005596009,8.42364e-06,0.00020916732,3.1807285e-05,0.0007213837,477,test
0.00014361745,0.00073204155,0.9981895,0.00017838861,7.2263783e-06,0.00037017444,2.4523113e-05,0.0003544788,478,test
3.2776286e-05,0.9951912,0.0028448943,0.0018146589,2.0455273e-06,1.1115248e-05,2.6137168e-05,7.709134e-05,479,test
0.9979693,9.42619e-05,0.0005258156,0.0006334133,0.00043111842,7.3128144e-06,7.858396e-05,0.0002601828,480,test
0.00017547555,0.0010014848,0.99752957,0.0002206734,9.606417e-06,0.00053899677,4.1969386e-05,0.00048231808,481,test
0.0003056125,0.0001933789,0.00031628102,0.00016517559,1.6818555e-06,4.4736707e-06,2.4372024e-05,0.99898905,482,test
0.0070403605,0.008094222,0.01917382,0.023723124,0.04844488,0.86854607,0.01432015,0.01065738,483,test
2.6836187e-05,0.9948543,0.0026707635,0.002244041,2.8593506e-06,1.1382744e-05,3.5507986e-05,0.00015435487,484,test
0.0002734961,0.0008664885,0.9974867,0.00043632125,9.655122e-06,0.0002892421,3.1444713e-05,0.0006066913,485,test
0.00025663595,0.0011162854,0.9971277,0.00038633036,9.8161945e-06,0.00032679562,3.3094824e-05,0.0007433075,486,test
0.00016502738,0.0011042932,0.9975331,0.00023518485,1.0037755e-05,0.00043542165,3.9826977e-05,0.00047710334,487,test
0.00045303797,0.00014178304,0.0002278888,0.00017271597,1.1793334e-06,3.4654968e-06,2.2509948e-05,0.9989774,488,test
0.0001122004,0.0007516651,0.99831676,0.00017546103,6.675617e-06,0.00028984773,2.5981546e-05,0.00032145667,489,test
0.99787545,0.00010563332,0.00053166115,0.00060641946,0.000519404,8.29624e-06,9.132112e-05,0.0002618612,490,test
9.349643e-05,0.00067705207,0.99849296,0.00014084001,5.494597e-06,0.00030316194,1.7944416e-05,0.0002689611,491,test
0.00015836403,0.0009897881,0.99773955,0.00021566283,1.0799515e-05,0.00038959502,4.6797508e-05,0.00044955045,492,test
0.00022120668,0.0006613011,0.99797374,0.0003103742,8.974656e-06,0.0002618935,2.7896753e-05,0.00053465075,493,test
0.00018908856,0.0007777653,0.99786276,0.00027274495,9.676612e-06,0.00047081467,3.5392604e-05,0.00038175433,494,test
0.00013681783,0.0005771144,0.9983638,0.00017180826,6.839254e-06,0.0003214292,2.5405969e-05,0.00039688332,495,test
0.00018562961,0.0006437512,0.0021163106,0.0010739674,0.0026989342,0.9914854,0.0016134372,0.00018255973,496,test
0.00014887503,0.000974407,0.99780077,0.00017942746,8.481605e-06,0.00043188166,2.2661205e-05,0.00043343188,497,test
0.000110497036,0.00056274486,0.9986652,0.00018286481,4.2646234e-06,0.00019342353,1.7010861e-05,0.0002639111,498,test
0.00019924113,0.00043587526,0.9979844,0.00035553172,1.0810122e-05,0.00052790146,2.0526353e-05,0.0004656373,499,test
0.00025834434,0.0013795338,0.9966912,0.0002460453,1.5459069e-05,0.0006841654,6.313255e-05,0.00066215283,500,test
0.00018083148,0.0012481109,0.99730253,0.00023338216,1.1705689e-05,0.00043155407,4.0597297e-05,0.0005514294,501,test
0.00022363798,4.3584198e-05,8.6466935e-06,3.856197e-05,0.99958557,1.5302716e-05,6.796172e-05,1.6657517e-05,502,test
0.00019867413,0.0011195919,0.9974456,0.00019731178,8.575935e-06,0.00047112376,4.4835848e-05,0.0005143346,503,test
0.00086117943,0.00021580381,0.0006583177,0.00046022938,6.537695e-06,2.0631704e-05,6.976807e-05,0.9977075,504,test
0.99810094,8.134391e-05,0.00066632446,0.00051780866,0.00033278277,4.851302e-06,6.701877e-05,0.00022905375,505,test
0.0001599172,0.001027665,0.99776316,0.00023935524,8.388784e-06,0.00031917944,2.7479704e-05,0.00045485844,506,test
0.00022313654,0.001022446,0.997623,0.00034640398,8.031272e-06,0.00017314813,4.196972e-05,0.00056175643,507,test
0.66936576,0.005152567,0.31030765,0.005466607,0.0007886284,0.00037992935,0.0006210072,0.007917849,508,test
0.00026228474,0.0010735372,0.9972777,0.00033312757,1.2041027e-05,0.00023540779,3.988416e-05,0.00076618197,509,test
0.0001991835,0.0012717539,0.9971336,0.00024177013,1.1769329e-05,0.0005611244,5.3582782e-05,0.0005270851,510,test
0.00050216995,0.0018009864,0.0068673003,0.0026172714,0.0032284132,0.98119617,0.0022264456,0.0015612383,511,test
0.99666566,0.00014663271,0.0010278987,0.0012769685,0.00039777107,8.076345e-06,8.740722e-05,0.00038955352,512,test
0.018839827,0.04803401,0.055772763,0.06551485,0.25295788,0.47397107,0.03424542,0.05066419,513,test
0.00022710332,0.0017927699,0.9962303,0.00047434997,1.960306e-05,0.00053815416,6.2487736e-05,0.00065524405,514,test
0.00017015015,0.0009812891,0.9977451,0.00039363312,1.2251547e-05,0.00021861341,2.6465737e-05,0.00045234707,515,test
0.00015838027,0.0011896513,0.99727577,0.00036727384,1.5250678e-05,0.0005005916,5.0075872e-05,0.00044303565,516,test
0.98321056,0.0007554146,0.00460346,0.0054916404,0.0018561094,0.00020312899,0.0011299175,0.0027498452,517,test
0.00012758703,0.000482664,0.9985812,0.00030883265,7.5315593e-06,0.00014333085,2.470363e-05,0.000324149,518,test
0.9962347,0.00012960416,0.0012923568,0.0015884546,0.00021166411,1.5409476e-05,9.445202e-05,0.0004333905,519,test
0.00020185308,0.0022371,0.99580824,0.00066763296,1.6459542e-05,0.00039747418,6.38889e-05,0.0006073377,520,test
0.9967513,0.00013070671,0.0010045166,0.0010412191,0.00044068677,1.2193219e-05,0.00016079194,0.00045860765,521,test
0.99672675,0.00013654257,0.0011303736,0.0011716974,0.00025425985,7.098948e-06,6.0189213e-05,0.0005129929,522,test
9.9350415e-05,0.000805512,0.9981188,0.00029272286,9.9299605e-06,0.0003142714,2.4539086e-05,0.0003348969,523,test
0.996358,0.0001295672,0.00082449947,0.0016897304,0.00032136947,1.3102367e-05,8.877083e-05,0.00057495805,524,test
0.0035579922,0.0011063191,0.0015678122,0.0022310216,1.823383e-05,0.00012027788,0.0001361759,0.9912622,525,test
0.00021476074,0.0019632345,0.99608994,0.00050944136,2.1257829e-05,0.0005543179,6.372488e-05,0.0005832516,526,test
9.324302e-06,0.9969235,0.001474434,0.0015173539,1.2419591e-06,3.73998e-06,1.8443727e-05,5.196805e-05,527,test
0.00016661057,0.001058444,0.9974975,0.00040183682,1.2432567e-05,0.00035472037,5.122723e-05,0.00045711422,528,test
0.0007555249,7.317019e-05,2.0245838e-05,0.00013583283,0.9984559,8.7840235e-05,0.00043169234,3.97937e-05,529,test
0.00027192023,0.0026681446,0.9951729,0.0005889547,2.5469413e-05,0.00041254036,7.223918e-05,0.00078774744,530,test
0.9964514,0.00013767258,0.0010402722,0.0013520491,0.00037719466,1.5650112e-05,0.00012699683,0.0004988387,531,test
0.0002833395,0.9572103,0.018488623,0.0217635,2.7042799e-05,0.00034387622,0.00060721696,0.001276091,532,test
0.0002632869,0.0009944766,0.99678975,0.0007320954,1.0600509e-05,0.00034949323,4.3129327e-05,0.00081711146,533,test
0.0003436832,0.00015452571,0.0003006922,0.0005343269,1.2025616e-06,1.38281075e-05,1.7326889e-05,0.9986345,534,test
0.9968029,0.00010035349,0.001523996,0.00079397584,0.00026700308,7.6240394e-06,0.00011889811,0.00038520785,535,test
0.0001999322,0.0015919134,0.9965252,0.00063193985,1.5198678e-05,0.00039169096,7.594681e-05,0.0005681634,536,test
0.0002996567,0.0015098708,0.9959741,0.000839049,2.0772562e-05,0.0002761157,4.4903154e-05,0.0010355514,537,test
0.00018696253,0.0016519793,0.9964824,0.00059750833,1.844624e-05,0.0004614288,7.697062e-05,0.00052434317,538,test
0.9954913,0.00016315041,0.001244687,0.001351798,0.0009640804,6.2550534e-06,0.0003352914,0.00044336685,539,test
0.00030401463,0.00015146646,0.0002758921,0.0007170255,1.6831524e-06,1.5188457e-05,2.7384287e-05,0.9985073,540,test
0.02617593,0.019441681,0.034936056,0.08056632,0.10220499,0.6320467,0.04096932,0.06365894,541,test
0.00013456988,0.0006450508,0.99781215,0.0006660043,5.6952626e-06,0.00020805969,1.722821e-05,0.00051127066,542,test
0.00013740215,0.0011944898,0.9970476,0.00066934706,7.6984625e-06,0.00029905906,2.9666171e-05,0.0006147238,543,test
0.0002055587,0.0015634301,0.9966084,0.00041963058,1.7238108e-05,0.00042886403,4.8679874e-05,0.00070827623,544,test
0.00019341457,0.0007400714,0.99770314,0.0005403893,8.92433e-06,0.0002338623,2.8026765e-05,0.00055221014,545,test
0.00012423078,0.000543166,0.0003406945,0.0009714892,0.00047791316,0.0014822345,0.99515414,0.0009060527,546,test
0.0019088156,0.004106545,0.013932164,0.0058853333,0.0062280186,0.9521746,0.004012936,0.011751661,547,test
0.00078546745,0.004681082,0.9904721,0.0021717616,5.436295e-05,0.00045766562,9.548249e-05,0.0012820159,548,test
0.9970175,0.00011583464,0.0008115045,0.0010620668,0.00042050303,1.0289207e-05,8.859482e-05,0.00047373454,549,test
0.99681145,0.00012055979,0.00064630935,0.0014704874,0.0003136045,1.0820589e-05,6.385217e-05,0.00056299707,550,test
0.00022111787,0.00084657717,0.99679995,0.0009213275,1.0634742e-05,0.00037173735,2.8224757e-05,0.0008003866,551,test
0.00010997922,0.0005821669,0.0027923058,0.0020401378,0.0023728227,0.99100554,0.0009041952,0.0001928769,552,test
0.00020487857,0.0014008604,0.9967175,0.0006520392,1.2960942e-05,0.0003483427,5.4631444e-05,0.00060871925,553,test
0.00039031677,0.00079712033,0.0035169004,0.002385027,0.005968396,0.9841776,0.002142949,0.0006217809,554,test
0.99735403,9.1525224e-05,0.0008947204,0.0010107694,0.00022527263,5.640219e-06,4.347201e-05,0.00037451097,555,test
0.00030435945,0.0009187109,0.99637717,0.000989875,1.570492e-05,0.0004155106,3.97713e-05,0.0009388298,556,test
0.9946567,0.0002491637,0.0009802436,0.002440439,0.00089729525,2.2198952e-05,0.00016098637,0.0005930686,557,test
0.00014232918,0.0010131403,0.9977876,0.0003312499,9.553784e-06,0.00024631945,3.0386518e-05,0.00043948146,558,test
0.00010408648,0.0009175295,0.99793327,0.0003335106,1.138822e-05,0.0002627469,2.9068055e-05,0.00040845585,559,test
0.996725,0.00012518624,0.00094395113,0.0013431561,0.00024142019,1.1750579e-05,8.157771e-05,0.0005279696,560,test
0.00020748387,0.001546178,0.9965712,0.00042516433,1.757736e-05,0.0005552538,6.0148945e-05,0.0006170482,561,test
0.0002493346,0.0010634381,0.9971668,0.0003733533,1.8510947e-05,0.0005209361,5.2128824e-05,0.0005554223,562,test
0.00022701909,0.0016894037,0.99660766,0.00044751278,1.558839e-05,0.00036119093,7.559083e-05,0.0005761314,563,test
0.00022265254,0.00081963406,0.9972331,0.00065871223,1.1258409e-05,0.00036293338,3.146506e-05,0.0006601398,564,test
0.0003580107,0.0014616003,0.99605644,0.00046984706,2.9197667e-05,0.0009023571,7.8106685e-05,0.0006444008,565,test
0.00021776305,0.0010458459,0.99694926,0.0006316407,9.949189e-06,0.00027754557,3.7954414e-05,0.0008300976,566,test
0.00014225527,0.0010418791,0.9975967,0.00039844235,8.854409e-06,0.00035314262,3.251968e-05,0.00042621372,567,test
0.99657166,0.00015105077,0.0007536117,0.0013616798,0.00062461913,1.5034448e-05,0.00016820715,0.00035418264,568,test
0.99701476,0.00010942443,0.000843565,0.0010039756,0.00049139245,1.0368255e-05,0.00011440394,0.0004121652,569,test
0.995366,0.00018546115,0.0017228767,0.0016141536,0.0003143934,1.337876e-05,0.00010611298,0.0006775637,570,test
0.00021389031,0.0020458666,0.995529,0.001271152,1.8118659e-05,0.00044179003,5.1275256e-05,0.00042889334,571,test
0.00036809157,0.0014000231,0.0048301467,0.0041477517,0.005321762,0.9805742,0.0022618524,0.0010962321,572,test
0.00021019958,0.0010442203,0.99697185,0.000704298,1.21940575e-05,0.00025201085,3.8824284e-05,0.00076641765,573,test
0.00028563064,0.0016249497,0.9963574,0.00043533524,2.149247e-05,0.00047429695,7.116523e-05,0.0007297498,574,test
0.0003768095,4.9991304e-05,9.285532e-06,7.321818e-05,0.9992299,3.41717e-05,0.00020109735,2.5631572e-05,575,test
0.00020466799,0.0017107526,0.996626,0.00047019662,1.825747e-05,0.00034882282,5.449972e-05,0.0005668037,576,test
0.00019530898,0.0013448511,0.9971565,0.00034254443,1.2990105e-05,0.00037866255,4.9777933e-05,0.0005193627,577,test
0.00019547934,0.00017569927,0.00037664358,0.00031902408,1.5676857e-06,1.1253501e-05,2.0875383e-05,0.99889946,578,test
0.11594251,0.71205,0.043932203,0.105103046,0.0020780433,0.0044030854,0.0035735369,0.012917585,579,test
0.0002868189,0.001593787,0.995513,0.0012216355,1.591809e-05,0.00020596666,4.368045e-05,0.0011191076,580,test
0.99354124,0.00023919315,0.0025424939,0.0019233876,0.00034372622,2.4708139e-05,0.00010591816,0.0012793647,581,test
0.00030509636,0.0013417616,0.9965346,0.0005275676,2.45701e-05,0.00042037974,5.943535e-05,0.00078662194,582,test
0.9967213,0.00013999513,0.00068859773,0.0013926536,0.00057705666,1.3550152e-05,0.00013663001,0.00033021087,583,test
0.99706787,0.00011918791,0.00083710795,0.0011771016,0.00033506626,7.722806e-06,7.349904e-05,0.00038247308,584,test
0.00024839593,0.00069783314,0.99710304,0.0008343169,1.35465425e-05,0.00025170532,3.5287903e-05,0.0008157963,585,test
0.00011565277,0.0007195708,0.9976209,0.00074586284,6.4907044e-06,0.00023900408,1.5024849e-05,0.00053759594,586,test
0.00025356558,0.0011747901,0.996935,0.00047282336,1.9961033e-05,0.0005326555,3.803504e-05,0.0005731034,587,test
0.0003678837,0.00012600377,0.0003905955,0.00073953846,1.2802539e-06,3.4132536e-05,2.452882e-05,0.99831605,588,test
0.0002361241,0.0010864459,0.9968725,0.0006541434,1.536538e-05,0.00044426363,5.022671e-05,0.00064096344,589,test
0.00014510457,0.0015352956,0.9969716,0.00035583897,1.2493994e-05,0.00041946635,3.8688922e-05,0.0005213925,590,test
0.012901446,0.01350088,0.021903956,0.013711637,0.0003682319,0.01556728,0.9176129,0.0044336715,591,test
0.99596524,0.00015856528,0.0011049501,0.0018409444,0.00038479405,8.546344e-06,6.8444955e-05,0.00046851792,592,test
0.99581665,0.00014180185,0.0009231587,0.0019666837,0.00044793158,1.1834655e-05,0.00015144415,0.0005406295,593,test
0.0002015634,0.00023695717,0.00035613522,0.0006255923,1.814374e-06,3.155942e-05,1.5378999e-05,0.99853086,594,test
0.99680066,0.00011587175,0.0006511657,0.0014235402,0.0005127299,1.3604063e-05,0.00012151991,0.0003608336,595,test
0.99668723,0.000120284305,0.00083293964,0.0014212342,0.00032567827,9.826532e-06,8.965793e-05,0.0005132079,596,test
0.00012212803,0.0006514585,0.9983564,0.00019860064,9.747231e-06,0.00022076472,1.9791194e-05,0.0004211563,597,test
0.0003682643,0.0017544444,0.99535924,0.0011378161,2.2392707e-05,0.0002459725,4.7537378e-05,0.0010643558,598,test
0.8418314,0.009475039,0.09752111,0.018581485,0.002573774,0.0015240898,0.0014430928,0.027050061,599,test
0.99682283,0.00011699338,0.00090135203,0.0013332298,0.00029365718,9.978379e-06,6.8448906e-05,0.00045361722,600,test
0.00018543878,0.001658532,0.9966402,0.00046410036,1.5574915e-05,0.00038935192,5.837762e-05,0.0005884808,601,test
0.99637306,0.00013580738,0.0010729071,0.0014483604,0.00027162238,1.0404568e-05,9.9499506e-05,0.0005882742,602,test
0.99570787,0.00015103201,0.0012660386,0.0016802074,0.00034666542,1.4608993e-05,0.00013505809,0.00069848855,603,test
0.9959992,0.00013746897,0.0015203003,0.0013284485,0.000313326,1.0973258e-05,0.00013475135,0.0005555971,604,test
0.9963504,0.00014781932,0.0010337314,0.0015075492,0.00027001777,1.2313983e-05,9.4672054e-05,0.00058351015,605,test
0.9969465,0.000114755705,0.0007393798,0.0013220576,0.0003401283,8.346987e-06,8.3657105e-05,0.0004451629,606,test
0.99639255,0.00014467591,0.0009285685,0.001522008,0.0004339377,1.13544365e-05,0.00011397382,0.00045294926,607,test
0.00023607846,0.0017649493,0.99624455,0.00052912463,2.0300167e-05,0.0005032149,6.501855e-05,0.0006368577,608,test
0.9969658,0.00013012362,0.00082689436,0.0012155893,0.00028890616,8.559517e-06,8.686067e-05,0.00047726466,609,test
0.00028589004,0.00081557804,0.0032621706,0.0023854366,0.005009602,0.9848733,0.0028021224,0.000565871,610,test
0.00020682804,0.00080948154,0.9972103,0.00078412984,6.45174e-06,0.0002805526,3.287723e-05,0.00066931493,611,test
0.996811,0.00013303498,0.0007443637,0.0014584328,0.00030285452,1.0602414e-05,7.485281e-05,0.00046489603,612,test
0.0013376774,0.007458568,0.016482469,0.008191095,0.0073923315,0.94902086,0.003860026,0.006256979,613,test
0.00011677583,0.0016760301,0.9971607,0.00047038408,1.2479213e-05,0.0002026468,2.9671404e-05,0.0003313358,614,test
0.73094255,0.12885764,0.028380774,0.089559615,0.0020495402,0.0016637228,0.0015288751,0.017017312,615,test
8.7494545e-06,0.9970912,0.0015055196,0.0013200238,1.1747762e-06,3.2317707e-06,1.3540981e-05,5.6615714e-05,616,test
0.0001339019,0.0015440057,0.9970106,0.00036627107,1.3451467e-05,0.0003872323,4.3150736e-05,0.00050134654,617,test
0.0002454179,0.0009076125,0.9970132,0.0007678589,1.2452037e-05,0.00029862838,5.1812436e-05,0.0007029452,618,test
0.99720734,9.47457e-05,0.0008772654,0.00090998603,0.0004592176,1.1892507e-05,0.00012666581,0.0003129411,619,test
0.00013785671,0.0015548732,0.9971685,0.00032248226,1.0388137e-05,0.0002212496,2.7060014e-05,0.0005575944,620,test
0.9961904,0.000183953,0.0009233794,0.0015650364,0.00041866928,1.7444172e-05,0.000107125634,0.0005939333,621,test
0.996725,0.000112704,0.0008336649,0.001299253,0.000393929,1.0622184e-05,0.00012788075,0.0004969076,622,test
0.00017829145,0.00087426207,0.9973471,0.00072238833,1.4725564e-05,0.00018241772,3.0467827e-05,0.0006503774,623,test
0.96239465,0.0017169535,0.013577293,0.004664932,0.0013547938,0.00026255546,0.001088065,0.014940769,624,test
0.00041446043,7.9157915e-05,0.00018758229,0.00074192864,7.8382135e-07,1.1335101e-05,7.3406636e-06,0.9985574,625,test
0.99694604,9.838691e-05,0.00072543195,0.0013252108,0.00019122977,9.37371e-06,7.593817e-05,0.0006283796,626,test
0.00016661578,0.0008645492,0.99759054,0.00038181656,1.2065636e-05,0.0005313464,4.24278e-05,0.00041062204,627,test
0.00018272233,0.0015276197,0.996779,0.00047640296,1.3629726e-05,0.00041788758,5.7400473e-05,0.0005453513,628,test
0.00013579082,0.0012094083,0.99743134,0.00033903169,9.049755e-06,0.00038933317,3.1474076e-05,0.00045454092,629,test
0.00021291884,0.001033881,0.9971705,0.00064504246,9.043231e-06,0.00020813319,3.3363904e-05,0.0006870679,630,test
0.00021098246,0.0010196142,0.99723154,0.00053814484,1.23513955e-05,0.0003071812,3.9490853e-05,0.000640664,631,test
0.986761,0.0005463568,0.0025806986,0.006061959,0.00097347,0.00012948875,0.0006872435,0.0022597597,632,test
0.000119406395,0.0009490053,0.99767596,0.00045903705,6.830209e-06,0.0003436478,3.559104e-05,0.0004106721,633,test
0.00024551197,0.00095948396,0.9971615,0.00043481527,1.71892e-05,0.00063051813,5.453925e-05,0.0004964286,634,test
0.0002107442,0.0009601492,0.9972222,0.0006485819,1.1342885e-05,0.0003031303,2.7577611e-05,0.0006163775,635,test
5.9815025e-06,0.99770576,0.0012567175,0.0009858247,6.316301e-07,2.200006e-06,7.914582e-06,3.4942426e-05,636,test
0.0002411025,0.000579028,0.0027727967,0.001475534,0.0040219924,0.98893285,0.001671143,0.00030552392,637,test
0.00021091879,0.0012189333,0.99706084,0.00044513989,1.7907676e-05,0.00050217693,4.3519824e-05,0.0005006269,638,test
0.00015006449,0.0011437271,0.9973569,0.00051884155,1.0104667e-05,0.00024224297,4.09428e-05,0.00053733087,639,test
0.0001243264,0.000914228,0.9974771,0.00048700362,8.441062e-06,0.00026797756,2.0424304e-05,0.0007003883,640,test
0.00011984369,0.0020511816,0.99629265,0.0005762529,1.8905723e-05,0.0003058883,2.5307656e-05,0.0006100021,641,test
0.9969484,0.00015612683,0.001389999,0.00095044007,0.00017760393,6.558452e-06,3.578835e-05,0.00033508334,642,test
0.99610364,0.00016832114,0.0009846399,0.0016492862,0.000114487026,1.1390052e-05,5.0961065e-05,0.00091735955,643,test
0.0001869116,0.0020282525,0.99509805,0.00032759237,3.5414338e-05,0.0011978587,8.399247e-05,0.0010418964,644,test
0.00012817232,0.0017313962,0.99628603,0.00029376033,1.9643065e-05,0.0006483089,4.616796e-05,0.0008463618,645,test
0.00019663204,0.0010442556,0.9960932,0.0011416055,1.0427737e-05,0.00039240468,3.1761323e-05,0.0010896897,646,test
0.00011760078,0.00095907244,0.9974636,0.00042493953,1.2228074e-05,0.0003449121,3.321856e-05,0.00064448273,647,test
0.00018176706,0.0015593751,0.9964908,0.00063590624,1.1233347e-05,0.00019095006,3.3139357e-05,0.00089679507,648,test
8.339718e-05,0.0014059198,0.99716705,0.0004786805,8.831372e-06,0.0002602083,2.1701082e-05,0.00057410554,649,test
0.00023905237,0.0011468743,0.993341,0.0035066432,4.510654e-06,0.0002902036,5.494724e-05,0.0014166709,650,test
0.99415874,0.00029545667,0.0029804031,0.0014529903,0.00044487056,2.9644096e-05,0.000106936815,0.0005309329,651,test
0.00010136017,0.001322168,0.99734604,0.00038771782,1.1396507e-05,0.00024078629,2.5767778e-05,0.0005647807,652,test
0.00010844988,0.0011002487,0.99781704,0.00025841227,8.9484465e-06,0.00020086128,2.6999327e-05,0.00047905333,653,test
0.99708503,0.00019334159,0.0008307738,0.0010596906,0.0003011088,1.2311714e-05,7.2175746e-05,0.0004455973,654,test
0.0001567442,0.0015718092,0.9967278,0.00045465585,1.51867425e-05,0.00019802667,4.445403e-05,0.0008312805,655,test
0.0001016754,0.0020626977,0.9963593,0.00036397038,2.013103e-05,0.0005124997,2.7725426e-05,0.00055197097,656,test
0.9974637,0.00012454807,0.00083729974,0.00089710706,0.00019347902,6.2713925e-06,4.640464e-05,0.00043113978,657,test
0.00014698236,0.0015838477,0.99652255,0.0003941225,1.6461017e-05,0.0005099215,6.582661e-05,0.00076025596,658,test
0.00015648807,0.0018478843,0.9960801,0.00043502965,2.1489846e-05,0.0005174408,7.034862e-05,0.0008713076,659,test
0.99652123,0.00016364489,0.0011854573,0.0012425643,0.00026509477,1.1985465e-05,9.784309e-05,0.0005121129,660,test
4.9407012e-05,0.0014625627,0.9975163,0.0002501867,5.790182e-06,0.00032838783,1.2626073e-05,0.0003748678,661,test
0.9962733,0.00015982192,0.001423583,0.0012545123,0.0004241834,1.4624288e-05,8.196589e-05,0.00036795306,662,test
0.00018898307,0.002580267,0.9951873,0.00044952467,2.57467e-05,0.00047218474,6.9840105e-05,0.0010261562,663,test
0.000100228586,0.0013115291,0.99736303,0.0004655598,1.00680245e-05,0.00016950059,1.98504e-05,0.000560188,664,test
4.4389135e-06,0.99746263,0.0013246489,0.0011654175,4.465657e-07,1.6959432e-06,1.0697563e-05,3.0044548e-05,665,test
0.99769884,9.6081436e-05,0.0008292455,0.0009116501,0.00012356964,5.215601e-06,3.528462e-05,0.00030015444,666,test
0.00013702833,2.048944e-05,2.727346e-06,2.7049595e-05,0.9996557,2.0283047e-05,0.00012517416,1.1509559e-05,667,test
0.9974214,0.00013572005,0.0007668634,0.000966727,0.00030579243,9.450822e-06,6.5786975e-05,0.0003281982,668,test
0.99704415,0.00013901814,0.0007540628,0.0013397343,0.00022937295,1.2651488e-05,6.244223e-05,0.0004185486,669,test
0.00018256463,0.0017519922,0.99607265,0.0004899426,2.4306806e-05,0.0005719323,6.5802975e-05,0.0008408122,670,test
0.00014259116,0.0010589269,0.99741495,0.00043450957,9.8679775e-06,0.00023216524,3.7811125e-05,0.0006692413,671,test
0.99790525,9.093017e-05,0.00058972946,0.0008496881,0.00020120804,6.565153e-06,3.7025064e-05,0.00031966876,672,test
0.9977144,0.000117365336,0.00049752113,0.0010964317,0.00020331854,6.1704527e-06,4.7819794e-05,0.00031703786,673,test
0.99614656,0.00015543192,0.002027573,0.0010694172,0.00019244985,6.5450945e-06,8.217813e-05,0.00031978474,674,test
0.00013683709,0.0013702506,0.9970503,0.0004390918,1.2229652e-05,0.00019133864,2.9104722e-05,0.0007708723,675,test
6.4080705e-05,0.0007665888,0.99813783,0.00034707887,3.6133383e-06,0.00020971676,1.6434684e-05,0.0004546998,676,test
0.92603534,0.00932538,0.005211252,0.030522002,0.0061780713,0.0014232463,0.0041240086,0.01718064,677,test
0.00015749465,0.0016034561,0.99667215,0.0005010082,1.4795076e-05,0.00029770745,4.1595486e-05,0.00071177405,678,test
0.00011665661,0.0010851143,0.9973346,0.0005278159,8.633816e-06,0.00024269123,2.8810251e-05,0.00065574393,679,test
0.00012449658,0.0014129042,0.9968822,0.00035109246,1.3916195e-05,0.0004945723,3.7944188e-05,0.0006829378,680,test
0.4060284,0.010895749,0.5627061,0.0077894046,0.0033571057,0.0009860041,0.0017574239,0.006479787,681,test
0.0005504576,0.0008322791,0.001983697,0.0033815454,0.0049058967,0.98188525,0.005039617,0.0014213632,682,test
0.9971162,0.000112834285,0.00058558764,0.0013058442,0.00020355218,7.934142e-06,6.366941e-05,0.0006044886,683,test
0.99769044,0.00010909396,0.0006978814,0.0008689289,0.00028181364,6.902081e-06,6.40347e-05,0.00028103293,684,test
0.995732,0.00020204118,0.0009403305,0.0019178845,0.00026917498,1.5750786e-05,0.00011370076,0.0008090975,685,test
0.9968464,0.0001862148,0.0009134513,0.0012781578,0.0002664404,1.1155289e-05,7.18777e-05,0.0004263365,686,test
2.803948e-06,0.9981438,0.00094209984,0.00085911836,4.4448834e-07,1.2318108e-06,1.0164077e-05,4.043872e-05,687,test
0.9948526,0.00020298027,0.00082706363,0.0026986098,0.00024083686,1.7464059e-05,9.1886046e-05,0.0010684626,688,test
9.863928e-05,0.0010460613,0.9976158,0.00034747692,9.157181e-06,0.0002946207,2.9838271e-05,0.0005584013,689,test
0.9948571,0.0003738501,0.0010189313,0.0018334509,0.00060896337,3.3913504e-05,0.00021117154,0.0010626431,690,test
0.9962638,0.00017742731,0.0015289786,0.0014063854,0.00016430861,8.810038e-06,5.9186645e-05,0.00039117763,691,test
0.0001523276,0.0011748339,0.9970016,0.00045083533,1.5013504e-05,0.0005328471,3.963756e-05,0.00063280447,692,test
0.0001558062,0.0016131373,0.99641645,0.00029072145,1.8077828e-05,0.0007019469,7.128065e-05,0.0007325498,693,test
4.4991328e-05,0.00014563074,0.00086193666,0.0004980687,0.0011653814,0.99665725,0.0005161805,0.000110473076,694,test
0.9819582,0.0010865658,0.0032652887,0.007877286,0.0014161991,0.00020915501,0.00071222417,0.003475,695,test
0.9923018,0.00041998894,0.0029111807,0.0029001106,0.0004173903,7.2186594e-05,0.00016254692,0.00081488874,696,test
0.9967753,0.00014898494,0.0007497634,0.0015747694,0.00024764903,1.5059391e-05,7.2194896e-05,0.00041629415,697,test
0.000111219044,0.0010185667,0.9975032,0.00034426246,1.23833415e-05,0.000346695,2.7584461e-05,0.0006361406,698,test
0.0002755627,0.026604734,0.96826124,0.0026959637,9.685377e-06,0.0008714192,0.00013095999,0.0011503969,699,test
8.854161e-05,0.0010597078,0.99748635,0.0004448663,8.744921e-06,0.0003260681,2.2563074e-05,0.0005631008,700,test
0.00014007038,0.0013229642,0.99713326,0.00035729693,1.5418918e-05,0.0004566469,4.034053e-05,0.000534078,701,test
0.00014644154,0.0011209031,0.997026,0.00061326445,1.0918731e-05,0.00027328555,2.8240607e-05,0.0007808852,702,test
5.2711493e-05,8.933649e-05,0.0017259682,0.002824601,0.00013527798,0.9940274,0.00048436868,0.00066034467,703,test
0.00010266253,0.001082974,0.9975108,0.00032494366,1.0862395e-05,0.0003785371,2.8025934e-05,0.0005610591,704,test
0.9979437,9.4184266e-05,0.0007269326,0.000703113,0.00022889562,7.5266075e-06,5.3211985e-05,0.00024240398,705,test
0.000115755975,0.0013535806,0.9970277,0.0004547781,1.3253433e-05,0.00042169404,4.1219308e-05,0.00057202135,706,test
0.00039391848,0.0012671737,0.99558324,0.0013293546,1.3057465e-05,0.00024057766,3.9872666e-05,0.0011328895,707,test
0.00015179157,0.0010542962,0.9971078,0.00059537863,1.2176521e-05,0.0003253493,3.7271453e-05,0.0007159884,708,test
0.99658823,0.0002529973,0.00090412097,0.0011705597,0.00041861282,1.0513492e-05,0.000109877576,0.0005450553,709,test
0.00011671698,0.0022587813,0.99568343,0.0003308831,1.5766533e-05,0.00065429293,5.1958334e-05,0.0008881863,710,test
0.00017573572,0.000934736,0.9977356,0.000298014,6.9139955e-06,0.00016773875,2.835406e-05,0.0006529315,711,test
7.6900484e-05,0.0009905266,0.9976731,0.0002624936,1.1565646e-05,0.0003625183,2.7998569e-05,0.00059497607,712,test
0.99731255,0.00011531222,0.0008352234,0.0011072534,0.00018061286,4.770201e-06,4.1237887e-05,0.0004031369,713,test
0.9974273,0.00011116456,0.0012563154,0.0006599769,0.00012956776,8.104908e-06,3.1753374e-05,0.00037572105,714,test
0.99612135,0.00019394344,0.0014536979,0.0013892207,0.00019402133,1.2544646e-05,9.362746e-05,0.0005415691,715,test
0.0001054984,0.0007645016,0.9980028,0.0003168641,9.362228e-06,0.0003160845,2.710643e-05,0.00045775223,716,test
3.349933e-05,3.3856733e-05,0.0001393983,7.056222e-05,6.1786636e-07,3.9177703e-06,8.420891e-06,0.99970967,717,test
0.99679923,0.00015155529,0.0008809571,0.0013742421,0.00020313167,9.452948e-06,5.1973915e-05,0.00052947435,718,test
0.0001308737,0.0010419053,0.99733573,0.0003535113,1.521815e-05,0.0005225314,3.5956476e-05,0.0005643067,719,test
0.0011184207,0.0045598173,0.99041384,0.0017630208,2.3083292e-05,0.00036145744,4.0104314e-05,0.0017202869,720,test
0.00022847526,5.5422046e-05,0.00012546053,0.00027474668,1.0012749e-06,5.6343157e-05,1.4393664e-05,0.9992442,721,test
0.9977247,0.00010326583,0.0007604062,0.00082536903,0.000175611,5.6014187e-06,4.1041225e-05,0.0003641261,722,test
0.0006888729,0.00034108327,0.00024454546,0.0011162907,9.824458e-06,9.858956e-05,0.0002756295,0.99722517,723,test
9.073931e-05,0.00084302656,0.99784136,0.0003787028,6.189811e-06,0.00026904818,3.174263e-05,0.0005391679,724,test
0.00021853924,0.0012831066,0.9969187,0.00051374384,6.19428e-06,0.00024407891,1.5484837e-05,0.0008002426,725,test
0.00010632958,0.0011808912,0.99748516,0.00028957232,1.6089045e-05,0.00037285828,2.8204644e-05,0.0005208168,726,test
0.9971136,0.00014306467,0.00057628396,0.001355981,0.00021308036,9.959821e-06,5.7097786e-05,0.0005308407,727,test
0.9975904,0.00011246671,0.000668349,0.0009093416,0.00029947053,8.441989e-06,7.77351e-05,0.00033375423,728,test
0.00015128491,0.001573355,0.99670297,0.00031512027,1.7058926e-05,0.0004727063,6.0644736e-05,0.00070692826,729,test
0.00012641554,0.001722403,0.99661237,0.0003661068,1.2748402e-05,0.0004650262,6.262423e-05,0.00063231617,730,test
8.397401e-05,0.001480928,0.9970355,0.00032789106,1.0783622e-05,0.00043825107,3.0228193e-05,0.00059255795,731,test
0.98955244,0.00042235616,0.0053316434,0.002410528,0.0011456145,7.77876e-05,0.00018075175,0.00087882986,732,test
9.208305e-05,0.00080174545,0.99742496,0.00063846604,5.0155936e-06,0.00040521048,1.2225455e-05,0.000620215,733,test
0.9970681,0.00014000805,0.00073958526,0.0012526887,0.00029697933,1.0153047e-05,7.025278e-05,0.00042229347,734,test
0.9934315,0.0003016971,0.004264716,0.0012579646,0.00025588518,2.339244e-05,5.3880016e-05,0.00041093124,735,test
8.84547e-05,0.0015031227,0.9970701,0.00035675525,9.377719e-06,0.00037474948,4.290824e-05,0.0005545705,736,test
0.99738055,0.00010880161,0.0010497927,0.0008878266,0.0001144457,5.2326222e-06,2.843871e-05,0.00042484322,737,test
5.8276015e-05,7.123816e-05,0.00035947576,0.00014599568,1.1462895e-06,1.647729e-05,1.7111284e-05,0.9993303,738,test
0.0001443083,0.0014224075,0.9968195,0.0003441143,1.9005627e-05,0.00059497525,4.7305344e-05,0.00060845766,739,test
0.00019667209,0.0015135246,0.9962781,0.0007328946,1.2915556e-05,0.00020476675,3.1807114e-05,0.0010292334,740,test
0.00015421254,0.001178017,0.99706024,0.00038891137,2.093646e-05,0.000483724,3.1451145e-05,0.0006824201,741,test
0.9971175,0.00014326948,0.000678642,0.0013006108,0.00028057038,8.403464e-06,6.315245e-05,0.0004078175,742,test
0.9947572,0.00027431332,0.0009883259,0.0019463819,0.00039448187,2.6612259e-05,0.00022842968,0.0013841828,743,test
0.000111376125,0.0014895311,0.996983,0.00030002062,1.3424016e-05,0.0003888903,4.5411434e-05,0.00066839636,744,test
8.373406e-05,0.0011056318,0.99767715,0.00026948817,1.2392199e-05,0.00027437913,2.312617e-05,0.00055420183,745,test
9.7680764e-05,0.0010203876,0.99760973,0.0004024057,1.0073348e-05,0.00022639963,2.3291132e-05,0.00060999114,746,test
0.00012904596,0.0013610935,0.997018,0.00029869613,1.9046502e-05,0.00052121887,3.6389432e-05,0.00061660015,747,test
0.00017891286,0.0014680349,0.99642146,0.00030542238,2.0654648e-05,0.000473296,6.0541923e-05,0.0010717249,748,test
0.00017882626,0.00472919,0.9905957,0.00184446,1.8738947e-05,0.0020949822,6.67851e-05,0.0004713206,749,test
0.00013375917,0.0011374913,0.99741626,0.0003657168,1.1230256e-05,0.00026692494,3.6864618e-05,0.00063180743,750,test
0.00067812856,0.0028532695,0.0058128447,0.0039991313,0.0063007306,0.9754353,0.0024726968,0.0024478408,751,test
0.996394,0.0001756615,0.00082743703,0.001722184,0.00028576786,1.7957707e-05,8.1298094e-05,0.00049561355,752,test
0.9975458,0.00011977479,0.00056308444,0.00108488,0.00022707162,9.947199e-06,5.7186746e-05,0.00039218576,753,test
0.99442935,0.0002681371,0.0023585146,0.0018713395,0.0003337778,2.7261785e-05,0.0001002437,0.00061140483,754,test
0.00010284535,0.0012972355,0.99734205,0.00024363292,9.604666e-06,0.00038459414,3.5495894e-05,0.0005844893,755,test
0.00049622724,0.0020035584,0.9945314,0.0011222166,5.9463306e-05,0.00039667674,7.268677e-05,0.0013177554,756,test
0.0001534804,0.0019900238,0.9960187,0.00045768925,1.9635716e-05,0.000501837,6.434326e-05,0.0007942305,757,test
0.00018711497,0.001223487,0.99688405,0.00036555898,1.7623623e-05,0.0006112026,6.4415806e-05,0.0006464834,758,test
4.1323087e-06,0.9974368,0.0011384911,0.001348736,7.595953e-07,2.0973619e-06,1.1155138e-05,5.7800415e-05,759,test
0.99762124,8.553654e-05,0.00054627896,0.0011268836,0.00013290514,5.7131565e-06,4.551554e-05,0.00043583862,760,test
0.00028393592,5.1435607e-05,8.59727e-06,7.368387e-05,0.99927014,5.005032e-05,0.00023628562,2.5837291e-05,761,test
4.961881e-06,0.99496526,0.0031428046,0.0016944478,1.0083644e-06,5.9201143e-06,6.884683e-05,0.000116669406,762,test
3.2279215e-06,1.1567113e-06,6.1114997e-07,4.505592e-06,4.708112e-07,1.3009684e-06,0.99997604,1.2654794e-05,763,test
0.00012129648,0.0016472291,0.9965281,0.00034475495,1.5119281e-05,0.0005535459,5.9287602e-05,0.00073070923,764,test
0.997212,0.0001442667,0.00078493514,0.0010992297,0.0003268017,1.065763e-05,6.322762e-05,0.00035889156,765,test
9.085002e-05,0.0009606709,0.9980484,0.00032768812,6.9320245e-06,0.00021839664,9.545215e-06,0.00033754267,766,test
0.00014873115,0.0016956588,0.9964629,0.0003827592,1.6611357e-05,0.00048394824,6.5635926e-05,0.0007437749,767,test
0.00036737055,0.0028785956,0.9940171,0.0007034101,5.102172e-05,0.0007873554,0.0001217563,0.0010732753,768,test
0.99720806,0.00014865825,0.00071449013,0.0009780821,0.00035886667,1.7205602e-05,9.2904804e-05,0.0004816323,769,test
0.9978516,0.00010424873,0.0004394409,0.0009167748,0.0003116474,9.827162e-06,5.3660293e-05,0.0003128257,770,test
0.00024003521,0.0021955783,0.9951827,0.0007163907,2.4198856e-05,0.0006792324,9.501388e-05,0.0008668684,771,test
0.00019594762,0.0007628458,0.9973259,0.00054479827,8.11536e-06,0.0003546387,1.6485696e-05,0.00079122937,772,test
0.00012447647,2.9000623e-05,1.6179074e-06,4.185431e-05,0.9997485,1.6030135e-05,3.3090135e-05,5.449778e-06,773,test
0.00017782123,0.0008453205,0.99656266,0.0011735983,2.3294292e-06,0.0007262984,1.2149547e-05,0.00049988355,774,test
0.00021942476,0.0021676328,0.99538946,0.00056677836,2.5069743e-05,0.0007248977,5.6586185e-05,0.00085020036,775,test
0.0012185163,0.8435359,0.09767396,0.028135555,0.00010841901,0.0023981428,0.020336078,0.0065933554,776,test
0.07558966,0.002748075,0.02186399,0.028700903,0.0008270973,0.012151654,0.011298251,0.8468204,777,test
0.0002447861,0.002296484,0.9951249,0.00081426406,2.1868895e-05,0.0004662337,4.602391e-05,0.0009855048,778,test
0.9971083,0.00014888527,0.00064017135,0.0012126984,0.00025506938,1.5720774e-05,5.053074e-05,0.0005686381,779,test
0.9980095,8.8161585e-05,0.00042522748,0.00089127803,0.00017622171,5.415312e-06,3.415246e-05,0.0003700828,780,test
1.4844917e-05,0.9951891,0.0031032462,0.0015413031,1.1906627e-06,4.011346e-06,1.7883282e-05,0.00012834146,781,test
0.99794716,9.222471e-05,0.00031969833,0.0009095637,0.00032701273,6.9589805e-06,3.737818e-05,0.00035991214,782,test
4.0698e-05,0.00025220524,0.0007003377,0.0010476152,0.00092253723,0.9964904,0.0003905458,0.00015566435,783,test
0.00020455584,0.0022650626,0.99521387,0.0006481463,2.3633529e-05,0.00065726973,6.84497e-05,0.0009190833,784,test
0.00015799241,0.001211211,0.9969229,0.00049418653,1.6720418e-05,0.0005288693,4.1616822e-05,0.0006265259,785,test
0.00014061522,0.0018150565,0.99665314,0.00056337164,1.4109739e-05,0.00024886464,2.3525667e-05,0.0005413252,786,test
0.9939739,0.00027851306,0.0017646672,0.0019629835,0.0012440532,4.07054e-05,0.00018938933,0.0005457873,787,test
0.00022098419,0.0018699251,0.9955734,0.00055955705,2.1880964e-05,0.000892676,6.300728e-05,0.0007985757,788,test
0.00033907863,0.0017430427,0.9950121,0.000812451,3.285635e-05,0.0010166259,5.3356514e-05,0.0009904361,789,test
0.00015925741,0.0017972112,0.9959577,0.0005864195,1.860753e-05,0.00077501225,4.3197597e-05,0.000662637,790,test
0.00026818877,0.0021643203,0.99458957,0.0006106391,2.988296e-05,0.0012786271,8.261429e-05,0.0009762002,791,test
0.00018394817,0.0017151776,0.9962394,0.00056228106,1.4103305e-05,0.0005829885,4.76939e-05,0.0006543047,792,test
0.00031486253,0.002140779,0.9949992,0.0006767522,2.7641669e-05,0.0006002979,7.214966e-05,0.001168327,793,test
0.00022827063,0.0012363417,0.99576855,0.0011071593,1.2139576e-05,0.00060928066,3.7279722e-05,0.0010009952,794,test
0.00030605748,0.001952128,0.9951539,0.0006859963,2.3420329e-05,0.000847914,7.583463e-05,0.0009547984,795,test
0.00029690994,0.0012669456,0.9956,0.000984073,9.737308e-06,0.00036679502,2.8749917e-05,0.0014468331,796,test
0.9970595,0.00012124929,0.000587553,0.0009848416,0.0006299287,7.3732954e-06,7.159967e-05,0.0005378186,797,test
0.00040735546,0.0020639459,0.99429274,0.0012845033,3.441496e-05,0.0003637583,4.8259593e-05,0.0015051175,798,test
0.9966239,0.00018186157,0.00057775236,0.0013381381,0.000612163,1.8312447e-05,0.00012149835,0.00052626425,799,test
0.99789363,9.695937e-05,0.0004258412,0.00072689675,0.00041645268,6.614668e-06,5.0039085e-05,0.00038365,800,test
0.00027154668,0.0017081209,0.9958599,0.00048163778,1.8884251e-05,0.00064876035,7.7111e-05,0.000934076,801,test
0.00032472805,0.00028089795,0.00020714762,0.00077092065,0.0010673021,0.0012482859,0.99524176,0.00085902645,802,test
0.99805945,7.2215e-05,0.0003816434,0.00094906107,0.00018692068,5.2543073e-06,4.901326e-05,0.0002963852,803,test
0.9969965,0.00014371076,0.0004454906,0.0012311075,0.0006077566,1.4140414e-05,8.8098226e-05,0.00047313652,804,test
0.9977754,8.9946814e-05,0.00042232228,0.0011592524,0.00017491722,6.701631e-06,3.9481205e-05,0.0003319292,805,test
0.0002678274,0.0022191615,0.99487716,0.00059319497,2.5172692e-05,0.0009782701,6.892508e-05,0.0009702787,806,test
0.99834836,6.426891e-05,0.00028912528,0.00074424304,0.00023589258,3.8366597e-06,2.984549e-05,0.00028452204,807,test
0.00019999387,0.0017347944,0.99602294,0.00072137895,1.786716e-05,0.0004876297,4.166543e-05,0.00077366136,808,test
0.9970848,0.00012047697,0.00030434682,0.0012931156,0.00084106124,7.1388854e-06,7.268772e-05,0.00027639905,809,test
0.00022679853,0.0012075861,0.9964449,0.0005025641,2.0362695e-05,0.00082540564,5.46573e-05,0.00071779336,810,test
0.00031955555,0.0012282359,0.996831,0.00073301536,1.5014829e-05,0.00026634938,3.6619982e-05,0.00057020935,811,test
0.0005654844,0.0014163804,0.99399346,0.001500498,3.279155e-05,0.0007652813,8.738654e-05,0.0016387954,812,test
0.00026629248,0.0011656057,0.99647933,0.0004924354,1.641622e-05,0.00046045764,4.9598602e-05,0.0010698688,813,test
0.007255436,0.0069185286,0.9730477,0.004764827,0.0005853377,0.002469602,0.0009741557,0.0039844206,814,test
0.00017901545,4.7378402e-05,0.00018798804,0.00031762052,6.32201e-07,9.50961e-06,8.243841e-06,0.99924964,815,test
0.00013075792,7.272911e-05,0.00021714745,0.00028611926,1.454802e-06,2.504318e-05,1.5354251e-05,0.9992513,816,test
0.00035996342,0.0015947862,0.99536973,0.0013449978,1.2310031e-05,0.00030109318,3.4173114e-05,0.0009830202,817,test
0.0006703871,0.0010220984,0.0044752043,0.0024466522,0.011153712,0.9766862,0.0013691656,0.0021765095,818,test
2.6180955e-05,0.9950139,0.002871327,0.0019399469,1.4206842e-06,5.594783e-06,1.4235097e-05,0.00012741673,819,test
0.00018330282,0.0009345391,0.9968284,0.0008228666,9.195144e-06,0.0005698151,3.0182913e-05,0.00062168675,820,test
0.99768734,9.861551e-05,0.000674817,0.0006875745,0.0003138711,7.690389e-06,4.979835e-05,0.00048023538,821,test
0.000571096,0.0013463895,0.99335504,0.0022607606,1.2880265e-05,0.00055096066,4.223824e-05,0.001860577,822,test
2.1981687e-05,0.9961421,0.0020825919,0.0016504946,7.3793956e-07,3.4640648e-06,1.1042339e-05,8.767512e-05,823,test
0.00022591354,0.0019048881,0.9954574,0.0008650436,1.8795872e-05,0.00056052103,5.370437e-05,0.00091372046,824,test
0.00025338435,0.0022002188,0.99491405,0.0006776505,3.0087682e-05,0.000897382,8.4828454e-05,0.0009424198,825,test
0.00024368778,0.0025033585,0.99473554,0.0006824024,2.9056877e-05,0.00081035093,5.567118e-05,0.00093995937,826,test
0.00013063943,0.00016445675,0.00032368308,0.00042113816,2.5965394e-06,2.9564844e-05,1.5429867e-05,0.99891245,827,test
0.997936,9.2875496e-05,0.00035582142,0.000918489,0.0002683075,5.973203e-06,4.4870256e-05,0.00037770977,828,test
0.00020731693,0.00014526001,0.0003529285,0.00040190585,3.3711692e-06,3.843285e-05,2.1817166e-05,0.99882895,829,test
0.00021204512,0.0008810208,0.9967525,0.00091873534,9.251598e-06,0.00037220368,2.706297e-05,0.00082727114,830,test
0.99760675,8.0864804e-05,0.00045275752,0.0008267422,0.00029598502,5.675825e-06,6.5053515e-05,0.00066616933,831,test
0.9981389,7.82373e-05,0.00044494937,0.0008056938,0.00020851144,5.328468e-06,4.3772492e-05,0.00027467057,832,test
0.00019263272,0.0027411026,0.9939155,0.0014733261,1.7696679e-05,0.0007093861,3.0166868e-05,0.00092022575,833,test
0.0001253097,0.0012748482,0.9971705,0.00031914745,1.3029457e-05,0.0004408267,3.3314744e-05,0.00062299386,834,test
0.00028359922,0.0014004821,0.99553466,0.00110487,1.1562745e-05,0.000563574,4.4323097e-05,0.0010569463,835,test
0.00043593234,0.0018921756,0.9943357,0.00087196485,3.5879817e-05,0.0014162271,9.6945194e-05,0.0009151609,836,test
0.00022346823,0.0014393053,0.9963552,0.00055786374,1.875094e-05,0.00053707435,5.5883953e-05,0.00081250246,837,test
0.0005303349,0.0007463644,0.9934094,0.0021800392,2.8779437e-05,0.00075902476,5.3274678e-05,0.0022928445,838,test
0.0048245443,0.0022458218,0.0027039195,0.005524458,0.013319659,0.01868459,0.9457239,0.006973031,839,test
0.00022651817,0.001987488,0.9956631,0.00065473927,1.9627487e-05,0.000577328,6.7199624e-05,0.00080394186,840,test
0.00019740243,0.001022284,0.9972132,0.00033264377,1.5221838e-05,0.0003657051,3.8740207e-05,0.0008148363,841,test
0.00025533052,0.001163388,0.9962214,0.001006215,1.1642493e-05,0.0002499923,2.8863136e-05,0.0010631201,842,test
0.99635893,0.00013794289,0.0010542632,0.0012332988,0.0005873664,1.230146e-05,5.9462174e-05,0.00055643177,843,test
0.99803394,7.67946e-05,0.00031312736,0.0009829005,0.00023115327,5.513956e-06,4.49308e-05,0.00031153735,844,test
1.31565785e-05,0.9951031,0.0030150353,0.0017416901,1.0387357e-06,4.4744606e-06,1.6096796e-05,0.000105279185,845,test
0.00018546097,0.001824527,0.99613804,0.0005371412,1.7481121e-05,0.00055788236,4.3252003e-05,0.0006962173,846,test
0.0003037411,0.001305691,0.9956358,0.0009255376,2.0583759e-05,0.0007729791,5.6221776e-05,0.0009793071,847,test
0.0002827923,0.0011079044,0.9958197,0.0011554597,1.5822437e-05,0.00064118876,4.217104e-05,0.000935007,848,test
0.0003682681,0.0013357021,0.9942648,0.0018604785,1.3878108e-05,0.0004951602,3.8528175e-05,0.001623204,849,test
0.9985065,7.0279835e-05,0.00037504014,0.0005805758,0.00015834498,4.179145e-06,3.3876768e-05,0.00027131944,850,test
0.00015391404,0.00025376547,0.0008267389,0.0010736234,0.0014637411,0.99534106,0.0006119896,0.00027506732,851,test
0.99836475,6.389137e-05,0.00030376457,0.0006530713,0.00029439488,4.4230205e-06,6.3068226e-05,0.00025260492,852,test
0.99820673,7.691916e-05,0.00036855694,0.00076564733,0.00028207945,5.716373e-06,4.3985165e-05,0.0002502878,853,test
0.00022437666,0.0015764877,0.9964275,0.00037428603,2.0638923e-05,0.00037050375,3.315122e-05,0.0009730978,854,test
0.00012017456,0.001743323,0.9964856,0.0005977023,1.5132614e-05,0.0004607456,3.75567e-05,0.00053979526,855,test
1.680443e-05,0.9946831,0.0032725597,0.0018754585,1.2530875e-06,4.9799974e-06,2.5173666e-05,0.00012064946,856,test
0.99793637,8.641065e-05,0.00048371105,0.00089174835,0.0002356374,4.1732233e-06,3.6733873e-05,0.00032520815,857,test
0.00042207673,0.001852496,0.99475455,0.0011379287,2.2722292e-05,0.0003274259,4.2002623e-05,0.0014407681,858,test
0.00020713115,0.0020106582,0.9956363,0.0005228714,1.914712e-05,0.00074345246,5.7863042e-05,0.0008026358,859,test
0.0002630082,0.0019267981,0.9957754,0.0007092703,2.1923735e-05,0.00042934105,5.677729e-05,0.0008175365,860,test
0.00041477993,0.0023689119,0.99440837,0.00061177363,4.0287803e-05,0.00059606996,8.91398e-05,0.001470686,861,test
0.00022818535,0.0020179553,0.99566144,0.00063812814,2.0596737e-05,0.00027214116,3.6725956e-05,0.0011249038,862,test
0.00020552747,0.0012499656,0.99601513,0.0010924797,1.070226e-05,0.00028015327,2.1998136e-05,0.0011241122,863,test
0.00036895773,0.0013088231,0.9954424,0.00092697504,2.8160763e-05,0.0009205673,5.8018686e-05,0.0009460575,864,test
0.9977627,0.00010243347,0.0004089822,0.00095104903,0.00034962755,9.422329e-06,5.4247877e-05,0.00036150974,865,test
0.0021801454,0.0009368019,0.0011753634,0.00095971505,0.0010986762,0.0013152085,0.98957705,0.0027570752,866,test
0.0002865717,0.0007369571,0.9967765,0.0009817933,5.665836e-06,0.0005481975,1.6502783e-05,0.0006478078,867,test
0.00020611995,0.0014827544,0.9965922,0.0004070567,1.739491e-05,0.00044124445,4.084915e-05,0.00081240636,868,test
0.00026864812,0.0010436004,0.99562716,0.0012948086,1.2717207e-05,0.0004932583,3.2196585e-05,0.0012275351,869,test
0.00017223321,0.0014953453,0.99545765,0.001523868,8.104578e-06,0.0005470343,1.8502868e-05,0.0007772156,870,test
0.9977471,0.00012335696,0.00052573765,0.00095023727,0.00028584825,1.0197031e-05,4.2848034e-05,0.0003146749,871,test
0.00025037955,0.0015638624,0.99577785,0.0008046804,1.6368955e-05,0.00039440286,4.1409603e-05,0.0011509757,872,test
0.00026229833,0.0019781056,0.9954242,0.0008709058,1.7991046e-05,0.00032790078,4.691587e-05,0.0010717695,873,test
0.0002609005,0.0017079142,0.9959512,0.0006196797,2.3188322e-05,0.00038555393,4.808372e-05,0.0010034154,874,test
0.9976941,9.393532e-05,0.00050621823,0.0009444833,0.00036043065,9.932022e-06,6.436573e-05,0.00032669946,875,test
0.00016438463,0.0011717215,0.99703765,0.00049065496,1.5147483e-05,0.00037325654,3.8443108e-05,0.0007088256,876,test
0.00030308543,0.001264281,0.9956103,0.0012453664,1.0556196e-05,0.00030377298,3.4099157e-05,0.0012285507,877,test
0.9976476,8.7517205e-05,0.0005977542,0.0007774008,0.00030214564,6.5058875e-06,7.07465e-05,0.0005102624,878,test
0.998111,6.907188e-05,0.00027325284,0.0008880189,0.0002913617,4.4297976e-06,3.7590165e-05,0.0003253302,879,test
0.99712723,0.0001441465,0.00046333586,0.0012079435,0.00048264244,1.6322188e-05,9.679679e-05,0.00046171286,880,test
0.00019629716,0.0011151036,0.9965623,0.00083738595,8.927159e-06,0.00036401418,3.4154822e-05,0.00088198157,881,test
0.99449134,0.00024171725,0.0024921033,0.0015730546,0.0005124304,4.2222604e-05,0.00012665194,0.0005206365,882,test
0.00010027906,0.0013982706,0.9970101,0.0006302325,8.635041e-06,0.0003458351,2.8992159e-05,0.00047766566,883,test
0.00021870577,0.002333291,0.9948376,0.0006451633,1.9592577e-05,0.0010207305,7.791453e-05,0.0008470376,884,test
0.9977962,0.000104951265,0.00052494503,0.00081458635,0.0003177146,5.6299637e-06,5.5879547e-05,0.0003801342,885,test
0.000305603,0.0033663572,0.9934809,0.00083647785,2.607618e-05,0.00042250627,5.3772535e-05,0.0015083182,886,test
0.0002218831,0.0022897108,0.99521327,0.0007375416,2.1372005e-05,0.00053965,7.6957884e-05,0.0008996603,887,test
0.9835306,0.00084347423,0.0030067114,0.005790207,0.0028169085,0.00024792255,0.00084023154,0.002923916,888,test
0.0001631896,0.98915535,0.00424166,0.005436991,2.2316279e-05,7.1220566e-05,0.00020426052,0.0007050944,889,test
0.00017540388,0.0011951119,0.9967637,0.00063796394,1.0554144e-05,0.00045974978,3.9306142e-05,0.00071820454,890,test
0.00021591906,0.0016776277,0.9959865,0.0005478872,1.769843e-05,0.00074898906,6.4710825e-05,0.0007406072,891,test
0.00026935028,0.0011946147,0.99621516,0.00070452166,2.3884502e-05,0.00041362928,4.9922583e-05,0.0011289333,892,test
0.00021837252,0.0013326128,0.9963111,0.0006871623,2.1230677e-05,0.0006485036,4.1745105e-05,0.0007393096,893,test
0.0019235528,0.002730173,0.9877194,0.0030155685,4.666007e-05,0.00060896145,9.823141e-05,0.003857462,894,test
0.0002766778,0.0011775964,0.99602973,0.00097363465,1.5695132e-05,0.00043400042,4.327729e-05,0.0010495061,895,test
0.00046068494,0.0016614274,0.99414563,0.001585482,9.286975e-06,0.00026789578,3.5286026e-05,0.0018341714,896,test
0.99793893,0.00010446287,0.00075720844,0.0007203458,0.0001835459,4.5374313e-06,6.7267785e-05,0.00022376476,897,test
0.0062371516,0.0013069329,0.0004847976,0.0016622738,0.9847074,0.0015254922,0.003450433,0.0006254992,898,test
0.00018945555,0.002244365,0.9961343,0.00043502674,8.420988e-06,0.00019114441,2.7752227e-05,0.0007696101,899,test
0.0079423245,0.0027339614,0.0057601808,0.011843721,0.0029077092,0.8397199,0.0065655853,0.12252659,900,test
0.99816436,9.454044e-05,0.00091819983,0.0004883417,0.00011920502,2.8992647e-06,3.9882976e-05,0.00017255599,901,test
0.00017033938,0.0008672157,0.99776185,0.0003726801,4.9584846e-06,0.00014276025,1.9768433e-05,0.0006604397,902,test
0.00015485627,0.0012496565,0.99712026,0.0006358784,4.8403685e-06,0.00015407716,1.6701797e-05,0.0006636335,903,test
0.00014055254,0.00129212,0.997419,0.0003146251,7.974988e-06,0.00019129369,1.9987605e-05,0.0006144978,904,test
0.99779403,0.00010308869,0.00049403124,0.00095717626,0.00022928357,6.1731757e-06,8.835581e-05,0.00032786242,905,test
0.088298805,0.0028565929,0.0014830478,0.0028535258,0.8963725,0.0005603573,0.0058653355,0.0017098647,906,test
0.00026803094,0.0011563752,0.9967637,0.00057029264,8.724854e-06,0.00033095037,3.703901e-05,0.0008648507,907,test
0.015928436,0.014330373,0.91255766,0.019924954,0.00978073,0.010309704,0.003726068,0.013442037,908,test
0.00024309247,0.0024146826,0.9955577,0.00045693567,1.1066636e-05,0.00037632015,5.214103e-05,0.00088799454,909,test
0.00028954574,0.0016909336,0.9962794,0.00046660774,1.4443141e-05,0.00034987656,4.0490184e-05,0.0008686248,910,test
0.00015013914,0.0011286621,0.9976076,0.00029816167,7.311704e-06,0.00019230634,2.307904e-05,0.00059277867,911,test
0.0002504831,0.001429735,0.996759,0.00045075978,9.5854575e-06,0.00019984125,3.7762733e-05,0.00086273317,912,test
0.00015868913,0.0011158907,0.9976999,0.00031368266,6.018822e-06,0.000120434655,1.875595e-05,0.00056653115,913,test
0.9971794,0.00015890597,0.0010200794,0.0010002814,0.00022037579,7.24247e-06,7.3910545e-05,0.0003398217,914,test
0.00015997817,0.0014328589,0.997156,0.00034760174,6.7965534e-06,0.0001771814,2.9041788e-05,0.0006905576,915,test
0.00029382063,0.0017185258,0.99617994,0.00046145264,1.4548387e-05,0.0003448663,3.67907e-05,0.0009500172,916,test
0.99745923,0.00015629805,0.001076445,0.00063830684,0.0002815783,7.4988075e-06,8.8330205e-05,0.00029230159,917,test
0.0001814452,0.0017288502,0.9967745,0.00031446049,7.267587e-06,0.00026123127,3.7591173e-05,0.0006947252,918,test
0.00016325597,0.0011577002,0.9975975,0.00029390393,7.867564e-06,0.00016329304,1.9264095e-05,0.0005972128,919,test
0.00016376776,0.0026267506,0.9956909,0.00040601616,8.305732e-06,0.00032174657,3.7683723e-05,0.0007448808,920,test
0.0022263373,0.0031034814,0.98766565,0.0027763518,6.9334856e-05,0.0003531058,0.00013217256,0.0036734482,921,test
2.0091029e-07,0.9995223,0.00014760572,0.0003248731,6.3728036e-09,6.529012e-08,1.9682903e-07,4.715228e-06,922,test
0.00022461942,0.0017299653,0.99676657,0.00028979976,8.003543e-06,0.00026844715,3.6838916e-05,0.00067572034,923,test
0.9980075,9.296784e-05,0.0005615087,0.0007512682,0.00027480596,5.6451577e-06,8.7364024e-05,0.00021897099,924,test
0.0001444471,7.353191e-05,0.00013268364,0.00036118398,5.13356e-07,8.892098e-06,1.7860672e-05,0.99926084,925,test
0.00013099985,0.0010550625,0.99772507,0.00030433928,5.4588995e-06,0.00017881632,2.2246144e-05,0.0005780131,926,test
0.9925184,0.00067812315,0.0022297434,0.0021551347,0.0007787681,2.8821689e-05,0.00027451364,0.0013363732,927,test
0.99605286,0.00023584472,0.0017914003,0.001164903,0.00025396925,1.3048807e-05,6.8028945e-05,0.00041985628,928,test
0.00023828998,0.001261809,0.99720746,0.0002928019,8.950318e-06,0.00018061139,3.222036e-05,0.0007778111,929,test
0.99742776,0.00013087416,0.0007119945,0.0012066569,0.000101886515,6.384489e-06,5.208019e-05,0.0003623782,930,test
0.00010962627,0.0015370584,0.99739456,0.0003546107,5.724881e-06,0.00011295743,1.235173e-05,0.00047315256,931,test
0.98869765,0.00069342926,0.0024514191,0.0041448316,0.0010282611,9.575997e-05,0.0006815023,0.0022072336,932,test
0.9975987,0.00013867652,0.00079903007,0.0008100764,0.00021635601,6.251758e-06,9.385201e-05,0.00033714244,933,test
0.00025221126,0.003015406,0.9950062,0.00043092846,1.1311961e-05,0.00022578768,4.635618e-05,0.0010116579,934,test
0.00014499613,0.0017851886,0.99668545,0.00048832764,6.008237e-06,0.00021166255,2.9697792e-05,0.0006486984,935,test
0.00015835548,0.001825652,0.996709,0.0003424843,6.778486e-06,0.00027075197,2.9313613e-05,0.0006576046,936,test
0.00020214426,0.0035816343,0.99433595,0.00047486677,9.944055e-06,0.0005254096,5.7636942e-05,0.00081245,937,test
0.0059172944,0.024456434,0.080489606,0.03299453,0.004174624,0.8437092,0.001419586,0.006838751,938,test
0.00018706686,0.0026445694,0.99315226,0.0021789453,8.668133e-06,0.0003766176,2.6078917e-05,0.0014258317,939,test
0.000121791294,0.0013699901,0.99724954,0.0004999959,6.9185603e-06,0.00012854795,2.312812e-05,0.00059996016,940,test
0.00016149359,0.0012572524,0.9976374,0.0003640717,4.876549e-06,0.00012924688,1.257136e-05,0.0004330244,941,test
0.00025830945,0.0008986232,0.99709964,0.0006496126,6.0622333e-06,0.00021321782,2.412951e-05,0.0008504267,942,test
0.9960376,0.00026158214,0.0012451266,0.0012574864,0.0004789738,1.4477003e-05,0.00018681423,0.00051789364,943,test
0.99646854,0.00020307762,0.0010007482,0.0011399317,0.00057481404,1.07016185e-05,0.00014274132,0.00045946173,944,test
0.00022897353,0.0022441205,0.9960211,0.000379646,1.1917711e-05,0.00028952255,3.999412e-05,0.0007846952,945,test
0.0001681221,0.0019418526,0.99656194,0.0003344574,8.061891e-06,0.00027186229,3.222531e-05,0.0006814961,946,test
0.9838215,0.00070216967,0.010016768,0.0024285642,0.0014416225,6.129864e-05,0.0004753656,0.0010527604,947,test
0.0002272822,0.0021269054,0.9960419,0.00042834994,9.921808e-06,0.00032991718,4.4945155e-05,0.0007907433,948,test
0.00015362831,0.0010605667,0.9975349,0.00040593493,4.983508e-06,0.00019287676,1.7314613e-05,0.0006297103,949,test
0.0002736629,0.0016384377,0.9962475,0.0005638595,9.342501e-06,0.00021517117,3.0493093e-05,0.0010215713,950,test
0.00020168655,0.0012238281,0.997006,0.00053334434,6.779756e-06,0.00020655703,3.0200039e-05,0.0007916019,951,test
0.00042590822,0.0004093465,0.00039476115,0.00038519513,0.00020999405,0.0005814811,0.99630094,0.0012923763,952,test
0.9827324,0.0010501683,0.0039622434,0.006514609,0.001156245,0.00016927868,0.0008331306,0.0035818766,953,test
0.00017768853,0.0009845574,0.9973928,0.0005368157,5.5240776e-06,0.00016033175,2.2558677e-05,0.00071974564,954,test
0.0008936342,0.0016031471,0.0032751611,0.002955429,0.0083171325,0.97896147,0.002551467,0.0014425566,955,test
0.00024532375,0.00157688,0.9964587,0.0005191449,1.1060733e-05,0.00030343598,3.212222e-05,0.000853446,956,test
0.00026436005,0.0015861277,0.99545527,0.0008166625,9.53569e-06,0.00023275046,2.7272923e-05,0.0016079927,957,test
0.0001557636,0.0013821392,0.99716187,0.00027959957,9.379549e-06,0.00022433442,2.4274606e-05,0.0007627196,958,test
0.001959964,0.001501428,0.0028283515,0.00070510135,9.663477e-05,0.00036318233,0.000613367,0.991932,959,test
0.9955407,0.00026725364,0.0020289116,0.0012957418,0.0002943131,1.0565337e-05,8.025083e-05,0.00048224002,960,test
0.00019409422,0.0018674297,0.9964167,0.00042870487,8.277321e-06,0.00018367832,2.2060503e-05,0.0008789825,961,test
0.00036558334,0.0012008636,0.996326,0.0006007646,1.0501539e-05,0.00026436048,3.252609e-05,0.0011993408,962,test
0.99725693,0.00014980923,0.00064115867,0.0012156214,0.00022205203,1.0890858e-05,8.617995e-05,0.0004173159,963,test
0.99748456,0.00011300167,0.0006516626,0.0012152515,9.856021e-05,6.364384e-06,5.9528615e-05,0.00037096988,964,test
0.9971284,0.00020164457,0.000871557,0.0010823468,0.00031636943,3.841968e-06,5.440762e-05,0.0003413658,965,test
0.00014301758,0.0014535051,0.99698985,0.00044674825,6.6660773e-06,0.00023582335,2.1954222e-05,0.00070241716,966,test
0.00017006148,0.0010106316,0.9974068,0.0005303422,5.5912933e-06,0.0002763117,2.4274155e-05,0.0005760685,967,test
0.00013808257,0.0010800699,0.9968278,0.0008956404,3.5649018e-06,0.00026869826,1.0582348e-05,0.0007755195,968,test
0.00021268295,0.0011573632,0.9971521,0.00048627818,7.4724376e-06,0.00024312933,2.7831391e-05,0.00071315246,969,test
0.00018804593,0.001438249,0.9969612,0.0004292522,6.668314e-06,0.00020084601,2.526491e-05,0.0007505225,970,test
0.99697065,0.00014880723,0.0014876899,0.0007887473,0.00017493808,5.820324e-06,6.991549e-05,0.00035340234,971,test
0.99758375,8.2095234e-05,0.0011978245,0.00054955785,7.1295035e-05,3.0091396e-06,4.7710957e-05,0.00046460622,972,test
0.00017310226,0.0017159235,0.99687755,0.00032429912,6.744139e-06,0.0002021425,2.7969652e-05,0.0006723262,973,test
0.997163,0.00015185152,0.0006258162,0.0012324109,0.00013642294,3.9433176e-06,5.605015e-05,0.0006304686,974,test
0.9972498,0.00014174978,0.0013018595,0.0007415777,0.00017364485,4.9630207e-06,6.87913e-05,0.00031752005,975,test
0.00018794747,0.0015915962,0.9969382,0.00032405948,7.2631196e-06,0.00025402315,4.515366e-05,0.0006517436,976,test
0.0070693777,0.13272814,0.036917653,0.11470758,0.0019587716,0.060132097,0.63533753,0.011148857,977,test
0.9979442,8.797264e-05,0.00056423893,0.0008614429,0.00011478907,3.766988e-06,5.2819567e-05,0.00037080434,978,test
0.00034416755,0.0016699833,0.9963432,0.00043837802,1.2967125e-05,0.00041728918,5.413166e-05,0.0007198531,979,test
0.00027002505,0.0016147902,0.9939022,0.0021573233,8.066265e-06,0.00034356627,2.6299742e-05,0.0016777418,980,test
0.0003624727,0.0015945339,0.9935201,0.0020994241,1.4163296e-05,0.00052050716,3.3956578e-05,0.0018548162,981,test
0.0002515148,0.0009958558,0.9967049,0.00084489665,5.499255e-06,0.0003124775,2.3496326e-05,0.0008613936,982,test
0.0001756041,0.0012867771,0.99706537,0.00045401545,6.1412497e-06,0.0001508349,1.9380639e-05,0.00084186136,983,test
0.9976047,0.00012819885,0.00064053904,0.0009370498,0.00025634503,6.844823e-06,9.847887e-05,0.00032773585,984,test
0.00017571695,0.0016451627,0.9965269,0.00058148324,6.3225257e-06,0.00018791239,2.1860122e-05,0.00085467816,985,test
0.00033754364,0.0017030614,0.99626786,0.0003971617,1.140144e-05,0.00021134499,3.938476e-05,0.0010321898,986,test
0.000113189926,0.0016821551,0.9968346,0.0004829842,5.6808612e-06,0.00017355698,2.5776726e-05,0.0006820971,987,test
0.00017625505,0.0012755272,0.99739045,0.00023153026,9.235905e-06,0.00017183207,2.6502921e-05,0.0007187322,988,test
0.99713564,0.00014500199,0.00093648775,0.0011504373,0.00015450787,6.3325747e-06,8.7597175e-05,0.00038401282,989,test
0.00017799163,0.0018578294,0.9964784,0.0005364924,8.061862e-06,0.0001547349,2.7010256e-05,0.00075959467,990,test
3.4403027e-05,3.608399e-05,7.9872654e-05,0.000118893964,5.348794e-07,5.166927e-06,6.6163134e-06,0.99971837,991,test
0.00019116985,0.0010708154,0.99766254,0.00025086064,6.1635274e-06,0.00023707669,3.225619e-05,0.0005491769,992,test
0.00018864639,0.0021728757,0.9961951,0.00035656558,9.594243e-06,0.00029185042,3.9227416e-05,0.0007462967,993,test
0.00038666243,0.0016262393,0.005453353,0.0033595788,0.0038943,0.98199916,0.0018232305,0.0014574776,994,test
0.00018843518,0.0015096258,0.9963104,0.0006946283,5.9387107e-06,0.00014464206,1.8247929e-05,0.0011279958,995,test
1.2141429e-07,0.99954396,0.00010781652,0.00034502766,3.6354133e-09,5.3630995e-08,9.0612026e-08,2.871824e-06,996,test
0.99803656,8.2910345e-05,0.00060808926,0.0007255114,0.00014684435,4.5182696e-06,7.016815e-05,0.00032538385,997,test
0.003308142,0.00061710464,0.00022146257,0.0009968576,0.9909247,0.00089374324,0.0024135439,0.00062440394,998,test
0.00026007983,0.0020273023,0.99611604,0.00038189394,1.0441331e-05,0.0002583992,4.2891716e-05,0.0009030094,999,test
0.0001113697,0.0010994737,0.99784434,0.00022376489,6.5176173e-06,0.00014758634,1.5656304e-05,0.00055125245,1000,test
0.00020864484,0.0011501311,0.9971366,0.00044657034,7.1860477e-06,0.0001746273,2.6796617e-05,0.00084944983,1001,test
0.0002443027,0.0014244833,0.99666756,0.0005295533,1.1603824e-05,0.00029431988,3.1183186e-05,0.00079703855,1002,test
0.0034958697,0.00073422136,0.00011440296,0.0008958422,0.9922275,0.0003364772,0.0016321999,0.0005635253,1003,test
0.003972751,0.009710141,0.015082331,0.04912751,0.06866814,0.81870085,0.020780219,0.013958043,1004,test
0.9952779,0.00040518743,0.000945228,0.0017386334,0.0006599218,2.0607506e-05,0.00023323843,0.000719261,1005,test
0.00016972702,0.001806193,0.9965699,0.00038842327,8.391539e-06,0.0002566845,3.254184e-05,0.00076819997,1006,test
0.00022478611,0.0012950755,0.9970925,0.00033775397,1.1038716e-05,0.00036788793,3.5402372e-05,0.00063552876,1007,test
0.99735755,0.00014130483,0.0007556117,0.000832219,0.0004558399,8.934692e-06,0.00014232131,0.00030622055,1008,test
0.00024747042,0.0016129761,0.99651355,0.0004987538,1.07438855e-05,0.00035748834,3.7130074e-05,0.0007218348,1009,test
0.00025588405,0.0015838074,0.996433,0.0004892105,1.0889387e-05,0.00029161072,2.8502851e-05,0.0009070151,1010,test
0.004910041,0.0013775186,0.00028713513,0.001221442,0.98892665,0.0006141606,0.0015976228,0.0010653245,1011,test
0.99771845,0.00012371002,0.0010376524,0.0006241541,0.00016609184,3.1400841e-06,5.8393696e-05,0.000268557,1012,test
0.00025418794,0.0013558869,0.9967405,0.0006292463,9.947381e-06,0.00021570717,2.6968219e-05,0.00076757785,1013,test
0.00026921942,0.0013282228,0.996687,0.00048130096,1.1019778e-05,0.0002219175,2.8311673e-05,0.0009730403,1014,test
0.82166404,0.010995337,0.030209083,0.05050522,0.02366619,0.0059109163,0.015032175,0.04201708,1015,test
0.0001898426,0.00036274156,0.0017374356,0.0006179652,0.0033001562,0.9929778,0.00049667,0.00031746994,1016,test
0.00062691997,0.00921765,0.0027318513,0.0023028704,0.00025579016,0.0034268862,0.9777944,0.003643533,1017,test
0.00024593662,0.0031130023,0.9936313,0.001164987,1.8047474e-05,0.0008758021,4.872061e-05,0.00090218446,1018,test
0.00014239752,0.0012432114,0.9969765,0.000580531,5.8502415e-06,0.00014232163,1.7161363e-05,0.00089218124,1019,test
0.00019313986,0.0013396889,0.9971168,0.00039304188,8.341959e-06,0.00020471138,2.8201435e-05,0.0007161509,1020,test
0.0001916381,0.0013054899,0.9969304,0.0005727699,7.676922e-06,0.00020985094,2.2347114e-05,0.00075982366,1021,test
0.9976671,0.00011325227,0.0008201636,0.0008442493,0.00014278358,6.2096988e-06,6.91483e-05,0.0003370787,1022,test
0.0019217683,0.009673766,0.9792615,0.0050739963,4.570644e-05,0.0011107661,0.00012225335,0.0027901698,1023,test
0.00066598225,0.0020290192,0.99550325,0.00066418503,6.344129e-05,0.0005640528,9.36305e-05,0.00041648097,1024,test
0.00022371618,0.0010932456,0.99732095,0.0002200192,1.6293861e-05,0.00045471167,4.749621e-05,0.00062362466,1025,test
0.00090670225,0.00052826374,0.0002718627,0.0010087193,0.99332505,0.0019474555,0.0017304666,0.00028141157,1026,test
0.99514043,0.0002832591,0.0020892373,0.0014617527,0.00034035515,1.4278802e-05,6.606728e-05,0.0006046628,1027,test
0.996669,0.00016225863,0.0012664797,0.0011391747,0.0001786991,1.0058139e-05,5.046048e-05,0.00052388094,1028,test
0.99618846,0.0002543633,0.0013851218,0.0009014943,0.0003966834,1.1983131e-05,7.2885065e-05,0.000789105,1029,test
0.00013832409,0.0008380711,0.99818367,0.00014859239,8.379659e-06,0.00016953316,2.7466756e-05,0.00048589185,1030,test
0.00013555915,0.0008647299,0.99802375,0.00019389234,7.913723e-06,0.0002195025,2.8747467e-05,0.0005258227,1031,test
0.00023495026,0.0018891878,0.99594045,0.00027456472,2.5852429e-05,0.00056454784,6.0125214e-05,0.0010103837,1032,test
0.000222385,7.010265e-05,0.00015413151,7.4402815e-05,0.00013426036,0.00014689557,0.99876285,0.00043498908,1033,test
0.99690765,0.00017078001,0.0010216534,0.0009970112,0.0003428838,1.0627363e-05,6.9923546e-05,0.00047948063,1034,test
0.9970626,0.00016430506,0.0012662387,0.0007271252,0.0002373267,6.1843134e-06,4.2959753e-05,0.000493198,1035,test
0.99462837,0.00025584237,0.0029174052,0.0011763966,0.00032515402,1.964885e-05,9.2798444e-05,0.0005844141,1036,test
0.994729,0.00031259618,0.0014754118,0.0018864048,0.00071602315,3.0131987e-05,0.00010728405,0.00074326637,1037,test
0.99720085,0.00014585405,0.0007242468,0.0010588419,0.000262188,8.504731e-06,7.121509e-05,0.0005282579,1038,test
0.00017008558,0.0017411606,0.99674076,0.00024269412,1.747326e-05,0.0002642537,3.523524e-05,0.00078824844,1039,test
0.9309811,0.010609161,0.0055326624,0.024253152,0.006829265,0.0011511309,0.0052541816,0.015389341,1040,test
0.9973042,0.00013430564,0.0007521165,0.0009807063,0.00023542011,7.0578462e-06,4.825109e-05,0.0005379419,1041,test
0.00013954032,0.0012459739,0.99760747,0.00019601115,1.0706771e-05,0.00014218508,2.625348e-05,0.0006318957,1042,test
0.0004937661,0.001212351,0.99575424,0.00063153583,1.4986414e-05,0.00024149414,2.835878e-05,0.0016232878,1043,test
0.9970937,0.00014624283,0.0010357228,0.00086079864,0.00026369817,8.171968e-06,4.0652794e-05,0.0005508948,1044,test
0.00025929368,6.567272e-05,1.13986325e-05,0.00012300514,0.9991497,6.142001e-05,0.00029422506,3.5295714e-05,1045,test
0.00020131255,0.0007583649,0.9978744,0.00029028844,6.9411813e-06,0.00015871371,2.4084942e-05,0.00068587676,1046,test
0.00020733767,0.0010556232,0.99727935,0.00026028499,1.922393e-05,0.0005711122,6.2116116e-05,0.0005449744,1047,test
0.00021676773,0.0013144375,0.9970893,0.0003088669,1.3174819e-05,0.00026883153,3.7891245e-05,0.0007506804,1048,test
0.000110625806,0.00095767644,0.9980913,0.00013726411,6.2121853e-06,0.0001298275,1.7710545e-05,0.00054933195,1049,test
0.9966344,0.00014731716,0.001781531,0.0007120112,0.00031044192,5.7365523e-06,4.2181076e-05,0.00036635276,1050,test
0.00020810682,0.00097424805,0.9974017,0.00043332318,9.412823e-06,0.00019962239,1.6425774e-05,0.00075720076,1051,test
0.000120910605,0.0014306564,0.997517,0.00022690921,9.678103e-06,0.00023569298,1.7937084e-05,0.00044125496,1052,test
0.99639076,0.00016077947,0.0010806991,0.0011500553,0.00029475885,1.0477911e-05,8.682059e-05,0.0008255817,1053,test
0.00019884149,0.0018088364,0.99647105,0.00028397888,1.7663473e-05,0.00055385847,6.687635e-05,0.00059887546,1054,test
0.00013877475,0.0013864505,0.9971198,0.00022047128,1.604366e-05,0.00046995588,3.62097e-05,0.00061237765,1055,test
0.00038209537,0.003651622,0.99373055,0.00064137275,5.4634875e-05,0.00020442593,9.236723e-05,0.0012429393,1056,test
0.996865,0.00020540408,0.0008566784,0.0010352167,0.00042231035,1.1996485e-05,5.8886028e-05,0.0005445454,1057,test
0.00022967023,0.0013615332,0.99708986,0.00029912652,2.261808e-05,0.00030537668,5.7068824e-05,0.00063463167,1058,test
0.00016215678,0.0013968142,0.9971059,0.00025433762,1.6004835e-05,0.00043903626,5.6046403e-05,0.0005695972,1059,test
0.00034994408,0.00040608164,0.0015847665,0.000991246,0.0041529494,0.9902997,0.0017302035,0.00048509947,1060,test
0.9889959,0.000678007,0.0028574714,0.004386787,0.0009744279,0.000107791515,0.00039150138,0.0016080497,1061,test
0.9971523,0.00012241647,0.001385881,0.000715805,0.000196416,5.962493e-06,3.589498e-05,0.00038534345,1062,test
0.00015120335,0.0011956876,0.9976858,0.00022950371,8.524592e-06,0.00020617596,2.1665874e-05,0.00050147774,1063,test
0.00011900689,0.0009172031,0.9978528,0.00016671346,9.026095e-06,0.00036635713,3.0551753e-05,0.0005383802,1064,test
0.99664634,0.00019333098,0.0010787415,0.0010739346,0.00030131088,1.2643003e-05,6.8427325e-05,0.000625245,1065,test
0.9971475,0.00012808853,0.0009893512,0.00087376486,0.00023849183,5.1827196e-06,4.716223e-05,0.000570533,1066,test
0.000722206,0.0004253689,0.0018863241,0.00055952737,0.0010319351,0.0010991174,0.9914588,0.0028166843,1067,test
0.9970145,0.00015579628,0.0011000454,0.00083481544,0.00026153124,6.6154307e-06,5.5100863e-05,0.00057161326,1068,test
0.9969382,0.00015128542,0.0009077528,0.0012178486,0.00021259271,6.793177e-06,5.072291e-05,0.0005147485,1069,test
0.0001703145,0.00091204746,0.9973725,0.00038884362,1.0234806e-05,0.00020984613,2.4564297e-05,0.00091152487,1070,test
0.0001262872,0.0011091897,0.9976241,0.00023018257,1.34040865e-05,0.00038859487,2.4130532e-05,0.0004840908,1071,test
0.9968586,0.00015074955,0.00086487696,0.0012057066,0.00030574028,1.0804879e-05,7.403778e-05,0.0005294059,1072,test
0.00021193562,0.0010570402,0.99748117,0.00031468255,1.4022983e-05,0.0002460185,4.3528915e-05,0.00063163886,1073,test
0.99711764,0.00014569703,0.0008105635,0.00094238325,0.00036362422,7.974023e-06,8.018944e-05,0.00053191645,1074,test
0.00013207209,0.0014221997,0.9972216,0.00025466544,1.3738164e-05,0.00033281252,4.5401383e-05,0.0005774955,1075,test
6.0032013e-05,0.002024602,0.99701655,0.0002829262,7.315782e-06,0.00013554044,9.891665e-06,0.00046308985,1076,test
0.00015936067,0.0012522765,0.9972699,0.00019938673,1.2309512e-05,0.0004713985,4.243371e-05,0.00059290143,1077,test
0.0001091251,0.0012226341,0.9975357,0.00018184092,1.2629474e-05,0.0003943434,2.816207e-05,0.0005155351,1078,test
7.916741e-05,0.00068247295,0.99855155,0.00019525274,4.3871446e-06,0.000109204775,9.194871e-06,0.00036873735,1079,test
0.00012705095,0.0007922082,0.998166,0.00016841921,9.1469265e-06,0.00015910946,1.9741276e-05,0.0005582296,1080,test
0.00020024362,0.0013003221,0.9970938,0.00017967363,1.6816362e-05,0.00044604996,4.3183565e-05,0.00072001584,1081,test
3.3052906e-06,0.9982139,0.000964352,0.00077301863,3.7879138e-07,1.6345048e-06,7.7432005e-06,3.5688496e-05,1082,test
0.00019250123,0.00060150237,0.9983224,0.00018718616,5.4128836e-06,0.00017826966,1.621367e-05,0.00049652025,1083,test
0.9965167,0.0001870924,0.00083341723,0.0012709107,0.00043648496,1.4143453e-05,0.00011942243,0.0006218899,1084,test
0.98702604,0.00061814825,0.0064516547,0.0019543152,0.0021619347,9.87089e-05,0.00042151255,0.0012677496,1085,test
0.00011650037,0.0011680318,0.99789655,0.00022149415,9.7117945e-06,0.0001557384,1.7252425e-05,0.00041465153,1086,test
0.0004041189,0.0012101124,0.9966624,0.0005364374,9.573036e-06,0.00020097813,1.8241393e-05,0.0009581782,1087,test
0.0004121005,0.0018230563,0.99495405,0.0007219737,7.790521e-05,0.0003620042,9.128557e-05,0.0015576135,1088,test
0.00017098145,0.0009796789,0.9977314,0.00021982947,1.5940224e-05,0.00028103535,3.8514347e-05,0.0005625807,1089,test
0.9967179,0.00016643257,0.0010625519,0.0011300741,0.00018825804,9.1607e-06,5.7410478e-05,0.0006682951,1090,test
0.07967752,0.009384609,0.8998766,0.0041219136,0.00028098287,0.0008959268,0.0006143039,0.0051481463,1091,test
0.00015488046,0.0012433073,0.99722075,0.0003865942,8.280738e-06,0.0001340734,1.6350348e-05,0.00083568116,1092,test
0.0020942194,0.0012564106,0.006811363,0.003341199,0.002947497,0.96730465,0.001889339,0.01435538,1093,test
0.008632507,0.018645292,0.042650934,0.03388159,0.031144446,0.813176,0.011194603,0.04067465,1094,test
0.00014779341,0.0013245678,0.9972927,0.00024393287,1.308258e-05,0.0003922125,5.026869e-05,0.0005354474,1095,test
0.99723214,0.00013865478,0.0008690641,0.0009717753,0.00034574702,7.153544e-06,5.7831723e-05,0.00037765008,1096,test
3.3132844e-06,0.9986041,0.0008521323,0.0005132234,1.8048672e-07,8.107103e-07,3.1289385e-06,2.3082426e-05,1097,test
0.00023101365,0.0014019748,0.99683857,0.00020157,1.7455188e-05,0.00043583152,5.446115e-05,0.00081913214,1098,test
0.00012548217,0.0012052972,0.99769294,0.00021733191,8.659094e-06,0.00019618653,2.299274e-05,0.00053116964,1099,test
0.00015999172,0.001506397,0.9969894,0.00025575922,1.6631644e-05,0.0004756964,3.3789413e-05,0.00056236825,1100,test
9.692691e-05,0.0011329565,0.99796593,0.00019996706,1.21164e-05,0.00016861863,1.8254874e-05,0.000405253,1101,test
0.0001170602,0.00049768167,0.0022008852,0.0012718168,0.0016424436,0.9939586,0.00020012827,0.00011146797,1102,test
0.9972154,0.0001543488,0.00083912106,0.0010183913,0.000314309,7.605614e-06,5.219195e-05,0.0003986425,1103,test
6.784863e-05,0.00077574624,0.99842286,0.00012013659,4.687077e-06,0.00016860737,1.7600449e-05,0.00042259108,1104,test
0.9969806,0.00014717663,0.00086265476,0.0010474126,0.00030061218,7.975155e-06,6.788858e-05,0.00058569683,1105,test
0.00018765211,0.0013256818,0.997366,0.00019650775,1.0575497e-05,0.00029454552,4.963691e-05,0.00056950917,1106,test
0.00017122288,0.0021772918,0.99586487,0.00031598695,1.7864919e-05,0.000673388,5.1016676e-05,0.00072834815,1107,test
0.99450016,0.00021905256,0.0009379902,0.0008704655,0.0029807985,1.5348562e-05,0.00018550582,0.00029068472,1108,test
0.00012784309,0.0010281198,0.9977532,0.00014700621,1.0040525e-05,0.00035591863,2.5482248e-05,0.0005524738,1109,test
0.00012142744,0.0018557467,0.9969098,0.00020528874,1.3026349e-05,0.0002569778,2.142923e-05,0.0006164404,1110,test
0.00020755254,0.0012398157,0.99725467,0.00033170945,1.2729178e-05,0.00020633722,3.204641e-05,0.0007150781,1111,test
0.00025259148,0.0004333489,0.00216226,0.0009700272,0.007104939,0.98788995,0.0009321101,0.0002547929,1112,test
0.0013041843,0.0034427657,0.98908746,0.0009336709,4.2853037e-05,0.0006078796,0.00011022309,0.0044710417,1113,test
0.9096155,0.0191364,0.014244739,0.03380555,0.004234464,0.0025418233,0.005330401,0.011091095,1114,test
0.00021583051,0.0017153998,0.9965062,0.00022086516,1.7521388e-05,0.00041607578,5.3992688e-05,0.0008541234,1115,test
0.0003038385,0.00014555365,0.0002526083,7.294599e-05,4.9102277e-05,0.00011065548,0.9985619,0.000503415,1116,test
0.99686986,0.00013797465,0.0013597847,0.00085642614,0.00024527614,4.665482e-06,4.777991e-05,0.00047815236,1117,test
0.9976572,9.9312994e-05,0.0009876683,0.000690817,0.00011874177,4.427868e-06,2.4608265e-05,0.00041725254,1118,test
0.99747074,0.00012534061,0.0007242808,0.0008734211,0.00035554465,7.836911e-06,6.486983e-05,0.0003779833,1119,test
0.9958299,0.00023563435,0.002420746,0.0007792678,0.00028388874,6.3742555e-06,4.3123644e-05,0.00040118946,1120,test
0.99455535,0.00030084627,0.0017070291,0.0021820036,0.00044688323,2.4001583e-05,0.00014865398,0.00063520763,1121,test
0.00018100398,0.001292431,0.9967699,0.00024610062,1.7789307e-05,0.0008884443,6.059545e-05,0.0005437647,1122,test
0.9705362,0.001470878,0.005127525,0.007855546,0.005989115,0.00024593686,0.0015486752,0.007226195,1123,test
2.1832417e-05,0.99651283,0.0015889807,0.0016691322,2.4880492e-06,1.702832e-05,3.329684e-05,0.00015451315,1124,test
0.00058702036,0.0014503878,0.99633944,0.00050837925,2.1666803e-05,0.00030647588,4.148487e-05,0.00074518117,1125,test
0.000114265196,0.0012075546,0.99762964,0.00018587477,1.0015461e-05,0.00036662747,2.6716123e-05,0.00045926115,1126,test
0.00012611333,0.0013170721,0.99723357,0.00020065138,1.49021225e-05,0.00040810838,3.5718516e-05,0.0006639264,1127,test
0.027913505,0.01375414,0.12437568,0.015490014,0.026055407,0.14220518,0.029961666,0.6202444,1128,test
0.0001455634,0.0012754009,0.9973801,0.00021707117,1.2957665e-05,0.00034355032,4.0500912e-05,0.0005848314,1129,test
0.9971565,0.00013953618,0.001168555,0.0007427639,0.0002708583,7.6113324e-06,5.501099e-05,0.00045911997,1130,test
0.0025424752,0.0014984248,0.991376,0.0022733987,3.8491005e-05,0.0004293419,9.6968135e-05,0.0017449055,1131,test
0.0012171015,0.0011669063,0.9899483,0.0022090827,0.00016746762,0.0009159314,0.00013395122,0.0042412584,1132,test
0.9962213,0.00020674357,0.0016698036,0.0011115797,0.0003227689,1.0340184e-05,8.409345e-05,0.00037332546,1133,test
0.9964551,0.00021911548,0.000913902,0.0012932142,0.0003948702,1.2171486e-05,0.00011751639,0.000594185,1134,test
0.0050300825,0.007632717,0.97516745,0.0028581636,0.00041579077,0.0017508976,0.0008368618,0.006307913,1135,test
0.000120859826,0.0008140149,0.99818075,0.00012685778,1.1767538e-05,0.00023373628,1.9543919e-05,0.0004924992,1136,test
0.00010719413,0.0011668872,0.9976787,0.00016954243,1.0295883e-05,0.00035667507,2.6011387e-05,0.00048469243,1137,test
0.00019466196,0.001578331,0.9967244,0.00025207349,1.7358869e-05,0.00047428976,5.5394805e-05,0.00070350344,1138,test
9.358511e-05,0.00054292165,0.9983835,0.000222077,2.601697e-06,0.0002500794,1.4097191e-05,0.00049123977,1139,test
0.00014142692,0.001192799,0.9975503,0.00015814642,1.0360527e-05,0.00035320566,3.7640453e-05,0.0005561413,1140,test
4.0476974e-05,1.8459408e-05,0.00024324085,3.4452692e-05,3.908479e-07,7.2700964e-06,6.278533e-06,0.9996494,1141,test
7.970583e-06,0.00012757727,1.9700949e-05,0.999608,6.007135e-09,0.0002266775,3.3936963e-06,6.7310953e-06,1142,test
0.99659663,0.000201607,0.000886374,0.0013012518,0.0003970655,1.4325821e-05,8.1806844e-05,0.00052098517,1143,test
0.00012731568,0.0010641626,0.99791425,0.00018635599,1.09096945e-05,0.0001763214,2.8095808e-05,0.0004925685,1144,test
0.0002663739,0.0006666029,0.0024841889,0.0009389758,0.0042854096,0.98987436,0.0010335906,0.00045046624,1145,test
0.9968502,0.00015994451,0.00097152224,0.0012173039,0.00023063993,8.453071e-06,4.7114456e-05,0.0005148442,1146,test
0.9975199,0.00012216135,0.0012038682,0.00060314336,0.0001706735,7.3854e-06,3.5845187e-05,0.0003370131,1147,test
0.0014217051,0.0011923424,0.99480337,0.00054813205,1.7603032e-05,0.00015153829,4.3482705e-05,0.0018217175,1148,test
0.9974923,0.0001367649,0.0010027514,0.0006775153,0.00034552536,8.5363445e-06,9.510025e-05,0.0002414653,1149,test
0.00013601345,0.0008521451,0.9979412,0.00015278147,1.3380309e-05,0.0003149226,2.5625628e-05,0.000563891,1150,test
3.049677e-06,0.9982799,0.00096130476,0.0007205878,2.898034e-07,1.6970674e-06,6.2002305e-06,2.6959095e-05,1151,test
0.00016805057,0.0014762395,0.99680495,0.0006389387,1.18024e-05,0.00021730938,2.6312437e-05,0.00065640785,1152,test
0.98289824,0.0021594479,0.0034307812,0.0061552324,0.0006350112,0.00015218576,0.00045727863,0.0041117556,1153,test
0.9966421,0.00015515549,0.0010953641,0.00094545103,0.00024853126,8.309719e-06,0.00017389405,0.0007311748,1154,test
0.000156086,0.0011389628,0.9974558,0.00039948328,1.20384575e-05,0.0003832051,4.2434654e-05,0.00041202237,1155,test
0.9932696,0.00032871947,0.0017176624,0.002075658,0.0015165382,3.1753825e-05,0.00022511477,0.0008348146,1156,test
0.0005157503,0.0014713849,0.004415603,0.0052810116,0.005666441,0.97825146,0.0031364078,0.0012619452,1157,test
0.00022822723,0.0010548974,0.9970283,0.00055284804,1.1564157e-05,0.00029101124,4.0354018e-05,0.00079272717,1158,test
0.00013281923,0.0012680585,0.9972379,0.00033414704,1.3817925e-05,0.0004891564,4.3343884e-05,0.0004807351,1159,test
0.00025640594,0.001263841,0.99655604,0.0005476269,2.239506e-05,0.0006678843,5.4828222e-05,0.0006308872,1160,test
0.00019499184,0.0015307887,0.99668103,0.00037071222,1.6500464e-05,0.0006154112,5.0140694e-05,0.0005403596,1161,test
0.00033022038,0.0007260797,0.0008071023,0.00079507224,0.0007428847,0.0021607284,0.99288493,0.0015530251,1162,test
0.9956593,0.0002533119,0.0010586887,0.0017352189,0.00038026547,1.6316775e-05,0.00013649745,0.0007603286,1163,test
0.00026969018,0.0021977783,0.9956162,0.0006546516,1.48795e-05,0.00028411596,4.5443427e-05,0.0009172028,1164,test
0.00021695052,0.0016448587,0.99635905,0.00045293276,2.2145268e-05,0.00062618137,6.114534e-05,0.0006167142,1165,test
0.0002886616,0.0010841775,0.99695826,0.0004320692,1.539441e-05,0.00031108226,5.093994e-05,0.0008594755,1166,test
0.99098337,0.000462478,0.003274519,0.0029446932,0.00064926187,5.7356498e-05,0.00017713728,0.0014511188,1167,test
0.00011852233,0.0010523023,0.9976566,0.00033097842,8.428535e-06,0.00037502334,3.283239e-05,0.0004253849,1168,test
0.00020527201,0.001525679,0.99605584,0.0007413266,1.3850213e-05,0.00026440225,3.8438448e-05,0.0011552509,1169,test
0.0001645869,0.0013478869,0.9971512,0.00035812295,1.6267986e-05,0.00038164805,4.6760095e-05,0.00053365965,1170,test
0.001579173,0.0037888025,0.99000275,0.0022522195,9.864139e-05,0.00063770654,0.00014270919,0.0014979411,1171,test
0.9950401,0.00029665753,0.001178939,0.0015813649,0.0010781699,2.4616053e-05,0.00019716623,0.0006030105,1172,test
0.00014574973,0.0014225441,0.99721575,0.00037719452,1.2003889e-05,0.00024355426,4.235907e-05,0.00054082915,1173,test
8.503441e-05,0.00080417265,0.9981793,0.00022626827,8.909826e-06,0.00033031878,2.1762924e-05,0.0003443178,1174,test
0.00026300875,0.0011707018,0.99654335,0.00056352775,2.4296387e-05,0.0007481291,5.7790297e-05,0.00062933966,1175,test
0.0002994552,0.0003398922,0.00017729534,0.00036236588,0.00014932555,0.00037260941,0.9974909,0.0008082477,1176,test
0.00023160633,0.0016242409,0.9964154,0.0004072749,2.01007e-05,0.0005560209,6.519985e-05,0.000680137,1177,test
0.99429446,0.00036113305,0.0013231055,0.0019214288,0.0011557284,4.2289877e-05,0.0002741269,0.0006277242,1178,test
0.000179311,0.000870056,0.9975061,0.00040473012,1.2895095e-05,0.000520973,3.789129e-05,0.00046810586,1179,test
0.00013592491,0.0009529868,0.9976094,0.00038632186,1.05260015e-05,0.0003530786,3.37553e-05,0.00051802106,1180,test
0.00014081044,0.001521483,0.9970197,0.00039430053,1.139568e-05,0.0003151507,4.5492478e-05,0.0005516133,1181,test
0.001197509,0.002388362,0.0024908925,0.0032185256,0.0001230823,0.00046586196,0.00044313667,0.98967254,1182,test
0.9957793,0.00022385745,0.0011637227,0.0015890873,0.00037960272,1.6961138e-05,0.00011549798,0.0007320646,1183,test
2.0402675e-05,0.995865,0.0025914973,0.0013925098,2.1924063e-06,5.452143e-06,1.4627039e-05,0.00010832116,1184,test
2.2457129e-05,0.99581146,0.0024432095,0.0016168178,1.6283535e-06,6.2583536e-06,1.233537e-05,8.582637e-05,1185,test
0.030658243,0.020114426,0.8377612,0.009351242,0.030535843,0.00792684,0.004905767,0.058746383,1186,test
0.0002039948,0.001648321,0.99638784,0.00044082422,2.9654995e-05,0.00041053732,4.6333415e-05,0.00083250075,1187,test
0.00018265602,0.00086457824,0.9972606,0.00054464984,1.29085065e-05,0.00042951052,3.6047186e-05,0.00066912046,1188,test
0.9955172,0.0002308375,0.0014405161,0.0014545333,0.0004844601,1.49256575e-05,0.000112812566,0.00074470433,1189,test
0.00020567849,0.0008823478,0.9971938,0.0005242151,1.03832e-05,0.00036076186,4.3679363e-05,0.0007790662,1190,test
0.008911657,0.003116298,0.01008926,0.004514122,3.925877e-05,0.00024530114,0.00015144738,0.9729326,1191,test
0.0017305969,0.000979619,0.0018079478,0.0021916928,1.4196665e-05,0.00012873269,7.284941e-05,0.9930744,1192,test
0.00048539136,0.00029257202,0.000507254,0.00038199194,1.8650128e-06,1.2097986e-05,3.5844634e-05,0.998283,1193,test
0.9946643,0.0002545005,0.002551416,0.0011858935,0.00045008783,1.485306e-05,0.00010901697,0.0007698839,1194,test
0.0014384883,0.00033141836,8.7329645e-05,0.00031815493,0.99694985,0.00018648898,0.00053851155,0.00014977182,1195,test
0.00017758604,0.001487814,0.99687177,0.00033640635,1.2713167e-05,0.00045217376,5.5631772e-05,0.0006060112,1196,test
0.9947954,0.0002395844,0.0025487712,0.0010540161,0.00051900337,1.4213552e-05,0.00014677436,0.00068234914,1197,test
0.0002560891,0.0010708015,0.99690825,0.00043877267,2.1995236e-05,0.0006533542,4.352831e-05,0.000607244,1198,test
0.9961119,0.00019447613,0.0013797657,0.0011675308,0.00033338577,1.458205e-05,0.00017484174,0.0006234769,1199,test
1.5529962e-05,0.994524,0.003580301,0.0017311036,2.8921338e-06,9.680819e-06,2.8023838e-05,0.00010840416,1200,test
0.00022305257,0.0012364871,0.99701273,0.00045133595,1.4229511e-05,0.00033705062,3.8584767e-05,0.00068652304,1201,test
0.9839737,0.0010592624,0.0037745347,0.0051861615,0.0019017719,0.00018481979,0.0011515259,0.00276819,1202,test
0.00015544216,0.0012780662,0.99716467,0.00033787216,1.1108838e-05,0.0004348739,3.8017613e-05,0.0005799613,1203,test
0.99626887,0.000175509,0.0013759253,0.001149986,0.00028724092,1.7629654e-05,8.1203514e-05,0.0006436043,1204,test
0.0001062791,0.0010341334,0.9977621,0.00038863008,6.919252e-06,0.0003279952,2.0944286e-05,0.00035299425,1205,test
0.995385,0.00026759,0.001384016,0.0015117633,0.00063439447,1.824319e-05,0.00015941194,0.00063964666,1206,test
0.9957535,0.00023556121,0.0017930067,0.0011687301,0.0003948672,1.1413772e-05,9.798623e-05,0.0005449081,1207,test
0.001083828,0.002078212,0.99361295,0.00094032334,5.817821e-05,0.00046453282,8.594977e-05,0.0016760519,1208,test
0.00018133789,0.0015292966,0.99643964,0.00071385753,6.0366115e-06,0.00046383464,3.4350483e-05,0.000631691,1209,test
0.00018012992,0.00085516355,0.9977174,0.00034997778,1.2627944e-05,0.00037112847,3.5023437e-05,0.00047860498,1210,test
0.00019814381,0.0013614628,0.9970017,0.00031031005,1.33784e-05,0.00035762292,5.23822e-05,0.00070490513,1211,test
0.00010312254,0.00093409227,0.9979352,0.0002854586,7.912884e-06,0.00028782344,2.361745e-05,0.00042280502,1212,test
0.00035989215,0.0001466565,0.00034866927,0.0003656515,1.1196817e-06,7.013679e-06,2.0560201e-05,0.99875045,1213,test
0.00013840316,0.0007835665,0.9977471,0.0004663925,6.365185e-06,0.00028937616,2.2351074e-05,0.00054641743,1214,test
0.00025084108,0.0013281831,0.9963744,0.00076873554,1.0118347e-05,0.00029160746,3.69274e-05,0.00093910884,1215,test
0.00021166896,0.0011602154,0.99692374,0.00050031877,1.8050088e-05,0.0006299078,4.054366e-05,0.0005156033,1216,test
0.9945221,0.00024000701,0.0029254514,0.001183867,0.00041301138,1.7733068e-05,0.00012615786,0.00057155907,1217,test
0.00023327819,0.0025873713,0.993167,0.00060113426,2.4052708e-05,0.002909329,2.639286e-05,0.00045154884,1218,test
0.00027521182,0.0011219506,0.0057244506,0.003268943,0.0039105136,0.9836949,0.0009944573,0.0010094782,1219,test
0.00014994144,0.0011082103,0.99749833,0.00043494662,1.062396e-05,0.00022943849,2.4769859e-05,0.00054382434,1220,test
2.5617957e-05,0.00027834362,0.0001430266,0.99854195,7.8830745e-08,0.0009570473,9.740976e-06,4.4249635e-05,1221,test
0.9946293,0.00034244597,0.0014144717,0.0020441725,0.0007084577,2.6910096e-05,0.00017248421,0.0006618267,1222,test
0.995256,0.00025510936,0.0012515247,0.0017204633,0.00040375444,1.766197e-05,0.00011000489,0.0009854505,1223,test
0.9933869,0.0002326142,0.003567843,0.0012341494,0.00029086845,2.0819858e-05,0.00013374237,0.0011331231,1224,test
0.9303973,0.0026077228,0.05547702,0.005169184,0.0011522718,0.00027626997,0.00072210236,0.004198217,1225,test
0.00021567506,0.0012678804,0.9970408,0.00044613154,2.1251008e-05,0.00045180967,3.5733385e-05,0.00052064256,1226,test
0.00019839061,0.0014982581,0.9968252,0.00033725664,1.5518597e-05,0.00041338732,4.6874175e-05,0.00066512986,1227,test
0.00015941435,0.0019416374,0.9962006,0.00057944254,1.2542652e-05,0.00027216598,4.0014493e-05,0.0007941358,1228,test
0.00021903732,0.0010164842,0.9970548,0.0006467581,1.4365648e-05,0.0003926814,3.2764623e-05,0.0006229637,1229,test
1.7202845e-05,0.9938036,0.00389963,0.002114913,2.6117868e-06,1.277822e-05,2.9291425e-05,0.00011987673,1230,test
0.99602365,0.00023803707,0.001014782,0.0015013977,0.0004280922,1.2708435e-05,0.00011756593,0.0006637517,1231,test
0.9946794,0.00027781117,0.0023494042,0.0015289512,0.0004246165,1.2498014e-05,0.00010963501,0.0006177055,1232,test
0.00019168227,0.001084003,0.9972524,0.00045164727,1.2918609e-05,0.00034401956,3.5823887e-05,0.0006275855,1233,test
0.000121153425,0.0005844551,0.998002,0.00046207692,5.499086e-06,0.00033128788,1.6257089e-05,0.00047717968,1234,test
0.00019695435,0.0010786004,0.99712294,0.00043180567,1.877645e-05,0.00061852986,4.304675e-05,0.00048938347,1235,test
0.00019515956,0.0016409071,0.99652195,0.0003756518,1.8486278e-05,0.0005800494,5.1282754e-05,0.00061649387,1236,test
0.8991527,0.0331597,0.011246421,0.039578833,0.0014891799,0.00070439937,0.0020072816,0.012661548,1237,test
0.99480504,0.00021577545,0.0027585854,0.0009808013,0.0004961546,1.8852701e-05,0.00017673298,0.00054803106,1238,test
0.9965403,0.00018412888,0.00096355454,0.0013183386,0.00039135056,1.034827e-05,8.67376e-05,0.00050533976,1239,test
0.0065483595,0.0055557163,0.0024398547,0.013566705,0.93268394,0.023242896,0.012382455,0.0035800426,1240,test
0.00017820961,0.0007669475,0.997673,0.0004163344,9.703472e-06,0.00042452945,3.273442e-05,0.00049860834,1241,test
0.99256295,0.0002738605,0.0036254784,0.0017189926,0.00053807604,2.7367394e-05,0.0002750055,0.000978196,1242,test
0.000160289,0.0014258588,0.9968892,0.00047236515,1.1024663e-05,0.00026434578,3.9209623e-05,0.0007377067,1243,test
0.0026363542,0.004377407,0.010256389,0.021663327,0.010845072,0.93605506,0.0071438937,0.0070225517,1244,test
1.7258168e-05,0.99434173,0.0039057808,0.0015693621,2.3064626e-06,8.411055e-06,3.4519184e-05,0.000120562865,1245,test
0.0007342953,0.00021386908,4.980932e-05,0.0002211358,0.99828976,0.00012228503,0.00028212147,8.675483e-05,1246,test
0.9971621,0.00015069022,0.00076733733,0.0010011793,0.00028710364,1.0827885e-05,9.120206e-05,0.00052967615,1247,test
0.9953171,0.00025542907,0.002030126,0.0013035184,0.00034927705,1.345926e-05,0.000111895926,0.0006192087,1248,test
1.946509e-05,0.99444085,0.0037690564,0.0016081022,3.5228256e-06,9.866534e-06,3.271318e-05,0.000116349525,1249,test
0.000119319375,0.0010816123,0.9975662,0.0003411217,9.734938e-06,0.0003700961,3.520971e-05,0.0004767214,1250,test
0.00014037904,0.0009919779,0.9977518,0.00026195985,1.3491605e-05,0.0003687591,2.5671467e-05,0.00044591952,1251,test
0.00015969416,5.7558198e-05,5.7469177e-05,9.4990144e-05,5.1777115e-05,8.579091e-05,0.99930537,0.00018745054,1252,test
0.9917762,0.00052628573,0.0017864932,0.002981431,0.001380158,5.7643763e-05,0.00030817447,0.0011835807,1253,test
0.9935934,0.00037377674,0.002207279,0.0019325155,0.00074035657,4.5835695e-05,0.00023417559,0.00087265775,1254,test
0.99702483,0.00014381,0.0009004882,0.000986274,0.00029048615,9.932583e-06,8.466101e-05,0.000559487,1255,test
0.00016448156,0.0012454494,0.99717367,0.0004587685,9.935299e-06,0.0003089785,3.7114012e-05,0.00060165086,1256,test
0.00020625764,0.001639783,0.99657637,0.00037251395,1.546363e-05,0.0004455029,5.544561e-05,0.0006886656,1257,test
0.00019308788,0.0016195413,0.9966574,0.00042561002,1.8118033e-05,0.00038913183,6.4757565e-05,0.0006323354,1258,test
0.000109125074,0.0012159819,0.99751353,0.00032943525,9.902204e-06,0.00038363735,3.125022e-05,0.00040712248,1259,test
0.00028767515,0.0013571904,0.99611205,0.0004355089,2.641194e-05,0.0011103709,7.667435e-05,0.0005941262,1260,test
0.99586713,0.0002922896,0.0011233262,0.0014666789,0.0005282245,1.91442e-05,0.000115679584,0.000587503,1261,test
0.00037496307,0.0013778425,0.006021684,0.0026044268,0.0054217903,0.98156196,0.0018989813,0.00073836726,1262,test
0.9967263,0.00017487853,0.0010026194,0.0011037758,0.00035125558,1.1619977e-05,0.000102595,0.0005269776,1263,test
0.9960653,0.00021188824,0.0014112935,0.0011482766,0.00033523,1.1828539e-05,0.00013071159,0.0006855081,1264,test
0.000119704724,0.0008899515,0.9978421,0.00025331994,1.4292696e-05,0.00036222805,2.5948868e-05,0.0004925777,1265,test
0.0001539008,0.0017445284,0.9966916,0.00039678838,1.4432038e-05,0.00043981505,3.7683305e-05,0.0005212003,1266,test
0.99596894,0.00023062597,0.001096102,0.0013860665,0.000386662,1.5303873e-05,0.00011158343,0.00080473156,1267,test
0.00021297802,0.0015971798,0.99647504,0.0005473848,1.4067962e-05,0.0002899223,3.8456277e-05,0.00082494825,1268,test
0.9969047,0.00015396629,0.0007514539,0.00096778927,0.0005334634,1.2300921e-05,0.0001522261,0.0005240628,1269,test
0.00026086593,0.0018792811,0.9959608,0.00046592345,2.2028087e-05,0.00048533973,6.435405e-05,0.0008613754,1270,test
0.00027145518,0.0013725419,0.99553275,0.001156531,1.4810853e-05,0.00036722227,2.3494807e-05,0.0012611522,1271,test
0.99684083,0.00015367845,0.0010701538,0.00096735725,0.00040590714,1.1555291e-05,0.00011850404,0.00043201898,1272,test
0.99497837,0.00026802128,0.0016909284,0.0015522108,0.0004530079,2.1378375e-05,0.00017648938,0.00085957965,1273,test
0.9956874,0.00027450308,0.0010054858,0.0015555042,0.00074135,2.2882667e-05,0.00018345937,0.00052933535,1274,test
0.00019515627,0.001529069,0.9967456,0.00038076207,1.5266982e-05,0.00046708435,4.5267414e-05,0.0006217211,1275,test
0.9949858,0.00029285703,0.0015131659,0.0017634744,0.0003298752,2.9591925e-05,0.00015624597,0.0009289902,1276,test
0.9954158,0.00027334582,0.0011844941,0.001444209,0.00070067315,1.9852516e-05,0.00022731659,0.00073420285,1277,test
0.00012904391,0.0010175536,0.997764,0.0003392528,7.2816874e-06,0.00024659332,2.7000879e-05,0.00046934976,1278,test
0.00010777202,0.00094413175,0.99793917,0.00023025989,7.7210825e-06,0.00025668077,2.6169577e-05,0.00048802304,1279,test
0.99713457,0.0002159868,0.000695618,0.0010842709,0.0004602839,9.665263e-06,6.161473e-05,0.0003380797,1280,test
0.00023719607,0.002120346,0.99489754,0.0006253812,3.346904e-05,0.0012071456,5.5544526e-05,0.00082346017,1281,test
0.99757904,0.0001410373,0.0004298173,0.0010391868,0.00036928908,1.0629522e-05,0.00010599857,0.0003249857,1282,test
0.0001751808,0.0020512503,0.99565744,0.0006812858,1.9999301e-05,0.0006819677,2.4057368e-05,0.00070882996,1283,test
0.9963313,0.00025980404,0.00054229726,0.0014893591,0.0008793883,2.2198019e-05,0.00012111786,0.00035451536,1284,test
0.00016945857,0.0013046586,0.99687433,0.00041076558,1.8377363e-05,0.00042152946,3.376287e-05,0.00076710864,1285,test
0.0007919977,0.002506644,0.991955,0.00220648,3.41714e-05,0.000830379,5.4466775e-05,0.0016208568,1286,test
0.00012691595,0.0018918064,0.99624616,0.000478682,1.5858815e-05,0.00057310134,3.47001e-05,0.0006327466,1287,test
0.000111116715,0.0015575762,0.9966815,0.00071585673,9.255864e-06,0.00033076754,1.7010798e-05,0.0005768614,1288,test
0.00013435661,0.00019182681,0.00090530165,0.00052306347,0.001480416,0.9963097,0.00019897071,0.00025643178,1289,test
2.5339654e-05,0.9914596,0.0050198366,0.0032791104,2.7860904e-06,2.1427117e-05,2.5461159e-05,0.00016644693,1290,test
0.00029248747,0.0023984986,0.9942469,0.0014624436,2.7059428e-05,0.00063850475,3.6040186e-05,0.0008980811,1291,test
0.9972818,0.00015713461,0.00081281847,0.00090091827,0.00030688455,9.089524e-06,9.4789386e-05,0.00043660746,1292,test
0.00011300867,0.001665903,0.99650335,0.00047038478,1.3013106e-05,0.000611307,3.4569915e-05,0.0005884434,1293,test
0.00020303261,0.0015395898,0.9961868,0.00075781625,2.1621729e-05,0.00055444107,3.3169963e-05,0.0007035596,1294,test
0.0014647039,0.002589356,0.9922685,0.0017023432,5.0702878e-05,0.00060295686,4.7373993e-05,0.0012741386,1295,test
9.675241e-05,0.001964967,0.99608374,0.0007841386,9.834199e-06,0.00039699403,2.3132961e-05,0.00064034853,1296,test
0.99732614,0.00016762002,0.00082894805,0.001007644,0.0002789119,1.0603766e-05,6.8126756e-05,0.00031205357,1297,test
0.99742585,0.00014964654,0.0004877308,0.0011486164,0.00040266145,1.0876105e-05,8.1496764e-05,0.00029317738,1298,test
0.00015863578,0.0015660301,0.99661046,0.00063263165,1.2412429e-05,0.00033260006,2.0100533e-05,0.0006671405,1299,test
0.00019644122,0.002094476,0.99508387,0.0014249405,1.8302313e-05,0.0003327623,1.9608606e-05,0.00082961266,1300,test
1.9289479e-05,0.993999,0.003863503,0.0020159849,6.932509e-07,8.489925e-06,7.407537e-06,8.5633976e-05,1301,test
0.00015362262,0.9777168,0.01134087,0.009280835,3.0551375e-05,0.00024800896,0.00037187192,0.0008574231,1302,test
0.99525565,0.00031236824,0.0015142325,0.0016346475,0.00035865387,2.5284182e-05,0.00013644992,0.000762707,1303,test
0.99604154,0.00025241615,0.0012159429,0.0012526665,0.0006475906,1.7067763e-05,0.00012401717,0.00044878924,1304,test
0.00016019166,0.0014416467,0.99640924,0.00074203993,1.567901e-05,0.0005371604,2.5536585e-05,0.00066844345,1305,test
0.00012210109,0.0017989348,0.99634546,0.000696723,1.2037564e-05,0.0002539571,1.7634371e-05,0.0007532919,1306,test
0.00021800287,0.0016497668,0.9957408,0.0007396012,2.461054e-05,0.00081033364,4.2064075e-05,0.00077485637,1307,test
0.00011926397,0.0018787746,0.99614394,0.00044600852,1.48254585e-05,0.00066902046,2.9226781e-05,0.00069896405,1308,test
0.00010037843,0.0014430371,0.99716955,0.00036530572,1.1145949e-05,0.0003885958,1.9704406e-05,0.0005022781,1309,test
0.99503493,0.00033194185,0.0010625275,0.0020074414,0.0009048575,3.6056917e-05,0.00011100701,0.0005113886,1310,test
0.9977456,0.00014200716,0.00044255037,0.0009178261,0.000304007,8.250026e-06,5.9594415e-05,0.00038008994,1311,test
0.9978618,0.00012600662,0.0003992884,0.0008782456,0.00029841546,8.05538e-06,7.1376344e-05,0.00035670685,1312,test
0.00049717235,0.0022159372,0.9930385,0.0017765713,2.0798367e-05,0.00081511296,3.2462973e-05,0.001603483,1313,test
0.00013812595,0.002168386,0.9961506,0.00051217293,1.6608683e-05,0.00023255967,2.3587585e-05,0.00075789896,1314,test
0.00020215056,0.9723408,0.019546205,0.0068513397,3.067576e-05,0.0002681763,8.36364e-05,0.00067695306,1315,test
0.99630004,0.00025356872,0.0012193687,0.00096391264,0.00046367059,1.3006468e-05,9.537281e-05,0.0006910777,1316,test
0.0009834472,0.00022366467,3.5150446e-05,0.00022050914,0.99787986,0.00013114406,0.00041251414,0.00011377932,1317,test
0.99711823,0.0001529602,0.00063745514,0.001033408,0.00033604825,9.422243e-06,0.00010911335,0.0006033198,1318,test
0.00012032458,0.0013737772,0.9969791,0.00040476155,1.2706245e-05,0.0004765465,2.750387e-05,0.00060542393,1319,test
0.9962968,0.00029477492,0.0004987727,0.0016376618,0.00079170713,2.2151744e-05,0.00012017059,0.00033795674,1320,test
2.405445e-05,0.99278814,0.004310049,0.0027242126,1.7556545e-06,1.0731296e-05,9.7789e-06,0.00013117482,1321,test
0.00055043586,0.00013917053,1.4208977e-05,0.00019544715,0.9986407,0.000114382194,0.00025872103,8.681124e-05,1322,test
0.00012379805,7.13771e-05,0.0015711698,0.00041246324,1.5123896e-06,6.480763e-05,0.00027926857,0.99747556,1323,test
8.419691e-05,0.0013032057,0.99733377,0.00039580383,8.639368e-06,0.00038790924,1.3856216e-05,0.0004726326,1324,test
0.031043705,0.003745195,0.9590214,0.0022701484,0.00011600318,0.0005145917,0.00020796887,0.0030809308,1325,test
0.00014793273,0.0020055356,0.9958633,0.000715663,2.4757715e-05,0.000562915,2.7480608e-05,0.0006524202,1326,test
0.00012420518,0.0016192005,0.99670607,0.00040771824,1.5643007e-05,0.0003976349,1.9372064e-05,0.0007101658,1327,test
7.3195944e-05,3.6376336e-05,3.835246e-05,7.907556e-05,9.626253e-05,0.00015117989,0.99927145,0.0002541092,1328,test
0.99788994,0.00012000755,0.00042344644,0.00088635314,0.0002854952,7.1849367e-06,6.341413e-05,0.00032409796,1329,test
0.00039324016,0.00028249476,0.0003839762,0.00036663192,0.00025269258,0.0002146006,0.9972645,0.0008419319,1330,test
0.00013477668,0.0019791864,0.9960278,0.0006552365,1.7241133e-05,0.00034097556,3.1930245e-05,0.0008128702,1331,test
0.00017186141,0.0013903156,0.99631906,0.0008787823,1.4690366e-05,0.00044778592,2.0901176e-05,0.0007565444,1332,test
0.9975793,0.00015014503,0.00064486056,0.00087361236,0.0003226705,9.632344e-06,8.312224e-05,0.00033669034,1333,test
0.00024216535,0.0011566667,0.0034662148,0.010278099,0.0028683003,0.97912735,0.0014880513,0.0013731323,1334,test
0.9980488,0.00010730315,0.00047206928,0.00088838546,0.00021512217,4.3694404e-06,4.2881395e-05,0.00022115432,1335,test
0.0003125868,0.0039867004,0.9936884,0.00073968945,2.6230418e-05,0.0006375922,2.5276164e-05,0.0005836102,1336,test
0.9785459,0.0014243706,0.0051804576,0.0072707282,0.0024318055,0.00043975702,0.0009810748,0.0037258393,1337,test
0.00010207608,0.0009404762,0.99784756,0.0004345233,5.34301e-06,0.0003445147,1.4899229e-05,0.00031059815,1338,test
9.7082084e-05,0.002054477,0.99664897,0.0005980732,1.380875e-05,0.00018639733,1.22644215e-05,0.0003889475,1339,test
0.9976447,0.00013832616,0.0005502035,0.0009477935,0.00040860087,9.201612e-06,7.749824e-05,0.00022359769,1340,test
0.00015569238,0.0011811847,0.9966518,0.0008610024,1.02182175e-05,0.00047894428,1.5926471e-05,0.0006453061,1341,test
0.00011643138,0.0019481487,0.9963636,0.00044090181,1.2666819e-05,0.0004805216,2.4056182e-05,0.00061364914,1342,test
0.99765044,0.00015305965,0.00056356227,0.00089913944,0.00028986513,9.4583675e-06,7.872009e-05,0.00035573062,1343,test
1.9827472e-05,0.99198276,0.0044205245,0.0034080974,2.6700313e-06,2.0233965e-05,2.1070395e-05,0.00012481373,1344,test
0.99745446,0.00017173727,0.0008433469,0.00095145364,0.00026095635,6.8985537e-06,3.8603554e-05,0.0002724906,1345,test
0.9975545,0.00015038004,0.0005219155,0.0010431597,0.00027704425,8.9797695e-06,7.341285e-05,0.00037064843,1346,test
0.00020796503,0.0015442163,0.99608254,0.00083109614,2.2879023e-05,0.0004056502,3.1163752e-05,0.0008745265,1347,test
0.99698013,0.0001800437,0.00075326045,0.0011960219,0.00035216656,1.3834023e-05,8.6559754e-05,0.00043798066,1348,test
0.00017924694,0.0023166644,0.994743,0.0011568916,2.1415979e-05,0.00042269274,2.5320733e-05,0.0011347799,1349,test
0.00014839122,0.0014607202,0.9963561,0.00090810354,1.3444945e-05,0.0004973347,1.5771993e-05,0.0006000106,1350,test
0.000120346325,0.0014431156,0.99704796,0.0003506554,1.3112565e-05,0.00043544712,1.7515456e-05,0.0005718928,1351,test
0.00013937514,0.002273494,0.99576735,0.0005700332,2.0481553e-05,0.0005214855,3.575397e-05,0.0006720378,1352,test
0.0001576654,0.0028458955,0.9950047,0.00088735024,2.143551e-05,0.0002794317,2.4739695e-05,0.00077877764,1353,test
0.00011175178,0.0025733078,0.99451375,0.0013159555,1.5475884e-05,0.0005460348,1.5653379e-05,0.0009080782,1354,test
0.99763274,0.00015433124,0.0006420682,0.00092609256,0.0003114151,7.925423e-06,4.81396e-05,0.000277131,1355,test
0.00017740364,0.0015803734,0.99624014,0.00070961897,1.5491883e-05,0.00041262197,2.4542189e-05,0.0008397419,1356,test
0.996521,0.00023150412,0.0007595692,0.0011481661,0.0006178691,1.52316825e-05,0.00014818509,0.00055852276,1357,test
0.00013676049,0.0021381264,0.99576735,0.00038441355,1.1590445e-05,0.00072322466,3.0263109e-05,0.00080818194,1358,test
0.23326305,0.004932417,0.7138696,0.0060259746,0.030577976,0.002093704,0.0043785204,0.0048586917,1359,test
7.1412935e-05,0.00090782833,0.9976432,0.0006516624,4.5883394e-06,0.0003712804,7.793617e-06,0.000342131,1360,test
0.99708813,0.00019409222,0.00081926095,0.001079516,0.00032050733,1.15001585e-05,8.426034e-05,0.00040285903,1361,test
0.9977107,0.00015712231,0.00048192518,0.0009455197,0.0003463888,9.594189e-06,5.9683953e-05,0.00028907871,1362,test
0.99744993,0.00017069816,0.00050536223,0.0010881737,0.00040659486,1.1006579e-05,7.628068e-05,0.00029189995,1363,test
0.00030874275,0.0023869774,0.99399465,0.0014424415,2.47719e-05,0.0007190835,2.0411759e-05,0.0011029332,1364,test
0.000106450534,0.0021519416,0.9959863,0.00039022282,1.3477884e-05,0.0005571495,2.654531e-05,0.0007678614,1365,test
0.99760336,0.00014431575,0.00045528504,0.0010769817,0.00036274194,1.0170614e-05,6.700261e-05,0.00028015292,1366,test
0.92731106,0.0055041052,0.024193745,0.01692865,0.0068849036,0.0018462995,0.0028057888,0.014525435,1367,test
0.0001775932,0.0021300672,0.99466985,0.0013455552,1.721653e-05,0.00044260678,2.0769514e-05,0.0011963604,1368,test
0.00013670868,0.0023093696,0.99515754,0.0005718296,2.1543967e-05,0.0009354262,3.4939443e-05,0.0008325941,1369,test
2.8758457e-05,7.1023875e-05,0.00042427302,0.0003920985,0.00082089927,0.9981035,9.470315e-05,6.462968e-05,1370,test
0.0001317742,0.0015043075,0.99654216,0.0008885175,8.78119e-06,0.0002698792,1.5790336e-05,0.00063875533,1371,test
0.00019840148,0.0018935261,0.9957112,0.0007073809,2.9189412e-05,0.0007044776,4.0223495e-05,0.00071566366,1372,test
0.9974637,0.00014701823,0.0007668221,0.00085819245,0.00022297542,7.894293e-06,9.037961e-05,0.00044301938,1373,test
0.00016936545,0.0020993084,0.99577075,0.0006360076,2.3663404e-05,0.00049586716,4.1043862e-05,0.0007639963,1374,test
0.00011954086,0.0017339874,0.9962405,0.00063692924,1.4803512e-05,0.00069507025,2.946336e-05,0.00052971096,1375,test
1.7365805e-05,0.99252605,0.004904213,0.0023644648,3.0365586e-06,1.5044324e-05,2.1543405e-05,0.00014823032,1376,test
0.00014427712,0.0015311354,0.99623823,0.0006947498,1.8490184e-05,0.0007685085,2.9049974e-05,0.00057548,1377,test
0.0002093968,0.0017855752,0.9956185,0.00095286674,2.211594e-05,0.0006131205,3.1098985e-05,0.0007672562,1378,test
0.98795193,0.0019680464,0.0029117826,0.0038991151,0.00058815756,8.4349245e-05,0.0003841695,0.0022124292,1379,test
7.929646e-05,0.0022511447,0.99573463,0.00079665985,9.013328e-06,0.0005219699,2.2942946e-05,0.0005843776,1380,test
0.9980909,0.00011009238,0.00039178706,0.00073503563,0.00028428243,6.321558e-06,4.8870952e-05,0.00033261412,1381,test
0.00012185693,0.0017646948,0.9963721,0.00044568354,1.662236e-05,0.000617177,3.116693e-05,0.000630769,1382,test
0.00017930915,0.0019163098,0.9958704,0.00062316674,2.2638467e-05,0.00071115536,2.6899386e-05,0.00065008923,1383,test
2.2830507e-05,3.8243932e-05,0.00016649837,0.0003169117,0.00031140214,0.9989956,9.1157395e-05,5.740207e-05,1384,test
0.00011429525,0.0014202641,0.99704653,0.0004919855,1.19131555e-05,0.0003421345,2.069901e-05,0.00055215386,1385,test
0.00017990007,0.001808292,0.9955324,0.0013613232,7.854618e-06,0.00042617775,1.1850271e-05,0.00067217916,1386,test
0.00038889336,0.0018166249,0.9944364,0.0011721851,1.0761566e-05,0.0011156314,3.6472036e-05,0.001023025,1387,test
2.0945454e-05,0.9922901,0.005315255,0.0022217534,2.1810204e-06,1.3812173e-05,1.3261532e-05,0.00012262147,1388,test
0.99628663,0.00027033003,0.0009398422,0.0012774718,0.00050785753,1.1437419e-05,0.00012264038,0.00058379926,1389,test
0.7536329,0.16412596,0.026460692,0.040110808,0.0031947822,0.001286319,0.0020603964,0.009128168,1390,test
0.0051315506,0.0044571967,0.9772618,0.0056165224,0.00015003947,0.0015327923,0.00018178755,0.0056683817,1391,test
0.99744534,0.00016155014,0.00074793916,0.0007820862,0.00028584138,1.0219119e-05,8.7259046e-05,0.0004797285,1392,test
0.00040834083,0.00082843535,0.0025190979,0.0062189684,0.006040757,0.982186,0.0006270246,0.0011715211,1393,test
0.00017666291,0.0012973803,0.9966922,0.00073762494,1.4732521e-05,0.00038881545,2.609073e-05,0.00066644396,1394,test
0.9967589,0.00022182833,0.00073863,0.0011725888,0.00039307846,1.6581542e-05,0.00012847944,0.0005699748,1395,test
0.99763227,0.00015269253,0.0005635396,0.0010268958,0.0002103633,1.2617008e-05,4.6410267e-05,0.00035512372,1396,test
0.00055351434,0.00012173341,1.2822459e-05,0.00013335278,0.9988452,7.3539326e-05,0.00020414447,5.5649853e-05,1397,test
0.00027157695,0.0018911823,0.9954182,0.00060648203,3.5738263e-05,0.00084181427,4.9580056e-05,0.00088544074,1398,test
0.99703383,0.00019736469,0.00062885275,0.0011978328,0.00037258843,1.0735553e-05,6.319221e-05,0.0004955262,1399,test
8.6614935e-05,0.0019319218,0.9961849,0.0005387294,1.4690405e-05,0.0005953244,2.5429288e-05,0.0006224392,1400,test
0.00054210436,0.0009371651,0.002986519,0.003742347,0.0043245587,0.98532575,0.0011901698,0.00095132616,1401,test
0.00017717676,0.001477943,0.99610245,0.0010299626,1.5252622e-05,0.00039741496,1.9435549e-05,0.0007802282,1402,test
0.0002274391,0.002761399,0.9937634,0.0017335606,1.2910209e-05,0.0008797175,2.5632471e-05,0.0005960215,1403,test
0.00026502548,0.9838336,0.0046640104,0.009741169,5.07795e-05,0.000182328,0.00024679894,0.0010163554,1404,test
0.9974572,0.00015302023,0.00047963628,0.0010495324,0.00028199857,9.385638e-06,0.0001033394,0.0004657874,1405,test
2.9608867e-05,1.4376625e-05,7.189485e-05,4.635037e-05,2.9590856e-07,2.0438283e-06,4.0782934e-06,0.9998313,1406,test
0.00020820794,0.0014151809,0.9962119,0.0009395831,1.484356e-05,0.0004582229,2.9120209e-05,0.0007230367,1407,test
0.99834025,0.00010393547,0.00043581473,0.0006391199,0.00020757587,3.4357288e-06,2.7305598e-05,0.0002426368,1408,test
9.7659795e-05,0.0012120605,0.9974337,0.00038416588,8.958199e-06,0.00053558924,2.7088929e-05,0.00030071381,1409,test
0.00034238127,0.00033645093,0.0005348682,0.00034830658,2.1255123e-06,8.079474e-06,2.7613636e-05,0.99840015,1410,test
7.484271e-05,0.0006706104,0.9983413,0.00029491316,4.648599e-06,0.00033803383,1.8027773e-05,0.0002576,1411,test
0.000112537746,0.00109348,0.9977883,0.00023357067,8.6344735e-06,0.00040470183,1.9948857e-05,0.000338675,1412,test
7.569958e-05,0.9820565,0.011337608,0.005936002,7.120644e-06,6.497723e-05,4.643908e-05,0.0004756103,1413,test
0.9987453,6.896743e-05,0.00029103406,0.0005149739,0.00016918975,2.5215452e-06,3.2125765e-05,0.00017589983,1414,test
0.9975937,0.000216009,0.00065248914,0.00096043054,0.00033965957,7.765707e-06,5.2516774e-05,0.00017750596,1415,test
0.9984491,9.029091e-05,0.00027728744,0.0007327943,0.00022600591,3.2919215e-06,3.9292856e-05,0.00018185718,1416,test
0.00023223237,0.0008320921,0.99734664,0.00062367937,6.8555546e-06,0.00042105105,1.899853e-05,0.00051836146,1417,test
0.9938252,0.0003949975,0.0021614179,0.0018565363,0.0007129565,4.4684868e-05,0.00018920736,0.0008150375,1418,test
0.000104252176,0.0007883787,0.9979399,0.00039547257,5.6608787e-06,0.00045959614,1.8300781e-05,0.00028845822,1419,test
0.00010999457,0.0009906831,0.99743444,0.0005769064,6.524583e-06,0.00058937,1.5532421e-05,0.00027650152,1420,test
8.6110405e-05,0.0010838377,0.997593,0.0003223391,7.4966456e-06,0.000622539,1.928373e-05,0.0002653867,1421,test
0.00014215866,0.0007145004,0.9981415,0.00034406828,5.801868e-06,0.00026281326,1.7744203e-05,0.00037150408,1422,test
7.9575635e-05,0.0008062694,0.99834967,0.000250659,6.1618343e-06,0.00025191618,1.3959665e-05,0.00024182962,1423,test
0.0002144244,0.001091437,0.99755245,0.00039520123,1.1901594e-05,0.00029607705,2.2338103e-05,0.00041618964,1424,test
0.46685597,0.009706391,0.42558128,0.020340158,0.013226626,0.003587473,0.022727104,0.037975032,1425,test
0.0008334727,0.0005004286,0.0021529158,0.00071378634,1.1639219e-05,5.2100615e-05,5.0746803e-05,0.99568486,1426,test
0.99863356,9.6823096e-05,0.00027496187,0.0005955585,0.00019519616,3.5436076e-06,3.534652e-05,0.00016493804,1427,test
9.244278e-05,0.00076527486,0.99811137,0.00036607377,5.1717143e-06,0.0003153222,1.5704298e-05,0.00032873862,1428,test
0.000167344,0.0010536981,0.9973156,0.00041846215,1.3885541e-05,0.0006628349,3.8154685e-05,0.00033009215,1429,test
0.00011474804,0.0010295237,0.99778533,0.00034477405,7.331687e-06,0.00041643946,1.5259737e-05,0.0002866099,1430,test
0.9984793,9.31088e-05,0.00027384213,0.0007046846,0.000194394,3.8925673e-06,3.4914232e-05,0.00021589108,1431,test
0.0024736135,0.93882996,0.028528675,0.018968701,0.0006122859,0.0024017706,0.0035425073,0.0046424777,1432,test
5.306356e-05,0.9879395,0.009100778,0.0026547764,4.064074e-06,2.4438737e-05,2.6369546e-05,0.00019693574,1433,test
0.00012294578,0.0010829903,0.99764425,0.00023379097,1.02586955e-05,0.0004979727,2.731593e-05,0.00038042068,1434,test
0.0001049898,0.0007562085,0.99800736,0.00047428923,2.9042656e-06,0.00030873204,7.916921e-06,0.00033749544,1435,test
5.0986364e-05,0.000966633,0.9983198,0.00020268047,6.4892024e-06,0.00026311504,9.685219e-06,0.00018064963,1436,test
0.00013075078,0.94010705,0.055239927,0.0032324456,8.4886515e-06,0.00022215975,5.016601e-05,0.0010090801,1437,test
9.98001e-05,0.00085182,0.997924,0.0003169539,8.398119e-06,0.0005001234,1.6788988e-05,0.0002820741,1438,test
0.99836236,0.0001168859,0.0003438049,0.0007029,0.00028971556,5.984731e-06,4.178775e-05,0.00013660121,1439,test
0.00010378397,0.0012677035,0.99745375,0.0003459433,1.2268287e-05,0.0005054953,3.128386e-05,0.0002798071,1440,test
0.9977767,0.00019155108,0.000356802,0.0007524003,0.0006256733,1.0665535e-05,5.893724e-05,0.00022733027,1441,test
0.0001358823,0.0009706567,0.99770087,0.00044001715,8.2547795e-06,0.00034454287,1.8714374e-05,0.00038111315,1442,test
0.0002634565,0.0008819037,0.9972006,0.0007205773,1.0360303e-05,0.00041688504,3.061357e-05,0.0004756146,1443,test
0.99852884,0.00011285856,0.00022717447,0.00066085096,0.00022691897,4.749547e-06,3.7545524e-05,0.00020108277,1444,test
0.99855167,9.782709e-05,0.0003347842,0.00064331584,0.00018024395,4.4894537e-06,3.2906788e-05,0.00015478558,1445,test
0.00016001641,0.001393356,0.99676585,0.00048509808,1.80378e-05,0.0007849076,4.9865077e-05,0.00034284597,1446,test
0.00060520635,0.0008265061,0.00092478143,0.0013918612,0.0006319553,0.0014082473,0.9924533,0.0017581069,1447,test
0.00013768437,0.000962322,0.9974125,0.00043206618,1.0083512e-05,0.0006673611,2.4645156e-05,0.000353356,1448,test
0.9987244,6.8092006e-05,0.0003910874,0.00048213423,0.00014333583,2.2818442e-06,2.0602078e-05,0.00016806806,1449,test
0.32848656,0.017075159,0.48841006,0.076780036,0.00859348,0.031261116,0.01740771,0.031985886,1450,test
0.00022555859,0.9848721,0.007959545,0.0060299835,2.1144444e-05,9.7122436e-05,0.00014864204,0.0006459808,1451,test
7.4965414e-05,0.00077433314,0.9981811,0.00031903796,4.6577748e-06,0.00038019166,1.6124195e-05,0.0002495651,1452,test
0.00015834911,0.0011593808,0.99715185,0.0003817035,1.2556928e-05,0.00071535225,3.713462e-05,0.00038367626,1453,test
0.9978981,0.00014412784,0.00023084428,0.000868382,0.0005227928,8.850212e-06,6.905194e-05,0.0002577871,1454,test
0.00026291667,0.96321416,0.025549855,0.009465822,1.7102955e-05,0.0002616605,6.5097294e-05,0.0011633032,1455,test
0.9958389,0.0003104069,0.0012329307,0.0014760661,0.0006711951,3.8632214e-05,0.00010481474,0.00032701815,1456,test
0.9982759,9.920481e-05,0.0004501202,0.00063530356,0.0002511099,4.8077804e-06,4.9900485e-05,0.00023371488,1457,test
9.3437455e-05,0.0010530823,0.9978726,0.00026628058,6.864195e-06,0.00038500884,2.3447636e-05,0.00029930624,1458,test
0.00017044297,0.0007643453,0.99728656,0.00081855315,4.1192734e-06,0.0004983587,1.3613458e-05,0.00044399677,1459,test
0.5745516,0.009715302,0.38792425,0.013757051,0.00063094834,0.00060943875,0.00074099534,0.012070432,1460,test
9.633972e-05,0.0008397372,0.99800617,0.0003740767,5.6031427e-06,0.00030557046,1.58263e-05,0.00035669742,1461,test
6.5300286e-05,0.9844519,0.011629362,0.0035011894,7.1669474e-06,4.6019828e-05,3.0297508e-05,0.00026873825,1462,test
6.264751e-05,0.9881362,0.009290385,0.0021706014,4.673965e-06,2.6102047e-05,2.7043108e-05,0.00028234764,1463,test
0.0005938823,0.00094257965,0.9964768,0.0005548757,2.037794e-05,0.001024824,4.191498e-05,0.00034473444,1464,test
0.00094447815,0.000674318,0.0010910042,0.0012859855,1.5393776e-05,0.000109538916,0.000105153245,0.9957742,1465,test
0.9984682,7.251586e-05,0.00050522154,0.00049024145,0.00027344242,2.5914967e-06,2.8987415e-05,0.00015885255,1466,test
0.0015601972,0.00033329581,0.0006344864,0.0008765374,1.5624619e-05,4.368976e-05,8.886281e-05,0.99644727,1467,test
0.00038243554,0.89418787,0.08329648,0.019077212,1.9484933e-05,0.0006771812,0.00051003264,0.0018493058,1468,test
0.00089333433,0.00018677024,0.00087413535,0.00060302194,0.0035431008,0.002659587,0.9894692,0.0017707311,1469,test
0.9972132,0.00020890695,0.0007700066,0.0010449747,0.00042439796,1.8540979e-05,9.347612e-05,0.00022653828,1470,test
0.99844223,9.427213e-05,0.00046139347,0.00058208243,0.00013965987,4.0311306e-06,3.385566e-05,0.00024247673,1471,test
0.9983536,9.2381306e-05,0.00051690394,0.0005881158,0.00021232721,5.7574794e-06,4.7682657e-05,0.00018321285,1472,test
0.9987186,8.02082e-05,0.00031296702,0.0005623087,0.00014273002,2.6446285e-06,2.405647e-05,0.00015643479,1473,test
2.4661993e-05,8.8086505e-05,0.00034720908,0.0005100998,0.0005822335,0.99819285,0.00022379479,3.1034684e-05,1474,test
0.00020140731,0.00078293285,0.9969208,0.0009826974,7.675647e-06,0.00048430156,1.8834799e-05,0.00060146383,1475,test
8.8988396e-05,0.00077980245,0.9983646,0.00014256954,6.281255e-06,0.00027051073,1.8149207e-05,0.00032915457,1476,test
9.782818e-05,0.0008626801,0.99775666,0.00038357906,7.350497e-06,0.0006160474,2.0672998e-05,0.0002552552,1477,test
9.460172e-05,0.0010769271,0.99764997,0.00038046367,8.194802e-06,0.00042254172,1.907876e-05,0.00034834072,1478,test
0.00016495096,0.0008671908,0.9975163,0.0004500424,8.467437e-06,0.00064932246,2.3884058e-05,0.00031988442,1479,test
0.0007283267,0.0002576579,0.00068050035,0.0005188209,1.0219239e-05,8.5159874e-05,8.3508035e-05,0.99763584,1480,test
0.99752957,0.00013431958,0.0007639459,0.00083776994,0.00041886358,9.382399e-06,6.213396e-05,0.00024410231,1481,test
0.0016325924,0.00058164843,0.0014841713,0.0006048527,1.0510788e-05,4.309526e-05,0.00012707441,0.9955161,1482,test
0.9743871,0.0014649696,0.016185677,0.0018789873,0.0021735064,0.00028477758,0.0003967738,0.0032282178,1483,test
7.0581926e-05,0.0007908937,0.9982747,0.00024983406,4.2548118e-06,0.00034259676,1.7375574e-05,0.0002498107,1484,test
0.99859303,8.528915e-05,0.00022117702,0.0005781447,0.00028185805,3.3667238e-06,5.7991118e-05,0.00017915134,1485,test
0.000121551406,0.0011763343,0.9973539,0.00030825255,1.191293e-05,0.00059186877,3.280948e-05,0.00040335607,1486,test
0.000102628095,0.0008115152,0.9979353,0.0003598485,8.057219e-06,0.00048758386,1.72451e-05,0.00027791283,1487,test
0.00024000787,0.0011925063,0.9965404,0.00040467546,1.8936375e-05,0.001111082,4.8993716e-05,0.0004433706,1488,test
0.00017949875,0.0010868191,0.997338,0.0005270564,9.44577e-06,0.0003200375,1.8492776e-05,0.0005205659,1489,test
9.304258e-05,0.0011207568,0.9976845,0.00018690142,6.5101813e-06,0.00057571585,1.9142353e-05,0.00031339464,1490,test
9.254537e-05,0.00070389407,0.99826944,0.0002581168,6.2831905e-06,0.0003459275,1.4611934e-05,0.0003092042,1491,test
0.000172029,0.0015335125,0.9965823,0.0009025899,7.900424e-06,0.00030813774,1.7614255e-05,0.0004759105,1492,test
0.0001471544,0.0014284768,0.9968995,0.00044177234,1.569087e-05,0.0007002668,4.5702487e-05,0.0003215049,1493,test
0.9981243,0.00014548391,0.00030733863,0.0007818917,0.00034761778,9.442497e-06,6.5358836e-05,0.00021848429,1494,test
0.05354232,0.01823129,0.015728159,0.0627977,0.66252023,0.033897847,0.055244744,0.098037705,1495,test
0.003107404,0.002252988,0.01515333,0.00437418,0.0052845245,0.95571774,0.0043046386,0.009805195,1496,test
0.00013054626,0.00035666532,0.0009037533,0.0014350712,0.0018893892,0.9943644,0.00061652047,0.0003036389,1497,test
0.9986014,7.604634e-05,0.0005106452,0.00047449573,0.00013334768,3.0534006e-06,3.9176855e-05,0.0001618636,1498,test
0.00016725011,0.0011640328,0.9972818,0.00041601105,1.5892281e-05,0.0005355848,4.1767373e-05,0.00037778594,1499,test
0.0001475961,0.0010752324,0.99730337,0.00024793125,1.2424447e-05,0.0008171318,3.5692105e-05,0.00036066285,1500,test
0.00021302118,0.9838806,0.010198592,0.0051488834,1.57613e-05,8.25411e-05,0.00011358291,0.00034699126,1501,test
0.0001565271,0.0011019754,0.99724674,0.00033875482,1.2812931e-05,0.00073818077,3.756707e-05,0.00036750126,1502,test
0.00014266343,0.0007712392,0.9978794,0.00043566083,6.960725e-06,0.00039914026,1.731336e-05,0.0003475611,1503,test
0.00010844016,6.179942e-05,4.185843e-05,0.00013775312,4.250942e-05,5.487635e-05,0.9994294,0.00012338645,1504,test
9.812318e-05,0.0013668342,0.99762744,0.00041698353,5.573979e-06,0.00032441958,1.2897809e-05,0.00014781918,1505,test
0.9986331,9.471708e-05,0.0002247205,0.00063238275,0.00018766666,4.7811386e-06,4.033619e-05,0.00018235615,1506,test
9.011643e-05,0.00073567935,0.998326,0.00024891508,4.911735e-06,0.0003076087,1.6248709e-05,0.0002704572,1507,test
0.99710494,0.00020817432,0.00092156674,0.00093845755,0.00042618017,1.0522013e-05,9.593115e-05,0.00029433283,1508,test
0.000106068874,0.0009370581,0.998018,0.00020148639,7.188148e-06,0.00040927416,2.203554e-05,0.00029892565,1509,test
0.00010653863,0.0010114854,0.9979158,0.0002745885,7.5358494e-06,0.0003662903,2.2419139e-05,0.00029533872,1510,test
0.00016652269,0.0014914172,0.99678886,0.00030912383,1.7416936e-05,0.0008175343,4.4412212e-05,0.0003646988,1511,test
0.99820507,9.991459e-05,0.00067708216,0.0005103798,0.00024797372,3.158773e-06,5.7596895e-05,0.00019876567,1512,test
0.99635726,0.00033498558,0.00070819433,0.0010342929,0.001034424,2.5231384e-05,0.00011201789,0.00039349194,1513,test
0.9944516,0.00036316668,0.0018848882,0.0019260094,0.0007341509,3.793512e-05,0.0001594979,0.00044276696,1514,test
4.902048e-05,0.9869977,0.010705817,0.001978511,4.6370883e-06,3.564908e-05,2.5770854e-05,0.00020291177,1515,test
8.901676e-05,0.00074712053,0.9981078,0.00027117023,7.1190148e-06,0.00042155804,1.6855827e-05,0.00033934446,1516,test
0.996793,0.00016112364,0.0006734557,0.0011000616,0.00024028814,1.7707238e-05,0.00011940099,0.0008950178,1517,test
0.00011589501,0.0010961074,0.9976247,0.00042758934,8.340073e-06,0.00027668037,2.0085405e-05,0.00043058186,1518,test
0.00013784198,0.00591208,0.99105644,0.0009743023,1.1348617e-05,0.0016406963,4.4886536e-05,0.00022230778,1519,test
0.00010401153,0.0007335903,0.9978911,0.00029944826,6.83717e-06,0.0007069082,2.4142055e-05,0.000233899,1520,test
0.00027816527,0.00012367887,0.00017943658,0.00029531887,1.5263436e-06,1.069296e-05,1.3084881e-05,0.99909806,1521,test
0.99872726,8.542289e-05,0.00022167305,0.00051397155,0.00022922546,4.2555644e-06,3.386733e-05,0.00018442917,1522,test
0.000106336476,0.0009917709,0.99792945,0.00025792824,6.891631e-06,0.00039592353,2.0264983e-05,0.00029141014,1523,test
9.935952e-05,0.00087801786,0.9980179,0.0002844303,7.986856e-06,0.00042886645,1.3577061e-05,0.0002698956,1524,test
0.0065543447,0.0022359928,0.0017990513,0.0228344,0.0005223309,0.0037634086,0.0007238995,0.9615666,1525,test
8.6397646e-05,0.00074185804,0.998283,0.0003557592,3.7800726e-06,0.00026250407,1.1303287e-05,0.00025530756,1526,test
0.9987017,8.578448e-05,0.0001915883,0.00061939243,0.0002166254,3.863603e-06,3.6844634e-05,0.00014413142,1527,test
7.281393e-05,0.9853812,0.011733544,0.0025660135,4.2537554e-06,3.0913117e-05,2.0877762e-05,0.00019046756,1528,test
0.00036227237,0.0003919516,0.00038994645,0.00035976415,2.5183715e-06,1.8829443e-05,3.5530567e-05,0.99843913,1529,test
0.00022478905,0.000966801,0.99712163,0.0003736438,1.3596224e-05,0.0008635122,3.783001e-05,0.00039827748,1530,test
0.00010926109,0.000901105,0.9980399,0.00035552654,3.6683543e-06,0.00020267775,1.051891e-05,0.00037741585,1531,test
0.9985191,0.00010376579,0.00026958034,0.00063264236,0.00025144336,4.2071424e-06,4.3831362e-05,0.00017542379,1532,test
9.2396e-05,0.0009475026,0.9980573,0.00023442238,8.811374e-06,0.00033999782,2.2692486e-05,0.00029671178,1533,test
0.002716471,0.0022406913,0.99115103,0.0017077171,2.5135041e-05,0.00028483866,5.9388665e-05,0.0018145767,1534,test
0.022691287,0.013046519,0.14797547,0.043299936,0.3238946,0.37830013,0.05606275,0.014729321,1535,test
0.00015118904,0.0014871114,0.99662244,0.00048232454,1.3699069e-05,0.0008370908,2.6594405e-05,0.00037954588,1536,test
0.000113356604,7.817336e-05,0.00015421424,0.00011875467,4.5610597e-07,4.6629902e-06,4.670396e-06,0.99952567,1537,test
0.00014784612,0.0011047785,0.9965064,0.00051992305,1.570492e-05,0.0011184075,3.4542147e-05,0.0005522726,1538,test
0.00011575025,0.0013804049,0.99657625,0.00028815307,1.3275585e-05,0.0008497217,3.5167493e-05,0.00074129744,1539,test
0.99651283,0.00018877334,0.00065975863,0.0009890727,0.0009814933,1.8028233e-05,0.00012767575,0.0005223834,1540,test
0.00010533863,0.0008671041,0.99698097,0.0006815269,1.1222829e-05,0.00088355754,2.3992709e-05,0.00044625392,1541,test
9.389883e-05,0.0013078913,0.9972837,0.00046288452,1.1177938e-05,0.00042067247,1.7204018e-05,0.00040253092,1542,test
0.00010350747,0.0010075904,0.9976427,0.00027749452,1.17674335e-05,0.00040109787,2.6249876e-05,0.00052953063,1543,test
0.00021120106,0.001558674,0.9959065,0.00079549325,2.2179396e-05,0.0007286388,4.26835e-05,0.00073456543,1544,test
1.4356508e-05,0.99561787,0.0027208372,0.0015329733,9.2743113e-07,5.8855194e-06,1.3510391e-05,9.365512e-05,1545,test
9.2664355e-05,0.0009940278,0.99743974,0.00043778762,8.511516e-06,0.00059217354,2.3758239e-05,0.00041125205,1546,test
0.00011153829,0.0011162721,0.99723744,0.0005260399,1.12429225e-05,0.00056647626,2.5431891e-05,0.00040545996,1547,test
0.00014559866,0.0010983725,0.99681705,0.00090086856,8.499075e-06,0.00025580302,2.0150843e-05,0.00075355574,1548,test
0.0001381085,0.0007352264,0.9971662,0.00076861784,8.01628e-06,0.0004129045,2.0156116e-05,0.000750747,1549,test
0.9972166,0.00015392638,0.0005413066,0.0009081531,0.0005436751,8.395358e-06,8.297443e-05,0.0005450665,1550,test
7.7321594e-05,0.001148951,0.9972236,0.0005987317,7.145465e-06,0.0004918231,1.6820348e-05,0.000435561,1551,test
6.298764e-05,0.9908563,0.0038010902,0.0046514873,1.3399514e-05,6.911857e-05,0.00014026556,0.00040537748,1552,test
0.99666035,0.00014547251,0.00097607996,0.00088883686,0.00081533496,1.06732805e-05,0.00011906821,0.0003842275,1553,test
0.0003901977,0.00028405088,4.0084095e-05,0.0006518159,0.9954963,0.0021800809,0.00088528846,7.221408e-05,1554,test
0.9965959,0.00018671938,0.00057840353,0.0010564608,0.0010324348,1.6521333e-05,0.00012503617,0.0004085002,1555,test
0.00015472266,0.0013818078,0.99588084,0.0010055463,9.714906e-06,0.000633145,2.2966216e-05,0.0009112989,1556,test
0.9969465,0.00014153069,0.00067701313,0.0009217451,0.00079482206,1.0763837e-05,9.161049e-05,0.0004160348,1557,test
0.00011459115,0.0013598741,0.9972378,0.00034923892,1.0945408e-05,0.00038498416,2.485545e-05,0.00051765825,1558,test
0.99712247,0.00014568411,0.0004990969,0.0010039883,0.00077496056,9.7778075e-06,9.1590926e-05,0.00035237492,1559,test
0.99655414,0.00020569007,0.0009983804,0.0010567384,0.00043659544,1.1178328e-05,7.740075e-05,0.00065989513,1560,test
8.049624e-05,0.00074312685,0.9978702,0.0005377254,4.1543044e-06,0.00033576347,1.12544985e-05,0.00041717116,1561,test
0.012192978,0.8875196,0.036300432,0.031654533,0.00096047967,0.015553275,0.0073660975,0.008452608,1562,test
9.0213696e-05,0.0012001703,0.9975049,0.0003310518,8.649409e-06,0.0003775297,2.010388e-05,0.00046745955,1563,test
6.305203e-05,0.001384438,0.9976277,0.00035466836,8.128236e-06,0.00026480333,1.1852053e-05,0.00028526178,1564,test
0.99723274,0.00013084133,0.00038517406,0.0009992776,0.00075146393,7.5422045e-06,0.000100337136,0.00039270485,1565,test
0.012574646,0.6111261,0.16053373,0.09644578,0.0016078633,0.08821252,0.006416541,0.023082811,1566,test
0.00013822694,0.001290161,0.9966203,0.0005964884,1.6231888e-05,0.0008802993,3.2454445e-05,0.00042580857,1567,test
0.99732494,0.00013443171,0.00076458324,0.0007511759,0.00060985074,6.741236e-06,9.08993e-05,0.00031722675,1568,test
7.8271194e-05,0.00075999764,0.99781173,0.0004535996,7.1630834e-06,0.00038654156,1.36285535e-05,0.00048903964,1569,test
0.00015032354,0.0012539704,0.9966168,0.0007796891,1.128949e-05,0.00036903544,2.9430726e-05,0.0007895162,1570,test
0.00012507438,0.001213899,0.99698985,0.00055829925,1.3019569e-05,0.00032355037,2.0782725e-05,0.0007555298,1571,test
0.99696773,0.00015817485,0.00065615197,0.00096463406,0.00058771134,7.5083262e-06,0.00010727221,0.000550764,1572,test
0.00010139065,0.0008497902,0.9977316,0.00040924485,7.3131573e-06,0.00041089774,1.7226952e-05,0.0004724684,1573,test
0.99635565,0.00021625857,0.00074563146,0.0012270696,0.0009377089,1.798339e-05,0.00012087274,0.00037890728,1574,test
0.9969753,0.00014217765,0.0005215901,0.00085725216,0.0009065624,1.1994908e-05,0.0001282484,0.00045680846,1575,test
0.9977101,9.9190474e-05,0.00040858344,0.00076990156,0.00060302805,6.895079e-06,8.486655e-05,0.000317471,1576,test
0.00014220121,0.0015238915,0.99658525,0.0005876615,1.7531052e-05,0.0005931886,2.8002414e-05,0.0005221688,1577,test
0.99718755,0.00014191029,0.00076986745,0.00086361996,0.0005364865,1.0545529e-05,9.008649e-05,0.00039995904,1578,test
0.99717087,0.00013802527,0.0009829275,0.0008249608,0.0003813005,7.081084e-06,6.8753114e-05,0.00042605537,1579,test
0.49765903,0.008511847,0.4762462,0.007886027,0.0016426756,0.0011219133,0.001011614,0.0059207287,1580,test
0.00043956176,0.0017104942,0.99347174,0.0025485742,1.2178555e-05,0.00065778254,4.4411103e-05,0.0011152643,1581,test
0.00018331142,0.0011862845,0.99666315,0.0010045733,8.685057e-06,0.00041358845,1.5937303e-05,0.00052449,1582,test
0.00012828993,0.0014433416,0.99663734,0.00041420397,1.4118791e-05,0.0007838251,3.667927e-05,0.0005421595,1583,test
9.4311166e-05,0.0012859681,0.99691427,0.00054866064,1.0049913e-05,0.00071307895,2.5843823e-05,0.00040786664,1584,test
0.00015964569,0.001594241,0.9966079,0.00036528383,1.8454706e-05,0.00064682687,4.139451e-05,0.0005663916,1585,test
0.9956488,0.00024182073,0.0008121774,0.0011759355,0.0014914954,2.1506843e-05,0.00016912424,0.00043911987,1586,test
0.0001060091,0.00084898894,0.9977296,0.00043829234,5.828255e-06,0.00045359993,1.5148544e-05,0.00040263927,1587,test
0.9961808,0.00020178134,0.0011027445,0.0011223028,0.0006014611,1.9633104e-05,9.3951734e-05,0.00067734625,1588,test
7.8339865e-05,0.0012438258,0.997269,0.0005040454,1.0010379e-05,0.00048309265,2.2768694e-05,0.0003888461,1589,test
0.00019312034,0.0012728726,0.9971245,0.00053225656,1.05457175e-05,0.00021651381,2.1191165e-05,0.00062907016,1590,test
0.98009723,0.0008866308,0.012642738,0.0028408314,0.0014733502,0.00013309454,0.0002620278,0.0016641539,1591,test
0.9970396,0.0001559505,0.000761573,0.0008499774,0.00065165025,8.437594e-06,0.00011059696,0.00042217632,1592,test
0.9962108,0.000247224,0.00059290463,0.0013345884,0.00062553794,1.8978211e-05,8.019763e-05,0.00088980584,1593,test
0.992677,0.0005283316,0.0030411403,0.0015558111,0.0012624938,2.6007267e-05,0.00012402759,0.0007852429,1594,test
8.9993715e-05,0.0012364846,0.9974564,0.00035749827,9.736066e-06,0.00040236878,2.6151378e-05,0.00042134337,1595,test
0.9970215,0.00014571896,0.00056739856,0.0009612033,0.00080542645,9.8656565e-06,8.813993e-05,0.00040068646,1596,test
8.863223e-05,0.000682458,0.9978638,0.00047258445,6.407664e-06,0.00043995975,1.4490314e-05,0.00043158449,1597,test
2.1682163e-05,0.9936911,0.003554164,0.0024840003,3.1869542e-06,1.4198546e-05,1.5210315e-05,0.00021645379,1598,test
0.00012673688,0.00078694813,0.9976821,0.0003772352,9.54559e-06,0.00054990826,2.8728118e-05,0.00043874615,1599,test
0.00016730386,0.0010535705,0.99728465,0.00052024645,1.0653234e-05,0.00037469875,2.7907865e-05,0.00056093914,1600,test
0.99725264,0.0001643627,0.00078485516,0.0007286925,0.00055028,1.1433627e-05,5.5105407e-05,0.00045253703,1601,test
0.00011360731,0.0010940147,0.9973219,0.00036098046,1.0038099e-05,0.00058869965,2.9051658e-05,0.00048181432,1602,test
0.9966535,0.00020770771,0.0008719381,0.0010121983,0.0007375486,1.557897e-05,0.00011348603,0.00038804836,1603,test
8.3825194e-05,0.0012297798,0.9973447,0.0003466351,9.98905e-06,0.0004941236,2.829296e-05,0.00046276313,1604,test
0.9968912,0.00016307396,0.0011577513,0.00084998907,0.00058916025,7.2785583e-06,6.825152e-05,0.0002731793,1605,test
0.9971035,0.00014658288,0.0005704039,0.00094643055,0.0008066678,1.30786875e-05,6.987061e-05,0.00034350305,1606,test
0.000573321,0.0003042325,0.0010610902,0.0011557984,1.8788058e-05,0.0012347319,0.0001330378,0.99551904,1607,test
8.4204294e-05,0.00012393671,0.00024089425,0.00016141596,1.0557877e-06,8.969781e-06,5.4502516e-06,0.9993741,1608,test
9.354107e-05,0.00067276356,0.9981717,0.00033962599,6.788964e-06,0.0003368034,2.0128911e-05,0.00035868902,1609,test
8.885652e-05,0.00089138944,0.99747664,0.00043841344,9.0663025e-06,0.0006856262,1.9482233e-05,0.00039039084,1610,test
0.99650383,0.0002057095,0.0007705934,0.0008702098,0.00092578377,1.5478305e-05,0.00012310118,0.0005854119,1611,test
7.510044e-05,0.0011123418,0.9974483,0.00040361163,9.0140165e-06,0.0005311732,1.708825e-05,0.00040342388,1612,test
0.9922814,0.00037517745,0.0036649187,0.0013246035,0.0013918099,4.9123126e-05,0.00024456685,0.00066844316,1613,test
0.00013429721,0.0012229838,0.9970848,0.00046271627,1.3995052e-05,0.00044242854,3.162146e-05,0.00060714217,1614,test
0.9954756,0.00026010827,0.0011604844,0.000920911,0.0011932908,1.9533214e-05,0.0002104961,0.00075949705,1615,test
8.2146966e-05,0.001396996,0.9968796,0.00038633533,1.0358954e-05,0.00082351186,3.1476353e-05,0.0003896962,1616,test
9.190268e-05,0.0012038097,0.997717,0.00032706984,8.722527e-06,0.00027915294,1.5444093e-05,0.00035682434,1617,test
0.99605894,0.00019974167,0.0008518594,0.0011058905,0.0011137738,1.26670175e-05,0.00013179009,0.0005253223,1618,test
8.316023e-05,0.0009186928,0.99784195,0.00032156467,8.9944615e-06,0.00027704166,1.3824988e-05,0.0005347125,1619,test
1.5426325e-05,2.2555034e-05,9.4353614e-05,0.00013700708,0.00021529935,0.9994282,5.022393e-05,3.6959842e-05,1620,test
0.00028851556,0.0020651377,0.99514717,0.0011861514,1.3850357e-05,0.0006415096,3.4181376e-05,0.0006234325,1621,test
0.000122034595,0.0009794853,0.99701345,0.0005379959,8.661785e-06,0.0006176756,2.4118222e-05,0.0006965043,1622,test
0.00013566951,0.0015477878,0.99647766,0.00035754932,1.660457e-05,0.0006925509,3.403902e-05,0.0007380921,1623,test
0.00020089617,0.0014786677,0.99599946,0.0004879171,2.6014031e-05,0.0006946399,3.545744e-05,0.0010769136,1624,test
0.00010169757,0.0011439722,0.99722964,0.0004573943,1.2050717e-05,0.00054908154,3.1159383e-05,0.00047503435,1625,test
9.8265824e-05,0.00093071273,0.9976743,0.00038406238,8.395753e-06,0.00043310155,2.1348815e-05,0.00044971035,1626,test
6.7747096e-05,0.00010424016,6.4888525e-05,0.00014914593,0.00012415169,0.00041186693,0.99877685,0.00030104094,1627,test
0.00014574704,0.0010985346,0.9964768,0.00060227775,1.6925544e-05,0.0011133619,3.6599646e-05,0.0005097814,1628,test
0.00012080292,6.6011344e-05,5.8576297e-05,0.000113665155,9.981626e-05,0.00017978618,0.9990151,0.0003462034,1629,test
3.0871157e-05,0.98473734,0.011481063,0.0029331904,5.23622e-06,3.5859357e-05,0.00038702274,0.0003895159,1630,test
0.00017441882,0.0018447341,0.9962463,0.00040633313,2.2847371e-05,0.0005189027,4.107639e-05,0.0007453485,1631,test
9.2010145e-05,0.00088289316,0.99802005,0.00034215482,6.2545655e-06,0.00025979933,1.5240359e-05,0.00038155116,1632,test
0.99027574,0.0005527166,0.0039459984,0.0021932155,0.0017193222,9.0603855e-05,0.00026176046,0.00096061477,1633,test
6.5995926e-05,0.0011470155,0.99721515,0.00033957197,1.1620035e-05,0.0007678042,2.2499233e-05,0.00043028634,1634,test
0.9530183,0.011135831,0.004525479,0.016987571,0.002038393,0.0011010241,0.001370761,0.00982259,1635,test
0.997401,0.00013836636,0.00080665795,0.0006083944,0.0007051077,6.0596494e-06,5.961947e-05,0.00027478597,1636,test
0.00040947477,0.00062904356,0.99615943,0.0010561048,1.050934e-05,0.0008580124,7.164065e-05,0.0008056984,1637,test
0.9965783,0.0001922186,0.0006413545,0.0009981157,0.0009678309,1.8469862e-05,0.00012242488,0.00048130585,1638,test
0.99749845,0.00012231283,0.00047920118,0.0007658435,0.0006692562,6.2941767e-06,5.976967e-05,0.00039879448,1639,test
0.9968135,0.00015741576,0.0005269031,0.0009668931,0.0009094697,1.244229e-05,0.00017139889,0.00044188948,1640,test
9.972991e-05,0.0012906705,0.9967325,0.00052306737,1.3032579e-05,0.00093440455,3.5619865e-05,0.0003710145,1641,test
0.00021203002,0.0010739596,0.9972928,0.00034732802,1.6004049e-05,0.00056717044,3.9789065e-05,0.00045089153,1642,test
0.9968412,0.00017579415,0.0012316619,0.00082312484,0.0005166917,7.8138655e-06,9.557935e-05,0.00030816134,1643,test
0.00041842397,0.0020100437,0.994003,0.0013000164,2.5641122e-05,0.0010490952,5.7443336e-05,0.0011363046,1644,test
0.00023957096,0.0002616726,0.0005961033,0.0012622023,0.0026426418,0.9931537,0.00090092217,0.00094328116,1645,test
7.837994e-05,0.00080996,0.9980457,0.00034660028,7.5851126e-06,0.00039590907,2.0877578e-05,0.00029495376,1646,test
8.7631306e-05,0.0008229869,0.9978048,0.00047069465,6.9560106e-06,0.00043828547,1.685918e-05,0.00035174782,1647,test
0.00010399522,0.001528181,0.99650216,0.00037893574,1.2513288e-05,0.0009191539,2.9050794e-05,0.00052592583,1648,test
0.9974184,0.00014029481,0.0007129454,0.0007084906,0.00045324748,5.9009335e-06,9.386477e-05,0.00046679584,1649,test
0.9971385,0.00014424234,0.0005407279,0.0007358165,0.00088345655,8.727668e-06,9.449093e-05,0.0004540557,1650,test
0.9957776,0.00018404624,0.0025298698,0.0006261389,0.0003962639,8.047231e-06,5.660787e-05,0.00042146788,1651,test
0.00013619782,0.0015152234,0.99664044,0.00044895118,1.7542492e-05,0.00054931815,3.4871446e-05,0.00065739104,1652,test
0.00014518107,0.0013422202,0.99657404,0.00064269506,1.2528688e-05,0.0003958238,2.4123852e-05,0.00086334464,1653,test
0.00012268429,0.0008203954,0.997421,0.0006354421,8.635651e-06,0.00049781543,2.0617794e-05,0.0004734996,1654,test
0.00015747544,0.0013040061,0.99593973,0.0010405618,6.8391814e-06,0.0005582194,1.5090568e-05,0.0009780643,1655,test
6.677956e-05,0.0014025872,0.99711007,0.0003541809,1.1677507e-05,0.00062234944,2.2007034e-05,0.0004104288,1656,test
0.0001097614,0.0009211642,0.9974457,0.00040762022,9.375554e-06,0.0007133445,2.1266736e-05,0.0003717496,1657,test
0.997531,0.00013643032,0.0009267455,0.0007050413,0.00031864597,6.9982175e-06,5.3730088e-05,0.00032144575,1658,test
0.000108317305,0.0018152117,0.99605465,0.00035487048,1.2284714e-05,0.001078925,2.694429e-05,0.00054875476,1659,test
0.99728024,0.00012645972,0.0005898119,0.00071823935,0.00070153945,7.324322e-06,9.520679e-05,0.000481147,1660,test
0.00017305424,8.920515e-05,0.00020791833,0.000261063,1.1847316e-06,6.569911e-06,1.0471829e-05,0.9992505,1661,test
0.00013452748,0.0009245348,0.99718493,0.0006985993,1.1390027e-05,0.00044925857,2.1437801e-05,0.0005753159,1662,test
0.0007293527,0.00410927,0.0027340022,0.025196258,0.6391413,0.32581523,0.0010653208,0.0012092354,1663,test
0.0005618485,0.0007207439,0.0005059609,0.0003006964,8.755573e-05,0.00037721716,0.9964947,0.0009512881,1664,test
0.00014148623,0.00092616497,0.99792296,0.00015183816,7.895412e-06,0.0004109338,2.3179895e-05,0.0004155108,1665,test
0.00012808274,0.0006925716,0.9984061,0.00024002374,5.905177e-06,0.00021556254,1.1720028e-05,0.00030004256,1666,test
0.9966845,0.00017572043,0.0010560127,0.0009054569,0.00059009396,1.00119e-05,0.000110327215,0.00046773997,1667,test
0.99735224,0.00013371321,0.00089898077,0.0007884338,0.0002889955,7.5200305e-06,5.999544e-05,0.00047011764,1668,test
0.9970963,0.00015609075,0.0011665594,0.00060754386,0.00041162435,7.1339723e-06,9.1317284e-05,0.00046340213,1669,test
0.9844749,0.0009982877,0.003175212,0.00512506,0.0027292003,0.00015301246,0.00093873014,0.0024056633,1670,test
0.0015753248,0.00020272296,7.94729e-05,0.00024469598,0.9970579,0.00015909554,0.00050262344,0.00017819658,1671,test
0.00018259312,0.0006234816,0.9984919,0.000141744,6.7271208e-06,0.00016978745,1.606111e-05,0.00036769963,1672,test
9.260492e-06,0.9972029,0.001576533,0.0011506957,5.50861e-07,4.608139e-06,1.42627e-05,4.1206702e-05,1673,test
0.00029125958,0.00093491276,0.99749005,0.00034803984,1.2470415e-05,0.0002707642,2.398734e-05,0.00062853156,1674,test
0.9971142,0.00016313097,0.0009823629,0.0007703782,0.00040067156,8.084287e-06,8.8277855e-05,0.00047284726,1675,test
0.00013361663,0.00094643445,0.9981061,0.00014471107,7.714703e-06,0.00028858305,1.3411547e-05,0.00035930704,1676,test
0.0001682937,0.000952554,0.99786735,0.00015943304,7.51268e-06,0.0003509078,2.7065036e-05,0.00046681493,1677,test
0.00023265477,0.00076466,0.99793696,0.00026943418,9.391075e-06,0.00018967915,1.875885e-05,0.00057835085,1678,test
0.99748355,0.00011315414,0.00082061475,0.0007039261,0.000422857,6.94387e-06,0.0001056965,0.00034333358,1679,test
0.00018856768,0.00083332893,0.9981078,0.00020820214,8.808542e-06,0.00026482166,1.9307468e-05,0.00036921076,1680,test
0.99074614,0.0003476992,0.006785676,0.00069927756,0.00053347973,1.9097173e-05,9.2284296e-05,0.00077636284,1681,test
0.0002412438,0.00061957573,0.9983742,0.00016654198,8.669918e-06,0.00022180167,2.2657152e-05,0.0003452861,1682,test
0.00020279546,0.000993371,0.9978969,0.00022842259,9.075842e-06,0.0001462599,1.4407208e-05,0.00050869957,1683,test
0.00022013865,0.0007177248,0.99802715,0.00027959386,1.0839718e-05,0.00021348722,2.3067903e-05,0.0005079965,1684,test
0.00029833932,0.0010339256,0.9971355,0.00041084204,1.0175855e-05,0.00018304795,1.2907367e-05,0.000915297,1685,test
0.0010800664,0.00011858986,4.9164228e-05,0.0001356298,0.9980927,0.00010271067,0.00031465394,0.00010642286,1686,test
0.00025391584,0.0007566724,0.9980293,0.00020391117,1.3723353e-05,0.00021283758,3.6781643e-05,0.00049280014,1687,test
0.0016849814,0.006690454,0.012970483,0.0034484381,0.00017946473,0.0019045282,0.9630474,0.010074244,1688,test
0.00015536528,0.0010550576,0.9978327,0.00018359112,7.804159e-06,0.00030146106,2.6929858e-05,0.00043705723,1689,test
7.4860785e-05,0.0004267677,0.9990625,9.8843295e-05,3.9882693e-06,0.0001013105,9.083419e-06,0.0002227506,1690,test
0.00017879473,0.001007172,0.99773115,0.00017173869,8.5315505e-06,0.00036402445,2.9817e-05,0.0005088173,1691,test
0.0015045237,0.001341296,0.0009692092,0.0009897811,0.001401067,0.0048370124,0.98628116,0.0026759638,1692,test
0.00019713113,0.000932572,0.99801505,0.00023505087,1.4811931e-05,0.00017418992,2.5075129e-05,0.0004061768,1693,test
0.01620128,0.75159574,0.05255927,0.04141003,0.00856188,0.02324642,0.048710395,0.05771495,1694,test
0.00013489489,0.0010696113,0.99792105,0.00015813278,6.8086274e-06,0.00028379037,1.8473753e-05,0.0004072558,1695,test
0.0108934045,0.010439567,0.06132723,0.013221193,0.019485403,0.8119859,0.023303706,0.049343575,1696,test
0.00025069903,0.0009084343,0.9978713,0.00021998507,9.610606e-06,0.00018892922,2.3533472e-05,0.00052756706,1697,test
0.0001358543,0.00056294043,0.99868983,0.00013473706,5.3575404e-06,0.00015248137,1.650212e-05,0.0003022972,1698,test
0.0001959813,0.00065974006,0.99832433,0.00022180287,6.2924473e-06,0.00020213956,1.8243709e-05,0.0003714242,1699,test
0.9960944,0.00022936893,0.0013326348,0.0008954301,0.0007119193,9.320332e-06,0.00012350206,0.0006034866,1700,test
0.0001956628,0.00091978663,0.9978946,0.00020991752,1.0646968e-05,0.00034196046,2.3255738e-05,0.000404325,1701,test
0.00021776234,0.0008812321,0.9979704,0.00018708108,8.884511e-06,0.00019606881,2.0474257e-05,0.0005181484,1702,test
0.99524915,0.00018482991,0.0025760299,0.0010471229,0.00042566314,1.0190621e-05,0.00010492275,0.00040195652,1703,test
0.0006052966,0.0013456148,0.9961008,0.0006350275,2.9081913e-05,0.0003110181,4.2016607e-05,0.00093121605,1704,test
0.95095164,0.0060417657,0.025294045,0.0048160637,0.0019938666,0.00034659854,0.007884238,0.0026718392,1705,test
0.03927852,0.04951079,0.032624677,0.079387344,0.12304172,0.38820598,0.06337809,0.22457287,1706,test
0.00019048485,0.0006897628,0.99824405,0.00019591938,1.0074341e-05,0.00019323008,2.271087e-05,0.00045377968,1707,test
0.9942437,0.00033601513,0.002163963,0.0015306678,0.00060823397,2.3143912e-05,0.00014217346,0.00095212867,1708,test
0.00024391,0.0010341445,0.9977253,0.00020398987,1.1590499e-05,0.00018377035,2.878152e-05,0.000568477,1709,test
1.4781845e-05,0.99674714,0.0015307427,0.0016112046,1.5395973e-06,1.0491839e-05,1.8805998e-05,6.5355234e-05,1710,test
0.00042842122,0.34028798,0.65324044,0.004112689,1.0542312e-05,0.0008567024,6.611208e-05,0.0009970934,1711,test
0.00012949441,0.000773899,0.99826765,0.00016132154,6.971094e-06,0.00025414294,2.2112488e-05,0.00038438244,1712,test
0.9876217,0.0007377665,0.0029809542,0.004158514,0.0016134847,0.00012653768,0.00080924167,0.0019516883,1713,test
0.00014152637,0.00087740354,0.9981584,0.00019636907,7.159342e-06,0.00022643192,2.3188108e-05,0.0003695134,1714,test
0.00017030108,0.00079796865,0.99820936,0.0001614617,7.3998553e-06,0.00022464979,2.0172563e-05,0.00040872477,1715,test
0.99713886,0.00014883532,0.0010676435,0.0007341107,0.0004965018,9.064814e-06,9.616901e-05,0.00030881772,1716,test
8.89761e-05,0.00051998044,0.9987896,0.000100683625,5.570136e-06,0.0001994403,1.2380867e-05,0.00028338964,1717,test
0.99679035,0.00016550825,0.0014006074,0.00071994227,0.00038154377,7.1372874e-06,7.541243e-05,0.00045936735,1718,test
0.0001573137,0.0007826028,0.9982926,0.0001935521,5.397073e-06,0.00015847072,1.2128067e-05,0.00039788938,1719,test
0.9952655,0.00019426973,0.0024083564,0.0008629349,0.00069486524,1.6398319e-05,0.00013709105,0.00042060463,1720,test
0.00014261337,0.00090512534,0.99821633,0.00024509922,2.3452356e-05,0.00016965596,4.7020156e-05,0.00025069056,1721,test
0.99740016,0.00013669711,0.0007751534,0.0007703842,0.00046200506,7.957849e-06,9.7109674e-05,0.0003505069,1722,test
0.00203264,0.0003791153,0.00017822611,0.0004059749,0.9958906,0.00026180485,0.00053649844,0.00031516506,1723,test
0.0002101134,0.00079655537,0.9978927,0.0002751706,7.813878e-06,0.00014781914,1.8409191e-05,0.00065137853,1724,test
0.9976163,0.00011576402,0.00063187955,0.00078381493,0.00039250273,6.3223665e-06,7.539786e-05,0.0003780884,1725,test
0.0010869816,0.000118350305,5.0049624e-05,0.00013346873,0.9980781,0.000103062295,0.00032057322,0.000109416054,1726,test
0.0002115328,0.0007932859,0.99802846,0.00022942145,7.5167304e-06,0.00022808481,2.0998905e-05,0.0004807188,1727,test
0.00036148322,0.0002961403,0.00043043453,0.00024338659,1.8262134e-06,1.3402319e-05,2.5270663e-05,0.99862814,1728,test
0.00017175477,0.0009728242,0.99773127,0.00017336091,1.002532e-05,0.00043021186,2.9713705e-05,0.00048088876,1729,test
0.0001393439,9.7710814e-05,0.00016686063,9.9734476e-05,3.8289986e-07,1.790389e-06,1.165968e-05,0.9994825,1730,test
0.00044219955,0.0014534849,0.9961862,0.0005534,1.1026433e-05,0.000146979,2.829896e-05,0.0011785495,1731,test
0.00014469416,0.0005354846,0.99865973,0.00012457915,7.1958502e-06,0.00024313541,1.7586837e-05,0.00026751144,1732,test
0.00018505027,0.00091332325,0.9978765,0.00014106496,8.451065e-06,0.0003175618,2.719159e-05,0.0005307881,1733,test
0.9959853,0.00023137151,0.0008820062,0.0011720721,0.0011130013,1.2169101e-05,0.00012708595,0.00047701088,1734,test
0.00016273616,0.0008591654,0.9980457,0.00018363206,8.853647e-06,0.00035033075,2.782166e-05,0.00036178165,1735,test
0.0001746702,0.00080071844,0.9980848,0.00016425061,8.367147e-06,0.00031276303,3.0559175e-05,0.00042395887,1736,test
0.82105404,0.0095870085,0.054996308,0.04222669,0.011956984,0.0057901675,0.011991946,0.04239681,1737,test
0.0002949898,0.00084470626,0.9977278,0.00019244032,1.712141e-05,0.00016067649,3.12671e-05,0.0007310459,1738,test
0.9978854,0.0001017727,0.0006013394,0.0006611423,0.00044599967,3.6573917e-06,5.615557e-05,0.00024456554,1739,test
0.0014948989,0.0014411608,0.99461824,0.0006649991,2.0811736e-05,0.00018744716,3.438036e-05,0.0015380359,1740,test
0.00012225354,0.0005458699,0.00017445069,0.9981737,8.291394e-08,0.0009297247,2.2553033e-05,3.1328902e-05,1741,test
0.99714124,0.00016363931,0.0009568894,0.0009442507,0.0004090694,1.0173768e-05,7.9489466e-05,0.00029524148,1742,test
0.00040750415,0.00036739788,0.0009901696,0.00023864838,4.657924e-06,2.114137e-05,4.7698417e-05,0.99792284,1743,test
0.00015284034,0.0008853172,0.99808854,0.00023646673,5.4748375e-06,0.00013155169,1.6734684e-05,0.00048292056,1744,test
0.9837336,0.0012169774,0.0031527842,0.0051948437,0.0030200095,0.0002157365,0.0011017092,0.002364374,1745,test
9.758283e-06,0.9976428,0.0010541254,0.001238739,5.0190414e-07,4.248252e-06,7.0017595e-06,4.2654432e-05,1746,test
0.00014546655,0.0005838373,0.99864405,0.000120767836,4.8530574e-06,0.00017859551,1.7193643e-05,0.0003051945,1747,test
0.00023475017,0.00093936885,0.9977397,0.00017564379,1.1853892e-05,0.00029221067,2.921648e-05,0.00057725963,1748,test
0.019527346,0.014111388,0.017895121,0.015624391,0.83908594,0.05163394,0.032695998,0.00942594,1749,test
0.06969163,0.094366044,0.8120797,0.0065082586,0.0011141486,0.0030410613,0.0011962296,0.012002938,1750,test
0.00017175505,0.00092202093,0.99799734,0.0001379534,7.4277436e-06,0.00025694308,2.3341527e-05,0.00048323945,1751,test
0.00013132363,0.00067823235,0.9984347,0.00013112077,5.6729236e-06,0.00028557397,1.940655e-05,0.00031398344,1752,test
7.183967e-05,0.00037231672,0.00013913448,0.998723,6.026677e-08,0.0006280503,2.7342468e-05,3.8366485e-05,1753,test
0.0001777299,0.0004956855,0.0020935868,0.0012566667,0.005103338,0.9897557,0.0009219591,0.00019541229,1754,test
0.9971335,0.00014755026,0.000598924,0.00093417446,0.00059613516,9.279625e-06,9.894407e-05,0.00048152692,1755,test
0.00020946738,0.0005651395,0.99834955,0.00025606074,5.160458e-06,0.00019156383,1.707411e-05,0.00040609637,1756,test
0.00018155765,0.000439006,0.003957418,0.0005263934,0.0021452927,0.99221987,0.0003625245,0.00016784485,1757,test
0.00015524203,0.0008152276,0.9983255,0.00012745989,5.744971e-06,0.00021184412,1.6775335e-05,0.00034212988,1758,test
0.00011547463,0.00065997755,0.9985885,0.00012491406,4.4173257e-06,0.00020629127,1.1920991e-05,0.00028852734,1759,test
0.00011423416,0.9597306,0.035674766,0.0041718804,3.150282e-06,0.00013448346,2.1754036e-05,0.00014909488,1760,test
0.0001792814,0.0010490139,0.9978466,0.00020828683,8.943404e-06,0.00013799348,1.6455857e-05,0.000553458,1761,test
0.00010419313,0.00045534177,0.0040376303,0.00068617845,0.0021203165,0.99208117,0.0003377297,0.00017735279,1762,test
0.9970366,0.00015182646,0.00072434574,0.0010767563,0.0005505809,1.0969949e-05,0.00010383231,0.00034512003,1763,test
0.00016005825,0.000572052,0.9985985,0.00012048819,6.665419e-06,0.00017666674,1.9070492e-05,0.00034646995,1764,test
0.9966965,0.00017913386,0.00124304,0.00088544545,0.00043941825,8.461816e-06,8.351306e-05,0.00046459932,1765,test
0.9973743,0.00013205037,0.00095465226,0.0007585709,0.0002613483,6.4284527e-06,5.402833e-05,0.00045857628,1766,test
0.00019526634,0.00093379215,0.99804986,0.00017441607,8.230126e-06,0.00017719415,2.0288253e-05,0.00044094832,1767,test
8.870101e-05,0.00079395756,0.9985077,0.00014340754,3.8228586e-06,0.0001400166,9.013002e-06,0.00031333783,1768,test
0.0001859878,0.0010105922,0.99783933,0.00015831918,1.4954254e-05,0.00021475914,1.9262205e-05,0.0005567303,1769,test
0.00020244035,0.00091085874,0.9978915,0.00016447835,9.812589e-06,0.00021518859,2.4625455e-05,0.00058110233,1770,test
0.00015113095,0.00090516097,0.9980653,0.00014852008,7.232801e-06,0.00029066927,2.196512e-05,0.00041001453,1771,test
0.00012776758,0.00086742203,0.9981192,0.00014556505,6.2450536e-06,0.0003214593,1.7738865e-05,0.00039462806,1772,test
0.9969649,0.000143272,0.0007298484,0.00087474287,0.0007101917,8.07314e-06,0.0001485466,0.00042039482,1773,test
0.99763346,0.00010233457,0.00092635164,0.0005977572,0.00037645872,4.6254545e-06,7.371277e-05,0.00028539923,1774,test
6.797022e-06,0.99727803,0.0015428241,0.0011209988,6.048455e-07,4.5917586e-06,1.062063e-05,3.55409e-05,1775,test
0.99657154,0.00017164268,0.0013775907,0.00094246696,0.00037258834,8.427257e-06,8.1463084e-05,0.00047429345,1776,test
0.00025533928,0.0009499457,0.9978568,0.00019894511,1.3816455e-05,0.00024677202,2.912568e-05,0.000449215,1777,test
0.00016670147,0.00093160744,0.99803025,0.00013795991,7.1413765e-06,0.00023562385,2.009087e-05,0.0004705981,1778,test
0.99746776,0.00014919725,0.00067582977,0.0008220336,0.00040152468,7.077905e-06,5.5652345e-05,0.0004208412,1779,test
0.013541475,0.022653779,0.033453528,0.045569163,0.16304874,0.68800855,0.01795386,0.015770976,1780,test
0.030598368,0.048185818,0.020203084,0.043564446,0.590002,0.046403475,0.08203027,0.13901253,1781,test
0.99739635,0.0001608351,0.000983735,0.0007148728,0.000324056,5.0351855e-06,5.1590603e-05,0.0003635126,1782,test
0.00027055482,0.0008542368,0.9977335,0.0002867678,1.05323115e-05,0.00016589441,2.105427e-05,0.00065751316,1783,test
0.9977047,0.00012710577,0.0006516528,0.00078225305,0.00030573053,5.7620005e-06,5.97952e-05,0.00036295495,1784,test
0.0004156156,0.0014010804,0.99679285,0.00031092716,1.37674e-05,0.00014439983,3.1809133e-05,0.0008893875,1785,test
0.99716395,0.00014877379,0.00080790307,0.0009016073,0.0004105005,7.499205e-06,8.681623e-05,0.00047292592,1786,test
0.00019778514,0.00072483707,0.99808264,0.00023283369,9.1991915e-06,0.00021904617,2.0199339e-05,0.0005133805,1787,test
0.00037691565,0.000569638,0.0008913808,0.00053933426,4.9249843e-06,5.5924622e-05,5.916678e-05,0.9975026,1788,test
0.9974642,0.00013073598,0.00076835783,0.0007349689,0.0005444336,5.033627e-06,7.295258e-05,0.0002793397,1789,test
0.99770844,0.00011746016,0.00054320274,0.0007029215,0.00054306444,7.0056e-06,0.00010456213,0.00027341367,1790,test
0.99590164,0.00024267026,0.001269858,0.0013000164,0.0004587292,1.4306619e-05,9.723028e-05,0.0007155944,1791,test
0.9964212,0.00023643668,0.0008432087,0.0014408455,0.00037619422,1.6723945e-05,8.3429746e-05,0.0005820105,1792,test
9.003198e-05,0.0010290947,0.99789006,0.000247943,7.97514e-06,0.0003776445,2.3236546e-05,0.00033407615,1793,test
0.98851633,0.00074077025,0.0026090723,0.0040668277,0.0011830591,0.00010939853,0.00054028496,0.0022341374,1794,test
2.6784479e-05,0.9893182,0.0074976897,0.0028513754,2.776726e-06,2.4771076e-05,3.0868287e-05,0.00024748984,1795,test
0.00010515254,0.0012191053,0.9973062,0.0003725971,8.902117e-06,0.0005693884,2.6772643e-05,0.00039187816,1796,test
0.000116643874,0.0012565047,0.99733424,0.00043757123,7.603974e-06,0.00043153527,2.3278815e-05,0.0003926832,1797,test
0.99583733,0.00025133594,0.0009720278,0.0018051692,0.0004006612,1.749579e-05,0.000103071565,0.0006129155,1798,test
0.00010341426,0.0012211837,0.9974413,0.0003627076,8.921802e-06,0.00044975395,2.1877322e-05,0.00039075504,1799,test
0.0005685899,0.0017386419,0.99415344,0.0016072756,1.792705e-05,0.00059249817,6.221857e-05,0.0012594552,1800,test
3.3900084e-05,0.9895494,0.0066233994,0.003616455,2.2274626e-06,2.9399242e-05,1.6255635e-05,0.0001289796,1801,test
0.00017514659,0.98369193,0.008870083,0.006109827,3.4130648e-05,0.00020104244,0.00021718205,0.00070067996,1802,test
0.9942386,0.00029779304,0.0020368306,0.0016827107,0.00083117624,4.6639434e-05,0.0002456063,0.000620626,1803,test
0.00010160604,0.0011116376,0.9976185,0.00038893434,8.60212e-06,0.00036659752,1.8059478e-05,0.00038595198,1804,test
8.080065e-05,0.0012938638,0.99734217,0.0006914724,6.957349e-06,0.00032681416,1.3353352e-05,0.00024465416,1805,test
0.9948718,0.0003102185,0.0017681102,0.0011868555,0.0008307496,2.676724e-05,0.00015482969,0.00085063395,1806,test
0.9960077,0.0002608429,0.00091088755,0.0015773744,0.0005026246,2.005549e-05,0.00012501268,0.00059545354,1807,test
0.00024702074,0.9820102,0.0072660814,0.00911006,3.5764515e-05,0.00029755553,0.0003330521,0.0007001501,1808,test
0.9956618,0.00026181954,0.0012979953,0.0015089014,0.00033700102,1.7835744e-05,0.00012387146,0.00079082156,1809,test
0.99484974,0.0003207631,0.0012466674,0.001991158,0.00067149376,3.0767995e-05,0.00015913519,0.00073018984,1810,test
0.57943714,0.023235785,0.32520658,0.041501008,0.003935788,0.0023822885,0.0029442904,0.021357039,1811,test
9.449543e-05,0.0007349429,0.99823534,0.0003476314,4.174649e-06,0.00029599253,1.7196442e-05,0.0002701504,1812,test
9.517497e-05,0.0023141264,0.9910573,0.0031410079,1.3210365e-05,0.0028978626,3.513775e-05,0.00044636312,1813,test
0.9955825,0.00030642038,0.0008543028,0.0016600614,0.0006517658,2.6382118e-05,0.00012867253,0.00078983343,1814,test
0.9963523,0.0002226193,0.0015208197,0.000994092,0.00042080958,1.211935e-05,7.97382e-05,0.00039739488,1815,test
0.9964116,0.00018977179,0.0009898833,0.0010676268,0.00074640376,1.4002124e-05,0.00013746138,0.00044316874,1816,test
7.2531395e-05,0.0010103809,0.9978872,0.0002764688,5.715938e-06,0.00042747616,1.6160977e-05,0.00030400956,1817,test
2.613412e-05,0.9873059,0.009864437,0.0025664044,2.7037206e-06,2.6143067e-05,2.4157134e-05,0.00018415228,1818,test
8.088815e-05,7.892168e-05,0.00015144446,0.00011843005,1.5744419e-07,2.866725e-06,3.7948826e-06,0.9995635,1819,test
0.99322295,0.00038874696,0.0021612968,0.0017149769,0.0005308767,2.6410764e-05,0.00031167347,0.0016430713,1820,test
0.00010191794,0.0010556709,0.9975062,0.00041892068,7.9676565e-06,0.0005256282,2.3795195e-05,0.00035995455,1821,test
0.00011956873,0.00075191027,0.99797636,0.0005057618,5.433916e-06,0.0002540518,1.527907e-05,0.0003716543,1822,test
0.00011216299,0.0013972203,0.99691844,0.0007725336,5.9629137e-06,0.00034669635,2.356148e-05,0.00042343195,1823,test
0.00010948438,0.0010720183,0.997503,0.0006214469,7.1212307e-06,0.00018422592,1.365919e-05,0.0004890217,1824,test
0.00010263577,0.0009295012,0.99772924,0.00045642766,6.5296745e-06,0.00040672225,1.684654e-05,0.00035210763,1825,test
6.668926e-05,0.00070505374,0.99814534,0.00038334003,6.5092268e-06,0.00041283702,1.8970346e-05,0.00026130525,1826,test
0.9902867,0.0009476857,0.0016460748,0.0027379156,0.002389808,0.00014713733,0.00026974236,0.0015748368,1827,test
4.4859124e-05,0.98990726,0.005113964,0.004641049,4.5792053e-06,2.8929935e-05,3.68841e-05,0.00022240606,1828,test
0.9948205,0.00032906482,0.0014506634,0.0014353085,0.0009601398,2.8314333e-05,0.00023529293,0.000740737,1829,test
7.650257e-05,0.0011812428,0.99725085,0.0005276886,6.9886305e-06,0.00062498794,2.354027e-05,0.0003082636,1830,test
0.996042,0.00022055583,0.0011549045,0.0014318218,0.00051878224,2.119327e-05,0.00012449527,0.00048621718,1831,test
0.996525,0.00023671021,0.0010846119,0.0011705725,0.00043690298,1.4600415e-05,6.4558866e-05,0.00046701237,1832,test
0.00018204127,0.0010234768,0.99675363,0.0006472547,1.2831486e-05,0.0008778947,2.9916382e-05,0.00047292272,1833,test
0.99522877,0.00025244383,0.001808043,0.0014818502,0.0004181859,2.421385e-05,0.00015080006,0.0006357023,1834,test
0.00010590728,0.0010472441,0.99774987,0.00042558336,7.388025e-06,0.00028962127,1.6765038e-05,0.00035751364,1835,test
0.00012302304,0.0012625745,0.99727386,0.00042054537,1.0019674e-05,0.0004985751,2.756726e-05,0.00038380685,1836,test
7.745856e-05,0.001076461,0.9978036,0.000472544,3.8489134e-06,0.00028527592,8.888891e-06,0.00027184922,1837,test
0.9960877,0.00022659833,0.0011165944,0.0014903857,0.00043542683,1.4089677e-05,9.765457e-05,0.00053154264,1838,test
0.996033,0.00020056621,0.0015987628,0.0012747288,0.00031120612,1.3401444e-05,8.909702e-05,0.00047918217,1839,test
0.9952609,0.00029111104,0.001077505,0.0015947607,0.00077055104,3.2866134e-05,0.00014094204,0.00083136495,1840,test
0.9961165,0.00025202887,0.00091806555,0.001541211,0.00042378312,1.9301557e-05,9.6225376e-05,0.00063278864,1841,test
0.000102957885,0.001132682,0.9972485,0.00042226978,9.463442e-06,0.00071390945,2.7030434e-05,0.0003431725,1842,test
0.0001485327,0.0008163753,0.99745446,0.0006430651,8.67899e-06,0.00046827746,1.8788982e-05,0.0004418057,1843,test
0.9957209,0.0002718477,0.0012072584,0.0015523806,0.000503643,2.0220828e-05,0.00014563411,0.0005781183,1844,test
0.9964585,0.00020749505,0.0009655386,0.001126382,0.0006790138,1.8099583e-05,0.00017571039,0.00036929577,1845,test
0.9961134,0.00023550191,0.00078355684,0.0014650886,0.00035487767,2.0055573e-05,0.00011252608,0.0009149637,1846,test
0.00019569193,0.001397506,0.9967943,0.00066057185,1.2130382e-05,0.00028199828,2.40912e-05,0.00063366734,1847,test
0.0001184096,0.00095634314,0.9975827,0.00059556053,6.6186644e-06,0.0002996539,1.4981594e-05,0.00042578217,1848,test
8.8224806e-05,7.0105234e-05,0.0003428941,0.00017609971,1.2127069e-06,5.613298e-05,1.9066874e-05,0.99924636,1849,test
0.00010321418,0.0014746404,0.99699366,0.00066039525,5.30932e-06,0.00023250647,1.4785191e-05,0.0005155133,1850,test
0.00011746852,0.0010344379,0.9975769,0.0003908184,7.944032e-06,0.0005067057,2.3242437e-05,0.00034246244,1851,test
0.9950353,0.0003557331,0.0013762504,0.0017210457,0.00057499757,2.8830833e-05,0.00020447602,0.0007035074,1852,test
2.7801174e-05,0.9892827,0.0077876956,0.0026441861,2.8529826e-06,2.6762327e-05,3.0646544e-05,0.00019736399,1853,test
0.00014097668,6.565559e-05,4.152055e-06,8.752715e-05,0.9995191,8.960861e-05,7.9377925e-05,1.3574743e-05,1854,test
0.99421823,0.0003379205,0.0024157646,0.001284338,0.0009261301,3.2300813e-05,0.000212878,0.00057245966,1855,test
8.074779e-05,0.001049718,0.9976978,0.00043549808,6.4043497e-06,0.00041569505,1.6255062e-05,0.00029781292,1856,test
0.0005618487,0.0003154536,0.00039205837,0.0009802241,2.3397672e-06,5.4348253e-05,1.730289e-05,0.99767643,1857,test
0.9963559,0.00025484408,0.0009181035,0.0013783806,0.00045737394,1.8619285e-05,0.000105197614,0.0005115947,1858,test
8.8568835e-05,0.00088883983,0.99791485,0.0004262673,5.4030115e-06,0.0003790673,1.1971008e-05,0.00028494824,1859,test
0.0001468261,0.00089520914,0.9976052,0.000489055,8.747223e-06,0.00031395874,1.6346576e-05,0.00052469445,1860,test
5.9870712e-05,0.00068703183,0.998237,0.00041597392,3.7630944e-06,0.00037258954,1.1975056e-05,0.00021172233,1861,test
3.4072713e-05,0.9907924,0.006016937,0.0030018326,1.7302676e-06,2.0738167e-05,1.34600095e-05,0.000118766446,1862,test
0.000110406036,0.95477605,0.03198816,0.010916745,3.5881796e-05,0.00044364424,0.00037434927,0.0013547558,1863,test
0.000100196856,0.001115318,0.99755704,0.0004237794,6.5229588e-06,0.00044466197,1.9231467e-05,0.0003331983,1864,test
0.043703966,0.015448278,0.87696326,0.026005775,0.0030188998,0.015791722,0.00679348,0.012274673,1865,test
7.93623e-05,0.00090141915,0.997869,0.0004358525,7.464543e-06,0.00039525903,2.7005448e-05,0.00028455173,1866,test
5.7592162e-05,0.00066567044,0.99841714,0.00024542314,4.22986e-06,0.00036616446,1.1646629e-05,0.00023218918,1867,test
0.9959859,0.00026338815,0.0011855394,0.001563363,0.00043371206,1.7367196e-05,8.9141e-05,0.0004614807,1868,test
0.0001447058,0.0011868897,0.9970585,0.0004972894,1.1421909e-05,0.00067477697,2.00103e-05,0.00040635545,1869,test
0.99468356,0.00036299854,0.0013228132,0.002035689,0.00062862784,3.194709e-05,0.00015658479,0.00077794446,1870,test
0.000121326026,0.0011462881,0.9974632,0.0003996147,9.731121e-06,0.00044530764,2.6485224e-05,0.00038794184,1871,test
0.99497944,0.00037390075,0.0019302974,0.0015434456,0.00041487374,2.2051847e-05,0.00012711727,0.0006088129,1872,test
0.99618065,0.00019752329,0.0015573734,0.0012159348,0.00034077725,1.139179e-05,0.000112421796,0.0003838769,1873,test
0.99410456,0.0004294529,0.00189985,0.0018729008,0.00087057566,4.7901005e-05,0.00017498816,0.0005997973,1874,test
0.00017409665,0.0001597349,0.00019579421,0.00031217397,0.00030082723,0.00080799597,0.9973314,0.0007179505,1875,test
0.00010432613,0.001265348,0.99734384,0.00034815664,8.780363e-06,0.0005065338,2.547376e-05,0.00039768964,1876,test
8.005171e-05,0.0010005988,0.997881,0.00038096937,9.61532e-06,0.0002893057,1.4259366e-05,0.0003441826,1877,test
0.9947693,0.00034067887,0.001100613,0.0022060166,0.0007973952,2.9299345e-05,0.00018309348,0.0005736472,1878,test
0.00012975425,0.0009234948,0.99673414,0.0010496932,5.9794056e-06,0.0006516378,1.840403e-05,0.00048697347,1879,test
7.822469e-05,0.0008874774,0.9970848,0.00095569034,3.4286672e-06,0.00048321395,1.10727615e-05,0.0004961159,1880,test
0.995249,0.00031300637,0.0013026152,0.0018184388,0.00055800215,1.9043593e-05,0.000107914515,0.00063204876,1881,test
0.00048380424,0.00013349799,1.7936292e-05,0.0001478173,0.99881136,0.00018410114,0.00018349414,3.8018672e-05,1882,test
8.886535e-05,0.0011318637,0.99748445,0.0006463094,7.2861135e-06,0.0002571225,1.5092629e-05,0.00036887833,1883,test
0.00092775683,0.0028101015,0.99234796,0.0019446479,3.590644e-05,0.00073307165,5.9973387e-05,0.0011405924,1884,test
0.00012234869,0.000903121,0.99765956,0.0005229882,7.0266938e-06,0.0004315914,1.5020804e-05,0.00033839833,1885,test
0.9933416,0.00046926673,0.0018529379,0.002283373,0.0005144738,4.2980133e-05,9.408913e-05,0.0014013099,1886,test
6.122392e-05,0.00067073357,0.9984981,0.0002201428,4.6574637e-06,0.00027023462,1.1065521e-05,0.0002639603,1887,test
0.99589145,0.00028287468,0.0008186364,0.0017779336,0.00061006326,2.7885471e-05,0.00011082923,0.00048026873,1888,test
0.99592495,0.0003015678,0.00095783954,0.0015758098,0.0005651184,2.3076724e-05,0.00014199753,0.0005096006,1889,test
0.9955052,0.00029313538,0.0015744901,0.0014039542,0.00046129184,1.7839166e-05,0.00011853423,0.000625555,1890,test
9.786889e-05,0.0012259318,0.9971167,0.00058844074,1.0111073e-05,0.0005618693,2.9093506e-05,0.00037003978,1891,test
0.00018858937,0.0012262888,0.997138,0.0006103287,8.546376e-06,0.00031032105,2.5430907e-05,0.00049251964,1892,test
0.99606043,0.00019868641,0.0010107927,0.001519614,0.00037761236,1.9668436e-05,8.4130326e-05,0.00072911876,1893,test
0.0020098342,0.7757885,0.09418633,0.10006403,9.117931e-05,0.005140006,0.0046026274,0.018117491,1894,test
0.00016182812,0.0013283169,0.99611616,0.0013233338,6.2133167e-06,0.00030580844,1.4682304e-05,0.0007435796,1895,test
0.00021412314,0.0014000533,0.99602073,0.0011548126,8.604165e-06,0.00075811706,3.01059e-05,0.00041342116,1896,test
0.00016727352,0.001701837,0.996846,0.000630992,1.296652e-05,0.00019081967,2.5707548e-05,0.0004243928,1897,test
0.021233657,0.004338358,0.009416246,0.013353981,0.013486844,0.00819774,0.0049001756,0.92507297,1898,test
8.747662e-05,0.0009705225,0.9976738,0.00037089697,7.324236e-06,0.0005641038,2.2288683e-05,0.00030359576,1899,test
8.532475e-05,0.0011106259,0.9974095,0.00050351996,7.652725e-06,0.00051072857,2.5071939e-05,0.00034752852,1900,test
8.8618406e-05,0.00074437354,0.99822396,0.000257306,7.268611e-06,0.0003285143,1.9527515e-05,0.00033040415,1901,test
0.00019078302,0.000121934376,0.00044825443,0.00022335959,1.6321804e-06,4.2634165e-05,3.2928547e-05,0.9989384,1902,test
0.99552405,0.00026650543,0.0011455674,0.0016255721,0.0004969746,1.6469054e-05,0.000118660784,0.0008061733,1903,test
8.053488e-05,0.0007655463,0.9981864,0.00031296676,5.0487274e-06,0.0003947762,1.6426975e-05,0.00023829723,1904,test
0.99540234,0.00030190553,0.00095761823,0.0016656733,0.00086112524,2.9031964e-05,0.00019250295,0.0005898013,1905,test
0.99599695,0.0002519037,0.0011386178,0.0015264583,0.00049742503,1.4945416e-05,9.934487e-05,0.00047440286,1906,test
0.00013986594,0.0012700211,0.9968562,0.0009061706,8.205527e-06,0.00028549775,1.3426163e-05,0.0005205323,1907,test
0.00021189294,0.0012940279,0.9966709,0.00043336715,1.8683488e-05,0.0008576015,3.8231206e-05,0.00047523703,1908,test
7.707767e-05,0.00065848505,0.9981862,0.0002158489,7.5261037e-06,0.00042502137,1.5451606e-05,0.00041434765,1909,test
9.350351e-05,0.001009757,0.99772626,0.0005183172,5.8123605e-06,0.00029352275,1.4954185e-05,0.00033790208,1910,test
0.99624205,0.0002195304,0.0009883735,0.0013143542,0.0006186869,2.0165742e-05,0.0001564574,0.00044041793,1911,test
0.000116478084,0.0008868097,0.99742126,0.00079466763,4.104966e-06,0.0005325511,1.0163192e-05,0.00023402621,1912,test
0.00013871727,0.0011901786,0.99724114,0.0006346266,8.836005e-06,0.00028278548,2.0020057e-05,0.000483767,1913,test
8.2840816e-05,0.0011711314,0.99743265,0.0003788274,9.185674e-06,0.0005425986,1.9460671e-05,0.00036332273,1914,test
0.99580884,0.00028471238,0.00075536885,0.0017431204,0.00073278387,2.9276694e-05,0.00013507127,0.000510779,1915,test
0.00059039315,0.000158121,1.9741246e-05,0.00034070367,0.99758685,0.0004716695,0.00077460165,5.780426e-05,1916,test
0.9951734,0.00029956287,0.0016309497,0.001490253,0.0004828728,1.9478312e-05,0.00018853758,0.0007149838,1917,test
4.7304624e-07,8.1255223e-07,5.627937e-06,1.8490622e-05,1.3313687e-05,0.999959,1.2283094e-06,1.0868516e-06,1918,test
0.00013335624,0.0010557817,0.9974948,0.0005290664,7.229549e-06,0.00028885275,1.6216427e-05,0.0004747537,1919,test
0.9964226,0.00020997142,0.0016916913,0.00084831717,0.00034123307,8.313199e-06,6.525388e-05,0.00041264007,1920,test
0.00012662126,0.00046207296,0.0024744896,0.0011694789,0.0028776983,0.99198407,0.0006018578,0.00030369358,1921,test
2.6158361e-06,0.9975738,0.0012516262,0.0011249278,4.2618538e-07,1.2397753e-06,8.4418725e-06,3.697766e-05,1922,test
8.0907375e-05,0.00049198174,0.99855655,0.0003489558,2.6141513e-06,0.00012856051,1.1877272e-05,0.00037846243,1923,test
1.6154336e-05,0.98184896,0.014104639,0.0038423839,2.1206556e-06,2.851746e-05,6.354691e-05,9.3611234e-05,1924,test
0.9951383,0.00033045703,0.0016060625,0.0015031443,0.0008158693,3.3582826e-05,0.00013299439,0.0004396186,1925,test
2.6020682e-05,0.00029888234,0.99908185,0.00029387785,1.8688547e-06,0.00016671472,6.9414928e-06,0.00012386173,1926,test
6.144063e-05,0.00051474944,0.9985085,0.00024064639,6.2032354e-06,0.00043052665,2.8138666e-05,0.00020987468,1927,test
5.8412214e-05,0.0010871288,0.99804235,0.00025978778,5.0754466e-06,0.000148977,2.8135293e-05,0.00037010593,1928,test
0.16176865,0.0058815656,0.81645036,0.006777544,0.0006671523,0.0009848054,0.0013426585,0.00612732,1929,test
4.2368003e-05,0.0006348595,0.9984824,0.00028121204,5.4556704e-06,0.0002986637,3.156571e-05,0.00022345489,1930,test
4.9989296e-05,0.001013312,0.998184,0.00025830252,5.745406e-06,0.00021829866,1.4622352e-05,0.00025576446,1931,test
5.84767e-05,0.0010005375,0.99773777,0.00026539993,1.050914e-05,0.00056064036,2.5800327e-05,0.00034080588,1932,test
9.102416e-05,0.0014840444,0.9966492,0.00030877328,1.5292362e-05,0.0009444159,5.1123217e-05,0.00045616127,1933,test
0.99634016,0.00018782666,0.0018278764,0.0009609198,0.00023332288,1.0146292e-05,5.87765e-05,0.00038095305,1934,test
3.0786657e-06,0.996854,0.001830154,0.0012493968,6.908278e-07,2.5381014e-06,2.0814205e-05,3.939873e-05,1935,test
0.9964276,0.00027085165,0.0011222026,0.0011461512,0.00021743293,1.2256214e-05,9.509129e-05,0.0007085051,1936,test
0.99450773,0.00026344505,0.0020959498,0.0016514278,0.00034708105,1.5107635e-05,0.00014920217,0.00097001926,1937,test
3.1050626e-05,0.00044205954,0.9988951,0.00029117792,1.3296636e-06,0.00017737619,1.3871715e-05,0.00014813086,1938,test
7.247004e-05,0.0010897442,0.99769455,0.00027217437,9.0788235e-06,0.00047735873,4.239789e-05,0.00034224262,1939,test
0.16214947,0.012983364,0.80584645,0.0058033504,0.00028288894,0.00024379168,0.0004976828,0.012192894,1940,test
0.99657476,0.00019502254,0.0012112616,0.0011434586,0.0002513434,1.4903446e-05,8.8078596e-05,0.00052113074,1941,test
7.2302966e-05,0.0015752942,0.99707615,0.00047120036,1.2697451e-05,0.00039522,8.951056e-05,0.0003076443,1942,test
7.499022e-05,0.0012709595,0.99750537,0.00033666205,7.035867e-06,0.00028647453,4.8395632e-05,0.00047013714,1943,test
0.99806017,0.000103903236,0.00067355024,0.00061942474,0.0001914718,5.5988526e-06,4.7863887e-05,0.00029809334,1944,test
0.9975305,0.00013307465,0.00052631897,0.0009929012,0.00019517718,9.506195e-06,6.8371344e-05,0.0005441708,1945,test
4.978391e-05,0.0013047658,0.99757975,0.00036403103,6.7688325e-06,0.0004003072,5.7803623e-05,0.00023680057,1946,test
0.95744956,0.0029411863,0.009311593,0.01500732,0.00493636,0.0009445425,0.0032064791,0.0062030507,1947,test
2.1010057e-06,0.9966401,0.0020670544,0.0012395687,1.918237e-07,2.4835872e-06,2.7993729e-05,2.0480707e-05,1948,test
0.016246535,0.039604556,0.74653834,0.005732588,0.0008610482,0.061681304,0.0027508382,0.12658487,1949,test
5.595439e-05,0.00093747454,0.9978071,0.00024810428,8.819815e-06,0.00056680787,3.732588e-05,0.000338389,1950,test
0.002077227,0.0007210321,0.003986158,0.0020320604,5.3227155e-05,0.0023823394,0.0006116417,0.9881363,1951,test
8.188196e-05,0.0011100639,0.9978296,0.0003238309,5.924951e-06,0.00012716521,2.1415768e-05,0.00050013623,1952,test
3.207661e-06,0.99521506,0.0031428835,0.0015508418,7.7159234e-07,4.3132973e-06,3.09739e-05,5.197303e-05,1953,test
0.9964881,0.00023229838,0.0013603532,0.0008477554,0.000520767,3.0014906e-05,0.00012655514,0.00039421915,1954,test
5.0275685e-05,0.0005509128,0.9987356,0.00017187472,3.7921766e-06,0.00021570793,2.3171067e-05,0.00024859983,1955,test
0.0008801318,0.0018521168,0.0040028947,0.0056988695,0.010435665,0.97038805,0.0051411693,0.0016011006,1956,test
0.99754286,0.0001264514,0.0009159508,0.0007301214,0.00036725416,8.168316e-06,7.704643e-05,0.0002322878,1957,test
0.9976133,0.00013825967,0.000568412,0.0009817702,0.00029404482,8.842211e-06,6.497222e-05,0.00033034282,1958,test
9.0076166e-05,0.0012793844,0.99737954,0.00037494602,1.5029023e-05,0.0004347878,6.015412e-05,0.00036605034,1959,test
0.99664104,0.00017609306,0.0009919046,0.0010862543,0.00027403352,1.27743515e-05,0.00011141132,0.0007064952,1960,test
4.0174058e-05,0.0005115541,0.9988549,0.00015131038,3.8779694e-06,0.0002028011,1.1880368e-05,0.00022349665,1961,test
0.99749666,0.00013701197,0.001014827,0.00059415423,0.00031896427,9.915729e-06,7.31492e-05,0.0003552248,1962,test
0.99769294,0.00012442103,0.0005293954,0.0009513131,0.00021769803,7.680874e-06,6.009525e-05,0.00041657905,1963,test
0.0068975403,0.0086543625,0.009905848,0.03258478,0.0038508207,0.009933991,0.003936452,0.9242362,1964,test
5.7076148e-05,0.00061055686,0.99860257,0.00019683545,5.393962e-06,0.000245373,2.7775237e-05,0.00025449478,1965,test
6.7424546e-05,0.0008351809,0.9981462,0.00019803233,6.6426437e-06,0.00041336392,3.0002951e-05,0.00030321273,1966,test
6.209988e-05,0.0005602956,0.99850404,0.00034955563,4.4505837e-06,0.0001865321,1.9776986e-05,0.00031328853,1967,test
0.9973302,0.00017661693,0.0007076076,0.00093690265,0.00037304306,1.05226545e-05,7.290251e-05,0.00039214047,1968,test
0.99656713,0.0001705762,0.0010110349,0.0008440234,0.0008789471,1.5741265e-05,0.00020801798,0.0003045406,1969,test
6.750173e-05,0.00091722416,0.9978471,0.00024933318,9.666692e-06,0.0005460337,3.6070964e-05,0.00032703576,1970,test
2.426533e-05,0.00058776105,0.99879706,0.00026874786,1.5769141e-06,0.00014352245,1.6892564e-05,0.00016016139,1971,test
0.9939765,0.00028103546,0.0035324872,0.0010899832,0.0004393531,2.8092783e-05,0.00012134017,0.000531205,1972,test
0.99466056,0.00035442278,0.0026790819,0.001383192,0.0002802781,2.2771705e-05,8.224552e-05,0.0005374069,1973,test
6.7738954e-05,0.00033111754,0.999074,0.00024671585,9.690515e-07,5.6750596e-05,1.8605097e-05,0.00020414584,1974,test
3.54685e-05,0.0007323203,0.99840254,0.00036609816,2.080637e-06,0.0002078957,1.584382e-05,0.00023785426,1975,test
0.0001249184,0.0010042273,0.9973346,0.00032907256,1.8236156e-05,0.0007152339,4.8931674e-05,0.00042479363,1976,test
0.99467564,0.0002500688,0.002013321,0.00106981,0.0006687495,1.6579126e-05,0.00013385077,0.0011719774,1977,test
0.99751043,0.000111258676,0.0009823812,0.0008020019,0.00015288676,7.363226e-06,4.4385357e-05,0.00038922095,1978,test
4.5035533e-05,0.0006097461,0.99857223,0.00019584123,5.06714e-06,0.00030664113,1.918021e-05,0.0002461979,1979,test
3.8813516e-05,0.00047725215,0.9987649,0.00014388961,4.570252e-06,0.0004101409,1.4300131e-05,0.0001462346,1980,test
5.3450818e-05,0.0011315214,0.9973822,0.00025158114,7.6098763e-06,0.00076885545,3.606685e-05,0.00036862356,1981,test
9.76328e-05,0.0011052968,0.9976222,0.0002313258,1.0673052e-05,0.00048515678,5.1520215e-05,0.0003962426,1982,test
5.0553816e-05,0.00049792294,0.9986259,0.0003710587,1.6175277e-06,0.000113085545,1.03631255e-05,0.00032954983,1983,test
4.7303394e-05,0.0007115951,0.99835014,0.00019919082,6.0404614e-06,0.00036643786,2.7942828e-05,0.00029139261,1984,test
7.306045e-05,0.00051468704,0.99783355,0.00075323257,3.9313877e-06,0.00022446286,2.7557831e-05,0.0005694728,1985,test
0.0009223464,0.0016532921,0.0013782716,0.002147643,6.257012e-05,0.00026631018,0.0010056406,0.9925639,1986,test
0.998231,7.6217904e-05,0.00056052185,0.00061297533,0.00015374372,4.5455245e-06,5.755293e-05,0.0003035038,1987,test
5.4298747e-05,0.0007417407,0.99797755,0.00026890507,8.233613e-06,0.00068161695,3.315966e-05,0.00023446468,1988,test
0.9979869,0.000101048674,0.000846873,0.0005130721,0.0002463717,6.4187548e-06,6.538333e-05,0.00023390564,1989,test
5.6355144e-05,0.0008101041,0.9983765,0.00021908163,6.3072675e-06,0.00022486167,2.5808033e-05,0.0002809265,1990,test
8.6297834e-05,2.9275358e-05,2.8081258e-06,2.3452647e-05,0.99978834,1.0997644e-05,5.3506334e-05,5.4348293e-06,1991,test
0.09467372,0.028260252,0.17372517,0.37813422,0.0016464725,0.024076652,0.0045318976,0.2949516,1992,test
0.99596125,0.00023362838,0.002329796,0.0008188905,0.000149349,1.2437166e-05,7.661589e-05,0.00041804797,1993,test
0.00013385806,0.00010452403,2.581239e-05,0.00011248076,0.99899846,0.00017214619,0.00042646352,2.6233305e-05,1994,test
0.9917482,0.00032860655,0.005751543,0.0009425732,0.00067642634,2.6731233e-05,0.000112378075,0.00041364433,1995,test
5.2600746e-05,0.00047856476,0.99863154,0.0004125781,2.2078787e-06,0.00016100756,7.758839e-06,0.0002538315,1996,test
0.99592423,0.0001919857,0.0016268305,0.0011683409,0.0005016973,2.1985055e-05,0.00013611227,0.0004287804,1997,test
0.9971597,0.00017876287,0.00075342593,0.0010873841,0.00031240194,1.0293815e-05,7.243719e-05,0.00042559722,1998,test
4.69051e-05,0.00087627134,0.99823546,0.0003325183,4.1231892e-06,0.00012554454,1.1337793e-05,0.00036783278,1999,test
4.73217e-05,0.000707242,0.9984994,0.00022012251,6.2274216e-06,0.000315387,1.4401382e-05,0.00018988417,2000,test
0.03089582,0.004459624,0.950448,0.009797285,0.00010606511,0.001394431,0.00022940649,0.0026694043,2001,test
0.002189253,0.6006854,0.093017235,0.2584604,5.5830977e-05,0.005844896,0.032007974,0.007739014,2002,test
0.000106841384,0.0012022271,0.99710196,0.00030019754,1.5461326e-05,0.00072941015,5.35151e-05,0.0004903526,2003,test
0.9981072,0.000100820864,0.0005960942,0.000688751,0.00012972573,6.014283e-06,4.1987725e-05,0.00032940597,2004,test
9.547305e-05,0.0011656566,0.9972492,0.00026764846,1.37111365e-05,0.00074125023,4.9313014e-05,0.0004177704,2005,test
0.99692184,0.00017002353,0.00090883154,0.0010940725,0.00026577356,8.774881e-06,9.363159e-05,0.00053711573,2006,test
2.9518926e-05,0.00031415798,0.9991536,0.00016213748,2.1769204e-06,0.00020026845,8.390618e-06,0.0001298434,2007,test
0.997156,0.00013581173,0.000750527,0.0011076118,0.00034485984,1.2974524e-05,0.00010210268,0.00039002497,2008,test
0.00023928082,0.0016252656,0.9963406,0.0008209203,1.6588565e-05,0.00044473243,2.9020113e-05,0.00048371172,0,validation
0.9965269,0.00018437312,0.00083825865,0.0012118586,0.0004799841,1.2794552e-05,9.255139e-05,0.0006534136,1,validation
0.99653745,0.00016233038,0.0011914235,0.0007955316,0.00053631316,1.0230256e-05,0.00012385371,0.0006427664,2,validation
0.99685293,0.00017597721,0.00082860765,0.0010747913,0.00041666356,1.0074146e-05,6.254354e-05,0.00057847623,3,validation
0.00018868955,0.0015020412,0.9965228,0.0006896726,1.4986643e-05,0.00040783227,4.7198486e-05,0.0006267479,4,validation
0.00022967761,0.0018970481,0.99608886,0.0004429844,1.8632001e-05,0.00057681557,5.9486378e-05,0.00068649283,5,validation
0.00010377939,0.0016743421,0.997095,0.0004555283,1.2299235e-05,0.00026707727,2.6133353e-05,0.00036583145,6,validation
0.9961319,0.00019810897,0.0010895891,0.0011312442,0.00066113396,1.6682441e-05,0.000120384684,0.0006509353,7,validation
0.9957236,0.00027199648,0.0011643386,0.0012008399,0.0008140623,2.1890255e-05,0.000117298056,0.0006860046,8,validation
0.9965575,0.00017772385,0.0007482118,0.0013030069,0.00062760833,1.2226243e-05,7.118285e-05,0.0005026124,9,validation
0.0002472701,0.0022612605,0.9953301,0.0006216794,2.8662169e-05,0.0008001542,5.2144922e-05,0.0006587453,10,validation
0.0011760084,0.00032771417,6.212511e-05,0.00056799053,0.995806,0.0006203056,0.0012467795,0.00019300537,11,validation
0.0003521178,0.0019934722,0.9952041,0.00071379385,2.0095093e-05,0.0007690227,4.238892e-05,0.0009050856,12,validation
0.00013719524,0.0016071022,0.99685717,0.000367081,1.5883e-05,0.00041191102,3.353762e-05,0.0005701711,13,validation
0.00021314534,0.0019410464,0.99593204,0.00073745905,1.45996755e-05,0.00036957476,3.8892653e-05,0.0007532117,14,validation
0.000105251995,0.0013778745,0.9972095,0.00035398657,9.353253e-06,0.00048901583,3.2061707e-05,0.0004229033,15,validation
2.8287761e-06,1.1902313e-05,8.168877e-05,5.6438264e-05,0.0001308203,0.999688,2.4351612e-05,4.0128134e-06,16,validation
0.9967907,0.00017290043,0.0010307828,0.0009867818,0.0003770936,9.994402e-06,8.514236e-05,0.0005466709,17,validation
0.00085118396,0.0029784588,0.991956,0.0017737779,3.5042696e-05,0.00049272866,6.801061e-05,0.0018448426,18,validation
0.00010672779,0.0014989788,0.99731654,0.00029523033,1.042051e-05,0.00032909453,2.4429875e-05,0.00041872743,19,validation
0.0002317632,6.880207e-05,0.00033211434,0.0001565957,7.9092655e-07,2.2255452e-05,1.7592221e-05,0.9991702,20,validation
0.00018625676,0.0022484781,0.9955924,0.0004940883,1.9875173e-05,0.0007249322,5.901829e-05,0.0006749337,21,validation
0.00020115565,0.0014877558,0.99670106,0.0006347324,1.1673097e-05,0.00034353964,3.8651175e-05,0.00058152084,22,validation
0.48411226,0.013510672,0.4697908,0.013295007,0.00417951,0.0018116194,0.002099652,0.011200476,23,validation
0.00016341323,0.0017531515,0.9964277,0.00038277215,1.539586e-05,0.0005660241,4.4533852e-05,0.0006469866,24,validation
0.00025365676,0.0015707456,0.99601305,0.00085105235,1.696978e-05,0.00039200092,4.7197747e-05,0.00085533713,25,validation
0.0001753391,0.001351029,0.9971,0.0002758416,1.7203703e-05,0.00035822118,3.1893363e-05,0.0006905362,26,validation
0.008867902,0.0040530576,0.9802776,0.0024395767,0.00017901493,0.0007008979,0.00032239902,0.0031594683,27,validation
0.00027761163,0.0014588695,0.9962171,0.00056752824,1.9111247e-05,0.0007987571,6.392172e-05,0.00059714244,28,validation
0.9954699,0.00023934184,0.0013611228,0.0010292403,0.0011892567,1.9603533e-05,0.00013206521,0.00055942044,29,validation
0.003645404,0.005183618,0.98577166,0.0015534637,0.00017109659,0.00046432737,0.00032190297,0.0028886655,30,validation
0.0001370049,0.0013917483,0.9973225,0.00028788604,1.2250736e-05,0.00039644344,2.921669e-05,0.0004229704,31,validation
0.000121760015,0.0017295277,0.9969355,0.00037554168,1.35570335e-05,0.0003257097,2.4830619e-05,0.00047350928,32,validation
3.0627791e-06,5.61161e-05,5.108481e-06,0.9996778,1.1946188e-09,0.00025000155,4.0362497e-06,3.9485485e-06,33,validation
0.24243101,0.50488716,0.08070352,0.11534591,0.0062518204,0.014080964,0.011548063,0.024751509,34,validation
0.00016434392,0.000984721,0.99713767,0.00065354473,7.095497e-06,0.0005063305,1.9503308e-05,0.00052682514,35,validation
0.00022049228,0.0016222128,0.99626607,0.0006129586,1.8755914e-05,0.0005604817,5.287063e-05,0.00064622,36,validation
0.99672335,0.00017935732,0.0009429522,0.0010122905,0.00046473258,1.4608183e-05,0.00011156268,0.00055119506,37,validation
0.9946642,0.00031676993,0.0009953269,0.001513186,0.0013856818,3.1949636e-05,0.00016371455,0.0009291502,38,validation
0.9870113,0.0004854289,0.006684639,0.0021054933,0.0017209973,5.0597177e-05,0.00043852482,0.0015030244,39,validation
0.00073023373,0.00021108253,2.138184e-05,0.0002340304,0.9983146,0.00014713508,0.00024906683,9.2393384e-05,40,validation
0.99561465,0.00025795677,0.0009765839,0.0013704593,0.0010355266,2.4756631e-05,0.00014388817,0.0005760829,41,validation
0.9956714,0.00026525598,0.0018286052,0.0010117473,0.0006087368,1.7990693e-05,6.1272185e-05,0.0005350331,42,validation
0.00088910706,0.0020598844,0.9945327,0.00067490846,2.941824e-05,0.0008598434,8.843641e-05,0.0008656291,43,validation
0.00022748532,0.00022730573,0.00065010786,0.00031172414,8.271111e-06,0.00018592998,5.586614e-05,0.9983334,44,validation
0.0002034693,0.0013386243,0.9965659,0.0006920458,1.677636e-05,0.0005202181,5.097047e-05,0.00061203423,45,validation
0.00014566953,0.0015927339,0.9967374,0.0003957566,1.5689622e-05,0.00044297957,3.7342517e-05,0.0006323802,46,validation
9.3891176e-05,8.249551e-05,0.00017327318,0.00012459005,6.3394805e-07,3.768646e-06,1.2853716e-05,0.9995085,47,validation
0.00015251862,0.001999362,0.9962851,0.0004984336,1.6341268e-05,0.00042991142,3.9161096e-05,0.0005791362,48,validation
7.9892256e-05,0.0018993809,0.9963569,0.0008775197,3.7040934e-06,0.0005102074,1.875065e-05,0.00025352422,49,validation
0.00030021984,0.0020387308,0.9949921,0.0010572077,2.2846434e-05,0.0004418051,5.547077e-05,0.001091611,50,validation
1.9920411e-05,0.9948531,0.003402806,0.0015540348,2.3932218e-06,1.0199143e-05,3.7041096e-05,0.000120531375,51,validation
0.00015841374,0.0015582509,0.9964701,0.00066834944,1.6929289e-05,0.00041869437,4.974134e-05,0.00065949693,52,validation
0.00024123362,0.0018446743,0.99526066,0.0011769088,9.864625e-06,0.0004574962,2.6408423e-05,0.0009828144,53,validation
0.9964328,0.00019406273,0.0010145572,0.0011021376,0.00053300493,9.329716e-06,0.00010618448,0.0006079241,54,validation
0.00012028695,0.0014643838,0.99714655,0.0003778792,1.1210475e-05,0.00045527844,3.538569e-05,0.00038901548,55,validation
0.9946768,0.00035658793,0.0011748569,0.0014029104,0.0014956301,3.2232798e-05,0.00023630161,0.0006247046,56,validation
6.1174425e-05,0.00016695846,9.690666e-05,0.00010479987,2.6318972e-05,6.1338695e-05,0.9992077,0.00027471595,57,validation
0.00016377182,0.0010749712,0.9975223,0.00039444116,6.468232e-06,0.00050662877,1.5810692e-05,0.00031556646,58,validation
0.00031358702,0.00245428,0.99461836,0.0006434633,2.9674862e-05,0.0011494994,8.0611266e-05,0.00071059895,59,validation
0.0001600837,0.0016753315,0.9966306,0.0005496054,1.0606158e-05,0.00041311292,3.0513924e-05,0.0005301261,60,validation
0.00021332916,0.00022128904,0.000399317,0.00018666085,1.5049972e-06,1.2252255e-05,4.5898774e-05,0.9989197,61,validation
0.9936202,0.00026978736,0.0035206827,0.001148318,0.0006820964,2.8744593e-05,0.00017086546,0.00055915257,62,validation
0.000110875604,0.0019056211,0.99672544,0.00032234393,1.4064079e-05,0.0003226521,3.150326e-05,0.0005674533,63,validation
0.00011988047,0.0022047365,0.9962943,0.0005394379,9.623625e-06,0.00027594485,2.4221219e-05,0.00053186616,64,validation
9.095176e-05,0.0015398514,0.9971413,0.00042976747,5.5352716e-06,0.0001925423,8.811661e-06,0.00059115665,65,validation
0.00017537386,0.001281226,0.9968156,0.00058469246,1.2581014e-05,0.00057842844,4.7177924e-05,0.00050489465,66,validation
0.994166,0.00028086393,0.0023690702,0.0015990742,0.0005033237,1.9273446e-05,0.00010566463,0.00095672446,67,validation
0.00010116552,0.9913032,0.0037149221,0.0041099368,1.5559352e-05,5.2026553e-05,0.00017438128,0.00052883005,68,validation
0.99616796,0.00019895949,0.0008556962,0.0012937055,0.0005785415,1.4482557e-05,0.00012190274,0.00076877966,69,validation
0.00012309641,0.00090688345,0.9972494,0.00049929536,5.100555e-06,0.0009078124,2.8835224e-05,0.00027953644,70,validation
0.00020768099,0.0012228186,0.9970823,0.00062283094,8.237162e-06,0.00027389693,1.9269337e-05,0.00056292024,71,validation
1.5863248e-05,0.9941089,0.0038108465,0.001888512,2.381066e-06,1.3809292e-05,3.342679e-05,0.0001262437,72,validation
0.00017975496,0.002189939,0.9961087,0.000398959,2.2363627e-05,0.00039102836,3.905228e-05,0.0006701408,73,validation
0.00017296671,0.0020706058,0.99601525,0.0005939373,1.7273222e-05,0.00039687686,3.7441794e-05,0.0006957194,74,validation
0.00011379536,0.001325056,0.99739057,0.00033054224,1.1317591e-05,0.00036567842,4.8972794e-05,0.00041410446,75,validation
0.0009472892,0.0017088117,0.99356234,0.0014393028,0.0001355801,0.0006435002,0.00016812036,0.0013950195,76,validation
0.9947842,0.00034394016,0.0011345693,0.0013491749,0.0012589258,2.8370057e-05,0.00013583439,0.00096499745,77,validation
0.00026944303,0.0014299998,0.99588746,0.0010149742,1.2377416e-05,0.0005655537,3.6716534e-05,0.00078351103,78,validation
0.00013081192,0.0013287147,0.9973214,0.00033236181,1.2413419e-05,0.0003823599,3.19931e-05,0.00045987213,79,validation
0.9967372,0.00017215914,0.00103835,0.0008676555,0.000503818,1.0689099e-05,0.00011486627,0.00055523484,80,validation
0.99552,0.00020975962,0.0012087305,0.0012291331,0.00055556576,1.1783387e-05,0.00014680327,0.0011182604,81,validation
0.00017189032,0.0017105037,0.9965579,0.00044175936,2.2620223e-05,0.00032086464,4.2782598e-05,0.0007316707,82,validation
3.0444496e-06,1.4408576e-05,0.00012177247,6.48108e-05,0.0001547361,0.99962044,1.4786983e-05,6.0113393e-06,83,validation
0.99572587,0.00019244327,0.0017517388,0.00087749807,0.00090185937,1.7008415e-05,0.00013238154,0.00040114202,84,validation
0.00012143255,0.001512753,0.997044,0.00032251462,1.2849394e-05,0.0003928485,2.756185e-05,0.00056596595,85,validation
0.00014744318,0.0010904493,0.997584,0.00043537078,1.01815385e-05,0.00023035273,3.2903787e-05,0.00046930354,86,validation
0.9959629,0.00023647088,0.00104288,0.0011947975,0.0008249396,2.2453734e-05,0.00014236878,0.00057316106,87,validation
0.00018375136,0.0015080017,0.996657,0.0005727002,1.6599372e-05,0.00043975323,4.6201054e-05,0.00057596026,88,validation
0.00018527205,0.0014136977,0.9967578,0.00050792407,1.8430323e-05,0.00042618948,4.3990443e-05,0.0006467601,89,validation
8.060481e-05,0.0011074995,0.9977278,0.00038597366,1.1825038e-05,0.0003951731,1.9995472e-05,0.00027114662,90,validation
0.00017359266,0.0021216478,0.99574727,0.00090769277,1.5093552e-05,0.00044495804,2.7335405e-05,0.00056240347,91,validation
0.00015498119,0.0010729651,0.99750596,0.00025103183,1.561673e-05,0.00035269876,2.8234e-05,0.0006185898,92,validation
0.9957072,0.00022516548,0.0014418501,0.0013446521,0.0005203276,1.4187248e-05,0.00013037844,0.00061616756,93,validation
0.99608165,0.00021617787,0.00096210535,0.0011883038,0.0005706543,1.3953106e-05,0.00014133766,0.0008257527,94,validation
0.00026685814,0.0022969537,0.9950075,0.00053904083,2.410443e-05,0.00082403707,7.6205586e-05,0.00096535956,95,validation
0.00047117058,7.796671e-05,1.5984027e-05,0.00012778609,0.9988446,0.00016610704,0.0002518078,4.4521174e-05,96,validation
0.00020376533,0.0014852007,0.99655956,0.00056811253,1.6236907e-05,0.00057399087,4.822297e-05,0.00054483855,97,validation
0.6854839,0.011347396,0.16183943,0.040138334,0.040712498,0.012677135,0.020185143,0.027616266,98,validation
0.99571383,0.00021291236,0.0014596289,0.001052988,0.0008560609,1.3997111e-05,0.00011540946,0.0005752102,99,validation
0.00013890372,0.0022435656,0.99584454,0.0007310748,1.8728464e-05,0.00038879443,4.360333e-05,0.0005907928,100,validation
0.9933054,0.0004927874,0.0014343538,0.0018954537,0.0016600303,4.3305743e-05,0.00021157919,0.00095718977,101,validation
0.99663454,0.00016278557,0.0009669297,0.0010285442,0.0005011328,9.757274e-06,8.36772e-05,0.0006126291,102,validation
0.00023377327,0.0015728635,0.9962405,0.000775851,8.555507e-06,0.0004170162,1.829324e-05,0.00073319237,103,validation
0.99492645,0.00022599446,0.0024647994,0.0009488115,0.00068263104,2.1270169e-05,0.00014853342,0.000581422,104,validation
0.0019349786,0.0005361236,0.0002614999,0.0009513957,0.98779756,0.0037781557,0.0041402522,0.00060004607,105,validation
0.9968004,0.00017388917,0.0011271926,0.00069246575,0.00071636215,8.113258e-06,0.00010478406,0.00037663864,106,validation
0.00021818397,0.001505028,0.9964007,0.00060691516,1.837054e-05,0.00064447016,5.2987474e-05,0.00055330526,107,validation
2.2182448e-05,3.7836748e-05,8.389531e-06,8.721025e-05,8.46842e-06,7.421044e-05,0.9996598,0.00010195638,108,validation
0.00014634321,0.0017494449,0.99644876,0.0005258114,1.5061753e-05,0.0005335307,5.321818e-05,0.00052785,109,validation
0.00015130536,0.0016202538,0.9965725,0.00064556795,1.4624048e-05,0.0004506602,3.2508673e-05,0.000512514,110,validation
0.00018811792,0.0016353183,0.99657464,0.0006811566,8.07001e-06,0.00036629723,1.7394206e-05,0.00052908424,111,validation
0.00016346367,0.0016084632,0.99683017,0.000473301,1.634176e-05,0.00031262083,4.403263e-05,0.00055159966,112,validation
3.070946e-05,0.99215066,0.0051713483,0.0023872163,3.3736865e-06,1.7612856e-05,7.006022e-05,0.00016902256,113,validation
0.0021386172,0.0024110633,0.008117311,0.0037742543,0.00020350837,0.019174023,0.0013139382,0.9628672,114,validation
0.00018307121,0.001481849,0.9967687,0.00050721876,1.4576672e-05,0.0003901402,3.6419497e-05,0.00061817776,115,validation
0.9951001,0.00023471193,0.001922606,0.0012209365,0.00049381994,1.8251296e-05,0.00011020615,0.00089949236,116,validation
0.99585164,0.00019758238,0.001198212,0.0010856284,0.0009530407,1.5788188e-05,0.00012692391,0.00057125103,117,validation
0.9952819,0.00026980203,0.0011006704,0.001608415,0.00079714897,2.3808618e-05,0.00014986013,0.000768301,118,validation
0.09510107,0.0076479246,0.8832076,0.0063259955,0.0003559547,0.0005445886,0.0003775296,0.0064392956,119,validation
0.9961947,0.00021755404,0.0009610265,0.0010973174,0.00052534253,1.5152354e-05,0.00011687997,0.00087192754,120,validation
0.99598014,0.00020182383,0.0013122805,0.0012199531,0.00041014788,1.2230399e-05,8.9426154e-05,0.0007740303,121,validation
0.9963128,0.00017318231,0.0011005177,0.0012321465,0.00036975095,1.6135555e-05,0.0001243562,0.0006711611,122,validation
0.00026343076,0.0018056893,0.99566084,0.00084773335,2.0653491e-05,0.0006393043,5.6189634e-05,0.00070630066,123,validation
0.97885096,0.0015795043,0.010791199,0.00350486,0.0014252367,0.00010657182,0.00027186982,0.003469772,124,validation
0.994487,0.00035428457,0.0025764722,0.0012782288,0.0006286504,1.8025676e-05,0.000106192616,0.0005510525,125,validation
0.99654895,0.00016879158,0.001244192,0.0007976395,0.0005863833,1.3628918e-05,9.5667856e-05,0.0005448176,126,validation
0.00020491536,0.0026620575,0.9949096,0.0005281995,2.3631375e-05,0.00082705147,6.937293e-05,0.0007751423,127,validation
0.99659616,0.00015567034,0.00093070674,0.00088957674,0.00074201915,9.364051e-06,8.453799e-05,0.00059193943,128,validation
4.484627e-05,2.2246717e-05,1.4487877e-06,2.9773624e-05,0.99985003,1.2478502e-05,2.993677e-05,9.224996e-06,129,validation
1.5948077e-05,0.9949732,0.0033327392,0.0015083288,1.2869082e-06,6.460612e-06,4.0151044e-05,0.000121947225,130,validation
0.00080013124,0.0020505632,0.99350774,0.0011634816,1.616961e-05,0.00025804917,6.813297e-05,0.0021358354,131,validation
0.0025113528,0.0009263154,0.0025134396,0.0009313111,0.0021638398,0.003836332,0.9840665,0.0030509157,132,validation
0.99597305,0.00022562222,0.00074919703,0.00092725747,0.0014707677,1.2365678e-05,0.00011792578,0.0005237681,133,validation
0.00023839646,0.0013494416,0.99720985,0.00030526202,1.8287847e-05,0.0002927853,4.3856708e-05,0.0005420905,134,validation
0.0011721518,0.0005186159,0.0008725592,0.00051067455,0.00058428367,0.0004970392,0.9947673,0.001077346,135,validation
0.0016532001,0.0014506722,0.9937238,0.0010011838,3.354897e-05,0.00048218438,7.000312e-05,0.0015853868,136,validation
0.00020414815,0.0010906899,0.9969676,0.00066650286,1.3543798e-05,0.00021109426,3.0689072e-05,0.0008157202,137,validation
0.00022793209,0.0011249204,0.9973574,0.00031196725,1.3984588e-05,0.0003974376,4.3070184e-05,0.0005232654,138,validation
0.99662775,0.00019977894,0.00089529325,0.00092748797,0.0007426926,1.1755687e-05,9.234728e-05,0.00050289126,139,validation
0.00030601746,0.0019834754,0.9961792,0.00047330686,2.2322272e-05,0.00026230785,3.7968886e-05,0.0007352944,140,validation
2.9999452e-05,0.99421644,0.0039364286,0.0016142051,1.9972463e-06,9.427025e-06,4.5528483e-05,0.00014590347,141,validation
0.0009950261,0.0020470459,0.9937403,0.0010559562,3.2713677e-05,0.0005060376,7.98246e-05,0.0015430186,142,validation
0.12348154,0.007138476,0.85346466,0.0057876576,0.0006848895,0.0006942818,0.0011676202,0.0075808517,143,validation
1.6618693e-05,0.9931519,0.0052697733,0.001409477,1.1050821e-06,8.517839e-06,3.4387507e-05,0.00010820742,144,validation
0.00049376814,0.001348694,0.9960536,0.00064528786,1.8579833e-05,0.00034309272,5.3894306e-05,0.0010430879,145,validation
0.00012642682,0.00093603734,0.99804235,0.00018592703,7.828059e-06,0.00018162055,2.2617567e-05,0.0004972392,146,validation
0.0005063808,0.0018249984,0.9953934,0.0004354326,3.9953822e-05,0.0002861787,6.692806e-05,0.0014467308,147,validation
0.00035572273,0.0012583265,0.9965922,0.00054266356,2.1848778e-05,0.00051149627,6.447394e-05,0.0006532147,148,validation
2.9801107e-05,0.9951691,0.0024282467,0.0021482587,2.3580722e-06,1.2665204e-05,3.395334e-05,0.00017552824,149,validation
0.0003247688,0.001676845,0.99623555,0.0003265633,1.8762747e-05,0.0005457512,7.651861e-05,0.00079521217,150,validation
0.0002585717,0.0014400764,0.99684286,0.00039904486,1.6328711e-05,0.00037981107,4.4305725e-05,0.0006190875,151,validation
0.00032085943,0.0016493896,0.9963081,0.00030254846,1.8004892e-05,0.000464533,6.9916954e-05,0.0008666519,152,validation
5.3145457e-05,0.00015880016,0.0011266184,0.00048926746,0.0007916272,0.9970155,0.00024139337,0.00012371261,153,validation
0.0017929664,0.0029520353,0.002392808,0.0043496247,0.00029213485,0.00089828466,0.0005865187,0.9867356,154,validation
0.00035071606,0.0012323456,0.99673647,0.00044154367,1.6930277e-05,0.0004667014,5.4689983e-05,0.0007006964,155,validation
0.00046886862,0.0013320937,0.9958182,0.000990652,1.3180819e-05,0.00039535973,4.7715304e-05,0.0009339647,156,validation
0.99786794,0.000101368634,0.00047939742,0.00059841527,0.00055075315,4.854867e-06,6.137739e-05,0.0003358386,157,validation
0.055395998,0.028860677,0.031438064,0.070425004,0.026540624,0.05466535,0.015806327,0.7168679,158,validation
0.99484164,0.00034592886,0.00092948606,0.0015265456,0.0012579177,3.0911826e-05,0.00018353845,0.0008840713,159,validation
0.996705,0.00017038516,0.00081547454,0.00074791803,0.0010210618,1.2632719e-05,9.075491e-05,0.00043681165,160,validation
0.00043263444,0.0012436787,0.99656457,0.00046534106,2.2571823e-05,0.00027882413,5.522179e-05,0.0009371214,161,validation
0.00062064576,0.0012155769,0.9959126,0.00069245737,2.3748395e-05,0.0006110509,9.108101e-05,0.0008328239,162,validation
0.001056497,0.0014218729,0.99444467,0.0006621236,1.7168233e-05,0.0001981839,5.982573e-05,0.0021396792,163,validation
0.00015520686,0.0011016678,0.99765116,0.0002378959,7.099151e-06,0.00027927218,2.3546168e-05,0.00054417347,164,validation
0.0003159933,0.0018487347,0.99583745,0.00044469567,2.0568204e-05,0.00037686736,5.9636466e-05,0.0010961192,165,validation
0.00045166654,0.0013034545,0.996228,0.00055396766,2.6107593e-05,0.00047803912,7.418624e-05,0.0008845863,166,validation
0.99512154,0.00021850214,0.0008045953,0.001074829,0.0016378271,1.2808949e-05,0.00016052063,0.00096942,167,validation
0.038188756,0.6873519,0.054368563,0.10568878,0.034453716,0.0075919684,0.03543255,0.036923766,168,validation
0.00021602938,0.0018438787,0.9967654,0.0002106318,2.3169861e-05,0.00018882893,3.356144e-05,0.00071861205,169,validation
0.00040910862,0.0011191247,0.99669194,0.0004905789,2.1251111e-05,0.0003948481,6.266561e-05,0.0008104755,170,validation
0.00023855425,0.0012535042,0.99711645,0.00044464067,2.0074369e-05,0.00025382807,5.7615507e-05,0.0006152281,171,validation
0.00016774474,0.0013715896,0.9973775,0.00026992825,1.2110516e-05,0.000234275,2.9785888e-05,0.00053698826,172,validation
0.00020755762,0.001607279,0.9970481,0.00024589125,1.3597994e-05,0.0002507119,2.5624631e-05,0.0006011707,173,validation
0.99718225,0.00011212581,0.0013354693,0.00052323326,0.00038708316,4.822267e-06,5.740256e-05,0.00039770405,174,validation
0.9972518,0.00014208994,0.0006324368,0.00064005476,0.0007520146,5.6362105e-06,5.688431e-05,0.00051912095,175,validation
0.00033700082,0.0016565637,0.996194,0.00038858125,1.7610466e-05,0.0005279783,6.6286375e-05,0.00081205036,176,validation
0.00019890332,0.0013583757,0.99734664,0.00025513888,1.4480581e-05,0.00023976881,3.117766e-05,0.0005554681,177,validation
0.9963469,0.00021283896,0.00089172967,0.0008920759,0.00087725604,1.1303042e-05,0.00014283405,0.0006251528,178,validation
0.54243445,0.008932411,0.4126269,0.010969807,0.0030763668,0.00067800464,0.003186947,0.018095145,179,validation
0.0003481808,0.0013017305,0.99666566,0.0004511201,1.6611806e-05,0.00026235788,5.0336737e-05,0.00090403174,180,validation
0.9974228,0.00012422435,0.0008966332,0.0006216711,0.00041891684,4.468974e-06,4.891165e-05,0.0004624101,181,validation
0.00021769897,0.0013132667,0.9970247,0.00034372855,1.0088517e-05,0.00018537379,3.1861382e-05,0.0008732196,182,validation
2.3065339e-05,0.00011004886,0.00086054875,0.00036721103,0.0006632496,0.99783057,0.00012276685,2.2647791e-05,183,validation
0.00033221007,0.0022824649,0.9953755,0.00043818538,2.0895026e-05,0.0006603397,8.93561e-05,0.0008010196,184,validation
5.8962116e-05,0.0015797053,0.9974595,0.0002638221,6.9749494e-06,0.00029289656,1.8818342e-05,0.00031940287,185,validation
0.00032786367,0.0015598503,0.9965274,0.00035586956,1.725488e-05,0.0003938075,6.542732e-05,0.000752567,186,validation
2.274821e-05,0.99531674,0.0031166673,0.0014397914,1.1737418e-06,5.8488795e-06,1.1832754e-05,8.5224514e-05,187,validation
0.00020424362,0.0012187358,0.99722075,0.0002656274,1.3690962e-05,0.0002959752,3.91315e-05,0.0007418868,188,validation
0.99697423,0.00014992783,0.0005742907,0.00087734015,0.00082739565,6.663792e-06,8.181863e-05,0.00050818874,189,validation
0.00017528667,0.00047493263,0.0002449055,0.99751115,4.2024686e-07,0.001397338,7.994652e-05,0.00011602691,190,validation
0.00069775357,0.00036381691,0.0004867856,0.00048740907,6.5345366e-06,3.70748e-05,4.2533273e-05,0.9978782,191,validation
0.00026065146,0.0012430166,0.99699235,0.0003633361,1.4000136e-05,0.00043291762,5.244669e-05,0.0006413074,192,validation
0.00032068972,0.00171969,0.99614304,0.00035565684,1.9213678e-05,0.0004864158,6.7802765e-05,0.0008875236,193,validation
0.997982,9.974377e-05,0.0005011777,0.00054479466,0.00043206147,4.873951e-06,7.3467156e-05,0.0003618191,194,validation
0.00020503822,0.0013890832,0.99718696,0.00028055592,1.4576823e-05,0.00038476064,4.072998e-05,0.0004983234,195,validation
0.99663925,0.0001608079,0.0015135311,0.0005511846,0.00063921517,6.7019205e-06,5.570219e-05,0.0004336887,196,validation
0.00045993816,0.001371996,0.9962464,0.00044888348,2.186606e-05,0.0006984819,8.867138e-05,0.0006637029,197,validation
0.00052218075,0.0014604308,0.9954046,0.0007764423,1.4231578e-05,0.00047826872,3.1014624e-05,0.0013128681,198,validation
0.9967771,0.00017635677,0.00060003775,0.00086671393,0.0009942801,1.1777256e-05,8.7434746e-05,0.00048614698,199,validation
4.5396882e-05,0.00016292915,0.0009352983,0.00039920423,0.0013287545,0.9968412,0.00023981144,4.7345955e-05,200,validation
0.00023588914,0.0013772092,0.99713683,0.0004237465,9.791321e-06,0.00019040264,2.627916e-05,0.0005998766,201,validation
0.00022035169,0.0014986737,0.99684405,0.00028606027,1.1638875e-05,0.00046523925,4.743168e-05,0.0006266311,202,validation
0.99635017,0.00018940319,0.0008846151,0.0009555,0.0009991856,1.3474156e-05,0.00013111984,0.00047652208,203,validation
0.00073664205,0.0024594963,0.008113974,0.008190748,0.118256174,0.8576123,0.002121956,0.0025086873,204,validation
0.9975358,0.0001305931,0.00045094764,0.0006744957,0.0007189905,6.221365e-06,7.925571e-05,0.00040364132,205,validation
0.00032236575,0.0015988119,0.9963567,0.00030863142,2.070245e-05,0.00040923242,6.397215e-05,0.000919608,206,validation
0.00023804292,0.0019575893,0.9958592,0.00036655547,1.791433e-05,0.0007705225,6.888214e-05,0.0007213481,207,validation
0.00040260624,0.00040390322,0.00062263437,0.00024060039,3.2246376e-06,1.1938051e-05,2.9742912e-05,0.99828535,208,validation
0.00022090186,0.0016990529,0.99650925,0.00039879396,1.8673103e-05,0.0005239734,6.203407e-05,0.0005672912,209,validation
0.0002828424,0.0016861636,0.9959848,0.0008066637,1.3718756e-05,0.00042028466,3.920986e-05,0.00076638756,210,validation
0.00034606006,0.0016107383,0.9964743,0.0005563004,1.4114327e-05,0.0002289563,3.648883e-05,0.0007330708,211,validation
0.99039006,0.0012528661,0.0020429553,0.0026236793,0.001053433,5.25793e-05,0.00034700276,0.0022372892,212,validation
0.00027346815,0.0016538497,0.9965197,0.00033807638,1.65924e-05,0.0002656334,4.697341e-05,0.00088578084,213,validation
0.00043075642,0.0013438488,0.9960931,0.0007373476,1.6312586e-05,0.00027829647,2.9483172e-05,0.0010709224,214,validation
0.99712,0.00013349493,0.0012195387,0.00048903585,0.00058649445,5.0520275e-06,5.6392535e-05,0.00039002113,215,validation
0.00033707827,0.002131832,0.99542135,0.000591578,1.6500258e-05,0.00012954394,2.6457159e-05,0.001345568,216,validation
0.9957306,0.00020926983,0.0007121759,0.00081405445,0.0017141758,1.8188988e-05,0.00019580552,0.0006057913,217,validation
5.2660205e-05,0.00017449952,0.00092154817,0.0005211201,0.0014447968,0.9966275,0.00019772707,6.0085036e-05,218,validation
2.854476e-05,0.0001325406,0.00089519704,0.00035358185,0.0013447423,0.99702966,0.00017385338,4.1865347e-05,219,validation
0.00036996265,0.0013128599,0.99636143,0.00064683775,2.2684131e-05,0.00055817596,6.228865e-05,0.0006657747,220,validation
0.99766964,0.00011902249,0.00076055026,0.00048820447,0.0005566064,4.5345887e-06,4.195091e-05,0.00035940515,221,validation
0.99636215,0.00020372165,0.000591114,0.00095969596,0.0011186567,1.526753e-05,0.000106176754,0.0006432503,222,validation
0.0003945603,0.001261671,0.99648947,0.00057095464,3.1459294e-05,0.00043939656,8.56646e-05,0.00072682573,223,validation
0.0006522389,0.0012587267,0.99594134,0.00061322795,3.1095216e-05,0.00046034536,8.618774e-05,0.00095676625,224,validation
3.4137956e-05,0.99352115,0.004256154,0.0019883786,2.1359635e-06,1.1595222e-05,2.5731357e-05,0.00016060717,225,validation
0.00030517858,0.0015722034,0.9965276,0.0003524671,1.955035e-05,0.00047293722,5.0672144e-05,0.00069920893,226,validation
0.00023616731,0.0015455504,0.99681526,0.00028638667,1.552688e-05,0.00040437732,4.8528196e-05,0.00064829364,227,validation
0.000528267,0.0002010644,0.00034506895,0.00024908036,0.00018449788,0.00025571135,0.9975199,0.00071637786,228,validation
0.0002699201,0.0016301646,0.9962949,0.00055629015,1.6768217e-05,0.00045962885,6.450113e-05,0.00070774194,229,validation
0.0016024136,0.0011697531,0.9955584,0.00048258557,1.482852e-05,0.0005191434,7.753808e-05,0.00057531794,230,validation
0.0016242755,0.0003958953,0.0011590436,0.0012264972,2.8899796e-05,0.0003053692,0.00031090245,0.9949491,231,validation
0.00022686856,0.0013845568,0.99706346,0.00038856376,1.33210315e-05,0.00036366953,5.1312236e-05,0.000508168,232,validation
0.00019280174,0.0014849675,0.99708706,0.00028611283,1.3555203e-05,0.00031807314,3.7715155e-05,0.00057981274,233,validation
0.00060477067,0.00026788408,0.0002508253,0.0003098709,0.00033677058,0.00040037566,0.9972633,0.0005661094,234,validation
0.0016105227,0.0027696667,0.9909189,0.0014549036,3.7579193e-05,0.0003477646,9.626359e-05,0.00276441,235,validation
0.0002914614,0.0016745562,0.9964102,0.0003155542,1.7249957e-05,0.000447977,6.519641e-05,0.00077779725,236,validation
0.00029709734,0.0015509817,0.99659795,0.0004562168,1.4253192e-05,0.00025696208,4.1888306e-05,0.0007845602,237,validation
0.00040016387,0.0017780152,0.99572206,0.00057269435,1.6036043e-05,0.00024015958,4.2305182e-05,0.0012286423,238,validation
0.00018741014,0.0011926593,0.9975896,0.00023353237,1.3301966e-05,0.00026871724,3.286772e-05,0.00048196982,239,validation
0.99611855,0.00022297922,0.00079224707,0.0009310626,0.001264725,1.7962486e-05,0.00012044151,0.00053202186,240,validation
0.00055724167,0.0016153959,0.99541545,0.0005202372,3.573963e-05,0.00090504385,0.00011623786,0.00083465053,241,validation
0.00022315784,0.0010470629,0.99771345,0.00018392298,1.4258848e-05,0.0002778362,3.4966997e-05,0.0005053482,242,validation
0.0002738408,0.0017796453,0.9966355,0.00025431052,2.5538488e-05,0.00026996137,4.0174844e-05,0.0007210575,243,validation
0.9973846,0.00014016635,0.00078793097,0.0005508503,0.00068738917,4.993547e-06,5.5397148e-05,0.00038869373,244,validation
3.1386662e-05,0.99577063,0.002085406,0.0019324283,2.6788266e-06,8.649964e-06,1.9214189e-05,0.00014950696,245,validation
0.0002539872,0.0013896164,0.9968465,0.0004506569,1.1854999e-05,0.00023427067,2.5939818e-05,0.0007872521,246,validation
0.997338,0.00011529384,0.0009951157,0.0006739605,0.00041674473,4.6685946e-06,5.97555e-05,0.0003964258,247,validation
0.00096096465,0.0004242954,0.00088369264,0.0005102703,0.0010191721,0.00091823045,0.9932535,0.0020299784,248,validation
0.0004121357,0.0011536547,0.9966127,0.0005637291,1.7505123e-05,0.0003302725,5.0979528e-05,0.0008590322,249,validation
0.00018409264,0.0010067853,0.9976525,0.000455177,6.74727e-06,0.00022450561,2.8307657e-05,0.00044190456,250,validation
0.00022881944,0.0015714065,0.9967443,0.0003349285,1.2429401e-05,0.00042554908,4.659117e-05,0.0006359819,251,validation
0.00022107578,0.0015069748,0.99682695,0.00032234786,1.5977545e-05,0.0003441021,5.3837783e-05,0.00070865866,252,validation
0.00024585126,0.0013374785,0.99682117,0.0005019674,1.115191e-05,0.00031579187,2.6201731e-05,0.0007404599,253,validation
0.00030622812,0.0012833233,0.99676514,0.0005319582,1.404811e-05,0.00030034062,4.3931905e-05,0.0007550138,254,validation
0.00042604428,0.0010413149,0.99664104,0.00058180443,2.0699017e-05,0.00020663015,5.73364e-05,0.0010251161,255,validation
0.99602735,0.00021885482,0.0010525715,0.0013128892,0.0007416289,1.19653e-05,8.1084545e-05,0.00055360445,256,validation
0.14538959,0.056904696,0.4881886,0.069757536,0.037835658,0.055839844,0.1069268,0.03915732,257,validation
0.0002649381,0.0011794228,0.9969368,0.00036137988,2.4513696e-05,0.0005464422,4.632403e-05,0.0006401577,258,validation
0.9963062,0.00017517095,0.0008527992,0.0014498,0.0005878489,1.0525051e-05,0.0001089295,0.0005087928,259,validation
0.9960855,0.00019638914,0.0010618443,0.0013648823,0.000607987,1.2125075e-05,0.0001048806,0.00056634564,260,validation
0.00010221088,0.00016132867,0.0011914871,0.00072401925,0.0006546736,0.9963259,0.0002891103,0.0005511866,261,validation
0.9952553,0.0002802553,0.0022857971,0.0009964519,0.0006807863,1.236687e-05,5.629915e-05,0.00043271534,262,validation
0.99560034,0.0002470379,0.0013710506,0.001445021,0.0006137659,1.1957661e-05,9.557807e-05,0.00061529316,263,validation
0.00019009823,0.00191622,0.99616855,0.0004239669,3.0561216e-05,0.0005888826,3.791486e-05,0.0006438182,264,validation
0.99654776,0.00017397097,0.0009859863,0.0011680275,0.0005965016,1.1410257e-05,7.826409e-05,0.0004380931,265,validation
0.0004611017,0.0013142795,0.0007651149,0.99293923,8.794122e-06,0.0035706728,0.00034230176,0.0005984607,266,validation
0.00023971702,0.0019324897,0.99558806,0.00044719907,3.0706433e-05,0.0010723473,5.814312e-05,0.00063126336,267,validation
0.0005434966,0.0018287168,0.9957332,0.0004528065,2.2326774e-05,0.00035961487,3.0613857e-05,0.0010291561,268,validation
0.9943678,0.00028312125,0.0018996155,0.0016676285,0.0008807803,1.8992432e-05,0.000118741766,0.00076337875,269,validation
0.00014371114,5.915034e-05,6.8077306e-06,6.941892e-05,0.99956673,3.3866425e-05,9.073495e-05,2.955085e-05,270,validation
0.00017715873,0.0012925944,0.9971179,0.00024649614,2.1563175e-05,0.00055315136,3.345202e-05,0.00055779074,271,validation
0.0004645888,0.0016405052,0.99567974,0.00052633765,3.5310226e-05,0.00027478175,5.7452777e-05,0.0013212016,272,validation
0.00042125487,0.002207427,0.9942925,0.00058497436,3.946096e-05,0.0014732076,9.981392e-05,0.00088137033,273,validation
0.00036096532,0.00026394724,0.00027440285,0.00024106308,0.00024223587,0.00035141752,0.9974855,0.0007803189,274,validation
0.008221641,0.0021509815,0.9859358,0.0010776601,0.000120037745,0.0007563394,0.00021909138,0.0015184616,275,validation
0.00023453796,0.0017463932,0.9961649,0.00039015603,2.8472363e-05,0.00080741424,4.5395253e-05,0.0005827365,276,validation
3.3556036e-05,0.0001595767,0.0017440997,0.000278415,0.0011938182,0.9964252,9.341267e-05,7.196892e-05,277,validation
0.9942707,0.0002520433,0.0026080317,0.0014211402,0.00038462412,1.8654337e-05,0.00010046849,0.000944403,278,validation
0.0003377576,0.0016424722,0.9959092,0.0005577111,1.05521885e-05,0.00025150657,2.051145e-05,0.0012701772,279,validation
2.3735025e-05,8.7159904e-05,0.00069013267,0.00019209541,0.0010111763,0.99789524,7.6944605e-05,2.3402818e-05,280,validation
0.0006337171,0.024195796,0.9696408,0.002338408,2.1253752e-05,0.001184395,0.0001083886,0.0018772809,281,validation
0.00087743986,0.0010864078,0.9957229,0.00068550085,2.438328e-05,0.00035333922,5.311403e-05,0.0011968706,282,validation
0.00012731423,0.0007144825,0.00035481373,0.9963006,5.1439935e-07,0.002237779,0.00012219112,0.00014228633,283,validation
0.99611264,0.00018577329,0.0011986962,0.0010540328,0.00073191203,1.0460591e-05,0.00013384792,0.0005725569,284,validation
0.99559855,0.00027330813,0.0010779754,0.0014491199,0.0007324702,1.7994043e-05,9.712017e-05,0.00075342855,285,validation
0.00027143364,0.0021687415,0.99570554,0.00051358057,2.2338887e-05,0.00046232328,2.5991749e-05,0.0008300624,286,validation
0.99594504,0.00025475674,0.0011098407,0.0013830089,0.0004896275,1.804978e-05,0.00010038586,0.0006992986,287,validation
0.99628013,0.00019180666,0.0012049972,0.0012270997,0.00045146866,8.185377e-06,6.770618e-05,0.00056869007,288,validation
0.0002055287,0.0016374033,0.9964706,0.00037013675,1.9212792e-05,0.0005572554,3.6171226e-05,0.0007037224,289,validation
0.99582076,0.00020789767,0.0009085193,0.0013568241,0.0011336087,1.1822476e-05,0.00012159325,0.00043901292,290,validation
0.0044037057,0.94264317,0.040953368,0.010071447,5.9052476e-05,0.00032963944,0.000117006006,0.0014225988,291,validation
0.017606944,0.06569242,0.6940774,0.07060864,0.006500215,0.06944824,0.064757794,0.011308296,292,validation
0.00034120228,0.001718487,0.99535686,0.0005260702,3.8295344e-05,0.0011081949,9.245736e-05,0.00081851654,293,validation
0.00016848018,0.002065374,0.99614954,0.00038108905,1.8743458e-05,0.00041200663,3.3045908e-05,0.00077169336,294,validation
0.00017241674,0.00016427053,0.00029800148,0.00014247102,1.7410727e-06,1.3195989e-05,1.8211871e-05,0.9991897,295,validation
0.00032792392,0.0016172135,0.99600726,0.00044584868,2.1819342e-05,0.00034876904,4.587056e-05,0.0011853493,296,validation
0.00033991135,0.0014145265,0.9962161,0.0004526033,3.3628494e-05,0.000610953,5.7973928e-05,0.00087431853,297,validation
0.9928847,0.00037070367,0.0030250167,0.001693594,0.0006957572,3.292397e-05,0.00012704443,0.0011702593,298,validation
0.99545974,0.0002749079,0.0011081469,0.0014633237,0.00094936165,1.7544218e-05,0.00013373725,0.00059329957,299,validation
0.00022882121,0.0020141173,0.9957449,0.000417181,2.536529e-05,0.00077984954,6.7824796e-05,0.00072206464,300,validation
0.9947508,0.00028196955,0.0013377098,0.0014196262,0.0011814015,1.735403e-05,0.00012760407,0.0008835085,301,validation
0.9956731,0.00023695621,0.001576141,0.0012993371,0.0004836095,8.41157e-06,8.4056e-05,0.00063840346,302,validation
0.9543897,0.0025272123,0.010283671,0.012417093,0.010397829,0.0010908003,0.003003597,0.00589012,303,validation
0.0001165199,0.9843827,0.012868724,0.0022702788,3.8230583e-06,4.44616e-05,3.896133e-05,0.0002745132,304,validation
0.15793708,0.06539923,0.51662046,0.053247023,0.061764143,0.017077597,0.052119922,0.07583452,305,validation
0.99682766,0.00017558719,0.0011479441,0.00088979193,0.000522943,6.728287e-06,7.666558e-05,0.00035269413,306,validation
0.00032058856,0.0027885137,0.99446493,0.000928495,1.3296189e-05,0.0005326854,3.777368e-05,0.0009137662,307,validation
0.0002441601,0.0019015361,0.9959472,0.00047948185,2.7014914e-05,0.00051197095,5.3669755e-05,0.00083498773,308,validation
0.99312276,0.0004042638,0.003676654,0.001478591,0.00057851203,1.7927536e-05,6.00043e-05,0.0006612766,309,validation
0.00025492243,0.0017022071,0.9962535,0.00042257368,3.1132444e-05,0.00041967302,4.5326782e-05,0.00087058387,310,validation
0.00038226251,0.0016322439,0.9960419,0.00060673506,2.1331556e-05,0.0005126964,3.016235e-05,0.00077272893,311,validation
5.659638e-05,0.9944405,0.0023083857,0.0027700868,6.95902e-06,2.5001074e-05,7.293753e-05,0.00031947278,312,validation
0.00013431719,0.0015531264,0.99707806,0.0003282436,2.5873815e-05,0.00035105896,3.915696e-05,0.0004901634,313,validation
0.000113999726,5.8805228e-05,0.00012969188,0.0001553079,8.615973e-07,8.497573e-06,1.5562304e-05,0.9995173,314,validation
0.00021030116,0.0011216571,0.9971245,0.0004074942,1.36651315e-05,0.0005198668,3.463844e-05,0.00056792144,315,validation
0.000176033,0.0018828559,0.9962859,0.00030652282,2.6273718e-05,0.00047097827,2.9523379e-05,0.0008218598,316,validation
0.00029963016,0.0034192693,0.99409443,0.00054029597,3.1658652e-05,0.0003820454,2.9479233e-05,0.0012031526,317,validation
0.9965501,0.00015336851,0.0015348288,0.0008896934,0.0002412692,7.771993e-06,3.9854873e-05,0.00058308727,318,validation
0.9958413,0.00021405172,0.0010644103,0.0011397419,0.0010560364,1.9191946e-05,0.00013404663,0.00053123455,319,validation
0.00042112113,0.0018914442,0.99461836,0.00055561226,4.5017925e-05,0.0014279577,0.00010260734,0.0009379486,320,validation
0.00033998123,0.001284133,0.99712676,0.00027331448,1.9379519e-05,0.00033226557,3.309375e-05,0.0005911567,321,validation
0.00028768135,0.0018106982,0.9961183,0.000598573,1.7103785e-05,0.00042821592,2.448619e-05,0.0007149904,322,validation
0.00054561207,0.00027955818,0.000494323,0.0002670054,0.0004672521,0.00059330754,0.99605995,0.0012929826,323,validation
0.00027220772,0.0014801859,0.99620515,0.00040381294,3.2880253e-05,0.00085236883,5.8286278e-05,0.0006951669,324,validation
0.00037223328,0.0020623114,0.9952336,0.00044197118,4.24577e-05,0.0008404129,6.879588e-05,0.00093825767,325,validation
0.00026799738,0.0017091654,0.9962968,0.00038234083,3.0658015e-05,0.0003662157,5.428428e-05,0.00089245016,326,validation
0.0002909617,0.0020319715,0.9956671,0.0003863994,4.9165013e-05,0.00039355012,5.677415e-05,0.0011240082,327,validation
0.99050343,0.0004889907,0.0017737478,0.0017230549,0.0041959677,5.6798457e-05,0.0003554938,0.0009024917,328,validation
0.0004157779,0.0019976487,0.994118,0.0005771299,4.6839516e-05,0.0015917022,0.00011437208,0.001138532,329,validation
0.00010355924,0.00014247464,0.00022547376,0.000106092455,9.904713e-07,6.00283e-06,1.258279e-05,0.9994029,330,validation
9.978523e-06,0.9969132,0.0019344621,0.0010374213,1.0544885e-06,4.2983165e-06,1.2465318e-05,8.718647e-05,331,validation
0.00014188376,0.00016276767,0.00023165652,0.00014065386,1.0851871e-06,4.6478476e-06,2.5910464e-05,0.9992914,332,validation
0.0002450172,0.002022551,0.9958573,0.0003978055,2.7655777e-05,0.0007949106,4.271507e-05,0.0006119792,333,validation
0.00020085504,0.0018191763,0.9961184,0.00033546085,2.0079768e-05,0.0006602505,4.3478358e-05,0.0008022247,334,validation
0.99574995,0.00023550086,0.0012799816,0.0013424042,0.000664994,1.1079968e-05,0.000100502984,0.0006155051,335,validation
0.99633104,0.00019504254,0.0010294358,0.0012006154,0.0004587123,1.2802338e-05,9.244455e-05,0.00067994546,336,validation
0.9965353,0.00016005816,0.001169501,0.0009903542,0.0005820169,7.886096e-06,8.145694e-05,0.0004734454,337,validation
0.0034492093,0.0028055222,0.00759652,0.011405907,0.18319869,0.7792137,0.0063447696,0.0059857136,338,validation
0.00022370594,0.0019212121,0.99589324,0.00046964735,2.6248887e-05,0.0006010803,5.1359217e-05,0.00081344816,339,validation
0.00031488616,0.0014410937,0.99638426,0.00044891136,2.561304e-05,0.0005638385,5.748427e-05,0.00076386466,340,validation
0.9958579,0.00018956453,0.0011860604,0.0014366922,0.00061923236,1.2100462e-05,0.00010262182,0.0005958647,341,validation
0.99526584,0.00035685746,0.0014509425,0.0013620644,0.00093973073,1.6827638e-05,0.00013249074,0.00047522923,342,validation
0.99364376,0.00023266637,0.0037779328,0.00095271465,0.00076360826,1.8602721e-05,0.00011866776,0.00049198285,343,validation
0.99038285,0.0005387168,0.003617634,0.0028516904,0.0013234062,5.6259538e-05,0.00029764927,0.0009317534,344,validation
0.00031101922,0.0026540495,0.9936346,0.0006094213,4.382819e-05,0.0017980089,9.8330005e-05,0.0008507517,345,validation
0.0003981978,0.0018318427,0.9952863,0.00049891375,4.684772e-05,0.0010782304,8.027402e-05,0.00077940564,346,validation
9.319232e-06,0.9964976,0.0025318414,0.0008835835,5.4041305e-07,3.0013916e-06,1.0321177e-05,6.3900574e-05,347,validation
0.00020008505,0.00024476997,0.00034534215,0.00012416327,1.1232373e-06,7.26316e-06,2.1390799e-05,0.9990558,348,validation
0.9955354,0.00023269793,0.0011539411,0.0013954316,0.00095987314,1.6118693e-05,0.00013855053,0.0005679653,349,validation
4.517207e-05,0.00022552696,0.0015336417,0.00038477636,0.0007672564,0.99669814,0.00016820201,0.00017739972,350,validation
0.00035454918,0.0018881097,0.995375,0.00046542851,4.1049425e-05,0.0010454913,6.635851e-05,0.00076408085,351,validation
0.9953831,0.00024911013,0.002060111,0.0011608059,0.0005854924,9.819955e-06,8.734612e-05,0.0004642456,352,validation
0.9951762,0.00020121619,0.0020164517,0.0011852275,0.000630368,8.746936e-06,0.00015916766,0.000622496,353,validation
0.00034139192,0.0012337258,0.9964412,0.00048203886,2.6435086e-05,0.00050196325,4.9222526e-05,0.00092396414,354,validation
0.00084834313,0.00053674664,0.00050479907,0.00040674533,0.000536934,0.00070272415,0.9949698,0.0014939448,355,validation
0.9961189,0.00020275988,0.0009121755,0.0012879437,0.00085990166,1.3295649e-05,0.00011777199,0.00048738034,356,validation
0.994371,0.00024394019,0.0026050021,0.0013790019,0.00064225873,2.0510513e-05,0.00012381167,0.0006144546,357,validation
0.99134797,0.00056602934,0.0036133218,0.0024174168,0.00070410105,5.1718675e-05,0.00019975325,0.0010996645,358,validation
0.014396236,0.8658455,0.059027012,0.03706285,0.0009234697,0.016328044,0.0019113782,0.004505455,359,validation
0.9946015,0.0002797119,0.0010856935,0.0016317156,0.0017311146,2.560147e-05,0.00016554595,0.00047918738,360,validation
0.000321291,0.0022134897,0.9946537,0.00047415873,4.006625e-05,0.001397254,9.18668e-05,0.00080805604,361,validation
0.99351865,0.00038323228,0.0021836231,0.0019328097,0.0007195495,2.8013752e-05,0.00017654519,0.0010576032,362,validation
0.00016989782,0.0011183909,0.99737394,0.0002619688,1.3206059e-05,0.00041412996,3.8177845e-05,0.0006103395,363,validation
0.0020932609,0.003093692,0.9917344,0.0010657029,4.8542526e-05,0.0004343629,8.247343e-05,0.0014475981,364,validation
0.00024023803,0.0016150869,0.996396,0.00035440281,3.2076277e-05,0.0005782825,6.8777576e-05,0.00071505265,365,validation
0.99269944,0.00041620643,0.0014353343,0.001581797,0.00277022,4.0162722e-05,0.00022553033,0.00083127845,366,validation
0.00025231732,0.0012055114,0.997134,0.00023974694,2.8417662e-05,0.0003376764,4.205634e-05,0.00076027523,367,validation
0.00024460873,0.0014702511,0.9964915,0.0003429159,2.6449079e-05,0.0007318679,5.020316e-05,0.00064207823,368,validation
0.00043981813,0.00020545698,7.880889e-05,0.00025211196,0.9980446,0.0003863826,0.00046122185,0.00013154653,369,validation
0.0002524114,0.0007880482,0.00041422067,0.99647045,6.4574533e-07,0.0018316197,7.155771e-05,0.00017103607,370,validation
0.00028456558,0.0027251567,0.99485886,0.0005077407,4.0956053e-05,0.00040892808,7.6145094e-05,0.0010975889,371,validation
0.00021441103,0.0016295619,0.99672663,0.00024302721,2.6661031e-05,0.0004044521,3.466017e-05,0.00072053086,372,validation
0.16068271,0.028553618,0.7325726,0.021297133,0.005528983,0.003610833,0.0055942987,0.04215976,373,validation
0.9895293,0.0004915425,0.00364314,0.0030317402,0.0011720475,5.6377372e-05,0.00031275587,0.0017630697,374,validation
0.96942747,0.0015019418,0.009023704,0.008450131,0.005360323,0.00061710854,0.0019812505,0.0036380477,375,validation
0.00022849493,0.0014433918,0.9966967,0.00034010955,2.6910486e-05,0.00039942013,4.0018233e-05,0.0008249362,376,validation
0.0023288415,0.0020120873,0.99347657,0.0005521101,6.513178e-05,0.000244372,8.940099e-05,0.0012315236,377,validation
0.99598134,0.00020987864,0.0013866404,0.0012429166,0.00059490796,1.3531638e-05,8.371947e-05,0.00048701614,378,validation
0.00030243135,0.0014868154,0.9963319,0.0005007814,2.8756482e-05,0.0006072686,6.435722e-05,0.0006777821,379,validation
0.0003129448,0.003079096,0.99459684,0.0008278665,6.659257e-05,0.00041797562,8.783181e-05,0.00061079586,380,validation
0.0045995205,0.02915036,0.030945167,0.0073676417,0.00066288235,0.009112264,0.0026170064,0.9155452,381,validation
0.0005325414,0.005132415,0.98573005,0.0034927053,3.812466e-05,0.0023899754,0.00028682122,0.0023973533,382,validation
0.00018948666,0.0018587412,0.9961582,0.0003570289,2.0528809e-05,0.00078462134,4.7027e-05,0.0005843918,383,validation
0.0072983652,0.0021068612,0.0015732682,0.0029831703,0.9748259,0.0033619383,0.0053687417,0.002481755,384,validation
0.99326104,0.0005780474,0.0025381085,0.0012007758,0.001320983,2.195089e-05,0.00018125762,0.00089799135,385,validation
0.00039352587,0.0014767287,0.9963074,0.00035828855,2.7895972e-05,0.0005663763,7.1066715e-05,0.000798801,386,validation
0.00064046617,0.0013487582,0.9956808,0.00028808066,4.6965037e-05,0.0008148495,9.125724e-05,0.0010886819,387,validation
0.0005077442,0.0015597494,0.9957366,0.00033423986,4.6290592e-05,0.0007441648,7.3426185e-05,0.000997736,388,validation
0.015630027,0.01949794,0.053312834,0.016304366,0.0057867267,0.31224522,0.010152235,0.5670706,389,validation
0.00033293222,0.0022287876,0.9957087,0.00025266243,4.448933e-05,0.00044168252,4.0702544e-05,0.0009499723,390,validation
0.99530196,0.0004821938,0.00087208493,0.0014637276,0.0010584627,1.6784366e-05,0.0002131755,0.00059151865,391,validation
0.99400055,0.0005422474,0.0010870027,0.0017532298,0.0015277837,3.335186e-05,0.0003928185,0.00066299754,392,validation
0.9954229,0.00039663457,0.001123364,0.0010679837,0.0013091908,2.4884359e-05,0.00021851726,0.0004365226,393,validation
0.9934509,0.0007805728,0.0014247331,0.0017033683,0.0014179718,3.5760033e-05,0.00031667962,0.00087008835,394,validation
0.966169,0.003866187,0.0070063444,0.008525988,0.005337354,0.0005856591,0.003099966,0.005409505,395,validation
0.0017175318,0.0003068821,0.00014551308,0.00025531524,0.9962549,0.00025072633,0.000744642,0.00032448905,396,validation
0.99326354,0.0006807492,0.0012831236,0.0017970632,0.0018282341,3.531411e-05,0.0003722089,0.00073986547,397,validation
0.0011464519,0.0030941204,0.9925506,0.0008964834,9.773358e-05,0.00039604696,9.48209e-05,0.0017237855,398,validation
0.00048412595,0.0012962866,0.9962813,0.00028847548,4.0239887e-05,0.00062493014,6.676746e-05,0.00091783964,399,validation
0.0006452408,0.0015735369,0.005991433,0.0019719247,0.008038999,0.9785891,0.0022857923,0.0009038536,400,validation
0.00021494491,0.0007133213,0.99805236,0.00017643125,2.0730346e-05,0.000372656,2.0293357e-05,0.000429191,401,validation
0.00032690304,0.0021559137,0.9957124,0.0002809681,4.0000414e-05,0.00045158932,4.0789117e-05,0.0009913669,402,validation
0.0002112247,0.001587016,0.9964142,0.00058926176,9.954642e-05,0.000524242,2.587852e-05,0.0005485881,403,validation
0.00043169977,0.0012820715,0.996407,0.00024635775,2.738912e-05,0.0005141108,7.412785e-05,0.0010172969,404,validation
0.0019643344,0.0005989004,0.0002484352,0.0005202204,0.99503964,0.00039395675,0.00069320464,0.00054132985,405,validation
0.99395955,0.0005646177,0.0016839172,0.001594148,0.0013257065,1.8128434e-05,0.00019264106,0.0006613454,406,validation
0.00019091846,0.0009591556,0.99790645,0.00017088951,1.1695375e-05,0.00026633329,2.4582556e-05,0.00046999886,407,validation
0.99538225,0.00038373808,0.0012488991,0.0010865049,0.0012765235,1.4200538e-05,0.0002030165,0.00040487997,408,validation
0.00059691095,0.0015305429,0.99564654,0.0004512876,5.6394918e-05,0.0005916473,5.065579e-05,0.0010759844,409,validation
0.99496573,0.0005637464,0.00096569007,0.0014054461,0.0013460749,2.3648467e-05,0.00022060261,0.0005089851,410,validation
0.00031417704,0.0021585485,0.9953548,0.0003134806,3.1508964e-05,0.0007644524,6.07196e-05,0.0010023236,411,validation
0.00044737503,0.0014037517,0.99614125,0.00029852288,3.116856e-05,0.00073488575,7.477356e-05,0.0008682373,412,validation
0.9866838,0.002138954,0.0045558526,0.0029173717,0.0018934897,0.00014101077,0.0004049529,0.0012645399,413,validation
0.00036211062,0.0013877759,0.99649507,0.00035689125,4.6985337e-05,0.00043936694,5.6024408e-05,0.0008556833,414,validation
0.9947425,0.00052781275,0.0015074515,0.001267663,0.0009971939,1.4997009e-05,0.00020839433,0.0007339032,415,validation
0.0022020526,0.00037420844,0.00021694455,0.00031028638,0.99554527,0.0003020402,0.0006944828,0.0003546893,416,validation
0.99534214,0.00046145407,0.0009486861,0.0014276733,0.0009872469,1.6654278e-05,0.00019797005,0.000618248,417,validation
0.9957908,0.0003683721,0.0007345652,0.0012985881,0.0010642131,1.5467125e-05,0.00022769367,0.00050034747,418,validation
0.00033242317,0.0013659133,0.9969406,0.00023592167,3.9164366e-05,0.00026171916,3.855376e-05,0.0007857774,419,validation
0.99484295,0.0005204693,0.0009986126,0.0015440767,0.0012026664,2.2900835e-05,0.00022187838,0.0006464827,420,validation
1.2376187e-05,0.997881,0.0012622514,0.0007740391,3.0259076e-07,3.5618273e-06,7.986995e-06,5.8443384e-05,421,validation
0.0010392396,0.0025144264,0.011787009,0.0033003322,0.008538693,0.9660095,0.0033296095,0.0034811215,422,validation
0.00045371015,0.0013433676,0.9962262,0.00028621088,3.691025e-05,0.0007082095,7.462427e-05,0.00087083975,423,validation
0.0004937581,0.0015995849,0.9956897,0.0003169015,5.2307278e-05,0.00072799256,7.5434196e-05,0.0010441706,424,validation
0.00066827645,0.001448581,0.99536693,0.00032036533,4.746472e-05,0.00087357115,0.00010363985,0.0011712002,425,validation
0.00048161557,0.00032567326,0.00040224503,0.00018956394,4.6806067e-06,1.8367395e-05,9.9326724e-05,0.9984786,426,validation
0.0015280284,0.00274847,0.99139786,0.0010997849,0.000108327025,0.00067727454,0.00012655489,0.002313699,427,validation
0.0003205664,0.0014786075,0.9964192,0.00024629384,4.0207324e-05,0.00053892465,4.5750487e-05,0.00091050897,428,validation
0.0005014198,0.0016148811,0.99581355,0.0004352927,4.980542e-05,0.000568527,7.342591e-05,0.00094307534,429,validation
0.5188974,0.046859294,0.33718693,0.016116643,0.008644064,0.0034058236,0.008016126,0.06087367,430,validation
0.0005231734,0.001529127,0.99571264,0.00031221824,4.970931e-05,0.0008083714,7.564788e-05,0.0009892096,431,validation
0.00038154863,0.0016937449,0.9961463,0.00021351287,4.7683894e-05,0.00051962613,4.4065666e-05,0.0009534337,432,validation
0.00023751277,0.00029866927,0.00016983178,0.00012867662,1.5136327e-06,4.8793513e-06,3.8736045e-05,0.9991202,433,validation
1.227595e-05,0.9968669,0.0022387467,0.00079347834,2.8956435e-07,4.133447e-06,2.3148874e-05,6.095625e-05,434,validation
0.00050393824,0.0016460068,0.9955699,0.00029881325,5.4975553e-05,0.00061862456,7.4051095e-05,0.0012337691,435,validation
0.00047354962,0.0015411493,0.9955069,0.00020937392,7.900872e-05,0.0006354553,6.1815364e-05,0.0014928053,436,validation
0.0004867557,0.0014507055,0.99583995,0.00020740657,7.350688e-05,0.0006637536,6.3527485e-05,0.0012145084,437,validation
0.00032577192,0.0016640507,0.99603015,0.00029231235,2.4085546e-05,0.0007730493,6.861896e-05,0.00082183536,438,validation
1.639582e-05,0.99708885,0.0018739094,0.0009252037,5.471385e-07,6.2197278e-06,1.5146166e-05,7.377623e-05,439,validation
0.0053266915,0.011407714,0.0065002204,0.95489985,0.00013851374,0.012995296,0.0029788727,0.0057527283,440,validation
0.009351569,0.012982446,0.88978034,0.0055104326,0.0533314,0.016686061,0.0025742531,0.009783501,441,validation
0.00033606542,0.0012133908,0.9968953,0.00021754496,3.100753e-05,0.00044241556,4.51388e-05,0.0008190744,442,validation
0.0004125067,0.0012134257,0.996597,0.00033114786,3.477077e-05,0.00054419815,5.1474137e-05,0.00081545115,443,validation
0.00026063574,0.0009436335,0.9973308,0.00015172492,3.4525743e-05,0.00059992116,3.2208183e-05,0.0006464943,444,validation
0.00059513986,0.004168079,0.9921989,0.0009225864,3.346157e-05,0.0005076951,5.771702e-05,0.0015163322,445,validation
0.5947356,0.02555001,0.14259893,0.03215354,0.1545344,0.0065020607,0.020795364,0.023130124,446,validation
0.0008751824,0.0032101579,0.9921908,0.0007612053,9.848704e-05,0.00079363823,0.000114720686,0.0019557574,447,validation
0.9949478,0.0005395951,0.0011392878,0.0013007249,0.001355994,1.79091e-05,0.00017167644,0.0005269064,448,validation
0.9942931,0.0005166768,0.0010713604,0.0017488203,0.0014537738,3.157261e-05,0.00032562553,0.00055907515,449,validation
0.0017194917,0.0002955271,0.00014801818,0.00024996453,0.9963169,0.00024714074,0.0007163647,0.00030654407,450,validation
0.0009536324,0.00016459143,8.7754896e-05,0.00011647317,0.9981862,0.00013615808,0.0002347961,0.0001203544,451,validation
0.99358976,0.00068425515,0.0012305004,0.001530211,0.0019912475,3.413885e-05,0.00032582437,0.0006139818,452,validation
0.0007804208,0.0024962332,0.010182004,0.0028612781,0.007618231,0.97109985,0.0025258313,0.0024361825,453,validation
0.99451303,0.00050333823,0.0009239638,0.0013714203,0.0019664783,2.5124897e-05,0.0002890511,0.00040755278,454,validation
0.9932359,0.00067000306,0.0016822509,0.0018430084,0.0013808981,2.3320528e-05,0.00035821216,0.00080647256,455,validation
0.0266369,0.023654228,0.01121706,0.8845074,0.001404966,0.031666785,0.0076438966,0.013268774,456,validation
0.0003793117,0.0017629022,0.9957041,0.00029706932,5.459724e-05,0.0006951854,5.5691704e-05,0.0010511606,457,validation
8.018113e-05,0.99409676,0.0022049919,0.003100331,5.257196e-06,4.19881e-05,0.00012305671,0.00034750765,458,validation
0.020648876,0.03962509,0.13175716,0.02426699,0.053307805,0.6818618,0.015221151,0.033311073,459,validation
0.000416594,0.0019228313,0.9952252,0.0003280482,3.7426762e-05,0.0008555772,8.652094e-05,0.001127819,460,validation
0.00040439397,0.002000793,0.9957223,0.00061086426,4.0641968e-05,0.0005770115,5.902081e-05,0.0005849857,461,validation
0.9838223,0.0010670127,0.009462422,0.0014191042,0.0012923629,3.1578093e-05,0.00029356414,0.002611642,462,validation
0.9919796,0.00071818026,0.0017328939,0.0023667663,0.0018053259,5.8004192e-05,0.0004242605,0.0009148956,463,validation
0.0010464304,0.0028515763,0.008228675,0.0037665658,0.006360643,0.9695078,0.0031518666,0.0050864695,464,validation
0.00033676106,0.0017401393,0.9959709,0.00029179308,3.225821e-05,0.00047698373,5.911053e-05,0.0010920558,465,validation
0.004173737,0.0022833818,0.0019202569,0.0026059998,0.97596383,0.007165072,0.0041345246,0.0017531939,466,validation
0.99435186,0.0005716994,0.0010880597,0.0016682738,0.0013294526,2.1840595e-05,0.00020786222,0.0007608913,467,validation
0.0013381831,0.00044803563,0.00012035163,0.00032590187,0.9969693,0.00019557982,0.0002980621,0.0003045406,468,validation
0.8485675,0.015230351,0.06771665,0.008460435,0.0037401456,0.0021135248,0.037369974,0.016801344,469,validation
0.00038445136,0.001728866,0.9958677,0.00026862998,2.643159e-05,0.00063004036,7.606074e-05,0.0010177218,470,validation
0.99630284,0.00033626967,0.00089303404,0.00097150414,0.0009093679,1.0324288e-05,0.0001892227,0.0003874362,471,validation
0.00048310767,0.005308412,0.9911946,0.00084792724,2.7903638e-05,0.00041718708,8.331926e-05,0.0016375132,472,validation
0.0036817614,0.01080566,0.003582165,0.9771061,2.0383084e-05,0.003099974,0.0006706786,0.0010332812,473,validation
0.00053829845,0.0016372725,0.99494153,0.00035080605,5.9467413e-05,0.0012277617,0.00010579245,0.0011389749,474,validation
0.7092572,0.026699783,0.060281347,0.040443767,0.030527033,0.0067345053,0.029223766,0.09683262,475,validation
0.0004801287,0.0015391477,0.99587125,0.0003393589,4.3268843e-05,0.0007206372,8.029233e-05,0.000925873,476,validation
0.00036374637,0.0015862514,0.9961654,0.00023980571,4.8548663e-05,0.0005613868,4.93369e-05,0.000985616,477,validation
0.76838136,0.005421693,0.20845862,0.0040410417,0.0042641447,0.00049442466,0.0014464627,0.0074922936,478,validation
0.98628575,0.0011602072,0.0046572713,0.0026966715,0.0027900941,8.2774604e-05,0.0006984618,0.0016287782,479,validation
0.00027168775,0.0021950055,0.9959877,0.0003718594,3.2537566e-05,0.00030082793,3.298201e-05,0.0008073877,480,validation
0.0005873159,0.00073025277,0.000326512,0.0006014815,7.958002e-06,3.55751e-05,0.00012697469,0.99758387,481,validation
0.00028526178,0.0015338977,0.9964714,0.00025258723,3.3027245e-05,0.00061568146,3.8434246e-05,0.00076972885,482,validation
0.000299077,0.0012618166,0.99697137,0.00017578945,3.307374e-05,0.0005340315,3.248793e-05,0.0006923035,483,validation
0.0014137718,0.003239789,0.014104181,0.004521184,0.009907294,0.9596263,0.003721249,0.0034662131,484,validation
0.0031350767,0.003283712,0.98749346,0.001629062,0.00033924874,0.0009726817,0.00032959672,0.0028170908,485,validation
0.0011287832,0.00087395264,0.0008992311,0.00041865575,0.0008165314,0.0010536152,0.9919491,0.0028600625,486,validation
0.9942509,0.0005755514,0.0010663276,0.0015545328,0.0016390313,2.988045e-05,0.0002813697,0.00060234003,487,validation
0.99330306,0.0006244412,0.0012187543,0.0017963097,0.0019262632,3.9241982e-05,0.00042356458,0.000668338,488,validation
0.00034538104,0.0018554694,0.9959186,0.00027060334,4.7153633e-05,0.00053203607,4.954418e-05,0.000981307,489,validation
0.99507743,0.00047247918,0.0012898865,0.0011582957,0.0011603035,1.7262357e-05,0.00017756586,0.0006468852,490,validation
0.0002621627,0.0010659349,0.99728537,0.00022099339,2.525079e-05,0.000423978,3.63403e-05,0.0006798796,491,validation
0.0011309119,0.0031015042,0.9934487,0.00072865235,6.60342e-05,0.00037567804,6.474734e-05,0.0010837569,492,validation
0.99121803,0.00054293056,0.0028265503,0.0014262721,0.0028066956,4.3760014e-05,0.0004934916,0.000642281,493,validation
0.9894637,0.0010421191,0.0025142687,0.0029089511,0.002309443,7.2741495e-05,0.000503552,0.001185216,494,validation
0.00035488454,0.0009501737,0.99745446,0.00035284605,1.6784626e-05,0.00020224212,2.0645286e-05,0.0006478877,495,validation
0.0039076735,0.0021749125,0.0005772471,0.0016581387,0.98695844,0.00089428376,0.001694781,0.002134555,496,validation
0.00044013103,0.0016856693,0.9957982,0.00022838522,7.791764e-05,0.0006023094,4.9062393e-05,0.0011183376,497,validation
0.00036269892,0.0018471854,0.99542856,0.0003339428,3.3255725e-05,0.0007618463,7.8091034e-05,0.0011543803,498,validation
0.00049813936,0.0014233127,0.9961254,0.00029525507,4.0362873e-05,0.00053160003,5.9397462e-05,0.0010264973,499,validation
0.00035900096,0.0017860195,0.9957268,0.00030341302,2.8081047e-05,0.0007527869,7.827199e-05,0.0009656162,500,validation
0.00062520447,0.0015309135,0.99571013,0.00033713825,5.1891584e-05,0.00041446218,7.081283e-05,0.0012594225,501,validation
0.0005749983,0.0011284853,0.0009660767,0.00029259853,9.553233e-06,3.683797e-05,0.0003502649,0.99664116,502,validation
0.9950376,0.00046035353,0.0010006707,0.0012308941,0.0014769898,1.8495837e-05,0.00024649053,0.0005284259,503,validation
0.00039655107,0.0018908058,0.9956339,0.0003102495,5.1739866e-05,0.00056855107,5.9750364e-05,0.0010885315,504,validation
0.9954888,0.0004750459,0.0009839603,0.0013331196,0.0009711725,2.1934573e-05,0.00018168875,0.0005443203,505,validation
0.9953513,0.0004350975,0.0009020017,0.001259849,0.0013528594,1.3291019e-05,0.00023459976,0.0004509286,506,validation
0.00029061633,0.0015630416,0.9965084,0.0002535033,3.5615936e-05,0.00057306606,4.051015e-05,0.0007352457,507,validation
0.0007217106,0.0013306369,0.9960353,0.00039068045,4.1597337e-05,0.0006548344,5.524628e-05,0.00077005336,508,validation
0.9904857,0.0008733652,0.003700991,0.0015350551,0.0022096077,3.7056107e-05,0.00032488824,0.00083318213,509,validation
0.00044360815,0.0012578369,0.99648297,0.00038651822,3.7136335e-05,0.00050663884,3.5725687e-05,0.00084955344,510,validation
0.00026491232,0.0010668811,0.99712783,0.00019711278,3.697005e-05,0.0005527424,4.637649e-05,0.0007071773,511,validation
4.1744035e-05,0.0016485676,0.9975425,0.0003228553,2.0409316e-06,8.87764e-05,6.6578054e-06,0.00034693058,512,validation
3.9931714e-05,0.000615528,0.9987363,0.0001540065,4.552226e-06,0.00021255857,1.1112975e-05,0.00022601723,513,validation
0.00040294192,0.00014655298,0.00063407136,0.00037205295,1.7972047e-06,1.161981e-05,3.6190337e-05,0.9983948,514,validation
0.93183553,0.00154687,0.059666052,0.0029575753,0.00083961186,0.00011869333,0.00044495254,0.0025907657,515,validation
0.9954282,0.00028187674,0.001489617,0.0017513613,0.0003539158,2.4288858e-05,0.0001240004,0.00054679567,516,validation
7.199895e-05,0.00070939824,0.9982595,0.00039636,2.982859e-06,0.00019720894,1.1197544e-05,0.00035139048,517,validation
4.609028e-05,0.00058482465,0.9988073,0.00013733417,4.185247e-06,0.00022012801,1.1826819e-05,0.00018836521,518,validation
0.00012069741,0.0009002855,0.9978733,0.00029178138,1.0859112e-05,0.00038816888,2.8489847e-05,0.0003864725,519,validation
0.0013291732,0.0008455998,0.0015107533,0.0022655854,2.4155746e-05,0.0008427543,0.0001386872,0.9930433,520,validation
0.99734855,0.00015407687,0.00087461737,0.0008900391,0.00016527671,6.5999175e-06,4.674059e-05,0.00051419996,521,validation
0.9974788,0.00014039205,0.0005497548,0.0011327496,0.00022806485,8.116922e-06,8.042737e-05,0.000381709,522,validation
8.9004425e-05,0.0005019728,0.9981027,0.00043620428,2.2714812e-06,0.00018196563,1.07951855e-05,0.00067506765,523,validation
2.947552e-05,0.00013435863,0.00081570266,0.00050380855,0.00088771386,0.99726105,0.00032142835,4.6509598e-05,524,validation
0.0008765597,0.00025760586,0.00074876624,0.0005264085,7.377445e-06,5.610492e-05,7.396879e-05,0.9974533,525,validation
4.67648e-05,0.0007944074,0.9984353,0.00023140818,2.362603e-06,8.931592e-05,7.969027e-06,0.0003923658,526,validation
7.887256e-05,0.0007791892,0.9980806,0.00034863967,3.6144545e-06,0.00016240882,1.37105835e-05,0.0005329862,527,validation
0.9966973,0.00024384397,0.00070155476,0.0012097687,0.0002469622,1.3279248e-05,9.684275e-05,0.0007903126,528,validation
0.0002851206,4.6857804e-05,9.0622625e-06,7.85664e-05,0.99920815,8.253783e-05,0.00027259276,1.7059629e-05,529,validation
0.00011685206,0.0007966965,0.99797815,0.00030081658,8.977288e-06,0.00040636092,2.7525206e-05,0.00036464885,530,validation
0.9967699,0.00018394103,0.0010706846,0.0011773573,0.00027269914,1.0972862e-05,7.942176e-05,0.00043501068,531,validation
0.082189254,0.05605134,0.1387871,0.14910088,0.29294994,0.18027759,0.032176036,0.06846784,532,validation
4.4528515e-05,0.0009904373,0.9982522,0.00018487226,4.302411e-06,0.00027561205,1.42150075e-05,0.00023391114,533,validation
3.4794935e-05,0.0006490363,0.99880505,0.0001417506,3.2571356e-06,0.00017726365,8.874524e-06,0.00017982433,534,validation
0.00071967085,0.00027804545,0.0015886467,0.00042576957,4.1456515e-06,1.8584768e-05,8.527902e-05,0.9968798,535,validation
0.997242,0.00017598664,0.0006619033,0.0011966132,0.00021013265,8.9326e-06,0.00011080101,0.00039362017,536,validation
7.322307e-05,0.000926715,0.9981718,0.00019717356,4.9772025e-06,0.00026396217,1.8730996e-05,0.00034351167,537,validation
7.849621e-05,0.00083249697,0.998106,0.00034819052,6.1212513e-06,0.00030319593,1.74117e-05,0.00030816422,538,validation
3.8035818e-05,0.00044065178,0.99905795,9.442341e-05,3.0749002e-06,0.00013853093,7.383988e-06,0.00021997065,539,validation
0.99730325,0.00016582177,0.00054828794,0.001232254,0.00024382428,7.49371e-06,6.249439e-05,0.00043661002,540,validation
0.12820122,0.047850776,0.39143544,0.13981608,0.1262827,0.042457975,0.073446125,0.050509647,541,validation
9.900795e-05,0.00076442247,0.9981856,0.00026997057,7.31101e-06,0.000346735,1.9320836e-05,0.00030770537,542,validation
4.397223e-05,0.0007461526,0.99861777,0.00016609466,3.6321574e-06,0.00021787512,1.0560523e-05,0.00019389248,543,validation
0.9976725,0.00012290203,0.00069340185,0.0009034144,0.00019636429,6.2492873e-06,6.32023e-05,0.00034193083,544,validation
5.8578207e-05,0.0008058484,0.9983847,0.00023923656,3.7407708e-06,0.00020157789,1.4249648e-05,0.0002919529,545,validation
8.353145e-05,0.00094205566,0.99805367,0.00024808937,6.638912e-06,0.00034968666,1.7082239e-05,0.0002991679,546,validation
0.9958248,0.00019024986,0.0018224092,0.00084464916,0.00047341408,1.5493313e-05,0.00016784434,0.0006611747,547,validation
0.99781203,0.00013248141,0.00045433425,0.0009196795,0.00026442626,7.1971863e-06,6.0678125e-05,0.00034905647,548,validation
0.0002377383,6.5082306e-05,7.2113194e-06,7.424181e-05,0.9994855,3.480178e-05,8.4325955e-05,1.1172104e-05,549,validation
1.1268845e-05,0.99483705,0.0032395571,0.0017738998,1.8648177e-06,9.404732e-06,1.8784267e-05,0.00010823887,550,validation
5.160324e-05,0.0010097601,0.99831843,0.0001627249,5.236558e-06,0.00016472237,1.03756665e-05,0.0002771671,551,validation
0.9979267,0.00011440533,0.0006903631,0.00072694756,0.00018377694,5.3041267e-06,4.284655e-05,0.00030968516,552,validation
0.0019526407,0.00066457974,0.0015943124,0.0009617579,9.705072e-06,6.864553e-05,8.0311496e-05,0.994668,553,validation
0.99665076,0.00025405915,0.0006805384,0.0014268052,0.0005761569,1.4923015e-05,8.8546694e-05,0.00030828587,554,validation
0.0011231861,0.0010229646,0.0014667127,0.0020403285,3.1626867e-05,0.00013649269,0.00015560788,0.99402314,555,validation
5.2582433e-05,0.0005058183,0.9981306,0.00066225836,1.9367467e-06,0.0001988921,7.3915635e-06,0.00044055312,556,validation
7.932389e-05,0.000678919,0.9984291,0.00025922013,4.9079435e-06,0.00027761527,1.5738839e-05,0.00025512025,557,validation
4.2939577e-05,0.0009807409,0.9983619,0.00024104834,5.2551973e-06,0.00015526854,9.382994e-06,0.0002034024,558,validation
0.9976534,0.00014906586,0.00057193486,0.0009643171,0.00028175968,5.4590905e-06,6.993283e-05,0.00030410622,559,validation
0.000256811,0.0005251322,0.00034780375,0.00079324737,0.00051378243,0.0020754184,0.9947095,0.0007782968,560,validation
7.449113e-05,0.0007197925,0.9983876,0.00025251336,5.6777376e-06,0.0001905373,1.8374636e-05,0.00035110122,561,validation
0.9977871,0.00013109222,0.0005043004,0.00097425096,0.00028213303,4.913561e-06,4.709613e-05,0.0002690877,562,validation
0.9964581,0.00018545619,0.000994198,0.0015141149,0.00024794164,1.2969449e-05,8.775356e-05,0.00049948215,563,validation
0.0007617432,0.0010581724,0.0014557007,0.0014574919,2.5015668e-05,0.000105021514,0.00016234635,0.9949745,564,validation
0.0010280731,0.000601145,0.0017675991,0.0012194259,1.6953009e-05,0.00014750403,0.00018112878,0.9950382,565,validation
0.0002295739,0.00028569106,0.00022976511,0.0002433023,0.0001270094,0.00025601272,0.99805474,0.00057397474,566,validation
0.000105018655,0.0008427067,0.9980046,0.0003229368,7.565223e-06,0.00033618504,2.2858616e-05,0.00035821283,567,validation
0.0019449013,0.0028511975,0.011787145,0.0055033457,0.011913284,0.95250297,0.0041762628,0.009320932,568,validation
7.565957e-05,0.00062611036,0.99851984,0.00025918608,3.435803e-06,0.00020822114,1.3288353e-05,0.0002942744,569,validation
0.9963181,0.00018805587,0.00088567263,0.0015099032,0.00041114446,1.3132078e-05,0.00017697342,0.0004969676,570,validation
0.0011810282,0.0005891062,0.0018302558,0.0019534545,8.679039e-06,0.00013098218,0.00010568637,0.9942008,571,validation
8.7582346e-05,0.0006299092,0.99797136,0.0005345251,4.1693243e-06,0.00013508617,1.0644711e-05,0.00062682695,572,validation
0.997366,0.00014549446,0.0008995082,0.00109967,0.00023107702,6.003882e-06,5.1343373e-05,0.00020087945,573,validation
0.00010006574,0.00081215485,0.9981329,0.00028475458,6.821259e-06,0.0003145796,1.604531e-05,0.00033277692,574,validation
9.4919065e-05,0.0006242592,0.9981501,0.0004014688,4.796761e-06,0.00025156914,1.9620655e-05,0.0004533198,575,validation
6.248666e-05,0.0006311868,0.99853694,0.00026805975,3.569659e-06,0.0001752104,1.1409843e-05,0.00031110368,576,validation
4.6452526e-05,0.0009177261,0.9976393,0.00078694324,1.9485958e-06,0.00029925024,2.0371148e-05,0.00028805877,577,validation
0.00027525565,6.048433e-05,7.5590806e-06,8.93793e-05,0.999283,6.191938e-05,0.00020763381,1.4780525e-05,578,validation
0.9968821,0.00018147721,0.00047698457,0.0016154649,0.0002482651,1.13053175e-05,7.7518205e-05,0.00050694105,579,validation
0.99729544,0.00017387833,0.0006632338,0.0011773766,0.0002858366,9.903192e-06,6.958055e-05,0.00032478923,580,validation
0.99575377,0.00023368445,0.0011646404,0.0009924715,0.0013680252,9.647269e-06,0.0001837514,0.00029409968,581,validation
8.009729e-05,0.00065810565,0.99826545,0.00034824808,3.8591356e-06,0.00021119678,1.550129e-05,0.00041757125,582,validation
0.00011509096,0.00072601356,0.99791664,0.0004271801,6.125217e-06,0.00027464738,2.1836207e-05,0.0005124631,583,validation
9.608195e-05,0.0010308699,0.9976367,0.00045556633,4.1018757e-06,0.00014860972,1.8941666e-05,0.00060924515,584,validation
0.00010196379,0.0004214075,0.0013174134,0.0016103386,0.0030672771,0.99238104,0.0009557816,0.00014471992,585,validation
0.99307257,0.00047925382,0.0020823756,0.0030014184,0.0004941789,4.5828707e-05,0.00011205255,0.00071236625,586,validation
7.5594e-05,0.0009954324,0.9980398,0.00032221538,4.3666514e-06,0.00018816303,1.6221897e-05,0.00035826713,587,validation
0.997389,0.0001354918,0.0009935162,0.00085720024,0.00023433109,7.7449e-06,5.0431576e-05,0.00033234095,588,validation
0.9974667,0.00015261653,0.0007352393,0.00097550673,0.0002614862,8.472751e-06,6.796029e-05,0.00033198603,589,validation
9.287587e-05,0.0016554279,0.9971048,0.00044077096,7.3039714e-06,0.00022522149,1.657909e-05,0.00045702705,590,validation
0.0025311625,0.0046689995,0.029978957,0.0074185855,0.020450665,0.9241468,0.0063196234,0.004485239,591,validation
0.997186,0.00017069578,0.0011536127,0.0008488692,0.00020482617,8.401805e-06,4.5033314e-05,0.00038255236,592,validation
5.3751435e-05,0.0006212196,0.9984585,0.0003494547,2.1545814e-06,0.0002121973,1.1597655e-05,0.00029114005,593,validation
5.9240112e-05,0.0008209606,0.9978678,0.0005462928,2.1447277e-06,0.00019075221,8.754167e-06,0.00050393655,594,validation
0.98138404,0.00074785785,0.013705878,0.0016268869,0.0012657883,7.0968774e-05,0.00032418474,0.0008743069,595,validation
0.9650451,0.00241576,0.0076104407,0.013179826,0.0033703027,0.0005497169,0.0031234527,0.004705443,596,validation
9.104549e-05,0.0008026229,0.99809664,0.00027514788,7.7752775e-06,0.00040271596,2.2600832e-05,0.00030145023,597,validation
0.0024329575,0.0025596432,0.98977774,0.0023277863,2.1135007e-05,0.00024779732,7.494755e-05,0.0025579913,598,validation
0.9635672,0.0025181617,0.0062680957,0.013260077,0.0046837893,0.00053932914,0.00427934,0.0048839194,599,validation
0.00012080736,0.0045579593,0.9934274,0.0009035839,1.0494339e-05,0.0006082219,3.10867e-05,0.0003405363,600,validation
0.00013732779,0.0012672693,0.9974559,0.00025883684,1.1005091e-05,0.00035606752,3.43927e-05,0.00047934687,601,validation
0.9976368,0.00012874317,0.0008953463,0.0008196282,0.00014547,5.507064e-06,4.9444516e-05,0.00031909154,602,validation
6.499606e-05,0.0011942543,0.99795914,0.00023833182,5.521804e-06,0.00028424326,1.8291797e-05,0.00023515745,603,validation
4.161339e-05,0.0007351248,0.998582,0.00020983469,2.565846e-06,0.00015820374,1.5129277e-05,0.00025559525,604,validation
0.99660194,0.00027948793,0.0006959062,0.001504786,0.000304474,1.6784283e-05,7.136677e-05,0.00052527117,605,validation
0.000113218,0.0007507185,0.9981255,0.00030240425,6.711332e-06,0.00030585632,2.2331547e-05,0.0003732147,606,validation
6.729697e-05,0.0010339192,0.9978179,0.00048734053,2.8521006e-06,0.0001507173,1.4376244e-05,0.00042559428,607,validation
0.99747366,0.00013656542,0.0007129197,0.0009872221,0.00029669015,9.166884e-06,8.020209e-05,0.0003036211,608,validation
0.8398879,0.005286859,0.13945712,0.008852822,0.0010331009,0.0004447386,0.0009773817,0.0040600845,609,validation
0.00015531042,0.0014512996,0.9970229,0.00035791352,1.4118194e-05,0.0005664667,4.085511e-05,0.00039101977,610,validation
0.95722085,0.002695106,0.012308272,0.010394943,0.0023702302,0.0005065504,0.0022801238,0.01222385,611,validation
9.713509e-06,0.995433,0.002712682,0.001773173,1.1781968e-06,7.1999516e-06,8.550887e-06,5.445146e-05,612,validation
0.9978173,0.0001342473,0.00048305732,0.000965585,0.00027220164,5.4753805e-06,5.008314e-05,0.0002720755,613,validation
3.981756e-05,0.00037947943,0.99897456,0.00019851504,1.9528793e-06,0.00015156725,6.0577254e-06,0.00024799525,614,validation
7.3574694e-05,0.0010620796,0.9976059,0.000558891,6.862066e-06,0.00017284128,1.2528272e-05,0.000507376,615,validation
4.584878e-05,0.00072414574,0.99864477,0.00017469157,4.245318e-06,0.00019509895,1.0360792e-05,0.00020085926,616,validation
4.760664e-05,0.00066050224,0.9987203,0.00014120362,3.8068115e-06,0.00019585776,1.0669424e-05,0.00021998104,617,validation
8.5051484e-05,0.0007129312,0.9981912,0.0004021218,2.5871705e-06,0.00016628929,1.25122e-05,0.00042737543,618,validation
0.974754,0.00084951223,0.019873906,0.0014697781,0.0010058982,3.2953507e-05,0.0002578717,0.001756128,619,validation
8.945406e-06,0.9941673,0.0044934517,0.0012665542,8.1738114e-07,5.991617e-06,1.0818833e-05,4.594889e-05,620,validation
9.881022e-05,0.00097212003,0.99801505,0.00021213642,9.581633e-06,0.00036417964,2.0752339e-05,0.000307405,621,validation
1.2784406e-05,0.9942715,0.0042457134,0.0014116353,6.900502e-07,7.4415902e-06,1.3965776e-05,3.6323265e-05,622,validation
5.468197e-05,0.00054742524,0.9984456,0.00043928143,1.381776e-06,0.0001673616,6.6092193e-06,0.0003377016,623,validation
0.99783796,0.0001237482,0.0005151944,0.00088676444,0.00022991597,7.017804e-06,5.586505e-05,0.00034347895,624,validation
0.99754363,0.00013658646,0.0006656753,0.0010400874,0.00013008695,7.268577e-06,4.6518606e-05,0.00043005342,625,validation
0.00017326605,0.0010760601,0.997463,0.0003027721,1.1829106e-05,0.0005088448,3.8670834e-05,0.00042559026,626,validation
2.3177417e-05,0.00034893944,0.99931705,6.2180974e-05,2.2020233e-06,9.7178636e-05,7.0473284e-06,0.0001422498,627,validation
0.9970265,0.0001714944,0.00084785966,0.0012115389,0.00018609574,7.5625453e-06,7.267604e-05,0.00047625363,628,validation
0.9974873,0.00015359842,0.0007674021,0.0009959721,0.00028757466,7.678778e-06,5.597814e-05,0.0002445687,629,validation
7.528619e-05,0.0008854944,0.9981098,0.00026884198,6.696957e-06,0.00034827352,1.532478e-05,0.00029027445,630,validation
0.9969837,0.00020954938,0.00094284426,0.0011851211,0.0002758002,8.04754e-06,5.3966294e-05,0.00034096692,631,validation
0.99783534,0.00013990389,0.00052749825,0.00088920904,0.0002210109,6.9754756e-06,7.188988e-05,0.00030817732,632,validation
0.00012212485,0.00057707087,0.99835604,0.00027844633,4.3981986e-06,0.00027706995,2.1646834e-05,0.0003631552,633,validation
4.95763e-05,0.0004915851,0.9988926,0.00014071443,3.7823809e-06,0.0001845431,1.0656478e-05,0.00022668082,634,validation
0.00016804365,0.0010236204,0.9975362,0.00031984688,1.2373138e-05,0.00055081426,3.6605026e-05,0.0003525285,635,validation
7.014512e-05,0.99119735,0.0041982527,0.004019674,1.3127791e-05,4.219511e-05,0.0001269286,0.0003323673,636,validation
6.386181e-05,0.0011138729,0.99798274,0.00019917657,5.407652e-06,0.00031716365,1.8252744e-05,0.000299556,637,validation
8.565569e-05,0.00089510955,0.9980623,0.00027094255,6.517692e-06,0.0003757968,1.6210603e-05,0.0002874042,638,validation
2.3195242e-05,0.00086345186,0.99875975,0.00015063083,1.0738593e-06,4.3530996e-05,5.4466213e-06,0.0001528855,639,validation
0.99852777,6.219744e-05,0.00025132016,0.0007252679,7.11682e-05,3.9159836e-06,1.769033e-05,0.00034066453,640,validation
0.99859244,6.5900276e-05,0.00034187912,0.0005791926,0.000110737616,3.612358e-06,2.631451e-05,0.00027993505,641,validation
0.000120639714,0.00014675377,0.0005540553,0.0019832316,0.00066689565,0.9954454,0.0005031192,0.00057999615,642,validation
0.0001269196,0.0017305673,0.9969304,0.00044290398,1.1467382e-05,0.0002644896,3.0000665e-05,0.00046333627,643,validation
0.000102070095,0.0019725666,0.99686545,0.00031682974,1.2914077e-05,0.00021177066,3.325571e-05,0.00048507692,644,validation
5.376794e-06,0.99654585,0.0022033313,0.0011831222,6.167879e-07,3.370637e-06,8.956091e-06,4.938847e-05,645,validation
0.00022454135,0.0020509784,0.99576086,0.00046097752,2.394708e-05,0.00066802115,5.739546e-05,0.00075326324,646,validation
0.00014075557,0.0017621231,0.9967435,0.00046945445,1.5030244e-05,0.00037639882,2.3027533e-05,0.00046976417,647,validation
0.99832267,9.2153896e-05,0.0004051571,0.00080218277,0.00016210989,6.767972e-06,2.7742175e-05,0.0001811807,648,validation
0.9973769,0.00012200715,0.0007770453,0.0009964865,9.062514e-05,7.480183e-06,4.4091583e-05,0.0005853778,649,validation
0.00010818314,0.0012390579,0.9976683,0.00034767907,7.2722178e-06,0.00022316477,1.5230762e-05,0.00039104253,650,validation
0.9904474,0.0005185385,0.0017156511,0.0044302302,0.00074690697,7.2703835e-05,0.0003078778,0.0017607515,651,validation
0.998317,7.792752e-05,0.00034393911,0.0007935852,0.00012502106,5.0520853e-06,3.5188623e-05,0.00030216994,652,validation
0.9903486,0.00045329938,0.00171778,0.0043078717,0.00062717666,8.705007e-05,0.00038281584,0.0020754805,653,validation
7.055076e-05,0.0010333323,0.9980519,0.00019325277,7.5899425e-06,0.00019882142,1.0847938e-05,0.00043372042,654,validation
0.00015128402,0.0016824093,0.9967685,0.00050758815,2.1425783e-05,0.00014958643,2.5160345e-05,0.0006940743,655,validation
0.9980902,4.7663532e-05,0.00016531114,0.0012200671,0.0001082899,3.0599456e-06,2.4800493e-05,0.00034058603,656,validation
0.00011760541,0.000895911,0.99777967,0.00035743328,6.972679e-06,0.00030681587,1.6422568e-05,0.00051922485,657,validation
0.0001716045,0.0027975836,0.9950033,0.00044431383,2.573158e-05,0.00056823646,5.6817033e-05,0.0009323575,658,validation
0.00012168234,0.0028582648,0.9954561,0.00063864305,1.60199e-05,0.00022961032,2.0001686e-05,0.00065970514,659,validation
0.00014245907,0.0016357612,0.9952154,0.0015156268,1.6445916e-05,0.0008464253,4.6515623e-05,0.00058141066,660,validation
0.00012242568,0.0016504977,0.99711907,0.00035695228,1.2724667e-05,0.00018942305,2.4815212e-05,0.00052412227,661,validation
0.00012962069,0.0018975387,0.9965061,0.00038141568,1.3044627e-05,0.00042908324,2.4460005e-05,0.0006187455,662,validation
8.989662e-05,0.0018317996,0.9968316,0.00039279123,1.3637543e-05,0.00016310294,1.7584334e-05,0.0006596044,663,validation
0.00014219356,0.0014390524,0.9973883,0.0002788213,9.620293e-06,0.00017044833,1.6578128e-05,0.0005549851,664,validation
0.00026547143,0.0029918922,0.99448943,0.0012236085,1.5812442e-05,0.00037842742,4.6730773e-05,0.0005886064,665,validation
0.0048088026,0.0049173012,0.9557206,0.006127409,0.0024582767,0.009113394,0.001808886,0.015045321,666,validation
0.997682,0.000113471484,0.00080754113,0.000796875,0.00010407526,5.4480024e-06,4.117032e-05,0.00044941652,667,validation
9.3241915e-06,0.9951147,0.002857234,0.0019136507,1.518004e-06,1.01164505e-05,1.4177116e-05,7.922577e-05,668,validation
6.378108e-05,0.0008498393,0.9980205,0.0005017278,4.612815e-06,0.00012979626,7.3103092e-06,0.000422444,669,validation
9.628285e-05,0.0017338922,0.99705565,0.00028538957,9.175958e-06,0.00027919043,2.1665574e-05,0.0005187679,670,validation
0.000121666824,0.0015284419,0.9970925,0.0003471713,1.8909393e-05,0.00039956465,2.4760819e-05,0.00046700146,671,validation
4.9057453e-05,0.0013176796,0.9976094,0.0005196097,3.8196017e-06,0.0001838717,7.782555e-06,0.00030882147,672,validation
0.9982596,6.832566e-05,0.0003854115,0.0009490164,5.5005028e-05,3.790572e-06,2.3392682e-05,0.0002555576,673,validation
0.997792,0.0001061426,0.0005896842,0.0010291241,8.6151806e-05,6.2134627e-06,3.28018e-05,0.0003579313,674,validation
0.00043904508,0.0016027149,0.9964809,0.00067017955,2.1466143e-05,0.00046401488,7.539678e-05,0.00024626468,675,validation
0.00013956972,0.0010947951,0.99717844,0.0006137511,5.9247222e-06,0.00020335337,1.40604225e-05,0.00075018033,676,validation
0.99813205,9.0755966e-05,0.00037873705,0.0007652213,0.0002629529,6.3700213e-06,4.3780165e-05,0.00032019697,677,validation
0.997849,0.00010442776,0.00042925295,0.0010805568,0.00016783652,7.704026e-06,5.856643e-05,0.00030269552,678,validation
0.0001404331,0.0019104193,0.99670166,0.0003367765,1.0811599e-05,0.00026300768,3.8300997e-05,0.0005986427,679,validation
0.00011496011,0.0010569084,0.9971443,0.0007261494,5.846608e-06,0.00022321437,1.0685738e-05,0.0007179398,680,validation
0.00015158404,0.0018646821,0.99663,0.00050902274,1.8678606e-05,0.0003059251,2.7965749e-05,0.00049214996,681,validation
0.28940302,0.0091678165,0.6789343,0.010635415,0.0016526905,0.0007819424,0.0015321381,0.007892727,682,validation
0.99700004,0.00016624949,0.0009759909,0.0010675387,0.00043031762,1.8645454e-05,5.143704e-05,0.00028970404,683,validation
0.000105768195,0.0014160796,0.9973484,0.00041425033,4.1622375e-06,0.000214905,8.978797e-06,0.0004873092,684,validation
0.2554405,0.014472699,0.7160515,0.0055302493,0.0006951227,0.0006183806,0.00026483522,0.006926617,685,validation
0.99788827,0.000121697056,0.00059668766,0.000731635,0.00019474993,7.846034e-06,4.1605148e-05,0.0004174563,686,validation
0.4017092,0.020881874,0.37159362,0.10004025,0.012411589,0.020934045,0.01242481,0.060004625,687,validation
0.00013810163,0.0014598102,0.99707186,0.0003787584,1.6241658e-05,0.0004334297,2.3917286e-05,0.00047778495,688,validation
0.00018592061,0.0020953876,0.9961176,0.00034962062,2.039211e-05,0.0004214566,4.3026896e-05,0.0007667332,689,validation
0.9987985,4.406176e-05,0.00043128795,0.00043273714,6.347205e-05,2.2527145e-06,2.0125864e-05,0.00020759608,690,validation
0.00014205516,0.0025514732,0.9953301,0.00046620777,1.7958868e-05,0.00054282026,3.6466954e-05,0.0009129651,691,validation
0.005848023,0.9317372,0.033610854,0.019712605,0.0004453496,0.0021704948,0.0013188027,0.0051566805,692,validation
0.9986473,6.2295585e-05,0.00030138536,0.0005806896,0.00013523117,3.748902e-06,2.3809062e-05,0.00024557993,693,validation
0.0008944805,0.0020579922,0.008926356,0.0047986475,0.008409268,0.9690513,0.0033739624,0.0024880057,694,validation
9.748407e-05,0.0012804567,0.99760073,0.00019761933,1.2158305e-05,0.00026302232,1.6725133e-05,0.0005317272,695,validation
0.00017100207,0.00232011,0.99573565,0.00051093946,1.9705574e-05,0.0004360624,3.4624918e-05,0.0007718364,696,validation
7.22115e-05,0.0011063283,0.9979644,0.00033264398,1.9499819e-06,0.00011574347,7.1863083e-06,0.00039963442,697,validation
0.000115246025,0.0020635675,0.99672866,0.00024238377,1.6415332e-05,0.00017840228,1.5024991e-05,0.0006403114,698,validation
0.9898615,0.00045194404,0.0016331234,0.0040968736,0.0004386094,9.268086e-05,0.00033269488,0.003092621,699,validation
0.00015224105,0.0022637742,0.9961035,0.0003752052,1.8026982e-05,0.00034404834,4.3459964e-05,0.00069975934,700,validation
0.0001585188,0.002073631,0.99612635,0.0005529922,1.4298619e-05,0.00023875324,2.3414326e-05,0.00081215205,701,validation
0.00014954334,0.00092362566,0.9976804,0.000502757,4.5772786e-06,0.0001361853,1.6022717e-05,0.0005867401,702,validation
0.9983474,8.459186e-05,0.00041813316,0.00076552556,7.75614e-05,3.0510585e-06,2.3516806e-05,0.00028013872,703,validation
0.00014284608,0.0019738604,0.9964355,0.0005008536,1.3846813e-05,0.00016923125,2.2382894e-05,0.0007415264,704,validation
0.00012694926,0.0016588,0.99685174,0.0005143692,1.3074265e-05,0.00035915195,2.1072026e-05,0.00045498434,705,validation
0.99684757,0.00011387059,0.00166098,0.00081262697,0.00018299333,5.8249466e-06,3.4228913e-05,0.00034198762,706,validation
0.9978967,0.000104215964,0.00041372437,0.0009778031,0.00020059782,8.28139e-06,5.1170562e-05,0.00034754362,707,validation
0.00017647819,0.0015117086,0.9967824,0.0005144124,1.58636e-05,0.00026406953,2.90052e-05,0.0007059902,708,validation
0.00023903415,0.0020130912,0.9958889,0.0004352648,2.4278925e-05,0.0007010211,5.0913455e-05,0.0006474886,709,validation
7.6118595e-05,0.0013549259,0.99758744,0.0003954564,5.826991e-06,0.00022536209,1.3796953e-05,0.0003410652,710,validation
0.00010230897,0.0017473393,0.996917,0.00039367058,1.0730763e-05,0.00026003565,3.2095955e-05,0.0005367831,711,validation
0.0001199734,0.0014150209,0.99727976,0.00034830498,9.560221e-06,0.00028444582,2.6624692e-05,0.0005162456,712,validation
6.674273e-05,0.001398825,0.9973322,0.0005316181,2.2929066e-06,0.00011409633,6.7821034e-06,0.00054741226,713,validation
0.00021734844,0.00020112298,6.0111637e-05,0.00049038744,2.5137027e-05,5.5448145e-05,0.9987361,0.00021432248,714,validation
8.184072e-05,0.0010798685,0.99788743,0.0003496054,6.32048e-06,0.00018772855,9.367594e-06,0.00039779578,715,validation
2.6217347e-05,1.4704495e-05,6.853016e-05,4.5448975e-05,1.01754665e-07,1.6074291e-06,4.420761e-06,0.99983895,716,validation
8.8707864e-05,0.0012473939,0.9976834,0.00021354604,9.006911e-06,0.00022411233,1.1467838e-05,0.0005223455,717,validation
0.00017411825,0.0014589366,0.9968303,0.00040617547,1.9380946e-05,0.00052989996,3.3151406e-05,0.0005481108,718,validation
0.99879587,3.8858536e-05,0.00028821733,0.000504135,0.000105042294,2.282101e-06,3.8734994e-05,0.00022684723,719,validation
0.99850607,6.9958485e-05,0.00044634193,0.00062888226,0.000112265036,3.4403588e-06,2.746436e-05,0.00020552023,720,validation
9.433423e-05,0.00023190741,0.00091687107,0.0012444664,0.0014936252,0.9950482,0.0006945228,0.00027602003,721,validation
0.99870634,5.332395e-05,0.000274626,0.0005799626,0.00010921191,2.8584295e-06,3.271602e-05,0.0002409421,722,validation
9.4877534e-05,0.0015752964,0.99718446,0.0002745053,9.880225e-06,0.00030971997,1.800697e-05,0.0005332862,723,validation
0.00018628982,0.0022945278,0.9958528,0.0006356236,1.8311477e-05,0.00022599897,2.7929793e-05,0.00075863255,724,validation
0.9981958,6.3261636e-05,0.0002917318,0.0009226028,9.6807606e-05,4.667199e-06,3.1455485e-05,0.00039358356,725,validation
0.9987972,4.9897986e-05,0.00025880997,0.00060228247,0.000120075885,3.4121724e-06,1.72622e-05,0.00015104661,726,validation
4.2966196e-05,3.1117466e-05,6.366704e-05,7.2256575e-05,1.504289e-07,2.6669652e-06,4.011707e-06,0.9997832,727,validation
0.00010357998,4.6175148e-05,0.00063442445,0.00020740677,1.2214148e-06,9.2014874e-05,0.00022302763,0.9986921,728,validation
0.00044328163,0.00013085442,9.024373e-06,0.00013468384,0.9990564,7.059376e-05,0.00012643378,2.8800026e-05,729,validation
0.00049706904,0.00032197297,5.30211e-05,0.00061198696,0.99591357,0.0008736905,0.0015292322,0.00019940954,730,validation
0.99795014,8.697612e-05,0.0004430964,0.0010307243,8.333573e-05,6.4141e-06,2.946406e-05,0.00036984184,731,validation
0.9972639,0.0001330576,0.0012560263,0.0006599695,0.00023307395,1.1010836e-05,6.585624e-05,0.000377103,732,validation
0.9982494,7.1978306e-05,0.0004889013,0.0008102752,0.00011485889,4.440386e-06,3.053689e-05,0.00022968045,733,validation
6.5755175e-06,0.99661946,0.0020199413,0.0012537139,1.2746809e-06,3.6097279e-06,9.230237e-06,8.622119e-05,734,validation
0.00022294329,0.0020520596,0.996015,0.00079633907,1.2998184e-05,0.0002652931,2.126998e-05,0.00061406754,735,validation
0.00039774468,0.92698807,0.06378701,0.008230555,1.7276738e-05,0.00022495206,5.7442227e-05,0.0002969458,736,validation
3.724747e-05,0.000704359,0.9987239,0.00018527615,3.3443343e-06,0.00013357495,5.60897e-06,0.00020668162,737,validation
9.4676325e-05,0.0017413319,0.997115,0.0002841261,1.4604839e-05,0.00021729553,1.878359e-05,0.00051423575,738,validation
8.8680594e-05,0.0009134357,0.99797994,0.00033471154,5.9120644e-06,0.00020517093,1.3516213e-05,0.00045859854,739,validation
0.9988777,5.1651554e-05,0.00033684546,0.0004582715,0.00012640875,2.696586e-06,2.8000952e-05,0.00011832329,740,validation
0.998355,8.426962e-05,0.00072293665,0.0004925333,0.0001072307,4.1276485e-06,2.2708846e-05,0.00021117424,741,validation
0.00010349585,0.0014027621,0.9975241,0.00028604642,1.330693e-05,0.0001892116,2.5927093e-05,0.00045513624,742,validation
0.9979588,9.1062444e-05,0.0005266449,0.0008163711,0.00018402647,8.045707e-06,6.839359e-05,0.00034660136,743,validation
0.00024107574,0.0019732357,0.99587554,0.00047477675,2.616759e-05,0.00066943624,5.2720028e-05,0.00068713893,744,validation
8.324994e-05,0.0012892173,0.9976209,0.00023389923,7.959391e-06,0.00025209965,1.6073811e-05,0.0004966087,745,validation
0.9976265,0.00010996257,0.0008117133,0.0007903963,0.00024454427,1.044612e-05,6.108664e-05,0.00034537696,746,validation
0.00011825657,0.0012460884,0.99737144,0.0004619037,8.2393235e-06,0.0002491326,1.4181243e-05,0.00053071475,747,validation
9.7720025e-05,0.0025654144,0.9954756,0.00047222758,1.2005888e-05,0.00052885996,2.9637116e-05,0.00081852556,748,validation
0.00022373321,0.00134088,0.99596053,0.0011455822,1.8151768e-05,0.00041087443,2.6888814e-05,0.000873498,749,validation
0.00016465176,0.0015919181,0.9963898,0.00081463193,1.092127e-05,0.00033026258,1.1977122e-05,0.00068578304,750,validation
0.99840564,7.2672476e-05,0.00040344038,0.0006798454,0.0001608559,4.873072e-06,5.2166808e-05,0.00022044571,751,validation
0.0001714373,0.0015109674,0.9968316,0.00045439042,1.7360686e-05,0.0004656469,3.2739987e-05,0.0005157526,752,validation
0.00012122273,0.00042124616,0.00088366575,0.0010174093,0.002569127,0.993453,0.0013420495,0.00019225776,753,validation
0.9984497,7.736552e-05,0.000388757,0.0005883635,0.00017559169,3.8837306e-06,4.935543e-05,0.00026701685,754,validation
0.0002513321,0.0015663619,0.996431,0.00037991095,2.3546592e-05,0.0006105195,4.9295075e-05,0.00068805023,755,validation
0.000101143894,0.0014139888,0.9974975,0.00027408105,1.4485506e-05,0.00022942603,1.7816867e-05,0.00045150827,756,validation
0.9986511,5.2943044e-05,0.00026677438,0.0006720943,8.943845e-05,2.1072615e-06,2.5156447e-05,0.00024043894,757,validation
7.144541e-05,0.0011255662,0.99773055,0.0004824684,4.012078e-06,0.00016048014,7.0644664e-06,0.0004184846,758,validation
6.362002e-06,0.99709606,0.0017744035,0.0010449531,6.180897e-07,2.4998901e-06,1.1256004e-05,6.3855594e-05,759,validation
0.99718046,0.0001915071,0.00068409304,0.00095479854,0.00023187193,1.0840628e-05,6.179658e-05,0.00068457925,760,validation
0.00014604311,0.0018731144,0.9964463,0.0005127676,1.818192e-05,0.00036610969,2.6422314e-05,0.00061105663,761,validation
0.0001811911,0.0020339435,0.99608326,0.000479753,2.3267161e-05,0.00054948067,4.8099773e-05,0.00060098036,762,validation
0.00010269794,1.9554389e-05,1.5266221e-06,3.0878975e-05,0.9997398,1.6673202e-05,8.13884e-05,7.3243764e-06,763,validation
0.0002284384,0.0021906632,0.9957119,0.00043534726,2.5126512e-05,0.00064183725,5.7410045e-05,0.00070928194,764,validation
0.9981781,8.216264e-05,0.00044048714,0.0008004062,8.899782e-05,4.730659e-06,3.161284e-05,0.000373557,765,validation
7.392632e-06,0.9967452,0.0017225062,0.0014125762,1.4108251e-06,4.0880186e-06,1.0716817e-05,9.605609e-05,766,validation
0.99824286,6.780348e-05,0.0005277366,0.00059162796,0.00012328273,5.883869e-06,8.718602e-05,0.00035368258,767,validation
0.000119141674,0.0007343828,0.99816304,0.0002711881,5.676764e-06,0.00030646284,2.7020644e-05,0.00037308867,768,validation
6.047338e-05,0.00031115836,0.9991984,9.430862e-05,2.6824857e-06,0.00014136704,1.3651762e-05,0.0001780141,769,validation
7.56796e-05,0.0009544745,0.9983242,0.0001820706,5.6920585e-06,0.00015767118,1.4954845e-05,0.00028518098,770,validation
6.292704e-05,0.001231158,0.99786407,0.0002925672,3.6456408e-06,0.00030971118,1.887707e-05,0.00021697278,771,validation
0.00016300131,0.0011899031,0.99730754,0.00025481667,1.2113177e-05,0.0005232197,4.234932e-05,0.0005070206,772,validation
0.00011836355,0.0006263707,0.9984126,0.0002730108,4.305656e-06,0.00025563675,2.0759098e-05,0.00028896634,773,validation
0.038547512,0.04491267,0.04032728,0.048053753,0.5695471,0.15514249,0.053742807,0.049726397,774,validation
0.00011409485,0.0007393995,0.9982899,0.00022987253,7.115032e-06,0.00018658512,2.9394598e-05,0.00040359393,775,validation
0.00020992936,0.00020485409,0.0004995822,0.00021948479,2.1243493e-06,1.2650789e-05,1.2204343e-05,0.9988392,776,validation
0.00013929256,0.0008868967,0.9978041,0.00029906514,7.5134644e-06,0.00045966532,2.8111897e-05,0.00037537116,777,validation
0.00036272794,0.0016981103,0.9957023,0.0009862775,1.33629765e-05,0.00039024273,3.4958637e-05,0.00081203517,778,validation
6.501793e-05,0.0007322505,0.99851114,0.0001591871,4.8580237e-06,0.00025256968,1.6535665e-05,0.00025848032,779,validation
0.00019602009,0.00097268756,0.997456,0.00043048649,7.243996e-06,0.00024813385,2.6728596e-05,0.00066275883,780,validation
0.9984029,9.5196505e-05,0.000636168,0.00048461888,0.0001519096,2.219695e-06,5.0878298e-05,0.00017607425,781,validation
0.9978514,0.00014591175,0.00053378,0.0009780715,0.00015769647,4.4015082e-06,4.721974e-05,0.00028162132,782,validation
0.9917747,0.000508622,0.0015767617,0.0037012016,0.0007820129,4.897766e-05,0.00047278835,0.0011350843,783,validation
0.9985085,9.3863826e-05,0.00043874918,0.0005774877,0.0001506277,2.0767857e-06,5.1056002e-05,0.0001776596,784,validation
0.0016534402,0.0010626453,0.015652243,0.00065848004,2.8244533e-05,0.00012015511,0.0001490667,0.98067564,785,validation
0.00055803725,0.00014493287,2.4061808e-05,0.00016071992,0.99876595,8.911174e-05,0.00019641739,6.0798953e-05,786,validation
0.9975942,0.00013618016,0.0010526564,0.0006744336,0.0001678942,5.362105e-06,7.493184e-05,0.0002943436,787,validation
0.0010301891,0.00021422551,2.4740342e-05,0.0002529222,0.9978777,0.00013134979,0.00039172522,7.7134275e-05,788,validation
0.0026160215,0.002973197,0.99084646,0.0014638419,2.655766e-05,0.00017357155,8.255525e-05,0.0018178793,789,validation
7.832653e-05,0.0007431063,0.99850094,0.00015004819,5.1858106e-06,0.00024553834,1.9122113e-05,0.00025767137,790,validation
0.9976156,0.00017723042,0.00060359045,0.0010833594,0.00016087321,6.385734e-06,5.8579317e-05,0.0002944024,791,validation
0.00016790586,0.001066536,0.99764246,0.00027358884,9.75666e-06,0.00036942336,3.7426682e-05,0.00043278924,792,validation
0.00010972001,0.0013381556,0.9975327,0.000413451,3.253092e-06,0.00011871597,1.0945815e-05,0.00047305296,793,validation
0.00010950646,0.000104337145,0.0004207671,0.00021884638,1.0958095e-06,1.0409568e-05,1.5162277e-05,0.99911994,794,validation
0.00034038138,0.0010139303,0.99724317,0.00044066127,5.1081365e-06,0.0001089115,2.4521136e-05,0.00082342734,795,validation
9.291818e-05,0.00088951987,0.99821556,0.00019270046,5.3083595e-06,0.00016856882,2.4181247e-05,0.0004113598,796,validation
0.9978302,0.00012925152,0.0004968377,0.0009654635,0.00016754391,5.209119e-06,7.485014e-05,0.00033055712,797,validation
0.000118424505,0.0007513345,0.99817073,0.00031699357,4.9031323e-06,0.00024950044,1.9479918e-05,0.00036866212,798,validation
0.00014540396,0.0011997714,0.99749774,0.00038337253,9.533292e-06,0.00019119334,2.8715633e-05,0.0005442658,799,validation
0.00015608141,0.0013178391,0.9973277,0.0002791465,1.118708e-05,0.0004773277,4.4062e-05,0.00038658807,800,validation
0.0011049377,0.00033806884,0.00054758566,0.00042125484,0.00056562986,0.0006059715,0.9957404,0.00067611894,801,validation
0.99850684,9.5677635e-05,0.00029771042,0.00070000434,0.00015651622,3.1776842e-06,5.3045012e-05,0.00018698984,802,validation
0.00013550874,0.0009586516,0.9978078,0.00034547102,7.66579e-06,0.00019951671,2.9086419e-05,0.00051624776,803,validation
0.00018466664,0.00092386355,0.99731797,0.00056027784,6.875189e-06,0.00027373186,2.9153987e-05,0.0007034536,804,validation
0.9976404,0.00016063407,0.0006935686,0.0010135862,0.00020082417,8.368544e-06,5.1371066e-05,0.00023124907,805,validation
3.8173464e-05,0.00032355209,0.9991949,0.00015512477,6.9728225e-07,0.0001404975,3.5523688e-06,0.00014350323,806,validation
1.29337695e-05,0.9960232,0.0027535027,0.0011505398,4.895227e-07,5.860063e-06,1.2450732e-05,4.1048395e-05,807,validation
0.00014658095,0.0009914418,0.9977087,0.0003075355,8.542415e-06,0.00038595483,2.7187667e-05,0.00042407584,808,validation
0.9986066,8.203846e-05,0.000295936,0.00070119003,0.00012419422,1.6321721e-06,4.0661587e-05,0.00014771585,809,validation
0.00011843034,0.0009181065,0.99793243,0.00025655248,8.474298e-06,0.0003585174,2.3936676e-05,0.00038358496,810,validation
0.0131729,0.0034750695,0.977962,0.0011436515,3.9625913e-05,0.0003122478,6.9951995e-05,0.0038245423,811,validation
0.99852055,8.354415e-05,0.0005363447,0.0005265538,0.00011187176,2.3796904e-06,4.016417e-05,0.00017864582,812,validation
0.9981217,0.00012946929,0.00034569277,0.001015323,0.00014483344,3.294783e-06,4.6849193e-05,0.00019289838,813,validation
0.00022068205,0.0009536243,0.99749064,0.0004324948,1.1521117e-05,0.00028854262,3.526605e-05,0.0005671707,814,validation
0.99841475,8.274243e-05,0.0003070867,0.0008052592,0.00012112335,2.8653342e-06,4.708115e-05,0.00021903969,815,validation
7.136305e-05,0.0011529101,0.9979233,0.0002588475,6.2650147e-06,0.00022697977,1.8023438e-05,0.00034217877,816,validation
0.00094343204,0.0022620105,0.0079062,0.0006202911,3.7603742e-05,0.00014625244,0.00048264803,0.98760146,817,validation
0.0013225016,0.0007023924,0.0014506055,0.000610463,0.0009802032,0.0010783696,0.9923281,0.001527337,818,validation
0.00011055167,0.000895297,0.99799806,0.00032132247,5.32888e-06,0.00027967026,2.0786647e-05,0.00036888776,819,validation
0.00012755595,0.0013293842,0.9975424,0.00022331924,7.762627e-06,0.0002831964,3.7571368e-05,0.00044889294,820,validation
0.00059037964,0.0018792498,0.99452245,0.0011390033,1.7137514e-05,0.0004200756,3.7961276e-05,0.0013937859,821,validation
0.00014901833,0.0013403398,0.99729925,0.000261705,1.1316144e-05,0.000505189,4.2204785e-05,0.00039090757,822,validation
0.0007406374,0.00038716168,0.0006928203,0.0018446457,8.754303e-06,0.00029441153,3.2548833e-05,0.9959991,823,validation
0.0006534508,0.0015851506,0.9960681,0.0005256857,1.0053878e-05,0.000121800134,4.1299358e-05,0.0009944157,824,validation
9.021942e-05,0.0014878976,0.9973266,0.00025384867,6.6849216e-06,0.00041262252,2.8749693e-05,0.0003933286,825,validation
0.99860543,0.00010401435,0.0002872457,0.00065407995,0.00019183583,3.9074457e-06,4.726714e-05,0.000106355226,826,validation
0.000645065,0.00019589318,2.4871651e-05,0.00024556127,0.9984238,0.00014813158,0.00023872289,7.791134e-05,827,validation
9.929123e-06,0.99704725,0.0019015063,0.0009983701,4.7083515e-07,3.8981134e-06,5.6319814e-06,3.3000066e-05,828,validation
0.00013595658,0.0011743475,0.99748397,0.00020902588,8.818119e-06,0.0004232205,3.4747158e-05,0.0005298719,829,validation
0.0001816944,0.0009220518,0.9977857,0.00033799844,5.597548e-06,0.00014389641,2.0177045e-05,0.00060283305,830,validation
0.00012513029,0.0014026335,0.9974136,0.00026593328,7.3831475e-06,0.00033433628,4.1731953e-05,0.00040936534,831,validation
0.99782157,0.00014003504,0.00074303104,0.0009017717,0.00012987264,4.2862366e-06,3.851937e-05,0.00022097348,832,validation
0.9975153,0.00013426901,0.0011070578,0.00063100597,0.00018824612,5.7309553e-06,5.913724e-05,0.0003592627,833,validation
0.0031665687,0.008352913,0.9655036,0.0061481586,0.0002777153,0.008507953,0.00047779185,0.0075652907,834,validation
0.0001514705,0.0008922556,0.9978781,0.00041165334,6.4326136e-06,0.00016731388,1.6835562e-05,0.00047602213,835,validation
0.99669015,0.0002536656,0.0008573781,0.0015669552,0.0002098396,1.2151332e-05,5.626114e-05,0.00035350173,836,validation
0.0016552045,0.0022177375,0.9938974,0.0007257088,1.1008256e-05,9.125752e-05,4.232616e-05,0.0013594147,837,validation
0.00050207984,0.00016629224,0.0013628585,0.00050143147,1.0822602e-05,0.00034713192,9.439061e-05,0.997015,838,validation
0.00012911628,0.0015110649,0.9972464,0.0003358894,7.8931525e-06,0.0002172392,2.8285182e-05,0.00052417023,839,validation
0.00021138763,0.0012525048,0.9971789,0.0003179911,1.2813037e-05,0.0005149146,4.649521e-05,0.00046506675,840,validation
0.99831593,0.000111859925,0.00034224289,0.0008245081,0.00020974237,4.4547896e-06,5.7173227e-05,0.00013413964,841,validation
0.9932187,0.0004649587,0.0013715628,0.0028873563,0.00057520735,4.4159508e-05,0.00022089065,0.0012171874,842,validation
0.9982116,0.00012820664,0.0003311818,0.000949932,0.00014742075,4.548255e-06,3.2372584e-05,0.00019477178,843,validation
6.0816812e-05,0.9939342,0.002131311,0.0036085593,4.51668e-06,2.9122957e-05,5.7122303e-05,0.00017432727,844,validation
7.267087e-06,0.9965994,0.0018097812,0.0015262967,5.097539e-07,5.730265e-06,9.378586e-06,4.1686715e-05,845,validation
0.00010800252,0.0010468742,0.99795747,0.0002573976,6.0736033e-06,0.00020152469,2.404513e-05,0.0003986395,846,validation
0.9963419,0.00027695752,0.0013487262,0.0013133156,0.00021754927,1.0978783e-05,5.5931938e-05,0.00043459111,847,validation
0.36354887,0.02339632,0.3193569,0.13327742,0.01134431,0.034533277,0.029191079,0.0853518,848,validation
0.00015594425,0.0010418798,0.9976739,0.00026687828,9.367385e-06,0.00038638423,3.783299e-05,0.0004277744,849,validation
8.2396786e-05,0.0009429017,0.99773467,0.0006452283,1.6816255e-06,0.00020027853,8.652672e-06,0.0003840761,850,validation
7.307267e-05,0.0010527287,0.998071,0.0002125345,6.2882764e-06,0.00027116513,1.578247e-05,0.00029743943,851,validation
8.294413e-05,0.0011064976,0.99802244,0.00023996673,4.6188807e-06,0.00016390253,1.8832177e-05,0.00036086247,852,validation
0.9971679,0.00023207828,0.00091954076,0.001191622,0.0001135745,7.5500766e-06,4.369831e-05,0.00032408125,853,validation
0.00017523262,0.0010719978,0.99708766,0.00064078026,5.8840533e-06,0.00039170575,1.7977492e-05,0.0006088062,854,validation
6.6381224e-05,0.0009468431,0.9982829,0.000191098,4.8265306e-06,0.00022844579,1.6141394e-05,0.00026338422,855,validation
0.00014482955,0.00085183914,0.997855,0.0003651873,6.6004363e-06,0.00031985453,2.2939132e-05,0.0004337379,856,validation
0.989398,0.000398493,0.007910648,0.0011318432,0.00036833706,2.8760325e-05,0.00012255966,0.00064125395,857,validation
0.99802965,0.0001036908,0.00037236334,0.0010829568,0.00010367913,3.4670893e-06,4.7557347e-05,0.00025665778,858,validation
5.4595444e-06,0.9968823,0.0020353287,0.0010352504,2.2207011e-07,2.8174868e-06,7.64171e-06,3.091919e-05,859,validation
6.7812885e-05,0.0007126894,0.99860424,0.00014196153,4.3569835e-06,0.00019408615,1.6159038e-05,0.0002586704,860,validation
0.0030888047,0.00073126465,0.0019649605,0.00095454516,0.0021083422,0.0020233176,0.98678106,0.0023476514,861,validation
0.00018234139,0.0013764724,0.99715614,0.00038002917,8.013218e-06,0.00025535276,2.8919078e-05,0.0006127788,862,validation
0.00012028787,0.0016008127,0.9971426,0.0004834485,4.2907077e-06,0.00017870971,1.2144658e-05,0.00045772595,863,validation
0.00078223296,0.0016581563,0.003353032,0.006524196,0.00751104,0.9755275,0.003054029,0.0015897007,864,validation
0.00083487184,0.00029134066,0.00057018996,0.00035516176,0.00046794539,0.00047739848,0.9961361,0.00086690695,865,validation
5.5457298e-05,0.0008736706,0.99842095,0.00018650432,4.015517e-06,0.00021747348,1.24989065e-05,0.00022940924,866,validation
6.129802e-05,0.0008014438,0.9984804,0.00016051439,3.8851167e-06,0.00021214124,1.39463755e-05,0.00026633273,867,validation
0.00012489894,0.00077268336,0.9979336,0.00044560665,4.5991214e-06,0.00028016046,2.7283468e-05,0.0004111013,868,validation
5.622841e-05,0.0008071442,0.9985549,0.00015227796,4.9562113e-06,0.00017294251,1.3865166e-05,0.00023775538,869,validation
9.5291056e-05,0.0009845982,0.9980526,0.00020634581,7.5754488e-06,0.00025660248,1.7338143e-05,0.00037964276,870,validation
0.99809843,0.00013613845,0.00030950663,0.00092791714,0.00020973147,4.548563e-06,7.286313e-05,0.0002407674,871,validation
0.99767023,0.00019006696,0.0006428847,0.0011027168,7.5065516e-05,7.848368e-06,4.3577165e-05,0.00026758967,872,validation
0.8905242,0.0061527407,0.032782603,0.02740407,0.012806553,0.0033559029,0.011220191,0.015753727,873,validation
0.00067953195,0.0019203334,0.014022694,0.003673823,0.0049717515,0.97278005,0.0012619058,0.00068988756,874,validation
0.00016262573,0.00012321293,0.00050565595,0.00021873585,1.187571e-06,1.11433255e-05,1.4596728e-05,0.9989629,875,validation
0.00011973278,0.00081414136,0.9981768,0.000259439,4.3990112e-06,0.00017968687,1.7947734e-05,0.00042783437,876,validation
0.00012498825,0.0006604083,0.9981616,0.00034161384,4.9610294e-06,0.0002849532,1.9510939e-05,0.00040195306,877,validation
0.018017137,0.048431084,0.88977486,0.018492354,0.0011468441,0.004353214,0.0025134964,0.017270913,878,validation
0.0001423704,0.0009287692,0.997632,0.00050549814,6.8693244e-06,0.00019856617,2.3285567e-05,0.0005626108,879,validation
0.0021757155,0.001170062,0.0011970191,0.0010354191,0.0016369277,0.0019111797,0.9888805,0.001993212,880,validation
0.00016995438,0.0013221093,0.99742717,0.00023544532,1.0849185e-05,0.00026331234,4.150676e-05,0.0005295664,881,validation
0.00015046577,0.00068525615,0.99816495,0.0003059582,4.6872337e-06,0.00027898065,2.8430552e-05,0.00038125244,882,validation
0.99854374,8.9974266e-05,0.00031102923,0.0006412969,0.00020627769,2.9194928e-06,3.6434805e-05,0.00016831914,883,validation
0.99831784,0.000102450394,0.00048233106,0.00072721165,9.257219e-05,2.5294378e-06,3.930894e-05,0.00023574613,884,validation
0.00018905556,0.0014576559,0.9965305,0.00084419636,5.1524157e-06,0.00028641956,1.7005528e-05,0.0006700263,885,validation
0.99822754,0.000112563226,0.0004924909,0.00073473284,0.00015027098,4.297015e-06,6.220442e-05,0.00021592145,886,validation
0.0013864815,0.00046126198,0.00011342992,0.0007088911,0.99522626,0.00090213015,0.0009778265,0.00022371202,887,validation
0.964465,0.0013649317,0.029366633,0.0025450757,0.0007995104,6.800078e-05,0.00032916633,0.0010616179,888,validation
0.9982774,0.00012397356,0.00043590096,0.00077214825,0.00014264765,2.3645396e-06,3.3829776e-05,0.00021171979,889,validation
0.9972191,0.00017766029,0.00048674303,0.0015205832,0.00020512677,7.014876e-06,4.3723478e-05,0.0003400213,890,validation
9.427467e-05,0.000992338,0.99797887,0.00035451117,3.6013316e-06,0.00020220685,1.1917838e-05,0.00036225127,891,validation
1.4810124e-05,0.9965752,0.002098087,0.0012614871,6.348344e-07,5.4913867e-06,6.6536586e-06,3.7546863e-05,892,validation
0.0015088602,0.001018709,0.0016119017,0.00085836474,0.0013902632,0.0019653898,0.9891305,0.002516029,893,validation
0.00011143161,0.0010724355,0.9979716,0.00020455418,6.8566983e-06,0.00019162377,2.78964e-05,0.00041369718,894,validation
0.9959751,0.00024776402,0.0019250475,0.0013299386,0.00012543944,9.915675e-06,4.053278e-05,0.00034620037,895,validation
0.00013126283,0.00046709718,0.99869883,0.0002526615,3.7777183e-06,0.00021578457,1.452586e-05,0.00021602464,896,validation
0.00020500853,0.0014324753,0.99694,0.0004793691,6.2151944e-06,0.000171706,1.4359159e-05,0.0007508945,897,validation
0.0001978376,0.00069269474,0.004018608,0.0014868964,0.004101391,0.9880667,0.001078772,0.00035717431,898,validation
6.679163e-05,0.0006627037,0.9986665,0.00010204301,7.696556e-06,0.00024199243,1.4835161e-05,0.00023733723,899,validation
6.339601e-05,0.00059579185,0.9982424,0.0005355462,1.9193037e-06,0.00015421127,1.0480447e-05,0.00039627418,900,validation
8.858027e-05,0.000831703,0.998276,0.00015811785,6.410293e-06,0.00024306493,2.596025e-05,0.0003702263,901,validation
9.393569e-06,0.9963721,0.0025491097,0.0009891321,1.0171569e-06,3.4479483e-06,1.43007965e-05,6.151937e-05,902,validation
0.00014301093,0.0007237827,0.9982021,0.00021084168,1.0908669e-05,0.00028880185,2.6109756e-05,0.00039451369,903,validation
0.00013770572,0.00080728554,0.997981,0.00022335777,1.1694007e-05,0.00045436932,3.0592386e-05,0.00035405695,904,validation
0.9973521,0.00015095816,0.00062545185,0.0010215524,0.00034376714,1.1603381e-05,7.42327e-05,0.0004203735,905,validation
5.19342e-05,0.0007470249,0.998657,9.406383e-05,6.705282e-06,0.00021496523,1.0650257e-05,0.00021768118,906,validation
0.0037448276,0.0024691268,0.988562,0.0018678971,6.2162755e-05,0.00027323142,0.00013967227,0.0028811104,907,validation
0.99772817,0.00014877194,0.0005479843,0.00082440465,0.00025466536,1.0462019e-05,5.7024376e-05,0.00042852838,908,validation
0.9977089,0.00012838685,0.00059336633,0.0008954627,0.00019299265,8.7122635e-06,7.220865e-05,0.00039985095,909,validation
0.99557376,0.00024766516,0.0016250939,0.0013723321,0.00033451922,2.3481303e-05,0.00012428469,0.00069887214,910,validation
8.781157e-05,0.0007045529,0.99845755,0.00020229247,7.2447374e-06,0.00023681509,1.583681e-05,0.00028785164,911,validation
0.99797624,9.756132e-05,0.00045404254,0.0008486151,0.00017835305,5.906002e-06,6.306251e-05,0.00037618872,912,validation
8.0842394e-05,0.0009796789,0.99821436,0.0001273445,1.1033213e-05,0.0002518578,1.7889963e-05,0.00031709814,913,validation
4.9587383e-05,0.000420078,0.9986929,0.0003004363,2.8454585e-06,0.00014921393,8.327008e-06,0.0003766282,914,validation
0.9980342,9.4399016e-05,0.00052924175,0.0007418185,0.00018217745,5.527293e-06,4.971244e-05,0.0003630395,915,validation
7.2192706e-05,3.2027652e-05,3.2352086e-06,2.4900854e-05,0.99981827,1.2592306e-05,2.6922984e-05,9.830148e-06,916,validation
0.00011387183,0.0004735537,0.9983235,0.00037203933,3.4361267e-06,0.00021076639,1.406759e-05,0.00048876886,917,validation
0.00014976272,0.0011684931,0.9975569,0.0002737512,8.6569e-06,0.00017107878,3.802452e-05,0.00063326623,918,validation
0.00011124558,0.0014653725,0.9973807,0.000375143,1.0433272e-05,0.00025535328,2.9043207e-05,0.00037276623,919,validation
8.068435e-05,0.000757602,0.9984705,0.00019376133,7.938207e-06,0.00016450036,1.0761146e-05,0.0003141909,920,validation
0.9976672,0.000103695755,0.00048371434,0.00089224696,0.00021662959,1.05659365e-05,0.00012804825,0.00049799867,921,validation
0.003870484,0.00013679748,7.4030315e-05,0.00015383458,0.9952182,6.5165186e-05,0.00040737158,7.406406e-05,922,validation
0.9974929,0.00012963341,0.00076611206,0.00089923915,0.0002937641,6.006542e-06,7.3665986e-05,0.0003388186,923,validation
9.252995e-05,0.00081168563,0.9982352,0.00024843498,6.931537e-06,0.00021348288,1.8262865e-05,0.00037348058,924,validation
1.0414827e-05,0.9957665,0.0028115585,0.0012798796,1.8943925e-06,4.954694e-06,2.361517e-05,0.000101073005,925,validation
0.00089172594,0.001638488,0.99522734,0.0006707769,1.4617018e-05,0.0001218843,3.8187813e-05,0.0013970148,926,validation
0.9973097,0.00017692972,0.0005642667,0.0011122667,0.00030812452,1.5194563e-05,9.1901784e-05,0.00042165446,927,validation
0.00013166571,0.00076888833,0.99777204,0.00048317827,3.5756675e-06,0.00017670731,1.4045895e-05,0.0006499261,928,validation
0.0021938323,0.005638953,0.008224604,0.013995073,0.011860774,0.9422265,0.011311793,0.0045484994,929,validation
0.00011165271,0.00060501526,0.9983967,0.00016970004,8.785425e-06,0.00038331462,2.735677e-05,0.00029740715,930,validation
0.9972625,0.000120973746,0.0010416532,0.0008314012,0.00022603135,6.5306417e-06,6.499715e-05,0.00044591658,931,validation
5.4180342e-05,0.0005719366,0.99874216,0.00011318493,7.5090034e-06,0.00026750547,1.5214922e-05,0.00022830733,932,validation
0.005766381,0.0061600134,0.008810636,0.016482312,0.73163486,0.20672597,0.02034541,0.0040743016,933,validation
0.9982217,8.5404485e-05,0.00048070596,0.0006347964,0.0002060144,4.419006e-06,4.5423825e-05,0.00032158857,934,validation
9.937437e-06,0.99666566,0.0021340032,0.001090355,1.3364245e-06,3.5438566e-06,1.5540609e-05,7.962412e-05,935,validation
0.0001692117,0.0014594411,0.99676704,0.0006217318,8.21469e-06,0.00019272717,3.085897e-05,0.0007507373,936,validation
5.7617875e-05,0.0008552547,0.99842,0.00024168317,3.1706877e-06,0.00016624128,9.45453e-06,0.00024659687,937,validation
6.974425e-05,0.00077624276,0.9983041,0.00026092544,2.871475e-06,0.00011653751,8.058276e-06,0.0004614771,938,validation
4.1886706e-05,0.00042382695,0.99905294,0.00015146977,3.1175696e-06,0.00013467156,1.1620774e-05,0.00018045158,939,validation
0.00010786681,0.0012454992,0.99775153,0.00021947527,9.176384e-06,0.00030057304,3.29975e-05,0.00033293004,940,validation
0.9965121,0.000113516144,0.0016805102,0.0006629354,0.00065636705,1.746079e-05,9.4783005e-05,0.0002623412,941,validation
0.00013385087,0.001108456,0.99788886,0.00017463659,1.5685202e-05,0.0002747191,3.7230955e-05,0.00036654077,942,validation
0.00013817499,6.964699e-05,0.00013759916,0.00021283764,9.061416e-07,3.398166e-06,6.7507867e-06,0.9994307,943,validation
0.99376315,0.00035120652,0.003074635,0.0016832948,0.0003573825,3.0305573e-05,8.755446e-05,0.00065246795,944,validation
0.99759346,0.00011773719,0.00053836376,0.00085714954,0.00030012758,6.3986745e-06,0.00011047239,0.00047621827,945,validation
6.987914e-05,0.0010849927,0.998071,0.00015788124,8.723709e-06,0.00030653164,1.2918553e-05,0.00028803726,946,validation
1.3736437e-05,0.9956073,0.002999846,0.0012316041,1.5432404e-06,4.938091e-06,2.1909002e-05,0.00011905408,947,validation
5.891608e-06,0.9969502,0.0021410715,0.0008412188,6.7242416e-07,2.3264047e-06,1.2348899e-05,4.6209047e-05,948,validation
0.99709415,0.00016348576,0.0009622113,0.0008908437,0.00015989946,9.655621e-06,4.101822e-05,0.000678799,949,validation
0.9979463,9.95961e-05,0.0005020468,0.0007092788,0.00026562912,6.775034e-06,8.683522e-05,0.00038353307,950,validation
0.00013537874,0.0008699864,0.9978073,0.0004027213,3.5835913e-06,0.00018895656,8.652237e-06,0.0005834198,951,validation
0.99816906,8.952351e-05,0.00058778905,0.00066803134,0.00016901619,5.912306e-06,5.0341183e-05,0.00026038432,952,validation
0.00636644,0.009000375,0.97521895,0.0040668002,7.417658e-05,0.0007134272,0.00020115865,0.0043587023,953,validation
0.00010142316,0.0009149154,0.9982514,0.00017369597,8.18568e-06,0.00013866922,1.7783308e-05,0.00039397427,954,validation
0.9984043,8.100944e-05,0.0003553592,0.000666345,0.00021787696,4.776398e-06,3.8777045e-05,0.00023140431,955,validation
0.00015357297,0.0007032187,0.9981927,0.00022030436,8.484095e-06,0.00033479917,3.37384e-05,0.00035304358,956,validation
6.156465e-05,0.00071807264,0.998547,0.0001743554,5.3106896e-06,0.00023234144,2.0867321e-05,0.00024044851,957,validation
8.0373975e-05,0.000877336,0.99831295,0.00017973162,6.341424e-06,0.00025179476,1.9928702e-05,0.00027161295,958,validation
5.7737547e-05,0.0007570548,0.998616,0.0001928675,4.6265845e-06,0.0001298129,1.224714e-05,0.00022958474,959,validation
0.66522855,0.02013571,0.15011103,0.04590232,0.04262129,0.017206479,0.026307633,0.032487046,960,validation
0.00045524983,0.0011602107,0.005101521,0.004567989,0.0047491468,0.9804387,0.0024741709,0.0010530304,961,validation
0.99823856,7.5570635e-05,0.0005049673,0.0007019437,0.00014037668,3.7676823e-06,3.8534185e-05,0.00029626992,962,validation
0.000112043075,0.0010343912,0.998027,0.000160492,7.620833e-06,0.00025770415,3.063605e-05,0.00036995663,963,validation
8.119602e-05,0.0013100113,0.99782664,0.0001600038,1.1250552e-05,0.00027129895,1.5051558e-05,0.00032444418,964,validation
6.381253e-05,0.0009938738,0.9983411,0.00012011621,7.728339e-06,0.0002197093,1.1566227e-05,0.00024215157,965,validation
6.397297e-05,0.0008124665,0.99852884,9.5850344e-05,8.370255e-06,0.00018422415,1.5779684e-05,0.0002904229,966,validation
0.000114136536,0.0009849855,0.997973,0.00019924663,8.379281e-06,0.00019886733,2.5656722e-05,0.0004956648,967,validation
0.99785835,0.00010789996,0.0005325487,0.00074287073,0.00034635022,8.954024e-06,0.000100600206,0.00030237006,968,validation
0.012237043,0.011199663,0.013718228,0.054506436,0.0025336272,0.018151121,0.0021732566,0.88548064,969,validation
0.00023513428,0.0012320838,0.99709034,0.00022765147,2.9529132e-05,0.0004162169,3.730554e-05,0.0007316669,970,validation
1.6503358e-05,0.9952401,0.0027425382,0.0018841982,1.9209801e-06,1.0017567e-05,2.2361262e-05,8.244962e-05,971,validation
0.99786574,0.00012061377,0.0005739246,0.00085291115,0.00019677877,8.45585e-06,4.262333e-05,0.00033899676,972,validation
0.0010030237,0.0021331876,0.98976725,0.002137627,0.00014168042,0.0025720356,0.0003688544,0.0018763342,973,validation
0.99398804,0.00020712298,0.0022400483,0.0015119202,0.00025189744,1.3934991e-05,0.00012082368,0.0016661898,974,validation
0.00022694681,0.0072729397,0.99053955,0.000748009,1.4368505e-05,0.00066632446,9.899407e-05,0.00043289398,975,validation
0.00011591775,8.704346e-05,0.000101189085,8.4381274e-05,9.079722e-05,0.00019100691,0.99912304,0.00020647986,976,validation
0.00012364796,0.0012180404,0.99756026,0.00020870521,1.2535695e-05,0.00046763153,4.1704076e-05,0.00036742102,977,validation
6.583608e-05,0.0007593646,0.9984554,0.00017790022,5.1219067e-06,0.00028935602,1.6325126e-05,0.00023072728,978,validation
0.00023194043,0.0010616796,0.99748933,0.0001943454,1.9199724e-05,0.0005632064,4.707642e-05,0.00039320672,979,validation
0.997357,0.00014155576,0.00070051505,0.0010193117,0.00025942054,1.2301937e-05,9.318597e-05,0.00041671726,980,validation
0.00031249475,0.0010087242,0.9966629,0.0006964168,1.2464744e-05,0.00023036887,4.0357085e-05,0.0010362571,981,validation
0.0020322064,0.0018235082,0.0028352602,0.0025286332,0.0002718206,0.0005812679,0.00074132864,0.989186,982,validation
0.0003347459,0.00012472746,0.00026360323,0.00043349966,1.8534881e-06,1.3716756e-05,8.31976e-06,0.9988194,983,validation
6.1670835e-05,0.00078292773,0.9986156,0.00013224095,5.6009535e-06,0.00020227394,1.6019927e-05,0.00018362376,984,validation
0.00011461615,0.0005877361,0.9982299,0.00034505845,3.4735178e-06,0.00023622996,7.797823e-06,0.00047519465,985,validation
9.54329e-05,0.00064219546,0.9983864,0.00016648653,8.411493e-06,0.0004374161,2.188855e-05,0.00024178524,986,validation
6.0988008e-05,0.00057209365,0.99873024,0.0001075491,5.5423047e-06,0.00024177258,1.4014325e-05,0.00026776566,987,validation
8.537521e-05,0.0008737737,0.9983583,0.00015876994,4.3278988e-06,0.00014470803,2.1377802e-05,0.00035325118,988,validation
0.00022956685,0.0012959833,0.9968874,0.0005235175,7.103275e-06,0.00016905791,2.1458196e-05,0.0008658506,989,validation
0.9963168,0.00018972172,0.0014327231,0.0009654041,0.0003459588,1.6915323e-05,9.8844364e-05,0.0006336735,990,validation
9.8840406e-05,0.00073516316,0.9981981,0.0002656034,6.1242217e-06,0.00019642482,2.0534624e-05,0.00047918368,991,validation
0.01725911,0.0090794265,0.0053056404,0.26257235,0.00016252029,0.011077521,0.69110924,0.0034341968,992,validation
0.9976972,0.00010756539,0.0006400936,0.0009042578,0.00019760187,7.723922e-06,7.3574476e-05,0.00037205065,993,validation
6.546203e-05,0.001052005,0.99776864,0.00018086475,8.069652e-06,0.000661992,2.4828158e-05,0.00023819339,994,validation
0.00015834901,0.0010039833,0.997292,0.00022029708,1.7726075e-05,0.0009121104,4.775854e-05,0.0003477916,995,validation
0.02973482,0.019533098,0.014221294,0.12043002,0.037796427,0.07062776,0.026173156,0.6814835,996,validation
0.000110170615,0.0006642469,0.9982937,0.00017387334,8.626547e-06,0.00045602547,2.9985214e-05,0.0002634411,997,validation
0.9955309,0.00021469878,0.0018328234,0.0012624146,0.0002762414,2.1422726e-05,8.99956e-05,0.0007714528,998,validation
0.000102361526,0.0011455937,0.99785244,0.00018797079,9.198762e-06,0.0003387473,3.0628205e-05,0.00033310472,999,validation
7.086803e-05,0.0010930346,0.9981166,0.00013732874,1.0104671e-05,0.00021039759,1.611353e-05,0.00034552588,1000,validation
0.00074322126,0.00039859087,0.00043423794,0.00029092585,0.00027086824,0.0003026013,0.996693,0.0008664685,1001,validation
0.9979632,0.00010778479,0.00051221653,0.0008546258,0.00020596165,8.49048e-06,6.86492e-05,0.0002791164,1002,validation
0.9966047,0.00013664803,0.00064904836,0.0008404078,0.00014348328,9.350932e-06,8.060334e-05,0.0015357495,1003,validation
0.99607396,0.00015525924,0.0015354346,0.0013409059,0.000109628854,2.3558185e-05,3.3829678e-05,0.00072748744,1004,validation
0.00013258764,0.00092802435,0.9975994,0.0002274766,1.46986295e-05,0.0007299421,3.9536255e-05,0.00032846976,1005,validation
0.9922247,0.0008422592,0.0014411947,0.00298356,0.00095275993,7.323598e-05,0.00030017417,0.0011820828,1006,validation
5.38355e-05,0.0007197565,0.99862194,0.0001533537,3.6466772e-06,0.00011491831,1.2397856e-05,0.00032019286,1007,validation
0.99759966,0.00012632387,0.00078054174,0.0008251609,0.0002061733,8.22745e-06,6.9165784e-05,0.0003847538,1008,validation
