0,1,2,3,4,5,6,7,identifier,split
0.9969608,0.00013419117,0.0004951779,8.94479e-05,5.3226082e-05,0.0008674402,1.07631e-05,0.0013889112,0,test
0.9957392,0.00025242814,0.00051551004,0.00018393614,7.727899e-05,0.0012969206,3.4933804e-05,0.0018998269,1,test
0.034877464,0.009376866,0.002310262,0.0019317337,0.0004238594,0.9353257,0.00024347466,0.015510626,2,test
0.016099203,0.0037267439,0.002050856,0.001705098,0.0002524278,0.9749247,0.00017774136,0.0010632665,3,test
0.9938784,0.0003629691,0.0010104822,0.00023842444,0.00012741657,0.0015823764,6.692307e-05,0.0027330117,4,test
0.0011822926,0.0011677191,0.99435246,0.0008767647,0.00020421649,0.0009503581,0.00027633732,0.0009898619,5,test
0.0009802863,0.0013927876,0.99405515,0.0005583325,0.00019589091,0.0011695764,0.00031640092,0.0013316295,6,test
0.002860786,0.002838679,0.9877165,0.0012679247,0.0005625703,0.0018794683,0.00088994787,0.0019841953,7,test
0.9743017,0.005642437,0.0016240559,0.0011253402,0.0008938107,0.0076855537,0.000556527,0.008170473,8,test
0.0014734399,0.0019456985,0.99162465,0.0010490237,0.0003136373,0.0013789787,0.00055157306,0.001663002,9,test
0.0008257047,0.00069377583,0.9962186,0.00047675415,9.392745e-05,0.0007988094,0.00014296161,0.00074942363,10,test
0.003404858,0.002337826,0.9885262,0.00069979945,0.00077545666,0.0012598169,0.0012251971,0.001770767,11,test
0.9945662,0.0004406949,0.00044498203,0.00022451249,7.3573436e-05,0.0021260572,3.8173544e-05,0.0020857214,12,test
0.9966,0.00020426526,0.00053819775,0.00010830716,5.0771698e-05,0.0009800905,2.0384326e-05,0.0014980517,13,test
0.0008608329,0.00083472836,0.9956126,0.0004654595,0.00011186928,0.0009111026,0.00020535606,0.0009979692,14,test
0.0011957423,0.0014906679,0.99394304,0.0005687692,0.00024558904,0.001030521,0.00037033606,0.0011553329,15,test
0.0013909827,0.0015993593,0.99261415,0.0005361404,0.00034948863,0.0012266695,0.0006146444,0.0016685863,16,test
0.0012507524,0.00035249323,0.9963108,0.0003412304,8.23592e-05,0.0006755743,0.00016113433,0.000825658,17,test
0.98283285,0.002364216,0.0020689797,0.000371121,0.0002618284,0.008028053,0.00017998909,0.0038930166,18,test
0.07309771,0.02863261,0.129091,0.033134826,0.0702783,0.59310895,0.009883839,0.06277281,19,test
0.9942415,0.00038978702,0.00044427288,0.00025740304,5.765532e-05,0.0020881705,3.6422727e-05,0.0024848997,20,test
0.04592367,0.016947344,0.90027463,0.0028124785,0.005687933,0.009165993,0.009101422,0.010086526,21,test
0.99556386,0.0001519354,0.0011490899,0.00018792621,8.686393e-05,0.0010532497,3.446655e-05,0.0017725693,22,test
0.00083972234,0.00053445145,0.99666876,0.0002920343,6.5229986e-05,0.00073021284,0.00014158008,0.00072797737,23,test
0.00020482899,0.00019879706,0.00022685934,4.1565225e-05,1.3929937e-05,2.7604434e-05,3.689097e-05,0.9992494,24,test
0.001609402,0.0008315385,0.9949291,0.0006132123,0.00015200819,0.00084162806,0.0002249865,0.0007982016,25,test
0.0014921983,0.0015900169,0.9927093,0.000636844,0.00033395446,0.0013047125,0.0004895358,0.0014434422,26,test
0.0007270957,0.0006979746,0.9965663,0.00041052353,9.509428e-05,0.0006836531,0.00012524668,0.0006940828,27,test
0.0010326153,0.0011827026,0.99434966,0.00063517434,0.00016946827,0.00121514,0.00024393869,0.0011713776,28,test
0.0010439517,0.0014331328,0.99344,0.0007445961,0.00019739848,0.0014208524,0.00029690444,0.0014231951,29,test
0.99607605,0.00025881277,0.00041313653,0.00016862625,9.0352056e-05,0.0011669133,2.1308195e-05,0.0018047756,30,test
0.0011419274,0.0010272439,0.99505806,0.00057567575,0.00019240298,0.0008371552,0.00026358958,0.0009038902,31,test
3.6356787e-06,1.2812401e-05,4.1202566e-05,2.4242168e-05,0.00040620496,3.679354e-05,0.9992847,0.00019045296,32,test
0.0014900877,0.0013608247,0.99299544,0.0006623888,0.00031068074,0.0010432865,0.00051867723,0.0016186029,33,test
0.0010707433,0.0010360462,0.99520075,0.0005259485,0.00014300321,0.0009849076,0.00017761413,0.0008609944,34,test
0.0008633371,0.0008856875,0.99543214,0.0004110955,9.520098e-05,0.0010847013,0.00016638203,0.0010614615,35,test
0.0012157911,0.00087735616,0.99521744,0.00045677554,0.000121014426,0.0009960048,0.00019499836,0.0009205467,36,test
0.0009867417,0.00032334845,0.9969741,0.00023947087,6.166271e-05,0.000585562,0.00013101277,0.0006981886,37,test
0.00082500593,0.00086505455,0.995647,0.00051396544,0.00012946066,0.000841376,0.0002176363,0.000960369,38,test
0.9963811,0.00031953046,0.00027116283,0.00014183109,5.890461e-05,0.0015013565,1.8597875e-05,0.0013075216,39,test
0.9929744,0.00025470226,0.0014864808,0.00046443933,0.0002096063,0.0013314711,8.042164e-05,0.003198409,40,test
0.99600214,0.00022783692,0.00048385555,0.00020308541,6.0243445e-05,0.001149973,2.5966609e-05,0.001846923,41,test
0.0011107583,0.0012414447,0.99409914,0.00067026657,0.00019873251,0.0011096504,0.00030700173,0.0012629268,42,test
0.0022389484,0.0027032425,0.9893167,0.00075628713,0.0005221866,0.0018360066,0.0007917881,0.0018348751,43,test
0.9927442,0.00030138172,0.0016867252,0.00033552278,0.00016032676,0.0014282822,6.328755e-05,0.0032802606,44,test
0.001198685,0.0005935995,0.99579644,0.00034331487,8.42061e-05,0.0008817434,0.00018133751,0.00092068524,45,test
0.0014024647,0.0016107638,0.99284333,0.0006774035,0.00025731235,0.001358576,0.00034970551,0.0015003092,46,test
0.00032651916,0.00020003604,0.00013374045,2.7453947e-05,7.623111e-06,4.2892825e-05,1.1530198e-05,0.99925023,47,test
0.99502903,0.00040679862,0.00043291925,0.00019056705,7.813923e-05,0.0017367072,2.860651e-05,0.0020971536,48,test
0.0015294665,0.0016817369,0.991629,0.001366871,0.00035399388,0.0012915179,0.00052431156,0.0016231978,49,test
0.001278806,0.0010139471,0.995271,0.00038342597,0.00013430462,0.0009486536,0.0001849851,0.0007848585,50,test
0.000994155,0.0006431182,0.99596465,0.00035330252,7.703642e-05,0.0008953719,0.00015837824,0.0009139999,51,test
0.0018391293,0.0021631122,0.9918223,0.0007110085,0.0002951741,0.0013427375,0.00048563245,0.0013410444,52,test
0.9920765,0.0004831646,0.0015430045,0.0004420702,0.00019208477,0.0020069748,6.3454085e-05,0.0031927475,53,test
0.0010990975,0.0012354103,0.9938345,0.00072272966,0.00027632402,0.0010360101,0.00042682936,0.0013691568,54,test
0.0011723301,0.001284532,0.99437886,0.0006312057,0.00019484147,0.0010708395,0.00026559056,0.0010018161,55,test
0.9942239,0.0001987095,0.0018516427,0.0003053932,9.0664464e-05,0.0010332417,4.876543e-05,0.002247771,56,test
0.001112425,0.0009843422,0.99492395,0.00044144574,0.0001245926,0.001150094,0.00021773911,0.0010453003,57,test
0.00016317751,0.00013674502,6.875007e-05,0.001200157,0.9885323,0.0025659227,0.00608756,0.0012453877,58,test
0.74127054,0.011764029,0.18961379,0.009787193,0.0027602136,0.015896013,0.0015127687,0.027395478,59,test
0.0020700672,0.00075164234,0.9931151,0.0007953615,0.00022729204,0.0013486895,0.00043355068,0.0012583452,60,test
0.0015710014,0.0005827553,0.99399066,0.0008538641,0.00034958564,0.00031949763,0.00095374003,0.0013789878,61,test
0.0026349989,0.0028773472,0.9861303,0.0016991305,0.0006246322,0.0018345432,0.0014483478,0.002750726,62,test
0.0013116803,0.0013934185,0.9937437,0.0007264752,0.00019591695,0.0011625184,0.0002966468,0.0011696771,63,test
0.0010875304,0.0011059024,0.9945294,0.00057809247,0.00016913818,0.0010150595,0.00028459184,0.0012303136,64,test
0.00093174266,0.0007856651,0.99599326,0.00050348416,0.00011114519,0.00075482385,0.00015236712,0.00076751463,65,test
0.0011945489,0.0011297623,0.99426115,0.0009817109,0.00020838469,0.0008917897,0.00032576665,0.001006781,66,test
0.0010350568,0.0011063699,0.99497026,0.00056473876,0.00016111025,0.0009794595,0.00024209674,0.0009409652,67,test
0.0011013171,0.0046466673,0.0012397656,0.00029211736,0.00027040925,0.00032635414,0.0002740177,0.9918493,68,test
0.000989815,0.0011761561,0.9943077,0.00048064292,0.00016346088,0.0011780132,0.00032123653,0.0013829301,69,test
0.99660885,0.00020503096,0.00034227193,0.00013391984,6.423345e-05,0.0009802029,1.9617952e-05,0.001645837,70,test
0.0016039724,0.0017883232,0.99245715,0.0006720073,0.00032810183,0.0012793082,0.00044463,0.0014265142,71,test
0.9959359,0.0002784928,0.00043472572,0.00023303434,7.455126e-05,0.0011798417,3.147767e-05,0.0018319557,72,test
0.001246217,0.0012834264,0.9937737,0.00042029732,0.0002473454,0.00097012357,0.00051588117,0.0015429374,73,test
0.13054591,0.39182556,0.014609446,0.017980505,0.041498255,0.3473733,0.016866978,0.039300073,74,test
0.0018081181,0.9954419,0.00071586354,5.548315e-05,0.00025981685,0.00084565283,0.0002171257,0.0006560353,75,test
0.00022704003,0.00026409162,0.00026034165,4.456835e-05,2.7198814e-05,7.582988e-05,2.6114643e-05,0.9990748,76,test
0.5401977,0.019753974,0.35539082,0.015008855,0.0058952235,0.017562646,0.008977175,0.037213564,77,test
0.99381655,0.00030605574,0.0012326367,0.0002360736,8.266583e-05,0.0017272198,3.2918215e-05,0.0025658524,78,test
0.0016723059,0.99477285,0.0010108034,8.574618e-05,0.0002629048,0.0010152741,0.00029606576,0.00088420114,79,test
0.0013142545,0.0015193722,0.9928503,0.00078631454,0.00024390373,0.00136461,0.00038143483,0.0015397493,80,test
8.9782894e-05,0.0001004068,7.245831e-05,0.0009119029,0.98992985,0.0022272018,0.004899466,0.0017689582,81,test
0.99600464,0.0002158674,0.000423041,0.00026253713,7.8659585e-05,0.0010022108,2.6153419e-05,0.0019869641,82,test
0.9950629,0.00035138993,0.00028328242,0.00035547672,8.4902014e-05,0.00200638,4.3691063e-05,0.0018119782,83,test
0.9962022,0.00033350245,0.00042466048,0.00014711136,5.083039e-05,0.0012700522,3.6332105e-05,0.0015353767,84,test
0.00012648969,0.00020900936,0.00016642002,0.00089826406,0.985022,0.0033751694,0.008475478,0.0017271852,85,test
0.99350995,0.0003593246,0.0009926722,0.00016583901,0.00010211006,0.0019652033,3.2886568e-05,0.002872003,86,test
0.9942006,0.00020289194,0.0016547795,0.0002983593,9.863968e-05,0.0014486177,2.4556188e-05,0.0020716933,87,test
0.0017114677,0.001756345,0.99185926,0.0008167324,0.00036331077,0.0014529569,0.0005262111,0.0015137949,88,test
0.9951137,0.0003063298,0.00064530293,0.0002548876,9.802259e-05,0.0015036624,3.3275526e-05,0.0020449155,89,test
0.001277057,0.0010732126,0.9950517,0.00047657915,0.00015680103,0.0009138202,0.00019777151,0.00085315574,90,test
0.0010864865,0.0011237995,0.9943019,0.00064778706,0.00018045942,0.0010949328,0.0002881276,0.0012764573,91,test
0.0011297705,0.0010627857,0.994856,0.00043391983,0.00012127012,0.0011742486,0.00018026131,0.0010417175,92,test
0.9951545,0.00021799341,0.0007707369,0.0002911754,9.0322545e-05,0.0010949895,3.658288e-05,0.0023437997,93,test
0.99375856,0.00025778837,0.0011986311,0.0003721794,0.00011439912,0.0014924648,4.4338212e-05,0.002761629,94,test
0.0014852495,0.0017903572,0.9923165,0.0007940515,0.00032231456,0.0014453824,0.00042664,0.0014195372,95,test
0.0013968251,0.0012219985,0.9937593,0.00088415225,0.00023723354,0.0009965084,0.00037637257,0.0011276365,96,test
0.001626239,0.9953442,0.0006933381,5.8836747e-05,0.00021073625,0.0009906329,0.00023273316,0.0008431609,97,test
0.017500138,0.001806739,0.0015961494,0.000458903,0.000112567606,0.97769105,6.754259e-05,0.0007669046,98,test
0.99152875,0.0006055731,0.001632592,0.0003109173,0.00015116556,0.0023514917,7.330091e-05,0.003346223,99,test
0.9966217,0.00025630742,0.0004397091,0.00014040712,6.529874e-05,0.001060128,1.6873382e-05,0.0013995252,100,test
0.0014692225,0.0013488742,0.99361354,0.00066865917,0.0001927616,0.0012571985,0.00031530808,0.0011345115,101,test
0.001089544,0.0012445849,0.9940831,0.0006790542,0.0002092973,0.0011245111,0.00031577854,0.0012541413,102,test
0.010359617,0.0055250553,0.0015379132,0.0010533687,0.00026105644,0.9785277,8.3097104e-05,0.0026521387,103,test
0.020845108,0.860363,0.015693722,0.0013791877,0.008843004,0.018410534,0.0056811445,0.068784304,104,test
0.00025220442,0.00045909238,0.00024151089,2.9374414e-05,8.770605e-06,7.26364e-05,1.9068413e-05,0.99891734,105,test
8.080672e-05,6.7423054e-05,3.997534e-05,0.0006466782,0.993087,0.0016918895,0.0029339683,0.0014522071,106,test
0.0011545635,0.00047335695,0.9967788,0.0001863418,6.1399915e-05,0.00068258285,0.00011459118,0.00054841134,107,test
0.0005272323,0.0001587194,0.0007120926,5.9681373e-05,1.4350944e-05,0.00017551256,4.8140635e-05,0.99830425,108,test
0.0069105695,0.002674691,0.0020159457,0.0003446565,0.0002937605,0.9760696,0.00039922635,0.011291453,109,test
0.0013558201,0.0013698282,0.9941351,0.0005618052,0.00020096735,0.0011376772,0.0002567168,0.0009822221,110,test
0.65149295,0.0050015547,0.28442705,0.016368167,0.0023688073,0.0104359975,0.0032017995,0.026703592,111,test
0.99306375,0.00027371032,0.00065152143,0.0005004892,9.1009046e-05,0.0016976482,3.341943e-05,0.0036883932,112,test
0.0009869908,0.00063629483,0.9952833,0.0006133792,0.000115418756,0.0008605876,0.00029649353,0.0012074219,113,test
0.0010998561,0.001381974,0.99360645,0.0006664723,0.00016540872,0.0013492159,0.00029252213,0.0014380935,114,test
0.9939038,0.00034400483,0.000740858,0.00043100477,0.00010815301,0.0016937534,4.705268e-05,0.0027313621,115,test
0.022947239,0.021807266,0.8930842,0.005284223,0.0029885059,0.039395124,0.0034651146,0.011028328,116,test
0.9955277,0.00023592704,0.00047786714,0.00023051587,7.1860835e-05,0.0013516035,2.4736913e-05,0.0020797688,117,test
0.99574584,0.00018424072,0.0006203773,0.00020034325,7.6091485e-05,0.0008900073,1.9709627e-05,0.002263486,118,test
0.994323,0.0004448756,0.00068884064,0.00025290655,9.051212e-05,0.002086004,5.3530744e-05,0.0020603214,119,test
0.004268856,0.027836464,0.0037075363,0.0017925533,0.0017048388,0.075727776,0.00039182304,0.8845702,120,test
0.0011148346,0.0010218415,0.9950053,0.0005844692,0.00016605885,0.000961542,0.00022017796,0.0009258204,121,test
0.0010281801,0.0007622853,0.9956469,0.00032687778,0.000116738185,0.000757251,0.00022017692,0.0011416638,122,test
0.9950997,0.0004190149,0.00032694623,0.00020740171,6.104802e-05,0.001879017,3.476359e-05,0.0019720295,123,test
0.019565217,0.04323145,0.006893805,0.00821508,0.32595327,0.13503039,0.013072023,0.44803867,124,test
0.99624544,0.00027597605,0.00048433646,0.00024404138,9.243228e-05,0.0010397399,2.8042645e-05,0.0015900002,125,test
0.0012849729,0.0013839499,0.99394447,0.00039855947,0.00017219706,0.0012957144,0.00031646763,0.0012036854,126,test
0.99499005,0.0002698832,0.0006618625,0.00020608849,9.0704314e-05,0.0012328888,3.4110464e-05,0.002514335,127,test
0.0010049721,0.0008701878,0.9945608,0.0003037736,0.00013822613,0.001172199,0.00036268734,0.0015872276,128,test
0.0014331753,0.001288702,0.9935551,0.0006454137,0.00031171023,0.0009364967,0.00057430816,0.0012550254,129,test
0.001805421,0.0025539114,0.9903285,0.0007212887,0.00068119174,0.001197753,0.0011220751,0.0015898034,130,test
0.0016715085,0.0029456646,0.98729116,0.0011936965,0.0008960432,0.0010692365,0.0025901338,0.0023427196,131,test
0.9959984,0.00039401682,0.00020462768,0.00020229771,5.4937045e-05,0.0016360733,2.228251e-05,0.0014873224,132,test
0.002431457,0.0035121934,0.9865002,0.0008987563,0.0011056626,0.0014289401,0.0019809715,0.0021417225,133,test
0.0013998615,0.0014227681,0.9929843,0.0004135998,0.00020875855,0.0015797344,0.00049479515,0.0014963067,134,test
0.67616445,0.21047324,0.028167654,0.0017402276,0.010355893,0.043045882,0.0054828315,0.024569819,135,test
0.003137817,0.0038553355,0.98394346,0.0009932582,0.0012145445,0.0016988188,0.002817364,0.0023394565,136,test
0.0019526057,0.0024687205,0.9900332,0.0010026456,0.0006827995,0.0013476158,0.0009921395,0.0015202586,137,test
0.0011441363,0.0013095757,0.9942311,0.0005422173,0.0002797723,0.000842919,0.0005381239,0.001112233,138,test
0.0015340929,0.001835015,0.9923873,0.0005385086,0.00028518605,0.0013982103,0.0005558801,0.0014657913,139,test
0.0017997196,0.004046765,0.9867705,0.00072280294,0.00088622054,0.0016682653,0.0018645894,0.0022411803,140,test
0.99594635,0.0003584526,0.0002035974,0.00020564932,5.9303416e-05,0.0017343111,2.4912955e-05,0.0014675043,141,test
0.0019417428,0.002209848,0.9911204,0.0005931757,0.0004932187,0.0011661813,0.00089275587,0.0015826868,142,test
0.0018719098,0.002252525,0.9907514,0.000753923,0.0005650067,0.0011876143,0.0010818522,0.0015357501,143,test
0.99630344,0.00017084295,0.00065466564,0.00023721976,6.634944e-05,0.001060603,3.691487e-05,0.0014698901,144,test
0.00242091,0.0014663213,0.9921027,0.0003559001,0.00034503243,0.0011522423,0.0006908419,0.0014660822,145,test
0.0035642763,0.9833824,0.004792063,0.00030217716,0.0011784146,0.0035834888,0.0014322163,0.0017650278,146,test
0.002072109,0.00304152,0.9879824,0.000909343,0.0007798307,0.0014966395,0.0015926975,0.0021253633,147,test
0.0025136482,0.0030277073,0.9884779,0.00085586717,0.0007402503,0.0015973112,0.0010977536,0.0016895066,148,test
0.99694604,0.0002599257,0.00010600003,0.00015288478,3.827544e-05,0.001346275,1.7831962e-05,0.001132739,149,test
0.99255353,0.00039324354,0.0007758141,0.00034694816,0.00014811219,0.00300992,5.689534e-05,0.0027154046,150,test
0.9954621,0.00024070282,0.00038552927,0.00024019422,6.598479e-05,0.0018485836,3.679457e-05,0.0017200854,151,test
0.9937907,0.0004816134,0.00048548798,0.0002681889,0.00013523402,0.0024145807,3.7005142e-05,0.0023871455,152,test
0.9911594,0.0006300916,0.00050699775,0.0003150402,0.00012870051,0.0048234677,4.8855265e-05,0.0023875234,153,test
0.0014964698,0.0016956223,0.99246585,0.0005738872,0.000289497,0.0012853061,0.00049735117,0.0016959109,154,test
0.0036969222,0.0051745307,0.97988784,0.0012420223,0.001641011,0.0021004458,0.003608202,0.002649022,155,test
0.003983818,0.9819633,0.005005617,0.00023226903,0.0014500307,0.0033645395,0.0013634489,0.0026369751,156,test
0.9962047,0.00028220803,0.00017998774,0.00015836609,5.2345462e-05,0.0017647365,2.4821271e-05,0.001332865,157,test
0.97705203,0.0027932872,0.0056618736,0.0013863149,0.000549624,0.005598409,0.00055200385,0.0064065233,158,test
0.0014575657,0.0017969916,0.99274665,0.00057796243,0.00042812052,0.0009263623,0.0009105117,0.0011558239,159,test
0.0012104249,0.0017126114,0.00035970355,0.00013118531,6.97247e-05,0.9960019,3.0091152e-05,0.00048430832,160,test
0.00031516812,0.0010777917,0.0003685734,5.0022023e-05,3.1269978e-05,8.5693515e-05,0.00016153019,0.9979101,161,test
0.9961357,0.00029665325,0.0002764171,0.00017379956,5.7670266e-05,0.0014486046,1.9263387e-05,0.0015919226,162,test
0.9952062,0.00040748846,0.00024929474,0.00022729473,8.1269354e-05,0.0021021953,2.378037e-05,0.0017024574,163,test
0.0026714695,0.0022791757,0.9899491,0.00066618616,0.00060691626,0.0012116225,0.0010863664,0.0015291794,164,test
0.0030903174,0.0041098916,0.9842903,0.0013840011,0.0010942331,0.0020299042,0.001813,0.0021883943,165,test
0.00072265824,0.0004304294,0.00048983755,0.002657956,0.9765587,0.0042010117,0.0109314015,0.0040079667,166,test
0.0002867401,0.000721423,9.3541916e-05,2.2976594e-05,1.365406e-05,4.5439367e-05,2.7133347e-05,0.99878913,167,test
0.0015037411,0.0029127272,0.9894583,0.0008427304,0.0006529852,0.0014833667,0.0011656694,0.001980357,168,test
0.0014930213,0.0010525119,0.9942926,0.00049531175,0.00022548118,0.0009780284,0.00038926044,0.0010737571,169,test
9.621891e-05,0.00020253686,0.001061361,0.00011986485,0.00091837463,0.0002987876,0.9926623,0.0046405653,170,test
0.0026451347,0.0034560345,0.9865025,0.0009123582,0.0010125231,0.0016983267,0.0018568919,0.0019162241,171,test
0.0014233805,0.0016352693,0.9930483,0.00062364637,0.00033148995,0.0010938371,0.000664054,0.0011799838,172,test
0.99619067,0.00029196966,0.00015644531,0.00018500193,5.1111052e-05,0.0017000071,2.7471873e-05,0.0013973626,173,test
0.9931611,0.00031520386,0.0007286616,0.00043568257,0.00017654207,0.002360831,6.284071e-05,0.0027591886,174,test
0.0028979243,0.003254308,0.9856096,0.00079168915,0.0012336479,0.0013496452,0.0027749285,0.0020882743,175,test
0.001565601,0.0020674567,0.9919785,0.000633641,0.00051339855,0.0009890741,0.0010071094,0.0012451462,176,test
0.002042859,0.0019056628,0.0004090106,0.00014779613,8.40316e-05,0.9949144,4.2234966e-05,0.00045391114,177,test
0.99549556,0.0004108166,0.00020618904,0.00021093841,6.875738e-05,0.0018853857,2.1884574e-05,0.0017004743,178,test
0.0014688182,0.0014010983,0.9933925,0.0004256798,0.00023175681,0.0012778551,0.00045126435,0.0013509543,179,test
0.9944537,0.0003928833,0.000307975,0.00024239672,8.893811e-05,0.002227104,3.58669e-05,0.0022511452,180,test
0.0008529489,0.0008400993,0.00019408103,5.1904088e-05,2.2164653e-05,0.0001625725,4.3794622e-05,0.9978325,181,test
0.0016161761,0.0025401758,0.9902801,0.0007901984,0.00058748655,0.0012451113,0.0011531183,0.0017876375,182,test
0.0012282238,0.0017813428,0.9932435,0.0005821526,0.00036263137,0.0010090969,0.0006466164,0.0011464648,183,test
0.9964819,0.00026259507,0.0002747077,0.00014587879,6.7714536e-05,0.0012380483,1.9422623e-05,0.001509669,184,test
0.002244191,0.0037186476,0.9862969,0.0008994421,0.0012170838,0.0015460446,0.0019804654,0.0020971752,185,test
0.9968154,0.0003166936,0.00019161525,9.857452e-05,7.777151e-05,0.0014161927,1.8996812e-05,0.0010648516,186,test
0.0019286444,0.004345047,0.984159,0.0012574218,0.0012598163,0.0021109246,0.0018982746,0.0030408956,187,test
0.0005362267,0.0004826498,0.00034350727,0.0023763485,0.97595495,0.0041448683,0.0112971375,0.004864265,188,test
0.008396264,0.0077704303,0.94680244,0.002901606,0.009606669,0.005474939,0.013245893,0.005801754,189,test
0.001716224,0.0028618071,0.98943686,0.0007361837,0.0006442758,0.0014889016,0.0011096639,0.0020060472,190,test
0.99344033,0.00044718987,0.0006938953,0.0003575092,0.00022013672,0.0028327466,0.0001023804,0.0019057487,191,test
0.995742,0.0003005023,0.00028065668,0.00023561872,6.0389153e-05,0.0016067149,2.611891e-05,0.0017479599,192,test
0.0011821501,0.0018007802,0.00035600865,0.00010949943,5.497561e-05,0.9959888,2.618627e-05,0.00048152648,193,test
0.0005137999,0.0010331173,0.00013615901,4.9155387e-05,2.078464e-05,0.00010041583,2.8765258e-05,0.9981178,194,test
0.0012699359,0.0015760342,0.99430144,0.00032391577,0.00021770374,0.0009663508,0.0003623575,0.0009822592,195,test
0.0019142461,0.00080917263,0.9936767,0.00053987687,0.00023479143,0.0009606387,0.00044940063,0.001415196,196,test
0.0055420455,0.011020118,0.0051496504,0.022240302,0.8270226,0.039349027,0.07289041,0.016785782,197,test
0.9945041,0.0005133078,0.0004759357,0.00019506067,9.689727e-05,0.0023942175,4.906236e-05,0.0017715606,198,test
0.0020099988,0.001871414,0.991105,0.00073184085,0.0005203613,0.0011761286,0.0009413939,0.0016438231,199,test
0.0024380514,0.0039458503,0.9845627,0.0013740503,0.001146171,0.0019549495,0.0019989177,0.0025793265,200,test
0.0013941921,0.001629828,0.9935476,0.0005379864,0.0002240769,0.0012139162,0.00033867947,0.0011136908,201,test
0.0012118478,0.0015880999,0.99294406,0.00057012576,0.000390832,0.00089001405,0.0008946686,0.0015103244,202,test
0.0026205701,0.004282729,0.9826956,0.0010920548,0.0012622074,0.002624732,0.0023891083,0.0030330343,203,test
0.0019120357,0.002370933,0.991008,0.00068372337,0.00046058488,0.0013773354,0.00075224816,0.0014350379,204,test
0.99616385,0.00032912663,0.00026566442,0.00018652758,6.882072e-05,0.0015122761,2.9065675e-05,0.0014445916,205,test
0.0017482468,0.0022274933,0.99044937,0.00085674354,0.0005596316,0.0013407406,0.00095549267,0.0018621442,206,test
0.001985726,0.0020700532,0.99016017,0.00093246216,0.000806921,0.0010270665,0.0011125733,0.0019050529,207,test
0.0018045552,0.0026546603,0.98976773,0.00092807534,0.00064489304,0.0013180431,0.001167982,0.0017140127,208,test
0.99648005,0.0002759918,0.00033952328,0.00011025104,7.1914896e-05,0.0012561652,1.4602513e-05,0.0014515831,209,test
0.010036419,0.020795822,0.93189794,0.0027987803,0.004623077,0.0069998032,0.00777185,0.015076416,210,test
0.99431676,0.00041701432,0.00048712135,0.0003307843,8.611611e-05,0.0026264386,4.2034215e-05,0.0016937245,211,test
0.0025755435,0.002750383,0.98900026,0.00077448454,0.00059224275,0.0016780116,0.0009760039,0.00165318,212,test
0.99641234,0.00030707644,0.00024126207,0.00012468439,8.0122634e-05,0.0015462087,2.182164e-05,0.001266392,213,test
0.00059206056,0.0018911964,0.00024487334,5.9203598e-05,6.348415e-05,0.9967526,3.271289e-05,0.00036387838,214,test
0.0018936936,0.002487398,0.9900567,0.0008481448,0.0005955837,0.001332941,0.0010693214,0.0017162774,215,test
0.0021739872,0.0026942734,0.9893963,0.0008767333,0.00063918094,0.0015559902,0.0009280359,0.0017355991,216,test
0.004663827,0.983597,0.0038262277,0.00020845595,0.0010390885,0.0032308667,0.0011834537,0.0022512276,217,test
0.9948318,0.0003994795,0.00032828588,0.00024052864,6.2969964e-05,0.0021901857,2.8320732e-05,0.001918342,218,test
0.0016675419,0.0016302848,0.9927898,0.000561726,0.00032102337,0.0011354543,0.00056381687,0.0013304258,219,test
0.0037422602,0.004022269,0.97928315,0.00091912044,0.0009322985,0.0022040543,0.005919354,0.0029774476,220,test
0.9965869,0.00030485,0.00015935392,0.00014831267,5.326323e-05,0.0014752911,2.344567e-05,0.0012486078,221,test
0.0011583428,0.0015193897,0.99399203,0.0005229487,0.00033487598,0.00077564473,0.00062190654,0.001074884,222,test
0.001300562,0.0015789197,0.99318564,0.00053752045,0.00041697774,0.0008172188,0.00077880383,0.0013842213,223,test
0.001451747,0.0012224994,0.0011277933,0.0040317983,0.94916755,0.008704445,0.030950246,0.0033439447,224,test
0.99654704,0.0002614081,0.00022635027,0.00015915559,5.746006e-05,0.0011747781,1.7672975e-05,0.0015561436,225,test
0.0022628694,0.0026385176,0.989523,0.0008166391,0.00066548586,0.0013104692,0.0011244229,0.001658664,226,test
0.0015185629,0.0021907894,0.99147004,0.0006574145,0.00051876315,0.0011330952,0.0010036628,0.0015076358,227,test
3.847402e-06,1.3481554e-05,4.603207e-05,1.0517584e-05,0.00021080495,3.077623e-05,0.999416,0.00026859192,228,test
0.0030274508,0.0043412615,0.98048306,0.00089840806,0.0016009586,0.0018370571,0.0041619535,0.003649877,229,test
0.0029040787,0.010630183,0.9719939,0.0010656492,0.0017797861,0.0034669873,0.004383479,0.0037758662,230,test
0.0014016984,0.0017964314,0.99231744,0.0008007366,0.00039243317,0.001115561,0.0005987319,0.0015769935,231,test
0.98011506,0.00463465,0.0017814826,0.00038027708,0.00061539357,0.0067668837,0.00032893152,0.005377214,232,test
0.9900103,0.00063151954,0.0018838549,0.0006886919,0.00014304902,0.0029356442,9.863123e-05,0.0036083192,233,test
0.0004923714,0.0003087532,0.0003900621,0.0023942136,0.97546047,0.0038354981,0.013881936,0.0032367615,234,test
0.996287,0.0002146251,0.00031781153,0.00023872867,5.5759177e-05,0.0011724612,3.709855e-05,0.0016765894,235,test
0.9954657,0.00038203626,0.00031075432,0.00025102348,7.83244e-05,0.0018904557,2.7097352e-05,0.0015946311,236,test
0.0014639327,0.002525491,0.99098676,0.0010627868,0.00046269485,0.0013003399,0.0007033735,0.0014945305,237,test
0.0016418307,0.002297298,0.9911445,0.0007393429,0.00045413268,0.0013469848,0.0007623925,0.0016134802,238,test
0.0016570432,0.0022266866,0.991622,0.00068017334,0.00048156985,0.001269837,0.00077895186,0.0012836781,239,test
0.9951363,0.0003915948,0.0003758267,0.0002091627,7.490371e-05,0.0017660193,4.543751e-05,0.0020008422,240,test
0.006174875,0.005118209,0.008769933,0.9629849,0.0017711022,0.0032173095,0.0031287642,0.008834874,241,test
0.99731004,0.00017280798,0.00022732148,0.00019545459,4.742323e-05,0.00077279686,3.4936995e-05,0.0012391936,242,test
0.0026656305,0.0021997378,0.0020491143,0.005671908,0.9443895,0.010159381,0.023402298,0.009462348,243,test
0.013744739,0.94662815,0.006186245,0.00056330854,0.0046321875,0.0149973845,0.0013863517,0.011861725,244,test
0.9962204,0.00027768724,0.00031743228,0.00019536546,6.573383e-05,0.001210137,2.762236e-05,0.0016855712,245,test
0.9964737,0.00027804993,0.00019161134,0.00017942462,5.5528373e-05,0.0013430923,2.7950458e-05,0.0014506857,246,test
0.0011115642,0.0016509644,0.99381626,0.0005135882,0.00031047116,0.0009708768,0.00054043386,0.0010858179,247,test
0.0041104723,0.9785478,0.006152545,0.00044677852,0.0019252842,0.0039143176,0.0017575199,0.0031451753,248,test
0.99080783,0.0004876224,0.0012419681,0.00054150796,0.00027831754,0.0034430982,8.6746855e-05,0.0031130177,249,test
0.9965268,0.00033749538,0.00018604114,0.00012284543,4.8082286e-05,0.0015721719,2.4390445e-05,0.0011822615,250,test
0.99618715,0.0002810991,0.00020335203,0.00018428407,5.0875402e-05,0.0015596204,2.5001267e-05,0.0015086641,251,test
0.0013593609,0.0015569662,0.99305457,0.0005871492,0.00027413465,0.0011823444,0.00050768023,0.0014776775,252,test
0.0016062905,0.0025497482,0.99041605,0.00075210794,0.0006248545,0.0013115336,0.0010658052,0.0016737204,253,test
0.0019674627,0.0020155173,0.9912559,0.0007517335,0.00053450715,0.001159682,0.0008608074,0.0014543488,254,test
0.0013167332,0.0015112218,0.99299216,0.0007783043,0.00036156215,0.0008340324,0.00087257224,0.0013334906,255,test
0.0014944276,0.002604164,0.9906171,0.00057687174,0.0006390969,0.0011572053,0.00111608,0.0017949864,256,test
0.99815136,9.561932e-05,0.00016984259,5.9435624e-05,3.1072283e-05,0.0006265981,1.08054155e-05,0.0008552933,257,test
0.00085871766,0.0010681963,0.9953186,0.0004051507,0.00020360244,0.0006592678,0.00038408185,0.001102404,258,test
9.83394e-05,0.0003023903,0.0017450678,0.00012808788,0.0007582582,0.00036376508,0.9947299,0.0018741791,259,test
0.0014042996,0.0024450754,0.9914274,0.0005801176,0.00062111975,0.0010742574,0.0009885076,0.0014593113,260,test
0.0013978103,0.0022007697,0.005506749,0.0004868386,0.0006703857,0.0004998273,0.08392851,0.90530914,261,test
2.4540737e-05,3.809076e-05,0.00020407842,4.7051464e-05,0.000524585,0.00013342804,0.99791664,0.0011115632,262,test
0.002417422,0.0007495938,0.0005353161,0.003598254,0.97064376,0.0041917595,0.010958843,0.0069050766,263,test
0.0011210737,0.00070127577,0.99591523,0.00032931386,0.00020618353,0.00044936937,0.00041320143,0.0008643144,264,test
0.004975523,0.007954776,0.97318417,0.001429652,0.0022495904,0.0032580132,0.0037277043,0.0032204986,265,test
0.001125457,0.0012422858,0.9944483,0.0004540352,0.00026115502,0.0009091913,0.00043504176,0.0011244089,266,test
0.0014463309,0.0014344911,0.9937767,0.00043317114,0.00036434497,0.0007736905,0.00062038784,0.0011508683,267,test
0.006246874,0.9537777,0.0067138383,0.0006321812,0.0040293345,0.009624314,0.002765484,0.016210338,268,test
0.9966395,0.00017229632,0.0002871048,9.823115e-05,5.4561355e-05,0.0010146796,1.5509922e-05,0.001718217,269,test
0.99722147,0.00020167607,0.00025566533,0.00011049167,6.438956e-05,0.00088612735,2.065279e-05,0.0012395622,270,test
0.0009238155,0.00048750997,0.996354,0.0002468204,0.0001508186,0.0005251904,0.0003075402,0.0010043561,271,test
0.0029021727,0.003401133,0.984835,0.00092451595,0.0011737972,0.0014273672,0.0025558476,0.0027801672,272,test
6.5265926e-06,1.4276408e-05,0.00010826674,1.8788764e-05,0.00031047277,5.5575587e-05,0.99910504,0.0003809412,273,test
0.9978666,0.0002023496,0.00021885343,5.650967e-05,4.9013554e-05,0.0006600157,1.5238218e-05,0.0009314715,274,test
0.9975706,0.00017696555,0.0001481171,9.261775e-05,4.134308e-05,0.0008603738,1.55008e-05,0.0010944931,275,test
0.9929022,0.0007940631,0.00045473117,0.00028700943,0.00010421712,0.0030885523,6.0212104e-05,0.002309028,276,test
0.0010829367,0.0011839073,0.99454135,0.00040908912,0.00027326826,0.0007201177,0.0006506025,0.001138673,277,test
0.0017529114,0.0028849265,0.9890127,0.0008180002,0.00080667407,0.001219441,0.0015477858,0.0019575756,278,test
0.9612487,0.006855869,0.0065460037,0.0018715933,0.0016160174,0.006719656,0.00095596496,0.0141861895,279,test
0.001423918,0.0019652222,0.9925028,0.0005034107,0.00052581506,0.0008168742,0.00091602915,0.0013459018,280,test
0.0012396708,0.001965365,0.99258596,0.0004110487,0.00035601706,0.0010281771,0.0007463727,0.0016673444,281,test
0.0013407562,0.001629088,0.9930936,0.0007441187,0.0004910518,0.000790807,0.00064828765,0.0012622837,282,test
0.9980451,0.00015755961,0.00012608845,6.4859356e-05,3.2574073e-05,0.0007517125,1.22379915e-05,0.000809756,283,test
0.002425973,0.9904694,0.0025253484,7.4712014e-05,0.0004987487,0.0020246843,0.00064797583,0.0013331475,284,test
0.001467338,0.0018168805,0.9927891,0.00042879872,0.00047959335,0.0008475731,0.0009283825,0.00124238,285,test
0.9963258,0.00026018696,0.0001809173,0.00015572,7.35011e-05,0.0017665474,2.8226374e-05,0.0012090354,286,test
0.9970414,0.00021190887,0.00019642599,0.00014956147,5.7037323e-05,0.0010596135,2.7431297e-05,0.0012566542,287,test
0.99574476,0.00035292536,0.000384581,0.00019773496,4.630925e-05,0.0019267353,1.9591786e-05,0.0013273918,288,test
0.99637896,0.00023000187,0.00034230342,0.00014989861,5.561583e-05,0.0013163708,3.7919614e-05,0.0014889829,289,test
0.00068379665,0.0005461839,5.113984e-05,1.31775705e-05,2.4751695e-05,0.99861085,9.996956e-06,6.005947e-05,290,test
0.00048168152,0.0006083478,5.452896e-05,1.5096264e-05,4.1143074e-05,0.9986386,3.6274854e-05,0.00012433603,291,test
0.0014525092,0.003481296,0.9887948,0.0006426688,0.0007393011,0.0014777015,0.0013364704,0.002075246,292,test
0.002395103,0.0028188946,0.9872869,0.00077168253,0.0009821327,0.0008222955,0.0031470594,0.0017759474,293,test
0.0011187738,0.001699172,0.99353194,0.00051862234,0.00037368503,0.00091943174,0.0006328588,0.001205503,294,test
0.0027977303,0.0030765967,0.98747677,0.0008893619,0.0010086718,0.0012032877,0.0017709555,0.0017767638,295,test
0.0014983569,0.0008501064,0.00086296315,0.00014282676,0.00016273945,0.00028754614,0.0012182875,0.9949772,296,test
0.0025814802,0.98781186,0.0029744324,0.00011483814,0.00080527796,0.0027939824,0.00093337597,0.0019847834,297,test
0.0012218065,0.001346035,0.9941111,0.00039538383,0.0002728998,0.0008556873,0.00055589783,0.0012410986,298,test
0.00022482971,0.00046055706,0.00016804236,3.109859e-05,2.0945352e-05,4.86335e-05,9.606284e-05,0.9989498,299,test
0.0012552792,0.0014107778,0.9937423,0.0004757862,0.0003119483,0.00090632134,0.00051056937,0.0013869711,300,test
0.0012317775,0.001686455,0.9929316,0.000586649,0.00042522047,0.00093155366,0.00067968474,0.0015269927,301,test
0.0017791874,0.0021471507,0.99083143,0.0007141518,0.0006737026,0.0009960013,0.0012004855,0.0016577597,302,test
0.00065327383,0.00023786865,0.00012217916,0.0016375813,0.9859622,0.0020552673,0.005164944,0.0041667027,303,test
0.0010372592,0.0018567254,0.992765,0.00048919924,0.00042933848,0.0010140963,0.0006925086,0.0017159231,304,test
0.0010394233,0.0013186969,0.99423355,0.00041425918,0.00029493694,0.0007752604,0.0006201069,0.0013037476,305,test
0.0016114614,0.0024966802,0.99082434,0.00075432437,0.00059719506,0.0011125342,0.0009893558,0.0016141739,306,test
0.0011902591,0.0018101273,0.99300283,0.000609872,0.000421726,0.0010057399,0.0006359895,0.0013233983,307,test
0.993909,0.0001941421,0.0005113137,0.0003064177,0.0001337689,0.003030284,4.4532928e-05,0.0018705814,308,test
0.0012608852,0.0024485777,0.000107116975,5.5255903e-05,0.00010989221,0.9956845,4.7983176e-05,0.00028591725,309,test
0.0010849127,0.0013929114,0.99404067,0.00052783586,0.00034394508,0.00079000095,0.00058078166,0.0012389373,310,test
0.0010788386,0.0015979325,0.993487,0.0005822948,0.00043459842,0.00067833875,0.0007532671,0.0013877797,311,test
0.001049365,0.00023651743,0.0006662487,0.99577135,8.751204e-05,0.000662792,0.00028285626,0.0012432911,312,test
1.9892892e-05,2.7823697e-05,0.00014417704,3.7721828e-05,0.00043201807,0.00012181784,0.9986072,0.00060939835,313,test
0.0013992124,0.0012600294,0.99433243,0.00040441184,0.00027412458,0.0008066787,0.00045693488,0.0010661156,314,test
0.0013636063,0.0015268455,0.9938501,0.00046162153,0.00036990826,0.0007904923,0.00057108107,0.0010663457,315,test
0.9940077,0.0004131477,0.00027646762,0.0002343463,0.00011636696,0.003108541,3.2894855e-05,0.0018105072,316,test
0.0010665793,0.0014063588,0.9942912,0.0004944735,0.00034108377,0.0007474271,0.00058884243,0.0010640135,317,test
0.9968041,0.00025579386,0.00013990013,0.0001687593,5.4942015e-05,0.00127351,2.1496733e-05,0.0012815731,318,test
0.0014645882,0.0020653247,0.99123245,0.00089573365,0.00060954446,0.00096329505,0.001030384,0.0017386859,319,test
0.0009907814,0.0015051217,0.99423814,0.00045996872,0.00032753067,0.0008354816,0.0005395836,0.0011032624,320,test
0.9967218,0.00022317749,0.00024078066,8.9891175e-05,5.3088523e-05,0.0016607213,2.4357094e-05,0.0009862742,321,test
0.001626055,0.0023790924,0.9908869,0.00060864585,0.00060250424,0.0011078055,0.0009932256,0.0017958932,322,test
0.995424,0.0004235032,0.00029140737,0.00013581535,0.00010334013,0.0018121983,1.8534985e-05,0.0017911898,323,test
0.0022060561,0.0028076554,0.9890882,0.00091663876,0.00081256725,0.0012921669,0.0012430388,0.0016337957,324,test
0.0070055635,0.0037280994,0.011082467,0.024595248,0.8589964,0.01584388,0.06446987,0.014278564,325,test
0.0019352488,0.00081968796,0.0006400292,0.002442798,0.9454425,0.009287958,0.036961097,0.0024706253,326,test
0.9961746,0.00035190533,0.00020425305,0.00017785578,8.2493905e-05,0.0015531221,3.007878e-05,0.0014257128,327,test
0.00086599035,0.0005474598,0.99634355,0.0002461406,0.00017730195,0.00054256,0.00031942094,0.00095761096,328,test
0.0031966965,0.001369164,0.0007639319,0.0035940257,0.9645393,0.006906158,0.010196031,0.009434622,329,test
0.0069917305,0.0083397785,0.9654093,0.0011495561,0.0042378446,0.003280667,0.005681554,0.0049095857,330,test
0.0019353807,0.002683654,0.9895075,0.00072923995,0.0007279826,0.0014055235,0.0011487812,0.0018619646,331,test
0.0009305817,0.0028908893,0.9901509,0.00097653485,0.001027195,0.0009962004,0.0012941661,0.0017336273,332,test
0.0009621755,0.0016057789,0.9941493,0.00043727297,0.00034324505,0.00080370996,0.0005996616,0.0010988178,333,test
0.0011239164,0.0014190754,0.99418145,0.00044225532,0.000316766,0.00084147946,0.0005789971,0.0010961405,334,test
0.001621597,0.001953298,0.99167186,0.00070082524,0.00062415254,0.00093879394,0.0010133802,0.0014760818,335,test
0.002051899,0.004503161,0.9867786,0.00062160543,0.00081364333,0.001527712,0.0015518062,0.002151594,336,test
0.0038778824,0.98418,0.003633243,0.00019114064,0.0011596148,0.0036246707,0.0009018441,0.0024315692,337,test
0.0010574339,0.0018301784,0.9931931,0.00056096603,0.00043413314,0.001013426,0.0006265307,0.0012842078,338,test
0.0016987203,0.001789395,0.9922463,0.0008063044,0.00038126134,0.0010641583,0.00059265865,0.0014212736,339,test
0.99640286,0.0002855756,0.00013717286,0.00015681042,4.6701123e-05,0.0018374962,2.4083645e-05,0.0011093236,340,test
0.9958832,0.00043692897,0.00029991864,0.00010658487,5.8316702e-05,0.001966773,2.3890118e-05,0.0012243825,341,test
0.974447,0.0038395692,0.007237981,0.0005446906,0.0008845861,0.0077845245,0.00042114055,0.0048405537,342,test
0.0011474773,0.0022479952,0.9918839,0.00043159616,0.00048600734,0.0011218387,0.00084256433,0.0018385331,343,test
0.0012441035,0.0004488811,0.0003106405,0.0026366422,0.9796539,0.0032447777,0.006983489,0.005477612,344,test
0.9967063,0.00029093557,0.00024861933,9.705961e-05,6.131669e-05,0.0013061615,2.6515196e-05,0.0012630381,345,test
0.0013147285,0.00066790316,0.9954823,0.00024287526,0.00020831397,0.0006427828,0.0003872388,0.0010538572,346,test
0.00016198392,0.0004117825,6.0746752e-05,1.96264e-05,1.2611273e-05,3.0139208e-05,5.087391e-05,0.99925214,347,test
0.0014442204,0.0021158743,0.99215114,0.00046097592,0.00045667638,0.0010242092,0.00085346616,0.0014934638,348,test
0.05185144,0.27168095,0.05802563,0.028206075,0.028844904,0.055796437,0.37592477,0.12966983,349,test
0.0040915273,0.026761297,0.9482471,0.0010772255,0.0026574116,0.0076380908,0.0041224435,0.005404922,350,test
0.00141592,0.0019811396,0.9916965,0.0006415232,0.0005695901,0.0009658553,0.0010503967,0.0016790582,351,test
0.026078787,0.042545035,0.1878816,0.004977526,0.0141066965,0.057025313,0.28864765,0.37873742,352,test
0.9963238,0.00031138162,0.00034387084,0.00011911839,7.3328294e-05,0.0013132555,2.377828e-05,0.0014916186,353,test
0.956653,0.0050536958,0.016957207,0.0013186189,0.00064711395,0.011652712,0.00021612583,0.007501575,354,test
0.0012515552,0.0011877234,0.9946844,0.0004030839,0.00029831383,0.00069952884,0.00047583613,0.0009995279,355,test
0.9969227,0.00027456938,0.00015773598,0.00010825755,4.5471697e-05,0.0013139722,1.8855055e-05,0.001158439,356,test
0.00033772129,0.00043039737,0.0002315968,4.209566e-05,2.2675838e-05,0.00060871633,2.6303152e-05,0.9983005,357,test
0.001939574,0.0032089904,0.987748,0.00061790465,0.0008823782,0.0014187689,0.0016786918,0.0025056114,358,test
0.023592379,0.15970248,0.60154796,0.02264529,0.025572388,0.041388664,0.06649198,0.059058886,359,test
0.99723166,0.00027998097,0.00013393915,8.803106e-05,6.314715e-05,0.0012577536,1.687455e-05,0.0009285669,360,test
0.99706703,0.00018331365,0.00032678663,0.00011951323,7.5408694e-05,0.0008864939,2.2808237e-05,0.0013187618,361,test
0.0014530345,0.0022132732,0.9914289,0.0005219831,0.0006067232,0.0009786419,0.0010158061,0.0017815434,362,test
0.0024993066,0.0037813175,0.9858791,0.0009032293,0.000937881,0.0018003616,0.0014594023,0.002739342,363,test
0.0018116247,0.0030556407,0.98908955,0.0007276699,0.00068593625,0.0012742714,0.0013477624,0.0020075447,364,test
0.0020922308,0.0010521752,0.99363434,0.00047016624,0.0003980198,0.00072852895,0.0006588879,0.00096550444,365,test
0.0011062414,0.0012146285,0.9947802,0.00037153467,0.00024586832,0.00076582277,0.00046199866,0.0010537583,366,test
0.99624974,0.0002166577,0.00026964056,0.0001547776,4.784012e-05,0.0014960706,2.8196266e-05,0.0015370257,367,test
0.00024689996,0.00029547972,6.176421e-05,2.1750551e-05,1.240223e-05,7.253801e-05,2.0551179e-05,0.9992686,368,test
0.0019809657,0.0014825059,0.9920168,0.0006635654,0.000448981,0.0010797969,0.0007089641,0.0016184077,369,test
0.0021080861,0.003074242,0.9881081,0.0007767877,0.0009227636,0.0013169466,0.001593495,0.0020995794,370,test
0.0014112468,0.0020975731,0.99198264,0.00059151906,0.00047791563,0.0011097288,0.00078539253,0.0015438367,371,test
0.0014822286,0.0023127696,0.9912601,0.00065724616,0.00058663293,0.0010707875,0.0010801386,0.0015500688,372,test
0.60132456,0.07966784,0.04902425,0.031853404,0.03313394,0.11623435,0.012487219,0.07627447,373,test
0.99702245,0.00029647423,0.00024788696,8.024873e-05,4.9886952e-05,0.0011658412,2.575249e-05,0.0011114143,374,test
0.9958967,0.00030021378,0.0002581253,0.00010945933,8.493759e-05,0.0018079645,1.7230004e-05,0.0015255277,375,test
0.0015325961,0.0019147551,0.9924666,0.000585167,0.00052001205,0.0009947682,0.0007509274,0.0012351605,376,test
0.0011873518,0.0006578372,0.99578154,0.00037881194,0.0002782418,0.00046364614,0.0003748942,0.0008777966,377,test
0.9965959,0.00030615742,0.00016723631,0.00014448399,5.3993324e-05,0.001374935,2.6024396e-05,0.0013312266,378,test
0.9944981,0.000380184,0.0010711594,0.00028577598,0.000112347356,0.0016659258,8.117103e-05,0.0019052951,379,test
0.00089679426,0.000911755,0.99548364,0.00047840568,0.00029076633,0.00042985636,0.00054892077,0.000959848,380,test
0.0025768187,0.0038787972,0.9847402,0.0012572067,0.0012603159,0.0015594617,0.0023938213,0.002333373,381,test
0.000523219,0.0005556496,0.99701047,0.00024793597,0.00011849608,0.00043980117,0.00027652795,0.00082789926,382,test
0.002486751,0.0033854404,0.9876304,0.0006145307,0.0009046534,0.0013846694,0.0016798788,0.0019137646,383,test
0.99681574,0.00018075183,0.00038643955,9.6852964e-05,7.030195e-05,0.0008539049,2.3123437e-05,0.0015728407,384,test
0.9973183,0.0001735379,7.451724e-05,9.374818e-05,3.183003e-05,0.00092769513,1.01363585e-05,0.0013702193,385,test
0.99532855,0.0002777971,0.0005594138,0.000192833,7.580903e-05,0.0015488755,3.0261457e-05,0.00198639,386,test
0.001013794,0.0021580884,0.0007219259,0.00014736316,5.172879e-05,0.00029653733,0.00012339113,0.99548715,387,test
0.0016851377,0.004399012,0.00040673368,0.00012677693,2.8781658e-05,0.00080703606,5.771137e-05,0.99248874,388,test
0.00079724984,0.0009679941,0.9959149,0.0004082596,0.00019704469,0.0005679578,0.00031401348,0.000832593,389,test
0.9978047,0.000115758725,7.837678e-05,7.5119824e-05,2.6754342e-05,0.00079252245,8.173975e-06,0.0010985428,390,test
0.042987544,0.084511764,0.0030261532,0.0056147426,0.027196473,0.738855,0.0025779216,0.09523043,391,test
0.99183923,0.000607695,0.0012572565,0.00041194336,0.00013182331,0.002098075,5.136646e-05,0.0036025913,392,test
0.99512273,0.00020351635,0.00014427977,0.00024879668,6.2369465e-05,0.0015904767,2.8801458e-05,0.0025990563,393,test
0.0014449577,0.0013029814,0.9937463,0.0005243436,0.00034419296,0.0008604825,0.0005429552,0.0012337803,394,test
0.0013617332,0.0012191206,0.99425703,0.00042485958,0.00023617981,0.000961864,0.00037022593,0.0011689329,395,test
0.00125516,0.0013342161,0.99383175,0.0004855428,0.00028630116,0.00093531044,0.0005674579,0.0013041731,396,test
0.0026589537,0.0032600423,0.98633075,0.0012044713,0.000912943,0.001720434,0.0015021643,0.0024102638,397,test
0.0009919665,0.0004600049,0.9960717,0.00022036266,9.5236166e-05,0.00092816685,0.00024143087,0.0009911659,398,test
0.0013156153,0.0017675316,0.99254507,0.0005600165,0.0004249907,0.0009905895,0.00085526216,0.0015408945,399,test
0.003990131,0.9850696,0.0039329417,0.00021132505,0.0010497196,0.0029645248,0.0009856403,0.0017961848,400,test
0.0013062294,0.0016399795,0.9930524,0.0005748401,0.00036617357,0.00093794934,0.0006835897,0.0014389361,401,test
0.0009962743,0.00059256196,0.9962852,0.0002870893,0.00011073018,0.0006524075,0.0002212116,0.0008543845,402,test
0.0013911261,0.0016902861,0.9926796,0.0006664271,0.00042156965,0.0010380521,0.00063768215,0.0014752838,403,test
0.0010679316,0.00082586857,0.9940534,0.00074576616,0.00019402945,0.000790409,0.00043659002,0.0018860695,404,test
0.0033407551,0.984906,0.0033704843,0.00027348558,0.0011007794,0.0035832475,0.0010579308,0.0023672597,405,test
0.0009261569,0.0007188988,0.9945533,0.0010543432,0.00014739139,0.0007676273,0.00029771012,0.0015345287,406,test
0.9954561,0.00030395167,0.00016528796,0.0001523622,3.892942e-05,0.002571103,1.7442602e-05,0.0012948522,407,test
0.00024151562,0.00017279759,6.6418695e-05,1.6120637e-05,4.2289594e-06,1.672605e-05,8.805407e-06,0.9994734,408,test
0.9972934,0.00014790533,5.4738965e-05,0.00012277674,3.9593426e-05,0.0011025632,1.8546576e-05,0.0012205252,409,test
0.0010137064,0.0008009222,0.99516773,0.0004566245,0.00016463277,0.0007951204,0.00033549007,0.0012657839,410,test
0.0016853942,0.0017981515,0.991704,0.00089852297,0.00047922684,0.001118496,0.00074736157,0.0015687938,411,test
0.00090950413,0.0028519535,0.99070334,0.0008024268,0.00035413794,0.0016564011,0.00081658846,0.0019056235,412,test
0.004432975,0.9775531,0.003919273,0.0003049563,0.0018320513,0.005919509,0.00082310016,0.005214951,413,test
0.9973127,0.00016396806,0.00016590639,8.900974e-05,3.4491455e-05,0.0010373512,1.4570337e-05,0.0011819865,414,test
0.96464425,0.006066368,0.008627847,0.0013976218,0.0009005963,0.004913364,0.0010496728,0.012400312,415,test
0.0011378964,0.0018923777,0.9925971,0.00051438616,0.00038321377,0.001219178,0.0006423422,0.0016134158,416,test
0.0011204865,0.0013860243,0.99466574,0.00030881775,0.0003635904,0.00081655546,0.0004054885,0.0009333114,417,test
0.0012374208,0.0020629102,0.9924952,0.0005195816,0.0003735529,0.0010026713,0.0006392261,0.0016693898,418,test
0.0008413678,0.00068451266,0.9960898,0.0002846993,0.0001020544,0.0007686226,0.0002067133,0.0010222644,419,test
0.7622692,0.031485397,0.10826989,0.008701773,0.005055925,0.027232077,0.0046796445,0.052306097,420,test
0.99726343,0.00016500731,0.000107449334,0.00011576822,3.0040093e-05,0.000919308,1.3765285e-05,0.0013851791,421,test
0.9980647,7.800054e-05,8.011533e-05,5.3675336e-05,2.1886006e-05,0.0006916996,5.7273232e-06,0.0010041975,422,test
0.004437543,0.027907034,0.93878037,0.0026710953,0.0028670717,0.009453136,0.007986747,0.0058970326,423,test
0.0046743653,0.98310524,0.0032834802,0.00029623712,0.0009968232,0.004201492,0.0010557161,0.0023866605,424,test
0.9962131,0.00017339783,0.0001295051,0.00022987212,4.2310305e-05,0.0009355258,1.388553e-05,0.0022625315,425,test
0.99407935,0.00043085255,0.0008743339,0.00023698248,0.00010306451,0.0018642079,2.9968463e-05,0.0023812463,426,test
0.0010263522,0.0011467041,0.9948602,0.00049594697,0.00022198718,0.00080634444,0.00040288104,0.0010396545,427,test
0.00089076406,0.0012462675,0.99470806,0.0004107863,0.00020431231,0.0009296086,0.0003790944,0.0012311244,428,test
0.0037606198,0.9830435,0.004248115,0.0002391468,0.0012438294,0.0037439172,0.00083051424,0.0028903382,429,test
0.002119636,0.0017505987,0.99109626,0.00064436253,0.0006654492,0.00094607373,0.0009953268,0.001782378,430,test
0.99664825,0.00021981167,0.000112640526,8.534985e-05,2.9745152e-05,0.0011206499,1.2329792e-05,0.0017712091,431,test
0.9973531,0.00010180749,0.0003424323,6.690159e-05,4.7808495e-05,0.0008231443,1.2614896e-05,0.0012522368,432,test
0.004656377,0.00095978944,0.00063862425,8.6732e-05,5.6294222e-05,0.9928352,7.743979e-05,0.00068959943,433,test
0.0011517901,0.0013868187,0.993419,0.00057815237,0.00027722027,0.0010644477,0.00050176715,0.0016208158,434,test
0.99476886,0.0003357447,0.0002471649,0.00016480802,4.232963e-05,0.002865531,4.138832e-05,0.0015342785,435,test
0.0014695913,0.0014499732,0.99299026,0.000352017,0.00039759628,0.0007926258,0.0008480597,0.001699857,436,test
0.0012624767,0.0014143575,0.9936819,0.00065533863,0.0003547228,0.00084599195,0.00056954235,0.0012157127,437,test
0.9961887,0.00022575934,0.00018505997,0.00017649791,3.6495454e-05,0.0011992395,1.4398808e-05,0.0019739014,438,test
0.0012264053,0.0018484459,0.9925357,0.0005111477,0.0004692206,0.0009926927,0.00082179677,0.0015945674,439,test
0.00869528,0.0017201415,0.00048074443,0.00024432372,0.0002668254,0.9873756,8.2078535e-05,0.0011350558,440,test
0.0025287673,0.002407952,0.99034625,0.00057049136,0.0006211584,0.0014096876,0.0007571594,0.0013586323,441,test
0.9976641,0.0001410909,9.162975e-05,7.0787755e-05,3.8112656e-05,0.00084769056,8.0895325e-06,0.0011386798,442,test
0.0014355634,0.0019238626,0.99199086,0.00063659437,0.00054551347,0.0009292383,0.00091063225,0.0016277019,443,test
0.0011083352,0.0008583795,0.000706274,0.0032877089,0.9672241,0.0070678703,0.01655888,0.0031884958,444,test
0.9908783,0.0011637403,0.00046427222,0.00040665187,0.0001720277,0.0035771704,6.9638714e-05,0.0032682365,445,test
0.0035224138,0.0026197534,0.98678756,0.0008575194,0.00097525335,0.001416164,0.0018865481,0.0019349117,446,test
0.0020922648,0.0018944412,0.9904338,0.0005666324,0.00075546664,0.0010202025,0.0013034437,0.0019337401,447,test
0.0017209884,0.0017002653,0.9917603,0.0006974998,0.0004904817,0.0010674087,0.0008369486,0.001726195,448,test
0.0010475537,0.00089753565,0.9950944,0.0004760177,0.00023909756,0.0006442405,0.00041174892,0.0011894555,449,test
0.04982866,0.056089815,0.0048697316,0.009403714,0.03384254,0.15641056,0.008236877,0.6813181,450,test
0.0009652338,0.0010754814,0.99531823,0.00033300993,0.00021070283,0.000679718,0.0003818715,0.0010358159,451,test
0.0011491715,0.0015312602,0.9937264,0.00057269563,0.0003127079,0.0008852874,0.00051620166,0.0013061097,452,test
0.0037110473,0.0059733433,0.9806677,0.00086918514,0.0015972803,0.002442041,0.0024087615,0.002330783,453,test
0.00025528632,1.3744497e-05,0.00027548856,0.9991591,1.1411433e-05,9.5389434e-05,2.3321476e-05,0.00016630629,454,test
0.98578763,0.002153128,0.00080289616,0.0006125869,0.0001939507,0.006089738,0.00013114527,0.004229009,455,test
0.0017120892,0.0015751019,0.9922884,0.0007151804,0.0004204684,0.0011155906,0.00064538745,0.0015278134,456,test
2.2011025e-06,7.461161e-06,2.1266467e-05,1.3893086e-05,0.0002440915,2.2196708e-05,0.99953854,0.0001504583,457,test
0.9974982,0.00011650452,7.574553e-05,9.2031696e-05,3.192129e-05,0.0008370772,1.1133601e-05,0.0013373808,458,test
0.000825892,0.0010287046,0.99533516,0.00044715902,0.00020927213,0.00071795494,0.0003299583,0.0011059341,459,test
0.003466411,0.9841793,0.004089141,0.0002759975,0.0011686649,0.0035664046,0.0008934161,0.0023607106,460,test
0.0013527964,0.0006964723,0.99559,0.00030522922,0.0001466114,0.0006947686,0.00029532044,0.0009188911,461,test
0.995667,0.00024953837,0.00017962848,0.00020809566,5.3433498e-05,0.0016647883,1.614912e-05,0.0019614357,462,test
0.0012200824,0.0014426839,0.99375546,0.00048817956,0.00030467057,0.0009238853,0.0005554512,0.0013094998,463,test
0.0012161544,0.0014352066,0.99357045,0.0005588098,0.00032011484,0.0010208406,0.00047214393,0.0014063094,464,test
0.0008501253,0.0014219584,0.9936446,0.0010786119,0.00027486865,0.00063490105,0.0006076237,0.0014873615,465,test
0.99751943,0.0001070813,8.244008e-05,0.0001034712,3.4350214e-05,0.00068241276,1.0206885e-05,0.0014605748,466,test
0.9964277,0.0001738946,0.00012080011,0.00021477192,4.648753e-05,0.0012367072,2.4120172e-05,0.0017555349,467,test
0.0009922391,0.0009138782,0.9953934,0.0003592007,0.00015606212,0.00076918805,0.000324265,0.0010917524,468,test
0.0038842913,0.005121303,0.97996545,0.0013416138,0.0014917849,0.002381663,0.002826335,0.0029874989,469,test
0.0009802219,0.001035923,0.9947001,0.00032796612,0.00013372926,0.0011050109,0.00037931118,0.0013377628,470,test
0.0012684428,0.00093419064,0.99513525,0.00044143194,0.00022093666,0.000645945,0.0003744166,0.0009794291,471,test
0.0009069819,0.00079289934,0.99619836,0.00018846468,0.0001325993,0.0006573536,0.00027384548,0.00084940525,472,test
0.0007823416,0.00089826534,0.9960188,0.00035342487,0.00018636654,0.00057224697,0.00029577102,0.0008927297,473,test
0.001202314,0.0015630979,0.99283665,0.0007867632,0.00038284782,0.0009979104,0.00063601526,0.0015944198,474,test
0.0011574833,0.0017550491,0.9927677,0.00060777605,0.00032863827,0.0011736766,0.00058637647,0.0016233617,475,test
0.0017208351,0.0015030047,0.9934643,0.00037233188,0.00035387435,0.00086475204,0.0005922418,0.0011287287,476,test
0.0015482821,0.0012012185,0.99254143,0.0010268758,0.00041113966,0.00059928105,0.0011083761,0.0015633672,477,test
0.0010075748,0.00068513525,0.9959006,0.00041841593,0.00016101623,0.00057731796,0.00031718877,0.000932793,478,test
0.003899508,0.98600185,0.0018444284,0.00024565644,0.0010409766,0.0040329015,0.00076767855,0.0021669534,479,test
0.99681026,0.00014712846,0.00013681015,0.00016302668,3.66311e-05,0.0010329424,1.6581624e-05,0.0016566348,480,test
0.001164166,0.001225366,0.9938234,0.00053429534,0.00031993323,0.00084535667,0.00060661003,0.001480856,481,test
0.00032202963,0.00016124493,6.2319494e-05,2.287956e-05,4.500812e-06,2.7015407e-05,1.0326403e-05,0.99938965,482,test
0.024115795,0.039993726,0.007193874,0.01870413,0.33238882,0.4941692,0.042057376,0.041377105,483,test
0.003589696,0.98635626,0.0036643154,0.00018140275,0.00090638426,0.0026566703,0.00078976137,0.0018554351,484,test
0.0021536415,0.0028588641,0.9877978,0.0012558188,0.0007589589,0.0014978361,0.0013083566,0.0023687517,485,test
0.0014634756,0.0021324474,0.990838,0.0007858394,0.000557184,0.0012648439,0.00091142696,0.0020468803,486,test
0.0010155599,0.00053917745,0.9964032,0.00025865762,0.000102405764,0.0006668746,0.00019181609,0.00082231767,487,test
0.00016985215,0.00015612577,4.4808272e-05,1.4604859e-05,2.7018077e-06,1.9303785e-05,8.358782e-06,0.99958426,488,test
0.0010787394,0.0009071647,0.9956982,0.00024389778,0.00016654145,0.0006434485,0.00032725863,0.000934798,489,test
0.99682355,0.0002136621,0.00010331986,0.00014384199,3.697858e-05,0.0011811089,1.3657321e-05,0.0014839976,490,test
0.0015143555,0.00059678307,0.99512583,0.00027794566,0.00013032666,0.0008802199,0.00032794254,0.0011466838,491,test
0.0012836357,0.00069364335,0.9957241,0.00031918092,0.00014996363,0.0006534955,0.0002932225,0.00088276895,492,test
0.0017268126,0.0019806887,0.9908971,0.00096656027,0.0005159468,0.0011508636,0.00086473295,0.0018972966,493,test
0.0012048306,0.0011230427,0.9948441,0.0004363314,0.0002282123,0.00075691286,0.000377171,0.0010294211,494,test
0.0008888989,0.00046586458,0.9963237,0.0002968969,0.00013637311,0.0005980796,0.00029130853,0.0009988956,495,test
0.0010868151,0.0010729893,0.00010870012,3.1402964e-05,1.4370882e-05,0.9975827,4.9242717e-06,9.80662e-05,496,test
0.0007859577,0.00066517456,0.99627763,0.00032446362,0.00013081978,0.0006218842,0.00026257982,0.00093144405,497,test
0.0010615746,0.00107064,0.99552345,0.0003142141,0.00019313987,0.0007111842,0.00031197708,0.0008138281,498,test
0.0027651247,0.004766239,0.98067355,0.0012998703,0.0013575674,0.0022043323,0.003585075,0.0033482974,499,test
0.0009453518,0.0011414321,0.99476624,0.00046598192,0.00021135736,0.00084216107,0.00035754437,0.0012700171,500,test
0.00082513393,0.0010251472,0.99522084,0.00034619344,0.00022410198,0.00071208226,0.00038700123,0.001259437,501,test
0.00018945598,5.501235e-05,0.0003214875,0.0010599869,0.9874358,0.0013311435,0.007928339,0.0016788665,502,test
0.0015536895,0.0018022262,0.9918013,0.00066240097,0.0004423471,0.0011223967,0.0008543186,0.0017613668,503,test
0.00074833515,0.0002884598,0.00024902978,0.00011377356,4.517221e-05,9.537628e-05,0.00013569077,0.9983242,504,test
0.99694926,0.00015779027,0.00011569765,0.00012616903,5.6163164e-05,0.0011617829,1.9373225e-05,0.0014136449,505,test
0.0016677361,0.0016066937,0.99254084,0.0005368604,0.0004209977,0.0010278197,0.0006778895,0.0015211703,506,test
0.002115483,0.0030387703,0.9880499,0.00067934487,0.0008930701,0.00140336,0.0016005889,0.002219493,507,test
0.6576623,0.016543204,0.26154205,0.008416254,0.0025348284,0.014423464,0.005436357,0.0334416,508,test
0.0022539273,0.0026215764,0.9880761,0.00093240937,0.0006333684,0.0016450683,0.0012360954,0.002601443,509,test
0.0009606135,0.001152618,0.9947391,0.00043148547,0.00022835431,0.0008243425,0.00043970844,0.0012236881,510,test
0.0021552541,0.003065627,0.0006049386,0.00026346467,0.00015805595,0.9924272,9.182153e-05,0.0012335447,511,test
0.9972669,0.000113181144,0.0003200125,0.00013477753,3.6715992e-05,0.0006019964,2.0010015e-05,0.00150647,512,test
0.00845068,0.0520829,0.0049787983,0.01837733,0.6118268,0.16891083,0.09875182,0.036620837,513,test
0.000777472,0.0015462082,0.99466693,0.0004540575,0.00028003674,0.00073517585,0.00040320194,0.0011369764,514,test
0.0008876142,0.0015221863,0.99460804,0.00053660676,0.00037414365,0.0007064563,0.00038714195,0.0009777664,515,test
0.00066985004,0.0011338663,0.9959947,0.00040679326,0.00016808764,0.0006031307,0.0002750095,0.00074866775,516,test
0.97868997,0.0020988218,0.002509585,0.0012679454,0.0004180413,0.006305677,0.00035502075,0.008354956,517,test
0.0010757853,0.00097431405,0.9952714,0.00048108923,0.00025433084,0.00052827894,0.00045760127,0.00095716765,518,test
0.9944214,0.00019084524,0.0005614814,0.00051014347,0.00011857141,0.0012101136,8.888155e-05,0.0028986156,519,test
0.0010642691,0.0015493925,0.994466,0.0005010153,0.0002944713,0.00083501707,0.00034842783,0.00094142737,520,test
0.99145716,0.00021266108,0.00054612523,0.0009279973,8.2979604e-05,0.0021724564,0.00012167924,0.00447897,521,test
0.99804187,0.00010994512,0.00015265823,0.00010113802,4.560335e-05,0.00053663616,1.5428008e-05,0.000996647,522,test
0.0009057779,0.0011147913,0.9947172,0.00061285315,0.00023608435,0.0007643574,0.00042323375,0.001225705,523,test
0.9968508,0.0001865754,0.00025957043,0.00017842141,6.8583664e-05,0.00087685016,2.5989033e-05,0.0015532152,524,test
0.0010990013,0.0014223579,0.0015886081,0.00016683429,8.853019e-05,0.00045700846,9.836851e-05,0.9950794,525,test
0.00087038183,0.0012403089,0.9952884,0.00053514494,0.00024372047,0.0006719583,0.0003318998,0.00081827526,526,test
0.0017596376,0.99389815,0.0011738074,0.00014085312,0.000413716,0.0009411757,0.0004163525,0.0012562978,527,test
0.00057953614,0.0005986837,0.99709,0.00035262178,0.00010607854,0.00043524712,0.00018037463,0.000657443,528,test
5.8384307e-05,0.000134919,0.000115636874,0.0010053382,0.9872486,0.001972249,0.007426319,0.0020385124,529,test
0.0012012903,0.0017910211,0.99342936,0.00062499935,0.00038628504,0.0009369901,0.00046001596,0.0011699916,530,test
0.9957625,0.00023622769,0.0004180674,0.00022853258,7.348883e-05,0.001051677,4.8213773e-05,0.0021813356,531,test
0.010559046,0.943002,0.010115134,0.00096502714,0.005472123,0.016407214,0.0071243113,0.006355216,532,test
0.0007677091,0.0010519485,0.99540424,0.00057749095,0.00024475626,0.00062806153,0.00033926012,0.0009866006,533,test
0.00030360525,0.00045116115,0.00016594156,5.061101e-05,2.9178069e-05,5.205965e-05,3.0477826e-05,0.998917,534,test
0.9953147,0.0001768581,0.0004907024,0.0003065653,8.0555306e-05,0.0011653616,3.428626e-05,0.0024309389,535,test
0.0011684464,0.0014934492,0.9940593,0.00055514753,0.00035942966,0.0008018164,0.0004740596,0.0010884503,536,test
0.0017744707,0.0037605527,0.98829985,0.00076427485,0.00090432336,0.0013873475,0.0011793965,0.0019298038,537,test
0.00086189585,0.0012027804,0.9954184,0.000539927,0.00021647547,0.0006494874,0.00029529774,0.0008156139,538,test
0.98708135,0.0005042866,0.0014029929,0.0014691607,0.00034117218,0.0017098611,0.0001403486,0.0073509044,539,test
0.00051942223,0.00035414475,0.000143165,4.6369034e-05,1.4971183e-05,3.4701257e-05,3.8340888e-05,0.9988489,540,test
0.21326399,0.018179983,0.039286878,0.0091567,0.002723946,0.6372789,0.0011098913,0.0789997,541,test
0.0013695201,0.0014643489,0.993493,0.0010686832,0.00031750381,0.0008506127,0.00042235147,0.0010140598,542,test
0.001142021,0.0022628692,0.9931646,0.0005138193,0.00042644018,0.0009169118,0.00051544874,0.0010578259,543,test
0.0005546121,0.0009506799,0.99610364,0.00043515756,0.00014431817,0.00061031984,0.0002163885,0.0009849335,544,test
0.0007445724,0.0013204684,0.99533087,0.00058431405,0.00020880137,0.0006907924,0.00024502806,0.00087511254,545,test
8.561727e-05,0.00013419367,0.00068343774,0.0002797647,0.0018721042,0.000378216,0.99392724,0.0026393689,546,test
0.013363604,0.01078466,0.020780306,0.0019209658,0.0005320754,0.81386507,0.00040789336,0.13834547,547,test
0.0015658484,0.0014079344,0.99090225,0.0018872288,0.00050669827,0.0005529265,0.0012600274,0.0019171594,548,test
0.9957926,0.00024611596,0.00023590162,0.00023836047,5.8376667e-05,0.0013518402,4.147575e-05,0.00203516,549,test
0.997071,0.00017283825,0.00017778661,0.00016753048,4.2440704e-05,0.0009502012,2.3790626e-05,0.0013944122,550,test
0.00077639177,0.0012381157,0.99498016,0.0007067038,0.00028886495,0.00058665796,0.00040859493,0.0010145303,551,test
0.0021830287,0.0010627343,0.00017446384,2.496503e-05,5.6130833e-05,0.9961235,7.707215e-05,0.00029799025,552,test
0.0007896322,0.0013342822,0.9951704,0.00059878756,0.0002770974,0.00057606504,0.00038502068,0.00086869864,553,test
0.0028391995,0.0016959166,0.00035875905,0.00025799437,9.869635e-05,0.993363,6.750015e-05,0.0013189943,554,test
0.9972167,0.00013010373,0.00019632118,0.00017726418,4.6746758e-05,0.0008393287,2.3911001e-05,0.0013695642,555,test
0.000839098,0.0013713237,0.99447757,0.00089509285,0.00031367873,0.0006334237,0.00042925958,0.0010405766,556,test
0.9956601,0.00025299223,0.00040497113,0.0003000088,6.5319895e-05,0.0011849204,4.1079125e-05,0.0020906196,557,test
0.00058723154,0.0006500297,0.9970963,0.00032065457,0.000121237565,0.00042945717,0.00018075272,0.00061440095,558,test
0.0009685224,0.0017116178,0.99455774,0.00035995623,0.00023056091,0.00086504966,0.00029637123,0.0010101256,559,test
0.996167,0.00016071423,0.00030896752,0.00022186288,6.138746e-05,0.0008807011,4.3746677e-05,0.0021555726,560,test
0.0005495107,0.0010936062,0.99590886,0.00051139377,0.0001795529,0.00061311765,0.00023680377,0.00090705336,561,test
0.0005326421,0.0010693787,0.99596006,0.00039766292,0.00021070642,0.000535017,0.00034591378,0.00094856694,562,test
0.0013118687,0.0022139645,0.99209714,0.0005958699,0.0004855424,0.0010420568,0.0008598401,0.0013937382,563,test
0.0007520588,0.000987124,0.99565744,0.0007158257,0.00024069632,0.00048007965,0.0003314278,0.0008354444,564,test
0.0005493748,0.0007858763,0.9966511,0.00035066262,0.00013725297,0.00047676422,0.00024726393,0.0008017677,565,test
0.0016607328,0.0023791937,0.9909991,0.00065907417,0.0005423506,0.0011647772,0.0008196082,0.0017751434,566,test
0.000474061,0.0009228156,0.9966808,0.00042962204,0.00015411637,0.00047115597,0.00022748897,0.00063983595,567,test
0.99504846,0.0002957645,0.0002882128,0.00033485598,6.953092e-05,0.0013409801,3.534594e-05,0.0025868018,568,test
0.9969723,0.00014282875,0.00022561805,0.00015344945,5.4343676e-05,0.00086411816,3.315025e-05,0.001554164,569,test
0.99695,0.00010312208,0.00045442488,0.00020244908,4.4467073e-05,0.00051674043,2.8262539e-05,0.0017006458,570,test
0.0026245257,0.002438239,0.9865565,0.0019027874,0.00095407316,0.0011251285,0.0017833342,0.0026153536,571,test
0.0025909583,0.0010298104,0.00027068052,0.00014812971,4.908227e-05,0.99542964,3.55917e-05,0.00044617886,572,test
0.0013140849,0.001787612,0.9927296,0.00069307897,0.00044724517,0.0009170987,0.00064642663,0.0014649242,573,test
0.00078378554,0.0016681775,0.99384755,0.0007020062,0.00032787354,0.0007859451,0.0005020207,0.0013826237,574,test
0.00014266906,8.0995545e-05,8.3446124e-05,0.0009855785,0.99064785,0.0013794235,0.0053813322,0.0012986697,575,test
0.0009140956,0.0006964944,0.99667656,0.00029816877,0.00013586454,0.0004447782,0.00020989618,0.0006240609,576,test
0.0007782641,0.0013727394,0.9949239,0.00049520074,0.00030360205,0.00062976894,0.00045904602,0.0010375509,577,test
0.00053282146,0.00029618767,0.000105616935,5.2720683e-05,1.6194022e-05,3.8688646e-05,2.2237668e-05,0.9989355,578,test
0.17705917,0.7289133,0.0056839655,0.0012844997,0.018621251,0.038794838,0.0050577265,0.02458518,579,test
0.0023608224,0.002205555,0.98901665,0.0008782619,0.0008522307,0.001144024,0.001282496,0.002260003,580,test
0.9960478,0.00016074588,0.0006673705,0.00021895554,5.059937e-05,0.0013033121,3.8523718e-05,0.001512744,581,test
0.00056437607,0.00082466257,0.9964378,0.000429403,0.00019285487,0.0004437238,0.0002738468,0.000833381,582,test
0.99410266,0.0003846892,0.00051720144,0.000404026,9.572544e-05,0.0017668983,4.4378277e-05,0.0026844263,583,test
0.99734265,0.00010918788,0.00022906446,0.00015628453,3.0061108e-05,0.0006710276,1.8138999e-05,0.0014435994,584,test
0.0011968731,0.0011546476,0.9950453,0.0005177269,0.0002664698,0.0005493726,0.0004796477,0.00078984926,585,test
0.00075801276,0.00054950465,0.996657,0.000685372,0.00010432749,0.00042077675,0.00016252026,0.0006624816,586,test
0.0007114634,0.0007340732,0.99657935,0.000434618,0.00011787363,0.00054125825,0.00018033676,0.0007009695,587,test
0.0004544158,0.0004008882,0.00021075952,6.483489e-05,1.8812598e-05,7.7448516e-05,3.8899056e-05,0.9987338,588,test
0.0009535945,0.0012379931,0.9949694,0.00066444586,0.0003080483,0.00054449856,0.0004332134,0.00088881055,589,test
0.0005452284,0.0007203814,0.9967565,0.0003553482,0.00010788633,0.0005054935,0.00018345065,0.00082560437,590,test
0.0019066731,0.0021080668,0.046530224,0.0013461758,0.005198907,0.008439254,0.914691,0.01977974,591,test
0.9953177,0.00012934233,0.0006220934,0.0003429202,7.8352205e-05,0.0012553097,2.8113795e-05,0.0022262486,592,test
0.99446326,0.00024488548,0.0005362486,0.0004109673,9.002915e-05,0.0012869352,6.231422e-05,0.002905427,593,test
0.0003977472,0.00033697058,0.00016774633,7.8471756e-05,1.9544475e-05,3.1914835e-05,4.6160916e-05,0.9989214,594,test
0.9960675,0.00023373045,0.00023370837,0.00039558363,6.057793e-05,0.001131442,3.6109283e-05,0.0018413635,595,test
0.99694675,0.00018331636,0.00020660879,0.00017043267,4.4778095e-05,0.00091436214,3.4617242e-05,0.001499129,596,test
0.000690667,0.00036192226,0.99728835,0.00024865803,8.879256e-05,0.0004669346,0.00018661388,0.0006680567,597,test
0.0016381548,0.0018096727,0.99129033,0.0006732177,0.0009459837,0.00078849983,0.0012351269,0.0016189484,598,test
0.97870517,0.0010248626,0.0013684089,0.0025983641,0.0003709504,0.012421688,0.0003388996,0.0031716335,599,test
0.9977196,0.00011680464,0.0001379984,0.00013158699,3.7794696e-05,0.0005853129,2.102352e-05,0.001249788,600,test
0.0006171605,0.0008895638,0.99632937,0.00043902922,0.00016386215,0.0005173596,0.00022488412,0.0008187671,601,test
0.99712783,0.00010898358,0.00027299928,0.00016340849,5.3892774e-05,0.00060559163,2.0250982e-05,0.0016471526,602,test
0.9969099,8.957777e-05,0.0003887533,0.00017600204,3.7459133e-05,0.00047701332,2.355272e-05,0.0018978289,603,test
0.9964533,0.00011737628,0.0006570579,0.00014563106,5.8379028e-05,0.00068282045,3.1500032e-05,0.001854018,604,test
0.99696225,0.00015605876,0.00022230079,0.00018411763,3.8164635e-05,0.000813544,2.620729e-05,0.0015973399,605,test
0.9974214,0.00013161516,0.00020252376,0.00015482109,4.807683e-05,0.0007072826,1.7601871e-05,0.00131674,606,test
0.9967121,0.0001888943,0.0003406462,0.00015801744,5.3257172e-05,0.0008131936,2.9778337e-05,0.0017041401,607,test
0.00077980914,0.0013465133,0.9950388,0.00057922344,0.00024285619,0.0007161601,0.000323348,0.0009731828,608,test
0.9978549,0.00014161562,0.00013332833,0.0001093701,3.72233e-05,0.0006428994,1.476685e-05,0.0010659327,609,test
0.0025858143,0.0012918122,0.00019731738,0.00011655511,6.613529e-05,0.99518013,3.1370026e-05,0.00053081225,610,test
0.001295155,0.0019207236,0.99318093,0.00055414945,0.00034502702,0.0010506972,0.00045552602,0.001197802,611,test
0.9952194,0.00029630915,0.00035621383,0.00028083968,6.415871e-05,0.0014121453,4.7449223e-05,0.0023235315,612,test
0.005108271,0.009808492,0.0019328853,0.0013486542,0.0010025372,0.9722936,0.00047083473,0.008034813,613,test
0.00083656097,0.0012332505,0.9951239,0.00063167687,0.00021220077,0.00054823206,0.0005362667,0.0008777713,614,test
0.8341432,0.103060365,0.008120648,0.0017035964,0.008513929,0.018021472,0.004799762,0.021637019,615,test
0.0020807374,0.99415225,0.00095858023,0.00012684175,0.00034327715,0.0009771733,0.0004704068,0.0008908187,616,test
0.000558148,0.0007624458,0.9965749,0.00036249033,0.00010618645,0.0006022089,0.00021172487,0.00082195865,617,test
0.0012430468,0.0012893811,0.9943422,0.00048939994,0.00030694532,0.00069812883,0.000515174,0.0011157667,618,test
0.9956285,0.00018867724,0.00036972365,0.0002082077,7.858707e-05,0.0014729822,6.653893e-05,0.001986765,619,test
0.00081235834,0.0016063075,0.9946662,0.00048960233,0.00026361799,0.00081649626,0.000351851,0.0009936829,620,test
0.99495006,0.00033724977,0.00044150554,0.00027264425,7.19284e-05,0.0014247061,4.5530414e-05,0.0024564979,621,test
0.9958247,0.000244418,0.00021072861,0.0001995915,6.672165e-05,0.0012108803,2.9481665e-05,0.0022135114,622,test
0.00076723844,0.0008285321,0.99482334,0.00043450893,0.00028707428,0.00046634546,0.000722083,0.0016709124,623,test
0.98639256,0.00039160583,0.0025921075,0.002195498,0.00022026662,0.0033363947,9.187536e-05,0.004779712,624,test
0.0004287241,0.000458077,0.00028068607,0.00010217483,3.5544243e-05,6.015428e-05,4.8530288e-05,0.9985862,625,test
0.9955799,0.00013963041,0.00028480685,0.00033687078,5.3745265e-05,0.0010251362,3.722982e-05,0.0025426804,626,test
0.0006828287,0.0009138269,0.9962625,0.00037186802,0.00012816294,0.0005749123,0.0002147732,0.00085108576,627,test
0.0011871043,0.0018251571,0.9932401,0.00060773594,0.00044578584,0.0008183173,0.0006215979,0.0012541149,628,test
0.00073770445,0.0020034602,0.99334383,0.0007781798,0.0003947132,0.00078662817,0.000635147,0.0013202521,629,test
0.0010481015,0.0013095717,0.99445045,0.0005913458,0.0003023884,0.00077875477,0.00041794637,0.0011014593,630,test
0.0007825857,0.0013051182,0.9952394,0.00047818478,0.00025937211,0.0006044681,0.00034487154,0.0009861038,631,test
0.9909739,0.0008850789,0.0007669269,0.0005932578,0.00022332322,0.0023139506,0.00015301966,0.00409062,632,test
0.000800613,0.0011749252,0.9955836,0.00050858135,0.00025216467,0.0005224186,0.00039958046,0.000758042,633,test
0.00061227166,0.00070818025,0.9967338,0.00042672316,0.00011210254,0.00048320738,0.00020683273,0.00071693957,634,test
0.00083842047,0.0017316749,0.9940328,0.0005778801,0.00029467838,0.0008786299,0.0003951908,0.0012507545,635,test
0.001642718,0.9952055,0.00088334223,8.981273e-05,0.00025785196,0.00081702735,0.0003129387,0.00079083955,636,test
0.0015229182,0.0014408542,0.000119641794,8.5019026e-05,2.8467271e-05,0.9965455,1.2094956e-05,0.00024543543,637,test
0.00062772544,0.00067935337,0.9966897,0.0004832789,0.00013009961,0.00043526638,0.00021950803,0.00073514594,638,test
0.0008516488,0.0015074293,0.99429494,0.0006489023,0.0003187751,0.00072350324,0.0004515311,0.0012033005,639,test
0.0009355611,0.0016155475,0.9943077,0.0005123299,0.00034893045,0.0008097675,0.00042746146,0.0010427815,640,test
0.0009033229,0.0015037697,0.9951997,0.00031424916,0.00026064794,0.0006749879,0.0003504327,0.0007928901,641,test
0.9976457,9.205908e-05,0.00035391303,8.2304396e-05,2.8856586e-05,0.00054387224,8.946603e-06,0.0012443656,642,test
0.996089,0.00015628678,0.00041687628,0.00029069406,4.3755932e-05,0.0010575604,3.351238e-05,0.0019124559,643,test
0.0007360065,0.0016541467,0.99470395,0.00022324985,0.00021198382,0.00096766534,0.00047573794,0.001027179,644,test
0.0006976382,0.0010193959,0.9958947,0.00017548626,0.00012480278,0.00094338605,0.00021391075,0.0009306678,645,test
0.001860749,0.0034119508,0.988284,0.000701936,0.00088059256,0.0014008308,0.0015435893,0.001916298,646,test
0.0005050579,0.001216766,0.99572194,0.00031471706,0.00018801361,0.00075242575,0.00025721142,0.0010438694,647,test
0.0016968108,0.0018407749,0.9927723,0.00033239703,0.00049827446,0.0009898854,0.0006688988,0.0012006233,648,test
0.0009073181,0.0014942208,0.9952675,0.00022812684,0.00017098722,0.0009616248,0.0002210147,0.00074925815,649,test
0.001010225,0.0017543482,0.9892736,0.0010193218,0.0007759079,0.0007580941,0.0023033668,0.0031049652,650,test
0.9974457,0.00010699396,0.0006932323,9.819573e-05,2.6588366e-05,0.00077020674,2.5403164e-05,0.00083365495,651,test
0.00075539167,0.0013900975,0.9953399,0.00030665175,0.0002262549,0.00079198036,0.00029959815,0.00089018425,652,test
0.0005424834,0.0011785649,0.99561214,0.0002757212,0.00018181128,0.00070436223,0.00039646094,0.0011084183,653,test
0.99654585,0.00026921905,0.00025346735,0.00011670316,4.120988e-05,0.0015814863,2.6593809e-05,0.0011655585,654,test
0.00072991865,0.0011989905,0.99575007,0.00026950994,0.00023926242,0.00061314326,0.00034745794,0.00085159356,655,test
0.0005616894,0.0014260218,0.99499655,0.0002687254,0.0001744304,0.001032863,0.00028091768,0.0012588237,656,test
0.99871933,6.292287e-05,0.00014435558,4.5221735e-05,2.0301477e-05,0.0005008634,4.282314e-06,0.00050271535,657,test
0.0006279141,0.0013289348,0.9953675,0.00037846132,0.00022409036,0.0007808859,0.00035729815,0.00093502685,658,test
0.0008224646,0.0016696709,0.99449867,0.00039187624,0.0002767746,0.0009935388,0.00035260187,0.0009945185,659,test
0.9974202,0.00020747435,0.00029971395,8.585647e-05,4.3745516e-05,0.000863024,9.198549e-06,0.0010708264,660,test
0.0011291655,0.0009879745,0.99483395,0.00016539921,0.00013210892,0.0011152624,0.00027476862,0.0013613597,661,test
0.997062,0.00018179635,0.00037188528,0.00016922755,4.5275785e-05,0.0010586183,2.5957754e-05,0.0010852228,662,test
0.0009206281,0.001193014,0.9956429,0.0002504225,0.00015818489,0.0008639886,0.00021845198,0.000752357,663,test
0.00046167985,0.000835809,0.9968868,0.00024465492,0.000109810324,0.0006169943,0.00014599068,0.0006982982,664,test
0.0012791647,0.99352807,0.0018775653,7.39318e-05,0.00044519044,0.001191263,0.00043402062,0.0011708044,665,test
0.99722016,9.744641e-05,0.00039135752,0.00019945647,3.4352226e-05,0.0009205437,1.6164751e-05,0.0011205297,666,test
3.3832534e-05,8.084662e-05,3.2678694e-05,0.000523706,0.9936759,0.0019691272,0.0029164439,0.0007674567,667,test
0.99728394,0.00018227035,0.00020126408,8.9331596e-05,3.4065397e-05,0.0011286113,1.6269656e-05,0.0010641377,668,test
0.9963691,0.00035252582,0.00028437667,0.00018266845,5.411805e-05,0.0014502228,2.5926307e-05,0.0012810938,669,test
0.0006929251,0.0016732479,0.99456125,0.00038389486,0.0003117076,0.00072219124,0.0005083349,0.0011463765,670,test
0.0015433851,0.0017982278,0.99315864,0.00034517917,0.00045810398,0.0008799635,0.00068499247,0.001131534,671,test
0.99516463,0.0002645176,0.0008097083,0.00015376265,0.00011586541,0.0014165657,5.4606084e-05,0.002020224,672,test
0.99773467,0.00014799941,0.00024067116,9.418511e-05,3.0853946e-05,0.0007685992,1.0230393e-05,0.0009729152,673,test
0.9952553,0.00017475037,0.00069104764,0.00021767561,5.9172762e-05,0.0012642232,2.7154198e-05,0.0023107068,674,test
0.0005225944,0.0013216474,0.9955401,0.00028685815,0.0002311047,0.0007091407,0.00033280824,0.001055725,675,test
0.0005944109,0.0008790518,0.9965875,0.00029124538,0.00013450602,0.00056804775,0.00019925048,0.00074598857,676,test
0.94585806,0.01710024,0.002903256,0.0011140069,0.0020351007,0.019598696,0.0011983494,0.010192301,677,test
0.0011440103,0.001871676,0.993898,0.00025852723,0.00038426425,0.00077779236,0.0006608886,0.0010048385,678,test
0.0013608111,0.0022181075,0.99269426,0.00051847595,0.00049231446,0.0009912689,0.00057075126,0.001153915,679,test
0.0007176076,0.0019200358,0.9943974,0.00026610133,0.00033388427,0.00086821464,0.00048326302,0.0010135223,680,test
0.2857124,0.047687728,0.5884482,0.01277872,0.007061779,0.021639356,0.0028103013,0.033861473,681,test
0.0031301104,0.0015304749,0.0003394414,0.00039065833,0.00040100847,0.99126035,9.199512e-05,0.002855968,682,test
0.9981293,0.00010780211,0.00019522358,9.059625e-05,2.1002608e-05,0.0007535636,1.076687e-05,0.00069167936,683,test
0.99852306,8.268396e-05,0.00014335694,4.698595e-05,2.1501135e-05,0.00042391816,4.7919493e-06,0.00075358845,684,test
0.9984547,0.00010938075,0.00015112563,6.215559e-05,1.930532e-05,0.0005746808,7.961441e-06,0.0006207032,685,test
0.99624085,0.00021638548,0.000491585,0.00016533058,4.9859256e-05,0.00129281,4.6960184e-05,0.0014961058,686,test
0.00094440754,0.99538076,0.0010527376,3.9277522e-05,0.0002852889,0.00091258023,0.00020198457,0.0011828664,687,test
0.99261415,0.00039803135,0.0014088812,0.00044601082,0.00012505849,0.0021519493,6.183085e-05,0.002794071,688,test
0.0006868657,0.0014294653,0.99542207,0.00031780376,0.00021450629,0.0008162312,0.00025171338,0.00086132507,689,test
0.9966787,0.0002916256,0.0001525978,0.00012040998,3.1946027e-05,0.0015902548,2.4575622e-05,0.0011098741,690,test
0.99671507,8.5772626e-05,0.00088945084,0.00015607764,5.7326662e-05,0.00044705294,2.2498009e-05,0.001626832,691,test
0.000843199,0.0017253612,0.9944404,0.00045380867,0.0002909307,0.0008425271,0.00041606568,0.0009876528,692,test
0.00057537865,0.0018017222,0.9947291,0.00032927375,0.00021623359,0.0008765289,0.00037484066,0.0010969545,693,test
0.0017068044,0.0009940953,0.0001783658,3.622629e-05,1.8926512e-05,0.9968861,5.677613e-06,0.00017391639,694,test
0.9809342,0.0020702626,0.0028334789,0.0014469442,0.00045009828,0.0042482507,0.00032997545,0.0076867295,695,test
0.9907141,0.0007772426,0.002622881,0.00072127685,0.00015520764,0.0019309412,0.00012364877,0.002954626,696,test
0.998281,0.00010895957,0.00014059206,7.236217e-05,2.7579628e-05,0.00058438996,8.003405e-06,0.00077701086,697,test
0.0009904349,0.0017375472,0.9943347,0.00035830488,0.00033405315,0.0007827711,0.00051326957,0.0009489713,698,test
0.0024765714,0.03181164,0.9326117,0.0006493177,0.002459809,0.0054020607,0.02116549,0.00342341,699,test
0.0008363152,0.0016214094,0.99496585,0.00029232295,0.00026839826,0.0008407154,0.0002989357,0.00087601045,700,test
0.00070350623,0.0016309347,0.9950147,0.0002595989,0.00021434634,0.0008512123,0.00031886352,0.001006838,701,test
0.0013234866,0.0027638979,0.990562,0.00065340626,0.00073063,0.0010874843,0.0011192288,0.001759932,702,test
0.0015400049,0.00047653745,0.0001756637,1.7035563e-05,2.5068759e-05,0.9975189,1.5667294e-05,0.00023130406,703,test
0.00071236124,0.0014950213,0.9953107,0.0003777906,0.00025813145,0.0007083335,0.0003285899,0.0008092111,704,test
0.9956383,0.00016406174,0.00043971092,0.00031104631,6.7748115e-05,0.0015432221,4.9196657e-05,0.0017867007,705,test
0.00074183545,0.0014678778,0.9952165,0.00039692668,0.00023299195,0.0008111816,0.00027123906,0.0008614412,706,test
0.000878824,0.00097341684,0.9947338,0.00073090906,0.0003607655,0.00051352533,0.00057086756,0.0012379413,707,test
0.0010881316,0.0018699659,0.9941316,0.00031027512,0.00031575692,0.0009109011,0.00042216937,0.0009512196,708,test
0.9908874,0.0012115825,0.00065247057,0.0001968143,0.00023255195,0.003959048,9.3152295e-05,0.0027669652,709,test
0.0006778895,0.001058648,0.99598134,0.0001177555,0.00011245849,0.0010324015,0.0001875752,0.0008318533,710,test
0.0008808213,0.0010360889,0.9953738,0.00027807694,0.00023772707,0.0006485027,0.00044068525,0.0011042575,711,test
0.00052170746,0.0006999211,0.9968816,0.0001270106,9.8086384e-05,0.00073053385,0.00020794276,0.00073319627,712,test
0.99758685,7.698577e-05,0.0005102121,9.3187e-05,4.474565e-05,0.00041561277,1.34105285e-05,0.0012590538,713,test
0.9982571,6.6520006e-05,0.00019454453,6.971469e-05,1.8285118e-05,0.0006011018,9.731077e-06,0.00078289036,714,test
0.9967572,0.00011129666,0.0008513707,0.00017264434,4.3958415e-05,0.0005508289,2.321519e-05,0.0014895342,715,test
0.0008229872,0.0013954309,0.9953028,0.0004319116,0.00026659542,0.00064789946,0.00033559924,0.00079687766,716,test
3.0473577e-05,6.0040802e-05,1.5260586e-05,5.162981e-06,1.3008674e-06,3.488547e-06,3.0809142e-06,0.99988127,717,test
0.9983354,9.037952e-05,0.00019102423,7.6151846e-05,2.7043923e-05,0.00047140758,1.0956431e-05,0.0007976429,718,test
0.0007866327,0.0017284964,0.99459803,0.000454422,0.00027321998,0.0008510664,0.00039654862,0.0009115658,719,test
0.004048538,0.005056328,0.97439164,0.0013666885,0.001972428,0.0018077057,0.004728212,0.006628324,720,test
0.00012143517,0.00014357276,0.00011544738,2.0832626e-05,5.1269026e-06,1.1559605e-05,8.749145e-06,0.9995733,721,test
0.99745744,0.00011533975,0.0002553208,0.00011286042,2.9092542e-05,0.0010053903,1.164185e-05,0.0010128607,722,test
5.716606e-05,0.0011802268,0.0004890333,2.5136462e-05,9.107457e-05,0.00011650304,7.091894e-05,0.9979699,723,test
0.00083646644,0.00092171715,0.9964244,0.00021946133,0.00015887337,0.0006077158,0.0002027157,0.0006287028,724,test
0.00062811264,0.0028793234,0.98935705,0.0014856058,0.0010840622,0.00095042284,0.0014009342,0.002214525,725,test
0.00071580376,0.0013403444,0.99532026,0.0003585176,0.0002184841,0.0007027901,0.00036728624,0.0009764493,726,test
0.99847025,0.000104342216,0.00012159779,5.356054e-05,1.8137303e-05,0.00056672853,6.071482e-06,0.0006593364,727,test
0.9988927,6.8458896e-05,8.126897e-05,4.2398795e-05,1.5579286e-05,0.00037835614,6.0786692e-06,0.0005150263,728,test
0.0006842252,0.0016231964,0.99500895,0.0003096969,0.00030186682,0.0007376849,0.00045387892,0.00088045147,729,test
0.0007269401,0.001617883,0.9947884,0.00036626696,0.00023315354,0.00091725343,0.0003783661,0.0009716491,730,test
0.0005659672,0.0006367796,0.9970266,0.000121497855,7.933992e-05,0.00068565225,0.00016330622,0.00072089105,731,test
0.97874075,0.0022669653,0.0065611447,0.0011188692,0.00049076614,0.007823104,0.000127313,0.0028710947,732,test
0.0010547547,0.0038905456,0.9864299,0.00097103947,0.0009512947,0.0019647363,0.0018860038,0.0028516846,733,test
0.99861336,9.253842e-05,9.9469915e-05,5.1390038e-05,1.7090728e-05,0.00050256954,6.0078773e-06,0.00061756064,734,test
0.99896383,6.154613e-05,0.00013422963,2.7578288e-05,1.2242074e-05,0.0004623344,3.896945e-06,0.0003342832,735,test
0.00063443516,0.0017972406,0.99460715,0.00031222572,0.0002708205,0.0009100956,0.00040510576,0.001062867,736,test
0.9984268,3.9330516e-05,0.00020623504,8.686502e-05,2.1962895e-05,0.00038241627,1.4265477e-05,0.0008220486,737,test
8.326207e-05,0.00028624682,0.00018849215,1.3849102e-05,7.619103e-06,2.890544e-05,1.0403676e-05,0.9993813,738,test
0.0006678694,0.0017077934,0.99475163,0.0002970227,0.0002119782,0.00091810245,0.00035629995,0.0010892,739,test
0.0010597243,0.0018985029,0.99339926,0.00038936903,0.0004490458,0.0009080676,0.0006533079,0.0012426985,740,test
0.00069399877,0.0011602436,0.9960233,0.00021844063,0.00022403448,0.0006012061,0.00032566342,0.0007529809,741,test
0.9983121,0.00011700927,0.00020832817,7.3342955e-05,2.7000591e-05,0.0005952442,7.109283e-06,0.0006598206,742,test
0.9922753,0.0005483803,0.00064074167,0.00030111786,0.00017096614,0.0031943317,8.005376e-05,0.0027890888,743,test
0.00062759256,0.0014803319,0.99516195,0.00032293895,0.00023582506,0.00074853626,0.00037204288,0.0010508628,744,test
0.00063127285,0.00047105775,0.9971675,0.00010940196,9.027483e-05,0.0005263824,0.0001988841,0.0008052026,745,test
0.0010613071,0.0013304978,0.9947015,0.0002503564,0.0003547126,0.00072687864,0.00056684535,0.0010079659,746,test
0.00064925646,0.00082411757,0.99646413,0.00027099517,0.00012889743,0.00066181005,0.00020503558,0.0007956947,747,test
0.0004901771,0.0008198867,0.99660385,0.00021639148,0.00011722028,0.00066016475,0.00018783302,0.00090446975,748,test
0.0013883013,0.0014173918,0.9943382,8.8747656e-05,5.647744e-05,0.0020746011,0.00022388509,0.00041228556,749,test
0.0006465412,0.0011808166,0.995889,0.0002862371,0.0002039092,0.000705197,0.0002844875,0.0008037489,750,test
0.0030757936,0.006993077,0.00037019848,0.00067793,0.0002604843,0.9865433,5.7578807e-05,0.002021719,751,test
0.99853384,0.00011532788,9.94069e-05,5.7777637e-05,1.8473305e-05,0.0006034396,8.50357e-06,0.00056313764,752,test
0.99801874,0.00013047428,0.00019519564,8.7776156e-05,2.6319014e-05,0.0007137928,1.0816402e-05,0.0008168193,753,test
0.9886423,0.00034773018,0.0062019527,0.00034605784,0.0001386053,0.00094838213,7.7110526e-05,0.003297808,754,test
0.00068101456,0.0021835351,0.99379843,0.00028992412,0.00032620406,0.000935763,0.0005609395,0.0012241463,755,test
0.0007600708,0.0033897636,0.98736644,0.001010264,0.0021033646,0.0014386497,0.001729137,0.0022022699,756,test
0.0008607037,0.001362951,0.99509674,0.00035240754,0.000257008,0.0008238775,0.00035833506,0.0008879085,757,test
0.00070522947,0.0016194889,0.99473464,0.0003449808,0.00026199117,0.0008331011,0.00042780445,0.0010727044,758,test
0.0009701737,0.99613464,0.0010738899,2.9186176e-05,0.0002855137,0.0007113623,0.00017387165,0.00062139385,759,test
0.99772304,0.00010155865,0.00017253499,0.00012481947,3.7131344e-05,0.0007238149,8.23921e-06,0.0011088519,760,test
4.764344e-05,7.893306e-05,7.096103e-05,0.0006631621,0.99150413,0.0014015812,0.005090264,0.00114334,761,test
0.0015417469,0.99157953,0.0015425632,8.347165e-05,0.0005723007,0.0019510569,0.00055145094,0.00217775,762,test
6.4588943e-07,2.4001777e-06,1.3076205e-05,3.301595e-06,0.000116609655,9.257371e-06,0.9997447,0.00010988605,763,test
0.0006572111,0.0012067191,0.99589044,0.00022829225,0.00015146607,0.0008483146,0.00024055506,0.00077700865,764,test
0.997976,0.0001638288,0.00017608663,6.969732e-05,2.8779501e-05,0.00081137614,1.1656871e-05,0.000762606,765,test
0.0006383493,0.0010414412,0.9950263,0.00047619586,0.00027791705,0.0005892027,0.00041186757,0.0015386741,766,test
0.00067044643,0.0015126853,0.99504364,0.00034357217,0.0002345948,0.0008677567,0.00035243694,0.0009748713,767,test
0.0011591121,0.0016036269,0.992897,0.00068357034,0.0003891141,0.001132001,0.0006374263,0.0014982483,768,test
0.996838,0.00025589333,0.00026258922,0.00011821,7.6106255e-05,0.001150683,3.7063364e-05,0.0012615221,769,test
0.99838006,0.000107944434,9.0811336e-05,5.8818478e-05,4.5386856e-05,0.00059426285,1.0711866e-05,0.000712095,770,test
0.0017718469,0.0015900336,0.99198955,0.0005881086,0.00057658367,0.0009061316,0.0010648235,0.0015128147,771,test
0.00032806562,0.00021856048,0.9974854,0.00034353122,0.0001055429,0.0002412461,0.0003386589,0.0009388814,772,test
8.3712885e-06,5.7585307e-06,4.403008e-06,0.00026729034,0.9982503,0.00024751833,0.00081884733,0.00039756208,773,test
0.00070922985,0.00040326174,0.9967726,0.0005699069,7.554419e-05,0.00037587655,0.00019982511,0.0008938139,774,test
0.00084035273,0.0006261532,0.9957884,0.00038073154,0.00014316695,0.00072371704,0.00032508463,0.0011724076,775,test
0.060713008,0.66034335,0.027812973,0.0071493555,0.022158401,0.06109165,0.06845987,0.09227138,776,test
0.0007399431,0.0043493863,0.005221213,0.00056813995,0.00035223647,0.0009012873,0.01451316,0.97335464,777,test
0.00084112154,0.001201167,0.99478406,0.00035968522,0.00024320142,0.0008659325,0.0004503449,0.0012543843,778,test
0.99653983,0.00016542373,0.00038334334,0.00020128599,8.2704486e-05,0.0009991743,4.9158432e-05,0.0015791055,779,test
0.99681383,0.00013970777,0.00010590302,0.00016969006,7.566354e-05,0.0013243522,2.8681197e-05,0.0013421177,780,test
0.0028302197,0.98278457,0.004695684,0.00022156684,0.001913215,0.003861198,0.0011537025,0.0025397984,781,test
0.9985518,9.263434e-05,5.825489e-05,5.564433e-05,3.4057444e-05,0.0005503412,1.2159397e-05,0.0006450923,782,test
0.0009851778,0.0010720262,5.6114768e-05,3.817094e-05,5.0260864e-05,0.99766916,5.091852e-06,0.00012395192,783,test
0.0011534772,0.0015037998,0.9932569,0.00055480836,0.00037081775,0.0009416751,0.000655881,0.0015625482,784,test
0.0011163095,0.0011426421,0.9927476,0.00062090554,0.00033893163,0.0011713728,0.00069461804,0.002167596,785,test
0.0013614172,0.0011800701,0.9931138,0.00034431953,0.00038512083,0.0008218156,0.00086325646,0.0019300553,786,test
0.9935998,0.00046638126,0.00029701195,0.00030126396,0.00012446876,0.0029942882,4.4214514e-05,0.0021725344,787,test
0.0007878513,0.0007915886,0.99541414,0.00040158248,0.0001596899,0.00083135854,0.0002765878,0.0013372411,788,test
0.0011391359,0.0008750454,0.99463356,0.00056123605,0.00021057054,0.0009248194,0.00032978074,0.0013259028,789,test
0.0011659041,0.0014473964,0.99316204,0.00045492733,0.00032141275,0.0010295128,0.0006289473,0.0017899878,790,test
0.0009971891,0.0016439812,0.9925166,0.00056652905,0.0003312944,0.0010554361,0.00073598797,0.0021531328,791,test
0.00097293156,0.0021753763,0.9908393,0.00058160594,0.00051241444,0.0012964598,0.0010153129,0.002606567,792,test
0.0015824055,0.0017568172,0.9912145,0.00073133345,0.0006214191,0.0012224694,0.0010241093,0.0018468589,793,test
0.0013019227,0.0019614308,0.9904771,0.00085260975,0.00074515387,0.0011413451,0.0012874245,0.0022329462,794,test
0.001367627,0.0018220154,0.99160707,0.00076503324,0.0005513421,0.0010394052,0.0010020147,0.0018454498,795,test
0.0015706725,0.0013476519,0.9923596,0.0007612139,0.0005594336,0.0008997744,0.00091984466,0.0015818534,796,test
0.9986072,5.616533e-05,0.00010064652,7.1358656e-05,2.5746482e-05,0.00045041065,7.916778e-06,0.00068053347,797,test
0.0014146185,0.0018446285,0.991516,0.0007054297,0.0005919401,0.0012526383,0.0008211529,0.0018536926,798,test
0.9962985,0.000161273,0.00014092948,0.00026175048,7.573347e-05,0.0011678056,3.9128994e-05,0.001854898,799,test
0.99831885,7.912602e-05,9.75562e-05,5.55842e-05,3.350806e-05,0.0006471077,9.518944e-06,0.0007586513,800,test
0.0011040362,0.0019147025,0.9916608,0.0006775607,0.00046292716,0.0010856024,0.0009446177,0.0021497614,801,test
1.0894475e-05,2.2678962e-05,0.00018812163,4.8724847e-05,0.0008977131,0.00013147507,0.9976822,0.0010180337,802,test
0.99767286,0.00011233033,0.00022778512,8.794948e-05,6.931125e-05,0.0006877098,1.8635772e-05,0.0011233789,803,test
0.9985812,9.5465446e-05,5.6477704e-05,8.190613e-05,2.81814e-05,0.0005206849,1.0224113e-05,0.0006258873,804,test
0.99785185,0.00010385846,0.00010394557,0.00011320358,6.785245e-05,0.00081231067,1.9272773e-05,0.0009277158,805,test
0.0007992682,0.00074763084,0.99526525,0.0003942846,0.00014974734,0.00087333197,0.0002882327,0.0014823391,806,test
0.9986098,6.12612e-05,7.0702714e-05,6.473188e-05,3.3712833e-05,0.0004546899,9.761158e-06,0.00069529517,807,test
0.0015869599,0.0023228002,0.98986137,0.00080886146,0.0007455241,0.0012770414,0.0011674516,0.002229884,808,test
0.99396414,0.00040691355,0.0007156289,0.00035195556,0.00020036964,0.0021866043,4.2375694e-05,0.0021320917,809,test
0.0007916925,0.0008538982,0.9945892,0.0006860148,0.00021707836,0.00069542957,0.0005704349,0.001596322,810,test
0.00077815546,0.00089717354,0.99509144,0.00051470473,0.00028290987,0.00055087963,0.00053403503,0.0013507016,811,test
0.0012034711,0.0016427865,0.9913037,0.00085529784,0.0005125103,0.0010436536,0.001046905,0.0023917223,812,test
0.00074345304,0.00090985064,0.99494225,0.000501232,0.0002988166,0.0006127405,0.0005827155,0.0014088744,813,test
0.023075456,0.01090946,0.921734,0.0053481264,0.007839906,0.004843151,0.015693247,0.010556581,814,test
8.48321e-05,0.00023887944,7.5653625e-05,4.0247523e-05,1.2925861e-05,1.8857807e-05,2.4922118e-05,0.9995036,815,test
9.618378e-05,5.8032274e-05,6.153637e-05,1.6991895e-05,4.049921e-06,9.405802e-06,8.7027365e-06,0.9997451,816,test
0.000653158,0.00072808884,0.9955402,0.00054138555,0.00025531487,0.0005629847,0.0005204937,0.0011983239,817,test
0.0030966834,0.0020202997,0.00062568294,8.534022e-05,0.00021714673,0.9912185,0.00011837248,0.002617844,818,test
0.0029590325,0.9862737,0.0031268327,0.0001483966,0.0011591954,0.0035870739,0.0008488315,0.0018970055,819,test
0.0017939794,0.0019894722,0.9898291,0.0012711657,0.0008414502,0.0010392008,0.0014358694,0.0017997088,820,test
0.9969234,0.00014574853,0.00022423845,0.00010504714,7.1383256e-05,0.0013180822,1.9944911e-05,0.0011921265,821,test
0.0027880203,0.0036302523,0.9831959,0.0013445226,0.0015101952,0.0016349057,0.0027443788,0.0031518184,822,test
0.0029370983,0.9853292,0.003127163,0.00020833513,0.0010702135,0.0037686306,0.00097303366,0.0025863997,823,test
0.0011363728,0.0013259912,0.9938147,0.000523394,0.0003433447,0.0007647439,0.00061384734,0.0014776569,824,test
0.0009945583,0.0007869027,0.9954875,0.00041664203,0.00017967062,0.0007625723,0.0003010286,0.001071077,825,test
0.0010997996,0.0015667356,0.9932074,0.0004482185,0.00043190052,0.0008716231,0.00082279765,0.0015515381,826,test
0.000120242395,0.00012788267,6.8438516e-05,2.3661714e-05,4.013224e-06,1.5214384e-05,9.386612e-06,0.99963105,827,test
0.9985936,7.234757e-05,8.6944514e-05,5.6914803e-05,3.8316764e-05,0.00048831815,9.474282e-06,0.0006539668,828,test
0.00010910778,7.329377e-05,6.0746857e-05,1.5148497e-05,4.667265e-06,1.6335456e-05,7.5090616e-06,0.99971324,829,test
0.0016093057,0.0011784548,0.9924811,0.0013855412,0.00032430232,0.0009982991,0.0005409198,0.0014820585,830,test
0.99808645,7.163036e-05,8.337828e-05,8.5946594e-05,5.089274e-05,0.0006272595,1.3665093e-05,0.0009807278,831,test
0.99852484,5.058164e-05,0.00010713331,6.211125e-05,3.3877135e-05,0.00035564555,8.619941e-06,0.00085727137,832,test
0.00057969865,0.0004559903,0.99473757,0.0009690421,0.00019636967,0.00047763108,0.00039918456,0.0021844741,833,test
0.00083527155,0.00045907203,0.9963342,0.00019887563,0.00012195471,0.0007495409,0.0002720115,0.0010291619,834,test
0.0016952835,0.001673962,0.9919363,0.00059925416,0.0005736229,0.0009557674,0.0009599082,0.0016057794,835,test
0.0018372153,0.0035343175,0.98657167,0.0008248167,0.0010170169,0.0015642728,0.0021173754,0.0025332482,836,test
0.0007120671,0.0007641194,0.9956691,0.00037713745,0.00021357452,0.00057024613,0.0004638919,0.001229849,837,test
0.0016234422,0.0017989543,0.97737426,0.0052056154,0.0021305268,0.0009819859,0.0058098985,0.005075248,838,test
0.00016889891,0.00022391224,0.0007964631,0.00035161947,0.0015505527,0.00050136814,0.98994523,0.006461958,839,test
0.0009339383,0.0013026631,0.99406177,0.00067834544,0.0003462615,0.00084821903,0.0005520248,0.0012768485,840,test
0.0009017141,0.00039846584,0.99602795,0.0003540603,0.00016710244,0.0005372081,0.00032717476,0.0012863077,841,test
0.0028933682,0.0022084147,0.98738873,0.0010717635,0.0010375357,0.0014636904,0.0016713351,0.0022651646,842,test
0.99833965,0.000100759076,7.176644e-05,0.000117747404,5.5816436e-05,0.0004384698,2.2731596e-05,0.0008530822,843,test
0.9979668,9.203008e-05,0.0001094787,6.2014944e-05,5.4767726e-05,0.0005959214,1.2242764e-05,0.0011067322,844,test
0.002096188,0.98646325,0.0038974634,0.00018888348,0.0014174168,0.0029074366,0.0008796263,0.002149684,845,test
0.0010798201,0.0018290695,0.9921753,0.00077814667,0.0005108401,0.0010348212,0.0008474155,0.0017444723,846,test
0.0010355543,0.0010011689,0.99435836,0.0008587795,0.0002856503,0.00076118583,0.00046177107,0.0012374847,847,test
0.0013563257,0.0013761143,0.9929311,0.00087925204,0.00048978155,0.00080879114,0.0007000735,0.0014584956,848,test
0.0030774688,0.0031939996,0.98365617,0.0014042815,0.0013529097,0.0015155353,0.0028183458,0.002981346,849,test
0.9979995,0.00010580394,0.00010750772,3.8094684e-05,6.0813218e-05,0.001115227,2.004732e-05,0.00055304915,850,test
0.0015625372,0.00068250316,0.0001802451,0.00012454567,7.684284e-05,0.9967038,1.6509826e-05,0.00065304677,851,test
0.9969522,0.0001703889,0.00017465795,0.00011728922,8.26451e-05,0.001108199,1.7347027e-05,0.0013773108,852,test
0.9965307,0.0001557204,0.0002746114,0.00019569189,9.106821e-05,0.0012536505,2.3083561e-05,0.0014754788,853,test
0.0012139151,0.0004232721,0.99550146,0.00027154837,0.00013143226,0.0007630055,0.00028078776,0.0014145521,854,test
0.0012895196,0.0015520755,0.9925604,0.00042670453,0.00043387502,0.0008607988,0.0010363277,0.0018402828,855,test
0.0023323644,0.98426014,0.0051077567,0.00023397463,0.0014391984,0.003051126,0.0011850598,0.0023903828,856,test
0.9990108,3.4682493e-05,7.067629e-05,3.840731e-05,3.2329e-05,0.00022698802,6.057627e-06,0.00058010564,857,test
0.00202615,0.0018060283,0.98939776,0.0009034805,0.00070117635,0.0012574517,0.0012768962,0.0026309928,858,test
0.0010425425,0.0017320714,0.99208814,0.0007229743,0.00047497128,0.0010699561,0.0008115849,0.0020579167,859,test
0.0012046831,0.0014894314,0.9926603,0.00066923053,0.0005423456,0.0008154626,0.00089721766,0.0017213483,860,test
0.0021801987,0.002649022,0.98738676,0.00082755386,0.0009840627,0.0015552969,0.0018238274,0.0025932768,861,test
0.001610229,0.0017775901,0.99049956,0.00067093957,0.00047797675,0.00145139,0.0008586241,0.00265371,862,test
0.002323041,0.0029323061,0.9861115,0.0013531169,0.00093523564,0.00140406,0.0016545954,0.0032861934,863,test
0.0015206286,0.0025920756,0.9893801,0.0012454084,0.000709134,0.0012387171,0.0012414797,0.0020724586,864,test
0.99810684,0.00012814587,7.3979914e-05,9.061565e-05,3.473161e-05,0.0008075742,1.0547171e-05,0.00074761873,865,test
2.3520812e-05,0.00017923348,0.0008439482,0.000209098,0.00062849134,0.00019196606,0.9951787,0.002745085,866,test
0.0003463636,0.00039324793,0.99710256,0.0004269645,8.480274e-05,0.0003261009,0.0002881362,0.0010318869,867,test
0.0005740804,0.0011073448,0.9937636,0.00053352845,0.00028589627,0.00088850077,0.0006196621,0.0022273879,868,test
0.0016507375,0.0020738293,0.9893064,0.00125312,0.0007461376,0.0011614178,0.001401314,0.0024070025,869,test
0.0010772841,0.0007432346,0.99420035,0.00087121065,0.00028518113,0.00057356246,0.000562608,0.0016865917,870,test
0.99795616,0.00012947239,0.00015954944,0.00010527698,6.5051914e-05,0.00067621656,2.4852274e-05,0.0008834456,871,test
0.001346126,0.0016680288,0.992336,0.0007217287,0.0004670041,0.0010876473,0.000736164,0.0016374012,872,test
0.0022427333,0.0022928978,0.9884638,0.0007860042,0.00091555977,0.0013663186,0.0016405365,0.0022921325,873,test
0.001489233,0.0023078334,0.9905996,0.0006420979,0.0007485646,0.0012154604,0.0011279443,0.0018693416,874,test
0.99854124,9.866424e-05,8.042042e-05,8.688392e-05,3.293473e-05,0.00053934485,1.5658932e-05,0.0006048288,875,test
0.0016792368,0.0014421717,0.9924251,0.00071484316,0.00056428777,0.0008177861,0.0008700674,0.0014864941,876,test
0.0022173272,0.0025860595,0.986969,0.001551257,0.00092482026,0.001258808,0.0019364731,0.002556236,877,test
0.99693716,0.00012085669,0.00010957735,0.00018126033,4.2786967e-05,0.001114855,2.0995716e-05,0.0014724566,878,test
0.9985989,6.060355e-05,6.2363906e-05,6.590987e-05,3.438096e-05,0.00049182674,1.1788265e-05,0.0006742619,879,test
0.99799037,0.000137979,8.7535416e-05,0.00010178417,4.205715e-05,0.0007894425,1.5303858e-05,0.0008355831,880,test
0.001530164,0.0015858908,0.9913147,0.0008921661,0.0006056766,0.0008940715,0.0012566305,0.0019206489,881,test
0.9961092,0.000140224,0.00092018343,0.0002475789,6.1981074e-05,0.0008075786,5.4703378e-05,0.0016584957,882,test
0.0010180012,0.001170411,0.9945511,0.0003690354,0.00016185286,0.0011124494,0.0002929335,0.0013241763,883,test
0.0010486139,0.0010916668,0.99412704,0.00040922003,0.00020401526,0.0010805619,0.00041139097,0.0016274678,884,test
0.9991867,3.5122583e-05,3.7268324e-05,3.0555566e-05,2.3375807e-05,0.0002456498,5.9590143e-06,0.0004353468,885,test
0.0010008921,0.0013869255,0.9932562,0.00060869846,0.00040406294,0.0009874984,0.0007268744,0.0016287256,886,test
0.0012315972,0.001461356,0.9929462,0.00074227044,0.00042700602,0.0010525592,0.00065764814,0.0014813667,887,test
0.9889626,0.0013673234,0.0012097365,0.0010871592,0.00033004486,0.0033948708,0.00024363268,0.0034045633,888,test
0.003995029,0.97493136,0.0036160084,0.00038936918,0.0036105586,0.0060318126,0.0011754725,0.006250346,889,test
0.0009492875,0.0015090499,0.9935819,0.00066620385,0.00036128657,0.00085347757,0.0006214632,0.0014573701,890,test
0.0011184618,0.0016036935,0.99242836,0.00081545097,0.00041377093,0.0010471211,0.00080609514,0.001767038,891,test
0.0028575077,0.0024834354,0.98634523,0.0011832108,0.0013261988,0.0013122823,0.002079266,0.0024127797,892,test
0.0015894563,0.0009065042,0.9925718,0.00064765755,0.00024727086,0.0011906397,0.0005970272,0.0022496316,893,test
0.004551924,0.0032443823,0.97321224,0.0024140172,0.0016351404,0.0010283801,0.008408946,0.0055050086,894,test
0.0014911856,0.0016019925,0.9920757,0.0006616758,0.0006224663,0.0009631647,0.0009793423,0.0016044588,895,test
0.0022878204,0.0042418973,0.98729986,0.0006159159,0.00074554194,0.0011178139,0.0022637653,0.0014274115,896,test
0.9985353,6.229158e-05,0.00029096342,7.114139e-05,2.5983738e-05,0.00028652485,9.663613e-06,0.0007180902,897,test
0.004207863,0.0022799007,0.0014911718,0.0069440803,0.9469372,0.010786027,0.018050013,0.009303764,898,test
0.0013084271,0.0037775184,0.9908777,0.0004335244,0.000358824,0.0014432186,0.00062403193,0.0011767339,899,test
0.0031087792,0.023634907,0.0022186425,0.0010964699,0.00011613181,0.5583188,6.368239e-05,0.4114426,900,test
0.99824774,6.261224e-05,0.00032812194,8.276173e-05,1.7995577e-05,0.00043795095,5.490954e-06,0.00081745716,901,test
0.0009829402,0.0016403975,0.9949012,0.00033865127,0.00015900323,0.0008108562,0.00033643047,0.00083054556,902,test
0.00095694984,0.0011210224,0.9956547,0.0003863933,0.00016086292,0.00059942325,0.0003743324,0.00074621424,903,test
0.0014589517,0.0008041924,0.99550337,0.00020819802,0.00011999704,0.00065951596,0.0003717578,0.0008740479,904,test
0.99720913,0.00015327542,0.00023781658,0.00020134516,2.9425395e-05,0.0007221602,1.854918e-05,0.0014281344,905,test
0.022457255,0.022813229,0.01925464,0.01760022,0.79105955,0.017823556,0.08261957,0.02637205,906,test
0.0019137718,0.004077124,0.9889816,0.00060369004,0.0005964785,0.0012587142,0.0014413445,0.0011272167,907,test
0.035031725,0.042735208,0.7581429,0.018545266,0.048172574,0.027590701,0.05337766,0.016403921,908,test
0.0009900716,0.0015181589,0.99531835,0.00022864796,0.00017077303,0.00064600806,0.0004310012,0.00069683796,909,test
0.0011691405,0.00316812,0.9920508,0.0004811952,0.0003363167,0.0010344683,0.00078028307,0.0009796578,910,test
0.0018091997,0.0013978933,0.99397165,0.00028286842,0.0001834089,0.0009471026,0.00035412243,0.0010536005,911,test
0.0020801811,0.0027563574,0.99077344,0.0005017398,0.00043965445,0.001167545,0.0009461967,0.0013349585,912,test
0.0017448516,0.0031827486,0.9903432,0.00031952636,0.00057772925,0.0010238006,0.0016199418,0.0011881449,913,test
0.9968989,0.00020701817,0.0006479355,0.000118154785,6.1477804e-05,0.00073706906,3.5784524e-05,0.0012937686,914,test
0.0013813202,0.002818737,0.9923535,0.0003962201,0.00030441195,0.0011708329,0.0006045188,0.0009704658,915,test
0.001477747,0.0048810714,0.98883855,0.000550941,0.0005191242,0.0012813758,0.0012530054,0.0011981097,916,test
0.99493563,0.00022474374,0.0012009802,0.00029826257,3.170905e-05,0.0012619883,1.5009881e-05,0.0020317205,917,test
0.0010997292,0.0021905745,0.9934469,0.000420104,0.0002402781,0.0010082342,0.0005206642,0.0010735682,918,test
0.0013323901,0.0017275132,0.99367684,0.00028169496,0.00016998986,0.0012133472,0.00040036504,0.0011978596,919,test
0.0007232762,0.0014145876,0.9955188,0.00024740526,0.00013738197,0.00077811594,0.00029821348,0.00088220875,920,test
0.005465179,0.004428856,0.9779343,0.0011976789,0.001635616,0.0011477219,0.005992956,0.002197672,921,test
0.00016775707,0.9995419,6.4485066e-05,1.027178e-05,9.3521785e-06,0.00012181655,3.5192345e-05,4.935394e-05,922,test
0.0011930419,0.0032032907,0.9918663,0.0004179865,0.00038637343,0.00096798455,0.0008202304,0.0011447791,923,test
0.9977337,0.00012959003,0.00030557797,0.0001499502,3.1214462e-05,0.00066419446,1.607885e-05,0.0009697088,924,test
0.000101704645,0.0005346688,0.00012797196,1.4078225e-05,1.3532094e-05,3.4589044e-05,2.0931411e-05,0.99915254,925,test
0.0013711835,0.003277695,0.9903599,0.00049521134,0.0005108199,0.001057485,0.0012459861,0.0016816644,926,test
0.9888952,0.0010809713,0.00071839057,0.00031758833,0.00013427864,0.0064215935,0.00014669563,0.0022853615,927,test
0.99407464,0.0004413283,0.0027277975,0.0001611331,0.00013480132,0.00091041636,6.516092e-05,0.00148471,928,test
0.0015625278,0.0030361032,0.9911438,0.00044776525,0.00041736508,0.001116822,0.0009971465,0.0012784569,929,test
0.9969639,0.00017754946,0.00045240755,0.0001580518,4.8493286e-05,0.0006099725,2.2950118e-05,0.0015665959,930,test
0.0009813106,0.0022029947,0.99357384,0.00027983013,0.00024771865,0.00083710166,0.00066800945,0.00120908,931,test
0.9953576,0.0006641424,0.00052671734,0.00019918951,6.2441795e-05,0.0015575564,4.3383006e-05,0.0015889301,932,test
0.99714404,0.00014820408,0.00058186805,0.00022388609,4.139628e-05,0.000643055,1.2125118e-05,0.0012054229,933,test
0.0017777662,0.0029554286,0.99126583,0.00048785086,0.0004108318,0.0010615248,0.0008782727,0.0011625096,934,test
0.0012243142,0.0024387296,0.9933884,0.0003450604,0.00025142301,0.0009795737,0.0005233713,0.00084897847,935,test
0.0007220254,0.0020898376,0.9940157,0.0003954219,0.0002209109,0.00080337364,0.000504475,0.0012481675,936,test
0.00090867927,0.0018512077,0.993985,0.00025454434,0.00013691153,0.0011419848,0.00040019632,0.0013215198,937,test
0.4903433,0.013205138,0.003491111,0.006634294,0.0013015411,0.4705423,0.0010212042,0.01346109,938,test
0.0015624651,0.0023082357,0.99022675,0.00076458504,0.0004398693,0.0008381258,0.0020099382,0.0018499447,939,test
0.0011373004,0.0016115443,0.99504614,0.0002636701,0.0001443833,0.0007621738,0.0003398982,0.0006949831,940,test
0.0013341296,0.00027832366,0.9961628,0.00033324098,0.00012052109,0.00021430712,0.0008262481,0.0007305489,941,test
0.0025451863,0.0031879672,0.9889538,0.0008313094,0.00056250126,0.0012691988,0.0013415994,0.0013084121,942,test
0.9970939,0.00027958746,0.000296554,0.00014076222,2.3169256e-05,0.0010555764,1.5162242e-05,0.0010952782,943,test
0.9959984,0.000272963,0.00054196484,0.00019700783,3.6903635e-05,0.0014805556,2.4432604e-05,0.0014478124,944,test
0.0007250749,0.0014704649,0.99545515,0.00030585218,0.00015586996,0.0006783738,0.0003976234,0.00081155915,945,test
0.00071186153,0.0015924335,0.99536693,0.00022770878,0.00012628682,0.0008060649,0.00029280968,0.00087581587,946,test
0.77284986,0.029611038,0.13392136,0.010401938,0.0032751402,0.020905957,0.0016106913,0.02742402,947,test
0.0013266657,0.0026353395,0.99237436,0.00048730194,0.00031434954,0.0011108809,0.0006281653,0.0011228801,948,test
0.001172622,0.0023623388,0.99355936,0.00040074534,0.00029207428,0.00086770434,0.00059898576,0.0007461921,949,test
0.0009630167,0.002965982,0.9929208,0.0003886389,0.00028536766,0.0009365152,0.0006169399,0.00092271285,950,test
0.0012584544,0.002351396,0.99331737,0.00035153644,0.00027699454,0.00076815684,0.0007169428,0.000959027,951,test
1.7353655e-05,7.094969e-05,0.00031409794,5.011166e-05,0.0004661249,9.773891e-05,0.9973882,0.0015955196,952,test
0.9905902,0.0007196906,0.0014630754,0.00072122965,0.00017745225,0.0017865166,0.00017441128,0.004367324,953,test
0.0018127505,0.0023942725,0.99221283,0.00045604262,0.0003147201,0.0010457671,0.00070925604,0.0010543512,954,test
0.0026566936,0.0018899159,0.00047740992,0.0004694574,0.00010710937,0.99179476,5.1336876e-05,0.0025533694,955,test
0.0011747245,0.0021845573,0.99361813,0.0005075901,0.0002581926,0.0008577552,0.0005502356,0.00084889185,956,test
0.0014487675,0.0032716957,0.9902773,0.0005519278,0.0005646302,0.0009824935,0.0014484643,0.0014548228,957,test
0.001139951,0.0007515495,0.9956903,0.00020629114,0.000120388584,0.0006776529,0.00034679836,0.001067092,958,test
0.0007616932,0.012891464,0.0007915018,0.00028225323,0.00052023475,0.0029672997,0.0005448076,0.9812408,959,test
0.9950669,0.00019745078,0.0020465567,0.00022105615,7.94266e-05,0.0006180909,4.699466e-05,0.0017234458,960,test
0.001314091,0.0030318482,0.9923074,0.00039654606,0.00039128045,0.0009109003,0.0007090379,0.0009388274,961,test
0.0015595072,0.0026308368,0.99021834,0.0008428864,0.0003917698,0.001240579,0.00084779685,0.002268323,962,test
0.9983773,0.00013455597,0.000107324246,7.5816475e-05,1.6061336e-05,0.0005898765,1.3531425e-05,0.00068552577,963,test
0.9971169,0.0001441967,0.0004582293,0.0001582539,4.812095e-05,0.0005252666,2.0381949e-05,0.001528677,964,test
0.99799854,5.3496555e-05,0.00029889215,8.472092e-05,1.9888315e-05,0.0004153517,7.165811e-06,0.0011219381,965,test
0.0008072131,0.001161307,0.9962553,0.00015990777,0.00012928699,0.00058044284,0.0003464487,0.0005601553,966,test
0.0010781388,0.0014118401,0.99421895,0.0007693044,0.00018282646,0.0007415956,0.00042626393,0.0011710338,967,test
0.0016976356,0.0007103663,0.9951449,0.00051244703,0.00018111279,0.0004739066,0.00040039732,0.00087917753,968,test
0.0012981021,0.0023403838,0.99268734,0.0005750805,0.00034252135,0.0007752382,0.0008578065,0.0011234662,969,test
0.0012713732,0.0032960582,0.99175125,0.00048096114,0.00033129574,0.0010727975,0.0006712038,0.0011251214,970,test
0.99861705,7.913894e-05,0.0001528733,6.7053945e-05,1.586646e-05,0.00036906183,8.21051e-06,0.0006907534,971,test
0.99758947,9.753933e-05,0.0005268382,6.794169e-05,2.1401835e-05,0.00084553205,1.7207012e-05,0.0008340336,972,test
0.0010635335,0.002703172,0.9926052,0.000401988,0.00031789154,0.00093525153,0.0007650274,0.0012079261,973,test
0.9969272,8.109204e-05,0.00062493293,0.00017262176,3.796027e-05,0.00046668167,2.138045e-05,0.0016682799,974,test
0.9984798,8.422841e-05,0.0002500933,6.033712e-05,2.9010094e-05,0.000378748,1.0647849e-05,0.0007070993,975,test
0.001192598,0.002466701,0.9927154,0.00043952334,0.0002593581,0.0011280327,0.0006407542,0.0011577706,976,test
0.05128075,0.11191878,0.16086206,0.020746442,0.019437619,0.05536732,0.3598567,0.22053032,977,test
0.9977719,0.00011185261,0.00035418678,0.00013188727,3.0442512e-05,0.00047511345,1.6812208e-05,0.0011077154,978,test
0.0013155019,0.0034083636,0.9910801,0.00045868853,0.0004199826,0.0010078064,0.0010657766,0.0012438495,979,test
0.002222903,0.00418631,0.98511237,0.0010151378,0.0011544098,0.0010731997,0.0033332864,0.001902487,980,test
0.0020521206,0.003841202,0.98619056,0.0011429007,0.0008360974,0.0009646339,0.0034328704,0.0015396653,981,test
0.0011697788,0.0014009648,0.9946843,0.0005084491,0.00026195118,0.00050770614,0.00067704025,0.0007899212,982,test
0.00073325774,0.0014457214,0.99530846,0.00031710602,0.00015767352,0.0007403035,0.00035953883,0.00093795336,983,test
0.9979115,0.00011773867,0.00025458052,8.699241e-05,1.8987312e-05,0.0005996203,1.4141048e-05,0.0009963814,984,test
0.0014076128,0.0040209196,0.9901607,0.00048393547,0.00045752458,0.0011702831,0.00092024927,0.0013788188,985,test
0.0014832506,0.0027809865,0.991189,0.00062853884,0.0004062661,0.0010992654,0.00097097293,0.0014416942,986,test
0.00092092715,0.0017120376,0.9950867,0.0002588979,0.00019161873,0.00065698463,0.00044193043,0.00073086965,987,test
0.0009980976,0.00068053213,0.9962167,0.00017570329,9.0246656e-05,0.0006752491,0.000272977,0.00089047063,988,test
0.99636227,9.989167e-05,0.0011654054,0.00020297484,5.02571e-05,0.00050265726,3.2608434e-05,0.001584031,989,test
0.000657802,0.0013458269,0.9957211,0.00029609544,0.00013926132,0.0006083973,0.00033961775,0.0008918792,990,test
0.00010082367,0.00028920468,1.8038287e-05,8.156688e-06,2.1203327e-06,1.2320707e-05,6.467781e-06,0.9995629,991,test
0.0008275957,0.0018899317,0.9939913,0.00038311706,0.00021417346,0.00079731806,0.0006187187,0.0012777429,992,test
0.001047543,0.0011538244,0.99572843,0.00021550026,0.0001208364,0.0006902483,0.00032809767,0.0007155747,993,test
0.0022494826,0.0018664968,0.00020915606,0.0003422704,0.0003698269,0.99365956,0.0001502374,0.001152973,994,test
0.0013847346,0.00173867,0.9939615,0.00032897104,0.00017821384,0.0009937846,0.0004206697,0.0009933697,995,test
0.00011202652,0.9996493,4.649359e-05,6.939807e-06,7.75517e-06,0.00010240571,3.7382742e-05,3.7785972e-05,996,test
0.9985189,7.914648e-05,0.00020063674,6.3087355e-05,1.657367e-05,0.00038667605,1.0031159e-05,0.0007250298,997,test
0.0024881454,0.0024158908,0.0016609561,0.0054671224,0.95088375,0.010986686,0.019268814,0.00682871,998,test
0.0012606379,0.0030977384,0.99141204,0.00058570923,0.000358466,0.0013179269,0.0006697851,0.0012976447,999,test
0.0015879063,0.001142877,0.9945695,0.00020094936,0.00012710902,0.0010909898,0.00034556625,0.0009351227,1000,test
0.0013287461,0.0022299832,0.9934094,0.0004085804,0.00024484578,0.00091970584,0.0005048751,0.0009538834,1001,test
0.0016546446,0.0028031026,0.9918779,0.0005148666,0.00034613532,0.0010349043,0.00079839025,0.000970133,1002,test
0.0024113923,0.0056731505,0.0013920843,0.00845453,0.9318196,0.017293261,0.017094655,0.015861323,1003,test
0.0064170966,0.039456993,0.000673033,0.0018958539,0.037849844,0.8975126,0.0064466186,0.009747982,1004,test
0.99511397,0.0006694275,0.00038818442,0.00018581052,7.886598e-05,0.002089929,4.4468867e-05,0.0014292846,1005,test
0.00088999135,0.0023377356,0.9936093,0.0003840828,0.00029467617,0.00075505907,0.0006649543,0.0010641323,1006,test
0.0009090533,0.0015237149,0.9947693,0.00039120464,0.00015491947,0.00079065916,0.00044365771,0.0010174998,1007,test
0.9975176,0.00017809214,0.0003199242,0.00011080393,3.065059e-05,0.00092642993,1.5546684e-05,0.0009009976,1008,test
0.0012741432,0.002674036,0.9924648,0.00054323097,0.00031505886,0.0009482708,0.00075068325,0.0010299132,1009,test
0.0012367412,0.00270843,0.99228877,0.0005321456,0.00037986075,0.00088598666,0.0008516246,0.0011165122,1010,test
0.0047975443,0.0036971942,0.0041705663,0.008925891,0.92907745,0.012489149,0.021830438,0.015011739,1011,test
0.99873,5.1360177e-05,0.0001807249,6.614511e-05,2.1172216e-05,0.00028139554,7.96922e-06,0.000661218,1012,test
0.0015358203,0.0028943685,0.99187964,0.0005001652,0.0003599251,0.0010447446,0.0008165413,0.0009687424,1013,test
0.0022879196,0.0063966922,0.98505014,0.0007194189,0.00075523305,0.0017802445,0.0015780675,0.0014322809,1014,test
0.6599321,0.021976344,0.14280246,0.041711207,0.029685646,0.02462759,0.023637563,0.055627104,1015,test
0.0008898711,0.0012205305,0.00023462529,0.00010352197,3.156239e-05,0.9966108,2.2126776e-05,0.0008869904,1016,test
0.0057249526,0.017549122,0.02296195,0.003037122,0.006192615,0.005855504,0.8901668,0.048511956,1017,test
0.0012906648,0.0021696514,0.9901446,0.0014181313,0.0003474606,0.00064797926,0.0012724084,0.0027090944,1018,test
0.0012313854,0.0014387597,0.9947444,0.00035370977,0.00012566485,0.0010385362,0.00022795888,0.000839609,1019,test
0.0030012256,0.003109628,0.98874414,0.00060172734,0.00057133083,0.0011000151,0.0015456739,0.0013262687,1020,test
0.0011299555,0.0013402549,0.99468154,0.00045278165,0.00014402063,0.0008506027,0.00037163513,0.0010292141,1021,test
0.9983296,5.6736273e-05,0.00042684257,9.242844e-05,2.7030177e-05,0.00026922912,1.6377144e-05,0.0007818041,1022,test
0.001340785,0.00734678,0.9839802,0.00079021044,0.0008761245,0.0019960052,0.0013922127,0.0022777002,1023,test
0.0013277731,0.0032973974,0.9882641,0.00064264715,0.00091671146,0.0019406272,0.0014520307,0.0021586649,1024,test
0.0010688934,0.00251313,0.9922546,0.00036828037,0.0005373788,0.0010673715,0.0007971598,0.0013931787,1025,test
0.00038500183,0.0002449365,5.4501674e-05,0.0016871438,0.98253495,0.003958413,0.009071774,0.0020632253,1026,test
0.99611497,0.00014969805,0.000845759,8.6645545e-05,6.241612e-05,0.0012582403,2.1051292e-05,0.0014611218,1027,test
0.9957047,0.00016876122,0.00061424397,0.00019800685,6.917062e-05,0.001045058,4.3427488e-05,0.0021565869,1028,test
0.9960897,0.00035172468,0.00020062392,0.00016823421,5.3774576e-05,0.0017484843,6.2439125e-05,0.001325085,1029,test
0.00073714013,0.0018136437,0.994321,0.00028987916,0.00035005435,0.0007773513,0.00053650053,0.0011744299,1030,test
0.0007595853,0.00144361,0.9954665,0.00026119966,0.00020887163,0.0008557907,0.00024260586,0.0007619491,1031,test
0.0007469892,0.0011952198,0.9957402,0.0002319399,0.00015102755,0.0009572163,0.00020677893,0.0007706843,1032,test
5.9322547e-06,7.721579e-06,4.6312914e-05,1.0643796e-05,0.00023183481,3.352659e-05,0.99933213,0.00033184775,1033,test
0.9975847,0.00021305807,0.00020675598,5.3827047e-05,5.0462884e-05,0.0009971332,1.1922769e-05,0.00088218495,1034,test
0.99831367,0.00012706369,0.00017756126,3.4611985e-05,3.3634733e-05,0.0007230918,8.485681e-06,0.0005819037,1035,test
0.99682236,0.00021062033,0.0005069845,0.000111304995,5.7006302e-05,0.0011997941,3.7700036e-05,0.0010541526,1036,test
0.9947636,0.00048189555,0.0007808919,0.00023047277,0.00010855298,0.0019115212,5.9786562e-05,0.0016633341,1037,test
0.996402,0.00020392147,0.0003645547,0.00012367706,5.2383253e-05,0.0011976492,2.8375876e-05,0.0016274109,1038,test
0.0005472175,0.001284845,0.9956267,0.00027228016,0.00020737029,0.0008247103,0.00027713986,0.0009596934,1039,test
0.9498733,0.01499181,0.0022300617,0.0008605123,0.0017688066,0.019451737,0.001154237,0.009669387,1040,test
0.9978574,0.00015190293,0.0001534905,7.5248485e-05,3.3695593e-05,0.0007986838,1.6619902e-05,0.0009129509,1041,test
0.0009139139,0.0019727966,0.99366623,0.0002999027,0.00036346936,0.0010039204,0.00052150403,0.0012581925,1042,test
0.0011109345,0.0020373196,0.9925794,0.00056848786,0.00062836346,0.00076799694,0.0008728419,0.0014346285,1043,test
0.9975859,0.00021952383,0.00014588491,5.7955946e-05,4.070763e-05,0.0011799487,1.2993109e-05,0.0007570868,1044,test
7.730976e-05,2.5160081e-05,2.9260145e-05,0.0006580149,0.99559903,0.0007847548,0.0016661009,0.0011603993,1045,test
0.0009305142,0.0009781562,0.99592304,0.0002960527,0.00018805069,0.00073641015,0.00019211642,0.0007556825,1046,test
0.0006810322,0.0013544932,0.9955959,0.00030240745,0.00026794474,0.0006780379,0.00036174594,0.000758392,1047,test
0.0006898288,0.0016450569,0.9942478,0.00033129076,0.00033019437,0.0009249074,0.00048073567,0.0013501956,1048,test
0.0009396933,0.002399592,0.9930674,0.00026372363,0.00043126242,0.00094300637,0.00067264144,0.0012826519,1049,test
0.9982798,0.0001349049,0.0002273924,3.110649e-05,3.299193e-05,0.0007791448,8.849426e-06,0.0005058956,1050,test
0.00048011402,0.0009781197,0.99647397,0.0002232418,0.000266286,0.00036134786,0.00044565642,0.00077121804,1051,test
0.00090062973,0.0013795951,0.9955448,0.00021005973,0.00019149735,0.0007378524,0.00027163455,0.0007639308,1052,test
0.99597824,0.00025002664,0.00047225252,0.00018379984,6.214036e-05,0.0013055399,2.2572876e-05,0.001725369,1053,test
0.0007957372,0.0020487367,0.994158,0.00034011045,0.00029768547,0.00092312583,0.00043554214,0.0010010545,1054,test
0.00056130707,0.0007265869,0.99686676,0.00017114263,9.97754e-05,0.00069247425,0.0001837911,0.0006980791,1055,test
0.0007263837,0.0037079782,0.98662204,0.0007218339,0.0025795023,0.0012213076,0.0023550605,0.0020658337,1056,test
0.99773943,0.00020971063,0.0001228354,6.2508545e-05,3.883721e-05,0.0011350167,1.2755044e-05,0.00067888404,1057,test
0.0020448808,0.0040534153,0.9888799,0.00035149825,0.00081661757,0.0016426347,0.0009611954,0.0012497568,1058,test
0.00095626496,0.0015041111,0.9951481,0.0002549253,0.00028472708,0.0007695546,0.00036747142,0.0007147479,1059,test
0.0028304616,0.0009425307,0.0005930784,0.00021490343,0.000101097095,0.9941941,3.4459394e-05,0.0010893535,1060,test
0.98725057,0.0016529534,0.0025518604,0.00059119955,0.00048073972,0.002917318,0.00024055812,0.0043148147,1061,test
0.9966725,0.00019009775,0.0005117119,6.035268e-05,5.5264656e-05,0.0011726487,2.2638256e-05,0.0013148094,1062,test
0.00078664086,0.0017198347,0.9951283,0.00021063387,0.00019088967,0.0009787662,0.00023259234,0.00075229775,1063,test
0.0006167927,0.0012897877,0.9961216,0.00021796463,0.00019583739,0.0007030404,0.00026344034,0.0005915746,1064,test
0.99486357,0.00019489575,0.0005326123,0.00025723464,7.524442e-05,0.0014732352,9.76919e-05,0.0025055902,1065,test
0.99737823,0.00016200102,0.0003715499,6.1723185e-05,5.7939073e-05,0.0008001958,1.5007363e-05,0.0011534798,1066,test
3.2430045e-05,6.5321656e-05,0.00024576008,9.93762e-05,0.00059141626,0.00015683666,0.9949019,0.003907011,1067,test
0.9983613,0.00011634861,0.00012530175,4.2628315e-05,3.2089898e-05,0.0006453249,1.0315738e-05,0.00066656095,1068,test
0.99663466,0.00017222796,0.00032537736,0.000104696715,5.6026485e-05,0.0010223953,1.6255342e-05,0.0016683525,1069,test
0.0020584867,0.00374223,0.98843455,0.0005144173,0.0010488979,0.0013590204,0.0013948575,0.0014474501,1070,test
0.000764976,0.00097223185,0.99494475,0.0002537334,0.00016973975,0.00094203826,0.0003572963,0.0015952123,1071,test
0.99764925,0.00016986355,0.00024322433,7.9240606e-05,4.10121e-05,0.0007613376,1.7489152e-05,0.0010385655,1072,test
0.0019291472,0.0054330328,0.9859183,0.00049739954,0.0012299726,0.001695804,0.0016983126,0.0015980849,1073,test
0.99747485,0.00017238845,0.00020148755,8.7897904e-05,3.732915e-05,0.0009923653,1.914096e-05,0.001014517,1074,test
0.00078252715,0.001463309,0.99516404,0.00030293886,0.00022678303,0.0009404397,0.00027373625,0.0008462533,1075,test
0.0010814186,0.0010173023,0.9941057,0.00063103955,0.0002832259,0.00076699833,0.0006350152,0.0014793356,1076,test
0.0007829808,0.0016611008,0.99487334,0.000307673,0.00026255802,0.0008695888,0.0003655645,0.0008772269,1077,test
0.0006215658,0.0007522281,0.9968265,0.00016284442,0.000106652056,0.0006864452,0.00018642217,0.0006572837,1078,test
0.00086819974,0.00033892857,0.9973972,0.00025338915,0.00012610469,0.0003058941,0.00022153834,0.0004887691,1079,test
0.0011629905,0.0029012263,0.99153495,0.00031179906,0.00061509846,0.0009908921,0.001006303,0.0014766755,1080,test
0.00076586835,0.0015835379,0.99484223,0.00023206338,0.0002889847,0.00080409495,0.00047294673,0.001010221,1081,test
0.00090330245,0.99722457,0.00062883034,2.5688383e-05,0.0001114421,0.00046079367,0.00012376548,0.0005216553,1082,test
0.0013625886,0.004576596,0.9853217,0.0011098392,0.001276922,0.0016463237,0.0022218758,0.002484122,1083,test
0.99662966,0.00029083333,0.0002602988,0.000114257164,5.8680984e-05,0.0013443643,2.3706978e-05,0.0012782468,1084,test
0.96433395,0.0032860993,0.0036067567,0.000778682,0.0011155154,0.018166777,0.0008165349,0.007895571,1085,test
0.00091766234,0.0025418948,0.9928236,0.00038356654,0.00041729884,0.0010474338,0.0005762163,0.001292323,1086,test
0.00079087145,0.0019468179,0.99368227,0.0005446305,0.00048752018,0.0007140347,0.0006551589,0.0011787165,1087,test
0.0029468294,0.003403386,0.9847245,0.00068766845,0.0019680678,0.0016217565,0.0022914063,0.0023563788,1088,test
0.0013555392,0.0027646194,0.99183965,0.00035103655,0.000563301,0.0011444427,0.0007378279,0.0012435479,1089,test
0.99795365,0.0001395536,0.00020093686,8.366986e-05,3.2172655e-05,0.0006482537,1.7268885e-05,0.0009245154,1090,test
0.15598498,0.024261048,0.7422351,0.009077012,0.012688474,0.010236732,0.019486224,0.026030416,1091,test
0.000953667,0.000495906,0.99710494,0.00023731506,7.519476e-05,0.00063654484,7.620944e-05,0.00042019074,1092,test
0.0037641996,0.008251884,0.0022699877,0.0008796332,0.00046527668,0.90486336,0.00031202112,0.07919367,1093,test
0.028195232,0.109514154,0.008288766,0.026078884,0.051748957,0.7064246,0.008583571,0.061165854,1094,test
0.00063974445,0.001518951,0.9954555,0.00026847117,0.0002321896,0.00081684574,0.00029447378,0.0007736643,1095,test
0.9979645,0.00018342459,0.00014607701,5.056815e-05,3.4997884e-05,0.0009111982,1.5833548e-05,0.00069343613,1096,test
0.0009801463,0.9971512,0.0004921114,2.1837175e-05,0.000108833134,0.00060617784,0.00019013336,0.0004494506,1097,test
0.000627074,0.0013991079,0.9955889,0.00025081882,0.00026699956,0.00067788345,0.00036127897,0.0008279797,1098,test
0.0007866295,0.0014610754,0.9953185,0.00021607178,0.00019872746,0.0008648693,0.0002812979,0.0008727376,1099,test
0.00068194204,0.0007226126,0.9966388,0.00022244368,0.00011737989,0.00065295777,0.00017224986,0.0007915726,1100,test
0.001143615,0.0017403372,0.9941037,0.00015169666,0.00030641814,0.00083092315,0.00052234426,0.0012009576,1101,test
0.002123979,0.0027875016,0.00013771793,2.8849607e-05,5.6080076e-05,0.9943357,0.00015380977,0.00037641893,1102,test
0.99681914,0.0001557934,0.00039902658,0.00010727096,5.5946617e-05,0.0011052416,2.1996522e-05,0.0013355683,1103,test
0.0008616398,0.0015026168,0.9955332,0.000159844,0.00024608072,0.00065165083,0.0003624492,0.0006825017,1104,test
0.99800247,0.00017630418,0.00015552618,5.117628e-05,3.6080983e-05,0.0008404828,1.1376428e-05,0.0007265824,1105,test
0.0013308052,0.002865474,0.99150336,0.00033516894,0.0005748933,0.0012648208,0.00089440023,0.0012311387,1106,test
0.0008404205,0.001453596,0.99515045,0.00023241903,0.0001756373,0.0010006548,0.00026368472,0.00088305795,1107,test
0.99321634,0.0009044937,0.00034373754,8.618619e-05,0.00013719671,0.003656533,4.541507e-05,0.0016100104,1108,test
0.00079648156,0.002200398,0.9937044,0.0003150796,0.0004108848,0.0009041139,0.00065235194,0.0010163912,1109,test
0.0008483811,0.001825861,0.99428296,0.00025443567,0.00021739618,0.0011115222,0.0003042012,0.0011553616,1110,test
0.0011268699,0.0020230715,0.99378526,0.00024081148,0.00038639805,0.00089193176,0.0005319957,0.0010135545,1111,test
0.0022084378,0.0013059926,9.526181e-05,5.2403666e-05,3.021514e-05,0.9961669,1.02120475e-05,0.0001304232,1112,test
0.004270001,0.012431016,0.9570764,0.001115199,0.003320285,0.0025324628,0.007537424,0.01171714,1113,test
0.89727414,0.04662857,0.015575062,0.0012067765,0.0042445003,0.020455902,0.002222246,0.0123927845,1114,test
0.0007783301,0.0015877577,0.9949214,0.00029565117,0.00021516897,0.0009956142,0.00029965016,0.0009064336,1115,test
7.387665e-06,7.5412513e-06,6.772947e-05,1.5798318e-05,0.00023547497,4.0278526e-05,0.99930954,0.00031619123,1116,test
0.9954733,0.00018973292,0.000662119,0.00014181637,0.00010903761,0.0014063931,3.077915e-05,0.0019867832,1117,test
0.9960401,0.00017346547,0.0004902379,0.00013572109,7.116795e-05,0.001435957,4.4525874e-05,0.0016088147,1118,test
0.99773276,0.00015823977,0.0001535539,7.5948104e-05,3.32605e-05,0.0010095158,1.4267367e-05,0.00082238886,1119,test
0.9984864,9.906509e-05,0.000279255,2.39711e-05,2.8191655e-05,0.0005980092,8.051312e-06,0.00047696033,1120,test
0.9738883,0.002046222,0.006179781,0.0013044996,0.00076288165,0.006196071,0.00017155109,0.009450733,1121,test
0.0006480359,0.0010864872,0.9958983,0.00022214746,0.00014724795,0.0007651004,0.00027478047,0.00095773634,1122,test
0.95092225,0.0077861096,0.004619239,0.0022805182,0.0018151756,0.011347143,0.0011712052,0.020058319,1123,test
0.0017930974,0.9854915,0.0039403155,0.00010186377,0.0006880521,0.0023788323,0.0005326551,0.0050737336,1124,test
0.0034774707,0.005320576,0.9820578,0.0005335189,0.0012878595,0.0018715607,0.0030552272,0.002396003,1125,test
0.00057770277,0.00070167327,0.99700123,0.00014863805,9.907209e-05,0.00065524166,0.00017417884,0.0006422563,1126,test
0.0006310881,0.0007486663,0.9966936,0.00017566455,0.0001142524,0.0007333237,0.0001880037,0.0007153921,1127,test
0.050732013,0.03625402,0.019568548,0.0028767884,0.019029576,0.7770219,0.005197653,0.08931951,1128,test
0.00081385224,0.0015184294,0.9950376,0.0003232776,0.00027513877,0.00085219357,0.0003434669,0.0008359143,1129,test
0.9973646,0.00022864544,0.0002930176,6.986845e-05,5.206607e-05,0.0010853121,2.4538582e-05,0.00088190316,1130,test
0.014436437,0.0066995663,0.9519071,0.0037290978,0.002636612,0.0018855309,0.01309757,0.0056081614,1131,test
0.0025359134,0.0036468795,0.979235,0.0010781426,0.0035151073,0.0024103185,0.004393652,0.0031849977,1132,test
0.9930098,0.0004440309,0.0014968154,0.00028537094,0.00013729301,0.0016618021,3.891861e-05,0.002926035,1133,test
0.99685115,0.00026623567,0.00039382328,0.00013421377,5.4539647e-05,0.0010671228,2.8911749e-05,0.0012040872,1134,test
0.0045380886,0.011041462,0.95516807,0.0028459632,0.004191362,0.0040403437,0.006324517,0.011850206,1135,test
0.000833544,0.0009944811,0.99564797,0.0001599402,0.00020172208,0.0009422466,0.00032349813,0.0008965883,1136,test
0.000561296,0.00062496436,0.9971523,0.00014400874,9.3482275e-05,0.00061642105,0.00016447474,0.00064304686,1137,test
0.0008102954,0.0019513654,0.99429893,0.00033584592,0.00030134348,0.0009581614,0.00037110926,0.00097286317,1138,test
0.0014101368,0.0011291394,0.9955375,0.0001606182,0.00024524354,0.000601397,0.00042520132,0.0004907446,1139,test
0.0009007226,0.0019332271,0.99422944,0.00026048822,0.00033836384,0.0009332285,0.0004658964,0.0009385695,1140,test
7.949259e-05,0.00028389873,7.563377e-05,8.593504e-06,1.0007752e-05,1.6538399e-05,2.2447974e-05,0.9995034,1141,test
0.00054576516,1.6315813e-05,0.00024766283,0.9988331,1.8281386e-05,0.000116059746,3.7695398e-05,0.00018508518,1142,test
0.9963715,0.00028714945,0.00024312557,0.000107441214,4.8527414e-05,0.001647333,2.3092114e-05,0.0012718178,1143,test
0.0022777766,0.0031379492,0.9886863,0.00047351513,0.00093239197,0.0014230491,0.001473493,0.0015954677,1144,test
0.004833273,0.0014749473,0.00050077954,9.609783e-05,4.8836468e-05,0.9927718,2.426802e-05,0.00024990478,1145,test
0.9962274,0.00019823437,0.0003171573,0.00011579363,8.873465e-05,0.0015593785,2.5656847e-05,0.0014676385,1146,test
0.99673116,0.0002392475,0.00031574405,7.59849e-05,5.4676286e-05,0.0016578158,1.9614241e-05,0.0009058435,1147,test
0.004972211,0.004089236,0.97838324,0.0011063868,0.001055932,0.0014491199,0.0051942067,0.0037495976,1148,test
0.9943731,0.00027178723,0.0006806988,0.00017178521,9.767856e-05,0.0020989806,0.00012013935,0.0021858304,1149,test
0.0005137854,0.0006110923,0.99665666,0.00013286897,0.00012774399,0.00062286615,0.00028919496,0.001045721,1150,test
0.0011843747,0.9963168,0.0008716465,2.3397528e-05,0.0001523688,0.00073190674,0.00014731404,0.00057217636,1151,test
0.0010297106,0.002144087,0.99257904,0.0005884196,0.00034436752,0.0011380555,0.00052404124,0.001652198,1152,test
0.9705796,0.009125162,0.001623315,0.00040673654,0.0008672402,0.008398164,0.00031616466,0.008683632,1153,test
0.9964923,0.0001793055,0.0002804966,0.00023147008,3.8295362e-05,0.0008198118,2.0864456e-05,0.0019374979,1154,test
0.00072905014,0.0006888632,0.99674773,0.00026146922,9.170384e-05,0.0006642726,0.00016047993,0.0006564503,1155,test
0.9950346,0.00032225097,0.00015970544,0.00029067037,4.5994457e-05,0.0022715707,3.6367754e-05,0.0018388953,1156,test
0.0033046762,0.0014928514,0.00067792094,0.00027076295,0.00010024079,0.9928577,4.157748e-05,0.00125424,1157,test
0.0007575088,0.0011316492,0.99512476,0.0005485246,0.0002220492,0.00075954985,0.0003202089,0.0011358828,1158,test
0.0007404187,0.0009877894,0.99595696,0.0003654828,0.00014422619,0.00073611253,0.0002513647,0.0008176057,1159,test
0.0009034264,0.0016384474,0.99397343,0.00067666575,0.00031107245,0.0008086412,0.0005035225,0.0011848421,1160,test
0.00078551704,0.0015443126,0.9942,0.00050530845,0.000232318,0.00092536,0.00044353324,0.0013637189,1161,test
4.685407e-05,0.00014212454,0.0006704464,0.00013625491,0.0008150147,0.00029696367,0.99480337,0.0030889409,1162,test
0.99625164,0.0002209033,0.00018929635,0.00023876506,5.457269e-05,0.0011570124,2.5769195e-05,0.0018620482,1163,test
0.00064648554,0.0012592172,0.99554354,0.00036440702,0.00021408567,0.0006350049,0.0003702609,0.0009669892,1164,test
0.000876388,0.0012269195,0.99505436,0.0005290016,0.00020062519,0.0008635413,0.000279787,0.0009692029,1165,test
0.0006504192,0.0010851885,0.99571157,0.0004472157,0.00018338423,0.0007117104,0.0002680722,0.00094247394,1166,test
0.98726755,0.0010314938,0.0019484413,0.00086706085,0.00022085552,0.004437024,8.000963e-05,0.0041475724,1167,test
0.00070976757,0.0011314629,0.9956656,0.0003454799,0.00012861984,0.000866062,0.00020045476,0.0009524488,1168,test
0.0014452295,0.0019320357,0.9911664,0.000878054,0.000509302,0.0011835746,0.0008284281,0.0020569668,1169,test
0.0008290213,0.0008395182,0.9959686,0.00040582067,0.00014924018,0.00072533364,0.00023770973,0.0008448867,1170,test
0.007884812,0.0051199473,0.9740529,0.0022723712,0.0014729524,0.0022216358,0.0031369624,0.0038382926,1171,test
0.9948285,0.0003850042,0.00016815684,0.00029146505,4.288426e-05,0.0023800123,3.430289e-05,0.0018696382,1172,test
0.0008025002,0.0011484221,0.9953317,0.00044152036,0.00025368977,0.0006139819,0.00039142897,0.0010166983,1173,test
0.0012845797,0.00049783394,0.9962335,0.00023195393,0.00010844436,0.0007321817,0.00020383741,0.0007076575,1174,test
0.0008564567,0.0015197701,0.9941607,0.0007935541,0.00028627444,0.00078164396,0.00043864193,0.0011629169,1175,test
1.42217405e-05,2.9022534e-05,0.00014793382,3.5478974e-05,0.00035626275,9.63455e-05,0.9987459,0.0005746892,1176,test
0.00073054165,0.0013197081,0.9949044,0.00053022633,0.00020302899,0.00089473184,0.00030346442,0.0011139387,1177,test
0.9935051,0.00050043163,0.00043583912,0.00059493905,0.000109163375,0.0021895561,4.77126e-05,0.0026172115,1178,test
0.0007946996,0.0011553094,0.99528056,0.00063631433,0.00021982279,0.0006680095,0.00033561545,0.0009095232,1179,test
0.0009709661,0.0011039879,0.9954614,0.00044917036,0.00020779135,0.0006927366,0.00030545972,0.00080847234,1180,test
0.00076896703,0.0015739488,0.9943627,0.0005481132,0.00031170782,0.0008246957,0.0004737487,0.0011360396,1181,test
0.0006984976,0.0029070624,0.0006573076,0.0002668938,0.000108293345,0.0002446713,0.00027776393,0.9948395,1182,test
0.9965138,0.00024237705,0.00020813265,0.00021509446,4.5005232e-05,0.0010690291,2.2461589e-05,0.0016841784,1183,test
0.002750767,0.9868793,0.0026340669,0.00023898938,0.00071487995,0.003473949,0.0007225811,0.0025855852,1184,test
0.0025921275,0.9868434,0.0024507998,0.00023613746,0.00072891184,0.0032852734,0.0005606114,0.003302694,1185,test
0.048153706,0.034358602,0.59226173,0.03099377,0.14962073,0.05359061,0.048130967,0.04288987,1186,test
0.00060989795,0.0005293607,0.9971016,0.00022343908,0.000108798566,0.00056219316,0.00022475602,0.00063996686,1187,test
0.0010392455,0.0017309398,0.99315566,0.0008527174,0.00034408306,0.0009847715,0.0005130043,0.001379571,1188,test
0.99560416,0.00023040082,0.0003309568,0.0003034859,0.00013133066,0.0011792382,5.196311e-05,0.0021684205,1189,test
0.0013401366,0.0016973225,0.9931403,0.0006502088,0.0003899486,0.0010099914,0.00056849624,0.0012036421,1190,test
0.013297235,0.0038586268,0.0038032413,0.0047067073,0.00044886812,0.0025753537,0.00025891705,0.97105104,1191,test
0.00066733465,0.00090084644,0.0005364988,0.00022387666,7.479324e-05,0.0001814259,7.738225e-05,0.9973379,1192,test
0.0001885825,0.0003194132,8.954419e-05,3.682748e-05,1.135786e-05,5.275802e-05,1.603078e-05,0.9992855,1193,test
0.9934596,0.00031277395,0.0011064466,0.0006096548,0.00011755114,0.001585365,5.5759818e-05,0.0027528084,1194,test
0.0006609429,0.00058073853,0.0007425616,0.0024983627,0.97316223,0.0049385163,0.013682158,0.0037345004,1195,test
0.00088260515,0.0014952357,0.9942267,0.0005606995,0.00026737296,0.0009148128,0.00043627067,0.0012162054,1196,test
0.99639183,0.00023771777,0.0003497199,0.00015427885,3.982339e-05,0.00101981,1.0354665e-05,0.0017964846,1197,test
0.0010441513,0.0019396556,0.99314016,0.00078883563,0.00033362705,0.0009997364,0.0004747428,0.0012791872,1198,test
0.9958333,0.00026151826,0.00025391617,0.00022694246,4.5621186e-05,0.0013020557,1.7996827e-05,0.0020585665,1199,test
0.0025578972,0.98558235,0.003931921,0.0002702398,0.0010133035,0.0032266742,0.0008384095,0.0025792082,1200,test
0.0006617745,0.0012907854,0.9948487,0.00047920505,0.00014673395,0.0011057706,0.00022266502,0.0012443842,1201,test
0.98625433,0.0017338586,0.0009575555,0.0010105534,0.00028580183,0.0041785357,0.00019056053,0.005388878,1202,test
0.0007948004,0.0017047172,0.99357975,0.00067194604,0.00030942788,0.0009839229,0.00047561602,0.0014796925,1203,test
0.98923177,0.0014461619,0.00040582498,0.00041369876,0.0001499843,0.00474913,7.715143e-05,0.0035262287,1204,test
0.0011817146,0.002618148,0.9912798,0.0006717701,0.00030351212,0.0015720099,0.00059000956,0.0017829852,1205,test
0.99669915,0.0002088594,0.00022729623,0.00016314395,5.0001552e-05,0.00085202494,1.8467046e-05,0.0017810505,1206,test
0.9969061,0.00018035529,0.00024038716,0.00013507072,4.3620097e-05,0.0008076834,1.2656241e-05,0.0016741455,1207,test
0.0017531409,0.0023443045,0.98272216,0.0041273064,0.0011472701,0.00078179897,0.0031453508,0.0039786887,1208,test
0.0015003008,0.004463839,0.988113,0.0005268561,0.00042475638,0.0024376465,0.0009414708,0.0015920559,1209,test
0.00076333806,0.0013892229,0.9947136,0.00047399494,0.00023368627,0.00079856697,0.00036633533,0.0012613246,1210,test
0.0006560171,0.0012890152,0.9946907,0.00062908966,0.00020934736,0.00092661707,0.00029651888,0.0013025621,1211,test
0.000658564,0.0009915526,0.9959752,0.00034496168,0.0001513864,0.0006583904,0.00024675834,0.00097322767,1212,test
0.0002369168,0.00027838763,0.0001067944,5.4056345e-05,1.3178994e-05,4.7797956e-05,1.9139461e-05,0.99924374,1213,test
0.00066302536,0.0011512515,0.9956214,0.000498446,0.00015581543,0.0007945173,0.00021846058,0.00089704717,1214,test
0.0012957125,0.001513697,0.99349433,0.00062099757,0.00031106608,0.00095000846,0.00048228205,0.00133196,1215,test
0.00096455135,0.0019067916,0.9935191,0.00071809953,0.00031669808,0.0009440694,0.0004722425,0.0011583947,1216,test
0.9966382,0.0001876905,0.00026220354,0.00017893047,4.4248874e-05,0.0011428304,2.3819948e-05,0.0015221885,1217,test
0.0058387844,0.012950416,0.9563122,0.0033210698,0.0022523373,0.010657761,0.0034723864,0.0051950514,1218,test
0.0031270657,0.0019361798,0.00043473777,0.00017622074,0.00013467253,0.9928483,6.7955676e-05,0.0012748424,1219,test
0.0006780719,0.0010737485,0.9958049,0.00038649637,0.0001302344,0.00077481027,0.00021465633,0.00093708915,1220,test
0.0010201419,0.0006347951,0.00446955,0.98972964,0.00023279917,0.0006820666,0.0005357162,0.0026953935,1221,test
0.9949222,0.00040274963,0.0005280989,0.00033131317,6.718242e-05,0.0014345056,3.1706593e-05,0.0022822893,1222,test
0.9977191,0.00013552605,0.00013898866,0.00015352076,5.0445386e-05,0.00065297773,1.6620912e-05,0.0011328917,1223,test
0.99472964,0.00031124798,0.0005271688,0.00036619787,7.678996e-05,0.002145264,2.4616518e-05,0.0018190072,1224,test
0.88400507,0.008749739,0.06198645,0.0042411056,0.0011708306,0.015938511,0.0027066858,0.021201653,1225,test
0.000644298,0.00089156604,0.9964557,0.00034095324,0.00012151054,0.00063764246,0.00019034663,0.00071791006,1226,test
0.00079524773,0.0015374194,0.9940143,0.0006820514,0.00030994485,0.0008620458,0.0004656854,0.0013333341,1227,test
0.0011869253,0.002290076,0.9924872,0.00055053184,0.00041416896,0.001084078,0.0006309068,0.0013561021,1228,test
0.0005275837,0.0007834177,0.99645007,0.00044330274,0.00011232959,0.0006009368,0.0001807143,0.0009017139,1229,test
0.0026259485,0.9860596,0.0037050939,0.00024049167,0.0010155144,0.0027109217,0.0008360127,0.0028064956,1230,test
0.9966539,0.0001800466,0.00021591173,0.00021731046,3.534171e-05,0.00094748905,1.3375557e-05,0.0017366069,1231,test
0.99558985,0.00019999099,0.00033364573,0.00024668238,0.00010753327,0.0016396868,2.9955352e-05,0.001852656,1232,test
0.0010672619,0.0018672334,0.9931288,0.00070569327,0.0003816639,0.0009633815,0.0005581,0.0013279129,1233,test
0.0004363169,0.0004957806,0.99721235,0.00040066228,5.531489e-05,0.00059138593,0.000100772464,0.00070740224,1234,test
0.00076035503,0.00087013625,0.99606425,0.00054523913,0.00016060252,0.0005894018,0.00024259232,0.0007674621,1235,test
0.00064676837,0.0015470022,0.9943538,0.0005518387,0.00023783933,0.0009405149,0.00036100825,0.0013612387,1236,test
0.9429351,0.02645493,0.0026899837,0.0009071296,0.0020646933,0.01375537,0.00091911544,0.010273667,1237,test
0.99151504,0.00046138474,0.0011808194,0.0007805033,0.0001565247,0.002339791,4.6249774e-05,0.003519768,1238,test
0.9962837,0.00022433576,0.00021401307,0.0002618597,5.7731286e-05,0.0011469248,2.0923248e-05,0.0017905395,1239,test
0.0016638042,0.000962767,0.00072328415,0.006703884,0.9552406,0.012893553,0.019053783,0.002758249,1240,test
0.00091368955,0.0015842513,0.9939434,0.0006856485,0.00033878986,0.00082417845,0.0005047622,0.0012052854,1241,test
0.9840657,0.00083315495,0.0035614213,0.0010453464,0.0001837763,0.003054223,0.00018735361,0.0070690503,1242,test
0.0011755627,0.0016693008,0.9933669,0.0006192299,0.00040540282,0.0007850613,0.0007173171,0.0012612458,1243,test
0.0058251536,0.02169495,0.0020787239,0.0035497393,0.004161815,0.9446222,0.002338736,0.015728576,1244,test
0.0023954408,0.98771954,0.0028153812,0.00024257944,0.0008209981,0.002482687,0.0006929293,0.002830452,1245,test
0.0001953731,0.00024341901,0.00030246846,0.0015316989,0.9841756,0.0028261757,0.007895296,0.0028299054,1246,test
0.99663025,0.00021456929,0.00014551253,0.0001833496,3.744641e-05,0.00095541234,2.8454657e-05,0.0018050729,1247,test
0.9969592,0.00010613576,0.00031072498,0.00019287209,4.499633e-05,0.0006963236,1.8024117e-05,0.0016716978,1248,test
0.0027763706,0.98471546,0.0042136144,0.00027509016,0.0009161962,0.0027481434,0.0006658671,0.003689249,1249,test
0.00086838653,0.0008548892,0.9960731,0.0004038426,0.00014922996,0.0006072988,0.0002714852,0.0007717902,1250,test
0.0006244197,0.00041696616,0.99714357,0.00023477353,8.0125326e-05,0.0004985748,0.00019005995,0.0008114725,1251,test
5.1366e-06,1.2983327e-05,6.0224735e-05,1.865003e-05,0.00024645115,4.7901143e-05,0.99928963,0.0003189713,1252,test
0.99119335,0.00073519634,0.00032327237,0.00053410855,0.00010669372,0.0040636165,6.836217e-05,0.0029755116,1253,test
0.991456,0.00078191294,0.0006535888,0.00049634406,0.00011324078,0.0030490698,7.133959e-05,0.0033785242,1254,test
0.99482673,0.00027540437,0.0002394686,0.0002538754,4.6785335e-05,0.0018460159,3.471271e-05,0.0024769113,1255,test
0.0008226161,0.0016509487,0.99404424,0.0005751136,0.0003105439,0.0009003757,0.0004402276,0.0012559337,1256,test
0.0008824673,0.0017083476,0.99349606,0.0006310623,0.00029638622,0.0010031719,0.00051734963,0.0014651342,1257,test
0.0008900495,0.0011107029,0.99521434,0.0005116284,0.00021691338,0.00074418035,0.00033210084,0.0009800564,1258,test
0.00065659743,0.0011927626,0.9954426,0.00041607034,0.00017444255,0.00079899834,0.0002966355,0.0010218574,1259,test
0.00056561705,0.00082340173,0.99611914,0.00040752653,0.00012561203,0.0006536818,0.00025492208,0.0010500544,1260,test
0.9950932,0.0004943347,0.00020978649,0.00026189946,9.0416e-05,0.0018670948,3.287351e-05,0.0019502933,1261,test
0.0015911412,0.0010852255,0.00012223612,0.00010926819,3.7537342e-05,0.9966808,1.1608692e-05,0.00036216326,1262,test
0.9954781,0.00025734742,0.00035407598,0.00029659146,6.264382e-05,0.0012111472,3.0670642e-05,0.0023094062,1263,test
0.99653804,0.00022944571,0.00019885068,0.000225463,4.185939e-05,0.0010783832,2.014799e-05,0.0016679268,1264,test
0.0006380175,0.00045606057,0.9969981,0.00026112242,0.00010332918,0.00051434414,0.00020284731,0.00082616723,1265,test
0.0005843388,0.0011845117,0.9955569,0.0003695321,0.00014879316,0.00084877,0.00023435413,0.0010728271,1266,test
0.99733317,0.00020079335,0.000109311135,0.0001335646,3.351311e-05,0.0009333561,1.7624838e-05,0.0012385907,1267,test
0.0011327051,0.0018206566,0.9928738,0.00060582435,0.00032484427,0.0012156315,0.00046676907,0.0015596793,1268,test
0.9942783,0.0004605454,0.00025826044,0.00023852928,7.170402e-05,0.0021267952,3.8076887e-05,0.0025277925,1269,test
0.0010635942,0.0017599068,0.9932632,0.0006268902,0.00031211445,0.0010704799,0.00049227255,0.0014116185,1270,test
0.0011535117,0.001359046,0.9927913,0.0008964089,0.00031443394,0.0011984282,0.00043989078,0.0018469666,1271,test
0.9919882,0.0006434339,0.0004547102,0.00055643264,0.00010887047,0.0028244224,6.131309e-05,0.0033625846,1272,test
0.99683654,0.0002500327,0.00019601741,0.00015186508,4.00735e-05,0.0009899307,2.6181802e-05,0.0015093418,1273,test
0.9953933,0.00026546424,0.00028685495,0.00031303204,4.8832746e-05,0.0012693696,2.5789903e-05,0.002397356,1274,test
0.0007800386,0.0015582171,0.9939917,0.0006713908,0.00025394475,0.0010324814,0.00038225792,0.0013300024,1275,test
0.9949352,0.00042720287,0.00022758114,0.00031728134,7.519452e-05,0.0018510406,4.678169e-05,0.002119786,1276,test
0.99370074,0.00051096693,0.00041239036,0.00038918943,8.19433e-05,0.0020610546,4.119004e-05,0.0028024432,1277,test
0.00096667657,0.0018290677,0.9935947,0.0005790663,0.0003140432,0.0009877073,0.00042664236,0.0013020877,1278,test
0.001209708,0.0024830075,0.9916372,0.0005577951,0.0005376698,0.0010746159,0.00086923776,0.0016308252,1279,test
0.99844545,0.00012546142,0.000118835014,8.860663e-05,2.227155e-05,0.0004788663,1.0374167e-05,0.00071016094,1280,test
0.00132994,0.0016167681,0.9918779,0.0007462945,0.0003052295,0.0013814551,0.00075691094,0.0019856102,1281,test
0.99799037,0.0001732527,0.00013484161,0.00010386783,2.806873e-05,0.000487395,1.0213301e-05,0.0010720298,1282,test
0.00124637,0.0007528808,0.994484,0.0005833304,0.00015048415,0.00094510114,0.000361555,0.0014762377,1283,test
0.99713576,0.00023331553,0.00013739071,0.00019609008,3.335991e-05,0.0010251818,1.9864905e-05,0.0012190028,1284,test
0.0015113087,0.0017828961,0.9904295,0.0007322765,0.0005489646,0.0011509311,0.0014648973,0.0023792847,1285,test
0.002871931,0.0023261344,0.982608,0.0024630106,0.0013164568,0.001190128,0.004186819,0.003037531,1286,test
0.0015717323,0.0017703207,0.9916707,0.00076027535,0.0003417401,0.0013406558,0.0008419062,0.0017026688,1287,test
0.0020477294,0.0014733955,0.9921117,0.000707666,0.00039005364,0.0010863624,0.0007387553,0.0014443821,1288,test
0.0030752595,0.001744531,0.00072249654,0.00028153515,0.0001261383,0.9881495,0.00018482252,0.00571562,1289,test
0.00360649,0.9823278,0.004045368,0.00036213873,0.0012488015,0.004203706,0.0011762695,0.0030294233,1290,test
0.0011423309,0.0008963728,0.9922421,0.001546274,0.0004270004,0.0006277098,0.0011703036,0.0019479509,1291,test
0.99697936,0.00023673907,0.00036001275,0.00017041889,4.6432688e-05,0.0009721268,2.8858854e-05,0.001206089,1292,test
0.001322337,0.0015100569,0.9924871,0.0006878593,0.00033463613,0.0012004107,0.0007822687,0.0016753116,1293,test
0.0022800236,0.002095753,0.9890639,0.0009629892,0.00059182977,0.0013797459,0.0014542831,0.0021715073,1294,test
0.0044742282,0.00384102,0.97563225,0.002322159,0.0020115804,0.0019149347,0.0051087355,0.004695057,1295,test
0.0014362966,0.0012686211,0.9930253,0.0006619786,0.00032273892,0.0009302928,0.0007904285,0.0015644283,1296,test
0.99797505,0.00017828992,0.00025676418,8.4753265e-05,3.4299504e-05,0.00045955184,1.5858226e-05,0.0009953892,1297,test
0.99721485,0.00020876808,0.00022093098,0.00015089622,4.6207253e-05,0.0006454893,1.8331695e-05,0.0014944569,1298,test
0.001277805,0.0013373313,0.99326926,0.0005429798,0.00037087628,0.00087404234,0.0008406942,0.0014870103,1299,test
0.002667905,0.002677596,0.9870794,0.0010646775,0.00059159414,0.0017230482,0.0015701007,0.0026257327,1300,test
0.0028853766,0.98309267,0.004608752,0.00020015688,0.0009244526,0.004703342,0.00091318984,0.0026720616,1301,test
0.009884395,0.9290326,0.0074072224,0.0014798593,0.0037674275,0.02397765,0.0077618244,0.016688963,1302,test
0.9927167,0.0004914793,0.0009792157,0.00033102738,7.922472e-05,0.0012163053,8.949855e-05,0.004096613,1303,test
0.992759,0.00024123938,0.0008037203,0.0005205674,6.782862e-05,0.0018355264,7.706731e-05,0.0036951343,1304,test
0.002111973,0.002279873,0.98963493,0.0010204497,0.0005642543,0.0013536093,0.0011858654,0.0018490005,1305,test
0.001117502,0.000929564,0.99437296,0.0004957445,0.00016797951,0.0009378406,0.00042386455,0.0015545933,1306,test
0.0016434,0.0017039892,0.9915012,0.0010111238,0.0003932706,0.0011930424,0.00084337615,0.0017106984,1307,test
0.0015770049,0.002959411,0.9878928,0.00082888344,0.000524847,0.0019521421,0.001317414,0.0029473938,1308,test
0.0014384333,0.0022899662,0.98991615,0.00088480726,0.00051128323,0.0014240138,0.0013007891,0.0022345579,1309,test
0.9955153,0.00052696565,0.0005596626,0.00030183472,8.160958e-05,0.0014739747,5.8704147e-05,0.0014819327,1310,test
0.9971077,0.00023696767,0.00017943195,0.00016375151,4.5148936e-05,0.0008631045,1.8237053e-05,0.0013856736,1311,test
0.99713266,0.00024311716,0.00017928166,0.00014284436,5.3494652e-05,0.0010007265,1.9871646e-05,0.0012280853,1312,test
0.0009403437,0.00084833725,0.9936846,0.0010914536,0.0002750373,0.0005950485,0.0008461028,0.0017191087,1313,test
0.001469765,0.0018150362,0.9904632,0.00068914995,0.00056141225,0.0011950313,0.0014352265,0.0023712642,1314,test
0.0055753286,0.96151125,0.012292047,0.00041294293,0.0025186588,0.011865144,0.0014570478,0.0043675117,1315,test
0.9972134,0.0002372997,0.00036918858,0.00013074787,3.1180218e-05,0.0009654728,2.0697658e-05,0.0010320075,1316,test
0.00089716027,0.0009846239,0.0015004046,0.0045852126,0.96685123,0.0057585537,0.012570978,0.0068519386,1317,test
0.99542636,0.00029504587,0.0004760387,0.00039653023,6.015151e-05,0.0011597128,3.924674e-05,0.0021470112,1318,test
0.0010391332,0.0011702909,0.99317753,0.00071358564,0.00023927004,0.001103661,0.0005789215,0.0019774574,1319,test
0.99588436,0.0002861995,0.00030850954,0.0003922653,7.408968e-05,0.001206935,2.5509824e-05,0.0018221098,1320,test
0.003202628,0.986542,0.0030709566,0.00013566854,0.0007466283,0.003439113,0.0007802399,0.002082768,1321,test
0.00031940345,0.0002838921,0.0003270206,0.0019501181,0.98555654,0.0030447056,0.004825066,0.0036932174,1322,test
0.00073979195,0.00038484082,0.00014194111,8.006545e-05,1.9479501e-05,5.620911e-05,0.00071578886,0.9978619,1323,test
0.0025000365,0.0005355455,0.99387145,0.00031611745,0.00012999591,0.0010161774,0.00037357808,0.0012571448,1324,test
0.041612614,0.0034521057,0.91762346,0.010663344,0.0026118753,0.004432044,0.0074344757,0.012169997,1325,test
0.0027115594,0.0024447013,0.98737943,0.00066098425,0.00076259667,0.0017801726,0.0017477816,0.0025126636,1326,test
0.0013305128,0.00058897043,0.9950694,0.00033178847,0.0001591075,0.00082437054,0.0004117236,0.001284102,1327,test
6.322142e-06,5.9039544e-06,4.5334655e-05,8.339929e-06,0.00014290815,2.7165188e-05,0.99950445,0.0002597355,1328,test
0.9982686,0.00012276969,9.101603e-05,0.000105130726,2.2432476e-05,0.0005688348,1.4404124e-05,0.00080676895,1329,test
1.4908674e-05,1.4216544e-05,0.00011677499,2.0555182e-05,0.00022368952,5.106029e-05,0.99916494,0.0003939172,1330,test
0.0025105632,0.0023337128,0.9880497,0.0007728619,0.0006164178,0.0014763682,0.0016320857,0.0026082569,1331,test
0.0016228469,0.001621815,0.991651,0.0009910993,0.0004341572,0.0010975172,0.00081589574,0.0017656363,1332,test
0.997566,0.00020719897,0.00020406235,0.00013102642,3.6726615e-05,0.00080019765,2.5800857e-05,0.0010290077,1333,test
0.0040781656,0.022482902,0.00071205746,0.0013968918,0.024182402,0.9342657,0.0067073377,0.0061745862,1334,test
0.9975083,0.00016348223,0.00025121638,0.00011773555,4.3260396e-05,0.0007544898,2.2528502e-05,0.0011389147,1335,test
0.00373564,0.003382858,0.9786566,0.001872559,0.0017932971,0.001918932,0.0030025775,0.005637473,1336,test
0.94844925,0.008505862,0.0118120145,0.0041571846,0.0014821477,0.0067480695,0.0018944307,0.016951017,1337,test
0.0017769224,0.0014413963,0.99232155,0.0007444175,0.00041787475,0.0010057163,0.0008198118,0.0014723148,1338,test
0.0013978434,0.0010565714,0.9937855,0.00036894216,0.00023380287,0.00077837444,0.00072669395,0.0016522852,1339,test
0.9973648,0.0002100251,0.000275792,0.00013877603,4.594855e-05,0.00059216743,2.3418992e-05,0.0013490259,1340,test
0.0016821504,0.0016787393,0.9905522,0.0010422788,0.00052091386,0.0010957518,0.0013284569,0.0020995091,1341,test
0.0015767278,0.00223549,0.98995656,0.00087765156,0.00040372004,0.0018404146,0.00081356504,0.0022958196,1342,test
0.99707174,0.00017530589,0.00025181696,0.00018101356,4.559379e-05,0.00065808895,2.9752486e-05,0.0015866548,1343,test
0.003932801,0.9810073,0.0042031007,0.00032571665,0.0012112119,0.0045123855,0.001527212,0.0032803204,1344,test
0.9974942,0.000119105454,0.00026956777,0.00016197428,3.2176646e-05,0.0005456975,1.2890098e-05,0.001364428,1345,test
0.9983138,0.00016446701,0.00013262768,7.8343444e-05,2.0202033e-05,0.00050018233,8.838949e-06,0.0007814686,1346,test
0.0025615208,0.0022225545,0.98875254,0.0008239667,0.0005493878,0.0017567916,0.0011746166,0.002158706,1347,test
0.9978034,0.00018669388,0.00016872869,0.00015475429,3.4605808e-05,0.00064062316,2.5434729e-05,0.0009858372,1348,test
0.0018097659,0.0015797167,0.991297,0.0006305473,0.00046461998,0.0010971951,0.0012718608,0.0018493205,1349,test
0.0018820418,0.0021359844,0.98956233,0.0011305688,0.00041842798,0.0016440944,0.0009386963,0.0022879483,1350,test
0.0012781423,0.0005946746,0.9946772,0.00034078283,0.00015826027,0.00087437057,0.0004432276,0.0016333859,1351,test
0.0009811659,0.0009520971,0.9947442,0.0005464574,0.00022284599,0.00083397515,0.0005331798,0.0011862025,1352,test
0.0012041382,0.0010033292,0.99404377,0.00045121447,0.00016264291,0.0010727069,0.00042767476,0.0016345383,1353,test
0.0014944751,0.000961107,0.9927226,0.00092126604,0.00031302066,0.0008424954,0.00068657164,0.0020584348,1354,test
0.9980203,0.00014903651,0.00017377948,9.1606096e-05,2.973626e-05,0.000535998,1.5264857e-05,0.000984249,1355,test
0.0013709149,0.0012886865,0.9932045,0.0006664019,0.00029235973,0.0010414029,0.0006182286,0.001517507,1356,test
0.99739146,0.00021495917,0.00016537447,0.00017044919,2.8719202e-05,0.00084720156,2.4355337e-05,0.0011573839,1357,test
0.0013676817,0.0010821951,0.9932642,0.00034960965,0.00014592422,0.0016847665,0.0003630954,0.0017424425,1358,test
0.08820213,0.018620007,0.7023821,0.014106704,0.08215571,0.025269028,0.052239057,0.0170253,1359,test
0.0017641757,0.0014363213,0.99058694,0.0011647559,0.0005549844,0.0010947968,0.0013647231,0.0020333722,1360,test
0.9977501,0.00020164659,0.0002945921,0.00011446965,3.9744264e-05,0.0005619355,3.0311081e-05,0.001007149,1361,test
0.9971675,0.0001956187,0.00015670912,0.00017478899,3.955869e-05,0.0008407781,2.5312034e-05,0.0013996735,1362,test
0.99801636,0.00017452319,0.000103977676,0.000117964264,3.330309e-05,0.0006509351,1.787465e-05,0.0008851147,1363,test
0.0010338576,0.00089430774,0.99451256,0.00064611854,0.00030858445,0.00052842015,0.00071448967,0.0013616183,1364,test
0.0010813348,0.00079000223,0.9948513,0.00029912026,0.00010929512,0.0011286706,0.00034280476,0.0013974569,1365,test
0.9979838,0.00018042428,0.00014418353,0.00010092268,3.427214e-05,0.00056436734,1.4346556e-05,0.0009776059,1366,test
0.87192136,0.032619555,0.042423975,0.0066039083,0.0036673076,0.01974397,0.0031019389,0.019917982,1367,test
0.0033257604,0.0036708442,0.98393756,0.0011027924,0.000862319,0.002010288,0.0019086892,0.003181687,1368,test
0.0016347062,0.0017909581,0.99118376,0.00063956884,0.00026059628,0.0017208494,0.00060929457,0.0021602355,1369,test
0.0009851641,0.0008897544,0.00022354058,4.1183863e-05,1.3585142e-05,0.99754876,8.011321e-06,0.0002900421,1370,test
0.0026962643,0.0014019192,0.99195564,0.0005938084,0.00035610396,0.0010433391,0.0008274266,0.0011254468,1371,test
0.0020525963,0.002053447,0.9902563,0.00094886887,0.000512627,0.0013024752,0.0011015126,0.0017721347,1372,test
0.99678373,0.00023925374,0.00031619435,0.0001975057,5.3878648e-05,0.00094112306,3.0429246e-05,0.0014378832,1373,test
0.002173047,0.002349755,0.98878634,0.00096907624,0.00064423855,0.0015746596,0.0013826045,0.0021202741,1374,test
0.0016127852,0.0016606158,0.9916889,0.00078894064,0.00038891038,0.0012943618,0.0008436432,0.0017219487,1375,test
0.0037376122,0.9809964,0.006028066,0.00021126382,0.0014460385,0.0036746846,0.0010047939,0.0029010866,1376,test
0.0015535923,0.0018387438,0.9918268,0.0008541356,0.00042587327,0.0010488158,0.0009295503,0.00152249,1377,test
0.0020607098,0.0021345052,0.9898135,0.00084736454,0.0005679222,0.0013019752,0.0012947544,0.0019793569,1378,test
0.88334936,0.046236772,0.0117546115,0.0010308187,0.0031481565,0.04076704,0.0016168072,0.012096434,1379,test
0.0016944071,0.00134259,0.9930397,0.0006327302,0.00029648244,0.0010295236,0.00064715085,0.001317339,1380,test
0.9971775,0.000191251,0.00025037234,0.00019226596,3.9010236e-05,0.0008547546,2.9620533e-05,0.0012653458,1381,test
0.0016031015,0.0017099913,0.99188614,0.00070735393,0.00033302646,0.0012986924,0.00087242696,0.0015893911,1382,test
0.0012281813,0.0010713,0.99404883,0.00061469415,0.00019478999,0.0010016684,0.00044752526,0.0013929899,1383,test
0.0006506762,0.0007066843,0.00022997512,5.062682e-05,2.128652e-05,0.99794525,1.8703933e-05,0.00037685302,1384,test
0.0015419481,0.0014046027,0.9930988,0.00063564524,0.0003156037,0.0010215944,0.0006638915,0.0013178225,1385,test
0.0008281431,0.00096577336,0.9939604,0.001088707,0.00026966617,0.00064502336,0.0005767009,0.0016656748,1386,test
0.0034752528,0.0051841815,0.9773316,0.0014845311,0.0013101366,0.0020160337,0.0057220673,0.003476176,1387,test
0.0035774861,0.98424006,0.0037202863,0.0001652163,0.0010309784,0.004287537,0.00078440824,0.0021940263,1388,test
0.9986895,5.6280252e-05,0.00014571518,7.4105534e-05,2.0703776e-05,0.0003315828,8.585032e-06,0.0006735781,1389,test
0.49559698,0.38528982,0.018577391,0.0016275883,0.010532299,0.050653215,0.0063044745,0.031418275,1390,test
0.020413013,0.034438923,0.8659337,0.010077587,0.007969994,0.01253929,0.019457905,0.029169634,1391,test
0.99439114,0.0004972505,0.00045526668,0.00027410415,6.229449e-05,0.0023902603,4.4835804e-05,0.0018847745,1392,test
0.002335001,0.02467397,0.00021465123,0.00057308463,0.0073417993,0.9619905,0.0011069532,0.0017640024,1393,test
0.0028565105,0.0025100308,0.98808986,0.00075833703,0.0006914639,0.0015336729,0.001633932,0.001926225,1394,test
0.9938445,0.00054530264,0.00032975743,0.000337481,0.00011267501,0.0015053202,0.000102534934,0.0032224152,1395,test
0.99517363,0.00035507328,0.00029396504,0.0004013614,7.702098e-05,0.0014365732,4.403313e-05,0.0022183638,1396,test
0.00051078113,0.00052196573,0.0005385114,0.0025084207,0.97906405,0.0045643174,0.0067383097,0.005553603,1397,test
0.0019073521,0.0020779436,0.9896993,0.00097068487,0.0004271671,0.0015476312,0.0011022412,0.002267654,1398,test
0.99882036,8.165797e-05,8.9253444e-05,6.030874e-05,2.2778617e-05,0.00030917427,9.147086e-06,0.0006073831,1399,test
0.0014547122,0.0010076741,0.99412775,0.0004466087,0.00018768915,0.0010740112,0.0004598558,0.0012416918,1400,test
0.011237827,0.026167028,0.0021880867,0.007908723,0.2049592,0.70320106,0.025378417,0.018959673,1401,test
0.0019263412,0.0017879504,0.9902372,0.0010040499,0.00051188795,0.0011370428,0.0012603843,0.0021351653,1402,test
0.0012664471,0.00085002295,0.9929349,0.00096192805,0.0003840501,0.00070463965,0.0011448365,0.001753165,1403,test
0.0054161088,0.9732029,0.0040532183,0.0004873979,0.0025367509,0.0057822666,0.0015753713,0.0069458876,1404,test
0.9973104,0.00023530463,0.00016080361,0.00012333626,4.2760592e-05,0.00077857566,1.4773212e-05,0.0013339893,1405,test
4.2669522e-05,6.202106e-05,2.814591e-06,1.7515302e-06,2.5155077e-07,1.3207294e-06,2.283814e-06,0.9998869,1406,test
0.0021112408,0.0020333484,0.99031454,0.0008750198,0.0005078736,0.0011986058,0.001242926,0.0017164577,1407,test
0.9978313,0.00010166154,2.2646342e-05,6.307717e-05,5.0687268e-05,0.0006506258,1.4811336e-05,0.0012652213,1408,test
0.001214798,0.0012769239,0.9930507,0.00083669793,0.0004119285,0.0007614622,0.0009771277,0.0014704692,1409,test
0.00040776536,0.00016746287,0.0001377893,0.00013063109,2.355506e-05,2.7386932e-05,0.0001434495,0.9989619,1410,test
0.0014066203,0.0010626083,0.9934877,0.00075496413,0.0002924682,0.000805282,0.000682023,0.0015083308,1411,test
0.000898739,0.00054710667,0.99584097,0.00057102623,0.000114489165,0.0006367734,0.00031134175,0.0010795018,1412,test
0.0058747493,0.9599384,0.0077386526,0.0006415538,0.0031323722,0.0096277725,0.0034649055,0.009581617,1413,test
0.99849856,7.634783e-05,2.699294e-05,3.7843394e-05,2.4241215e-05,0.00038203745,7.037327e-06,0.00094692485,1414,test
0.9978492,8.357337e-05,3.254967e-05,0.00013408434,4.8950715e-05,0.00055777794,2.2542908e-05,0.0012712934,1415,test
0.9981621,0.000126913,3.3341134e-05,6.367398e-05,3.0353163e-05,0.00044394645,1.2352855e-05,0.0011273548,1416,test
0.0011379234,0.0011171423,0.9918479,0.0014014142,0.00035980358,0.0004729378,0.0018609788,0.0018019731,1417,test
0.96832484,0.00621834,0.00796193,0.0018034093,0.0006328522,0.0055126254,0.0006393864,0.008906689,1418,test
0.0010731544,0.0010812727,0.99260086,0.0010034994,0.00037091438,0.00071145874,0.0010708286,0.0020880017,1419,test
0.00050156296,0.0005651264,0.9958651,0.0007916606,0.00013679519,0.00036199717,0.00047523296,0.001302596,1420,test
0.0010783952,0.0005668005,0.99561393,0.00046526882,0.00012206685,0.00066592643,0.00040200283,0.0010855877,1421,test
0.002086688,0.0016891451,0.990379,0.0008450802,0.0005572311,0.00105974,0.0012360219,0.0021471274,1422,test
0.0018994513,0.0014322551,0.99098223,0.0010871553,0.00052937533,0.00084850215,0.0014483251,0.0017727033,1423,test
0.0010769053,0.00078461564,0.9956252,0.0003934776,0.00018332529,0.0005796034,0.00047726373,0.00087971595,1424,test
0.3641177,0.04298875,0.11620866,0.24471319,0.011047155,0.05082348,0.014368977,0.15573215,1425,test
0.0011040102,0.0004477873,0.00038408983,0.00034156477,7.067326e-05,8.857983e-05,0.000104044884,0.99745923,1426,test
0.9971042,0.00016086269,4.3500226e-05,0.00015128593,4.399331e-05,0.00078240957,2.7898188e-05,0.0016857358,1427,test
0.0010918269,0.0010914312,0.99331385,0.0009460047,0.00032925967,0.0007107517,0.0008353572,0.0016814631,1428,test
0.0021995727,0.0017558194,0.98957753,0.0010152139,0.0006520644,0.0009890128,0.0017837118,0.0020271821,1429,test
0.0006252058,0.0006745339,0.9961169,0.0004780036,0.00017093055,0.00049845775,0.00042482623,0.0010110794,1430,test
0.9976381,0.00014974349,4.4342338e-05,7.137199e-05,4.00777e-05,0.00063404266,1.4349302e-05,0.0014079043,1431,test
0.012814427,0.92192376,0.008190822,0.0021664237,0.011650929,0.015866749,0.009439768,0.017947147,1432,test
0.0056552053,0.96610683,0.0063174623,0.00049908966,0.0030093116,0.007597493,0.0023200675,0.008494567,1433,test
0.00080322905,0.0007723135,0.9949175,0.00064679876,0.00019120229,0.00066725176,0.00052830146,0.0014734365,1434,test
0.00076394813,0.00085098087,0.9936609,0.00076628133,0.0003237056,0.00048414053,0.0014257168,0.0017242744,1435,test
0.0024854501,0.0009466048,0.9915842,0.0004714109,0.00021181711,0.001638481,0.0006830755,0.0019789466,1436,test
0.00571869,0.9455284,0.0058114734,0.001440977,0.0051721074,0.013845424,0.0040688547,0.018413998,1437,test
0.0009338315,0.00066112116,0.99524325,0.0006509608,0.00017161937,0.00060939125,0.00051045994,0.0012192533,1438,test
0.9959895,0.00030988356,8.044903e-05,0.00014725287,7.032908e-05,0.0013281999,3.1266667e-05,0.0020431473,1439,test
0.0014449486,0.0007092288,0.9943112,0.0007280682,0.00022379149,0.0006705906,0.0006125683,0.0012996398,1440,test
0.9973832,0.0002034712,2.786031e-05,0.00011330407,2.8749242e-05,0.0010192763,1.5988182e-05,0.0012081539,1441,test
0.0014695431,0.0016579616,0.9905194,0.0010541686,0.0004918992,0.0011054574,0.0012287892,0.002472789,1442,test
0.0016141703,0.0010053619,0.9927394,0.00095913553,0.00035318607,0.00072871905,0.0009844177,0.0016157058,1443,test
0.99754363,0.00021700926,2.5303425e-05,8.919889e-05,3.094038e-05,0.00083416153,1.3223039e-05,0.0012465366,1444,test
0.99749184,0.00014060007,6.335154e-05,0.00012696357,4.2604883e-05,0.00061742915,3.0563835e-05,0.0014866879,1445,test
0.0014119714,0.001146059,0.99304867,0.000968865,0.00036906824,0.0007993899,0.00081842643,0.0014374439,1446,test
0.00014409564,0.00022192046,0.0014557621,0.0003356981,0.0021752752,0.0005692808,0.98987716,0.0052208346,1447,test
0.0011729485,0.0009829458,0.99363846,0.00095058454,0.00029126802,0.00067236624,0.0008411531,0.0014503394,1448,test
0.9970595,0.0001493316,5.2619667e-05,0.0001300588,3.9825685e-05,0.0007142992,2.018874e-05,0.0018340593,1449,test
0.118652366,0.02874162,0.7770472,0.0102863815,0.0067628925,0.0076722275,0.030252231,0.020584993,1450,test
0.0071993405,0.9587073,0.0071909456,0.0010116657,0.004387963,0.00914326,0.0034330462,0.00892644,1451,test
0.00078996475,0.00069266814,0.995466,0.00057970424,0.00017650264,0.000577301,0.00047692904,0.0012409159,1452,test
0.0012246459,0.0011546873,0.9929542,0.00091970275,0.0003101232,0.00087101205,0.0007706472,0.0017949049,1453,test
0.9969607,0.00020406247,3.751381e-05,9.081326e-05,7.109202e-05,0.001079651,2.1431775e-05,0.001534678,1454,test
0.006554717,0.95381,0.002827349,0.00046234237,0.0042570108,0.008615335,0.0011986989,0.022274528,1455,test
0.98892176,0.0009523182,0.0017832568,0.00096334814,0.0002085383,0.0032768238,0.00011915029,0.0037748844,1456,test
0.9976419,0.00016675964,3.910989e-05,0.00010701439,3.3052576e-05,0.00085336046,2.7641283e-05,0.0011311448,1457,test
0.0012214844,0.0009846622,0.9932535,0.00091314496,0.00033954057,0.0007362459,0.0009115014,0.0016399298,1458,test
0.0003651705,0.0004831195,0.99454814,0.0018134752,0.00013824429,0.00039377174,0.00042213663,0.001835862,1459,test
0.7774576,0.025509527,0.10271614,0.010860115,0.003019073,0.017839748,0.0048021856,0.057795625,1460,test
0.0009143236,0.0010003542,0.993722,0.000906931,0.00031091194,0.0006823742,0.00077256304,0.0016904401,1461,test
0.0054805065,0.9658022,0.00484786,0.0005950727,0.003197634,0.007417607,0.0016710138,0.010988105,1462,test
0.0057141976,0.9660876,0.0077210353,0.0005702471,0.003640754,0.0072713485,0.002582214,0.0064125257,1463,test
0.01800784,0.016141042,0.91836804,0.0054536858,0.0038025691,0.0049012336,0.026269801,0.0070557874,1464,test
0.00030236394,0.0006532295,0.00017628694,0.00014721068,2.7365259e-05,4.8800135e-05,0.00019443118,0.9984503,1465,test
0.99766254,0.00016527655,6.966772e-05,6.603069e-05,4.813989e-05,0.0007496089,1.4865912e-05,0.0012238559,1466,test
0.00062234636,0.00021479426,0.000102712365,0.00010556147,2.4956036e-05,5.9842725e-05,0.00015211379,0.99871767,1467,test
0.012762199,0.9122969,0.01780831,0.0009636404,0.0046141995,0.01867845,0.005379798,0.027496621,1468,test
2.212257e-05,0.0001357443,0.0005703247,0.0002351079,0.0010768712,0.0001937223,0.9944781,0.0032879272,1469,test
0.9940608,0.0007218031,0.00030636927,0.0002922487,0.00011370071,0.0021810238,9.072328e-05,0.0022333916,1470,test
0.99714965,0.00010287258,4.2066982e-05,0.0001181507,6.768796e-05,0.0008422325,4.9698232e-05,0.0016277244,1471,test
0.99789596,0.00013597643,4.2330805e-05,0.00010180387,3.6642716e-05,0.0006095029,2.4124727e-05,0.0011535598,1472,test
0.9977785,0.00013246924,2.7868879e-05,5.1950803e-05,4.4414563e-05,0.00062990125,1.1864022e-05,0.0013231015,1473,test
0.00024712615,0.00032377974,1.558215e-05,9.732814e-06,1.4817659e-05,0.9992555,3.2915182e-06,0.00013025479,1474,test
0.0005632439,0.0005055776,0.9951532,0.0010674424,0.00018357001,0.00037742782,0.0005867658,0.0015627971,1475,test
0.00065099914,0.0002642849,0.9964031,0.0004372273,0.00012345931,0.0003806464,0.0004528189,0.0012874883,1476,test
0.0013696208,0.0014287136,0.9915073,0.0011891853,0.0004870201,0.0007724006,0.0014292233,0.0018165,1477,test
0.001177841,0.0012568658,0.9927965,0.0007690401,0.0004867297,0.00077927153,0.0011432325,0.001590507,1478,test
0.0020712512,0.0024404374,0.9868938,0.0016656994,0.0008244665,0.0013055896,0.001996372,0.0028023657,1479,test
0.00031298253,0.0001967808,0.00011104658,5.191477e-05,1.16989e-05,7.958728e-05,2.684758e-05,0.9992092,1480,test
0.9910157,0.0006452432,0.00045545743,0.00054380915,0.0002321869,0.002944827,8.33577e-05,0.004079504,1481,test
0.00012884133,0.00017503998,0.00012710891,3.5300407e-05,9.356789e-06,3.790132e-05,9.2542505e-05,0.99939394,1482,test
0.965971,0.0041991966,0.0009057628,0.0011832439,0.00043389396,0.02151083,0.00044578846,0.005350316,1483,test
0.0013757,0.0014048629,0.9917659,0.0010342028,0.0004576835,0.00092138734,0.0011375119,0.0019028471,1484,test
0.99749434,0.00018352168,2.9524788e-05,6.259244e-05,4.0352712e-05,0.000793064,1.319622e-05,0.0013834955,1485,test
0.0005740969,0.0005360319,0.9962633,0.00051923556,0.0001335685,0.00047777305,0.00036678117,0.0011292092,1486,test
0.0011227109,0.001078773,0.99348783,0.0010533051,0.0003202018,0.0007480767,0.0007719046,0.0014171924,1487,test
0.0013454541,0.0009635046,0.99308383,0.00092384353,0.00024194465,0.00080520374,0.00073151523,0.0019046889,1488,test
0.0012580298,0.0011142455,0.99241614,0.0009442394,0.00035588676,0.00080198713,0.0008543751,0.002255093,1489,test
0.0010011283,0.00076096854,0.9939958,0.00054393493,0.00013517194,0.0011338765,0.00052443193,0.0019045563,1490,test
0.0010254305,0.0004078218,0.9955701,0.00046466902,0.00013871376,0.0007184491,0.00033500054,0.0013398201,1491,test
0.0005080318,0.0013400603,0.99169815,0.0017381952,0.00045991314,0.00057024433,0.0013571377,0.0023281993,1492,test
0.0013829931,0.00096928986,0.993832,0.0006873508,0.0003044808,0.00069455,0.0008337477,0.0012957104,1493,test
0.9972084,0.00025666528,2.6689337e-05,0.00010645317,3.590244e-05,0.0010966468,1.7581691e-05,0.0012517286,1494,test
0.0016307414,0.014138992,0.009797072,0.0039093327,0.80476546,0.005297558,0.101688735,0.058772095,1495,test
0.0077960594,0.004126466,0.003681374,0.0011845811,0.0012167156,0.84024704,0.00050387514,0.14124395,1496,test
0.0008050828,0.00044484474,6.202631e-05,7.615438e-05,8.65465e-05,0.99807173,1.244999e-05,0.00044113945,1497,test
0.99625444,0.00019513528,0.00011457067,0.00013878396,7.6910605e-05,0.00089444086,2.5520569e-05,0.002300056,1498,test
0.0026910268,0.002602345,0.9860805,0.0012391567,0.0009815403,0.0013807171,0.0024780736,0.002546501,1499,test
0.0009838034,0.00124328,0.99223,0.00094660325,0.00032378582,0.0009105787,0.0009856271,0.002376278,1500,test
0.0053160423,0.9484872,0.012098776,0.0015403712,0.004712749,0.01072959,0.005736102,0.011379079,1501,test
0.001069327,0.0010829048,0.99332434,0.00091136346,0.0002919854,0.0007551471,0.0008028596,0.0017621288,1502,test
0.00086569553,0.0008413899,0.99403954,0.00093408086,0.0002516245,0.0006417018,0.0007375244,0.0016884735,1503,test
1.4348191e-06,1.13942615e-05,5.201127e-05,4.452542e-05,0.0011854065,3.107373e-05,0.9984275,0.00024663142,1504,test
0.004761913,0.005335834,0.97091013,0.0026341728,0.0024339417,0.0020975086,0.006559161,0.0052672834,1505,test
0.9979231,0.000106941705,2.4063134e-05,9.889246e-05,2.6665402e-05,0.0005192643,1.757844e-05,0.0012836241,1506,test
0.0012673232,0.0011487874,0.9931773,0.0008096326,0.000363268,0.00070968183,0.0009756003,0.0015484578,1507,test
0.99664164,0.00023758401,0.00011525598,0.0001659322,6.0250804e-05,0.0010327465,3.7250225e-05,0.0017093542,1508,test
0.001343542,0.0014234962,0.9913775,0.0009978631,0.0004587826,0.00087269215,0.0013980296,0.002128132,1509,test
0.0018626222,0.0023764812,0.9875572,0.0010687539,0.00084491144,0.0015893169,0.0018439715,0.0028567752,1510,test
0.0010292873,0.00088173046,0.9947642,0.00047942236,0.0001791004,0.0007946214,0.0005125603,0.0013590564,1511,test
0.9908579,0.0006401826,0.0004917441,0.0004290402,0.00022568674,0.00087408256,0.00015477459,0.0063265758,1512,test
0.9968886,0.00021475203,4.520833e-05,0.00022438676,3.818737e-05,0.0011811145,3.9661918e-05,0.0013681451,1513,test
0.9894868,0.0008834772,0.001213499,0.00054098485,0.00022488795,0.002944118,0.00013488792,0.004571358,1514,test
0.0063025546,0.96399707,0.0044861673,0.0004895305,0.0027597637,0.009029642,0.0019545977,0.010980728,1515,test
0.0008547912,0.00040445264,0.9956939,0.00041835106,0.00014319734,0.00067168777,0.0003760688,0.0014375658,1516,test
0.99138767,0.00070811086,0.00015255541,0.0002549458,0.00029820797,0.003738328,0.00011136864,0.003348851,1517,test
0.0011867475,0.0011412648,0.9922463,0.00095162063,0.0003836134,0.0007279888,0.0011187138,0.0022437803,1518,test
0.0033830325,0.01389107,0.963174,0.0012479032,0.0015608761,0.0070144134,0.0033829648,0.0063458304,1519,test
0.0013784742,0.0015517259,0.99128973,0.001215291,0.0004803212,0.0008750203,0.001359712,0.0018496729,1520,test
0.00025549126,0.00029101764,7.24586e-05,9.569316e-05,1.720744e-05,4.9156602e-05,4.421118e-05,0.9991748,1521,test
0.99830127,0.000120639605,1.471144e-05,6.0682698e-05,2.6459842e-05,0.0005240231,9.971e-06,0.00094233797,1522,test
0.0013519487,0.0013493377,0.9923874,0.0007207258,0.00035504304,0.00094078033,0.0010352008,0.0018595095,1523,test
0.0012603791,0.0016280782,0.9909662,0.0011208762,0.0005911821,0.00079795317,0.0016273478,0.0020079124,1524,test
0.0012896674,0.009515045,0.0070980126,0.004214505,0.00056947063,0.00090249156,0.0017533397,0.9746575,1525,test
0.00087282574,0.00079746183,0.9947007,0.0006617044,0.00016011873,0.0008277583,0.00038214592,0.0015972853,1526,test
0.9975835,0.00017261914,3.7079728e-05,0.00010261354,4.243418e-05,0.00073819526,1.6129687e-05,0.001307495,1527,test
0.0060491655,0.96458334,0.0071733645,0.00057206594,0.0032680326,0.007857817,0.0038234505,0.0066728606,1528,test
0.00034411252,0.0005535243,9.164596e-05,0.000117972944,1.5861988e-05,8.793625e-05,0.0001353697,0.99865353,1529,test
0.001654688,0.0020878485,0.9884869,0.0014674201,0.00066748983,0.0010041244,0.0020705962,0.0025609534,1530,test
0.0009895172,0.0009032395,0.9942707,0.00085096114,0.00026652426,0.0006302093,0.0006021109,0.0014867416,1531,test
0.997324,0.00015747837,4.8600912e-05,9.307747e-05,4.3294374e-05,0.00075784797,2.3316683e-05,0.0015524254,1532,test
0.0014906061,0.00092570257,0.99362564,0.0008349908,0.00024907617,0.0008343564,0.0006230603,0.0014166491,1533,test
0.0061522922,0.005072035,0.9656433,0.002952785,0.0016731848,0.0018974728,0.011627777,0.0049812025,1534,test
0.030712232,0.031890042,0.28782463,0.03995757,0.3501115,0.07560302,0.1591228,0.024778152,1535,test
0.0010245071,0.0022122622,0.9910862,0.00045104392,0.0002650079,0.0023410462,0.0004331742,0.002186765,1536,test
4.301432e-05,0.00014216611,2.911685e-05,1.6574231e-05,2.4119308e-06,6.1087903e-06,1.3874543e-05,0.99974674,1537,test
0.0011538857,0.0018773022,0.9917054,0.0006833601,0.00047161602,0.0012729273,0.00077132473,0.0020641505,1538,test
0.0009026187,0.0016290944,0.9924092,0.00060037465,0.00030099228,0.0014624948,0.0005496194,0.002145477,1539,test
0.997493,0.0001224646,6.6994944e-05,0.00018724409,2.7916494e-05,0.00096036884,2.5498353e-05,0.0011164106,1540,test
0.0012987511,0.0018635873,0.9914882,0.0012384995,0.00042416624,0.0012457931,0.00057326537,0.0018677043,1541,test
0.0007551946,0.000788281,0.9954932,0.00045725828,0.00019432012,0.00065854954,0.00028646545,0.0013667637,1542,test
0.0011857998,0.0014482532,0.9924434,0.00079917995,0.00041873017,0.0011835227,0.0006373745,0.0018837629,1543,test
0.0009017502,0.0011681389,0.9937755,0.00076234073,0.00021084039,0.0012335553,0.00028459125,0.0016632404,1544,test
0.0020482817,0.987462,0.0020535549,0.00031822507,0.0006829005,0.0029906626,0.000843669,0.0036007115,1545,test
0.00095375447,0.0016822328,0.9929904,0.00064823974,0.00032605074,0.0011171531,0.0005291821,0.0017529728,1546,test
0.0006857382,0.0013168071,0.99422944,0.0005526882,0.00019123961,0.0011635242,0.00023967198,0.0016210154,1547,test
0.0019437406,0.0017015807,0.989894,0.00083509844,0.0007190013,0.0013078562,0.0010623247,0.0025364554,1548,test
0.002165908,0.0019346742,0.9880365,0.0013807289,0.0009178049,0.0012317303,0.001603561,0.0027290436,1549,test
0.9982152,4.6544505e-05,9.598129e-05,9.7891716e-05,2.206854e-05,0.00036386625,1.3885017e-05,0.0011447244,1550,test
0.0009778546,0.0011041998,0.9936965,0.0005711063,8.538117e-05,0.0019379006,0.00010854952,0.0015184833,1551,test
0.0031241293,0.97950417,0.005208367,0.0005358872,0.0015029822,0.0041440497,0.00093211286,0.005048296,1552,test
0.9950418,0.0001904109,0.0004153851,0.0003243815,6.948412e-05,0.0013485715,1.9787813e-05,0.0025901808,1553,test
4.4089655e-05,3.0327239e-05,1.0916234e-05,0.00077504537,0.9916986,0.00062925887,0.0061415094,0.0006702819,1554,test
0.9967855,0.0001386749,0.00011890601,0.00027002263,3.987531e-05,0.0011728386,2.091531e-05,0.0014531988,1555,test
0.0014428137,0.0026651674,0.98555136,0.003055519,0.0012261957,0.0012494039,0.0017720172,0.0030374348,1556,test
0.99754864,0.000103128135,0.000101159014,0.00022027183,3.2948217e-05,0.00087719585,3.208981e-05,0.0010844787,1557,test
0.0011299473,0.0016640272,0.9926876,0.0006278826,0.00040144956,0.0012007093,0.000560192,0.0017282036,1558,test
0.99561334,0.00022861932,0.00036527254,0.00030415133,9.4343886e-05,0.0012780575,3.4273493e-05,0.0020819749,1559,test
0.9981907,5.148884e-05,0.00010769735,0.000119171455,3.347594e-05,0.00040805578,1.6719328e-05,0.001072651,1560,test
0.00071085687,0.00095355493,0.99517435,0.00067596696,0.00016811168,0.000921993,0.0002057521,0.001189462,1561,test
0.028120708,0.858234,0.009282558,0.006205626,0.014552887,0.025498489,0.016516978,0.041588746,1562,test
0.0010862828,0.0021033033,0.99198794,0.00070200535,0.00039120595,0.0012046298,0.0006382259,0.0018865076,1563,test
0.001201003,0.0013476552,0.99288636,0.0004304184,0.00036241874,0.0010147829,0.00063122314,0.0021260714,1564,test
0.9960938,0.00014855772,0.00017623001,0.00023670212,4.8739912e-05,0.0012341641,2.4227526e-05,0.002037614,1565,test
0.04733952,0.3888143,0.018491492,0.009414216,0.010373024,0.17182472,0.025672423,0.3280703,1566,test
0.0017986898,0.0030436404,0.98768175,0.00085498206,0.0007801623,0.00178631,0.0014539706,0.0026005462,1567,test
0.99815935,4.191374e-05,0.00011220155,0.00012621128,3.00085e-05,0.00034367337,1.3064088e-05,0.0011735214,1568,test
0.0012553415,0.0010619435,0.99230146,0.0010548965,0.00052133884,0.0008945698,0.0009897179,0.0019206026,1569,test
0.0015981756,0.0019701982,0.9878029,0.0012096028,0.0009419085,0.0011143395,0.0018445376,0.0035183292,1570,test
0.0016721023,0.0015488527,0.9913948,0.00086891465,0.0006034296,0.000922135,0.0008850576,0.0021046714,1571,test
0.99579805,9.158144e-05,0.00019628958,0.00037964826,5.141586e-05,0.0009569288,4.7837813e-05,0.0024781236,1572,test
0.0011462879,0.0018610605,0.9918583,0.0008840888,0.0004243213,0.0013381604,0.0005627775,0.0019250049,1573,test
0.9934378,0.00039042754,0.0004620926,0.00054108555,9.520082e-05,0.0018505141,5.4445813e-05,0.003168371,1574,test
0.9958474,0.000187701,0.00016165384,0.00038856256,5.673593e-05,0.0013143066,3.493127e-05,0.0020087385,1575,test
0.9982797,7.7543344e-05,6.081544e-05,0.00014818423,2.2340793e-05,0.00054291444,1.3142882e-05,0.0008553829,1576,test
0.00092555233,0.0013122062,0.99383163,0.0007359209,0.00031222816,0.0009189713,0.00039810225,0.0015653599,1577,test
0.9972941,0.00010917841,0.00014404474,0.00026775114,3.4018118e-05,0.000819117,3.2520704e-05,0.0012992346,1578,test
0.997563,4.3688993e-05,0.00021450256,0.0001731255,3.7897607e-05,0.00043013907,2.548823e-05,0.001512187,1579,test
0.4362683,0.018016228,0.4682313,0.01706029,0.0045533613,0.011772396,0.008617369,0.035480715,1580,test
0.0017856233,0.0035519232,0.9791139,0.0016548604,0.0013686181,0.0018507973,0.003443939,0.00723045,1581,test
0.0011880767,0.002472671,0.9848418,0.0027056173,0.0011420704,0.0014648519,0.0022178052,0.0039670034,1582,test
0.0012062602,0.0020423552,0.99082184,0.0010495073,0.00040594218,0.0015427582,0.00060007925,0.0023313188,1583,test
0.0011029834,0.0015472412,0.9930687,0.00065054465,0.0004461031,0.0010932363,0.0005439958,0.001547261,1584,test
0.0012099503,0.001745738,0.991952,0.00073892105,0.00041767833,0.0013325412,0.0006837797,0.0019195153,1585,test
0.9954418,0.00018884112,0.0001927494,0.00062582066,5.9751314e-05,0.0015839182,4.906195e-05,0.0018580025,1586,test
0.00081574154,0.0013271684,0.9938497,0.0006305167,0.00029315404,0.0010814975,0.00042305343,0.0015791274,1587,test
0.9973973,6.56331e-05,0.00014704546,0.00023292337,2.7972203e-05,0.0006198694,2.8363858e-05,0.0014809824,1588,test
0.0011452924,0.002134879,0.9915643,0.0007913412,0.00052418036,0.0012337186,0.0007048736,0.0019013934,1589,test
0.0015406737,0.0015447476,0.9903923,0.00095387857,0.0006024826,0.0013462097,0.0009937362,0.0026258714,1590,test
0.91525006,0.0033726438,0.050893396,0.007983535,0.0013895013,0.0050256895,0.0014522385,0.014633019,1591,test
0.99807477,5.6972694e-05,0.00010884702,0.00011663324,2.3899782e-05,0.0004987933,9.62989e-06,0.0011103492,1592,test
0.99705315,8.4903644e-05,0.00013918853,0.0003616689,4.520269e-05,0.0007197552,2.7748913e-05,0.0015684052,1593,test
0.9926075,0.00047159955,0.0007251368,0.00040924735,0.00013123076,0.0031014383,9.021853e-05,0.0024636788,1594,test
0.00083523087,0.0017019893,0.9932816,0.000552067,0.00028584542,0.0011667665,0.00035657457,0.0018199485,1595,test
0.9961648,0.00018334351,0.000157856,0.00035448567,5.3506574e-05,0.0015760729,3.4363355e-05,0.0014755568,1596,test
0.0011972392,0.0016271359,0.99177927,0.0012493812,0.00055020815,0.00091564906,0.0007907134,0.0018903886,1597,test
0.0020324744,0.9866491,0.0044210237,0.00020499014,0.0006847193,0.002710727,0.00044647834,0.002850484,1598,test
0.0009908503,0.000995988,0.99503255,0.00041457804,0.0002492434,0.0008255574,0.00042959148,0.0010615689,1599,test
0.00079252844,0.00081900106,0.9950147,0.00057722593,0.00020602008,0.0006656073,0.00037687828,0.001548066,1600,test
0.99163955,0.00035798553,0.00047141113,0.00072142895,9.686903e-05,0.003540922,4.110225e-05,0.0031308006,1601,test
0.00068899145,0.001376399,0.99437237,0.0005833564,0.0002630866,0.00095908646,0.0003860094,0.0013707539,1602,test
0.9958269,0.00019027675,0.00017452572,0.0003414902,5.1819825e-05,0.0014603434,4.226419e-05,0.0019123048,1603,test
0.0008188276,0.0013840277,0.99366957,0.00080054824,0.00030499743,0.0010032414,0.00049904815,0.0015198555,1604,test
0.99751174,5.8461996e-05,0.000292196,9.337516e-05,3.8039736e-05,0.00044326662,1.4089892e-05,0.0015487965,1605,test
0.99626225,0.00016107794,0.00015044888,0.0002932895,5.2493815e-05,0.0013091081,3.0327306e-05,0.0017410251,1606,test
0.00021897136,0.000345939,9.744087e-05,4.9176102e-05,2.0187243e-05,0.000270816,6.0853024e-05,0.9989366,1607,test
0.000106315965,0.00016758549,4.28747e-05,3.3663684e-05,4.5766083e-06,1.23592945e-05,1.829031e-05,0.99961424,1608,test
0.0012331714,0.0014281437,0.992462,0.00088859786,0.00039906063,0.0010512981,0.0005847185,0.0019530642,1609,test
0.0012241252,0.0018072842,0.9920839,0.0010563346,0.0003874191,0.0011585375,0.000637446,0.0016449665,1610,test
0.9962174,9.128022e-05,0.00016244983,0.00051814696,3.3958553e-05,0.0010368673,5.3895972e-05,0.0018859891,1611,test
0.0009262172,0.0015087556,0.9937552,0.0005837777,0.00026677735,0.0011852096,0.00038336395,0.0013907787,1612,test
0.99237823,0.0004636429,0.0006361762,0.00061107223,7.562599e-05,0.0034871732,6.287219e-05,0.0022851923,1613,test
0.0009788434,0.0013061668,0.99331737,0.00067662424,0.00037409939,0.00096699304,0.000672156,0.0017077299,1614,test
0.9979265,0.00011031899,0.0001050985,0.00010972532,2.8772749e-05,0.0007171772,1.723288e-05,0.0009852534,1615,test
0.0011522819,0.0022134606,0.9909793,0.0010572994,0.00038021913,0.0014658557,0.0006601741,0.0020913898,1616,test
0.0010695354,0.001637076,0.99337536,0.0004022184,0.00039741167,0.0008052777,0.0007868838,0.0015261292,1617,test
0.9946965,0.00024291809,0.00032497168,0.0004539801,7.205939e-05,0.0018710891,2.7691196e-05,0.0023107622,1618,test
0.0010966051,0.0017258899,0.9908179,0.0010409256,0.0006262278,0.0011549654,0.0008047203,0.0027327654,1619,test
0.0007685537,0.00020899129,0.00015923618,5.0407987e-05,3.5633213e-05,0.9980744,5.3247484e-05,0.0006494052,1620,test
0.00082575943,0.0052178307,0.98041403,0.0023926042,0.0013136497,0.0021283927,0.001853293,0.0058544115,1621,test
0.0006050097,0.0012132144,0.9951395,0.00050888414,0.0002206626,0.00088578346,0.00031703405,0.0011099835,1622,test
0.00066526746,0.0010876373,0.9943082,0.00068634737,0.00018557526,0.0009811096,0.00030885986,0.0017770804,1623,test
0.0005854062,0.0002598317,0.99714917,0.00039833406,6.209996e-05,0.00051586865,0.000103483304,0.00092581974,1624,test
0.0009177359,0.0011372747,0.9947448,0.00055057195,0.00022703016,0.0009085876,0.00032861388,0.0011854246,1625,test
0.00072119816,0.0010378489,0.99520457,0.00053921004,0.00020351894,0.00084005826,0.0002459936,0.0012077397,1626,test
2.7838618e-05,3.7918042e-05,0.0001345354,7.3476534e-05,0.00061473943,0.00011927306,0.99737585,0.0016162118,1627,test
0.0010495497,0.0015897847,0.99239165,0.001237251,0.00040830259,0.0009523843,0.00063925877,0.0017318653,1628,test
3.588096e-06,3.6041047e-06,4.0363924e-05,1.0419379e-05,0.00030657556,3.0547366e-05,0.99938464,0.00022023027,1629,test
0.0042640083,0.9646112,0.007115799,0.0006945614,0.0023732318,0.008914816,0.0059083784,0.006118022,1630,test
0.0013396404,0.0019042206,0.9912683,0.00076039234,0.0004417526,0.0014448728,0.00063924043,0.002201514,1631,test
0.0015794623,0.0024592758,0.9899041,0.0006192927,0.0007594575,0.0013226396,0.0011928361,0.0021629483,1632,test
0.9690433,0.0030114155,0.0074513634,0.0026735775,0.0006527401,0.008272403,0.0004297611,0.00846529,1633,test
0.0007402979,0.00086247036,0.9953218,0.00043407726,0.00015768361,0.0009829901,0.00030912846,0.0011916684,1634,test
0.81578517,0.08407387,0.005482736,0.0017164403,0.012732908,0.039240208,0.0043995744,0.036569133,1635,test
0.99813485,4.0812578e-05,8.2697e-05,0.00014613497,1.787955e-05,0.0005552613,1.1516745e-05,0.0010107879,1636,test
0.027144855,0.013040307,0.9213052,0.008257128,0.0026125384,0.012497092,0.004850025,0.010292865,1637,test
0.9978091,8.6631146e-05,4.374614e-05,0.00019632674,1.990782e-05,0.0008811405,1.509181e-05,0.0009480731,1638,test
0.99736917,7.997303e-05,0.00011094087,0.00019841391,2.5599416e-05,0.000666807,1.7762375e-05,0.0015313512,1639,test
0.99722856,0.00011188439,9.625061e-05,0.00019881473,4.1760046e-05,0.0008312433,1.7924718e-05,0.0014736521,1640,test
0.0015283511,0.0012465696,0.99374723,0.0006351559,0.00037159107,0.0009037292,0.00045729245,0.0011101693,1641,test
0.001038293,0.0013879931,0.99307466,0.0006219806,0.0003786733,0.0010142149,0.0006885581,0.0017956424,1642,test
0.9965258,6.240043e-05,0.00036105956,0.00021536618,4.4254943e-05,0.0007854321,1.0983899e-05,0.0019945935,1643,test
0.000624983,0.0011737843,0.99160403,0.001852841,0.0005245885,0.0006783191,0.0009015036,0.0026399936,1644,test
0.0012143808,0.000775286,0.00026447527,0.00016670575,0.00020840883,0.9927059,0.00021812604,0.004446785,1645,test
0.0015685603,0.0024340686,0.9887854,0.0010295443,0.00068493804,0.0018109279,0.0012384169,0.0024482207,1646,test
0.0011452383,0.0013219189,0.99413294,0.0004958144,0.00029176532,0.0010496647,0.0003490294,0.001213569,1647,test
0.0006771198,0.0008431516,0.9953754,0.00049424096,0.0001346771,0.00091370876,0.00019166555,0.0013700692,1648,test
0.9976673,7.1304064e-05,8.789868e-05,0.00014973372,3.7511625e-05,0.0007128303,1.6432843e-05,0.0012570395,1649,test
0.99673635,0.00012007934,0.00012521657,0.0003296319,3.0166057e-05,0.0012646527,2.2245857e-05,0.0013716834,1650,test
0.99579525,0.000122462,0.00057889475,0.000449825,5.6820136e-05,0.0009052609,2.8388064e-05,0.0020629806,1651,test
0.0010528865,0.0014630991,0.99326164,0.0006970786,0.0003838785,0.0010991016,0.00048052229,0.0015618532,1652,test
0.0010577437,0.0016728662,0.9919607,0.0009798697,0.00047221838,0.0011330149,0.0006470888,0.0020765795,1653,test
0.0015839855,0.002288513,0.98940164,0.0013145095,0.00076611765,0.0012174177,0.0010618976,0.0023660013,1654,test
0.0007719324,0.000842562,0.99440336,0.001134823,0.00021186216,0.00071514474,0.00036556888,0.0015547603,1655,test
0.0013472588,0.0023594392,0.99104226,0.00075791124,0.00052561046,0.0014229877,0.0007750164,0.0017694216,1656,test
0.0011721405,0.0019291173,0.9915081,0.00082261954,0.00038696837,0.0013813206,0.0006304212,0.0021692568,1657,test
0.99720097,8.607098e-05,0.0001962331,0.00031934993,5.1376363e-05,0.00077214546,5.3192918e-05,0.0013207168,1658,test
0.00090275926,0.001469487,0.993554,0.00040790654,0.00017305063,0.0016153547,0.00024609696,0.0016314074,1659,test
0.99848855,4.5137574e-05,3.8857066e-05,0.00013121718,1.2574948e-05,0.0005976129,9.494532e-06,0.00067652145,1660,test
7.5865406e-05,0.00017508627,5.843073e-05,3.794922e-05,4.5792717e-06,1.0605921e-05,4.2209675e-05,0.99959534,1661,test
0.0034784588,0.0034473795,0.98210263,0.0018716069,0.0013358828,0.0020059755,0.0023180558,0.003439862,1662,test
6.316833e-05,0.00014221457,1.871879e-05,0.002615159,0.9812306,0.0028110475,0.012383765,0.00073536165,1663,test
4.126048e-06,1.02888935e-05,0.00012097645,1.155658e-05,0.00014817089,3.51039e-05,0.9992888,0.00038099635,1664,test
0.0006762539,0.0011189302,0.99666506,0.00014252406,0.00013017209,0.00051377603,0.00023251209,0.0005207867,1665,test
0.0010673908,0.006372542,0.9875316,0.00039082856,0.0005586171,0.0015305482,0.001194584,0.0013540018,1666,test
0.99488914,0.00055143435,0.00027993802,0.00012655985,5.1276325e-05,0.002290772,2.5982057e-05,0.0017849443,1667,test
0.9974032,0.00022860088,0.00010100123,5.834715e-05,2.6133208e-05,0.0011128603,9.961744e-06,0.0010598692,1668,test
0.99681276,0.0002733733,0.00018068028,5.7026038e-05,2.3390297e-05,0.001370417,7.85974e-06,0.0012743782,1669,test
0.9873754,0.0021814003,0.00076312164,0.00036447332,0.00019555233,0.005350383,8.176702e-05,0.0036879284,1670,test
0.0011319269,0.00058259856,0.00079022633,0.0025627075,0.97159696,0.005476983,0.014386123,0.003472413,1671,test
0.0011191338,0.0018060051,0.9946765,0.00031724334,0.00030533643,0.00061143807,0.00042632676,0.00073809765,1672,test
0.0016766983,0.9924758,0.0029984938,6.568935e-05,0.0004646546,0.00092494313,0.00073542737,0.0006582716,1673,test
0.0014079398,0.002870238,0.99193245,0.00046715201,0.00048828253,0.00094280625,0.00072722667,0.0011638873,1674,test
0.9969842,0.00032783416,0.00016588905,5.3516284e-05,3.0592393e-05,0.0012256239,1.1771516e-05,0.0012006506,1675,test
0.0005369247,0.0007848557,0.9972589,0.00017329339,0.00011404921,0.00039108194,0.00019315025,0.00054768636,1676,test
0.00084289105,0.0015340637,0.99551684,0.0002412856,0.00022357937,0.0005817737,0.00036252412,0.00069705036,1677,test
0.0011475795,0.0019232724,0.9941917,0.00033952386,0.00035971488,0.00064271793,0.00055583124,0.0008396352,1678,test
0.9955597,0.00035081082,0.00041582613,0.00011612307,5.657665e-05,0.0015926667,2.1386704e-05,0.0018868832,1679,test
0.00072873826,0.0010447925,0.99672854,0.00023972717,0.0001471025,0.0004307037,0.00020735837,0.00047311178,1680,test
0.9940644,0.00047870644,0.0014420234,0.000109126006,6.263276e-05,0.002108289,2.5208728e-05,0.0017095798,1681,test
0.0013123187,0.002403824,0.9930869,0.00050172047,0.00044234004,0.0007481347,0.00069604296,0.0008087039,1682,test
0.0006680445,0.0013353329,0.9961075,0.00019853328,0.0001784956,0.0005970432,0.00023153609,0.00068349775,1683,test
0.0011556926,0.0023927821,0.9932133,0.00044076072,0.00039549323,0.0007477983,0.00063454255,0.0010196667,1684,test
0.00091313006,0.0032129015,0.9923449,0.00047474503,0.0004960129,0.00068764144,0.0006884062,0.0011822603,1685,test
0.00082647573,0.00036271915,0.00049138285,0.0021925266,0.9749792,0.0041700373,0.014122246,0.0028554297,1686,test
0.0018128428,0.0028732002,0.99115586,0.0003426785,0.00070537487,0.00095296156,0.0010300828,0.0011270413,1687,test
0.0015996526,0.002937951,0.013311903,0.002274633,0.0034735748,0.002792101,0.9220869,0.05152335,1688,test
0.0007008982,0.0013790629,0.9960657,0.00024226366,0.0002034964,0.00051018206,0.00031243855,0.00058600225,1689,test
0.0011229418,0.0009698032,0.9964258,0.00011518761,0.00013170052,0.00048274494,0.0002763898,0.0004754633,1690,test
0.0006794646,0.0013539643,0.99600756,0.00023527171,0.0001963101,0.0005318404,0.00030613694,0.00068950676,1691,test
1.5786538e-05,6.0895538e-05,0.00069515617,4.32259e-05,0.00034099232,8.892297e-05,0.99781054,0.00094463275,1692,test
0.0015879404,0.0023280852,0.993586,0.00017238894,0.00037400072,0.00082605437,0.00042098487,0.00070457504,1693,test
0.01341767,0.8671571,0.01810953,0.003364275,0.008505761,0.012706465,0.00827212,0.06846721,1694,test
0.0006522759,0.0013310998,0.9961888,0.00017599772,0.00015369881,0.00056691846,0.0002365904,0.000694672,1695,test
0.08503898,0.0071537467,0.01127476,0.00039256163,0.0014225513,0.8471859,0.0006284566,0.046903085,1696,test
0.0009705443,0.0021268527,0.9942374,0.00028066133,0.0003247579,0.00069916353,0.00047499087,0.000885526,1697,test
0.0009061845,0.0012663312,0.99603146,0.00019585423,0.00018910423,0.00051691144,0.00028471713,0.0006093047,1698,test
0.0011061201,0.0016101489,0.9947404,0.00031664348,0.0003268999,0.0006509891,0.0004511113,0.0007976104,1699,test
0.99512476,0.0005005842,0.0003233673,9.092221e-05,4.4649438e-05,0.0021847982,1.457406e-05,0.001716324,1700,test
0.0009979439,0.0019292871,0.9947248,0.0003200482,0.0002880254,0.0006362244,0.00040760206,0.0006960964,1701,test
0.00077899115,0.00115534,0.9964252,0.00021536456,0.00013274592,0.0005049413,0.0002029995,0.0005843969,1702,test
0.9919658,0.00085436774,0.0014825264,0.0001665273,0.00010041631,0.00213,6.253899e-05,0.0032379224,1703,test
0.0017743626,0.0062824776,0.98525095,0.0006788632,0.0008718809,0.00094217,0.002663771,0.0015354254,1704,test
0.50798064,0.13375881,0.068659805,0.002347509,0.004555281,0.06165703,0.024987353,0.19605365,1705,test
0.023587061,0.23252404,0.038987685,0.05742966,0.15184483,0.1959873,0.079403035,0.22023647,1706,test
0.00143265,0.0029282374,0.9918488,0.00046361366,0.00053508085,0.00092427107,0.0008000567,0.0010672789,1707,test
0.99342537,0.00053363026,0.00016869394,0.00022772652,4.192446e-05,0.0038005838,2.589059e-05,0.0017762061,1708,test
0.0013684194,0.0024985676,0.99292517,0.00030021823,0.0003664244,0.00092108984,0.0005410209,0.0010790591,1709,test
0.0027270282,0.98967534,0.002366449,0.00010782885,0.0007440524,0.0016200386,0.0008316335,0.0019274878,1710,test
0.0015743086,0.16103485,0.82129633,0.00066646666,0.0014362666,0.0043193875,0.008188034,0.0014843423,1711,test
0.0008268313,0.0016910854,0.995366,0.00021222931,0.00026077754,0.00054783066,0.00038568897,0.0007096826,1712,test
0.98973596,0.0015791879,0.0012462204,0.0003507826,0.00024594512,0.00276436,0.00015547626,0.003922011,1713,test
0.0008254755,0.001422718,0.99603504,0.00018144342,0.00021736158,0.00044235805,0.00036085708,0.00051474833,1714,test
0.0007492951,0.0014455105,0.9958801,0.00021283056,0.00023752841,0.00041967878,0.00041696918,0.0006381815,1715,test
0.9945338,0.000676357,0.00043233545,0.00010346742,7.151351e-05,0.0022397153,3.0423515e-05,0.0019124242,1716,test
0.00095119386,0.0007293707,0.99688643,0.00010954064,0.00011652492,0.0004899129,0.0001806075,0.0005363664,1717,test
0.9973483,0.0002087353,0.00016527004,5.1698735e-05,2.4190256e-05,0.001022964,9.171504e-06,0.0011697137,1718,test
0.00086070516,0.0018140556,0.99480814,0.00029024636,0.000296198,0.0006405224,0.00046630538,0.00082388875,1719,test
0.9895719,0.00086986413,0.0031789313,0.00017710136,0.00014906435,0.0031510806,4.317005e-05,0.0028588315,1720,test
0.002916221,0.007898767,0.9659837,0.0008013331,0.0035642514,0.0023657642,0.011850416,0.0046196617,1721,test
0.99584585,0.00032879604,0.00023531205,0.00011394965,6.541431e-05,0.0017687359,1.8633995e-05,0.0016233141,1722,test
0.0030605013,0.0014544736,0.0028455195,0.003973131,0.95464295,0.0067883963,0.021298876,0.005936137,1723,test
0.0014347002,0.0026983528,0.99227774,0.00038652227,0.0005416076,0.00083785184,0.00074205914,0.0010812094,1724,test
0.9966859,0.0003356443,0.000120302044,6.934498e-05,3.0508023e-05,0.0014553198,1.1790168e-05,0.0012910926,1725,test
0.00079146633,0.0003437942,0.000491375,0.0021590828,0.9748907,0.004065106,0.014476409,0.0027820705,1726,test
0.001082664,0.0021708258,0.9936406,0.00034673043,0.00039760573,0.00069172966,0.0006195184,0.0010503917,1727,test
0.00035741256,0.00040177652,0.00014644071,2.133928e-05,6.293878e-06,4.2344716e-05,1.5920132e-05,0.9990086,1728,test
0.0007966403,0.0012775519,0.99618703,0.00019971895,0.00016364371,0.00053865067,0.00024819918,0.0005886655,1729,test
0.00030013107,0.0002086684,4.7435446e-05,1.0641099e-05,3.9806396e-06,1.6765625e-05,8.666279e-06,0.99940383,1730,test
0.002129815,0.0029849925,0.99086285,0.0003221983,0.0006969031,0.0007138313,0.0012370321,0.0010524092,1731,test
0.0008318128,0.0013719448,0.99563605,0.00035867412,0.00024277795,0.00054523814,0.00035548108,0.0006579952,1732,test
0.00081613334,0.0020507504,0.99456125,0.00026003498,0.00027256366,0.00070290343,0.00044008662,0.0008961992,1733,test
0.99545527,0.00038324014,0.00016716857,0.0001268526,4.573784e-05,0.0023855374,1.9314974e-05,0.0014170132,1734,test
0.0009502483,0.0015813973,0.9956091,0.00019475054,0.00021423765,0.00060559006,0.00029979096,0.0005449835,1735,test
0.0009364392,0.0013970839,0.9956416,0.00027120407,0.00025142435,0.00053723715,0.00033428415,0.00063077133,1736,test
0.5920687,0.04546677,0.287058,0.0061260993,0.010418103,0.014038907,0.011305655,0.033517744,1737,test
0.0010817142,0.0019735084,0.99407154,0.00029390486,0.0003666894,0.00070770096,0.00051775394,0.0009871834,1738,test
0.9952676,0.00036260032,0.0006161017,0.00011589365,9.894906e-05,0.0016728345,1.462878e-05,0.0018513828,1739,test
0.0022912275,0.004725258,0.9847622,0.000682662,0.0011205649,0.00086707715,0.0035547311,0.0019962334,1740,test
0.0006136591,0.00016350568,0.0010592421,0.99638784,8.489021e-05,0.0003748814,0.00027327213,0.0010426336,1741,test
0.99320036,0.0005284396,0.00038637783,0.00026188086,0.00010049328,0.002463854,3.269681e-05,0.0030257609,1742,test
0.0010065497,0.0016361309,0.0007322944,5.288857e-05,2.82921e-05,0.00022155816,3.937394e-05,0.9962829,1743,test
0.0015168375,0.0025427479,0.9925741,0.00034483316,0.0005115274,0.0007137665,0.00080190744,0.0009944087,1744,test
0.98502314,0.0029102555,0.00082169415,0.0004028754,0.0002500766,0.005489613,0.00012227564,0.0049800505,1745,test
0.0017557725,0.994344,0.0018745689,3.8425267e-05,0.000260599,0.0007084602,0.00037970627,0.00063839694,1746,test
0.0011529444,0.0017987785,0.99463505,0.00025775848,0.0002996185,0.00061917194,0.00041524522,0.0008214218,1747,test
0.00067096995,0.0010923288,0.99658394,0.00016711092,0.00022347138,0.000348308,0.0003556506,0.0005581861,1748,test
0.03033719,0.044371933,0.048080962,0.04782612,0.66856647,0.041369043,0.08922831,0.030219961,1749,test
0.21159454,0.3218186,0.21599123,0.007063422,0.018669209,0.15093027,0.03867232,0.035260495,1750,test
0.0008544427,0.0018033846,0.99493164,0.00024167076,0.00031726997,0.00059570064,0.00046622098,0.0007896024,1751,test
0.0011938104,0.002901406,0.9920481,0.00036418898,0.0004614913,0.0009534589,0.0008326283,0.0012449129,1752,test
0.00086097844,0.00010753838,0.0008638274,0.99648917,3.8187798e-05,0.00055853184,9.721335e-05,0.0009845641,1753,test
0.00066273176,0.0006107188,3.557713e-05,2.8485492e-05,3.885426e-05,0.99852884,2.7228602e-05,6.745303e-05,1754,test
0.9969829,0.00032214873,0.0001226773,7.279425e-05,3.1110405e-05,0.0012143501,1.35891205e-05,0.0012403664,1755,test
0.0010551396,0.0016402989,0.9947161,0.00033608393,0.00027750313,0.0005652499,0.0005150526,0.0008946137,1756,test
0.0028541626,0.0013801487,0.0005227594,8.622762e-05,0.00013030342,0.9940824,0.00011077644,0.0008332363,1757,test
0.00060914876,0.0016228785,0.99552023,0.00025182203,0.00022041613,0.0006093245,0.00035370843,0.00081254775,1758,test
0.00087226933,0.00196101,0.9950069,0.00021388746,0.00022982057,0.00066785386,0.00033645018,0.0007118009,1759,test
0.007443697,0.96743584,0.01005019,0.0002629715,0.0022535457,0.0058277384,0.0030811953,0.0036448753,1760,test
0.0014927685,0.0035343317,0.99132854,0.00035295836,0.00050522416,0.0010358744,0.0007080885,0.001042274,1761,test
0.004224805,0.001285913,0.00061298296,0.00013478097,0.00011159156,0.9930453,8.4555904e-05,0.0005001177,1762,test
0.9956436,0.00040404516,0.0003606023,0.00013737782,5.582764e-05,0.0015778915,1.5029961e-05,0.0018056434,1763,test
0.00076392456,0.0011227336,0.9966306,0.00014719975,0.00015466707,0.0004412642,0.00024443204,0.00049517746,1764,test
0.99679035,0.00032108673,0.00021154922,6.3736385e-05,3.220925e-05,0.001264518,1.3551932e-05,0.0013030765,1765,test
0.9980572,0.00014592335,0.00012632902,4.771685e-05,2.2903487e-05,0.00066440884,1.1698815e-05,0.00092380843,1766,test
0.0008840829,0.0015653059,0.9952917,0.00024025777,0.0002822534,0.00056041166,0.0004243966,0.0007516234,1767,test
0.000777158,0.0012734497,0.99622285,0.00016851042,0.00010050172,0.0007085889,0.00014405738,0.0006048401,1768,test
0.0010762151,0.00058745174,0.99683064,0.000119669065,0.00010176396,0.0004957312,0.00016441212,0.00062401337,1769,test
0.0010217,0.0016419683,0.9949458,0.00028029378,0.0002635485,0.0006456284,0.00035958795,0.00084146333,1770,test
0.001059555,0.0022240563,0.9938474,0.000287706,0.00032585446,0.0008034759,0.00050239346,0.0009495725,1771,test
0.0005970029,0.00057501404,0.99765646,0.00011018916,7.563952e-05,0.0003936002,0.00014291109,0.00044911003,1772,test
0.9947324,0.00053165737,0.00030440692,0.000116736235,5.447513e-05,0.0021847826,1.764135e-05,0.0020580024,1773,test
0.9969632,0.00020981644,0.00023496241,8.60878e-05,3.7903475e-05,0.001278084,9.329289e-06,0.0011804871,1774,test
0.0017694172,0.99218506,0.0031369426,4.8333655e-05,0.0003990239,0.0010924479,0.0005386273,0.0008301911,1775,test
0.99602985,0.00021690012,0.00027588237,0.00013072041,5.3034415e-05,0.0013433911,1.6125114e-05,0.0019340607,1776,test
0.0013709655,0.0023832547,0.99351877,0.00026490926,0.00038552543,0.0007480305,0.0005340106,0.00079444435,1777,test
0.00070844,0.0015108424,0.99552023,0.0002728317,0.00022777643,0.0005963382,0.00033548137,0.0008279897,1778,test
0.99676526,0.0003070525,0.00022111481,6.6328874e-05,6.0202678e-05,0.00115983,1.476042e-05,0.00140536,1779,test
0.034072563,0.09782461,0.011393511,0.039366126,0.44032043,0.2465569,0.07806926,0.05239664,1780,test
0.008035084,0.0070043565,0.0030573935,0.01865224,0.8902794,0.019055089,0.027356742,0.026559602,1781,test
0.99698466,0.00025861242,0.00017760058,6.3414154e-05,3.557554e-05,0.0012134082,1.13563965e-05,0.0012553907,1782,test
0.0014409046,0.0022862041,0.9930269,0.00032305604,0.00044655474,0.0007822898,0.0006418789,0.0010522403,1783,test
0.9959067,0.0003640279,0.00019809954,0.00012816898,6.0219812e-05,0.0018620978,1.4942594e-05,0.0014657746,1784,test
0.0014374523,0.002112649,0.9932255,0.0002900686,0.00046292064,0.00069475226,0.00069177715,0.0010847929,1785,test
0.99670863,0.00019713161,0.00036316275,0.0001006339,5.1059564e-05,0.0009259803,2.01877e-05,0.0016331909,1786,test
0.0018069837,0.004304239,0.9895229,0.00043604826,0.00063364225,0.0011981394,0.0008900178,0.0012080433,1787,test
0.0006040909,0.00025662454,0.00011869045,2.758937e-05,1.074179e-05,5.459269e-05,1.2002879e-05,0.99891555,1788,test
0.99551195,0.0004258308,0.00030428547,0.00015389775,7.068162e-05,0.0018907365,1.675202e-05,0.0016257687,1789,test
0.9954236,0.00040341017,0.00017825128,0.00013367271,4.8792805e-05,0.0020444144,1.589429e-05,0.0017520023,1790,test
0.9953818,0.0003634724,0.00018229974,0.00011036874,6.207395e-05,0.0019394116,2.5290907e-05,0.0019353561,1791,test
0.9969856,0.00036392733,0.000108854714,0.00013670143,4.390907e-05,0.0011735463,2.8783257e-05,0.0011587137,1792,test
0.00064518984,0.0015680507,0.99443746,0.0005385393,0.000289014,0.00076973217,0.0005017427,0.0012502634,1793,test
0.98959816,0.0020418074,0.0007776828,0.00047466086,0.00023270988,0.00261,0.0001285764,0.0041363523,1794,test
0.004068785,0.98099387,0.004553217,0.00026922522,0.0015719569,0.003476053,0.00095013966,0.004116752,1795,test
0.00055107527,0.00095887313,0.99592376,0.00043408116,0.00014560975,0.0006387454,0.00028394422,0.0010638473,1796,test
0.00069977174,0.0017093072,0.9939442,0.00055005413,0.00035552811,0.00068736146,0.0006892655,0.0013645265,1797,test
0.9969702,0.00033657387,0.000117947755,0.0001318405,4.6002697e-05,0.0007952527,2.410207e-05,0.0015780792,1798,test
0.0006077925,0.001062821,0.9955974,0.00046400577,0.00017173644,0.00067349424,0.00032238284,0.0011004106,1799,test
0.0011728768,0.0026194463,0.98616856,0.0016178328,0.0012941589,0.00067114085,0.003987366,0.0024685997,1800,test
0.0046937643,0.9842053,0.003010654,0.00012966877,0.0009407016,0.003818149,0.00081956503,0.002382198,1801,test
0.004902064,0.97074705,0.008098324,0.00041965372,0.0031637107,0.005996659,0.0018044547,0.004868148,1802,test
0.99449414,0.0007129174,0.00020336667,0.00027659078,0.00013273742,0.002136255,0.000104500956,0.0019394505,1803,test
0.0010506483,0.0017833753,0.99347913,0.0005134734,0.00040976692,0.0007995373,0.00074380793,0.001220368,1804,test
0.0011356572,0.0010277773,0.99529004,0.00022184689,0.00019572765,0.0007221014,0.00041382905,0.0009930652,1805,test
0.9947069,0.00081867503,5.7453704e-05,0.0002258862,5.195036e-05,0.002898303,7.2808114e-05,0.0011679382,1806,test
0.997815,0.00024884558,8.9373796e-05,9.1415706e-05,3.5705376e-05,0.00067530957,2.3813052e-05,0.0010204985,1807,test
0.005583797,0.9659606,0.005401244,0.000643208,0.0031169993,0.0076412642,0.002185485,0.009467413,1808,test
0.9983046,0.00015294692,5.3218337e-05,6.308014e-05,2.2644836e-05,0.0005911479,1.2509256e-05,0.0007998472,1809,test
0.99786526,0.0003209144,5.308601e-05,6.330289e-05,2.4071473e-05,0.0008835087,2.1611013e-05,0.00076825934,1810,test
0.34312242,0.03687481,0.43409705,0.072066925,0.008787096,0.017196221,0.006001612,0.08185394,1811,test
0.00090055715,0.001302667,0.9948738,0.00048040156,0.00032393265,0.0005546687,0.00053583924,0.0010280312,1812,test
0.0015044855,0.0020008746,0.9760449,0.0019586377,0.0005741511,0.0019467485,0.00681666,0.009153541,1813,test
0.99712914,0.0002570726,7.42622e-05,0.00013765223,3.804843e-05,0.0008162737,2.0731328e-05,0.0015269013,1814,test
0.99737823,0.0002836506,8.9122695e-05,0.00013573826,3.4753582e-05,0.000817786,1.2642518e-05,0.0012480825,1815,test
0.99783915,0.00017551043,5.4452787e-05,0.00012899395,1.8949268e-05,0.0008009452,1.859201e-05,0.00096349325,1816,test
0.00064721575,0.00096105586,0.99547017,0.00041680248,0.00013293754,0.0007663189,0.00025859612,0.0013469525,1817,test
0.0036931194,0.98108965,0.005122064,0.000215454,0.0013134471,0.0034854638,0.0009954087,0.00408528,1818,test
4.7741436e-05,0.0002039387,2.485648e-05,1.6484875e-05,3.0907245e-06,9.745603e-06,4.121575e-05,0.999653,1819,test
0.9980332,0.00016385085,0.00015451456,4.948851e-05,2.563699e-05,0.0006122063,7.565137e-06,0.0009535627,1820,test
0.000743614,0.0015631751,0.9941023,0.0006748921,0.00029576267,0.00074937474,0.00057913124,0.0012916664,1821,test
0.00063471013,0.00080832065,0.996009,0.00048380328,0.00019413212,0.0004992532,0.00033861765,0.0010320693,1822,test
0.0015856673,0.0024381669,0.9911542,0.0006823292,0.00059777347,0.00091158354,0.0011333913,0.0014969779,1823,test
0.0005425303,0.0008518347,0.9961598,0.0003587976,0.00020074485,0.00044816415,0.00036950703,0.0010685953,1824,test
0.0006784539,0.0013699906,0.99483335,0.00053512247,0.00026877562,0.0006776236,0.00048175652,0.0011549572,1825,test
0.0010314792,0.0014026639,0.9941024,0.00065202283,0.0002936332,0.0008717985,0.00057710684,0.0010687872,1826,test
0.9970692,0.0004023127,3.2767093e-05,9.0381785e-05,2.9911585e-05,0.0015289822,3.4778946e-05,0.0008117002,1827,test
0.0042807246,0.97993314,0.0039402335,0.00032548976,0.0015908927,0.003989595,0.001702159,0.0042378753,1828,test
0.9969741,0.00044942347,8.660787e-05,0.000121141464,3.202432e-05,0.0011875109,2.3461984e-05,0.0011257977,1829,test
0.0010270202,0.0018995365,0.99333644,0.00065891846,0.0003087782,0.00090112915,0.0006454187,0.0012228207,1830,test
0.99753594,0.00027524203,6.9097216e-05,0.00012817362,3.6299374e-05,0.0008521935,3.3209282e-05,0.0010699067,1831,test
0.99850225,0.00021385094,5.1901745e-05,4.9662667e-05,3.390704e-05,0.0005968766,1.6033131e-05,0.0005354241,1832,test
0.0008696426,0.001591356,0.9941847,0.00067190675,0.00031978043,0.0006742934,0.0005912906,0.0010970732,1833,test
0.9972228,0.0003407689,0.0001222444,8.8339766e-05,3.9835322e-05,0.0011527046,3.3170847e-05,0.001000181,1834,test
0.0005794524,0.0010768289,0.9958599,0.0004094684,0.00019397207,0.0005164236,0.00040438757,0.00095964817,1835,test
0.0009083793,0.0017616465,0.9931344,0.0005667839,0.00045592952,0.0007808295,0.0008723806,0.0015195294,1836,test
0.00058596494,0.0014341007,0.9954638,0.0003326095,0.00029046094,0.00048527357,0.0004724098,0.0009354607,1837,test
0.99710935,0.0002808494,0.00012786296,0.00016879488,3.9867347e-05,0.0010044131,3.3994143e-05,0.0012349093,1838,test
0.9975762,0.00026701865,0.00013350914,0.00013693288,4.5690307e-05,0.0007769475,2.3736326e-05,0.001040107,1839,test
0.998142,0.00019575498,3.2183303e-05,9.540836e-05,2.4813584e-05,0.00077301974,1.6248192e-05,0.00072050653,1840,test
0.9978502,0.00018819889,7.291695e-05,7.4713425e-05,3.9467297e-05,0.00054052175,1.4123346e-05,0.0012197806,1841,test
0.00066847465,0.0015661841,0.99456406,0.0004732313,0.0003114227,0.0006673141,0.0005505672,0.0011986725,1842,test
0.0011767766,0.002541142,0.99095434,0.0008174297,0.0005929833,0.00093210454,0.0012450106,0.0017402723,1843,test
0.9969573,0.00024712368,0.0002180206,0.00018005416,4.644083e-05,0.0006404998,3.570028e-05,0.0016747952,1844,test
0.99690574,0.00047814794,7.971009e-05,0.00010524041,5.668438e-05,0.0011541622,1.8494584e-05,0.0012018008,1845,test
0.9975764,0.00025700303,9.5866104e-05,8.8569366e-05,3.928435e-05,0.00066057016,2.1542193e-05,0.0012608947,1846,test
0.00090696797,0.0023102807,0.9914136,0.00053402316,0.0006044299,0.0007988644,0.0013719717,0.0020599016,1847,test
0.000484529,0.0010322285,0.9960078,0.00041743505,0.00021087073,0.00050673855,0.00037422936,0.0009660559,1848,test
8.4362095e-05,0.00015183106,2.0670448e-05,2.2072998e-05,4.270949e-06,2.1481366e-05,1.1255006e-05,0.9996841,1849,test
0.0014868164,0.0024312816,0.9902587,0.0006050146,0.0007454735,0.0009907895,0.0016183652,0.0018636048,1850,test
0.0005488161,0.0011137585,0.99568117,0.0005062527,0.00017715672,0.0006336127,0.00030844836,0.0010307236,1851,test
0.99386215,0.0005843352,0.00029107113,0.00036593832,0.00010222168,0.001701816,4.6659898e-05,0.0030457443,1852,test
0.0047004647,0.9764994,0.006024472,0.00026934867,0.002187237,0.0050539235,0.0016606497,0.0036044593,1853,test
0.00019967416,0.00011416077,0.0001192815,0.00086886465,0.99137515,0.0017781684,0.0043835663,0.0011611591,1854,test
0.99438995,0.00066257827,0.00032908775,0.00025233455,9.883918e-05,0.0027205402,6.9837406e-05,0.0014768592,1855,test
0.00080602267,0.0017688669,0.99370474,0.0006657959,0.00039137376,0.0007393744,0.0006909614,0.0012328966,1856,test
0.00014656803,0.00040484517,0.00019243345,4.1147614e-05,6.945097e-06,3.5843204e-05,5.1995867e-05,0.9991203,1857,test
0.99714357,0.00040290714,9.533584e-05,0.00011184732,5.163693e-05,0.0011307169,2.15719e-05,0.0010424344,1858,test
0.000650372,0.000911007,0.99605334,0.00041973658,0.00020028837,0.00049897627,0.0003737924,0.0008925363,1859,test
0.0006498054,0.0010992213,0.9953023,0.00053519657,0.00023523027,0.0006178407,0.00042946258,0.0011309643,1860,test
0.0005905873,0.0010291568,0.9958553,0.0004659472,0.00019025388,0.0005105288,0.0003967283,0.0009615657,1861,test
0.0046829996,0.98118424,0.00481898,0.00015757541,0.001101723,0.003993704,0.0009856084,0.0030751484,1862,test
0.009796115,0.9649038,0.004268565,0.00028701374,0.0022133878,0.008224893,0.0013526762,0.008953524,1863,test
0.00066615775,0.0015237507,0.9944863,0.0004763447,0.00030041108,0.0006725809,0.0006006021,0.001273887,1864,test
0.024959255,0.03651934,0.8455233,0.013686267,0.018649483,0.011163456,0.034487758,0.01501116,1865,test
0.0010265291,0.0016187092,0.99396175,0.00059668167,0.0003589118,0.0007442307,0.00060193037,0.0010911834,1866,test
0.0012459198,0.0006325824,0.99593157,0.00027672073,0.00013004639,0.0007292167,0.00028177086,0.0007721318,1867,test
0.9976567,0.00037223537,0.000110213885,7.4288946e-05,4.911882e-05,0.0007302626,1.6798183e-05,0.0009903441,1868,test
0.0007071206,0.0012369216,0.99531966,0.0005037441,0.00019374226,0.0007239478,0.00032635676,0.0009883385,1869,test
0.99655896,0.00037282158,0.00015220232,0.00017644888,5.3184333e-05,0.0009885603,3.9043152e-05,0.0016587042,1870,test
0.00088253495,0.001581058,0.99403435,0.0005259434,0.00035951016,0.00068479765,0.0006966512,0.0012351498,1871,test
0.99806684,0.00022055025,0.00011253255,6.444076e-05,3.1099797e-05,0.0004932507,1.00437e-05,0.0010013068,1872,test
0.9975228,0.000198516,0.00019560501,0.00010918042,5.3602926e-05,0.00062297034,2.0018397e-05,0.001277332,1873,test
0.9960849,0.0005602654,0.00017337718,0.0002240118,6.84569e-05,0.0015932564,7.186774e-05,0.0012237964,1874,test
3.9581064e-05,5.6534354e-05,0.00013670654,7.278704e-05,0.00036399977,0.00012015578,0.99585587,0.0033542956,1875,test
0.0005454577,0.0009786125,0.99596477,0.0004406058,0.00014645359,0.00061408017,0.00028328726,0.0010266525,1876,test
0.0008790477,0.0013794916,0.99453825,0.00041084547,0.00035027447,0.00056326744,0.00075775146,0.0011211198,1877,test
0.9960097,0.00036963265,0.00020772386,0.00016932985,6.828606e-05,0.0010388942,3.414314e-05,0.0021022588,1878,test
0.0017719134,0.003220464,0.98787796,0.0012674573,0.0007332814,0.0014040637,0.0014029252,0.002321913,1879,test
0.00071221933,0.00089612784,0.99471825,0.0012305906,0.00014240068,0.00064455456,0.00030578204,0.0013501351,1880,test
0.9952899,0.0002893622,0.00011890619,0.00029424374,9.438585e-05,0.0012305453,6.28903e-05,0.002619756,1881,test
0.0006323721,0.00026977528,0.0005585747,0.0032754575,0.97984123,0.0027830943,0.010651382,0.0019880263,1882,test
0.00055022386,0.0007278088,0.99665415,0.00026813723,0.00010394524,0.0005688583,0.00020667032,0.000920187,1883,test
0.0013315934,0.0023563823,0.9871748,0.0015284974,0.0010953544,0.00067165436,0.003218422,0.0026232498,1884,test
0.0007472776,0.001520172,0.9944687,0.000623941,0.00035733078,0.00060933747,0.0005742913,0.0010989424,1885,test
0.9983821,0.00014418771,5.8492365e-05,7.063612e-05,7.206646e-05,0.0006859234,3.2477543e-05,0.0005540984,1886,test
0.0010530323,0.0006835138,0.9955056,0.00036808036,0.00016097969,0.0007039386,0.00047873094,0.0010460529,1887,test
0.9963103,0.000438221,0.00011853578,0.00016475328,5.6208057e-05,0.00143183,2.6682623e-05,0.0014534733,1888,test
0.99700695,0.00038155133,7.6698016e-05,0.0001294112,4.4505126e-05,0.001064782,2.066184e-05,0.0012755549,1889,test
0.99783355,0.00021041094,0.00014583264,0.00013278973,3.395132e-05,0.0006153286,3.2314838e-05,0.0009958205,1890,test
0.00079018896,0.00087824947,0.99617416,0.00040788113,0.00016976288,0.00050439587,0.00030984345,0.00076546124,1891,test
0.0012218186,0.0017468384,0.9917579,0.00067203963,0.00054565474,0.0008764699,0.0012954052,0.0018838152,1892,test
0.9982938,0.00020108474,3.7350106e-05,7.36635e-05,3.0460442e-05,0.0005796609,1.2074487e-05,0.0007719453,1893,test
0.017694209,0.46136498,0.013151785,0.0016116692,0.0036592449,0.029855842,0.003055038,0.4696073,1894,test
0.0010537403,0.0013136728,0.9914539,0.0010789176,0.00057865435,0.0005822512,0.0013816772,0.0025572076,1895,test
0.003182467,0.007498291,0.9764267,0.00093571405,0.0015717407,0.0027738826,0.00394867,0.0036624207,1896,test
0.0005474985,0.0009088199,0.99586487,0.0004376618,0.00022077838,0.0005034126,0.00047866264,0.0010382019,1897,test
0.00056593807,0.004116643,0.002256365,0.0008915066,0.002969183,0.0018405309,0.0057419227,0.98161787,1898,test
0.0009755186,0.001699178,0.9934412,0.0006757557,0.00036638646,0.0007745274,0.00076161016,0.0013057224,1899,test
0.0006144484,0.0012930675,0.99535286,0.0004628573,0.00024324443,0.00063165947,0.00045419173,0.00094769755,1900,test
0.0006011904,0.0009220221,0.99592113,0.0004410001,0.00016516769,0.0005556972,0.00035212326,0.0010416241,1901,test
5.1494033e-05,0.00013828029,2.2813192e-05,7.871414e-06,1.9794027e-06,1.4553829e-05,7.407772e-06,0.9997557,1902,test
0.99548006,0.00042713407,0.00019666605,0.00020782794,9.038777e-05,0.0015840622,3.2798125e-05,0.0019809287,1903,test
0.001402441,0.003002636,0.9900996,0.00058128254,0.0006867634,0.0010718538,0.0013932361,0.0017621915,1904,test
0.9976259,0.00032103085,4.400999e-05,0.0001028193,2.5271578e-05,0.00095635257,1.7910084e-05,0.0009066977,1905,test
0.99756515,0.00018274927,0.00012207605,9.4274954e-05,3.308974e-05,0.0006148836,1.417829e-05,0.0013736484,1906,test
0.0008046066,0.001819424,0.9940304,0.00052102143,0.00033787877,0.00064895983,0.0006250206,0.0012126699,1907,test
0.0006460145,0.0011200861,0.9954531,0.0005100889,0.00017753232,0.000633767,0.00035592186,0.0011034892,1908,test
0.0006784421,0.00032418422,0.9974866,0.0001993194,7.828487e-05,0.000404745,0.00013163922,0.0006967551,1909,test
0.0005020265,0.0011141134,0.99560046,0.0005121406,0.00020972636,0.0005518199,0.0003888493,0.0011209417,1910,test
0.99765944,0.00033277963,7.911351e-05,8.643983e-05,3.6773166e-05,0.00083439925,1.7526265e-05,0.0009535379,1911,test
0.000563465,0.0009721649,0.99425817,0.0012947354,0.00024324538,0.00044379296,0.00048497002,0.0017394047,1912,test
0.001109305,0.0019678092,0.9926398,0.0005661619,0.0005819305,0.0006815719,0.0010061674,0.0014473521,1913,test
0.0008166107,0.0015263266,0.99462825,0.00031337343,0.00024074489,0.00084503007,0.00043625582,0.0011933751,1914,test
0.99790037,0.0002474797,3.6887715e-05,6.5688626e-05,3.1625812e-05,0.0008589121,1.4393373e-05,0.0008445772,1915,test
0.00011108334,0.0003525923,0.00019354165,0.0017043552,0.9811096,0.004065776,0.009950237,0.0025126634,1916,test
0.99686605,0.00036806983,0.00016362444,0.0001265429,5.2899297e-05,0.0010443425,1.9364255e-05,0.0013591493,1917,test
7.8111254e-05,7.720793e-05,9.552122e-06,2.3484931e-06,6.0604057e-06,0.99979216,4.258139e-06,3.0265004e-05,1918,test
0.0008438802,0.0016063903,0.9936931,0.00053295103,0.0003903311,0.0007085915,0.0008044712,0.0014202985,1919,test
0.9981359,0.00010387288,7.0422655e-05,5.645365e-05,2.0557507e-05,0.00062348315,6.323483e-06,0.0009829453,1920,test
0.002699785,0.00062727864,0.00039928267,5.6580313e-05,3.731757e-05,0.9949351,2.456749e-05,0.0012201044,1921,test
0.0013325074,0.99566525,0.0006443756,5.2445954e-05,0.00016186535,0.00092660624,0.00023066912,0.0009862374,1922,test
0.0009451641,0.0013370715,0.9950853,0.00030276304,0.00029279833,0.00064993824,0.000528789,0.0008581775,1923,test
0.0039645196,0.97887796,0.004007889,0.00030817816,0.001852827,0.0069843223,0.0020970267,0.0019072872,1924,test
0.9929651,0.00047098796,0.0006148054,0.00030652754,6.837226e-05,0.0022434045,3.466186e-05,0.0032959906,1925,test
0.00038016963,0.00058358925,0.99656904,0.0007525949,0.00014661401,0.00033590736,0.00023187522,0.0010001507,1926,test
0.0004943027,0.00094523816,0.99673516,0.00033556853,0.00014434055,0.00051514653,0.0002285323,0.00060175656,1927,test
0.00069357955,0.0016296073,0.99464405,0.00031809788,0.00024829406,0.0008208768,0.00049827003,0.0011472227,1928,test
0.2875783,0.01539616,0.6302401,0.025200544,0.0030795578,0.015648834,0.0057646465,0.01709193,1929,test
0.0009295388,0.0015426206,0.99500954,0.00029995292,0.00025044585,0.0007399944,0.00047304452,0.00075487775,1930,test
0.00033788872,0.0015010554,0.99612576,0.0002464889,9.8525685e-05,0.00072522607,0.00013807761,0.0008270195,1931,test
0.00036544824,0.0006959938,0.9975624,0.00012598335,5.8749014e-05,0.0005255518,0.00010688674,0.00055895455,1932,test
0.0003442227,0.0004987822,0.99790895,0.00014372477,4.8141126e-05,0.00046149478,9.719962e-05,0.00049754983,1933,test
0.9938304,0.00036463162,0.00058161066,0.00033239037,8.468556e-05,0.0019584962,3.8078648e-05,0.0028096344,1934,test
0.0016480446,0.99361515,0.001259423,9.834506e-05,0.00031389037,0.0011339295,0.00035809854,0.001573079,1935,test
0.9927174,0.0007925804,0.00044073333,0.00013827065,0.00010652994,0.0026697712,2.9144283e-05,0.003105575,1936,test
0.99012834,0.0005790533,0.0013160837,0.00046975233,0.00015229102,0.0013899719,0.00019421651,0.00577023,1937,test
0.00075348554,0.0009976813,0.99623716,0.00044192877,0.000171282,0.00045945586,0.00026641192,0.00067257485,1938,test
0.0003334132,0.0006728144,0.9976579,0.00017586755,8.310517e-05,0.0004073564,0.00015132882,0.0005182904,1939,test
0.2636049,0.024267642,0.6371946,0.013564747,0.004340748,0.015283302,0.0061527477,0.03559136,1940,test
0.99800557,0.00015104728,4.4723383e-05,5.816292e-05,2.442375e-05,0.00082492054,1.0819034e-05,0.00088034413,1941,test
0.00056345965,0.0010313528,0.99677795,0.00020398205,0.00016382418,0.0004725091,0.00025625862,0.00053059345,1942,test
0.0006576396,0.0017622702,0.9947925,0.00032881778,0.00027792488,0.00068625656,0.00054072315,0.0009538393,1943,test
0.9978446,0.00017901638,5.1507475e-05,5.0317474e-05,2.4204417e-05,0.0009242094,8.549235e-06,0.0009176248,1944,test
0.99445194,0.0003161525,0.00011673294,0.0003152634,4.0878793e-05,0.0019998192,1.7963022e-05,0.0027412968,1945,test
0.00046619272,0.00080050615,0.9971757,0.00025604642,8.990192e-05,0.000514465,0.00016545005,0.00053176965,1946,test
0.97921115,0.0038516573,0.0015380044,0.0010589825,0.0004001915,0.00665892,0.00036825886,0.006912942,1947,test
0.001449801,0.99278235,0.0015917826,0.00013459091,0.00041491134,0.0013706944,0.0005089428,0.0017468736,1948,test
0.038439617,0.042609584,0.016262947,0.008214046,0.0036562616,0.12882094,0.0022961202,0.7597005,1949,test
0.00039283268,0.0005445169,0.99783474,0.00015264314,6.236053e-05,0.00043919508,0.00012788085,0.00044581838,1950,test
0.00035555655,0.00062699366,0.00015623218,2.6057256e-05,6.1439346e-06,0.0005616498,8.706672e-06,0.99825877,1951,test
0.0010792415,0.0015523842,0.99415344,0.00033413118,0.00030859865,0.0008202168,0.0006299388,0.0011220495,1952,test
0.0021263822,0.98899835,0.0019084259,0.00013004476,0.0006921868,0.0024917403,0.00061545643,0.0030373752,1953,test
0.9968771,0.00021143007,4.6878584e-05,8.593813e-05,2.1082291e-05,0.0014447148,1.779845e-05,0.0012951526,1954,test
0.0007134459,0.0015920566,0.99467963,0.00028914725,0.00026768693,0.0007358268,0.00069631974,0.0010259111,1955,test
0.0037352655,0.014197325,0.00089436944,0.0021917487,0.005688999,0.9660333,0.0011245626,0.0061344025,1956,test
0.9967008,0.00027272032,8.462165e-05,9.5436386e-05,3.3824213e-05,0.0013638012,1.2307041e-05,0.0014364294,1957,test
0.9968821,0.00019879777,0.00010725747,0.00012725,2.9654459e-05,0.0012301757,1.3267494e-05,0.0014115425,1958,test
0.0006145735,0.00052865635,0.9976707,0.00015356997,8.1064114e-05,0.00040860297,0.00014446583,0.00039825766,1959,test
0.99599046,0.0002993791,4.259016e-05,0.00013227158,2.5199324e-05,0.0018451734,2.1781905e-05,0.0016432572,1960,test
0.00032088265,0.0005873294,0.99786925,0.00016127885,4.918994e-05,0.000484779,8.788286e-05,0.00043942124,1961,test
0.9958507,0.0003098705,9.304719e-05,0.00010534341,2.7364355e-05,0.0020832587,1.7708915e-05,0.00151271,1962,test
0.9978466,0.00012913598,5.321315e-05,6.142824e-05,2.0985028e-05,0.000719291,7.533889e-06,0.0011618066,1963,test
0.0068469704,0.08703017,0.053309273,0.02517099,0.0104617085,0.013881264,0.023109607,0.78019,1964,test
0.00051123917,0.0009852118,0.99651307,0.00025332638,0.00015835304,0.0005454213,0.00030278246,0.0007305807,1965,test
0.00044496448,0.0011563435,0.99624556,0.000261796,0.00013753274,0.00065768353,0.00028538407,0.00081068487,1966,test
0.00094288704,0.0012416312,0.9957586,0.00027314856,0.00019666123,0.0006262912,0.0003434191,0.0006174226,1967,test
0.99794537,0.00010284223,4.278798e-05,8.8620625e-05,2.1420723e-05,0.0008118748,9.728158e-06,0.0009774205,1968,test
0.9943357,0.00031486,0.00016199367,0.00023498971,6.2138184e-05,0.002539049,2.187872e-05,0.0023294233,1969,test
0.00060142454,0.0014498153,0.9955094,0.00031967193,0.00021930599,0.0006402167,0.00043240475,0.00082769134,1970,test
0.0008757717,0.0018861779,0.9940223,0.00030230722,0.00038410144,0.00081672095,0.0006476531,0.0010649259,1971,test
0.99478805,0.0003832838,0.00037030183,0.000166701,5.31309e-05,0.0020269102,3.620636e-05,0.0021753553,1972,test
0.990373,0.0013122155,0.0010205217,0.0002693453,0.00014403574,0.0033352138,7.343322e-05,0.0034721857,1973,test
0.0013515524,0.0016459385,0.9923109,0.00049832085,0.00030161638,0.00075157103,0.0013017545,0.0018383065,1974,test
0.0005609973,0.0017721712,0.99473107,0.0003528353,0.00028486433,0.00076277147,0.0004943801,0.0010409884,1975,test
0.0005384532,0.0008196185,0.99706584,0.00025745324,0.00014782941,0.0003981358,0.00025022714,0.0005224206,1976,test
0.99245924,0.00044085807,0.00020735105,0.0003868012,7.973493e-05,0.0026736297,3.9703227e-05,0.0037127319,1977,test
0.99778914,0.00014039568,4.6994202e-05,6.158865e-05,2.0435215e-05,0.00094339036,1.0038522e-05,0.0009880185,1978,test
0.00039452405,0.0008289054,0.9973115,0.00018542781,9.200587e-05,0.00047278142,0.00019919679,0.0005158257,1979,test
0.000451378,0.00110425,0.99651766,0.00019851295,0.00013318838,0.0006061776,0.00029142777,0.00069737027,1980,test
0.00036363504,0.0008143924,0.9970084,0.00021673279,7.277384e-05,0.0006398512,0.00015783336,0.0007263704,1981,test
0.00044920022,0.00092721224,0.99687237,0.0002437882,0.00014234286,0.00050321786,0.0002479274,0.00061400904,1982,test
0.0013150101,0.0018947823,0.9931364,0.00045888533,0.00039349322,0.00080637255,0.0009291028,0.0010659705,1983,test
0.0003519302,0.00063839904,0.9978073,0.00015505907,7.219896e-05,0.0003595367,0.00014617956,0.0004693721,1984,test
0.0010365467,0.0018655082,0.9900315,0.0013842729,0.0010818547,0.0009179581,0.0018303717,0.0018520413,1985,test
0.00013228286,0.00050650816,0.00017129484,4.426465e-05,1.75886e-05,3.2097407e-05,0.00010375645,0.99899215,1986,test
0.99704236,0.00019565274,5.9546048e-05,7.564582e-05,2.8787284e-05,0.0012396269,1.0900558e-05,0.0013474752,1987,test
0.00038273144,0.00074856967,0.9976623,0.00013787301,6.907632e-05,0.00047240543,0.00012884854,0.0003982093,1988,test
0.9964896,0.00020657235,0.0001270995,0.000106545485,3.8303e-05,0.0015538562,1.4528768e-05,0.0014635383,1989,test
0.00050562125,0.0013329912,0.9960729,0.0002727417,0.00022796221,0.00050332904,0.0003800061,0.0007044791,1990,test
3.991162e-06,7.896557e-06,1.1691109e-05,0.00017016701,0.9948737,0.00068210094,0.0038873614,0.0003630839,1991,test
0.00091180427,0.0077189244,0.008912856,0.00011255297,0.00056812796,0.00043893716,0.00046320015,0.9808735,1992,test
0.99045277,0.0008965727,0.00025932628,0.00017530721,5.870768e-05,0.0052741086,6.444753e-05,0.0028188557,1993,test
5.7948105e-06,1.910194e-05,1.3372045e-05,0.00013928107,0.99628395,0.00057548855,0.0027251083,0.00023783055,1994,test
0.99654466,0.00021743836,0.00036142446,0.00012629922,3.606162e-05,0.0012916406,2.3924324e-05,0.0013985178,1995,test
0.00013595393,0.0002631821,0.9981744,0.00055228925,3.2367865e-05,0.0001982702,0.00011015126,0.00053332694,1996,test
0.99601245,0.00028119778,0.000102917584,0.00012570499,3.8399256e-05,0.0018996815,2.3773684e-05,0.0015159433,1997,test
0.9980585,0.00016449601,4.0231516e-05,6.295636e-05,2.0639553e-05,0.00074085704,7.537387e-06,0.0009048739,1998,test
0.00039693064,0.0010797346,0.99654937,0.0002979994,0.00012505394,0.00055405655,0.00020949724,0.00078734325,1999,test
0.0004030889,0.00045623037,0.99799675,0.00016413498,5.926834e-05,0.00034885286,0.0001184791,0.00045316244,2000,test
0.09867127,0.016926052,0.8135143,0.011515178,0.0062558646,0.01222449,0.017326059,0.023566788,2001,test
0.05000588,0.39145675,0.08516478,0.0022610165,0.01070404,0.033021465,0.034612417,0.39277372,2002,test
0.000341219,0.00078767823,0.9972367,0.00021032082,9.531911e-05,0.0005076203,0.00016978456,0.00065131555,2003,test
0.9963862,0.00019807188,6.228651e-05,9.4596566e-05,3.2524116e-05,0.0016759769,1.7889075e-05,0.0015324258,2004,test
0.00034358515,0.0008849206,0.99711883,0.00021841141,9.898347e-05,0.00052468904,0.00017823892,0.0006324164,2005,test
0.9981623,9.65684e-05,8.665768e-05,7.082709e-05,1.4102604e-05,0.00047045978,1.2525461e-05,0.001086465,2006,test
0.0003947079,0.0007162945,0.9974166,0.00021056108,6.230439e-05,0.0005303611,0.00011760747,0.0005514951,2007,test
0.9968682,0.00015676761,7.060001e-05,9.715327e-05,2.7612656e-05,0.0012812803,1.0483682e-05,0.0014879677,2008,test
0.00069655647,0.00087919866,0.9948395,0.0010734034,0.00022987855,0.00054038444,0.0003498697,0.0013912211,0,validation
0.9964701,0.00022522864,0.00013603579,0.00014830178,6.302483e-05,0.00087354734,2.0663576e-05,0.0020631247,1,validation
0.9976926,0.00015334752,6.460523e-05,7.01643e-05,2.9713347e-05,0.0006123742,1.1494846e-05,0.0013657156,2,validation
0.9966157,0.00019696231,0.00014342192,0.00017380653,4.8622238e-05,0.00090512505,3.052115e-05,0.0018858509,3,validation
0.0021119965,0.0033119805,0.98863715,0.00068195205,0.0005777637,0.0016900373,0.0009475712,0.002041509,4,validation
0.0019358043,0.0028582031,0.9892709,0.00091104273,0.0005387389,0.0015749132,0.000893212,0.0020171446,5,validation
0.002192221,0.0021494448,0.99089116,0.00041307588,0.00041822356,0.001187715,0.0008688203,0.0018793929,6,validation
0.997191,0.00023302493,0.00010148309,0.00014703441,3.9340885e-05,0.0009111834,2.26772e-05,0.0013543655,7,validation
0.9950814,0.0003236142,0.00019156437,0.00024829735,5.388655e-05,0.001638836,4.0394545e-05,0.002422098,8,validation
0.99635774,0.0002747306,0.00020591388,0.00017436846,7.625437e-05,0.00094859506,2.105359e-05,0.0019413261,9,validation
0.0011997308,0.0014531045,0.9938643,0.00053368224,0.00022401646,0.0010669824,0.00039270584,0.0012655157,10,validation
0.0007567059,0.0010178513,0.0006308905,0.003541823,0.96313334,0.006897097,0.02075595,0.0032662891,11,validation
0.00063894386,0.00078136014,0.99614304,0.0007360124,0.0001931799,0.00045029804,0.00029779694,0.00075942307,12,validation
0.0018877588,0.001087603,0.99289155,0.0003792055,0.00021948783,0.0012806831,0.00049959274,0.0017541278,13,validation
0.001947462,0.0029933988,0.9893651,0.0007268956,0.00057501404,0.001642131,0.00085840374,0.0018915255,14,validation
0.0015903861,0.003276017,0.9896499,0.0009438087,0.0004817162,0.0015953961,0.00077513524,0.0016876297,15,validation
0.0002943498,0.00055246596,3.1328127e-05,8.277009e-06,1.2369776e-05,0.9990338,9.443649e-06,5.797578e-05,16,validation
0.9980995,0.00010528387,9.5074414e-05,7.11507e-05,2.8747261e-05,0.00045035683,8.27333e-06,0.001141564,17,validation
0.0026039425,0.003054375,0.98617643,0.0014797556,0.001057097,0.0011714814,0.0019300276,0.0025269128,18,validation
0.0017175515,0.0013436017,0.9930742,0.00036319043,0.00017648337,0.0014967162,0.000361884,0.0014664296,19,validation
0.0007168463,0.0003077912,7.791938e-05,3.3646727e-05,7.2558682e-06,5.2021656e-05,1.6720238e-05,0.9987878,20,validation
0.0017330057,0.0034833588,0.98824674,0.0009923644,0.000569574,0.0018501002,0.00094870274,0.0021761693,21,validation
0.002406518,0.002733445,0.98909503,0.0007970315,0.00072307646,0.0013690648,0.0010848796,0.0017910298,22,validation
0.19910954,0.038481154,0.6964172,0.00846431,0.011185112,0.015805438,0.008793242,0.021743994,23,validation
0.0016530412,0.003098384,0.98849046,0.0011327213,0.0005729409,0.0017298473,0.0010282169,0.0022943988,24,validation
0.002469505,0.0027793355,0.9880046,0.0012389038,0.0006715903,0.0015670394,0.0011637338,0.0021052822,25,validation
0.001969921,0.0009355428,0.9936598,0.00038327044,0.00023656526,0.0010806259,0.00044391496,0.0012903312,26,validation
0.01044723,0.011675009,0.94801354,0.0045100064,0.003262749,0.0037524584,0.009993823,0.008345157,27,validation
0.0014261563,0.0023240035,0.9916557,0.00083318877,0.0004885315,0.0010716695,0.0008210532,0.0013797153,28,validation
0.99329984,0.00062320766,0.00029790655,0.00031685864,8.629913e-05,0.0026177126,3.779223e-05,0.0027203984,29,validation
0.0033956266,0.0028336034,0.98660326,0.00074924476,0.0008903838,0.0014949196,0.001618597,0.0024143753,30,validation
0.0014373699,0.0015469845,0.9932908,0.00044277744,0.00024179181,0.0012825063,0.000510762,0.0012469538,31,validation
0.002163029,0.0016167681,0.9914887,0.0004696888,0.00027487898,0.0015265995,0.00056037353,0.0019000451,32,validation
0.00033967715,6.403936e-05,0.00046384524,0.9984676,2.1424661e-05,0.0001472316,5.2425108e-05,0.00044374834,33,validation
0.08195561,0.78004277,0.030272271,0.0017124655,0.029254967,0.04593761,0.009832793,0.020991502,34,validation
0.0012066042,0.0007689875,0.99455607,0.0010295323,0.00020693542,0.0006414117,0.00036951952,0.0012208614,35,validation
0.0018313717,0.0027270268,0.99003077,0.000900449,0.0006536393,0.0012653999,0.0008715324,0.0017196691,36,validation
0.9936015,0.00046904897,0.00023968788,0.0002955973,8.7491724e-05,0.0019076164,4.8472455e-05,0.0033505424,37,validation
0.9971603,0.00024425966,7.011658e-05,0.00010889923,3.0394067e-05,0.0010616472,1.559308e-05,0.0013087165,38,validation
0.97988874,0.0020409122,0.0037553029,0.00091826374,0.00045807197,0.004013065,0.0005861043,0.008339525,39,validation
0.0006667297,0.0005515002,0.0007272808,0.0034636755,0.9727625,0.0049310788,0.012257886,0.004639312,40,validation
0.9964276,0.00029821027,0.00012935277,0.00019634793,5.2464242e-05,0.0013010877,3.293094e-05,0.0015620125,41,validation
0.99627966,0.00034873537,0.00039576218,0.000114858885,6.7079265e-05,0.0012570893,2.8679447e-05,0.0015080799,42,validation
0.003620243,0.0054642516,0.97089267,0.0016441366,0.0019675363,0.0015978098,0.005227119,0.009586187,43,validation
0.00068865815,0.0004406597,9.143764e-05,6.3900094e-05,2.2793973e-05,7.310513e-05,2.7878425e-05,0.9985915,44,validation
0.0020145471,0.002840496,0.98938036,0.0010863129,0.0006078801,0.001376342,0.0009456718,0.0017483798,45,validation
0.0017853229,0.0008939905,0.9941976,0.000340468,0.00022120558,0.00092869747,0.00040389123,0.0012287806,46,validation
0.00020840183,0.00018980344,2.9796907e-05,2.291757e-05,8.061589e-06,1.47477385e-05,2.0804055e-05,0.9995055,47,validation
0.0016583361,0.0030473543,0.990149,0.00068515993,0.00050314947,0.0014642017,0.0007610692,0.0017317544,48,validation
0.0020343869,0.0043568183,0.98849714,0.00071002304,0.00047099945,0.0017421099,0.00067998143,0.0015086376,49,validation
0.0025371409,0.0049456917,0.98232526,0.0019319819,0.0011406007,0.0021161349,0.0017093027,0.003293853,50,validation
0.004552392,0.9796228,0.0036378328,0.00043396789,0.0015605845,0.0041176104,0.0015023662,0.0045723678,51,validation
0.0020928262,0.0027325603,0.98960894,0.00089954695,0.0006021766,0.001274673,0.0010025041,0.0017867675,52,validation
0.0029270686,0.004366942,0.9833345,0.0014222189,0.0008129893,0.002111115,0.0015207786,0.00350444,53,validation
0.99735606,0.00014014082,0.00020216509,9.680175e-05,4.0477767e-05,0.00058780255,9.925003e-06,0.0015667143,54,validation
0.001971385,0.0043549538,0.98665005,0.0008678467,0.0007368509,0.001766962,0.0012323566,0.0024195055,55,validation
0.9953679,0.00040939238,0.00018138382,0.00021323598,6.5342145e-05,0.0016456556,2.1054228e-05,0.002095988,56,validation
3.6078122e-06,7.0045194e-06,6.513628e-05,8.374051e-06,0.00023240733,2.3079156e-05,0.99945337,0.0002069472,57,validation
0.0007635145,0.00092927675,0.9951304,0.0004396583,0.00015265703,0.00089872914,0.0003603853,0.0013253961,58,validation
0.0014392073,0.0024280255,0.99089897,0.0008409101,0.0004359203,0.0013481725,0.0007690397,0.0018398579,59,validation
0.0018202239,0.0043835174,0.98647773,0.0011703931,0.00082811166,0.0019950643,0.0011828366,0.0021422396,60,validation
0.00020232383,0.00029820192,3.476047e-05,2.1878248e-05,7.179915e-06,1.72285e-05,1.907205e-05,0.9993993,61,validation
0.9964271,0.0002824614,0.00027804327,0.0001429299,4.849616e-05,0.000959716,2.946014e-05,0.0018318422,62,validation
0.0015922613,0.0011736938,0.9938607,0.00037561546,0.00018378202,0.0011395027,0.0003856469,0.0012886768,63,validation
0.0019807986,0.0034752665,0.9867048,0.001256401,0.00075996725,0.0014116456,0.0014276652,0.00298349,64,validation
0.0008822554,0.00071309984,0.99520785,0.0007107866,0.00015128,0.0006566674,0.0003035998,0.0013744008,65,validation
0.0023386113,0.0037666985,0.98589075,0.0016391545,0.00087008317,0.0015519441,0.0015037517,0.0024390048,66,validation
0.9937271,0.00025018916,0.000414862,0.0004982393,0.00010278147,0.0014776838,5.826702e-05,0.003470824,67,validation
0.004367826,0.97669196,0.0038789865,0.0005596757,0.0021206115,0.0042274427,0.0015704174,0.006582983,68,validation
0.9929422,0.00046663187,0.00025048005,0.00032900716,0.00010217996,0.0024517218,4.4177457e-05,0.0034136586,69,validation
0.0008737424,0.0017646119,0.9931136,0.00066268176,0.000259005,0.0006966195,0.0007780377,0.0018517388,70,validation
0.0014564921,0.001919931,0.9912485,0.0012524067,0.000456516,0.0009451363,0.00092098705,0.0018000265,71,validation
0.0037447943,0.9818434,0.004926925,0.00026485283,0.0014060254,0.0030976515,0.0013281085,0.0033881057,72,validation
0.0018161654,0.001372185,0.9924664,0.00042514974,0.00022930985,0.001345248,0.0004832367,0.0018623773,73,validation
0.0016645555,0.0025177451,0.9906097,0.0007414868,0.00033171094,0.0016897885,0.00050381385,0.0019411544,74,validation
0.0015302286,0.0026920508,0.98976713,0.0011158969,0.0004809284,0.0016486673,0.0008306112,0.0019345147,75,validation
0.0033740404,0.0027453576,0.98222727,0.0022303865,0.0018220166,0.0022873299,0.0021755584,0.0031380951,76,validation
0.9930937,0.0006082679,0.00029003786,0.00039569347,0.00010048287,0.002266338,6.3318235e-05,0.0031820785,77,validation
0.002416941,0.003786962,0.98464555,0.0014873219,0.0009800167,0.0017259317,0.0017202074,0.0032371285,78,validation
0.0014004472,0.0014397639,0.99347174,0.000448943,0.00026214213,0.0011292789,0.0005204838,0.0013272325,79,validation
0.9962931,0.00025269334,0.00014883565,0.00016804102,4.760272e-05,0.0013381718,1.83854e-05,0.0017331431,80,validation
0.9950647,0.0002403258,0.00024275552,0.00019727756,7.45153e-05,0.001029315,3.9844945e-05,0.0031113923,81,validation
0.0023446365,0.0026088671,0.9883812,0.0012001824,0.0005990514,0.0016876601,0.0009340173,0.0022443356,82,validation
0.00043257442,0.00040433888,2.9411985e-05,1.4298308e-05,1.5954947e-05,0.9990558,5.824587e-06,4.17564e-05,83,validation
0.9950394,0.00045217713,0.00038369023,0.00022146595,7.274047e-05,0.001599771,3.7636986e-05,0.0021931664,84,validation
0.0016701042,0.0008508552,0.99429435,0.00030531932,0.00017255577,0.0010705699,0.0003326667,0.0013035769,85,validation
0.0016141603,0.0009756817,0.99434775,0.0002948544,0.00026523447,0.0006952103,0.00058760104,0.0012195923,86,validation
0.99630874,0.00034942103,0.00010354963,0.00015042434,6.129592e-05,0.0013521527,1.7057271e-05,0.0016574309,87,validation
0.0031242114,0.0038965177,0.984863,0.0010847526,0.0009851725,0.0016003391,0.0019486753,0.0024972842,88,validation
0.0016628725,0.0016042095,0.9926938,0.0005929581,0.0003359021,0.0010234582,0.00060076645,0.0014859971,89,validation
0.002191651,0.0020183488,0.99019474,0.00037678168,0.00059190014,0.0011991038,0.0015948608,0.0018327016,90,validation
0.0015914622,0.0021301368,0.98951703,0.0015173106,0.00081031927,0.0010865097,0.001089792,0.0022574435,91,validation
0.001942791,0.0007543533,0.9940158,0.00041206268,0.00022096485,0.0009482084,0.0004684161,0.0012374296,92,validation
0.9957489,0.00023885972,0.0006275323,0.00013936008,8.068165e-05,0.00071618473,2.3122077e-05,0.0024253898,93,validation
0.99679726,0.00018910079,0.00015116797,0.0001832464,4.785783e-05,0.0008958841,1.7357223e-05,0.0017181432,94,validation
0.001115828,0.0019416015,0.9924035,0.00066742365,0.00028738883,0.0012165919,0.0005363629,0.0018312697,95,validation
0.00035419787,0.00031306705,0.00024396826,0.0018754889,0.9833249,0.0033874968,0.007920419,0.0025804657,96,validation
0.0012167885,0.002196174,0.99184656,0.000652219,0.00039497254,0.0011304563,0.00079136493,0.0017713846,97,validation
0.46452206,0.07923759,0.20886873,0.01244646,0.048909668,0.033029478,0.107337385,0.04564861,98,validation
0.9959853,0.00026653236,0.00025830863,0.00016446142,4.2815107e-05,0.0012798153,1.4260932e-05,0.001988323,99,validation
0.0026176127,0.003000667,0.98862886,0.00083893555,0.0006040011,0.0016297067,0.00088537124,0.0017948988,100,validation
0.9961422,0.00030124377,0.0002074098,0.00020265211,4.7711303e-05,0.0011506488,2.9270692e-05,0.0019188226,101,validation
0.9958954,0.00027660697,0.00016344812,0.00013675982,5.678197e-05,0.001355088,2.8432969e-05,0.0020876245,102,validation
0.0012535031,0.0021884155,0.9903014,0.0009309698,0.00091464515,0.0012764581,0.0010614076,0.0020732775,103,validation
0.99573475,0.00031754025,0.00032045468,0.00016255256,6.110749e-05,0.0014491826,3.3445333e-05,0.0019210711,104,validation
0.0010229426,0.0014431626,0.00081764825,0.005472534,0.9379315,0.013065956,0.035441007,0.004805209,105,validation
0.9980708,9.924763e-05,0.000111255686,7.3339135e-05,2.165002e-05,0.00048006547,6.6283023e-06,0.0011370834,106,validation
0.0016732019,0.0023924466,0.9912685,0.00086013606,0.0005411401,0.0010211514,0.00082576403,0.0014176039,107,validation
3.1526479e-06,3.1408483e-06,3.0731757e-05,7.143545e-06,0.000112834954,2.1214428e-05,0.9996443,0.00017757085,108,validation
0.0016239366,0.0016403532,0.9934256,0.0005592545,0.00027187832,0.0010460533,0.00039028743,0.0010426654,109,validation
0.0016316602,0.0020303586,0.991905,0.0008543463,0.00038754806,0.0012629312,0.0005867778,0.0013414107,110,validation
0.0016683046,0.002648449,0.98960364,0.0012864817,0.00046885776,0.0012570807,0.000837642,0.0022296149,111,validation
0.001288682,0.0018006314,0.9930561,0.0005482869,0.00036970788,0.0009198138,0.00063335215,0.0013834772,112,validation
0.0033784085,0.97892684,0.005629763,0.00025693403,0.001477036,0.0042130086,0.0010298054,0.005088286,113,validation
0.0010608742,0.0016912962,0.00027661468,8.437123e-05,4.284118e-05,0.0006740667,0.00020025951,0.99596965,114,validation
0.0016998221,0.0027474663,0.990484,0.0008540944,0.00041097566,0.0016665496,0.0005342687,0.0016028085,115,validation
0.99619687,0.00019017416,0.00022862093,0.00020557613,6.502603e-05,0.0010597812,2.5026846e-05,0.0020289337,116,validation
0.99617517,0.00034029956,0.00013573845,0.00021388734,6.64992e-05,0.0013924872,3.4619923e-05,0.001641254,117,validation
0.99495715,0.00036117496,0.00026762782,0.00026695867,7.6524564e-05,0.0013851544,2.845298e-05,0.0026570573,118,validation
0.0491155,0.014632204,0.8892236,0.0044020326,0.0072913435,0.004287519,0.02547566,0.0055721807,119,validation
0.9971853,0.00019246193,8.1643724e-05,0.00013375818,4.2764404e-05,0.0009076198,1.5710284e-05,0.0014407237,120,validation
0.99778736,0.00010015349,0.00013548684,8.118299e-05,3.891074e-05,0.00035555597,1.5512747e-05,0.0014859213,121,validation
0.99618214,0.00019157829,0.00013418627,0.00018933315,6.3570835e-05,0.0012543737,4.080614e-05,0.0019439649,122,validation
0.0021742422,0.0037881813,0.9869118,0.0010483492,0.0009234826,0.0015203982,0.0014203263,0.0022132162,123,validation
0.9688806,0.0043259794,0.008251534,0.00070452475,0.0010090076,0.006887005,0.0009001591,0.009041136,124,validation
0.9945286,0.0003414049,0.0008033306,0.00018322296,9.081333e-05,0.00087788637,2.331432e-05,0.0031514387,125,validation
0.99618065,0.00018849278,0.00012246944,0.00026901005,3.594176e-05,0.0015362025,4.2421125e-05,0.001624728,126,validation
0.00119907,0.001690955,0.99304974,0.00058467186,0.00022680569,0.0012963363,0.0003824517,0.001569926,127,validation
0.9977003,0.00013246441,8.888238e-05,0.000106552,4.7558427e-05,0.0007292567,2.8867304e-05,0.0011660993,128,validation
2.5577334e-05,1.4246583e-06,3.2458163e-06,0.00018205297,0.9990638,0.00012500212,0.00030837432,0.00029041612,129,validation
0.0043131798,0.9764139,0.005775229,0.00043372603,0.0016070111,0.0040283604,0.0014817793,0.0059466786,130,validation
0.0022652666,0.0029405307,0.9870848,0.0009781048,0.0011354506,0.0010152118,0.0021480713,0.002432546,131,validation
0.00014500922,0.00019266744,0.0012777562,0.00033875418,0.0016405331,0.0005515079,0.9881861,0.007667671,132,validation
0.9974579,0.00015291967,7.5868906e-05,9.2806564e-05,4.132729e-05,0.0009428047,1.6929207e-05,0.0012194036,133,validation
0.0010049088,0.0011205246,0.9939381,0.0003491146,0.0002742242,0.0010292303,0.00051117555,0.0017727246,134,validation
8.64349e-06,6.1311985e-06,4.4707223e-05,1.9852412e-05,0.00025741468,3.8805763e-05,0.9992742,0.00035040124,135,validation
0.0014541715,0.0008631142,0.99319965,0.0012185178,0.00021898924,0.00071152375,0.00055942487,0.0017744999,136,validation
0.0016543604,0.0028270346,0.9884688,0.0008976619,0.0008530065,0.0011136575,0.0015599234,0.0026255536,137,validation
0.0014521535,0.0016179687,0.99227315,0.0005839442,0.00041656068,0.0011752268,0.0006487146,0.0018322757,138,validation
0.99530774,0.00025534947,0.00027524022,0.00023275746,0.000111929985,0.0015989065,3.637323e-05,0.002181757,139,validation
0.0019733307,0.0014208707,0.99258256,0.0004626726,0.00029986806,0.0012930385,0.0004451073,0.0015225259,140,validation
0.006633169,0.9724451,0.0033096997,0.0003229933,0.0022585865,0.0045332657,0.0011413046,0.009355874,141,validation
0.005379685,0.006501776,0.972772,0.0010466744,0.0013777979,0.0042544785,0.0029145987,0.0057528405,142,validation
0.16453856,0.012087971,0.7680974,0.009090865,0.006125572,0.011022782,0.011789623,0.01724722,143,validation
0.004382148,0.9779952,0.004506556,0.00041005763,0.0018246914,0.0041369474,0.0011511598,0.005593295,144,validation
0.002234144,0.0035844583,0.9843739,0.0013638703,0.0012222093,0.0018221785,0.0017995922,0.0035996682,145,validation
0.002584243,0.0017855592,0.9909416,0.00030683842,0.00038271735,0.0015688649,0.0006303901,0.0017999016,146,validation
0.00083188707,0.0005537743,0.99657995,0.00022577673,0.00015198374,0.0005368442,0.00020924628,0.00091049954,147,validation
0.0023512428,0.0025643415,0.98871535,0.0008642145,0.0008458689,0.0014733353,0.0010206327,0.0021650689,148,validation
0.0043916893,0.9785396,0.0050180666,0.00042684432,0.001696997,0.0039176443,0.0015266535,0.004482529,149,validation
0.0014930163,0.0019437149,0.9913414,0.0006182827,0.00052815676,0.0011732989,0.0008366079,0.0020655328,150,validation
0.0016246568,0.0022081009,0.9906002,0.00063159136,0.0005305214,0.0013008,0.0007687778,0.0023353384,151,validation
0.0013916504,0.0019343459,0.9911765,0.0006968991,0.000493384,0.0011929395,0.0007785496,0.0023357724,152,validation
0.0009223499,0.00034098953,0.00014080046,2.4728708e-05,6.863984e-05,0.99809164,2.1927233e-05,0.00038880142,153,validation
0.00075815374,0.0011946107,0.00072174595,0.00049032806,0.00016041964,0.00013386228,0.0005646462,0.99597627,154,validation
0.0022737333,0.0027437813,0.98806655,0.0009123361,0.000889801,0.0014704755,0.0011945439,0.0024487926,155,validation
0.0014408042,0.0011899082,0.99108547,0.0014860273,0.0005258916,0.00060965057,0.0013478793,0.00231434,156,validation
0.99640477,0.00016935969,0.00014432105,0.00019705006,8.051512e-05,0.0010846523,4.3558557e-05,0.0018757901,157,validation
0.007057934,0.02508786,0.021913826,0.005646902,0.003931117,0.0036548853,0.0049604033,0.92774713,158,validation
0.9956606,0.00019304051,8.358355e-05,0.00028063427,7.791892e-05,0.0018662976,5.521855e-05,0.0017828064,159,validation
0.9964424,0.00015815302,8.037416e-05,0.00023936712,5.4550826e-05,0.0014181554,5.800457e-05,0.0015490458,160,validation
0.0013779877,0.0016827374,0.9919081,0.00061600446,0.0004486078,0.0011251646,0.0006642648,0.002177131,161,validation
0.0014022046,0.0020804675,0.99056643,0.0007481064,0.00053814903,0.0011501927,0.00093016814,0.0025842784,162,validation
0.0058530862,0.0049975733,0.9719704,0.0014703793,0.002158794,0.0021614323,0.0041164607,0.0072718565,163,validation
0.0012359826,0.0020714344,0.9911946,0.0007220615,0.0005271094,0.0012031988,0.00081141404,0.0022342145,164,validation
0.0015428751,0.0019553113,0.9920387,0.0006008784,0.00042669775,0.0012379693,0.0004634909,0.0017339916,165,validation
0.0020426975,0.0028016106,0.9875279,0.0009564499,0.0011142172,0.0013814197,0.0015234825,0.0026521627,166,validation
0.9938176,0.00024013291,0.00017916322,0.00041143084,0.0002025596,0.002409712,9.624347e-05,0.002643105,167,validation
0.06860143,0.52690774,0.055364948,0.019735273,0.12998016,0.043299112,0.015518317,0.14059307,168,validation
0.002028621,0.0016329554,0.9915358,0.00022775077,0.0003590594,0.001394276,0.0006246611,0.0021968985,169,validation
0.0015985761,0.002399071,0.98938036,0.0009652965,0.000889708,0.0011672796,0.0011583376,0.0024414272,170,validation
0.0023177734,0.00255813,0.98981255,0.0005064175,0.00061090913,0.0015777077,0.00082157785,0.0017949085,171,validation
0.0018841146,0.0014751618,0.9919151,0.0003128084,0.00035939945,0.0014270125,0.0005240674,0.0021024318,172,validation
0.0014097273,0.0018471698,0.9910733,0.00043577395,0.00046896221,0.001493927,0.00075321674,0.002517935,173,validation
0.9982876,4.620018e-05,9.0496294e-05,3.6286983e-05,3.47176e-05,0.00042165795,9.112611e-06,0.0010738668,174,validation
0.99656904,0.00015634391,9.676512e-05,0.00015674611,0.00012004637,0.0012771339,3.5345944e-05,0.0015886824,175,validation
0.0011326318,0.0012912351,0.99383485,0.00046059006,0.0002773178,0.00088189857,0.00043628467,0.0016850882,176,validation
0.0014019486,0.0011356644,0.99272126,0.00030569042,0.00029462037,0.0012028194,0.0005659433,0.0023721347,177,validation
0.996161,0.00013798718,9.697811e-05,0.00020679414,7.329444e-05,0.0011050446,4.388242e-05,0.0021750364,178,validation
0.28716218,0.029661395,0.6081096,0.009794284,0.008991101,0.018299613,0.014021182,0.023960654,179,validation
0.0017425945,0.0028192983,0.98792845,0.00082368706,0.0008790551,0.0014449039,0.0014056024,0.0029563874,180,validation
0.99794525,5.8981157e-05,0.00010177462,5.72698e-05,4.5452485e-05,0.00036196903,1.3161303e-05,0.0014161778,181,validation
0.0022658955,0.0026201291,0.9882058,0.0007472166,0.0008471653,0.0014376175,0.0012270015,0.0026491757,182,validation
0.0008541125,0.0007039161,6.1479186e-05,9.582657e-06,4.108008e-05,0.9981304,2.0122436e-05,0.00017936266,183,validation
0.0012439472,0.0013872788,0.99290633,0.0006014275,0.00031270474,0.0010371037,0.00053083955,0.0019803308,184,validation
0.004666831,0.012172878,0.92091125,0.004170529,0.0076784324,0.006582993,0.022290403,0.021526799,185,validation
0.0012981803,0.0017849292,0.9919348,0.00070278824,0.000510829,0.0010808121,0.0007244906,0.0019632273,186,validation
0.004794145,0.9820123,0.0037835327,0.00025999313,0.0011961731,0.0037114779,0.0012636728,0.0029788765,187,validation
0.0011261813,0.00046786366,0.9956707,0.00021697994,0.00015864875,0.00066215516,0.00027604523,0.0014213644,188,validation
0.9973489,0.00012090696,7.6949065e-05,0.00010797526,5.7743207e-05,0.00081940496,1.8142868e-05,0.0014499215,189,validation
0.0011965111,5.2013143e-05,0.00026710963,0.9973918,5.951882e-05,0.00021641413,0.00016612966,0.00065035507,190,validation
0.00036976897,0.00017284827,0.00023803272,8.2000224e-05,1.992997e-05,3.6147758e-05,3.9127226e-05,0.9990421,191,validation
0.0013697166,0.0016109827,0.9923752,0.0006217808,0.0005039233,0.0009016908,0.0008056731,0.0018110779,192,validation
0.0014334596,0.0017167378,0.9915876,0.00066049723,0.00048252408,0.0011517907,0.0007168334,0.002250598,193,validation
0.9953721,0.00020901542,0.00019487676,0.00015966136,0.00012362773,0.0015671068,3.353454e-05,0.0023400416,194,validation
0.0016343241,0.0018520423,0.9912612,0.00077438774,0.0005060655,0.0012365684,0.0008290471,0.0019064138,195,validation
0.99829906,5.065766e-05,8.5948675e-05,3.225077e-05,4.7594644e-05,0.00040295822,7.4430523e-06,0.001074112,196,validation
0.0014873887,0.0020299524,0.9909842,0.0007834132,0.0006014496,0.0011333243,0.000909314,0.0020709985,197,validation
0.00066281087,0.00060857995,0.9959992,0.00048779862,0.00026601113,0.0004294429,0.00033250256,0.001213719,198,validation
0.99693465,0.0001672209,7.2345116e-05,0.00012912173,5.596292e-05,0.0010113788,2.7370663e-05,0.0016019829,199,validation
0.0008722187,0.0008606822,9.594002e-05,3.650405e-05,5.7296165e-05,0.9978259,1.2816278e-05,0.0002385001,200,validation
0.0011898082,0.001464722,0.9923058,0.0010429373,0.00047508572,0.00067027664,0.00064651866,0.002204988,201,validation
0.0018954541,0.0025907853,0.9891195,0.00074543094,0.0006434681,0.0014617436,0.0010019635,0.002541576,202,validation
0.99309087,0.00034644478,0.00038695175,0.0002494174,0.00012149675,0.0022798728,4.6196576e-05,0.0034787138,203,validation
0.004923469,0.0018618157,0.0003975051,0.0009366173,0.51028275,0.4653179,0.011562086,0.0047178096,204,validation
0.9966756,0.00013804148,0.000107849795,0.00013359192,6.240594e-05,0.0010892797,2.4904843e-05,0.0017684163,205,validation
0.0016304852,0.0022758774,0.9894615,0.0007667152,0.0006490603,0.001398685,0.0009826737,0.002834956,206,validation
0.0014249012,0.0013551408,0.9930528,0.00047745646,0.00025655326,0.001164953,0.0004114413,0.0018566836,207,validation
0.00011841141,0.00017277642,8.1603925e-05,6.043902e-05,1.1942557e-05,2.4311521e-05,1.9512252e-05,0.999511,208,validation
0.0017719667,0.0027283651,0.9897041,0.0005499428,0.00036810557,0.0019152082,0.0005842172,0.0023781273,209,validation
0.0018433062,0.005996236,0.9809801,0.0014511785,0.0015475568,0.002760262,0.0016798394,0.0037415,210,validation
0.0024191488,0.002351369,0.98782444,0.0011410516,0.00080546597,0.0008985494,0.0012081518,0.0033518318,211,validation
0.96684986,0.0096583795,0.00093910383,0.0003592889,0.0012790326,0.013922465,0.00030721675,0.0066846437,212,validation
0.0025303068,0.0032054982,0.9863913,0.0007427438,0.00097350625,0.001724594,0.0014820463,0.0029499517,213,validation
0.00081553304,0.0010400962,0.9945802,0.0006530724,0.00027224416,0.00061690406,0.0005421093,0.0014797995,214,validation
0.9979126,5.8233098e-05,7.861974e-05,4.479131e-05,4.6028537e-05,0.00052114774,8.946915e-06,0.0013296304,215,validation
0.0015907593,0.0009469922,0.9943877,0.00052019244,0.00015769496,0.0011242728,0.00020081474,0.0010716044,216,validation
0.99709916,0.00015439602,5.8702633e-05,0.00012454815,4.341148e-05,0.0010479158,2.2297034e-05,0.0014496981,217,validation
0.00048904115,0.00055977865,3.8647147e-05,1.5393869e-05,3.1119787e-05,0.9987207,6.844662e-06,0.00013836985,218,validation
0.0016333923,0.00047465932,0.00016567086,1.260012e-05,6.945257e-05,0.99740535,3.0145367e-05,0.00020871936,219,validation
0.00110542,0.0016981566,0.9914404,0.00076395954,0.0003434955,0.0013303382,0.00050786143,0.002810406,220,validation
0.99770015,6.946382e-05,6.515442e-05,6.358882e-05,5.91614e-05,0.00066610397,1.6108914e-05,0.0013603445,221,validation
0.99655896,0.00020075655,6.921835e-05,0.000115501796,6.411072e-05,0.0012883744,2.1603792e-05,0.0016813356,222,validation
0.003948175,0.0045789196,0.97975355,0.0012807951,0.0020281314,0.0022680236,0.002649824,0.003492483,223,validation
0.0012946621,0.0026837322,0.9899256,0.000743159,0.00075748225,0.0012850203,0.0008866365,0.0024236809,224,validation
0.0054191113,0.9780613,0.0052817627,0.00025063616,0.001941444,0.0045143305,0.0011583007,0.0033731514,225,validation
0.0011208203,0.0008604776,0.99496067,0.00039523086,0.00020048521,0.00076393515,0.0003440399,0.0013543069,226,validation
0.0012390122,0.0016634808,0.99240404,0.0004903757,0.0003730599,0.0010853682,0.00062092365,0.0021236467,227,validation
6.765999e-06,5.200139e-06,3.7116377e-05,3.4697772e-05,0.00070620625,4.0951672e-05,0.99887437,0.00029454878,228,validation
0.001866527,0.0014411791,0.99301296,0.00045106397,0.0004466843,0.00090706284,0.0006133179,0.0012612756,229,validation
0.0031207744,0.0024983282,0.9832834,0.0005145427,0.00058683765,0.0036594025,0.0016048942,0.004731834,230,validation
0.00049609476,0.000109731256,0.00014400962,5.215842e-05,1.6286782e-05,6.843344e-05,2.0545975e-05,0.9990927,231,validation
0.0035921752,0.0041527324,0.9841158,0.00082709506,0.0010808391,0.0023405557,0.0013513821,0.0025394105,232,validation
0.0014343655,0.0008715084,0.9936167,0.00031090804,0.00025640952,0.0011879691,0.00046385085,0.0018582838,233,validation
1.1216324e-05,7.5049466e-06,6.7117195e-05,4.0075865e-05,0.00088817277,4.5192817e-05,0.99861383,0.00032685752,234,validation
0.002368792,0.0033303958,0.98524517,0.0013322784,0.0011899896,0.0013939553,0.0018464698,0.0032929913,235,validation
0.0014196248,0.002018654,0.9908731,0.00071178505,0.00048225027,0.0013206721,0.0007703064,0.0024035966,236,validation
0.001089299,0.0016534074,0.9925045,0.0006579667,0.00054105214,0.0008069615,0.00075747975,0.0019893742,237,validation
0.0007270756,0.0005588815,0.9965569,0.00055582944,0.00017941016,0.00026363615,0.00026488362,0.00089343893,238,validation
0.0020853,0.0010288083,0.9923219,0.00028669485,0.00028673856,0.0013557798,0.0005709015,0.0020638967,239,validation
0.99754333,0.00013308156,4.4086868e-05,0.00012615624,4.8185393e-05,0.00097194966,2.7425194e-05,0.0011058252,240,validation
0.0013746391,0.0021193537,0.9908627,0.0006224632,0.0005627453,0.0011541698,0.0008505986,0.0024532892,241,validation
0.00215045,0.001248942,0.9906386,0.00066302,0.00048831466,0.0016835756,0.00071417727,0.0024128058,242,validation
0.0014257691,0.0019952236,0.9914044,0.0003470848,0.0004892734,0.0013134017,0.0007719125,0.0022528854,243,validation
0.9981573,7.176517e-05,6.2845975e-05,4.0279727e-05,5.1509567e-05,0.0006005736,1.0131533e-05,0.0010055685,244,validation
0.0064261714,0.97936183,0.0025783966,0.00042014685,0.0014229647,0.004458461,0.0018951558,0.0034369193,245,validation
0.0024171097,0.0038361761,0.9845123,0.0008214133,0.0012281215,0.0017988319,0.0019094506,0.0034765822,246,validation
0.99571425,0.00016617638,0.00027111603,0.00017715975,8.6058375e-05,0.001065736,4.3930057e-05,0.0024755143,247,validation
2.5910278e-05,2.2695003e-05,0.00015289917,4.76923e-05,0.00049896835,0.00010105796,0.9982851,0.0008655865,248,validation
0.0020259684,0.0028157602,0.98697764,0.0012935604,0.00087138143,0.0016104516,0.0013514656,0.0030539006,249,validation
0.0011010953,0.001458868,0.993584,0.0007116905,0.00026549547,0.0011492468,0.00038628586,0.0013433718,250,validation
0.0013666458,0.0021976966,0.9910081,0.0007310354,0.0005934582,0.0011919817,0.00085532333,0.0020557167,251,validation
0.0012219364,0.0020620504,0.99024117,0.0006318596,0.0006893924,0.0009708482,0.0014279645,0.0027548503,252,validation
0.0008737711,0.00081355183,0.99500906,0.00068182044,0.0002290052,0.000459554,0.00035163492,0.0015815109,253,validation
0.0012552583,0.0013878943,0.99310195,0.00058804086,0.00037518627,0.00094956445,0.0006052203,0.0017369885,254,validation
0.002832334,0.003290904,0.983095,0.0014488618,0.0012681788,0.002006649,0.0022057923,0.003852321,255,validation
0.99566984,0.00035210088,0.0004364142,0.00018321747,0.00011549508,0.0014042486,5.833563e-05,0.0017804102,256,validation
0.022641826,0.061055925,0.55049247,0.03440887,0.055065747,0.019059831,0.20240378,0.054871473,257,validation
0.0012584714,0.0025834064,0.9918711,0.0005914094,0.00051390403,0.0012124002,0.0006813926,0.0012878336,258,validation
0.9917184,0.00085098576,0.000729316,0.00028047722,0.00023906646,0.0034471024,5.9411435e-05,0.0026752125,259,validation
0.9961378,0.00032936985,0.00030632797,0.0001406989,8.96952e-05,0.0014433194,3.679318e-05,0.0015160928,260,validation
0.0014219091,0.0013088188,0.00024612236,0.00010602221,0.00025028258,0.99490064,0.00013266459,0.0016336796,261,validation
0.9972658,0.00015270924,0.00027716995,0.00010422072,6.542848e-05,0.0012130925,2.2343978e-05,0.0008993616,262,validation
0.9967231,0.00022220232,0.00038680405,0.00014608311,9.59472e-05,0.0008985585,4.9523806e-05,0.0014776945,263,validation
0.0012733412,0.0015698479,0.99337786,0.00029951014,0.00027063955,0.001160189,0.00055093755,0.0014977207,264,validation
0.99553156,0.00037107,0.0002509678,0.000154865,0.00011247462,0.0020191309,3.833148e-05,0.0015214935,265,validation
0.0024459902,0.0008361844,0.0021872218,0.9879076,0.0004111638,0.0020320055,0.0006620815,0.003517763,266,validation
0.001341027,0.0024630295,0.9913976,0.00067453575,0.0004384918,0.0012994353,0.0008689578,0.0015169062,267,validation
0.0018230194,0.0028187654,0.98960155,0.001150083,0.001064619,0.0011568312,0.0009142434,0.0014708404,268,validation
0.99578035,0.00034206486,0.00045731605,0.00018323692,9.0416666e-05,0.0014401331,5.092369e-05,0.0016555458,269,validation
4.232619e-05,9.501969e-06,4.011841e-05,0.00020560781,0.99756265,0.0003544853,0.0011874365,0.0005977837,270,validation
0.0014236446,0.0011845684,0.9937808,0.00030989124,0.00027655982,0.0010711832,0.000580729,0.0013725675,271,validation
0.0033317164,0.005033811,0.9746518,0.0012190905,0.0035655526,0.001792224,0.006586351,0.0038195364,272,validation
0.0018297852,0.004277933,0.98652387,0.0007936454,0.0008570357,0.0016701068,0.0016386961,0.002408885,273,validation
2.3065102e-06,1.0346781e-06,1.7017026e-05,6.6847147e-06,9.263171e-05,6.4648084e-06,0.9997459,0.00012783371,274,validation
0.009428534,0.0057306704,0.97365993,0.0012931592,0.0021845063,0.0024227388,0.002610433,0.0026700664,275,validation
0.0011763384,0.001124036,0.994745,0.00041229988,0.00020212024,0.0008421175,0.00039083205,0.0011073062,276,validation
0.0011090894,0.0008359599,6.891268e-05,2.2937696e-05,4.748637e-05,0.9978193,1.303352e-05,8.324285e-05,277,validation
0.99080664,0.0005881556,0.0019099261,0.0004750758,0.00023664827,0.0027100348,0.00013132165,0.0031422027,278,validation
0.0024017273,0.0045418534,0.9854983,0.0008562684,0.00096425146,0.0021187288,0.0012721729,0.0023467483,279,validation
0.0007914193,0.0010699236,4.795044e-05,1.050806e-05,2.9644674e-05,0.9979493,9.346543e-06,9.1976246e-05,280,validation
0.010393125,0.067083344,0.88256294,0.0016736827,0.0040036095,0.010376307,0.018382039,0.005525047,281,validation
0.0015358377,0.001011842,0.99402493,0.0005633827,0.00025402493,0.0006918098,0.00052500505,0.001393149,282,validation
0.00097625394,0.00011308588,0.00092096266,0.9963581,7.9947684e-05,0.00027770762,0.0002506918,0.0010232665,283,validation
0.9960199,0.00038970268,0.00024732543,0.00016519446,7.153784e-05,0.0017645101,3.6182562e-05,0.0013055577,284,validation
0.995433,0.00045891947,0.00029295115,0.00018871414,0.00012581277,0.00201564,4.323499e-05,0.0014418758,285,validation
0.0011449531,0.0016710586,0.99345654,0.0005426147,0.00045995857,0.00076700567,0.0005521032,0.0014056924,286,validation
0.9934064,0.00041716231,0.00044530618,0.00032198982,0.0001749677,0.0026912265,8.206994e-05,0.0024608942,287,validation
0.9942958,0.0003310146,0.00054106704,0.000264238,0.00016403798,0.0020938222,4.711529e-05,0.0022629634,288,validation
0.0011033972,0.0017514256,0.9937843,0.000445404,0.00034372802,0.00093486893,0.00048892084,0.0011479803,289,validation
0.9957065,0.00038605958,0.00036560328,0.00016508737,0.00013283956,0.0013847415,4.4323304e-05,0.0018148246,290,validation
0.025041372,0.92304194,0.01668676,0.00034724714,0.008370876,0.014318553,0.0035602066,0.008633068,291,validation
0.019645633,0.008514007,0.5618261,0.05438075,0.020280221,0.006116513,0.29298258,0.036254115,292,validation
0.0014964927,0.0024071776,0.99140865,0.0006542794,0.00052108814,0.0011177044,0.0009076293,0.0014870008,293,validation
0.0016853529,0.002563729,0.99131083,0.0005822462,0.00049556367,0.0011818638,0.00070306263,0.0014774671,294,validation
0.00024052155,0.00031331563,0.00011346393,2.9801951e-05,1.9812072e-05,5.1924046e-05,2.0673822e-05,0.9992105,295,validation
0.0015182301,0.00194424,0.9919734,0.00057668367,0.0005423076,0.001176212,0.0008335177,0.00143533,296,validation
0.0012150416,0.0023144588,0.9921038,0.00063900364,0.0005202145,0.0010991861,0.00070701045,0.0014012946,297,validation
0.988653,0.0007201725,0.0018795909,0.0007722654,0.000283677,0.0030689712,0.000152058,0.004470308,298,validation
0.9945996,0.00046806177,0.00035784947,0.00019869341,0.00014593505,0.0021813987,5.6229233e-05,0.0019922499,299,validation
0.0010347343,0.0019291131,0.99342924,0.00050991477,0.00033351878,0.0009977829,0.0005778978,0.001187729,300,validation
0.9933554,0.0007782534,0.0005498664,0.00017390057,0.00013088902,0.003247286,5.6448363e-05,0.001708086,301,validation
0.9943145,0.0002922818,0.00066342397,0.0001938895,0.00012446546,0.0016031032,3.3503577e-05,0.0027747643,302,validation
0.9789356,0.0027149976,0.0015436815,0.0024347156,0.00069715566,0.007089651,0.0005212594,0.0060629346,303,validation
0.005907929,0.97078943,0.0055364887,0.0002250511,0.0034532496,0.00680399,0.001587209,0.005696653,304,validation
0.0796354,0.037941422,0.63304174,0.01927207,0.08263229,0.04394676,0.05257458,0.05095572,305,validation
0.9948206,0.0003619558,0.00039130074,0.0002834942,0.0001405032,0.0016870565,5.4527267e-05,0.002260503,306,validation
0.0029494874,0.010095783,0.9691337,0.0014802079,0.0032950744,0.0029539447,0.005014353,0.0050773956,307,validation
0.0016507977,0.002379594,0.9914498,0.00065314415,0.00043597628,0.0012644515,0.0006433376,0.001523009,308,validation
0.99600935,0.0002742009,0.00047630162,0.00019579068,9.437547e-05,0.0015409635,8.0724465e-05,0.0013282998,309,validation
0.0015880276,0.0023880608,0.9911732,0.00051070604,0.00048647958,0.0012137032,0.00091547135,0.0017243623,310,validation
0.0013557123,0.001940477,0.9922422,0.00079897715,0.0004756398,0.00096047064,0.0007257322,0.0015007519,311,validation
0.0030496658,0.98560053,0.0032672253,0.00022198525,0.0011026339,0.0029877792,0.00074824743,0.0030219806,312,validation
0.003994326,0.016897557,0.9329262,0.0023866205,0.0074859774,0.0062435493,0.020043321,0.010022385,313,validation
0.00021586535,0.00015999125,9.177208e-05,2.4705094e-05,5.348775e-06,2.0670777e-05,2.8668032e-05,0.999453,314,validation
0.0017102989,0.003578836,0.9886169,0.0006924598,0.0009372617,0.0014216255,0.0013342203,0.0017084202,315,validation
0.0011832685,0.00079287234,0.99519926,0.00019402093,0.00014097645,0.00090642215,0.0003103534,0.0012728252,316,validation
0.0022786863,0.010839719,0.9668803,0.0012716379,0.0029662855,0.004506209,0.006041149,0.00521599,317,validation
0.9960977,0.00024440952,0.00027085957,0.00014412172,0.00012386708,0.0016856779,4.0796338e-05,0.0013924898,318,validation
0.9937915,0.000583582,0.00022426082,0.00023978952,0.00012367485,0.003177451,5.081975e-05,0.0018088917,319,validation
0.001634361,0.0032768154,0.9891446,0.0007374213,0.00059489656,0.00149602,0.001190779,0.001924985,320,validation
0.001252937,0.0012116447,0.9935207,0.0009538438,0.00039963005,0.0006714129,0.0005636125,0.0014262361,321,validation
0.0011855654,0.0018628273,0.99276876,0.00065861095,0.0004722363,0.0008872245,0.00059653603,0.00156818,322,validation
3.6898057e-06,2.149213e-06,4.959032e-05,8.512975e-06,0.0001552805,1.50780925e-05,0.99958295,0.00018275065,323,validation
0.0012312521,0.0022300656,0.9923226,0.0007043778,0.0004572914,0.0011557215,0.00062124105,0.0012774244,324,validation
0.0015478694,0.0028504014,0.9904857,0.00068446924,0.00064380345,0.0012194195,0.0010236315,0.0015446628,325,validation
0.0017811696,0.00306297,0.9895642,0.000563949,0.00074614165,0.0013050948,0.0012930306,0.0016834458,326,validation
0.001367645,0.0014537645,0.9937814,0.0004413911,0.00041365324,0.0007611092,0.0006164243,0.0011646848,327,validation
0.9931994,0.00048253243,0.00039279266,0.00026559626,0.00012267145,0.003713595,6.752096e-05,0.0017558133,328,validation
0.00114412,0.0024054155,0.9912726,0.0006832407,0.0004649975,0.0011371691,0.0009109212,0.0019815036,329,validation
0.00021523872,0.00032621212,0.00013014376,2.942704e-05,1.3889085e-05,3.41641e-05,3.9378367e-05,0.99921155,330,validation
0.0027547842,0.98952454,0.0028249114,9.9642595e-05,0.0007411369,0.002088668,0.0005422325,0.0014240438,331,validation
0.00016500229,0.00025812286,8.010676e-05,3.197544e-05,1.7066875e-05,2.304526e-05,4.2917458e-05,0.9993818,332,validation
0.0011025696,0.0009238978,0.99560827,0.0002851958,0.00015217756,0.0007932871,0.00029024863,0.00084427587,333,validation
0.0011038049,0.0022359716,0.9925902,0.0006044975,0.0003871026,0.001075663,0.00061146304,0.0013912086,334,validation
0.9967104,0.00027150166,0.0002392877,0.00013646482,7.455809e-05,0.0013547208,2.3341394e-05,0.0011896682,335,validation
0.99627185,0.00029446353,0.00018655421,0.0001730083,7.018939e-05,0.0016228729,4.5568817e-05,0.0013355862,336,validation
0.99656266,0.0002282843,0.00026223945,0.00011091989,8.429942e-05,0.0015737526,3.09674e-05,0.0011468625,337,validation
0.007660201,0.012230512,0.00029283925,0.0044803824,0.57354397,0.3675728,0.02545638,0.008763004,338,validation
0.0015831959,0.0023863986,0.99187136,0.0004600908,0.00047887707,0.0011448406,0.00078505697,0.0012900514,339,validation
0.0016462316,0.0034372066,0.9885793,0.00074541854,0.0008031491,0.0013826136,0.001383641,0.0020225605,340,validation
0.9916855,0.00061956345,0.0007534275,0.00033228027,0.00020233236,0.0028268462,8.098115e-05,0.0034990318,341,validation
0.9954792,0.00021552421,0.00045120835,0.00023191585,0.00010165742,0.001981084,5.8717305e-05,0.0014806282,342,validation
0.995996,0.00036481317,0.0004650922,0.00016572779,0.00011415196,0.0016560828,5.1511928e-05,0.00118663,343,validation
0.9729811,0.0054420116,0.0016865747,0.0008263842,0.0013050007,0.012798611,0.00046283373,0.0044975923,344,validation
0.001248577,0.0021194452,0.9927296,0.0004787081,0.00030432036,0.0010880164,0.00060440454,0.0014269406,345,validation
0.001348291,0.0029400934,0.9909634,0.00070231536,0.00052350963,0.0013756929,0.0007286922,0.0014181166,346,validation
0.0021502275,0.98679775,0.0047335178,0.00019038137,0.0008878545,0.002190502,0.0011459079,0.0019039236,347,validation
0.00016833699,0.00046061503,0.00019878575,6.853773e-05,4.232401e-05,4.9427592e-05,8.989368e-05,0.9989221,348,validation
0.99508744,0.00043893672,0.00037694085,0.00018782358,0.000104696606,0.002124077,4.8569396e-05,0.0016315137,349,validation
0.002864899,0.0011393542,0.00039780056,4.3999455e-05,0.00011358256,0.9948895,6.0306098e-05,0.0004905599,350,validation
0.0015749239,0.0031120619,0.99023294,0.00078194187,0.0005908176,0.0014143711,0.0008569526,0.0014358895,351,validation
0.99631256,0.00023016581,0.00036054789,0.00012250528,0.00010364299,0.0011935824,3.4137436e-05,0.0016428522,352,validation
0.9915781,0.0006089707,0.00066532684,0.00046238626,0.00020026453,0.0035828014,0.00014608329,0.0027561334,353,validation
0.0015724727,0.0023512752,0.9903965,0.0009058876,0.0006933147,0.0013958766,0.0008668005,0.0018178796,354,validation
1.07557935e-05,9.4410725e-06,6.511035e-05,2.5561932e-05,0.00034693792,4.0018753e-05,0.9991642,0.00033791002,355,validation
0.9942702,0.00054076605,0.00043186982,0.0002017794,0.00017543793,0.0022905078,4.56304e-05,0.0020437348,356,validation
0.99261147,0.000617413,0.0016251554,0.0002926484,0.00021157681,0.002009854,0.00011440696,0.002517485,357,validation
0.9826499,0.00090184674,0.00078404107,0.00062527147,0.0008493208,0.010114166,0.00056087715,0.0035145988,358,validation
0.013603933,0.85719687,0.01085459,0.003506256,0.015740195,0.056647472,0.013105946,0.029344806,359,validation
0.9934994,0.00060873636,0.00035573894,0.0002559334,0.00014508916,0.0028433346,5.7141493e-05,0.0022346457,360,validation
0.0011405726,0.0016621234,0.9931559,0.00051941257,0.0002709481,0.001055054,0.0006108373,0.0015852161,361,validation
0.9896079,0.0007275553,0.0018030081,0.000668908,0.00028870712,0.0029492292,0.00022518032,0.003729596,362,validation
0.0012888078,0.0023969149,0.9920735,0.00052990136,0.00045830524,0.0011726433,0.0007180486,0.0013618568,363,validation
0.0066262092,0.0049857,0.97502273,0.0026821666,0.001679062,0.0031286627,0.002278648,0.003596969,364,validation
0.0023616825,0.0026375481,0.988504,0.0007329475,0.00089562486,0.0012405784,0.0016448792,0.001982758,365,validation
0.9953803,0.0005040782,0.00018435706,0.00020337867,8.868457e-05,0.0023669142,3.976608e-05,0.0012325705,366,validation
0.0012428135,0.0010618496,0.9949627,0.00040731943,0.00030382216,0.0006214354,0.000423977,0.00097600673,367,validation
0.0014259135,0.0024852452,0.99164104,0.0006439277,0.0005568549,0.0011227076,0.0008172905,0.0013070146,368,validation
0.00016664292,0.00012512322,0.00011633451,0.0013694059,0.9847126,0.0025839875,0.00878451,0.002141388,369,validation
0.001554153,0.0002076062,0.00087391643,0.9953687,9.8196026e-05,0.00071960693,0.00022538945,0.00095251587,370,validation
0.0021087881,0.0036632628,0.987275,0.0010107236,0.00084810454,0.0015262591,0.0014064809,0.002161388,371,validation
0.000988653,0.000697272,0.9954426,0.0002867379,0.00018070935,0.0007148939,0.00034671143,0.0013424121,372,validation
0.05590852,0.02520847,0.83799994,0.008646681,0.01618213,0.012308523,0.02525471,0.018491006,373,validation
0.9684931,0.0024355983,0.0070112254,0.0021882611,0.0019438328,0.008111714,0.0014756795,0.008340607,374,validation
0.95975906,0.007713134,0.0073403986,0.0024689622,0.0019494542,0.00925603,0.0014903996,0.010022587,375,validation
0.0011528248,0.0010384748,0.9955075,0.00031797957,0.00021589611,0.0006645155,0.00033474475,0.00076810876,376,validation
0.003751964,0.002788634,0.98642737,0.00068907347,0.0007546989,0.001418445,0.0017117148,0.002458084,377,validation
0.9943129,0.00057249935,0.0004473678,0.0002366404,0.00018430522,0.002432278,5.9469974e-05,0.0017545568,378,validation
0.0012102535,0.0012583162,0.9945984,0.00047069645,0.00022408145,0.0008782449,0.00034586244,0.0010142479,379,validation
0.007534235,0.005651992,0.97096014,0.0010596832,0.0035035827,0.0023263816,0.0044443533,0.004519623,380,validation
0.0041362466,0.028279172,0.004145102,0.00028498,0.00027264,0.0056200917,0.0003713531,0.95689046,381,validation
0.0035047892,0.007374775,0.957214,0.002006131,0.0023947654,0.0030911344,0.013690446,0.010724025,382,validation
0.0011567541,0.0010916722,0.9948809,0.0003221287,0.00015883056,0.000918732,0.00035342464,0.0011175574,383,validation
0.008338607,0.0048158597,0.0036004547,0.00774277,0.9139297,0.019619469,0.032778088,0.009174965,384,validation
0.99328893,0.0006248505,0.00062958256,0.00013587762,0.000119754324,0.003171407,5.172479e-05,0.001977893,385,validation
0.0026516484,0.0042833304,0.9874701,0.00057018443,0.00077081716,0.0015035014,0.0014825229,0.0012678659,386,validation
0.0007850234,0.0018214928,0.99473804,0.000372205,0.00023503526,0.00073163083,0.00050773064,0.000808786,387,validation
0.00079198234,0.0015395675,0.995434,0.0003660424,0.00019729469,0.0006632575,0.00035551164,0.0006523196,388,validation
0.01573119,0.049993154,0.008501275,0.002158594,0.0046150885,0.3934288,0.0017520668,0.52381986,389,validation
0.0010495796,0.00085873174,0.996305,0.00012212455,9.165839e-05,0.0007381391,0.00019589213,0.00063889025,390,validation
0.9906386,0.00085302006,0.0006049066,0.0002715552,0.00024154902,0.0048115454,5.8328624e-05,0.0025205838,391,validation
0.9914886,0.0008604743,0.00040930917,0.00023582268,0.00015207556,0.004355829,3.8145787e-05,0.0024596555,392,validation
0.99329126,0.0005681737,0.0003000135,0.00019956255,0.00010505442,0.0036507095,3.327388e-05,0.0018518971,393,validation
0.98758787,0.0011328463,0.0009315665,0.00029917402,0.0001264325,0.006687103,6.259633e-05,0.0031725017,394,validation
0.97191316,0.0041657365,0.00240894,0.0009945625,0.0006532933,0.013999741,0.00027931112,0.005585274,395,validation
0.0011476803,0.00052544655,0.0004875883,0.0035433024,0.9682081,0.004873988,0.017249856,0.0039640726,396,validation
0.9884786,0.001379293,0.0006681339,0.00026222103,0.0001720616,0.0062090773,5.1348925e-05,0.0027793061,397,validation
0.0008370704,0.0020558024,0.9944653,0.0004520005,0.00029717997,0.0006640145,0.00045409123,0.0007746273,398,validation
0.0011226533,0.002557064,0.9931162,0.00042289184,0.00033295612,0.0009478576,0.000606966,0.00089344656,399,validation
0.0030575392,0.0013327262,0.0002779654,7.8889985e-05,8.758974e-05,0.9948331,3.0355743e-05,0.0003017994,400,validation
0.0006283005,0.00072608783,0.9972589,0.0001474622,7.008099e-05,0.0005682919,0.00013180838,0.00046894464,401,validation
0.0009555393,0.0006463045,0.9968636,0.00012576874,7.5848795e-05,0.0006015214,0.00015589576,0.0005755906,402,validation
0.004556566,0.002856106,0.9803242,0.0008782454,0.001737763,0.0054035145,0.0015159193,0.0027276492,403,validation
0.0010102913,0.0019646985,0.99397355,0.00038361165,0.00025765906,0.0009018882,0.0005200311,0.000988182,404,validation
0.0028089376,0.0016697882,0.000746392,0.0046928097,0.95808935,0.007493244,0.015414161,0.009085227,405,validation
0.9887283,0.00050945656,0.0013547341,0.0003523293,0.00023308455,0.004656134,5.030107e-05,0.004115629,406,validation
0.00088813185,0.0021479574,0.9943409,0.00038335766,0.00018436069,0.0008655517,0.00036751706,0.00082218426,407,validation
0.9914745,0.0006456679,0.0011708066,0.0002487743,0.00023317334,0.0035663953,3.597618e-05,0.0026246589,408,validation
0.0012610331,0.0018807283,0.9938067,0.00039274563,0.00028121343,0.0009425823,0.00048200297,0.00095291313,409,validation
0.99333245,0.0006253149,0.0003487136,0.00015016073,0.00011245822,0.0033091966,3.2426287e-05,0.002089243,410,validation
0.0007984913,0.0011276549,0.9961804,0.00024235398,0.00011061035,0.0006346217,0.0002468911,0.000659039,411,validation
0.0009747624,0.0019731992,0.99425334,0.00039992834,0.00026530365,0.0008187042,0.00050878484,0.00080589607,412,validation
0.96421856,0.006519592,0.0044579417,0.00087748014,0.0012876173,0.0163613,0.0002934197,0.0059840945,413,validation
0.0008719131,0.0014982785,0.9954674,0.00034074552,0.00017338259,0.0006992425,0.00037241593,0.0005765822,414,validation
0.99454725,0.000457017,0.00038135087,0.0001617234,7.7461315e-05,0.0023363435,2.1762085e-05,0.002017123,415,validation
0.0028539125,0.0018466496,0.0018574608,0.006702303,0.9458106,0.009822833,0.02331048,0.007795812,416,validation
0.9931039,0.0005284563,0.00079293817,0.00028109606,0.00014226708,0.002433208,5.0272836e-05,0.0026678669,417,validation
0.9924805,0.0006767589,0.0005050494,0.00020587788,0.00011440344,0.0034899465,3.412895e-05,0.0024934055,418,validation
0.00094165234,0.0015962584,0.9951652,0.00031520592,0.00019625708,0.0006982424,0.00040690164,0.0006802019,419,validation
0.9923524,0.00064596604,0.00040694687,0.0002426546,0.00011350184,0.0037715374,4.496808e-05,0.0024220287,420,validation
0.0032252525,0.98903745,0.003123839,0.0001341986,0.00064699183,0.0018607217,0.0007498758,0.0012216854,421,validation
0.003631794,0.0014574059,0.0003191206,0.00016638573,0.00016826307,0.99358964,5.813996e-05,0.0006093106,422,validation
0.0009996191,0.001928101,0.99417156,0.0004524011,0.0002582652,0.0009076792,0.0004648102,0.0008175002,423,validation
0.00086636306,0.0020255246,0.99448216,0.00039982455,0.00023980334,0.00085617,0.0003968739,0.00073321443,424,validation
0.00079483446,0.0022360638,0.9939877,0.00040200274,0.00026489556,0.0008310029,0.00055353635,0.0009300474,425,validation
0.0007929415,0.0005088249,0.00019274387,3.287781e-05,1.643062e-05,0.0001130004,2.845503e-05,0.99831474,426,validation
0.0014451159,0.0020540326,0.9937405,0.00038510523,0.0003581509,0.00074024766,0.00063777406,0.0006390323,427,validation
0.0011033745,0.0008225861,0.9963916,0.0001510428,0.00011143157,0.00065957266,0.00019642661,0.0005639521,428,validation
0.0006982765,0.0010439637,0.9965088,0.0002985012,0.00011230728,0.000585251,0.0001918966,0.00056106376,429,validation
0.9183362,0.014453299,0.009574024,0.0013566194,0.0013944784,0.043170817,0.00040437668,0.011310254,430,validation
0.0012423702,0.0024082414,0.99284136,0.00048887025,0.00033062565,0.0011460892,0.00057097734,0.0009714912,431,validation
0.000785238,0.0007677399,0.996902,0.00013714921,8.9637564e-05,0.0005628694,0.00020229904,0.0005531674,432,validation
0.00072907837,0.00069038256,0.0001504471,3.7092275e-05,1.8595167e-05,9.749493e-05,2.1632906e-05,0.9982552,433,validation
0.0036978417,0.98734367,0.0034209313,0.00014013494,0.00079944864,0.001771249,0.00048064545,0.0023460526,434,validation
0.00085758144,0.0017497439,0.9949334,0.00036523896,0.00021624396,0.0006861243,0.00042652065,0.0007651377,435,validation
0.0010813326,0.000587474,0.9967429,0.00018262876,7.4556105e-05,0.0005717366,0.000116007,0.000643466,436,validation
0.0006662157,0.00064466783,0.9971199,0.00016263885,9.506393e-05,0.0005395282,0.00019233207,0.00057963276,437,validation
0.00088474783,0.002043615,0.99440974,0.00036792966,0.0002134517,0.0008062727,0.0004598735,0.0008144611,438,validation
0.0042797704,0.98661834,0.0037760395,0.00015612421,0.00067142455,0.0020985943,0.0006430977,0.0017566538,439,validation
0.023805859,0.01140186,0.02279274,0.8862507,0.0046989056,0.016182523,0.0069146613,0.027952837,440,validation
0.116148174,0.040199324,0.51092845,0.016236002,0.15099362,0.08802363,0.03820582,0.039265003,441,validation
0.00062264275,0.0010034742,0.9967283,0.00017421237,0.000112908776,0.00053588796,0.00026089375,0.0005615709,442,validation
0.0010933621,0.0019924445,0.99419594,0.00041632954,0.0002580278,0.00088178116,0.00041369002,0.0007484311,443,validation
0.00093598495,0.0009653238,0.9962943,0.0001586195,0.00011954653,0.0006394707,0.00025399905,0.0006327139,444,validation
0.00261002,0.009193092,0.98046964,0.0005052671,0.0009911197,0.0028922432,0.0020412565,0.0012974533,445,validation
0.20538235,0.072628446,0.31918854,0.054638825,0.11236177,0.06638812,0.092739336,0.07667268,446,validation
0.0007559588,0.0009559323,0.99680567,0.00024604937,0.00015365325,0.00042742476,0.00021083425,0.00044453793,447,validation
0.99303484,0.00065640814,0.00050136005,0.00016459952,0.00015876324,0.0034682124,2.445835e-05,0.0019914159,448,validation
0.98447317,0.0014808099,0.0009890503,0.00041135,0.0003739888,0.007549995,8.276001e-05,0.0046388097,449,validation
0.0011281291,0.00051327713,0.0005199625,0.003577256,0.9672645,0.0048030945,0.018132875,0.0040609273,450,validation
0.0017127462,0.0006548802,0.0004244656,0.0035164542,0.97405756,0.004296614,0.011747118,0.0035901591,451,validation
0.9871191,0.0016055531,0.00077369873,0.0003211555,0.0001968026,0.0066202204,5.0736406e-05,0.0033128418,452,validation
0.003962593,0.0015185043,0.000492657,0.00021414262,0.00014219635,0.9927456,8.1384474e-05,0.00084295054,453,validation
0.99117285,0.0008729107,0.0006380753,0.000279832,0.00017645837,0.004046757,4.070978e-05,0.0027723957,454,validation
0.9882792,0.0011991359,0.0026804316,0.00023414001,0.00024558196,0.0043232488,4.521945e-05,0.0029928824,455,validation
0.021631435,0.01629326,0.0371125,0.8551252,0.008573732,0.012911654,0.015619698,0.032732613,456,validation
0.0010957576,0.00083622604,0.99635845,0.00016539283,0.000119664066,0.00064537645,0.00020091244,0.00057816453,457,validation
0.005022491,0.98155427,0.004467272,0.000314242,0.0016726346,0.0030874754,0.0012479752,0.002633712,458,validation
0.016839176,0.23616926,0.37585267,0.029835505,0.08710364,0.08704923,0.082708284,0.08444228,459,validation
0.0007819027,0.0012744778,0.9957658,0.000317112,0.00013119222,0.00070182775,0.000273689,0.00075400295,460,validation
0.0015145114,0.0037475296,0.989188,0.0005665455,0.00057051,0.0011729865,0.0015879871,0.0016517901,461,validation
0.9755604,0.0018315278,0.00250921,0.0009684528,0.00031879675,0.013164974,8.685953e-05,0.005559789,462,validation
0.9838181,0.0011998749,0.0048805443,0.00064063916,0.00032503807,0.0043301336,0.00014050659,0.004665183,463,validation
0.0023204607,0.0018262789,0.0006823368,9.034836e-05,0.00019566418,0.99385864,0.000121997815,0.0009042335,464,validation
0.00082003407,0.001864495,0.9948769,0.00032671657,0.0002423059,0.0006533905,0.0004806221,0.00073551165,465,validation
0.0035596841,0.0023170817,0.001674806,0.004183164,0.9410598,0.012041998,0.03045568,0.0047078505,466,validation
0.9915503,0.0011198873,0.00055031327,0.00023558717,0.00017213881,0.0039692977,5.023739e-05,0.0023522403,467,validation
0.0021388438,0.0010082959,0.00087580876,0.0043945652,0.9584536,0.0068205586,0.01879585,0.0075125094,468,validation
0.2858172,0.11457392,0.0995671,0.0027694455,0.0064170877,0.05337654,0.07155309,0.3659256,469,validation
0.0008242116,0.0018388042,0.99473816,0.00032466,0.00023728001,0.0007023138,0.0004905623,0.00084396446,470,validation
0.993046,0.00069114764,0.0005006015,0.00013360268,0.000119952696,0.003853177,2.226807e-05,0.0016332425,471,validation
0.0027670604,0.012196299,0.9751397,0.0005090524,0.0016285965,0.0024289703,0.003947813,0.0013826056,472,validation
0.0044311914,0.0019174509,0.00841279,0.9669912,0.0005252906,0.005730066,0.0012376825,0.010754275,473,validation
0.0007306323,0.0011466753,0.9960983,0.00026728757,0.000120790246,0.00060210377,0.0002821935,0.0007521052,474,validation
0.64909846,0.07217479,0.124842696,0.009621979,0.012260378,0.04693137,0.01859418,0.06647614,475,validation
0.00072304625,0.0013618902,0.9958412,0.0003436235,0.00016961037,0.0006106247,0.00033051544,0.00061950966,476,validation
0.0009052573,0.0008180393,0.9965693,0.00017618066,0.00012074989,0.0005710271,0.00023362793,0.00060579495,477,validation
0.50573987,0.016862586,0.4432099,0.0025193344,0.002696362,0.016462864,0.0037567373,0.008752383,478,validation
0.8313091,0.027426628,0.10033614,0.0019204516,0.0037905572,0.017228583,0.002497595,0.015490881,479,validation
0.0011102798,0.0011818337,0.9953719,0.0003657477,0.0001977831,0.00072985474,0.00029424662,0.0007483244,480,validation
0.0008156088,0.0009347064,0.00032454127,5.7602014e-05,4.956038e-05,0.00011037875,0.00012672401,0.9975809,481,validation
0.0012127477,0.00072287826,0.996393,0.00013277595,9.530751e-05,0.0006785999,0.00020088608,0.0005638469,482,validation
0.0011622149,0.0009783691,0.9960135,0.00017118474,0.0001241378,0.00068362395,0.00025829228,0.00060870365,483,validation
0.021301249,0.053761523,0.013222308,0.006423122,0.009640138,0.8783048,0.004333061,0.013013919,484,validation
0.004900358,0.007979271,0.97631174,0.0009433098,0.0016972144,0.0029476716,0.0031536336,0.0020668725,485,validation
2.4641444e-05,6.0993272e-05,0.0001314992,6.8037785e-05,0.00046483596,0.000112853275,0.99832505,0.0008120234,486,validation
0.9933508,0.0005928961,0.00032602475,0.0001839112,9.666378e-05,0.003242182,3.5253142e-05,0.0021723162,487,validation
0.98866886,0.0012906778,0.0012344526,0.0003414582,0.00021157376,0.0043880907,7.479237e-05,0.0037900324,488,validation
0.00091433036,0.00064979744,0.99685174,0.0001270892,8.157183e-05,0.00062377605,0.00016382585,0.00058774604,489,validation
0.99599826,0.0003042141,0.00025212564,0.00014740112,6.230419e-05,0.0019157792,2.3913257e-05,0.0012959226,490,validation
0.0008627801,0.00073951494,0.9969971,0.00015692174,0.00010265029,0.00043048876,0.00022619954,0.00048436224,491,validation
0.005264989,0.0040342077,0.9815081,0.0007428441,0.0015518919,0.0023846903,0.0022959854,0.002217281,492,validation
0.973477,0.0018171817,0.0047717826,0.0011814138,0.0005531897,0.012063626,0.0001818984,0.005953921,493,validation
0.9765745,0.0023556922,0.0049257167,0.00067215506,0.0005048043,0.009330988,0.00014365121,0.0054925033,494,validation
0.0014790223,0.0020990304,0.993618,0.00043201953,0.00023079646,0.001042411,0.00033213306,0.0007665712,495,validation
0.0045162244,0.0032787337,0.0020537719,0.008087092,0.9323663,0.014107005,0.019726988,0.015863873,496,validation
0.0009864937,0.00082666456,0.9960478,0.00025602354,0.00011887933,0.0007643054,0.00023791098,0.00076195353,497,validation
0.0006657123,0.0013611428,0.99585295,0.00031596958,0.00016482658,0.0006083072,0.00031656105,0.00071447686,498,validation
0.00110866,0.002322658,0.9934521,0.0004839462,0.00029260613,0.0009631663,0.0005023826,0.0008745438,499,validation
0.00082780793,0.001731308,0.9950303,0.0003263014,0.00018571537,0.00076672615,0.00037254984,0.0007591432,500,validation
0.00083780574,0.0012556214,0.9958104,0.00032448285,0.00016760884,0.0006067717,0.00032137672,0.000675917,501,validation
0.00054933544,0.0015168877,0.0006202544,7.258721e-05,7.6709286e-05,0.00013291264,0.00026390795,0.9967674,502,validation
0.99350375,0.0006182368,0.00040493545,0.00020009774,0.000106323925,0.00304392,2.1623007e-05,0.0021010279,503,validation
0.0010423216,0.0007813604,0.9963875,0.00018327906,0.00011363885,0.0006511069,0.00021797311,0.0006228886,504,validation
0.99262494,0.0005938805,0.0007963481,0.0002413009,0.0001259727,0.0028089914,6.46161e-05,0.0027438842,505,validation
0.99345386,0.00058767636,0.00051286723,0.00018021748,0.00011894178,0.0029267436,3.2092223e-05,0.0021876066,506,validation
0.0009806675,0.0017041422,0.9949844,0.00021875034,0.00018674147,0.000875491,0.00032895335,0.0007209234,507,validation
0.0016796382,0.0022414546,0.99160963,0.0005892315,0.00044069687,0.0012186432,0.00075756584,0.0014630937,508,validation
0.9881114,0.0011391436,0.0012715686,0.0004782607,0.00019911876,0.0062684366,3.067475e-05,0.002501529,509,validation
0.0009119829,0.0011934666,0.9958905,0.00035861903,0.00015435026,0.00061731215,0.00022493282,0.0006487772,510,validation
0.0009025225,0.0009882923,0.9962352,0.0001810605,0.00015118955,0.0005973216,0.00034032948,0.00060398877,511,validation
0.0013269545,0.0020419385,0.9928669,0.00043846792,0.00033602506,0.00088448025,0.00062259927,0.0014827147,512,validation
0.00081715477,0.0006640384,0.99628663,0.00023215641,9.958163e-05,0.00076237327,0.0002409031,0.00089712103,513,validation
0.0005019556,0.00026187804,0.00011068698,4.5337256e-05,7.5136036e-06,4.5202727e-05,2.489988e-05,0.9990024,514,validation
0.7152102,0.010693449,0.24131562,0.0035537349,0.002232567,0.009688284,0.0014127067,0.015893517,515,validation
0.9841732,0.0016564344,0.0059024794,0.00056233857,0.00038213978,0.0025901434,0.00019326925,0.0045400155,516,validation
0.0007185169,0.00094773027,0.9960614,0.00045262044,0.00012755646,0.0006173945,0.00020814413,0.00086669764,517,validation
0.00074340357,0.00055156986,0.9969118,0.00020257574,8.49402e-05,0.0005776617,0.0002229494,0.0007050953,518,validation
0.0009010417,0.001719046,0.9942228,0.0006491375,0.00025364503,0.00086412404,0.00041047667,0.000979767,519,validation
0.0019095661,0.0012714412,0.00039989268,0.00017784309,5.215146e-05,0.00041202278,6.10831e-05,0.99571604,520,validation
0.9968182,0.00025202008,9.913905e-05,0.000108149114,4.812007e-05,0.0012740546,2.0541725e-05,0.0013797206,521,validation
0.9983569,0.00012967369,6.927567e-05,4.9916627e-05,2.3880993e-05,0.00058943854,1.3478433e-05,0.0007674209,522,validation
0.0006748164,0.00053489767,0.9970958,0.0004014477,0.00012950989,0.00029368498,0.00028868683,0.000581045,523,validation
0.0009348446,0.0004400538,5.7614292e-05,1.4572204e-05,1.843558e-05,0.9984237,1.0380611e-05,0.00010040371,524,validation
0.00049898477,0.0003836964,0.00017332587,5.2722244e-05,1.1652378e-05,0.000120679775,2.5325111e-05,0.9987337,525,validation
0.0013239485,0.0023421734,0.9916087,0.00048131598,0.0005155434,0.00089283293,0.0010972726,0.001738283,526,validation
0.0008328249,0.0019688501,0.99367493,0.00052712456,0.00031854867,0.0008477046,0.00054413406,0.0012858495,527,validation
0.9925148,0.00049223815,0.00047888278,0.00026384043,7.4722644e-05,0.003705096,2.9592169e-05,0.0024407269,528,validation
4.3476848e-05,6.1500396e-05,2.4533421e-05,0.0005608093,0.99437344,0.001190616,0.0029001168,0.000845464,529,validation
0.00079363014,0.0014724891,0.99501956,0.0005986953,0.00021289827,0.0007287765,0.0003314281,0.0008424688,530,validation
0.998125,0.0001328308,6.93377e-05,6.663971e-05,2.7437887e-05,0.0007154514,1.4031754e-05,0.0008491739,531,validation
0.10621536,0.035392456,0.08571278,0.0997065,0.0039574406,0.57500386,0.0038409156,0.09017063,532,validation
0.0009952188,0.0018529657,0.99355835,0.00059096946,0.00021439767,0.0010258962,0.00051625684,0.0012459689,533,validation
0.001099594,0.0005789223,0.9964083,0.00020202345,7.726936e-05,0.0007096203,0.00019021562,0.0007340449,534,validation
0.0004274926,0.00031230482,0.00019567726,5.5780092e-05,7.726346e-06,7.3120646e-05,3.4997385e-05,0.99889296,535,validation
0.99682283,0.00015762425,6.917694e-05,0.00012664728,3.695261e-05,0.00087151176,3.6752528e-05,0.0018785165,536,validation
0.00068925566,0.0013752778,0.99492306,0.00053058006,0.00018714249,0.00078471715,0.0003769415,0.0011331509,537,validation
0.000875028,0.0017097142,0.9944999,0.0005118521,0.00019877548,0.0008774179,0.0003226429,0.001004618,538,validation
0.0009074096,0.00052289455,0.99673766,0.00028922895,0.00010093451,0.0005211247,0.00025170596,0.00066909596,539,validation
0.9977349,0.00014597434,7.2978226e-05,7.218113e-05,2.7295133e-05,0.0007371369,1.181882e-05,0.0011976935,540,validation
0.105533645,0.12201901,0.47586784,0.06890123,0.053725544,0.028159799,0.09013977,0.05565309,541,validation
0.00062825903,0.001041998,0.9963033,0.00033509862,0.00011491903,0.00063122186,0.00019806525,0.0007471626,542,validation
0.00085921364,0.00093859097,0.9954732,0.000352728,0.00010408211,0.0009973485,0.0002457997,0.0010291211,543,validation
0.99695075,0.00020559071,0.00019191929,0.000103180406,6.919862e-05,0.0011173519,2.5566356e-05,0.0013364143,544,validation
0.0006827815,0.0014695713,0.99492234,0.00049602287,0.00021627209,0.00073304254,0.0004069847,0.0010730562,545,validation
0.0006257055,0.00074066344,0.9968394,0.0002999219,7.9473895e-05,0.0005707019,0.00016522888,0.00067903084,546,validation
0.99385035,0.00034194326,0.00034592583,0.00016702787,4.1988344e-05,0.0028824816,3.2836837e-05,0.0023374313,547,validation
0.99783915,0.0002109655,7.7257406e-05,8.093773e-05,2.709875e-05,0.00078357634,1.4643488e-05,0.0009663661,548,validation
9.728888e-05,4.0833682e-05,6.384548e-05,0.0011977206,0.99012274,0.0008202387,0.0065496312,0.0011077786,549,validation
0.0030847134,0.9869849,0.0027709517,0.00016805419,0.00081360043,0.002656107,0.00092809723,0.002593507,550,validation
0.0008199209,0.000841998,0.9960206,0.00018066415,0.00010817785,0.0008271479,0.0002487221,0.000952693,551,validation
0.9985097,0.00010259193,4.3851272e-05,3.9960938e-05,1.7029311e-05,0.0005408442,7.937914e-06,0.0007380493,552,validation
0.00031398228,0.00044248143,0.0002304782,6.0230403e-05,1.3139786e-05,7.387983e-05,3.6670157e-05,0.99882907,553,validation
0.9962387,0.00037913912,0.00019996682,0.00014482626,6.703557e-05,0.0014821668,2.2167844e-05,0.0014660821,554,validation
0.0003659738,0.0015268766,0.000505031,0.00016591509,4.959967e-05,0.00015347695,0.0003740509,0.9968591,555,validation
0.0012143792,0.0025521214,0.986945,0.0021666053,0.00054467353,0.0011387183,0.0021071646,0.0033313904,556,validation
0.00088713877,0.0017461993,0.9944114,0.00047974414,0.00021533697,0.0008875081,0.00034032972,0.0010323118,557,validation
0.0010319869,0.0011621827,0.9950872,0.00023475233,0.00015481417,0.000777059,0.0003900334,0.001161946,558,validation
0.99716115,0.00025598504,0.000104205006,8.2232495e-05,4.504727e-05,0.0011787278,1.3173218e-05,0.0011594949,559,validation
1.1620041e-05,2.9085544e-05,0.00033439585,4.7905913e-05,0.00027065256,9.693785e-05,0.9982204,0.000988999,560,validation
0.0008314473,0.0014831517,0.9945353,0.0007327556,0.00020651653,0.00087312853,0.00031241257,0.0010252219,561,validation
0.9979285,0.0001417347,8.643024e-05,7.7714445e-05,3.260921e-05,0.0007305601,1.3528024e-05,0.0009889079,562,validation
0.99767965,0.00012434191,0.0002468767,9.679695e-05,2.4789722e-05,0.00048149188,1.9155244e-05,0.0013269729,563,validation
0.00042649102,0.0014386793,0.0003536163,0.00013266601,5.2231157e-05,0.00010324898,0.00027248517,0.9972205,564,validation
0.0005539649,0.0003354406,0.0001353487,4.299542e-05,1.0500778e-05,0.00014210203,2.5683115e-05,0.9987539,565,validation
1.7175445e-05,3.2168384e-05,0.00014798755,4.51343e-05,0.00041681956,0.000112233516,0.998319,0.00090945704,566,validation
0.0007986036,0.0018689868,0.994249,0.00057363213,0.00026924303,0.00081087544,0.0004203133,0.0010093808,567,validation
0.005000559,0.0061229924,0.0016073781,0.0008132449,0.00042579748,0.92034817,0.0003189089,0.06536303,568,validation
0.0011601077,0.0022470367,0.9929345,0.00060540345,0.00032648168,0.0010009177,0.00059406913,0.0011314331,569,validation
0.9920527,0.0005417862,0.0009856587,0.00042125094,0.00012813407,0.0025716368,6.3360945e-05,0.0032355357,570,validation
0.0012341784,0.00069109956,0.00030386553,0.00012263902,1.8968607e-05,0.0002580731,4.8996295e-05,0.99732214,571,validation
0.0003758146,0.00077918475,0.9967109,0.0004067233,0.00019877804,0.00031337258,0.00031125435,0.0009039343,572,validation
0.9970354,0.00019611596,0.00031637645,0.00010488445,6.2038656e-05,0.00077464205,2.0390939e-05,0.0014902112,573,validation
0.0005936469,0.0011156407,0.996053,0.00041371284,0.00013554873,0.00065769313,0.00022315962,0.0008076335,574,validation
0.0011053457,0.002064278,0.99237025,0.00069149426,0.00035152424,0.0010253699,0.0007861926,0.0016055115,575,validation
0.0007624762,0.0013141668,0.99546367,0.00048542095,0.0001848902,0.0006554308,0.00029325119,0.000840762,576,validation
0.0022422094,0.0034578345,0.98543775,0.0016737572,0.0009053766,0.0014897676,0.002045446,0.002747886,577,validation
5.883107e-05,3.8601014e-05,2.7839087e-05,0.00079232216,0.9933943,0.00081035565,0.0037112802,0.0011664171,578,validation
0.9976265,0.00015467698,7.4262614e-05,0.00010670437,3.1944797e-05,0.0008093611,1.5828533e-05,0.0011806682,579,validation
0.9963469,0.00023527579,0.00015540357,0.00016009458,3.5881174e-05,0.0012058683,3.343374e-05,0.0018271734,580,validation
0.9839881,0.0023731452,0.0011307012,0.00042000948,0.0006011268,0.005440103,0.00017678019,0.005870049,581,validation
0.0013972309,0.0028323287,0.99097085,0.0007621809,0.0004777996,0.0012365918,0.00080877246,0.0015143413,582,validation
0.00093936926,0.0015658394,0.9941527,0.00068169046,0.00028681784,0.00074953854,0.00048522247,0.0011387292,583,validation
0.0013811352,0.002177038,0.9922891,0.00060336426,0.00034615403,0.0011172496,0.0006783788,0.0014074841,584,validation
0.0009139852,0.0005357379,6.118428e-05,3.4958797e-05,1.9017665e-05,0.998276,1.0191302e-05,0.00014895944,585,validation
0.97084516,0.005913102,0.009102299,0.0007746894,0.0007909503,0.005144493,0.0007064722,0.0067228526,586,validation
0.0008074052,0.0018328843,0.99450976,0.000432794,0.00019446907,0.0008767829,0.0003287732,0.0010172073,587,validation
0.9979488,0.00012925186,6.218213e-05,0.00010224253,1.8122488e-05,0.00088406407,1.8862656e-05,0.00083655573,588,validation
0.9970515,0.00025831966,0.00013730954,0.00011704835,5.2557152e-05,0.0011282999,2.096205e-05,0.0012339653,589,validation
0.0008426595,0.0012974769,0.99551857,0.00031049474,0.000107092994,0.0009339326,0.00018631718,0.00080341124,590,validation
0.027263964,0.19386257,0.028983103,0.018701462,0.29983956,0.30987605,0.07955231,0.041920967,591,validation
0.9975236,0.00018257044,9.140347e-05,7.696606e-05,1.8710587e-05,0.0010778356,1.7390921e-05,0.0010115348,592,validation
0.0010386573,0.0023604822,0.99286896,0.00062981615,0.00033823325,0.0009918043,0.000541539,0.0012305692,593,validation
0.0010934081,0.001000974,0.9944383,0.000817365,0.00018138697,0.0008370875,0.00032013239,0.0013113453,594,validation
0.991763,0.0007276331,0.0016087511,0.00040742138,9.958896e-05,0.0027988327,4.86029e-05,0.0025463172,595,validation
0.96541256,0.006137671,0.005390419,0.0019234294,0.001122392,0.009359348,0.0007062348,0.0099478215,596,validation
0.00072947575,0.0015926409,0.9950016,0.00053524825,0.00023115046,0.00065116934,0.00041478034,0.0008439119,597,validation
0.010073189,0.018402075,0.9347931,0.004227143,0.0035643463,0.005412822,0.01644464,0.0070827175,598,validation
0.95077854,0.009216817,0.014744052,0.0019016323,0.0020555155,0.008422402,0.0016488328,0.011232236,599,validation
0.002243891,0.008082893,0.9809717,0.00045738454,0.0006004445,0.003472408,0.0014001941,0.0027709887,600,validation
0.0006450889,0.0016673396,0.99434495,0.0005684356,0.00021541624,0.00084741745,0.0004060137,0.0013054913,601,validation
0.9982058,9.5687836e-05,0.0001510819,6.8044385e-05,2.3670606e-05,0.00044843843,1.2356271e-05,0.0009949558,602,validation
0.00070812344,0.0017898709,0.9942011,0.00046869065,0.00020461621,0.0009530455,0.00048303866,0.0011914483,603,validation
0.00089581124,0.0017733242,0.99430853,0.00048218062,0.00027749522,0.00079247664,0.00048559086,0.000984603,604,validation
0.9976901,0.00016381028,5.3562344e-05,0.00014851919,2.825478e-05,0.00097077666,2.4919565e-05,0.00092006795,605,validation
0.0008638297,0.0015403719,0.99471056,0.00054075127,0.000250394,0.00072825357,0.0004186226,0.0009473083,606,validation
0.00090188946,0.0013459148,0.9947962,0.0005114666,0.00023520575,0.0005838088,0.00047198765,0.001153483,607,validation
0.99782807,0.00019662299,7.45055e-05,7.54082e-05,2.4457213e-05,0.0008151646,1.8047103e-05,0.0009676553,608,validation
0.88727635,0.008785204,0.06865439,0.004792062,0.002462307,0.006748542,0.0010841257,0.020197121,609,validation
0.0007844485,0.0017467459,0.99425656,0.0005089947,0.0001946034,0.00088699127,0.0004081399,0.0012135457,610,validation
0.9630172,0.0021087846,0.002739139,0.0022704252,0.00046459495,0.006719463,0.0007616607,0.021918613,611,validation
0.002021612,0.9881613,0.0028844406,0.00022208852,0.00047415862,0.002144927,0.0012171207,0.002874319,612,validation
0.99707603,0.00020532944,0.000110772846,0.00013983504,6.69183e-05,0.0011511317,2.1419564e-05,0.0012285549,613,validation
0.00039508002,0.00058490725,0.9972664,0.00051527115,8.20127e-05,0.00026233282,0.00019945337,0.0006945518,614,validation
0.0033605618,0.0037349383,0.98400235,0.00079899083,0.0011448585,0.0012890259,0.0021887445,0.0034805688,615,validation
0.00084552035,0.0013969673,0.9949226,0.00028459518,0.00013979209,0.0010808179,0.00030021428,0.0010295116,616,validation
0.0007302253,0.00060699496,0.9966497,0.000214553,9.1935704e-05,0.00064933585,0.00021368067,0.0008435332,617,validation
0.00026632746,0.00043059798,0.9978904,0.00057439983,7.551092e-05,0.0001689703,0.00014317856,0.0004505385,618,validation
0.9825256,0.0013430191,0.0039947308,0.0010261473,0.00013640677,0.0064456128,0.00010172645,0.00442663,619,validation
0.0022510518,0.98758847,0.003392319,0.00022269065,0.0006837414,0.0025508183,0.0009491446,0.0023617428,620,validation
0.0005946072,0.00070901477,0.996881,0.00032783244,7.820266e-05,0.00052183424,0.00017298092,0.0007144922,621,validation
0.002494214,0.9841763,0.0031779308,0.00027322042,0.0010268993,0.004141502,0.0015293572,0.0031805006,622,validation
0.0006025787,0.0020935067,0.99325377,0.0008755691,0.00024723486,0.00080577174,0.00065893587,0.0014627221,623,validation
0.9982432,0.00013154699,3.3945864e-05,6.539555e-05,1.4703936e-05,0.00070283556,1.1590855e-05,0.000796706,624,validation
0.99824536,0.00013054136,6.125473e-05,5.3372478e-05,2.4462983e-05,0.00056442403,7.9710135e-06,0.0009125871,625,validation
0.00091874076,0.0022427351,0.9929468,0.00062626787,0.00032389027,0.0009035568,0.0006807856,0.0013572593,626,validation
0.0013457678,0.002081846,0.9891923,0.0008550526,0.0008800319,0.0011391017,0.0021389672,0.0023670045,627,validation
0.99754286,0.00025140887,0.00013861612,0.00010834659,3.7819507e-05,0.0007559575,1.4619832e-05,0.0011503984,628,validation
0.9952376,0.0005271574,0.00045440815,0.00018405225,0.00010683572,0.0016960119,3.750258e-05,0.001756547,629,validation
0.00070996775,0.0009710847,0.99613345,0.00036182426,0.00011189814,0.00072032114,0.00019918951,0.00079229777,630,validation
0.9981598,0.00014650312,8.685082e-05,6.7592475e-05,3.6040725e-05,0.00067442766,1.3241734e-05,0.0008155907,631,validation
0.99801946,9.8224285e-05,0.000106208216,0.00010186872,2.0398336e-05,0.00054364675,1.5575793e-05,0.0010946683,632,validation
0.0009529182,0.0015821425,0.9942656,0.0005009315,0.00026472437,0.0007475922,0.00054920465,0.001136845,633,validation
0.0006268814,0.00054302166,0.99686474,0.0002299951,0.00010618088,0.00058144046,0.00025832644,0.00078927894,634,validation
0.0009487802,0.0019617248,0.99350184,0.00061933533,0.0002742139,0.00092669355,0.000537819,0.0012296286,635,validation
0.0029445994,0.98547065,0.003172818,0.00021698441,0.0010636258,0.0026687745,0.0007794755,0.003683144,636,validation
0.00051139016,0.00089507265,0.99658406,0.00026748396,8.014455e-05,0.0006769707,0.000188845,0.00079598214,637,validation
0.0006205296,0.000650364,0.9969125,0.00031943663,6.917261e-05,0.0006305666,0.00013231982,0.0006650755,638,validation
0.00084632717,0.0008165568,0.99582916,0.0005561054,0.00014667473,0.00044910816,0.00036581839,0.0009901212,639,validation
0.99856025,0.00010086008,5.648233e-05,3.6307898e-05,1.2000304e-05,0.00077650405,3.1836116e-06,0.00045447442,640,validation
0.99784267,0.00014121739,8.8403955e-05,7.542383e-05,1.5468284e-05,0.0011612249,4.8391703e-06,0.0006707675,641,validation
0.0012140913,0.0003827523,0.00020498199,3.0472183e-05,8.935503e-06,0.99807405,2.159315e-06,8.2525105e-05,642,validation
0.00095805584,0.001426809,0.9949734,0.00032356454,0.00031886942,0.0005849766,0.00060457626,0.0008097319,643,validation
0.0010823227,0.0014268332,0.9946544,0.00037600187,0.00028413566,0.00069282023,0.0005685095,0.00091499253,644,validation
0.0013601438,0.9908303,0.002862915,0.00010207491,0.0004986773,0.0018731402,0.00050109235,0.0019717447,645,validation
0.0006507218,0.0011551415,0.9962924,0.00023667571,0.00016286274,0.00055489497,0.00037113033,0.00057619315,646,validation
0.0007025027,0.0010675596,0.99638075,0.00031476974,0.0001525826,0.00058555347,0.00024650522,0.0005498746,647,validation
0.9986499,6.9446774e-05,5.619109e-05,7.888436e-05,9.539307e-06,0.0004929826,7.2455314e-06,0.0006358713,648,validation
0.9984962,0.000103096034,0.00020970382,6.8641275e-05,1.112468e-05,0.00053722283,8.094813e-06,0.00056595175,649,validation
0.00053745543,0.00074126315,0.99737406,0.00020142627,0.0001153991,0.00042972004,0.00023788495,0.00036271737,650,validation
0.98743105,0.0015629298,0.0013288526,0.00090742554,0.00020489529,0.0034589523,8.562651e-05,0.0050201267,651,validation
0.9986149,9.740995e-05,9.33724e-05,6.0893504e-05,1.1993272e-05,0.0006336825,5.4024204e-06,0.0004822614,652,validation
0.9945129,0.00068669795,0.00030747944,0.00033499987,0.000116813586,0.0020964907,5.913454e-05,0.0018855033,653,validation
0.00066325255,0.00036098712,0.9976618,0.00010222472,7.49638e-05,0.0004667706,0.00016159091,0.0005083251,654,validation
0.001771472,0.0020073475,0.99203694,0.00043618996,0.00063667557,0.00079024327,0.0010160323,0.0013050274,655,validation
0.9981766,0.00011581611,0.000102543614,6.513967e-05,1.4862412e-05,0.0009094713,3.3624933e-06,0.0006122786,656,validation
0.0010376858,0.0012152265,0.99515283,0.00031738315,0.0003203493,0.00047279173,0.00077325426,0.0007104424,657,validation
0.00041414058,0.0008542672,0.9966883,0.0002641408,9.772688e-05,0.0007599732,0.00018832013,0.0007331806,658,validation
0.0008867524,0.00083105173,0.9968875,0.00013620769,8.169488e-05,0.0007032556,0.000116249554,0.00035739155,659,validation
0.0017335291,0.0023835232,0.9856119,0.0015044338,0.0020908648,0.0011545012,0.0034296117,0.0020915158,660,validation
0.00065294513,0.0011569188,0.99610883,0.0002644973,0.00020470738,0.00055384595,0.00041589836,0.0006423056,661,validation
0.0004446303,0.0004179702,0.9980578,0.00015751985,5.9475922e-05,0.00038646878,0.00010660147,0.00036949854,662,validation
0.00059930066,0.00080380705,0.9973526,0.00011908889,9.0872614e-05,0.0004857168,0.000187349,0.00036128808,663,validation
0.0005464255,0.0015480301,0.9956447,0.00020340146,0.00021946889,0.0005825097,0.00044366633,0.00081180275,664,validation
0.0022927274,0.0009297163,0.9942087,0.00034562245,0.00028450845,0.0004460823,0.0007492341,0.00074338046,665,validation
0.005576406,0.008671777,0.90732753,0.006202368,0.018999185,0.0048768795,0.03847459,0.009871237,666,validation
0.99777204,0.00013861296,0.00016641393,8.746045e-05,2.1310774e-05,0.0010987824,8.9538735e-06,0.0007064657,667,validation
0.0018119051,0.9911917,0.0023781634,8.908733e-05,0.00063718896,0.0021211384,0.00044262296,0.0013280886,668,validation
0.00067707157,0.0008288913,0.99696785,0.00030731002,0.000103800805,0.00047429817,0.00016720174,0.00047358268,669,validation
0.00043273822,0.0011011533,0.99653083,0.00022861906,0.00013687958,0.00064676296,0.0002695402,0.00065353734,670,validation
0.00052311027,0.0006438414,0.9974855,0.00019707202,0.00010466126,0.0004284867,0.00020828396,0.00040900917,671,validation
0.00045482113,0.00054633943,0.99777406,0.0001967819,7.6950084e-05,0.00034412913,0.00015543781,0.0004514506,672,validation
0.99687093,0.00012349641,0.00029776368,0.00022111842,5.649292e-05,0.0012431734,2.9617528e-05,0.0011574832,673,validation
0.996741,0.00015427994,0.0002560373,0.00021408782,3.7199832e-05,0.0013479642,2.0869285e-05,0.0012286956,674,validation
0.007535967,0.009993473,0.95519364,0.0037898966,0.0021135896,0.0030026718,0.007046364,0.01132443,675,validation
0.00096036296,0.0012680617,0.99481493,0.00055148057,0.00028230363,0.00066075,0.0005250291,0.0009370034,676,validation
0.99789053,0.00016371418,0.00010693597,7.7089964e-05,1.689551e-05,0.001201467,6.9925522e-06,0.00053631637,677,validation
0.99796945,0.0001363953,0.0001296805,9.278521e-05,2.0831418e-05,0.0008778124,7.0564342e-06,0.0007660345,678,validation
0.00060100877,0.0010115108,0.9963875,0.00029388297,0.00017574447,0.0005586051,0.0003330407,0.0006386961,679,validation
0.0010186828,0.0010531998,0.99436426,0.00054106995,0.00043221354,0.00055011496,0.0010097548,0.0010307699,680,validation
0.00069450645,0.0014393334,0.99555546,0.00030761454,0.00024641195,0.00061066984,0.00045801967,0.00068809534,681,validation
0.09969862,0.037799366,0.8111894,0.006349635,0.007309406,0.00997504,0.009293789,0.018384697,682,validation
0.9963205,0.00041848797,0.0004371861,0.00015876212,3.7870406e-05,0.0018715684,1.6463078e-05,0.0007390497,683,validation
0.0005888309,0.00069693354,0.9966665,0.00039527714,0.00019112894,0.00041108628,0.00036390073,0.0006862493,684,validation
0.9308536,0.0018868868,0.047709063,0.0070836307,0.00066025375,0.0075363982,0.00027722336,0.003992882,685,validation
0.9976017,0.00018859288,0.00012632762,8.761614e-05,1.4522278e-05,0.0014130444,6.4379133e-06,0.0005618661,686,validation
0.18486798,0.039773766,0.7217205,0.0064803595,0.008143142,0.0074625514,0.015916936,0.01563471,687,validation
0.0006397466,0.0010020188,0.9965184,0.0003509953,0.00014548426,0.00062912016,0.00020577961,0.0005085016,688,validation
0.00064777763,0.0012753813,0.9958532,0.00028098156,0.00023268811,0.00059829676,0.00044902114,0.00066264294,689,validation
0.9985611,6.0707807e-05,6.740473e-05,8.910858e-05,8.8898205e-06,0.000649798,5.5037617e-06,0.0005575667,690,validation
0.00038638563,0.0006297417,0.99739206,0.0001979454,8.7922046e-05,0.00053170475,0.00018293796,0.00059125846,691,validation
0.012524597,0.9490947,0.007180942,0.0005068854,0.006164379,0.015899947,0.0015232334,0.0071053305,692,validation
0.9985896,0.00011942015,5.858107e-05,5.7596124e-05,1.018567e-05,0.0007667419,3.693543e-06,0.00039413027,693,validation
0.0050413874,0.018387957,0.0015078997,0.004289194,0.0052298345,0.958176,0.0019013307,0.0054664356,694,validation
0.0006128551,0.0003507068,0.997829,9.743592e-05,7.161837e-05,0.00038999613,0.00017437416,0.00047400783,695,validation
0.0005057814,0.0005986382,0.9977266,0.00016149232,9.192426e-05,0.00038023572,0.00017884695,0.000356428,696,validation
0.00075990014,0.00082384574,0.99667907,0.0002953341,0.00014396838,0.00050555373,0.00030816827,0.00048422205,697,validation
0.00063758274,0.00041028945,0.99771786,7.005082e-05,5.252977e-05,0.0005105818,0.00013405058,0.000467152,698,validation
0.99179876,0.0007573462,0.0006097575,0.0008984198,0.00015989662,0.0023379875,0.00021907195,0.0032188583,699,validation
0.0005663288,0.0011890867,0.9961909,0.0003081951,0.00018783598,0.000634266,0.00030730112,0.0006159633,700,validation
0.0004013273,0.000574285,0.99775034,0.00019576048,8.770494e-05,0.0004060753,0.00013718595,0.00044728347,701,validation
0.0007651238,0.00057818205,0.9970298,0.0002988724,0.0001379289,0.00042122728,0.00026062646,0.00050817634,702,validation
0.9908853,0.0005702324,0.0015264638,0.0008782956,0.00016631087,0.002666166,7.471081e-05,0.0032325315,703,validation
0.00070839527,0.0011560789,0.9963482,0.00022304487,0.00012703166,0.0007434312,0.0002013216,0.00049252016,704,validation
0.00081630854,0.0026117687,0.99235755,0.0005829737,0.0005678657,0.0006752021,0.0012501461,0.0011381401,705,validation
0.99568367,0.00011290861,0.00026401196,0.00064800866,6.393229e-05,0.0011226407,2.9612964e-05,0.002075172,706,validation
0.99780506,0.00015980515,7.16681e-05,9.26056e-05,1.5453796e-05,0.0012390433,6.132673e-06,0.000610208,707,validation
0.0007046376,0.0013995095,0.99586946,0.00030077843,0.00022832685,0.0005496121,0.0003650421,0.0005826128,708,validation
0.00074632996,0.0016439072,0.9950848,0.0002583457,0.0002642619,0.0006260835,0.00061022583,0.0007661037,709,validation
0.0010435232,0.0008958175,0.99610966,0.00038006686,0.00014625561,0.0006894061,0.00021982157,0.00051547564,710,validation
0.0008706228,0.0018556139,0.99457365,0.00028998678,0.00028255212,0.00079658127,0.0005786248,0.00075251155,711,validation
0.0005742053,0.0013594977,0.9955456,0.00026728527,0.00030236453,0.0005495036,0.0005505648,0.0008510116,712,validation
0.0010409442,0.00094822183,0.99319226,0.0007385463,0.00048648228,0.00056224986,0.0012910742,0.0017401144,713,validation
6.6066214e-06,2.1317366e-05,7.898352e-05,1.8475861e-05,0.00018242536,3.4377572e-05,0.9992436,0.00041426832,714,validation
0.00055591186,0.00057701394,0.9970402,0.00025331439,0.00014033138,0.00040339868,0.00033183998,0.0006979004,715,validation
3.6767306e-05,3.0203577e-05,3.471429e-06,3.4445127e-06,5.633581e-07,1.2272258e-06,1.9202398e-06,0.9999224,716,validation
0.00054973754,0.00039090824,0.9977729,9.86598e-05,7.886606e-05,0.000437287,0.00016828114,0.00050333777,717,validation
0.00088045385,0.0014215959,0.99553275,0.00031373737,0.00021220517,0.0006149784,0.0004425942,0.00058173115,718,validation
0.99829775,0.00011421942,6.262762e-05,6.323166e-05,1.358382e-05,0.00085150136,3.5872129e-06,0.0005935625,719,validation
0.9970516,0.00020662008,0.00041264866,0.000112009824,3.0999767e-05,0.0008333955,1.6014696e-05,0.0013365666,720,validation
0.0014709886,0.00056739064,0.00016087655,4.356725e-05,2.0283114e-05,0.99761814,4.303415e-06,0.00011438401,721,validation
0.9988569,7.059138e-05,4.8747337e-05,5.389831e-05,7.985883e-06,0.00057583884,3.9768643e-06,0.00038202608,722,validation
0.0005974173,0.00036440446,0.99792564,8.7499604e-05,6.515168e-05,0.000424386,0.00014275305,0.00039262933,723,validation
0.0007551247,0.0013261348,0.9954476,0.000340227,0.00019561494,0.0007012607,0.00038638993,0.00084766815,724,validation
0.99866223,7.681239e-05,6.903045e-05,8.393081e-05,1.2677773e-05,0.0005607728,5.9354625e-06,0.00052862486,725,validation
0.9977443,0.0001838727,0.00016066352,9.272651e-05,3.0241288e-05,0.00094400626,1.1929499e-05,0.00083234365,726,validation
6.4652224e-05,3.655283e-05,1.6079175e-05,7.33997e-06,9.186296e-07,3.8014493e-06,2.0213522e-06,0.9998685,727,validation
0.000277761,0.0014823995,0.008161764,0.00046333496,0.00013133971,0.0001925705,0.028374223,0.96091664,728,validation
0.00019474856,0.000134201,0.0001165257,0.0013575482,0.98959374,0.0021745807,0.0049521513,0.0014764967,729,validation
4.1607615e-05,7.623398e-05,2.921011e-05,0.0014123727,0.98370194,0.00111346,0.01265167,0.00097345345,730,validation
0.9984162,0.00010970978,9.57636e-05,7.9389756e-05,1.8412495e-05,0.0007532952,9.332743e-06,0.0005178655,731,validation
0.99837035,5.997524e-05,0.00026838155,6.787677e-05,1.0401262e-05,0.00066438754,8.713036e-06,0.0005499594,732,validation
0.9973941,0.00015204381,0.00019381824,0.00016950733,3.0155063e-05,0.0010998796,1.1368321e-05,0.0009490901,733,validation
0.0017273932,0.9921681,0.0030533005,4.6561487e-05,0.0003206856,0.0015327145,0.00026991946,0.000881368,734,validation
0.0010000581,0.0009197288,0.99515754,0.00054204697,0.00027972448,0.0004743216,0.00053971336,0.0010868434,735,validation
0.0067603556,0.960603,0.008476571,0.00035692193,0.0020522287,0.016333006,0.002131079,0.0032868884,736,validation
0.0008740391,0.0004653107,0.9973067,0.00014646644,9.449912e-05,0.00042713585,0.00023310374,0.00045266972,737,validation
0.000832722,0.0009691962,0.99645007,0.00011736237,9.570536e-05,0.0007925704,0.00019649585,0.000545888,738,validation
0.0006578972,0.0007348384,0.9970356,0.00022661485,0.00013997493,0.00046079644,0.00023672827,0.0005074705,739,validation
0.99514693,0.0003343989,0.00064288714,0.00017342895,8.30637e-05,0.0015439881,1.9397234e-05,0.0020558953,740,validation
0.9983394,0.000148176,0.00013554268,5.140652e-05,1.4970013e-05,0.00089362974,5.0370495e-06,0.0004117869,741,validation
0.001892436,0.0024578432,0.9911237,0.00043045403,0.0005818186,0.000965117,0.001344416,0.0012042387,742,validation
0.9980952,0.0001585405,0.000110686284,6.656169e-05,1.6259677e-05,0.00090590137,6.018732e-06,0.00064072805,743,validation
0.00064455566,0.0012015769,0.9959776,0.00029855498,0.00018935367,0.000616396,0.00038140957,0.0006905839,744,validation
0.0005825445,0.0002977736,0.99809045,8.456219e-05,5.3211792e-05,0.0004024902,0.00012502534,0.00036397367,745,validation
0.9961702,0.00030459586,0.00017494956,0.0001613541,2.6410537e-05,0.0022334612,1.6568132e-05,0.0009124087,746,validation
0.0004968638,0.0008255933,0.9966822,0.00036064745,0.00015223438,0.0005057191,0.00027479677,0.00070185435,747,validation
0.00039804925,0.00047121063,0.9980744,8.801325e-05,3.3571494e-05,0.00058388023,6.737535e-05,0.00028341124,748,validation
0.0011267003,0.001086854,0.9949608,0.0003820217,0.00032338337,0.00055228325,0.0007856737,0.0007822677,749,validation
0.00045059773,0.0007674932,0.99677604,0.00033652887,0.00012505209,0.0005234797,0.00020177159,0.00081899983,750,validation
0.99817705,0.00012818312,9.7495e-05,7.1594324e-05,1.5276652e-05,0.00075091765,5.095882e-06,0.00075448386,751,validation
0.0006404295,0.0010084872,0.9964316,0.00031791345,0.00018403227,0.0004986417,0.00033021971,0.00058863603,752,validation
0.0012906854,0.00047714854,0.00010840054,2.4210834e-05,9.628283e-06,0.99800247,3.1584752e-06,8.423689e-05,753,validation
0.9988329,9.447519e-05,4.8707272e-05,4.611639e-05,1.2249415e-05,0.0005540858,3.6356676e-06,0.00040785014,754,validation
0.0006418065,0.0012423805,0.9958072,0.00032933903,0.0001821873,0.0006080018,0.0004114799,0.0007777455,755,validation
0.0005141525,0.0006626913,0.99736917,0.00012309452,0.0001000698,0.0004858444,0.00024274804,0.0005021294,756,validation
0.99729806,0.00016596392,0.0002242718,8.8834175e-05,2.3721203e-05,0.0010609122,6.7892224e-06,0.0011313197,757,validation
0.0004086345,0.00032176633,0.9979394,0.0003365236,7.510575e-05,0.00024078965,0.00014905173,0.00052867114,758,validation
0.0015929617,0.9904688,0.002846103,0.000109183304,0.0005915142,0.0019082036,0.0004996548,0.0019836833,759,validation
0.9971142,0.00021183844,8.8867186e-05,0.00010398707,1.97973e-05,0.0016869233,1.3202757e-05,0.0007610944,760,validation
0.00066155725,0.0011559697,0.9962047,0.0002756959,0.00017730496,0.0006279632,0.00027504723,0.0006218155,761,validation
0.0008810883,0.0013869737,0.9953361,0.00031134507,0.0002570522,0.0006175559,0.0005408999,0.0006690261,762,validation
1.10211195e-05,1.6965652e-05,1.868373e-05,0.00029177757,0.9967513,0.0005249543,0.0018471086,0.000538269,763,validation
0.0004970407,0.0011603178,0.99626994,0.0002869324,0.0001893307,0.0005909567,0.00034398315,0.0006615785,764,validation
0.9988319,6.2411185e-05,0.00010675539,6.354983e-05,9.383009e-06,0.00033288743,5.8671862e-06,0.0005871334,765,validation
0.0014334072,0.99327433,0.0016018965,8.1516475e-05,0.00038570893,0.0015939594,0.0003488462,0.0012802731,766,validation
0.9956155,0.0002030755,0.00026855478,0.0002872478,3.616849e-05,0.0014765895,2.351301e-05,0.0020893537,767,validation
0.0014471723,0.0017617479,0.9934435,0.00063494634,0.00037218173,0.0007538661,0.00062878634,0.000957794,768,validation
0.0008652149,0.00043409216,0.9966388,0.00034962528,0.00012265648,0.0005064415,0.0003111202,0.00077200687,769,validation
0.0008839471,0.0011620402,0.99567467,0.0002478871,0.0001607824,0.0007089636,0.00031954,0.00084213476,770,validation
0.001932161,0.0019546682,0.99286133,0.00037894776,0.00027174177,0.0011493455,0.0005903913,0.0008613838,771,validation
0.0006389072,0.0005852281,0.99687696,0.00030821827,0.00010433858,0.00043984523,0.00028832935,0.0007581927,772,validation
0.0006524172,0.0012444769,0.99557686,0.00051623496,0.00019493337,0.0005673786,0.00034511485,0.00090252754,773,validation
0.017686112,0.068264686,0.046694044,0.03747234,0.62040895,0.08842171,0.084723696,0.03632845,774,validation
0.001997135,0.0016589448,0.9923774,0.0006815376,0.00047037195,0.000832029,0.000834064,0.0011485328,775,validation
0.00021909195,0.00025460526,5.891867e-05,2.1951035e-05,6.4635274e-06,2.5122336e-05,1.961381e-05,0.9993943,776,validation
0.001050242,0.0011719473,0.9952945,0.0004781709,0.00021170892,0.00064959866,0.0003618681,0.00078189565,777,validation
0.0013525492,0.0029517706,0.9894192,0.0012577998,0.0006741306,0.0012069006,0.0014330305,0.0017044666,778,validation
0.0007556174,0.00047360378,0.9971264,0.00015377834,8.699048e-05,0.00048595175,0.00019508658,0.00072255154,779,validation
0.0005446457,0.0007546032,0.9967049,0.00035650693,0.00013757503,0.00053370243,0.00021363545,0.0007544823,780,validation
0.99866307,7.326079e-05,8.5890526e-05,5.1663264e-05,1.4551739e-05,0.0005114895,4.2489037e-06,0.00059581304,781,validation
0.9979699,0.000119355034,0.000118722935,8.541243e-05,2.7408627e-05,0.00069611345,7.276095e-06,0.0009758439,782,validation
0.99369556,0.00078443927,0.000742723,0.00036180895,0.00012681542,0.0015633455,9.012873e-05,0.0026351437,783,validation
0.99790907,0.00015879143,0.00010704897,7.622683e-05,2.6494534e-05,0.00081131165,8.520403e-06,0.0009025735,784,validation
0.00023763876,0.0011005504,0.0005521219,5.2751413e-05,1.1374386e-05,0.00026134757,0.00019203177,0.9975922,785,validation
0.0008919512,0.00025909874,0.00029708707,0.002463844,0.9842743,0.0021267561,0.0054921294,0.0041948487,786,validation
0.99574333,0.00020745827,0.00035829,0.00019180919,4.424449e-05,0.0016616039,1.8553437e-05,0.0017746498,787,validation
0.0025080894,0.0008581191,0.0006504093,0.003547643,0.9743114,0.004558625,0.0044364007,0.009129331,788,validation
0.009759509,0.0082578985,0.96454805,0.0023933952,0.002743616,0.003634519,0.005391581,0.0032714382,789,validation
0.0010237994,0.00045389248,0.9970335,0.00019469873,0.0001001648,0.00041832405,0.00024091224,0.0005346299,790,validation
0.99640757,0.00022497193,0.00035594185,0.00014223662,5.496391e-05,0.0010885259,1.7534381e-05,0.0017082707,791,validation
0.0006353472,0.0011748903,0.99569356,0.00037184905,0.00020460604,0.00058612507,0.0004409084,0.00089254323,792,validation
0.0009903836,0.0014471612,0.99475455,0.0004445842,0.0002746749,0.00047316172,0.0005686313,0.001046827,793,validation
0.0001942188,0.00015022844,2.0697773e-05,1.4311941e-05,3.7794232e-06,1.4668284e-05,1.5058396e-05,0.999587,794,validation
0.0020742908,0.0013346162,0.9934644,0.00042907408,0.0003546487,0.00068164675,0.0006590345,0.001002243,795,validation
0.0009870088,0.0012776535,0.99517906,0.0003580938,0.0002686394,0.0006034325,0.0004960279,0.00083010393,796,validation
0.9982659,0.00011891091,8.3842955e-05,0.00010562618,1.7687582e-05,0.0004861692,1.0237196e-05,0.00091157854,797,validation
0.0010734064,0.0012321569,0.9949628,0.0005537445,0.00024675683,0.00069327303,0.00037958132,0.00085835584,798,validation
0.0010914465,0.0014874153,0.99460924,0.00040981834,0.0002520198,0.0007532468,0.00048997806,0.0009067081,799,validation
0.0008476724,0.0009008512,0.9961169,0.00033335437,0.00011644274,0.00065386115,0.0002605321,0.00077047606,800,validation
1.3908842e-05,2.4408779e-05,0.00028108363,3.1462627e-05,0.00041259776,7.3873714e-05,0.9984291,0.0007335474,801,validation
0.9979545,0.00012152177,7.278783e-05,9.69539e-05,2.1225538e-05,0.0007218635,7.407695e-06,0.0010037855,802,validation
0.0018663713,0.0015200619,0.9934582,0.00047585974,0.000370362,0.000710026,0.00064292393,0.0009560861,803,validation
0.0014873769,0.0018273608,0.9933427,0.00047538104,0.00035676468,0.00089735637,0.0005722826,0.001040887,804,validation
0.9934744,0.0007073804,0.0005108886,0.00017089857,0.000118616306,0.0027505036,5.6562967e-05,0.0022106883,805,validation
0.00025039856,0.00017824594,0.99869615,0.000105441686,2.925746e-05,0.00021149473,0.00011139569,0.00041762454,806,validation
0.0017675721,0.98942125,0.002810739,0.00011417518,0.00069400866,0.001707265,0.0010395079,0.0024454768,807,validation
0.0009861033,0.0014113866,0.9947849,0.0005493165,0.0002645337,0.0007066207,0.00045332016,0.000843788,808,validation
0.9974826,0.00015722218,0.00018131487,9.35423e-05,3.913875e-05,0.0007578604,8.944475e-06,0.0012794116,809,validation
0.001157627,0.0015510976,0.9944517,0.00051072345,0.00029139718,0.0007447644,0.00046581394,0.0008268723,810,validation
0.42718956,0.047885,0.4140718,0.027101811,0.0062110415,0.051975925,0.008307286,0.01725755,811,validation
0.9963063,0.00017706215,0.00015445844,0.00018418714,4.141838e-05,0.0015735886,1.9545712e-05,0.0015434036,812,validation
0.99650794,0.00024746291,0.00038221732,0.0001568029,6.4455155e-05,0.0009978345,2.1566557e-05,0.0016216267,813,validation
0.001285807,0.0018388622,0.9934366,0.00065179216,0.00034450035,0.0008790953,0.0005276778,0.0010357054,814,validation
0.99797624,0.00014397332,0.00011008078,7.907397e-05,2.8294548e-05,0.0006982272,7.868299e-06,0.0009562921,815,validation
0.0007003625,0.0009518614,0.9961538,0.00022955702,0.00015669799,0.00073331944,0.00030471926,0.00076972943,816,validation
0.00014008355,0.00028500071,0.00012860062,1.362622e-05,3.3172907e-06,9.729453e-05,2.7746582e-05,0.9993044,817,validation
1.5219715e-05,2.7305969e-05,0.0003833744,3.172863e-05,0.00026978878,6.9379654e-05,0.9979007,0.0013024634,818,validation
0.0012289974,0.0010758443,0.9954756,0.00046638516,0.0002010841,0.0005715393,0.00033987316,0.0006407303,819,validation
0.0011284286,0.0014536589,0.9944877,0.00047308128,0.00026596157,0.00078659004,0.00050706725,0.0008975557,820,validation
0.0059483326,0.0035561128,0.977961,0.0021408955,0.0015011969,0.0017811707,0.003940239,0.0031711252,821,validation
0.0008635227,0.0009062323,0.9960146,0.00036171882,0.00011236437,0.0006688076,0.0002483627,0.0008244157,822,validation
0.0006977404,0.00019356434,6.285571e-05,4.281774e-05,5.516938e-06,3.7705384e-05,1.8294826e-05,0.9989415,823,validation
0.0023918652,0.0033115367,0.9855993,0.0004891607,0.0011339532,0.0010708137,0.0039319475,0.0020714838,824,validation
0.0006651087,0.0008718235,0.99655724,0.0002794141,0.0001180894,0.0006051793,0.0002429025,0.0006601981,825,validation
0.9971551,0.00020044738,0.00011420593,0.00015169254,2.8370821e-05,0.001199988,1.8260718e-05,0.0011319797,826,validation
0.00057207665,0.00045964433,0.000111171925,0.0015952544,0.98680836,0.0034827285,0.0022622996,0.004708551,827,validation
0.0016271182,0.9929026,0.0018300341,5.762888e-05,0.0004126063,0.001641053,0.00044506523,0.0010838142,828,validation
0.00072205806,0.001208528,0.99515957,0.00042793257,0.00018775284,0.0007583257,0.00043172218,0.0011041736,829,validation
0.0015056112,0.0014287579,0.99437696,0.00037083428,0.0002711201,0.0008051911,0.00046316042,0.00077826227,830,validation
0.00088119647,0.0015837366,0.99451363,0.0004251217,0.00029210062,0.0006956526,0.0006082903,0.0010002429,831,validation
0.99769056,0.000111060144,0.00017023821,9.211205e-05,2.878134e-05,0.0007133535,1.4727432e-05,0.0011791884,832,validation
0.99234784,0.00045752092,0.00055200397,0.00046376573,9.372986e-05,0.0031197644,3.7159847e-05,0.0029283266,833,validation
0.0076079383,0.017730597,0.9341611,0.006332616,0.005403556,0.0076025967,0.009700662,0.011460976,834,validation
0.0007296088,0.0011703247,0.99508923,0.000596772,0.00023914513,0.00042200973,0.0007732855,0.000979566,835,validation
0.9949437,0.00035788983,0.00043394955,0.0004004009,4.8033657e-05,0.0018709777,3.3943834e-05,0.001911087,836,validation
0.0061430587,0.006664197,0.97391933,0.0014470165,0.0019069767,0.0029058324,0.004364743,0.0026487457,837,validation
0.00019993162,0.0003329263,3.7262464e-05,1.9605945e-05,7.0944056e-06,9.631857e-05,1.328306e-05,0.99929357,838,validation
0.0013905823,0.002490515,0.99180704,0.00049345783,0.00055522006,0.0009867863,0.0010552314,0.0012212204,839,validation
0.0010314451,0.0014862253,0.9939448,0.00066261686,0.00029465594,0.0006880617,0.0006923141,0.0011998835,840,validation
0.9974784,0.0002283745,0.00012362802,0.00013089304,3.270124e-05,0.0008273405,1.584074e-05,0.0011628392,841,validation
0.98998636,0.0009308859,0.00050841464,0.0005227546,0.000113690985,0.004311194,8.885054e-05,0.0035378751,842,validation
0.9971329,0.00016107195,0.00014430948,0.00018668857,3.6339356e-05,0.0009524045,2.3022212e-05,0.0013631692,843,validation
0.002255409,0.98752743,0.0024314215,0.00017838155,0.0010919356,0.002634225,0.00071563607,0.0031655817,844,validation
0.0017513896,0.9901446,0.0035400693,8.6583605e-05,0.0006082104,0.0017782312,0.00065138796,0.001439645,845,validation
0.0011384158,0.0017071777,0.9935962,0.00051000796,0.00035871344,0.0007680586,0.00072065427,0.0012007308,846,validation
0.99753237,0.00016031106,0.000182245,0.0001089462,2.8559562e-05,0.00089761167,1.3177695e-05,0.0010768044,847,validation
0.28971907,0.15171829,0.34609497,0.013645622,0.025445957,0.033905953,0.053557,0.08591321,848,validation
0.0008747315,0.0013003328,0.9951741,0.0005011265,0.0002374739,0.00066267344,0.000437028,0.0008125449,849,validation
0.0014556729,0.0007236467,0.99515814,0.00053520885,0.00026992572,0.00048861344,0.00040979707,0.0009589838,850,validation
0.0010061526,0.0004451245,0.997015,0.00012545349,7.343006e-05,0.0005512869,0.00016014284,0.00062350114,851,validation
0.0006764116,0.0011058435,0.9960593,0.00026547725,0.00011898278,0.0006297813,0.000266868,0.00087729393,852,validation
0.9948757,0.0005938652,0.000413255,0.00018646306,0.00012564214,0.0021050605,6.614217e-05,0.0016338746,853,validation
0.0012876751,0.0011233932,0.99449855,0.00052206975,0.00032288776,0.00060911727,0.00048156318,0.0011548179,854,validation
0.0008570273,0.00043208362,0.997233,0.00015982444,8.2371924e-05,0.00049187394,0.00016672372,0.0005771687,855,validation
0.0012332831,0.0009903878,0.99530965,0.0005397774,0.00023722282,0.0006339712,0.00035229558,0.00070334174,856,validation
0.9872822,0.001508493,0.002187714,0.00101108,0.00014915733,0.005513761,7.670541e-05,0.002270909,857,validation
0.9975425,0.00012452275,0.00014818215,0.000106574575,3.3345106e-05,0.0008780948,1.0940475e-05,0.0011559066,858,validation
0.0014455208,0.99140644,0.002735068,8.955755e-05,0.00061811623,0.0015403478,0.00044514515,0.0017199003,859,validation
0.0006466651,0.000498636,0.99729973,0.0001710872,8.863206e-05,0.0004555508,0.00022192035,0.00061771297,860,validation
1.3702059e-05,2.7441582e-05,0.00038577878,2.5747604e-05,0.00025865258,8.3497776e-05,0.99801373,0.0011914561,861,validation
0.0013614877,0.0021956495,0.99263966,0.0004078844,0.00052624533,0.00088920724,0.0008441919,0.0011356793,862,validation
0.001153136,0.00089795573,0.9950618,0.00064944953,0.0001793564,0.0007602116,0.00023703894,0.0010610662,863,validation
0.0029013043,0.010651761,0.0004587316,0.001461238,0.00040504758,0.9822108,0.00016601075,0.001745057,864,validation
5.470313e-06,6.3990988e-06,0.00011220774,9.204803e-06,0.00011731625,2.11115e-05,0.9992669,0.00046135797,865,validation
0.0014210669,0.00046510866,0.9964625,0.00015759628,8.583917e-05,0.00059457985,0.00019783615,0.00061548845,866,validation
0.0011475331,0.0003563797,0.99720997,0.00014789873,6.5373926e-05,0.00045294405,0.00015504901,0.0004649402,867,validation
0.0007978158,0.0011600261,0.99575585,0.00042587216,0.00016116904,0.00058137864,0.0002908575,0.00082698284,868,validation
0.00096832495,0.0005776086,0.99681026,0.00017247793,8.261687e-05,0.000618304,0.00017931106,0.0005910505,869,validation
0.00075234263,0.00036677005,0.9974185,0.0001598019,7.875848e-05,0.0004166591,0.00017952625,0.00062753115,870,validation
0.99675363,0.00021400297,0.00013891853,0.00017541817,3.891004e-05,0.0011779564,2.632017e-05,0.0014747727,871,validation
0.9932104,0.0003178991,0.0003193105,0.0004494852,9.359686e-05,0.0019242263,8.508018e-05,0.0036000262,872,validation
0.7391928,0.063498266,0.11323319,0.0062620547,0.012075578,0.015319315,0.022086537,0.028332256,873,validation
0.0063971668,0.006544716,0.0012065953,0.00070522854,0.0007339352,0.9753204,0.0005454399,0.008546533,874,validation
0.00012896789,0.00032910533,3.0849857e-05,1.5221942e-05,5.2721293e-06,1.9191317e-05,1.8749988e-05,0.99945265,875,validation
0.0006842392,0.0011194051,0.99608505,0.0003609647,0.00019828035,0.0005036614,0.00033816052,0.0007102437,876,validation
0.0014601446,0.0015094335,0.99378705,0.0005752489,0.0003493406,0.0007444941,0.0006127269,0.00096154923,877,validation
0.017637836,0.11641837,0.7758606,0.0050050775,0.022247631,0.014441392,0.038444705,0.009944368,878,validation
0.0010680425,0.0008834731,0.99571085,0.0005106177,0.00018778429,0.0005697989,0.0002769041,0.000792492,879,validation
1.2065291e-05,1.9826337e-05,0.00023593144,2.8781938e-05,0.00029564704,5.1049352e-05,0.99867755,0.0006790673,880,validation
0.00123514,0.0015946034,0.99369276,0.0005220506,0.00027520378,0.000977926,0.00053133495,0.0011710627,881,validation
0.0010669968,0.0012422655,0.99473023,0.0005056233,0.00028433077,0.0005667561,0.00067628676,0.0009274253,882,validation
0.9958431,0.00019787201,0.0001796116,0.00032987338,4.5513687e-05,0.0014707531,2.0334704e-05,0.0019129916,883,validation
0.9985154,8.301209e-05,8.344921e-05,6.55659e-05,2.2119473e-05,0.00048011605,7.793339e-06,0.0007423847,884,validation
0.0010028343,0.0009029417,0.9956786,0.00047481168,0.00022497591,0.00071066513,0.00021911519,0.0007861123,885,validation
0.9979133,0.00012687413,0.00013179416,9.417862e-05,2.2813256e-05,0.0005541311,1.1356735e-05,0.0011455297,886,validation
0.00042913755,0.00014397275,0.00010149368,0.0015240802,0.9889235,0.00228803,0.004553121,0.0020366593,887,validation
0.72742397,0.049548384,0.16616079,0.0038539686,0.005900236,0.022426859,0.005000284,0.019685527,888,validation
0.99787915,9.268625e-05,0.00017055594,0.00013305568,2.0597938e-05,0.00048729609,1.1866328e-05,0.0012048284,889,validation
0.9961171,0.0003128047,0.00019158315,0.00024981695,5.2508447e-05,0.0015978881,3.123345e-05,0.0014470926,890,validation
0.00066936447,0.00052274484,0.9971106,0.00043752906,0.00012417173,0.00033559077,0.00017968113,0.00062026066,891,validation
0.0014418979,0.9916808,0.0020901598,0.00010753746,0.00054807606,0.0017079293,0.0008719739,0.0015516476,892,validation
4.4234574e-05,8.658397e-05,0.00078367704,7.583881e-05,0.00056103955,0.00018232629,0.99633884,0.0019274674,893,validation
0.0011594025,0.0015416043,0.9944489,0.0004344295,0.00026404543,0.000848343,0.00043162337,0.0008717564,894,validation
0.98718345,0.00077922194,0.004595369,0.0013396327,0.00020112646,0.0019434149,0.00012276888,0.0038351319,895,validation
0.0008103658,0.00085019163,0.9954437,0.00058972597,0.000103399645,0.0005840295,0.00025500153,0.0013635646,896,validation
0.001048378,0.0012694142,0.9940806,0.0006175713,0.00029681443,0.0006370894,0.0004801392,0.0015700081,897,validation
0.0033258144,0.0006514348,0.0001886133,0.00013320026,4.5922152e-05,0.99499017,2.4088202e-05,0.0006406922,898,validation
0.0007314576,0.00040877206,0.99664116,0.00022271591,7.954392e-05,0.0005827476,0.00015505431,0.0011786167,899,validation
0.003665258,0.0080349,0.97111523,0.002948882,0.0013586427,0.002161766,0.004045154,0.006670081,900,validation
0.00077785656,0.0011151752,0.9952899,0.0004845856,0.00021637138,0.0007592953,0.0002916973,0.0010650193,901,validation
0.0015528303,0.9882395,0.003568597,0.00019168046,0.00094250764,0.0022657816,0.0006047374,0.002634335,902,validation
0.0010486356,0.0018212774,0.9932427,0.00069752586,0.00032159092,0.001093854,0.00038024457,0.0013942429,903,validation
0.00085111184,0.0009412404,0.99552757,0.0005582524,0.00017562094,0.00076159043,0.00021792855,0.00096665294,904,validation
0.99723333,0.00019397264,0.00018879582,0.00011496916,2.9656025e-05,0.0010781572,1.2715559e-05,0.0011485042,905,validation
0.0007089564,0.00034232528,0.9970746,0.00016413868,4.872179e-05,0.0006191446,9.594425e-05,0.0009461314,906,validation
0.0058921142,0.0027446987,0.9815969,0.0018309476,0.00083419256,0.00092258974,0.0027727822,0.0034058543,907,validation
0.99701583,0.00018024496,0.00011644905,9.9245175e-05,2.3876995e-05,0.0014336279,1.4283068e-05,0.0011163986,908,validation
0.9971318,0.00014433617,0.00030368907,0.00016383063,3.4851524e-05,0.0006948016,1.9682644e-05,0.0015070902,909,validation
0.99195296,0.00046518754,0.002425589,0.00040046044,0.000149716,0.0016604372,7.50582e-05,0.0028706556,910,validation
0.0008570775,0.0010368956,0.9951826,0.00054723764,0.00016460006,0.0008799482,0.00019911291,0.0011325853,911,validation
0.9980236,8.325695e-05,0.00014495903,0.000100907644,2.2969673e-05,0.0005182883,1.0848636e-05,0.0010951238,912,validation
0.0006994549,0.00045177393,0.99665487,0.00019181275,6.705501e-05,0.0007048733,0.00012904142,0.0011010773,913,validation
0.0016175418,0.0015124137,0.9909004,0.0011273479,0.00044469145,0.0011987116,0.0010723367,0.002126567,914,validation
0.9984188,8.647329e-05,0.00010495128,4.5803103e-05,2.0661857e-05,0.00058792665,4.7366752e-06,0.00073054584,915,validation
1.1220329e-05,6.5624104e-06,1.0877159e-05,0.00020968063,0.99768233,0.00020896636,0.0014245574,0.0004458574,916,validation
0.0015614688,0.0024245826,0.98844135,0.0014204948,0.00057420635,0.001145407,0.0013010784,0.0031314266,917,validation
0.0020590809,0.0031298357,0.98697054,0.0008690568,0.00092044246,0.0016355941,0.0015866976,0.0028287333,918,validation
0.000536568,0.000585147,0.99662495,0.0005261,7.835425e-05,0.0006431884,0.00011194117,0.00089382764,919,validation
0.0029112801,0.003775139,0.983845,0.0006075457,0.001352821,0.002198732,0.0018388876,0.0034706113,920,validation
0.99592304,0.00025460153,0.00020827088,0.00016010205,7.522412e-05,0.0014391888,2.0947813e-05,0.0019184956,921,validation
0.003044853,0.000999329,0.0009569417,0.0045575183,0.9688403,0.0055784076,0.013012242,0.003010301,922,validation
0.99755234,0.00011866578,0.0002598247,0.00012380096,4.1490955e-05,0.00083510246,1.3236299e-05,0.0010556045,923,validation
0.0012493499,0.0014579403,0.9937503,0.0006566844,0.00024926712,0.001083459,0.00030520232,0.0012478407,924,validation
0.0018716597,0.98823357,0.00304328,0.00019170911,0.0009839523,0.0024874285,0.00053748616,0.0026508225,925,validation
0.0044117067,0.0033871226,0.9829243,0.0018350426,0.0009514775,0.0012191944,0.0019091088,0.0033621457,926,validation
0.9965424,0.00016691457,0.00026830874,0.0001685902,4.3989538e-05,0.0011252903,2.0091667e-05,0.0016644287,927,validation
0.0020051023,0.0020622115,0.9903951,0.000879879,0.00054712256,0.0009708117,0.0010878503,0.0020519788,928,validation
0.004031849,0.004541771,0.0009309272,0.0006924057,0.00031648565,0.98707575,0.00010168997,0.002309142,929,validation
0.0012003955,0.0016326102,0.99303645,0.0006463561,0.00030401576,0.0010913649,0.0004329734,0.0016558556,930,validation
0.99653697,0.00013454538,0.000283612,0.000189556,5.213705e-05,0.001115641,1.3488421e-05,0.0016740451,931,validation
0.0009664841,0.00044403604,0.9961281,0.00024735986,9.1837566e-05,0.00076389406,0.00017268203,0.0011856334,932,validation
0.0060256594,0.003433622,0.013166015,0.013551777,0.6804844,0.23431899,0.028758166,0.020261288,933,validation
0.99768925,9.684277e-05,0.00014671165,9.4383395e-05,2.8928442e-05,0.00072532985,7.63858e-06,0.001210982,934,validation
0.0015645438,0.98969954,0.0031924879,0.00019353253,0.0006317381,0.0023628254,0.0005631777,0.0017922295,935,validation
0.0014963871,0.003461275,0.98638296,0.0014057672,0.0011891293,0.0009574799,0.0017687359,0.0033382827,936,validation
0.0019303628,0.0017067296,0.992735,0.0005528965,0.00039124044,0.0009023834,0.0004302586,0.001350954,937,validation
0.0010502958,0.0007402404,0.9956527,0.0005113836,0.00016925462,0.0004598401,0.00031349075,0.0011027845,938,validation
0.0011349024,0.0014333525,0.99410784,0.00034616972,0.00023086093,0.0011396962,0.00026712182,0.0013400919,939,validation
0.00077702483,0.0009546341,0.99575776,0.00048524866,0.00014922027,0.00074486155,0.000193568,0.0009376647,940,validation
0.99225473,0.00064997235,0.00087300263,0.00029160673,0.00014387464,0.0036087735,4.9766484e-05,0.00212836,941,validation
0.0010405498,0.00076371495,0.9954839,0.00046630454,0.00020529387,0.0005785794,0.0003421411,0.0011195493,942,validation
0.00023505425,0.0001747488,9.5770054e-05,2.6937423e-05,5.6731787e-06,4.9170205e-05,1.0925019e-05,0.9994018,943,validation
0.9910682,0.00050318136,0.0023739722,0.00057132903,0.00025932983,0.0022964352,0.00013438363,0.0027932466,944,validation
0.997246,0.00021424983,0.00015313773,8.732551e-05,3.2769e-05,0.0010353224,8.8889565e-06,0.0012221945,945,validation
0.0011555124,0.00038091184,0.9962437,0.00025502083,6.7104156e-05,0.00075197977,0.000116536234,0.0010292112,946,validation
0.0013427855,0.9891059,0.0018944477,0.00018829075,0.0009959986,0.003239986,0.00049935357,0.002733308,947,validation
0.0015144632,0.9925896,0.0015564569,0.000115624025,0.0005164169,0.0016395668,0.00031286475,0.0017549895,948,validation
0.99816483,0.0001010055,0.000119152566,4.9159997e-05,2.4332345e-05,0.00069509004,7.3834117e-06,0.0008391529,949,validation
0.99773955,0.00014615792,0.0001270936,0.00010423304,3.281556e-05,0.0007954164,1.0887238e-05,0.0010438386,950,validation
0.0014117738,0.0023338061,0.99133533,0.0008732802,0.00054646656,0.0009878434,0.00054210454,0.0019695417,951,validation
0.9976877,0.00010417764,0.00014370866,6.684361e-05,3.3982116e-05,0.0008942673,1.4337978e-05,0.0010549346,952,validation
0.027161928,0.024777759,0.8641307,0.015797103,0.0126971435,0.010457702,0.028924013,0.016053656,953,validation
0.0010853715,0.0014793854,0.9935184,0.0006458467,0.0002820925,0.00095069583,0.0004110803,0.0016270663,954,validation
0.9963601,0.00025383325,0.00032373818,0.00013623717,7.060744e-05,0.0012471789,1.8681296e-05,0.0015896048,955,validation
0.00089166046,0.0014898848,0.99382365,0.00056663336,0.000284916,0.00094043626,0.00039389712,0.0016089765,956,validation
0.0012191073,0.0008930435,0.99536276,0.0005033944,0.0001988089,0.00065311574,0.00029076595,0.0008789651,957,validation
0.000597971,0.00064280594,0.99674785,0.00035776853,7.811559e-05,0.00064122875,0.00010769204,0.000826623,958,validation
0.0008591264,0.0007568583,0.99521315,0.0007565238,0.00022028931,0.00050122483,0.0002555827,0.0014373176,959,validation
0.90120345,0.009545981,0.041181084,0.0077251797,0.0024741131,0.02222581,0.0025240115,0.013120319,960,validation
0.0048462087,0.0010852001,0.00065512036,0.00026122498,5.6477165e-05,0.9922097,1.6788115e-05,0.000869293,961,validation
0.9973363,0.00012546974,0.00021017119,0.00010719384,3.3386164e-05,0.0009449751,9.67599e-06,0.0012327556,962,validation
0.00086238986,0.0010412849,0.9952441,0.0005270304,0.00018497373,0.0008162417,0.00024312043,0.0010808142,963,validation
0.0010139274,0.0005380054,0.9961448,0.00015864332,8.636565e-05,0.00076318486,0.00014659214,0.0011485183,964,validation
0.0010585109,0.00045814624,0.9962219,0.00015725169,7.449199e-05,0.0007415092,0.00013141127,0.0011567435,965,validation
0.0007932335,0.00060760626,0.9961212,0.0002470255,9.9843506e-05,0.00081857503,0.0001766498,0.0011357339,966,validation
0.0014936387,0.002195157,0.99161375,0.0005483639,0.0005059979,0.0012335947,0.0006795495,0.0017299056,967,validation
0.99781466,0.00015065531,0.000102110986,7.540653e-05,2.5785983e-05,0.00088987016,7.681878e-06,0.0009338192,968,validation
0.0145297265,0.15713033,0.042163897,0.044730116,0.026689406,0.0163967,0.017912762,0.68044704,969,validation
0.0006412253,0.00026807102,0.997687,0.00022705266,4.918462e-05,0.0004786059,5.932497e-05,0.00058957766,970,validation
0.002528717,0.9842338,0.003738638,0.0002244105,0.001248817,0.004500668,0.0010759706,0.0024489143,971,validation
0.99757236,0.00016382658,0.000113471455,0.00013686213,3.7919148e-05,0.0010595041,1.3178651e-05,0.0009027975,972,validation
0.0053170947,0.006207483,0.9707018,0.0035771544,0.002914881,0.003131919,0.0042655254,0.0038840754,973,validation
0.9925902,0.00039982784,0.0010551712,0.00037028,9.2003786e-05,0.002345233,6.35643e-05,0.0030836682,974,validation
0.0060613863,0.05023981,0.9061558,0.0017877502,0.003932861,0.014776302,0.0074881474,0.009558019,975,validation
5.8182923e-06,1.1229146e-05,9.108808e-05,3.1116015e-05,0.00044709802,4.6650614e-05,0.9988788,0.00048821102,976,validation
0.00094770925,0.0013884719,0.9938778,0.00071255374,0.00020731956,0.0011220102,0.00027686867,0.0014672048,977,validation
0.0007897839,0.0009594827,0.99591184,0.00040174954,0.00012186743,0.00073397136,0.00014848355,0.0009328316,978,validation
0.0012357706,0.0017720759,0.99263304,0.00076308363,0.00031795044,0.0011392739,0.00047044465,0.001668382,979,validation
0.99756336,0.00014918878,0.000141483,0.00012686035,2.3629666e-05,0.0008602506,1.124842e-05,0.001123994,980,validation
0.00096715393,0.00083407364,0.9951382,0.0005568129,0.00023339014,0.00054306304,0.0003532764,0.0013740831,981,validation
0.00030982512,0.0022778993,0.0009564807,9.358537e-05,0.000105073144,0.0003255485,0.0001346708,0.99579704,982,validation
0.00018450605,0.00031861005,0.00024632862,3.4108743e-05,6.3137213e-06,4.926117e-05,1.913486e-05,0.9991417,983,validation
0.0011640065,0.0019445907,0.9923775,0.0007053744,0.0003466315,0.0011692545,0.0005398059,0.0017529029,984,validation
0.00050637044,0.000865139,0.99612564,0.0007076577,0.00013256699,0.000548116,0.0001248566,0.0009897149,985,validation
0.0010557396,0.0013652256,0.9941843,0.0006564877,0.00023741809,0.0009831283,0.00032367537,0.0011940938,986,validation
0.00092243234,0.0004413091,0.99646074,0.00023235181,9.556311e-05,0.0006237851,0.00014905061,0.0010747964,987,validation
0.0019345961,0.0020563456,0.9913174,0.0005619663,0.0005123703,0.001189388,0.0007202213,0.0017077228,988,validation
0.0016407144,0.0028132224,0.98820007,0.0014475697,0.0006396785,0.00106774,0.0011025629,0.0030884433,989,validation
0.99453497,0.0003793334,0.00044349334,0.00019228953,5.03508e-05,0.0025725234,3.1390853e-05,0.0017955169,990,validation
0.0013941843,0.0024476852,0.9908406,0.0007428257,0.0005907084,0.0013485991,0.00074516545,0.0018902418,991,validation
0.0038086,0.017683854,0.05380969,0.34213057,0.03398213,0.01296873,0.5182554,0.017361006,992,validation
0.9964893,0.00013097891,0.0004506421,0.0002045802,5.3748867e-05,0.0010479077,1.521967e-05,0.0016076724,993,validation
0.0007021161,0.00063300645,0.99628985,0.00035445072,7.9882535e-05,0.00081117643,0.00013649612,0.0009930495,994,validation
0.0006845546,0.0007640288,0.9957932,0.0004371354,9.9125835e-05,0.0007965073,0.0001854104,0.0012399803,995,validation
0.054133005,0.06834962,0.0026709742,0.00901169,0.020870147,0.09378019,0.0039173635,0.747267,996,validation
0.0007685118,0.001124541,0.9952317,0.0005715033,0.0002063777,0.000754337,0.0002801049,0.0010629707,997,validation
0.9946631,0.00023979828,0.0013117994,0.00027647318,5.5060525e-05,0.0012181109,2.8508826e-05,0.0022071553,998,validation
0.0008575517,0.0009357737,0.9955766,0.0003606611,0.000117030686,0.00081785757,0.00017461418,0.0011598597,999,validation
0.0010929101,0.00041048866,0.9963638,0.00018784349,7.737674e-05,0.00069971365,0.00013617675,0.001031592,1000,validation
4.241369e-06,7.961871e-06,7.6548386e-05,1.6587097e-05,0.00037433417,3.5669564e-05,0.9991346,0.00035007988,1001,validation
0.9975222,0.0001344765,0.00015958626,0.000112841815,2.8234781e-05,0.0008186872,1.20585755e-05,0.0012120685,1002,validation
0.9890814,0.00073361903,0.00060544105,0.00045671433,0.00017079446,0.0051116026,4.3442058e-05,0.003796951,1003,validation
0.9923125,0.00053774467,0.00013653617,0.00053470215,0.00013501587,0.0039816224,9.138411e-05,0.0022705626,1004,validation
0.00064485165,0.00095386925,0.99589974,0.00038398243,0.00012263638,0.00069818855,0.000205526,0.0010911588,1005,validation
0.98984325,0.0017543533,0.00052872277,0.00021141782,0.00022485056,0.0049772016,5.3188534e-05,0.002406931,1006,validation
0.00071667903,0.0009788879,0.99502313,0.00061288703,0.00016645137,0.0007842896,0.00022987362,0.0014878,1007,validation
0.99806684,0.00011416828,0.00021455012,7.9058605e-05,2.3038192e-05,0.0005924922,1.4238374e-05,0.00089553965,1008,validation
