0,1,2,3,4,5,6,7,index,identifier,chunk,split
0.002541842,0.0013697342,0.98881173,0.0026588847,0.0015198449,0.00077318616,0.0014908712,0.0008339734,0,1358,0,test
0.98717415,0.0032540509,0.0031538834,0.0011107165,0.0012182454,0.0010606489,0.0014221199,0.0016061657,1,807,0,test
0.0025600595,0.0013823096,0.98892295,0.002495787,0.0015696225,0.0007552828,0.0015364517,0.0007775625,2,1966,0,test
0.9857545,0.0032532394,0.004154747,0.0011804502,0.0015512806,0.0012288977,0.0013382154,0.0015387035,3,1348,0,test
0.0032167796,0.0013904548,0.98818296,0.0025945748,0.0016070069,0.0007221631,0.0014388366,0.0008472746,4,1609,0,test
0.0015888264,0.0024187695,0.0010851639,0.0012483646,0.0010785211,0.0018495118,0.9880271,0.0027037996,5,1504,0,test
0.0026949442,0.0012456104,0.9888081,0.0024207148,0.0017509382,0.0008226621,0.0015214012,0.0007355549,6,1326,0,test
0.0024016302,0.0012201424,0.9895433,0.002433221,0.0016309435,0.000718206,0.0013155915,0.00073691655,7,904,0,test
0.02782255,0.002739794,0.93589777,0.023176927,0.002776494,0.0016981668,0.0037210383,0.002167307,8,1208,0,test
0.0026477566,0.0013167383,0.98872095,0.002638824,0.0016297987,0.0007761429,0.0014009804,0.0008688231,9,395,0,test
0.0013628426,0.0019784654,0.0011639033,0.0028142266,0.0008058705,0.0017813934,0.98816454,0.001928812,10,313,0,test
0.0027999112,0.0011400537,0.98807925,0.002869924,0.0019151582,0.0009149095,0.0015575947,0.00072321517,11,966,0,test
0.003571384,0.001504323,0.9876865,0.0025266246,0.0015973618,0.00073649856,0.0016108921,0.00076637435,12,860,0,test
0.14696251,0.004714974,0.819371,0.017832015,0.003166976,0.0019273654,0.0038432856,0.0021818709,13,1740,0,test
0.98720443,0.0021844532,0.0051825284,0.0010930529,0.0010694221,0.0009064567,0.0012188086,0.001140898,14,99,0,test
0.0025036754,0.001389884,0.9891432,0.0024735383,0.0017039847,0.0007249774,0.0012926573,0.00076798524,15,1510,0,test
0.98644537,0.0037483915,0.0023875951,0.0011397353,0.0011922792,0.0014163811,0.0015824987,0.00208779,16,657,0,test
0.0035034677,0.0012497288,0.98789316,0.0026043965,0.0016272762,0.0007450341,0.0016692501,0.00070772733,17,1002,0,test
0.0023380432,0.99088824,0.0012757081,0.0012964681,0.001642084,0.000817118,0.00096936704,0.00077293563,18,1802,0,test
0.9884947,0.0028396721,0.0024863516,0.0012043322,0.0008767935,0.0009200647,0.0015069394,0.0016711084,19,118,0,test
0.031061435,0.0024506035,0.8784213,0.017272562,0.018185807,0.043306984,0.0072326385,0.002068752,20,1666,0,test
0.9870978,0.0030266289,0.0035408223,0.0013395721,0.00095586834,0.0008566592,0.0014669772,0.001715641,21,125,0,test
0.9862651,0.0029585834,0.004139112,0.0012294201,0.0013561649,0.0011638526,0.0012335688,0.0016541202,22,1361,0,test
0.983247,0.0053240526,0.0031965722,0.0013804011,0.001341075,0.0013275656,0.0017268028,0.002456573,23,316,0,test
0.9717692,0.0023710437,0.018318372,0.0021939708,0.0013014557,0.0010339367,0.0017908682,0.0012211577,24,233,0,test
0.98878235,0.0021110473,0.0033913902,0.0011467199,0.00087452965,0.00091244397,0.0013964133,0.0013850977,25,242,0,test
0.002964817,0.0013606583,0.9886447,0.0027190372,0.0014759743,0.00071289955,0.0013783288,0.00074354484,26,813,0,test
0.0033379733,0.00773163,0.001681274,0.0016228136,0.0020811423,0.004995978,0.9679042,0.010645083,27,546,0,test
0.98425597,0.004758981,0.0034566899,0.0013076001,0.0014387689,0.0012538818,0.0014658519,0.0020622893,28,1987,0,test
0.0027172994,0.0012270345,0.9890427,0.002399923,0.0016444272,0.0007650911,0.0014178776,0.000785611,29,372,0,test
0.0025390242,0.0015257698,0.98888236,0.0024161004,0.0016051212,0.00076904177,0.0014768798,0.0007858043,30,29,0,test
0.0013687095,0.0020392945,0.00068306987,0.0028852224,0.0013608305,0.0045448057,0.0021558364,0.9849621,31,1182,1,test
0.0026355109,0.0012613424,0.9891544,0.0024267563,0.0015874228,0.0007657882,0.0014258806,0.0007429678,32,1769,0,test
0.0036729244,0.0012883657,0.9874264,0.0031486703,0.001560602,0.0007223976,0.0013872633,0.00079338043,33,107,0,test
0.0021032006,0.9909642,0.0010422322,0.0013334962,0.0017540902,0.0009805156,0.0009115752,0.0009106716,34,1808,0,test
0.97995305,0.005878325,0.0047404044,0.0011396625,0.002537415,0.0020325016,0.0022553077,0.0014632153,35,341,0,test
0.9884305,0.0024894539,0.002918478,0.001037983,0.0010289156,0.0010713682,0.0014492279,0.0015740908,36,274,0,test
0.002705404,0.0012223751,0.98700094,0.00278838,0.0027355682,0.0011416335,0.0016862438,0.0007193971,37,1721,0,test
0.013977626,0.0028343995,0.964521,0.010685696,0.0029657716,0.0012674085,0.002566299,0.00118171,38,1492,0,test
0.0028298865,0.0013753518,0.98899907,0.0022086636,0.0016981505,0.0007687299,0.0013267699,0.00079334085,39,912,0,test
0.0030379803,0.0012548447,0.98838997,0.0024170217,0.001736986,0.0007788726,0.0016006711,0.0007835999,40,51,0,test
0.0033677681,0.0012453692,0.987833,0.0028956502,0.0015778865,0.00077507435,0.0014854692,0.00081979757,41,1699,0,test
0.002703185,0.0013586059,0.98863834,0.0026843322,0.0015905023,0.00075316103,0.0013949674,0.00087701954,42,69,0,test
0.0026536358,0.0014207417,0.98896396,0.0024035831,0.0016018366,0.0007504071,0.0014090323,0.0007967872,43,1587,0,test
0.0028104032,0.99021965,0.00093053177,0.0009781307,0.0014560595,0.0010194572,0.0013253761,0.0012604311,44,413,0,test
0.002579555,0.001361235,0.9884735,0.0025716664,0.0017139376,0.00081569597,0.001655256,0.0008292606,45,1634,0,test
0.9800212,0.0025324395,0.010816585,0.0015207502,0.0011465144,0.00093190337,0.001762859,0.0012677523,46,235,0,test
0.0027743697,0.0013451552,0.9889453,0.0024696179,0.0016298622,0.0007352558,0.0013412399,0.0007591685,47,185,0,test
0.0031054325,0.0011817102,0.98848593,0.002587368,0.001616331,0.00075175305,0.0014719747,0.00079951953,48,208,0,test
0.9876211,0.0025735002,0.0036656642,0.0011356461,0.0009996484,0.0010921016,0.00172661,0.0011856523,49,592,0,test
0.0031376819,0.0012599771,0.98815244,0.0026179862,0.001749501,0.00072175765,0.0015861401,0.0007745158,50,1541,0,test
0.002500361,0.0013410567,0.98906064,0.0024511863,0.0016139834,0.0007628348,0.0014577769,0.00081224565,51,227,0,test
0.002986955,0.0014425374,0.98868257,0.0025082834,0.00154119,0.0007054443,0.001362924,0.0007700051,52,216,0,test
0.003680738,0.0012328617,0.9871631,0.0029971625,0.0016154138,0.00083376013,0.001558611,0.00091833033,53,881,0,test
0.0013176169,0.00076939404,0.0013631795,0.0014818859,0.006153351,0.98490995,0.00235205,0.0016526651,54,511,0,test
0.0033082385,0.0014924045,0.9880151,0.0025507782,0.001629621,0.00075309194,0.0014979785,0.00075278245,55,1212,0,test
0.92796224,0.0032862332,0.057640314,0.0037015423,0.0021456068,0.0014150084,0.0024474196,0.0014016562,56,1865,0,test
0.003075366,0.0012785485,0.98849994,0.0024328725,0.0016305239,0.0007577042,0.0015353217,0.0007897496,57,1160,0,test
0.0020510687,0.9911101,0.0010114554,0.0012723865,0.0017810698,0.0008448137,0.0011196543,0.00080947607,58,400,0,test
0.0031814456,0.0013936893,0.98814744,0.0028027869,0.0015331277,0.00072794326,0.0014797319,0.0007338198,59,1049,0,test
0.002372259,0.0014435257,0.98927736,0.0024530457,0.0015968449,0.0007120141,0.0013564613,0.0007884807,60,806,0,test
0.987866,0.002712999,0.00243794,0.0011712479,0.0011477212,0.0012544809,0.0013948976,0.002014739,61,1889,0,test
0.0028769448,0.0012809972,0.9888726,0.0024359701,0.0016637772,0.0007127732,0.0014160055,0.0007409135,62,747,0,test
0.0013718415,0.0008567014,0.0015298001,0.0016730607,0.008260803,0.98248476,0.0025171463,0.0013059026,63,291,0,test
0.0028238413,0.0013609428,0.9887223,0.0025373437,0.0016130552,0.00078637624,0.0013816188,0.00077451946,64,934,0,test
0.0044934833,0.0013455474,0.98630446,0.0031043894,0.0016249946,0.0007676945,0.0015508151,0.00080863875,65,1549,0,test
0.9873771,0.0030481387,0.003388934,0.0011952113,0.0010203469,0.0010087005,0.0013610419,0.0016004718,66,462,0,test
0.002604034,0.0015142038,0.9889169,0.0025543275,0.0015663366,0.00071144925,0.0013513403,0.00078136823,67,443,0,test
0.0028728219,0.0020866028,0.0021383394,0.98429215,0.0011200492,0.0019217078,0.0021624553,0.0034057936,68,454,0,test
0.004631526,0.0015922936,0.9864568,0.0027188233,0.001536826,0.00073173793,0.001577531,0.00075449364,69,1823,0,test
0.0024559272,0.0013869442,0.9890486,0.0024283524,0.0016344511,0.000756735,0.0014304819,0.0008584153,70,792,0,test
0.98635256,0.0020633175,0.0057580085,0.0013435626,0.0010311321,0.0008782636,0.0013890758,0.0011841196,71,56,0,test
0.003002344,0.0013581716,0.98844296,0.0024362972,0.0017101505,0.00071232737,0.0015916189,0.0007460856,72,402,0,test
0.9877632,0.0030623253,0.0026343518,0.0012123977,0.0009441167,0.0010355727,0.0013050305,0.0020430062,73,1405,0,test
0.98802793,0.0026293679,0.0033864474,0.0010980018,0.0008000385,0.0008601425,0.0013871425,0.0018108326,74,1373,0,test
0.0024585533,0.0021014214,0.0013752987,0.0015548636,0.001043581,0.002562791,0.9839467,0.0049567902,75,1162,0,test
0.003992912,0.0013943312,0.98758066,0.0026475582,0.0015008689,0.0006642717,0.0014441846,0.0007751272,76,324,0,test
0.98845625,0.0022833617,0.0037299052,0.0011483582,0.00080148334,0.0007072421,0.0015831452,0.0012902095,77,1776,0,test
0.003004896,0.0012609655,0.9885202,0.0026698837,0.0015098568,0.00071842887,0.0014853694,0.0008304783,78,731,0,test
0.98929006,0.0017408142,0.0036374032,0.0010184149,0.0010430565,0.0008528827,0.001297645,0.001119717,79,1320,0,test
0.0016623415,0.0048573716,0.0006561956,0.0029609848,0.0014628437,0.0043149595,0.0022746772,0.98181057,80,1529,0,test
0.002296367,0.9908317,0.0011283609,0.0012987509,0.0016871837,0.0009346255,0.0008981367,0.00092486246,81,248,1,test
0.0026865304,0.0011723444,0.9889191,0.002690819,0.00159065,0.00076871214,0.001444957,0.0007268694,82,495,0,test
0.987046,0.0034264193,0.002479496,0.0011515787,0.0012800762,0.0012021962,0.0015474196,0.0018666947,83,1565,0,test
0.0034794235,0.00146657,0.98750263,0.0029671676,0.0014551759,0.0007133348,0.0016236221,0.0007920838,84,1019,0,test
0.9872047,0.0034424015,0.0022849923,0.0012117877,0.0010473161,0.0012417755,0.0014299416,0.0021371148,85,804,0,test
0.9882039,0.002332032,0.0037627204,0.001027013,0.00085038575,0.0009466666,0.0013383734,0.0015388543,86,1134,0,test
0.0023625267,0.0014929846,0.98924273,0.0022946878,0.001678371,0.00072109804,0.0013583375,0.0008493533,87,976,0,test
0.9872551,0.0027329905,0.0042665466,0.001077008,0.0011151158,0.000951973,0.0012896602,0.0013114851,88,531,0,test
0.0026335171,0.0014160047,0.98901296,0.0023260717,0.0016632978,0.0007734106,0.0014275439,0.0007471821,89,1453,0,test
0.9604043,0.026103929,0.0031796698,0.001468902,0.002065484,0.0017105021,0.0020023426,0.0030649065,90,1575,0,test
0.98787445,0.0032077061,0.0026387735,0.0010480307,0.0009896646,0.0010335349,0.0013982333,0.0018095173,91,421,0,test
0.0028163993,0.0013415181,0.9885427,0.0026729228,0.0016034151,0.0007556288,0.0013876288,0.0008797867,92,1847,0,test
0.0030212586,0.00142875,0.98845226,0.002512247,0.0016489497,0.000759523,0.0013385229,0.0008384329,93,418,0,test
0.0022705141,0.9905847,0.0013294334,0.0012668924,0.0021920009,0.0007900857,0.000946049,0.0006202998,94,1922,0,test
0.0010197829,0.0020693531,0.0029899694,0.0010119639,0.9270324,0.063072115,0.0012667683,0.0015375853,95,1686,0,test
0.0024890173,0.0015240479,0.98895967,0.0023258645,0.0016705557,0.00075566163,0.0014933527,0.00078173855,96,1287,0,test
0.017244376,0.0028809092,0.9545695,0.012235543,0.0052111163,0.0033574563,0.0027597607,0.00174143,97,1024,0,test
0.002896817,0.0010978245,0.98740244,0.0024359087,0.0026027902,0.0014435212,0.0013856932,0.0007349626,98,1088,0,test
0.98073936,0.0077614207,0.0046505346,0.0012690753,0.0014221063,0.0009884568,0.0013344313,0.0018345334,99,1596,0,test
0.9873635,0.0025175763,0.0050468706,0.0009975665,0.0010488711,0.00083120953,0.0013142122,0.00088010466,100,345,0,test
0.0017296394,0.0040020538,0.00061184197,0.0026820325,0.0032394368,0.009612571,0.0037108338,0.9744116,101,68,1,test
0.0033460257,0.0012865402,0.98815,0.0028043876,0.0015076643,0.00075801264,0.0013658985,0.00078153703,102,370,0,test
0.0010582277,0.00077957456,0.0012710863,0.0018125686,0.011907659,0.9793824,0.0027041896,0.0010844407,103,193,0,test
0.0028667147,0.0014318258,0.98875403,0.002393537,0.0015823956,0.0007428587,0.0013390604,0.000889529,104,461,0,test
0.004580503,0.0019481638,0.98379785,0.0036150883,0.0027437513,0.0008452288,0.001649172,0.00082025025,105,207,0,test
0.0027779744,0.0014308265,0.9885012,0.002749842,0.0015959824,0.00076604704,0.0012766776,0.0009015245,106,1314,0,test
0.00917657,0.0022073046,0.97575104,0.004501716,0.0041133203,0.001697358,0.0019619856,0.0005907501,107,1505,0,test
0.0027972136,0.0014448541,0.98872095,0.0024073152,0.001665674,0.00077084725,0.0014286217,0.0007645345,108,923,0,test
0.020594642,0.0024577652,0.9538702,0.01424174,0.0027280287,0.0016629072,0.0028065937,0.0016382108,109,363,0,test
0.3438938,0.007015574,0.62406194,0.011776926,0.0035227868,0.0024307172,0.00540701,0.0018912724,110,681,0,test
0.98862237,0.0027133885,0.0026832258,0.0011011547,0.0008210029,0.00086694467,0.0013836578,0.0018083779,111,438,0,test
0.9881364,0.0026082995,0.003572314,0.0011900639,0.00093162764,0.00084794394,0.0013293214,0.0013839633,112,1636,0,test
0.00399632,0.0015052188,0.9872427,0.0027005468,0.0015578085,0.0007454227,0.0014841688,0.000767942,113,648,0,test
0.002846746,0.0014074811,0.98880565,0.0026758583,0.0014675994,0.00068134017,0.001318325,0.00079697085,114,1338,0,test
0.96736306,0.007661866,0.0058614695,0.0019501754,0.0020528517,0.0032655383,0.0024221228,0.009422818,115,743,0,test
0.003047812,0.001365687,0.9885168,0.0025394706,0.0016507393,0.0007190487,0.0013835478,0.00077684637,116,1020,0,test
0.0012959348,0.0018847613,0.000641089,0.0031855924,0.0013607733,0.0044800085,0.0020559004,0.9850959,117,534,0,test
0.0012786303,0.0017645772,0.0006587036,0.003082159,0.0015426154,0.0054170187,0.0020326679,0.9842238,118,1902,0,test
0.98911816,0.0020595083,0.003999918,0.0010100335,0.0008266865,0.0007126185,0.0012107365,0.0010624153,119,1586,0,test
0.98450977,0.003883489,0.0035218068,0.00138435,0.0012729395,0.0014850993,0.0016116089,0.002330922,120,560,0,test
0.0013028542,0.0007477685,0.001432612,0.0017294993,0.0082142325,0.9828782,0.0022969507,0.0013977897,121,109,0,test
0.007909247,0.00250926,0.0029602451,0.0013177572,0.0015906907,0.002255795,0.9799004,0.0015565611,122,1330,0,test
0.0028540674,0.0012270849,0.9887509,0.0026338138,0.0016043433,0.000698759,0.0014612769,0.000769812,123,1229,0,test
0.0028164887,0.0012965404,0.9889141,0.0023979058,0.0017138742,0.0007106009,0.0013906723,0.00075986556,124,1010,0,test
0.98393595,0.0047475668,0.0028665739,0.0012014374,0.001667575,0.0017054679,0.0013912682,0.0024840825,125,550,0,test
0.0025135276,0.001402694,0.9891055,0.0023629728,0.0016469448,0.0007502387,0.001485246,0.0007328272,126,561,0,test
0.0043442305,0.98917997,0.0018698241,0.0010135781,0.0013200209,0.00066526997,0.0010721821,0.0005349725,127,1315,0,test
0.9881264,0.0026635404,0.002962005,0.001147013,0.0009963589,0.0009893333,0.0013192123,0.0017962394,128,1066,0,test
0.98884416,0.0023604806,0.0035682167,0.0009925085,0.0008975626,0.0008084013,0.0012117316,0.001317055,129,415,0,test
0.0048870933,0.003285357,0.9654844,0.013066567,0.0073035476,0.0022182094,0.0019005078,0.0018543078,130,908,1,test
0.0024703906,0.0014004775,0.9892784,0.0023550284,0.0015954026,0.0007382694,0.0013786863,0.0007832556,131,206,0,test
0.98638505,0.0040940237,0.0027148218,0.0011090658,0.0012098259,0.001180635,0.001367212,0.0019394152,132,555,0,test
0.0028338768,0.0013288846,0.9889235,0.0025312419,0.0015064785,0.0007290109,0.0013427102,0.0008042283,133,121,0,test
0.003109487,0.0012385831,0.9883839,0.0024787304,0.0016570494,0.0007396348,0.0015804205,0.00081215485,134,848,0,test
0.0025134804,0.990664,0.0013019796,0.0012632447,0.0016223297,0.00091472187,0.00089288066,0.00082732976,135,460,0,test
0.0031587232,0.0012918501,0.98797894,0.0031206568,0.0014482448,0.0007543596,0.0013921306,0.00085519446,136,1719,0,test
0.003275506,0.0014376097,0.9881678,0.00269318,0.0015506919,0.00068581285,0.0014983157,0.0006910263,137,515,0,test
0.0031587975,0.0014204059,0.9882414,0.002653947,0.0015149348,0.00075829425,0.0014242806,0.00082792697,138,65,0,test
0.0030384331,0.0014068208,0.9885435,0.0025405139,0.0015838913,0.0007419044,0.0013202914,0.0008246925,139,835,0,test
0.0028063261,0.0014322517,0.9890192,0.0023500978,0.0015425427,0.00072491524,0.0013457254,0.0007788889,140,1558,0,test
0.0027621847,0.001295283,0.98905855,0.0025110566,0.001550999,0.0007029361,0.0013080764,0.00081096403,141,298,0,test
0.0026850738,0.001401327,0.9888354,0.0024777893,0.0015547025,0.0007509846,0.0014547084,0.00084000034,142,334,0,test
0.0026867655,0.0013421248,0.98886186,0.0024781593,0.0016020867,0.00074421323,0.0014889674,0.00079577963,143,281,0,test
0.0040209903,0.9888919,0.0013927455,0.001197123,0.0019182082,0.0007660846,0.0009960502,0.0008167793,144,616,0,test
0.9870673,0.0031324015,0.0035963112,0.0011492264,0.00094324903,0.0009874301,0.0013591325,0.0017650333,145,1084,0,test
0.0031272213,0.0014383969,0.9882946,0.0026586389,0.0014896796,0.00073926506,0.001483625,0.0007686085,146,543,0,test
0.97297376,0.0024671487,0.015344675,0.0022354173,0.0014063095,0.0012934057,0.0029235443,0.0013556347,147,2001,0,test
0.9457272,0.011783135,0.02950154,0.002576081,0.005454944,0.0017539104,0.001576009,0.001627222,148,1466,0,test
0.9874396,0.0026979214,0.003801362,0.0011058765,0.0011087992,0.0010148417,0.0012013429,0.0016302443,149,1297,0,test
0.0034628382,0.001247484,0.9877323,0.0029740199,0.0015370129,0.0007530372,0.0014596246,0.0008336912,150,664,0,test
0.0023419776,0.0014321029,0.98928916,0.0024180259,0.0015766298,0.00072926923,0.0013884846,0.0008242409,151,1486,0,test
0.0073957853,0.0016733191,0.9738313,0.008418192,0.0036248048,0.0019949246,0.0019199444,0.0011417571,152,908,0,test
0.9779904,0.0025693625,0.012802532,0.0016628569,0.0014501241,0.0010544662,0.001526868,0.00094338483,153,1972,0,test
0.002652517,0.0014593304,0.98896337,0.0023447021,0.0016550745,0.0007547506,0.0014268953,0.0007433998,154,1899,0,test
0.9864856,0.003465168,0.0035789777,0.0010891199,0.0011457022,0.0010128785,0.0015838837,0.001638595,155,1669,0,test
0.0029193424,0.0014499137,0.98876196,0.002551925,0.0014706715,0.0007069702,0.0013699834,0.00076914794,156,1860,0,test
0.0031159914,0.001223897,0.98841083,0.002722909,0.0015927956,0.00069613353,0.0015234463,0.00071414275,157,1438,0,test
0.5865948,0.0054045413,0.3806623,0.013511555,0.0042847446,0.0028501342,0.00472059,0.0019713002,158,1125,0,test
0.0029877492,0.0012229553,0.9885781,0.0027385808,0.0015797905,0.0007016372,0.0014940705,0.00069708884,159,2000,0,test
0.0016643432,0.0016435033,0.00073269487,0.0031616127,0.0011947082,0.0060650217,0.0024163742,0.9831217,160,1193,0,test
0.0034681316,0.0013047031,0.9878093,0.0027043137,0.0016866225,0.0008143359,0.0013830963,0.00082948065,161,1724,0,test
0.0022569573,0.0012404697,0.9891902,0.002823338,0.001642128,0.0007538618,0.0013725787,0.0007204261,162,417,0,test
0.98772335,0.0024873822,0.0046349387,0.0010088603,0.0010417106,0.00076713966,0.0012181498,0.0011184106,163,1997,0,test
0.0030198325,0.0013708983,0.988226,0.002643277,0.0016380847,0.0007767319,0.0014766436,0.0008484606,164,1228,0,test
0.0027270834,0.0013560134,0.98861396,0.0026441202,0.0016367785,0.00077185465,0.0013653896,0.000884794,165,229,0,test
0.002464158,0.001428297,0.9888418,0.0027691273,0.0015573511,0.0007109172,0.0012880118,0.00094022276,166,1539,0,test
0.0027468815,0.0012481955,0.9888199,0.0027372804,0.0015235987,0.0007424948,0.0013099621,0.00087177986,167,1910,0,test
0.98943454,0.0023598804,0.0029011995,0.0010032963,0.00081204757,0.0007854828,0.001308927,0.0013945854,168,853,0,test
0.0027965086,0.0013415702,0.9888465,0.0024726843,0.0015464206,0.0007328785,0.0014739622,0.0007895392,169,750,0,test
0.002467324,0.001378015,0.9891005,0.0024511681,0.0016128499,0.00078089343,0.0014056779,0.00080348784,170,1509,0,test
0.0022962666,0.0013302596,0.9883775,0.0035193556,0.0018009924,0.0006271587,0.0012299893,0.0008185427,171,1360,0,test
0.0040477724,0.0010623187,0.0028650716,0.007461391,0.0061981557,0.9038006,0.0055751833,0.06898955,172,357,0,test
0.9859541,0.0038195206,0.0026233161,0.0011490432,0.0012589617,0.0014101814,0.0014299932,0.0023548997,173,132,0,test
0.9877439,0.0031766014,0.0031437948,0.0010394033,0.0010988332,0.0009123653,0.0015572237,0.001327904,174,1893,0,test
0.0020110125,0.0011074835,0.0022704145,0.0021600306,0.007625758,0.9782395,0.005124643,0.0014612488,175,98,0,test
0.037668917,0.0042746924,0.93267226,0.014514279,0.00332212,0.0018724853,0.0038679778,0.001807302,176,1023,0,test
0.98082906,0.00424049,0.007799547,0.0014357012,0.0014342985,0.0010343655,0.0014663568,0.0017602534,177,1651,0,test
0.0025022589,0.0013695067,0.98900115,0.002446975,0.0016229782,0.00076370017,0.001503202,0.00079019455,178,1982,0,test
0.0019448515,0.004697671,0.0015298498,0.004137668,0.031019246,0.13765006,0.0036367232,0.81538403,179,959,0,test
0.0030318531,0.001300873,0.98816526,0.0028604649,0.0016117344,0.0007751536,0.0015316538,0.0007229815,180,1624,0,test
0.0032409914,0.0013020684,0.98799336,0.003042984,0.0014763748,0.00073823915,0.0014474097,0.0007586185,181,1672,0,test
0.0016752215,0.0020894718,0.0006155891,0.0025132515,0.0015617149,0.005761013,0.0028604614,0.98292327,182,181,0,test
0.6559188,0.0052183676,0.31403893,0.010084889,0.0035758058,0.0026926296,0.004708191,0.0037625066,183,1460,0,test
0.0030856351,0.0014058009,0.9883002,0.0026028098,0.0016433251,0.00074863684,0.0014630685,0.0007505717,184,987,0,test
0.9874192,0.0022448944,0.005231543,0.0009991952,0.00092374283,0.0008072818,0.0012942841,0.001079849,185,13,0,test
0.0018751003,0.0009447052,0.0022059858,0.0023752716,0.0104467515,0.9778968,0.0031195034,0.0011358686,186,572,0,test
0.0024235547,0.0014693541,0.98934233,0.0024025203,0.0015429414,0.00069832994,0.0013614255,0.0007595717,187,1932,0,test
0.9415833,0.00260944,0.04514396,0.004061995,0.001626298,0.0012485376,0.002232811,0.0014936421,188,1580,0,test
0.98798406,0.002132847,0.0040738527,0.0013379245,0.0008416918,0.00081951363,0.0013394321,0.0014707468,189,467,0,test
0.024756702,0.0031231868,0.94545096,0.016632622,0.003022596,0.0018618719,0.0030473326,0.0021047147,190,412,0,test
0.96647906,0.0023652804,0.022685269,0.0027940655,0.0012697306,0.0010928777,0.0017684504,0.0015452577,191,1737,1,test
0.9808819,0.0044626123,0.005875788,0.0016065073,0.0015454773,0.0014814229,0.0018345595,0.0023117044,192,1846,0,test
0.9682322,0.0051383893,0.017430747,0.0016868989,0.001585534,0.0014163583,0.00333377,0.0011761581,193,1681,0,test
0.002474966,0.0013873487,0.989205,0.0024710086,0.0016139005,0.00076268753,0.0013207574,0.00076434406,194,1275,0,test
0.0023805054,0.0012581308,0.9894531,0.0022789952,0.0017030603,0.0007901942,0.001380884,0.0007551308,195,1136,0,test
0.0037522994,0.0013873306,0.9869611,0.0028543253,0.0017244,0.00082507695,0.0016692433,0.00082618487,196,1570,0,test
0.98562396,0.0037097544,0.0024074423,0.0012446324,0.0014102234,0.0015336742,0.0014379697,0.0026324503,197,522,0,test
0.9840994,0.004274115,0.0023273767,0.0014588046,0.0013461553,0.001527509,0.0016300656,0.0033365756,198,879,0,test
0.9865754,0.0031254024,0.0029594565,0.0012580216,0.0011041072,0.0012433941,0.0015035002,0.0022307746,199,1074,0,test
0.0034042005,0.0013483064,0.98818076,0.002332212,0.001694585,0.00076179823,0.0015082139,0.0007699882,200,1777,0,test
0.0030437678,0.0013199521,0.9885622,0.0025393327,0.0015606562,0.0007248913,0.0014414687,0.00080757955,201,1216,0,test
0.0023837914,0.0013508504,0.9890577,0.0027500954,0.001552274,0.0007297383,0.0013782263,0.0007973831,202,748,0,test
0.9861274,0.0041106297,0.0024154917,0.0012796838,0.0011178076,0.0011873572,0.0014208497,0.0023407962,203,246,0,test
0.0032418668,0.0013460148,0.988149,0.0026515361,0.0016048442,0.000763124,0.0014200368,0.0008236298,204,630,0,test
0.98288774,0.0045571155,0.00445344,0.001282483,0.0015476346,0.0015746207,0.001775625,0.0019212385,205,1311,0,test
0.0011549016,0.00077214435,0.0014957007,0.001605787,0.009137209,0.981979,0.0025965306,0.0012587112,206,1754,0,test
0.003516183,0.0013233754,0.9879435,0.00245731,0.0016360527,0.0007411466,0.0016235076,0.00075893983,207,589,0,test
0.0012067052,0.0019190878,0.0006320172,0.003262543,0.0015856812,0.004934723,0.0020497611,0.9844095,208,717,0,test
0.0025895264,0.0012775167,0.9890063,0.0025776748,0.001547237,0.0007558826,0.0014233604,0.00082250295,209,253,0,test
0.98891515,0.002055174,0.0035397694,0.0010453081,0.00081239216,0.0008336618,0.0013385054,0.00146007,210,1498,0,test
0.002742227,0.0013138546,0.98879695,0.002693769,0.0015344609,0.0007255708,0.0013292582,0.00086396735,211,1653,0,test
0.002866955,0.0014722121,0.9887383,0.0024549568,0.0015624623,0.0006866844,0.0014856299,0.00073282555,212,1168,0,test
0.98718065,0.003367859,0.0027835069,0.0010439426,0.0012955223,0.0011735447,0.0013904182,0.0017645864,213,1050,0,test
0.0031226939,0.0013717529,0.9881719,0.0027610934,0.0015905974,0.0007589944,0.0013939225,0.0008291037,214,351,0,test
0.9872881,0.0029761784,0.0031594965,0.0011636337,0.00095654465,0.0011047574,0.0014418862,0.0019093993,215,1917,0,test
0.0043467227,0.9853173,0.0010390962,0.0007750371,0.002173978,0.0014441303,0.0035061543,0.0013976602,216,1863,0,test
0.0017359467,0.0022356687,0.0032495826,0.0010275154,0.9262044,0.062484734,0.00088859873,0.0021736214,217,1195,0,test
0.003239857,0.0015265454,0.9879461,0.002289534,0.001801369,0.0008179678,0.0014581742,0.0009204477,218,476,0,test
0.0025226385,0.0014564791,0.98888344,0.002379767,0.0016833565,0.0007548033,0.0015327428,0.00078684266,219,1293,0,test
0.0026279981,0.0014621922,0.98893297,0.0023934506,0.0016049708,0.00074006966,0.0014366093,0.00080171315,220,970,0,test
0.01596095,0.0024088272,0.9694225,0.005325751,0.0021204555,0.001409714,0.0025055103,0.0008462621,221,814,1,test
0.0027329524,0.0013391915,0.9890856,0.002355166,0.0016190702,0.0007015767,0.0014033376,0.00076314143,222,1372,0,test
0.9863079,0.004234184,0.0026708953,0.0011432803,0.000985559,0.0010822316,0.0015259817,0.002049918,223,1263,0,test
0.98807585,0.0022641816,0.003985473,0.0011232831,0.0008588134,0.00082964246,0.0013694213,0.0014933833,224,878,0,test
0.0017501452,0.9916435,0.0009134045,0.0011553911,0.0016990213,0.0009117713,0.0010934513,0.00083329494,225,1515,0,test
0.9859773,0.0025395777,0.005826863,0.00095414795,0.0014542693,0.0010557054,0.001295321,0.00089679006,226,119,0,test
0.004174195,0.0013788467,0.9868356,0.0031169904,0.0015472535,0.0006874479,0.0015639035,0.0006957961,227,282,0,test
0.0035155774,0.0015011037,0.98781526,0.0024855693,0.0016134554,0.00072804495,0.0014494769,0.0008915213,228,1785,0,test
0.023538098,0.0022830544,0.9568826,0.009470694,0.0027162498,0.0013129879,0.002706367,0.001089997,229,477,0,test
0.9887228,0.0025801095,0.0028265314,0.0011953698,0.00091706385,0.0008873573,0.0013199814,0.0015507876,230,584,0,test
0.0030261087,0.0013620853,0.9886553,0.0024355082,0.0015703858,0.00074645586,0.0013970723,0.00080703193,231,935,0,test
0.002990932,0.0011649656,0.98834944,0.002628759,0.0016516739,0.00084422634,0.001425357,0.00094462157,232,1180,0,test
0.98689437,0.0029837645,0.004065021,0.0011008084,0.0012585481,0.001068026,0.0013022403,0.0013271321,233,1557,0,test
0.0023604473,0.0014265232,0.989301,0.0024502173,0.0015405209,0.0007043125,0.0013819272,0.0008349142,234,1981,0,test
0.0028320034,0.0012305023,0.9885889,0.0024356535,0.0018036717,0.00080108544,0.001607769,0.00070033525,235,113,0,test
0.98635477,0.0031491562,0.00429543,0.0011323526,0.001310449,0.0010384321,0.0013505607,0.0013688441,236,374,0,test
0.0011208691,0.0021614877,0.0025653865,0.0010603899,0.91730565,0.07278858,0.0013178304,0.0016798212,237,575,0,test
0.9859137,0.0041019563,0.0027763615,0.0011183419,0.0013252887,0.0013724989,0.0013463187,0.0020455606,238,1555,0,test
0.03345241,0.0032346034,0.94228804,0.012397581,0.0030522577,0.0015958217,0.0025471721,0.0014321533,239,1895,0,test
0.0033683719,0.0013345134,0.9875048,0.0031478256,0.001536683,0.0008061243,0.0014708173,0.0008309467,240,358,0,test
0.0030221022,0.0012224263,0.98846334,0.0028641426,0.0014458359,0.0007296208,0.0014266704,0.0008259893,241,1220,0,test
0.0016758214,0.0015102681,0.0006721231,0.004045109,0.0011166843,0.0055132024,0.002805504,0.9826612,242,1410,0,test
0.9825967,0.002100796,0.008748502,0.0015554769,0.0010020933,0.0010558651,0.0014800193,0.0014605322,243,1937,0,test
0.00220389,0.0060481513,0.0030321728,0.005129875,0.3047579,0.57238805,0.0067182006,0.09972179,244,1495,0,test
0.0024411785,0.0012008799,0.98933625,0.0025367541,0.0015543521,0.0007511147,0.001418431,0.0007610426,245,523,0,test
0.0026192188,0.0014138252,0.9889676,0.002358681,0.0016174234,0.00074695336,0.0015385249,0.00073780306,246,500,0,test
0.0031355098,0.0013560518,0.98852926,0.0025120475,0.0015591583,0.00072923535,0.0014716686,0.0007069087,247,1715,0,test
0.0012740188,0.0006658071,0.0029088627,0.0016011155,0.010647348,0.9790219,0.0024664665,0.0014145313,248,1535,1,test
0.003559943,0.0015439242,0.9878015,0.0025494557,0.001754968,0.00074853783,0.0012440719,0.0007975849,249,598,0,test
0.9899946,0.002353387,0.0025602907,0.00094056374,0.0008251091,0.00076193985,0.0013077601,0.0012564678,250,632,1,test
0.0044107055,0.001433958,0.98642,0.0031028439,0.0016535296,0.0007876547,0.001430705,0.0007606105,251,430,0,test
0.9767263,0.008859228,0.0051026405,0.0017719722,0.0017683594,0.0014881555,0.0016215075,0.0026618077,252,1276,0,test
0.021715306,0.0027162519,0.9544749,0.012949292,0.0026934925,0.0013819743,0.0026159708,0.0014528494,253,1043,0,test
0.0030426178,0.0013296293,0.98803455,0.0027750626,0.0016459539,0.0008029795,0.0014354014,0.00093372987,254,1296,0,test
0.98871744,0.002505559,0.0028088335,0.001006581,0.0011098149,0.0010225351,0.0012557083,0.0015735825,255,1868,0,test
0.0027376611,0.0013336856,0.98901165,0.0024315545,0.0016235706,0.0007556452,0.0013434282,0.0007627243,256,1589,0,test
0.9866898,0.0019530792,0.004217455,0.0017092823,0.001044562,0.0012169017,0.001983187,0.001185764,257,897,0,test
0.9849557,0.0035144151,0.0037622869,0.0012457473,0.0014819003,0.0013858472,0.0015219348,0.0021321923,258,1389,0,test
0.9834319,0.0052470104,0.0038289067,0.0013181187,0.0012871468,0.0012203819,0.0017165543,0.0019501154,259,1269,0,test
0.002641558,0.0016007044,0.98895603,0.0023200319,0.0016326312,0.0006719236,0.0013618197,0.00081535004,260,784,0,test
0.0011867967,0.0016834548,0.0006752143,0.0031359277,0.0015964719,0.005680287,0.0020377587,0.9840041,261,829,0,test
0.0027362984,0.9816867,0.0012612434,0.0022352652,0.0023140225,0.0023597626,0.0014203374,0.0059863594,262,268,1,test
0.003155214,0.0012867423,0.98824024,0.0026161983,0.0016736691,0.0007750627,0.0015558018,0.0006970802,263,913,0,test
0.98290724,0.0047969907,0.002502151,0.0014947555,0.0011936583,0.0013998727,0.0017527981,0.0039525973,264,831,0,test
0.003781547,0.0012647928,0.9873777,0.0029951695,0.0015255237,0.00071507803,0.0015357278,0.000804528,265,1597,0,test
0.0025606141,0.0015023823,0.9890527,0.0023418488,0.0016710188,0.0007373031,0.0013635565,0.0007705876,266,1543,0,test
0.00093019736,0.0007227667,0.0011186377,0.0013397391,0.0103393365,0.9824515,0.0015002792,0.0015975293,267,1497,0,test
0.9853982,0.0036270882,0.0033670128,0.0011037246,0.001242987,0.0014778216,0.0017038553,0.0020793742,268,914,0,test
0.0028166748,0.0012342933,0.98858285,0.002441774,0.0016650221,0.0008001196,0.0016805506,0.0007787576,269,562,0,test
0.00647445,0.0015337428,0.9843158,0.0030418963,0.0016772597,0.0007298688,0.0014691957,0.0007578168,270,1938,0,test
0.12958436,0.8520998,0.004221826,0.0016636123,0.004171112,0.0020986635,0.0029576106,0.0032030442,271,1153,0,test
0.0030849394,0.0012799547,0.9881904,0.0027188354,0.0016239792,0.0007990179,0.0014808471,0.0008220003,272,63,0,test
0.9875781,0.002305323,0.004769546,0.001056605,0.00083405373,0.0006804466,0.0019332105,0.00084262074,273,289,0,test
0.80722356,0.17093216,0.0055448473,0.001974524,0.004244198,0.002670508,0.003299429,0.004110876,274,1005,0,test
0.9865421,0.0015313348,0.0060092965,0.0014614175,0.0010243644,0.0007991375,0.0015097,0.0011227396,275,1121,0,test
0.0026622405,0.0014645027,0.9888265,0.002368205,0.0016053239,0.0007475826,0.0013550346,0.00097066635,276,1170,0,test
0.21773177,0.76014066,0.0065968004,0.0020277095,0.0048560714,0.002277983,0.0030936808,0.0032753285,277,1379,0,test
0.002510936,0.0013868889,0.9891021,0.0024946604,0.0015765138,0.00070929254,0.0014551503,0.00076440634,278,1695,0,test
0.98479825,0.00342065,0.0045725624,0.0014717007,0.0009919982,0.0011330396,0.0020123525,0.0015994802,279,308,0,test
0.0027209115,0.0012852504,0.9887074,0.0026448735,0.0015762715,0.0007892189,0.0013687351,0.0009073265,280,563,0,test
0.9812337,0.003333526,0.0084173605,0.0015298044,0.0015173567,0.0011734923,0.0015051961,0.0012896197,281,435,0,test
0.97783273,0.009787484,0.003396093,0.0013132402,0.0016073737,0.0018313384,0.0021887547,0.0020429862,282,672,0,test
0.009920271,0.0019858764,0.97037035,0.011018131,0.0022146308,0.0011065586,0.0020907484,0.0012934124,283,1386,0,test
0.001390428,0.0020133383,0.000625931,0.005466227,0.0014147965,0.0047204136,0.00218131,0.9821875,284,299,0,test
0.0026178353,0.0014353209,0.98896,0.0023948152,0.0016431046,0.0007542914,0.0014110376,0.0007835955,285,371,0,test
0.0028722354,0.0013091917,0.98882514,0.0025760834,0.0015468106,0.00070101983,0.0014299958,0.0007395445,286,23,0,test
0.0027840105,0.0013551288,0.98895043,0.002443255,0.0015472914,0.0007353346,0.0013913802,0.0007930885,287,915,0,test
0.002719087,0.001458462,0.98892784,0.0025055974,0.0017331602,0.00072668213,0.0012076024,0.00072155154,288,195,0,test
0.0032536269,0.0011844708,0.98785585,0.0030156255,0.0015662252,0.0007355694,0.001510402,0.0008782573,289,49,0,test
0.0033306885,0.015744684,0.0010852586,0.0020621729,0.0016371029,0.004011274,0.9604132,0.011715562,290,170,0,test
0.0014186819,0.000806903,0.0016027751,0.0017277711,0.008004264,0.9826408,0.00252052,0.001278241,291,290,0,test
0.0015174454,0.0017855603,0.0007521445,0.0035755932,0.0012164091,0.0049030194,0.0022757687,0.98397404,292,408,0,test
0.9859633,0.0035774275,0.0032645916,0.0012275596,0.0010878873,0.0012305056,0.0015278013,0.002120971,293,760,0,test
0.000939814,0.0024355263,0.00063201546,0.0034558976,0.002339844,0.0076965955,0.0019715116,0.9805288,294,1141,0,test
0.98719203,0.0030870747,0.0033782301,0.0011028618,0.00109374,0.0010535636,0.0012604295,0.0018320847,295,1202,0,test
0.0025504243,0.001148148,0.0021327685,0.001479478,0.010412401,0.97726977,0.003814654,0.0011924183,296,938,0,test
0.98846483,0.0026115063,0.002431934,0.0012323448,0.0010176547,0.0010512243,0.0014635272,0.0017269301,297,70,0,test
0.9850129,0.0047734994,0.0023302436,0.0010939545,0.0013045903,0.001451732,0.0016037532,0.0024293796,298,356,0,test
0.0032738126,0.001384955,0.98842674,0.0025240816,0.0016088918,0.00069102814,0.0013820563,0.0007083798,299,1701,0,test
0.9866232,0.00315951,0.0033795598,0.0010684683,0.0013981821,0.001419752,0.0013218867,0.0016294739,300,1905,0,test
0.0025962603,0.0014192151,0.9890188,0.0023769499,0.0016412751,0.0007297444,0.001405047,0.0008126835,301,1836,0,test
0.001541503,0.0017400074,0.0007014892,0.0033859955,0.0012654954,0.004679655,0.0021676633,0.98451823,302,488,0,test
0.0026034918,0.00131456,0.9892707,0.0023253781,0.0015888538,0.00076187274,0.0013944634,0.0007407292,303,1398,0,test
0.002592276,0.0012726574,0.98885906,0.0028229135,0.0014979896,0.00072637625,0.0014834186,0.0007453583,304,1039,0,test
0.0027728872,0.001278985,0.98883784,0.002651055,0.0014886026,0.0007295221,0.0014636796,0.00077741407,305,567,0,test
0.0025732452,0.001464465,0.98860407,0.002373874,0.0017413938,0.0007604791,0.0016783667,0.000804118,306,909,0,test
0.98841673,0.0023875663,0.0033505089,0.0010270496,0.0007664478,0.0008103841,0.0015136121,0.0017276929,307,1794,1,test
0.9858385,0.0036530367,0.0030767021,0.0012382596,0.0012732664,0.0012971046,0.0017146472,0.0019085257,308,1274,0,test
0.98160607,0.0059173917,0.003576105,0.0012189662,0.0021324125,0.001947284,0.0016892082,0.0019126302,309,250,0,test
0.97573507,0.0027717906,0.014132748,0.001824198,0.0016350814,0.0010013618,0.0015273612,0.0013724873,310,787,0,test
0.27577752,0.010797079,0.023956543,0.00806192,0.0740321,0.58509684,0.015572724,0.0067052874,311,1601,0,test
0.0023739578,0.991074,0.001184625,0.0011664849,0.0017392787,0.0008009235,0.000968124,0.00069261686,312,1376,0,test
0.0026095896,0.0013395137,0.9890232,0.002486227,0.0016066494,0.00077310705,0.0014540568,0.0007075719,313,1109,0,test
0.9892753,0.0022763964,0.0033633416,0.0009009347,0.00088453933,0.00079242047,0.0012928126,0.0012143252,314,20,0,test
0.0064956737,0.0017878118,0.97941816,0.007132295,0.0015308335,0.00087112124,0.0016257197,0.0011383493,315,406,0,test
0.01879653,0.0027439962,0.9579685,0.0125382915,0.0026294496,0.0013277635,0.0025407502,0.0014548133,316,1685,0,test
0.0134345945,0.002201467,0.9672318,0.009910532,0.0023659987,0.0011910504,0.002242038,0.0014225591,317,1621,0,test
0.003592384,0.0012750496,0.98765844,0.0029394827,0.0015480925,0.00075850025,0.0014523038,0.0007757278,318,1662,0,test
0.0031914157,0.0012369925,0.98811483,0.0028112323,0.001580716,0.00070907734,0.0016129907,0.00074283424,319,551,0,test
0.9870546,0.0034347363,0.0024693608,0.0011521423,0.0011361876,0.0012383583,0.0012567195,0.0022578298,320,880,0,test
0.0026514144,0.0014575522,0.98872954,0.002652865,0.0015969943,0.00074281765,0.0013062971,0.00086249213,321,862,0,test
0.012787025,0.002154835,0.96822095,0.010009786,0.002020809,0.001361445,0.0022742562,0.0011709463,322,1271,0,test
0.0020089324,0.9905533,0.0011255583,0.0012923816,0.0022306521,0.0008954332,0.0011236026,0.00077006285,323,996,0,test
0.0005821564,0.0007702816,0.0007205774,0.00093018974,0.02177112,0.9729127,0.0010830571,0.0012298875,324,1956,0,test
0.0019296483,0.0016340237,0.0008525024,0.003916949,0.0011268088,0.0047718207,0.0024398703,0.98332834,325,1986,2,test
0.9833888,0.0021433276,0.007626482,0.0016937848,0.0009036604,0.00085615204,0.0018825559,0.0015052095,326,1742,0,test
0.004531533,0.0014237476,0.98584855,0.0035812042,0.0016293616,0.0007329939,0.0013976292,0.00085503666,327,264,0,test
0.0028334241,0.001411014,0.9887671,0.0024573144,0.0016400479,0.00071687275,0.0013989616,0.0007751387,328,1869,0,test
0.0027841385,0.001515921,0.9885245,0.0022501298,0.0017654776,0.000820272,0.0013417986,0.000997832,329,1440,0,test
0.06128423,0.0032730745,0.9097533,0.015263007,0.0027262734,0.002250198,0.003849725,0.0016001827,330,720,0,test
0.004063826,0.0014011799,0.9869468,0.0030013123,0.0015474072,0.0007291895,0.0014394199,0.0008709172,331,397,0,test
0.9843748,0.003995581,0.005001564,0.001108915,0.0013730638,0.0010285949,0.0016561538,0.0014613644,332,1316,0,test
0.0030936142,0.0013163913,0.98824733,0.0026051463,0.0016142034,0.00079567503,0.0014936104,0.000834058,333,25,0,test
0.003058146,0.0012477288,0.98832196,0.0028708316,0.0016073241,0.00071675435,0.0014014873,0.00077583827,334,1599,0,test
0.5682631,0.0056842812,0.39059317,0.016093208,0.0043326826,0.004455051,0.007518562,0.003059946,335,77,0,test
0.0026321001,0.0014932104,0.98888344,0.0022827575,0.0016226077,0.0007511891,0.0013937666,0.0009410437,336,1258,0,test
0.0014691305,0.002022712,0.0010664255,0.001334727,0.0010014945,0.001646526,0.9896966,0.0017623557,337,32,0,test
0.9840078,0.004575147,0.004174804,0.0012045826,0.0015362083,0.0011575733,0.0016458939,0.0016980778,338,735,0,test
0.0032379942,0.0016231326,0.98776567,0.0031235795,0.0014633954,0.00068140845,0.0012961634,0.000808592,339,863,0,test
0.0077418745,0.0020332448,0.97281116,0.0112793725,0.0020318723,0.0009225053,0.001953141,0.0012268263,340,465,0,test
0.0030703444,0.0013028675,0.9885272,0.0026641735,0.0014713792,0.0007303164,0.0014154487,0.0008183283,341,1428,0,test
0.0011901562,0.0007902642,0.0014260514,0.001603634,0.007902017,0.9834853,0.0024004667,0.0012020031,342,160,0,test
0.0029063732,0.0012189589,0.98801243,0.003318749,0.0016206338,0.0007722588,0.0013067349,0.00084384956,343,199,0,test
0.002822442,0.0014416401,0.9886308,0.0025715914,0.0016140075,0.0007316904,0.0013360217,0.000851869,344,1850,0,test
0.0020644518,0.99143595,0.0011535799,0.0012699263,0.0016692741,0.0008535784,0.00085243303,0.0007008664,345,781,0,test
0.002453953,0.001432252,0.9891662,0.0022982599,0.0016826363,0.0007312775,0.0014657233,0.0007697964,346,1691,0,test
0.0029529852,0.0013800507,0.98852414,0.0025928654,0.0015790085,0.00077973347,0.0013948149,0.0007965312,347,1442,0,test
0.002329749,0.99060106,0.0012355682,0.0012669296,0.0019483177,0.0007483209,0.0011019653,0.0007681416,348,297,0,test
0.0025345227,0.0012558379,0.98924106,0.0023922722,0.001593308,0.0007995551,0.0013527905,0.0008307927,349,836,0,test
0.98728997,0.0025632123,0.0033768904,0.0012751393,0.0012348241,0.0012546548,0.001321855,0.001683476,350,1807,0,test
0.0011238456,0.0023352806,0.0024889726,0.0013171827,0.9466713,0.0428926,0.0010648402,0.0021058545,351,1991,0,test
0.0070949723,0.0019223335,0.9741337,0.00865008,0.0037873806,0.0013951305,0.0019068609,0.0011094382,352,189,0,test
0.9865057,0.0031926455,0.0032691406,0.0011287195,0.0011673056,0.0013100653,0.0016379729,0.0017885136,353,1312,0,test
0.98757774,0.002972535,0.0033546912,0.0011095537,0.0013399441,0.0010467935,0.0012373475,0.0013614269,354,1273,0,test
0.985859,0.0032738887,0.0032182804,0.0013002439,0.001222455,0.0013956687,0.0016606221,0.0020699173,355,1414,0,test
0.00087034516,0.0014496038,0.0012494959,0.0062217405,0.0154591445,0.96957403,0.0029554518,0.002220102,356,214,0,test
0.98332524,0.0039949724,0.005243168,0.0013825803,0.001577634,0.0012534694,0.0017307852,0.0014920294,357,581,0,test
0.98720866,0.0028611536,0.003952683,0.0011063379,0.0009804976,0.0009313767,0.0014726958,0.0014865943,358,1978,0,test
0.9679437,0.0034823313,0.02137224,0.0018481934,0.0017699535,0.0010244537,0.001499897,0.0010591694,359,342,0,test
0.022633012,0.013460874,0.88240904,0.056197375,0.0077322554,0.0044839974,0.0075737378,0.0055096885,360,1813,0,test
0.0018388458,0.00071320427,0.0018805031,0.0026104604,0.006407762,0.9790628,0.0025112717,0.0049751024,361,1607,0,test
0.0034715575,0.0011837101,0.9876908,0.002965895,0.0015689674,0.00074325677,0.0015532889,0.00082253176,362,1503,0,test
0.9845599,0.005017382,0.0026365314,0.0011620799,0.0013292693,0.0012199573,0.0015954662,0.0024794063,363,1792,0,test
0.0042732353,0.0013689586,0.986174,0.003814107,0.0015120222,0.0006981423,0.0013452444,0.00081419735,364,1070,0,test
0.96056277,0.0024370947,0.02803134,0.0029847026,0.0013186386,0.0011184162,0.002271178,0.001275872,365,59,0,test
0.0011021057,0.001444124,0.0021249934,0.0013540543,0.25734028,0.7329434,0.0014999997,0.0021909638,366,998,0,test
0.9876579,0.003066426,0.0029196,0.0011380969,0.0011945522,0.0010433791,0.0012930349,0.0016869645,367,1841,0,test
0.0025129113,0.0014985567,0.9889159,0.0024762256,0.0015966748,0.0007689131,0.0013597652,0.0008710572,368,1308,0,test
0.9869566,0.0036511526,0.0029897403,0.0011114348,0.0012288695,0.0010383375,0.0014547132,0.0015692401,369,72,0,test
0.07128796,0.9139076,0.0034789077,0.0016371605,0.0030788027,0.001797278,0.002008113,0.0028041492,370,1635,0,test
0.0030051856,0.0011281538,0.9881861,0.0027191567,0.0017120353,0.00087594654,0.001435122,0.00093827804,371,159,0,test
0.0025552632,0.0013719755,0.989071,0.0023743305,0.0016467482,0.0007670283,0.0013821949,0.00083141896,372,628,0,test
0.98210984,0.0019630492,0.0099215545,0.0012629598,0.0013604311,0.0010931882,0.0014110863,0.0008778449,373,1720,0,test
0.98784167,0.0021583284,0.004903211,0.0011467378,0.0007882669,0.0008015516,0.0011927541,0.0011675305,374,1367,0,test
0.0034176994,0.0013061217,0.9882564,0.0024774277,0.0015899729,0.00071558775,0.0014956647,0.0007410216,375,1642,0,test
0.0043294197,0.0036540334,0.005345276,0.03020545,0.015672054,0.92529386,0.012735386,0.002764495,376,783,0,test
0.0020309864,0.9906563,0.0013177772,0.001591215,0.002053973,0.00074080523,0.00090920995,0.00069967634,377,1097,0,test
0.9860596,0.004035122,0.0029593396,0.0010548716,0.0013502517,0.0012064305,0.0016257768,0.0017086159,378,932,1,test
0.0027414626,0.0012952593,0.98880893,0.0026775275,0.0015483889,0.0007110796,0.0014293384,0.0007880491,379,1078,0,test
0.0031356395,0.0023626247,0.0021399811,0.98423785,0.0012317359,0.0017811633,0.0018729625,0.0032380447,380,1142,0,test
0.008118555,0.0018056757,0.97767866,0.0071639945,0.001975468,0.00093398144,0.0015324549,0.000791187,381,867,0,test
0.0028260665,0.0014134613,0.98878086,0.0025593562,0.0015155709,0.00070579845,0.0013322324,0.00086664135,382,45,0,test
0.0031876022,0.0014287353,0.9883329,0.002477936,0.0015524181,0.0007413108,0.0015204655,0.0007586151,383,1632,0,test
0.048887,0.49968544,0.42273146,0.0130279055,0.0060082055,0.0021109327,0.0055235964,0.002025397,384,423,0,test
0.0017564917,0.0012883244,0.0009325928,0.004188429,0.0013358264,0.011896898,0.0027795208,0.9758219,385,991,0,test
0.98692304,0.0033453212,0.0034522966,0.0010537086,0.0013850171,0.0011073889,0.001272569,0.0014607743,386,596,0,test
0.0021436515,0.99138665,0.0010586014,0.0011810476,0.0016965348,0.00081611826,0.0010523064,0.0006650496,387,75,0,test
0.9884942,0.0017551723,0.0038491797,0.0012389108,0.0010631322,0.0010294958,0.001525179,0.001044772,388,1968,0,test
0.002573083,0.001430759,0.98912084,0.0022987835,0.0016579819,0.00075462495,0.0013434566,0.0008204879,389,1458,0,test
0.0080995895,0.0015212416,0.9796505,0.0049357307,0.0018407007,0.0010258016,0.0019926422,0.00093378965,390,586,0,test
0.9863697,0.00375427,0.0030224444,0.0010588127,0.001247217,0.001202062,0.0015897526,0.0017556059,391,722,0,test
0.0029953406,0.00139299,0.9884526,0.0026415833,0.0015614158,0.00074854103,0.0013716129,0.00083598937,392,533,0,test
0.98173416,0.0021661331,0.010581485,0.0014848013,0.0008315909,0.0006993741,0.0014403368,0.0010620888,393,1456,0,test
0.977233,0.0021195707,0.013751011,0.0017803498,0.0012402618,0.0010338232,0.0018167231,0.0010253417,394,1508,0,test
0.002319583,0.0014964475,0.9892179,0.0023424744,0.001635402,0.0007141082,0.0014385568,0.0008355701,395,590,0,test
0.016598513,0.0022377379,0.9640449,0.009944221,0.0023141159,0.0011756724,0.0024844639,0.0012003775,396,380,0,test
0.001135313,0.0033843277,0.003091621,0.0023671691,0.77282387,0.21221124,0.001773545,0.0032129658,397,898,0,test
0.98673046,0.0037818188,0.0020882091,0.0011140477,0.001174538,0.0012707757,0.0014320898,0.0024080325,398,30,0,test
0.0033637197,0.0013607262,0.9876858,0.0028166764,0.0015905787,0.0008305626,0.0014843933,0.000867592,399,1913,0,test
0.012866445,0.002501405,0.9699191,0.007746679,0.0029128667,0.0010873062,0.0020862145,0.0008799477,400,1556,0,test
0.9180974,0.010242033,0.05587228,0.0060976557,0.0015383369,0.0011145306,0.004792474,0.002245276,401,1425,0,test
0.0021240104,0.9916888,0.00094394694,0.0010903007,0.0014805627,0.00080492656,0.0010214903,0.000846013,402,687,0,test
0.002608419,0.0014048658,0.98862004,0.0027713948,0.001587711,0.00073651446,0.0013700062,0.00090107025,403,883,0,test
0.009989293,0.0020159527,0.9703734,0.010247978,0.0026623115,0.0012466062,0.0020829157,0.0013815277,404,733,0,test
0.0022939295,0.9908121,0.0010478933,0.0014277949,0.0016834979,0.0007795667,0.0010870699,0.0008681178,405,1501,0,test
0.0030243786,0.0013874241,0.9876972,0.002455566,0.0021099735,0.00092899555,0.0016773237,0.0007190243,406,1693,0,test
0.0028316483,0.0012239873,0.9888704,0.00255802,0.0015672006,0.0007214353,0.0014178643,0.0008093875,407,1610,0,test
0.002584062,0.0014014022,0.98912233,0.0022214074,0.0018300134,0.00075460196,0.0013073814,0.000778814,408,1687,0,test
0.0039565107,0.001327285,0.9872344,0.0030961353,0.0014767877,0.0007035614,0.0014217551,0.00078352325,409,446,0,test
0.0023842424,0.0014148602,0.98932403,0.002363076,0.0015951515,0.00074700103,0.0014012348,0.0007704403,410,1616,0,test
0.01460248,0.0026402643,0.96337235,0.011738381,0.0024827803,0.0012808498,0.0025264882,0.0013562982,411,336,0,test
0.98374164,0.0019237071,0.00789617,0.001656463,0.00095203985,0.00091004436,0.0015692351,0.0013507195,412,44,0,test
0.0026883483,0.0013288194,0.9887849,0.0025993027,0.0015485447,0.00074214407,0.001440338,0.00086764223,413,652,0,test
0.003011776,0.0015139778,0.9886258,0.0023997845,0.0015957591,0.00072225806,0.0013323697,0.0007983183,414,464,0,test
0.0035786366,0.0012371921,0.9874834,0.003054842,0.0016033511,0.00074594724,0.0014811705,0.0008154919,415,165,0,test
0.0036889447,0.0011811007,0.98751557,0.002692402,0.0016779943,0.00082773244,0.0016501435,0.00076614344,416,295,0,test
0.0022831233,0.0014908854,0.9894126,0.0023273348,0.001583935,0.00071886316,0.0014123836,0.0007708397,417,1799,0,test
0.9873144,0.0033176348,0.0028682016,0.0011426785,0.0011701614,0.0010927765,0.0013629213,0.0017312914,418,1034,0,test
0.002714605,0.0012682716,0.98871815,0.002632536,0.0016412208,0.00077431975,0.0014259199,0.0008249857,419,343,0,test
0.0030856351,0.0014058009,0.9883002,0.0026028098,0.0016433251,0.00074863684,0.0014630685,0.0007505717,420,90,0,test
0.0065459087,0.0014867741,0.98223853,0.0040817875,0.0017909673,0.0007810097,0.0023415221,0.0007335315,421,967,0,test
0.0154528115,0.002146872,0.96144307,0.013465329,0.0022803869,0.0013936216,0.002426863,0.0013911676,422,1459,0,test
0.98507756,0.0043175765,0.0031261751,0.0012740149,0.001478278,0.0013278244,0.001692336,0.0017062558,423,728,0,test
0.0027270787,0.0013020574,0.9889503,0.002280859,0.0016502234,0.00077491155,0.0015840363,0.0007304956,424,468,0,test
0.002414908,0.0013633013,0.9891794,0.0024754885,0.0015922791,0.0007795593,0.0013764391,0.00081866444,425,629,0,test
0.002557478,0.0014229866,0.98912245,0.0024490578,0.0015859468,0.00072225014,0.0013241671,0.00081567117,426,1526,0,test
0.0030189662,0.0012883347,0.9886036,0.0024529514,0.00165193,0.0007374542,0.0014959968,0.00075076317,427,692,0,test
0.0044797948,0.002041318,0.98338896,0.0046742475,0.001844702,0.00090377737,0.0018823668,0.0007848384,428,833,0,test
0.002754795,0.0013778986,0.9886335,0.0025299324,0.0016765209,0.0007642854,0.0014316092,0.0008314897,429,514,0,test
0.0011559981,0.001722975,0.0025718703,0.0009713642,0.9223715,0.0681264,0.0011602631,0.0019196692,430,344,0,test
0.0025861217,0.0013635465,0.98913693,0.0023187716,0.001610987,0.00076259865,0.0014572499,0.00076376204,431,948,0,test
0.0025311916,0.0012935968,0.9891076,0.0022793668,0.001719704,0.00078993564,0.0015024206,0.00077608775,432,1122,0,test
0.0012776996,0.0019211435,0.0006924076,0.003031515,0.0013630537,0.0051472513,0.0022197322,0.9843471,433,1521,0,test
0.002637957,0.0013206301,0.98908406,0.0025960281,0.0015187375,0.0007139912,0.0013498034,0.0007787279,434,182,0,test
0.98788375,0.0031879728,0.0023781809,0.0011400499,0.0010089668,0.0010617075,0.0013157432,0.0020235898,435,697,0,test
0.0020632653,0.9913463,0.0008659888,0.0012027525,0.0015470078,0.0008308447,0.0012117339,0.0009321477,436,1433,0,test
0.46294224,0.5101847,0.006396319,0.002663721,0.00439522,0.0033824504,0.0048746085,0.0051607606,437,1204,0,test
0.0030658362,0.0012522497,0.98850006,0.002543429,0.00164262,0.00070501317,0.0015617359,0.0007291394,438,1235,0,test
0.0027113773,0.0013343322,0.98914206,0.0021991227,0.0016010498,0.00075911166,0.0014484508,0.00080459286,439,292,0,test
0.0025339632,0.0014856288,0.9890294,0.0023495627,0.0016187187,0.0007536839,0.001426579,0.00080243236,440,1257,0,test
0.0024562513,0.0014361257,0.98912954,0.0023922753,0.0015986479,0.0007566555,0.0014485597,0.00078189105,441,1871,0,test
0.9880926,0.0023861928,0.0036734713,0.0010746422,0.00093494577,0.00093089364,0.0015625353,0.0013447178,442,1255,0,test
0.0020923517,0.0012900775,0.98978275,0.002339086,0.0017424363,0.0007692599,0.0012231292,0.0007608628,443,1909,0,test
0.98577315,0.0037650731,0.0029046312,0.0012029904,0.001267227,0.0013641758,0.0014832229,0.0022395803,444,1790,0,test
0.0027646802,0.0013368776,0.98890275,0.00261869,0.0015060641,0.0007402556,0.0013502035,0.0007804392,445,307,0,test
0.0014310618,0.0019227973,0.0006977089,0.0032801814,0.0013303803,0.004729549,0.0020323347,0.984576,446,1406,0,test
0.0030251192,0.0063779713,0.0012872049,0.0014052,0.0015237781,0.0033562928,0.97523844,0.007785949,447,1067,0,test
0.9870876,0.0019223966,0.005833018,0.001120096,0.0010627514,0.0008575225,0.0012379163,0.0008786479,448,1027,0,test
0.002960788,0.0011704897,0.98853976,0.0027605477,0.0015676362,0.00073675386,0.0014895966,0.0007743019,449,172,0,test
0.0027158402,0.001334018,0.98884773,0.002677685,0.0015109492,0.00071001786,0.0013955836,0.000808133,450,1055,0,test
0.00256742,0.001338557,0.9891399,0.0023911323,0.0015925603,0.00074909755,0.0014966129,0.0007247196,451,1054,0,test
0.00246394,0.0013453476,0.9890882,0.0024256117,0.0016096658,0.00076593994,0.0014937641,0.0008075431,452,755,0,test
0.0036163714,0.001347814,0.98802245,0.0023770963,0.0015825079,0.0007237942,0.0015849078,0.00074506766,453,1654,0,test
0.0028730032,0.0018764759,0.0015447465,0.006342977,0.0047610477,0.1231296,0.004695391,0.8547767,454,120,1,test
0.0030723065,0.0012657992,0.9884979,0.0025176473,0.0016306725,0.00074050744,0.0015113692,0.0007638407,455,448,0,test
0.98792714,0.003437756,0.0029406818,0.00093442196,0.0011646999,0.00092937535,0.0012597932,0.0014059921,456,1944,0,test
0.004032449,0.0012298633,0.9869016,0.003216261,0.0015869219,0.00074974005,0.0014812914,0.00080193405,457,381,0,test
0.002515813,0.0011980414,0.98898065,0.0028143963,0.0015542735,0.0007875157,0.0013243529,0.0008249644,458,1309,0,test
0.0021729448,0.99123424,0.0012459942,0.0011683,0.0018272779,0.00079802127,0.0009465637,0.00060681376,459,1528,0,test
0.9826933,0.0055283695,0.0033933062,0.0011032698,0.0017873266,0.001714633,0.0018230914,0.0019567488,460,39,0,test
0.0031618373,0.0012355387,0.9884852,0.0025938514,0.0015550291,0.00073419843,0.0014762437,0.0007580298,461,1421,0,test
0.0015470415,0.0016452442,0.0006986792,0.003654038,0.0011283499,0.0049711764,0.002425133,0.9839303,462,540,0,test
0.98764837,0.002920669,0.0032522236,0.0011570273,0.0010180919,0.0009199584,0.0013279637,0.001755686,463,323,0,test
0.0010442842,0.002281233,0.0006869037,0.0043393075,0.0015867896,0.005969639,0.0023873684,0.9817045,464,721,0,test
0.0025376864,0.0014299114,0.9890926,0.0022366617,0.0016454395,0.00078498,0.0013572064,0.00091543613,465,394,0,test
0.9788504,0.008806381,0.0043293852,0.0016575604,0.0014374083,0.0010022442,0.0022222614,0.0016944055,466,191,0,test
0.0015359534,0.00089851144,0.0015801252,0.0019256182,0.007661139,0.9818995,0.0031821097,0.001317073,467,703,0,test
0.001452735,0.0018946639,0.0007017642,0.0033033886,0.0013119818,0.004740198,0.0020545789,0.98454076,468,1537,0,test
0.9815763,0.004513948,0.0042972183,0.0012748571,0.0018818909,0.0017928168,0.0033083004,0.0013546953,469,1827,0,test
0.0031419322,0.0013817709,0.98845214,0.0025351231,0.0015756384,0.0007454293,0.0013880067,0.0007800691,470,314,0,test
0.9748775,0.002202827,0.015854962,0.0018474709,0.0011542686,0.001000924,0.0017699907,0.001292065,471,508,0,test
0.0036633208,0.0014208755,0.9877266,0.002648154,0.0014914282,0.0006921642,0.0015793205,0.0007781239,472,1226,0,test
0.002927216,0.0012843137,0.98889893,0.0024969883,0.0015616852,0.0007497977,0.0013308161,0.00075032265,473,260,0,test
0.003370866,0.0012774972,0.9881506,0.0027990094,0.0014691007,0.0007259535,0.0014353475,0.0007716445,474,558,0,test
0.9880597,0.0027782621,0.0025371588,0.0011357653,0.0010367696,0.0010202434,0.0017488231,0.0016832983,475,1473,0,test
0.0011282103,0.002312649,0.0006371492,0.009178525,0.0022835326,0.0068661054,0.0024579805,0.9751359,476,1964,0,test
0.0027900445,0.0013229849,0.9888409,0.002552591,0.0015761876,0.0007281787,0.0013736231,0.00081553624,477,67,0,test
0.98504514,0.0014912233,0.005835575,0.0012723285,0.0013045776,0.0018535687,0.0017276666,0.0014699023,478,1015,0,test
0.9846342,0.0045778365,0.0043009208,0.0009219038,0.00097122823,0.0011008817,0.0023964953,0.0010965804,479,1615,0,test
0.98524356,0.004178979,0.0033611655,0.0010802074,0.0013685726,0.0012679088,0.001639991,0.0018596936,480,1357,0,test
0.0025357718,0.0014781614,0.98909134,0.0023939435,0.0016522069,0.0006697439,0.0015099174,0.0006689154,481,741,0,test
0.0027556007,0.0013019057,0.9890515,0.00235054,0.0015916999,0.00075994764,0.0014282819,0.0007604802,482,1530,0,test
0.0027653363,0.0012349399,0.98892856,0.002400755,0.0016177442,0.00079038297,0.0014675969,0.0007946282,483,979,0,test
0.004335724,0.9473109,0.0012361645,0.002620784,0.004228525,0.004885604,0.0034188835,0.03196342,484,1455,0,test
0.0024303007,0.0013279639,0.9891778,0.0025025124,0.0015948861,0.0007375632,0.0014976084,0.0007313852,485,1758,0,test
0.98685735,0.002106458,0.0055235596,0.0012191954,0.00084305997,0.00083702465,0.0015473376,0.0010660152,486,593,0,test
0.9863592,0.0035835342,0.0025665732,0.0013736705,0.0011586344,0.0011863679,0.0013741219,0.0023978802,487,978,0,test
0.0030431098,0.0013422073,0.9885965,0.0024611137,0.0016288181,0.000718,0.0014601705,0.00075006066,488,719,0,test
0.00364916,0.0013312928,0.9872377,0.0028633026,0.0017332179,0.0007261174,0.0017085987,0.00075069524,489,1680,0,test
0.001337695,0.0019530236,0.0011504546,0.0014479334,0.0010007322,0.0017910566,0.9895438,0.0017753779,490,763,0,test
0.0030222926,0.001290535,0.98847836,0.0024754014,0.0016840196,0.0008010088,0.0015421256,0.0007061833,491,1908,0,test
0.0028973469,0.001254946,0.98868144,0.0025924928,0.0016122388,0.00069031515,0.0015406716,0.0007306338,492,564,0,test
0.98754835,0.0026589732,0.0035542957,0.0012628074,0.0010394696,0.0009801701,0.0013946586,0.0015612288,493,1906,0,test
0.0027727562,0.0013547062,0.9887151,0.002680545,0.0014730631,0.00070172036,0.0013923624,0.0009097762,494,510,0,test
0.0062570553,0.0013905755,0.98393756,0.0035546129,0.0016634814,0.00086950517,0.0014986367,0.0008285723,495,1983,0,test
0.0029104801,0.0013012459,0.9886408,0.0023110555,0.0016662729,0.0007619247,0.0016493759,0.0007587838,496,670,0,test
0.0028733995,0.0013416391,0.98879015,0.0026288556,0.0014881534,0.00074768736,0.001316698,0.000813457,497,1573,0,test
0.0030380539,0.0013556627,0.9880384,0.002740242,0.0016646328,0.0007789866,0.0015989341,0.00078501465,498,1622,0,test
0.0016835792,0.0014193291,0.0009932218,0.003908181,0.0021605704,0.024252927,0.0028479684,0.9627343,499,1706,0,test
0.986297,0.003449281,0.0031409685,0.0012474111,0.0013526999,0.0012746388,0.0012728173,0.0019651891,500,1340,0,test
0.0024423087,0.0015028501,0.98918134,0.0023704604,0.0016119153,0.0007570268,0.0012617998,0.0008722558,501,1771,0,test
0.0217032,0.0021492,0.95809716,0.010813052,0.0021376852,0.0011509313,0.0028676256,0.0010811742,502,1403,0,test
0.00245211,0.0014243126,0.98924047,0.0023569795,0.0016043563,0.00073836575,0.0013842094,0.00079915934,503,1970,0,test
0.0024861218,0.0012637355,0.989235,0.0025920873,0.0015602268,0.0007583234,0.0013357805,0.000768733,504,712,0,test
0.977865,0.002435041,0.0127566885,0.0016085899,0.0012063676,0.0012024366,0.0015563683,0.0013694977,505,1947,2,test
0.011425438,0.0022844698,0.9711118,0.008658065,0.002301522,0.00094565726,0.0023475694,0.0009253841,506,255,0,test
0.98873454,0.0018801296,0.0043864013,0.00091326603,0.0010758096,0.00083722844,0.0011454469,0.0010271707,507,517,1,test
0.0013025004,0.0037730776,0.0019888338,0.001771283,0.43631577,0.547441,0.002511847,0.0048956973,508,1663,0,test
0.002878719,0.0013455381,0.9888226,0.0022568426,0.0017112831,0.0007367823,0.0014715901,0.0007767314,509,706,0,test
0.9872115,0.003294424,0.0024649908,0.0011819657,0.0010152982,0.001085684,0.0014265402,0.0023195844,510,236,0,test
0.98741674,0.0028492692,0.003150466,0.0011521864,0.0010945054,0.0010715583,0.0014427865,0.0018225369,511,1069,0,test
0.0040701292,0.0013954884,0.98700523,0.0029061825,0.0016052227,0.00076020154,0.0014464891,0.00081106264,512,1783,0,test
0.0031130752,0.9512148,0.0013735975,0.0024224683,0.0024231952,0.0023000527,0.032440286,0.0047124303,513,1432,1,test
0.002288825,0.0014433711,0.988831,0.0028485595,0.0018633028,0.00071800017,0.0012027863,0.0008041289,514,1564,0,test
0.10086096,0.0040907618,0.030029722,0.004970501,0.029479586,0.8087048,0.018565523,0.003298181,515,599,0,test
0.0027388989,0.0013434031,0.9888433,0.002433357,0.0016365298,0.00076921156,0.0013511728,0.00088414474,516,355,0,test
0.0030355204,0.0014358392,0.988138,0.0026002692,0.0016896965,0.00075857335,0.0015336586,0.00080833846,517,855,0,test
0.007890797,0.0022754958,0.9742032,0.0076043643,0.003805135,0.0010934375,0.0019879574,0.0011395179,518,1056,0,test
0.012764037,0.9789019,0.0023214044,0.0013014835,0.00160112,0.0008417783,0.0012281049,0.0010401595,519,1562,0,test
0.0038352904,0.0013807238,0.9877587,0.0024557319,0.0016121326,0.0007529486,0.0014082971,0.00079611264,520,671,0,test
0.0026349938,0.0015280753,0.98885566,0.0023276645,0.001732215,0.00073776324,0.0013729784,0.00081067206,521,1279,0,test
0.0026792374,0.0013438914,0.98859054,0.0025066643,0.0016796559,0.00079467526,0.0016023965,0.0008029905,522,1400,0,test
0.0006180226,0.0010388542,0.000914988,0.0010670822,0.068252265,0.92556405,0.0011485723,0.001396247,523,955,0,test
0.9837788,0.0033913509,0.0053547393,0.0014500846,0.0013574591,0.0012250881,0.001468544,0.0019738714,524,512,0,test
0.0029697951,0.0012599127,0.9884375,0.0027291293,0.0015419882,0.0007872893,0.0014414552,0.0008330073,525,895,0,test
0.0035703247,0.0013143119,0.98740923,0.0032021848,0.0015320233,0.0006960528,0.0014830149,0.0007928923,526,310,0,test
0.0021885654,0.99112165,0.0009513977,0.0011331001,0.0015526433,0.0008837293,0.0011724046,0.0009965007,527,527,0,test
0.002587748,0.0014112275,0.98909175,0.0023212498,0.0016321851,0.0007430773,0.0014545661,0.0007582309,528,767,0,test
0.98176837,0.005103816,0.005253719,0.0013913895,0.0017809548,0.0013541374,0.0015365534,0.0018110056,529,1272,0,test
0.9870738,0.0032769355,0.0031108314,0.0012006157,0.0012054073,0.0010931084,0.0014294514,0.0016099089,530,684,0,test
0.0052250535,0.0016079263,0.97670776,0.009836785,0.0029634838,0.0009731685,0.0016640609,0.0010217318,531,1926,0,test
0.002896632,0.0012388966,0.98884016,0.0025385586,0.0015181226,0.0007122769,0.0014444249,0.00081087276,532,335,0,test
0.97813547,0.009342214,0.0034436653,0.0014071154,0.0016579189,0.0016566151,0.0021181104,0.0022389344,533,385,0,test
0.02280907,0.0025291475,0.9586767,0.008605266,0.0025130026,0.0011701927,0.002569103,0.0011275903,534,1644,0,test
0.0021040952,0.9905786,0.0013612957,0.0013312038,0.0022701789,0.0008185865,0.00092659466,0.0006094097,535,284,0,test
0.0031076511,0.0013040885,0.98826677,0.0024993147,0.0017026861,0.000789691,0.0014028164,0.00092706305,536,678,0,test
0.9885817,0.0023087575,0.0033830905,0.0010891274,0.0009947913,0.0009415433,0.0014845888,0.0012164024,537,1012,0,test
0.0030715056,0.001305949,0.98862666,0.0024233588,0.0016155024,0.00072306884,0.0015279787,0.0007059264,538,1009,0,test
0.0029393302,0.0012678606,0.98852557,0.0024486713,0.0017165535,0.0007242346,0.0016599229,0.0007178441,539,138,0,test
0.0025213622,0.0013368116,0.98914075,0.0025629736,0.0015441012,0.0007248692,0.001325589,0.00084348005,540,791,0,test
0.0010873089,0.00085149717,0.0014896395,0.00159085,0.012907576,0.97884506,0.0020424807,0.0011856677,541,2,0,test
0.9849836,0.004032488,0.0032448724,0.0013702485,0.0014332581,0.0011563997,0.001563297,0.0022158506,542,1189,0,test
0.0026643635,0.0014182199,0.9888777,0.0023866475,0.0016403495,0.00078120537,0.0013803225,0.00085116236,543,331,0,test
0.0037951346,0.0012412441,0.98725706,0.0028860848,0.0016304856,0.0007650121,0.0016257096,0.00079932675,544,1879,0,test
0.0017939053,0.0035916825,0.0011621758,0.0011427152,0.0011178624,0.0018367924,0.98757625,0.0017785468,545,259,0,test
0.0045036357,0.0014889259,0.98625374,0.0025164534,0.0018888302,0.00086291635,0.0015982606,0.0008872678,546,365,0,test
0.98609155,0.001939749,0.005451123,0.0010770137,0.0015119975,0.0012573159,0.0017536132,0.0009176962,547,1832,0,test
0.002129289,0.99079996,0.00112149,0.0013181028,0.001974533,0.00080680044,0.0010604296,0.0007893968,548,424,0,test
0.0035863132,0.0013094334,0.98771775,0.0026481354,0.0015360832,0.0007743061,0.001620845,0.0008070463,549,265,0,test
0.983973,0.0031771564,0.0057522473,0.0013073209,0.0013484673,0.0012871318,0.0014727459,0.0016819623,550,240,0,test
0.0028380908,0.0013959517,0.9887482,0.0022496132,0.0017535684,0.00079506735,0.0013361167,0.00088329945,551,1429,0,test
0.9866986,0.0028671194,0.0040592025,0.0011215409,0.0011752981,0.0011292478,0.0016768789,0.0012721663,552,569,0,test
0.98693466,0.0024689785,0.004280665,0.0012436258,0.0010551475,0.0010030604,0.0014423105,0.0015716996,553,1925,0,test
0.98449427,0.0030095326,0.006718632,0.0009721772,0.0014795706,0.00083749427,0.0015860037,0.00090221904,554,843,0,test
0.0027003682,0.0012230804,0.98889565,0.0023727042,0.0016737302,0.0007996625,0.0015378261,0.0007969848,555,401,0,test
0.0027869698,0.0014798203,0.988502,0.0024773616,0.0016109166,0.0007669259,0.0013494293,0.0010265589,556,267,0,test
0.98620284,0.0034562862,0.0028106791,0.0013012423,0.0012260237,0.0013361067,0.0016430733,0.0020237246,557,1427,0,test
0.9880008,0.0023007253,0.004142728,0.0010439731,0.00095501664,0.00089175807,0.0013524577,0.00131245,558,245,0,test
0.0026975006,0.00138881,0.9887116,0.0024403331,0.0016737938,0.0007606546,0.0015490444,0.0007782119,559,399,0,test
0.1475851,0.0039992398,0.81609,0.019056438,0.004401073,0.0026661495,0.004234996,0.0019670224,560,1286,0,test
0.9881455,0.0026284936,0.003226074,0.001069519,0.0010161791,0.0009360811,0.0014994978,0.0014785439,561,1346,0,test
0.0038622322,0.0012647671,0.98742735,0.0027443646,0.0016158948,0.0007849348,0.0014805527,0.00081988925,562,302,0,test
0.0033653663,0.9899284,0.0012343514,0.0011587372,0.0016907727,0.000811049,0.0011297053,0.0006816037,563,1598,0,test
0.98731565,0.0030884582,0.0034300808,0.0009863669,0.0014314039,0.0010851843,0.0014540743,0.0012086806,564,609,0,test
0.003242721,0.0013005269,0.98825574,0.0026715407,0.0015558263,0.00069371983,0.001516578,0.0007634802,565,411,0,test
0.0027724854,0.0012367712,0.9889925,0.00245414,0.0015991965,0.00070570956,0.0014994883,0.00073963765,566,1927,0,test
0.0013185262,0.0017990057,0.0006390449,0.003194218,0.001427417,0.0051829107,0.0021014663,0.9843375,567,578,0,test
0.0025871312,0.0014217029,0.9888947,0.0023786982,0.0016351773,0.00077190896,0.0015357971,0.0007748629,568,1864,0,test
0.9832237,0.004336757,0.0035945245,0.0016393242,0.0013135297,0.0014719479,0.001490071,0.0029301753,569,1396,0,test
0.0009799518,0.0018973169,0.0018873705,0.0013160756,0.36901817,0.6208646,0.0017012046,0.0023352648,570,761,0,test
0.0036475055,0.0013100237,0.987733,0.0028394507,0.0016400897,0.00071376155,0.001361626,0.00075456785,571,1424,0,test
0.0023334185,0.0012570872,0.9894182,0.0023739794,0.0018367721,0.0007613056,0.0013021957,0.000717182,572,597,0,test
0.0038511099,0.0013217268,0.98729634,0.002878466,0.0016575853,0.0007795222,0.0013794228,0.00083584996,573,507,0,test
0.0026954198,0.0014032628,0.98887604,0.0024995275,0.0016010413,0.0007565561,0.0013852139,0.00078279217,574,1631,0,test
0.0025929934,0.0012450013,0.9889733,0.0027058795,0.0015377923,0.0007393069,0.0013478509,0.0008578818,575,1793,0,test
0.0025283534,0.0013766781,0.98901576,0.0023712437,0.0016497567,0.00075360056,0.001526381,0.00077825715,576,179,0,test
0.0013600645,0.001863331,0.00063522527,0.0031585721,0.001339915,0.0048712823,0.00213122,0.9846405,577,167,0,test
0.0022838938,0.0013799997,0.9894567,0.0024186154,0.0016485071,0.00071509136,0.0013550497,0.0007420865,578,656,0,test
0.9838306,0.0032761185,0.005403591,0.0014513577,0.0012847701,0.001143986,0.0015949224,0.0020145206,579,1408,0,test
0.721238,0.0055737416,0.24679382,0.015223352,0.0027118316,0.0018097343,0.004317238,0.0023322813,580,1929,0,test
0.003122492,0.0014594259,0.9884143,0.0024193735,0.0016114037,0.00075269566,0.0014253847,0.00079496484,581,1698,0,test
0.9838374,0.0030585898,0.005227618,0.0014110517,0.0013056762,0.0014554899,0.0018353369,0.0018687061,582,974,0,test
0.984511,0.004648181,0.0035300734,0.0011822195,0.0014304366,0.0012960822,0.0014967434,0.00190529,583,1745,0,test
0.002624008,0.0013001228,0.98900163,0.0026974697,0.0015048456,0.0007264017,0.0013805508,0.00076482526,584,266,0,test
0.98867255,0.0022406618,0.0031820661,0.0009792587,0.0011210993,0.0011402282,0.0014398145,0.0012243974,585,1592,0,test
0.0028190129,0.001367157,0.9888383,0.0024890061,0.0016031926,0.0007700103,0.0013703682,0.00074297446,586,757,0,test
0.9866752,0.003608655,0.0024413096,0.0013535258,0.0011628486,0.0011596248,0.0016040577,0.0019948871,587,1963,0,test
0.9836447,0.0047402475,0.002476289,0.0014486003,0.0012667752,0.0014546347,0.0016157599,0.0033529792,588,360,0,test
0.98603743,0.0036795046,0.0039402638,0.0010460718,0.0012173526,0.0010369115,0.0013484103,0.0016940846,589,218,0,test
0.48662436,0.004979109,0.47337568,0.013059681,0.0072110128,0.004533993,0.008151775,0.0020643405,590,1637,0,test
0.98672557,0.0029813715,0.0028619636,0.0011711143,0.0012232034,0.0014889097,0.0015650614,0.0019828503,591,1815,0,test
0.9859803,0.002273947,0.0039587263,0.0010630774,0.001873582,0.0022228733,0.001455696,0.0011718384,592,1261,0,test
0.008262684,0.0017992153,0.9665028,0.014606733,0.003322822,0.0015212189,0.0027517322,0.0012328028,593,499,0,test
0.0010939703,0.0035704582,0.0020820072,0.0017161168,0.4747181,0.51011765,0.0023247576,0.004377029,594,326,0,test
0.0019306013,0.99079,0.0008875626,0.0010710445,0.0015112368,0.0008341852,0.0018106301,0.0011647092,595,762,0,test
0.98739445,0.002954171,0.002933637,0.0011694954,0.0010717589,0.0010989152,0.001325023,0.0020525784,596,1197,0,test
0.9390353,0.004342165,0.037845224,0.0037315427,0.004588294,0.0046324665,0.0044351513,0.0013898431,597,1085,0,test
0.0025101693,0.0014182228,0.9891467,0.0022827154,0.0016734168,0.00076567417,0.001445692,0.0007574061,598,658,0,test
0.0027706516,0.0012431238,0.9886602,0.0026719228,0.0015573532,0.00077853963,0.0014788571,0.00083934993,599,15,0,test
0.010608105,0.0020511807,0.9658459,0.012364459,0.0043575326,0.0015282411,0.001978253,0.0012663245,600,756,0,test
0.002424073,0.0014078915,0.98924863,0.002266266,0.001651622,0.0007313138,0.0015065313,0.00076363893,601,920,0,test
0.00994906,0.0021497216,0.96968395,0.011509188,0.002373142,0.0010411611,0.0019645088,0.0013292215,602,1582,0,test
0.007650986,0.0017272258,0.982104,0.0036146818,0.001732795,0.00085043587,0.0014749798,0.0008449653,603,1731,0,test
0.98635733,0.003683274,0.0036894986,0.0010811315,0.0011888648,0.0010085418,0.0015318017,0.0014595373,604,549,0,test
0.005393973,0.0015067097,0.98551106,0.0029050848,0.0016394416,0.0006804885,0.0016808932,0.0006822871,605,1682,0,test
0.0028160927,0.0012967989,0.98878354,0.0025338538,0.0015964785,0.0007586068,0.0014296697,0.00078497274,606,1095,0,test
0.002511729,0.0015327829,0.98888344,0.0023886035,0.0017020619,0.0007423514,0.0012811339,0.00095786096,607,449,0,test
0.0022494989,0.0013415203,0.98941946,0.0022267,0.0019374626,0.0007880328,0.001296058,0.0007413417,608,841,0,test
0.0021746224,0.0012203522,0.9896116,0.0023082916,0.0017182239,0.0007950027,0.0014388275,0.00073311897,609,196,0,test
0.9859008,0.0027986874,0.005281474,0.0012945678,0.0010583139,0.00087492407,0.0013461176,0.0014450725,610,1238,0,test
0.0034176705,0.0013945677,0.9879959,0.0024071955,0.0016817688,0.0007537063,0.0015913724,0.0007577181,611,1089,0,test
0.002895132,0.0013386763,0.98864996,0.0025456843,0.0016916088,0.000773341,0.0013389413,0.00076666777,612,1164,0,test
0.0022603255,0.0014459633,0.9889126,0.0027894862,0.0019045541,0.0007241986,0.0011762719,0.00078669254,613,1339,0,test
0.9863312,0.0029910794,0.0023678518,0.0012677498,0.0009992762,0.0013118469,0.0017748197,0.0029560814,614,1485,0,test
0.9866107,0.0019170705,0.005445714,0.0013873028,0.00097115344,0.0009137296,0.0013548378,0.0013995403,615,570,0,test
0.0027237346,0.001161956,0.9885423,0.0025742687,0.0018297201,0.0008308078,0.0016656803,0.00067144464,616,1877,0,test
0.0054697595,0.0013625238,0.98541486,0.0030029872,0.0016342109,0.00073048903,0.0015644461,0.0008207237,617,1443,0,test
0.9823826,0.0044189324,0.004533997,0.0012531368,0.0023567916,0.0019753426,0.0014732112,0.001605933,618,1457,0,test
0.027552105,0.002776751,0.94325435,0.017661165,0.002417875,0.0015227599,0.0032454885,0.001569442,619,1417,0,test
0.9335306,0.0035214329,0.0530661,0.002947352,0.0024549195,0.0015704832,0.0018647248,0.0010443291,620,732,0,test
0.9863805,0.0026360974,0.005528225,0.0011896641,0.0010079937,0.000792698,0.0013572688,0.0011076538,621,1803,0,test
0.0029454129,0.0013757223,0.9885379,0.0023597754,0.0016660765,0.00078786915,0.0015344401,0.0007927494,622,43,0,test
0.0028744722,0.0013118553,0.9887772,0.0025239063,0.0015563758,0.0007887674,0.001341115,0.0008261609,623,1374,0,test
0.0019260128,0.99113584,0.0010981889,0.001652807,0.0014512528,0.0009543543,0.0008426546,0.00093890313,624,268,0,test
0.9873031,0.0027751222,0.0037460595,0.0010804121,0.0012210864,0.0010954206,0.0013938955,0.0013848101,625,1130,0,test
0.98696566,0.00319347,0.0028995946,0.0012420929,0.0011307639,0.0011995332,0.0014795902,0.0018893761,626,100,0,test
0.98564225,0.0032176853,0.00363181,0.0013697115,0.0010597135,0.0012458711,0.0014830832,0.0023498437,627,953,1,test
0.0024079257,0.9909651,0.0012471769,0.0011165765,0.0016547979,0.00079896965,0.00093753415,0.00087190163,628,1245,0,test
0.9871774,0.003371754,0.0031373356,0.0011223911,0.0011863307,0.0010551609,0.0013122556,0.0016373462,629,1831,0,test
0.0014413173,0.0018612983,0.0006785215,0.0038639097,0.0011832756,0.0045857546,0.0028815873,0.9835044,630,105,0,test
0.003368504,0.0012386574,0.9879532,0.0026709533,0.0016174918,0.0007688205,0.001684358,0.00069792464,631,1657,0,test
0.0019616038,0.99161595,0.0010241962,0.001229202,0.001566395,0.0007892566,0.0010017692,0.0008115856,632,479,0,test
0.003040629,0.0014689267,0.9880185,0.0029654775,0.001555588,0.00068167126,0.0014052541,0.00086406386,633,1999,0,test
0.009389426,0.0026772877,0.9749278,0.0055526583,0.0026819347,0.0018079613,0.002168849,0.0007940913,634,968,0,test
0.0025722596,0.0013134967,0.98897076,0.0026402322,0.0015053692,0.00076334574,0.0014384738,0.0007961045,635,1259,0,test
0.0024428852,0.0011949539,0.9893243,0.0025649103,0.0015692612,0.00073687645,0.0014041092,0.00076263404,636,1071,0,test
0.9708925,0.0021786897,0.019702764,0.0020375985,0.0014283258,0.0010163145,0.0015683955,0.0011753744,637,888,1,test
0.0046668607,0.0013972166,0.98585397,0.0034737154,0.0015615778,0.0007443536,0.0015392903,0.0007629682,638,1139,0,test
0.987795,0.0022710098,0.0032643757,0.0009160626,0.0014367356,0.0012895438,0.0016912642,0.0013359665,639,1335,0,test
0.9890326,0.0028433602,0.002437889,0.00096861814,0.0010455534,0.0009385349,0.0013529009,0.0013805216,640,1725,0,test
0.0012551085,0.0036284258,0.0020210452,0.0017656244,0.43841365,0.5456037,0.0024216536,0.0048907874,641,1994,0,test
0.0034835953,0.0012612885,0.9876129,0.0027154498,0.0016869159,0.0008066274,0.0015976321,0.00083567033,642,794,0,test
0.0026212956,0.0013554853,0.9891426,0.0023781986,0.0016102205,0.0007327289,0.0013361578,0.0008232865,643,71,0,test
0.001986515,0.9909088,0.0011034915,0.0015140724,0.0019704667,0.000749679,0.0010256262,0.0007414751,644,823,0,test
0.0026671179,0.0012087214,0.98902285,0.0024625757,0.0015853872,0.00076983793,0.0014325047,0.00085090374,645,1520,0,test
0.0022784986,0.99134105,0.0012683193,0.0011120056,0.0016285038,0.000745272,0.00096816925,0.0006582725,646,1230,0,test
0.0029220677,0.0013076423,0.9887812,0.0026025698,0.0014989736,0.00074504304,0.001315443,0.0008270779,647,689,0,test
0.0024540736,0.0014473898,0.9891587,0.0023183452,0.0016358206,0.0007523676,0.0014628279,0.0007703028,648,463,0,test
0.002223129,0.0013374637,0.9889015,0.0028241372,0.001825388,0.0007332594,0.0013171954,0.0008379785,649,1101,0,test
0.0028508746,0.0012609558,0.98880774,0.0027285053,0.001529794,0.00071281317,0.0013444623,0.000764827,650,487,0,test
0.0037079733,0.0012425641,0.9871991,0.0031415995,0.0016101073,0.0008320164,0.0014915739,0.0007751094,651,740,0,test
0.0023888424,0.0012744679,0.98954123,0.002355434,0.0016531295,0.0007266282,0.0013116079,0.00074859214,652,1265,0,test
0.0025495659,0.0014243567,0.9889819,0.0024649585,0.0015984002,0.0007173582,0.0014363887,0.0008269729,653,2003,0,test
0.005606514,0.0016930157,0.9843493,0.0035006558,0.00167708,0.00071218825,0.0017688435,0.0006923415,654,811,0,test
0.987217,0.001998004,0.00511915,0.001250291,0.0009022465,0.0008400712,0.0013432098,0.0013300302,655,2006,0,test
0.98452246,0.004658265,0.0044491948,0.0010332791,0.0013073456,0.0011674529,0.0014074732,0.0014545525,656,944,0,test
0.0011103336,0.0018625488,0.0022133905,0.0011105813,0.92603946,0.0644482,0.0012560836,0.0019593153,657,303,0,test
0.9868961,0.0027459676,0.004146607,0.0011182186,0.0011063052,0.0010543659,0.001252745,0.0016797028,658,1532,0,test
0.0012995672,0.0019890587,0.0015090974,0.0017131547,0.20387696,0.7773982,0.0019503484,0.010263677,659,391,0,test
0.002713243,0.99035466,0.0013731943,0.0013147095,0.0016458133,0.00090461783,0.00082355354,0.0008702313,660,889,0,test
0.0028420996,0.0013596709,0.9880499,0.0029432077,0.0016510955,0.00079704856,0.0014072843,0.0009496651,661,1883,0,test
0.0016972877,0.0020622518,0.00097154663,0.0015997569,0.00085737463,0.0019034208,0.98852813,0.0023801394,662,1176,0,test
0.0025831414,0.0013958885,0.9891533,0.002341176,0.0016406603,0.00075063814,0.0013378509,0.0007973583,663,301,0,test
0.0030480572,0.0013149505,0.9885162,0.0024311813,0.0016885007,0.0007789264,0.001413463,0.0008086694,664,222,0,test
0.0016146537,0.0017579565,0.0008127204,0.003606946,0.0012045724,0.0045035793,0.0021332433,0.9843663,665,1986,1,test
0.03302382,0.9563026,0.0027298452,0.0011728014,0.0022572225,0.0015200768,0.001621334,0.0013722872,666,1517,0,test
0.0036349504,0.0013386825,0.98750407,0.0030498318,0.0015747338,0.0007056208,0.0014210751,0.0007709576,667,1571,0,test
0.0011295317,0.0022346647,0.0005301518,0.0032910705,0.0017868727,0.007111462,0.0023501297,0.9815662,668,1743,0,test
0.0014831332,0.00079105265,0.0016131024,0.0017907462,0.008004165,0.9821811,0.0027829348,0.0013538045,669,1016,0,test
0.0026543348,0.0013387651,0.98896605,0.0024564262,0.0018257109,0.0007365569,0.0013315153,0.00069058704,670,145,0,test
0.0006180226,0.0010388542,0.000914988,0.0010670822,0.068252265,0.92556405,0.0011485723,0.001396247,671,682,0,test
0.9858289,0.003937447,0.0024183036,0.0011089115,0.0015952755,0.0015088465,0.001442232,0.0021600302,672,782,0,test
0.0029533822,0.0013349103,0.98878,0.002393271,0.0016125403,0.0007129468,0.0014800368,0.00073297706,673,910,0,test
0.0058243135,0.435801,0.0025097132,0.002558155,0.0050828597,0.0065769725,0.5303885,0.01125844,674,952,0,test
0.0026189731,0.0015387555,0.9888263,0.0023721624,0.0016147572,0.0007374198,0.0015150843,0.0007766573,675,1382,0,test
0.0011991728,0.0007090301,0.0014144278,0.0019769848,0.007733498,0.9833067,0.0020546932,0.0016054251,676,554,0,test
0.0025752045,0.0013490126,0.9890261,0.0023191432,0.0017125423,0.00080568786,0.0013261605,0.0008861781,677,536,0,test
0.0026186337,0.0013928072,0.98904,0.002329623,0.0016638224,0.00075438595,0.0014517801,0.00074898684,678,1138,0,test
0.002384978,0.0015093917,0.9892558,0.0023687123,0.0015930993,0.000722773,0.0013319275,0.0008333456,679,1500,0,test
0.0021155747,0.0018017832,0.0054809786,0.0030841199,0.45872125,0.5184237,0.0022608847,0.008111737,680,1186,0,test
0.041501768,0.008032176,0.9313374,0.010031152,0.0031779702,0.0015125193,0.0031666236,0.0012403876,681,1387,0,test
0.0012199996,0.0023668609,0.0006157631,0.0049242615,0.0014148478,0.003741696,0.0020877835,0.9836288,682,1192,0,test
0.0026024517,0.0013946444,0.98908395,0.0023017603,0.0016783641,0.0007427003,0.0014448643,0.00075137796,683,1502,0,test
0.004055307,0.0013853041,0.9871553,0.0025228406,0.0017243036,0.000821806,0.0014596258,0.0008754218,684,164,0,test
0.004781831,0.0013785964,0.9864094,0.0028264835,0.0015480489,0.00077683793,0.0015059382,0.00077293796,685,1215,0,test
0.98535526,0.004389713,0.0026881215,0.0013501837,0.0011174266,0.0011302137,0.0013161162,0.0026530037,686,279,0,test
0.0023155538,0.001401879,0.9893344,0.0024386016,0.0015807647,0.00069516257,0.0014195069,0.00081417564,687,1648,0,test
0.97085416,0.0019848505,0.0085033085,0.0018181585,0.0070493487,0.005736622,0.0027619973,0.0012916913,688,809,0,test
0.98877686,0.00234815,0.0030573239,0.00093290076,0.0010822632,0.0010397141,0.0012477497,0.0015150331,689,607,0,test
0.0024258636,0.001405037,0.9891376,0.0023614299,0.0016335057,0.00075530587,0.0014531845,0.0008280881,690,577,0,test
0.0029603648,0.0012721726,0.98864913,0.0027046225,0.0014855003,0.0007284216,0.0013847483,0.00081506785,691,1461,0,test
0.0028816455,0.0012539584,0.98864377,0.0026142518,0.0016099289,0.00069639063,0.0014935052,0.0008065063,692,1021,0,test
0.00258808,0.0013588188,0.9890749,0.0026324918,0.0015114741,0.0007006126,0.0013204509,0.0008133146,693,1683,0,test
0.0023407955,0.9904772,0.0010458659,0.001318422,0.0014644809,0.0008787565,0.0011002887,0.0013742099,694,1802,1,test
0.98539376,0.004241593,0.002140856,0.0012896089,0.0012260318,0.0014903939,0.0016164215,0.0026012298,695,1998,0,test
0.0028876085,0.0014402437,0.98843735,0.002396047,0.0016760437,0.0008141635,0.0013744815,0.0009739388,696,1493,0,test
0.0025480387,0.0012741075,0.9892713,0.0023643496,0.0016621139,0.0007506116,0.001406186,0.00072327466,697,1491,0,test
0.97201127,0.0028799027,0.018013917,0.0017477014,0.0014089578,0.0010711729,0.0016854343,0.0011815918,698,1481,0,test
0.9855122,0.0033773836,0.0043758745,0.0013136121,0.0011509741,0.0010485206,0.0013535487,0.0018679737,699,41,0,test
0.0029676121,0.0014588366,0.9884162,0.0022949078,0.0017315474,0.0007953072,0.0014181285,0.00091749494,700,1059,0,test
0.98685116,0.0030578598,0.0029291834,0.0010777415,0.0014815076,0.0014118043,0.0014125734,0.0017781937,701,1605,0,test
0.004102444,0.004473533,0.0014386909,0.0020310227,0.001470523,0.005258091,0.9738771,0.007348658,702,839,0,test
0.0013699098,0.0020249537,0.0006346172,0.0027573584,0.001452619,0.005353926,0.002364882,0.9840417,703,588,0,test
0.002538663,0.0014405589,0.9889936,0.0023224324,0.0016735377,0.000768884,0.0015113369,0.0007509912,704,1077,0,test
0.0028620446,0.0014339834,0.98891515,0.0022786458,0.0016410248,0.00074242195,0.0013362142,0.0007904891,705,1770,0,test
0.0014803075,0.0018370531,0.0006540193,0.003436064,0.001207624,0.004397554,0.0024468943,0.9845405,706,1465,1,test
0.003192768,0.0014077966,0.9883936,0.00240244,0.0016473421,0.0007399772,0.0014379347,0.0007781382,707,1584,0,test
0.0033614929,0.0013528825,0.98792666,0.0024935915,0.0016035915,0.0007751674,0.0017054343,0.0007811823,708,1988,0,test
0.0025175961,0.0014028029,0.9890064,0.0024510182,0.0015956442,0.00076362636,0.0014797044,0.0007831706,709,475,0,test
0.34935156,0.005191912,0.5304313,0.010876995,0.07233797,0.021948097,0.0073998887,0.0024623438,710,1359,0,test
0.9885302,0.0024724912,0.0031038616,0.0011650709,0.0009317212,0.00087804336,0.0014081504,0.0015103387,711,270,0,test
0.0023203574,0.0056961966,0.002883642,0.0026432616,0.63427967,0.30742,0.0034865541,0.041270353,712,1898,0,test
0.0025196336,0.98223996,0.001031065,0.00095724565,0.0017527619,0.0013424762,0.007955164,0.0022018363,713,349,0,test
0.005404165,0.019368911,0.013787364,0.036334828,0.04968431,0.13333017,0.0072681676,0.73482203,714,1706,2,test
0.21171843,0.7665268,0.007118403,0.0021520678,0.004746616,0.0018995643,0.0026875613,0.0031505153,715,232,0,test
0.003074833,0.0013890023,0.9883348,0.002574607,0.0016164369,0.00080683565,0.0014174952,0.00078605406,716,530,0,test
0.002782639,0.0013429682,0.988632,0.0026380394,0.0015713907,0.0007489785,0.0014946879,0.0007892204,717,1919,0,test
0.06663508,0.00381211,0.911843,0.009881979,0.0024165532,0.0014209363,0.002562258,0.0014280922,718,1420,0,test
0.0026174472,0.0014122991,0.98902225,0.002423732,0.0016274262,0.0007384563,0.0013753467,0.00078307744,719,204,0,test
0.0027897174,0.001306068,0.98851365,0.002731948,0.0015932187,0.00073226716,0.0016682354,0.00066487706,720,1430,0,test
0.9863869,0.0023709172,0.006425845,0.0012088438,0.0007902839,0.0006148243,0.0012622164,0.0009401264,721,696,0,test
0.9887432,0.002409794,0.0033608275,0.0010510888,0.00094973476,0.0008240488,0.0013293774,0.0013319115,722,1603,0,test
0.0012130155,0.0019955775,0.0024090987,0.0011306397,0.84963477,0.14028005,0.0014911062,0.0018458662,723,58,0,test
0.00077542133,0.0007785513,0.0009935342,0.0011180345,0.014299927,0.9795176,0.0015815434,0.0009352836,724,610,0,test
0.98675853,0.0018265411,0.005640732,0.0012587939,0.0009054486,0.0009107696,0.0014045017,0.0012946887,725,1703,0,test
0.98479503,0.0037021425,0.0044050673,0.0012135449,0.0014914292,0.0012343888,0.0012437564,0.0019147691,726,1470,0,test
0.0025547466,0.001355607,0.98878014,0.002514598,0.0016701664,0.00073512946,0.0015409598,0.00084873795,727,1950,0,test
0.002598308,0.0015635417,0.98886335,0.0022296102,0.0017008136,0.0007974508,0.0013023409,0.00094458513,728,1866,0,test
0.9857188,0.0040226853,0.0028579952,0.0012721433,0.0011788051,0.0011541097,0.0015250515,0.0022704634,729,353,0,test
0.0037680285,0.0013868917,0.9868282,0.0032093578,0.0016403063,0.00078511826,0.0015544179,0.0008277126,730,486,0,test
0.0039785295,0.0012082757,0.98586637,0.004067961,0.001488376,0.0008585936,0.0017267282,0.00080507697,731,830,0,test
0.0028273098,0.0013208626,0.9886825,0.0026177983,0.0015461864,0.00076568755,0.0013642457,0.0008754376,732,1848,0,test
0.0030228952,0.0014147805,0.98875797,0.002505651,0.0015305955,0.00070268096,0.0012296768,0.00083558913,733,1647,0,test
0.32512555,0.650202,0.0059366305,0.0019842647,0.004796177,0.0025551827,0.005741701,0.0036585007,734,709,0,test
0.0023892408,0.9910829,0.0012290059,0.0011335897,0.0017668956,0.00080520654,0.0009428018,0.0006504203,735,1249,0,test
0.0014727351,0.002648697,0.0016481304,0.0030165196,0.069578536,0.85307306,0.0027950376,0.06576725,736,1781,1,test
0.003008568,0.0013777664,0.9885669,0.0023460342,0.0017023114,0.0008024649,0.0014322951,0.00076358655,737,1446,0,test
0.00268268,0.0011668142,0.9890097,0.0026825164,0.0015533707,0.00073069555,0.0014488109,0.0007253872,738,893,0,test
0.025666472,0.0022455195,0.9282477,0.013570407,0.005956252,0.017649937,0.0051770383,0.0014865849,739,116,0,test
0.02045925,0.2073438,0.7410786,0.006668108,0.005594261,0.0017119163,0.015271363,0.0018726288,740,1711,0,test
0.985573,0.0038480887,0.0028766785,0.0011500246,0.0013167103,0.0014736749,0.0014689355,0.0022929325,741,683,0,test
0.0024017382,0.0015702833,0.9892152,0.0023202414,0.001588014,0.00075669284,0.0013292842,0.00081868353,742,1733,0,test
0.0026132672,0.001522821,0.98888797,0.0022918743,0.0016555988,0.0007583025,0.0014625174,0.00080775557,743,503,0,test
0.04091401,0.0054032356,0.9299207,0.013120401,0.0030555413,0.0024272266,0.0037711817,0.001387722,744,1218,0,test
0.003171164,0.0012937436,0.98834014,0.0023537579,0.0016629964,0.0007851028,0.0015574237,0.0008356802,745,494,0,test
0.002609344,0.0013787267,0.98905736,0.002489401,0.0015710955,0.0007616121,0.0013677963,0.0007646003,746,80,0,test
0.9772334,0.0018804,0.008320703,0.0016257497,0.0026385866,0.0042166966,0.0031827022,0.00090166286,747,1613,0,test
0.0026824193,0.0014240122,0.98900455,0.002404309,0.0016193944,0.00076240645,0.0013413804,0.00076167274,748,793,0,test
0.0042182324,0.0013550412,0.986811,0.003012146,0.0015166162,0.0007611367,0.0015225463,0.0008033404,749,1052,0,test
0.004319607,0.0016451654,0.983062,0.004353652,0.0028417248,0.0012769958,0.0018132313,0.0006874565,750,369,0,test
0.001207049,0.0019625046,0.00065285503,0.0033139999,0.0014243533,0.0039876993,0.0022335863,0.98521787,751,1426,0,test
0.9887961,0.0023445594,0.003272011,0.0009778962,0.0010322591,0.0009890643,0.0012706004,0.0013175512,752,1958,0,test
0.9888142,0.0021846697,0.0027355761,0.00091727724,0.0010779232,0.0012630889,0.0018042143,0.001203082,753,83,0,test
0.0013803104,0.0024658046,0.0028591258,0.0009857204,0.93046695,0.05883611,0.0009807071,0.0020252944,754,1723,0,test
0.07608578,0.0038708241,0.8865608,0.021791155,0.0028600264,0.0022268088,0.004320614,0.0022838507,755,650,0,test
0.9846943,0.004093886,0.0034738905,0.0013469646,0.0014133303,0.0013154799,0.0016964105,0.0019657041,756,321,0,test
0.0024018465,0.0012843432,0.9891672,0.00252244,0.0016195419,0.0007489682,0.0015224052,0.00073322246,757,6,0,test
0.003235109,0.0013749527,0.98797125,0.002789167,0.0015617766,0.0007755943,0.0015059704,0.0007861734,758,1385,0,test
0.003164744,0.0013421049,0.988638,0.0023219902,0.0016474887,0.00072494644,0.001458008,0.000702726,759,911,0,test
0.0025698917,0.9907443,0.0010309431,0.001096047,0.0017027475,0.00082845916,0.0013106784,0.000716917,760,1775,0,test
0.0012834368,0.0017277962,0.0006418206,0.0032222287,0.0014200953,0.004643464,0.002199495,0.9848616,761,161,0,test
0.003239729,0.0012797427,0.9882157,0.002559461,0.0016434533,0.0007631319,0.0014997078,0.00079913624,762,1188,0,test
0.0022173764,0.0014375177,0.98864895,0.0030281418,0.0017967925,0.00070433435,0.0012752918,0.0008916357,763,436,0,test
0.0025302481,0.001301617,0.98904735,0.0023556778,0.0017505412,0.0007594836,0.001526783,0.0007283078,764,472,0,test
0.7828637,0.006043634,0.19234312,0.0072749187,0.0033893501,0.0022464579,0.003819914,0.0020189383,765,1865,1,test
0.9789105,0.0051959576,0.0074391156,0.0016373086,0.0011815494,0.0010677795,0.0016332314,0.0029345504,766,279,1,test
0.98807204,0.0031570606,0.0025481107,0.0010368205,0.001197193,0.0010166144,0.0013223384,0.0016498236,767,1096,0,test
0.979776,0.0051946407,0.0061092884,0.0011562039,0.001807709,0.0018255436,0.0019681135,0.0021624807,768,86,0,test
0.0028538704,0.0012920436,0.98871607,0.0025155107,0.0016110134,0.0007521945,0.0014361469,0.0008230681,769,1409,0,test
0.0029465423,0.0014204975,0.98833907,0.0023809148,0.0017221944,0.0007799374,0.0015669607,0.0008438677,770,1499,0,test
0.002607774,0.0014893548,0.98879224,0.0024157478,0.0015878861,0.00074655993,0.0015476608,0.0008126581,771,1797,0,test
0.005565672,0.0013444723,0.9844578,0.0035611638,0.0017055061,0.0008184695,0.0017336587,0.000813243,772,877,0,test
0.0021429795,0.9902755,0.0014042829,0.0014388697,0.0022680236,0.0007915433,0.00096153386,0.00071732065,773,1746,0,test
0.0026130278,0.0014443797,0.9889936,0.0023845315,0.0015933304,0.0007267786,0.0014493071,0.0007950337,774,874,0,test
0.002296775,0.001560909,0.001117092,0.0046605687,0.0019529428,0.023337126,0.0062245186,0.95885,775,1949,0,test
0.73207414,0.24394077,0.006181021,0.0022427812,0.004591,0.0027548154,0.0035396218,0.004675755,776,1237,0,test
0.0026780157,0.001335844,0.9888967,0.002507243,0.0015930892,0.00072882464,0.0014526526,0.0008075262,777,1842,0,test
0.9833086,0.002549301,0.0070729377,0.0012217923,0.0013947239,0.0010540537,0.0023271197,0.0010715085,778,1149,0,test
0.0031554415,0.0012821329,0.98827714,0.0027131448,0.001564419,0.00078295736,0.0014114921,0.00081319315,779,1697,0,test
0.0033414904,0.0013171402,0.98772997,0.0029860844,0.0016307207,0.0007190772,0.0014396235,0.0008359352,780,319,0,test
0.0019566985,0.9906132,0.0012920301,0.0014668726,0.0022630563,0.0008245035,0.0008969712,0.0006866434,781,1184,0,test
0.002780405,0.0013812616,0.9886827,0.002603991,0.0015439831,0.0007401124,0.0014345265,0.00083307124,782,427,0,test
0.0033916014,0.0012454257,0.9881435,0.0026087335,0.0015925075,0.0007024999,0.0015188018,0.0007969766,783,1332,0,test
0.0031885717,0.0012102223,0.98826015,0.0026036045,0.0016694019,0.0007613899,0.0015906828,0.0007159185,784,847,0,test
0.0010755068,0.00073553616,0.0012568147,0.0015273889,0.0073857903,0.98450077,0.0021644945,0.0013537628,785,1918,0,test
0.0039310083,0.0012642046,0.98685503,0.0032827926,0.0014849454,0.0007917402,0.00155836,0.0008319247,786,339,0,test
0.981059,0.00676526,0.0026133568,0.0016855014,0.0015342531,0.0017043275,0.0016328233,0.0030054478,787,963,0,test
0.989205,0.0023289842,0.0029393793,0.0010824727,0.0009786191,0.0007687394,0.0013713923,0.0013253926,788,174,0,test
0.98852414,0.002766736,0.0030117633,0.0010298471,0.0009952682,0.0008945108,0.0014357703,0.001341887,789,1282,0,test
0.0013983769,0.002230063,0.0021101756,0.0011012338,0.8414614,0.14733502,0.0013716156,0.0029921234,790,1003,0,test
0.0011729666,0.0028221854,0.001945987,0.0015300156,0.6246257,0.36258823,0.0019186347,0.0033962997,791,85,0,test
0.0020836806,0.9902491,0.0015075314,0.0017108623,0.0019389817,0.0008518357,0.0008725256,0.0007855037,792,1451,1,test
0.0032672265,0.0014766146,0.987929,0.002831494,0.0015071266,0.0007448273,0.0013982912,0.0008453017,793,1952,0,test
0.98334795,0.0052490877,0.0025327846,0.0012158038,0.0015055103,0.0016058226,0.0016003646,0.0029427072,794,442,0,test
0.98729694,0.003323002,0.0024290895,0.0011278881,0.0010848257,0.0012147451,0.0014452451,0.002078397,795,752,0,test
0.988405,0.0023748088,0.0034305986,0.0010402878,0.0010041429,0.00089685264,0.0015008186,0.001347501,796,1878,0,test
0.003014584,0.0013422136,0.9881769,0.0027852068,0.0016333343,0.00074973016,0.0014850986,0.00081293273,797,54,0,test
0.0026082913,0.0014692937,0.98898005,0.0023767478,0.0015716081,0.0007391491,0.0014838534,0.0007710989,798,1546,0,test
0.9875613,0.0031355955,0.002582587,0.0012738352,0.0010032789,0.0010232445,0.0013751682,0.0020451127,799,622,0,test
0.0029499053,0.0014009471,0.9886517,0.0023802202,0.0016640602,0.0007410166,0.0013763177,0.00083583244,800,655,0,test
0.0023949475,0.99057823,0.0013076725,0.0013153726,0.0019896266,0.0007684869,0.00095982203,0.00068588945,801,217,0,test
0.89146924,0.0039235214,0.08987467,0.005699673,0.0016403627,0.0014743995,0.003337583,0.0025804606,802,111,0,test
0.0035550767,0.0013979916,0.9876245,0.002858072,0.0015529802,0.0007686424,0.0014575543,0.0007852536,803,1368,0,test
0.9831728,0.004706647,0.003917293,0.0012210993,0.001991443,0.0016944951,0.0015190654,0.0017772694,804,1675,0,test
0.47872078,0.4958394,0.0057450947,0.0022151035,0.005005308,0.0032537342,0.0041666552,0.005053875,805,1040,1,test
0.0034908897,0.0012394384,0.98744875,0.0030505352,0.0016783512,0.00085377216,0.0014384458,0.000799785,806,171,0,test
0.98854405,0.0025498301,0.0034754297,0.0010079619,0.0009851197,0.0008941685,0.0012713363,0.0012720798,807,1119,0,test
0.98650616,0.0030615025,0.0034907097,0.0013566244,0.0010728913,0.0011026838,0.0013046884,0.0021047487,808,568,0,test
0.9842041,0.0019232299,0.008051662,0.0014754947,0.000985315,0.0007965525,0.0013922235,0.0011714041,809,888,0,test
0.0026771007,0.0012844974,0.988938,0.0025803607,0.001568534,0.00074660586,0.0014783918,0.00072662823,810,1602,0,test
0.9190017,0.06348811,0.006217953,0.0014340681,0.0029448604,0.002164677,0.0023979363,0.0023506493,811,18,0,test
0.98195165,0.0058605047,0.002018286,0.0012532102,0.0017869932,0.0018135718,0.0021382624,0.0031774282,812,409,0,test
0.9814658,0.005802995,0.005362938,0.001367209,0.0014690816,0.00135093,0.0016414019,0.0015396974,813,1381,0,test
0.0033419118,0.0012118964,0.98757905,0.0029644088,0.0017118249,0.0007973878,0.0015821499,0.0008113731,814,278,0,test
0.0028732936,0.0014365969,0.98893857,0.0024366474,0.0015126407,0.00072600314,0.001298639,0.0007776627,815,1626,0,test
0.9876315,0.002234783,0.0052514574,0.00095652515,0.00095879426,0.00073808315,0.0013800187,0.0008488097,816,414,0,test
0.98864436,0.0023719408,0.00355621,0.0009451432,0.00084067625,0.00082588487,0.0012310902,0.0015847383,817,1553,0,test
0.0026995225,0.0013344999,0.9890456,0.002548269,0.0014875429,0.00071144855,0.0013900663,0.0007829604,818,1137,0,test
0.002869825,0.0012132567,0.9886037,0.0025806907,0.001632297,0.0007665562,0.0015244253,0.00080926646,819,647,0,test
0.0025878754,0.0014326724,0.9890287,0.0022430662,0.0016377369,0.00076484063,0.0013948609,0.0009102474,820,31,0,test
0.0022854055,0.0021854325,0.005295841,0.0010707482,0.9509578,0.03559909,0.0010474601,0.0015582258,821,1011,1,test
0.0028292567,0.0013123448,0.98884344,0.0024471867,0.0016606973,0.0007094675,0.00146576,0.00073199015,822,698,0,test
0.0032876015,0.0012009164,0.98810613,0.0025449407,0.0016679761,0.0008138278,0.0016022209,0.00077640027,823,1407,0,test
0.07761007,0.0050464976,0.8807878,0.02159551,0.0038785113,0.0027441534,0.0057993694,0.002538071,824,210,0,test
0.0023214775,0.0013735469,0.9893477,0.00240191,0.0016436765,0.00073547073,0.0013478276,0.0008284275,825,1914,0,test
0.0004925267,0.001082144,0.0011036079,0.0009965256,0.06018002,0.93326336,0.0013994058,0.0014824695,826,1334,0,test
0.0062111146,0.0028245088,0.003638652,0.0043857065,0.00096827716,0.0031653943,0.97527516,0.0035311598,827,866,0,test
0.9877556,0.0032469193,0.0024215595,0.0011644909,0.0010733131,0.0010796672,0.0013229881,0.0019355025,828,318,0,test
0.98784536,0.0018350156,0.0032766052,0.0010457739,0.0015190836,0.0015491166,0.0016090476,0.0013200097,829,539,0,test
0.0015409247,0.0008232332,0.0018312015,0.0020697166,0.00752217,0.9821769,0.0026689067,0.0013669129,830,1145,0,test
0.47872078,0.4958394,0.0057450947,0.0022151035,0.005005308,0.0032537342,0.0041666552,0.005053875,831,677,1,test
0.0020690726,0.99058527,0.0013095917,0.0013564476,0.0021401036,0.00079922605,0.0010135908,0.00072676345,832,819,0,test
0.0028139034,0.0013109366,0.0028910004,0.0031495146,0.005924584,0.97681135,0.0052301744,0.0018684741,833,1474,0,test
0.002659114,0.0013985345,0.98919743,0.0023506174,0.001508935,0.0007207935,0.0013776284,0.0007869319,834,333,0,test
0.0025944887,0.0014334893,0.9891067,0.0022395656,0.0016768484,0.0007587885,0.0014221452,0.00076797453,835,608,0,test
0.98494315,0.0021441989,0.006502196,0.0014617828,0.0010010402,0.0009712074,0.0012959037,0.0016805575,836,144,0,test
0.0023540638,0.0014501258,0.98927116,0.0023089913,0.0016137714,0.00074083195,0.0014728559,0.00078816456,837,1227,0,test
0.0029231617,0.003020629,0.9870449,0.0020799262,0.0017438658,0.00075496675,0.0016788957,0.00075369456,838,350,0,test
0.9849148,0.0032141437,0.003601339,0.0015558896,0.0011599847,0.0013006183,0.0018150936,0.002438079,839,82,0,test
0.98657703,0.0034740113,0.0030156665,0.0012486645,0.0012254062,0.0011423078,0.001720433,0.0015965013,840,48,0,test
0.0038360937,0.0014193893,0.9876829,0.002466177,0.0015461898,0.00070490205,0.0015570109,0.0007873041,841,451,0,test
0.9885075,0.0024980002,0.002682075,0.0011498594,0.001069458,0.0009854097,0.0014479808,0.001659704,842,152,0,test
0.0029348112,0.0012510502,0.988577,0.0028402568,0.0014546005,0.00072858867,0.0013737899,0.0008398149,843,902,0,test
0.0028255982,0.0012916819,0.98890465,0.002512709,0.001547295,0.0007257772,0.0014144946,0.00077783514,844,1064,0,test
0.0036009308,0.0013769858,0.98767614,0.0030548202,0.0014902886,0.0006629663,0.0014347186,0.00070321833,845,1243,0,test
0.9848941,0.002809855,0.005611321,0.0014134493,0.0011426354,0.0010448942,0.0013909632,0.0016927819,846,1445,0,test
0.0010161644,0.002056502,0.001452676,0.0012227393,0.3284794,0.6618204,0.0016232781,0.0023289034,847,1401,0,test
0.0038276382,0.0013072406,0.9871595,0.0030648801,0.0016194192,0.00074001524,0.0014673333,0.00081397215,848,1674,0,test
0.0013185262,0.0017990057,0.0006390449,0.003194218,0.001427417,0.0051829107,0.0021014663,0.9843375,849,482,0,test
0.98645914,0.0035546732,0.0027926732,0.0012587456,0.0011670797,0.0011751192,0.0013411838,0.0022513487,850,1809,0,test
0.0032081357,0.0013477367,0.98818856,0.0027438714,0.0015496784,0.0007394262,0.0014217427,0.0008009416,851,176,0,test
0.0029697847,0.0013686724,0.988746,0.0024756843,0.0015263853,0.00074016966,0.0013741386,0.00079920795,852,1080,0,test
0.0019089835,0.99097425,0.0011845616,0.0013703199,0.0020894255,0.00081983046,0.0009464968,0.00070607336,853,1801,0,test
0.0668336,0.0033985344,0.9034136,0.0156226475,0.003729719,0.0018944975,0.0035351422,0.0015722737,854,1295,0,test
0.0028935932,0.0013083576,0.98858213,0.0026904347,0.0015728879,0.0007407309,0.0013434468,0.0008683421,855,962,0,test
0.0025701057,0.0012437546,0.98876196,0.002889842,0.0016056545,0.0007500964,0.0014061874,0.0007723495,856,1187,0,test
0.0019337384,0.0016383276,0.0018978787,0.0018557877,0.0009730502,0.0017586466,0.98816574,0.00177684,857,1664,0,test
0.0035280117,0.0014661539,0.9874795,0.0029555429,0.0015697287,0.0007187098,0.0013960924,0.0008862474,858,509,0,test
0.0042001647,0.98910856,0.0015232726,0.0010651802,0.0016010819,0.0007397932,0.0010035968,0.0007582691,859,337,1,test
0.038374286,0.003120039,0.9337641,0.014846836,0.0034348082,0.0017458474,0.003090632,0.0016234528,860,1974,0,test
0.98886824,0.0024488242,0.0033557864,0.0010455193,0.0008399858,0.0007936801,0.0012979512,0.0013499736,861,1989,0,test
0.002717417,0.0014559823,0.9889498,0.0023579143,0.0015992348,0.00070482213,0.0014204558,0.0007943816,862,1006,0,test
0.019362193,0.005023428,0.007832174,0.0051773996,0.08461345,0.8405497,0.00855753,0.028884118,863,373,1,test
0.98739094,0.0020564662,0.004897537,0.0012934043,0.0008203283,0.00082751433,0.0014342181,0.0012795785,864,933,0,test
0.0030565015,0.0012997673,0.9881194,0.0027018832,0.0016633498,0.0007780729,0.0015393341,0.00084176054,865,1048,0,test
0.0034053463,0.0014470374,0.98752207,0.0026953423,0.0017971621,0.00084144267,0.0013964288,0.0008951803,866,580,0,test
0.002704073,0.99080396,0.0012693058,0.0012360241,0.0015639247,0.00077066734,0.00091060594,0.000741456,867,1082,0,test
0.0029031357,0.001346238,0.9888158,0.002490727,0.0015656002,0.00075674447,0.0013385451,0.0007832026,868,239,0,test
0.00551768,0.0015076719,0.9852069,0.0031881928,0.0015708727,0.00067977095,0.0015920233,0.0007369283,869,982,0,test
0.008209839,0.012835083,0.0024112288,0.00774015,0.0034000678,0.01672941,0.11092594,0.8377483,870,777,0,test
0.0028946032,0.0013123363,0.988674,0.0025353534,0.0016869184,0.00070921064,0.0014465882,0.0007409523,871,1100,0,test
0.0037708115,0.0035197255,0.9854173,0.0023628753,0.0018239463,0.0006917996,0.0016363118,0.0007771483,872,1519,0,test
0.0025107474,0.0013740505,0.9890938,0.002594091,0.0015502594,0.0007212876,0.0014075906,0.0007481919,873,304,0,test
0.9624378,0.003008384,0.021987392,0.0041355933,0.0012106873,0.0011401225,0.0047253817,0.0013545799,874,420,0,test
0.0016160449,0.0016705818,0.00105032,0.004077463,0.004110009,0.03776831,0.0032865698,0.94642067,875,1951,0,test
0.00266444,0.0014276057,0.98898065,0.0023787129,0.0016904415,0.000723119,0.0013670858,0.0007679865,876,133,0,test
0.0025208143,0.0013770092,0.9892452,0.002560205,0.0015110952,0.00065432413,0.0012897138,0.00084155425,877,300,0,test
0.8998532,0.003931478,0.08274112,0.005114092,0.0023212412,0.0016317047,0.0025781777,0.0018289605,878,415,1,test
0.0028953517,0.0012577489,0.9888269,0.002560917,0.0015549895,0.000707558,0.0014278628,0.00076873315,879,638,0,test
0.46723974,0.05858628,0.025510022,0.15630944,0.005194038,0.047609102,0.0440925,0.19545893,880,359,1,test
0.0028258695,0.0012523598,0.9887496,0.002822959,0.0014628478,0.0007140149,0.0013277833,0.00084451376,881,545,0,test
0.98204494,0.0030277118,0.0073824176,0.001499373,0.0013539881,0.0012924719,0.0017759308,0.0016231897,882,1855,0,test
0.9443605,0.0029110468,0.042291146,0.003402464,0.0020695073,0.0014004841,0.0024555118,0.0011093527,883,1225,0,test
0.9875995,0.00291624,0.0032361685,0.0011840924,0.0010107988,0.0010317845,0.0013375906,0.0016838409,884,799,0,test
0.98424375,0.004484486,0.0028796915,0.0012360713,0.0014025458,0.0014805341,0.0016021203,0.0026707863,885,178,0,test
0.0032475383,0.0032027,0.005815002,0.00285476,0.15957482,0.8172066,0.0022768034,0.005821753,886,1749,1,test
0.9882676,0.0026982646,0.0035549174,0.00092335755,0.0010723016,0.0009452155,0.0014100948,0.0011282698,887,600,0,test
0.9884166,0.0030224305,0.003052221,0.0010279196,0.00097449025,0.0008307077,0.0012920594,0.0013835599,888,1254,0,test
0.0006556795,0.0007037109,0.0008400137,0.0012136924,0.009302863,0.98463523,0.0013408071,0.0013080648,889,1244,0,test
0.0013466195,0.00216582,0.0019037034,0.0013374033,0.5251484,0.46303982,0.0016102382,0.0034479373,890,1781,0,test
0.0024258196,0.0014916385,0.9892503,0.002342826,0.0016054887,0.0006824316,0.0013811823,0.00082026783,891,788,0,test
0.01592233,0.0024764636,0.9575056,0.015640296,0.0025354936,0.0014831579,0.002814869,0.0016217311,892,1996,0,test
0.002841575,0.0015076293,0.98839474,0.002393177,0.0017440747,0.0008055361,0.0013155916,0.0009975933,893,1891,0,test
0.98590416,0.0036334228,0.0029235368,0.0011204261,0.0013972542,0.0014548397,0.0013316993,0.002234621,894,753,0,test
0.0010520865,0.0006213965,0.0012462754,0.0017606879,0.011738815,0.9791326,0.0018795319,0.0025685586,895,1696,0,test
0.9856215,0.0022157005,0.006743801,0.0011843514,0.0009960254,0.00076488586,0.0014624703,0.001011277,896,288,0,test
0.035628133,0.0032114424,0.9441944,0.008720581,0.0025194632,0.0012103657,0.003317392,0.0011981894,897,1313,0,test
0.98783946,0.002902588,0.0029649825,0.0009147602,0.0011302785,0.0011308711,0.0012560142,0.0018611576,898,445,1,test
0.00311666,0.0011349164,0.98794854,0.0030083165,0.0016064342,0.0007653279,0.001639367,0.0007804947,899,1341,0,test
0.9855198,0.003895287,0.0038360115,0.0012273527,0.00119373,0.0011217704,0.0015705036,0.0016354102,900,1206,0,test
0.0030685416,0.001334846,0.98779094,0.003155309,0.0015958756,0.0007267603,0.0014180887,0.00090963906,901,366,0,test
0.0011221052,0.0020462824,0.0023073845,0.0011056353,0.9286004,0.06179754,0.0012533756,0.0017673178,902,773,0,test
0.2206546,0.0058958447,0.7372945,0.020340059,0.004262096,0.0028182503,0.0059929183,0.002741719,903,1135,1,test
0.0010271665,0.0007932828,0.0012758538,0.0014693469,0.00982562,0.9826674,0.0018580923,0.0010832022,904,103,1,test
0.9857495,0.0039144107,0.0025014316,0.0012032008,0.0015772666,0.0014332794,0.0013950154,0.0022260067,905,123,0,test
0.0021780063,0.0013728788,0.9894838,0.0024369564,0.0016379834,0.0007171772,0.0013783334,0.000794961,906,992,0,test
0.98486286,0.0034476307,0.0054567233,0.0011993966,0.0011582667,0.0010226645,0.0013079136,0.0015444558,907,1888,0,test
0.0027478728,0.0013656621,0.98883384,0.0024857665,0.0016172609,0.00079451245,0.0013657011,0.0007893337,908,861,0,test
0.0025341036,0.99101406,0.0010904663,0.0009938282,0.0012740166,0.00074877316,0.0014070065,0.0009377628,909,1468,0,test
0.0024596914,0.0013058198,0.989364,0.0024683613,0.0015756722,0.00076683925,0.001293844,0.0007657836,910,919,0,test
0.0023960178,0.0012409658,0.9894952,0.0024751846,0.0016128274,0.0007283687,0.0013086428,0.0007427211,911,346,0,test
0.0013343018,0.0017878957,0.0006378672,0.004981147,0.0012740851,0.004656971,0.0022278726,0.9830998,912,1661,0,test
0.9883106,0.0023673642,0.0034708465,0.0012308683,0.00075733516,0.00085411355,0.0014629046,0.0015460328,913,660,0,test
0.0024474335,0.0013945227,0.98918974,0.002389698,0.0016260471,0.00076592114,0.0013929332,0.000793789,914,1751,0,test
0.0024123911,0.01851612,0.008127623,0.00788241,0.26851317,0.6722536,0.00514184,0.017152805,915,1094,1,test
0.0030401465,0.0013233947,0.98861057,0.0024203747,0.0016315505,0.00071496173,0.0015474111,0.00071153796,916,956,0,test
0.9876851,0.0023235793,0.0035308145,0.0011846152,0.0011411231,0.0012016789,0.0015103929,0.0014226388,917,205,0,test
0.987966,0.0018537935,0.0050271736,0.0010146806,0.00090319023,0.0007744966,0.0012261658,0.0012344918,918,1679,0,test
0.0034664057,0.0012382154,0.98789644,0.0027689058,0.0016442783,0.00071294315,0.0015816572,0.0006911584,919,137,0,test
0.001131011,0.00177457,0.00065212493,0.003152639,0.0016091963,0.005721451,0.0019983016,0.98396075,920,1480,0,test
0.0029885399,0.0012410487,0.98871136,0.00255882,0.0015718638,0.00072382455,0.001422244,0.00078233384,921,1377,0,test
0.0031683573,0.0013612402,0.98829156,0.0028861884,0.0014850402,0.0006746835,0.0013863585,0.000746577,922,1619,0,test
0.002975412,0.0012262062,0.9885943,0.0027984816,0.0015468729,0.00069712516,0.0013638041,0.0007978586,923,1617,0,test
0.0025112226,0.0015084142,0.98909515,0.0023175364,0.001591789,0.0007423196,0.0014462166,0.000787376,924,1821,0,test
0.0017960374,0.0021815165,0.00500048,0.000988028,0.9592195,0.028640008,0.00086115015,0.0013132818,925,1882,0,test
0.0009916123,0.00064329937,0.0011723965,0.0024425415,0.010738932,0.96904516,0.0015944134,0.013371686,926,1706,1,test
0.97511137,0.0026418322,0.015152802,0.0017259783,0.0013017909,0.0011046028,0.0016407422,0.0013208644,927,688,0,test
0.9732301,0.0056352853,0.0038330688,0.0037149405,0.0014068825,0.001672823,0.0067412453,0.0037656396,928,1303,0,test
0.003714259,0.001337519,0.9876474,0.002879105,0.001483069,0.0006749357,0.0015201371,0.0007435386,929,949,0,test
0.001035722,0.0020709678,0.0030879616,0.001007285,0.9287987,0.061227705,0.0012538704,0.0015178187,930,1726,0,test
0.0024734952,0.0013918375,0.9891802,0.002393703,0.0016500554,0.00074094965,0.0013664438,0.0008033067,931,936,0,test
0.0024546038,0.0013299844,0.98920876,0.0025055925,0.0015677429,0.00073897035,0.0014229377,0.00077133015,932,973,0,test
0.0031797464,0.001233119,0.9881356,0.0028130214,0.0015712931,0.00075452344,0.0014723766,0.0008404536,933,10,0,test
0.988917,0.0018449544,0.0029525154,0.0011777438,0.0011368066,0.0009997198,0.0015642671,0.0014070384,934,1739,0,test
0.9554158,0.003440133,0.02859175,0.0023354753,0.0025795486,0.0034532303,0.0030317232,0.0011522431,935,1156,0,test
0.982094,0.0038836533,0.006245475,0.0014577128,0.0016889684,0.0013949819,0.0015736034,0.0016616278,936,275,0,test
0.0024900497,0.0012320628,0.9892457,0.0024747786,0.0015833614,0.00076641055,0.00147121,0.00073625037,937,785,0,test
0.0033520558,0.9844126,0.0010220722,0.0010148749,0.0019010849,0.0019617593,0.0025199528,0.0038156023,938,1124,0,test
0.9861981,0.0032031746,0.0034538591,0.0010157824,0.0016931233,0.0015157964,0.0013454183,0.001574699,939,283,0,test
0.004403589,0.0013680337,0.98630595,0.0032852523,0.001518598,0.00076048926,0.0015091681,0.0008488617,940,903,0,test
0.0025504234,0.0014996404,0.98884004,0.0023421282,0.0016534072,0.00076273555,0.0015503763,0.0008013004,941,730,0,test
0.988139,0.0027270538,0.0034639514,0.0010625151,0.00105919,0.0008774586,0.0012487506,0.0014221019,942,605,0,test
0.98454833,0.003627594,0.0048978757,0.0011810078,0.0014053682,0.0012065129,0.0014193546,0.0017140264,943,1147,0,test
0.0027942108,0.0013593436,0.98891675,0.0024959631,0.0015488059,0.00071703596,0.0013793787,0.00078848907,944,946,0,test
0.0030498048,0.001341854,0.9884294,0.0026002757,0.001596442,0.00076868956,0.0014220392,0.00079132174,945,126,0,test
0.9879583,0.0023191217,0.0040995115,0.0011092557,0.0008413212,0.00086079305,0.0013614607,0.0014502067,946,1773,0,test
0.0032007,0.0012978942,0.9876368,0.0032399038,0.0015289926,0.0007771788,0.0015268936,0.00079163484,947,817,0,test
0.0028356768,0.0013014819,0.9886141,0.0025646486,0.0016282982,0.000799325,0.0014534838,0.0008030392,948,315,0,test
0.9792197,0.0021482965,0.005947282,0.0012392587,0.0025326351,0.004598632,0.0023705899,0.0019436275,949,1123,0,test
0.66994804,0.30482858,0.010121945,0.002670284,0.0040893466,0.0020856801,0.0030845364,0.0031715124,950,1658,0,test
0.015297028,0.0024279344,0.9671934,0.008830718,0.0025094026,0.0011966006,0.0016919594,0.000852884,951,1018,0,test
0.0011254702,0.001837962,0.0026910657,0.0014131953,0.7956335,0.19356143,0.0014001592,0.002337278,952,1916,0,test
0.0027599826,0.0014027379,0.9888088,0.0023727778,0.0016497002,0.0007546718,0.001495477,0.0007557979,953,1729,0,test
0.00324219,0.0013837863,0.98779804,0.002797632,0.0017263684,0.0007728061,0.0014429955,0.00083626073,954,957,0,test
0.9866774,0.0035044458,0.0026002873,0.0011717395,0.0012512885,0.0012982034,0.0013565947,0.0021400705,955,673,0,test
0.0029140806,0.0014070282,0.9885845,0.0024543863,0.0016514673,0.000772662,0.0013780287,0.0008378553,956,1375,0,test
0.9871272,0.0022022547,0.0053361882,0.0012332237,0.0008961875,0.0008542054,0.0014682323,0.0008824635,957,211,0,test
0.002961648,0.0012689868,0.98864764,0.0026658734,0.001496239,0.00072803156,0.0014554216,0.0007761653,958,1126,0,test
0.0029428364,0.0013153036,0.98871744,0.0025881454,0.0015196288,0.0007506455,0.0013794368,0.00078650133,959,1075,0,test
0.98755336,0.0025655422,0.0026661104,0.0011422507,0.0012984115,0.0015112237,0.0014864265,0.0017767213,960,1298,0,test
0.0036594053,0.0013385541,0.98787504,0.0023676269,0.0017345898,0.0007477962,0.001510996,0.0007659839,961,155,0,test
0.0030233422,0.0011545584,0.9879154,0.0027634453,0.0017944461,0.0008691835,0.0017402489,0.00073934125,962,1980,0,test
0.0072427606,0.0017271517,0.9802531,0.005459688,0.0014698217,0.00090858265,0.0018347749,0.0011041785,963,1092,0,test
0.0011612108,0.0022085668,0.0021797998,0.0016952329,0.530834,0.4576815,0.0018727218,0.0023669212,964,1045,0,test
0.0025063066,0.0013384547,0.98924166,0.0023451026,0.0016066657,0.00075228297,0.0014451519,0.0007643501,965,1285,0,test
0.0013099719,0.0017221696,0.0007550114,0.0033671672,0.0013215771,0.0052062334,0.0021085879,0.9842093,966,815,0,test
0.001726108,0.004466743,0.0025321478,0.0024408347,0.43849644,0.5254073,0.002472717,0.022457669,967,613,0,test
0.0028213155,0.0012535532,0.98852974,0.002807228,0.0015343169,0.00075139495,0.001512658,0.00078985025,968,497,0,test
0.0058050663,0.0019147962,0.98235786,0.0051643914,0.001665692,0.00082063646,0.0015255002,0.00074605836,969,1912,0,test
0.002917592,0.0014699836,0.98860735,0.002386398,0.0015555756,0.00072633434,0.0015194321,0.0008173931,970,1563,0,test
0.0030397857,0.0015408603,0.98839474,0.0023738672,0.0016317606,0.00076760177,0.0013285998,0.0009227096,971,576,0,test
0.98853815,0.0026094844,0.0028754713,0.0010737972,0.0010507014,0.0010395786,0.0013147421,0.0014980948,972,192,0,test
0.002689618,0.0013520825,0.9888992,0.0025279745,0.0015518543,0.0007486171,0.0014252735,0.0008055656,973,1689,0,test
0.0034436581,0.0013230785,0.98798895,0.0028168852,0.0014750466,0.0007210886,0.001451796,0.0007794302,974,954,0,test
0.62890536,0.0056109983,0.34187067,0.011030014,0.0046038334,0.00213605,0.00358524,0.002257889,975,921,0,test
0.002451804,0.0013850462,0.98909914,0.0023023882,0.0016997198,0.0007692617,0.0015231745,0.00076952804,976,396,0,test
0.002943526,0.0013452552,0.98862606,0.002586696,0.0014953996,0.0007326037,0.0014529221,0.00081754697,977,95,0,test
0.9737908,0.0077893827,0.006672477,0.001992254,0.0016594155,0.0018868893,0.0028239295,0.003384814,978,425,0,test
0.0024098374,0.0015496131,0.98897654,0.0024325189,0.0016640752,0.0007559334,0.0012522137,0.00095932203,979,528,0,test
0.9884085,0.0026061167,0.0029673355,0.00085501856,0.0010854192,0.0010185922,0.0018363998,0.0012226447,980,153,0,test
0.0020429844,0.9912088,0.0010982896,0.0011110634,0.0017404262,0.0009493129,0.0009494641,0.00089966017,981,405,0,test
0.034537148,0.0033363835,0.9344679,0.018462747,0.0027630958,0.0016265174,0.003119609,0.0016866394,982,894,0,test
0.002464387,0.0014106275,0.9892229,0.0024539414,0.0015449614,0.0007335697,0.0014389916,0.0007306927,983,1851,0,test
0.0027837483,0.0012745304,0.9889214,0.0026159836,0.0015113645,0.000722749,0.0013697157,0.00080045476,984,459,0,test
0.003216967,0.0013289485,0.98666775,0.0036125637,0.0016129181,0.00091620476,0.0017544472,0.00089030404,985,1907,0,test
0.005959427,0.0013809509,0.984354,0.0033415442,0.0017771068,0.0008663112,0.0015322665,0.00078834355,986,646,0,test
0.003066337,0.0013891535,0.98786795,0.002977891,0.0015982563,0.0007466627,0.0014836026,0.0008701453,987,1349,0,test
0.005022501,0.9880527,0.0021375637,0.0012583466,0.0014031581,0.0006433953,0.0009352388,0.0005472246,988,1924,0,test
0.9862833,0.0033337448,0.003978241,0.00100672,0.0014757182,0.0012059576,0.0014823617,0.0012339393,989,1810,0,test
0.98428,0.003681026,0.0026381058,0.0012435572,0.001880103,0.0019389405,0.0018417017,0.0024965664,990,432,0,test
0.005033405,0.9863505,0.0010175979,0.00090019125,0.0018876808,0.0010389411,0.0025685916,0.001203112,991,532,0,test
0.0031802463,0.0014499571,0.9882929,0.0024360344,0.0016350161,0.00076395785,0.0014993745,0.0007425303,992,1278,0,test
0.0032788184,0.0013307872,0.98767346,0.0029040799,0.0016744058,0.00078448677,0.0015075582,0.0008464187,993,175,0,test
0.0033330743,0.0013639198,0.9879799,0.0025787093,0.0016062653,0.0007959423,0.0016186913,0.00072357425,994,377,0,test
0.9881296,0.0024526347,0.0031398097,0.0010096655,0.0011807835,0.0012210571,0.0012435853,0.001622918,995,557,0,test
0.9882181,0.002565851,0.0035221486,0.0011131855,0.0008591656,0.000857093,0.0014302728,0.001434225,996,1318,0,test
0.05830127,0.92132777,0.009579186,0.0017470752,0.003446061,0.0021550127,0.0018344774,0.0016092571,997,1750,0,test
0.0035033554,0.0013243256,0.98800194,0.0025319178,0.0015985351,0.0007230345,0.0015982713,0.000718616,998,969,0,test
0.0026928033,0.0011978429,0.98911524,0.0025691772,0.001600543,0.00073008286,0.001388122,0.00070615596,999,1324,0,test
0.0016897165,0.0022032824,0.0008391102,0.004168916,0.0013347395,0.0049007824,0.0026764367,0.98218703,1000,1191,0,test
0.0031973564,0.0015671187,0.98809195,0.0025991672,0.0017367643,0.00071514427,0.0013508139,0.0007417487,1001,1690,0,test
0.002275357,0.990027,0.0010726905,0.0013071591,0.0017426253,0.0011177397,0.0010422226,0.0014150463,1002,1808,1,test
0.0025771973,0.0013920921,0.9889187,0.002333818,0.001654524,0.0007742383,0.001560361,0.0007890184,1003,795,0,test
0.9856229,0.0019959747,0.0069904393,0.0010232746,0.0010800058,0.0008230229,0.0014814525,0.0009828646,1004,943,0,test
0.9839348,0.002566445,0.0073270146,0.0012637274,0.0012274988,0.001068805,0.0016666008,0.00094510795,1005,1594,0,test
0.9855576,0.0020386649,0.006710517,0.0013578526,0.0010176636,0.0008264813,0.0013308561,0.0011604198,1006,1874,0,test
0.98775625,0.0027762754,0.0028447309,0.0012912381,0.0010678266,0.0010877361,0.0014181869,0.0017577434,1007,975,0,test
0.0017998227,0.0017078196,0.0010397454,0.0012440719,0.001057537,0.0019776386,0.98870534,0.0024680004,1008,1033,0,test
0.0024967508,0.0013310798,0.98905665,0.0024833349,0.0016411698,0.00077846274,0.0013593493,0.0008532769,1009,1081,0,test
0.9874085,0.0027277432,0.0037549636,0.0011232215,0.00097442005,0.0009991291,0.0015947024,0.0014172334,1010,642,0,test
0.002624209,0.0013254592,0.98900807,0.0024528424,0.0016410187,0.0007638916,0.0013909392,0.0007935467,1011,1547,0,test
0.002606798,0.0014489761,0.9889649,0.0023520403,0.0016754988,0.00072707125,0.0014885964,0.00073607895,1012,139,0,test
0.98516107,0.004452403,0.0020801125,0.0014323478,0.0011810673,0.0013323978,0.0015713413,0.0027892962,1013,1560,0,test
0.9838388,0.003718961,0.005428581,0.0013175095,0.0014880484,0.0012433121,0.0017016735,0.001263106,1014,1472,0,test
0.013948656,0.0020334397,0.9643274,0.012287935,0.0024499113,0.0012732855,0.0024018993,0.0012773952,1015,838,0,test
0.9865702,0.002346355,0.0052627986,0.0009721853,0.0011783333,0.0010889906,0.0014728387,0.0011083386,1016,407,0,test
0.27660027,0.70090723,0.006628191,0.0024300679,0.004890931,0.0021348165,0.002864419,0.0035440093,1017,615,0,test
0.04493668,0.003713952,0.9333376,0.00997416,0.0026375437,0.0013388244,0.0027938697,0.0012673279,1018,1450,1,test
0.012419693,0.002252579,0.96620584,0.012467006,0.002050977,0.0011584372,0.0024522317,0.0009933561,1019,774,0,test
0.07038977,0.0039406694,0.90539426,0.010802868,0.0032037585,0.0015121632,0.0032685956,0.0014879123,1020,1800,0,test
0.0013604381,0.0018582683,0.0006770046,0.0036658305,0.0014262376,0.004844738,0.0020558268,0.98411155,1021,594,0,test
0.9852958,0.0033833804,0.0035217844,0.0014371455,0.0012866927,0.001360808,0.0018438186,0.001870484,1022,286,0,test
0.23035286,0.00603752,0.7403094,0.011058965,0.0030086031,0.0022297895,0.005074546,0.001928299,1023,814,0,test
0.94055426,0.0030336482,0.0455062,0.0030591025,0.0022156218,0.0017946152,0.0022956685,0.0015408414,1024,1940,0,test
0.0028983462,0.001289287,0.9887551,0.0026657486,0.0015187827,0.0007276421,0.0013667961,0.0007783296,1025,1955,0,test
0.9870048,0.0023212447,0.0050863517,0.0011169971,0.0008345193,0.0007812315,0.0014782787,0.0013765845,1026,87,0,test
0.0028914663,0.0012854858,0.9885958,0.0027215865,0.0015392363,0.0007684641,0.0014427768,0.00075513305,1027,1979,0,test
0.0024636076,0.0014666306,0.9887468,0.00273053,0.001592995,0.0007354595,0.0013856135,0.000878235,1028,128,0,test
0.0024990854,0.9903493,0.0013561943,0.0013308068,0.0020954928,0.0007509671,0.0009441744,0.000673943,1029,1862,0,test
0.98580986,0.003046092,0.003986165,0.0013949752,0.0011156859,0.0012019428,0.0015995787,0.0018456323,1030,1611,0,test
0.0028870264,0.0013452853,0.9887939,0.0024654912,0.0015762396,0.00069273205,0.0014623352,0.00077693,1031,1383,0,test
0.0023639526,0.0013872782,0.98940897,0.002449698,0.0015502308,0.0007092115,0.0013284469,0.0008022146,1032,1835,0,test
0.0039285067,0.0013769027,0.987425,0.00260177,0.0016307994,0.000730147,0.001581919,0.0007249097,1033,700,0,test
0.96323913,0.003167136,0.02648736,0.0022698063,0.0011268286,0.0008911866,0.0017016301,0.0011168681,1034,1633,0,test
0.0035009433,0.99018025,0.0014504199,0.001205225,0.0015099862,0.00067133154,0.0008634401,0.00061850686,1035,1948,0,test
0.0031477883,0.0012610754,0.98808086,0.0028117283,0.0016155038,0.00076470396,0.0015027823,0.0008156049,1036,1402,0,test
0.002954327,0.9821978,0.0015613298,0.0016422885,0.003033327,0.0052278177,0.0013488287,0.0020342674,1037,889,1,test
0.98406017,0.0030836444,0.005263217,0.0014471839,0.0010544327,0.0011641142,0.001319125,0.0026082357,1038,1512,0,test
0.0028898406,0.0014373789,0.98870826,0.002393468,0.0015982091,0.0007422277,0.0014275397,0.00080310064,1039,1356,0,test
0.00277558,0.0013403408,0.9883936,0.0022852682,0.0015781414,0.00073009444,0.0021274078,0.00076952827,1040,364,0,test
0.018756423,0.0035787406,0.21764605,0.009417983,0.6766787,0.06657254,0.0040865983,0.003263011,1041,325,0,test
0.004038211,0.0013731264,0.9871329,0.0028307317,0.0015106386,0.0007482802,0.001559268,0.0008068361,1042,1190,0,test
0.9840497,0.002490612,0.0072862566,0.0010495908,0.0014401833,0.0010578954,0.0015755991,0.0010501164,1043,1806,0,test
0.002373811,0.0014903445,0.9892942,0.0023066206,0.0016100141,0.0007171174,0.0014430787,0.0007649624,1044,884,0,test
0.00064507005,0.0006720271,0.0009210021,0.0011467425,0.012023335,0.98171866,0.0011733272,0.0016998574,1045,751,1,test
0.0027685913,0.0013907372,0.9888588,0.0024891754,0.0015432268,0.0007285031,0.0013769666,0.00084395683,1046,1158,0,test
0.0027603365,0.00144877,0.9888776,0.0025767805,0.0015018922,0.0006827231,0.0012933458,0.0008585951,1047,320,0,test
0.97813,0.0018030283,0.00561868,0.0016071541,0.003322785,0.005854949,0.0022326852,0.0014306551,1048,1572,0,test
0.9882416,0.0029711924,0.0030245495,0.0008793715,0.0011472054,0.0010256588,0.0012336726,0.00147665,1049,12,0,test
0.9807047,0.0059559518,0.005606674,0.0012909524,0.0013479964,0.0014659084,0.002062701,0.0015651033,1050,871,0,test
0.0025934204,0.0011968073,0.98913425,0.0023030157,0.001709526,0.0007889096,0.0015057438,0.0007684168,1051,168,0,test
0.0026851539,0.0014549892,0.9888559,0.0022557762,0.0016342985,0.00079775165,0.0014320567,0.00088409986,1052,254,0,test
0.001187708,0.002303754,0.0026967633,0.001309093,0.8857822,0.10321053,0.0012984567,0.0022114648,1053,1246,0,test
0.0028226322,0.0014476334,0.98881245,0.0024942935,0.0015728469,0.0006705036,0.0013915363,0.00078816497,1054,1452,0,test
0.9862898,0.0027249167,0.005402052,0.0010614985,0.0012107323,0.00092781475,0.0012308134,0.0011522657,1055,875,0,test
0.002517695,0.0014276683,0.98911554,0.002347063,0.001610725,0.00071555073,0.0015008968,0.0007648145,1056,252,0,test
0.0014390233,0.00079141796,0.001718476,0.0019822295,0.011378908,0.9789065,0.0025201153,0.0012633214,1057,818,0,test
0.14326929,0.83839464,0.005210583,0.0018562215,0.004070485,0.001811351,0.00234379,0.0030435438,1058,135,0,test
0.014450265,0.0026761726,0.960064,0.014871662,0.0025212106,0.0013846764,0.0026721803,0.0013599511,1059,311,0,test
0.0033535014,0.0011652712,0.9875288,0.0035471262,0.0015441907,0.0007267664,0.0012903477,0.00084391114,1060,1569,0,test
0.002681499,0.0013999547,0.98884356,0.0024582285,0.0016281465,0.00077437476,0.0014517533,0.00076239934,1061,1270,0,test
0.0026814872,0.9907086,0.0013365047,0.0013285736,0.0016305657,0.0007349114,0.00088312087,0.0006961839,1062,1290,0,test
0.0028063466,0.0014394718,0.9886918,0.002628485,0.0015522089,0.0007250589,0.0012946718,0.00086194,1063,537,0,test
0.0042687636,0.0013024329,0.9870252,0.0026872645,0.0016316868,0.00077368907,0.0015532387,0.0007576649,1064,136,0,test
0.004167493,0.004463556,0.0031391357,0.0014354114,0.73871005,0.2369853,0.0017259435,0.0093730735,1065,1780,0,test
0.0013620867,0.0007965918,0.0014645306,0.0015442666,0.006627704,0.984201,0.0025910453,0.0014126991,1066,511,1,test
0.017552314,0.0031732994,0.95675415,0.0102202585,0.0051374887,0.0028608192,0.0033353402,0.000966267,1067,220,0,test
0.027074656,0.01702268,0.92890906,0.017637607,0.0027774808,0.0012712873,0.0037973197,0.0015098451,1068,699,0,test
0.0031022227,0.0012839271,0.9869621,0.0025722636,0.0024218361,0.001468565,0.0013996175,0.0007895918,1069,1761,0,test
0.0027908643,0.00138786,0.98877907,0.0025670137,0.0015454115,0.0007423198,0.0013775266,0.00080992584,1070,317,0,test
0.0027287276,0.0012970978,0.9889699,0.0026143948,0.0015121592,0.0007306421,0.0013712853,0.0007758047,1071,1299,0,test
0.87508273,0.08446772,0.025674457,0.0025096803,0.005535038,0.0022917166,0.0018665476,0.0025721935,1072,1114,0,test
0.98951554,0.001982914,0.0028010507,0.0011200964,0.0008495717,0.0008424588,0.0014030058,0.0014853303,1073,691,0,test
0.0043111453,0.0013768405,0.9866984,0.003131752,0.0015291496,0.00069313584,0.0015288165,0.0007307193,1074,820,0,test
0.002910319,0.0013362943,0.9883305,0.0026118585,0.0016159535,0.00080663676,0.0015145584,0.00087398745,1075,190,0,test
0.0012133472,0.0008036441,0.0013993104,0.0015468908,0.013515382,0.9781436,0.0022919641,0.001085961,1076,552,0,test
0.953213,0.0022237336,0.015873518,0.0028114782,0.0060888184,0.014598887,0.0037465112,0.0014439989,1077,917,0,test
0.0025013727,0.99045676,0.0011116448,0.0011717113,0.001905002,0.0008860663,0.0011725927,0.0007949035,1078,484,0,test
0.9880427,0.002641926,0.0031976653,0.0010127731,0.001071503,0.0010808739,0.0012653869,0.0016872083,1079,1202,1,test
0.002858074,0.0013031187,0.9889205,0.002386264,0.0015917023,0.000721361,0.0014641447,0.00075476314,1080,1294,0,test
0.002579205,0.001318786,0.9892631,0.00228423,0.001596678,0.00072798925,0.001453821,0.0007761535,1081,1833,0,test
0.0017552618,0.0009001633,0.0023814542,0.0022411316,0.011097396,0.97777766,0.0028425632,0.001004361,1082,3,0,test
0.001820749,0.0016926184,0.00083263626,0.0036129165,0.0020642555,0.021091478,0.0029495473,0.9659358,1083,1182,0,test
0.0014643496,0.0010886289,0.0010215088,0.004085706,0.010533754,0.9234207,0.004982683,0.053402632,1084,450,1,test
0.0030426502,0.0013483446,0.9884948,0.0024575973,0.0016320845,0.0007442997,0.0015612807,0.00071899744,1085,5,0,test
0.0030246784,0.99036074,0.0013389884,0.0010625403,0.0017512508,0.00081864884,0.0010491008,0.0005940359,1086,1760,0,test
0.0029198902,0.0014090678,0.98860323,0.0024002264,0.0016457662,0.0007712021,0.0014715052,0.00077915064,1087,526,0,test
0.0010371236,0.0026916233,0.0018891593,0.0015447644,0.38157406,0.60598505,0.0019411993,0.0033369744,1088,224,0,test
0.98359144,0.0024800817,0.0076949676,0.0011147783,0.0012935522,0.001116099,0.0015506801,0.0011584284,1089,1029,0,test
0.98218393,0.0044408645,0.0028653024,0.0015598596,0.0012729326,0.0014937168,0.0022556342,0.0039277333,1090,521,0,test
0.0024976854,0.0014123177,0.98917496,0.002376806,0.0016380649,0.0007181365,0.0014172478,0.00076476776,1091,238,0,test
0.00289185,0.0013799384,0.98874015,0.002375407,0.0016613721,0.00077771395,0.0013529246,0.00082066614,1092,872,0,test
0.0039919773,0.0014033092,0.986931,0.0028338477,0.0017282437,0.00079443684,0.0015039295,0.0008131778,1093,1166,0,test
0.0037683935,0.0013195137,0.98712057,0.0029083614,0.0016988178,0.0007582206,0.001746741,0.0006792984,1094,1859,0,test
0.002405226,0.99138933,0.0010489152,0.0011803589,0.0015117774,0.0007545218,0.0009884707,0.00072142645,1095,1818,0,test
0.0011343278,0.0018156308,0.0007136297,0.0033296268,0.0016340569,0.0055440217,0.001992646,0.983836,1096,816,0,test
0.0023291958,0.99085087,0.00088892673,0.001103418,0.0014588139,0.0009523886,0.0012757125,0.0011405901,1097,1462,0,test
0.0011339592,0.0019152001,0.0007186307,0.0033467624,0.0015935537,0.005615066,0.0019974215,0.9836795,1098,1788,0,test
0.9877457,0.002927509,0.0024648583,0.0011463056,0.0010831273,0.0011057606,0.0015547477,0.0019719421,1099,269,0,test
0.0026967349,0.0013081402,0.98876816,0.002657449,0.0015953692,0.00078369677,0.0012905814,0.00089991826,1100,639,0,test
0.9806168,0.002372976,0.0105860615,0.0016101195,0.0009343315,0.00085222814,0.0016001153,0.001427287,1101,1242,0,test
0.0030548065,0.0012128176,0.9885824,0.0026289811,0.0015877498,0.000752473,0.0014018812,0.0007789474,1102,306,0,test
0.9848696,0.0044297557,0.0024865237,0.0013542532,0.0012130698,0.0012238298,0.0014975498,0.00292553,1103,669,0,test
0.0042275134,0.0013629704,0.98686427,0.0029489195,0.0016402866,0.00078332506,0.0013392539,0.00083338097,1104,1548,0,test
0.0027624145,0.0013030766,0.98894554,0.0023923332,0.0016295457,0.0007505839,0.0015196897,0.0006967865,1105,410,0,test
0.0028243617,0.0013518076,0.9885949,0.0026075915,0.0015810458,0.00076523237,0.0014070697,0.0008679137,1106,573,0,test
0.0025192583,0.0013803376,0.9892263,0.002329702,0.0015673804,0.00073060044,0.0014804624,0.0007659815,1107,1990,0,test
0.0028275806,0.0013347237,0.9888677,0.002608316,0.0014839601,0.00072013173,0.0013390451,0.0008186016,1108,601,0,test
0.0019561357,0.99062866,0.0011374473,0.0015670292,0.0019622399,0.0008282105,0.0010592553,0.00086108723,1109,1828,0,test
0.0040158904,0.0018169351,0.9821276,0.006542816,0.0019821657,0.0010320109,0.0017071929,0.0007752981,1110,1076,0,test
0.0029880013,0.0013146993,0.9886474,0.0024600814,0.0015620155,0.00075620663,0.001551778,0.0007197225,1111,223,0,test
0.0023851208,0.0012311088,0.98950505,0.0023936604,0.0016384795,0.0007203863,0.0013521814,0.0007741084,1112,1150,0,test
0.9850055,0.0047601005,0.0022136313,0.0011988131,0.0013806865,0.0014818156,0.0017597037,0.002199874,1113,1668,0,test
0.059820104,0.003089821,0.90367234,0.021185972,0.0037324044,0.0024758554,0.0041789273,0.0018446125,1114,1131,0,test
0.0029392394,0.0011905832,0.9887094,0.0025140212,0.0015772665,0.0007471876,0.001543171,0.0007791157,1115,66,0,test
0.0014845065,0.0016359572,0.00073319627,0.0047582057,0.0012479739,0.0047013634,0.0021822448,0.9832565,1116,24,0,test
0.9878968,0.0031361105,0.0023324136,0.0010938232,0.0010574107,0.0013038048,0.0014125637,0.0017671047,1117,141,0,test
0.0026358475,0.0013728433,0.98870414,0.0024790987,0.001693168,0.00075605966,0.0015167214,0.000842135,1118,516,0,test
0.002111474,0.0014159039,0.9888903,0.0028934781,0.0018805135,0.0007344047,0.0012477048,0.0008263464,1119,786,0,test
0.00288821,0.0013596453,0.9886264,0.0026152208,0.001607932,0.0007225065,0.0013637248,0.0008163965,1120,1152,0,test
0.9837625,0.0043564155,0.0036991164,0.0011306511,0.0020287014,0.0019140244,0.0013887518,0.0017198011,1121,84,0,test
0.0024142452,0.0012185572,0.9895182,0.0023973966,0.0016507696,0.00073445804,0.0013224084,0.00074387464,1122,1516,0,test
0.0033247734,0.0014723092,0.9880895,0.0027722397,0.0014801588,0.0006672708,0.0014508904,0.00074279885,1123,1288,0,test
0.0028782077,0.0013854173,0.9884056,0.0024302672,0.0016704439,0.00077913265,0.0016652928,0.00078574126,1124,1904,0,test
0.0020599056,0.9914349,0.0011661882,0.0012559976,0.0016835724,0.0008515558,0.0008530168,0.0006948463,1125,1853,0,test
0.002729763,0.001220503,0.98912954,0.0024721764,0.0016145648,0.000726805,0.001411262,0.00069535605,1126,1867,0,test
0.0028851002,0.99008065,0.0010910529,0.0012410637,0.0016759165,0.00086594827,0.0014106374,0.00074961846,1127,1413,0,test
0.0024721432,0.0015294541,0.9891629,0.0023682166,0.0016041555,0.00074129715,0.0013488417,0.0007729103,1128,1342,0,test
0.015910033,0.0045293714,0.007630573,0.01336886,0.0059989374,0.029810254,0.90359,0.019161865,1129,352,0,test
0.0030705384,0.0014417508,0.9880591,0.0026434078,0.0016203524,0.0007409192,0.0014628463,0.0009609729,1130,1656,0,test
0.9877331,0.0033074378,0.0029187936,0.0010892194,0.0010030007,0.0009914311,0.0013169824,0.0016400447,1131,1183,0,test
0.0030858675,0.001406757,0.9884222,0.0026267585,0.0015668669,0.00071326643,0.0013797531,0.0007984747,1132,995,0,test
0.0026322359,0.0013883706,0.98901224,0.0023980578,0.0016029975,0.0007839549,0.0014584076,0.0007238308,1133,999,0,test
0.98594517,0.0031838904,0.004236538,0.0013493923,0.0011211805,0.0011799396,0.0014037383,0.0015801161,1134,1947,0,test
0.98760754,0.003095166,0.0027988495,0.0011232058,0.0009076189,0.0009822263,0.001442343,0.0020431536,1135,1395,0,test
0.0007044429,0.0010555886,0.0012962682,0.0015115743,0.076023206,0.91673666,0.001404505,0.0012677064,1136,1240,0,test
0.97972775,0.005541623,0.004110039,0.0016454759,0.0014429982,0.0017447628,0.0030300312,0.0027573442,1137,643,0,test
0.7949897,0.003786722,0.17599997,0.013095518,0.0025197007,0.0020733965,0.005202087,0.0023329349,1138,354,0,test
0.0016335873,0.0015968459,0.00073844695,0.003902357,0.0011004505,0.004826895,0.0025851838,0.9836162,1139,76,0,test
0.003169767,0.0013488902,0.9884404,0.0026897565,0.0014851406,0.00071058515,0.0013858804,0.0007695001,1140,27,0,test
0.0034424579,0.0013325715,0.98812693,0.0023934222,0.0016803395,0.0007976027,0.0015008074,0.00072592986,1141,1479,0,test
0.002929035,0.0014075092,0.98869425,0.0025121782,0.001538451,0.0007439807,0.0014532758,0.00072132057,1142,506,0,test
0.041795358,0.0024437953,0.93326825,0.012836172,0.003109952,0.0019200246,0.0031599784,0.0014664297,1143,1884,0,test
0.0033787773,0.0012416646,0.98799765,0.0028521188,0.0014827393,0.00075312174,0.0015420563,0.0007518648,1144,55,0,test
0.0029036445,0.0013410589,0.9885478,0.0026315018,0.0015615245,0.0007189146,0.0014526623,0.0008429081,1145,617,0,test
0.002781837,0.0013180819,0.98884434,0.0025029047,0.0015475173,0.0007425178,0.0014490703,0.000813635,1146,294,0,test
0.9870007,0.002659158,0.004440173,0.0011024568,0.001011798,0.0010459436,0.0011908719,0.0015489452,1147,695,0,test
0.9854381,0.0029070922,0.0034469792,0.0014570866,0.0012348798,0.0014556427,0.0015412146,0.002519079,1148,603,0,test
0.003412322,0.0013173594,0.98778605,0.003042711,0.0015085456,0.0007253273,0.0014317493,0.000775895,1149,7,0,test
0.0028317608,0.001411632,0.9887418,0.0023955589,0.0016734563,0.00072853605,0.001440552,0.000776655,1150,778,0,test
0.22059646,0.008464626,0.19543499,0.015514187,0.45002413,0.09043808,0.011814499,0.0077129975,1151,1015,2,test
0.0023552026,0.0012610946,0.9894939,0.0023327826,0.0016876406,0.0007957918,0.0013097886,0.000763762,1152,328,0,test
0.001143751,0.0027131722,0.00068932795,0.002522717,0.0017934614,0.0053445683,0.0019627793,0.9838303,1153,47,0,test
0.0031360798,0.0013281365,0.98837143,0.002657792,0.0015446228,0.0007485998,0.0014270557,0.0007862073,1154,1524,0,test
0.0025803745,0.9876152,0.0011792373,0.0010837477,0.001618597,0.0013738099,0.0020422316,0.0025067574,1155,104,0,test
0.9871157,0.0036815756,0.0029141956,0.001133445,0.0010707214,0.0009751986,0.0013734779,0.0017357122,1156,340,0,test
0.98638797,0.003674242,0.0019028005,0.0012333329,0.0013789213,0.0014966845,0.0015241115,0.0024018947,1157,1044,0,test
0.001034613,0.0020681368,0.0030668734,0.0010081404,0.92820376,0.06182658,0.0012564219,0.0015354621,1158,234,0,test
0.98488957,0.0038502074,0.0032730238,0.0012895742,0.0014401663,0.0014265691,0.0013814459,0.0024494678,1159,209,0,test
0.002321689,0.0014766844,0.9893547,0.0022992832,0.0015598553,0.00072832505,0.0014957963,0.00076366984,1160,1107,0,test
0.0015092079,0.00072805485,0.001576853,0.0016910639,0.007040091,0.98321116,0.0026609432,0.0015825301,1161,1289,0,test
0.27296254,0.006308384,0.698103,0.011338443,0.003035585,0.0020752123,0.0041738697,0.002002957,1162,1171,0,test
0.00323925,0.001387691,0.98804224,0.0026743442,0.0015856039,0.00081842154,0.0014784944,0.00077384757,1163,768,0,test
0.98693955,0.002859925,0.0037182097,0.0012622105,0.0010496896,0.0010740153,0.0012707298,0.0018256943,1164,1061,0,test
0.035738785,0.0030320664,0.94300675,0.0092130955,0.0032127465,0.0014376247,0.003255645,0.001103238,1165,1291,0,test
0.0018020552,0.001735205,0.0012735964,0.0014452355,0.0010081314,0.0020336779,0.98885417,0.0018480005,1166,1629,0,test
0.002607403,0.0014002096,0.98886895,0.0024419078,0.0016894506,0.0008015543,0.0014089701,0.0007815993,1167,1625,0,test
0.0023494675,0.0012355353,0.9895676,0.0024181884,0.0016487279,0.00073047914,0.0012948841,0.0007550529,1168,1717,0,test
0.0012370844,0.0015051654,0.00065528124,0.0050560986,0.0014559125,0.006290529,0.002424756,0.9813751,1169,504,0,test
0.0022342843,0.0022052277,0.0011097293,0.0012877973,0.0010028328,0.0022801699,0.98646563,0.003414346,1170,228,0,test
0.0027941356,0.0014318866,0.9885338,0.0028363497,0.0016644759,0.00070662383,0.0012478058,0.0007849291,1171,623,0,test
0.0028820303,0.99051005,0.0010742706,0.0010044008,0.0016142821,0.0009460837,0.001084579,0.0008844322,1172,1552,0,test
0.002172802,0.006182044,0.0030141794,0.0029099712,0.5227265,0.4032519,0.0036564667,0.056086153,1173,513,0,test
0.0028679615,0.9904027,0.0012798953,0.0011326625,0.0015772925,0.00094415876,0.0010234832,0.000771879,1174,1552,1,test
0.0027988562,0.0014284066,0.98904395,0.0023090024,0.0015814729,0.00069429434,0.0014385981,0.0007053116,1175,582,0,test
0.0037004875,0.0012989885,0.9876413,0.0026217774,0.0016584141,0.0007449808,0.0016363177,0.00069781404,1176,1241,0,test
0.32117045,0.64840406,0.013514254,0.003016141,0.0057841185,0.002547608,0.0028834147,0.0026799545,1177,1040,0,test
0.0029737519,0.0013857265,0.9885616,0.0025465144,0.0015890182,0.00073511136,0.0013743251,0.00083402515,1178,1767,0,test
0.0027120498,0.0014509463,0.98855644,0.0025719937,0.0019166844,0.00071981613,0.0014078607,0.0006642343,1179,60,0,test
0.0032476436,0.0013674413,0.9877856,0.003013097,0.0015537483,0.0007688143,0.0013961495,0.0008675026,1180,1300,0,test
0.0025651038,0.0014154689,0.989132,0.0023816808,0.0016048714,0.0007427632,0.0014070497,0.0007509893,1181,91,0,test
0.0030402234,0.0012803266,0.9882867,0.002717232,0.0015667035,0.00078032346,0.0014702919,0.00085813936,1182,644,0,test
0.0016774494,0.0027028327,0.0009262638,0.0013423754,0.0014255409,0.0023080267,0.98769486,0.0019226569,1183,273,0,test
0.9858444,0.0031808636,0.0030257984,0.0012892993,0.0011793454,0.0014465491,0.0022076233,0.0018261939,1184,1852,0,test
0.003171056,0.95291996,0.0013660926,0.0012665301,0.0026243862,0.002705293,0.02966623,0.0062804157,1185,349,1,test
0.011458741,0.0021311662,0.96993816,0.009478974,0.0023215727,0.0011184097,0.0024318853,0.0011212113,1186,1475,0,test
0.0020476358,0.9914983,0.0011478876,0.0011597296,0.0016404693,0.0007855662,0.0010738252,0.00064667064,1187,1200,0,test
0.9753018,0.0025481894,0.0088618435,0.0024839558,0.0013343374,0.0014719905,0.00588433,0.002113539,1188,821,0,test
0.0026798516,0.0013690273,0.9889081,0.0024696956,0.0016124662,0.00074389897,0.0013924118,0.00082458253,1189,1419,0,test
0.0013660258,0.0014705213,0.00078225107,0.0042971116,0.0011287173,0.0045509487,0.0028743164,0.9835301,1190,108,0,test
0.002614361,0.0015310039,0.98883456,0.0023625519,0.0016268428,0.0007398753,0.001483892,0.00080689654,1191,42,0,test
0.0036156408,0.001561697,0.9870963,0.002923373,0.0017559795,0.00078758347,0.001534715,0.0007247527,1192,122,0,test
0.003786974,0.0013043858,0.9873102,0.0029215617,0.0015602151,0.0007531498,0.0015467609,0.0008167326,1193,200,0,test
0.0027767657,0.0013271916,0.98859274,0.0023991175,0.0015855927,0.0007890145,0.0017087378,0.0008208921,1194,52,0,test
0.9869099,0.0035751348,0.0025151083,0.0011321076,0.0011748,0.0011603049,0.0014238484,0.0021086368,1195,524,0,test
0.0015021601,0.0018536205,0.0007087533,0.0030919495,0.0012814001,0.0041830386,0.0020710907,0.985308,1196,68,0,test
0.0025324253,0.0015303104,0.9889637,0.0027104868,0.0015380054,0.00068718294,0.0011788704,0.0008590659,1197,1961,0,test
0.0038442942,0.0014842532,0.9872339,0.0029784525,0.0015342393,0.00068756426,0.001378966,0.0008583725,1198,1590,0,test
0.98606503,0.0035896476,0.0025722599,0.0012607273,0.0009902335,0.0011438881,0.0014450126,0.0029331984,1199,180,0,test
0.0027802,0.0014511368,0.9880872,0.0028848005,0.001555886,0.00078157074,0.0015462748,0.0009131164,1200,134,0,test
0.002811229,0.0013917994,0.98874193,0.0024735443,0.00157858,0.0007766221,0.0014524218,0.00077384966,1201,873,0,test
0.0027608727,0.0014638131,0.98851705,0.002323363,0.0017837189,0.00080042856,0.0013926617,0.00095811946,1202,771,0,test
0.0028609103,0.0012267813,0.9887933,0.0025722396,0.0016387397,0.00070905685,0.0014851326,0.00071383367,1203,129,0,test
0.002155637,0.9912696,0.0009911135,0.0012328398,0.0016814393,0.0008078159,0.001101543,0.000760111,1204,79,0,test
0.9884461,0.0025797922,0.003635085,0.0009947722,0.0009586393,0.0008388349,0.0013357154,0.0012109493,1205,1829,0,test
0.983923,0.004136251,0.0042416183,0.0014961684,0.0012570232,0.0010613597,0.0017182814,0.0021662817,1206,2004,0,test
0.0031224163,0.0013716357,0.9882825,0.0025813363,0.0015945788,0.0008011912,0.0014351689,0.0008111535,1207,520,0,test
0.016470984,0.002769951,0.9604884,0.012599701,0.0023716462,0.0012110557,0.002770227,0.0013180537,1208,1655,0,test
0.98696357,0.0030037472,0.0028972803,0.001184656,0.0010638594,0.0012123232,0.0015271942,0.0021474676,1209,953,0,test
0.9890422,0.0021535752,0.0034605379,0.0010097672,0.0009679247,0.0008874133,0.0012921956,0.0011863367,1210,162,0,test
0.0014639625,0.0023493322,0.002698006,0.00090065715,0.94077665,0.048904795,0.000926492,0.001980043,1211,243,0,test
0.98686475,0.0038577998,0.0029151696,0.0011250589,0.0009287833,0.0009014091,0.0014532937,0.0019537453,1212,431,0,test
0.0026334105,0.0012321431,0.9889206,0.002643875,0.0015487623,0.0007674926,0.0014424059,0.00081132393,1213,1181,0,test
0.98768765,0.0030803457,0.0030593136,0.0011940527,0.00097253214,0.00094303756,0.0014238723,0.0016392162,1214,832,0,test
0.00063237466,0.0007705539,0.0010161232,0.0012810002,0.010461528,0.9826797,0.0011660142,0.00199272,1215,1244,1,test
0.0028214755,0.0012233265,0.9889026,0.0024471842,0.0016662765,0.0007536721,0.0014427168,0.00074278435,1216,96,0,test
0.9872218,0.0034324136,0.0023518559,0.0012069334,0.0011523736,0.0011478782,0.0014710436,0.0020156528,1217,780,0,test
0.9872153,0.0023300622,0.0040688254,0.0012582487,0.0009640852,0.001006994,0.0013733034,0.0017832441,1218,713,0,test
0.9815704,0.0047968235,0.005464687,0.0013894531,0.0013910203,0.0014420872,0.0018921364,0.0020533884,1219,1292,0,test
0.0026079665,0.001404977,0.9890478,0.0023736083,0.001612072,0.0007444292,0.0014637915,0.0007454508,1220,101,0,test
0.0024121192,0.0014302267,0.98923486,0.0024847456,0.0015795351,0.0007077723,0.0013878543,0.00076280074,1221,419,0,test
0.002046086,0.0015495627,0.9887162,0.0028543659,0.0018784724,0.0007210776,0.0013445006,0.0008898742,1222,73,0,test
0.98725677,0.0031566778,0.0031023207,0.0010518011,0.0011268606,0.0012155033,0.0015024028,0.0015876725,1223,1838,0,test
0.0026584226,0.001364031,0.9887748,0.002559593,0.0016068579,0.00076159067,0.001412415,0.00086228026,1224,1331,0,test
0.0027808798,0.0013969312,0.98878175,0.0024772536,0.00161767,0.00075134466,0.0013566517,0.00083752914,1225,890,0,test
0.98866546,0.0024257523,0.0036095085,0.0010487654,0.0008565962,0.00074436393,0.0013916505,0.0012578368,1226,1839,0,test
0.9858845,0.002809292,0.0056440025,0.0011916234,0.0011440354,0.0008660642,0.0012675514,0.001192989,1227,1716,0,test
0.0027010906,0.0014336475,0.9887207,0.0024367496,0.0016433542,0.0007310124,0.0014999057,0.0008334331,1228,1665,0,test
0.0011819096,0.0021144233,0.000539932,0.0031522051,0.0017028345,0.006796881,0.0023345393,0.9821774,1229,738,0,test
0.0024054418,0.0012297294,0.9895885,0.0023383696,0.0016461688,0.0007349947,0.0013063975,0.0007503884,1230,958,0,test
0.9871954,0.0022402378,0.003968017,0.0012155577,0.0011887901,0.0012598167,0.0014963654,0.0014358129,1231,375,0,test
0.0026046576,0.0013250381,0.9891244,0.0024861104,0.0016111102,0.0007560161,0.0013594807,0.0007331855,1232,231,0,test
0.0026892703,0.0014164743,0.9884489,0.00287512,0.0015997622,0.0007655815,0.0013651901,0.00083978695,1233,1551,0,test
0.0023942601,0.0012891244,0.0011082244,0.004906777,0.00089623925,0.005497039,0.006556823,0.9773515,1234,261,0,test
0.98563683,0.0035211057,0.0033634128,0.0012636686,0.0013791189,0.0013464035,0.0014299427,0.0020595072,1235,1506,0,test
0.983942,0.0030701333,0.0051036035,0.0012366079,0.0014909327,0.0017586069,0.0012411992,0.0021569077,1236,115,0,test
0.98421,0.0052159675,0.0030418464,0.0011378567,0.0015191169,0.0013519499,0.0015998158,0.0019234082,1237,1650,0,test
0.9792315,0.002980556,0.011555779,0.0014091951,0.0012518088,0.0010537442,0.0015639823,0.0009533823,1238,651,0,test
0.06894961,0.91609895,0.004282013,0.0015206803,0.0032924784,0.0016500343,0.0021034295,0.0021027774,1239,244,0,test
0.0012647625,0.00069347565,0.0014904825,0.0017956409,0.008440467,0.9822369,0.0019357465,0.0021425348,1240,1496,0,test
0.0024387897,0.0014535451,0.9892424,0.002324671,0.0015876185,0.0007132152,0.0014097178,0.0008301027,1241,2005,0,test
0.98837787,0.002270804,0.0025986019,0.0012161991,0.00091489585,0.0011134854,0.0014648361,0.00204338,1242,93,0,test
0.0033355227,0.0013259285,0.98811173,0.0027066332,0.0016242968,0.00076208473,0.0013468312,0.00078695215,1243,33,0,test
0.0032421597,0.0014337543,0.9881384,0.0025026582,0.0016262076,0.0007569383,0.0015391236,0.0007608548,1244,1507,0,test
0.98694754,0.0020451373,0.005677403,0.0011630801,0.0008902949,0.0007752212,0.0013142982,0.0011870548,1245,1713,1,test
0.0010866988,0.00069442583,0.0012855133,0.0014140863,0.009166793,0.98299813,0.0019547618,0.0013996204,1246,433,0,test
0.0026557609,0.0014396681,0.9889092,0.0023839246,0.0015684777,0.00071809185,0.0015474976,0.00077741005,1247,693,0,test
0.0021615464,0.990612,0.0013780798,0.0013511261,0.0021773768,0.0007758717,0.0008972596,0.0006468462,1248,1301,0,test
0.0033542695,0.0013247706,0.9878784,0.003007908,0.0014806268,0.0007060573,0.0014325804,0.0008153732,1249,1561,0,test
0.9837864,0.004949823,0.0024905477,0.0012397722,0.0014957445,0.0015173058,0.0015347588,0.0029856474,1250,0,0,test
0.98643064,0.0035492422,0.0026576521,0.0012989164,0.0011106831,0.0010895195,0.0014797439,0.0023836792,1251,1416,0,test
0.9862503,0.0023855912,0.0046306597,0.0013286117,0.0009656966,0.0011377459,0.001866786,0.0014346741,1252,1065,0,test
0.9875364,0.0028212194,0.0030762106,0.0011781749,0.0010446823,0.0010836349,0.001270557,0.0019890773,1253,1072,0,test
0.0026619658,0.0012689879,0.98902905,0.0023220228,0.0017086972,0.00076947786,0.0015010748,0.000738771,1254,1260,0,test
0.0015676417,0.001921783,0.004179778,0.001086343,0.96021825,0.02859831,0.0010980053,0.0013299366,1255,81,0,test
0.9867621,0.004026826,0.0024726368,0.0010339605,0.0013001797,0.0012378675,0.0013431249,0.0018232838,1256,1522,0,test
0.9873071,0.0025318747,0.004031764,0.0010703588,0.0011737421,0.0010279272,0.0013499359,0.0015073216,1257,654,0,test
0.98456997,0.0049618315,0.0022806667,0.0011048212,0.0015461219,0.0015921324,0.0015663728,0.0023780612,1258,1494,0,test
0.003300977,0.0013095813,0.98844993,0.0024974355,0.0016110407,0.0007170982,0.0013654782,0.00074854755,1259,1014,0,test
0.0024298034,0.0015320581,0.98925227,0.0024325717,0.0016677934,0.0006551484,0.0012324683,0.000797891,1260,746,0,test
0.98661894,0.003013329,0.003226547,0.0013033439,0.0012025863,0.0011565303,0.0015464225,0.0019322115,1261,1248,0,test
0.0014167114,0.0024766647,0.0024461518,0.0012628511,0.6263612,0.3613199,0.001516473,0.0032000886,1262,1317,0,test
0.001069288,0.0018543247,0.00068658584,0.0031868622,0.0017469545,0.00570157,0.001894976,0.9838594,1263,1849,0,test
0.0028893442,0.0014466506,0.98881,0.0024227693,0.0015734371,0.0007189544,0.0013967766,0.00074211543,1264,1965,0,test
0.9865193,0.003816658,0.0024558513,0.0012339584,0.0011313913,0.0012799532,0.001546396,0.0020166615,1265,390,0,test
0.004990947,0.0014288691,0.9855611,0.0032963052,0.0015770585,0.00078033877,0.0015435348,0.00082175405,1266,1923,0,test
0.9851806,0.0029864577,0.0047776853,0.0014294601,0.0010905125,0.0009989275,0.0014495343,0.0020869356,1267,1337,0,test
0.0028520692,0.0013293606,0.98895895,0.0022946328,0.0016326391,0.00070916547,0.0014897479,0.00073348137,1268,1378,0,test
0.0010621016,0.0007787354,0.0013483787,0.0013789231,0.010660883,0.9816753,0.002047982,0.0010476972,1269,103,0,test
0.98472667,0.0028514152,0.0052684746,0.0013681847,0.0010807883,0.0010359951,0.0016256165,0.0020427627,1270,666,0,test
0.0020806452,0.99134934,0.0010632161,0.001231574,0.0016697397,0.000787637,0.0010967063,0.00072105415,1271,1344,0,test
0.0024170121,0.0014017324,0.9892842,0.0024632476,0.0016444932,0.0007400276,0.0013112556,0.00073798373,1272,801,0,test
0.002918552,0.001402723,0.98880285,0.0023625845,0.0016503339,0.0007073391,0.0014166277,0.0007389667,1273,1198,0,test
0.0040638535,0.0012839203,0.985678,0.0041782586,0.0014899432,0.00081928563,0.0016307982,0.00085579674,1274,62,0,test
0.002417138,0.001294519,0.98936075,0.0023308652,0.0016658248,0.00077656965,0.001415195,0.0007390544,1275,826,0,test
0.9885085,0.0019749573,0.0035410386,0.0011864149,0.0009275898,0.00096277567,0.001349552,0.0015491508,1276,1763,0,test
0.0016604544,0.0008445674,0.0017474553,0.0019290977,0.0071154274,0.98210275,0.0031963424,0.0014039832,1277,1219,0,test
0.0028163407,0.00141653,0.9886994,0.002657082,0.001531756,0.0007134008,0.0013675165,0.00079801725,1278,219,0,test
0.0029932423,0.0013957021,0.98790145,0.0029180457,0.0016449972,0.00080365344,0.0014767635,0.00086604897,1279,142,0,test
0.9824933,0.0019468148,0.010067962,0.0014390626,0.00082875974,0.0006576327,0.001288546,0.0012779485,1280,1053,0,test
0.0031936606,0.0015138367,0.9881251,0.0025709122,0.0015952876,0.0007298335,0.0014532886,0.00081812736,1281,362,0,test
0.61300355,0.0062694135,0.3562329,0.01232593,0.003114743,0.0021562604,0.004564431,0.002332691,1282,1464,0,test
0.98755276,0.0032787146,0.0022005187,0.0010980449,0.0010603896,0.001183547,0.0014977411,0.0021283985,1283,1105,0,test
0.002517695,0.0014276683,0.98911554,0.002347063,0.001610725,0.00071555073,0.0015008968,0.0007648145,1284,1876,0,test
0.0027367207,0.0011815515,0.98868793,0.0025045457,0.0017084908,0.00080568396,0.0015788523,0.00079621276,1285,1538,0,test
0.9863803,0.0034022783,0.0030275758,0.0012773786,0.0012128912,0.0011850585,0.0014304202,0.0020840527,1286,1231,0,test
0.9881572,0.0023235718,0.0034987736,0.001146049,0.0009963781,0.0009876018,0.0013040148,0.001586364,1287,1222,0,test
0.001940344,0.0013041068,0.98881,0.002932861,0.0022500777,0.0007678305,0.0012138966,0.00078088965,1288,1805,0,test
0.0028535798,0.001329922,0.98891246,0.0023110658,0.0016131746,0.00073550275,0.0015236613,0.000720658,1289,1307,0,test
0.0025854376,0.0012487127,0.98916864,0.002344158,0.0016872489,0.0008091144,0.0014476702,0.00070903276,1290,9,0,test
0.0024999648,0.0015268641,0.98903346,0.0024012937,0.0015952443,0.0007603574,0.0014137333,0.00076904555,1291,434,0,test
0.9884693,0.0024413094,0.0037170928,0.0009993248,0.0008733899,0.00088054594,0.0013175914,0.0013014625,1292,685,0,test
0.9888743,0.0024598143,0.002613666,0.0011081924,0.0010853742,0.0008177999,0.001561044,0.0014798152,1293,249,0,test
0.0022691714,0.99098176,0.0011126536,0.00128825,0.0017378359,0.0007844419,0.001052932,0.00077297835,1294,856,0,test
0.0028536709,0.0013385687,0.9888205,0.0023163059,0.0016677141,0.00072029757,0.0014223352,0.00086065725,1295,376,0,test
0.002982852,0.0013138263,0.98848045,0.0026241066,0.0016921562,0.00070047076,0.001465619,0.0007404312,1296,1350,0,test
0.96356046,0.0023679407,0.026409525,0.002032173,0.0015534002,0.0010336463,0.0019557239,0.0010871667,1297,882,0,test
0.00510317,0.001673289,0.98554313,0.0029079139,0.0016431797,0.000776349,0.0015599774,0.00079295697,1298,896,0,test
0.002739163,0.0013796443,0.98894674,0.0023789569,0.0016101458,0.00071545964,0.0014682077,0.0007617408,1299,1748,0,test
0.002510936,0.0013868889,0.9891021,0.0024946604,0.0015765138,0.00070929254,0.0014551503,0.00076440634,1300,1266,0,test
0.98692536,0.0035952954,0.0026483827,0.0011285502,0.0011617366,0.0011411629,0.0012839064,0.0021156613,1301,445,0,test
0.020842778,0.0025051194,0.96279746,0.0066550043,0.002040863,0.0014663886,0.0026281597,0.0010642393,1302,1336,0,test
0.98394436,0.0035262604,0.0060992325,0.0011561227,0.0013769623,0.0011809877,0.0013242299,0.0013918361,1303,1745,1,test
0.0029107693,0.00133698,0.9887989,0.0025560013,0.0015067327,0.00074208376,0.0013534353,0.0007952078,1304,1129,0,test
0.0034016261,0.0015126782,0.98782676,0.0024528478,0.0016511452,0.0007667628,0.0016087426,0.00077945465,1305,929,0,test
0.00094605173,0.0017637764,0.0014317887,0.001321579,0.24729276,0.7432394,0.0013757432,0.002628894,1306,483,0,test
0.98693246,0.0017094817,0.005259537,0.0014155717,0.00090161705,0.0009342519,0.0015513231,0.0012958731,1307,715,0,test
0.0023427096,0.0014350704,0.98946196,0.002349407,0.0015913493,0.00072119426,0.0012684391,0.00082978833,1308,1901,0,test
0.0038857716,0.0011974989,0.9868261,0.0033501994,0.001628412,0.0008604414,0.0014883181,0.0007631406,1309,842,0,test
0.18268874,0.005010925,0.78571796,0.014121414,0.0036037702,0.0020634437,0.004826677,0.0019670392,1310,707,0,test
0.0030388448,0.0013166834,0.98792946,0.0032004428,0.0017251112,0.00068229076,0.0012768885,0.00083028484,1311,518,0,test
0.0025912775,0.001376995,0.9891043,0.0023985945,0.0015762495,0.00072779774,0.0014290713,0.0007957064,1312,1161,0,test
0.0025310116,0.0013679753,0.989125,0.0024748698,0.0015505168,0.0007213806,0.0014035506,0.0008256744,1313,675,0,test
0.008521368,0.0020282872,0.97468567,0.008722714,0.0018942558,0.0009763904,0.0019260778,0.001245185,1314,1435,0,test
0.8775662,0.005011191,0.10388613,0.005474979,0.0022017995,0.0013960211,0.0027350015,0.0017286625,1315,1418,0,test
0.9895148,0.0019693146,0.002909773,0.00083333126,0.0012663421,0.0011286418,0.0011856954,0.0011921589,1316,1108,0,test
0.002346651,0.0012824484,0.98944086,0.0023047416,0.001800351,0.00075582246,0.0013390025,0.00073016156,1317,1000,0,test
0.98733157,0.0028319845,0.003182806,0.001343381,0.0011093522,0.00097649056,0.0014547725,0.0017696342,1318,361,0,test
0.0026479035,0.0014279383,0.989047,0.0024626204,0.001590327,0.0007309004,0.0013233881,0.0007699573,1319,645,0,test
0.9829486,0.005299854,0.0026515524,0.0011538797,0.0016768791,0.0016668669,0.0016788754,0.0029234902,1320,1568,0,test
0.002822342,0.001348198,0.9886184,0.0025692966,0.001607646,0.0007279496,0.0014570319,0.00084916543,1321,348,0,test
0.0024173139,0.0015322616,0.9892407,0.002284947,0.0016351731,0.0007072215,0.0014188583,0.0007634919,1322,937,0,test
0.0027389901,0.0012324462,0.9889347,0.0023653368,0.0016945312,0.00076070905,0.0015295738,0.00074373034,1323,758,0,test
0.0056791827,0.0015811189,0.98501635,0.0029807147,0.0015362483,0.0007484731,0.0015896956,0.000868256,1324,711,0,test
0.00079965434,0.0013285448,0.0012861467,0.0012490967,0.1530969,0.8391859,0.0014047065,0.0016491639,1325,1004,0,test
0.003331626,0.0013231052,0.9871409,0.0033665851,0.0017595297,0.00078912725,0.0014636258,0.00082540634,1326,940,0,test
0.002631668,0.0013098356,0.9891186,0.0024337464,0.001584837,0.0007368595,0.0013972538,0.00078720506,1327,1567,0,test
0.0033160024,0.0012668591,0.98810554,0.002861049,0.0014849787,0.00073848,0.0013803309,0.00084688264,1328,1531,0,test
0.001758611,0.0007362595,0.001813132,0.00189021,0.0066594845,0.9824211,0.0028271445,0.0018939623,1329,1921,0,test
0.4822713,0.2113075,0.022353,0.023600869,0.0039218348,0.013633464,0.20188048,0.041031558,1330,1566,0,test
0.9839274,0.0063431566,0.002760265,0.0011366945,0.0012397324,0.0012686772,0.0013779737,0.0019459841,1331,1284,0,test
0.034328625,0.95435524,0.00298846,0.0011444881,0.0026204016,0.0012123619,0.0018682383,0.001482199,1332,1390,0,test
0.007913717,0.001970439,0.9739977,0.0069773765,0.0048398743,0.0014601928,0.001844214,0.0009965625,1333,1535,0,test
0.0025371942,0.9811901,0.0011769969,0.0009442057,0.001913256,0.0016682264,0.007415387,0.0031546617,1334,1688,0,test
0.028643273,0.068009615,0.88287765,0.010650659,0.00403314,0.0011596036,0.003430926,0.001195123,1335,1209,0,test
0.0028411404,0.0013696922,0.9887766,0.0025068708,0.0015731853,0.00073027815,0.0013870602,0.00081508356,1336,1738,0,test
0.0026634075,0.0014597533,0.98895895,0.0024160424,0.0016066676,0.0007159808,0.0014116,0.0007675373,1337,1759,0,test
0.9770393,0.0056879558,0.0053358725,0.0017781754,0.0021021697,0.0016519085,0.00209068,0.004314033,1338,1194,0,test
0.002374052,0.0014477853,0.98936766,0.0022916722,0.0016133456,0.0007368869,0.0013785668,0.00079003663,1339,859,0,test
0.9862054,0.0021184725,0.006359097,0.0012234811,0.0010336072,0.0007885498,0.0011776225,0.0010936754,1340,78,0,test
0.98274523,0.0026200053,0.008399386,0.0013009019,0.0011442926,0.000955062,0.0015660349,0.0012690237,1341,1133,0,test
0.0028751094,0.0013578458,0.9887927,0.0023956993,0.0016291159,0.00070735445,0.0015015206,0.0007407816,1342,789,0,test
0.0012870522,0.0018979459,0.0029885673,0.0010904782,0.95456475,0.03545414,0.0011602662,0.0015569181,1343,1322,0,test
0.0033899706,0.001445181,0.9876481,0.0028982852,0.0015160235,0.00078816764,0.0014740409,0.00084015995,1344,649,0,test
0.98757076,0.002773447,0.0036687609,0.0011893073,0.00092052284,0.0009247517,0.0013063207,0.0016460916,1345,1574,0,test
0.0032554353,0.0013472388,0.98821217,0.0025671988,0.0015389846,0.00074283755,0.0015107113,0.0008254038,1346,57,0,test
0.0030151033,0.0013784273,0.98851496,0.0026261432,0.0015603562,0.0007433856,0.001414679,0.00074694486,1347,130,0,test
0.9868384,0.0018475369,0.0049244957,0.0013704455,0.0012382383,0.0011940369,0.0014760382,0.0011107152,1348,1103,0,test
0.98916936,0.0019864528,0.0029967562,0.0011419124,0.0008594883,0.00097228255,0.0014686852,0.0014050934,1349,905,0,test
0.0016280336,0.0016514672,0.00072565814,0.0035312804,0.0011577773,0.0051567154,0.0023386616,0.9838104,1350,1730,0,test
0.0027778188,0.0012634754,0.9886825,0.0026892696,0.0015606184,0.0007748986,0.0014479035,0.000803567,1351,798,0,test
0.0026255657,0.0012188068,0.98919815,0.0024242208,0.001639435,0.0007394969,0.0014493656,0.00070491113,1352,1174,0,test
0.003462867,0.0012404528,0.98762274,0.0031622753,0.0015624359,0.00072875497,0.0014132378,0.00080712565,1353,485,0,test
0.98670435,0.0029796017,0.0030771305,0.0011211099,0.0011612162,0.0012958336,0.0016668765,0.0019939265,1354,1820,0,test
0.003560293,0.0013284123,0.9878021,0.0027818878,0.0016905732,0.0006779995,0.0014225006,0.00073631713,1355,338,0,test
0.004737483,0.003009197,0.0073988056,0.0036641262,0.24446392,0.7268007,0.003981825,0.005943855,1356,373,2,test
0.0025578628,0.0014005724,0.9888841,0.0024095513,0.0016875304,0.00075625814,0.001524849,0.0007792538,1357,993,0,test
0.0023111806,0.0013193385,0.9892776,0.0025241843,0.0015910453,0.00073284045,0.0014238472,0.0008199604,1358,868,0,test
0.9867666,0.003141033,0.0034589742,0.0012193641,0.0012007708,0.0010734979,0.0013647598,0.0017750375,1359,803,0,test
0.002684497,0.0013070885,0.9889437,0.0026276594,0.0015117164,0.00075125275,0.0013535387,0.0008206351,1360,1946,0,test
0.0014937035,0.0019013351,0.001134854,0.0013867854,0.0010062773,0.0016739849,0.989702,0.0017010161,1361,457,0,test
0.981089,0.0027361207,0.009767567,0.0015817777,0.0010040435,0.0009427462,0.001762868,0.0011158412,1362,1514,0,test
0.002536915,0.0014302253,0.9886594,0.0026692452,0.0015785478,0.0007618199,0.0015073651,0.0008563893,1363,1490,0,test
0.9810037,0.0019444028,0.010434189,0.0019519608,0.0009833707,0.0010217507,0.0016295959,0.0010309857,1364,1439,0,test
0.0026219173,0.0014426111,0.98887736,0.002320366,0.001705723,0.0007822611,0.001322405,0.0009273758,1365,631,0,test
0.0028917436,0.001310183,0.98870045,0.0024155164,0.0016875354,0.00071816216,0.0015155307,0.00076098443,1366,169,0,test
0.001538455,0.0009148913,0.0018398098,0.001846714,0.0072129318,0.9824211,0.0028782939,0.001347848,1367,1112,0,test
0.0028564408,0.0012514382,0.9887326,0.0026692164,0.0015586263,0.0007177274,0.001372026,0.00084197085,1368,38,0,test
0.98112166,0.0069062365,0.002590118,0.0012608187,0.001646672,0.0019124148,0.0020781965,0.002483945,1369,690,0,test
0.98846614,0.0022950994,0.003798746,0.0009714222,0.0009612399,0.0009780803,0.0013636291,0.0011656438,1370,89,0,test
0.9857999,0.0023479632,0.0024495642,0.0009841808,0.001738951,0.0025891608,0.0021912898,0.0018989505,1371,163,0,test
0.002721409,0.0013248146,0.98896885,0.00241214,0.0016385079,0.0007767604,0.0014315621,0.0007258731,1372,1165,0,test
0.0041212207,0.0014411345,0.98695034,0.0029597697,0.0015448653,0.00072480063,0.0015013128,0.0007566788,1373,849,0,test
0.5731804,0.0077230507,0.38963413,0.014665062,0.004410427,0.002801041,0.0052917204,0.002294188,1374,1391,0,test
0.002424259,0.0013491431,0.98918915,0.0024914525,0.0016342904,0.0007233905,0.0013097897,0.0008785198,1375,1943,0,test
0.0035309393,0.001302212,0.98803127,0.0024880865,0.0016638058,0.00078484206,0.001437544,0.00076128286,1376,1058,0,test
0.98856145,0.0024893847,0.0031454607,0.0011484848,0.00097421434,0.0008457186,0.0013238142,0.001511482,1377,1117,0,test
0.98593116,0.0041929656,0.0024668267,0.0013243476,0.0011282011,0.0012510117,0.0013977945,0.0023077258,1378,1280,0,test
0.98587024,0.0034031402,0.004100921,0.0011317418,0.0015408196,0.0012330535,0.0012299238,0.0014901513,1379,1765,0,test
0.0027482803,0.0013676032,0.9885189,0.0028581924,0.0015294565,0.0007183477,0.0013687854,0.00089037523,1380,1306,0,test
0.0026700904,0.001214298,0.98914695,0.002519204,0.0015963869,0.00073366525,0.0014040477,0.00071542436,1381,491,0,test
0.0025714664,0.0014133573,0.98911464,0.0022794297,0.0016933774,0.00075006706,0.0013901534,0.0007874249,1382,481,0,test
0.002383238,0.9909786,0.0011362692,0.0014061567,0.0015184985,0.00071495736,0.0010572716,0.0008050704,1383,1501,1,test
0.009715351,0.0030506973,0.94365925,0.006073143,0.017509233,0.014348331,0.0046723294,0.00097172364,1384,330,0,test
0.16028357,0.004433796,0.79833645,0.022300137,0.004199726,0.0033570228,0.0044295355,0.0026597576,1385,1148,0,test
0.002787435,0.0014203851,0.9886798,0.0024404686,0.0016775103,0.00082053157,0.0014461492,0.00072761514,1386,28,0,test
0.0025760017,0.001401298,0.98910636,0.002369588,0.0016358759,0.0007300422,0.0014270718,0.0007537763,1387,1177,0,test
0.8993344,0.003972513,0.08141075,0.005955469,0.0022338748,0.0019182934,0.0030984115,0.0020762943,1388,1591,0,test
0.98631245,0.0027919996,0.0044249194,0.0013343927,0.0009842833,0.000994478,0.0014723766,0.0016851582,1389,1870,0,test
0.0029466683,0.0013879501,0.9887721,0.0023738777,0.0016163843,0.000709553,0.0014259509,0.00076753466,1390,916,0,test
0.001105152,0.0022057702,0.0033125184,0.0009304076,0.9460266,0.043938883,0.0010867919,0.0013938046,1391,166,0,test
0.00337243,0.0014848177,0.9878109,0.00287157,0.0016284833,0.00068147376,0.0013556809,0.00079459854,1392,1897,0,test
0.0017394688,0.0009356118,0.0018272259,0.0019380449,0.0064610494,0.98175967,0.0038591563,0.0014798483,1393,1157,0,test
0.0035524766,0.0012685532,0.9878698,0.0025387027,0.0016431343,0.00075770234,0.001650142,0.00071950146,1394,1210,0,test
0.9828729,0.0056468053,0.002555393,0.0010794977,0.0019033273,0.0017661274,0.0019614983,0.0022145072,1395,1441,0,test
0.0025229235,0.0013984499,0.98906493,0.0025402184,0.0015265348,0.00068655267,0.0015013755,0.00075894827,1396,886,0,test
0.003972821,0.0012794383,0.9868073,0.0031572094,0.001580762,0.00076816534,0.0015661542,0.000868173,1397,473,0,test
0.98769593,0.0030639963,0.0031009847,0.0011494167,0.00110847,0.0009940318,0.0012868047,0.0016004106,1398,924,0,test
0.98434246,0.002225311,0.0075652087,0.0013825146,0.0009832517,0.0008803252,0.0013338139,0.0012871664,1399,1061,1,test
0.0030628908,0.0013559363,0.98850876,0.002580929,0.0015380436,0.00073378126,0.0015007086,0.00071894936,1400,1001,0,test
0.0029120294,0.0013908072,0.98866194,0.0024194284,0.0016935713,0.0007708097,0.0012961191,0.0008553121,1401,566,0,test
0.002699743,0.0013718725,0.9890198,0.002432362,0.001650382,0.00068246067,0.0014294046,0.0007138852,1402,726,0,test
0.0026004422,0.0013829402,0.9890891,0.0025072026,0.0015418022,0.00074295385,0.0013542316,0.0007814305,1403,635,0,test
0.013308803,0.006550594,0.96270376,0.010329628,0.0026474986,0.0011043774,0.002153446,0.0012018766,1404,230,0,test
0.0030318685,0.001273069,0.9885888,0.0023658108,0.0016973498,0.0007579682,0.0014659578,0.0008192778,1405,708,0,test
0.008331444,0.31838647,0.0023090607,0.0067224167,0.008220328,0.025595108,0.025410114,0.60502505,1406,2002,0,test
0.0028894087,0.0012914609,0.9886114,0.0028999485,0.0015035981,0.00070611644,0.0013012133,0.0007968112,1407,1764,0,test
0.9829584,0.0031218587,0.007463621,0.0012652389,0.0012442684,0.0008908543,0.0017259972,0.0013297427,1408,1118,0,test
0.9859455,0.0025327923,0.0057564285,0.0012354751,0.0009709598,0.0010247689,0.0012740928,0.0012599368,1409,1513,0,test
0.0016429237,0.0018442351,0.0006424787,0.0039457697,0.0011668553,0.0044785263,0.0023207369,0.9839585,1410,1467,0,test
0.0011041798,0.002157392,0.0035533714,0.0009967263,0.94040024,0.049205486,0.0012014689,0.001381153,1411,1671,0,test
0.02456601,0.024466176,0.0072191413,0.0078266105,0.4979861,0.24988106,0.00802871,0.18002611,1412,906,0,test
0.0033704427,0.0013349893,0.98764634,0.0030142188,0.001619495,0.00077229657,0.001437265,0.0008049826,1413,1169,0,test
0.002698626,0.0013444865,0.98891664,0.0025242046,0.0015684925,0.00075566454,0.0014115464,0.0007802927,1414,1031,0,test
0.001456017,0.0018561482,0.003630528,0.0010736441,0.9499714,0.039532144,0.0011114707,0.0013686443,1415,106,0,test
0.0026744502,0.0014658949,0.9888467,0.0023969663,0.0015869812,0.00075656467,0.0015096605,0.0007627603,1416,1585,0,test
0.00083912635,0.0016208247,0.0011504784,0.002468091,0.025581492,0.93734646,0.0031105205,0.027883058,1417,547,0,test
0.001192383,0.0007548997,0.0015986264,0.0017443486,0.014409052,0.9758076,0.0019858489,0.0025072512,1418,1128,0,test
0.046472363,0.003935846,0.9211621,0.018420465,0.0029713295,0.001665739,0.003331775,0.00204043,1419,1135,0,test
0.0034670322,0.0012810801,0.988035,0.0025078733,0.0016517115,0.0007284622,0.0015736463,0.00075513014,1420,864,0,test
0.0024862278,0.001500601,0.9890059,0.0023477322,0.001656706,0.0007495473,0.0014642125,0.0007890455,1421,918,0,test
0.005245885,0.00097085634,0.002674506,0.0015532175,0.029212093,0.9547028,0.0021826618,0.0034579367,1422,1015,1,test
0.9603326,0.023366783,0.007666025,0.0018450327,0.0017692461,0.001344405,0.0016995098,0.0019763075,1423,1722,0,test
0.002582494,0.0012700676,0.9890058,0.0027815748,0.0014726457,0.00073043595,0.0013495029,0.0008075495,1424,1412,0,test
0.0033004596,0.00137373,0.9880816,0.0027063119,0.001516861,0.00073425076,0.0014943358,0.00079248584,1425,1489,0,test
0.0034452514,0.0014200459,0.98795646,0.0025661893,0.0016606308,0.00075950014,0.0013673479,0.00082457426,1426,858,0,test
0.98423636,0.0026239415,0.006319823,0.0012093856,0.0015963189,0.0012916516,0.0013633689,0.001359096,1427,1718,0,test
0.0038778933,0.0013219345,0.9865653,0.0034840098,0.0015930634,0.0007914678,0.0015277112,0.0008385264,1428,1975,0,test
0.002816089,0.0014073203,0.988677,0.0024505628,0.0016867514,0.0007325454,0.0014508265,0.00077891524,1429,824,0,test
0.98436683,0.004602619,0.0026192153,0.0014712258,0.0012501047,0.0013112042,0.0016606526,0.0027181506,1430,1362,0,test
0.0025593992,0.0014888558,0.98861516,0.0027368064,0.0015472883,0.0007504304,0.001443504,0.00085863256,1431,710,0,test
0.0019331977,0.0010506184,0.0022351607,0.0022868812,0.006811348,0.98003197,0.0040812315,0.0015696698,1432,694,0,test
0.0026535052,0.0013631396,0.98896396,0.002440835,0.0015813608,0.0007373963,0.0014883424,0.0007715541,1433,439,0,test
0.0029859063,0.0013867716,0.98808086,0.0029805973,0.0015089101,0.00069326547,0.0015016735,0.00086199166,1434,258,0,test
0.0006211898,0.0007451918,0.0008807187,0.0011136694,0.019828238,0.97329456,0.0020525646,0.001463835,1435,74,0,test
0.9877539,0.002145629,0.0035489094,0.0013494571,0.0008449162,0.00083285244,0.0022222723,0.001302067,1436,1881,0,test
0.0031554035,0.990316,0.0011981755,0.0010394194,0.0016892157,0.0008248434,0.0010446976,0.0007321866,1437,429,0,test
0.0036589697,0.0016207488,0.98364484,0.0063998834,0.0018839577,0.0008001858,0.0012902267,0.0007011504,1438,382,0,test
0.988617,0.0030311611,0.0024756824,0.0009900553,0.001049032,0.0010122596,0.0014974637,0.0013273982,1439,173,0,test
0.0026735538,0.002359764,0.0048960424,0.0011840764,0.9487217,0.036923006,0.0012687074,0.0019730194,1440,1011,0,test
0.98884916,0.002370434,0.0030766283,0.0011226471,0.00095658266,0.000948837,0.0013117442,0.0013639962,1441,1957,0,test
0.9833191,0.005785479,0.0020561062,0.0011217478,0.0015218895,0.0017278519,0.0017724378,0.0026953467,1442,1444,0,test
0.000760057,0.0011767246,0.0011238026,0.0011519162,0.09296178,0.9002343,0.0012600664,0.0013313922,1443,1554,0,test
0.0034584827,0.00140538,0.9881066,0.0024772813,0.0015822524,0.00075725507,0.0014561005,0.0007565386,1444,1422,0,test
0.0025722464,0.0014393365,0.9888911,0.0024571456,0.0016050743,0.0007639623,0.0015240614,0.00074705976,1445,574,0,test
0.104959495,0.0047380435,0.8650895,0.013700016,0.003787114,0.0019133141,0.004079847,0.0017327266,1446,61,0,test
0.0017522345,0.002066791,0.0011929298,0.0013768749,0.0011235791,0.0019665714,0.98832023,0.0022008847,1447,1252,0,test
0.0025440902,0.001256994,0.98914754,0.002687005,0.0015226319,0.0007373169,0.0012655829,0.0008389367,1448,846,0,test
0.16762549,0.005205393,0.79477113,0.019746514,0.0034936727,0.0023603844,0.0041948226,0.0026026755,1449,1534,0,test
0.0030179203,0.001455146,0.9881032,0.002730493,0.0015591941,0.00072895654,0.0016144993,0.0007905967,1450,1931,0,test
0.0022185876,0.0013211713,0.9896797,0.0022860102,0.0016595477,0.00076113694,0.0012702551,0.00080370234,1451,271,0,test
0.0030947654,0.0013910774,0.9884354,0.0024529868,0.00157389,0.00076963165,0.0014703281,0.0008119663,1452,1347,0,test
0.0025267124,0.001358447,0.98907906,0.0024135513,0.001644839,0.000747817,0.0014505566,0.00077892706,1453,36,0,test
0.98689216,0.0027828529,0.0033909052,0.0009940477,0.0012928452,0.001357947,0.0014048634,0.0018843887,1454,1559,0,test
0.0036429947,0.0012433028,0.9876387,0.0030070846,0.0015099029,0.0006717047,0.0015278861,0.00075845217,1455,640,0,test
0.0027828277,0.0012105247,0.9888754,0.0026540773,0.0015433057,0.0007624355,0.0013791487,0.00079238234,1456,1856,0,test
0.0030424746,0.0012460911,0.98852485,0.002681168,0.0015396264,0.00071440934,0.0015006213,0.0007507387,1457,1487,0,test
0.9642865,0.0031271991,0.025603296,0.0018237103,0.0012192484,0.0011347393,0.001721741,0.0010836001,1458,947,0,test
0.0025941748,0.00135769,0.9886613,0.0027796647,0.0015707345,0.0007729528,0.001377369,0.0008861186,1459,1614,0,test
0.9833686,0.003477337,0.0047176844,0.0014067114,0.0014970775,0.001693784,0.002125249,0.001713441,1460,714,0,test
0.0011221052,0.0020462824,0.0023073845,0.0011056353,0.9286004,0.06179754,0.0012533756,0.0017673178,1461,188,0,test
0.0024565086,0.0015385996,0.98909444,0.0022928894,0.0016217983,0.0007437025,0.0014609185,0.00079105626,1462,891,0,test
0.0033407647,0.0012903357,0.98769546,0.0025370312,0.0020175185,0.0008454731,0.001581668,0.0006916867,1463,441,0,test
0.003574845,0.001382995,0.9878506,0.00289021,0.0015557434,0.0006858389,0.001265419,0.0007943103,1464,1371,0,test
0.0025168618,0.0013672069,0.989057,0.0025199444,0.0015839896,0.00072250894,0.0014300168,0.00080239016,1465,653,0,test
0.0024564243,0.0014070366,0.988995,0.002380234,0.0016791257,0.000741732,0.0015859095,0.00075440586,1466,736,0,test
0.0016310607,0.0020504063,0.00068478246,0.004346895,0.0011999295,0.0041978126,0.0022418671,0.98364717,1467,1857,0,test
0.0032261873,0.0014956805,0.9880205,0.002506367,0.0016251298,0.00077041605,0.0016100758,0.0007457517,1468,1646,0,test
0.0032001294,0.0012650342,0.9883007,0.0026640648,0.0015950272,0.00070999365,0.0014834161,0.0007817009,1469,704,0,test
0.002896988,0.0012703849,0.98872876,0.0026568111,0.0015332353,0.0007203345,0.0013410837,0.0008524101,1470,1939,0,test
0.008246367,0.0020488654,0.978011,0.0061191423,0.0016954317,0.0009463188,0.0020321805,0.00090073975,1471,1354,0,test
0.002297461,0.0013283212,0.98951715,0.0021668607,0.0018520097,0.00075522583,0.0013345302,0.00074844476,1472,398,0,test
0.9838576,0.0026773086,0.0074211587,0.0012361929,0.0012963496,0.0009621417,0.0012857456,0.001263571,1473,1062,0,test
0.98298323,0.0047389073,0.0033273625,0.001219589,0.0017089623,0.0016992859,0.0023034285,0.0020192522,1474,800,0,test
0.98609155,0.004266089,0.0023343721,0.0011330824,0.001282772,0.0012640641,0.0014062515,0.0022218388,1475,1540,0,test
0.9884919,0.0028181877,0.0025540297,0.0011004457,0.001023739,0.0010305519,0.0013245262,0.001656637,1476,595,0,test
0.9866632,0.0026940296,0.0043469956,0.001209889,0.0010328674,0.0009901297,0.0014308157,0.0016320305,1477,112,0,test
0.0027998735,0.0013492308,0.98865217,0.002663022,0.0016142181,0.00078414683,0.0013940979,0.00074326224,1478,403,0,test
0.9883483,0.0027615493,0.0033057546,0.0009925843,0.0010756078,0.000865257,0.0015686746,0.0010823152,1479,1962,0,test
0.01566593,0.0024954947,0.95651925,0.017043792,0.0024007706,0.0013587776,0.003158305,0.0013576486,1480,939,0,test
0.98845917,0.0025762576,0.0031722737,0.0010780115,0.0009733697,0.00094145397,0.001312359,0.001487031,1481,583,0,test
0.0032754324,0.0012185375,0.9878418,0.0030580654,0.0016589162,0.0007716631,0.0013535355,0.0008220976,1482,1971,0,test
0.0027867632,0.0013223491,0.9886839,0.0025505202,0.0016756265,0.00082955544,0.0013905939,0.0007605945,1483,88,0,test
0.0046889666,0.0017304001,0.98606896,0.0029126175,0.0016374274,0.0007281433,0.0014758449,0.0007576516,1484,822,0,test
0.029483533,0.7967017,0.007712165,0.0065142545,0.00984301,0.10168733,0.035872124,0.012185938,1485,1562,1,test
0.9867352,0.0015931872,0.0050180387,0.0015070816,0.0011433699,0.0012552385,0.0016680257,0.0010798004,1486,1969,0,test
0.0026182565,0.0013818872,0.9889446,0.0023614296,0.0016689348,0.00078828575,0.0014532635,0.0007833012,1487,729,0,test
0.98795044,0.0022188323,0.0030866193,0.0010421439,0.0014060856,0.0013800741,0.0013294237,0.0015863996,1488,480,0,test
0.0028376898,0.0012693923,0.988841,0.002500681,0.0015950411,0.0007176668,0.0014812633,0.0007572323,1489,1233,0,test
0.002351372,0.001269908,0.98929465,0.0023620164,0.0017239647,0.0007755223,0.0013623885,0.00086023693,1490,1281,0,test
0.0027163168,0.0013216946,0.98876244,0.002464262,0.0016330092,0.00069263636,0.0016207878,0.0007888519,1491,11,0,test
0.0030390718,0.0014620292,0.98834014,0.0024236697,0.0016101683,0.0007440984,0.0015796649,0.00080106215,1492,383,0,test
0.0027126323,0.0011882848,0.98891443,0.0026334422,0.0015353196,0.00075223023,0.0013982417,0.00086537213,1493,277,0,test
0.0026152933,0.0014165891,0.9889382,0.002526237,0.0015895319,0.0007496833,0.001398008,0.00076646905,1494,1032,0,test
0.0033806115,0.99002457,0.001206077,0.0010794537,0.0017148763,0.0008321992,0.0010654257,0.000696826,1495,1151,0,test
0.002908221,0.0011965072,0.98852974,0.00282319,0.0015939202,0.000751174,0.0013960465,0.0008011494,1496,1394,0,test
0.98711884,0.0028733194,0.0042352933,0.0012462183,0.0009836225,0.00087426684,0.001289347,0.0013790248,1497,1789,0,test
0.0022297197,0.9908311,0.0011516109,0.0016309688,0.0015348757,0.0008548073,0.00089932926,0.00086755597,1498,1404,0,test
0.98848325,0.0027980765,0.0030329793,0.0009620077,0.0010673337,0.0009223611,0.0012768302,0.0014570648,1499,668,0,test
0.0025682817,0.0013054304,0.9891115,0.00261824,0.0015091953,0.0007094054,0.0014260955,0.00075179053,1500,1676,0,test
0.0031884655,0.0013571968,0.98801196,0.0029255154,0.0015481025,0.00077517336,0.0013759618,0.0008176476,1501,1928,0,test
0.0012130155,0.0019955775,0.0024090987,0.0011306397,0.84963477,0.14028005,0.0014911062,0.0018458662,1502,667,0,test
0.0025388221,0.0013352714,0.9890093,0.0024507574,0.0016595105,0.000745906,0.0014792396,0.000781056,1503,825,0,test
0.9605522,0.0024377443,0.028067667,0.0028878532,0.0014579576,0.001323833,0.0018840653,0.0013886245,1504,1450,0,test
0.0020280324,0.99151623,0.0009275558,0.0012713351,0.0015042592,0.00082508626,0.0010735659,0.00085385755,1505,156,0,test
0.0038178014,0.001280524,0.98693293,0.003193076,0.0015963592,0.0007468081,0.001607378,0.00082507933,1506,869,0,test
0.9894084,0.002059013,0.0032088764,0.0009920506,0.0007717747,0.0007670807,0.0013459307,0.0014468428,1507,1618,0,test
0.98634106,0.003974346,0.0025540176,0.001136623,0.0011754952,0.0012731552,0.0014313528,0.0021139684,1508,251,0,test
0.98778665,0.0029403504,0.0029677702,0.0012852411,0.0009158465,0.0009309076,0.0014787444,0.0016945532,1509,327,0,test
0.0023908755,0.0014747586,0.9892916,0.0023008068,0.0016174926,0.0007021442,0.0014196952,0.0008025969,1510,1933,0,test
0.98718774,0.0036259538,0.0027409815,0.0010350809,0.001240192,0.0011616609,0.0013052736,0.00170307,1511,1008,0,test
0.0026005316,0.0011971301,0.0030309698,0.0027606022,0.0066458597,0.9776498,0.004552062,0.0015630346,1512,496,0,test
0.95398486,0.003423064,0.021267358,0.0025394724,0.0022302328,0.0026870514,0.0121427905,0.0017252067,1513,1304,0,test
0.9880675,0.002448418,0.0035493032,0.0011038473,0.0009797851,0.00103444,0.00128034,0.0015364555,1514,984,0,test
0.0025345266,0.001286517,0.989037,0.0026534074,0.0015445614,0.0007443891,0.0013639282,0.0008358109,1515,744,0,test
0.9871881,0.0029924244,0.0029138187,0.001292913,0.0013413443,0.0011674436,0.0013711135,0.0017329316,1516,1791,0,test
0.98285794,0.00330826,0.006055267,0.0016468305,0.0012670088,0.0011133404,0.002149002,0.0016022755,1517,737,0,test
0.0025009087,0.0014451095,0.98914707,0.0023178193,0.0016698982,0.00074185216,0.0013922536,0.00078512536,1518,1203,0,test
0.98707306,0.0033074142,0.0024397892,0.0012522392,0.0010101252,0.0011316966,0.0015684447,0.0022171156,1519,1163,0,test
0.0031473555,0.001450944,0.9881491,0.0024209144,0.0016434593,0.0008201099,0.0015375045,0.00083073357,1520,1511,0,test
0.013132316,0.0021676961,0.96044046,0.016618805,0.0021682389,0.0012771684,0.0027329784,0.0014623795,1521,1087,0,test
0.0011676262,0.0020118412,0.0031581838,0.0009791563,0.9137153,0.075931825,0.00115007,0.0018859742,1522,502,0,test
0.9759226,0.0073747123,0.006089952,0.0015712663,0.0025278027,0.0019535052,0.0017415304,0.0028186492,1523,22,0,test
0.0015372939,0.0017446956,0.00075937575,0.0035804783,0.0011894602,0.004608155,0.0020841123,0.9844965,1524,347,0,test
0.0071615702,0.0015474983,0.9811647,0.00444127,0.0018990193,0.0008574057,0.002090787,0.00083776127,1525,1234,0,test
0.0029665504,0.0013777748,0.9885225,0.0025240735,0.001573075,0.0007750105,0.0014281321,0.0008329224,1526,1268,0,test
0.0014954971,0.0019249988,0.00070277706,0.0037409896,0.0012435473,0.004119856,0.002178722,0.98459363,1527,1728,0,test
0.010102607,0.0023122362,0.96923214,0.011734219,0.0023141676,0.00095447444,0.002132284,0.0012178819,1528,332,0,test
0.0026329497,0.0014361112,0.9890267,0.0023408139,0.0016032999,0.0007186085,0.0014816447,0.00075982563,1529,416,0,test
0.98518443,0.0025818045,0.006232183,0.0011221657,0.001243134,0.00085884205,0.0017440948,0.0010333292,1530,455,1,test
0.9865427,0.0029496038,0.0026858894,0.001057706,0.0016625584,0.001866007,0.0014900498,0.0017455054,1531,213,0,test
0.9868552,0.0033903648,0.0027236657,0.0011113508,0.0012769668,0.001244038,0.0014330415,0.0019652918,1532,885,0,test
0.0020502938,0.99011606,0.00143015,0.0014926406,0.0024538336,0.0008517091,0.00090444006,0.00070087187,1533,1185,0,test
0.98520887,0.0037036152,0.0031491807,0.0012654301,0.0013349472,0.0014989154,0.0015223854,0.0023167692,1534,1639,0,test
0.013913877,0.0023882077,0.96256393,0.012259535,0.0033916726,0.0016988949,0.0025349143,0.0012490326,1535,980,0,test
0.9864543,0.002532418,0.005220298,0.0011722341,0.0009568973,0.0008504914,0.0013933221,0.0014200186,1536,928,0,test
0.002611468,0.001340685,0.98908114,0.002389797,0.0016421982,0.00072972185,0.0014498328,0.00075521815,1537,92,0,test
0.009215706,0.703313,0.0030635057,0.00245717,0.005831309,0.0077388114,0.25888836,0.009492127,1538,977,0,test
0.98371255,0.0020661466,0.008682487,0.0013174046,0.0010159262,0.00079537183,0.0014216745,0.0009884926,1539,1036,0,test
0.98795146,0.0027624383,0.0028622756,0.001020298,0.0012969272,0.0012152827,0.0013853303,0.0015060465,1540,1057,0,test
0.0028735516,0.001297898,0.98887163,0.0024314933,0.001639126,0.000717545,0.0014611877,0.0007075671,1541,1628,0,test
0.985013,0.0042848056,0.002709871,0.0012886649,0.001310138,0.0013821527,0.0016043598,0.0024070882,1542,1264,0,test
0.9883774,0.0018875388,0.0042533767,0.0010907112,0.00074199383,0.0008232842,0.0014631682,0.0013625338,1543,674,0,test
0.98467433,0.0045398585,0.002517099,0.0012925499,0.0013551381,0.0015608206,0.0019981295,0.0020619796,1544,1840,0,test
0.9873176,0.0030234226,0.0030556791,0.0012176139,0.0011006884,0.0011133545,0.0014944597,0.0016771398,1545,965,0,test
0.0027051414,0.0013026701,0.9887988,0.0025118953,0.0016514119,0.0008183112,0.0013907297,0.00082120846,1546,1411,0,test
0.96569574,0.008297017,0.011148737,0.0055175493,0.00154802,0.001500158,0.0028807907,0.0034119233,1547,150,0,test
0.00359073,0.001418589,0.9875789,0.0029005734,0.0014796726,0.00078985665,0.0013796103,0.0008619195,1548,1063,0,test
0.0009681887,0.0007027699,0.0011838384,0.0012544501,0.008929726,0.9839191,0.001640256,0.0014016734,1549,1762,0,test
0.9809436,0.005488248,0.002932121,0.0019386809,0.0016927499,0.0017088294,0.00207429,0.0032213414,1550,2008,0,test
0.0027271204,0.001409127,0.98856795,0.0024330192,0.0017306337,0.00075522915,0.0015370073,0.0008399017,1551,764,0,test
0.0031376167,0.0013628801,0.9885787,0.00241154,0.0016826267,0.0007762277,0.0013147119,0.0007357602,1552,559,0,test
0.0028695033,0.0012825921,0.9888073,0.0026211191,0.0016001913,0.00072618003,0.0013338475,0.00075922284,1553,1423,0,test
0.002767944,0.0014964591,0.9886352,0.002557131,0.0015793229,0.0007393368,0.0013507789,0.0008738289,1554,680,0,test
0.98682517,0.0034142374,0.0032054053,0.0010524809,0.001360636,0.001141893,0.0013942993,0.0016059256,1555,1172,0,test
0.0026799748,0.0011808752,0.98910356,0.0025224483,0.0016342129,0.00074569194,0.0014188393,0.00071436045,1556,1251,0,test
0.0027676923,0.0014431411,0.9887517,0.0024197795,0.0016640984,0.0007215627,0.0014114677,0.0008206625,1557,1712,0,test
0.9880475,0.0028792687,0.0034749894,0.0010084265,0.0010851941,0.0008616794,0.0012710267,0.0013719707,1558,1217,0,test
0.002943562,0.0014234693,0.98828053,0.0026064739,0.0015249468,0.00074863376,0.001491965,0.000980484,1559,469,0,test
0.002600303,0.0014422284,0.98892385,0.002268764,0.001698508,0.000769304,0.0013979397,0.00089907006,1560,538,0,test
0.0031566715,0.001443954,0.9878302,0.0027264059,0.0016998309,0.00079422846,0.0016221531,0.0007265886,1561,1104,0,test
0.017261092,0.0025032684,0.9609852,0.011898823,0.0024808762,0.0011668339,0.0022179105,0.0014859153,1562,1083,0,test
0.0025246548,0.9904518,0.0008625464,0.0012723372,0.0011941217,0.0008974873,0.0014782246,0.0013188604,1563,776,0,test
0.003458811,0.0012734829,0.98775846,0.0027713787,0.0016295954,0.0007533567,0.0015168344,0.0008379532,1564,493,0,test
0.9868622,0.0029967378,0.0034120153,0.0010586833,0.0011524397,0.0013046591,0.0015258822,0.0016873338,1565,612,0,test
0.0028419474,0.0013655872,0.98884714,0.0024457003,0.0015386046,0.0007310682,0.0014719951,0.0007580268,1566,1523,0,test
0.9848622,0.0032473125,0.005515395,0.0012013385,0.0013585977,0.0010762424,0.0013567696,0.0013821177,1567,1834,0,test
0.0029854837,0.0013110777,0.98824453,0.0026886861,0.0016764624,0.000737991,0.0015085945,0.000847121,1568,1984,0,test
0.037835605,0.0015469008,0.90523106,0.023460703,0.006179115,0.011653776,0.008507298,0.0055855466,1569,1113,0,test
0.98745847,0.0028489141,0.0039859447,0.0010035909,0.0012602408,0.0009709828,0.0012291181,0.0012426955,1570,765,0,test
0.0023018944,0.0014521278,0.9892727,0.002432877,0.0016615029,0.0007128074,0.0014001483,0.00076591264,1571,114,0,test
0.9823006,0.0059452364,0.0028271482,0.0011882635,0.0014621313,0.001432145,0.0015319762,0.003312581,1572,1449,0,test
0.003325903,0.0012570431,0.9882621,0.0025883862,0.0016253303,0.0007293154,0.0014851779,0.00072666927,1573,716,0,test
0.9822495,0.002034854,0.009234924,0.001645272,0.0009283636,0.00087559916,0.0015582524,0.0014733368,1574,1737,0,test
0.004568379,0.0015088165,0.985898,0.0034546016,0.0014619203,0.00074214017,0.001512566,0.0008535735,1575,1046,0,test
0.9869828,0.0027086446,0.0032415246,0.0014142521,0.0011072757,0.0010778755,0.0015435312,0.0019240698,1576,805,0,test
0.9893058,0.0020930474,0.0031594685,0.0009854888,0.00085962046,0.00084193173,0.0014482929,0.0013062361,1577,117,0,test
0.0032294723,0.0012167188,0.9881512,0.0025761991,0.0016328947,0.0007800874,0.0016401404,0.00077332393,1578,634,0,test
0.0030496686,0.0014689978,0.988482,0.0023344853,0.0016340506,0.00078157225,0.0013603291,0.00088888063,1579,1959,0,test
0.0042178985,0.0019016924,0.98310584,0.003813591,0.002226458,0.000894985,0.0030178276,0.0008218321,1580,614,0,test
0.027843677,0.0031996695,0.94116324,0.018489469,0.0027972853,0.001597445,0.0029317061,0.0019774728,1581,359,0,test
0.0022565962,0.00316239,0.0010815378,0.0011658962,0.0012245318,0.0023197373,0.98464394,0.00414544,1582,262,0,test
0.002765112,0.0012450672,0.98885775,0.0025270204,0.0015838442,0.0007620832,0.0014961745,0.00076296926,1583,633,0,test
0.0030119156,0.0012822052,0.9888099,0.0023710283,0.0015882886,0.00072189665,0.0014627263,0.00075210334,1584,907,0,test
0.9858612,0.003384615,0.00446225,0.00092443347,0.0012868872,0.0010805569,0.0017586519,0.0012414108,1585,797,0,test
0.0027367866,0.0013092551,0.9889443,0.002527749,0.0015117871,0.000762673,0.0014190628,0.0007884242,1586,840,0,test
0.0028798475,0.0013722118,0.98858494,0.002541305,0.0015858971,0.0007651296,0.0014265324,0.0008441441,1587,46,0,test
0.9877769,0.0028385017,0.003855384,0.0010688993,0.0009451522,0.00082959107,0.0012695503,0.0014160722,1588,1329,0,test
0.002743255,0.0013183594,0.9890399,0.0022801952,0.0016537998,0.0007896537,0.0014144438,0.00076040474,1589,1752,0,test
0.9823584,0.0022738269,0.009443694,0.0013636088,0.0010675099,0.000836801,0.0015812248,0.0010748263,1590,960,0,test
0.9481519,0.0036089825,0.006286277,0.0027284476,0.008350132,0.02192546,0.006425227,0.0025235543,1591,850,0,test
0.014504089,0.004168361,0.9639451,0.009026683,0.001993603,0.001520119,0.0037333993,0.0011086938,1592,749,0,test
0.0029967162,0.0012124648,0.98862565,0.0025068452,0.0015783577,0.0007496583,0.0015952936,0.0007350937,1593,1179,0,test
0.9875252,0.002987781,0.0032740503,0.0011039008,0.0009149146,0.0010184243,0.0013878501,0.00178787,1594,1090,0,test
0.98029536,0.0029111092,0.009326892,0.0016251946,0.0013861032,0.0012463798,0.001675151,0.0015338047,1595,4,0,test
0.9834747,0.0032550178,0.004206746,0.0015617851,0.0014775527,0.0013587652,0.0025214863,0.0021440093,1596,972,0,test
0.0029780206,0.0011628296,0.988301,0.0028082153,0.0015526242,0.0008430506,0.0014546901,0.0008995755,1597,1714,0,test
0.0025525815,0.0014893322,0.98864996,0.00280983,0.0015941497,0.00073442026,0.0012659968,0.0009036052,1598,1768,0,test
0.9863631,0.001562116,0.005512515,0.0013957567,0.0012167755,0.0010704107,0.0018304223,0.0010488476,1599,257,0,test
0.003314666,0.001204377,0.9881314,0.0028960167,0.0014859504,0.0007591251,0.0014290797,0.0007794058,1600,1612,0,test
0.012416776,0.002449349,0.9702092,0.008163426,0.0019015212,0.001158981,0.0025036715,0.0011970729,1601,1880,0,test
0.0024226306,0.0014109391,0.98908013,0.0024800166,0.0016415013,0.00072426395,0.001465215,0.0007753146,1602,428,0,test
0.9888304,0.002538634,0.002487942,0.00085294415,0.0013012725,0.0010975604,0.001527817,0.0013634735,1603,971,0,test
0.0028092093,0.0013795636,0.98865265,0.0026818393,0.0015608824,0.0007672751,0.0013522553,0.00079631497,1604,1042,0,test
0.0029805456,0.0012425475,0.98864824,0.0026809478,0.0015988128,0.0007328447,0.0013419563,0.0007741222,1605,812,0,test
0.002439298,0.0014511198,0.9890513,0.0025141651,0.0016592565,0.0006847349,0.0013816422,0.0008184753,1606,1837,0,test
0.0021155255,0.0011618239,0.0010668326,0.0072701965,0.0012334104,0.0109733995,0.00586328,0.97031546,1607,296,0,test
0.0022380273,0.9906001,0.0013526932,0.0014074983,0.002127088,0.0007658447,0.00086234935,0.000646368,1608,1321,0,test
0.0035101052,0.0013294464,0.98789155,0.0025568395,0.0016996306,0.0008053121,0.0014061171,0.00080095825,1609,1600,0,test
0.0027744377,0.0013094764,0.9887234,0.0026306428,0.0015554118,0.00073074317,0.0014135543,0.00086227333,1610,305,0,test
0.001878125,0.9913607,0.0011981219,0.0013317107,0.0017511802,0.0007374421,0.0010707435,0.0006719358,1611,146,0,test
0.003130018,0.0013144442,0.98823357,0.002573358,0.0016976739,0.0007945698,0.0013740043,0.00088235067,1612,1111,0,test
0.0033103286,0.0012679201,0.9880932,0.0026862076,0.0016057702,0.0007775762,0.0013832813,0.00087566377,1613,1173,0,test
0.002904387,0.0013172713,0.988751,0.0025153572,0.0015418502,0.00071757106,0.0014145006,0.0008380096,1614,553,0,test
0.002676572,0.001415679,0.98862433,0.0025519226,0.0016933703,0.0007855731,0.0014290061,0.0008234985,1615,50,0,test
0.0024345154,0.0014933544,0.98933625,0.0022658273,0.0016102778,0.0006916656,0.0014013123,0.00076675345,1616,1595,0,test
0.003524056,0.0013121531,0.98780465,0.0026669858,0.0016748455,0.0007674538,0.001485887,0.00076404377,1617,702,0,test
0.0028665618,0.0012871277,0.9887432,0.0025835815,0.0015046333,0.00077251013,0.0014030209,0.00083937147,1618,808,0,test
0.98548985,0.0031016748,0.004523422,0.0012187391,0.0014453044,0.001298002,0.0013993677,0.0015236216,1619,1333,0,test
0.0051059863,0.0012844444,0.9817209,0.005835687,0.0018928497,0.0012272107,0.002221717,0.0007111121,1620,1079,0,test
0.0027353507,0.0013264248,0.98877853,0.002710589,0.0015236939,0.00070926466,0.0013736906,0.00084250723,1621,1127,0,test
0.0031119275,0.0013486396,0.9884693,0.0024141276,0.001653687,0.00076895586,0.0013648748,0.00086849224,1622,453,0,test
0.01342745,0.003253876,0.960748,0.0148605015,0.003713618,0.0013428731,0.0018839643,0.0007696983,1623,941,0,test
0.9885562,0.0022752322,0.0028465353,0.0011715308,0.0009698125,0.0010994957,0.0014617891,0.001619393,1624,632,0,test
0.98415345,0.0021493814,0.007869233,0.0012709931,0.0011040084,0.0009125167,0.0013810559,0.0011594928,1625,386,0,test
0.0026769643,0.0014718461,0.98879427,0.0023454272,0.0016544088,0.0007709081,0.001345531,0.00094061875,1626,492,0,test
0.0020990574,0.0017874372,0.0014415774,0.9827794,0.0009827217,0.0021039094,0.0015077066,0.0072981184,1627,312,0,test
0.0008089575,0.00080317364,0.0013943024,0.0018164677,0.010739331,0.98047787,0.0025917059,0.0013680855,1628,19,0,test
0.9866654,0.0023589146,0.005892238,0.0010888801,0.0010306818,0.0007450202,0.0011982755,0.0010205999,1629,662,0,test
0.0023327349,0.0015126779,0.989335,0.0023006971,0.001644322,0.00070571934,0.001399268,0.0007695376,1630,35,0,test
0.002905484,0.0012684353,0.9887736,0.0027215672,0.0015159957,0.00065470935,0.0014293896,0.0007308211,1631,876,0,test
0.002726664,0.0014122319,0.98858774,0.0027479145,0.0015960627,0.0007142078,0.0013920815,0.00082314137,1632,1824,0,test
0.0020357822,0.0033370066,0.0011519096,0.0012454722,0.0013343462,0.002289744,0.98702663,0.0015791506,1633,802,0,test
0.9881153,0.0029859222,0.0024819311,0.0011436421,0.0009300059,0.0010026761,0.0014025444,0.001938029,1634,1845,0,test
0.988193,0.002232151,0.0028957485,0.0013566451,0.00078896206,0.00096663676,0.0018059849,0.0017609288,1635,393,0,test
0.0027447098,0.0013610085,0.9889002,0.0025378207,0.0015562532,0.00073842716,0.0013323869,0.00082927966,1636,892,0,test
0.9896768,0.001976212,0.0029983912,0.0008676893,0.0010641696,0.0010336397,0.0011809514,0.0012021264,1637,517,0,test
0.9883327,0.0027534403,0.0026613781,0.0010784693,0.0011154524,0.0011151236,0.0013468884,0.0015965253,1638,734,0,test
0.00063008437,0.00083321746,0.0008466221,0.00095256965,0.019549083,0.97467494,0.001186023,0.0013276065,1639,1956,1,test
0.9875852,0.00286523,0.0028494755,0.0012537333,0.0009254312,0.001015249,0.0016406459,0.0018650702,1640,1028,0,test
0.0025484788,0.0013169224,0.9888454,0.0024478675,0.0017243392,0.00075931445,0.0015364889,0.00082124054,1641,1159,0,test
0.0019502083,0.00166024,0.0020565004,0.9861394,0.0009616167,0.0015418624,0.002005798,0.0036843715,1642,241,0,test
0.0020205267,0.0009451225,0.0021985634,0.0025061497,0.008146957,0.9790885,0.0037812237,0.0013129769,1643,1370,0,test
0.8968078,0.0048266705,0.0844842,0.0047359825,0.0019218549,0.0013443613,0.0041594417,0.0017196297,1644,1091,0,test
0.0025001846,0.9909582,0.0011916058,0.0012078035,0.001601621,0.0008320431,0.0009640324,0.0007444984,1645,759,0,test
0.98437357,0.0025427316,0.006141832,0.0015105701,0.0011575874,0.0011783936,0.0015999892,0.0014952632,1646,1786,0,test
0.004003043,0.0014110606,0.9872596,0.0025482078,0.0016641665,0.00080602756,0.0014909272,0.00081697555,1647,471,0,test
0.98226744,0.0029808714,0.006532263,0.0015069225,0.0012961145,0.0015670822,0.0021665029,0.0016828172,1648,151,0,test
0.9840657,0.0052110567,0.0035164922,0.0010856347,0.0015591608,0.0013756376,0.0014982423,0.0016880337,1649,932,0,test
0.0015888591,0.0015170315,0.00087566115,0.004357524,0.0018778512,0.020426422,0.0028465712,0.9665101,1650,827,0,test
0.987715,0.0034816954,0.0022311418,0.001160833,0.0010275019,0.001076617,0.0014698738,0.0018371899,1651,1267,0,test
0.98405,0.002228541,0.007674024,0.0013927106,0.0011216584,0.00092939683,0.0013983343,0.0012053308,1652,604,0,test
0.0029273136,0.0013662626,0.98873436,0.0024714244,0.001621862,0.0007659559,0.0013461784,0.00076672435,1653,663,0,test
0.0026936796,0.0014122652,0.9888232,0.0025177335,0.0015896342,0.00076240615,0.0013752206,0.00082590187,1654,1604,0,test
0.026387053,0.0031354362,0.95069104,0.011877112,0.0025824066,0.0012847518,0.0028044234,0.001237811,1655,548,0,test
0.987643,0.0029386112,0.0031084218,0.0010643761,0.0009439428,0.0010139156,0.001547224,0.0017405954,1656,1960,0,test
0.0022485452,0.0013703376,0.98947513,0.0022079921,0.001917606,0.00075649295,0.0012616066,0.00076223793,1657,17,0,test
0.0032419327,0.010413902,0.00276801,0.005761831,0.09938833,0.41949406,0.005442824,0.45348912,1658,124,0,test
0.0025929157,0.98946625,0.00095074164,0.0010220009,0.0016375288,0.00093194644,0.002333228,0.0010653327,1659,1302,0,test
0.0024347529,0.0014259561,0.98933417,0.0022737915,0.0016184812,0.0007297161,0.0014119713,0.0007711286,1660,1236,0,test
0.611546,0.35854217,0.010769863,0.0024486284,0.0069377776,0.0026971211,0.0031981322,0.0038602708,1661,1993,0,test
0.003345332,0.0014027089,0.9880436,0.002530104,0.0015979995,0.0007619839,0.001594404,0.00072385074,1662,899,0,test
0.0028116573,0.0013034795,0.9888194,0.0025446182,0.0015133806,0.00076805725,0.001430774,0.0008085808,1663,950,0,test
0.0027546093,0.0013554239,0.9889197,0.0024532266,0.0016237199,0.0007382002,0.0013674025,0.0007877011,1664,247,0,test
0.009565613,0.0020139883,0.9702426,0.011271961,0.0023083135,0.0011297752,0.0020934197,0.0013743078,1665,187,0,test
0.0030031947,0.0014012507,0.0041255476,0.0032212052,0.007635933,0.97281253,0.006074824,0.0017255892,1666,1102,0,test
0.0026674387,0.0012336764,0.98878586,0.0024102335,0.0018065266,0.0009694062,0.0013724606,0.00075430283,1667,961,0,test
0.32117045,0.64840406,0.013514254,0.003016141,0.0057841185,0.002547608,0.0028834147,0.0026799545,1668,677,0,test
0.03208168,0.0073129283,0.9422953,0.010015015,0.0033234383,0.001279579,0.0026162402,0.001075768,1669,1704,0,test
0.0035506466,0.0012793334,0.9871975,0.0033265813,0.0016553625,0.0007622755,0.0014027138,0.0008256013,1670,585,0,test
0.00136552,0.0008659681,0.0019076343,0.002196015,0.009955021,0.97929,0.0033333392,0.0010865247,1671,177,0,test
0.079540424,0.004732849,0.88666826,0.01755234,0.0035592383,0.0021103614,0.0039404486,0.001896091,1672,293,0,test
0.0031241474,0.001224483,0.9882704,0.0026142627,0.0016911778,0.00074269436,0.0016093162,0.0007235727,1673,478,0,test
0.0034423799,0.002114516,0.0024813137,0.98278725,0.0010134825,0.0019072486,0.0028268595,0.0034269488,1674,1741,0,test
0.002670365,0.0019385086,0.0020132088,0.9850584,0.0010576356,0.001973624,0.0021443907,0.0031438328,1675,1753,0,test
0.0029507785,0.0012109942,0.9885766,0.0028086596,0.0015440271,0.0007345146,0.0013266213,0.00084780616,1676,1707,0,test
0.0034853092,0.0012351145,0.98739314,0.0030468658,0.0016411743,0.00080027484,0.0015695352,0.0008285519,1677,1684,0,test
0.002939736,0.001344264,0.9887917,0.0025976577,0.0015780838,0.0006792596,0.0013080754,0.00076131494,1678,498,0,test
0.002378547,0.0012421038,0.98959714,0.0023100425,0.0016428734,0.0007377934,0.0013544305,0.0007371007,1679,1351,0,test
0.9859256,0.004081796,0.0021292977,0.0011090483,0.0012559724,0.0014612009,0.0015385003,0.0024986293,1680,1035,0,test
0.98537886,0.003982934,0.0029468057,0.0013871699,0.0013309543,0.0012774892,0.0018304618,0.0018653134,1681,458,0,test
0.0025781987,0.0014159256,0.98890734,0.0027165064,0.0015184806,0.000752603,0.0013123795,0.0007985639,1682,154,0,test
0.0028421914,0.0014276361,0.9887213,0.0025754224,0.0015708411,0.00072277186,0.0013474186,0.0007924731,1683,1201,0,test
0.0036087988,0.0012667835,0.987293,0.0027643351,0.0017450263,0.0008681783,0.0016896317,0.00076429173,1684,1155,0,test
0.0030262163,0.0012942515,0.9874306,0.0034960576,0.001601822,0.0008387878,0.0013849373,0.0009272535,1685,16,0,test
0.0027072732,0.0012810414,0.98886627,0.0024608113,0.0016896472,0.0007583719,0.0014723465,0.0007643104,1686,1484,0,test
0.98678315,0.0028311228,0.0034886878,0.0011517013,0.0011811266,0.0013201355,0.0014617614,0.0017822034,1687,1038,0,test
0.98559004,0.0021279394,0.007227849,0.0011310113,0.0009931405,0.00071847864,0.0013021077,0.00090934505,1688,1995,0,test
0.0020054327,0.0019423405,0.00065286027,0.0028295259,0.0011238112,0.004014315,0.0026164914,0.98481524,1689,525,0,test
0.0028750156,0.0013634103,0.9888416,0.0022475328,0.0016293448,0.0007706472,0.0015617434,0.0007106912,1690,1488,0,test
0.0022208975,0.99070346,0.001311778,0.0012715146,0.00207546,0.0007712207,0.00096681464,0.0006789658,1691,636,0,test
0.9870165,0.0034170675,0.0022177224,0.001239153,0.001262987,0.0011896593,0.0013133232,0.0023435582,1692,1941,0,test
0.0023740313,0.0012403663,0.98950535,0.0024024672,0.0017595701,0.00071713235,0.0012588872,0.0007422387,1693,988,0,test
0.9733695,0.003119806,0.011949788,0.001403483,0.001884508,0.0031123187,0.004069916,0.0010906399,1694,1708,0,test
0.98070097,0.004574474,0.0057725958,0.0015518777,0.0021857596,0.0016615051,0.0015810723,0.0019717787,1695,1454,0,test
0.9859206,0.0038809993,0.0034361177,0.00113811,0.0008847048,0.00093416456,0.002147587,0.0016577748,1696,930,0,test
0.0026296193,0.9909752,0.0011812332,0.0011780905,0.0015910132,0.0008241404,0.0009496886,0.00067107426,1697,1935,0,test
0.7840675,0.18932196,0.011358898,0.0022609585,0.004889778,0.0023496712,0.0027574075,0.0029937855,1698,276,0,test
0.0029410021,0.001388943,0.98889357,0.0023913325,0.0015580403,0.0006885688,0.0013969559,0.00074160396,1699,1577,0,test
0.0050631342,0.0015890107,0.98181653,0.0065789246,0.0018185376,0.0009895811,0.0013506493,0.00079363363,1700,772,0,test
0.98649454,0.0033368412,0.002834437,0.0010629591,0.0012947769,0.0015712018,0.0013997774,0.002005553,1701,1670,1,test
0.98556846,0.0041478015,0.0024769462,0.0013658067,0.0012663268,0.0013127935,0.0014306449,0.0024312325,1702,221,0,test
0.002490584,0.0013039015,0.98911405,0.0024892434,0.0016241266,0.0007418383,0.0014248989,0.00081137783,1703,26,0,test
0.98659074,0.0029208865,0.004048045,0.001217465,0.0010218072,0.0010673114,0.0016988065,0.0014350251,1704,1816,0,test
0.98391324,0.004311273,0.0028056034,0.0013479983,0.001579477,0.001669016,0.0014428786,0.00293048,1705,422,0,test
0.006340697,0.0017203632,0.9749315,0.009915606,0.0032077946,0.0011376779,0.0016881609,0.001058223,1706,1985,0,test
0.9857449,0.002666778,0.004298893,0.0013739512,0.0012414277,0.0013539438,0.0013296555,0.0019906382,1707,1343,0,test
0.9854925,0.003970232,0.0031636097,0.0012170367,0.0013360684,0.0011712095,0.001531821,0.0021174387,1708,225,0,test
0.0023997468,0.0012693757,0.9895766,0.0024009885,0.0016407301,0.0007184559,0.0012414409,0.00075262913,1709,37,0,test
0.9851112,0.0046880883,0.0030712585,0.0011897427,0.0013960958,0.0012851028,0.0013441425,0.0019144452,1710,1638,0,test
0.019718943,0.002434197,0.95770115,0.012013862,0.002854382,0.001454551,0.0023234957,0.0014993808,1711,725,0,test
0.0037262596,0.0014092615,0.9879507,0.0025863429,0.0014948697,0.0006647199,0.0014289302,0.0007389556,1712,1013,0,test
0.00268554,0.0015329233,0.9880987,0.0029367066,0.0016193067,0.00077171804,0.0014349087,0.00092017994,1713,1353,0,test
0.003011376,0.0013779526,0.98862654,0.002564413,0.0015031191,0.00072496163,0.0013751314,0.00081652123,1714,452,0,test
0.91149414,0.0035400651,0.072538026,0.004895338,0.0017936013,0.0014216854,0.0024329084,0.0018842546,1715,1737,2,test
0.007081346,0.008798526,0.0018460978,0.006458396,0.002343903,0.010220515,0.012641863,0.95060927,1716,1992,0,test
0.0025051672,0.9915161,0.0010643477,0.0010893334,0.0013897435,0.00069218874,0.0010543667,0.00068874104,1717,665,0,test
0.0026682552,0.98831147,0.001114649,0.0013572633,0.0014007923,0.0012261232,0.0013609482,0.0025604132,1718,1894,0,test
0.002922262,0.0013367326,0.9882625,0.0028398242,0.0016160535,0.00076135463,0.0014102407,0.00085116265,1719,618,0,test
0.0044999546,0.0013181702,0.9859542,0.0035331396,0.0016241239,0.00076523266,0.0015686573,0.00073657115,1720,1756,0,test
0.9885705,0.0020026676,0.004088034,0.0010800322,0.0008574114,0.0008251835,0.0012442463,0.0013318359,1721,1178,0,test
0.98608834,0.003410888,0.002782017,0.0012056909,0.0013231736,0.0013734641,0.0014215158,0.002394938,1722,1120,0,test
0.0022695994,0.001453401,0.9895181,0.0023156635,0.0016280364,0.0007076786,0.0012772658,0.0008302724,1723,1369,0,test
0.0022857774,0.0014821517,0.9888775,0.0022479836,0.0019126774,0.00075484766,0.0016174671,0.00082162046,1724,1476,0,test
0.988867,0.0021795775,0.003307444,0.0010193898,0.0009894008,0.0008669248,0.0016349754,0.0011352681,1725,1774,0,test
0.0029106375,0.0012455541,0.9885909,0.002622092,0.0015687507,0.00077517575,0.001454684,0.0008321749,1726,1256,0,test
0.98619974,0.0034273232,0.003080944,0.0011984726,0.0012203797,0.0012398431,0.0014021156,0.0022310982,1727,1872,0,test
0.0028098286,0.0013179873,0.98884565,0.0025375318,0.0015145014,0.00073035003,0.0014306182,0.00081366167,1728,775,0,test
0.98873734,0.002361616,0.0027614194,0.001126406,0.0009049641,0.00093963405,0.0016329327,0.0015357431,1729,1550,0,test
0.98559254,0.0039333287,0.002516771,0.0012799208,0.0013191528,0.0013831955,0.0015433561,0.002431599,1730,157,0,test
0.98835087,0.0026233296,0.0029061271,0.0011037269,0.000968116,0.00090353214,0.0014478411,0.001696467,1731,1649,0,test
0.65603566,0.31893831,0.007221962,0.0019967624,0.005158137,0.003018928,0.0039585843,0.0036716007,1732,927,0,test
0.9871715,0.002777679,0.0034219741,0.001275269,0.001106733,0.0010247005,0.0015310848,0.0016910672,1733,1146,0,test
0.0031172528,0.0013824161,0.9884183,0.0027707804,0.0014643217,0.00070713984,0.0013471323,0.0007926814,1734,796,0,test
0.0029533207,0.99064624,0.0011768859,0.0011380154,0.001547174,0.0007175283,0.0010810342,0.0007398272,1735,1673,0,test
0.0030631896,0.0012570196,0.9881395,0.002763656,0.0016651485,0.00079403666,0.0014235172,0.0008938695,1736,1727,0,test
0.0010078744,0.0007354706,0.0012195206,0.0015800133,0.00742087,0.9846623,0.0016408133,0.0017330451,1737,851,0,test
0.002913638,0.0013021068,0.9887573,0.0025508374,0.0015246345,0.0007663339,0.0014016767,0.0007835156,1738,887,0,test
0.9838306,0.0051026363,0.002198078,0.0012731573,0.001527855,0.0016980798,0.001755772,0.0026139503,1739,149,0,test
0.0027168742,0.0012256193,0.989145,0.0024733967,0.0016133448,0.0007365872,0.0013928846,0.00069632643,1740,1887,0,test
0.0035691315,0.0014170966,0.9871681,0.0031356057,0.0015933588,0.00077255565,0.0014616749,0.0008824204,1741,1822,0,test
0.9884139,0.0027731578,0.0031117157,0.0010303997,0.0009994203,0.00093455735,0.0012412629,0.0014956647,1742,490,0,test
0.0026871297,0.0013533015,0.98884684,0.002463482,0.001636332,0.0007626306,0.0014609128,0.0007894762,1743,1098,0,test
0.9868765,0.0034593067,0.0023736395,0.0012921555,0.001096099,0.001140656,0.0013799431,0.002381753,1744,1207,0,test
0.0020126987,0.99160564,0.0008916007,0.0010079442,0.0013978267,0.00083028135,0.0012928701,0.00096103613,1745,1710,0,test
0.0024640542,0.0014500943,0.989277,0.0023456663,0.0015794896,0.000730755,0.0013605782,0.0007924154,1746,102,0,test
0.9862555,0.0037997111,0.0022637928,0.0012895936,0.0011712246,0.0012774668,0.0015049123,0.0024378023,1747,1399,0,test
0.001461531,0.0018259507,0.002794324,0.0010149875,0.9100034,0.07981304,0.0011690587,0.0019177543,1748,1397,0,test
0.9866128,0.0039108503,0.0022755773,0.0012640775,0.0011296961,0.0010947298,0.0014056301,0.0023067712,1749,1782,0,test
0.002830223,0.0012945409,0.98875403,0.0022894721,0.0016821926,0.00077317015,0.0015896754,0.00078667025,1750,565,0,test
0.9860027,0.0034992364,0.0024699045,0.0012974753,0.0012459112,0.0015906902,0.0014532704,0.0024408896,1751,1814,0,test
0.0030120392,0.0013999466,0.9885346,0.0022838651,0.0017004225,0.0008234305,0.0014111074,0.00083460764,1752,1641,0,test
0.002700864,0.001360127,0.9887839,0.0025296586,0.0015826719,0.0007863966,0.0013942504,0.0008621263,1753,1106,0,test
0.9882758,0.0020502103,0.0036967879,0.0012445161,0.0009222727,0.0009817546,0.001314043,0.0015145282,1754,53,0,test
0.0028232506,0.0013980864,0.9887122,0.002417102,0.001637743,0.00080747483,0.0014040081,0.00080009043,1755,148,0,test
0.00352116,0.0013395703,0.98808867,0.0027370371,0.0015246115,0.0006911624,0.0013543109,0.00074347574,1756,389,0,test
0.0019337384,0.0016383276,0.0018978787,0.0018557877,0.0009730502,0.0017586466,0.98816574,0.00177684,1757,1116,0,test
0.0049684932,0.0015573595,0.978786,0.008076991,0.0022995758,0.0012433985,0.0019031073,0.001165141,1758,203,0,test
0.98650265,0.0020110789,0.006066918,0.00096754095,0.0011320252,0.000995468,0.0011447222,0.0011796108,1759,1947,1,test
0.002814073,0.017866844,0.0011154991,0.0012101522,0.0013097037,0.0028948607,0.96790946,0.0048792884,1760,1627,0,test
0.0027498864,0.0013437556,0.9886529,0.0026858163,0.0015707669,0.00073710916,0.0014754961,0.00078432244,1761,1086,0,test
0.0029232479,0.0011586234,0.9883427,0.0027289663,0.0016228723,0.0008222674,0.001515249,0.00088611024,1762,1843,0,test
0.898615,0.07217733,0.0153736,0.0029378855,0.0034144889,0.002124454,0.0025117388,0.002845585,1763,8,0,test
0.0027565053,0.0013143843,0.9886636,0.002809807,0.0014800996,0.0007250047,0.0013843598,0.00086619286,1764,983,0,test
0.9873109,0.0021018314,0.004462762,0.0012416248,0.00095722696,0.0010127842,0.0013461775,0.0015667725,1765,1844,0,test
0.000996346,0.0017993727,0.0019237967,0.0016639627,0.29798687,0.6920921,0.0017454728,0.0017920191,1766,1026,0,test
0.002904032,0.0012417015,0.9887249,0.0025572241,0.0015817803,0.0007113797,0.0014908683,0.0007881155,1767,437,0,test
0.0011202259,0.0007934631,0.0012284118,0.0014998909,0.007142046,0.98439956,0.0021826124,0.001633696,1768,1620,0,test
0.0021325634,0.9908318,0.0010994616,0.0013329525,0.0018057538,0.00089017325,0.0010147233,0.0008926152,1769,248,0,test
0.0029144962,0.0012842969,0.9888259,0.0023935738,0.0016813944,0.0007060733,0.0014669956,0.0007271871,1770,1283,0,test
0.006917666,0.0020304336,0.98080206,0.0048555513,0.0018118513,0.0009873126,0.0018755477,0.00071960234,1771,870,0,test
0.9793559,0.009409718,0.0032950656,0.0014193805,0.0015492844,0.0012849845,0.0016878033,0.0019979954,1772,1779,0,test
0.0025372095,0.0012515583,0.9891817,0.0025295254,0.0016634254,0.0007462815,0.0013606834,0.00072957575,1773,854,0,test
0.0035173553,0.00146212,0.9879034,0.0026650266,0.0016202232,0.0006780032,0.0014314956,0.0007223331,1774,1542,0,test
0.003058121,0.001447521,0.98832047,0.0023196114,0.0016469281,0.0007868898,0.0015154376,0.00090500095,1775,1942,0,test
0.9868303,0.0031648765,0.0026429591,0.001333876,0.0011502865,0.0012251001,0.0014406692,0.0022119489,1776,602,0,test
0.0057960167,0.98721296,0.001855048,0.0010858818,0.0016001072,0.00075173774,0.00092078885,0.0007774481,1777,337,0,test
0.0031305565,0.0014666474,0.9885295,0.0023657503,0.0016054906,0.00071487343,0.0014609615,0.0007262069,1778,1747,0,test
0.0025010812,0.0013787185,0.9890582,0.00238238,0.001661866,0.00075582275,0.0014686392,0.0007932948,1779,256,0,test
0.9877785,0.0019365666,0.0046104467,0.0014414305,0.0008033489,0.0007110662,0.0013314403,0.0013872327,1780,1579,0,test
0.9880238,0.0030222742,0.0031663952,0.0010569266,0.0009524871,0.0009396959,0.0014746431,0.0013636386,1781,1277,0,test
0.98339117,0.003687205,0.004467656,0.001189424,0.0016594632,0.0015084848,0.0015254013,0.002571249,1782,1392,0,test
0.002514516,0.0014716802,0.9890671,0.002357725,0.0016193764,0.0007590273,0.0014278616,0.00078271684,1783,147,0,test
0.98949987,0.0019440706,0.0034893828,0.0010280975,0.0008119936,0.0006859502,0.0013921472,0.0011483912,1784,455,0,test
0.9845106,0.003782525,0.0038016178,0.0013998596,0.0014673509,0.0013488263,0.0018275309,0.0018616439,1785,619,0,test
0.0020481239,0.9916986,0.0010700016,0.0011512064,0.0015298445,0.00081296085,0.00096105837,0.0007280926,1786,845,0,test
0.8671986,0.112637356,0.0068029454,0.0019134755,0.0034462071,0.0020532284,0.0026596002,0.0032886514,1787,1936,0,test
0.0011296638,0.0018909848,0.0028076093,0.0013393459,0.825753,0.1635474,0.0013389437,0.0021930202,1788,529,0,test
0.002838811,0.0015576138,0.98861724,0.0023193455,0.001637976,0.0007278863,0.0015275837,0.00077360484,1789,1825,0,test
0.0019119385,0.0007547433,0.0020186615,0.0027278494,0.006682342,0.98038024,0.0027480305,0.0027761548,1790,900,0,test
0.0023006778,0.00150832,0.98908615,0.0024606802,0.0015914573,0.00074052677,0.0014271596,0.0008850199,1791,470,0,test
0.005506038,0.001522109,0.985014,0.0034654026,0.0015166508,0.00069803034,0.0014891023,0.0007885554,1792,1678,0,test
0.0031273016,0.001337497,0.9883124,0.002649127,0.0015862499,0.00073390035,0.0015060545,0.0007474483,1793,1861,0,test
0.025524372,0.0030900475,0.949144,0.011905218,0.0046226513,0.0018041664,0.0025572372,0.0013522238,1794,1132,0,test
0.0028165253,0.0013858089,0.9888359,0.002585893,0.0015344034,0.0007367522,0.001367194,0.00073767704,1795,143,0,test
0.0011825318,0.0018519384,0.0020575933,0.0014592559,0.3805379,0.60905176,0.0014860419,0.002372925,1796,1749,0,test
0.5060602,0.01143035,0.45367518,0.014173788,0.0034844186,0.0024137474,0.0065452275,0.0022171463,1797,1325,0,test
0.0020302897,0.017412452,0.0008518689,0.003053824,0.0048391465,0.019357914,0.0034365368,0.94901794,1798,388,0,test
0.0014852737,0.0040378696,0.00082916603,0.004100532,0.0018022178,0.0067711454,0.0032910137,0.9776829,1799,925,0,test
0.0034779562,0.0013099983,0.9878754,0.0026856114,0.0015909476,0.0007615421,0.0015109282,0.00078767043,1800,1930,0,test
0.0026103158,0.0011559849,0.0032605664,0.0027896592,0.0071712895,0.9774571,0.004043638,0.0015114532,1801,637,0,test
0.9855585,0.0019256956,0.005408241,0.0010248567,0.0014758275,0.0019951374,0.0014935752,0.0011181358,1802,1734,0,test
0.0016123432,0.0029455943,0.0011089338,0.0013486285,0.0013477008,0.0020030525,0.9877893,0.0018444506,1803,1328,0,test
0.0033661574,0.0013855995,0.9878564,0.0027150938,0.0016568198,0.0008100938,0.0013986739,0.00081112236,1804,447,0,test
0.002858671,0.0013221466,0.9889465,0.0023160104,0.0016077753,0.00070006924,0.0014935479,0.00075525604,1805,1305,0,test
0.002802973,0.0013000179,0.9887621,0.0025200197,0.0016320432,0.00075938186,0.0014116293,0.00081191864,1806,183,0,test
0.0023509664,0.0013089442,0.989565,0.0023686336,0.0016159866,0.00071779586,0.0013398769,0.00073285936,1807,1110,0,test
0.0013117321,0.0020722847,0.00064013945,0.0028862457,0.0013117311,0.005101674,0.0024104647,0.9842657,1808,1182,2,test
0.003124155,0.0013534315,0.9884476,0.0024746777,0.0015927332,0.0007060001,0.0015626951,0.0007386941,1809,587,0,test
0.0024696784,0.0012039139,0.9893441,0.002380519,0.0016410903,0.0007649992,0.0014095966,0.00078614504,1810,140,0,test
0.98506296,0.003997802,0.0026422925,0.001277687,0.0014306532,0.0015721897,0.0017086316,0.0023077682,1811,727,0,test
0.88454384,0.0068039745,0.023693787,0.0041371947,0.023546759,0.048570223,0.0066026994,0.0021015028,1812,1483,0,test
0.0032997879,0.0012887168,0.9875052,0.0025950454,0.0018622559,0.00094940775,0.0016101035,0.0008895377,1813,951,0,test
0.0016006912,0.0017816481,0.00074104767,0.003223067,0.0011323701,0.00426966,0.0026203822,0.98463124,1814,194,0,test
0.98614305,0.003413775,0.003918123,0.0011401824,0.0013554838,0.0011421712,0.0013890641,0.0014982583,1815,1578,0,test
0.9877022,0.0027620653,0.0030007178,0.0012083001,0.0010756723,0.0010675844,0.00144667,0.0017367832,1816,857,0,test
0.01656871,0.0022145791,0.96161026,0.012094024,0.0020599796,0.0014366282,0.002646921,0.0013689661,1817,272,0,test
0.0027368872,0.0014407618,0.9886902,0.0025702966,0.0015916897,0.00070660823,0.0015035162,0.000760033,1818,285,0,test
0.98977953,0.0021113118,0.002955726,0.0009908126,0.0009106123,0.0007119314,0.0014054313,0.0011345507,1819,1873,0,test
0.0013157515,0.0019284185,0.0006320593,0.0030655793,0.0013608129,0.0048088045,0.0021610016,0.9847276,1820,387,0,test
0.001343757,0.001517571,0.00083537685,0.0034496335,0.002019611,0.015554154,0.0021958887,0.97308403,1821,120,0,test
0.9839655,0.0030647903,0.0071521476,0.0012388531,0.0009895264,0.0008599943,0.0014536319,0.0012755865,1822,1167,0,test
0.98588043,0.0026730981,0.005851657,0.0011293557,0.001204333,0.000873412,0.0012760581,0.0011117003,1823,198,0,test
0.987586,0.0021207444,0.0044517363,0.001251207,0.00091417856,0.00092133053,0.0013781488,0.0013766979,1824,1415,0,test
0.0027696665,0.0011345169,0.98882025,0.002599268,0.0017122797,0.0007888138,0.0014316883,0.00074355345,1825,810,0,test
0.001959098,0.0018094381,0.0029213114,0.9859272,0.0010037915,0.0011539151,0.0020220738,0.0032032416,1826,241,1,test
0.0007025734,0.0009849402,0.0013976191,0.0012832071,0.029259134,0.9635515,0.0019702374,0.00085079146,1827,1393,0,test
0.0025538406,0.0014605122,0.98893774,0.002352256,0.0016318343,0.0007397158,0.0015144286,0.00080960896,1828,1677,0,test
0.9857077,0.003832676,0.003080141,0.0013015305,0.001214139,0.0012232655,0.0014820109,0.00215856,1829,1798,0,test
0.9866735,0.0024925738,0.0045053423,0.0010956854,0.0012142755,0.001287009,0.0016641638,0.0010674085,1830,1954,0,test
0.0027229558,0.0013128464,0.988955,0.0025161486,0.0015674626,0.00076787063,0.0013756034,0.00078205287,1831,1652,0,test
0.9867259,0.002566389,0.004651804,0.001296386,0.0010389234,0.00085467857,0.0014624909,0.0014035469,1832,1934,0,test
0.002543427,0.0014285116,0.9890977,0.0023776519,0.0015825826,0.0007572451,0.0014557344,0.0007571751,1833,1115,0,test
0.98395556,0.0040366515,0.004422143,0.0015515116,0.0013279638,0.0012003774,0.0014942992,0.0020114954,1834,1606,0,test
0.0028180645,0.0011832945,0.98860276,0.0025774282,0.0016880215,0.00083861424,0.0013384266,0.00095336983,1835,1380,0,test
0.0042344527,0.00293683,0.005041401,0.0025015054,0.13148676,0.8439156,0.0034487818,0.006434769,1836,373,0,test
0.0027138046,0.001348951,0.9888494,0.0025932225,0.0015624292,0.00076178607,0.0013754552,0.00079501147,1837,1804,0,test
0.0031256874,0.0014538311,0.987912,0.0027703163,0.0016095099,0.00078359456,0.0014154641,0.00092953973,1838,1702,0,test
0.984421,0.0047664726,0.0020646031,0.001269099,0.0014659074,0.0014882064,0.0015901679,0.0029344247,1839,828,0,test
0.0030218665,0.0012970531,0.98853326,0.0024056707,0.0016353639,0.00074648863,0.0016169596,0.0007433617,1840,1536,0,test
0.0026937637,0.0013185081,0.9887756,0.00260343,0.0015652274,0.00075728225,0.0014025826,0.000883554,1841,215,0,test
0.0025059795,0.0014105329,0.98914707,0.0024520585,0.001566306,0.0007129078,0.0014718941,0.0007331397,1842,620,0,test
0.9878016,0.0031346213,0.0031283633,0.0010537615,0.0011022523,0.00093281694,0.0013468484,0.0014997046,1843,1,0,test
0.0030261087,0.0013620853,0.9886553,0.0024355082,0.0015703858,0.00074645586,0.0013970723,0.00080703193,1844,110,0,test
0.0033618028,0.0012370277,0.9879832,0.0029514919,0.0015247082,0.00074197666,0.0014413961,0.000758405,1845,676,0,test
0.9842337,0.0022253706,0.0051377113,0.001827044,0.0009870097,0.0013660495,0.0019700015,0.0022531683,1846,1977,0,test
0.0022029087,0.99085957,0.0012855832,0.0011795836,0.0020342965,0.00078163407,0.0009595028,0.00069692935,1847,922,0,test
0.9860518,0.003647621,0.0018848404,0.0015195705,0.0011460993,0.0012978716,0.0019945316,0.0024576436,1848,1593,0,test
0.03736667,0.003173495,0.93095267,0.018402398,0.0027682446,0.0017896019,0.0035017193,0.0020451485,1849,1581,0,test
0.9879518,0.0025369264,0.0033678825,0.0011647819,0.0008940206,0.0009631345,0.0013000463,0.0018214373,1850,1794,0,test
0.0027226638,0.0014437237,0.9880293,0.0029719328,0.0015860022,0.00074960676,0.0015432357,0.0009534853,1851,1365,0,test
0.009864594,0.002107387,0.97475773,0.0067638396,0.0024023715,0.00090815604,0.0022257941,0.00097011734,1852,1364,0,test
0.98425806,0.0024432093,0.0068096975,0.0012897154,0.0010830293,0.0010429486,0.0017192141,0.0013541882,1853,1766,0,test
0.0016964639,0.001798969,0.00073610677,0.0035844184,0.0011123704,0.0040528895,0.0023882182,0.9846305,1854,1482,0,test
0.98554415,0.0037567285,0.0039423658,0.0010946146,0.0015905245,0.0011617199,0.001616501,0.0012934097,1855,1247,0,test
0.98686635,0.0035980286,0.0023055144,0.001172542,0.0010579041,0.0011866153,0.0016034615,0.0022096073,1856,1858,0,test
0.9457624,0.0035007095,0.042151835,0.0026567425,0.0014911701,0.0011606115,0.0020541362,0.0012224311,1857,426,0,test
0.0035136708,0.006786604,0.0012615321,0.001883679,0.0017922249,0.004949478,0.96066296,0.01914976,1858,1469,0,test
0.0030280694,0.0012123574,0.9883675,0.002732342,0.001638188,0.00074411504,0.0014140627,0.0008633076,1859,1787,0,test
0.002442993,0.0013930711,0.9891509,0.0024871493,0.0015769027,0.00070450985,0.0014126088,0.0008318431,1860,1099,0,test
0.98870313,0.0028814843,0.0025395688,0.0010006385,0.0009215203,0.00095758354,0.0014823625,0.0015137027,1861,1660,0,test
0.0017173814,0.0018049286,0.00075967686,0.003539744,0.0011766902,0.0049089794,0.0023772016,0.98371536,1862,1213,0,test
0.9844854,0.0047616,0.0021812255,0.0013344332,0.0013928564,0.0015622657,0.0016601193,0.002622189,1863,1915,0,test
0.9892564,0.002699517,0.0027230869,0.0009646795,0.00087692833,0.0008124718,0.0013888981,0.0012781549,1864,1576,0,test
0.98788375,0.0027609044,0.0024955908,0.0011579419,0.0012129936,0.0012827109,0.0014198811,0.0017862325,1865,1640,0,test
0.0030017353,0.0012766643,0.98861027,0.0026129954,0.0015328864,0.00073596125,0.0014622712,0.00076732197,1866,1352,0,test
0.9862769,0.0038757154,0.002728147,0.0012880311,0.0012213119,0.0011004072,0.0014030908,0.0021062202,1867,1784,0,test
0.0037295967,0.001443106,0.98564756,0.003432057,0.0016542278,0.0011808131,0.0020612313,0.00085139764,1868,641,0,test
0.98104125,0.006748718,0.0026144262,0.0016589367,0.0016022832,0.0012718077,0.002118065,0.0029445512,1869,1886,0,test
0.002768393,0.0013298668,0.9886875,0.0026505948,0.0015503721,0.00076290156,0.001396591,0.0008537641,1870,1214,0,test
0.0025030086,0.0013759178,0.9892363,0.002401241,0.0015660845,0.00072862726,0.0014323513,0.00075657765,1871,1778,0,test
0.001328198,0.0018936894,0.0006806118,0.003367808,0.0013421752,0.0042313025,0.002007697,0.98514843,1872,1819,0,test
0.0011437645,0.00085010857,0.0014911491,0.0016381749,0.015147231,0.9766907,0.0017876682,0.0012512422,1873,1645,0,test
0.0016389855,0.0010340778,0.0023509804,0.0031121797,0.0068682064,0.97776926,0.005148199,0.0020781062,1874,309,0,test
0.0038899812,0.0014323904,0.9874182,0.002444304,0.001710779,0.0007409369,0.0016360206,0.0007274372,1875,627,0,test
0.0020964248,0.99091864,0.0012162722,0.001158573,0.0022065893,0.0008040135,0.00095409236,0.0006454284,1876,1388,0,test
0.0022802392,0.99062973,0.001098991,0.0013564471,0.0018077287,0.000862812,0.0011291367,0.00083497417,1877,1432,0,test
0.9835128,0.0026288696,0.007038028,0.00150389,0.00091101346,0.0011043509,0.0018062228,0.0014947511,1878,686,0,test
0.9095542,0.0037771063,0.07348799,0.005280157,0.002041522,0.0014542057,0.0026123682,0.0017925306,1879,1337,1,test
0.9891979,0.0023559772,0.0020899472,0.0010063582,0.0012725412,0.0011923262,0.0013774708,0.0015075189,1880,1239,0,test
0.0026936638,0.0014091699,0.98881114,0.0025053152,0.0015544889,0.0007670641,0.0014160513,0.00084320345,1881,1709,0,test
0.0032018758,0.0012297696,0.9885029,0.0025561126,0.001562238,0.0007325732,0.0014281998,0.00078629167,1882,942,0,test
0.9885002,0.0026611325,0.0023869916,0.00094848097,0.0011311338,0.0012226211,0.0015048904,0.0016446038,1883,606,0,test
0.0026158218,0.0014466993,0.9892007,0.002271612,0.0016583191,0.0007063935,0.0013160581,0.0007843571,1884,611,0,test
0.00064922724,0.0008166769,0.0008511003,0.0009856219,0.021695692,0.9727035,0.0012971155,0.0010010535,1885,1262,0,test
0.9877229,0.0026298664,0.0039745127,0.001095311,0.0010731127,0.0008503508,0.0013775972,0.0012763282,1886,1355,0,test
0.98627627,0.0040235845,0.0027917773,0.0012087071,0.00131938,0.0012122678,0.0014604456,0.0017075308,1887,1363,0,test
0.0027973934,0.0013052957,0.9886374,0.0024625082,0.0016423822,0.0007684085,0.0016139592,0.00077272626,1888,1205,0,test
0.0014727751,0.0017591575,0.00074923906,0.0035589684,0.001247435,0.004474109,0.002104663,0.9846336,1889,1986,0,test
0.002354315,0.0015608417,0.98926395,0.0023530433,0.001683623,0.0007111765,0.0012747848,0.000798337,1890,1211,0,test
0.0031332658,0.0012903471,0.9884914,0.0024036183,0.0016535323,0.0007420239,0.0015748378,0.0007109472,1891,1448,0,test
0.0024616027,0.0012304704,0.98949754,0.0024116118,0.0016002137,0.00072877144,0.0013202034,0.0007496075,1892,1327,0,test
0.0026787298,0.0013789203,0.98881197,0.00251737,0.0016602572,0.0007334353,0.0014620795,0.0007572206,1893,1478,0,test
0.0012997855,0.0017984904,0.0006429613,0.0032722256,0.001374149,0.004903875,0.0022230125,0.9844855,1894,1608,0,test
0.9880397,0.0019674446,0.0045512086,0.0010560165,0.00090572075,0.0008979347,0.001263264,0.001318665,1895,1310,0,test
0.0010127936,0.0008290718,0.0011597747,0.0013958529,0.008417159,0.9838935,0.0019673626,0.0013244753,1896,1757,0,test
0.0028203917,0.0013258882,0.9888891,0.002380667,0.0016222604,0.00071356486,0.0015176303,0.00073048385,1897,1976,0,test
0.0050656674,0.9880706,0.0012844313,0.0010737415,0.0016518515,0.00089350546,0.0011083953,0.0008517668,1898,1953,0,test
0.9812541,0.0021314651,0.010302139,0.0016411308,0.0011148674,0.0008712369,0.0015788035,0.0011061229,1899,1588,0,test
0.0026761799,0.0012912559,0.98902076,0.0024800012,0.001587704,0.00075285987,0.0013821115,0.0008091509,1900,1900,0,test
0.9872729,0.003346914,0.0029774501,0.0011294187,0.0011831472,0.0010617204,0.0013467323,0.0016817893,1901,770,0,test
0.82784843,0.003950474,0.032175206,0.005879877,0.00938464,0.10451759,0.011579882,0.0046638804,1902,624,0,test
0.009916336,0.0021159966,0.9678698,0.012917594,0.002468023,0.0012533535,0.0022154304,0.0012434723,1903,981,0,test
0.98516756,0.001909084,0.0070418934,0.0014368235,0.00095974316,0.00085184205,0.001367964,0.0012651657,1904,1890,0,test
0.988736,0.0023605903,0.0035243286,0.0010727254,0.0007432334,0.00072615495,0.0013793489,0.0014575243,1905,535,0,test
0.0027357102,0.0013769751,0.98890465,0.0024808182,0.0016078171,0.00077331223,0.0013955508,0.00072521326,1906,659,0,test
0.0028822473,0.001230621,0.98881346,0.0025450203,0.0015700776,0.0007111469,0.0014635556,0.00078389194,1907,556,0,test
0.98717403,0.0030250403,0.003094057,0.0011341918,0.0011675133,0.0012787273,0.0013439034,0.0017825217,1908,1755,0,test
0.0034121785,0.0012012563,0.9881384,0.0026450306,0.0016301344,0.0007411819,0.0014597011,0.00077214063,1909,1073,0,test
0.98504204,0.00463688,0.0019400705,0.0013427259,0.0012756115,0.00127127,0.001574844,0.0029166143,1910,1223,0,test
0.9867563,0.0025035124,0.005458683,0.00092210644,0.0013539832,0.0010032952,0.0011336766,0.000868413,1911,1667,0,test
0.9886811,0.0027801988,0.0024568709,0.0009836293,0.0010076143,0.0010471678,0.0013492721,0.0016942042,1912,1920,0,test
0.9860874,0.0035316106,0.0027775357,0.0013002856,0.0012476807,0.0013633672,0.0013434755,0.0023486693,1913,1143,0,test
0.98512775,0.0045666737,0.0031099373,0.0013980013,0.0013823633,0.001113875,0.0015688924,0.0017325867,1914,505,0,test
0.0027876182,0.0012483655,0.9889381,0.0024579267,0.0016093366,0.0007585083,0.0014311919,0.00076898164,1915,1025,0,test
0.9869326,0.0029186762,0.0040578116,0.0014178924,0.00088476285,0.00085285446,0.0014820325,0.0014534276,1916,519,0,test
0.98881453,0.0022545524,0.0028941366,0.0011435638,0.00079587585,0.0008880119,0.0012642926,0.0019450238,1917,1154,0,test
0.0024398174,0.0014379664,0.98925376,0.002462547,0.0015458689,0.00071778777,0.0014012477,0.0007410052,1918,1623,0,test
0.0028885657,0.0012764162,0.9886595,0.002504857,0.0016708755,0.0007821018,0.0014049131,0.0008128195,1919,724,0,test
0.9883879,0.0027831076,0.0028740896,0.0010960307,0.0008210336,0.0008994723,0.001537,0.0016013639,1920,1903,0,test
0.0019946776,0.0008695463,0.0021466166,0.0025551175,0.0075172875,0.9799999,0.0035173965,0.0013995515,1921,1384,0,test
0.98866034,0.0028760901,0.0024533765,0.0011194953,0.00091074745,0.0009187816,0.0015810856,0.0014799393,1922,466,0,test
0.98739153,0.0032119222,0.004359262,0.00090841274,0.0010958541,0.00075097266,0.0011523521,0.0011297048,1923,1700,0,test
0.0013843009,0.0018706108,0.0032840024,0.00096539874,0.93082863,0.059078865,0.0012157892,0.0013724655,1924,1854,0,test
0.9871202,0.002715378,0.0034213935,0.0012699545,0.0010802228,0.0011554154,0.0014409757,0.0017963264,1925,94,0,test
0.983703,0.0020906997,0.0076307342,0.0013711764,0.001127215,0.0010835283,0.0015522683,0.0014414343,1926,989,0,test
0.004312586,0.0012617824,0.9851976,0.0045296573,0.0014141815,0.0008166753,0.0016195304,0.00084799156,1927,542,0,test
0.0022589776,0.0024263898,0.0025214502,0.9824776,0.0012560489,0.0023417037,0.0024395187,0.004278236,1928,1221,0,test
0.98796356,0.0025784762,0.0027458172,0.0011952017,0.0011156702,0.0011925885,0.0013650809,0.0018435202,1929,718,0,test
0.0024916066,0.0012990349,0.9893566,0.0024747713,0.0015184621,0.000702248,0.0013624042,0.00079484674,1930,837,0,test
0.0018275088,0.9915127,0.0010774465,0.0012631903,0.001808455,0.0008124307,0.0010203341,0.0006778926,1931,1545,0,test
0.0030220826,0.0014230988,0.9881902,0.002537064,0.001629317,0.00079771003,0.0015597319,0.00084085116,1932,1659,0,test
0.0025021313,0.0012544162,0.9886137,0.0029905695,0.0015037082,0.0007584328,0.00160811,0.0007689527,1933,1436,0,test
0.98676294,0.0032003392,0.0030898985,0.0013351124,0.0011372686,0.0010862023,0.0014012763,0.001986936,1934,865,0,test
0.0012486087,0.0039758356,0.00067177566,0.017464947,0.0025820085,0.0068109273,0.0026353984,0.9646104,1935,1525,0,test
0.0037871965,0.0013715186,0.98749244,0.0024601829,0.0017836111,0.00084833056,0.0015176056,0.00073912344,1936,1812,0,test
0.0026814884,0.0012267784,0.98900324,0.0024987836,0.001606218,0.0007596591,0.001376777,0.0008469447,1937,1007,0,test
0.0024588723,0.0015136491,0.9891265,0.0025000449,0.0016262224,0.00067392597,0.0013416398,0.0007591251,1938,202,0,test
0.98570025,0.0018765569,0.0064740814,0.0012984165,0.0009407963,0.0009086292,0.0013590921,0.0014421684,1939,379,0,test
0.9140739,0.06743761,0.0060807867,0.0018828778,0.0032111667,0.0018516202,0.0022011937,0.0032609142,1940,769,0,test
0.98543614,0.0038499895,0.0028819323,0.0013007936,0.0014074506,0.0014407311,0.0015482703,0.002134784,1941,844,0,test
0.9839662,0.0030601267,0.005254099,0.0013965407,0.0015005522,0.0013509756,0.0014248348,0.002046607,1942,384,0,test
0.9891601,0.0025142417,0.0028907491,0.0009539564,0.0009975159,0.00091104757,0.0013158297,0.0012566145,1943,742,0,test
0.0046233283,0.0014499726,0.9858958,0.00329579,0.0016020885,0.00078542443,0.0015260979,0.00082138827,1944,1892,0,test
0.98826957,0.0027544254,0.0029279378,0.0010545753,0.000997288,0.0009836709,0.0014854157,0.001527179,1945,1199,0,test
0.9859869,0.003710165,0.002864633,0.0012743238,0.0011484461,0.0013018366,0.0015090287,0.0022046915,1946,997,0,test
0.0029766846,0.0012608988,0.98873514,0.0024199951,0.0016045182,0.00071842334,0.0014509064,0.0008334179,1947,1732,0,test
0.9835328,0.0052695493,0.003134864,0.0013316476,0.0015373556,0.0013786353,0.0017978606,0.002017389,1948,621,0,test
0.97812724,0.0057290588,0.003399034,0.0019525099,0.0012280156,0.0016152896,0.0023122071,0.0056365593,1949,1945,0,test
0.07214339,0.006556658,0.028239585,0.012762345,0.0024726368,0.0051564532,0.8663927,0.006276265,1950,591,0,test
0.9752685,0.0034584494,0.003610607,0.0016434349,0.0011123387,0.001482222,0.010942575,0.0024817635,1951,1705,0,test
0.0021048207,0.0014911378,0.9889409,0.0028658882,0.0018522483,0.00069008616,0.0012311589,0.0008236997,1952,931,0,test
0.00285339,0.0013840885,0.9885002,0.002597641,0.0016475403,0.00076182134,0.0014120503,0.00084332254,1953,1518,0,test
0.002878075,0.0013980503,0.9888937,0.002267449,0.0015731495,0.0007364461,0.0015111339,0.0007420169,1954,701,0,test
0.0012347313,0.0029933893,0.0006751129,0.016830165,0.0024721383,0.008889879,0.003891525,0.963013,1955,1964,1,test
0.0024283365,0.0012543276,0.9892173,0.0025091076,0.0016124059,0.00077844923,0.0014219151,0.00077812077,1956,661,0,test
0.0022819375,0.9905443,0.0013262907,0.001322146,0.0021511414,0.00080369826,0.0009218946,0.0006485699,1957,97,0,test
0.9750371,0.003352785,0.012755695,0.0019990182,0.0015185976,0.0015048346,0.0017882612,0.0020437215,1958,779,0,test
0.0039329394,0.012671624,0.0014724489,0.007459109,0.0038953314,0.015338712,0.014890096,0.9403398,1959,1694,1,test
0.002614971,0.0012696899,0.9891794,0.0023732234,0.0016133776,0.0007128733,0.0014031379,0.0008333786,1960,1544,0,test
0.9859708,0.002631114,0.004615411,0.0013557124,0.0012280303,0.0011264752,0.0013701947,0.0017022891,1961,392,0,test
0.00079782,0.0007191979,0.001070303,0.0012752579,0.013178507,0.9800873,0.0013511132,0.0015205214,1962,483,1,test
0.944992,0.0035925396,0.042676713,0.002827393,0.0014146998,0.0012379896,0.0020291752,0.0012295593,1963,1037,0,test
0.9868124,0.0024859898,0.0043880353,0.0012575337,0.0009498918,0.0009993014,0.0013307313,0.0017759835,1964,1022,0,test
0.98780817,0.0016741503,0.0037100662,0.0011034696,0.0013897446,0.0013679486,0.0016832965,0.0012631987,1965,901,0,test
0.9765217,0.002036734,0.0145118255,0.0021110533,0.001139446,0.0008951188,0.0016397918,0.001144405,1966,754,0,test
0.0024087378,0.001504184,0.98925614,0.0023360061,0.0015554933,0.0006927304,0.0014227399,0.00082398974,1967,1796,0,test
0.00085949013,0.0014791844,0.0018615195,0.0014075541,0.2210155,0.7698659,0.0013080712,0.0022028382,1968,197,0,test
0.024915706,0.0025216576,0.95322,0.011399855,0.0026797121,0.0013632602,0.0026951807,0.0012045951,1969,131,0,test
0.0028003089,0.9721381,0.0010378102,0.0011619235,0.0023013535,0.0027013507,0.012155133,0.0057039848,1970,1017,0,test
0.9858736,0.0027843597,0.004220791,0.0016880356,0.0009983045,0.0010753085,0.001489574,0.0018701867,1971,40,0,test
0.0027418036,0.0014361114,0.9889286,0.002335978,0.0015832358,0.00075080374,0.0014682418,0.0007553069,1972,986,0,test
0.004023333,0.0013745507,0.9869757,0.0031288108,0.0015414224,0.00076648523,0.0014123766,0.00077722693,1973,226,0,test
0.002292842,0.9909877,0.0013601283,0.001445938,0.0015475953,0.0008161634,0.0008501034,0.0006995297,1974,1463,0,test
0.002751051,0.0014154068,0.98893666,0.0022602351,0.0016151847,0.00076350325,0.0013738389,0.00088413036,1975,1736,0,test
0.98717684,0.0021913268,0.0047485046,0.001033399,0.0010393822,0.0011062694,0.0016659816,0.0010383227,1976,367,0,test
0.0032935084,0.0012857106,0.9881153,0.0027433357,0.0015225173,0.00076529756,0.0014715623,0.0008027236,1977,280,0,test
0.0061123157,0.0021978058,0.9792058,0.006572318,0.0019175728,0.00097045465,0.002081053,0.00094270735,1978,404,0,test
0.9894806,0.002270523,0.00249372,0.000951228,0.0009942583,0.00094496296,0.0013302821,0.0015344364,1979,1643,0,test
0.96763545,0.019301303,0.0039691646,0.0014557679,0.0020618578,0.0016201483,0.0016786414,0.002277611,1980,378,0,test
0.14599058,0.0032539456,0.8172399,0.012455075,0.007765836,0.0069922567,0.0048524374,0.0014499745,1981,571,0,test
0.9729547,0.003286899,0.0145994285,0.0020477287,0.0016522168,0.0015730645,0.0022920948,0.0015939123,1982,1471,0,test
0.1615133,0.012533083,0.019434199,0.005094283,0.269253,0.50784355,0.0067054215,0.017623119,1983,1123,1,test
0.01114982,0.0019692767,0.96793747,0.012098636,0.0020803525,0.0010651426,0.0024830434,0.0012162232,1984,1051,0,test
0.0071233963,0.3699446,0.0025944323,0.0026038513,0.0051050605,0.0074883117,0.5896103,0.015530102,1985,1447,0,test
0.98594946,0.003899057,0.0025552125,0.0012578877,0.0011569886,0.0012580606,0.0016376739,0.002285541,1986,626,0,test
0.7069839,0.2654247,0.012881833,0.0027333535,0.004128902,0.0020541095,0.002717303,0.003075897,1987,1114,1,test
0.0021155255,0.0011618239,0.0010668326,0.0072701965,0.0012334104,0.0109733995,0.00586328,0.97031546,1988,1323,0,test
0.0024050595,0.0013053418,0.98918587,0.0023838878,0.0016573378,0.0007592474,0.0015199828,0.00078326,1989,501,0,test
0.0027752959,0.99070716,0.0013385226,0.0012504546,0.0015448902,0.0007580286,0.0008994909,0.0007262352,1990,1795,0,test
0.8651886,0.0046907193,0.108556435,0.010574965,0.001733264,0.0017175629,0.0044403663,0.0030980902,1991,1811,0,test
0.0028578457,0.001274959,0.9887398,0.0023069247,0.001714697,0.0007838164,0.0016117928,0.00071010186,1992,64,0,test
0.0027068092,0.0012888501,0.9889447,0.00267853,0.0015302852,0.00070384063,0.0013491526,0.0007977757,1993,1772,0,test
0.0028278332,0.001270555,0.98888344,0.002394035,0.0016095699,0.00077484443,0.0014922909,0.0007474388,1994,14,0,test
0.0024933214,0.0014337916,0.98895735,0.0023539008,0.0016324371,0.0007636558,0.0015075577,0.00085796695,1995,1140,0,test
0.0025326083,0.0015121365,0.9890149,0.0023932816,0.0016334478,0.00072605786,0.0013477334,0.00083975075,1996,1030,0,test
0.0033392753,0.0011607456,0.9879181,0.002853059,0.0016038198,0.0007898344,0.001532907,0.0008023207,1997,474,0,test
0.0012213468,0.0017974125,0.00069034897,0.0030939735,0.0014371568,0.0060642087,0.0021153204,0.9835803,1998,368,0,test
0.98820007,0.0029085726,0.0026341963,0.0011233129,0.0010166991,0.00093900436,0.0014590344,0.0017190495,1999,184,0,test
0.0028564741,0.0014008757,0.9889398,0.002263958,0.0015859792,0.0007377468,0.0014629262,0.00075218105,2000,739,0,test
0.0028007096,0.001395713,0.9888319,0.0024357191,0.001600876,0.00077754655,0.001354108,0.00080348534,2001,212,0,test
0.003119088,0.0044355877,0.0014439534,0.0014176321,0.0014664504,0.0033267655,0.97286475,0.011925803,2002,1875,0,test
0.005621625,0.0017206216,0.98181504,0.0058345264,0.0017085623,0.0009054505,0.0016285577,0.00076566054,2003,766,0,test
0.9876742,0.002771422,0.0032618667,0.0012140005,0.0010691724,0.0010451345,0.0013942431,0.0015699161,2004,1041,0,test
0.98665005,0.003297795,0.0037946024,0.0011299814,0.0011533737,0.0010147248,0.001389388,0.0015700937,2005,852,0,test
0.0012174519,0.002408024,0.0019133635,0.0012971553,0.6518704,0.336636,0.001509345,0.0031482573,2006,329,0,test
0.98720783,0.002282435,0.0051187635,0.0011593117,0.0008246899,0.00075326493,0.0014187573,0.0012349244,2007,1713,0,test
0.98756826,0.002919506,0.0032484543,0.0011902165,0.00089567475,0.0009980055,0.0013133768,0.0018665543,2008,695,1,test
0.0020497178,0.0035967126,0.0009265969,0.001329727,0.0013323553,0.002387498,0.9856253,0.002752006,2009,1692,0,test
0.98807704,0.002708675,0.0030206116,0.0010566353,0.0010136509,0.0010294417,0.0016099378,0.0014838926,2010,287,0,test
0.9878055,0.0027218927,0.0044351397,0.00094596227,0.00094324717,0.00081047596,0.0011503071,0.0011874784,2011,1670,0,test
0.00259189,0.0014122612,0.9890942,0.002342693,0.0016322436,0.00076122297,0.0013720758,0.00079343986,2012,985,0,test
0.9847639,0.0039572963,0.0043080267,0.0013143264,0.0009996198,0.00078473514,0.002560363,0.0013117406,2013,1232,0,test
0.002000134,0.990669,0.0010838722,0.001212325,0.0017447667,0.0009186903,0.0013238062,0.0010473639,2014,1694,0,test
0.0027299558,0.9905834,0.0012487307,0.0013984453,0.0012855536,0.0007595881,0.0010150216,0.0009793667,2015,1437,0,test
0.000581524,0.00083113223,0.00081491907,0.000962684,0.024563223,0.96998066,0.0012379525,0.001027956,2016,440,0,test
0.00289615,0.0013022892,0.98845077,0.0029298125,0.00148197,0.00072222896,0.0013987002,0.0008181437,2017,2007,0,test
0.0031167157,0.0014599256,0.9884077,0.0025380256,0.0015649383,0.000714966,0.0014766334,0.0007211273,2018,790,0,test
0.0021464636,0.0014601883,0.9895858,0.002333936,0.0015662583,0.0007109135,0.0013804502,0.00081606925,2019,1817,0,test
0.0011584393,0.004062208,0.003098662,0.0030244705,0.7951965,0.18880989,0.0017896323,0.002860311,2020,263,0,test
0.98609656,0.0039768238,0.0032341245,0.0010939484,0.00089845795,0.0009432232,0.0022038205,0.0015530632,2021,964,0,test
0.9891178,0.002703383,0.0028985564,0.0009628051,0.0009259299,0.000824768,0.0012773947,0.0012893042,2022,1911,0,test
0.0011026599,0.001933773,0.003545007,0.0013839961,0.81028056,0.17740536,0.0012505857,0.003098005,2023,197,1,test
0.967469,0.009528626,0.015490955,0.0019507107,0.0016117739,0.0011302802,0.0015674408,0.0012512296,2024,158,0,test
0.97967863,0.008215843,0.0029725856,0.0012835693,0.0015205196,0.0018610012,0.0019878792,0.0024798303,2025,1527,0,test
0.9886573,0.0022879965,0.003562499,0.0009562115,0.00091649865,0.0009396315,0.0014323052,0.0012476328,2026,705,0,test
0.0016546127,0.0032076011,0.00061117683,0.0034671407,0.00175133,0.0060265567,0.0049106935,0.9783709,2027,387,1,test
0.0045576617,0.0014511822,0.9867682,0.0025153,0.0016972311,0.0007337599,0.0015347175,0.00074203825,2028,679,0,test
0.0022115705,0.99085194,0.0012757021,0.001346166,0.0017661494,0.0009026313,0.0008656973,0.00078010524,2029,1451,0,test
0.0017125526,0.003183396,0.0021731495,0.0015334146,0.65105236,0.33309755,0.0023584547,0.0048891506,2030,1780,1,test
0.0028545193,0.0014799557,0.98883957,0.0024112747,0.0015404323,0.00075680023,0.0013088194,0.00080858264,2031,1735,0,test
0.0020117091,0.000736633,0.001897036,0.0024255246,0.004974182,0.98057884,0.0027806072,0.0045953984,2032,1093,0,test
0.0025136678,0.0014442401,0.98912585,0.002484185,0.0015945589,0.0007296886,0.0013346876,0.0007731534,2033,544,0,test
0.80186903,0.0057575796,0.17342284,0.0077106566,0.0030285763,0.0021540434,0.0037854284,0.0022717952,2034,1367,1,test
0.0024921105,0.0014778133,0.988808,0.0025341306,0.001671485,0.00074367825,0.0014025283,0.00087028166,2035,990,0,test
0.0008120652,0.001206666,0.0011914864,0.0011872622,0.13906297,0.85304946,0.0013332171,0.0021568323,2036,994,0,test
0.98160857,0.007524746,0.0036793877,0.0012360454,0.0015346735,0.0011186671,0.0014115764,0.0018864063,2037,1366,0,test
0.0025309355,0.0012246832,0.9890627,0.0026982743,0.0015553915,0.0007802309,0.0013819237,0.0007657702,2038,1826,0,test
0.002631108,0.0014757004,0.9890105,0.0023789166,0.0016175073,0.0007499702,0.0012874928,0.0008488337,2039,1533,0,test
0.0026887923,0.0012619849,0.9890463,0.0024535584,0.0016447821,0.0007121425,0.0014572191,0.0007353193,2040,1885,0,test
0.9858453,0.0038809231,0.0026139219,0.0013229081,0.0012161136,0.0013306868,0.0015670658,0.0022230747,2041,1068,0,test
0.002965611,0.0012554276,0.9885162,0.0028269908,0.0015131842,0.00073227676,0.0013775886,0.00081275136,2042,201,0,test
0.0030645768,0.0013288659,0.9886568,0.0024842138,0.001540457,0.0007548031,0.0013505509,0.000819723,2043,34,0,test
0.0042203525,0.001621867,0.9863114,0.0030933735,0.0015539713,0.0007640869,0.0016701779,0.0007647598,2044,1896,0,test
0.0024006104,0.0052760495,0.0026534884,0.004651391,0.0670904,0.4828745,0.0057315403,0.42932197,2045,751,0,test
0.0032363974,0.0014551197,0.9884105,0.0025272218,0.0015249603,0.00068062503,0.0014359365,0.00072930247,2046,489,0,test
0.0019471901,0.9899447,0.00093469623,0.0016071559,0.0018088938,0.0012018029,0.0012114263,0.0013441602,2047,1404,1,test
0.9873038,0.0030247571,0.0024765437,0.0013725354,0.0009989155,0.0010587369,0.0015024472,0.0022623856,2048,1431,0,test
0.9855393,0.0026853832,0.0040790313,0.0016694786,0.0012812164,0.0013265535,0.0014824886,0.0019365699,2049,1345,0,test
0.0022333849,0.0015545319,0.98939884,0.0023344343,0.0016550864,0.0006917773,0.001253234,0.0008787634,2050,1319,0,test
0.0032575382,0.0012587417,0.98763186,0.003293117,0.0015889513,0.00074408867,0.0013879127,0.00083788496,2051,1967,0,test
0.0084871985,0.0015458469,0.9792082,0.0038538447,0.002294114,0.0011194266,0.0027841716,0.0007072514,2052,237,0,test
0.020563088,0.9699448,0.0020676716,0.0010675458,0.0020829905,0.0010296531,0.0018341385,0.0014100686,2053,579,0,test
0.98686826,0.0030056674,0.0044897785,0.0010855462,0.0011203,0.00083014584,0.0013099121,0.0012903,2054,1253,0,test
0.0013313636,0.001791396,0.00061539374,0.003567221,0.0013189074,0.0042607454,0.0022951688,0.98481977,2055,625,0,test
0.0028537991,0.0011913243,0.98877114,0.0026583318,0.001597927,0.0007302041,0.0014575762,0.0007396043,2056,1477,0,test
0.97717184,0.002937755,0.013046028,0.0012651683,0.0015522838,0.001167995,0.0013391244,0.0015198162,2057,1224,0,test
0.0024963364,0.0014165489,0.98916465,0.0024090628,0.0015857832,0.0007556184,0.001431651,0.00074035744,2058,1830,0,test
0.0013698604,0.0021127616,0.0014204581,0.0019032905,0.067652844,0.9144948,0.0017188749,0.009327095,2059,541,0,test
0.9856749,0.004133679,0.002231892,0.0010559675,0.001472536,0.0014875724,0.0014440801,0.0024993857,2060,186,0,test
0.0046427813,0.0016157746,0.9862487,0.0028079147,0.0016759359,0.0007772601,0.0014471341,0.0007845947,2061,1744,0,test
0.0028465078,0.0013067775,0.9887611,0.002674507,0.001502653,0.0007385219,0.0013906417,0.00077925023,2062,945,0,test
0.904675,0.07490695,0.008771677,0.0019003344,0.0028588676,0.0019207774,0.0023123825,0.0026540002,2063,1973,0,test
0.0029391656,0.0012237482,0.9886757,0.0024817253,0.0016000996,0.0007347336,0.0015873357,0.000757529,2064,1047,0,test
0.0031673242,0.0012864716,0.98830706,0.002910794,0.0014789281,0.0007191533,0.0013605957,0.0007696098,2065,456,0,test
0.0015675054,0.0016909735,0.0008617848,0.0037032152,0.001199221,0.0051406138,0.0022507699,0.98358595,2066,723,0,test
0.9354486,0.002859851,0.051902484,0.0027712854,0.0025708429,0.0011693854,0.0020855505,0.0011920315,2067,21,0,test
0.0012701795,0.0021023452,0.0020176012,0.0013471522,0.7836784,0.2051357,0.0015314971,0.00291717,2068,444,0,test
0.0032266106,0.001390954,0.98829824,0.0027093175,0.0014447282,0.0006670545,0.0013849802,0.00087809854,2069,1144,0,test
0.0024377,0.0013863336,0.9892748,0.002333314,0.0016745611,0.0007644008,0.0013459834,0.00078299094,2070,926,0,test
0.0028550574,0.0012853396,0.9889024,0.0024523265,0.0015785331,0.00071660784,0.0014667067,0.0007430336,2071,1175,0,test
0.0015780511,0.0017851709,0.0007622862,0.003660783,0.001194508,0.004197725,0.0021539864,0.9846675,2072,1465,0,test
0.0025642188,0.0012352224,0.98924106,0.0024747483,0.001626292,0.00075295864,0.0014011487,0.0007042422,2073,745,0,test
0.0020626073,0.9904062,0.0009234757,0.0009211782,0.0016268446,0.0009096685,0.00210339,0.0010465953,2074,1630,0,test
0.98487943,0.0037573252,0.0023180463,0.00130562,0.0012632294,0.0014707703,0.0016504192,0.003355261,2075,127,0,test
0.0024815165,0.0014446686,0.9892174,0.0023641149,0.0016036314,0.0007224287,0.0013756214,0.0007906994,2076,1434,0,test
0.0029940028,0.0013384972,0.98826885,0.0027217946,0.0015359768,0.00077953696,0.0015197406,0.00084154314,2077,322,0,test
0.002490524,0.0013984183,0.98895544,0.0024365473,0.0016014342,0.0007438197,0.0015392244,0.0008346528,2078,1196,0,test
0.00068304734,0.00071145373,0.0008734963,0.0010674207,0.015740015,0.9784949,0.0011217257,0.0013080989,2079,450,0,test
0.0026362506,0.0014595794,0.9889981,0.0023994201,0.0016173698,0.0007543813,0.0013978861,0.0007369159,2080,1583,0,test
0.0014748527,0.0008048046,0.0016980185,0.0019937055,0.007842832,0.9821302,0.0027862696,0.0012692817,2081,1060,0,test
0.0024742677,0.013692707,0.0027613798,0.004363728,0.21122946,0.31992033,0.007078485,0.43847972,2082,1094,0,test
0.0031994309,0.0012664067,0.9881499,0.0025310894,0.0016327508,0.0008357333,0.001372198,0.0010124763,2083,1250,0,test
0.0021690414,0.0013530987,0.9896792,0.002253524,0.0018313623,0.0007253682,0.0012236102,0.000764775,2084,834,0,test
0.0021935261,0.0012731674,0.9897776,0.002369189,0.0017041413,0.0007022189,0.0012256455,0.00075440586,0,177,0,validation
0.98373044,0.0029779538,0.006575089,0.0012016397,0.0013247534,0.0011620524,0.0015669967,0.0014610285,1,547,0,validation
0.9832704,0.0039564944,0.0031418335,0.0013223414,0.0016033094,0.0015291761,0.0019035423,0.0032729136,2,301,0,validation
0.0033619425,0.0012582336,0.98809403,0.0026488763,0.0016646725,0.00075188937,0.0014596551,0.0007607477,3,877,0,validation
0.05203212,0.003269487,0.9201609,0.014621179,0.0025228208,0.0019267487,0.0040000584,0.0014667048,4,675,0,validation
0.016171936,0.0025038354,0.96095204,0.0121644465,0.0025147235,0.0014304918,0.0028124352,0.0014500383,5,282,0,validation
0.9856193,0.0021900602,0.006359926,0.0011098738,0.001229082,0.0008486976,0.0016460641,0.0009969278,6,309,0,validation
0.9874814,0.001975212,0.005064216,0.0012511448,0.0008753077,0.0008091537,0.0012298321,0.0013137112,7,783,1,validation
0.0006150937,0.0017212414,0.0009327475,0.001273893,0.05634684,0.9339626,0.0019728786,0.0031747124,8,933,0,validation
0.026366442,0.0026901898,0.94746363,0.014634925,0.0032426422,0.0015189401,0.0025924256,0.0014908153,9,917,0,validation
0.002404997,0.990785,0.0012100694,0.001128538,0.0015429524,0.0008305968,0.0009418328,0.0011560593,10,434,0,validation
0.98477304,0.004189774,0.0037099875,0.0012233452,0.0013877939,0.0012402476,0.0014939026,0.0019818645,11,677,0,validation
0.9691242,0.0017061222,0.01985211,0.0024926376,0.0020570438,0.0016367529,0.0019084968,0.001222748,12,98,1,validation
0.003455868,0.0012388894,0.98791015,0.0026162313,0.0015940572,0.00075300905,0.0017056846,0.00072613196,13,138,0,validation
0.9625406,0.024675047,0.0041542053,0.0014818846,0.0015336833,0.0012555033,0.0016826153,0.0026764409,14,449,0,validation
0.009932906,0.0020904047,0.97339666,0.007902749,0.0019867092,0.0014652841,0.0022623742,0.0009628158,15,594,0,validation
0.0016526135,0.0106709255,0.0007027698,0.0024852997,0.0024262883,0.008408158,0.0031061328,0.97054774,16,381,0,validation
0.0029571839,0.0012705554,0.9886126,0.0025794837,0.0015836743,0.0007040465,0.0014903144,0.0008021393,17,297,0,validation
0.0036407383,0.0013661424,0.9876282,0.002712227,0.0016570556,0.00070940837,0.0015385278,0.00074759085,18,110,0,validation
0.988143,0.002081489,0.0030651086,0.0012762046,0.000798175,0.00084629556,0.001762988,0.002026746,19,203,0,validation
0.0032963278,0.0012646904,0.98827374,0.0025375618,0.0016208275,0.00076166796,0.00143413,0.0008110106,20,575,0,validation
0.0025428878,0.0014007114,0.9890238,0.0025637755,0.0015489159,0.0007383494,0.0012775041,0.00090421457,21,545,0,validation
0.003324637,0.0012716051,0.98799187,0.0029035686,0.0015391286,0.000745031,0.001441351,0.0007827925,22,50,0,validation
0.0020509625,0.99032193,0.0012633107,0.0011070345,0.0023035228,0.001088547,0.0009618523,0.0009028401,23,68,1,validation
0.9846422,0.0042251428,0.004112412,0.0011730079,0.0013721649,0.0012521179,0.0014837306,0.0017392783,24,905,0,validation
0.90345144,0.0048417244,0.07802123,0.005598041,0.002078838,0.0015157338,0.0026785096,0.0018145025,25,375,1,validation
0.9880854,0.0022400946,0.0046937834,0.0009591892,0.0009923098,0.00074733514,0.0012680959,0.0010138577,26,84,0,validation
0.0033637914,0.0012549878,0.9879231,0.0030936403,0.0015109642,0.0006834237,0.0014307966,0.0007393404,27,86,0,validation
0.002355343,0.0012987236,0.98957473,0.0023392937,0.001723911,0.00071016897,0.0012507588,0.0007470499,28,913,0,validation
0.008354057,0.0021776655,0.96734244,0.013186643,0.0028703178,0.0011921219,0.0020300697,0.0028466678,29,317,0,validation
0.0024840403,0.0013418578,0.988982,0.002725921,0.0015784953,0.0007724771,0.0013231322,0.00079202617,30,860,0,validation
0.96322244,0.008233729,0.0035916886,0.0017248098,0.002240124,0.0032801197,0.0023326983,0.015374353,31,1003,0,validation
0.0027799536,0.0013488887,0.9888791,0.0024483956,0.0016692976,0.0007458171,0.0013737824,0.00075471576,32,431,0,validation
0.007804081,0.0019467804,0.97859156,0.0056222714,0.0017859134,0.0011145833,0.00233616,0.0007985755,33,672,0,validation
0.98532504,0.003581423,0.0030458155,0.0015545744,0.0009748537,0.0012000625,0.0020081496,0.002310133,34,699,0,validation
0.008944011,0.0020403897,0.9706452,0.010142394,0.0034126376,0.0014209285,0.002146537,0.0012478607,35,556,0,validation
0.003618941,0.9899109,0.0013546176,0.0011034941,0.0016595627,0.0006949884,0.0009340985,0.00072352076,36,439,0,validation
0.002670576,0.0012766002,0.9890113,0.0026380839,0.0015368316,0.00074313174,0.001373596,0.0007498453,37,31,0,validation
0.0011608673,0.0028869356,0.0029182541,0.0013730322,0.90052015,0.08676633,0.0010344806,0.003339905,38,788,0,validation
0.9867806,0.0028191935,0.0049779234,0.0010100084,0.001310015,0.00083118235,0.0011997052,0.0010713944,39,343,0,validation
0.011979455,0.0026263334,0.9698146,0.007959169,0.0020916022,0.0015479163,0.002841366,0.0011395897,40,885,0,validation
0.003134799,0.0016218973,0.9850209,0.005310308,0.0018979603,0.00084125507,0.0014105722,0.00076233724,41,806,0,validation
0.013515286,0.0021804364,0.967661,0.009725333,0.0020922266,0.0011383346,0.0024121997,0.0012751382,42,684,0,validation
0.98529935,0.0040515536,0.0033998203,0.0012608041,0.0013241762,0.0012031045,0.0015554888,0.0019057747,43,410,0,validation
0.022276694,0.002883288,0.95478755,0.0121293655,0.0026251264,0.0013093862,0.0027291619,0.0012594485,44,211,0,validation
0.98407537,0.004729108,0.0029394827,0.0011261044,0.0015400648,0.0014925469,0.0014237276,0.0026735072,45,471,0,validation
0.9800971,0.0057928753,0.005786357,0.0012642797,0.0017770441,0.0015274395,0.002016153,0.0017387809,46,760,0,validation
0.98697865,0.0033969155,0.0029307227,0.0011621887,0.001005747,0.0010046887,0.0013976363,0.0021234956,47,628,0,validation
0.0023698944,0.0014210799,0.9891866,0.002509968,0.0015969169,0.00072695647,0.0013568208,0.0008317688,48,691,0,validation
0.9838631,0.0024767513,0.0069759055,0.0011385225,0.0014682504,0.0010073998,0.0016843498,0.0013856539,49,592,0,validation
0.002524022,0.001219632,0.9893974,0.0024014295,0.001597699,0.00071560516,0.0014194667,0.00072475895,50,518,0,validation
0.97882724,0.007254659,0.0052940967,0.0014490186,0.0015923723,0.0013413174,0.002743362,0.0014979875,51,908,0,validation
0.014712756,0.0028819956,0.96765155,0.0053248913,0.0032577857,0.0023814621,0.0028531484,0.00093644235,52,512,0,validation
0.020992668,0.0020789027,0.947047,0.017351735,0.004245536,0.0029352866,0.0035714959,0.0017774454,53,660,0,validation
0.98335844,0.003513238,0.0040531848,0.0019237016,0.00076065585,0.0009896632,0.0030142448,0.0023868324,54,699,1,validation
0.0010864217,0.0021598772,0.0025675988,0.0010468451,0.9193912,0.07082297,0.0011850657,0.0017399372,55,416,0,validation
0.0030875078,0.0012946425,0.9884865,0.0025627688,0.0015932359,0.00071408774,0.0014834192,0.0007778096,56,671,0,validation
0.9837187,0.002449372,0.00824314,0.0010989753,0.0013169611,0.0009388078,0.0013082462,0.0009258193,57,104,0,validation
0.01176049,0.0020616478,0.9742966,0.0059654475,0.00201268,0.0010784931,0.0020100262,0.0008145565,58,321,0,validation
0.0042624613,0.0012521317,0.9852527,0.004182431,0.0016042492,0.00077919086,0.0017355452,0.00093125046,59,414,0,validation
0.9834869,0.0039127977,0.0025274681,0.0011269597,0.0019247695,0.0022058922,0.0017831621,0.0030321116,60,871,0,validation
0.009146398,0.0018088854,0.9771788,0.00617472,0.0016997015,0.001039301,0.0021022486,0.0008499038,61,201,0,validation
0.0024162978,0.0012583961,0.9893947,0.0023920517,0.0016201022,0.0007258519,0.0013969877,0.0007956437,62,1005,0,validation
0.109541595,0.00477615,0.86303395,0.011153954,0.004820434,0.0018311263,0.0033583234,0.0014844285,63,377,0,validation
0.9827675,0.0024742377,0.007970315,0.0013641318,0.0010802434,0.0009914729,0.0017635348,0.0015884625,64,462,0,validation
0.0023026455,0.9872508,0.0011286198,0.0010799712,0.0021052714,0.0015597554,0.0035494976,0.0010234581,65,971,0,validation
0.01093902,0.0022041735,0.96217805,0.017317735,0.002433253,0.0012261284,0.002034632,0.0016669818,66,409,0,validation
0.0029419812,0.9908165,0.001242659,0.0010183149,0.0014632338,0.0008254823,0.0010266647,0.0006652046,67,925,0,validation
0.98596394,0.0034110853,0.0026256263,0.0012289094,0.0013349776,0.0015990935,0.0016097882,0.0022265494,68,106,0,validation
0.9838378,0.004492019,0.0022003066,0.001321114,0.0013364314,0.0015703054,0.0014905849,0.0037514528,69,392,0,validation
0.0031919265,0.0013549692,0.98843235,0.0023675207,0.0016295437,0.0007404298,0.0015856711,0.0006975573,70,542,0,validation
0.9853484,0.0024264024,0.0058468743,0.00090006646,0.0018600608,0.0014123269,0.0013210251,0.000884884,71,366,0,validation
0.98118746,0.0028592192,0.009849731,0.0017070371,0.0008057588,0.00070156046,0.0017708562,0.001118362,72,303,1,validation
0.005039149,0.0015238951,0.9823583,0.00622744,0.0018405459,0.0009098937,0.0013472614,0.0007535673,73,58,0,validation
0.0027823204,0.0012527424,0.98892283,0.002346327,0.0017113864,0.0007761081,0.0015095168,0.0006987072,74,777,0,validation
0.00297299,0.0014185418,0.98874146,0.0023375847,0.0016305125,0.0006995073,0.001435788,0.0007636915,75,435,0,validation
0.02127449,0.0026730248,0.9572191,0.011461319,0.0027126183,0.0011680392,0.0023785408,0.0011129056,76,665,0,validation
0.0013023277,0.0017859961,0.000634893,0.0033192607,0.0014627859,0.005075731,0.0020433106,0.98437566,77,348,0,validation
0.0025189496,0.0012212594,0.9892805,0.0024065573,0.0015943482,0.0007692208,0.0013949926,0.0008141519,78,840,0,validation
0.5837627,0.0066122455,0.38585892,0.01201536,0.0031062397,0.0022251967,0.004087784,0.0023315393,79,23,0,validation
0.0021829547,0.9908545,0.0010937394,0.0014025328,0.0017364316,0.0008441409,0.0010145177,0.00087118434,80,766,0,validation
0.0017639908,0.0008891106,0.0018885349,0.0019838056,0.0069969688,0.9814999,0.0036293908,0.0013482746,81,642,0,validation
0.001044061,0.00093594874,0.0013180501,0.0015476402,0.008358748,0.98267716,0.0029372103,0.0011811749,82,484,0,validation
0.033647157,0.0027345975,0.9321004,0.020035671,0.0032954072,0.002694529,0.003668605,0.0018237311,83,973,0,validation
0.9824828,0.0038995892,0.0025069022,0.0014245651,0.0016353176,0.002799723,0.002220901,0.0030301802,84,356,0,validation
0.002866324,0.0013443341,0.98892003,0.0023991473,0.0016229379,0.000716838,0.0014065524,0.0007238019,85,351,0,validation
0.0024098894,0.0012415581,0.98939264,0.0024296013,0.0016199126,0.0007367843,0.0014287153,0.00074089813,86,428,0,validation
0.0025797822,0.0014194121,0.9891495,0.0024164477,0.0015777067,0.00073026656,0.0013000208,0.000826861,87,846,0,validation
0.98878187,0.0025928798,0.0033444252,0.0010204834,0.00090752554,0.0008104164,0.0013556987,0.0011867017,88,629,0,validation
0.014550995,0.0025608873,0.95819616,0.017238585,0.0024001084,0.0010783552,0.002390579,0.0015842542,89,136,0,validation
0.01359505,0.0026078918,0.9672239,0.009433509,0.0021402214,0.0014185902,0.0024860448,0.0010947984,90,230,0,validation
0.0025337378,0.0012677463,0.98924273,0.0023716409,0.0016874486,0.0007550001,0.0014038273,0.0007379499,91,755,0,validation
0.0023593456,0.0012778098,0.9893043,0.0023536643,0.0016868924,0.0007833156,0.0013995575,0.00083516387,92,772,0,validation
0.000923105,0.00077757996,0.001131131,0.0012708628,0.0075480253,0.9852808,0.0018558749,0.0012126138,93,929,0,validation
0.0064818244,0.0019732122,0.98113513,0.0051095644,0.0016870047,0.0009244314,0.0019220199,0.0007668181,94,758,0,validation
0.01998773,0.0051132753,0.9506511,0.01599533,0.0025856262,0.0012880407,0.0029700932,0.0014088722,95,281,0,validation
0.002243407,0.99114406,0.0011483893,0.0013037024,0.0015740116,0.00088867603,0.00089626375,0.000801609,96,844,0,validation
0.0025621166,0.0015620826,0.9891661,0.0022948878,0.0015438667,0.00070525607,0.0013470044,0.00081875955,97,48,0,validation
0.0021343278,0.9912937,0.0009258427,0.0011996891,0.0014421353,0.0008425827,0.0011224411,0.0010393588,98,668,0,validation
0.007138459,0.0022301741,0.9804633,0.0045433636,0.001916438,0.0009699017,0.001949013,0.000789345,99,286,0,validation
0.0020081897,0.003786138,0.005011723,0.003393647,0.079991475,0.8962481,0.0070003993,0.0025602574,100,484,1,validation
0.0027741212,0.0014998008,0.9886007,0.0026625744,0.0015111443,0.00068560115,0.0014236826,0.0008424071,101,74,0,validation
0.001710342,0.0021036954,0.00069689867,0.0028513272,0.0012203024,0.0042315284,0.0022896312,0.9848963,102,553,0,validation
0.0031177753,0.0013374785,0.9885019,0.0024180356,0.00166812,0.0006986673,0.0015141331,0.00074387854,103,10,0,validation
0.005546549,0.0019496833,0.98285216,0.0046365163,0.0016352874,0.00086617237,0.0017772177,0.000736362,104,510,0,validation
0.98654884,0.0020614946,0.006423328,0.00097263674,0.0009725964,0.0007383457,0.0011386793,0.0011440696,105,599,1,validation
0.0012911739,0.001768322,0.0006908095,0.0031976264,0.0012827585,0.004769266,0.0023294264,0.98467064,106,154,1,validation
0.0014853679,0.001938637,0.00070500426,0.0033979095,0.0012540945,0.004398425,0.001989596,0.984831,107,191,0,validation
0.0024998887,0.001328162,0.9893694,0.002128432,0.0017070113,0.0007552884,0.0014533671,0.000758425,108,822,0,validation
0.0027292296,0.0013923604,0.988734,0.0026920568,0.0015719911,0.00074387336,0.0012709035,0.00086561777,109,918,0,validation
0.0024807905,0.0012735523,0.98947513,0.0023680087,0.0015460417,0.0007144033,0.0013742846,0.0007677867,110,718,0,validation
0.0012035158,0.0019485718,0.0024107553,0.0015015731,0.7662743,0.22225945,0.0017303741,0.002671526,111,578,0,validation
0.0073858094,0.002096826,0.97862977,0.006466374,0.0018302121,0.0008150614,0.001967154,0.00080880296,112,495,0,validation
0.0024151138,0.0012447796,0.98955756,0.0023796614,0.0016473524,0.00072015496,0.0012638909,0.0007714969,113,617,0,validation
0.9866187,0.003367056,0.002657396,0.001289113,0.0010078559,0.0013026526,0.0015425497,0.0022146837,114,94,0,validation
0.9857427,0.0037747377,0.0024868322,0.0013734405,0.0010252887,0.0011451243,0.0015670761,0.0028847675,115,81,0,validation
0.031529088,0.0036310058,0.9453203,0.01203736,0.0021569133,0.0014150927,0.0027385605,0.0011715308,116,461,0,validation
0.98590356,0.0038219702,0.0035967487,0.001241537,0.0011896254,0.0009991984,0.0018113751,0.001435973,117,167,0,validation
0.0025505929,0.9909917,0.0010167757,0.0010171725,0.0016861211,0.00085645926,0.0011211783,0.0007599164,118,331,0,validation
0.0023815967,0.0012594063,0.9893913,0.0023993351,0.0016961287,0.00076081324,0.0013876637,0.0007237488,119,477,0,validation
0.0052760234,0.0018234137,0.9831455,0.0048072794,0.001647515,0.00087162637,0.0016793308,0.0007492372,120,715,0,validation
0.9888516,0.002889375,0.002606824,0.0010606354,0.00089074665,0.00083238643,0.0013645376,0.001503969,121,240,0,validation
0.98751044,0.0021659238,0.0035949266,0.0009107897,0.0016560769,0.0013172061,0.0014953049,0.0013493516,122,599,2,validation
0.0063366033,0.01044804,0.68765473,0.12128529,0.023082986,0.028564079,0.021747734,0.10088053,123,459,1,validation
0.989175,0.00191889,0.0033288088,0.0009475038,0.0011325713,0.000931022,0.0014971728,0.0010690097,124,290,0,validation
0.9883596,0.0026748374,0.0021797807,0.001186256,0.0010215453,0.0011222792,0.0014528657,0.0020028295,125,288,0,validation
0.0027558424,0.0012011223,0.989076,0.0025304386,0.0016060435,0.0007191125,0.0013912438,0.00072028727,126,534,0,validation
0.0030018957,0.0013699174,0.9886658,0.0023740402,0.0016071176,0.00072040065,0.0015310805,0.0007297355,127,519,0,validation
0.0020440205,0.0013677065,0.98880845,0.0028086447,0.0022793217,0.00075818505,0.0011702519,0.00076348626,128,558,0,validation
0.9841601,0.0030805685,0.0057922974,0.0013588275,0.0010434088,0.0009964678,0.0016361009,0.0019321169,129,298,0,validation
0.0023452842,0.001235624,0.98959804,0.0023781369,0.0016351695,0.0007351221,0.0013215186,0.0007511249,130,855,0,validation
0.002460305,0.99092406,0.0012170093,0.0012044102,0.0015201935,0.00092117256,0.00089973066,0.0008531369,131,312,1,validation
0.0013226543,0.0016746535,0.000745796,0.0035373825,0.0012394623,0.0043570152,0.0023638166,0.9847593,132,502,0,validation
0.02061404,0.002155614,0.9539758,0.0071801124,0.010083332,0.0024747904,0.0026384576,0.0008778046,133,76,0,validation
0.0031130628,0.0012021171,0.988278,0.002606794,0.0016400045,0.0007796136,0.0016300421,0.0007503465,134,192,0,validation
0.9883133,0.0022000512,0.0038883204,0.0011177835,0.00094023085,0.00087374396,0.0013065109,0.00135999,135,418,0,validation
0.002616679,0.0011440057,0.9889471,0.002547183,0.0018038873,0.0008076459,0.0014390823,0.0006943611,136,769,0,validation
0.0018939222,0.99178654,0.0010588497,0.0009982939,0.0017705656,0.0008569546,0.00097038137,0.00066455116,137,645,0,validation
0.00248664,0.0014146331,0.989094,0.0023492423,0.0016398815,0.0007451061,0.0014443217,0.00082632154,138,470,0,validation
0.98418343,0.0047761416,0.0022654748,0.0010833537,0.0015649666,0.0020456477,0.0017172756,0.0023636196,139,38,0,validation
0.008711578,0.0017558226,0.98099524,0.0032280614,0.0017684548,0.0008524379,0.0018437057,0.00084465876,140,30,0,validation
0.0023293346,0.0012097291,0.9895661,0.0024310981,0.0015848586,0.00073922006,0.0013849562,0.00075470476,141,717,0,validation
0.985024,0.0038047612,0.003590609,0.0012984249,0.0015721613,0.0014183891,0.001671352,0.0016202435,142,133,0,validation
0.015557735,0.0033125703,0.9626456,0.011119556,0.002337645,0.0012484342,0.002552488,0.0012259743,143,53,0,validation
0.0025171323,0.0012030897,0.989094,0.002543734,0.0015958046,0.0007777627,0.00141596,0.0008525998,144,267,0,validation
0.0027536692,0.0013893996,0.9889522,0.002326142,0.0016169986,0.00073422457,0.0014680233,0.000759395,145,339,0,validation
0.002505326,0.0012371921,0.9893979,0.0023859886,0.0016551947,0.00073372823,0.0013705377,0.00071412267,146,504,0,validation
0.9880669,0.0025644726,0.0034076602,0.0010779023,0.00094721076,0.00096488325,0.0014194056,0.0015515178,147,284,0,validation
0.008963189,0.98348296,0.0019734772,0.0013168396,0.0016746712,0.00073678297,0.0010667398,0.0007854349,148,291,0,validation
0.9845798,0.005115093,0.0022629693,0.0013136477,0.0013138024,0.0014066553,0.0014698749,0.002538071,149,3,0,validation
0.9873586,0.0034430583,0.0032007385,0.0010588887,0.0010441408,0.00086387765,0.0012598406,0.0017708519,150,741,0,validation
0.001853142,0.0009785501,0.0020612336,0.0024843419,0.0072646155,0.98096406,0.0030858996,0.0013081103,151,864,1,validation
0.0011204558,0.0020434665,0.0022781573,0.0012059528,0.774783,0.21407613,0.0014469558,0.0030459266,152,496,0,validation
0.0028339203,0.001463845,0.98860407,0.0025447605,0.0016588027,0.0006962013,0.0012897443,0.0009086513,153,742,0,validation
0.031376343,0.0026379488,0.94772416,0.009252454,0.002219218,0.0020345587,0.0036039848,0.0011512806,154,937,0,validation
0.98679245,0.0034810302,0.00211365,0.0011610381,0.0010772684,0.0010987524,0.0022968776,0.0019790109,155,784,0,validation
0.002891354,0.0013044247,0.98869264,0.002451549,0.0016788805,0.0007089366,0.00151599,0.0007563707,156,662,0,validation
0.0017005375,0.002345652,0.003198883,0.0012752505,0.0015478049,0.0017433093,0.9864189,0.0017695805,157,57,0,validation
0.9855121,0.0023863951,0.0069648004,0.0010259345,0.0012376554,0.0007979447,0.0012564708,0.00081863184,158,62,0,validation
0.0014475718,0.001965124,0.0007111251,0.0030423114,0.0013790036,0.004099531,0.0020188838,0.98533636,159,208,0,validation
0.98749614,0.0018338991,0.0040215924,0.0010063751,0.001284875,0.0013965527,0.0019849355,0.0009756605,160,972,0,validation
0.3562998,0.005773693,0.5350381,0.013414499,0.063755184,0.017078288,0.0052044247,0.0034360704,161,98,0,validation
0.0026994084,0.0012111607,0.98909587,0.002385142,0.0016259868,0.00078242016,0.0014629505,0.00073713355,162,930,0,validation
0.012459698,0.0023468258,0.9656224,0.011986455,0.0025551624,0.0012774179,0.0024008246,0.0013511872,163,311,0,validation
0.0012570249,0.0019307625,0.00062642916,0.0030649384,0.0015099527,0.0049035065,0.0021650165,0.9845425,164,433,0,validation
0.0032652407,0.9890565,0.0018640043,0.00133035,0.0021360584,0.00082480855,0.0008518092,0.00067105016,165,859,0,validation
0.003368246,0.0013349623,0.98791426,0.0027786798,0.0015846012,0.00070481637,0.0015274346,0.00078692846,166,161,0,validation
0.9840612,0.0051023313,0.0020662483,0.0012062617,0.0014239488,0.0014923589,0.001597774,0.0030499448,167,815,0,validation
0.0031499965,0.0013145129,0.98774534,0.0034093205,0.001586826,0.00070037186,0.0013991043,0.0006946446,168,237,0,validation
0.009958751,0.046852916,0.76532966,0.11973696,0.010039553,0.005429011,0.036425706,0.0062274197,169,185,0,validation
0.0029653367,0.0013257853,0.988603,0.0024409147,0.0016442527,0.00070023705,0.0015823077,0.00073819194,170,333,0,validation
0.0026101887,0.0014124812,0.98901343,0.0025006114,0.0015466199,0.00074766047,0.0014097869,0.00075921963,171,881,0,validation
0.0047835144,0.002149333,0.9831145,0.0047697546,0.0017075562,0.0008503133,0.0018434372,0.0007816595,172,65,0,validation
0.9851745,0.0021512462,0.0067626154,0.0013492461,0.0010391781,0.00088139286,0.0012755543,0.0013662591,173,269,0,validation
0.0031448267,0.0011981031,0.98853415,0.0026253092,0.0015784486,0.00074300944,0.0014202348,0.0007559498,174,66,0,validation
0.0028926877,0.0012299157,0.9881144,0.0031432153,0.0015644449,0.0007579195,0.0014348953,0.0008624126,175,171,0,validation
0.012363319,0.002240531,0.967799,0.011139787,0.0021327536,0.00095426734,0.002313491,0.0010567431,176,12,0,validation
0.003325824,0.0017907951,0.9879851,0.0024443571,0.0015610948,0.0006934296,0.0014690178,0.0007303727,177,868,0,validation
0.98715335,0.0027365268,0.00401435,0.0012663783,0.0009975049,0.00088852434,0.0014936269,0.0014496817,178,931,0,validation
0.9855524,0.0027660646,0.0055904873,0.0012582561,0.0012916024,0.0010417973,0.0012288549,0.0012705938,179,1008,0,validation
0.0022691325,0.9881676,0.0012022271,0.0013104826,0.00198311,0.001462288,0.0012634824,0.0023417554,180,947,0,validation
0.0035648874,0.0013729115,0.9881721,0.002400149,0.0015364394,0.00071193185,0.0014979438,0.00074367685,181,569,0,validation
0.9858087,0.0030891306,0.003904636,0.0013104226,0.001231317,0.0012179911,0.0014680692,0.001969706,182,791,0,validation
0.002782358,0.0012795539,0.9887679,0.0026567618,0.0015417493,0.0007595543,0.0013917298,0.0008204377,183,300,0,validation
0.98158425,0.0022407547,0.009363931,0.0015757201,0.0011774006,0.0011269695,0.001464281,0.0014666632,184,563,0,validation
0.003219211,0.0040124697,0.00223315,0.004550949,0.002279695,0.0066220374,0.0030393584,0.9740432,185,969,1,validation
0.9755086,0.0061737467,0.010495109,0.0019900494,0.0009858937,0.0009117704,0.0025797412,0.0013551243,186,872,0,validation
0.0018768726,0.0010690294,0.0019082763,0.0022310447,0.006438443,0.98130316,0.0036332842,0.0015398614,187,524,0,validation
0.003043967,0.0013961474,0.9885257,0.00252074,0.0016561116,0.0006942635,0.0014101246,0.0007530296,188,681,0,validation
0.98163295,0.0022145163,0.009934338,0.0015440248,0.00096492394,0.00090901897,0.0015165597,0.0012836613,189,909,0,validation
0.0029345455,0.0012651149,0.98893124,0.0022614829,0.0016259431,0.00076696597,0.0014269068,0.00078787596,190,633,0,validation
0.002235809,0.99080443,0.0011773484,0.0012587219,0.0019548647,0.00078942033,0.0010840192,0.00069536903,191,828,0,validation
0.09660938,0.03915525,0.017414765,0.0029301476,0.004717584,0.0040926943,0.8322291,0.0028511554,192,257,1,validation
0.98862493,0.002253309,0.0023240133,0.0010496448,0.0011217425,0.0013257117,0.0015326972,0.001767957,193,2,0,validation
0.0026054888,0.00087136094,0.0048397635,0.006445907,0.012636607,0.9665354,0.0037014126,0.002364099,194,459,0,validation
0.001195756,0.0018784696,0.0006441261,0.0029715684,0.0016051597,0.005508948,0.0020214065,0.98417455,195,525,0,validation
0.002928156,0.0014696015,0.98862606,0.002535984,0.001532126,0.0007000136,0.001402452,0.0008056362,196,967,0,validation
0.0023624965,0.99107146,0.0011682682,0.001025169,0.0017019539,0.00085695874,0.0010703101,0.0007434921,197,759,0,validation
0.979046,0.0019595395,0.012470086,0.0018073459,0.0010784814,0.0008537501,0.0015636494,0.0012211557,198,944,0,validation
0.98781306,0.0025796674,0.002411992,0.0010742296,0.0011444306,0.0014874244,0.0016153194,0.0018739568,199,299,0,validation
0.015031329,0.002334087,0.96129984,0.013704545,0.0022954952,0.0012712383,0.002650216,0.0014132995,200,523,0,validation
0.9873176,0.002765748,0.0035710358,0.0012380719,0.0010710161,0.0010602826,0.0014940187,0.0014821596,201,781,0,validation
0.0031313824,0.001193054,0.98840755,0.0027603512,0.001550969,0.00072748837,0.001399643,0.0008295304,202,224,0,validation
0.9866414,0.0033086913,0.0028576285,0.00095791346,0.0014695061,0.0014138067,0.0014818439,0.0018691986,203,360,0,validation
0.014468753,0.0021996053,0.9661371,0.009857224,0.0025094198,0.001204027,0.002511693,0.0011122661,204,618,0,validation
0.0027462435,0.0013067928,0.98910135,0.00234134,0.0016346308,0.00074247184,0.0014377215,0.0006895501,205,474,0,validation
0.0028731276,0.0014265758,0.9887173,0.0025929394,0.0015133953,0.0007432223,0.0012978552,0.00083558826,206,587,0,validation
0.9883605,0.0029920412,0.0025559794,0.0010566002,0.0010421685,0.001069996,0.001414462,0.0015082682,207,335,0,validation
0.013270184,0.0026848442,0.9640234,0.013588908,0.001903983,0.0010953259,0.0021045373,0.0013286792,208,938,0,validation
0.9849614,0.0023249919,0.0062695364,0.0012602215,0.0010278048,0.0010728695,0.0017866389,0.0012966077,209,847,0,validation
0.0027360558,0.0012504507,0.9889314,0.0023088157,0.0016578685,0.00077723706,0.0016045542,0.0007336016,210,320,0,validation
0.0025644666,0.0011668846,0.9892503,0.0025207698,0.0016374323,0.000747023,0.0014142367,0.00069897925,211,790,0,validation
0.0067293183,0.0018588608,0.98081243,0.0049475427,0.0018334502,0.0010651777,0.0019936694,0.0007595925,212,253,0,validation
0.98612636,0.0030763887,0.0032306449,0.0011884555,0.0011593711,0.0011940479,0.0013891472,0.0026356217,213,559,0,validation
0.002778734,0.0013042272,0.9889031,0.0024865181,0.0016272783,0.0006942193,0.0014693994,0.00073642336,214,621,0,validation
0.0028821689,0.001395109,0.988442,0.0026886195,0.0015770565,0.0007626271,0.0013947623,0.0008576225,215,954,0,validation
0.9878241,0.0030226244,0.0025053895,0.0010893809,0.00080595905,0.001104336,0.0017518192,0.0018964348,216,653,1,validation
0.002413266,0.0013973666,0.98920083,0.002476685,0.0016011151,0.00074113195,0.0014035826,0.00076592166,217,236,0,validation
0.0028885205,0.0013568876,0.9887171,0.0025923885,0.001484342,0.00076232076,0.0013727486,0.0008256527,218,894,0,validation
0.98339915,0.0036226031,0.0048605246,0.0016463929,0.0012491462,0.0012198926,0.0015569868,0.0024453225,219,757,0,validation
0.005527764,0.0019129019,0.9765746,0.009267037,0.002865117,0.0010547995,0.0018682501,0.00092951517,220,103,0,validation
0.0015663769,0.0022873261,0.00070490356,0.0031313752,0.0012149862,0.0042108917,0.0022449598,0.98463917,221,564,1,validation
0.9886184,0.002123187,0.0027278734,0.0011128699,0.0011363442,0.0012668207,0.0014679016,0.0015466339,222,54,0,validation
0.0026187468,0.0014184205,0.989037,0.0024414223,0.001594691,0.00075180957,0.0014032056,0.0007348079,223,206,0,validation
0.9868276,0.0028005838,0.0046264096,0.0011492356,0.0011599145,0.0009357826,0.001308826,0.0011916491,224,117,0,validation
0.984487,0.0039125,0.004228905,0.0012559949,0.001356525,0.0008665902,0.0018246545,0.0020678472,225,385,0,validation
0.003138179,0.0012616462,0.9882684,0.0027669172,0.0016016245,0.00072155154,0.0014347024,0.00080698007,226,25,0,validation
0.009520992,0.0019368515,0.97077405,0.011325031,0.0019508132,0.0010877338,0.0023972746,0.0010072613,227,70,0,validation
0.003528008,0.0012146083,0.9875826,0.0029690298,0.001593382,0.00073579035,0.0015655599,0.00081097113,228,249,0,validation
0.0155829,0.0032610118,0.8560262,0.11055231,0.0029637266,0.0021166543,0.00453661,0.0049606557,229,43,0,validation
0.9877182,0.0031447103,0.0021330866,0.0011277476,0.0012797049,0.0012174082,0.0013973124,0.0019819455,230,562,0,validation
0.00308156,0.0014113826,0.9883465,0.0025129823,0.0015758426,0.00076744356,0.0014967079,0.0008076028,231,308,0,validation
0.0017294277,0.0024291878,0.0010189139,0.0012864283,0.001127252,0.0020098153,0.9887565,0.0016425316,232,323,0,validation
0.98299617,0.0051098326,0.0022910272,0.0012998591,0.0016219737,0.001625199,0.0017539441,0.0033020612,233,265,0,validation
0.9891579,0.0020046192,0.0030240617,0.0010342684,0.0010552293,0.0010983753,0.0013218948,0.001303654,234,415,0,validation
0.0039045806,0.0013728045,0.98726475,0.003068244,0.0015175886,0.00072400895,0.0013935667,0.00075439614,235,830,0,validation
0.98625827,0.0034748486,0.0027610986,0.0013211715,0.0012279064,0.0011850679,0.0015208144,0.0022507226,236,962,0,validation
0.04219548,0.007230975,0.0018884295,0.0034239828,0.005111927,0.014885404,0.0074454425,0.9178183,237,475,0,validation
0.0023420588,0.0012937105,0.98934233,0.0025167225,0.0016509832,0.00080467825,0.0013227485,0.0007267209,238,507,0,validation
0.0016203468,0.0020532631,0.0010845681,0.001351723,0.0011497153,0.0017300148,0.98908883,0.0019216355,239,865,0,validation
0.0017516417,0.0016630433,0.00076539576,0.0035643908,0.0011322112,0.0046377694,0.0024195786,0.98406607,240,564,0,validation
0.9797178,0.004433192,0.0067862025,0.0015002737,0.001562505,0.0020534147,0.001604841,0.002341865,241,395,1,validation
0.0028245214,0.0013099136,0.9886437,0.0024571633,0.0016599376,0.0007336913,0.0015669077,0.000804271,242,696,0,validation
0.02966054,0.0032129555,0.943064,0.014976183,0.0027996756,0.0014356412,0.002931934,0.0019190758,243,824,0,validation
0.0027702744,0.0012970674,0.9886516,0.002797739,0.0014607727,0.0007616632,0.0015308752,0.0007300055,244,561,0,validation
0.013347329,0.0018189485,0.97115517,0.0068002306,0.002963322,0.0012284472,0.0018658584,0.00082066155,245,981,0,validation
0.0024485432,0.0014323577,0.98922694,0.002378987,0.0015973764,0.0007541069,0.001364023,0.00079770625,246,202,0,validation
0.9522203,0.002581099,0.036315817,0.002900811,0.0016106108,0.0012317904,0.0018930444,0.00124638,247,687,0,validation
0.9876533,0.0025693832,0.0042997976,0.0011750679,0.000865264,0.00083509664,0.001177218,0.0014247913,248,980,0,validation
0.0028550841,0.0012807301,0.98869145,0.0026727694,0.0015162088,0.0007809398,0.0013731668,0.0008296413,249,670,0,validation
0.007628833,0.0018588704,0.9738764,0.0099527165,0.002980593,0.001070106,0.0016660362,0.0009663459,250,272,0,validation
0.29085317,0.012055386,0.13717374,0.08436807,0.047599886,0.30644682,0.0797618,0.04174119,251,541,1,validation
0.0031050872,0.0012959586,0.9886009,0.002381526,0.0016207625,0.0007798933,0.0014670772,0.00074874255,252,59,0,validation
0.003683295,0.0020642467,0.0023306564,0.98128706,0.0011024803,0.002622339,0.0030143338,0.0038955158,253,370,0,validation
0.0026579322,0.0013533579,0.9892347,0.002274478,0.0015731351,0.00071823224,0.0014232023,0.0007649332,254,399,0,validation
0.0023939307,0.0012477733,0.98898983,0.002734939,0.0018006961,0.00080155977,0.0013400658,0.0006911831,255,90,0,validation
0.0024990302,0.0011825485,0.98934096,0.0025049977,0.0016133358,0.000726142,0.0013742293,0.0007587312,256,634,0,validation
0.002549228,0.0013353311,0.9892569,0.0024175067,0.0015969101,0.00072854414,0.001355797,0.0007597004,257,1000,0,validation
0.9874303,0.0033036985,0.0023444074,0.0012214719,0.0011131448,0.0012055995,0.0014182348,0.0019631486,258,890,0,validation
0.00330389,0.0015935855,0.987933,0.002716836,0.0015752553,0.0006747279,0.0014122525,0.00079048873,259,517,0,validation
0.0010808343,0.0018069635,0.0027535553,0.0015835261,0.2954362,0.69297564,0.0014982618,0.0028649925,260,369,0,validation
0.0023860408,0.0012968337,0.9895303,0.0023516354,0.001645886,0.00072261697,0.0012883459,0.00077823084,261,779,0,validation
0.9825517,0.005703844,0.0027469206,0.0013727074,0.0017507568,0.0013233257,0.0015077419,0.0030430367,262,175,0,validation
0.0025176909,0.0012153666,0.98937666,0.0024305573,0.0016414486,0.0007332564,0.001367748,0.00071726,263,482,0,validation
0.98433304,0.004538006,0.00404721,0.0013412682,0.0011430528,0.0010146357,0.0017067583,0.001876097,264,278,0,validation
0.003108354,0.0013019171,0.9885859,0.0024415252,0.0016106962,0.00069217465,0.0015419787,0.0007175173,265,107,0,validation
0.0014341648,0.00083880575,0.0015280719,0.00176915,0.007019193,0.98318464,0.002792138,0.0014337928,266,350,0,validation
0.9877736,0.0022394252,0.0031547886,0.0013331694,0.00072954013,0.00090795726,0.0021605121,0.0017009105,267,536,0,validation
0.98583764,0.0025953688,0.0057131997,0.0011040567,0.0011256483,0.00075006793,0.0018200302,0.0010540711,268,746,0,validation
0.9862948,0.0019966832,0.0062420373,0.0012943166,0.000783289,0.00070738187,0.0013292973,0.0013520895,269,570,0,validation
0.0027245195,0.0013190656,0.9890549,0.002468953,0.001604402,0.00070402544,0.0013646882,0.00075946405,270,325,0,validation
0.7358988,0.01696628,0.0061358996,0.0052200556,0.007503401,0.014754285,0.00947836,0.20404296,271,611,1,validation
0.003318852,0.0013615503,0.98766255,0.0027904194,0.0016701795,0.00076775183,0.0015324783,0.00089616096,272,254,0,validation
0.98606443,0.0030777243,0.0030607563,0.001361332,0.00119665,0.0012135637,0.0014318557,0.0025937723,273,341,0,validation
0.98717123,0.002736138,0.0036812457,0.001113483,0.0010363893,0.0012196095,0.0014978629,0.0015439931,274,490,0,validation
0.9854349,0.0028143218,0.0055206,0.0013842515,0.00093818735,0.0009543431,0.0015729342,0.001380545,275,505,0,validation
0.0046122395,0.0013888708,0.985516,0.0032800161,0.0016617432,0.0007413293,0.002094475,0.0007053917,276,773,0,validation
0.0024471516,0.0012465473,0.9893169,0.002560956,0.0015814183,0.00076965743,0.0013077365,0.00076956756,277,134,0,validation
0.002334175,0.0012121847,0.98952895,0.0024571894,0.0017149202,0.00071493554,0.0012790973,0.0007585975,278,316,0,validation
0.0027114365,0.0011867596,0.98884946,0.002410477,0.0016979917,0.00079491717,0.0016202374,0.0007286974,279,792,0,validation
0.9848296,0.0048014335,0.003967584,0.0011161326,0.001254283,0.0010529165,0.0014229957,0.0015550527,280,397,0,validation
0.0037877373,0.0013497482,0.98746824,0.0028216515,0.0015779093,0.0007184398,0.0015095436,0.0007666146,281,593,0,validation
0.9841007,0.004085832,0.002630802,0.0014557621,0.001337437,0.0016460877,0.0017212685,0.0030221448,282,809,0,validation
0.9873116,0.0021924651,0.005187383,0.0010679404,0.0010713205,0.00089632586,0.0012359073,0.001037096,283,29,0,validation
0.0015096724,0.0029969998,0.00075959257,0.002519056,0.0018092467,0.004868254,0.002297716,0.9832395,284,158,2,validation
0.0026783524,0.0011886467,0.98898995,0.002364393,0.0017169137,0.0007952511,0.0015254412,0.0007409668,285,241,0,validation
0.0029844092,0.0012813604,0.9886622,0.002443138,0.0016064788,0.0007489186,0.0015304108,0.0007430331,286,340,0,validation
0.0063454737,0.0019882654,0.98133767,0.005129501,0.001781449,0.00092990685,0.0016983278,0.0007893918,287,322,0,validation
0.0039133052,0.0013451506,0.9869883,0.002905819,0.0016720471,0.0007509054,0.0016330915,0.00079140556,288,747,0,validation
0.9839399,0.0050740717,0.0021303943,0.0013666509,0.0015791409,0.0013137565,0.0019437181,0.002652396,289,391,0,validation
0.0023205709,0.0012890358,0.9895146,0.0023330515,0.0017715767,0.00073299994,0.0012598736,0.0007782236,290,869,0,validation
0.0026618831,0.0012691258,0.9889154,0.0026312175,0.0015161075,0.00076263363,0.0014154403,0.00082823215,291,711,0,validation
0.9826566,0.0051724734,0.003951018,0.0013717557,0.0013766427,0.0013082521,0.0019090449,0.002254258,292,521,0,validation
0.01245292,0.0025240525,0.9687797,0.009292478,0.002422126,0.001012114,0.002467067,0.0010495519,293,64,0,validation
0.0015502601,0.0016572647,0.00072552735,0.0034878906,0.0011791378,0.0048025367,0.0023350704,0.98426235,294,716,0,validation
0.9889072,0.0025584432,0.0031376432,0.0009830317,0.00092003174,0.0007920433,0.0012178867,0.001483681,295,873,0,validation
0.9851859,0.0033158842,0.0033286782,0.001442831,0.0011305136,0.0013945709,0.0021578227,0.0020437785,296,247,0,validation
0.001468842,0.0010156247,0.0020228992,0.0022306168,0.0063087535,0.9806892,0.004270691,0.0019933353,297,874,0,validation
0.0027837602,0.0013858642,0.98846835,0.002809954,0.0015087492,0.00071856653,0.0013913645,0.0009334077,298,637,0,validation
0.012016399,0.0023564904,0.9651761,0.01353358,0.0022666005,0.0011576851,0.0021319205,0.0013613325,299,214,0,validation
0.0015148673,0.002243684,0.0011290986,0.0013270986,0.0010603351,0.0017078164,0.98943126,0.0015858572,300,228,0,validation
0.0034136113,0.0011587088,0.98799485,0.0027236766,0.0015772919,0.0008172596,0.0014362277,0.0008784949,301,957,0,validation
0.00182621,0.0028629117,0.0009918658,0.001190471,0.0012171685,0.002042502,0.9881455,0.0017234227,302,801,0,validation
0.002477702,0.0012771473,0.9893027,0.00257882,0.0015497353,0.00074156065,0.0012671041,0.0008052804,303,442,0,validation
0.9807469,0.0052574654,0.0025734068,0.0014261055,0.001393915,0.0015576442,0.0017740065,0.005270438,304,767,0,validation
0.024749115,0.0033333662,0.9507045,0.012764915,0.002848604,0.0014073198,0.0027441983,0.0014479607,305,951,0,validation
0.0023370793,0.0010918949,0.9888576,0.0026623143,0.0019887188,0.00087369885,0.0014961336,0.0006925524,306,242,0,validation
0.0014557036,0.0029233135,0.0007604434,0.0026829827,0.007604365,0.03298242,0.003007556,0.94858336,307,571,0,validation
0.0011901964,0.0016360583,0.0007101527,0.0033765368,0.001390991,0.005663891,0.0020108684,0.98402137,308,426,0,validation
0.98382646,0.0031910662,0.0042973715,0.0015085309,0.0015854313,0.0016820052,0.0015781001,0.0023310955,309,69,0,validation
0.0026864372,0.001137968,0.9886325,0.0027452048,0.0016242843,0.0008368044,0.0016301728,0.000706663,310,92,0,validation
0.0015443142,0.0016965873,0.0014286494,0.9824041,0.0008360239,0.0016152,0.0016365984,0.00883855,311,33,0,validation
0.7746609,0.0039718496,0.201149,0.0080720475,0.0035994682,0.00218866,0.004320379,0.002037759,312,682,0,validation
0.002486262,0.0013853416,0.98909366,0.002522731,0.0016622774,0.0007373516,0.0013007616,0.0008115912,313,252,0,validation
0.0027602173,0.0011941863,0.98888385,0.0025228574,0.0015586105,0.00077754294,0.0015185018,0.0007842835,314,197,0,validation
0.9833139,0.0027917703,0.0037774483,0.0014051142,0.0011671969,0.0012480521,0.0047708205,0.0015257114,315,640,0,validation
0.002014789,0.99136263,0.0011679016,0.0012137108,0.0017273073,0.0006929481,0.001130862,0.0006897905,316,612,0,validation
0.018286796,0.0029271473,0.9646096,0.0070364783,0.0021244292,0.0012516854,0.002765803,0.0009980125,317,854,0,validation
0.002233781,0.0014073468,0.9893833,0.002549368,0.0015400996,0.00074798707,0.0012607432,0.00087742653,318,75,0,validation
0.0027212207,0.0013502067,0.9887405,0.0027641514,0.0015785071,0.00078848464,0.0013500026,0.00070690544,319,82,0,validation
0.0038504896,0.0012815272,0.9872433,0.0031297752,0.0015294164,0.0007318452,0.0014342204,0.00079945003,320,354,0,validation
0.984194,0.0035312865,0.0044100415,0.0013212068,0.0011956199,0.0013560443,0.0016092592,0.0023826433,321,80,0,validation
0.002699268,0.0012992047,0.98874587,0.0025957397,0.0016135562,0.0008029823,0.0015643605,0.00067906134,322,603,0,validation
0.0010368391,0.0020536208,0.0030470195,0.0010162933,0.92730105,0.06275525,0.0012567308,0.0015331672,323,450,0,validation
0.9777364,0.00154657,0.01180679,0.0023847492,0.0014524772,0.0016317758,0.002386748,0.0010544417,324,493,0,validation
0.0030962487,0.0014382172,0.9885675,0.002543606,0.0015335461,0.0006654474,0.0014303003,0.00072513026,325,574,0,validation
0.00447444,0.00095608685,0.0044798264,0.0024240392,0.0124953715,0.96853715,0.0053010955,0.0013319767,326,960,1,validation
0.9825079,0.0065175914,0.002790026,0.0012605037,0.0012810633,0.001423953,0.0018265888,0.0023924306,327,955,0,validation
0.3539412,0.6145563,0.015749218,0.003569069,0.0048743305,0.0023123587,0.0024017855,0.002595758,328,344,0,validation
0.002512957,0.0013604639,0.9890349,0.0025379243,0.0016039594,0.00077277195,0.001404303,0.00077270856,329,5,0,validation
0.9885992,0.0024353256,0.0031643182,0.0010936904,0.00095478026,0.000906617,0.0013929023,0.0014530926,330,302,0,validation
0.002957622,0.0013717103,0.9886115,0.00259044,0.0015805056,0.0007340199,0.0013341769,0.0008200158,331,584,0,validation
0.98770905,0.0028412344,0.0034501976,0.0010520823,0.0011110762,0.0010463285,0.0011951736,0.0015949178,332,101,0,validation
0.002351381,0.0013888656,0.98917425,0.0024570709,0.0016303321,0.00074549206,0.0015053638,0.0007471668,333,95,0,validation
0.98883027,0.0026349649,0.0034846563,0.000998883,0.0008631399,0.0007232281,0.0012896967,0.001175197,334,686,0,validation
0.0026149529,0.0014660681,0.988806,0.0024024628,0.0016248979,0.00074327405,0.0015202361,0.0008220854,335,820,0,validation
0.074841164,0.004185018,0.8958906,0.013648205,0.0036290162,0.0017382916,0.0043762163,0.0016915229,336,305,0,validation
0.38578838,0.006609127,0.58771944,0.007183286,0.0044025662,0.0024624057,0.0041832393,0.0016515201,337,515,0,validation
0.015574258,0.0022911294,0.9576766,0.016489495,0.0026579872,0.001325624,0.002479989,0.001505016,338,914,0,validation
0.0024838827,0.0012358519,0.98934656,0.0023104027,0.0016416695,0.0007754632,0.0014134002,0.0007928011,339,273,0,validation
0.0030242016,0.0012204127,0.9885781,0.0026683041,0.0015147306,0.0007057964,0.0014792349,0.00080928905,340,258,0,validation
0.011928956,0.0019969004,0.9707135,0.008669045,0.00243176,0.0015091604,0.0018338267,0.0009168837,341,508,0,validation
0.0032653909,0.0014017395,0.9879396,0.00248354,0.0016628837,0.00078253844,0.0016646712,0.0007996181,342,465,0,validation
0.9837541,0.0021857633,0.006668698,0.0011518495,0.001317386,0.0017208257,0.0018304096,0.0013708803,343,632,0,validation
0.0011595979,0.0036186017,0.0020536082,0.0016907172,0.5334151,0.45167908,0.0021210702,0.0042622727,344,466,0,validation
0.007222377,0.0018008566,0.010659074,0.0018923512,0.75498605,0.21853143,0.002078127,0.0028297752,345,922,0,validation
0.0032151467,0.0017863588,0.98816794,0.0021736333,0.0016648368,0.00070703053,0.0016049326,0.0006802494,346,557,0,validation
0.0029719973,0.0013393223,0.9886961,0.0027245532,0.0014822601,0.0007255318,0.0012676138,0.0007927016,347,115,0,validation
0.9863892,0.0034997056,0.0032146664,0.0011679846,0.0012382349,0.0012505371,0.0013463536,0.0018932738,348,452,0,validation
0.0026614454,0.0013269658,0.98893565,0.0026172167,0.0016113973,0.0007743151,0.0013149045,0.0007580631,349,243,0,validation
0.0012224014,0.00091891596,0.0015344418,0.0017299758,0.009052142,0.9817609,0.0026912154,0.0010899941,350,422,0,validation
0.0014280468,0.0008552468,0.0016451217,0.0016991638,0.0078032534,0.9822258,0.0030978,0.001245526,351,277,0,validation
0.9842444,0.0040169903,0.0050859167,0.0013803705,0.0012049023,0.00091453566,0.0019285654,0.0012242912,352,406,0,validation
0.98736817,0.0033754061,0.002580007,0.0011636531,0.0011323702,0.0011609701,0.0013924142,0.0018269431,353,9,0,validation
0.050808147,0.003414558,0.9160233,0.017868094,0.004628873,0.0020506748,0.0033296372,0.0018766713,354,821,0,validation
0.98902225,0.0022509836,0.0021351217,0.0010603968,0.0010732367,0.0012342292,0.0015621608,0.001661595,355,189,0,validation
0.0030208558,0.0014115507,0.9886269,0.002485596,0.0015766987,0.00073172833,0.0013614339,0.00078516314,356,644,0,validation
0.002601954,0.0012351769,0.9891348,0.0026385305,0.0015760725,0.0007605311,0.0012577398,0.0007951382,357,79,0,validation
0.008499205,0.013396256,0.68676347,0.13772246,0.055215616,0.03838094,0.029409904,0.030612227,358,459,2,validation
0.9781948,0.0060598752,0.0035389976,0.001975234,0.0016169995,0.0024246343,0.0035594215,0.0026300412,359,528,0,validation
0.0023168635,0.001528028,0.98916453,0.0023574687,0.001638504,0.00073210255,0.0014031898,0.00085935835,360,658,0,validation
0.002846622,0.0012757528,0.9876726,0.003137334,0.0015345714,0.00094510475,0.0017509644,0.0008370642,361,232,0,validation
0.006344556,0.9858721,0.0012104607,0.0010378575,0.0014116524,0.00093785377,0.002174858,0.0010106859,362,359,0,validation
0.0010028139,0.0018042517,0.0018952284,0.0014130139,0.32776472,0.6613029,0.0014960299,0.0033209394,363,204,0,validation
0.0029230805,0.0016731141,0.98854625,0.0023155909,0.001666863,0.0006961503,0.0014000311,0.00077897834,364,761,0,validation
0.0030249658,0.0012571072,0.9884455,0.0027358003,0.0016469967,0.0007089975,0.001406414,0.00077417155,365,443,0,validation
0.0019797173,0.0016567989,0.0007366996,0.0032592397,0.0011737758,0.0057871607,0.003128691,0.98227787,366,514,0,validation
0.0027956564,0.0015617453,0.98786616,0.002424664,0.0020180016,0.00077520905,0.0017829434,0.00077560317,367,220,0,validation
0.0022480518,0.99121,0.001166808,0.001102373,0.0016576546,0.0008246698,0.0011093912,0.00068118656,368,902,0,validation
0.001425963,0.0019296869,0.0006610469,0.0036010507,0.0012385515,0.004730437,0.0022200085,0.98419327,369,555,1,validation
0.0049153473,0.0014666226,0.9861888,0.0029498283,0.0015515024,0.00072627113,0.0013853092,0.0008161664,370,702,0,validation
0.97415394,0.006490975,0.005713698,0.0019677698,0.0014958322,0.002449931,0.0045757936,0.0031519616,371,842,1,validation
0.0029346934,0.0012784018,0.98866373,0.0026045234,0.0015953591,0.000698043,0.0014237985,0.0008013726,372,170,0,validation
0.0047567277,0.0044923252,0.98283815,0.0022884067,0.0019687032,0.0007577443,0.0022077425,0.0006902743,373,975,0,validation
0.9057234,0.005163583,0.009274956,0.004264616,0.005679191,0.014740088,0.011387933,0.043766312,374,475,2,validation
0.012156756,0.0022741922,0.9714281,0.0073700803,0.0024771958,0.0009852367,0.0023389724,0.00096940453,375,447,0,validation
0.0030345253,0.0013187526,0.98828995,0.0027645351,0.0015666214,0.00074007956,0.0014131152,0.0008723445,376,527,0,validation
0.0032795777,0.0013284949,0.98840207,0.0024863973,0.0015946266,0.0007179992,0.001442481,0.00074830855,377,752,0,validation
0.0029151281,0.001396153,0.98873234,0.0023149326,0.0016442694,0.00075719715,0.0014701647,0.00076982833,378,411,0,validation
0.9057191,0.0039365664,0.07527276,0.0038641505,0.0045946008,0.00214961,0.0033522872,0.0011109666,379,685,0,validation
0.9864825,0.002581,0.0045030657,0.0011606301,0.0014887338,0.0012202483,0.0012978059,0.0012659662,380,7,0,validation
0.0020842724,0.0012375887,0.002529835,0.0030031335,0.008889711,0.9773687,0.003644359,0.0012424537,381,864,2,validation
0.0024828578,0.001450718,0.98918545,0.002342219,0.0016668221,0.0007467101,0.001352948,0.0007722611,382,152,0,validation
0.002855315,0.0013662922,0.98888177,0.0023557001,0.0016055368,0.0007235603,0.0014873149,0.00072451454,383,346,0,validation
0.008158268,0.0024673373,0.9730863,0.0039864867,0.0021612612,0.0013245126,0.007846101,0.0009697826,384,577,0,validation
0.0041929134,0.0013756191,0.9838784,0.0052822963,0.0015272687,0.0010183344,0.0018243014,0.00090090977,385,216,0,validation
0.9813586,0.0056533497,0.0028814327,0.0013624222,0.002013132,0.0014484912,0.0016881132,0.003594564,386,318,0,validation
0.00285868,0.9905443,0.0010947759,0.0011402562,0.0015939382,0.0007965808,0.0012745049,0.0006968954,387,845,0,validation
0.0151422685,0.97276175,0.004253363,0.0012669835,0.0032682056,0.0010862362,0.0010711815,0.001150019,388,692,1,validation
0.0025408042,0.0014105896,0.98899454,0.0023891057,0.001655927,0.00073906936,0.0015024889,0.0007675642,389,825,0,validation
0.98593825,0.004184453,0.0027710216,0.001213961,0.0012737632,0.0011952316,0.001512643,0.0019107761,390,624,0,validation
0.0028260604,0.001332096,0.9887348,0.0025089267,0.0015391054,0.00075123337,0.001468573,0.00083914783,391,604,0,validation
0.004332156,0.001350396,0.9867359,0.0029690498,0.0016905646,0.000780445,0.0013951315,0.0007463699,392,657,0,validation
0.97057533,0.011881342,0.008962514,0.0015415939,0.0013070779,0.0012527979,0.0028922905,0.0015870474,393,413,0,validation
0.0011234194,0.0019485386,0.0024201355,0.0010375191,0.94135267,0.049316965,0.0011549558,0.001645878,394,916,0,validation
0.9812633,0.0019176882,0.00680229,0.002427314,0.0008046407,0.0009576117,0.0036604274,0.002166599,395,974,0,validation
0.98485094,0.0042670383,0.002640404,0.0012933707,0.0014219176,0.001524054,0.001648226,0.0023540983,396,605,0,validation
0.0019001184,0.001825796,0.001103691,0.0012977179,0.0010968735,0.0023558142,0.98842466,0.0019952725,397,861,0,validation
0.003065954,0.0011760072,0.988269,0.0028913764,0.0015533956,0.00071291684,0.0015421158,0.00078925985,398,911,0,validation
0.0023557306,0.9912593,0.00097422156,0.0012195365,0.001503954,0.00070386933,0.0011725624,0.0008107603,399,620,0,validation
0.018909698,0.002810877,0.95663327,0.013222536,0.003201783,0.0015007628,0.0024352109,0.0012858545,400,749,0,validation
0.0029752248,0.0014331028,0.98868155,0.0025690414,0.0015359508,0.0006671707,0.0013613431,0.0007764995,401,704,0,validation
0.0014472527,0.0023679617,0.00068202196,0.0027752686,0.0014768242,0.004184672,0.00222913,0.9848369,402,158,0,validation
0.9847217,0.003457931,0.0047039413,0.0015008297,0.0013125121,0.0011101047,0.0015501163,0.0016427882,403,221,0,validation
0.002451728,0.0011808301,0.98929965,0.0025126187,0.0016950604,0.0007682467,0.001410355,0.0006815001,404,437,0,validation
0.9871594,0.0022809638,0.0028800312,0.0009525172,0.0013686483,0.0018334449,0.0015181634,0.0020068674,405,945,0,validation
0.98698795,0.0025124843,0.0024553093,0.0010872461,0.0013551187,0.002069944,0.0016859659,0.0018459577,406,205,0,validation
0.5132294,0.006126998,0.1885514,0.03492954,0.019116875,0.18089655,0.048880704,0.008268427,407,811,0,validation
0.9837347,0.005159666,0.0026000245,0.0012116256,0.0015200176,0.0015810372,0.0015724968,0.0026204619,408,77,0,validation
0.0033952415,0.0012445642,0.9878037,0.0029941595,0.0015211919,0.0007254792,0.0014818108,0.0008338589,409,145,0,validation
0.002788547,0.001647579,0.98865217,0.002430834,0.0015719316,0.0006927983,0.0014177233,0.00079840195,410,294,0,validation
0.98146063,0.0023806533,0.0100755915,0.0012816105,0.001049693,0.0010312954,0.0013785872,0.0013418059,411,998,0,validation
0.002070106,0.0013964397,0.9897182,0.0021997385,0.001799315,0.0007567784,0.0012742054,0.0007852675,412,436,0,validation
0.0026652485,0.0012317273,0.9889396,0.0026444288,0.0015539903,0.00073962414,0.0014906687,0.0007348621,413,543,0,validation
0.0010406034,0.002096817,0.0047934786,0.0035981075,0.28851637,0.69571626,0.0015158177,0.0027225704,414,774,1,validation
0.9883463,0.0020320513,0.003985642,0.0008298774,0.0012951238,0.0011039551,0.0012411058,0.00116599,415,42,0,validation
0.0027228121,0.0012766116,0.98906356,0.002396558,0.0016417251,0.0007159803,0.0014233899,0.00075942394,416,808,0,validation
0.0023113545,0.99146265,0.0011237417,0.0010843154,0.0015068189,0.00077476155,0.00093365845,0.0008027191,417,130,0,validation
0.98487526,0.0020206214,0.0072225076,0.0014160045,0.0009672967,0.0008557793,0.0016252409,0.001017335,418,588,0,validation
0.98708296,0.0029956219,0.002660747,0.0013206027,0.0010864899,0.0012029306,0.0013953947,0.0022552938,419,678,0,validation
0.98759496,0.0032268527,0.0026868365,0.0011988583,0.0010846343,0.0010323123,0.0013252845,0.0018502038,420,303,0,validation
0.98108727,0.0056330455,0.0030827632,0.001434533,0.0019312527,0.0023928136,0.0018885006,0.0025498285,421,395,0,validation
0.9867148,0.0024988332,0.005217282,0.001150143,0.0008856396,0.0008237241,0.0015008743,0.0012087147,422,509,0,validation
0.0033853266,0.0016441458,0.98802406,0.0025103914,0.0015747203,0.00066405896,0.0014241141,0.00077321817,423,804,0,validation
0.0017476878,0.0012293166,0.98825246,0.0027141497,0.0025948065,0.001139548,0.0015541996,0.00076774973,424,511,0,validation
0.012029428,0.0024478987,0.96645856,0.011615362,0.0028915154,0.0010919877,0.0022547403,0.0012104632,425,835,0,validation
0.002814738,0.0013045681,0.9889782,0.0023107014,0.0016540744,0.00078347244,0.0014198695,0.00073444727,426,979,0,validation
0.0056976317,0.0017169463,0.9819534,0.0053608334,0.0017354563,0.0010125326,0.0017270895,0.000796159,427,0,0,validation
0.0028213297,0.001296566,0.98894405,0.0023330196,0.0016550343,0.000781032,0.001443,0.00072604907,428,635,0,validation
0.98708665,0.0031036474,0.0032364305,0.0012060975,0.0010911729,0.0011010723,0.0014014285,0.0017735139,429,349,0,validation
0.0031533975,0.0014125459,0.9874665,0.0026286107,0.0018636682,0.0009326809,0.0016275516,0.0009151438,430,371,0,validation
0.9881395,0.0022983367,0.0037114292,0.001175455,0.0009260968,0.0010028278,0.0013631084,0.0013832386,431,306,0,validation
0.0027491162,0.0017715282,0.98734957,0.002696185,0.0018036831,0.0008850405,0.0016791042,0.0010657741,432,748,0,validation
0.9872049,0.0024651743,0.003538639,0.0012769229,0.001073102,0.0011710977,0.0013679538,0.0019021097,433,602,0,validation
0.0026518265,0.0012812254,0.9891422,0.0023243823,0.0016641244,0.00079030194,0.001421582,0.000724459,434,425,0,validation
0.0032281796,0.001227057,0.9883295,0.002555597,0.0015763221,0.00072172424,0.0015943528,0.0007672145,435,567,0,validation
0.027110452,0.0023715831,0.9163394,0.017344732,0.015474447,0.013990333,0.0056092185,0.0017599076,436,973,1,validation
0.002317543,0.99084455,0.0011727393,0.001421023,0.0016279148,0.00085330766,0.0009407026,0.0008223258,437,458,0,validation
0.0031271523,0.0015086003,0.988213,0.0026207517,0.0014744621,0.0007375408,0.0015218302,0.00079667696,438,165,0,validation
0.9831866,0.005597457,0.0032786075,0.0012819556,0.0013449105,0.0012160774,0.0020272916,0.0020671403,439,122,0,validation
0.9868134,0.002287173,0.0051195105,0.0011462114,0.0008870688,0.0009186461,0.0015643153,0.00126365,440,479,0,validation
0.0038325412,0.0013398102,0.98756427,0.002655439,0.00161348,0.00070296606,0.0014923041,0.0007991863,441,501,0,validation
0.003184495,0.001327985,0.9880562,0.0028063979,0.0015718157,0.0007665402,0.0014222887,0.0008642707,442,590,0,validation
0.9885576,0.002750837,0.0027483092,0.0011344334,0.0009551986,0.00095551024,0.0014412096,0.0014568325,443,950,0,validation
0.0031384102,0.0013099813,0.9884799,0.002540283,0.0015595859,0.0007312233,0.001461343,0.00077926146,444,88,0,validation
0.0036217766,0.0013135964,0.98778033,0.0026780884,0.001534286,0.00074565155,0.0015200335,0.00080627005,445,978,0,validation
0.9898802,0.0020847456,0.0027862,0.0009556596,0.0009062127,0.0007355894,0.0014538852,0.00119751,446,174,0,validation
0.98886883,0.002593103,0.0029078969,0.0010618062,0.00093527074,0.00085550535,0.0013350442,0.0014425643,447,352,0,validation
0.0026859364,0.0012303265,0.9890115,0.0025610556,0.0015533499,0.00074901,0.0014185071,0.00079021114,448,498,0,validation
0.002454741,0.0019408928,0.0017292069,0.98551536,0.0011088685,0.0016888985,0.0014057267,0.0041564,449,266,0,validation
0.013655904,0.0026010594,0.9617182,0.0147412745,0.0020374556,0.0011750119,0.0025918812,0.001479126,450,897,0,validation
0.002713632,0.001286422,0.9889176,0.00261637,0.001511762,0.00075811474,0.0014081508,0.0007880011,451,940,0,validation
0.0021612786,0.9906882,0.001000603,0.0011581572,0.0018328553,0.000936118,0.0013009274,0.00092183513,452,68,0,validation
0.0036020265,0.0023240545,0.0023565963,0.9827026,0.0010377141,0.0020604527,0.002818249,0.0030982695,453,283,0,validation
0.983854,0.0031248138,0.0065877847,0.0012726753,0.001390889,0.0011684201,0.0013479403,0.0012534355,454,128,0,validation
0.04625032,0.006138401,0.3046586,0.010926761,0.005489057,0.007273282,0.61545444,0.0038090926,455,292,0,validation
0.9879302,0.0032313468,0.0026772984,0.0010138898,0.0011226654,0.0010619315,0.0014029292,0.0015597128,456,506,0,validation
0.0036060184,0.0012866707,0.98774195,0.0028088682,0.0015600047,0.0007173886,0.0015510119,0.00072802947,457,315,0,validation
0.0025722492,0.9908524,0.0011395367,0.0011628473,0.001484619,0.0008484417,0.00087174756,0.0010681811,458,141,0,validation
0.9890548,0.0024945445,0.0027516142,0.0010457165,0.00095748587,0.0009559999,0.0015017783,0.0012380279,459,503,0,validation
0.9837854,0.005755378,0.0028755944,0.0012217553,0.0011618397,0.0012141733,0.001823082,0.0021627452,460,726,0,validation
0.0026028259,0.0012498569,0.9889903,0.0026463685,0.0015692865,0.0007478519,0.0013985957,0.0007948256,461,679,0,validation
0.0019354664,0.0015087189,0.001366845,0.0021204418,0.00079273444,0.0021441719,0.98633367,0.0037978871,462,132,0,validation
0.0039001931,0.0013710815,0.9872455,0.0031919575,0.0015727427,0.0007158736,0.0012919373,0.00071074994,463,327,0,validation
0.89005953,0.0033213987,0.09004918,0.004494343,0.004329236,0.0027813367,0.0037124061,0.001252586,464,857,0,validation
0.0023619398,0.0072275833,0.0012984922,0.00650997,0.0027263302,0.0053890212,0.00237944,0.9721071,465,158,1,validation
0.0027985317,0.0012150299,0.98881274,0.0024612297,0.0015987838,0.00080152246,0.0015490351,0.0007630765,466,28,0,validation
0.9875613,0.0014622926,0.004382974,0.0011452321,0.0010048485,0.0012717409,0.0014379094,0.0017338132,467,599,0,validation
0.0026303318,0.0012419804,0.98888516,0.002715201,0.0015736865,0.00076870515,0.0013825184,0.0008024278,468,186,0,validation
0.0023538948,0.0017277235,0.0016175389,0.9851237,0.0008629873,0.0016088266,0.0016893869,0.0050159125,469,473,0,validation
0.0045601167,0.0013025907,0.98631305,0.003044074,0.0015903929,0.00076178974,0.0016386193,0.00078951434,470,676,0,validation
0.0029827072,0.0012972604,0.9879787,0.0034341132,0.0014576619,0.00069514307,0.001261823,0.00089250086,471,419,0,validation
0.97121733,0.0025817906,0.019274699,0.001901737,0.0013599808,0.00096861395,0.0015487855,0.0011471419,472,586,0,validation
0.0031769723,0.0012367946,0.9883385,0.0024797255,0.0016323775,0.00079372554,0.0015660424,0.00077577017,473,162,0,validation
0.0026221327,0.0012562666,0.9891071,0.0025673457,0.0016090957,0.0007254693,0.0013457494,0.0007669578,474,964,0,validation
0.020912705,0.002657353,0.9540509,0.012140338,0.0038998416,0.0018778226,0.0033535175,0.0011076164,475,137,0,validation
0.0029026596,0.0012127483,0.9888592,0.0024758426,0.0016157582,0.00070149533,0.0014713056,0.00076107366,476,166,0,validation
0.0022984731,0.0013347019,0.98883504,0.0028429343,0.0018105757,0.0007324668,0.0012931735,0.00085273344,477,6,0,validation
0.014978092,0.0020637864,0.96370393,0.01117705,0.002968677,0.0016245181,0.0022509773,0.0012329158,478,680,0,validation
0.0027793762,0.0012409956,0.9888821,0.0024271077,0.0016520929,0.00073155994,0.0015407397,0.0007460118,479,530,0,validation
0.8218304,0.0053547695,0.11613553,0.0043975106,0.021163875,0.024785269,0.004875173,0.0014574141,480,941,0,validation
0.0026607912,0.9908461,0.0010314406,0.0010500596,0.0016619972,0.00081712886,0.0011414775,0.00079108105,481,550,0,validation
0.017033122,0.002836221,0.9612062,0.011216578,0.0024674542,0.0012497915,0.002679749,0.0013108137,482,71,0,validation
0.001378201,0.0019226737,0.0006897932,0.0032117069,0.0014413343,0.0043170596,0.0020153692,0.985024,483,969,0,validation
0.0029000347,0.0012425351,0.98770684,0.003250776,0.0016120672,0.00071828044,0.0017616864,0.0008078182,484,919,0,validation
0.0011421179,0.0017397398,0.00061205326,0.0031020413,0.0016733204,0.0059478753,0.0022531166,0.98352975,485,231,0,validation
0.02336202,0.0026217864,0.9486892,0.015061075,0.003161406,0.0018542159,0.0029877818,0.0022625548,486,142,0,validation
0.0014500585,0.00067739113,0.0014293708,0.0019702467,0.00649256,0.98258626,0.0021234693,0.003270616,487,838,0,validation
0.0027206582,0.0013406934,0.9887582,0.002496658,0.001576918,0.0007593383,0.0015542286,0.00079327927,488,227,0,validation
0.0025061686,0.0013996621,0.9891999,0.0025191982,0.0015351075,0.00071487064,0.0013570254,0.00076805643,489,213,0,validation
0.0026235823,0.0014228744,0.98911756,0.0022884603,0.0016546886,0.000721067,0.0014466419,0.00072507997,490,207,0,validation
0.005327449,0.0015810746,0.9855055,0.0031885172,0.0014681271,0.0006798162,0.001384558,0.0008649803,491,697,0,validation
0.0013101145,0.0020442635,0.0024827332,0.0019018466,0.6903194,0.29708332,0.0017436945,0.003114586,492,129,0,validation
0.56470454,0.40971538,0.0074655786,0.002456674,0.0054557524,0.002884183,0.0035520894,0.00376584,493,1006,0,validation
0.0025077,0.0012225977,0.9893183,0.0025266162,0.0016028399,0.0007064478,0.0013579237,0.0007575526,494,551,0,validation
0.97462535,0.011232915,0.005110778,0.001253033,0.0019485359,0.001956641,0.0022209834,0.0016517835,495,693,0,validation
0.98679394,0.0018120091,0.0040333606,0.0009533213,0.0020368216,0.0015934674,0.0015308341,0.001246142,496,408,0,validation
0.98756486,0.0023813387,0.002608636,0.0013534329,0.0007374638,0.0009356052,0.001924427,0.0024942607,497,178,0,validation
0.0011438393,0.0022586824,0.0022640924,0.0011194013,0.8405521,0.14927682,0.0012234877,0.0021615848,498,40,0,validation
0.987921,0.0029189035,0.0024511523,0.0011677613,0.0010282677,0.001111992,0.0014448373,0.0019560554,499,651,0,validation
0.0009992182,0.002165662,0.00263794,0.0019275466,0.5264564,0.4598919,0.002550074,0.0033712024,500,105,0,validation
0.9873355,0.0036540544,0.0024457793,0.0012227981,0.0011341728,0.00097453664,0.0014635738,0.0017695291,501,843,0,validation
0.0023841695,0.0015854919,0.98921555,0.0023229579,0.0015913195,0.000715823,0.0012879182,0.00089683593,502,55,0,validation
0.002617034,0.0013314924,0.98900294,0.0024727748,0.0017177764,0.000744525,0.0013799246,0.00073369866,503,491,0,validation
0.0031780386,0.0013349376,0.98822755,0.0027684036,0.0015394167,0.00069296244,0.0014808562,0.0007779544,504,739,0,validation
0.05970444,0.006639032,0.90954185,0.014672731,0.002729259,0.0016994139,0.0036340456,0.001379277,505,600,0,validation
0.9830716,0.001925082,0.008540243,0.0018847504,0.0009198471,0.0008371498,0.0014785416,0.0013427918,506,463,0,validation
0.0014159502,0.0007447152,0.0017950016,0.0020808517,0.008872498,0.98159975,0.0021514408,0.0013398656,507,453,0,validation
0.0023829092,0.0012961465,0.9894679,0.0023186584,0.0017550666,0.0007119163,0.0013157321,0.0007517173,508,906,0,validation
0.0021423784,0.99076325,0.0013132729,0.0012904753,0.0020262527,0.000758385,0.0009949459,0.0007111558,509,421,0,validation
0.0024501125,0.0015716043,0.9890182,0.0023582631,0.0016252783,0.000735662,0.0014274352,0.0008134925,510,24,0,validation
0.002813935,0.0012891061,0.9890252,0.0024616574,0.0015611117,0.0007049573,0.001364297,0.0007796776,511,499,0,validation
0.9795083,0.007331478,0.002124047,0.0014101012,0.0016041659,0.0017836639,0.0024409748,0.0037973302,512,625,0,validation
0.0017442853,0.001355742,0.0011316363,0.0014418613,0.0009247712,0.0027308536,0.98727244,0.0033985293,513,566,0,validation
0.987583,0.0029068105,0.0035315743,0.0011450712,0.0009617408,0.0008878554,0.0014554352,0.0015285229,514,733,0,validation
0.0014703623,0.0016338549,0.0012548969,0.0016286016,0.00087843346,0.0016627624,0.9898672,0.0016037951,515,355,0,validation
0.0036685835,0.001306863,0.9876204,0.0030171736,0.0015784326,0.0006770566,0.0013976479,0.0007338056,516,856,0,validation
0.0023676166,0.0012936696,0.98942834,0.0024222368,0.0016177865,0.0007456157,0.0013159567,0.0008087621,517,372,0,validation
0.0010093554,0.0011168816,0.0012272958,0.0050320853,0.010998131,0.9730613,0.0042816005,0.0032733975,518,440,0,validation
0.09292619,0.010237072,0.8715999,0.012054081,0.0040784734,0.0019644215,0.005395229,0.0017445385,519,257,0,validation
0.011844409,0.0021757907,0.9661452,0.013197745,0.002232079,0.0011470992,0.0020534657,0.0012041813,520,572,0,validation
0.002303744,0.0009398338,0.0022343062,0.0023999645,0.0063775294,0.98005575,0.0041298512,0.0015590186,521,721,0,validation
0.81205213,0.0054571913,0.1530299,0.0064321766,0.0072672013,0.008104078,0.0058677136,0.0017895821,522,430,0,validation
0.011307417,0.0018518801,0.96548414,0.012212653,0.002519704,0.0012006914,0.0034150817,0.0020083939,523,382,0,validation
0.0026315625,0.001258676,0.989129,0.0026126083,0.0015526531,0.00072181807,0.0013326297,0.0007609659,524,169,0,validation
0.027637755,0.0029899534,0.9439861,0.016914144,0.0028585226,0.001490589,0.0026808952,0.0014421232,525,18,0,validation
0.0024660095,0.001503301,0.9891139,0.0023751494,0.0016070044,0.0007334599,0.0013860255,0.00081511284,526,533,0,validation
0.9873748,0.002906824,0.0021774136,0.0012305838,0.0012545353,0.0014534765,0.0015358822,0.0020664472,527,782,0,validation
0.004103416,0.0012384544,0.9862824,0.0032441707,0.0016688885,0.0008566518,0.0016038673,0.0010021547,528,60,0,validation
0.0024555968,0.0012888917,0.98936915,0.0025033366,0.0016013448,0.00075686513,0.0012686214,0.0007562172,529,264,0,validation
0.00074667187,0.0007114886,0.0010903735,0.0011902296,0.01040144,0.98319095,0.0014795181,0.0011893661,530,929,2,validation
0.0011047442,0.002173985,0.0037501242,0.0010116175,0.94317055,0.046244908,0.0011818641,0.0013622334,531,270,0,validation
0.017162511,0.0024357813,0.95793664,0.014427723,0.0024380684,0.0013057028,0.002606135,0.001687432,532,623,0,validation
0.986283,0.0023194146,0.0053036083,0.001301932,0.0009479817,0.00092134206,0.0013909064,0.0015317848,533,357,0,validation
0.002506748,0.0012604588,0.98922485,0.0025594374,0.0016035731,0.00075785036,0.0013234854,0.0007635994,534,654,0,validation
0.0018686756,0.002102659,0.001102864,0.0012175514,0.0011591988,0.0019465799,0.98913157,0.0014708816,535,880,0,validation
0.014639014,0.9758129,0.0040647937,0.0015533933,0.0015083202,0.0005918996,0.001135482,0.0006943092,536,736,0,validation
0.9872344,0.002540955,0.004119984,0.0011795866,0.0011334323,0.0009676203,0.0012884851,0.0015354691,537,649,0,validation
0.0024275985,0.99126196,0.0011629054,0.0011477732,0.0016095862,0.000774433,0.00092422205,0.0006914872,538,948,0,validation
0.0007986027,0.0010079821,0.0016423005,0.001163574,0.027248174,0.9653603,0.0014737226,0.0013053222,539,441,0,validation
0.019168248,0.002874126,0.9635609,0.0055513144,0.0032269629,0.0016513984,0.0032116075,0.0007554494,540,380,0,validation
0.0016030632,0.0019634587,0.0006141104,0.003045351,0.0012974167,0.0042031673,0.002373877,0.9848995,541,776,0,validation
0.002986765,0.0012725648,0.9886036,0.0024981573,0.0016141881,0.00072840677,0.001505363,0.0007909744,542,708,0,validation
0.021697504,0.0024552785,0.941728,0.02404826,0.0027593412,0.0014913678,0.003320286,0.002499911,543,364,0,validation
0.017840322,0.0028517013,0.95765495,0.0139553,0.0022077688,0.0011776261,0.0031369196,0.0011753691,544,398,0,validation
0.002167919,0.99158585,0.0010293742,0.0010907954,0.001441359,0.0007616282,0.0011436491,0.0007794779,545,72,0,validation
0.98756534,0.0029616095,0.002460008,0.0013670424,0.0009942544,0.0010104936,0.0020376595,0.0016037412,546,927,0,validation
0.76259315,0.004466183,0.21136877,0.009892977,0.003091371,0.0021363723,0.004218884,0.0022322407,547,478,0,validation
0.0031883908,0.001282692,0.988108,0.0026148679,0.0016300982,0.00074013165,0.0016346175,0.0008011689,548,597,0,validation
0.008481441,0.002186527,0.97409374,0.009533513,0.0018960704,0.0009037273,0.0018250475,0.0010799182,549,111,0,validation
0.0038580769,0.0019256893,0.95499843,0.017771466,0.013791982,0.0042053927,0.0023324743,0.0011165078,550,403,0,validation
0.98559093,0.0043717735,0.0025714855,0.0012556664,0.0011224591,0.0012088594,0.0015881422,0.0022905997,551,87,0,validation
0.9862765,0.0038316215,0.002700742,0.0012366166,0.0011474252,0.0011973788,0.0015073918,0.0021023406,552,968,0,validation
0.9871796,0.0030364785,0.0026173224,0.0012984864,0.0010843406,0.0011991687,0.001470077,0.002114544,553,912,0,validation
0.0026202295,0.0012688474,0.98913413,0.0023017318,0.0016303996,0.0007968809,0.001502511,0.0007452563,554,646,0,validation
0.98450583,0.0022704622,0.0071949232,0.0012350088,0.0008846025,0.0008331668,0.001657353,0.0014186357,555,651,1,validation
0.0014932624,0.0022182171,0.0024767152,0.0015095408,0.69929194,0.28725603,0.0013841318,0.004370237,556,11,0,validation
0.002816846,0.0012491205,0.9888102,0.0026151906,0.0015960467,0.00074710697,0.0013942895,0.00077108154,557,383,0,validation
0.0027054173,0.0009546361,0.002294122,0.0065577147,0.0073845102,0.9134739,0.0036280649,0.06300159,558,568,0,validation
0.98853403,0.002711907,0.0025950214,0.0010837504,0.0011575366,0.0010630093,0.0012595926,0.0015950676,559,841,0,validation
0.9872966,0.0030027712,0.0030349626,0.001059306,0.0012471204,0.0013668243,0.0013177645,0.0016746969,560,41,0,validation
0.98664284,0.0016585224,0.005178673,0.0011291705,0.0014112338,0.0014089436,0.0016408643,0.00092968164,561,160,0,validation
0.0025709155,0.0012602293,0.989232,0.0024906646,0.0016243744,0.000711811,0.0013697761,0.00074019,562,402,0,validation
0.0028235575,0.0012528313,0.988881,0.0023280159,0.0016764002,0.00076056545,0.0015711794,0.00070644263,563,800,0,validation
0.0029288027,0.0012056807,0.988842,0.002464725,0.0015774961,0.0007481221,0.0014368589,0.00079633493,564,412,0,validation
0.0010905701,0.0019225938,0.0006790533,0.0037174523,0.0014189209,0.005628932,0.0022162765,0.98332614,565,520,0,validation
0.022687204,0.0027188954,0.9521007,0.013893905,0.0025722117,0.0014398766,0.002922844,0.0016643804,566,928,0,validation
0.98459136,0.0033119416,0.0055082627,0.0010465633,0.001515374,0.0012596368,0.0015714535,0.0011954105,567,990,0,validation
0.002346752,0.0013264302,0.9895236,0.0023396725,0.0016378885,0.00073699607,0.001330577,0.00075812946,568,723,0,validation
0.0029110038,0.0013447213,0.98826385,0.0025441262,0.0015531263,0.00074859796,0.001681455,0.0009530312,569,984,0,validation
0.0040779123,0.0013095302,0.98608637,0.004088456,0.0015143872,0.0007187822,0.0013901987,0.00081438356,570,250,0,validation
0.0028433425,0.0012527535,0.9888209,0.0025334388,0.0016181598,0.00073257374,0.0014612041,0.0007375474,571,324,0,validation
0.0025174213,0.0013122777,0.98922825,0.0025123868,0.0015347723,0.0007515668,0.0013392179,0.0008040961,572,15,0,validation
0.98763126,0.0026223436,0.0040974435,0.0011209773,0.0009324354,0.0008515391,0.001472657,0.0012713324,573,667,0,validation
0.0024297577,0.0011438888,0.9878422,0.0030568903,0.0022801952,0.0009992191,0.0015344573,0.0007134811,574,313,0,validation
0.98746336,0.002743779,0.0029270144,0.0012336378,0.0011529267,0.0011791087,0.0018405778,0.0014596315,575,802,0,validation
0.9870525,0.0033075297,0.002498822,0.0011264095,0.0012245385,0.0011780001,0.0012903815,0.002321761,576,215,0,validation
0.0026350138,0.001313971,0.9887256,0.0025340512,0.0018108848,0.0007801211,0.001448792,0.0007515736,577,172,0,validation
0.003064981,0.0012054121,0.9883305,0.0026623418,0.0016542368,0.0007758675,0.0015944152,0.00071228563,578,97,0,validation
0.002246385,0.0010327158,0.9892959,0.002619049,0.0017805279,0.0008306874,0.0014908725,0.00070380326,579,497,0,validation
0.0032363657,0.0014861458,0.98856914,0.0024223202,0.001526148,0.0006641063,0.0013835054,0.000712262,580,22,0,validation
0.0025288996,0.0013705585,0.9891761,0.0023737112,0.001593581,0.00074912317,0.0014747657,0.0007332703,581,345,0,validation
0.016045062,0.0024455134,0.96298605,0.010537631,0.0027332874,0.0012954767,0.0027457846,0.0012110939,582,705,0,validation
0.6089675,0.0057004197,0.35712397,0.014193656,0.0036503375,0.0026312673,0.004953274,0.0027795923,583,907,0,validation
0.0028809905,0.0012332354,0.9886552,0.002360261,0.0017033747,0.0008100533,0.0015999223,0.0007569168,584,744,0,validation
0.002613673,0.0012241619,0.98913723,0.0023889958,0.0016535913,0.0007879992,0.0013911242,0.00080309104,585,329,0,validation
0.9873334,0.0026489308,0.0031460763,0.0012796797,0.0011333162,0.0011895137,0.0013970272,0.0018720193,586,417,0,validation
0.986204,0.0033512772,0.0037804141,0.0012575431,0.0010980642,0.0010646584,0.0015030997,0.0017409144,587,589,0,validation
0.0026025958,0.0012735851,0.9891972,0.002463966,0.0016352517,0.0007254714,0.0013541742,0.0007476368,588,965,0,validation
0.9872684,0.003499312,0.0025113784,0.0010964847,0.0011303601,0.001093775,0.001272001,0.0021282835,589,196,0,validation
0.9854805,0.0035486482,0.003457048,0.0013998474,0.0011181977,0.001293182,0.0015196482,0.0021829887,590,883,0,validation
0.0066926433,0.0020802747,0.9807952,0.005575908,0.0017737622,0.0007981564,0.0015332043,0.00075083936,591,91,0,validation
0.0028452442,0.001251997,0.9887243,0.0023763871,0.001699844,0.0008241353,0.0015075948,0.00077037985,592,709,0,validation
0.9660631,0.0024319375,0.023246022,0.0026548095,0.0013084313,0.0009480922,0.002040074,0.0013075039,593,67,0,validation
0.0027203285,0.0014199112,0.98887795,0.002403512,0.0015918607,0.00076340773,0.001440986,0.0007820792,594,661,0,validation
0.003030362,0.0012700709,0.9886212,0.0025796967,0.0015593583,0.0006964342,0.0014882985,0.0007545546,595,276,0,validation
0.4399344,0.006085128,0.5247039,0.014349655,0.0043940395,0.0024495085,0.005382116,0.002701244,596,848,1,validation
0.98763776,0.0030745903,0.002947701,0.0011452958,0.0009626948,0.001001407,0.0014646077,0.0017659187,597,420,0,validation
0.0027147364,0.00137006,0.988872,0.002452071,0.0016126564,0.00076313096,0.0014121215,0.0008032551,598,150,0,validation
0.0026487778,0.0013164035,0.98897076,0.0024544767,0.0015946076,0.0007547497,0.0015042915,0.0007559783,599,73,0,validation
0.0011867,0.020922467,0.007960086,0.0057381145,0.85862464,0.089250624,0.0023370292,0.0139803095,600,774,2,validation
0.0013749384,0.0029726692,0.00062240486,0.00359704,0.0013641384,0.005310423,0.0025468268,0.98221153,601,555,0,validation
0.002185331,0.0012987059,0.9898198,0.0022481084,0.0017274169,0.0007340281,0.0012084973,0.0007780888,602,432,0,validation
0.9841218,0.0021682312,0.0075769913,0.001370563,0.0011209425,0.0009840152,0.0014297245,0.0012276652,603,181,0,validation
0.98846006,0.002213529,0.00367238,0.001141818,0.0008738054,0.0009044942,0.001345993,0.0013877564,604,263,0,validation
0.0028895366,0.0011654887,0.98836666,0.002820912,0.0015843053,0.0008420953,0.0014544538,0.0008765378,605,229,0,validation
0.9833445,0.00422888,0.0041169114,0.0013497416,0.0014011335,0.0015077041,0.0016246132,0.00242654,606,467,0,validation
0.0015052747,0.0022539457,0.0014290919,0.0014044758,0.0012516084,0.0021155141,0.9885479,0.0014922257,607,976,0,validation
0.0015931899,0.001699674,0.0006702678,0.0032816622,0.001210868,0.0058899196,0.0025076792,0.9831467,608,535,0,validation
0.0014491979,0.00074707094,0.0011212724,0.001894201,0.0073195957,0.9746928,0.002751234,0.010024562,609,114,0,validation
0.011389489,0.002088712,0.97407573,0.005539643,0.0020687138,0.0014281655,0.0025197745,0.00088974443,610,863,0,validation
0.0022685584,0.0012112736,0.9897093,0.002417993,0.0015935629,0.0007258837,0.0013139338,0.0007594199,611,489,0,validation
0.0009762433,0.0012266709,0.0012113764,0.0009212956,0.096688434,0.89192396,0.0016094557,0.0054426417,612,591,0,validation
0.0023144572,0.99107224,0.0011062552,0.0013114363,0.0016797233,0.0008566445,0.00088378123,0.0007755175,613,636,0,validation
0.003336901,0.0013323033,0.98822314,0.002507932,0.0016153883,0.0007189102,0.0015397253,0.0007257738,614,123,0,validation
0.002056724,0.9914681,0.0009629687,0.0011636792,0.0016089507,0.0009500431,0.0009641794,0.00082542276,615,113,0,validation
0.0052523497,0.0057931216,0.0038517965,0.95468944,0.0031447387,0.00778569,0.006988954,0.012493938,616,456,2,validation
0.9659442,0.0023750283,0.022244269,0.0024620842,0.001936411,0.0016806889,0.0022394005,0.0011180224,617,732,0,validation
0.98892456,0.0018823784,0.003281449,0.0010068865,0.0009412202,0.0012194095,0.0013089718,0.0014351265,618,56,0,validation
0.0036686433,0.0013506493,0.9875772,0.002933296,0.0015231328,0.00067753816,0.0014889957,0.00078048266,619,576,0,validation
0.0067321644,0.0018492746,0.973342,0.011930276,0.0020671368,0.0009882089,0.0018429575,0.0012479443,620,713,0,validation
0.0077632647,0.00196051,0.9785271,0.0062237205,0.0020536801,0.00088275975,0.0018541443,0.0007347133,621,959,0,validation
0.97192323,0.0056852438,0.0052083316,0.004006498,0.0034886408,0.003656842,0.0037493298,0.002281935,622,358,0,validation
0.9887033,0.0025895592,0.002704042,0.0011184888,0.0010122124,0.0009658188,0.0013556626,0.0015509124,623,260,0,validation
0.0027353289,0.0011352709,0.98856646,0.0028759264,0.0016246298,0.00074731535,0.0014577435,0.0008572893,624,45,0,validation
0.0006886038,0.0007618552,0.0010398732,0.0013498316,0.020115476,0.9736284,0.0014517206,0.0009643297,625,338,0,validation
0.0023452074,0.0012427157,0.9895397,0.0024640446,0.0016630882,0.0007171285,0.0012661577,0.00076200644,626,188,0,validation
0.9848946,0.0031355554,0.00547729,0.0012859988,0.0012521486,0.0010677656,0.0013760704,0.0015105878,627,99,0,validation
0.6508009,0.043068316,0.2773653,0.01265311,0.0077758036,0.0025146625,0.0035529586,0.0022689318,628,878,1,validation
0.97992104,0.0067298384,0.0028263915,0.0020978174,0.001361002,0.001763084,0.0020011996,0.0032996156,629,842,0,validation
0.0028780673,0.0012674588,0.98884624,0.002671418,0.0015033127,0.00067721977,0.0013818807,0.0007744278,630,958,0,validation
0.0036203864,0.0013742852,0.98741245,0.0030653863,0.0015786074,0.0007174855,0.0013720086,0.0008593544,631,780,0,validation
0.9850123,0.0042418903,0.0041096383,0.0012420559,0.0011550237,0.0011042312,0.0013889507,0.0017459984,632,256,0,validation
0.0028996288,0.0013790973,0.9887489,0.0023727752,0.001717834,0.00075963465,0.0013531663,0.00076901197,633,862,0,validation
0.004710139,0.0013725709,0.9857201,0.0031224692,0.0017470313,0.000722351,0.0018758271,0.0007295741,634,429,0,validation
0.00556098,0.0017699415,0.0015322937,0.0011779198,0.0010344338,0.0019477705,0.9843039,0.0026727295,635,714,0,validation
0.0032644446,0.0013160512,0.98775464,0.0030333963,0.0015501535,0.00077758654,0.0013936621,0.0009101383,636,296,0,validation
0.0015203744,0.001728481,0.0007073376,0.0036858914,0.0011777565,0.004701421,0.0023324427,0.9841463,637,330,0,validation
0.0035128288,0.0012274601,0.98779196,0.002766971,0.0016382656,0.00075962575,0.0015332851,0.00076957967,638,712,0,validation
0.007935731,0.9847801,0.0014714862,0.0007538968,0.0015257758,0.0009228652,0.0016191745,0.0009909191,639,304,0,validation
0.0026366967,0.0011989466,0.98857564,0.0027605202,0.001810882,0.0008187568,0.0014617293,0.00073678035,640,146,0,validation
0.98855,0.0020835658,0.0031962409,0.0012447819,0.0009916294,0.00093908113,0.0014342675,0.0015604583,641,121,0,validation
0.9805408,0.0035990058,0.008188475,0.0014598183,0.0013834119,0.0012567132,0.00204121,0.0015305302,642,833,0,validation
0.0025565194,0.0011745882,0.9892266,0.0025709618,0.0016359476,0.0007374047,0.0013989466,0.00069904653,643,866,0,validation
0.0066253594,0.0013088202,0.979727,0.0057357564,0.0017239643,0.001094444,0.0026822295,0.0011024582,644,49,0,validation
0.98567444,0.0026524968,0.0034020524,0.001065161,0.0010496126,0.0020232345,0.0026659581,0.001467054,645,342,0,validation
0.002934258,0.0012526332,0.98846895,0.0027935992,0.0015487144,0.0007733531,0.0014942646,0.00073424523,646,970,0,validation
0.98841697,0.0021514187,0.0041057747,0.000979599,0.0009085066,0.00080032117,0.0012940824,0.0013433902,647,139,0,validation
0.9838005,0.003966983,0.0062476336,0.0011947653,0.0012914496,0.00090953516,0.0012860192,0.0013032187,648,455,0,validation
0.004223031,0.0012364017,0.98686814,0.0027868776,0.0016811175,0.0008300805,0.0015717045,0.000802564,649,386,0,validation
0.00312329,0.0014783933,0.9885146,0.0022195291,0.0016830096,0.00072616024,0.001447715,0.0008073482,650,988,0,validation
0.0024898686,0.0013618116,0.98910636,0.0025732296,0.0015718524,0.00074784405,0.0013516753,0.00079740706,651,310,0,validation
0.0023437943,0.0012655547,0.9895152,0.0023268724,0.0017617755,0.0007201025,0.001337553,0.0007291438,652,19,0,validation
0.90167576,0.059551217,0.025072604,0.0041077803,0.0023339505,0.001977412,0.0025140767,0.002767141,653,853,0,validation
0.967108,0.016769066,0.007985549,0.0015460025,0.0018508256,0.0012625807,0.0015397628,0.0019381555,654,836,0,validation
0.00254793,0.0013617949,0.9890493,0.002540595,0.0015239965,0.00072549377,0.0014305594,0.0008203668,655,852,0,validation
0.97170347,0.0053531397,0.0029868637,0.0020466992,0.0015735246,0.0018575826,0.011406904,0.0030718003,656,394,0,validation
0.0023853683,0.0012478742,0.98954344,0.0023786442,0.0016225437,0.0007431342,0.0013426412,0.0007363547,657,513,0,validation
0.003763382,0.0013940168,0.98609275,0.0036823212,0.0015573167,0.0010052179,0.0017266027,0.0007784134,658,659,0,validation
0.9862766,0.0033735225,0.0030484574,0.0012671598,0.0010709474,0.0011433399,0.0014380729,0.0023818891,659,37,0,validation
0.009691277,0.44480425,0.0061845127,0.020965759,0.051113803,0.036500696,0.006495654,0.42424405,660,168,0,validation
0.010911186,0.002271251,0.97242266,0.008027523,0.0024235668,0.0009603578,0.0020914082,0.00089202134,661,238,0,validation
0.9887748,0.0022737815,0.0036338859,0.0009860189,0.0008757022,0.000840616,0.0012608764,0.0013544644,662,873,1,validation
0.0030386676,0.0044382475,0.0031642905,0.9292131,0.0015428441,0.0022624237,0.0494899,0.0068505094,663,992,0,validation
0.9855005,0.003786697,0.0026663546,0.0013156458,0.0012999324,0.0014820232,0.0014828722,0.0024659748,664,797,0,validation
0.0028872183,0.0012740287,0.9887395,0.002475283,0.001650979,0.0007425744,0.0015120585,0.0007183484,665,904,0,validation
0.0029010538,0.0019966383,0.9881542,0.0024415394,0.0017005439,0.0006391625,0.0014858012,0.0006809997,666,151,0,validation
0.010162482,0.00213675,0.97613573,0.005919255,0.001766576,0.0009209494,0.0020974737,0.00086078176,667,607,0,validation
0.0027349642,0.001276396,0.9889508,0.0024752528,0.0016805116,0.0007041303,0.0014347205,0.0007431058,668,630,0,validation
0.016606268,0.0027686392,0.95537823,0.016753895,0.0026610107,0.0014644787,0.002756056,0.0016113262,669,279,0,validation
0.95285636,0.0031247917,0.034006875,0.0028087422,0.0016867053,0.0014125634,0.002470933,0.0016330094,670,596,1,validation
0.0023655056,0.0011251661,0.9891326,0.002675375,0.0016443304,0.00079129956,0.0014971484,0.0007685654,671,946,0,validation
0.98794353,0.0030119787,0.0028576176,0.0010729359,0.0010407815,0.0009667366,0.001357526,0.0017488718,672,544,0,validation
0.0014096369,0.0018654015,0.0025086454,0.0015326306,0.5836543,0.40470967,0.0015848256,0.002734909,673,786,0,validation
0.9871093,0.0033106455,0.002502042,0.0011945532,0.0011393366,0.0012193597,0.0014560563,0.0020687105,674,17,0,validation
0.78787637,0.14210594,0.051931947,0.0044391286,0.00508811,0.0029330233,0.0028719804,0.0027534305,675,124,0,validation
0.0025496506,0.9903578,0.0011911223,0.0012636547,0.0015711199,0.0010647379,0.0008682943,0.0011335751,676,312,0,validation
0.0020808878,0.0015010367,0.0011543748,0.0015794638,0.0007784354,0.0019639395,0.98846555,0.002476244,677,248,0,validation
0.00082844484,0.0012061092,0.0009380767,0.0010605358,0.054550868,0.9376622,0.0014438762,0.0023099505,678,694,1,validation
0.987303,0.002162242,0.004584579,0.0012029366,0.00094212923,0.00090961414,0.001391786,0.0015037503,679,993,0,validation
0.003009022,0.0012784941,0.003264587,0.0030592738,0.006937482,0.9756035,0.005163071,0.001684561,680,183,0,validation
0.0027517017,0.0013539946,0.9887321,0.0024253249,0.00161415,0.0007893079,0.0014696709,0.0008636936,681,112,0,validation
0.0026958121,0.0011918064,0.9890119,0.0026204856,0.0016175798,0.0007486774,0.00141101,0.000702722,682,867,0,validation
0.9835675,0.004954641,0.002469463,0.001389281,0.0011526429,0.001374437,0.0021938863,0.0028980824,683,579,0,validation
0.002409644,0.0011688643,0.9893777,0.0025882875,0.0015332908,0.00073387456,0.0014296792,0.00075859553,684,173,0,validation
0.0027076916,0.0012151567,0.98913926,0.0022862211,0.0016964575,0.0007702788,0.001460947,0.00072397856,685,293,0,validation
0.0033215906,0.0014044576,0.98821265,0.0024980388,0.0016728381,0.0007104458,0.0014078134,0.0007722539,686,803,0,validation
0.0029101216,0.001368298,0.98876685,0.0025826322,0.0015462764,0.0007243278,0.0013151912,0.0007863021,687,839,0,validation
0.0029716364,0.0012965478,0.9888787,0.0022705588,0.0016062446,0.0007190843,0.0015114405,0.0007457859,688,768,0,validation
0.0031483823,0.0013841923,0.98794365,0.002732227,0.0016179975,0.0007570244,0.0015957623,0.0008207069,689,724,0,validation
0.0029842497,0.0013068074,0.9886376,0.0025724357,0.0015570102,0.00078321085,0.0013525875,0.00080605294,690,700,0,validation
0.98570687,0.0028623098,0.0049124877,0.001494513,0.00090511056,0.00093295256,0.0017082092,0.001477439,691,494,0,validation
0.0033229042,0.0013093607,0.98782456,0.0024039657,0.0018362541,0.0008439578,0.0016742923,0.0007846996,692,361,0,validation
0.0011296304,0.001789251,0.00067620934,0.0031072826,0.0016753876,0.006104867,0.0019115589,0.98360586,693,44,0,validation
0.0029566144,0.001208811,0.9884604,0.0024473495,0.0016739693,0.0007848753,0.0017524947,0.00071541715,694,956,0,validation
0.0013853667,0.0017699474,0.0007015311,0.0032322053,0.0013037774,0.0047327573,0.0022119472,0.98466253,695,154,0,validation
0.001264448,0.0018268782,0.0006990885,0.0029918428,0.0013803152,0.0050761937,0.0021344025,0.98462695,696,982,0,validation
0.0023760693,0.0012128289,0.9893225,0.0027156933,0.001532908,0.00075825775,0.0012919038,0.00078979385,697,164,0,validation
0.0028484876,0.0013051373,0.0029777382,0.0032060405,0.0058758603,0.97646296,0.005383376,0.0019404086,698,16,0,validation
0.98587984,0.0033617648,0.0037349754,0.0012581588,0.0011819077,0.001134839,0.0012187582,0.0022297625,699,488,0,validation
0.0016166078,0.001506143,0.00078159623,0.0038433594,0.0011482827,0.005464044,0.0023468568,0.98329306,700,47,0,validation
0.0025843978,0.0014133085,0.9890287,0.0023968266,0.0016332145,0.0007622393,0.0014216962,0.00075974275,701,184,0,validation
0.98676145,0.003647652,0.0019732686,0.001179707,0.0012162098,0.001162908,0.0016173125,0.0024415138,702,884,0,validation
0.09274092,0.0056152707,0.87820065,0.011636793,0.0028058863,0.0019587008,0.005536265,0.0015054432,703,492,0,validation
0.9864405,0.0037544926,0.0023064963,0.0012899172,0.0011100514,0.0011650058,0.0014093178,0.0025242085,704,719,0,validation
0.002535331,0.0012492465,0.98919386,0.002565751,0.0015915161,0.00074379885,0.001372055,0.0007484885,705,770,0,validation
0.0024830028,0.0014263671,0.98937106,0.0023401163,0.0015184872,0.0007142358,0.0013367021,0.00080990384,706,460,0,validation
0.3759692,0.0060075573,0.59631777,0.010963142,0.0035867293,0.0016337354,0.0038213737,0.0017003956,707,275,0,validation
0.003167514,0.0012890191,0.9883668,0.0024097185,0.0016442251,0.0007664463,0.0016048123,0.00075143843,708,762,0,validation
0.11024446,0.8682642,0.009641884,0.0021825337,0.00395063,0.001722616,0.0019023976,0.0020912667,709,692,2,validation
0.0025101139,0.0010876938,0.002765377,0.0028691029,0.006751017,0.97806555,0.004235078,0.0017161376,710,218,0,validation
0.0023364476,0.0011813724,0.9895369,0.0024862224,0.0016357587,0.0007823679,0.0012775764,0.0007633772,711,26,0,validation
0.0025512374,0.0014370097,0.98887175,0.002693698,0.0015354122,0.00072650966,0.001293022,0.0008913338,712,829,0,validation
0.0029163766,0.0012392254,0.9887272,0.0024853824,0.0016065431,0.000742191,0.0014751737,0.00080785487,713,423,0,validation
0.0010481873,0.0018204605,0.0006444796,0.0028590607,0.0019652396,0.00908563,0.0022727216,0.9803043,714,982,1,validation
0.98648745,0.0023394166,0.0050668376,0.0013116094,0.0009061263,0.0007846526,0.0013662043,0.0017377386,715,353,0,validation
0.98273426,0.005593174,0.0025129758,0.0011321168,0.0019135433,0.0018518684,0.0015112362,0.0027507485,716,222,0,validation
0.0034033963,0.0013926219,0.9881202,0.0024916362,0.0016101755,0.00071141875,0.0015161438,0.0007543632,717,36,0,validation
0.002649551,0.9906014,0.0012344774,0.001376162,0.0015189988,0.00085578486,0.0008354243,0.00092825404,718,636,1,validation
0.0024198245,0.0014411387,0.9891695,0.0023058471,0.0017010926,0.00074610364,0.0014628912,0.00075369683,719,994,0,validation
0.0028597675,0.0012580716,0.98853326,0.0027149378,0.0015306044,0.0007768407,0.0014517318,0.0008749261,720,363,0,validation
0.98827773,0.0029432506,0.0024555877,0.0010629816,0.0010063861,0.00108297,0.0013149568,0.0018561399,721,454,0,validation
0.0024759297,0.0013380806,0.989202,0.0022957309,0.0016854508,0.0007758887,0.0014053979,0.00082153047,722,995,0,validation
0.96282434,0.024006676,0.0038516957,0.0017576388,0.0014034638,0.0014856578,0.0016481786,0.0030222386,723,653,0,validation
0.98456895,0.0023541413,0.006125527,0.001604152,0.0009971055,0.0010353235,0.0014911486,0.0018237287,724,895,0,validation
0.0024422253,0.001255077,0.9894462,0.002408323,0.0016212583,0.0007450633,0.0013239463,0.0007578378,725,745,0,validation
0.985157,0.003720859,0.004823597,0.0013455338,0.0011253409,0.0009014472,0.0015467147,0.001379497,726,923,0,validation
0.0026467585,0.99029374,0.0014058109,0.0012175943,0.0020146165,0.00076079177,0.0009563895,0.00070428674,727,187,0,validation
0.031404387,0.003194437,0.9418504,0.01482994,0.0024425464,0.0015005694,0.003247963,0.0015296957,728,900,0,validation
0.96878046,0.0029759214,0.020707197,0.0021572546,0.0014135389,0.0010231179,0.0017686079,0.001173828,729,910,0,validation
0.001807341,0.0018703187,0.00069688744,0.003361662,0.0012094316,0.0051785707,0.0023747648,0.9835011,730,481,0,validation
0.0014315728,0.0017964947,0.00070962304,0.0024869202,0.002049431,0.008921637,0.002154543,0.9804498,731,996,0,validation
0.0015222239,0.0015940847,0.0006980504,0.0033985688,0.0011629077,0.0044878484,0.002459287,0.984677,732,875,0,validation
0.9777067,0.011289775,0.0037277455,0.0012238845,0.0014849289,0.0013008605,0.0013426637,0.0019233752,733,554,0,validation
0.0030057046,0.001320763,0.98879796,0.0023667007,0.0015515881,0.0006969002,0.0014816595,0.0007787569,734,155,0,validation
0.0027626832,0.001292476,0.98908466,0.0023380606,0.0016326768,0.0007102358,0.0014271486,0.0007520652,735,647,0,validation
0.0291423,0.0029025236,0.9444145,0.0155437905,0.0024813323,0.0013731448,0.0026461282,0.0014962621,736,936,0,validation
0.9831935,0.005110866,0.0038638343,0.0014764022,0.0015761579,0.0013409369,0.0015887154,0.0018495491,737,157,0,validation
0.0038029933,0.0012532183,0.9854173,0.004780296,0.0013548841,0.0007978193,0.0017149741,0.0008784771,738,669,0,validation
0.9871881,0.0028972859,0.003089513,0.0011680344,0.0011237956,0.0011408572,0.0012644883,0.0021280579,739,743,0,validation
0.0020409275,0.9909458,0.0010617415,0.0014468638,0.0016095178,0.0009757282,0.00093278696,0.0009865549,740,149,0,validation
0.98758054,0.0017934642,0.0044400203,0.0012052921,0.0010963702,0.001132739,0.0014497644,0.0013018155,741,720,0,validation
0.98147684,0.0020636448,0.010558563,0.0014958784,0.0011327274,0.0008172341,0.0013979009,0.0010572464,742,740,0,validation
0.002672308,0.0012155655,0.98869705,0.0028153379,0.0015927971,0.0007823046,0.0013653754,0.00085927255,743,799,0,validation
0.0015564517,0.0018687274,0.0011026931,0.0014541191,0.0009367012,0.0015663196,0.9895906,0.0019244401,744,108,0,validation
0.001375114,0.00088232086,0.0015321769,0.00161284,0.012518753,0.97857064,0.0023863297,0.0011218344,745,219,0,validation
0.004122746,0.0013984124,0.98675424,0.003156454,0.0015814363,0.0007158283,0.0014796196,0.0007913096,746,879,0,validation
0.003539781,0.001225426,0.9876643,0.0026040354,0.0017711095,0.0009231178,0.0015033161,0.00076896773,747,100,0,validation
0.0032291529,0.0013607291,0.98777544,0.0026420604,0.001592562,0.00088825676,0.0015661784,0.0009455236,748,407,0,validation
0.0012108171,0.0018523751,0.0023414127,0.0011943071,0.92127687,0.06866852,0.0013472338,0.0021084938,749,405,0,validation
0.010909918,0.0026634464,0.9674292,0.012192098,0.0022918414,0.00095874915,0.0024622153,0.0010924883,750,793,0,validation
0.0022485554,0.0018906578,0.0012431087,0.0013212344,0.0009983057,0.002350906,0.98768973,0.002257438,751,560,0,validation
0.98670596,0.0028740682,0.0034781103,0.0012940421,0.0011738623,0.0011752973,0.0013234311,0.001975159,752,886,0,validation
0.0056239893,0.0016543869,0.9817345,0.0053056953,0.0019904177,0.0010372237,0.0018779924,0.0007757161,753,639,0,validation
0.986777,0.001981848,0.0055801673,0.0012619022,0.00085198676,0.0007428326,0.0015121765,0.0012920948,754,116,0,validation
0.0033738867,0.0012820547,0.9879794,0.0028639021,0.0014740102,0.0007551042,0.0013955322,0.0008760749,755,52,0,validation
0.0029375334,0.0012605705,0.98861724,0.0023640103,0.0017548476,0.00074876135,0.0014895783,0.0008275056,756,148,0,validation
0.0024770286,0.0012117208,0.9893084,0.0025684808,0.0015886143,0.00071960496,0.0013833304,0.000742736,757,390,0,validation
0.0023142186,0.0018158283,0.0015007596,0.001288494,0.0010822929,0.0020691145,0.98852825,0.0014011015,758,1001,0,validation
0.0027587903,0.0013221038,0.0028906458,0.0031430179,0.0058412454,0.9769258,0.0052330275,0.0018853565,759,200,0,validation
0.0026019495,0.0012559033,0.98921007,0.0023935435,0.0015823676,0.00078062137,0.0014021455,0.0007734902,760,626,0,validation
0.9864037,0.0023063566,0.005880011,0.001177455,0.0009791045,0.0007731285,0.0012937067,0.0011864635,761,888,0,validation
0.0016166322,0.99075377,0.0012183515,0.0011177488,0.0024890031,0.000992146,0.0011608962,0.0006514798,762,807,0,validation
0.98273855,0.0036985676,0.003293297,0.0016043255,0.0013441745,0.0012712802,0.0034552005,0.0025945585,763,8,0,validation
0.0023974052,0.0011829817,0.989484,0.0025138252,0.0016025306,0.000721563,0.0013333609,0.00076433615,764,851,0,validation
0.0082019,0.0019463474,0.97896326,0.005427974,0.0017261058,0.00095898926,0.0019930587,0.00078232924,765,35,0,validation
0.0026279155,0.0013760341,0.9889647,0.002432289,0.0016073971,0.00076153676,0.0015018175,0.0007283317,766,438,0,validation
0.88079494,0.004128106,0.101443954,0.004004743,0.0036072934,0.0014875155,0.0029550944,0.001578259,767,619,0,validation
0.0031006446,0.0013581382,0.988298,0.0027023046,0.0015473963,0.00074011664,0.001504879,0.00074864336,768,246,0,validation
0.0011449986,0.0019583611,0.00065392535,0.0027739322,0.0017341847,0.005408201,0.0019957696,0.9843306,769,295,0,validation
0.18735106,0.0053251158,0.7768111,0.016810995,0.004744133,0.0026832179,0.0042167036,0.0020576161,770,789,0,validation
0.0032162413,0.0013117839,0.9883681,0.0024443918,0.0016631258,0.00072505797,0.0015647033,0.00070665625,771,546,0,validation
0.9514085,0.002783222,0.03697732,0.0020821884,0.0025132855,0.0012822328,0.0018326517,0.0011205008,772,595,0,validation
0.98786944,0.0029234688,0.0026443424,0.001166363,0.00104173,0.0010417489,0.0013094496,0.0020034846,773,751,0,validation
0.98399574,0.0020510792,0.0075138025,0.0015460101,0.0010572737,0.0009440473,0.0015290095,0.0013631019,774,889,0,validation
0.6591449,0.0062466897,0.31186467,0.01040578,0.003889882,0.0020885612,0.0039520524,0.0024074086,775,873,2,validation
0.003423501,0.0012469443,0.9877236,0.002917587,0.0016299451,0.0007625464,0.0014352282,0.0008607198,776,255,0,validation
0.0030398464,0.0012873508,0.9884997,0.0026009344,0.0016062263,0.0007081365,0.001459621,0.0007980459,777,583,0,validation
0.0033164406,0.0015209337,0.9879431,0.0027487508,0.0015847767,0.0006949507,0.0014077872,0.0007833462,778,289,0,validation
0.0025932733,0.0012251275,0.0031216417,0.0027792724,0.0066242274,0.97742176,0.004676528,0.0015581349,779,400,0,validation
0.0026933542,0.0015107216,0.9887427,0.0026148276,0.0016140396,0.00069493364,0.001398367,0.000731052,780,147,0,validation
0.032373846,0.0047270493,0.91039824,0.02567699,0.0076618004,0.004442414,0.0044558705,0.010263795,781,834,1,validation
0.0034986793,0.0012864368,0.988172,0.0027488517,0.0015234195,0.00071055617,0.0013629172,0.00069708796,782,737,0,validation
0.8722998,0.0047886507,0.10944219,0.0052035092,0.0018891774,0.00121254,0.00335872,0.0018052964,783,609,0,validation
0.9882885,0.0030087791,0.0027537886,0.0011425845,0.0009000739,0.0008893646,0.0015149869,0.0015018847,784,934,0,validation
0.0030533941,0.0016317578,0.9879633,0.0028054225,0.0016054666,0.0007348886,0.0013526399,0.0008531351,785,526,0,validation
0.02200237,0.0024855149,0.95712346,0.01092966,0.0025004488,0.0011884649,0.0024321647,0.0013379639,786,837,0,validation
0.0011551243,0.0018942339,0.0025231293,0.0009903287,0.9361711,0.0545383,0.0011113029,0.0016163688,787,468,0,validation
0.98347837,0.0021081734,0.0075181327,0.001887441,0.0009782894,0.00085064425,0.0019446654,0.0012344319,788,674,0,validation
0.002883813,0.9904874,0.0013183231,0.0011333845,0.0014712034,0.0007181371,0.00095790933,0.001029828,789,144,0,validation
0.5735177,0.006646798,0.39020965,0.015272571,0.0038975533,0.0024784375,0.005437747,0.0025395988,790,143,0,validation
0.0028323727,0.0012483865,0.988395,0.0030623323,0.0015562772,0.00069687894,0.0014049043,0.0008038414,791,798,0,validation
0.002670871,0.001235638,0.98899186,0.0026481245,0.0015506386,0.00074659666,0.0013294974,0.0008267813,792,334,0,validation
0.0023957079,0.0012783838,0.98953116,0.0023781708,0.0016292352,0.00072749413,0.0013037705,0.0007560446,793,987,0,validation
0.00054675364,0.00075437326,0.0007457371,0.0010050542,0.01113166,0.98285806,0.0011468095,0.001811533,794,929,1,validation
0.03110406,0.0032032272,0.93224126,0.01760801,0.009353376,0.002551827,0.0028051753,0.0011330101,795,627,0,validation
0.0030840908,0.0021195747,0.005966075,0.0015096791,0.91506743,0.06901005,0.0015724616,0.0016707756,796,729,0,validation
0.9854233,0.0038962127,0.0030417184,0.0012363613,0.0013098734,0.0012994439,0.0013637927,0.0024291754,797,337,0,validation
0.9879963,0.0028390212,0.0026514258,0.0011529803,0.0011486643,0.001156631,0.0014299449,0.0016250242,798,448,0,validation
0.0018078781,0.0017169437,0.00065997284,0.0030567737,0.0011725872,0.0059503946,0.003334632,0.9823009,799,314,0,validation
0.83375174,0.0046424503,0.1443698,0.0075606494,0.0028794731,0.001823489,0.0028912753,0.0020811476,800,179,0,validation
0.98406893,0.0048084576,0.0022094608,0.0014566887,0.0013011418,0.0014850865,0.0017369865,0.0029332885,801,120,0,validation
0.0023685822,0.0012374804,0.98958886,0.00235192,0.0016686878,0.0007437611,0.0013188686,0.000721925,802,899,0,validation
0.21492642,0.0071567986,0.04234697,0.0050412845,0.5990609,0.12022318,0.0076143052,0.0036301974,803,581,0,validation
0.003682537,0.0012058216,0.98708016,0.0034086574,0.0015550371,0.0008167273,0.00144665,0.00080439134,804,140,0,validation
0.0036824956,0.001090951,0.9865312,0.0036415912,0.0015311347,0.0009346869,0.001712482,0.0008755769,805,710,0,validation
0.029073834,0.0032341448,0.9412469,0.016897326,0.002915897,0.0018562799,0.0030712977,0.0017043087,806,989,0,validation
0.0022711006,0.0019521163,0.0016763854,0.9867061,0.0010540785,0.0015369629,0.0015741216,0.0032291086,807,190,0,validation
0.0030823485,0.001248559,0.9885024,0.0025968181,0.0015895293,0.0007375953,0.0014592094,0.0007835889,808,582,0,validation
0.0025880868,0.0011826303,0.98924387,0.0024680605,0.0016556331,0.000758596,0.0013967208,0.00070642494,809,271,0,validation
0.987672,0.002931389,0.0025497766,0.0010876945,0.001384741,0.0013186043,0.0013670285,0.0016888012,810,285,0,validation
0.0111558875,0.0019706723,0.97376347,0.006752399,0.0025756236,0.0012837494,0.0017352647,0.0007629418,811,896,0,validation
0.0028161649,0.0012492748,0.988771,0.0024328055,0.001678362,0.000780704,0.0015213382,0.00075027574,812,387,0,validation
0.13072583,0.005836659,0.82960886,0.021456713,0.004847744,0.0019730614,0.0036858667,0.001865254,813,119,0,validation
0.0028576052,0.0014900988,0.9887693,0.0023288112,0.0015722024,0.0006998761,0.0015428362,0.0007393117,814,176,0,validation
0.0030653558,0.0012608722,0.98854744,0.0026808803,0.0015241306,0.0007066878,0.0014065072,0.0008081515,815,195,0,validation
0.0027272315,0.0012681619,0.9890057,0.0025106051,0.0015856273,0.0007027428,0.0014042153,0.0007958047,816,424,0,validation
0.0025694745,0.0011933754,0.9892085,0.0025836958,0.0015671597,0.0007363863,0.0014357733,0.00070562644,817,239,0,validation
0.003010178,0.0013512166,0.98623544,0.004639975,0.0019965742,0.0008749944,0.0012142402,0.0006773234,818,401,0,validation
0.0013956618,0.0021293624,0.0006473403,0.0029809847,0.0012796941,0.0052895914,0.00265837,0.98361903,819,823,0,validation
0.0027496247,0.0013373833,0.98893213,0.002397186,0.0016873435,0.000726166,0.001442971,0.0007271612,820,810,0,validation
0.028446456,0.0026625714,0.93981814,0.01957926,0.0026502227,0.0016371558,0.0034614094,0.0017447969,821,953,0,validation
0.0031589207,0.0012827764,0.9883888,0.0026937835,0.0015943724,0.00071021885,0.0014344925,0.0007366175,822,814,0,validation
0.0024069971,0.0012441591,0.98951894,0.0023892794,0.0016175318,0.00075222756,0.0013272143,0.00074374577,823,932,0,validation
0.983355,0.0047067353,0.0036675583,0.0013484604,0.0014479173,0.0013736605,0.0019937279,0.002106892,824,126,0,validation
0.002962524,0.0013224105,0.9888349,0.0023747657,0.0015643477,0.00071683683,0.0015043962,0.0007197869,825,606,0,validation
0.0008723393,0.0008117019,0.0013560588,0.0010482843,0.025162937,0.96781445,0.0011361196,0.0017982264,826,389,0,validation
0.00262469,0.0013237384,0.98885834,0.0025202972,0.0016062645,0.0007599543,0.0014986773,0.0008080499,827,831,0,validation
0.0019691808,0.0016899675,0.0008608524,0.0042446433,0.0010017096,0.0044153915,0.002879952,0.98293835,828,817,0,validation
0.0023969223,0.0012181395,0.98956025,0.002374659,0.0016597866,0.00074638566,0.0013124616,0.0007313892,829,695,0,validation
0.95188993,0.002467849,0.03275762,0.0033376897,0.0025954638,0.00298499,0.0028766454,0.0010897315,830,960,0,validation
0.1976643,0.7737436,0.005376618,0.0025633608,0.004412658,0.005611093,0.006562257,0.004066097,831,212,0,validation
0.0022116194,0.0012446388,0.9895716,0.0023281914,0.001649155,0.00079009135,0.0014112492,0.0007935458,832,610,0,validation
0.00166107,0.00088063005,0.0017565691,0.0017541987,0.0066756024,0.9823198,0.003567472,0.0013847447,833,961,0,validation
0.0009473263,0.0007759842,0.0012429773,0.0013629835,0.010356476,0.9824269,0.0017864647,0.0011008682,834,898,0,validation
0.0029846567,0.0012269015,0.988663,0.0024305384,0.0016071406,0.00078784453,0.0015368736,0.00076304097,835,849,0,validation
0.002213247,0.001298494,0.9896116,0.0024118933,0.001728365,0.00069207983,0.001260487,0.00078378286,836,966,0,validation
0.9860487,0.0025338114,0.005169347,0.0012655731,0.00086947763,0.0009253304,0.001519228,0.001668497,837,596,0,validation
0.004035927,0.0012220177,0.98716366,0.0029651735,0.0015493775,0.00075228076,0.0015185958,0.0007929526,838,882,0,validation
0.5700441,0.40321258,0.010955069,0.0027228796,0.0043028155,0.0024529146,0.0030012708,0.0033083556,839,805,0,validation
0.96061873,0.0030920869,0.026912386,0.0028726049,0.0012543445,0.0012462067,0.0021155651,0.0018880172,840,374,0,validation
0.0026248717,0.0011572714,0.9888488,0.0026040012,0.0016165073,0.000841739,0.0014689761,0.00083791144,841,997,0,validation
0.98682934,0.002048429,0.005257386,0.0012764133,0.00093340274,0.0008925383,0.0014984155,0.0012641278,842,765,0,validation
0.0022635148,0.0113187665,0.0010327735,0.0010571536,0.0013476247,0.0025077332,0.9764741,0.003998333,843,486,0,validation
0.9866073,0.0036421448,0.0028052991,0.0013268131,0.0010417673,0.0010236755,0.0013386153,0.0022142169,844,259,0,validation
0.0015617979,0.00090885913,0.0017632351,0.0020311112,0.008223475,0.98141587,0.002866005,0.0012297701,845,864,0,validation
0.02576603,0.00254316,0.952093,0.012230212,0.0023731391,0.0012399959,0.0022701856,0.0014842654,846,427,0,validation
0.9835053,0.002596959,0.0060873455,0.0009384583,0.0020175204,0.0013252235,0.001186285,0.0023428535,847,475,1,validation
0.0012374554,0.001993347,0.00081412337,0.003262628,0.0014567634,0.004935424,0.0025955837,0.9837046,848,785,0,validation
0.0027565642,0.0014606414,0.9888644,0.002383888,0.0016263576,0.00073246233,0.0013564933,0.00081916706,849,109,0,validation
0.9828714,0.0050954157,0.0030178388,0.0013544939,0.0014209499,0.0015569774,0.0018456839,0.0028371422,850,656,0,validation
0.003774735,0.9898601,0.0014928078,0.0009990217,0.0014718808,0.00071934465,0.0010198795,0.00066215405,851,225,0,validation
0.9856381,0.0041257073,0.0020625426,0.0012500986,0.0012999856,0.0014206112,0.0015403002,0.0026626685,852,915,0,validation
0.9848127,0.004440624,0.0030064133,0.0013371517,0.0011604421,0.0012786977,0.0018243028,0.0021396133,853,580,0,validation
0.0029176164,0.0013151166,0.98864204,0.0024316148,0.0016733304,0.0007180838,0.0015585987,0.0007435829,854,638,0,validation
0.9818616,0.0040797344,0.006692062,0.0014721197,0.001443442,0.0011568626,0.0014823369,0.001811816,855,362,0,validation
0.98715705,0.00217217,0.0048889746,0.0012178856,0.0009807218,0.00095986854,0.001282038,0.0013412626,856,783,0,validation
0.9866788,0.0034185117,0.0022591343,0.0012286016,0.00137142,0.0013811273,0.0014550493,0.0022073677,857,631,0,validation
0.001391176,0.0038957521,0.0021309364,0.0017839968,0.49132374,0.4912666,0.0024638698,0.005743893,858,887,0,validation
0.0029509126,0.001288524,0.98871195,0.002427813,0.0016357976,0.0007002901,0.0015605458,0.0007241781,859,226,0,validation
0.0026325034,0.0013529034,0.9890104,0.0023844878,0.0016874424,0.0007356723,0.0013212943,0.0008753555,860,775,0,validation
0.988154,0.0020611507,0.004028633,0.0011760268,0.00086462544,0.00085800694,0.0017119756,0.0011456524,861,832,0,validation
0.0031852042,0.0013167362,0.9883295,0.0024700875,0.0016397801,0.0007339599,0.0015493727,0.0007753005,862,643,0,validation
0.02040429,0.002615718,0.95190793,0.015495924,0.0029717025,0.0016900277,0.0030161547,0.001898201,863,307,0,validation
0.0026021576,0.0012675916,0.98906785,0.0026126683,0.0015720758,0.0007652504,0.0013849792,0.00072748505,864,616,0,validation
0.0010363392,0.0020377352,0.0029694943,0.0009981296,0.92630523,0.06387443,0.0012479988,0.0015306608,865,396,0,validation
0.0012996533,0.0016402283,0.00065937976,0.0034789664,0.0013051874,0.005321278,0.0022877017,0.98400766,866,943,0,validation
0.9877418,0.0019377297,0.0044186763,0.0014263566,0.00080652314,0.000801705,0.0014971244,0.0013699679,867,673,0,validation
0.0021266781,0.9909786,0.0012179831,0.0013080649,0.0017696698,0.0007637628,0.0010767085,0.0007586084,868,347,0,validation
0.0025950272,0.0012601686,0.9891049,0.0026113964,0.0015693748,0.00077335903,0.0012848614,0.000800879,869,251,0,validation
0.9789123,0.0023378755,0.011155694,0.0020003698,0.0011901074,0.0011227133,0.001611999,0.0016689601,870,703,0,validation
0.10582545,0.0054625203,0.85325354,0.022808813,0.0040432294,0.0023565355,0.003904367,0.002345568,871,598,0,validation
0.0025173598,0.0013642244,0.98905087,0.0025574914,0.0015746679,0.0007635736,0.0014409348,0.00073102006,872,601,0,validation
0.0016801751,0.0019690003,0.0012113937,0.0013317162,0.0010226166,0.0018814852,0.9890687,0.001834975,873,274,0,validation
0.002846552,0.0014076432,0.98875576,0.0025384752,0.0016046487,0.00072017836,0.001337477,0.00078926765,874,365,0,validation
0.29044282,0.0061880243,0.66949606,0.019063551,0.0045973607,0.0028817162,0.0046527134,0.0026778153,875,373,0,validation
0.9831367,0.0047566327,0.0030758057,0.0015176174,0.0015738393,0.0016203449,0.0017410889,0.0025779598,876,217,0,validation
0.0028800806,0.0011644709,0.9887399,0.002593617,0.0015881936,0.00077261106,0.0014477494,0.00081341836,877,986,0,validation
0.98710155,0.0034189525,0.0025491754,0.0013061352,0.0010533188,0.001055937,0.0015504927,0.0019645053,878,858,0,validation
0.0027295896,0.0019556645,0.0018420153,0.9841101,0.0011397095,0.0022835748,0.0019667791,0.0039725373,879,456,1,validation
0.98466176,0.0048656138,0.0024658858,0.0013587747,0.0013639361,0.0013524806,0.0016878493,0.0022437312,880,336,0,validation
0.0026054764,0.0011549416,0.98920375,0.0024485034,0.0016889856,0.0008036216,0.0013840735,0.0007106539,881,483,0,validation
0.9875804,0.003093094,0.0036653152,0.0010347236,0.0011251223,0.0009297853,0.0012832346,0.0012882847,882,608,0,validation
0.9291067,0.020696204,0.015297014,0.010414293,0.0031599386,0.0029127575,0.010833691,0.007579366,883,1004,0,validation
0.0024852694,0.0012562672,0.98927873,0.0025538323,0.0015808914,0.0007678643,0.001301448,0.00077566295,884,756,0,validation
0.9856749,0.0032954584,0.004058086,0.001149826,0.0014662127,0.0011693703,0.0014603891,0.0017257746,885,328,0,validation
0.98829204,0.0024141253,0.0031110463,0.0010314249,0.0010195107,0.0009794869,0.0018459358,0.001306396,886,952,0,validation
0.0032465635,0.0035884709,0.009590378,0.0027338923,0.7162436,0.25614545,0.0021949336,0.006256712,887,591,1,validation
0.0012710725,0.0053165625,0.003751966,0.018591575,0.0039521717,0.012401945,0.0037374708,0.9509772,888,969,2,validation
0.96805614,0.0024310378,0.019768976,0.0025660498,0.0013666055,0.0011393023,0.0030213117,0.0016507063,889,848,0,validation
0.9789499,0.0021302951,0.005768208,0.0015840185,0.0040674987,0.0031848296,0.002968654,0.0013466325,890,613,0,validation
0.01091211,0.001920643,0.97462523,0.005170142,0.0021623033,0.0019052203,0.0024120628,0.00089221395,891,891,0,validation
0.0023516112,0.00072249136,0.0031112533,0.0033448213,0.015206888,0.9681488,0.0048258463,0.0022882328,892,532,0,validation
0.9757083,0.001708675,0.008126382,0.002012737,0.0038487979,0.0046216105,0.0028439986,0.0011295639,893,648,0,validation
0.9842269,0.004663368,0.0029472888,0.0015118291,0.0013248142,0.0012881369,0.0017708472,0.0022668573,894,552,0,validation
0.97005343,0.01760197,0.0044246707,0.0014328088,0.0015221742,0.0014067886,0.001791385,0.001766762,895,754,0,validation
0.0018108698,0.00099479,0.0020469376,0.0020681445,0.0069749807,0.9813152,0.0033505522,0.0014384937,896,83,0,validation
0.02840541,0.0032219228,0.94567627,0.0145968525,0.0025473584,0.0014304643,0.0025709183,0.0015508223,897,235,0,validation
0.0027319035,0.0013240211,0.98889506,0.00259309,0.0016246733,0.0007239493,0.0014035281,0.0007037237,898,663,0,validation
0.0023254023,0.0017875916,0.98546356,0.0036433476,0.0027891204,0.0015122867,0.0017227444,0.00075576804,899,920,0,validation
0.0015576475,0.0015041245,0.0007096469,0.0030023924,0.0013356034,0.007416217,0.0026529762,0.98182136,900,154,2,validation
0.0023193157,0.0014399847,0.98925066,0.002358607,0.0016428996,0.0007629031,0.0014416692,0.0007838893,901,500,0,validation
0.14807081,0.8279084,0.010583118,0.0021135865,0.004634219,0.0019521874,0.0024407685,0.0022970133,902,34,1,validation
0.97847897,0.0023498726,0.012602608,0.0018282442,0.0010668808,0.00085090444,0.0014459863,0.0013765801,903,516,0,validation
0.028668001,0.0031317621,0.9436436,0.015989384,0.0029045597,0.0012903117,0.0024731727,0.0018991005,904,163,0,validation
0.0030465499,0.9897517,0.0011700123,0.0018225876,0.0012693382,0.00072986184,0.0011513743,0.0010585337,905,622,0,validation
0.0028209297,0.9903501,0.0013993065,0.0011368959,0.0018282145,0.00073821755,0.0010720161,0.0006543105,906,935,0,validation
0.9823905,0.0055542234,0.002510291,0.0012492408,0.0018592913,0.0018101973,0.0017466669,0.0028796208,907,949,0,validation
0.0020696137,0.9912087,0.0009909502,0.0013407579,0.0016935117,0.0007697721,0.0011395839,0.0007870485,908,892,0,validation
0.00079948595,0.0006587609,0.00096431584,0.0015219625,0.0077373013,0.98463273,0.002215131,0.0014703037,909,464,0,validation
0.00087433436,0.0009540435,0.0011090322,0.0010506656,0.026282704,0.96643406,0.0017781723,0.0015169635,910,694,0,validation
0.005104066,0.0022312987,0.9821456,0.0053340406,0.0021807146,0.00077168125,0.001492089,0.0007404639,911,850,0,validation
0.98824537,0.0021514245,0.003686805,0.0011074521,0.000944705,0.00094136025,0.0015165685,0.0014063631,912,93,0,validation
0.0026247979,0.0011328291,0.98892105,0.0026908512,0.0016387388,0.0007918697,0.0014866926,0.0007131641,913,539,0,validation
0.002497904,0.001250762,0.9894503,0.0023622024,0.001620336,0.00072989456,0.0013462958,0.0007422667,914,233,0,validation
0.0028207514,0.0014246001,0.98844945,0.0028039254,0.0015458846,0.0006968914,0.0013521928,0.00090621086,915,701,0,validation
0.0038517143,0.001285071,0.98749185,0.0026269627,0.0016690621,0.00074712303,0.0016322979,0.0006959392,916,819,0,validation
0.0011393435,0.001952118,0.0027332644,0.00097216706,0.93798226,0.052598264,0.001120478,0.0015021061,917,549,0,validation
0.0028332595,0.0014068164,0.9883853,0.0027556901,0.0018723997,0.00073099055,0.0012691322,0.00074636866,918,655,0,validation
0.0106213465,0.0023860992,0.97304994,0.007900884,0.0019083105,0.0010002265,0.0019955274,0.0011377196,919,445,0,validation
0.0020725613,0.9911041,0.001105407,0.0013329247,0.0016106218,0.0009749036,0.00088679086,0.00091274315,920,844,1,validation
0.0015559053,0.0027450507,0.002875298,0.001851557,0.72082967,0.2643483,0.0023380776,0.0034561534,921,529,0,validation
0.9885435,0.0026946906,0.0023568189,0.0010630813,0.0010517632,0.0010991533,0.0013332018,0.0018578194,922,813,0,validation
0.003296163,0.0012184371,0.9881245,0.0028641904,0.0015341722,0.000709842,0.0014603902,0.00079227425,923,924,0,validation
0.98415184,0.004726413,0.0029436876,0.0011089027,0.0015439795,0.0017173408,0.0017690902,0.0020388793,924,199,0,validation
0.005287034,0.0015116825,0.9843486,0.0035017019,0.0019832277,0.00079221674,0.0019016184,0.00067386637,925,379,0,validation
0.0018252562,0.00086889544,0.0019407443,0.002005184,0.008196861,0.98055685,0.003251203,0.0013550726,926,753,0,validation
0.9824075,0.005619661,0.002723894,0.001500212,0.0015333774,0.0019080052,0.0018881768,0.0024190717,927,826,0,validation
0.0019647854,0.0019647987,0.0035270262,0.0015543066,0.43765154,0.54803663,0.0018634256,0.0034375119,928,384,0,validation
0.9862477,0.0025472667,0.0024978756,0.0012452687,0.0016932901,0.0019334661,0.001683147,0.0021519882,929,725,0,validation
0.0015081287,0.0018945384,0.0011344082,0.0012798584,0.0010965783,0.0029716322,0.9882395,0.0018753203,930,893,0,validation
0.014037896,0.0025923243,0.96522564,0.010680564,0.0026712602,0.001361205,0.0022354182,0.001195701,931,210,0,validation
0.0024763278,0.0013347561,0.9891789,0.0024560648,0.0016459968,0.000752491,0.0013226952,0.0008327016,932,4,0,validation
0.0014460948,0.0021410207,0.0006050876,0.0026725624,0.001318905,0.004478123,0.0027269325,0.98461133,933,727,0,validation
0.98035014,0.005099085,0.002922449,0.0014129835,0.0014284462,0.0015772317,0.001844517,0.005365127,934,611,0,validation
0.0027444703,0.001347978,0.9888898,0.0024958118,0.001688032,0.0007231378,0.001327981,0.00078280043,935,942,0,validation
0.0018252562,0.00086889544,0.0019407443,0.002005184,0.008196861,0.98055685,0.003251203,0.0013550726,936,585,0,validation
0.0025258623,0.0013036274,0.98924005,0.0025041774,0.0015984896,0.0007226216,0.00137506,0.0007302017,937,698,0,validation
0.9840224,0.0040046982,0.0038046064,0.0013220585,0.0016980303,0.0015945025,0.0016282167,0.0019255284,938,522,0,validation
0.0027833334,0.0012346026,0.98881733,0.002596671,0.001622162,0.00072035333,0.0014605579,0.0007649106,939,688,0,validation
0.0026636485,0.0013067446,0.98882586,0.0026279965,0.0015397896,0.00075639866,0.0013917616,0.00088792294,940,963,0,validation
0.0033328324,0.0011945813,0.98806787,0.002988828,0.0015064056,0.00073409494,0.0013846053,0.0007907448,941,650,0,validation
0.0012314902,0.001867613,0.003515859,0.0010286459,0.95039344,0.03949503,0.001077324,0.00139051,942,96,0,validation
0.0010884997,0.0023110518,0.0020130747,0.0014343737,0.66577816,0.32352328,0.0017328294,0.0021187433,943,763,0,validation
0.9867563,0.003560668,0.0029833086,0.0011744659,0.0010649511,0.0010887197,0.0014840362,0.0018875501,944,690,0,validation
0.9853048,0.0044518174,0.003245534,0.0011445639,0.0013324072,0.0011868875,0.0013283505,0.0020056472,945,548,0,validation
0.9843977,0.0044067893,0.0028812904,0.0013165368,0.0015889372,0.0015072606,0.0015302469,0.002371241,946,393,0,validation
0.00415232,0.0021772154,0.9788841,0.007403729,0.0023740935,0.0017580099,0.0023891723,0.000861291,947,480,0,validation
0.0024862415,0.0012423488,0.98938227,0.0023948508,0.0016458265,0.0007384536,0.0013899594,0.0007200479,948,46,0,validation
0.0024705394,0.0011371571,0.98931247,0.0026156732,0.0015799499,0.0007491704,0.0013972865,0.00073774165,949,32,0,validation
0.0029387863,0.0012842098,0.9886142,0.002753241,0.0014699412,0.00072148506,0.0014247847,0.0007933604,950,876,0,validation
0.0024181106,0.001267887,0.98937184,0.0024877654,0.0016080376,0.0007338968,0.0013798123,0.0007325829,951,738,0,validation
0.0050990595,0.0012990101,0.9857395,0.0028141036,0.00184331,0.0009049899,0.0015083611,0.0007916187,952,795,0,validation
0.0025443055,0.0013769631,0.98922044,0.0023822412,0.0015871875,0.00075534824,0.001388708,0.0007448751,953,193,0,validation
0.025676785,0.0028902944,0.9515159,0.012099746,0.0025292567,0.0013571124,0.0026041653,0.001326755,954,131,0,validation
0.958908,0.0028035613,0.029635778,0.0026750315,0.0014616546,0.0010077052,0.002234516,0.0012737331,955,27,0,validation
0.033760656,0.0029015318,0.9354084,0.019140963,0.0027144267,0.0015608825,0.0027702602,0.0017429142,956,926,0,validation
0.0026220214,0.0012390396,0.9891311,0.0023564312,0.0017532272,0.0007871635,0.0013310302,0.0007799972,957,223,0,validation
0.9795431,0.0026912168,0.005361153,0.0019141418,0.0012652653,0.0013580522,0.006236145,0.0016309588,958,469,0,validation
0.9869105,0.0027246207,0.004004248,0.0013339119,0.0009627615,0.00093533215,0.001556827,0.0015719017,959,731,0,validation
0.004604891,0.0015275627,0.9857868,0.003118929,0.0015358379,0.0007943353,0.0018608698,0.0007707779,960,367,0,validation
0.0023877453,0.0011350808,0.0027609335,0.0024564567,0.007805457,0.97758776,0.004361527,0.0015051323,961,280,0,validation
0.0024529414,0.0014231903,0.98920035,0.0023505762,0.0016070858,0.00076462334,0.001334948,0.00086619373,962,404,0,validation
0.98636067,0.0030771843,0.0033705763,0.0009956181,0.0013689658,0.001303577,0.001641524,0.0018818632,963,641,0,validation
0.986735,0.0019701105,0.0056993305,0.0012319168,0.0010942845,0.00092392403,0.0011972033,0.0011482328,964,378,0,validation
0.0012689726,0.0016531151,0.00070041046,0.0032274248,0.0014506109,0.0054909065,0.0023031284,0.9839055,965,565,0,validation
0.003142751,0.0012330387,0.9883256,0.0025768098,0.0016196066,0.00073350046,0.0016046382,0.0007640513,966,476,0,validation
0.0029662508,0.0020037359,0.0014625614,0.0010106462,0.0011797169,0.0015298633,0.9882841,0.001563117,967,135,0,validation
0.0016365185,0.0018686134,0.00075756514,0.0034085212,0.001222099,0.0042440025,0.0021588772,0.9847038,968,61,0,validation
0.0023731415,0.0019215096,0.001776855,0.98464125,0.0010114077,0.0020775264,0.0018177538,0.0043804897,969,456,0,validation
0.0058427085,0.0019030358,0.97844166,0.006281534,0.003797504,0.0012936207,0.0016202088,0.0008196611,970,615,0,validation
0.9794617,0.0025283522,0.011512216,0.0014168413,0.0011573184,0.00092021475,0.0016009505,0.0014023647,971,125,0,validation
0.0031347517,0.0015360526,0.9878192,0.00267107,0.0016645319,0.00076239154,0.0016219747,0.000789961,972,999,0,validation
0.0012343914,0.0018983085,0.0025263885,0.0010729161,0.9282762,0.061696827,0.0012039416,0.0020910765,973,496,1,validation
0.0013606152,0.0015246695,0.0007141536,0.004195233,0.0011992007,0.0048363013,0.0021803034,0.98398954,974,794,0,validation
0.0033517103,0.0012111218,0.9881038,0.0028829142,0.0015173763,0.0007329691,0.0014074804,0.0007925399,975,991,0,validation
0.0023869995,0.0012877485,0.98946685,0.002303599,0.0017964981,0.0007189197,0.0012863051,0.0007531527,976,63,0,validation
0.0025982894,0.0013804649,0.98819774,0.0029033073,0.0016349662,0.0009450104,0.0014808949,0.00085934775,977,771,0,validation
0.0027901141,0.0014018549,0.9888679,0.0025314568,0.0015136091,0.000722693,0.0013606371,0.00081170053,978,14,0,validation
0.001132659,0.00073038385,0.0012656946,0.001502588,0.010633708,0.98132825,0.0021980638,0.0012087736,979,153,0,validation
0.8985741,0.0026560314,0.05704142,0.008698526,0.0079994,0.015829291,0.0074779307,0.0017233529,980,39,0,validation
0.009820968,0.0027781078,0.9698251,0.01075923,0.0023284326,0.0009689301,0.0023759187,0.0011431872,981,472,0,validation
0.002898736,0.001280006,0.98879516,0.0025162038,0.0015511082,0.0007231892,0.0014339079,0.0008016427,982,368,0,validation
0.0028391539,0.0012135323,0.9886113,0.0027844564,0.001525602,0.0007600854,0.0013759733,0.00088997325,983,180,0,validation
0.9871269,0.0038150137,0.0024917973,0.0010949399,0.001170655,0.0011221517,0.0013972266,0.0017813584,984,722,0,validation
0.0026352282,0.0014315352,0.9889215,0.0023860752,0.0016272743,0.00074046454,0.0015777019,0.00068022014,985,209,0,validation
0.0024698863,0.0012416408,0.98949766,0.0023656294,0.0016200205,0.00073283113,0.0013166699,0.0007556666,986,870,0,validation
0.0039880476,0.0019149538,0.9851859,0.003907372,0.0020740973,0.00082867185,0.0014028727,0.00069801864,987,750,0,validation
0.0025543065,0.9911176,0.0011081722,0.0010772853,0.0015388728,0.0007043142,0.0011857344,0.0007137676,988,51,0,validation
0.013597014,0.002263223,0.9653136,0.011348127,0.0023827027,0.0012513052,0.0021277391,0.0017163126,989,834,0,validation
0.0031584636,0.0013224416,0.9884829,0.00255997,0.0015319803,0.0007328868,0.0014313629,0.00078000996,990,326,0,validation
0.9864552,0.0039468613,0.0022700576,0.0012152945,0.0011515617,0.0012351823,0.0014168579,0.0023089072,991,707,0,validation
0.9875515,0.0018962956,0.005227974,0.001087299,0.0009373179,0.0009617235,0.0013387991,0.0009991385,992,683,0,validation
0.12896374,0.004683558,0.82973063,0.024624363,0.003936624,0.0019940196,0.0037456176,0.0023215087,993,687,1,validation
0.9822031,0.0052378494,0.0036820814,0.0016286097,0.001284587,0.0013940816,0.0019741342,0.0025955434,994,287,0,validation
0.009152406,0.0020785711,0.9607285,0.01765667,0.0041948687,0.002110399,0.002490599,0.001587921,995,666,0,validation
0.9849888,0.0045832363,0.0025740257,0.0011617183,0.0014674764,0.0013769214,0.00136275,0.0024850583,996,244,0,validation
0.0025331571,0.0013601421,0.9891745,0.0023990073,0.0016324609,0.0007559235,0.0013529853,0.0007918359,997,689,0,validation
0.07682812,0.0031985594,0.05508511,0.012355177,0.1400404,0.6849592,0.012248237,0.0152852945,998,446,0,validation
0.0043988377,0.007460626,0.003320183,0.93673784,0.0041657807,0.028504666,0.006927029,0.008485126,999,440,1,validation
0.9853474,0.004097134,0.002917478,0.0011732302,0.0013592574,0.0014355469,0.0015640862,0.0021059355,1000,262,0,validation
0.0014043861,0.0026968545,0.0027684215,0.0018435386,0.46447146,0.520613,0.0018841672,0.0043182094,1001,774,0,validation
0.002081951,0.0019169452,0.0012993945,0.0013297889,0.0010254722,0.0020077548,0.9885754,0.0017633802,1002,818,0,validation
0.0013104114,0.0007858779,0.0013967073,0.0017368327,0.00641689,0.984461,0.0024843533,0.0014079277,1003,261,0,validation
0.0029550663,0.0012451791,0.98833615,0.0028117711,0.0017618854,0.00078108656,0.0014301026,0.0006787583,1004,939,0,validation
0.002471254,0.0014976838,0.98878074,0.0026117356,0.0016894464,0.0007157841,0.001288259,0.00094511267,1005,1007,0,validation
0.984592,0.0040546004,0.0028525225,0.0013179895,0.0012528269,0.0013775848,0.001643012,0.002909463,1006,194,0,validation
0.014422669,0.0023997214,0.9653887,0.010501288,0.002362682,0.0012072113,0.002563839,0.0011538498,1007,156,0,validation
0.98644084,0.0034007644,0.0036602307,0.0011819522,0.0011285255,0.001044922,0.0016708536,0.0014718944,1008,531,0,validation
0.024977308,0.9616613,0.003966289,0.0013120773,0.0035825619,0.0015140652,0.0012829904,0.00170336,1009,692,0,validation
0.0028615368,0.0012371385,0.98894006,0.00236553,0.00165809,0.00073589024,0.0014807619,0.00072104036,1010,388,0,validation
0.015105437,0.0023300864,0.9462477,0.009670877,0.018446034,0.0039245775,0.0026794143,0.0015959007,1011,666,1,validation
0.0021360067,0.9906437,0.0010940146,0.0014043656,0.0016875699,0.0009078718,0.0011587983,0.00096761825,1012,458,1,validation
0.029722499,0.003555123,0.9425086,0.014783608,0.0032192746,0.0015581489,0.0032959473,0.0013567521,1013,778,0,validation
0.0006770742,0.0011295304,0.0011404632,0.0011835435,0.09686196,0.895712,0.0013883063,0.0019071362,1014,730,0,validation
0.9880983,0.0023761343,0.0029959339,0.0011609202,0.00096124754,0.0010196374,0.0015443115,0.0018435026,1015,102,0,validation
0.51846164,0.005089188,0.44129208,0.017484698,0.0041956203,0.003603736,0.0064686807,0.0034043025,1016,541,0,validation
0.0038542736,0.0015539041,0.9871962,0.002720787,0.0014946702,0.0007305443,0.0017015173,0.0007481119,1017,376,0,validation
0.98478204,0.004434747,0.0025251408,0.0014334255,0.0012930174,0.0013500607,0.0014171661,0.0027643414,1018,1,0,validation
0.0025197132,0.001385644,0.989127,0.0024305754,0.0016465078,0.0007393429,0.0014092255,0.0007420115,1019,977,0,validation
0.9877413,0.0026268847,0.0039506145,0.0011288316,0.0010318307,0.00089453236,0.0013019384,0.0013241705,1020,1002,0,validation
0.0024118545,0.0014512367,0.9891221,0.002527162,0.0015855638,0.0007460794,0.0013352631,0.00082065485,1021,537,0,validation
0.5448956,0.016132876,0.41121924,0.014173762,0.0044857357,0.0024798692,0.0042585176,0.0023544324,1022,878,0,validation
0.004108701,0.0014338655,0.9864457,0.0033451815,0.0015768746,0.00071431516,0.0015402354,0.0008351111,1023,78,0,validation
0.009526313,0.0018953591,0.9731314,0.008939081,0.0022795263,0.0010563271,0.0020821837,0.0010897812,1024,198,0,validation
0.4609142,0.5140356,0.0066422853,0.0023835169,0.00526352,0.0028003387,0.0034832072,0.0044773743,1025,34,0,validation
0.0030083754,0.9902265,0.0012408331,0.0010431099,0.0018229926,0.0008384821,0.0011140743,0.0007055932,1026,734,0,validation
0.071547225,0.004576571,0.8919163,0.020296125,0.003798391,0.0020292283,0.0037758672,0.0020603093,1027,485,0,validation
0.0030591474,0.009098151,0.0020652052,0.0043788454,0.07087721,0.33409402,0.008680307,0.5677471,1028,996,1,validation
0.0027888676,0.0013448655,0.9887677,0.0025142557,0.0016243911,0.00068965874,0.0015703471,0.0006998469,1029,89,0,validation
0.8433175,0.0047483817,0.12918591,0.0060473285,0.0041537993,0.0026566088,0.0070008016,0.0028897151,1030,848,2,validation
0.9845063,0.0037657954,0.0022997947,0.0014665884,0.0013479036,0.0014376041,0.002378632,0.0027974476,1031,540,0,validation
0.015102463,0.0026405738,0.9661757,0.009284804,0.0023663382,0.001003008,0.002310374,0.001116771,1032,735,0,validation
0.0017184464,0.0024377902,0.0010616868,0.0012349719,0.001236238,0.0020661603,0.98836446,0.0018802925,1033,234,0,validation
0.0024352616,0.0011857029,0.9894795,0.0025003646,0.0016216786,0.0007224096,0.0013084735,0.00074658456,1034,13,0,validation
0.580346,0.0049067833,0.35851175,0.010954153,0.026367089,0.0070086922,0.0059213014,0.005984233,1035,305,1,validation
0.9873871,0.0029041406,0.0037003222,0.0011799468,0.0009722306,0.00092283107,0.0013589337,0.0015744662,1036,573,0,validation
0.98510855,0.0032135604,0.005365773,0.0015158325,0.000921786,0.0008963059,0.0013888308,0.0015894206,1037,375,0,validation
0.97554475,0.010109022,0.0022326289,0.0017569814,0.0018119484,0.0023277698,0.0024963678,0.0037205033,1038,159,0,validation
0.0029964196,0.0013860934,0.9885334,0.0024766985,0.0016403452,0.00076287106,0.0014348672,0.0007693696,1039,796,0,validation
0.0016030477,0.0020326222,0.0005954472,0.002764535,0.0011820877,0.005078395,0.0030557946,0.983688,1040,20,0,validation
0.006202027,0.0016884127,0.98184764,0.005354342,0.0015886064,0.0008601084,0.0017106946,0.0007481162,1041,614,0,validation
0.984821,0.0028002213,0.0038331323,0.0013751326,0.0012008335,0.0018153422,0.0016270753,0.0025270884,1042,787,0,validation
0.0029920903,0.0013336776,0.988653,0.0024595207,0.0015996639,0.00071659527,0.0014545129,0.0007909506,1043,538,0,validation
0.01150936,0.0026066606,0.9679291,0.011397337,0.0022035667,0.0010502572,0.0020127203,0.0012910016,1044,985,0,validation
0.98869914,0.0025156345,0.0034961668,0.0009671218,0.00087581936,0.0008295465,0.0013233776,0.0012932209,1045,652,0,validation
0.003199101,0.0012463123,0.98834074,0.0027044234,0.0015423491,0.0007035717,0.0015076726,0.0007559482,1046,903,0,validation
0.0029579613,0.0015113875,0.9884024,0.0025410347,0.0015921069,0.0007664432,0.0014118912,0.0008166932,1047,182,0,validation
0.98278344,0.0047656554,0.0026340883,0.0014288065,0.0012671273,0.0014869072,0.0016241146,0.0040098634,1048,921,0,validation
0.0025498907,0.0014527419,0.98911405,0.0025004912,0.0015297951,0.00071255676,0.0013781174,0.00076230615,1049,664,0,validation
0.98611116,0.0038494517,0.0025253678,0.0012466712,0.0012703488,0.001339754,0.0014398473,0.0022174036,1050,487,0,validation
0.002323342,0.0012280759,0.9895103,0.0024182976,0.0016859502,0.00075558614,0.0013557828,0.0007226612,1051,457,0,validation
0.9790522,0.0066033634,0.006648274,0.0013213183,0.0016687823,0.0012400799,0.0017631594,0.0017028722,1052,812,0,validation
0.97949743,0.0028828701,0.009264881,0.0033273525,0.00096542,0.0007561632,0.0019500086,0.0013557634,1053,706,0,validation
0.0018368827,0.9885675,0.0012235863,0.0017716112,0.0028843568,0.0012740295,0.0013164874,0.0011254974,1054,245,0,validation
0.0024105888,0.0015045096,0.9892368,0.0022608864,0.0016372255,0.00074066565,0.0014253509,0.000783962,1055,21,0,validation
0.0025099895,0.001126261,0.9890593,0.0027277959,0.0016251375,0.0007974076,0.0014570599,0.0006969006,1056,444,0,validation
0.010509907,0.0024332851,0.96722966,0.0126044275,0.0027449303,0.0010034915,0.0021258981,0.0013482877,1057,268,0,validation
0.0027452747,0.0012166842,0.9887504,0.002657,0.0015794364,0.0007819709,0.0014058077,0.00086345396,1058,901,0,validation
0.9159512,0.0034187837,0.06814569,0.0048700916,0.002128849,0.001478569,0.0023953815,0.0016114622,1059,373,1,validation
0.0031216263,0.0015621355,0.9883553,0.0022522938,0.0016786621,0.00072097976,0.0015788553,0.00073029555,1060,764,0,validation
0.0016207253,0.0017118255,0.00077849807,0.0035803737,0.0011542635,0.004530957,0.0023096434,0.9843137,1061,332,0,validation
0.004248541,0.005108348,0.0010149537,0.018846689,0.0019458493,0.008087199,0.053954575,0.9067938,1062,728,0,validation
0.0023789103,0.0014953231,0.9893003,0.002307711,0.0016004068,0.0006894656,0.0014232513,0.0008046663,1063,127,0,validation
0.0013420444,0.0019657982,0.0031135066,0.0010432701,0.95217353,0.037590884,0.0012575854,0.0015134623,1064,827,0,validation
0.00236994,0.0012201203,0.9894944,0.0025038277,0.001576887,0.00073284545,0.0013358218,0.0007660902,1065,85,0,validation
0.98701906,0.003405948,0.0029530043,0.0010316605,0.0011965065,0.0010725599,0.0014499718,0.0018712867,1066,319,0,validation
0.0013775289,0.0018434947,0.0034925728,0.0010034781,0.9343798,0.055326957,0.0011624303,0.0014137516,1067,451,0,validation
0.9884361,0.0025549014,0.003384359,0.0011123915,0.0008908646,0.0008641641,0.0012335394,0.0015236574,1068,118,0,validation
0.0014108795,0.002083475,0.000683767,0.0030550421,0.0013820438,0.0041117454,0.0023668404,0.98490626,1069,983,0,validation
0.002395029,0.0013018418,0.9891422,0.002826533,0.0015593484,0.00074142514,0.0012192365,0.0008143805,1070,816,0,validation
