0,1,2,3,4,5,6,7,identifier,split
0.98850864,0.00025473326,0.00024161352,0.00029233648,0.0011086244,0.0093019465,0.000110087065,0.00018192468,0,test
0.9868506,0.0003396261,0.0002513298,0.00037654967,0.0012465083,0.0105602,0.00012981918,0.00024533056,1,test
0.021026896,0.0007061764,0.007155006,0.0041905083,0.0028833384,0.9256627,0.014079332,0.024296004,2,test
0.0058011715,0.0005473074,0.0033579716,0.0036875145,0.0006183053,0.979646,0.0050420854,0.0012995645,3,test
0.97972643,0.00058145844,0.00074590073,0.0010240712,0.0018317836,0.01522899,0.00026985793,0.0005914981,4,test
0.00085287454,0.0003582151,0.9931578,0.0036978812,0.0007921546,0.00054064114,0.00025286086,0.00034744886,5,test
0.00080288376,0.0004532912,0.99385744,0.0025782103,0.00085483,0.00065776653,0.00036325664,0.00043235076,6,test
0.0013327571,0.00071101054,0.9906313,0.0040522767,0.001126114,0.0009224069,0.0005734238,0.00065070356,7,test
0.9746773,0.0005545552,0.0006326928,0.0012510212,0.0018448532,0.019350257,0.0006955196,0.0009937802,8,test
0.0008210459,0.00030080782,0.993775,0.0029544828,0.00071713084,0.00069410296,0.00032960862,0.00040780666,9,test
0.00065471954,0.00027779533,0.99459344,0.0023536994,0.00078527426,0.00066381897,0.000305366,0.00036589443,10,test
0.0006347298,0.00029865638,0.99530053,0.0020523677,0.0006489029,0.000459934,0.00022787109,0.00037686754,11,test
0.98745465,0.00025970078,0.00019698426,0.00027873545,0.0011597985,0.010237382,0.00016169276,0.00025104417,12,test
0.985614,0.00061468536,0.00043919092,0.00054317183,0.0020679794,0.0101219695,0.00023053034,0.00036843226,13,test
0.00060714246,0.00023420113,0.99504256,0.0020966972,0.0006884296,0.00064472266,0.00027458812,0.00041166344,14,test
0.0009119026,0.00038466908,0.99293935,0.0031108793,0.00084832043,0.00084725406,0.00040045936,0.0005571643,15,test
0.0011340348,0.0008843533,0.9908516,0.0038736216,0.0010746794,0.0009875059,0.00064072234,0.0005535543,16,test
0.00046040167,0.00019875613,0.9961725,0.0015070249,0.0005892492,0.0004857687,0.00028840106,0.00029781339,17,test
0.9766555,0.0007208974,0.00069927506,0.0010764069,0.0019504777,0.017943071,0.00037522503,0.0005791588,18,test
0.08621105,0.019012341,0.04420941,0.055828124,0.1294007,0.41652733,0.037529472,0.21128158,19,test
0.982508,0.00040168443,0.00028773627,0.0004886774,0.0020275526,0.013824138,0.0001785001,0.00028371983,20,test
0.06440286,0.0059741703,0.8866691,0.021252906,0.008183114,0.0055924766,0.0041603222,0.0037650855,21,test
0.98537344,0.000304316,0.00040379426,0.000423229,0.0010604496,0.011869684,0.0001990207,0.00036608562,22,test
0.0006510495,0.0003313595,0.994679,0.0021669033,0.00073686586,0.0007660162,0.00028575005,0.00038303292,23,test
0.0002758162,5.468882e-07,0.0009251916,4.681746e-05,0.0006881541,0.0011265575,0.0032472156,0.99368966,24,test
0.00081412174,0.00038381096,0.9940002,0.0026513003,0.00078352774,0.00062144204,0.00033868305,0.00040701876,25,test
0.00093783624,0.00031612124,0.99315095,0.0031029028,0.0007476533,0.0008163354,0.00041813112,0.00051006785,26,test
0.00074734207,0.00040625033,0.99404526,0.0024687254,0.0008440492,0.000749405,0.00031091907,0.00042792736,27,test
0.0008081167,0.00030096088,0.99398875,0.0027157378,0.0006904118,0.00072974403,0.00030698813,0.0004592687,28,test
0.0008068025,0.00034529026,0.9938525,0.0026501075,0.0007661356,0.0008053503,0.00030705082,0.0004667404,29,test
0.98651034,0.0002347194,0.00016033699,0.00025962616,0.00093968207,0.011557108,0.00012805275,0.00021025169,30,test
0.0011585591,0.00047847664,0.9921848,0.0034430756,0.0008680646,0.0008460936,0.00042816662,0.00059284095,31,test
1.0608326e-05,3.0959687e-05,0.00040254375,3.9593006e-06,0.000119759825,0.00075866876,0.99855465,0.00011878841,32,test
0.0013636145,0.0006400022,0.9906137,0.0040705465,0.001095777,0.0010007105,0.00059540325,0.00062032207,33,test
0.001041445,0.0004641733,0.9923361,0.0033057856,0.0008782153,0.0009650539,0.00049171416,0.0005174661,34,test
0.00056235725,0.00027673977,0.99546355,0.001773784,0.0006496696,0.00061243185,0.00028763266,0.0003738282,35,test
0.0006224038,0.00028518436,0.99491537,0.0021614467,0.0008342563,0.00054478896,0.00027052674,0.00036602022,36,test
0.0004491034,0.00020343611,0.99588263,0.001474011,0.00058092497,0.0006150918,0.00039083912,0.00040407988,37,test
0.00073814776,0.0003256536,0.99400616,0.002496942,0.0007981577,0.0007422413,0.0003387673,0.0005539776,38,test
0.9850161,0.00014223933,0.00017318246,0.00024280304,0.0013002132,0.012735475,0.000113844646,0.00027610734,39,test
0.98545223,0.00026899186,0.00024109353,0.0003223614,0.0009138704,0.012248863,0.00019447136,0.00035809734,40,test
0.98539275,0.00041813098,0.00031430606,0.00048194831,0.0015850202,0.011353618,0.00013205037,0.0003222291,41,test
0.0008487171,0.00033601103,0.99371535,0.0027360131,0.0007700481,0.0007172652,0.0003683023,0.0005083377,42,test
0.0012565764,0.000517369,0.99230427,0.003240756,0.00100137,0.00076734234,0.00041504408,0.0004971524,43,test
0.9848113,0.00037877425,0.00040645924,0.00056697865,0.001624913,0.011524711,0.00022668064,0.000460203,44,test
0.00072443485,0.0003570312,0.9944887,0.0024289899,0.000838308,0.00059023435,0.00022611965,0.00034617097,45,test
0.0010777848,0.0005251484,0.9925484,0.002943252,0.0009186827,0.000976709,0.0005053418,0.00050468993,46,test
0.00015543807,1.8832425e-07,0.0010903854,8.534724e-06,0.00025142226,0.001627942,0.0021458985,0.9947202,47,test
0.9850867,0.0003398547,0.00027325936,0.00043455893,0.0013787928,0.0120401075,0.0001430699,0.00030378476,48,test
0.001253062,0.000556874,0.991121,0.0042709205,0.0011679494,0.00074392476,0.00041342943,0.00047283777,49,test
0.00060845684,0.00030167168,0.9948571,0.001978984,0.00070973113,0.00070963975,0.00040036798,0.00043402627,50,test
0.00039880848,0.00018310598,0.9957152,0.0018473658,0.00059342803,0.0005958729,0.00031179027,0.00035439112,51,test
0.00067161507,0.00033202014,0.99494594,0.0019880245,0.0007002993,0.00065191457,0.00029752584,0.00041260777,52,test
0.9836083,0.00058022316,0.0003772035,0.00050394994,0.001839728,0.012440783,0.00025915218,0.0003906094,53,test
0.0012899179,0.00070014334,0.9913737,0.0035765364,0.00094250124,0.0010171352,0.00059420534,0.00050578313,54,test
0.00087211316,0.00046569976,0.9930345,0.0029910197,0.0010106767,0.0007872074,0.00034977953,0.0004889777,55,test
0.98334855,0.0005798713,0.00058039365,0.000630684,0.0019967593,0.012142189,0.00025317623,0.0004683872,56,test
0.00080447475,0.00037292254,0.9938643,0.002415848,0.0010125326,0.00076502387,0.00028679727,0.00047816552,57,test
0.002039407,0.00018979193,0.00046449038,0.00055670255,0.99646795,3.849347e-05,2.1773028e-05,0.00022136551,58,test
0.8500336,0.005432717,0.055704948,0.016924974,0.0143518485,0.04462789,0.0045257816,0.008398275,59,test
0.00042051775,0.0002247968,0.99636996,0.0015845138,0.00067511015,0.0003210306,0.00018721957,0.00021695763,60,test
0.0019691982,0.00032998613,0.9902739,0.004772815,0.0006956794,0.0009391241,0.00045887628,0.0005604839,61,test
0.0013014264,0.0007249344,0.9895124,0.0052750492,0.0014171216,0.0007722717,0.0004995788,0.000497212,62,test
0.0008677309,0.00041361782,0.9930252,0.0030397999,0.0010189137,0.00077685295,0.00041808694,0.00043980518,63,test
0.0006156994,0.00021189456,0.9951769,0.0021412242,0.0005865451,0.00062703097,0.0002633512,0.00037728244,64,test
0.00094695296,0.00049907935,0.99255776,0.0030428756,0.0010980635,0.0008425419,0.00045340593,0.0005593916,65,test
0.0009474258,0.0003836436,0.99250185,0.0039228043,0.0008979535,0.0006101982,0.00029914133,0.00043701808,66,test
0.0008515003,0.00036652954,0.99366564,0.0026898258,0.0008729805,0.0007536954,0.00031357183,0.00048625117,67,test
0.0028873517,1.556278e-05,0.004712955,0.00036958963,0.0037464553,0.0046240273,0.0090507725,0.9745933,68,test
0.00051588385,0.0002437931,0.9949292,0.0020419555,0.0006654041,0.0007152373,0.0003459613,0.00054258737,69,test
0.98807526,0.00020741235,0.00016727898,0.00026545653,0.0011888735,0.009758916,0.000115445226,0.00022136066,70,test
0.0010467492,0.0005135674,0.9922134,0.003188332,0.0009780031,0.000954763,0.0005492112,0.00055600086,71,test
0.9856098,0.00030561036,0.0002400349,0.00032445672,0.0009276163,0.012177802,0.0001279687,0.00028674494,72,test
0.0005097937,0.000367774,0.99481165,0.0020641608,0.0010471027,0.0005113397,0.00032615132,0.00036209114,73,test
0.13052215,0.0074245576,0.0025821163,0.00443902,0.005537233,0.83674616,0.005843213,0.006905464,74,test
2.2262893e-06,0.9997774,5.592526e-06,8.714762e-06,0.00013389972,5.526615e-05,1.607147e-05,8.35895e-07,75,test
0.0001030403,7.764345e-08,0.00052739785,7.167511e-06,0.00029671038,0.00054959935,0.003397416,0.9951186,76,test
0.7076327,0.0080913985,0.15850422,0.030533189,0.018943785,0.055536807,0.0070092157,0.013748693,77,test
0.98656905,0.00060833176,0.00047029598,0.00052279735,0.0016822427,0.009575017,0.0001822947,0.00038990378,78,test
2.3645057e-06,0.9997999,5.2667833e-06,8.0467935e-06,0.00013129305,4.0238956e-05,1.2085036e-05,7.332445e-07,79,test
0.0009721815,0.00036198928,0.9932569,0.0030359097,0.0007434051,0.00084891357,0.00034154035,0.0004392373,80,test
0.0012860226,8.685637e-05,0.00033707355,0.0004250122,0.9976336,1.5725564e-05,1.6650614e-05,0.00019905259,81,test
0.9853234,0.00018415129,0.00021059538,0.000367889,0.0008763388,0.012667051,0.00012657593,0.00024395264,82,test
0.9873356,0.0001979127,0.0001505122,0.00026143322,0.0012737561,0.010378388,0.00015230456,0.000250005,83,test
0.9845489,0.00017473003,0.00015713103,0.0001992192,0.00074751105,0.013843457,0.000102843165,0.00022611767,84,test
0.006648602,0.00096962554,0.0016613976,0.00076719275,0.98881906,0.0005735004,0.00012035136,0.00044038132,85,test
0.98382634,0.00021969357,0.00029789243,0.000390813,0.001191164,0.013617376,0.00015799009,0.00029880516,86,test
0.97988063,0.0009039777,0.0010741221,0.001001157,0.0025346295,0.013597367,0.0003944699,0.0006136771,87,test
0.000937788,0.00038472906,0.9927538,0.0033408315,0.0008677565,0.0008610758,0.00031544804,0.00053855433,88,test
0.9870106,0.00027946514,0.00021377185,0.00031265288,0.0011031688,0.010747946,0.00011482786,0.00021746798,89,test
0.0008583735,0.00047061997,0.99398166,0.0023855716,0.0008480864,0.0006585659,0.0003728128,0.000424432,90,test
0.00084794813,0.00032091,0.99375945,0.002753276,0.00069420424,0.0008174703,0.00033829184,0.00046839332,91,test
0.00066877116,0.00037401044,0.99456644,0.0021931895,0.0008183269,0.0006756781,0.00030884493,0.0003946986,92,test
0.98489505,0.0002734051,0.00027479758,0.00039352314,0.0011300801,0.012531336,0.00017358526,0.00032824196,93,test
0.9855327,0.0003828889,0.0002971153,0.00042250112,0.0013044867,0.011609268,0.00014009836,0.0003110833,94,test
0.0012175702,0.0005357748,0.9916483,0.003644009,0.0010506572,0.0008321864,0.00044150327,0.0006298568,95,test
0.0006672122,0.0002678846,0.9943667,0.0030916731,0.0006476202,0.00047414788,0.00019667049,0.00028811092,96,test
3.6383249e-06,0.99971825,9.693985e-06,4.9442438e-06,0.00018650529,4.787861e-05,2.7911505e-05,1.1035455e-06,97,test
0.0021982302,0.0007016314,0.0010460237,0.001129754,0.00016946932,0.9924827,0.0016100629,0.00066204235,98,test
0.98590183,0.0004471361,0.0003605309,0.00045462447,0.0018871976,0.010505093,0.00017251575,0.0002711733,99,test
0.9866796,0.00035233353,0.0002703828,0.00034977956,0.0012061241,0.010752598,0.00013375438,0.0002554536,100,test
0.0007380234,0.00028637855,0.9945327,0.0025086778,0.0006617788,0.0006366034,0.0002656276,0.00037023117,101,test
0.001008156,0.00038531763,0.99251705,0.0033785664,0.0008359317,0.0009250296,0.00037565804,0.0005742602,102,test
0.0013200602,0.0010428568,0.00056668464,0.0012788272,0.00019349613,0.9914281,0.0030652615,0.0011046838,103,test
0.00078910525,0.95374817,0.012073932,0.000711513,0.0068555023,0.006623892,0.015477442,0.0037204002,104,test
0.00063414755,2.5783743e-06,0.0012138081,3.9232567e-05,0.0014063786,0.0019028827,0.0033640289,0.991437,105,test
0.002332625,0.00011240303,0.0003306183,0.00043499947,0.99647045,3.2535027e-05,2.5618188e-05,0.00026077998,106,test
0.00071698584,0.000348946,0.9942642,0.0025550637,0.0008617453,0.00063094066,0.00024769202,0.00037439508,107,test
0.00020232423,6.125867e-07,0.002261593,4.5507433e-05,0.0006989588,0.0013791855,0.00464165,0.9907703,108,test
0.005693939,0.00026365192,0.0009866065,0.00062452693,0.00012395086,0.989606,0.0013808577,0.0013204761,109,test
0.0010241548,0.00044344994,0.9924954,0.003417387,0.00097221666,0.00079614774,0.00038399358,0.00046722888,110,test
0.8155068,0.0040587424,0.08303248,0.03995713,0.026344256,0.021641668,0.002194961,0.0072639966,111,test
0.977745,0.0006106394,0.00066626695,0.00094856025,0.002148684,0.017221238,0.00027063163,0.00038896865,112,test
0.00055371167,0.00030467796,0.99477625,0.002274102,0.00083579833,0.00058504415,0.00032738902,0.00034299245,113,test
0.00068299554,0.0002529974,0.9949798,0.0020174289,0.0007177938,0.0006704917,0.0002617952,0.00041670605,114,test
0.9846132,0.00039246748,0.00031628975,0.00044199926,0.0015324185,0.0122459745,0.00015182595,0.0003057842,115,test
0.0075941756,0.0026996539,0.9133326,0.008241391,0.007584278,0.043081965,0.01193357,0.0055324403,116,test
0.9841866,0.00044802652,0.00032802523,0.0004912323,0.0017915046,0.012237786,0.0001732977,0.0003435019,117,test
0.98638827,0.0002827245,0.00025554653,0.00035576124,0.0011295242,0.011152169,0.0001504147,0.0002856216,118,test
0.985957,0.0003586014,0.00021872178,0.00034937327,0.0011518054,0.0115740625,0.00014167171,0.00024870207,119,test
0.016138611,0.0013432067,0.022912124,0.001838762,0.0069822124,0.4333612,0.056371745,0.4610522,120,test
0.0010065923,0.00043268935,0.9929402,0.0027637545,0.0009263458,0.0010391512,0.00030375505,0.0005874978,121,test
0.000497108,0.00028009177,0.99615544,0.0008798123,0.0005351478,0.0009513121,0.00030527357,0.00039576984,122,test
0.9837826,0.000109237626,0.00011743741,0.00021349375,0.0010304846,0.014415125,0.0001234653,0.0002080984,123,test
0.081417955,0.010044857,0.088193014,0.009427981,0.72655773,0.03559026,0.015058085,0.03371015,124,test
0.9863413,0.0001548331,0.00018530885,0.00028216318,0.0009933092,0.011675642,0.00015821928,0.00020909996,125,test
0.0007153935,0.00037479092,0.9951664,0.0013181617,0.00073304016,0.0010977079,0.0002540948,0.0003404157,126,test
0.9874358,7.894635e-05,7.417391e-05,0.00015913085,0.0006707608,0.011387351,6.923693e-05,0.0001246065,127,test
0.0004302837,0.00032417953,0.9955705,0.0008803999,0.00057646865,0.0013544683,0.0004401628,0.0004235845,128,test
0.00062007486,0.00038609406,0.99463224,0.0023029547,0.00087368296,0.00063055207,0.00020621113,0.0003482733,129,test
0.00078217796,0.00041411907,0.9943357,0.002287044,0.0008094812,0.00067790115,0.00027553635,0.0004179888,130,test
0.0014746056,0.0005119192,0.9897967,0.005102559,0.0010032177,0.0009171721,0.0005852924,0.0006085832,131,test
0.9864739,0.00014765728,0.00013963814,0.0002447115,0.0012688525,0.011409341,0.00012754212,0.00018835145,132,test
0.00066056655,0.00037393742,0.99512464,0.0016039954,0.00070909614,0.00076153205,0.0002911292,0.00047511692,133,test
0.0006277142,0.00041730647,0.9949516,0.0012067807,0.0007506246,0.0012786553,0.00037738789,0.00038990684,134,test
0.56802285,0.311758,0.055288497,0.006595212,0.032778,0.019816387,0.0042937067,0.0014473285,135,test
0.0010154947,0.00041895593,0.99349326,0.0026241054,0.00077317527,0.0008880173,0.00034839055,0.0004385264,136,test
0.001059405,0.00048598202,0.99225414,0.003687721,0.0010557948,0.00069143943,0.00032052997,0.0004449787,137,test
0.0006041803,0.00039568605,0.9949886,0.0021673786,0.0007836662,0.00052490976,0.00020314495,0.00033234453,138,test
0.0006422529,0.00032056225,0.99564254,0.0011530708,0.0005968886,0.0009794193,0.00024954797,0.000415625,139,test
0.0007425086,0.00033958652,0.9944871,0.00217299,0.0007567505,0.00079398917,0.0002818768,0.0004251991,140,test
0.98756963,0.00013729128,0.000111555404,0.00020058174,0.0011316058,0.010549864,0.00011816042,0.00018132354,141,test
0.001097348,0.00062172057,0.99229467,0.0026517964,0.0011094814,0.001038365,0.00051968027,0.00066701544,142,test
0.0009212979,0.00052660593,0.99322987,0.0024744342,0.00094223063,0.0009613181,0.0003787401,0.00056549336,143,test
0.98265153,0.00045918368,0.00032665516,0.0005269957,0.0019183821,0.013690284,0.00019603768,0.0002309437,144,test
0.00041201053,0.00028339532,0.9964168,0.0008281227,0.00060863426,0.00075193006,0.00032823838,0.00037079302,145,test
1.2168742e-06,0.9998412,5.322235e-06,3.908534e-06,0.00011099143,2.6514383e-05,1.03265975e-05,4.890933e-07,146,test
0.0009760473,0.00041789835,0.99382704,0.00220716,0.0008161984,0.00095870404,0.00032256485,0.0004742683,147,test
0.001450156,0.0005982499,0.9911857,0.0032442934,0.0011773871,0.0013797045,0.00037969803,0.00058494264,148,test
0.9845241,0.00015681703,0.00012748891,0.000300129,0.001417964,0.013102328,0.00012782919,0.00024336687,149,test
0.9778932,0.00067418854,0.00052941387,0.0011201141,0.003155535,0.015554606,0.00033057065,0.0007424492,150,test
0.98651296,0.00045303535,0.00019055544,0.00039602138,0.0018720233,0.009998231,0.00020558771,0.00037153478,151,test
0.98930603,0.00029570027,0.00016654171,0.0002254569,0.0012647065,0.008390136,0.00015394088,0.00019745901,152,test
0.9856269,0.0002487912,0.00020688931,0.00035436824,0.0020178542,0.011096956,0.00015035119,0.00029796126,153,test
0.000807568,0.0003790072,0.99484926,0.0015146704,0.00064683,0.0010904176,0.00027572992,0.00043643813,154,test
0.0012050495,0.00059555966,0.9920128,0.0035929484,0.0011417893,0.0006805353,0.0003352639,0.00043603234,155,test
1.0827168e-06,0.9998895,2.8190416e-06,1.4232031e-06,7.945567e-05,1.6970931e-05,8.390882e-06,3.385695e-07,156,test
0.9869048,0.00013900289,0.00011405033,0.00025019664,0.0012996356,0.011002937,9.8082e-05,0.00019130151,157,test
0.9647048,0.00086463906,0.0025173028,0.0020617337,0.003885149,0.024123095,0.0007570895,0.0010861233,158,test
0.000905798,0.00051363395,0.99321306,0.0020049135,0.0012717672,0.0011244112,0.00036487286,0.00060143333,159,test
0.00022158299,0.00025867065,0.0002093874,0.0001871685,5.0640203e-05,0.9975097,0.0012259409,0.00033686473,160,test
8.842913e-05,4.7496183e-08,0.00017607964,2.7968686e-06,0.00017090133,0.00014845037,0.0014491469,0.99796414,161,test
0.98866385,0.00019651746,0.00012447161,0.00023244116,0.0013688158,0.009108619,0.00010462486,0.0002006931,162,test
0.9862096,0.000114781295,9.760109e-05,0.00020094396,0.0011713019,0.011905616,0.00011571607,0.00018450596,163,test
0.0015396969,0.00056793814,0.99154484,0.0028423723,0.0012537085,0.0013337234,0.00045592117,0.0004618285,164,test
0.0011012658,0.0006432874,0.9917591,0.003771044,0.0012167189,0.0006554958,0.0003746573,0.00047847733,165,test
0.0013455997,9.3966264e-05,0.0001462404,0.00049182714,0.9978429,1.9810068e-05,9.6481035e-06,4.996001e-05,166,test
4.9340073e-05,3.903677e-08,0.00020680676,3.2584328e-06,0.00022698792,0.00025548626,0.0011600703,0.9980981,167,test
0.000799602,0.00036589408,0.99416524,0.002250651,0.0008146756,0.0008189365,0.00032631852,0.00045874564,168,test
0.00048272268,0.00033524874,0.9953177,0.0019135473,0.00070832187,0.00073146436,0.00022728142,0.0002837346,169,test
0.0003516281,6.752148e-05,0.0052669,2.7138967e-05,0.0012483995,0.0072587687,0.9431768,0.04260272,170,test
0.0012267377,0.0006668758,0.9908496,0.0035271249,0.0015308302,0.0010170498,0.00051004003,0.000671769,171,test
0.0007692475,0.00046401113,0.9937463,0.0027589232,0.0010712539,0.0006351965,0.00020610132,0.00034900746,172,test
0.9834082,0.00020367364,0.00012874589,0.00037881758,0.001468343,0.014068024,0.000118006836,0.00022610849,173,test
0.98859835,0.00012248315,0.000109620036,0.00032154506,0.001028746,0.009399443,0.0001525005,0.00026731612,174,test
0.0011477622,0.00066139287,0.9912156,0.0035275328,0.001169897,0.0010282338,0.00061300705,0.00063654105,175,test
0.0011024674,0.00058630976,0.9921787,0.0026589693,0.0011062637,0.0011768382,0.00043174007,0.0007587354,176,test
0.00089507137,0.0002002123,0.00091455836,0.00033724293,3.7982296e-05,0.99643683,0.0009347789,0.0002432169,177,test
0.9863085,0.00017565937,0.0001330122,0.00026848534,0.0013590017,0.011424549,0.00012708006,0.00020373793,178,test
0.000545997,0.000273497,0.99567395,0.001143308,0.00045151808,0.0012352432,0.00028854937,0.0003879092,179,test
0.98599523,0.00035695516,0.00022187176,0.00044502088,0.001954367,0.010507848,0.00019435208,0.00032438646,180,test
0.00018189441,3.504503e-07,0.00054406846,1.3653834e-05,0.0005096725,0.00042240886,0.002273032,0.996055,181,test
0.00070554076,0.00050388137,0.99467885,0.0017247844,0.0008191748,0.0007959179,0.00029967827,0.00047218768,182,test
0.00089527166,0.0004097469,0.9937196,0.0022388443,0.00089871493,0.0010114829,0.00031807087,0.00050837087,183,test
0.98883003,0.00018579396,0.00015242398,0.00020680236,0.001091729,0.009217252,0.00012082214,0.00019510147,184,test
0.0013752306,0.00080189185,0.99096197,0.003385794,0.0012349344,0.0011438678,0.00049831736,0.00059812,185,test
0.98735726,9.6562806e-05,0.00011273413,0.00017700777,0.0011859473,0.010839071,8.537866e-05,0.0001459989,186,test
0.0015473332,0.0004263359,0.9895191,0.0049603917,0.0015120781,0.0010952663,0.00043889464,0.0005004675,187,test
0.001144936,0.00018198062,0.00018038302,0.000643675,0.99769384,1.0959796e-05,2.0713574e-05,0.00012345007,188,test
0.0023758283,0.0015362025,0.98493296,0.0060320585,0.0029714797,0.000918279,0.00079175475,0.00044146364,189,test
0.0010000527,0.0004676435,0.9928515,0.0024987005,0.00090813613,0.0010879425,0.0005244045,0.00066168414,190,test
0.98975694,0.00026268538,0.00022067755,0.00030584214,0.0011135583,0.0077768415,0.0002691906,0.00029423911,191,test
0.98686975,0.00025241417,0.00015941347,0.00028264298,0.0012548148,0.010843652,0.00012492106,0.00021238363,192,test
0.00078039663,0.00024165612,0.00023735051,0.0002991643,4.4564527e-05,0.99662066,0.0011910794,0.0005850715,193,test
0.00015394844,7.685721e-08,0.00046319043,6.564442e-06,0.00025503003,0.0003714981,0.0013777816,0.9973719,194,test
0.0009478457,0.0008279716,0.99374515,0.0017404803,0.0010752911,0.0009231944,0.0003375805,0.00040243354,195,test
0.00029314242,0.00020156492,0.9970113,0.00088603696,0.00057215954,0.00051167136,0.00022511103,0.00029906188,196,test
0.09832694,0.012657898,0.010876202,0.0140746515,0.43399042,0.37751275,0.03342307,0.019138047,197,test
0.986006,0.0004151628,0.00026398565,0.00043601793,0.0019393254,0.010511295,0.00018368737,0.00024452733,198,test
0.0008645429,0.00049865263,0.9937551,0.0020449448,0.0009050978,0.0009599603,0.0004612377,0.00051045156,199,test
0.0011841161,0.00062586676,0.9912431,0.0038299502,0.0013294064,0.00081815466,0.00039486945,0.00057448,200,test
0.0005061696,0.00039296778,0.9951857,0.0016339823,0.0008301074,0.0007625635,0.00030680138,0.00038176787,201,test
0.0007587202,0.00051898445,0.9939114,0.0019741466,0.0007942018,0.0009883402,0.00046034556,0.0005938728,202,test
0.001241213,0.0005097677,0.99210477,0.0034533718,0.0011338373,0.0007231864,0.00037283255,0.00046105834,203,test
0.0006468182,0.00038339596,0.9949232,0.0016691041,0.0007530707,0.0008729565,0.00034610872,0.0004054022,204,test
0.98913795,0.00017249555,0.0001536355,0.00021949837,0.001136828,0.008881559,0.00011978948,0.00017826143,205,test
0.0010210478,0.00040273476,0.9929395,0.0028013394,0.00086619635,0.0010565451,0.00033158198,0.00058108073,206,test
0.0012493401,0.00063269626,0.99203616,0.0031914487,0.0011710319,0.00081989734,0.00030005758,0.00059937476,207,test
0.0011171076,0.0005727819,0.9918942,0.0037038547,0.0011095749,0.0007774686,0.00030109956,0.00052397617,208,test
0.9893527,0.000230429,0.00016165678,0.00021844395,0.0010460559,0.008719132,0.000115743955,0.00015591235,209,test
0.0061802953,0.001780706,0.9700464,0.007313054,0.0032945168,0.006054859,0.002294587,0.0030355449,210,test
0.98407894,0.0005400408,0.00026604053,0.00038358752,0.0020930432,0.012168534,0.0002160738,0.00025365077,211,test
0.0011012225,0.0005197227,0.99302566,0.0023762656,0.001025244,0.0012253175,0.00028374017,0.00044285218,212,test
0.99008864,8.281008e-05,8.4430474e-05,0.00011935562,0.0008127669,0.008614467,8.024315e-05,0.00011738512,213,test
0.0002763434,0.00022970341,0.00028690588,0.00011468932,3.318258e-05,0.99683553,0.0018250531,0.00039871517,214,test
0.0010576718,0.00055784755,0.9924103,0.0026190972,0.0011078016,0.0010995172,0.00045433122,0.00069346215,215,test
0.0009225764,0.00045563173,0.9932973,0.0024887123,0.00093297847,0.000990049,0.00038758386,0.0005251354,216,test
1.6156217e-06,0.9998016,5.989519e-06,1.5499485e-06,0.00015018004,2.1616532e-05,1.7040811e-05,4.772809e-07,217,test
0.9832145,0.00022461999,0.00021463195,0.0003126467,0.0015848676,0.01409304,0.00014059215,0.00021511411,218,test
0.0007522744,0.0006295785,0.99379855,0.0020954094,0.00094342756,0.0009209788,0.000410263,0.000449588,219,test
0.00078617554,0.00016839866,0.99542254,0.0021540232,0.00075689994,0.00032225277,0.00018427086,0.00020540146,220,test
0.98591226,0.00016341238,0.00014440993,0.0002608811,0.0013644192,0.011884004,0.000116139825,0.0001544539,221,test
0.0010194937,0.0005615411,0.9930941,0.0022764385,0.0010007354,0.0010569929,0.00038549662,0.0006052519,222,test
0.00074327504,0.00044577304,0.9943744,0.0018324829,0.00093370164,0.00086960377,0.00031559676,0.00048519118,223,test
0.010867494,0.0020157942,0.001371822,0.0014229502,0.9820988,0.0016797611,0.00015367949,0.0003896133,224,test
0.98750174,0.0002042803,0.00014562391,0.00023914059,0.0010685022,0.010532853,0.00011420978,0.00019370572,225,test
0.0014884071,0.0007498992,0.98985285,0.00395953,0.0013011233,0.0013125662,0.0005778095,0.000757764,226,test
0.0010367568,0.00047052783,0.993212,0.0023414756,0.0008256942,0.0011453711,0.0003919667,0.00057614443,227,test
3.738057e-05,0.00014752625,0.001057598,8.7793e-06,0.00023648824,0.0016549462,0.99624026,0.00061710796,228,test
0.0013476246,0.00091146206,0.99066776,0.0030068583,0.0014787605,0.0012020678,0.0006229695,0.0007624344,229,test
0.0014025145,0.0006766992,0.99197465,0.0033502413,0.0013628269,0.00053256826,0.0003374381,0.00036296636,230,test
0.00097195973,0.00040491656,0.9935314,0.002149521,0.00080142304,0.0012300416,0.00035499124,0.0005558291,231,test
0.97447383,0.0007239661,0.00066300045,0.00117383,0.0018929719,0.02020489,0.00030935384,0.00055816927,232,test
0.97006017,0.00075568573,0.00096479565,0.0010212411,0.0028773278,0.022851277,0.00065859326,0.0008109133,233,test
0.0015185326,0.0002000567,0.00021313236,0.000485239,0.99747485,1.7604076e-05,1.7484896e-05,7.308232e-05,234,test
0.98578566,0.0002468746,0.00023691422,0.00044401194,0.0016126076,0.011185253,0.00015240461,0.000336254,235,test
0.9863884,0.00028883907,0.0001826753,0.00028647328,0.0013933693,0.01109895,0.00016280313,0.0001984117,236,test
0.0010467725,0.00046940026,0.9924074,0.0034170023,0.0011057713,0.0007773113,0.00033860613,0.0004377763,237,test
0.0008218354,0.00035419743,0.99451256,0.0020727962,0.000707809,0.0008428361,0.00027280935,0.00041518835,238,test
0.00091275794,0.00043023087,0.9934448,0.002674422,0.0009199071,0.00088724855,0.00027256453,0.0004579806,239,test
0.9801113,0.0004765033,0.0010375377,0.00056302943,0.001598265,0.014954863,0.0007194556,0.0005390205,240,test
0.017238239,0.0046953848,0.008157836,0.9071686,0.04260369,0.007109856,0.0026043204,0.01042222,241,test
0.9851407,0.00042114538,0.00066926016,0.00029259594,0.0010507425,0.011530033,0.0005514177,0.00034415626,242,test
0.00534302,0.0014220284,0.0015489953,0.0001952402,0.99098176,4.890562e-05,0.0003333628,0.00012671779,243,test
0.00088826846,0.98567736,0.0022869443,0.0007433665,0.0065825908,0.0011054217,0.0025947352,0.00012133349,244,test
0.98760045,0.0005882464,0.000572252,0.00023062911,0.0010015396,0.00927789,0.00047631896,0.00025276685,245,test
0.98472834,0.00034973762,0.0005170783,0.00023070304,0.0009399242,0.01254538,0.00044480097,0.00024400931,246,test
0.0025398715,0.0013194277,0.98163223,0.0052739326,0.0016954687,0.0035223654,0.0025515442,0.0014652727,247,test
4.512277e-05,0.998044,0.00021419175,4.5304132e-05,0.0008602311,0.00020513755,0.0005652069,2.0804464e-05,248,test
0.98662996,0.00029091956,0.0004936542,0.00021988302,0.0007272598,0.010726141,0.0005421662,0.00037008856,249,test
0.9866985,0.00028395283,0.00033112455,0.0001438808,0.0006269247,0.011319559,0.0003713489,0.0002246526,250,test
0.981847,0.00039663276,0.0005509947,0.00029435568,0.000885731,0.015177354,0.00055141735,0.00029660662,251,test
0.0016233606,0.0007184717,0.98650163,0.0038954914,0.0010725533,0.003197625,0.0018406132,0.001150353,252,test
0.003330147,0.0013618224,0.9783438,0.0067183943,0.0017467677,0.004140524,0.0024982404,0.001860283,253,test
0.0035238757,0.00136742,0.97704834,0.006599751,0.0015886133,0.004799883,0.0030744057,0.0019976255,254,test
0.0041845674,0.0014116417,0.97736174,0.008917993,0.0017156078,0.0031005086,0.0021134014,0.0011944934,255,test
0.00287826,0.0009742665,0.9810183,0.0058514113,0.0012588088,0.0039805137,0.0024607806,0.0015776152,256,test
0.9889233,0.0005644038,0.00041898427,0.00020199655,0.000768317,0.008568388,0.00038719864,0.00016743275,257,test
0.0017902451,0.0012258454,0.985283,0.0046511875,0.001610312,0.0027253835,0.0019949563,0.00071903545,258,test
0.0020790368,0.00629593,0.0174084,0.0015071776,0.0056595295,0.020891761,0.92719185,0.018966304,259,test
0.0038412162,0.0017136855,0.9770462,0.006907763,0.0021271147,0.0039646127,0.0026594363,0.0017400165,260,test
0.002893439,0.0016404703,0.020144274,0.00045032913,0.009957611,0.026215667,0.12415082,0.81454736,261,test
0.0005618604,0.0026159666,0.0040449738,0.0002053743,0.0010872058,0.01794131,0.96871626,0.0048271534,262,test
0.0062300856,0.0037610494,0.0016488596,0.0005902722,0.9870297,0.00016990217,0.00037122826,0.0001989023,263,test
0.0025139106,0.00120329,0.98219556,0.0051932354,0.0020028353,0.0033220304,0.002304071,0.0012651755,264,test
0.006057292,0.0027270436,0.96594685,0.010348697,0.0029666752,0.0053108865,0.0040321024,0.0026104476,265,test
0.0016855533,0.0007567112,0.9854557,0.004863003,0.0011793228,0.0031583079,0.0017590186,0.0011424564,266,test
0.0031443115,0.001464186,0.9778025,0.006608449,0.0015919217,0.004729036,0.0029508187,0.0017088441,267,test
0.001248602,0.9761037,0.0024330472,0.00084000704,0.003876704,0.008167123,0.0066242088,0.00070653006,268,test
0.98289686,0.00062146643,0.0007532337,0.0003051484,0.0015697894,0.01284247,0.00063483254,0.0003761617,269,test
0.9815869,0.0005644089,0.000822927,0.00040167887,0.0013262662,0.014343141,0.0006133502,0.00034143112,270,test
0.001357743,0.0006249469,0.9881819,0.003557906,0.0012123141,0.002378536,0.0015730212,0.0011136497,271,test
0.004464966,0.0018660175,0.9749044,0.007653587,0.0029466092,0.0035281717,0.0025112464,0.0021249899,272,test
0.002125096,0.0039704805,0.009651732,0.0010026316,0.0034558428,0.020851053,0.9488649,0.010078261,273,test
0.9876841,0.00046936868,0.0005331462,0.0002283834,0.000945442,0.009491723,0.00041088674,0.00023692174,274,test
0.98692095,0.00029979736,0.0003999554,0.00020463346,0.00071348425,0.0106826555,0.00045803515,0.00032049048,275,test
0.97867304,0.0005779468,0.00065524963,0.0003997443,0.0010918865,0.017446365,0.00073533313,0.00042048487,276,test
0.0018831674,0.0006183248,0.9858293,0.004877168,0.0011354261,0.0028571384,0.0016284653,0.001171006,277,test
0.0046802694,0.0031218983,0.9672897,0.009473972,0.0037708993,0.0047109798,0.0046090004,0.002343261,278,test
0.9530003,0.0009995212,0.0028707571,0.0009435363,0.0034899202,0.03194426,0.0034446379,0.0033070964,279,test
0.0034292035,0.0014476813,0.9771352,0.006744782,0.0019791494,0.0047621853,0.0027788724,0.0017230354,280,test
0.0016916058,0.00080806075,0.9862731,0.003936272,0.0009999352,0.0031299859,0.002002254,0.001158729,281,test
0.0030026021,0.001360872,0.9806496,0.006652558,0.001931006,0.0030957668,0.0019597667,0.0013478294,282,test
0.9878584,0.00032897285,0.0003175432,0.00016468897,0.0007419993,0.010060455,0.00032588304,0.00020205844,283,test
2.6487041e-05,0.9985501,0.00013277905,2.19086e-05,0.0007735719,9.627032e-05,0.00038680213,1.2005495e-05,284,test
0.002010947,0.0010975639,0.98541254,0.003750623,0.0011106102,0.003137622,0.0019020587,0.0015780025,285,test
0.98628926,0.00047594574,0.00038094085,0.00026452274,0.0009307236,0.010888829,0.0004899849,0.00027984928,286,test
0.9812428,0.00052158255,0.0006951384,0.0003925695,0.0010967117,0.014996491,0.000647858,0.00040687167,287,test
0.9813448,0.00096566026,0.00095368427,0.0003423544,0.0015517521,0.013881941,0.0006840533,0.00027571357,288,test
0.9837648,0.0011025353,0.00084675103,0.00033757064,0.0012817949,0.011410712,0.00079971197,0.0004561167,289,test
0.0008435684,0.0002642823,0.00041175567,0.00013512747,6.220605e-05,0.9968828,0.0010861842,0.0003141125,290,test
0.0018101899,0.00017647736,0.00084834895,0.00018721835,7.43131e-05,0.9941671,0.001969352,0.0007670903,291,test
0.0034829874,0.0016507972,0.97683036,0.005945999,0.0020569095,0.0048111747,0.003349443,0.0018722616,292,test
0.0075699654,0.0014446864,0.97128063,0.010744034,0.0023885902,0.0027605451,0.0024686344,0.0013428204,293,test
0.002773335,0.0011203742,0.98035175,0.0061659445,0.0016885877,0.0038732488,0.0025037571,0.0015230784,294,test
0.0038186337,0.0014849367,0.97552127,0.007721314,0.0017470301,0.0050081164,0.003108273,0.0015904685,295,test
0.0013171051,3.5899677e-05,0.0056479583,0.00011514375,0.0018142749,0.012358488,0.010411864,0.96829915,296,test
4.4480854e-05,0.99806195,0.00020437266,4.0077288e-05,0.00094731676,0.00017743965,0.00049628515,2.8122808e-05,297,test
0.0017589302,0.0012158421,0.9819333,0.0054970053,0.0012766302,0.00432064,0.0027958897,0.0012017956,298,test
0.0017428099,1.5448906e-05,0.002973112,9.2161754e-05,0.0028479935,0.002959762,0.008057353,0.9813114,299,test
0.0016853963,0.0011386379,0.98464626,0.0050955387,0.0012675165,0.0030946825,0.0019986557,0.0010733693,300,test
0.0030143855,0.0010513751,0.97950965,0.006661189,0.0014274925,0.0042543355,0.0023900087,0.0016915122,301,test
0.0045304103,0.0018036406,0.9730409,0.008683485,0.0024571354,0.0044243997,0.003062859,0.0019971414,302,test
0.0037493987,0.0028352279,0.003512373,0.0006063166,0.9881334,8.359524e-05,0.00062019384,0.00045950687,303,test
0.0022121014,0.00095120736,0.9844039,0.004602742,0.0013467612,0.0034324666,0.0018253917,0.0012254071,304,test
0.0018552324,0.00095610216,0.9833151,0.004895404,0.0012929662,0.0036703032,0.0025754587,0.0014394217,305,test
0.0033889913,0.0015271347,0.97721946,0.0066564544,0.0023793469,0.0041488595,0.0030218197,0.0016580228,306,test
0.002847446,0.00095984474,0.98101187,0.006333465,0.00156338,0.0036832246,0.0021382123,0.001462565,307,test
0.981912,0.00089526875,0.000766476,0.0004737862,0.0012088061,0.0137893725,0.00070361316,0.0002506728,308,test
0.0018807583,0.0015831405,0.013931829,0.0010703184,0.0017618906,0.95831263,0.011881392,0.009577996,309,test
0.004305949,0.0015771573,0.9741692,0.0067895725,0.0016733173,0.0060909064,0.0037829361,0.0016108818,310,test
0.0046827556,0.0023210268,0.963888,0.011757277,0.0038124681,0.006629928,0.004903909,0.0020047398,311,test
0.0060119815,0.0053699207,0.007219457,0.959394,0.009302752,0.008111593,0.0009262251,0.0036639883,312,test
0.0006870329,0.0028353527,0.0086343065,0.00045024542,0.0014466638,0.017078523,0.9616927,0.007175157,313,test
0.0021578537,0.0011577834,0.98306435,0.00520523,0.001623233,0.003510732,0.0021330677,0.0011477823,314,test
0.0028517563,0.0013619397,0.97967875,0.0059586726,0.0018119588,0.0039795507,0.0029134927,0.0014438181,315,test
0.97790796,0.00023250408,0.0004911643,0.00031425178,0.000749758,0.01929569,0.00065989146,0.00034867995,316,test
0.002721315,0.0010202233,0.9811307,0.0060961805,0.0015958671,0.0036546977,0.002275205,0.0015057683,317,test
0.9854253,0.00032023832,0.00039700916,0.00024273372,0.00082901504,0.012105988,0.00041571158,0.00026405923,318,test
0.0046668653,0.0020990472,0.97290516,0.009439005,0.002565533,0.0038889989,0.0028096864,0.0016257782,319,test
0.0028207018,0.0012816719,0.9808841,0.0059081665,0.0017275944,0.0035112018,0.0023900117,0.0014766204,320,test
0.982884,0.0006601574,0.0005819877,0.00039107178,0.0012031869,0.0134925945,0.00053046073,0.00025658414,321,test
0.003978691,0.0019080015,0.97278893,0.0075383545,0.0025414436,0.0053134356,0.003919773,0.0020114176,322,test
0.9881643,0.00064182706,0.00043910727,0.00025453648,0.00097197754,0.008755785,0.0005250479,0.0002473552,323,test
0.0034478111,0.0017051349,0.9775914,0.007040198,0.0018000206,0.004323699,0.0024795171,0.0016122491,324,test
0.004597272,0.008354033,0.015113386,0.0004826665,0.96968853,0.00011288021,0.0013043241,0.0003469132,325,test
0.058656126,0.06767945,0.015198124,0.0038200808,0.7917362,0.049767554,0.01092911,0.0022133722,326,test
0.98702824,0.00037382063,0.00036673748,0.0002182964,0.0008291652,0.010427556,0.00049211166,0.00026412454,327,test
0.0013401707,0.0005480747,0.98901635,0.003557139,0.0010635527,0.0022180553,0.0013451416,0.0009115495,328,test
0.0064501124,0.0039293203,0.002784666,0.00041317052,0.98557633,0.00013493243,0.0005221346,0.0001893349,329,test
0.004105022,0.0016888545,0.9793091,0.0076099886,0.0020312143,0.0024725627,0.0012834828,0.0014997431,330,test
0.0038098532,0.0013719586,0.97497094,0.0076936865,0.0019053955,0.005070521,0.0031552927,0.002022361,331,test
0.005249539,0.001399506,0.9751175,0.009715993,0.0018386021,0.0033358731,0.0018277952,0.0015152361,332,test
0.0021688624,0.0011459492,0.98419094,0.004771889,0.0015580748,0.0030721668,0.002025001,0.0010670777,333,test
0.002254008,0.00090896274,0.9835212,0.005441708,0.0013822078,0.0031855924,0.0020440686,0.0012622641,334,test
0.003638889,0.0016005212,0.9771845,0.0076681334,0.0022349902,0.003504017,0.0024907724,0.0016782477,335,test
0.005628739,0.0026861704,0.9640683,0.013627637,0.0036727132,0.005564741,0.0037434457,0.0010082754,336,test
4.8552996e-05,0.9978508,0.00019460615,3.9281033e-05,0.001332601,0.00016081663,0.0003493173,2.403355e-05,337,test
0.0028709162,0.0012622626,0.9779513,0.007031113,0.0016256046,0.004570418,0.0029654137,0.0017228889,338,test
0.004281889,0.002610307,0.9655573,0.011567868,0.003452821,0.006408336,0.004400608,0.0017208627,339,test
0.98712176,0.0003373267,0.00037439747,0.00020164202,0.0010974526,0.010089706,0.00049736194,0.00028039256,340,test
0.9849161,0.00047753792,0.0005053127,0.00027517218,0.0009298419,0.011987159,0.0005603713,0.00034844055,341,test
0.9726581,0.0023981046,0.0034532014,0.0013935647,0.004248912,0.012860771,0.0016039838,0.0013834103,342,test
0.0032147104,0.0012737612,0.97732496,0.0069546755,0.0017486787,0.004525917,0.0031358812,0.0018214205,343,test
0.0044586672,0.0024640644,0.0033010393,0.00041339145,0.98819155,0.00011402979,0.0007180472,0.0003391899,344,test
0.98170596,0.0009600775,0.001062308,0.00042306015,0.0018475602,0.012884336,0.00070938497,0.000407274,345,test
0.0012409852,0.0005725831,0.9880702,0.0032606097,0.0010185485,0.002932649,0.0018548971,0.0010495617,346,test
0.0011230322,6.4315204e-06,0.0020969962,3.6085938e-05,0.0011959132,0.0023701538,0.005763614,0.9874078,347,test
0.0023668797,0.0011709125,0.9815217,0.0054588714,0.0014461535,0.0037858863,0.0029969339,0.0012527041,348,test
0.01572767,0.2559937,0.086207375,0.015078078,0.013971257,0.046941385,0.4909958,0.07508476,349,test
0.0066424594,0.010850832,0.95232594,0.008833214,0.005383439,0.0063457005,0.006655973,0.002962486,350,test
0.003921368,0.0018823714,0.97418207,0.007530287,0.0026959006,0.0044244337,0.0034949686,0.0018685618,351,test
0.054005824,0.113909505,0.28997317,0.05093744,0.02991259,0.09468834,0.23630518,0.13026795,352,test
0.98182386,0.0004994543,0.00067955005,0.00034658686,0.0011471953,0.014463084,0.00069357414,0.0003466085,353,test
0.6927007,0.017183628,0.17800318,0.023424806,0.02472942,0.04132805,0.012979484,0.009650809,354,test
0.0028818052,0.0012567195,0.9798171,0.005986746,0.001674606,0.003962282,0.0026240912,0.0017966834,355,test
0.98496073,0.00027291506,0.00043962977,0.00023185338,0.0010006255,0.012317576,0.00046894778,0.0003077628,356,test
0.0014855479,2.3146475e-05,0.009119945,0.00011598451,0.0013830009,0.013331682,0.010869045,0.96367157,357,test
0.004435761,0.002813754,0.9688103,0.008278628,0.0028724247,0.0058677457,0.004586138,0.0023352492,358,test
0.085752085,0.030774793,0.1380961,0.05978582,0.034261923,0.45002887,0.07231396,0.1289864,359,test
0.9918909,7.04487e-05,9.880709e-05,8.8071385e-05,0.00041762076,0.0072199283,0.00011852397,9.570832e-05,360,test
0.98982155,0.00025218455,0.00021404991,0.0001737996,0.00071434025,0.008550015,0.00016680051,0.0001072455,361,test
0.0010606555,0.00048096024,0.99225026,0.0022649097,0.00050978654,0.0020282057,0.00079491304,0.0006102757,362,test
0.0038305041,0.00080620055,0.97610396,0.008221207,0.0021627832,0.005457076,0.0022104078,0.0012078971,363,test
0.0011127146,0.00065879436,0.9914426,0.0026340983,0.0008686409,0.0015080184,0.0010057546,0.0007693897,364,test
0.0015119439,0.0004967941,0.99176276,0.0028051264,0.00071242265,0.0016401513,0.0006085851,0.00046216222,365,test
0.00057740026,0.0003510645,0.99493474,0.0012677192,0.0005877669,0.0011830204,0.0007493444,0.00034898455,366,test
0.9869976,0.00042063466,0.00036911137,0.00025436835,0.0013763178,0.010046317,0.0003271176,0.00020858481,367,test
5.377017e-05,4.261726e-08,0.0001622366,1.2178454e-06,7.589372e-05,0.0007671832,0.00075769954,0.99818194,368,test
0.00095271895,0.00046235978,0.99289423,0.0025426175,0.00079831824,0.001518876,0.00047916113,0.0003517766,369,test
0.0019155382,0.00080431567,0.9883559,0.003994038,0.001035946,0.0020983708,0.0010574945,0.00073842943,370,test
0.00097398163,0.00043250935,0.9932955,0.002162621,0.00056327466,0.0014691761,0.0006544384,0.000448591,371,test
0.00093878596,0.0003766436,0.99333644,0.0026891013,0.0005842447,0.0011754303,0.00054662034,0.0003527145,372,test
0.879253,0.0054709786,0.006810831,0.004382731,0.034790568,0.054681752,0.009521019,0.0050891647,373,test
0.9909841,0.00013550223,0.00012703087,9.664947e-05,0.0005275692,0.0079181995,0.00013497175,7.592126e-05,374,test
0.99020106,0.00015284639,0.00017681556,0.00016017813,0.00079606584,0.008227634,0.00016069191,0.00012471188,375,test
0.0012054075,0.0005152341,0.9919872,0.003541405,0.00077391166,0.0011525984,0.00046453837,0.00035972855,376,test
0.00082019385,0.00042394362,0.9940289,0.0021565966,0.0007566779,0.0010289273,0.00037199073,0.00041283885,377,test
0.9905337,8.811929e-05,9.036923e-05,0.00010962545,0.00051786506,0.0084475335,0.000114020804,9.867038e-05,378,test
0.98581046,0.0005666231,0.00047009686,0.00032178426,0.0017992525,0.010460918,0.00036364084,0.00020728633,379,test
0.0016489711,0.000603799,0.9891417,0.004531069,0.0011548339,0.0013739605,0.0011118986,0.0004337954,380,test
0.0013368895,0.0006360291,0.99102354,0.003600178,0.0009224805,0.0012792237,0.0007380998,0.00046352224,381,test
0.00046854172,0.0002597089,0.99626476,0.0014702249,0.0005591923,0.000555882,0.00026624277,0.00015536217,382,test
0.001047951,0.00043959208,0.99322057,0.0024349366,0.00051257893,0.001283393,0.0006129851,0.0004480347,383,test
0.98920316,0.00035713203,0.00030746346,0.00020626062,0.00096284004,0.008610897,0.00021591556,0.0001363332,384,test
0.9923259,0.000121833706,0.00012758751,0.00011997744,0.0005635255,0.0064915293,0.00012925235,0.00012035677,385,test
0.98767567,0.00034921843,0.00047495382,0.00029652752,0.0011521138,0.009468871,0.0003526699,0.00022997062,386,test
0.0006670644,6.8198297e-06,0.001018792,3.3377673e-05,0.001196712,0.0015715557,0.004213166,0.99129254,387,test
6.43148e-05,6.5793085e-07,0.0013133658,1.6909436e-06,0.00012434086,0.002663212,0.0030861904,0.9927463,388,test
0.0011380285,0.0007217879,0.99156076,0.0025191468,0.0008366729,0.0018481445,0.00071293855,0.0006625245,389,test
0.9888375,7.179942e-05,0.00013179073,0.00014742263,0.00054139964,0.010033639,0.00011797421,0.00011847911,390,test
0.033724442,0.00087444286,0.008030265,0.0021186539,0.0017844079,0.9223525,0.009083692,0.022031507,391,test
0.9827659,0.0004826963,0.0005765051,0.00047033658,0.0015721751,0.013530802,0.00035425046,0.00024717263,392,test
0.9888243,0.00018226953,0.00021175783,0.00017529074,0.000826274,0.009263229,0.0002979695,0.00021885218,393,test
0.0011068577,0.0005137269,0.99255097,0.0025509808,0.0006065991,0.0014923952,0.0006486101,0.0005298468,394,test
0.00080990605,0.000411266,0.9937994,0.0019503245,0.0006597777,0.0012166088,0.0007016215,0.00045111994,395,test
0.00073295226,0.00032254853,0.9947942,0.0017031326,0.0004216168,0.0010834094,0.0005655709,0.00037660074,396,test
0.0022845247,0.0010881217,0.9854203,0.004612328,0.0013906973,0.0028295135,0.0014017057,0.0009729101,397,test
0.000474792,0.00024130559,0.99597543,0.0012881842,0.0004545215,0.0008797314,0.0004468324,0.00023930766,398,test
0.0008262657,0.00036734567,0.9938791,0.0020834228,0.00047426802,0.0012790372,0.000643908,0.00044662433,399,test
5.472736e-06,0.99953306,2.4065988e-05,4.8737948e-06,0.0003560116,3.097129e-05,4.3382486e-05,2.1351448e-06,400,test
0.0008799918,0.0002958508,0.99367225,0.0024648663,0.00051196,0.0011848152,0.0005927798,0.00039753783,401,test
0.0005571133,0.00036754928,0.9943252,0.0020114703,0.00052160135,0.0013159026,0.0005623756,0.00033869303,402,test
0.001158155,0.0004857448,0.9925296,0.002740403,0.00061897765,0.0013970425,0.00066393975,0.00040618642,403,test
0.0009833454,0.00058146974,0.9925553,0.002075198,0.0012231824,0.0014451671,0.0006133686,0.00052288006,404,test
4.2113634e-06,0.999542,3.1023123e-05,3.6613953e-06,0.00031334336,3.8222064e-05,6.4114385e-05,3.4357795e-06,405,test
0.0012609598,0.0006156481,0.99138004,0.0026916985,0.0012982608,0.0014493847,0.0007330656,0.0005708674,406,test
0.98757786,0.00015122359,0.00013185905,0.00014327846,0.0008223009,0.01090134,0.0001666683,0.0001053478,407,test
5.7014284e-05,5.8056646e-08,0.00019118778,1.8782059e-06,0.00015800129,0.00032918146,0.0009820564,0.9982805,408,test
0.9878299,6.560696e-05,0.00015267725,0.0001571933,0.0006500127,0.010919909,0.00012085981,0.0001037699,409,test
0.0006087919,0.0002312672,0.99522024,0.0018049515,0.0004024826,0.0010113145,0.00039362095,0.00032724944,410,test
0.0011571007,0.0006131072,0.9921049,0.0032489125,0.0007764684,0.0011016618,0.00057945005,0.00041842292,411,test
0.0024096705,0.00085628935,0.9831376,0.005314462,0.001119094,0.004148832,0.0020387934,0.00097522343,412,test
3.835421e-06,0.99962056,2.1787637e-05,3.9155725e-06,0.00024386535,5.900962e-05,4.3985798e-05,3.0532105e-06,413,test
0.9900557,0.00040063387,0.00031034581,0.00022283898,0.0010435651,0.0076335394,0.00020844518,0.00012495212,414,test
0.977173,0.0005604086,0.0007555877,0.000511858,0.001852495,0.01791149,0.00071676774,0.00051830884,415,test
0.00078968465,0.0005687543,0.99391043,0.0014920675,0.0006452026,0.0014021515,0.00069165597,0.0005000317,416,test
0.00064297847,0.0005376959,0.9944336,0.0013550121,0.0006530554,0.0011810963,0.00066404464,0.00053242483,417,test
0.0010717406,0.00091821287,0.9912847,0.0018785076,0.0010624155,0.0018819583,0.0012250943,0.0006774155,418,test
0.0005808138,0.00026031857,0.99510866,0.0013793518,0.00041263615,0.0013476928,0.0005430707,0.0003673791,419,test
0.8819665,0.0044553764,0.07043047,0.0092102885,0.010184739,0.017579388,0.0032624232,0.0029108154,420,test
0.990741,0.0001106384,0.00014119442,0.00012499832,0.0005812338,0.008061741,0.00013157267,0.00010754986,421,test
0.9923137,8.824608e-05,0.00013942765,0.0001069814,0.0006584767,0.006526219,9.1767615e-05,7.52681e-05,422,test
0.0030163988,0.0016139525,0.9868788,0.0054714866,0.00096459524,0.000878739,0.00079344155,0.00038257742,423,test
6.773746e-06,0.9995728,3.3253746e-05,2.8895663e-06,0.00029004447,3.1422762e-05,6.0810304e-05,1.9488602e-06,424,test
0.99022317,0.00013507034,0.00017381193,0.00016186197,0.00042483836,0.008521628,0.00016476895,0.00019494919,425,test
0.98208874,0.00041632104,0.0009451759,0.00071173214,0.0017660474,0.0134887,0.00028927965,0.00029406336,426,test
0.0008466191,0.00037900373,0.99386865,0.002272116,0.0006094076,0.0011408748,0.00047797337,0.00040542698,427,test
0.0006200965,0.00038127508,0.9947324,0.0013881127,0.00056344486,0.0012435572,0.0006081089,0.0004630799,428,test
5.3992335e-06,0.9994373,4.2716725e-05,3.7882135e-06,0.00040290036,4.764773e-05,5.584371e-05,4.4828757e-06,429,test
0.0018838577,0.00060720864,0.9898291,0.0042751073,0.0006769242,0.0014806254,0.000813726,0.00043343913,430,test
0.99061877,0.0002059429,0.00020815083,0.00015584187,0.0008572644,0.0076591545,0.00017614373,0.00011879592,431,test
0.9948683,0.00011053885,6.945571e-05,5.6555476e-05,0.00041477557,0.0043635657,7.006865e-05,4.6863024e-05,432,test
0.0007504943,4.4890046e-05,0.00010066939,2.0177627e-05,1.4893268e-05,0.9987876,0.00019865457,8.272914e-05,433,test
0.0008620684,0.00032332496,0.99403846,0.002136302,0.0004925154,0.0012425267,0.00051458564,0.00039015964,434,test
0.98632056,0.00043347824,0.00044872187,0.0006415766,0.0017790581,0.009800721,0.00032272883,0.00025317195,435,test
0.0005698817,0.00047241763,0.99489707,0.0015370402,0.0007462578,0.0009057828,0.00052627083,0.00034533523,436,test
0.0011945633,0.0005117359,0.9917475,0.0034619726,0.0007036661,0.0013008735,0.000625964,0.00045364603,437,test
0.9904169,0.00017996407,0.0001496175,0.00014151404,0.000845818,0.007985672,0.00016787251,0.000112659895,438,test
0.00104019,0.00042677505,0.99298805,0.002525428,0.0005868174,0.0013344558,0.00064225023,0.0004560145,439,test
0.0056054173,7.8627214e-05,0.00034697662,0.00020951247,7.445326e-05,0.9925971,0.00066479057,0.0004231768,440,test
0.00091302895,0.0006811887,0.99264103,0.0022388995,0.0008480146,0.0013594727,0.0008694197,0.00044903328,441,test
0.9915878,6.130981e-05,0.000112615315,9.505398e-05,0.00037957903,0.00759502,9.77847e-05,7.0799644e-05,442,test
0.0009758453,0.0005819855,0.99316907,0.002113348,0.0007081446,0.0012969187,0.00066579465,0.000488833,443,test
0.0024739779,0.00051529583,0.00038867292,0.00029357057,0.996201,2.5100953e-05,3.93052e-05,6.3154235e-05,444,test
0.988967,0.00014581191,0.00011964525,0.00012204822,0.00073982135,0.009594963,0.00019759589,0.00011313513,445,test
0.00204162,0.0007817732,0.98761797,0.004785024,0.0010539696,0.0018902058,0.0011469041,0.0006825331,446,test
0.0018942961,0.0006983116,0.98773116,0.0050916993,0.0008564216,0.0019987263,0.0010663935,0.0006630266,447,test
0.0012567714,0.0006896483,0.9915468,0.0024128112,0.0008328939,0.0016667517,0.0009982196,0.00059608143,448,test
0.00084613747,0.00047811394,0.9932266,0.0018893991,0.00047233512,0.0016987704,0.0008536497,0.000534895,449,test
0.028651198,0.0039755325,0.015042429,0.008004336,0.01610613,0.78714794,0.022045,0.119027466,450,test
0.0015137207,0.0007965601,0.9906957,0.0027410074,0.00093393057,0.0019581113,0.00076160923,0.0005993332,451,test
0.00083405396,0.00049980945,0.9935895,0.0022462576,0.000737443,0.001202998,0.0005135528,0.00037636663,452,test
0.0018653739,0.00071319734,0.9887912,0.004553489,0.00096201285,0.0016007886,0.0009009066,0.0006129899,453,test
9.856259e-05,3.8938404e-05,6.2441075e-05,0.9990472,0.0005939141,7.695039e-05,1.268283e-05,6.932365e-05,454,test
0.9809537,0.00028320507,0.00029180062,0.0003469102,0.0020784275,0.015236664,0.00047855257,0.00033067586,455,test
0.001596801,0.00060764427,0.9898698,0.0036676545,0.00093978713,0.0018215964,0.0009329785,0.0005638847,456,test
3.99425e-06,0.00010614316,0.0004735917,2.4307953e-06,5.0762355e-05,0.0009250924,0.9982494,0.00018853958,457,test
0.9906722,6.439195e-05,8.575646e-05,0.00010738057,0.00042311,0.008466649,9.276039e-05,8.772282e-05,458,test
0.00087438175,0.00042364717,0.9935882,0.0020640695,0.000600877,0.0013599409,0.0005941482,0.0004947303,459,test
6.7633364e-06,0.9994979,3.1605803e-05,4.64253e-06,0.00035796873,4.5680637e-05,5.2619624e-05,2.889945e-06,460,test
0.00063382136,0.0004153528,0.9947201,0.0015343293,0.0005807055,0.001128136,0.00054611085,0.00044154224,461,test
0.9897106,0.0003253025,0.00026024715,0.00025632902,0.0011259706,0.007912921,0.00021798386,0.0001906571,462,test
0.0007422724,0.0003221733,0.9945746,0.0018612978,0.0004411626,0.0011143823,0.0005422732,0.0004017226,463,test
0.0012624272,0.0006193482,0.99185586,0.0025060447,0.0007784609,0.0016710565,0.00080179435,0.0005050077,464,test
0.0010310479,0.0005014497,0.9914215,0.0037210318,0.0009776667,0.0014088925,0.0005872594,0.00035109057,465,test
0.99086106,0.000113272705,0.00012094959,0.00010589366,0.00044314255,0.008102067,0.00014148034,0.0001120854,466,test
0.9885052,0.00029426577,0.00026253308,0.00020129552,0.0010774856,0.009220482,0.00024496784,0.00019379349,467,test
0.0005582977,0.00024402235,0.9953377,0.001417071,0.00044234423,0.0011317867,0.0004945634,0.00037422896,468,test
0.0017188485,0.0008268877,0.98860663,0.0039720414,0.0010538963,0.0019566468,0.0010999928,0.00076501165,469,test
0.00036909027,0.00031051692,0.9960949,0.00087092724,0.00037503702,0.0010253421,0.00062572106,0.00032841752,470,test
0.001231526,0.00066637306,0.9923024,0.0022521224,0.00073331356,0.0016127045,0.0007259091,0.00047558613,471,test
0.00041266126,0.00023629564,0.9961326,0.0010624689,0.00033524592,0.0010665641,0.00043197477,0.00032214666,472,test
0.0013708059,0.0008980064,0.98985296,0.0028712687,0.0013001076,0.0018702223,0.0010769275,0.0007595983,473,test
0.0011883373,0.0004754091,0.99155563,0.0032845314,0.00076719484,0.0014116163,0.0007903293,0.00052695954,474,test
0.0009319804,0.00044236527,0.99366933,0.0020256,0.0006001703,0.0012194823,0.00067385327,0.00043723968,475,test
0.0012994701,0.00094808004,0.99122006,0.002309651,0.00094545307,0.0016273905,0.0009636368,0.0006862187,476,test
0.001871364,0.000551079,0.9885057,0.006007982,0.0009344977,0.0010345337,0.0007631794,0.00033172977,477,test
0.0008199779,0.00036464212,0.99363774,0.0028373846,0.0007187642,0.0009596162,0.0003574098,0.0003044068,478,test
6.338844e-06,0.9995554,3.3576034e-05,3.1370398e-06,0.00026378664,5.349897e-05,7.942723e-05,4.8408474e-06,479,test
0.9877366,0.00022299802,0.00015522879,0.00019210161,0.001170265,0.01023434,0.00011928839,0.00016917569,480,test
0.0008891707,0.0003885607,0.99394304,0.0024921955,0.00060981774,0.0008221238,0.00030685926,0.0005482273,481,test
0.00023205286,4.783386e-07,0.0007181669,1.6330903e-05,0.0005069254,0.0008511474,0.0021555736,0.9955193,482,test
0.12401932,0.0020488708,0.011432039,0.02505349,0.017941792,0.75816655,0.01494138,0.046396513,483,test
2.7271922e-06,0.999726,7.1675636e-06,4.2992774e-06,0.00020842775,3.921541e-05,1.0716644e-05,1.4655482e-06,484,test
0.0012250557,0.0007008478,0.99144006,0.003828721,0.0010008902,0.00083272957,0.00042195027,0.0005497399,485,test
0.0018467426,0.0009377012,0.9889324,0.0043007657,0.0011499901,0.0014772384,0.0006851983,0.00066995184,486,test
0.0006431577,0.00033957107,0.9947542,0.0019324434,0.00070997456,0.0009006665,0.0002621673,0.00045780165,487,test
0.0001784632,1.7812268e-07,0.0003046623,7.944541e-06,0.00022645804,0.0003467876,0.0013517754,0.9975836,488,test
0.0007196899,0.00036405178,0.9948756,0.001953109,0.0004532096,0.0008705097,0.00020954928,0.00055418676,489,test
0.9873826,0.0002614848,0.00020799524,0.00022890148,0.0011127668,0.010477507,0.00013729814,0.00019140253,490,test
0.00039377663,0.00018199018,0.9965044,0.0012603351,0.00048713526,0.000644527,0.00025031265,0.0002775228,491,test
0.00091043697,0.0005352734,0.99378294,0.0022732096,0.0007247528,0.0008961715,0.00033184432,0.00054536114,492,test
0.0014503283,0.00076545205,0.99051625,0.004097854,0.001090456,0.0009893144,0.00048465823,0.000605536,493,test
0.00094682194,0.00051650254,0.9931471,0.0029984151,0.00093595404,0.0007542837,0.00026942778,0.00043145337,494,test
0.00045586622,0.00020085955,0.99648476,0.001173617,0.0005296173,0.00059823756,0.00022731454,0.00032965682,495,test
0.0002564197,0.00017741274,0.00021859362,0.00040062677,3.2250922e-05,0.9982495,0.00048964354,0.00017561593,496,test
0.0007501128,0.00038999857,0.99457186,0.0019951994,0.0007936556,0.00077812263,0.0002600695,0.0004608789,497,test
0.0010113118,0.0006562297,0.9930328,0.0025983995,0.0009989107,0.00089498627,0.00035056742,0.00045686215,498,test
0.0012057894,0.0005465075,0.9912441,0.004421612,0.0011651401,0.00057081087,0.00046038738,0.00038582276,499,test
0.000759424,0.00039958482,0.9949922,0.0017198268,0.0005644558,0.0008433097,0.00028112467,0.00044008903,500,test
0.00063972094,0.00038349334,0.9950121,0.0017031004,0.0005997435,0.00083691184,0.0003254917,0.0004993682,501,test
0.0022572516,0.00018307441,0.00021711472,0.00065583445,0.9964725,3.044479e-05,2.3591401e-05,0.00016033436,502,test
0.0009838946,0.0004235891,0.9939235,0.0023156877,0.000660652,0.00089813967,0.00031507664,0.00047942938,503,test
0.00097474555,1.6322093e-06,0.0008628683,5.3906082e-05,0.00092456763,0.0019081634,0.0037421894,0.9915319,504,test
0.99099076,0.000394548,0.00025480945,0.00021787774,0.0009275785,0.006866867,0.00016534928,0.00018211885,505,test
0.0012295917,0.00063219486,0.9920879,0.0028872227,0.00085608795,0.0011716905,0.00046147878,0.0006738869,506,test
0.0016431297,0.00080835307,0.98937315,0.0044428986,0.0011310546,0.0012323433,0.00057331857,0.000795673,507,test
0.57943374,0.0069767283,0.28474253,0.049662273,0.0150730815,0.05158065,0.0034482148,0.009082821,508,test
0.001406815,0.00067859876,0.9908953,0.0035513062,0.0010374663,0.0012106518,0.0006327487,0.00058702746,509,test
0.0007908597,0.00040510323,0.9940481,0.0021041308,0.0007247108,0.00095932983,0.00032948545,0.00063823344,510,test
0.00080975523,0.00089174055,0.0003684565,0.0006377791,0.00015163962,0.9947246,0.0013927954,0.0010233495,511,test
0.98921436,0.00020118861,0.00021430943,0.00022049158,0.0013453678,0.008540354,0.000100590136,0.00016337608,512,test
0.14264943,0.029385515,0.08459103,0.032531522,0.32393795,0.28538802,0.034660574,0.06685597,513,test
0.00082421873,0.00041516728,0.99416393,0.0021617473,0.0006665903,0.00088586716,0.00032687528,0.00055563386,514,test
0.0009195462,0.0006131275,0.9935874,0.002391842,0.0007223227,0.000925362,0.00030052738,0.000539938,515,test
0.0006278908,0.00032806603,0.99543494,0.0015047133,0.00064270047,0.00074058864,0.0003005016,0.00042061348,516,test
0.98490024,0.00029219195,0.00024777322,0.00026177484,0.0014597174,0.012398159,0.00020835327,0.00023174519,517,test
0.0009377274,0.00045143793,0.9930617,0.0031119643,0.00075604476,0.0007226483,0.00040608746,0.00055231765,518,test
0.98626035,0.0005156088,0.00034982056,0.00045085978,0.0017940088,0.00992606,0.0002979035,0.00040538816,519,test
0.0012620592,0.00058011804,0.9914528,0.0034756663,0.0010143997,0.0012050315,0.00037534832,0.00063448434,520,test
0.986522,0.00024921197,0.0002799388,0.0005268271,0.0020226128,0.0096534705,0.00024399448,0.00050192757,521,test
0.9915422,0.00019401904,0.00015576062,0.00015681198,0.00094526133,0.006833467,7.2491384e-05,9.997193e-05,522,test
0.00040589998,0.00016891648,0.9968033,0.0011423125,0.00044591594,0.0005509888,0.0002082809,0.00027447313,523,test
0.98895264,0.0001588736,0.00017709269,0.00020237663,0.00091856124,0.009309285,0.00011056789,0.00017057447,524,test
0.0012490179,7.8396613e-07,0.0009288425,3.9069124e-05,0.0003855609,0.00078203744,0.0020066139,0.99460804,525,test
0.00089201063,0.0004482739,0.9941016,0.0022620037,0.00077220873,0.0008413048,0.00028244095,0.00040023722,526,test
3.088136e-06,0.9997756,6.746274e-06,3.4980824e-06,0.00016491467,3.4947032e-05,9.742542e-06,1.5469031e-06,527,test
0.0008863982,0.00051157613,0.99380445,0.0021884828,0.00066263735,0.0010434272,0.00038530267,0.00051778444,528,test
0.0016080608,0.0002072891,0.00048620673,0.00039386709,0.99706274,3.1478325e-05,3.1660955e-05,0.00017866591,529,test
0.0011088628,0.00049405236,0.9930593,0.00263377,0.0007844317,0.0010987672,0.00032114203,0.0004997279,530,test
0.9899296,0.00023500141,0.00015453878,0.00018333827,0.0010727772,0.00818983,0.000112337286,0.00012261522,531,test
0.0004891484,0.9909083,0.000613312,0.000131435,0.006979109,0.0006461838,0.0002146791,1.7883774e-05,532,test
0.0011766473,0.0005644762,0.99243504,0.002764801,0.00090457243,0.0010079459,0.00048024717,0.0006662115,533,test
0.00024540946,2.188537e-07,0.00035221485,1.1225621e-05,0.00034225264,0.00037434572,0.001450059,0.99722433,534,test
0.9879972,0.00039158188,0.00027455646,0.00034740107,0.0014712812,0.009144549,0.00016474826,0.00020866588,535,test
0.0011506715,0.00050059956,0.9925565,0.0029918188,0.0007949657,0.0010445443,0.0003688496,0.0005921119,536,test
0.0014515646,0.0008492635,0.99019986,0.0038897437,0.001246417,0.0011877621,0.00054030673,0.00063515425,537,test
0.0009789754,0.0004963565,0.99352384,0.0023461946,0.00071539683,0.0010004442,0.00039049634,0.00054824573,538,test
0.9829086,0.00032351754,0.00051271275,0.00057644525,0.0030984979,0.011674745,0.0003433843,0.0005621599,539,test
0.00032384763,3.059329e-07,0.00024536953,1.9282605e-05,0.00034904154,0.00054755737,0.0013097998,0.9972047,540,test
0.10940159,0.0070104385,0.15362364,0.018250763,0.03169561,0.46538156,0.08425504,0.1303813,541,test
0.0009025087,0.00046063375,0.9929362,0.003075719,0.0010307021,0.00080076995,0.00035939048,0.00043416265,542,test
0.0012048791,0.0006508883,0.99232906,0.0029547892,0.0008446786,0.0009933364,0.00039573264,0.0006267147,543,test
0.0007416234,0.00033627808,0.9949538,0.0018114237,0.0005233189,0.0009140097,0.00027331823,0.00044618297,544,test
0.0011972417,0.00067111274,0.9918528,0.0028255335,0.00095496135,0.0013161064,0.0005372523,0.00064497336,545,test
0.0005873394,0.00020096394,0.008513148,6.17391e-05,0.0007104209,0.008954281,0.9682035,0.012768583,546,test
0.003358715,0.0032602903,0.0059554665,0.0004073482,0.0004463447,0.950655,0.01823929,0.017677624,547,test
0.0023643998,0.0006518774,0.98836297,0.0058401343,0.0013183596,0.00079901714,0.00022237486,0.0004409771,548,test
0.9869299,0.00035561254,0.00034095102,0.0005575534,0.0022914605,0.009026798,0.000185693,0.00031201937,549,test
0.9894493,0.00015588372,0.00014264804,0.00019162525,0.0010613621,0.008774783,8.9429195e-05,0.00013491049,550,test
0.0011033645,0.0005794707,0.9924057,0.0034156071,0.00085446384,0.00079885474,0.00036506733,0.0004774269,551,test
0.0018176008,0.000373358,0.0012447593,0.0006427316,4.906474e-05,0.9947003,0.0008886613,0.00028344692,552,test
0.0011965409,0.0005787603,0.9922829,0.0031021351,0.00088457484,0.00095561607,0.00040957186,0.0005899365,553,test
0.0011373541,0.0003831981,0.00048328555,0.00039565703,6.51514e-05,0.9961404,0.0008461453,0.0005487714,554,test
0.9881463,0.00017543536,0.00022360001,0.0002464073,0.0011717445,0.009749004,0.0001220896,0.0001654382,555,test
0.0010922254,0.0006645428,0.9922158,0.0034785334,0.00094183296,0.00077740476,0.00035616578,0.00047350343,556,test
0.98906076,0.00023965292,0.000194038,0.0001788022,0.0012139977,0.008839504,0.00012146351,0.00015184126,557,test
0.0005864099,0.0003606991,0.9949426,0.0020177776,0.0006411276,0.0007706368,0.00021360558,0.00046701802,558,test
0.00060504716,0.0003670572,0.99553704,0.0013557035,0.0005812653,0.00084447383,0.00028187208,0.00042764458,559,test
0.98950785,0.0002456702,0.00013102798,0.00025615114,0.0013526083,0.008187598,0.00012215189,0.00019703893,560,test
0.00078617444,0.00034107515,0.99480057,0.0019390484,0.00049874093,0.00087939616,0.00028966874,0.0004653203,561,test
0.00069805037,0.00034419008,0.9948749,0.0017715656,0.00068467413,0.00082950725,0.00032270112,0.00047436077,562,test
0.0010872537,0.00045997437,0.99284524,0.0030374208,0.00074703764,0.0008856984,0.00034513825,0.0005922178,563,test
0.0008710929,0.00048730813,0.993277,0.0033376438,0.0007959356,0.0005920814,0.00026118,0.00037767945,564,test
0.0006723022,0.0002953249,0.9952205,0.001798926,0.0005455587,0.00075403793,0.000267199,0.00044622578,565,test
0.0011471886,0.00054058887,0.9919776,0.003148777,0.00087277,0.0011691813,0.0005182131,0.0006256667,566,test
0.00086613174,0.00046265285,0.99359953,0.0024754982,0.00084982446,0.0008664481,0.000325657,0.0005543661,567,test
0.9873028,0.00029643794,0.00020999157,0.00024137586,0.001342535,0.010295212,0.00013364805,0.00017794901,568,test
0.9863078,0.0002535848,0.00028226877,0.00041735682,0.001742852,0.010625962,0.00012937005,0.00024076266,569,test
0.9880127,0.00032030814,0.0002656737,0.00027267938,0.0014075399,0.009425898,0.00012267857,0.00017254497,570,test
0.0015681182,0.00036918404,0.9911829,0.0035877114,0.0011043801,0.001058821,0.0005960923,0.000532701,571,test
0.0003190177,0.00039369956,0.00053841097,0.00026779395,4.81749e-05,0.9960828,0.0020423364,0.0003077675,572,test
0.0011920749,0.0006649085,0.992157,0.0025862062,0.00082742725,0.0012855723,0.00059426547,0.0006925335,573,test
0.00091489806,0.00041244703,0.993905,0.0023783573,0.0006212119,0.00095521525,0.0003083077,0.0005046012,574,test
0.0026368364,0.00020074451,0.0002720737,0.00045734076,0.9961876,3.6778212e-05,3.574106e-05,0.00017289522,575,test
0.000920555,0.00056352955,0.99370086,0.0023074278,0.00076346897,0.00092233584,0.00030545617,0.0005162964,576,test
0.00097143813,0.00044809055,0.9935481,0.0025006586,0.00068818236,0.0009316441,0.00036823435,0.00054372335,577,test
0.00023205286,4.783386e-07,0.0007181669,1.6330903e-05,0.0005069254,0.0008511474,0.0021555736,0.9955193,578,test
0.64081234,0.2592334,0.028756618,0.0052453196,0.023332736,0.033599753,0.0071947053,0.00182519,579,test
0.0014193109,0.0007120027,0.9911067,0.003553477,0.00084906694,0.0010877077,0.00051945256,0.0007522797,580,test
0.9818371,0.0004850839,0.0005068868,0.00066142133,0.0019468908,0.013957034,0.0002269775,0.00037858763,581,test
0.00082458265,0.0004476016,0.99418664,0.0021799263,0.0007729515,0.00084808696,0.00027863696,0.00046165922,582,test
0.9875946,0.0003017368,0.00020905201,0.00021873621,0.0013277521,0.010019977,0.00015086589,0.0001772835,583,test
0.98820364,0.00021317671,0.00021439389,0.00021089638,0.0013182928,0.009561055,0.00011262179,0.00016583294,584,test
0.001241851,0.0008531466,0.99099964,0.0035520412,0.0011700739,0.0009863476,0.0005693443,0.0006276228,585,test
0.0010841464,0.0006247135,0.99173474,0.0036528446,0.0012276153,0.00091644784,0.00038387737,0.00037562696,586,test
0.00050855184,0.00033705463,0.99518883,0.0021816285,0.00065394014,0.00064909004,0.00020560759,0.0002753255,587,test
0.00075484306,1.1420402e-06,0.001026673,6.4613654e-05,0.0008073807,0.0008801819,0.0027034339,0.99376184,588,test
0.0010371539,0.00046231065,0.99309033,0.0033221147,0.0006903386,0.0007010547,0.00026431237,0.00043242553,589,test
0.0006402068,0.0003778955,0.99515885,0.0016036712,0.0006293281,0.0008274247,0.00031553235,0.0004470749,590,test
0.00064720813,0.004109625,0.046484206,0.00031336167,0.0018567898,0.024436783,0.9167309,0.005421201,591,test
0.9867068,0.00027613266,0.00038853718,0.00035163813,0.0012030789,0.010476567,0.00027612425,0.0003210783,592,test
0.98576677,0.00041621432,0.0003926617,0.000395256,0.002193827,0.010203318,0.000247675,0.00038424213,593,test
0.0003617969,2.4222794e-07,0.0005087954,1.4456604e-05,0.00034660977,0.00058136624,0.0015071715,0.99667954,594,test
0.9881542,0.00028514164,0.00018233353,0.00024568092,0.0012778308,0.009511109,0.0001330162,0.00021061048,595,test
0.9883356,0.00019789618,0.00015599703,0.00019474968,0.0010245446,0.009848871,9.922747e-05,0.00014313686,596,test
0.0004877744,0.0002603304,0.9960587,0.0014854228,0.0006006483,0.0005576177,0.00024094309,0.00030863122,597,test
0.001934403,0.0011398724,0.9898601,0.0034970907,0.001285477,0.00094274106,0.0006916327,0.00064874615,598,test
0.9650301,0.00019020599,0.0004597273,0.00070452207,0.0008054009,0.032506883,7.69513e-05,0.00022624794,599,test
0.99002564,0.000109156936,9.10088e-05,0.00013354864,0.0013578978,0.008001103,0.00012831435,0.00015331418,600,test
0.00030427464,0.00013118792,0.9967487,0.0015009495,0.00041574484,0.00043516263,0.00018574181,0.0002781988,601,test
0.9910353,0.00010890943,9.974334e-05,0.00016360442,0.0012326206,0.007122464,0.000102037724,0.0001353523,602,test
0.99010754,0.00014876276,0.00012457733,0.00014193688,0.001228324,0.007979072,0.00013239439,0.00013737014,603,test
0.9857065,0.0004136087,0.00045047357,0.00057840574,0.0026697926,0.00946892,0.00025921062,0.0004529845,604,test
0.98921597,0.00014890476,0.000111053065,0.00015141665,0.0015121909,0.008580085,0.00014464946,0.00013580346,605,test
0.99048704,0.00015593933,0.0001160132,0.00013577516,0.0013855578,0.0074437256,0.00012289963,0.00015304546,606,test
0.98729056,0.0002866084,0.00022052939,0.0002294265,0.0022544593,0.009258546,0.00023512356,0.00022489224,607,test
0.00027142602,0.000115639465,0.99708766,0.0015989476,0.00035730953,0.0002589674,0.00013721504,0.00017291369,608,test
0.98981,0.00016907646,0.00011070153,0.00015569075,0.0015657551,0.007948414,0.00010920854,0.00013107811,609,test
0.0005938378,0.00019706791,2.4039633e-05,8.747547e-05,2.475913e-05,0.9987955,0.00022289465,5.442094e-05,610,test
0.00039517114,0.00019095409,0.99604815,0.0019658452,0.0005531028,0.00035840497,0.0002546483,0.00023375955,611,test
0.9901507,0.00011543753,9.5590345e-05,0.00013653956,0.0015377015,0.007722443,0.00012774677,0.00011399009,612,test
0.00075947907,0.00074136385,0.0015523738,0.00033365507,0.00022208018,0.98793006,0.0056843557,0.0027766712,613,test
0.0002761454,0.00034671463,0.99564075,0.0017850565,0.0006916727,0.00043357458,0.00033248405,0.00049362343,614,test
0.92789,0.024039535,0.0093847625,0.00234472,0.014561621,0.017766388,0.0024155506,0.0015973827,615,test
4.873347e-07,0.99986696,2.3679006e-06,8.372775e-07,0.00011119718,7.2358102e-06,1.05796435e-05,1.7610985e-07,616,test
0.0002704984,0.00012629818,0.99724567,0.001126663,0.00047676507,0.00036106128,0.00016529526,0.00022775815,617,test
0.00027634515,0.00015737416,0.99647117,0.0018861304,0.00053525047,0.00026206812,0.00019625187,0.0002154686,618,test
0.98849803,0.00018242431,0.0001351297,0.00025658568,0.0017660065,0.008834197,0.00012986847,0.00019763935,619,test
0.00026923188,0.00020886674,0.9970041,0.0013335441,0.0005495003,0.00031288152,0.00013001969,0.00019180696,620,test
0.98592013,0.00013684123,0.00015831515,0.000228103,0.0015414283,0.011652668,0.0001643558,0.00019816685,621,test
0.9875349,0.0001265449,0.000111308545,0.00016982743,0.0014079221,0.010313303,0.0001754285,0.00016073036,622,test
0.0004072381,0.00020214725,0.99557173,0.0022931912,0.00047646256,0.00033625934,0.00039937306,0.00031361895,623,test
0.9687553,0.00018550169,0.00092503463,0.0007105543,0.0029018966,0.02595291,0.00024444764,0.00032429572,624,test
9.743835e-06,1.8768722e-08,5.0853014e-05,3.372634e-06,0.00020982423,9.5533724e-05,0.00085932075,0.99877125,625,test
0.989398,8.410543e-05,9.659598e-05,0.00019027108,0.0011911403,0.008712583,0.00012004045,0.00020724029,626,test
7.731977e-05,3.6290297e-05,0.9984256,0.00055758987,0.00025196947,0.0001746269,0.0002196954,0.00025690335,627,test
0.00041064163,0.00016386354,0.99593794,0.0021539857,0.0005585773,0.00035609998,0.00018227866,0.0002366513,628,test
0.00025900634,0.00010574062,0.99714065,0.0015639631,0.0004181895,0.00022425136,0.00013261907,0.00015552931,629,test
0.000505451,0.00020887001,0.99485993,0.0027475418,0.0006009825,0.00048501758,0.00026527923,0.00032696754,630,test
0.00038193064,0.00020485243,0.9960431,0.0018023748,0.00053913344,0.00042101069,0.00030943126,0.00029825247,631,test
0.98780096,0.00020293154,0.00012721847,0.00019689028,0.0020885717,0.009160721,0.00019767691,0.00022500119,632,test
0.00024759848,0.00011087386,0.99706906,0.0016481405,0.00040328645,0.00023086903,0.000120680554,0.00016951124,633,test
0.00014364536,5.9958467e-05,0.9976792,0.0012372128,0.000342876,0.00020380366,0.0001314412,0.00020195017,634,test
0.00033418226,0.00018714757,0.9964864,0.001631436,0.00052659784,0.00036658475,0.00025137124,0.00021625891,635,test
3.9377412e-07,0.99990714,1.5529412e-06,7.449104e-07,7.004417e-05,9.387574e-06,1.0557665e-05,8.232579e-08,636,test
4.9527796e-05,0.0001588309,7.815429e-05,0.00013150388,3.6030277e-05,0.9987645,0.0006839941,9.7472686e-05,637,test
0.00028887566,0.0001154395,0.99657923,0.0020256834,0.00044685943,0.00026428344,0.000103894716,0.00017563235,638,test
0.00044072105,0.00022055552,0.99503326,0.0025978277,0.00075122475,0.00037375517,0.00026410233,0.00031848013,639,test
0.0003283158,0.00015035091,0.99609214,0.002350785,0.00049749395,0.0002355874,0.00017260123,0.00017261472,640,test
0.00037037177,0.00017197528,0.9958853,0.0020937196,0.00063735375,0.0003610772,0.00021487151,0.0002652856,641,test
0.9879804,0.00013703897,0.00013270862,0.00018912421,0.0014594296,0.009775159,0.00013556259,0.00019045308,642,test
0.9858753,0.00011825832,0.00017124225,0.0002723678,0.0015944919,0.011540844,0.0002134079,0.00021411612,643,test
0.00021440392,0.000121879384,0.9968285,0.0009945543,0.00043700356,0.0006023363,0.0004024251,0.00039882376,644,test
0.00024259367,9.028723e-05,0.9975528,0.00088074745,0.00032785977,0.00052580045,0.00017662923,0.0002032796,645,test
0.0004924218,0.00020425292,0.9948998,0.0028576565,0.00066606846,0.00032234934,0.00028379133,0.0002736135,646,test
0.00024827648,0.000115684445,0.99706656,0.0014303862,0.00042156753,0.00030458657,0.00022593931,0.00018696654,647,test
0.0006843218,0.00016533223,0.9953667,0.0022764325,0.0004597637,0.0005905394,0.00023972976,0.00021727351,648,test
0.00037142498,0.0002243865,0.9961927,0.0016474411,0.00057235564,0.00044832623,0.00029763262,0.00024583147,649,test
0.00074910506,0.00022406821,0.9925148,0.0047242134,0.0008295907,0.00043126996,0.00025147086,0.00027555448,650,test
0.9860092,0.00039956224,0.00038253953,0.00050635956,0.003218456,0.008808202,0.00033850857,0.00033729002,651,test
0.00032994105,0.0001618,0.99621,0.0019324855,0.00053609733,0.00034265968,0.00024382937,0.0002433471,652,test
0.00028079495,0.00015202354,0.99682,0.0015658888,0.00047684775,0.00028494466,0.00020603673,0.00021347233,653,test
0.98689157,0.00016671106,0.0001442599,0.00021764342,0.002018352,0.010107417,0.00024163435,0.00021238669,654,test
0.00039965785,0.00023547205,0.995782,0.002042227,0.00058436167,0.00038826352,0.000278287,0.00028970712,655,test
0.00016920242,0.00011320942,0.99792516,0.0009314934,0.00036972016,0.00022205824,0.00011103193,0.00015817808,656,test
0.99134046,8.923693e-05,9.663648e-05,0.00012381583,0.001377284,0.006763198,0.00010102798,0.000108364984,657,test
0.00030679625,0.00012606679,0.99699676,0.0014760421,0.000436088,0.00030016497,0.00016917742,0.00018897021,658,test
0.00043758785,0.00014960479,0.99596345,0.002083586,0.0004810048,0.00043619375,0.00020650543,0.00024201206,659,test
0.9883449,0.00019099325,0.00015458566,0.000203892,0.0017306451,0.008983367,0.00019132905,0.00020026173,660,test
0.00012386509,6.1764404e-05,0.99840975,0.0007395253,0.00028109772,0.0001629524,0.00010942727,0.00011166738,661,test
0.98599535,0.00042681932,0.00029200592,0.00033526315,0.002424119,0.009818918,0.00038076818,0.0003266384,662,test
0.00038396736,0.0001897945,0.99649376,0.0014731077,0.0005120021,0.0005211242,0.00019584219,0.00023043851,663,test
0.00023080142,0.0001423947,0.99693775,0.0014901214,0.0004920033,0.00032066964,0.00019880451,0.00018748961,664,test
1.1466109e-07,0.999959,6.160433e-07,5.0619224e-07,3.2561893e-05,4.1217418e-06,3.0016781e-06,6.9374366e-08,665,test
0.98855454,0.0002660469,0.00021571638,0.00023545444,0.0016884068,0.008525669,0.00026482274,0.0002493114,666,test
0.00039945505,1.7096983e-05,4.5032735e-05,0.0002144398,0.99925226,2.8337656e-06,6.034796e-06,6.278221e-05,667,test
0.98844004,0.00015335325,0.00012982567,0.00017040396,0.0018182629,0.008844215,0.00024003371,0.0002038327,668,test
0.9864851,0.00024790157,0.00016386776,0.00025182441,0.0018649782,0.010474035,0.00025675475,0.0002554929,669,test
0.00033509178,0.00016584806,0.9962047,0.0018949161,0.00046882566,0.0003743565,0.00024763757,0.00030877508,670,test
0.00057574507,0.0002051028,0.99531746,0.0022593825,0.0006136123,0.00046415633,0.00028131314,0.00028330192,671,test
0.98483986,9.426902e-05,0.00016123784,0.00024695173,0.0012020274,0.012788696,0.0002703493,0.00039654574,672,test
0.99123114,0.00011678287,7.127025e-05,0.000111926296,0.0013804595,0.006895435,9.009395e-05,0.00010279912,673,test
0.9779177,0.00086395827,0.0014273758,0.0011097443,0.005912118,0.0108912885,0.00080182694,0.0010760556,674,test
0.00030325746,0.0002254495,0.99642426,0.0015285965,0.00059028296,0.00038624913,0.00029489837,0.00024697414,675,test
0.00030563414,0.0001600409,0.99662566,0.0016919868,0.00059412845,0.00028747754,0.00014840532,0.00018673405,676,test
0.9794038,0.0002448765,0.00022689701,0.000385873,0.0027911912,0.016197152,0.00043135844,0.00031881162,677,test
0.00043971217,0.00022465175,0.9955656,0.0022317842,0.0006447525,0.0003882404,0.0002440433,0.00026115766,678,test
0.00047339505,0.00016596484,0.9954554,0.0027662695,0.0004895088,0.00027580795,0.00016949823,0.0002042604,679,test
0.00030174747,0.00019829317,0.9970847,0.0012969834,0.00038907555,0.0003282179,0.00020651818,0.00019451164,680,test
0.56990635,0.006562839,0.33331066,0.020498374,0.027735827,0.033189543,0.0025865147,0.0062099183,681,test
0.010581496,0.00026637188,0.00031617002,0.0001667571,0.00023876125,0.9861761,0.0014946962,0.00075966003,682,test
0.9886552,0.00012154463,9.335205e-05,0.00013890075,0.0011286215,0.009555654,0.000170543,0.00013615676,683,test
0.98985463,0.00019023239,0.000107302585,0.00017204447,0.0015750085,0.007814452,0.00012315685,0.0001631613,684,test
0.9880199,0.0002115087,0.00018936585,0.0002159656,0.00176657,0.009213117,0.00020401126,0.00017949603,685,test
0.9849503,0.0005589774,0.0004453266,0.00051368057,0.0036910318,0.008716008,0.0004825725,0.0006420591,686,test
1.902337e-07,0.9999573,5.318533e-07,4.432592e-07,3.0663232e-05,5.604009e-06,5.1818724e-06,3.3150602e-08,687,test
0.98787284,0.00027145434,0.0002783272,0.0003179327,0.0017809975,0.008532946,0.00037775878,0.00056780473,688,test
0.00034665718,0.00015673821,0.99611497,0.002047958,0.00050604186,0.00037689618,0.00022474313,0.00022593043,689,test
0.986278,8.011686e-05,6.6650944e-05,0.00017704783,0.0016898775,0.0113940835,0.00015287094,0.00016133876,690,test
0.9875207,0.00033866076,0.00032966706,0.00033057848,0.0020498356,0.008912602,0.00023146339,0.00028639374,691,test
0.00020489191,9.2722235e-05,0.9969983,0.0019930173,0.00038618827,0.0001465723,7.33736e-05,0.00010498553,692,test
0.0001957282,9.013518e-05,0.997738,0.000955943,0.0003476962,0.00028938698,0.00017471079,0.00020832832,693,test
0.00012530287,0.0001235539,0.0002067683,9.565908e-05,5.0945437e-05,0.99838746,0.00077418564,0.00023613455,694,test
0.9822433,0.00020447062,0.00016569009,0.00031548514,0.0020337796,0.014250331,0.00045652178,0.00033038083,695,test
0.97354096,0.0010065803,0.0017657975,0.0015151096,0.0048573515,0.015113221,0.00085897476,0.0013419645,696,test
0.9890599,0.00012088066,9.719881e-05,0.00016582443,0.0013587653,0.008895276,0.0001392836,0.0001628325,697,test
0.00025168186,0.00012450817,0.9964959,0.0022840914,0.00041066192,0.00018306456,0.00010661556,0.00014334945,698,test
0.0008008975,0.0006398799,0.99420553,0.002600508,0.0012224423,0.0001356803,0.00027522532,0.00011990714,699,test
0.00040173132,0.00019228058,0.9954442,0.0025398668,0.0006562824,0.0002847854,0.000223559,0.00025729105,700,test
0.0002160361,0.00010647384,0.9974287,0.0013768079,0.0003527831,0.00023578321,0.00012619999,0.00015722372,701,test
0.00044744858,0.0002662129,0.99509144,0.0026373686,0.0006808923,0.00033478838,0.0003020465,0.0002398034,702,test
0.0001545001,0.00013457309,0.00014930671,7.853315e-05,2.6642234e-05,0.9987747,0.0005601974,0.000121605066,703,test
0.00024042735,0.000111013615,0.99651104,0.0023702132,0.0003826989,0.00016494369,8.7751105e-05,0.00013192992,704,test
0.9906978,0.0001768923,0.00014596502,0.00022933779,0.0018572332,0.0064447424,0.0001941228,0.0002538613,705,test
0.00028603658,0.00013903559,0.9961475,0.0025973397,0.0004500099,0.00017440884,8.971515e-05,0.00011608785,706,test
0.0009192396,0.00028640716,0.9915228,0.005252293,0.0008412633,0.0004868118,0.00034784203,0.0003433963,707,test
0.00038743878,0.00018308373,0.99547845,0.0027264026,0.00054166134,0.0002785816,0.0001868221,0.00021764697,708,test
0.98065865,0.00029105815,0.00039108752,0.00075378094,0.0023509616,0.0144256875,0.0004507561,0.0006780646,709,test
0.00026234635,0.00012663649,0.9971258,0.0009811571,0.0004491863,0.00054301054,0.0002766003,0.00023519581,710,test
0.0007272218,0.00019049457,0.99505854,0.002033427,0.00067073945,0.0007902184,0.00027083492,0.0002585713,711,test
0.00012628826,6.317355e-05,0.9982634,0.0007772362,0.0002908856,0.00023183084,0.00015348312,9.363848e-05,712,test
0.98646104,0.00022602614,0.0002362534,0.00027612314,0.0023507338,0.009981833,0.00022183161,0.00024623392,713,test
0.9918515,0.00012446193,8.512412e-05,0.00023117496,0.0018343094,0.0055448404,0.00014037179,0.00018820129,714,test
0.9883178,0.00029752022,0.00026442925,0.00023176469,0.0019604068,0.008477362,0.00025628362,0.0001944917,715,test
0.00024237609,0.00011438581,0.99673223,0.002169946,0.00034362279,0.00017796755,9.8502685e-05,0.00012098486,716,test
3.2185984e-05,4.859329e-08,0.0001533226,7.274563e-06,0.00047945022,0.00029119366,0.0013794181,0.99765706,717,test
0.98911333,8.59127e-05,9.389292e-05,0.00015210923,0.0014287548,0.008842356,0.00012855213,0.00015498952,718,test
0.00020612207,9.18601e-05,0.9970475,0.002000386,0.00033239444,0.00014094131,7.935376e-05,0.000101464815,719,test
0.0028467993,0.0010628778,0.98287904,0.007895296,0.0017773831,0.0017415815,0.00078581396,0.001011252,720,test
0.0014750701,1.8944637e-06,0.0020172503,6.4379645e-05,0.0008009094,0.0057398225,0.0030081559,0.9868925,721,test
0.9872066,0.0001726207,0.00010553733,0.00027814,0.0017514129,0.0101019675,0.00014554596,0.00023822155,722,test
0.0030742313,7.1676084e-05,0.005747717,0.0002313152,0.0022384888,0.03276289,0.017977381,0.93789625,723,test
0.0008003938,0.00038849143,0.99292564,0.002563359,0.001085676,0.0010414527,0.00057901087,0.0006160005,724,test
0.0020068234,0.00050540484,0.9850905,0.0059788087,0.0016224018,0.0022019194,0.00137704,0.0012171124,725,test
0.0006372359,0.00028343668,0.9942545,0.0025175107,0.00096359185,0.00071188423,0.00024722354,0.00038462118,726,test
0.98742723,0.00010428672,7.493739e-05,0.00022400438,0.0011680606,0.010758935,8.1157574e-05,0.00016142635,727,test
0.9877172,0.00017864398,0.000101215795,0.00024727342,0.001139498,0.010323893,8.78565e-05,0.00020440713,728,test
0.00088642945,0.00037265162,0.9930807,0.002561108,0.00093015755,0.0010983173,0.00048737656,0.00058331335,729,test
0.0006206979,0.0002991277,0.9948191,0.0018834658,0.00076625636,0.0008178691,0.00034822844,0.00044533805,730,test
0.0004951191,0.0002625626,0.9951669,0.0017737097,0.0008078563,0.0007887477,0.00026986917,0.00043521187,731,test
0.9692839,0.0003517348,0.001014501,0.001356887,0.0026772344,0.024291834,0.00034523176,0.00067866355,732,test
0.0014312242,0.00050182274,0.989776,0.0046968753,0.0014126039,0.0010304044,0.00055851083,0.0005925683,733,test
0.98884636,0.0001342715,6.5711174e-05,0.00017941384,0.0011690435,0.009382999,7.333653e-05,0.00014880455,734,test
0.9927868,0.00021503828,9.0914284e-05,0.00013593087,0.0010080555,0.005565891,9.542321e-05,0.00010186423,735,test
0.00072816265,0.00041716258,0.993835,0.0020994558,0.0009269856,0.0009680802,0.00047611853,0.0005489966,736,test
0.98629344,0.00026203363,0.00025648266,0.00037777182,0.0015841821,0.010785972,0.00017479324,0.00026535333,737,test
0.00083117915,4.5787165e-06,0.0011170933,7.80244e-05,0.0014715856,0.0024347273,0.0039741243,0.99008876,738,test
0.0007145634,0.00038411183,0.9942326,0.0019978608,0.00096010277,0.00090113527,0.0003628629,0.00044662386,739,test
0.0012843425,0.0006700138,0.98972344,0.0041451454,0.0017404361,0.0012144746,0.00056028296,0.00066187105,740,test
0.00063927716,0.00032287,0.9945168,0.0023438924,0.00079500314,0.00069779507,0.00030285478,0.00038146577,741,test
0.98985696,0.00013698991,7.175934e-05,0.00017143495,0.00084351545,0.00865592,9.790891e-05,0.00016561606,742,test
0.9778464,0.00019317039,0.00016042223,0.0004346842,0.0013315309,0.019545736,0.00024193482,0.00024609393,743,test
0.00052574434,0.00030679998,0.99479973,0.0020134244,0.00077306316,0.00082097395,0.000286967,0.00047324708,744,test
0.00037149808,0.00020824016,0.9964439,0.0011109632,0.00064479595,0.0006476163,0.0002709393,0.00030192302,745,test
0.0010403947,0.00057959225,0.991602,0.0031164149,0.001327624,0.0011412756,0.00063312904,0.0005595177,746,test
0.00051732594,0.00022398448,0.9950767,0.0022265268,0.0007689954,0.00065311266,0.0002289009,0.0003043671,747,test
0.0004968438,0.00019853463,0.9956176,0.0016523938,0.0006482185,0.00074861234,0.00026829273,0.00036942022,748,test
0.0003751601,0.00052393856,0.9953513,0.0024851197,0.0004730852,0.0004340955,0.00023705477,0.00012019666,749,test
0.0010293699,0.0005112666,0.99213517,0.0026766544,0.0013292881,0.001145834,0.0005555205,0.0006169046,750,test
0.0006632745,0.0008185392,0.000434635,0.0005033613,0.00020660415,0.9932395,0.0028790194,0.0012550557,751,test
0.9871237,0.00013178396,0.00010609011,0.00025741415,0.0014650569,0.010587251,0.00010649701,0.00022218924,752,test
0.99027586,0.00012899529,7.3622636e-05,0.00016835296,0.0010964625,0.008016565,8.155713e-05,0.00015850057,753,test
0.978115,0.0007221015,0.0009917401,0.0012595943,0.0035421464,0.014340024,0.0003347706,0.00069451035,754,test
0.00078960677,0.00032504112,0.9935371,0.0025440794,0.0008696707,0.0010057573,0.00042368402,0.00050503446,755,test
0.0026131917,0.0005753462,0.98440045,0.008389937,0.0011127507,0.0014484115,0.0007892447,0.000670597,756,test
0.00079089,0.00034995383,0.99302727,0.0028099406,0.0009413748,0.0011601811,0.00038654782,0.0005338579,757,test
0.000800865,0.00028217115,0.9935689,0.0026495436,0.00084928545,0.0009682545,0.00040514648,0.00047575578,758,test
2.0955672e-06,0.99976176,7.7156e-06,6.3821813e-06,0.00016441006,3.704717e-05,1.9802314e-05,7.989203e-07,759,test
0.98762614,0.000288438,0.00016591836,0.00028672197,0.0012632213,0.009998686,0.00013261587,0.00023831576,760,test
0.0031192086,0.00019482414,0.00012028264,0.00042536625,0.9960025,3.7640733e-05,1.9372055e-05,8.077573e-05,761,test
2.5239349e-06,0.99974436,1.0452922e-05,7.2227754e-06,0.00017985344,3.6156267e-05,1.8439412e-05,1.0080303e-06,762,test
1.1285677e-05,0.00038400473,0.00085668464,1.1864455e-05,0.00010494403,0.0014479548,0.9968665,0.00031671708,763,test
0.0005305348,0.0002474279,0.9952377,0.0017813126,0.0007664184,0.0007421916,0.00028750327,0.00040691425,764,test
0.98912597,0.00012516307,0.00010149335,0.00023110675,0.0011456391,0.008987672,9.2260605e-05,0.00019073593,765,test
0.00078515237,0.0002694741,0.9939129,0.0027244291,0.0011484952,0.00058694766,0.00023349302,0.00033904467,766,test
0.00078211696,0.00031717392,0.9936435,0.0024898355,0.00085228524,0.0010087907,0.00040536976,0.00050098705,767,test
0.0008135085,0.00042865716,0.99331164,0.002519668,0.0009996478,0.0011567598,0.0003608528,0.00040938734,768,test
0.9863664,0.00025199636,0.0001491215,0.0003374595,0.0010722149,0.011398387,0.00016580457,0.0002586019,769,test
0.98941004,0.0002344428,0.00014540652,0.0002500641,0.001386457,0.008252242,0.000116011244,0.00020537448,770,test
0.0011092232,0.00047133496,0.99185,0.0031698132,0.0009903254,0.0011989145,0.00051326153,0.0006971595,771,test
0.00060148246,0.0002829491,0.9948224,0.0021854537,0.0011226921,0.00046066515,0.00023638736,0.00028792067,772,test
0.0008424153,0.00010022077,0.00018416165,0.0006642379,0.9980635,1.0230846e-05,1.1504012e-05,0.00012375848,773,test
0.0008041343,0.00024119369,0.995095,0.0020144035,0.00074260664,0.00046476454,0.0003438987,0.00029402677,774,test
0.0005104267,0.0003004593,0.9947758,0.0018470597,0.00091772084,0.0008707329,0.00033058372,0.00044716967,775,test
0.0023201527,0.93821675,0.022586651,0.0020490093,0.013795865,0.005926065,0.013251667,0.0018539302,776,test
0.0035330532,0.0005638095,0.004806155,0.0008344207,0.011756141,0.011748155,0.09359004,0.8731683,777,test
0.0006153077,0.00041626673,0.9947497,0.0017271426,0.000991217,0.0007933964,0.000323848,0.00038311115,778,test
0.9840752,0.00019742381,0.00022839423,0.0005683629,0.0014839215,0.012888999,0.0001639924,0.0003937297,779,test
0.9905082,0.00030444632,0.000111107394,0.00016129072,0.0014876991,0.0071402397,0.000151181,0.00013594831,780,test
1.7167805e-06,0.9997911,6.8596473e-06,4.1705293e-06,0.00013864833,3.6159094e-05,2.0639685e-05,8.4413614e-07,781,test
0.991137,8.730427e-05,5.80266e-05,0.00014258521,0.0010347003,0.0073239016,7.046219e-05,0.00014606248,782,test
0.0008330842,0.00058025,0.00032769702,0.00025968716,6.805471e-05,0.99587446,0.0015266752,0.0005299816,783,test
0.00058417727,0.00043826413,0.9947354,0.0015173755,0.00094365486,0.0009553868,0.00034470583,0.0004810008,784,test
0.00031371668,0.00013619402,0.996799,0.0011124279,0.00055378693,0.0005807261,0.00022729233,0.00027678456,785,test
0.00051409117,0.0004034047,0.9946913,0.00180625,0.0012607414,0.0006257637,0.00033293004,0.00036548058,786,test
0.9815166,0.0007787702,0.00054967194,0.00044180817,0.001647821,0.014209307,0.00048083562,0.00037528682,787,test
0.00048236668,0.00024844942,0.9954448,0.0014971432,0.00069744507,0.00083436194,0.00034092533,0.0004545691,788,test
0.0004288323,0.00025446783,0.9952283,0.002213833,0.00078779506,0.0006245659,0.00020422293,0.00025798404,789,test
0.00034077748,0.00026209498,0.9962921,0.0013432816,0.0005975193,0.0006526886,0.00019663828,0.0003149225,790,test
0.00038677338,0.000209604,0.9963243,0.0013439979,0.00055026787,0.00062431407,0.000224969,0.00033585785,791,test
0.0008674919,0.00041418336,0.99294585,0.0021620863,0.001107944,0.0012144397,0.0006307663,0.00065727043,792,test
0.0009325226,0.0003567892,0.9924158,0.00321195,0.0009873133,0.0011338224,0.0004228042,0.000538905,793,test
0.0018616812,0.00089369854,0.98654306,0.0052944464,0.0019988092,0.0018038828,0.0008161692,0.00078822114,794,test
0.0007888059,0.00033377373,0.99372226,0.0024943536,0.00083236396,0.0009357787,0.00041865045,0.0004740336,795,test
0.0013735978,0.00054637395,0.9899081,0.0042067603,0.0016323252,0.0012622369,0.00050880783,0.00056165096,796,test
0.99077725,0.00010089387,7.254835e-05,0.00016199161,0.0011986084,0.0075034434,6.306406e-05,0.00012219994,797,test
0.0009639055,0.0006338926,0.99188703,0.0026612328,0.0012125295,0.0014490297,0.0005974409,0.0005947863,798,test
0.98601115,0.00017260449,0.00010423096,0.0002793707,0.0012236625,0.011786527,0.00016536057,0.00025710685,799,test
0.98807794,0.0001264154,0.000106622836,0.00024080956,0.0013333882,0.009783465,0.00010583598,0.00022555528,800,test
0.00058925204,0.0002317031,0.9949663,0.0019263247,0.00071639515,0.0008189319,0.00029777095,0.00045320767,801,test
0.00020524574,0.0012838355,0.008518481,0.00044282502,0.000773051,0.0053657414,0.9798243,0.0035864566,802,test
0.98750275,0.00030763127,0.00015196744,0.0003014594,0.0013882098,0.0100170905,0.000120296994,0.00021045197,803,test
0.9860022,0.00016343991,0.00012997627,0.0002663943,0.0013170978,0.011787055,0.00012810208,0.00020577406,804,test
0.98959523,0.00013507869,6.4632346e-05,0.00013800705,0.00076203834,0.0090491045,0.00012490593,0.0001309546,805,test
0.0004254759,0.00022841588,0.9959015,0.0013510195,0.00063966314,0.00074857374,0.00028452146,0.0004207209,806,test
0.98952335,0.00014467521,9.088112e-05,0.0001686142,0.0009828823,0.008823193,0.0001021609,0.00016428814,807,test
0.0012386804,0.0005121306,0.9908285,0.0034621707,0.0011635465,0.0014457663,0.0006425021,0.0007065566,808,test
0.9899564,0.00032037345,0.00016459124,0.00022105695,0.00183225,0.007176409,0.000112046946,0.00021695672,809,test
0.0005642962,0.0002732499,0.99492985,0.0019443744,0.00088535796,0.0007168363,0.00026264132,0.00042337898,810,test
0.0006569759,0.00039407148,0.9947614,0.0019441702,0.00065941265,0.0008338142,0.00033905476,0.00041106972,811,test
0.0010138167,0.00046659634,0.99208903,0.0028633864,0.0014005088,0.0010766272,0.0005207274,0.00056933967,812,test
0.00065206585,0.000378258,0.9942088,0.0020935403,0.0010178089,0.000870415,0.0002940898,0.00048496024,813,test
0.011468685,0.002934214,0.95560527,0.014005629,0.0055952836,0.0047194203,0.002395867,0.0032756287,814,test
0.00017572536,3.9702545e-07,0.0005554339,3.0326111e-05,0.0007079169,0.0009948425,0.001758833,0.9957766,815,test
5.3264597e-05,8.4157634e-08,0.0003579716,5.335125e-06,0.00020952031,0.00077964744,0.0012162819,0.9973779,816,test
0.0009397737,0.00056808075,0.9908261,0.0035053235,0.0013608659,0.0014061038,0.00074319355,0.0006505883,817,test
0.004300016,0.00028659048,0.0007373408,0.0007231924,0.00026298192,0.9916722,0.0013744003,0.0006432688,818,test
3.3645913e-06,0.9997037,1.0256323e-05,3.9921533e-06,0.00021234527,3.85765e-05,2.6872602e-05,7.850662e-07,819,test
0.0011309562,0.00046767746,0.99128306,0.00452693,0.0011708757,0.00069268176,0.0003273798,0.0004005237,820,test
0.9842202,0.00024224482,0.00017204173,0.00042269018,0.0023081095,0.012008835,0.00028655786,0.00033934065,821,test
0.001484978,0.00056491833,0.99015766,0.0039369506,0.0012961284,0.0012866055,0.0006423099,0.00063035527,822,test
4.31036e-06,0.99965227,1.2189794e-05,3.953339e-06,0.00026780384,3.133676e-05,2.732097e-05,8.221235e-07,823,test
0.0006375069,0.00039550874,0.9945479,0.0015767444,0.0008375288,0.0010314815,0.000440836,0.00053253886,824,test
0.0006189326,0.00029147943,0.99481404,0.0019485453,0.0008743458,0.00074504956,0.0003092396,0.0003982828,825,test
0.0004695281,0.00025185916,0.99535084,0.0017444901,0.00056365726,0.00091626693,0.0002546752,0.0004487658,826,test
0.00029891054,1.3299883e-06,0.0010740695,3.2828666e-05,0.0008450568,0.0027259302,0.003024522,0.9919973,827,test
0.9898409,6.4572174e-05,5.7578105e-05,0.0001650461,0.00072219636,0.00893114,7.248678e-05,0.00014607262,828,test
8.560443e-05,7.027476e-08,0.0003997798,1.2618697e-05,0.00027629838,0.00081771734,0.0015076499,0.9969003,829,test
0.0007525397,0.00046863392,0.99233985,0.0030513166,0.0018247701,0.00079412543,0.0004045058,0.00036433985,830,test
0.9845451,0.0002990018,0.00018877709,0.00028824047,0.0017717646,0.012571764,0.0001641601,0.00017119592,831,test
0.9893574,0.00020830474,0.00012505741,0.00023332337,0.0011883338,0.00860129,0.00010904716,0.00017718087,832,test
0.00090123795,0.0004426424,0.9925288,0.0025401416,0.0016628727,0.0009088944,0.00031911783,0.00069632946,833,test
0.00042101147,0.00022495943,0.9958943,0.0013940961,0.0007617138,0.00067820586,0.00030704998,0.0003186773,834,test
0.0015978204,0.0007683558,0.98864776,0.0045161657,0.0013171539,0.0017486586,0.000772018,0.0006320442,835,test
0.00096162554,0.00033440144,0.9927955,0.0030531806,0.00093422696,0.0010125696,0.00041024917,0.0004982073,836,test
0.0006659712,0.00033867735,0.9942579,0.0020982912,0.00085828255,0.00087072415,0.00036879908,0.0005412965,837,test
0.0021742345,0.0006846957,0.9843567,0.009726965,0.0013835706,0.00068895624,0.0005842597,0.00040062744,838,test
0.0018728032,0.0026185552,0.01260874,0.0006521924,0.003899505,0.02142357,0.9233117,0.033612996,839,test
0.00047051502,0.00025076777,0.9957451,0.0019748504,0.00058418576,0.0004538021,0.00025731776,0.000263442,840,test
0.00022907909,0.00014518682,0.99758327,0.00095837604,0.00044642278,0.00030028887,0.00020347552,0.00013386925,841,test
0.0005655972,0.00031096296,0.994344,0.0026975777,0.0009894024,0.0004504714,0.00033948134,0.00030258883,842,test
0.98860186,0.000684101,0.0002584125,0.00037069013,0.0035921342,0.0060991663,0.00017449084,0.00021926081,843,test
0.9923078,0.00016346913,4.773447e-05,0.00012325888,0.0013885127,0.005761697,9.264907e-05,0.00011486263,844,test
4.3921528e-07,0.9999275,1.8429948e-06,1.3460178e-06,4.963254e-05,1.01903815e-05,8.775113e-06,2.801859e-07,845,test
0.00047321542,0.0002869429,0.9955285,0.0019914813,0.0006729324,0.0004953023,0.00028261877,0.00026906325,846,test
0.00039147862,0.00019351664,0.99550503,0.0026840302,0.0006128079,0.00029451874,0.00015940348,0.00015918109,847,test
0.00057051424,0.00031261618,0.99439985,0.0030548673,0.00080796843,0.00039448237,0.00025825974,0.00020140446,848,test
0.0008064749,0.00042055224,0.9938029,0.0030120737,0.000990684,0.0004482012,0.00031167353,0.0002073413,849,test
0.99215347,0.0001722956,4.7401085e-05,0.00011547,0.0016870894,0.0056195995,8.7120105e-05,0.000117625554,850,test
0.0003996874,0.00034724633,3.0396628e-05,5.3650347e-05,3.778746e-05,0.9983747,0.00040204867,0.0003544523,851,test
0.9917576,0.00014728181,5.511356e-05,0.000108454224,0.0011040597,0.0066471435,0.0001000087,8.0464386e-05,852,test
0.991344,0.0002956441,0.00010732547,0.00018437384,0.0018859707,0.005947405,0.0001237511,0.00011153815,853,test
0.00018691973,0.00018215302,0.99754626,0.0007778264,0.00046822545,0.00037237522,0.00026731586,0.00019899532,854,test
0.00036392018,0.00038948865,0.99581474,0.0012926711,0.00067299366,0.000710941,0.00042113944,0.00033398185,855,test
4.6429332e-07,0.99991524,1.812122e-06,1.4224688e-06,6.9516005e-05,5.9759236e-06,5.3990707e-06,1.7939684e-07,856,test
0.99216205,0.00016452857,7.606466e-05,0.00010928749,0.00089819496,0.0064365743,8.605957e-05,6.718972e-05,857,test
0.0008234018,0.0003976396,0.99350774,0.0028372433,0.00079395383,0.0008502899,0.0004852593,0.0003045028,858,test
0.00036892167,0.00020434716,0.9968161,0.0013113426,0.00036924987,0.00048569834,0.00022399909,0.0002203556,859,test
0.00068408117,0.00031992845,0.99491334,0.0017558367,0.0005789135,0.00093349925,0.00042939303,0.00038505724,860,test
0.00056370185,0.00025721046,0.9949616,0.0024552243,0.0005501298,0.00056272856,0.0003419789,0.0003074041,861,test
0.000634284,0.000540306,0.99357635,0.0023450444,0.0009554528,0.0009047637,0.0006198441,0.0004239709,862,test
0.0007317316,0.00072515634,0.9929939,0.0028386968,0.0010784048,0.0007475144,0.0005146379,0.0003698096,863,test
0.000451769,0.00027734018,0.9952553,0.002752117,0.0006491405,0.0002944693,0.00016540235,0.0001544386,864,test
0.9898,0.00011927998,5.0263094e-05,0.00011781794,0.0014755529,0.008200672,0.00012895913,0.00010757238,865,test
9.596792e-05,0.029581374,0.015193335,0.00090485613,0.0005045554,0.014135892,0.93407416,0.0055098967,866,test
0.00022351576,0.00011912794,0.9974571,0.0014179528,0.00050854054,0.00011508283,9.7046155e-05,6.167904e-05,867,test
0.0003635275,0.00025859856,0.996666,0.001258982,0.0005796676,0.0004027695,0.0002563797,0.00021397356,868,test
0.0006650198,0.00040491234,0.99354136,0.0031544731,0.0010502337,0.00047874922,0.0004209784,0.00028431535,869,test
0.00039708946,0.00017504786,0.99589765,0.0022968773,0.0006187104,0.0003526977,0.00011247275,0.00014951176,870,test
0.98940957,0.0002304807,8.661527e-05,0.00020973802,0.0013729471,0.008497802,8.8141256e-05,0.000104680716,871,test
0.0006693624,0.00040583257,0.9942483,0.0022857636,0.00087711395,0.0007078788,0.00046626394,0.0003394213,872,test
0.0007856147,0.0006642425,0.99346054,0.0024118263,0.0010798881,0.00070701144,0.0005283681,0.0003625061,873,test
0.00054904487,0.00037059415,0.9953322,0.0018461439,0.0006830599,0.00052365504,0.0003902528,0.0003050629,874,test
0.9906737,0.00026948747,6.265141e-05,0.00012522201,0.0011227351,0.007529758,0.00012155989,9.476759e-05,875,test
0.00046077665,0.0002923235,0.9957272,0.002000036,0.00061796565,0.00040333136,0.00026555252,0.00023292063,876,test
0.0007699356,0.00029160376,0.9933617,0.0037819226,0.00077916216,0.00044244388,0.00033678362,0.00023640343,877,test
0.98817575,0.00038745333,0.00016649238,0.0002683523,0.0018334852,0.008815811,0.00021192146,0.00014082911,878,test
0.99233454,0.000113855494,3.8785292e-05,6.706522e-05,0.00088906405,0.0064325356,7.38182e-05,5.0191848e-05,879,test
0.99048936,8.7704124e-05,3.9996416e-05,0.00010947919,0.0011355284,0.007969632,8.598055e-05,8.231955e-05,880,test
0.0007036893,0.00038016637,0.9934841,0.0028220047,0.0010425001,0.0006886228,0.00050396,0.0003750052,881,test
0.9831806,0.0004182358,0.00041131425,0.00040857424,0.0036507386,0.011239904,0.00033566184,0.00035490407,882,test
0.00022648476,0.0002089273,0.9972941,0.0008774067,0.00052539824,0.00041760658,0.00028068028,0.00016941712,883,test
0.00035860547,0.00020666185,0.9970554,0.0010673192,0.0004138199,0.00048106717,0.0002180487,0.00019897631,884,test
0.9909767,5.0674116e-05,4.806875e-05,3.8321225e-05,0.0006837262,0.0080614835,6.446914e-05,7.646982e-05,885,test
0.00043586004,0.00042671937,0.99550337,0.0016136414,0.0007456402,0.00056354527,0.00037800576,0.00033323644,886,test
0.00066689897,0.00031464756,0.9943094,0.0025490902,0.0007843601,0.0006700572,0.0003466951,0.00035873736,887,test
0.9802099,0.00034014636,0.0002398542,0.00040801958,0.0021149456,0.015868256,0.0003988045,0.00041998367,888,test
2.6868213e-06,0.9997545,6.643202e-06,6.835372e-06,0.00016327601,4.5122364e-05,1.9664976e-05,1.2817184e-06,889,test
0.00042564978,0.00040817744,0.995695,0.0015050878,0.0008256955,0.00045904226,0.00039400294,0.00028748973,890,test
0.0004608636,0.00022488862,0.9962257,0.0017111896,0.0005289661,0.00040569942,0.0002296831,0.00021296475,891,test
0.00070772535,0.0005037871,0.9937186,0.0027519905,0.0010674996,0.0005094408,0.00037887588,0.00036210284,892,test
0.00019186574,0.00013270129,0.9979709,0.00073298556,0.00040821967,0.00025184054,0.00016780358,0.00014363477,893,test
0.0015524497,0.00043838366,0.98917097,0.0054941415,0.0012401635,0.0009170902,0.00080938375,0.0003773282,894,test
0.00062602636,0.00042222958,0.99389946,0.0026994245,0.0009863101,0.00061171723,0.00039944053,0.000355446,895,test
0.00088473706,0.0003364236,0.9932854,0.0032083755,0.0008284236,0.0006654587,0.00043376788,0.00035752065,896,test
0.9935249,0.00014261952,3.100581e-05,8.2307044e-05,0.00085140526,0.0052258037,6.710021e-05,7.4801326e-05,897,test
0.0011858069,3.6938247e-05,1.712505e-05,0.00011260637,0.99861777,4.2961296e-06,5.3520525e-06,2.0089856e-05,898,test
0.0005482858,0.0003822922,0.99528694,0.0019324598,0.0007777734,0.0005699052,0.0002602433,0.00024212645,899,test
0.0004900662,0.00083329057,0.004934045,0.0004885314,0.0023821387,0.12623191,0.034847084,0.829793,900,test
0.9924193,0.000180053,4.7585923e-05,0.00010288514,0.0010223876,0.006099389,6.980397e-05,5.8591446e-05,901,test
0.0004976364,0.00032295738,0.9951931,0.0019145418,0.0007653137,0.00064375537,0.00036886617,0.00029377043,902,test
0.0007071602,0.0003113684,0.9933575,0.0029402932,0.000878226,0.00091401,0.00047015736,0.00042129186,903,test
0.00020496122,0.00012759119,0.9976199,0.0008841234,0.00035838838,0.0003670889,0.00025360312,0.00018437198,904,test
0.98987937,0.00024857762,5.2910495e-05,0.00012596244,0.0017446249,0.007701626,0.00014967086,9.718874e-05,905,test
0.0026336976,0.00040851982,0.00016138838,0.00046902336,0.99623567,1.3892826e-05,2.7124908e-05,5.074027e-05,906,test
0.0006236376,0.00028183928,0.99425524,0.0030416865,0.00078005384,0.00043460922,0.0003213038,0.0002616622,907,test
0.0033724995,0.0011067003,0.9508768,0.026318599,0.01287154,0.001834301,0.0018309209,0.001788762,908,test
0.0003877115,0.00022104612,0.9968035,0.0012932724,0.00026600648,0.00054481544,0.00024258744,0.00024113155,909,test
0.00042103187,0.00023442392,0.99584854,0.0022830497,0.0005810026,0.0003083011,0.00016903061,0.00015457207,910,test
0.00021999095,0.00017525382,0.9976809,0.0007794248,0.00038492848,0.00034589006,0.00024723893,0.00016630797,911,test
0.00070673664,0.0003024795,0.9943335,0.0025537582,0.00070917874,0.0006645419,0.00039484975,0.00033506437,912,test
0.0006162518,0.00028298437,0.99499375,0.0021259915,0.00060083554,0.00070245133,0.00032264643,0.00035518504,913,test
0.9927654,0.00016956351,8.175803e-05,0.00013713795,0.0014170427,0.005207613,9.063107e-05,0.00013068834,914,test
0.0005946056,0.0003057322,0.9945997,0.0024346903,0.00078117027,0.00059079134,0.00035318275,0.00033999185,915,test
0.00050512946,0.00026540153,0.99533844,0.0026037185,0.00062673277,0.0003029481,0.00018597177,0.00017176384,916,test
0.98907405,0.00031257173,0.00013987128,0.00020708551,0.001999575,0.007995463,0.00013510106,0.00013631814,917,test
0.00042418507,0.00020395058,0.9963665,0.0016342076,0.00049563986,0.00041643422,0.0002496699,0.00020941008,918,test
0.00028591783,0.00018894898,0.99702245,0.0011131507,0.00041697416,0.00046091294,0.00030777123,0.0002038761,919,test
0.00033377277,0.00017800246,0.99704283,0.0011320133,0.0003834697,0.00049309275,0.00022684202,0.00020980318,920,test
0.004715943,0.0011311754,0.9804982,0.008247509,0.0016101596,0.002022422,0.000981303,0.00079335866,921,test
9.2026204e-07,0.99988353,3.5133885e-06,1.1391758e-06,8.95959e-05,8.572295e-06,1.236583e-05,3.0550433e-07,922,test
0.00050437194,0.0002214429,0.9955367,0.0022865885,0.0005267109,0.00043249,0.00025429117,0.00023744376,923,test
0.990853,0.00021162641,6.396e-05,0.00015789105,0.0012052644,0.00730807,9.27018e-05,0.00010748685,924,test
5.5971763e-05,8.959325e-08,5.2544467e-05,5.9438808e-06,0.00023326285,0.00052864745,0.001145682,0.9979779,925,test
0.0005922053,0.00033610343,0.99507797,0.0021487565,0.00066751917,0.0004725786,0.0003659666,0.0003388032,926,test
0.9807365,0.00019496722,0.00011822664,0.00037520195,0.0019524539,0.016301826,0.00016727479,0.00015357143,927,test
0.98638815,0.00043539066,0.00032943036,0.00053384283,0.0018475078,0.009979035,0.0002381528,0.00024842293,928,test
0.0005512571,0.00028765082,0.99550074,0.0019487508,0.0005555438,0.00058233854,0.0003080509,0.00026571302,929,test
0.99002904,0.00012753959,6.702584e-05,0.00015158011,0.0010961997,0.00829857,0.00011877028,0.000111396366,930,test
0.00028088674,0.00030154985,0.9966551,0.0012914013,0.0007093634,0.00034165577,0.00023612757,0.00018394386,931,test
0.9859826,0.00012897563,6.6932036e-05,0.00014590066,0.0013856267,0.0119768325,0.00016849385,0.00014455858,932,test
0.991161,0.00013650706,6.1011266e-05,0.00012812039,0.0010319677,0.0072719045,0.000119763376,8.972019e-05,933,test
0.00083692785,0.00038604508,0.9936888,0.0026067041,0.0009135709,0.00084248185,0.00039820606,0.0003270954,934,test
0.00058967486,0.00032254346,0.9946496,0.0024312043,0.00079874444,0.0005834061,0.000342413,0.0002823765,935,test
0.00031005085,0.00022694646,0.9968514,0.0012650501,0.00045599978,0.00041698033,0.0002463558,0.00022730947,936,test
0.00045010075,0.00025762062,0.99659675,0.0011585971,0.00051310455,0.0004958068,0.00030015016,0.00022785863,937,test
0.3790174,0.000569233,0.008349878,0.0032099492,0.0016962979,0.59923327,0.003949002,0.003974893,938,test
0.0011069484,0.0007861002,0.98963493,0.0047026468,0.0013921488,0.00068934564,0.0011038875,0.0005839642,939,test
0.0003971202,0.00047713792,0.99554306,0.0016010967,0.0009148275,0.0004747244,0.00034543226,0.00024658165,940,test
0.005646911,0.0014543657,0.9441576,0.033009917,0.0022678394,0.0056107943,0.0050843065,0.0027682178,941,test
0.0008396023,0.0003555748,0.9929182,0.003785171,0.00096808927,0.0004938249,0.00036474314,0.00027469048,942,test
0.98998356,0.0001312789,5.0216877e-05,8.935256e-05,0.0012052489,0.008324576,0.00013821572,7.742323e-05,943,test
0.9829153,0.000346842,0.00012417915,0.00030005464,0.0030066231,0.012834678,0.00020274638,0.00026952726,944,test
0.0004736988,0.00026646245,0.9959986,0.001621471,0.0006049116,0.00050798245,0.00026035466,0.0002665547,945,test
0.0005358427,0.00035654107,0.9953366,0.0015157895,0.00066704315,0.0008161953,0.00037476709,0.0003971433,946,test
0.9480542,0.0020412747,0.011328778,0.0045339647,0.011458548,0.020278659,0.0011392272,0.0011653733,947,test
0.0005298451,0.000239962,0.9953147,0.0023032122,0.0005855842,0.00049929455,0.00026640572,0.00026099622,948,test
0.0005147535,0.00031777058,0.9952394,0.0019896552,0.0007162239,0.0005512422,0.00032723765,0.0003437035,949,test
0.00065655354,0.00043526248,0.99405175,0.00244262,0.00089305633,0.0007039598,0.00044797154,0.00036889146,950,test
0.00058996584,0.00042133153,0.9943553,0.0023566766,0.000839624,0.0006702067,0.00045663587,0.00031033342,951,test
0.0001120093,0.00045315607,0.0026747354,1.6079677e-05,0.0002473657,0.004898652,0.98834306,0.0032549924,952,test
0.9836378,0.0002470291,0.000105053565,0.00022843255,0.0017650689,0.0136394985,0.00020717853,0.00016989755,953,test
0.0006790214,0.000414427,0.99390996,0.00272215,0.0008593136,0.0007167598,0.00037381845,0.00032452217,954,test
0.003511311,0.00039603107,0.00010032888,0.0001081005,0.00012852233,0.99469733,0.00053018273,0.000528187,955,test
0.0004249907,0.00022547849,0.99557495,0.0025755242,0.0005807954,0.00028725967,0.00017414209,0.00015681185,956,test
0.0011666537,0.0007950778,0.98961216,0.004758288,0.0013732401,0.0011822545,0.00067766063,0.0004346734,957,test
0.0001977817,0.00016315348,0.99774456,0.0006893503,0.00039832015,0.00034967504,0.0002606658,0.00019642546,958,test
0.006039973,7.78881e-06,0.0018627354,6.215146e-05,0.003039136,0.0014130587,0.0087512545,0.9788238,959,test
0.98307526,0.0003792497,0.00047938662,0.0005465825,0.0011102709,0.013668343,0.00026850993,0.00047231663,960,test
0.0008962673,0.0005984408,0.9928485,0.0031214738,0.00092837436,0.0006930284,0.00035756026,0.00055642653,961,test
0.00051639165,0.00025098378,0.9947001,0.0026841343,0.0006836942,0.00042585452,0.00034924716,0.00038958734,962,test
0.9858435,6.69095e-05,7.5545e-05,0.00013502938,0.0005479109,0.013057171,0.000101424404,0.00017250454,963,test
0.98823804,0.00014933421,0.00016950614,0.00020894558,0.0006419209,0.010169379,0.00017616959,0.0002467217,964,test
0.98366725,0.00016310078,0.00021721594,0.0003711521,0.001111209,0.014070368,0.00015686713,0.00024284012,965,test
0.0003171728,0.00021877191,0.9968652,0.0013918793,0.00044914367,0.00032101988,0.00018938442,0.00024734795,966,test
0.0003349566,0.00017588657,0.9964734,0.0015529997,0.0005991911,0.00032327388,0.00020541876,0.00033491728,967,test
0.0003784206,7.465175e-05,0.99648273,0.0022675407,0.00035721425,0.00021049919,6.887579e-05,0.00015998242,968,test
0.00045069176,0.00018860433,0.9959122,0.0021645515,0.00044996233,0.0003349926,0.00020298593,0.000296043,969,test
0.0005433881,0.00028878186,0.9950157,0.002150676,0.0007635411,0.0003960842,0.00038517968,0.00045672106,970,test
0.98853624,0.00013801787,0.0001227073,0.00013835737,0.000493152,0.010353263,0.00010479688,0.00011339591,971,test
0.99216217,0.00017185419,0.00017109996,0.00025393508,0.0010255689,0.0058079194,0.00015282958,0.00025459586,972,test
0.0007751468,0.0003355251,0.9942386,0.0025019397,0.00075945305,0.00061892276,0.00034963855,0.00042071714,973,test
0.985135,0.00015268257,0.00018604207,0.0003379206,0.0010944508,0.012628411,0.00013984722,0.0003256268,974,test
0.9910789,0.00013013651,0.000117940705,0.00015603342,0.00061804586,0.0076492773,9.2718336e-05,0.00015691563,975,test
0.0008116949,0.00031113782,0.9940884,0.0025785314,0.00074710866,0.00060961064,0.00038511274,0.00046836317,976,test
0.057349306,0.030547922,0.13612787,0.016439538,0.024619777,0.14805058,0.3846548,0.20221022,977,test
0.9896596,0.00014565847,0.000115260074,0.00018144042,0.0006405405,0.008986794,0.000114140734,0.00015672258,978,test
0.00048785278,0.00018986601,0.9955563,0.002326395,0.0005143861,0.00034455658,0.00022637013,0.0003543168,979,test
0.0009173824,0.00049084413,0.99062574,0.005435791,0.0012621109,0.00046121387,0.00043152954,0.00037537407,980,test
0.00070203934,0.00023457428,0.99267817,0.004675892,0.0007927074,0.00038463812,0.00027103172,0.00026102003,981,test
0.00082453864,0.00022528811,0.9935388,0.0035558466,0.0006253955,0.00052570726,0.00027719027,0.00042733582,982,test
0.0005180585,0.00037322575,0.9940361,0.00263527,0.00084064784,0.0006847966,0.0004039722,0.00050792936,983,test
0.98860663,0.00022419091,0.0001337462,0.0002074121,0.00095556263,0.009501449,0.00014269425,0.00022827194,984,test
0.00061484164,0.00043708476,0.9933385,0.0033015078,0.0008911836,0.00052289426,0.00041393543,0.00047996797,985,test
0.0007920137,0.00040736218,0.9936068,0.0027822177,0.0010148005,0.00050619047,0.0003807932,0.00050980505,986,test
0.00062450743,0.0003434157,0.9951626,0.002006169,0.00066222646,0.00051689445,0.00030174936,0.0003823719,987,test
0.00025851492,0.0001496542,0.99743503,0.0009992262,0.00042778847,0.00025783214,0.00020726367,0.00026472795,988,test
0.9876073,0.00024464756,0.00022022137,0.00031224784,0.0008328717,0.010366992,0.0001670536,0.0002487352,989,test
0.00035772496,0.00026791278,0.9959006,0.0019737796,0.00055844313,0.00040059304,0.00023823156,0.00030269567,990,test
7.826802e-05,1.3781596e-07,0.0005712812,5.487108e-06,0.0006010866,0.00088317366,0.0023504784,0.9955101,991,test
0.0004928208,0.00023468278,0.9956884,0.0017564463,0.0005665618,0.00050062675,0.00034901503,0.00041155072,992,test
0.0005295895,0.00019594979,0.99631125,0.001449381,0.00053311884,0.00045186418,0.0002202923,0.0003084873,993,test
0.000992692,0.00018197269,0.00048101306,0.00065647863,0.00012590295,0.99532497,0.0018404716,0.0003964131,994,test
0.0005207211,0.00048342685,0.99413127,0.0025513023,0.0009170466,0.00065614225,0.0003600031,0.00038009454,995,test
5.1261807e-08,0.999977,4.840361e-07,1.1033013e-07,8.257507e-06,3.1903667e-06,1.0903018e-05,5.3864323e-08,996,test
0.98798054,0.00015789794,0.00014434238,0.0002296784,0.0006684787,0.010504037,0.00012058084,0.00019446484,997,test
0.012451363,0.0022423088,0.00076150236,0.00048744166,0.9830835,0.00041655975,0.00022374648,0.00033356828,998,test
0.0007840816,0.00025554944,0.9938327,0.002956423,0.00072976376,0.00058425346,0.00035023532,0.0005069549,999,test
0.0002212071,0.00013691068,0.99754363,0.0011386717,0.00043880788,0.00022696852,0.00014729358,0.00014648026,1000,test
0.0004888423,0.0003390812,0.9946549,0.0023391582,0.0007985339,0.000563592,0.0003399405,0.0004760521,1001,test
0.00047903374,0.00026544422,0.9950923,0.0027391785,0.0006446282,0.00029700488,0.00020454724,0.00027794318,1002,test
0.0040051597,0.0005300241,0.00017496035,0.00025475913,0.99483323,2.7223095e-05,6.207532e-05,0.000112527,1003,test
0.06288207,0.0005694055,0.0035410614,0.006961037,0.0042965203,0.9061552,0.007838553,0.0077561312,1004,test
0.9799611,0.00022612486,0.0002827677,0.00052011025,0.0011497348,0.017058566,0.0003118155,0.0004897497,1005,test
0.0005787386,0.00035071836,0.99489635,0.002217011,0.0006881374,0.00054427737,0.00028379227,0.00044093284,1006,test
0.00041221932,0.00013759494,0.9964689,0.001691594,0.00048975274,0.00033651435,0.00017293151,0.00029051502,1007,test
0.9867851,0.0001948782,0.00019837702,0.00023748394,0.0009346797,0.011209533,0.00018308125,0.00025674564,1008,test
0.0005167187,0.00019741895,0.9951019,0.002887287,0.00054183195,0.00031016537,0.00018485545,0.00025986414,1009,test
0.00051092904,0.0002462002,0.99492186,0.003017663,0.00059222424,0.0002682702,0.00017053902,0.00027229325,1010,test
0.0021643569,0.0004035647,0.0002579405,0.0002383731,0.99671376,2.1673723e-05,6.6282955e-05,0.00013403833,1011,test
0.9917389,0.00017437873,0.00016098001,0.00017283783,0.000648081,0.0068292576,0.00011433071,0.00016115035,1012,test
0.0008068412,0.00044188614,0.99340373,0.003274923,0.0008090842,0.00056134374,0.00028607663,0.00041617712,1013,test
0.0008305858,0.00042718105,0.99219865,0.0043399986,0.0010053085,0.0004659977,0.00030901752,0.00042314912,1014,test
0.9652143,0.000771229,0.002099552,0.0034066597,0.009071963,0.013753397,0.0013387752,0.0043440955,1015,test
0.0003473097,0.00010829833,0.00015813316,0.0002689338,5.4960597e-05,0.99755126,0.0008252118,0.0006857981,1016,test
0.00072270405,0.0008837161,0.027555326,0.00017957087,0.0024394097,0.0070617036,0.91096395,0.050193634,1017,test
0.0012873416,0.00015415237,0.99349594,0.0037583804,0.0006842453,0.00027520442,0.00014794845,0.00019677074,1018,test
0.00033998533,0.00029872212,0.9957789,0.0018339034,0.00071201357,0.000525238,0.000230291,0.00028096113,1019,test
0.0009290223,0.00041246566,0.99246997,0.0040312903,0.0008134155,0.0005220433,0.00030587576,0.00051597465,1020,test
0.00033482403,0.00021046979,0.9960795,0.0019360672,0.00064532214,0.00033904085,0.00020993895,0.0002449319,1021,test
0.98771113,0.00018734668,0.00020971612,0.00034542987,0.00096257863,0.01014609,0.00015186041,0.00028580285,1022,test
0.0013331809,0.0004345669,0.98693556,0.005309743,0.001811033,0.001391,0.0013024972,0.0014823041,1023,test
0.0012423833,0.00040458233,0.9897175,0.0057762503,0.0013036877,0.00041030627,0.00033706144,0.00080822036,1024,test
0.0005132683,0.00026453298,0.9952178,0.0024308641,0.0006286029,0.00032205132,0.00025002979,0.000372855,1025,test
0.25984326,0.012276604,0.008400207,0.010718804,0.5280013,0.16095723,0.01076069,0.00904182,1026,test
0.9869026,0.00024331818,0.0003257976,0.0003608108,0.001026347,0.010577261,0.00024562865,0.0003182317,1027,test
0.98599863,0.00031322302,0.0002719152,0.00033727675,0.00080675725,0.011685172,0.00024239595,0.00034452425,1028,test
0.98491806,0.00012189203,0.00012317476,0.00022598315,0.00080262835,0.013395849,0.00016352712,0.00024893638,1029,test
0.00079302705,0.0005310126,0.9929127,0.0028703862,0.00089536846,0.0008306332,0.00050469337,0.00066219363,1030,test
0.0003877877,0.00025008686,0.9954461,0.0020490866,0.00074494904,0.0004400046,0.00032891112,0.0003530852,1031,test
0.0006507868,0.00020492528,0.99578553,0.0016285155,0.00058047683,0.00060290436,0.00023797041,0.0003088619,1032,test
7.5303156e-05,0.00012716641,0.0011135599,7.927522e-06,0.00041709142,0.0024793565,0.99410135,0.0016782244,1033,test
0.99044514,0.00020846455,0.0001730356,0.00021452188,0.0007478015,0.007876552,0.00012559409,0.00020884165,1034,test
0.9911844,6.796042e-05,0.00011694598,0.000119920725,0.00046487898,0.00784039,7.515527e-05,0.00013030512,1035,test
0.98544204,0.00028929822,0.00024195341,0.00039177522,0.001011114,0.012078926,0.00024058644,0.0003042249,1036,test
0.98123175,0.00033646147,0.0004508903,0.0005803219,0.001348892,0.015439755,0.00022430367,0.00038769786,1037,test
0.9893468,0.00016453743,0.0001493473,0.00024149621,0.00066442916,0.00907477,0.00012297374,0.0002356501,1038,test
0.0005050814,0.00031067035,0.99561346,0.0019625057,0.00064312964,0.00039628398,0.00020676326,0.00036213236,1039,test
0.97620606,0.0003210339,0.00033163553,0.00047401598,0.0014164256,0.020301731,0.00046659983,0.00048260234,1040,test
0.9874352,0.00015058956,0.00015917643,0.00022505995,0.00062645564,0.011084693,0.00012268384,0.00019606447,1041,test
0.00051805994,0.0005349614,0.99394083,0.002547046,0.00105896,0.000522106,0.00043222605,0.0004457563,1042,test
0.0008068122,0.00020782654,0.9912407,0.0052011698,0.0008547334,0.000759796,0.0004349415,0.0004940597,1043,test
0.99049336,9.2163136e-05,8.850184e-05,0.00012976625,0.0005172854,0.00845784,8.124577e-05,0.00013985789,1044,test
0.017141648,0.0015371976,0.0013090632,0.0012807696,0.97358865,0.001355862,0.0017053141,0.0020816228,1045,test
0.0007091718,0.00026316388,0.99318004,0.0035253507,0.0009055792,0.0007239543,0.0003367628,0.00035600498,1046,test
0.00050682435,0.00019814921,0.9952325,0.0025963702,0.0005740488,0.00032378404,0.00021918396,0.00034919273,1047,test
0.00070897053,0.00050681777,0.9929027,0.0029483235,0.0009925438,0.0008005467,0.00058792677,0.00055220054,1048,test
0.0007543925,0.0005546586,0.99282914,0.0032760627,0.0011755932,0.0004595482,0.0004457287,0.0005048767,1049,test
0.9920632,0.00011937795,9.634562e-05,0.00012574877,0.000560801,0.0068180156,7.703777e-05,0.0001394507,1050,test
0.0005366791,0.0004003036,0.99183357,0.004201198,0.0015123317,0.00035659043,0.00061507715,0.0005442803,1051,test
0.00047097044,0.00041304334,0.9950435,0.002113656,0.000803967,0.00049796107,0.00026391624,0.00039298157,1052,test
0.9838905,0.00035384047,0.000275571,0.0005060508,0.0012260226,0.013224008,0.00021179921,0.0003122616,1053,test
0.0005302141,0.00021202113,0.99568105,0.0020039768,0.0005151875,0.0004675276,0.00024627973,0.00034368967,1054,test
0.0005421529,0.00021475602,0.99589694,0.0015917292,0.00061662303,0.0005513243,0.00025298554,0.00033351476,1055,test
0.002917366,0.00041356025,0.9849996,0.0076031974,0.0012657063,0.0011090823,0.000514513,0.0011769427,1056,test
0.9893686,0.000110876,0.00011317341,0.0001720768,0.0006608713,0.009277251,0.00010892211,0.00018832927,1057,test
0.0008539199,0.0003960544,0.9924027,0.004217192,0.0009245866,0.00047494247,0.0002852209,0.0004454686,1058,test
0.000951187,0.00040138117,0.99360186,0.002733904,0.00082639494,0.0006721494,0.00033907354,0.00047404462,1059,test
0.0003024769,4.4914734e-05,0.00011736498,0.00011982962,2.3305012e-05,0.9983956,0.00076450343,0.00023196329,1060,test
0.9816859,0.00027358395,0.00025456364,0.00042422555,0.0011267761,0.015430558,0.00033885555,0.00046553003,1061,test
0.9919109,0.00016237955,9.375812e-05,0.00023291585,0.00069435727,0.006518207,0.00014974321,0.00023777755,1062,test
0.0005457153,0.00045975752,0.9936878,0.0027660609,0.000886071,0.0008492417,0.0004051103,0.00040018125,1063,test
0.0007003716,0.0002466776,0.995097,0.0022064003,0.0006427246,0.00045628104,0.00024487893,0.00040576377,1064,test
0.9852828,0.00030834854,0.0002922338,0.000577261,0.0014386679,0.011292672,0.00028177918,0.00052624434,1065,test
0.98994446,0.00022540517,0.00018904672,0.00021932651,0.0007567146,0.008329325,0.00014077906,0.00019497519,1066,test
0.0006356068,0.00022652974,0.009521219,2.3780934e-05,0.0013809274,0.0101684,0.9465653,0.031478167,1067,test
0.99228984,0.00010389205,0.00013111622,0.00014740514,0.0005418351,0.006543971,9.336948e-05,0.00014849722,1068,test
0.98929745,0.00020987232,0.00017012405,0.0002535322,0.00069330534,0.00903075,0.00012749822,0.0002173831,1069,test
0.0007267755,0.00045177908,0.99193317,0.004685111,0.000941645,0.00039783542,0.00038806204,0.00047555583,1070,test
0.00021374412,0.00012150536,0.9979482,0.0007965253,0.00037611017,0.00021598583,0.00013921852,0.00018871902,1071,test
0.9877579,0.0002301225,0.00017931397,0.00027360034,0.0008243169,0.01039421,0.00013939358,0.00020105473,1072,test
0.0006893321,0.0003441364,0.9932902,0.0036268823,0.0008482848,0.00040912424,0.00030606988,0.00048593554,1073,test
0.9868528,0.00016448839,0.00016954448,0.00024174008,0.0007602023,0.011368262,0.00017423746,0.00026876238,1074,test
0.0007256847,0.00027708654,0.99426925,0.0027308709,0.00068657787,0.00057986967,0.0002943221,0.00043632908,1075,test
0.00023304131,0.00022208113,0.9962782,0.0015400366,0.0009084596,0.0003244697,0.00021640559,0.00027737435,1076,test
0.00056157855,0.00022409124,0.99566865,0.0019250213,0.00054238155,0.00044287863,0.00026899207,0.0003664322,1077,test
0.00052834715,0.0002403899,0.9959805,0.0015521953,0.0006180262,0.00048661133,0.0002421628,0.00035170242,1078,test
0.00017247566,9.389438e-05,0.9979109,0.001007684,0.00042103502,0.00014105368,8.9576104e-05,0.000163335,1079,test
0.0012983063,0.0007231089,0.9910405,0.0032875247,0.0009979549,0.0011808864,0.00079301954,0.00067866006,1080,test
0.0006638855,0.00029837678,0.99491715,0.0018150228,0.00041500566,0.0009071293,0.0004662349,0.0005171838,1081,test
5.3082285e-06,0.9995616,1.7652548e-05,2.8506429e-06,0.00033158954,4.9477258e-05,2.9153942e-05,2.389801e-06,1082,test
0.0016144768,0.00041975034,0.98985976,0.004253874,0.00060264784,0.0015041253,0.00090599875,0.00083941786,1083,test
0.9914603,0.00011039083,0.00013761688,0.00015366041,0.0006674564,0.007221107,0.000116347685,0.00013315232,1084,test
0.9814631,0.0003003686,0.0010023165,0.002096557,0.003197154,0.010568937,0.00056915346,0.00080255617,1085,test
0.0011112866,0.00075286656,0.9917332,0.0028493938,0.00085883104,0.0011083314,0.0009706967,0.00061541237,1086,test
0.0012809958,0.00044655812,0.9907099,0.0036751896,0.0009807821,0.0013009992,0.0010273065,0.00057838345,1087,test
0.002093952,0.0010890244,0.98634213,0.005532239,0.0014693574,0.001379069,0.0012262847,0.00086804514,1088,test
0.0013646621,0.0006632374,0.9913384,0.0039300635,0.0007498988,0.0008986179,0.0005201706,0.0005349777,1089,test
0.99118865,8.228785e-05,0.000111909656,0.00017476814,0.0005268675,0.007711669,8.014521e-05,0.00012378307,1090,test
0.43109533,0.006106569,0.45493177,0.046334993,0.013383866,0.031276207,0.00543158,0.01143972,1091,test
0.001095134,0.00048080983,0.99206537,0.0022371307,0.0013955809,0.0015632962,0.00051873166,0.00064391945,1092,test
0.005794845,0.0002239591,0.0013195239,0.00015319421,9.074371e-05,0.9854074,0.0022534751,0.004756832,1093,test
0.073995315,0.012267473,0.021836052,0.023390014,0.038633008,0.7343566,0.034084104,0.06143741,1094,test
0.00073696097,0.00032858708,0.9941837,0.0021764499,0.0005214267,0.0010453775,0.00049775426,0.00050966267,1095,test
0.99077785,0.00021622381,0.00015109242,0.00015757824,0.00077549857,0.0077014673,0.00010317885,0.00011710231,1096,test
9.729669e-06,0.99919933,4.301094e-05,5.059676e-06,0.00058892317,6.667124e-05,8.1472586e-05,5.7410466e-06,1097,test
0.00088943203,0.00036310442,0.9938053,0.0022064613,0.0005014134,0.0010729351,0.0006149795,0.0005464407,1098,test
0.00058153144,0.00039220127,0.99534106,0.0014102431,0.00054232014,0.00083670404,0.00048890064,0.00040702475,1099,test
0.00042800166,0.00027832465,0.9957105,0.0015007239,0.0004652758,0.000837987,0.00044739826,0.0003317674,1100,test
0.0004916734,0.00041644435,0.9953507,0.0011802267,0.0007012985,0.00081757567,0.0006174431,0.00042454625,1101,test
0.0008739977,0.000459036,0.0016387136,0.00026545895,0.00019216869,0.99175006,0.003177999,0.0016424702,1102,test
0.99060154,0.00012807445,0.00012219643,0.00015992779,0.00064209185,0.008097569,0.00011556105,0.00013308127,1103,test
0.0005301038,0.00027239203,0.9955362,0.0013775789,0.0004508092,0.0008405482,0.0005043945,0.00048798352,1104,test
0.99168605,9.7637734e-05,0.00010639238,0.00013193325,0.00048430482,0.007290346,9.0118796e-05,0.000113200746,1105,test
0.0011611944,0.00046696098,0.9923086,0.0030942967,0.00067366025,0.0011017389,0.00063650415,0.0005569859,1106,test
0.00051425805,0.00030339486,0.9956729,0.001088313,0.00046138783,0.0010298524,0.0005137835,0.00041605032,1107,test
0.9912111,0.00022255463,0.00020423444,0.00013903678,0.0011219453,0.0066945236,0.00022180773,0.00018467115,1108,test
0.00081635284,0.00034732884,0.99399513,0.0021185265,0.000613588,0.0009845677,0.00058725773,0.00053723075,1109,test
0.0005408635,0.00039397413,0.995316,0.0012900106,0.00055023306,0.00093191967,0.0005192329,0.0004577303,1110,test
0.0016381125,0.0008743318,0.9893622,0.003877904,0.0010812208,0.0014815552,0.000977043,0.000707593,1111,test
0.0005725866,8.927724e-05,0.00030747743,0.00016325706,2.4024746e-05,0.99792385,0.0006913959,0.0002281614,1112,test
0.0027018688,0.0014199906,0.9763782,0.007220759,0.0024281293,0.0033433586,0.002699588,0.0038080532,1113,test
0.97181165,0.00089580304,0.0012065796,0.0013457222,0.0016278817,0.021720279,0.0006802335,0.0007118263,1114,test
0.00074814097,0.0003755854,0.994276,0.0017518332,0.00053184974,0.001210164,0.000573851,0.0005325794,1115,test
4.017677e-05,9.484558e-05,0.0039789425,1.305922e-05,0.0003172132,0.0015997166,0.9925845,0.0013715528,1116,test
0.99189395,8.01037e-05,0.00012909005,0.00015613582,0.0004460346,0.0070196227,0.000119143435,0.00015600008,1117,test
0.9914533,0.00014326585,0.0001731701,0.00021677809,0.0007915658,0.0069251233,0.00014830724,0.00014850809,1118,test
0.9890527,0.00021384183,0.00021575388,0.00024276097,0.00093617826,0.008951406,0.00017351792,0.00021381534,1119,test
0.9931854,0.00014864244,0.00012824906,0.00013631121,0.000484416,0.0057547414,7.404789e-05,8.816076e-05,1120,test
0.9887726,0.00030627663,0.0004163896,0.00037959282,0.0011331879,0.008373077,0.0002670638,0.00035184695,1121,test
0.00053664733,0.0002050035,0.9958264,0.0013332887,0.00038440392,0.0008517482,0.00043418942,0.00042814785,1122,test
0.97841483,0.0005788814,0.0005932561,0.0006927996,0.0029449093,0.015685324,0.00052815524,0.0005616983,1123,test
1.24114085e-05,0.99916935,6.884212e-05,7.4875898e-06,0.00043436486,0.00014571777,0.0001399455,2.1962886e-05,1124,test
0.0024844813,0.0004917029,0.98645335,0.0054498273,0.000851311,0.0019866782,0.0012225261,0.0010601524,1125,test
0.0004923334,0.00031314226,0.9951827,0.0013346148,0.00053501665,0.0011188323,0.00056090445,0.00046236243,1126,test
0.0005155146,0.00027515867,0.9955272,0.0012308469,0.00052384776,0.0009634759,0.00048352612,0.00048041597,1127,test
0.25555536,0.011104695,0.21952872,0.016241305,0.072589956,0.34011117,0.037939943,0.04692881,1128,test
0.0008989083,0.00043357516,0.9931238,0.0024483085,0.00066847616,0.0012333543,0.000561139,0.0006324305,1129,test
0.99151856,0.0001358756,8.939232e-05,0.00013389898,0.0005222467,0.007439698,7.352869e-05,8.6835666e-05,1130,test
0.00655663,0.0011717452,0.971619,0.011129059,0.001780482,0.0026073696,0.0034502726,0.0016854363,1131,test
0.0032739688,0.00066487823,0.97892433,0.014168454,0.0009317027,0.0010371399,0.00053094723,0.00046864845,1132,test
0.9876002,0.00031535825,0.00026775236,0.0003041155,0.0008235395,0.010303398,0.00016915571,0.0002164843,1133,test
0.98901564,0.0002088035,0.00025323217,0.0002368591,0.00087117864,0.00908002,0.00017086374,0.00016349195,1134,test
0.004258935,0.0021293631,0.9694799,0.0077930135,0.0026171287,0.0053166854,0.0046024844,0.0038025056,1135,test
0.00042543147,0.00022630043,0.99642736,0.0010700432,0.00051100284,0.00065329816,0.00039248573,0.000294024,1136,test
0.00056405156,0.00033464137,0.99510807,0.0013843885,0.0005488985,0.0010263701,0.0005196396,0.00051401794,1137,test
0.0008144631,0.00035134843,0.99447244,0.0018521994,0.000500539,0.0010054251,0.0005240843,0.0004795362,1138,test
0.001058042,0.0003978462,0.99277955,0.003057508,0.0006974034,0.001046868,0.0005925311,0.00037017005,1139,test
0.0007956114,0.00035244957,0.9943005,0.0019886256,0.000523328,0.0009952439,0.00055014767,0.0004942571,1140,test
0.002031806,1.8385548e-05,0.0033965502,2.8107403e-05,0.0013026829,0.006444189,0.006011387,0.980767,1141,test
0.0004597648,8.364383e-05,0.00016964025,0.9984151,0.00063783606,0.0001371707,1.3006142e-05,8.375558e-05,1142,test
0.98930246,0.00013054247,0.00010723773,0.00018444004,0.0007344411,0.00925434,0.00012373381,0.00016281822,1143,test
0.0015412499,0.0006086984,0.9907127,0.0039768056,0.00076830725,0.001078486,0.0007136209,0.00060014107,1144,test
0.0006596313,0.0003983847,0.00027730662,0.00013449913,3.494371e-05,0.9962316,0.0019328565,0.00033072228,1145,test
0.9924562,0.00015483823,0.00012233408,0.00012006256,0.0005028863,0.006394211,0.00013348347,0.000115915405,1146,test
0.99249905,0.0001913484,9.8766264e-05,0.0001672495,0.00070082606,0.006122889,9.9522964e-05,0.00012040763,1147,test
0.0054266867,0.0009220059,0.97773004,0.008240162,0.001320839,0.003758789,0.0013093045,0.0012921264,1148,test
0.9854688,0.00044387454,0.00035815203,0.00042212938,0.0012648517,0.011370911,0.0003067936,0.0003644482,1149,test
0.0003578173,0.00017185847,0.9966679,0.00096763147,0.00037635,0.000693866,0.0004455275,0.00031906055,1150,test
7.5033927e-06,0.99930346,2.7521864e-05,3.965562e-06,0.000565195,5.134641e-05,3.7676626e-05,3.3568642e-06,1151,test
0.001010945,0.0006898314,0.9931465,0.002002618,0.000818849,0.0010856004,0.0007699299,0.00047575828,1152,test
0.9805891,0.00026781834,0.0004754046,0.00037363454,0.00053309585,0.017275741,0.00024889174,0.00023642663,1153,test
0.99064845,0.0001962206,0.00021026959,0.00019453844,0.0006951193,0.0077024363,0.00017310232,0.00017988896,1154,test
0.00076192146,0.00043019425,0.99404776,0.0016276018,0.0005152305,0.0014624234,0.0005598444,0.00059508404,1155,test
0.9856001,0.00020410209,0.00034592126,0.00027041792,0.0012535446,0.011698649,0.00031461302,0.00031269266,1156,test
0.0012536057,0.00027140568,0.00033481573,0.00021787519,4.6175075e-05,0.9965964,0.0008151171,0.00046470534,1157,test
0.0009878488,0.00048466376,0.9934176,0.0022500698,0.00064404187,0.0010280184,0.000663495,0.00052416365,1158,test
0.0005291356,0.00026130985,0.99580777,0.0013455102,0.00047316428,0.00075533637,0.00042229216,0.0004055325,1159,test
0.0009179115,0.00039486788,0.9934915,0.0029394955,0.0005997697,0.000784659,0.0004496795,0.00042204582,1160,test
0.0006016282,0.000345862,0.99496424,0.0013688569,0.00048282108,0.0011275265,0.00060822093,0.00050088204,1161,test
0.00031824256,0.0003882738,0.007817516,4.666031e-05,0.00073714036,0.0069965217,0.97618085,0.007514903,1162,test
0.99019486,0.00013885819,0.000115524956,0.00016963668,0.00065982144,0.008531634,8.801668e-05,0.000101704056,1163,test
0.00085272157,0.0004231998,0.99291855,0.0022609143,0.0006457335,0.0014852856,0.0007128184,0.0007007848,1164,test
0.0005955081,0.0003130088,0.99525946,0.0015171935,0.00050957955,0.00093913474,0.0004522086,0.00041400932,1165,test
0.0013899659,0.0005301624,0.99020094,0.002363353,0.00077147037,0.0026510307,0.0011126574,0.0009804545,1166,test
0.9849022,0.00019002905,0.00039378015,0.0003318986,0.0009872405,0.0125596095,0.00030251316,0.0003326753,1167,test
0.00061950064,0.0004372089,0.99511236,0.0013034473,0.000516336,0.0009774019,0.000551697,0.000482041,1168,test
0.0009396663,0.00057662,0.9925712,0.0025165223,0.0010373169,0.0010114025,0.0007613141,0.0005860438,1169,test
0.000766512,0.000377368,0.99441296,0.0018670695,0.00059076067,0.00098936,0.00052299106,0.0004729609,1170,test
0.007186994,0.0011340346,0.9769009,0.008326086,0.001373911,0.0030170504,0.00096079696,0.0011003165,1171,test
0.99090755,0.00013077272,0.0001313935,0.00017247157,0.0007683711,0.0076275486,0.0001102525,0.0001516371,1172,test
0.0009988386,0.0005203612,0.9928389,0.0023451238,0.00073241006,0.0012775394,0.0005808731,0.0007059224,1173,test
0.00035779015,0.0002032312,0.9965432,0.00094553345,0.00043462962,0.00075016666,0.00043109883,0.00033436582,1174,test
0.00085587223,0.0003941787,0.9939154,0.0028443702,0.00064108503,0.0006486014,0.00035800235,0.00034249912,1175,test
2.5411131e-05,0.00021205175,0.0015007702,5.4370003e-06,0.00015123944,0.0015978307,0.99564064,0.00086666865,1176,test
0.0007826049,0.00034023702,0.99475044,0.0017635801,0.0005050434,0.0009397296,0.0004931992,0.00042516287,1177,test
0.9875552,0.00026550586,0.00021547037,0.00029406484,0.0010373669,0.010270232,0.00016283056,0.00019935107,1178,test
0.0008650795,0.00038189176,0.9934843,0.0028926258,0.0006227103,0.00085042964,0.00043211182,0.00047078726,1179,test
0.00080893753,0.000473377,0.99303895,0.0016964833,0.0007192905,0.0016711799,0.0008292115,0.0007624535,1180,test
0.00093874766,0.00047640904,0.99321586,0.0024110277,0.00069923425,0.0010281656,0.0005874471,0.0006431056,1181,test
0.00035815808,7.8535055e-07,0.00090421236,1.788101e-05,0.0007728855,0.0013183171,0.0023069524,0.99432075,1182,test
0.9899305,0.00013517369,0.00017870193,0.00020170114,0.0006598778,0.008630355,0.0001149183,0.00014873603,1183,test
7.5273397e-06,0.9993723,2.8312706e-05,3.5459009e-06,0.0004762194,5.0330196e-05,5.6910205e-05,4.8993575e-06,1184,test
7.51943e-06,0.99949384,3.0831805e-05,2.5938668e-06,0.00034477518,4.8451384e-05,6.73859e-05,4.499324e-06,1185,test
0.102324165,0.0069880355,0.6689706,0.021882977,0.17598644,0.012359696,0.0048912386,0.0065968977,1186,test
0.00030220932,0.00019798629,0.9963735,0.0007502213,0.00028410248,0.000883675,0.00064616307,0.0005621557,1187,test
0.0009674128,0.00044730576,0.99282396,0.0030856654,0.0007829328,0.0008506217,0.0005507118,0.00049135427,1188,test
0.9923265,3.372253e-05,7.929175e-05,0.0001073673,0.00023263796,0.00705477,6.36413e-05,0.00010214377,1189,test
0.0012145301,0.00034811455,0.99123937,0.003109355,0.00058597204,0.0018778199,0.00085005,0.0007747533,1190,test
0.008908521,8.9289115e-06,0.005304199,0.000558792,0.0018361204,0.0075856387,0.0072769504,0.96852076,1191,test
0.0009028049,5.498061e-07,0.0013931856,1.35925475e-05,0.0007624536,0.00056071405,0.0025445884,0.9938221,1192,test
0.0005023708,3.6780247e-07,0.0008164228,1.7651026e-05,0.00035645705,0.00095591374,0.0021895277,0.99516124,1193,test
0.98417574,0.00033810845,0.00041302544,0.0005106286,0.0011447987,0.01285886,0.000265806,0.00029306722,1194,test
0.0014112969,0.00017866114,0.00014645646,0.00019570508,0.9979989,8.543401e-06,1.2411562e-05,4.8028756e-05,1195,test
0.0008944004,0.00037285883,0.99362576,0.0022077633,0.00052418676,0.0011318731,0.0006550823,0.0005881543,1196,test
0.99152434,0.00019259768,0.000214484,0.00020305271,0.00083901716,0.0068010963,0.000105476065,0.00011997638,1197,test
0.0007667169,0.00038158827,0.9944534,0.0026301784,0.00052177755,0.0006183293,0.00032096906,0.0003070493,1198,test
0.9923844,0.00013559395,0.000119595985,0.0001607303,0.00054539664,0.0064409524,9.438733e-05,0.00011905159,1199,test
8.181446e-06,0.99937326,2.4847415e-05,1.1562263e-05,0.00050191605,4.2293967e-05,3.501849e-05,2.981725e-06,1200,test
0.0005436524,0.00035066187,0.9949686,0.0017843737,0.00057853665,0.0010410382,0.00044517947,0.00028808796,1201,test
0.98409504,0.00023379353,0.00020379275,0.00023198852,0.0012414095,0.013513904,0.0002907824,0.00018923538,1202,test
0.00048157992,0.00022458199,0.99573696,0.0019113927,0.0004305104,0.00071157864,0.00024345574,0.00025998062,1203,test
0.9864677,0.00034886485,0.00033982995,0.00033398194,0.0009213604,0.011144274,0.00024924724,0.00019477335,1204,test
0.00040989715,0.00023735937,0.99603736,0.0016498917,0.00048149488,0.00062307634,0.000293263,0.0002676699,1205,test
0.9895377,0.0003585097,0.00027106956,0.00021863276,0.0011225882,0.008078289,0.00021121635,0.00020200836,1206,test
0.98961735,0.00026837393,0.00021658394,0.00018916043,0.0010710334,0.008370769,0.00014429858,0.00012238346,1207,test
0.0006309516,0.00031689182,0.99259126,0.003281307,0.00063400454,0.0010233612,0.001044262,0.00047810443,1208,test
0.0014238562,0.001051709,0.9924281,0.0023503276,0.0017065591,0.0005863165,0.000337949,0.00011512125,1209,test
0.0005468958,0.000309877,0.99494416,0.0018750529,0.0005518073,0.0010230239,0.00035436783,0.0003948975,1210,test
0.0006096802,0.00040458626,0.9945602,0.001890605,0.00060414796,0.0011276406,0.00040411987,0.00039896287,1211,test
0.00031271097,0.00020415336,0.9968913,0.0011098196,0.00030338977,0.0007081335,0.00021639012,0.00025407126,1212,test
5.370689e-05,4.9848826e-08,0.00020807788,6.4248916e-06,0.00025861873,0.00033752798,0.0013390102,0.99779665,1213,test
0.0005197905,0.0003162078,0.994994,0.001956005,0.00061194773,0.0008944062,0.0003979662,0.00030980416,1214,test
0.0011430857,0.00053701515,0.99145037,0.0034755997,0.0009577759,0.0013433191,0.0005852185,0.00050765346,1215,test
0.00066167495,0.00034278305,0.9938983,0.0031987906,0.00071969535,0.000679358,0.00023707515,0.00026226242,1216,test
0.98677325,0.0006800334,0.00036219403,0.00038088256,0.0015647312,0.009688609,0.0002776915,0.00027252827,1217,test
0.0019041527,0.00069712015,0.9856148,0.0036795572,0.0014189063,0.0041813194,0.0016299138,0.00087416696,1218,test
0.00046812472,0.00018621176,0.00012090793,0.00010876491,2.3579152e-05,0.99860376,0.00034957688,0.0001390802,1219,test
0.00044278672,0.00038467263,0.9953343,0.0017818575,0.0007960593,0.00071716675,0.00027279067,0.0002703734,1220,test
0.0008184621,0.00033445377,0.00013112812,0.99618995,0.00081913406,0.001003522,0.00023487894,0.00046841273,1221,test
0.98785734,0.00054070906,0.0003138266,0.0002513982,0.0017438928,0.008805771,0.00026815763,0.00021882089,1222,test
0.98923486,0.000110961606,0.0001645149,0.00015798674,0.0008140083,0.009258722,0.00013166488,0.00012711332,1223,test
0.9878846,0.00030260644,0.00032088175,0.00025411858,0.0015785634,0.009329508,0.00016340359,0.00016645537,1224,test
0.90163964,0.0019861967,0.022368811,0.013427474,0.011278689,0.04106389,0.0021927066,0.0060425536,1225,test
0.0005271715,0.00035513504,0.99497664,0.0022304042,0.0006557446,0.000770691,0.00021553725,0.00026869055,1226,test
0.0005425153,0.00027209558,0.9952118,0.002173136,0.00052140484,0.0007268563,0.00024908222,0.00030306843,1227,test
0.0008068932,0.00063480623,0.9928966,0.0027077808,0.0009857585,0.0010836899,0.0004084258,0.00047607266,1228,test
0.00036934996,0.00026951663,0.99587554,0.0019444907,0.0005539275,0.0005747163,0.0002229578,0.0001895695,1229,test
9.277986e-06,0.99932003,3.822827e-05,8.481542e-06,0.0005142613,4.7287842e-05,5.8537156e-05,3.9355214e-06,1230,test
0.98833746,0.0002720219,0.0002064086,0.00017673527,0.0011973548,0.009489256,0.00017491094,0.00014587106,1231,test
0.98936486,0.00044868333,0.00038796233,0.00020700957,0.0010950794,0.008080225,0.00023730773,0.00017882443,1232,test
0.00091070565,0.0005140536,0.9924924,0.0037849334,0.00087706,0.0007284394,0.00034841054,0.0003440906,1233,test
0.00039989414,0.00026497108,0.9955226,0.0021466047,0.000675292,0.0006054595,0.00017664014,0.00020856294,1234,test
0.0004853279,0.00025780097,0.9947325,0.003048542,0.00056080846,0.00051783567,0.00017992962,0.00021730973,1235,test
0.0004443595,0.00023874249,0.995468,0.001768937,0.00039099267,0.000983571,0.0003202259,0.0003852302,1236,test
0.96884894,0.0037273755,0.002201357,0.0014044048,0.006727559,0.013494139,0.002221612,0.0013747242,1237,test
0.9847247,0.0005251887,0.00055042794,0.00048165146,0.001976545,0.01106988,0.00033367492,0.00033795382,1238,test
0.9876522,0.00021380618,0.0001945163,0.00016168146,0.0009847042,0.010469338,0.00018661583,0.00013710426,1239,test
0.037664045,0.0046338663,0.006246316,0.0076010698,0.9253144,0.010026176,0.0034589698,0.0050552376,1240,test
0.00064392283,0.00036606047,0.9941783,0.0030520712,0.0006518112,0.0005981347,0.00024643083,0.00026333318,1241,test
0.9651586,0.0030225893,0.0030953318,0.0022619546,0.010106212,0.013304574,0.000679376,0.0023714337,1242,test
0.00082927634,0.00065570575,0.99357986,0.0025904991,0.001046869,0.0006548628,0.00033067065,0.0003121779,1243,test
0.005022973,0.0020732037,0.0011847665,0.0015014422,0.0012082555,0.98034704,0.0045356145,0.0041267336,1244,test
6.9137404e-06,0.99950635,1.9625872e-05,6.7925594e-06,0.00038665024,3.5916742e-05,3.5221376e-05,2.631016e-06,1245,test
0.003766569,0.00020250604,0.00013571867,0.00020622186,0.9954308,3.5768207e-05,7.9503094e-05,0.0001429494,1246,test
0.98979974,0.00023871864,0.00016760928,0.0002007494,0.0010854733,0.008239226,0.00013131811,0.00013732548,1247,test
0.9896769,0.00028344532,0.00022648806,0.00016017992,0.0011179488,0.008286352,0.00014914344,9.955173e-05,1248,test
8.100786e-06,0.9994511,2.0241063e-05,6.174571e-06,0.000441334,3.749997e-05,3.3424807e-05,2.0680427e-06,1249,test
0.00053319463,0.0003072695,0.99473095,0.0020104656,0.0006728635,0.0010249851,0.00031308015,0.00040711838,1250,test
0.0002824976,0.0001579895,0.9970938,0.0010381625,0.00044742844,0.00060596265,0.00021529768,0.00015884929,1251,test
2.9925507e-06,4.6804184e-05,0.00019993403,9.34123e-07,3.4577093e-05,0.0004464973,0.9992094,5.8982874e-05,1252,test
0.98871607,0.00036349404,0.00022517292,0.00017565976,0.0013174207,0.008647552,0.00032833594,0.00022642597,1253,test
0.9857324,0.00052430836,0.00048292917,0.00041631196,0.0019617176,0.010270855,0.00034899198,0.00026253072,1254,test
0.9842239,0.00036527097,0.00036348274,0.0003484674,0.0016626861,0.0125240935,0.00026521657,0.00024703276,1255,test
0.0006673822,0.00044141593,0.99408334,0.0024304322,0.0007243806,0.0008958066,0.00038500226,0.00037225473,1256,test
0.00055852864,0.00026022005,0.99525213,0.0020376064,0.0004785997,0.00083056954,0.0002832193,0.00029912355,1257,test
0.0006197618,0.0003281867,0.99442977,0.0024421976,0.00060187734,0.00089975103,0.00030798875,0.00037043687,1258,test
0.00046328982,0.000283786,0.9952721,0.0020829886,0.00062429265,0.0007172762,0.0002573273,0.00029889314,1259,test
0.00029732112,0.000119661396,0.99673826,0.00141804,0.00032085506,0.00063999154,0.00021147683,0.00025432944,1260,test
0.9900658,0.0001777139,0.00015700958,0.00014643963,0.0010025152,0.008157896,0.00015058709,0.00014208785,1261,test
0.0006396176,0.00017157056,5.8016307e-05,0.00012239222,2.3693327e-05,0.9985115,0.00040526464,6.795212e-05,1262,test
0.98641056,0.00033302372,0.0002774711,0.00028960712,0.0014296036,0.010887167,0.00021034313,0.00016228919,1263,test
0.9887271,0.00024121608,0.0002040767,0.00021024157,0.0010671589,0.009252249,0.0001645023,0.0001334492,1264,test
0.0002959495,0.00014242886,0.9970124,0.0010922253,0.00037338273,0.00060884067,0.00026112868,0.0002136001,1265,test
0.00036077702,0.00030154976,0.99618345,0.0013042233,0.0004945198,0.000780247,0.00027453614,0.00030062543,1266,test
0.98687255,0.00020197946,0.0002467006,0.00021711182,0.0012069427,0.010917371,0.00017691228,0.00016041864,1267,test
0.00074045773,0.00042082334,0.9936544,0.0025382382,0.00071483705,0.0010927545,0.00044804785,0.00039043278,1268,test
0.9859014,0.0004396048,0.00047050152,0.00045990315,0.001970813,0.010009419,0.00036156696,0.00038672108,1269,test
0.00056610245,0.0002889417,0.9949427,0.0022142164,0.0005199701,0.0008645379,0.00030574284,0.000297685,1270,test
0.00060836435,0.00032317318,0.9950132,0.0020820776,0.0008659309,0.0005709249,0.00024937856,0.0002870034,1271,test
0.9867778,0.00034212455,0.00029050955,0.00040089688,0.0015067119,0.010129343,0.00028601952,0.00026653672,1272,test
0.9883852,0.00029187434,0.00019982803,0.00016978395,0.0010643189,0.009592565,0.00016531085,0.00013116072,1273,test
0.9876825,0.0002565413,0.00021631454,0.00022803571,0.0010921273,0.010108993,0.00020172638,0.00021368473,1274,test
0.0005522438,0.0003040754,0.99512166,0.0020868832,0.0005738994,0.00077005726,0.00028708097,0.00030414006,1275,test
0.98793876,0.00024146917,0.00023004987,0.00026613314,0.0010202952,0.009921422,0.0001961276,0.0001857462,1276,test
0.98381203,0.00038511973,0.0003263138,0.00031755233,0.0012475142,0.0133643355,0.0003350688,0.0002121314,1277,test
0.00053538487,0.0003183134,0.99535584,0.0018867837,0.0004478398,0.00084308826,0.00031183145,0.00030100628,1278,test
0.00044258204,0.00022441034,0.99600106,0.0017350474,0.00041154175,0.0006807957,0.00023285497,0.0002716049,1279,test
0.98954284,0.00018404747,0.00020501592,0.00018161672,0.0011159654,0.0085502,0.00011321061,0.00010705969,1280,test
0.00034702267,0.00014302028,0.99644417,0.001584471,0.00038716366,0.00064469373,0.00019481836,0.0002546694,1281,test
0.9881293,0.00036877466,0.0002171701,0.00023755198,0.001266593,0.009423913,0.00016196008,0.0001946138,1282,test
0.0003117379,0.00017110132,0.9963477,0.0018997864,0.00043619185,0.0005414298,0.00015163739,0.00014034576,1283,test
0.9871197,0.00017462729,0.00013300042,0.00016807536,0.0012552954,0.010847697,0.00014460608,0.00015701723,1284,test
0.0007342335,0.00031692762,0.9939898,0.0027535134,0.00062176754,0.0008872507,0.0003460618,0.00035038558,1285,test
0.00251011,0.00038708773,0.98721164,0.0063785445,0.001076268,0.0011863571,0.00077473756,0.00047529762,1286,test
0.0004954051,0.00025096157,0.99576414,0.0017525982,0.0004980784,0.0007038439,0.0002713865,0.0002636403,1287,test
0.000766117,0.00041771622,0.99395305,0.0026132874,0.0006827613,0.0009151002,0.00034123973,0.0003107361,1288,test
0.0021619103,0.0003093877,0.0012857592,0.000120915436,0.00013643764,0.99171937,0.0024379545,0.0018282263,1289,test
9.181806e-06,0.99945074,2.7502645e-05,6.8186746e-06,0.00042676812,4.343281e-05,3.2801818e-05,2.6931666e-06,1290,test
0.0012252621,0.00038098736,0.9918213,0.004549525,0.00080077717,0.00057045923,0.00042415378,0.00022764041,1291,test
0.9863854,0.00037307994,0.00039351545,0.00043460162,0.0017326036,0.01015551,0.00024484712,0.0002803644,1292,test
0.00045658337,0.00018742468,0.99589694,0.0019147157,0.00041336525,0.0006398301,0.00024506176,0.00024615158,1293,test
0.00085280486,0.00049353216,0.99323297,0.0028863172,0.00085386686,0.00083838764,0.00044536515,0.0003968463,1294,test
0.002351829,0.00027462412,0.9882764,0.006507746,0.0009995259,0.00084773183,0.0004103887,0.00033176795,1295,test
0.0007881303,0.00044300756,0.9927476,0.0032194266,0.00095611776,0.0010060503,0.0004497484,0.0003899238,1296,test
0.9897886,0.0003173582,0.00020166916,0.00017443145,0.0010838212,0.008105227,0.00017343122,0.00015540374,1297,test
0.9886397,0.00029736778,0.00018131915,0.00017237627,0.0010414766,0.009291139,0.00021734717,0.00015920898,1298,test
0.00084368297,0.0004077849,0.99276614,0.0031467315,0.0007432153,0.0011707067,0.00046197596,0.00045971147,1299,test
0.0012062683,0.0009100877,0.9901107,0.0034580166,0.0012263837,0.001524887,0.0008855164,0.00067817623,1300,test
1.6473812e-05,0.9991002,4.47496e-05,9.940245e-06,0.000721107,5.1382936e-05,5.1810242e-05,4.33856e-06,1301,test
2.2617687e-05,0.99900764,8.70354e-05,1.0949012e-05,0.0007089569,6.4148655e-05,9.523845e-05,3.3247923e-06,1302,test
0.9814214,0.00030728747,0.0005074011,0.00038638795,0.0010106555,0.015357812,0.0003418068,0.00066730566,1303,test
0.9797651,0.0004477908,0.00071606226,0.00059363706,0.0020918862,0.01578362,0.00024274152,0.00035917078,1304,test
0.0009183723,0.00055902835,0.99252445,0.0034209676,0.0009830096,0.0008154572,0.00036790496,0.0004108874,1305,test
0.0003405005,0.00031605992,0.9963276,0.0013291362,0.0005509599,0.0006125503,0.00030723895,0.00021595736,1306,test
0.0005769898,0.00027449953,0.9945498,0.002803185,0.00059008744,0.00065016985,0.000273475,0.00028176233,1307,test
0.00041237837,0.00023877957,0.9960157,0.0017247965,0.00043436995,0.0006437667,0.0002608577,0.00026940322,1308,test
0.0006633645,0.00036751723,0.993866,0.002840628,0.0007645279,0.00084958156,0.0002904625,0.00035786853,1309,test
0.98358846,0.0008081905,0.0007016142,0.0005864895,0.003323447,0.010256495,0.00038380665,0.0003515013,1310,test
0.9907837,0.00018109614,0.00013320363,0.00015104677,0.00084306655,0.007617949,0.0001430205,0.0001469015,1311,test
0.9891515,0.00026953258,0.00024161,0.00023165953,0.0013690463,0.008299949,0.00021470516,0.00022202844,1312,test
0.0021181663,0.00022388066,0.9902344,0.004858587,0.0006795582,0.001122576,0.00037701635,0.00038583155,1313,test
0.0006224928,0.00036039558,0.9943505,0.0025569955,0.000650428,0.00073920767,0.0003289316,0.00039109847,1314,test
6.303692e-05,0.9969112,0.00016553636,3.2457447e-05,0.0026071884,0.00011390186,9.341769e-05,1.3322795e-05,1315,test
0.9862599,0.00030418453,0.0005380045,0.0003131844,0.00216772,0.010048497,0.00020376014,0.00016479848,1316,test
0.0027701939,0.00026361237,0.00023785091,0.00026166294,0.9962807,4.2436273e-05,5.8679016e-05,8.4824445e-05,1317,test
0.9870215,0.00045016158,0.0003147217,0.00026635957,0.0014544765,0.0100496365,0.00024885996,0.00019435596,1318,test
0.00039964603,0.0002263906,0.9962029,0.00144968,0.00039090982,0.0007698407,0.00028600337,0.0002746499,1319,test
0.9888855,9.984955e-05,0.00012918546,0.00014908146,0.001109759,0.0093630655,0.00012748208,0.0001360815,1320,test
1.5321866e-05,0.9988856,5.6626042e-05,2.1457454e-05,0.0008091532,6.942111e-05,0.00013314275,9.310268e-06,1321,test
0.0008861813,0.00013171784,0.0002781664,0.00027741303,0.9983317,6.020055e-06,1.6754877e-05,7.202868e-05,1322,test
0.00027274495,8.359632e-06,0.0012604132,8.2377046e-05,0.0022666785,0.0029319797,0.004134981,0.98904234,1323,test
0.00025138856,9.199381e-05,0.9969002,0.0015093458,0.0003309035,0.0005038511,0.00025865834,0.00015360305,1324,test
0.04574962,0.002102797,0.89374703,0.035731904,0.008984541,0.008046619,0.0020551162,0.0035823032,1325,test
0.00065507187,0.00029514256,0.9941413,0.002565751,0.0007874872,0.00071014336,0.0004435967,0.000401614,1326,test
0.00030805916,0.00011112808,0.9967692,0.0014125798,0.0003621702,0.00051084143,0.0002886927,0.00023720122,1327,test
1.3645209e-05,0.00041105764,0.00082042743,2.8445731e-05,0.00014161081,0.002331537,0.9960317,0.000221417,1328,test
0.9906302,0.00019855492,0.0001918695,0.00018689634,0.0011907276,0.007328989,0.00013957765,0.00013319723,1329,test
0.00013800338,0.00069435727,0.0030797005,5.0047525e-05,0.00059741875,0.0036411164,0.9904357,0.0013636093,1330,test
0.00086112885,0.0002711068,0.9928604,0.0035107275,0.00083771715,0.0008037273,0.00042284376,0.00043238708,1331,test
0.0012128256,0.00039039252,0.99061465,0.0050740023,0.0008925084,0.0009433166,0.00045285653,0.00041943038,1332,test
0.9917429,0.00015003301,0.00010737551,0.00011744833,0.00079594523,0.006893652,0.00010549207,8.716532e-05,1333,test
0.015004294,0.0006208559,0.00517837,0.0017458666,0.0014777198,0.9649687,0.0065190257,0.0044851103,1334,test
0.9916796,0.00018275436,0.00012502419,9.625695e-05,0.00089328777,0.0067690588,0.00014713546,0.00010689195,1335,test
0.001389903,0.00034772666,0.99126303,0.004509298,0.0007198093,0.0010779321,0.00031833057,0.00037389575,1336,test
0.97201896,0.00046395516,0.0006934325,0.0008762498,0.0026201145,0.021927629,0.0006397374,0.0007599143,1337,test
0.0009466628,0.00033063965,0.9925057,0.0036577433,0.0008812883,0.0008185662,0.0004669466,0.0003922936,1338,test
0.00043409626,0.00024496354,0.9954665,0.002361022,0.00063844904,0.00043032147,0.00022184094,0.0002028361,1339,test
0.99071807,0.00021096409,0.00019298839,0.00016344758,0.0011874809,0.00721769,0.00016859897,0.00014062447,1340,test
0.0010841805,0.00039434765,0.9910596,0.0046007484,0.0009888527,0.0009441374,0.00050529937,0.00042277764,1341,test
0.0006159357,0.00022270376,0.99486995,0.002573979,0.00047320893,0.00068813615,0.00029367194,0.0002623924,1342,test
0.99112153,0.00023549517,0.00020783505,0.00018410216,0.0011686108,0.0068095527,0.00014757164,0.00012531636,1343,test
1.2705556e-05,0.9993048,3.8258542e-05,3.2552198e-05,0.00046889405,7.6271375e-05,6.013015e-05,6.4087094e-06,1344,test
0.9906499,0.00023105546,0.00017678473,0.00014187397,0.00091609947,0.007619612,0.00016953814,9.5223346e-05,1345,test
0.99137527,0.00010995657,0.000102007725,0.00010776321,0.000882271,0.0071971575,0.000117588446,0.00010806711,1346,test
0.0015425226,0.0005886993,0.98935294,0.00438347,0.0012238842,0.0014692767,0.0008147467,0.0006244271,1347,test
0.9913127,0.0001710236,0.0001176509,0.0001303338,0.00088489696,0.007177621,0.00010713872,9.872341e-05,1348,test
0.0011176466,0.00043472313,0.9918453,0.0035484214,0.00096652604,0.0010367228,0.00064547925,0.00040516266,1349,test
0.000807832,0.00031731874,0.99292713,0.004041902,0.0007210133,0.0006146582,0.0003189112,0.0002512818,1350,test
0.00025832147,0.00012786107,0.9967533,0.0015552675,0.0003537511,0.0004937009,0.00028671813,0.00017105526,1351,test
0.00058158283,0.00019920038,0.994888,0.002584689,0.000574086,0.00062589074,0.00025697178,0.00028955194,1352,test
0.00048450337,0.00020971106,0.99563414,0.0021424866,0.0005628923,0.00047295747,0.00031323772,0.00018001012,1353,test
0.0007512327,0.00028376005,0.99372804,0.00293049,0.0010255612,0.00063263875,0.0002695088,0.00037880955,1354,test
0.9922734,0.0002909389,0.00021294276,0.000170825,0.001250657,0.0055111526,0.00014974223,0.0001403577,1355,test
0.00089135725,0.0003317859,0.9928397,0.0032163097,0.00077199674,0.0010048355,0.00052652863,0.000417437,1356,test
0.9885593,0.00011973277,0.00018105317,0.00019172841,0.0011729846,0.009489264,0.00013330941,0.00015255748,1357,test
0.0002739678,0.00015109926,0.9963716,0.0017686964,0.00033237576,0.0005629867,0.00039745617,0.00014179456,1358,test
0.08332112,0.0043506706,0.8262242,0.03503246,0.03094532,0.007349291,0.0066341697,0.0061427937,1359,test
0.00093845674,0.00038032045,0.99147934,0.004434271,0.0010389731,0.0007824678,0.0005266889,0.00041963,1360,test
0.9911678,0.00016179914,0.00013104854,0.00013549866,0.00082846766,0.00738378,0.000102345315,8.928429e-05,1361,test
0.9885754,0.00013731621,0.00014224749,0.00025347574,0.0009305681,0.009629901,0.00014644107,0.00018467115,1362,test
0.99004173,0.00014579174,0.0001732661,0.00017123147,0.0009390486,0.008253873,0.00013389069,0.00014099875,1363,test
0.0014044222,0.0004361985,0.98925984,0.0064284084,0.0009214722,0.0007418854,0.00049941294,0.00030825858,1364,test
0.0002922001,0.00014473882,0.9963297,0.0017935388,0.00039182426,0.0005149419,0.00034918904,0.00018387294,1365,test
0.98915637,0.00017169505,0.00023041558,0.00020820144,0.0010267629,0.008880467,0.00016334657,0.00016271968,1366,test
0.9680696,0.0007114423,0.0020774195,0.001200488,0.0033088345,0.022862995,0.0009805935,0.0007885082,1367,test
0.0013678808,0.0005802972,0.9890832,0.0049024164,0.0014955297,0.0011541618,0.00082726264,0.00058938126,1368,test
0.0002821413,0.00012584875,0.99678636,0.0016690904,0.00029598258,0.00043409166,0.00025147828,0.00015512363,1369,test
0.00011240971,0.00030609357,0.0001247262,0.00020962862,7.6199765e-05,0.998395,0.0005447884,0.00023105417,1370,test
0.0010653861,0.00055185385,0.9916905,0.003768062,0.0011351623,0.0008680927,0.00050844974,0.0004125328,1371,test
0.0009432938,0.0002657051,0.9926811,0.004172472,0.0006310881,0.000693212,0.0003151516,0.00029797803,1372,test
0.99109274,0.0002446957,0.00023153803,0.00016916018,0.0012557191,0.006662111,0.00020741718,0.00013672606,1373,test
0.0012503524,0.00031369305,0.98998463,0.0055559487,0.00076796673,0.0011623991,0.00047459995,0.00049034174,1374,test
0.00080658135,0.00023640053,0.99325484,0.0035379687,0.0006305718,0.0007668821,0.00040602856,0.00036075735,1375,test
8.5479805e-06,0.99933594,3.23915e-05,1.8188084e-05,0.0004773174,5.990108e-05,6.255587e-05,5.160367e-06,1376,test
0.00093559804,0.0002704475,0.99198854,0.004915577,0.00066851487,0.0006341479,0.00028111713,0.00030605265,1377,test
0.0011023607,0.0003491779,0.99144554,0.004546178,0.00087451254,0.0008614851,0.0004188732,0.00040192195,1378,test
0.96086544,0.0034175536,0.0057665696,0.0039591673,0.0060324646,0.016317468,0.0022511608,0.0013902152,1379,test
0.0009645645,0.00033230663,0.99198854,0.0037585946,0.0008567037,0.0010441277,0.0005847167,0.000470463,1380,test
0.9898722,0.00012879673,0.00014778084,0.00018605063,0.0009867845,0.00839501,0.00013287566,0.00015054904,1381,test
0.00062564545,0.00021429673,0.9949809,0.0023542964,0.00052464445,0.0006668143,0.0003481479,0.00028537234,1382,test
0.00037940207,0.00013827281,0.9958032,0.0024828312,0.00040028885,0.00045877523,0.00017843816,0.00015890747,1383,test
0.0003534807,0.00013205718,3.5524205e-05,0.00019398508,2.8170167e-05,0.9989555,0.00013535189,0.00016589671,1384,test
0.00073578034,0.0002714053,0.9941214,0.002784597,0.0005906052,0.00078957505,0.00037587402,0.00033078488,1385,test
0.0012819357,0.00027232847,0.9901659,0.00529403,0.0013257054,0.0009078498,0.00039996376,0.00035228662,1386,test
0.0013090682,0.000389511,0.9924615,0.0041166972,0.0007014221,0.0004938873,0.00036275492,0.0001652851,1387,test
1.1958083e-05,0.99906534,4.7249556e-05,1.9639188e-05,0.00067533925,6.04888e-05,0.00011348055,6.5606737e-06,1388,test
0.988648,0.00011034782,0.0002956685,0.00013602442,0.0011057906,0.009389633,0.00013859235,0.00017580639,1389,test
0.7376448,0.15380186,0.031100772,0.010669095,0.026251372,0.026403312,0.011524915,0.0026038047,1390,test
0.069305904,0.0019144742,0.8852123,0.020522634,0.0072455914,0.0066900332,0.004792594,0.0043164906,1391,test
0.98694277,0.0002178036,0.0002371231,0.00025985765,0.0015301316,0.01043699,0.00019108878,0.00018428477,1392,test
0.015067687,0.0013388187,0.001561622,0.00338131,0.0014060906,0.9678054,0.006265335,0.0031738651,1393,test
0.001249375,0.00042643334,0.99068636,0.0045640655,0.0011391203,0.00090088544,0.0005512817,0.00048238726,1394,test
0.9870292,0.00022405891,0.00023738461,0.00024133959,0.0014767764,0.010319266,0.00025220733,0.0002198078,1395,test
0.98790425,0.00011087779,0.00015358544,0.00021832205,0.0008168761,0.010464033,0.00015214556,0.00017994545,1396,test
0.0008735356,7.1824375e-05,6.391307e-05,0.00014858093,0.998818,2.901025e-06,3.1905404e-06,1.809496e-05,1397,test
0.00080632564,0.00020778223,0.9940422,0.0029171684,0.0005272274,0.00087414787,0.00034989582,0.0002751827,1398,test
0.9919791,6.621081e-05,0.00013595284,0.000103090286,0.0007478591,0.006778533,9.1245005e-05,9.804287e-05,1399,test
0.00047634938,0.00013924514,0.9961002,0.001990193,0.00037758006,0.0004671883,0.0002509122,0.00019838513,1400,test
0.050401594,0.0007984146,0.0049474067,0.0071124258,0.0073763677,0.91853195,0.0060869576,0.004744838,1401,test
0.0014447467,0.00056245894,0.9888799,0.0051117754,0.001382144,0.0012074386,0.0008054708,0.0006061174,1402,test
0.00090200896,0.00022083145,0.9931855,0.0040041204,0.000720364,0.00045105416,0.00027968927,0.00023645935,1403,test
3.129793e-05,0.9988116,6.458955e-05,7.076226e-05,0.0006727793,0.00024519884,9.154122e-05,1.2214007e-05,1404,test
0.9878598,0.00015681249,0.00022852517,0.00023642373,0.0010629931,0.01010764,0.0001670466,0.00018070883,1405,test
0.0002510004,5.762453e-07,0.00033845246,4.2538562e-05,0.0012854395,0.0004156842,0.001632228,0.9960341,1406,test
0.0009336913,0.00027334667,0.9930722,0.0030628722,0.000729108,0.00096730824,0.0005505016,0.00041093328,1407,test
0.99161255,0.000118645046,0.00022560074,0.0001469714,0.00089144404,0.006708812,0.00014714952,0.0001488933,1408,test
0.0008940512,0.00026893406,0.9924481,0.0041070892,0.0007033649,0.0008355792,0.00035758447,0.00038532796,1409,test
0.00016335501,2.3411642e-06,0.00035456475,5.0871782e-05,0.0020458235,0.00037724926,0.0029090936,0.99409676,1410,test
0.0007564137,0.00025715368,0.99339384,0.0031063636,0.00068043417,0.0008691253,0.00056178827,0.0003749229,1411,test
0.00036399817,0.00013368414,0.9959759,0.002159529,0.00038357498,0.00053664186,0.0002303816,0.00021643772,1412,test
9.022593e-06,0.99941957,2.2548302e-05,2.3643062e-05,0.00044140505,6.520374e-05,1.6821768e-05,1.8254033e-06,1413,test
0.99193054,0.00018000277,0.00018509939,0.00014944658,0.0010998665,0.006212691,0.00012380509,0.00011864767,1414,test
0.9853764,0.00051908847,0.00037269032,0.00027020677,0.0019088433,0.010822727,0.00045310325,0.0002769799,1415,test
0.9897681,0.00015146648,0.00020253133,0.00017650108,0.00088223076,0.008575336,0.00012251503,0.000121344114,1416,test
0.0012749378,0.00023517912,0.9911724,0.004752926,0.0007107513,0.0008302103,0.00068309734,0.0003404443,1417,test
0.9558386,0.000780456,0.007106563,0.0031869032,0.0055972636,0.024890663,0.0011532754,0.0014462278,1418,test
0.0010170646,0.0003669782,0.9920482,0.0036220348,0.00082906155,0.0009906621,0.00061897753,0.00050688925,1419,test
0.0008793798,0.00019566267,0.9939201,0.004014523,0.00041657378,0.00033006002,0.00014157874,0.00010212036,1420,test
0.0002790237,0.00015025794,0.99588543,0.0024582013,0.0003725963,0.0004492702,0.00026859072,0.00013658966,1421,test
0.0010023401,0.0003020277,0.99349445,0.0027366364,0.00063326687,0.0010054201,0.00049215317,0.00033369625,1422,test
0.00091058784,0.0003367784,0.99237484,0.0038553055,0.00074551784,0.00087259425,0.000474684,0.00042971855,1423,test
0.0008196162,0.0004124631,0.99350923,0.002920583,0.00094847294,0.0007963605,0.00031270398,0.00028059838,1424,test
0.12020168,0.004913891,0.64342123,0.042740352,0.014627493,0.13019592,0.022574192,0.021325266,1425,test
0.00069880765,1.1349779e-06,0.00048938434,5.7012065e-05,0.00084143423,0.00086388504,0.0022659707,0.9947824,1426,test
0.99093795,0.00016915941,0.00016624485,0.00017726772,0.0010107113,0.0072942623,0.00011480356,0.0001295724,1427,test
0.0009583715,0.00033841736,0.99238056,0.0036021078,0.0007634762,0.00097619224,0.00055613933,0.0004247124,1428,test
0.0012141466,0.0004442174,0.9911897,0.003914894,0.0008186483,0.0011647401,0.0007136436,0.00053999724,1429,test
0.0005946064,0.000220667,0.9945484,0.002576123,0.000547688,0.0007441967,0.00039484317,0.00037347473,1430,test
0.9908279,0.0001278284,0.00015132099,0.00014356228,0.0008106874,0.007686894,0.00012667442,0.00012504173,1431,test
9.633695e-05,0.99635905,0.00013315144,0.00012872306,0.0026825182,0.00048011704,8.4082785e-05,3.607733e-05,1432,test
6.6059656e-06,0.99949896,2.1294321e-05,1.8086672e-05,0.00036657622,4.9394814e-05,3.5544104e-05,3.4963941e-06,1433,test
0.0003982346,0.00015690314,0.9963361,0.0016967831,0.0003978186,0.00056155585,0.00022095913,0.00023168951,1434,test
0.0007924534,0.00026031228,0.9938158,0.0035735474,0.00071327377,0.0004130547,0.00025953024,0.00017194488,1435,test
0.00024096442,0.0001850192,0.99638534,0.0014985263,0.00049279036,0.00059916475,0.00041668484,0.00018142884,1436,test
4.9936654e-05,0.99828607,0.00012053622,0.000102408936,0.0007218578,0.000571131,0.00012449893,2.3629607e-05,1437,test
0.00062353193,0.00025676272,0.9940778,0.003236839,0.00066964945,0.00060319796,0.0002430239,0.00028906876,1438,test
0.9866802,0.00046177252,0.0003437375,0.00035135244,0.0021342759,0.009487733,0.00029081205,0.00025017402,1439,test
0.0010215036,0.0002930078,0.99377453,0.0021841042,0.0004346521,0.0013090118,0.00054227724,0.00044088133,1440,test
0.9898808,9.6033335e-05,0.00011912191,0.00011688085,0.00083794247,0.008759575,0.0001025218,8.721864e-05,1441,test
0.0016919336,0.0005280842,0.9898573,0.003432027,0.0006998582,0.0021847542,0.0009589227,0.0006472685,1442,test
0.0023636823,0.00046390248,0.98614025,0.0050037387,0.0006186395,0.0036541636,0.0009366825,0.0008189248,1443,test
0.99071455,0.000107843916,0.0001038862,8.896008e-05,0.0007596452,0.008027987,0.00011341235,8.370825e-05,1444,test
0.9907353,0.0001572226,0.00020889624,0.00013492307,0.0006146691,0.007876541,0.00016414977,0.00010828282,1445,test
0.0011830305,0.0003261879,0.9930397,0.0026600019,0.00048565443,0.0014441954,0.00047320928,0.00038799288,1446,test
0.004286189,0.00630906,0.030501813,0.0015997841,0.0046280785,0.024617502,0.88592356,0.042134047,1447,test
0.0009389865,0.00024346026,0.99391586,0.0030332466,0.00047213247,0.00089729374,0.00024702173,0.0002519714,1448,test
0.99055,0.00015190162,0.0002077247,0.00012317132,0.00075482245,0.008001203,0.00012383042,8.736871e-05,1449,test
0.562465,0.014655408,0.21322308,0.041455746,0.031003973,0.0971211,0.02168818,0.01838747,1450,test
9.337768e-05,0.99712116,0.00020537694,0.000120641875,0.001644413,0.00048881077,0.0002895575,3.6617967e-05,1451,test
0.0011092095,0.00035510614,0.99302685,0.0024000627,0.0005517644,0.0014968262,0.0005718634,0.00048837066,1452,test
0.0011464087,0.00028014948,0.99316084,0.0026564295,0.00046227293,0.0014856955,0.0004302423,0.00037784202,1453,test
0.99139005,0.0001153477,0.00022859851,0.00013479045,0.00076990377,0.007095375,0.00015099341,0.00011492288,1454,test
0.00012218623,0.99290305,0.0014634283,8.963289e-05,0.00080503646,0.0021051904,0.0021214243,0.00038992427,1455,test
0.972032,0.00037544587,0.0020897575,0.0009228338,0.002143589,0.021519702,0.00049911434,0.00041754334,1456,test
0.9907941,9.575971e-05,8.557525e-05,6.513209e-05,0.00041895942,0.008396792,7.9131496e-05,6.465007e-05,1457,test
0.001238797,0.00029371562,0.99250644,0.0030100972,0.00049887935,0.0015311536,0.0004685057,0.00045229204,1458,test
0.0012518162,0.00018477163,0.99201727,0.0032907946,0.0005459137,0.0012604063,0.0010117664,0.00043726564,1459,test
0.83164865,0.0040460117,0.10597861,0.01905106,0.011450518,0.02284054,0.0025045446,0.002480094,1460,test
0.0015546227,0.00044060408,0.99058014,0.0036431397,0.000690977,0.0018745945,0.00072930957,0.00048656468,1461,test
3.0839048e-05,0.9987262,9.70572e-05,2.4380719e-05,0.00076073804,0.00019139684,0.00015334866,1.6029511e-05,1462,test
3.8152273e-05,0.99839455,0.00010136218,4.1227784e-05,0.0010638811,0.000205491,0.00014082291,1.4446623e-05,1463,test
0.004625356,0.00067919405,0.9788784,0.010158267,0.0011994212,0.003438084,0.0003276842,0.00069359306,1464,test
0.0002178977,7.0831953e-07,0.0003015031,1.6447333e-05,0.0005097584,0.00038313732,0.0018483427,0.99672216,1465,test
0.99283373,0.0002033482,0.00024044396,9.627114e-05,0.0006241503,0.0057878424,0.00013665583,7.755141e-05,1466,test
0.00055709813,2.9900255e-07,0.00038584752,2.5066964e-05,0.00029670302,0.0004225321,0.0020020667,0.9963104,1467,test
0.00021526417,0.9946556,0.0010866771,0.0002431044,0.0021009548,0.000957554,0.00043605757,0.00030472124,1468,test
0.00024361355,0.0002470738,0.006263032,2.1847281e-05,0.0005772189,0.013907374,0.94057643,0.038163442,1469,test
0.98885185,0.0002997678,0.00031627624,0.00020281717,0.0010418342,0.008982898,0.00018888204,0.00011572552,1470,test
0.9916259,0.00018156078,0.00025143116,0.00014953766,0.00072878046,0.006784985,0.0001592309,0.00011858115,1471,test
0.9896505,0.00016732146,0.00014087152,0.000112389505,0.00058839103,0.009147604,0.00010871214,8.421945e-05,1472,test
0.9934336,0.00016711715,0.00018726123,9.377471e-05,0.00070084777,0.0052062175,0.000121536614,8.954473e-05,1473,test
0.00015386948,0.00022785545,0.0002371684,0.0002509718,3.7777274e-05,0.99827504,0.0005469884,0.00027025442,1474,test
0.0013820574,0.00030832813,0.9917863,0.0039325575,0.00071778294,0.0009713376,0.00061864103,0.0002829197,1475,test
0.00039203966,0.00026299324,0.99618137,0.00070655294,0.00027677877,0.0011886217,0.0006418836,0.00034977574,1476,test
0.0012223142,0.00032304178,0.9922382,0.0036752117,0.000585736,0.0012308451,0.00032919087,0.000395458,1477,test
0.0015265847,0.00042766603,0.99100167,0.0032288749,0.0006254199,0.001896925,0.0007054956,0.00058742124,1478,test
0.0014701264,0.0002849432,0.991896,0.0031670472,0.0004726647,0.0017733668,0.00047045143,0.0004654714,1479,test
0.00012336829,4.4625077e-07,0.00048224904,1.072932e-05,0.00019856128,0.00087143126,0.0016225483,0.99669075,1480,test
0.98465896,0.00040110914,0.00069594284,0.0003308347,0.0013435544,0.011868727,0.00040957498,0.00029130967,1481,test
0.00027173752,4.3058722e-07,0.000409996,2.327625e-05,0.00028619915,0.00022461973,0.0016079356,0.9971758,1482,test
0.9567199,0.0004953965,0.005357893,0.005111657,0.008934013,0.022215141,0.000503094,0.00066290743,1483,test
0.0014935815,0.00030392458,0.9916825,0.0031555074,0.00050444226,0.0017911649,0.0005567481,0.00051204365,1484,test
0.98946875,0.00016322217,0.00022434123,0.0001280531,0.00077033154,0.008877766,0.00022925324,0.00013826248,1485,test
0.0005123168,0.00016321067,0.99609923,0.0012974768,0.00022547357,0.0010552956,0.00034552556,0.00030142593,1486,test
0.0012692328,0.00033805126,0.99217767,0.0036465314,0.00058698695,0.0012384338,0.00036288833,0.00038021881,1487,test
0.0007370359,0.0001694999,0.9952619,0.0017567367,0.00032207146,0.0011759186,0.00028157764,0.00029520204,1488,test
0.0019241067,0.0004348983,0.98955077,0.003559574,0.0006789984,0.0025660517,0.0007860634,0.0004995167,1489,test
0.0003571014,0.00022089612,0.99613476,0.0015391497,0.00030410755,0.00090526347,0.0004004481,0.00013832597,1490,test
0.0003912181,0.00012951104,0.9968707,0.0010510677,0.00030696523,0.0007658379,0.00025978783,0.00022492757,1491,test
0.0015482879,0.00033272506,0.99078006,0.004873319,0.0007653756,0.00097140163,0.00041435758,0.0003144887,1492,test
0.0010506924,0.00034401548,0.9933531,0.0024893212,0.00044689808,0.0013832946,0.00053061626,0.00040198755,1493,test
0.98777974,0.00011171148,0.00017011563,0.0001226348,0.0009785917,0.010568705,0.0001563065,0.00011210594,1494,test
0.22864002,0.002667892,0.06262273,0.03688996,0.33003163,0.0636485,0.043892782,0.2316065,1495,test
0.0068813195,0.000785075,0.002726435,0.0003086494,0.00026282467,0.97827715,0.0025057746,0.008252705,1496,test
0.00047693006,0.000356204,6.0900333e-05,9.082106e-05,2.57343e-05,0.9983365,0.00040261264,0.00025040266,1497,test
0.9913385,0.00043427065,0.0003627901,0.00014585647,0.0010666907,0.0063311104,0.00020178336,0.00011912465,1498,test
0.001319411,0.00033594228,0.99223983,0.0025905173,0.0005116863,0.0017526103,0.0006748394,0.0005752488,1499,test
0.0008094266,0.00023756838,0.99483645,0.0018235529,0.00033516702,0.0012377632,0.00038543026,0.00033466573,1500,test
9.23812e-05,0.99649376,0.00021834549,7.6916454e-05,0.002692159,0.00021427611,0.0001807379,3.1438227e-05,1501,test
0.0010551584,0.00024036421,0.9936333,0.0023595095,0.00037189727,0.0015008601,0.00044877522,0.0003900603,1502,test
0.001332244,0.00038746596,0.99132043,0.0034973768,0.00072430464,0.0016692898,0.00058042235,0.00048834324,1503,test
1.0199078e-05,0.00054680416,0.00060305087,1.1258482e-05,0.00010135224,0.0015831692,0.996979,0.00016512505,1504,test
0.0012168438,0.00021245603,0.9931657,0.0040771333,0.0004183864,0.0005685721,0.000120295386,0.00022060223,1505,test
0.9895503,0.00011533388,0.00015192672,0.00011158178,0.0007380805,0.009142378,9.99343e-05,9.0483016e-05,1506,test
0.001211935,0.00033138046,0.992515,0.0024813418,0.00048023523,0.0018617254,0.0005738976,0.0005443969,1507,test
0.9816859,0.00057466264,0.0009127927,0.00044118456,0.0015624668,0.013913071,0.0005733325,0.0003366206,1508,test
0.0011754867,0.00029104773,0.99313134,0.0025107178,0.00043248382,0.0015183145,0.00049819256,0.0004423896,1509,test
0.0016950774,0.00049614935,0.99100834,0.0032488066,0.0008266668,0.0016606185,0.00061367895,0.000450582,1510,test
0.00045757886,0.00020126722,0.99622154,0.0015009444,0.00029463714,0.00087355694,0.00029265782,0.00015779801,1511,test
0.9886652,0.0004384793,0.0009837509,0.00039938942,0.0017389217,0.007182301,0.00032055244,0.00027133446,1512,test
0.98572993,0.0001584497,0.000278012,0.00018250495,0.00080063945,0.012512952,0.0002344152,0.0001031039,1513,test
0.9783418,0.00093438145,0.002169981,0.0005980495,0.0029184057,0.013334448,0.0012277762,0.0004752284,1514,test
5.4613494e-05,0.9978269,0.00018479454,5.020011e-05,0.0012397264,0.00042574084,0.00019559954,2.2436967e-05,1515,test
0.00038874522,0.00011559395,0.9966838,0.0011272004,0.00028059518,0.00083928346,0.00030333962,0.00026143677,1516,test
0.987176,5.218613e-05,0.0002690569,0.00012437311,0.0002477132,0.011835159,0.00017941765,0.00011608813,1517,test
0.0014235547,0.00037362514,0.9914089,0.0028133264,0.000554699,0.0020157045,0.00081239134,0.00059780537,1518,test
0.0018445493,0.0021155162,0.98703754,0.004229423,0.0016357105,0.0018259331,0.000749843,0.00056149374,1519,test
0.00093816675,0.00020066925,0.99396014,0.0028109848,0.0004533119,0.0010313872,0.00027595073,0.0003294409,1520,test
6.0367718e-05,1.7510618e-07,0.00027759696,7.437542e-06,0.00023275615,0.00064869976,0.0009988431,0.99777406,1521,test
0.9913633,9.31352e-05,0.0001275147,9.0559006e-05,0.0006182645,0.007508773,0.00010906087,8.933947e-05,1522,test
0.0009947147,0.00039678428,0.9937722,0.0020710458,0.0006409798,0.0012944265,0.00045915987,0.00037070632,1523,test
0.0014154853,0.00042975743,0.99191916,0.002996608,0.0005816462,0.0017597787,0.00039230695,0.0005051672,1524,test
0.00096004683,7.5253424e-06,0.0012034485,0.00046010758,0.001427718,0.0061920173,0.0045545874,0.9851945,1525,test
0.0008397924,0.00033580646,0.99430203,0.0019103837,0.0004854215,0.0012560143,0.00060961925,0.00026097248,1526,test
0.99112284,0.00010672318,0.00013032412,9.8763536e-05,0.00059477345,0.007720981,0.00012153604,0.000104039485,1527,test
2.403761e-05,0.99869055,9.813607e-05,3.0180985e-05,0.00083105196,0.0001471213,0.00015478363,2.4077919e-05,1528,test
0.00022269755,3.0577928e-06,0.0016343066,1.6730071e-05,0.0005637626,0.0013798901,0.0027613705,0.9934182,1529,test
0.0014020744,0.0002800466,0.99222434,0.003013778,0.0004984777,0.0016961574,0.00044276458,0.00044240855,1530,test
0.0016630866,0.00046618184,0.99036294,0.0035958919,0.0006747681,0.0020085704,0.00068708236,0.00054142927,1531,test
0.9878369,0.0002493058,0.0003698068,0.0002347588,0.0009844403,0.009980696,0.00019788236,0.00014617294,1532,test
0.00080484845,0.00029695733,0.9944748,0.0021664838,0.00045464572,0.0011210109,0.00039202685,0.00028913486,1533,test
0.006990586,0.00093342137,0.97215873,0.010555969,0.0011566788,0.004996543,0.0017939593,0.0014141507,1534,test
0.071667574,0.0034881767,0.24105105,0.021130666,0.010361521,0.6154694,0.024670871,0.012160805,1535,test
0.00044012276,0.0002057881,0.99619365,0.001205581,0.0003390726,0.001002335,0.00041240896,0.00020099993,1536,test
0.00010780176,1.8169492e-07,0.0002561282,9.462198e-06,0.00025448375,0.00026592333,0.0012741211,0.9978319,1537,test
0.00097011914,0.00022071597,0.9936748,0.002368638,0.00041370434,0.0014649074,0.00048655787,0.00040051813,1538,test
0.0007898396,0.00022926871,0.9935894,0.0021666768,0.00040013876,0.0016326254,0.0006969107,0.0004950289,1539,test
0.9905315,9.770979e-05,0.00012082071,9.901092e-05,0.0006735092,0.008281094,0.000105029125,9.1274305e-05,1540,test
0.0009945013,0.0003225158,0.9931351,0.003588831,0.0005902672,0.00086329604,0.00025582002,0.00024964672,1541,test
0.0005590006,0.00024013901,0.99534154,0.0020161432,0.00037490192,0.0010353433,0.00024796752,0.00018496503,1542,test
0.0013604707,0.0003826145,0.9910556,0.003074794,0.0005540163,0.0022768402,0.000692943,0.00060267316,1543,test
0.0009452596,0.0002564039,0.9940983,0.0021884704,0.00048919447,0.0012510003,0.0004615999,0.0003097704,1544,test
4.79651e-05,0.9980088,0.00012910512,3.773238e-05,0.0014242125,0.00018123777,0.0001489903,2.1981457e-05,1545,test
0.0009878569,0.00030890305,0.9937645,0.0022989935,0.0004919277,0.0012728411,0.00047334266,0.00040151484,1546,test
0.0008301425,0.00029700095,0.994087,0.001912836,0.00047291952,0.0013461036,0.000705827,0.0003481871,1547,test
0.002574285,0.00051846815,0.9859561,0.0045369095,0.0007185553,0.003358407,0.001419101,0.0009181273,1548,test
0.0019008811,0.0004329743,0.98909867,0.0046154754,0.00068390515,0.0018455652,0.0008553525,0.00056721235,1549,test
0.991865,0.00011793085,0.00018488128,0.00010755302,0.0007798408,0.006734304,0.00011790498,9.264138e-05,1550,test
0.0005074031,0.00023389027,0.9958289,0.0015257394,0.0003668367,0.00092005834,0.00047742995,0.00013974034,1551,test
6.695224e-05,0.9974515,0.00014993781,0.00010772716,0.001508239,0.00056575116,0.00012606753,2.3759696e-05,1552,test
0.98988485,0.0003678594,0.00023430918,0.00015207854,0.00089533004,0.008219573,0.00015846262,8.7656954e-05,1553,test
0.043647647,0.0074321744,0.008996821,0.0054127667,0.91468805,0.017636972,0.0012121425,0.00097344763,1554,test
0.99025166,0.00013993435,0.0001255753,0.00010329424,0.0006506394,0.008513307,0.00013107459,8.449368e-05,1555,test
0.0019073576,0.00023661586,0.9910782,0.0051380186,0.0005344276,0.0007730093,0.0001869101,0.00014536567,1556,test
0.9905104,0.00015448855,0.00013671961,9.953482e-05,0.0005975536,0.008288527,0.00012776953,8.493026e-05,1557,test
0.0012455486,0.00038345807,0.9927355,0.0026397877,0.0005563117,0.0015341052,0.0004790295,0.00042620715,1558,test
0.98891515,0.00017264312,0.00028146245,0.00017006381,0.0006220477,0.009499417,0.00019681257,0.00014241965,1559,test
0.9917208,0.00012588255,0.000110091976,0.000105453204,0.00092470756,0.006759305,0.00013373648,0.000120123696,1560,test
0.00043957663,0.00021228286,0.99522984,0.0022238907,0.00085693545,0.00050447957,0.00027017415,0.000262924,1561,test
0.00045848696,0.98103195,0.00077440584,0.0009224401,0.0009751623,0.010787632,0.0045185,0.0005314742,1562,test
0.00035907072,0.00021411647,0.99627656,0.001666897,0.0006471939,0.000355318,0.00023728465,0.00024344624,1563,test
0.00021810528,0.00022148712,0.9970772,0.0013210202,0.00072008837,0.00020531128,0.0001067149,0.00013010266,1564,test
0.9882686,0.00013917628,0.00011809609,0.00016910998,0.0012878296,0.009604862,0.0002185234,0.00019383212,1565,test
0.2607268,0.06879969,0.089113176,0.0098836655,0.0114175975,0.36640993,0.16084853,0.032800592,1566,test
0.0005236635,0.00025019815,0.9950204,0.0023456817,0.0008680816,0.00043622626,0.0002792552,0.0002766081,1567,test
0.9902147,0.00034753472,0.00026233084,0.00021865116,0.0016294637,0.0070047285,0.00016774352,0.00015490472,1568,test
0.00061459077,0.00028662017,0.9928093,0.0036131274,0.0015771283,0.000465077,0.0003081156,0.00032610726,1569,test
0.0007537062,0.00031311583,0.99334174,0.0029331497,0.0011376289,0.00060771086,0.0004833523,0.00042954096,1570,test
0.00054843526,0.0002711304,0.99421185,0.003089484,0.00090042414,0.0004480454,0.00023456328,0.00029605662,1571,test
0.9877402,0.00026839727,0.00017233675,0.00027089607,0.002197154,0.008719495,0.0003124862,0.00031906695,1572,test
0.00057416165,0.000247554,0.9942173,0.002882009,0.000940115,0.00053194613,0.00029743984,0.00030940742,1573,test
0.9823642,0.0003125694,0.00024189455,0.00028665998,0.002011657,0.014021656,0.00046561914,0.0002956699,1574,test
0.9840104,0.0002445944,0.00020722518,0.0003399188,0.0019580377,0.012620156,0.00032225496,0.00029743486,1575,test
0.98665386,0.00023555146,0.00015077695,0.00018832384,0.0013689307,0.010947284,0.00023099108,0.00022429069,1576,test
0.0003751176,0.0002132384,0.9960334,0.0021114287,0.0006908605,0.00028092708,0.0001282485,0.00016674357,1577,test
0.9880663,0.00028451355,0.00013797029,0.00019591663,0.0016888755,0.009213929,0.00021519448,0.0001973474,1578,test
0.98422194,0.00044182743,0.00027510387,0.00030443878,0.0021736114,0.012109513,0.0002417375,0.00023186956,1579,test
0.447674,0.0075673633,0.37907663,0.06690998,0.02647019,0.05152126,0.0060119047,0.0147687,1580,test
0.0019348081,0.00044093997,0.98278046,0.0072381655,0.0017899611,0.0026225767,0.0014042937,0.0017889262,1581,test
0.0016807342,0.0005507616,0.9858629,0.0068395976,0.0015787493,0.0012123411,0.0014404475,0.00083432323,1582,test
0.00045627297,0.00017677691,0.99563235,0.0023259593,0.000658619,0.0003652137,0.00018095595,0.00020385454,1583,test
0.0004758159,0.00021077196,0.99505156,0.0025702307,0.00081339455,0.0003851726,0.0002173898,0.00027564084,1584,test
0.00040678238,0.00018847025,0.995828,0.0021742408,0.0006967232,0.00033370388,0.00016594006,0.00020609233,1585,test
0.9850649,0.00036406043,0.0002836736,0.0003359825,0.0025045108,0.010946137,0.0002643032,0.00023649774,1586,test
0.00045403055,0.00018680509,0.9952996,0.0023123857,0.0007544017,0.00045111743,0.00028922732,0.00025238428,1587,test
0.9843156,0.00028286158,0.00026963442,0.0004185661,0.0019703496,0.0121966265,0.00025204654,0.00029430573,1588,test
0.00054536364,0.00029706527,0.9944237,0.0025702347,0.0010583989,0.00047188875,0.0002950406,0.00033824414,1589,test
0.0010131098,0.00040996913,0.99202615,0.0034457773,0.0012091772,0.00096440624,0.00049909705,0.00043229287,1590,test
0.89472824,0.0021646088,0.018349735,0.01574431,0.013139392,0.0486927,0.0023666327,0.004814351,1591,test
0.987655,0.00029880853,0.00014311103,0.00019886627,0.0014875459,0.009890566,0.00017072014,0.00015536971,1592,test
0.9828925,4.6331414e-05,0.00011075116,0.00014846315,0.0014049936,0.014855925,0.00021075588,0.0003302858,1593,test
0.97289497,0.0031110835,0.001797091,0.0009996871,0.00598245,0.013974066,0.0007700215,0.0004706028,1594,test
0.0003201332,0.00021930556,0.9966606,0.0014199723,0.00064750883,0.00034091945,0.00017180918,0.00021985862,1595,test
0.985047,0.00030280816,0.00028709028,0.00037133414,0.0023428297,0.011080368,0.00029587938,0.00027270065,1596,test
0.00065906247,0.00022191618,0.9931855,0.004158257,0.0008311867,0.00041358717,0.00024148531,0.0002889261,1597,test
6.509803e-07,0.99982435,2.492967e-06,1.7885773e-06,0.00015703499,8.940303e-06,4.496907e-06,2.7815764e-07,1598,test
0.00039438432,0.00018606705,0.99537176,0.0024572497,0.00078952545,0.0003845842,0.00020339264,0.00021298278,1599,test
0.0004903741,0.0002626699,0.99520713,0.0020462081,0.0009826178,0.0004923546,0.0002728117,0.00024577993,1600,test
0.9772135,0.00015868124,8.671017e-05,0.00037650295,0.0026334347,0.019176278,0.00014057453,0.0002142772,1601,test
0.0003497709,0.00018346323,0.99615955,0.0018605536,0.0007152581,0.00032627818,0.00018915434,0.00021584559,1602,test
0.9864131,0.00027833527,0.00016250488,0.00023080305,0.0019447387,0.010454458,0.00029726504,0.0002188096,1603,test
0.00036574405,0.00018068361,0.99604994,0.001927335,0.0006870981,0.000330515,0.00020459514,0.00025413977,1604,test
0.9920551,0.00027613883,0.00019027329,0.00016814572,0.001574215,0.0054298528,0.00015935619,0.00014689488,1605,test
0.98562384,0.00017572619,0.00014342697,0.0002850708,0.0014084666,0.0118727805,0.0002460637,0.0002446541,1606,test
6.874332e-05,3.4260177e-07,0.00030100308,4.466595e-06,0.00017554389,0.0022759559,0.0013244336,0.9958494,1607,test
2.2787322e-05,7.443762e-08,0.000101367,5.297289e-06,0.00030156027,0.0003698659,0.0005971037,0.998602,1608,test
0.0004886924,0.0001936903,0.9950262,0.0023495306,0.0007613793,0.00050764944,0.00035073265,0.00032215333,1609,test
0.00032732816,0.00013600182,0.9957711,0.0026790083,0.00060928025,0.0002225251,0.000103838094,0.00015092065,1610,test
0.9821425,0.00018901055,0.00019502621,0.0004194416,0.002386102,0.013965343,0.00032630825,0.00037623095,1611,test
0.00029244766,0.00023078144,0.99624985,0.0015937124,0.0007171128,0.00040907343,0.00023351228,0.0002734658,1612,test
0.97480404,0.0008628307,0.0005473589,0.0009084002,0.004600952,0.017455453,0.00040048952,0.0004204714,1613,test
0.0004101885,0.00023014813,0.99569654,0.001892933,0.00076873024,0.0004446338,0.0002782942,0.00027852147,1614,test
0.98625296,0.00018274116,0.0002559109,0.00022255818,0.001836669,0.010741324,0.0002692587,0.00023854336,1615,test
0.00027395476,0.00013246197,0.9969248,0.001606197,0.0005470973,0.00024793006,0.000118708136,0.00014878903,1616,test
0.00036916198,0.00021903645,0.99612695,0.0019208182,0.00070013996,0.00033797036,0.00012431249,0.00020160442,1617,test
0.97939384,0.00043061754,0.0003445888,0.00038272803,0.0023345794,0.016126037,0.00058105704,0.00040658086,1618,test
0.0007205911,0.00036293076,0.9933646,0.0032547629,0.0010709543,0.00051933917,0.00035870163,0.00034820643,1619,test
0.0006133998,0.00013731435,6.4529035e-05,4.7143145e-05,3.081197e-05,0.99868315,8.093615e-05,0.00034278826,1620,test
0.0010850257,0.00022167288,0.99013054,0.0057808524,0.00082446367,0.0009800894,0.0004625215,0.0005146905,1621,test
0.00039777663,0.00022508326,0.9955544,0.0018744539,0.0008831742,0.00048481513,0.00032762514,0.00025271266,1622,test
0.0002281288,0.000103465296,0.9974854,0.0012243774,0.00038937436,0.00028655463,0.00012687089,0.0001557825,1623,test
0.00020920002,0.00013679589,0.99708384,0.0012048543,0.0007356527,0.000298399,0.00012825661,0.00020296655,1624,test
0.0003584015,0.00018616498,0.9962081,0.0018908266,0.0006386685,0.00033564962,0.00017822595,0.00020397006,1625,test
0.00030997282,0.0002145774,0.99670416,0.0014340491,0.0006350671,0.00034683576,0.00016763342,0.0001876571,1626,test
3.957154e-05,0.00043439868,0.0020119885,1.3743033e-05,0.00021026019,0.006563539,0.98912585,0.0016007373,1627,test
0.0002955255,0.00012043373,0.9959336,0.0027132384,0.00057471887,0.00016559212,8.3943065e-05,0.00011296506,1628,test
4.1323812e-05,0.00035953964,0.0033101013,1.4824313e-05,0.00030640725,0.005040553,0.9876485,0.0032789323,1629,test
7.16202e-07,0.9998454,6.9057583e-06,2.5633683e-06,0.0001261138,1.0969843e-05,6.60105e-06,8.191821e-07,1630,test
0.00053288415,0.00023020482,0.99480563,0.0025525657,0.000814341,0.00053109374,0.00025113206,0.00028218227,1631,test
0.00049480266,0.00020060033,0.99550444,0.0021109234,0.000635692,0.0005002568,0.00023463987,0.00031871482,1632,test
0.9614688,0.0011956323,0.0028389513,0.0017455479,0.0064221574,0.023776472,0.0012733802,0.0012790434,1633,test
0.00012554618,7.399946e-05,0.9979335,0.0010807592,0.00047393877,0.00013837554,6.941278e-05,0.00010461205,1634,test
0.9591133,0.005404351,0.0021792268,0.0006922409,0.012564229,0.012674284,0.0049582636,0.0024141648,1635,test
0.98660094,0.0003617633,0.00024239186,0.00029608628,0.0025376845,0.009577047,0.00018977931,0.00019423034,1636,test
0.049442463,0.0011152864,0.90492505,0.022875933,0.008796815,0.007881267,0.0021074738,0.0028557442,1637,test
0.98245573,0.00020185595,0.00016987327,0.00026510874,0.0021945313,0.014164101,0.00025303298,0.00029577586,1638,test
0.9876818,0.00016119395,0.0001643309,0.00022102006,0.0019713289,0.009398558,0.0001916847,0.00021004856,1639,test
0.98858136,0.00014307596,0.00016188713,0.00017276978,0.0014117173,0.009136041,0.00020481985,0.00018832466,1640,test
0.00050631445,0.00019536605,0.9946419,0.0030119382,0.0008129291,0.00037802168,0.00019243588,0.00026104873,1641,test
0.00041387486,0.00024065391,0.9961229,0.0017334966,0.00057349727,0.00045994762,0.00021632502,0.00023920048,1642,test
0.98290503,0.00048355115,0.0005100562,0.0004352151,0.0020631603,0.012902348,0.00037508926,0.0003256193,1643,test
0.001020948,0.00021995159,0.991323,0.005269206,0.00095217745,0.0005422734,0.00033550462,0.00033692055,1644,test
0.0028794804,0.0007911861,0.008704629,0.0005394618,0.0024455446,0.9019397,0.026661463,0.056038525,1645,test
0.000293681,0.0001333123,0.99681336,0.0016433834,0.0005065224,0.00027994683,0.00015527052,0.00017448679,1646,test
0.00040232143,0.00024614908,0.99597126,0.0016998167,0.00071874826,0.0004484395,0.0002686605,0.00024464173,1647,test
0.00021599041,0.0001344333,0.99724543,0.0012079848,0.0004631944,0.00034726033,0.00016263901,0.00022316357,1648,test
0.9893734,0.0002427408,0.0001626508,0.00021979783,0.0015102644,0.008212642,0.00013881328,0.00013967164,1649,test
0.9835699,0.00012481865,0.00019881621,0.000259947,0.0019891274,0.01336218,0.00020782812,0.00028736732,1650,test
0.98404205,0.000871657,0.0006535473,0.00053207483,0.0047765803,0.008548869,0.0003642341,0.0002110072,1651,test
0.0005676812,0.00022047052,0.9942344,0.0030182507,0.00088454376,0.00049995433,0.00024773917,0.00032700636,1652,test
0.0006755968,0.00036542473,0.9931726,0.0030505937,0.0013002245,0.00060933025,0.00041212246,0.00041411322,1653,test
0.0006460482,0.0002558456,0.99368817,0.0035516815,0.0008918174,0.00041042967,0.00025994843,0.0002962248,1654,test
0.0010155119,0.00033873162,0.9902839,0.0051327944,0.0017763712,0.00068557286,0.0004845027,0.00028255847,1655,test
0.0003446274,0.00021401697,0.9958335,0.0020826887,0.0007714688,0.0003827344,0.0001594707,0.00021146591,1656,test
0.00018248803,0.00012188119,0.9974994,0.001230186,0.0004588593,0.00023200826,0.00011929443,0.00015594893,1657,test
0.9823712,0.00053655845,0.0003568596,0.0008683548,0.002803236,0.012235388,0.0003122621,0.0005161861,1658,test
0.000244891,0.00019789804,0.9967855,0.001023496,0.0005889344,0.00062750356,0.00024291225,0.00028895692,1659,test
0.98469466,0.0002038722,0.00017843663,0.00025193518,0.0025873866,0.0116821695,0.00018202419,0.00021942452,1660,test
3.4080538e-05,9.202336e-08,9.409507e-05,1.1118964e-05,0.00038977596,0.00012178305,0.0009061517,0.99844295,1661,test
0.00075124507,0.00026202967,0.9925902,0.004007853,0.0010243928,0.00054672954,0.0004238467,0.00039371115,1662,test
0.048693974,0.0257135,0.005066502,0.0014409904,0.74202865,0.17404264,0.0021811586,0.0008325108,1663,test
1.023725e-05,0.00033547703,0.0028395343,2.4051402e-05,0.00016159586,0.00270358,0.99305713,0.0008683483,1664,test
0.0002138625,0.00012953913,0.9973123,0.0012978662,0.00054583844,0.00021903415,0.00012270542,0.00015883366,1665,test
0.00082457,0.0005286519,0.99071306,0.0038096036,0.002890016,0.00051890814,0.0004551837,0.00026011158,1666,test
0.98521686,0.00059878686,0.00025181577,0.00027577567,0.0022673712,0.010767953,0.0003675759,0.00025387283,1667,test
0.9869415,0.0001393852,0.0001455985,0.0002675569,0.0018045141,0.010318924,0.0001598736,0.00022259739,1668,test
0.986502,0.0003644264,0.00025641435,0.0002884407,0.0022547457,0.00988227,0.00026573412,0.00018598564,1669,test
0.97669584,0.00038281985,0.00021406525,0.00033056206,0.0039818394,0.017599195,0.00046455135,0.00033120517,1670,test
0.0001220829,2.0195603e-05,1.20377435e-05,0.00020005435,0.9996382,3.6255662e-07,3.969348e-07,6.802117e-06,1671,test
0.00060421857,0.00030539147,0.9941301,0.0026504432,0.0012153538,0.000483232,0.0003129728,0.0002982895,1672,test
3.8719642e-07,0.99986076,1.1004142e-06,1.3727137e-06,0.0001322964,2.650518e-06,1.3158597e-06,1.3937155e-07,1673,test
0.00073659705,0.000318519,0.99270636,0.0039985506,0.0012426586,0.00040911973,0.00030754763,0.0002806394,1674,test
0.9878539,0.00019927067,0.000121862504,0.00015659918,0.001375878,0.0099022025,0.00020218358,0.00018809545,1675,test
0.00019428371,0.00011899919,0.9973544,0.0012452807,0.0005486108,0.00024749956,0.00012236342,0.00016864167,1676,test
0.00031676298,0.00014510284,0.99660033,0.0017177914,0.0005617867,0.0003073075,0.00015075952,0.00020021478,1677,test
0.00068936584,0.00032690816,0.9933228,0.0033755132,0.0012247639,0.0004433803,0.00033234264,0.00028492179,1678,test
0.9827587,0.00082335534,0.00051463215,0.00050293107,0.0033975441,0.010996885,0.00061374373,0.00039216244,1679,test
0.0016359023,0.0012333927,0.98910636,0.003908562,0.0009614686,0.0014778152,0.0010954831,0.0005809844,1680,test
0.9852668,0.0007978332,0.0012791556,0.0010217217,0.001759349,0.008887306,0.0005341732,0.0004536841,1681,test
0.0021062223,0.0008589233,0.98928857,0.003767953,0.0005730148,0.0016845504,0.0009652166,0.0007556453,1682,test
0.0018413707,0.0021673942,0.98407966,0.0038801895,0.0012213867,0.0033482485,0.002502341,0.00095932774,1683,test
0.002559943,0.0023514272,0.9823925,0.004539583,0.0018091016,0.0025706927,0.0026822854,0.001094522,1684,test
0.0036740145,0.0012123247,0.98508507,0.004542435,0.00157462,0.0018907761,0.0013744516,0.0006463926,1685,test
0.0024708253,0.00095120544,0.00074697396,0.000240518,0.99532974,3.4116612e-05,0.00013433509,9.229714e-05,1686,test
0.0028718081,0.0021724193,0.9827697,0.0045380075,0.0013483457,0.002485324,0.002628011,0.0011863359,1687,test
0.0028712288,0.0024742053,0.035059046,0.0003466846,0.0045779217,0.01601436,0.8716461,0.06701041,1688,test
0.0016901009,0.00097269635,0.98887,0.0028602208,0.00081864564,0.0023439117,0.0014587891,0.0009855587,1689,test
0.0007519893,0.0006156954,0.9930483,0.0014020937,0.0006117876,0.0015822541,0.001456557,0.0005313648,1690,test
0.0018159463,0.00093139475,0.9892498,0.0025016589,0.0007449321,0.0023045097,0.0015774183,0.0008742546,1691,test
0.0003223774,0.00022040278,0.003747946,4.0384217e-05,0.0008677046,0.0054695057,0.98287404,0.006457609,1692,test
0.0014437607,0.0026320836,0.98491436,0.0031217057,0.0011988828,0.002566163,0.0031798882,0.0009431945,1693,test
0.06486687,0.14569198,0.08167236,0.018845899,0.07184497,0.13515267,0.11184833,0.3700769,1694,test
0.0011007444,0.0013282496,0.9898347,0.0019753159,0.00078014843,0.0024524906,0.0017107802,0.00081759784,1695,test
0.05434218,0.00563513,0.05011788,0.010879249,0.006943271,0.82365674,0.028216273,0.020209203,1696,test
0.002818038,0.0021500182,0.98192465,0.0047153397,0.0015577051,0.0031933696,0.0024999015,0.0011409599,1697,test
0.0015982576,0.0012533279,0.9889508,0.0021103602,0.00080526515,0.0025610914,0.0018177422,0.00090318825,1698,test
0.002207096,0.0012851747,0.9871126,0.0032691855,0.0011883719,0.0021259072,0.0019150407,0.0008966637,1699,test
0.99061453,0.00025561967,0.00035326532,0.00019531828,0.0008264025,0.0073510134,0.00022023502,0.00018372339,1700,test
0.0019449989,0.0012276551,0.9889099,0.0038563993,0.0009157515,0.0014373541,0.0010724195,0.00063555624,1701,test
0.0016076072,0.0015238791,0.98776287,0.00281563,0.001287858,0.0023474651,0.001884029,0.0007706604,1702,test
0.9832872,0.0012601803,0.0017741849,0.00060543534,0.0031435029,0.008047648,0.0008825707,0.0009993243,1703,test
0.0034544743,0.0013380656,0.98531276,0.004647105,0.0013037684,0.0019384065,0.0013073622,0.0006980995,1704,test
0.9346532,0.0009640349,0.0021580746,0.0011267604,0.0025026763,0.04323154,0.010120608,0.0052430895,1705,test
0.037083972,0.027642172,0.045481894,0.02917292,0.0533301,0.35720527,0.084732816,0.36535078,1706,test
0.003033866,0.0023771722,0.9821031,0.0048425724,0.0018378047,0.0025280432,0.002194259,0.0010832194,1707,test
0.9853542,0.000167919,0.00035272972,0.00019843462,0.0009100595,0.01259508,0.00022223197,0.00019928842,1708,test
0.0023573535,0.0014936598,0.98519194,0.0032319822,0.0010642249,0.0031363107,0.0023607786,0.0011637582,1709,test
3.503736e-06,0.9996959,3.0275916e-05,1.9736747e-06,0.00014741808,2.5257015e-05,9.264377e-05,2.9959099e-06,1710,test
0.003221407,0.7280933,0.23375668,0.0017515882,0.024555089,0.0026113526,0.005432707,0.0005778826,1711,test
0.0020473802,0.0016211268,0.986523,0.0031183588,0.0011786292,0.0023295465,0.0022080098,0.0009740917,1712,test
0.9837685,0.00057369465,0.000611664,0.00048696186,0.0014911831,0.0121583855,0.0005011332,0.00040844857,1713,test
0.0021842024,0.0015993016,0.985468,0.0035080283,0.0012535673,0.0030266573,0.0018355957,0.0011246821,1714,test
0.0021103949,0.0018631851,0.9862526,0.003320003,0.0013225047,0.002330578,0.0017702309,0.0010303832,1715,test
0.9896505,0.0003618308,0.00036215168,0.00023207853,0.0008767713,0.008016627,0.00028960005,0.00021046039,1716,test
0.00066722935,0.00070784346,0.9928235,0.0015347343,0.00053399906,0.001766315,0.0014857823,0.00048062528,1717,test
0.9905471,0.00036439233,0.0002652394,0.00015781973,0.00075763586,0.0076106484,0.00017737028,0.00011979597,1718,test
0.0024399876,0.0018778631,0.98186547,0.0051671737,0.0015347062,0.0032737288,0.0025322835,0.0013087625,1719,test
0.98510253,0.001332752,0.0006785348,0.0003514052,0.001245088,0.010427166,0.0005141854,0.0003482889,1720,test
0.002006925,0.0019026189,0.98203075,0.0039312085,0.0016729744,0.002388639,0.0036557831,0.0024111148,1721,test
0.98824674,0.00037155827,0.00031673542,0.00031886486,0.0009421461,0.009242482,0.00029019412,0.00027124805,1722,test
0.006227359,0.0013813187,0.00044895412,0.0002262029,0.99139893,3.8496557e-05,0.00015513966,0.00012361867,1723,test
0.0032891075,0.0022075833,0.97957325,0.0054265982,0.0015535911,0.0035317019,0.0028810154,0.0015370655,1724,test
0.9915747,0.0002165703,0.00019739853,0.00013628132,0.00060869055,0.006958558,0.00016961698,0.00013822429,1725,test
0.0028608951,0.000990456,0.00079923315,0.00024138237,0.9948159,3.859279e-05,0.00015214244,0.00010144755,1726,test
0.002938034,0.00230742,0.98051983,0.0049792766,0.001506387,0.0036237463,0.0030635882,0.00106173,1727,test
0.00032082762,3.7629485e-07,0.0007033206,1.0945803e-05,0.00028714488,0.0009631665,0.0022456944,0.9954685,1728,test
0.001159772,0.00080079725,0.99158806,0.001978579,0.000709065,0.0018589997,0.0012202237,0.00068442966,1729,test
0.00039104637,2.4290648e-07,0.0008452082,8.231268e-06,0.00029726195,0.00086578814,0.0027738414,0.9948184,1730,test
0.0032572297,0.0013622018,0.98422825,0.004637311,0.000933527,0.002547498,0.0020434672,0.0009904163,1731,test
0.002261847,0.0012389709,0.98707575,0.004164097,0.0010532617,0.0020171052,0.0013303935,0.0008586841,1732,test
0.0014167057,0.0008017359,0.990611,0.002106746,0.0006573591,0.0022237059,0.0013637617,0.0008191064,1733,test
0.9900428,0.00023677589,0.00025183352,0.000116456686,0.0009869295,0.007941928,0.000253507,0.00016976421,1734,test
0.0013608732,0.0013679753,0.9894198,0.0022258835,0.0007777811,0.0024043298,0.001742653,0.0007006128,1735,test
0.0021466855,0.0011386769,0.98735666,0.0033768043,0.0008614145,0.002481541,0.0015891829,0.0010489722,1736,test
0.94319355,0.0019291701,0.007889117,0.0044813356,0.0055693523,0.029766142,0.0028034616,0.00436789,1737,test
0.0025692426,0.0015786517,0.9836078,0.0035337755,0.0011342627,0.00336279,0.002642795,0.001570659,1738,test
0.99038064,0.000283526,0.00033028336,0.00016003707,0.0008272185,0.0075899484,0.00026023196,0.00016801724,1739,test
0.0054764794,0.0011400125,0.9788663,0.008044611,0.0011851254,0.0026399752,0.0016447662,0.0010028236,1740,test
0.0008039776,0.0003641111,0.0008748969,0.99536514,0.0019308374,0.00036555852,6.681584e-05,0.00022859896,1741,test
0.9892825,0.0003641807,0.00028291444,0.00020456205,0.0008436661,0.0084587755,0.00033299736,0.00023038297,1742,test
0.0015867901,6.5864488e-06,0.0015138955,5.616878e-05,0.0010020877,0.0039862995,0.0058549424,0.98599315,1743,test
0.0028648623,0.0021165116,0.9838123,0.0039198636,0.001348225,0.0024445353,0.002264834,0.0012290484,1744,test
0.9865254,0.00021740691,0.0002916187,0.00025929016,0.00081992504,0.011172552,0.00040496918,0.00030887112,1745,test
4.457536e-06,0.99957746,3.320734e-05,2.018316e-06,0.00026635447,1.936714e-05,9.56829e-05,1.3834506e-06,1746,test
0.0016852545,0.00085822213,0.9899149,0.002233599,0.0006208787,0.002464342,0.0014152079,0.0008075536,1747,test
0.0012712474,0.0006821445,0.9910617,0.0022996573,0.00054512266,0.0020304038,0.0012175516,0.00089218776,1748,test
0.19722675,0.009854465,0.03597832,0.04513775,0.6520657,0.019782059,0.015743572,0.024211448,1749,test
0.51185316,0.12318133,0.21051405,0.065388985,0.043206204,0.020428885,0.016155448,0.009271946,1750,test
0.0020218047,0.0010425503,0.9875951,0.0030840647,0.00081418455,0.0025714845,0.0017908558,0.0010799686,1751,test
0.0021943578,0.0011671359,0.98754776,0.0035904197,0.0009818615,0.0021199947,0.0015846427,0.00081371627,1752,test
0.0006803614,0.0004331622,0.0012441247,0.99504495,0.0016567435,0.00045561124,0.00013602336,0.00034900525,1753,test
0.00035658214,0.00016391785,0.0005234135,0.00033854388,3.9242932e-05,0.99624324,0.0021806983,0.00015441126,1754,test
0.98865557,0.00020817204,0.00036214315,0.00021692138,0.0009889954,0.009142012,0.0002247676,0.00020140871,1755,test
0.0019313592,0.0007785378,0.9890393,0.0031288841,0.0009722243,0.0021267633,0.0013508439,0.00067215896,1756,test
0.001060153,0.0002931136,0.001513899,0.00031675794,8.336484e-05,0.99240947,0.0034960709,0.00082717347,1757,test
0.0018661668,0.001092692,0.98855853,0.0027824827,0.0009349206,0.002242911,0.0016702531,0.00085208623,1758,test
0.0017134233,0.00186745,0.9871055,0.0029374163,0.0009931354,0.0025812413,0.0020599666,0.00074181816,1759,test
5.5553144e-05,0.99769056,0.0005158759,5.328028e-05,0.0012211952,0.00017441298,0.00025077746,3.8430804e-05,1760,test
0.0022344268,0.0020325908,0.98457134,0.0039455197,0.0016596295,0.0024577833,0.001990885,0.0011078682,1761,test
0.00054256077,0.00024096567,0.00082599605,0.00018099516,4.895996e-05,0.9953458,0.001998033,0.0008166046,1762,test
0.9898864,0.000361153,0.0003441443,0.00020617254,0.0010719097,0.0075186235,0.00035520495,0.00025629826,1763,test
0.0013952964,0.0007328446,0.9911176,0.0023854382,0.0007267308,0.001856713,0.0010327568,0.0007527329,1764,test
0.99046904,0.00027065532,0.0002494852,0.00017260187,0.0006492975,0.007833626,0.00018977479,0.00016557236,1765,test
0.98974144,0.00021721308,0.00031619542,0.00019294603,0.0006178826,0.008494546,0.00022985152,0.00018989311,1766,test
0.0026775994,0.0017080428,0.98297644,0.004225109,0.0012369676,0.0033590677,0.002496722,0.0013200248,1767,test
0.0008242344,0.00090975,0.9919299,0.0017197304,0.00062200014,0.0019599188,0.0015806952,0.0004537299,1768,test
0.00070295256,0.0007534101,0.99305844,0.0014113486,0.00064705074,0.0015847415,0.0012791033,0.0005629324,1769,test
0.002314278,0.0014346839,0.9856015,0.003554573,0.0010134267,0.0030937083,0.0018544273,0.0011334444,1770,test
0.001551478,0.0010120922,0.9897774,0.002453193,0.0007688072,0.0022374354,0.0014478526,0.00075170543,1771,test
0.0009750838,0.00087490963,0.99120164,0.002369241,0.0006494451,0.0019566857,0.0013275285,0.0006453545,1772,test
0.98728406,0.00050905184,0.0005162269,0.00027677446,0.0014786299,0.009263059,0.00041799826,0.00025417833,1773,test
0.9909322,0.0003255773,0.00033430694,0.00017662984,0.00086630386,0.006828426,0.00027437386,0.00026207717,1774,test
3.916547e-06,0.9996425,2.4080771e-05,2.7980507e-06,0.00025034178,2.497724e-05,5.02462e-05,1.1421762e-06,1775,test
0.9905088,0.00029329673,0.000284507,0.00016535824,0.00071733876,0.0075422875,0.00025911897,0.00022929929,1776,test
0.0023551201,0.0021828087,0.9840469,0.004054978,0.0013903136,0.0026405577,0.0022733482,0.0010560654,1777,test
0.0017435519,0.0010193635,0.98926204,0.0025388051,0.0008528069,0.0022391474,0.0014955121,0.00084880635,1778,test
0.98906404,0.00014066712,0.00026576145,0.00024100667,0.0006872297,0.009204116,0.00019478952,0.00020242913,1779,test
0.033670492,0.0063503324,0.011953711,0.018795578,0.034010038,0.8191346,0.04845053,0.027634662,1780,test
0.07409299,0.0077640656,0.038748864,0.0739936,0.21205917,0.10819744,0.09474938,0.39039454,1781,test
0.9907252,0.00025613362,0.0002619947,0.00017556877,0.00085175695,0.007381764,0.00020410764,0.00014345844,1782,test
0.0033087097,0.0017236307,0.98246104,0.004862417,0.0013470302,0.0031827788,0.0019889227,0.0011254805,1783,test
0.9911896,0.00019381708,0.00017697319,0.0001360037,0.0006334076,0.007350818,0.00018016496,0.0001390966,1784,test
0.0033326927,0.001491647,0.98252964,0.0047261124,0.00094111636,0.0037879457,0.0019871513,0.0012037153,1785,test
0.98954135,0.0004624189,0.00047167015,0.00030206123,0.0013047765,0.007428963,0.0002536213,0.00023520895,1786,test
0.003437308,0.0030762884,0.9781788,0.0061616288,0.0019473684,0.0030070862,0.0030366105,0.0011548994,1787,test
0.00058786664,4.6467545e-07,0.0009215438,1.0131898e-05,0.00015743187,0.0028242923,0.002520477,0.9929778,1788,test
0.9866426,0.000529768,0.00057663437,0.00048533524,0.001170299,0.009798284,0.00038687326,0.00041020793,1789,test
0.990522,0.00023842398,0.00020270127,0.00014543992,0.00084315374,0.007651591,0.00021016455,0.00018647073,1790,test
0.99165076,0.00010980949,0.00017966802,7.011366e-05,0.0005172991,0.007225195,0.00013947397,0.00010766207,1791,test
0.99163496,0.00012887715,0.00016294674,0.00013833662,0.000490375,0.007115847,0.00016221723,0.00016645146,1792,test
0.0012314679,0.0009976261,0.98978186,0.0025983131,0.0008034818,0.0022629856,0.0013534643,0.00097079406,1793,test
0.9853585,0.00032421132,0.00033580023,0.00029188828,0.0010499649,0.012041404,0.0003136352,0.00028455327,1794,test
2.7335361e-06,0.9997216,1.8772122e-05,1.8448253e-06,0.0001841802,1.777563e-05,5.2043633e-05,1.0242454e-06,1795,test
0.0010194709,0.00097483135,0.9908298,0.0018938951,0.00065702695,0.0023239688,0.0015710108,0.00072991755,1796,test
0.0015898113,0.0009260393,0.9892714,0.0023920764,0.0006642322,0.002483759,0.0017047973,0.0009678918,1797,test
0.9906837,0.0002637996,0.0003447008,0.00022744785,0.0007826947,0.0072829416,0.00020391737,0.0002109451,1798,test
0.00096055976,0.0007578407,0.99208814,0.001787308,0.00057478296,0.00199783,0.001219598,0.00061406614,1799,test
0.0021030165,0.00036518698,0.9877687,0.0059753964,0.00095689535,0.0015522201,0.0006934177,0.0005852123,1800,test
5.326616e-06,0.99960834,1.9254992e-05,6.9320813e-06,0.0002778663,3.0135749e-05,5.1270115e-05,8.7720474e-07,1801,test
6.0651137e-06,0.99946934,2.6874835e-05,2.0775386e-05,0.0003545241,6.740179e-05,5.294132e-05,2.1216654e-06,1802,test
0.97294396,0.0010609075,0.0010909061,0.0012253176,0.0041352855,0.01776569,0.00093238807,0.0008454582,1803,test
0.0007787229,0.0002778806,0.9930929,0.0030647593,0.0008332858,0.0011001182,0.00043836806,0.00041391636,1804,test
0.00031296167,0.00024765995,0.99595743,0.0017158823,0.0007608621,0.0005094846,0.0002929454,0.00020289625,1805,test
0.98321474,0.0003115966,0.00018815091,0.00022895486,0.0015276801,0.013927187,0.00041437557,0.00018725981,1806,test
0.9857567,0.00025924382,0.00031529382,0.00023524079,0.0015911952,0.011370508,0.0002926226,0.00017915985,1807,test
1.0615555e-05,0.9993723,3.2548898e-05,1.8453886e-05,0.0003972092,8.316244e-05,8.203648e-05,3.6994104e-06,1808,test
0.9865296,0.0002696395,0.00033128704,0.00021108454,0.0013301737,0.010879845,0.00028222133,0.00016614498,1809,test
0.98622197,0.00036712512,0.0002435284,0.00018368874,0.0014121367,0.011092062,0.00032545463,0.00015402328,1810,test
0.5328755,0.00825834,0.2639026,0.05377011,0.032238934,0.047181536,0.028598256,0.033174694,1811,test
0.00084878085,0.00023650897,0.992465,0.003913344,0.0007488643,0.0009989681,0.00038452455,0.0004039735,1812,test
0.0007401441,0.0004715666,0.98869634,0.0047563375,0.0018553487,0.000983055,0.001495019,0.0010021726,1813,test
0.9856668,0.00023373164,0.00025147735,0.00022951272,0.0013562907,0.01185004,0.00023327113,0.0001789654,1814,test
0.9870515,0.00042313102,0.00029202556,0.00023855035,0.0019346412,0.009692941,0.00023443977,0.00013276591,1815,test
0.98255324,0.0004780462,0.00040161156,0.00028722204,0.0019810004,0.0137681905,0.00034887058,0.00018184446,1816,test
0.00032156188,0.00013412199,0.9965486,0.0016009203,0.00033453875,0.00054904446,0.00030738447,0.0002039252,1817,test
2.5863128e-06,0.9997483,1.4617749e-05,6.879518e-06,0.00018456967,1.8047516e-05,2.406394e-05,1.0447068e-06,1818,test
0.00017807345,2.5833835e-06,0.00056599773,4.478741e-05,0.0012742676,0.00046333336,0.0018287611,0.9956423,1819,test
0.9883286,0.00028668303,0.00022039733,0.00012709101,0.0012424829,0.009482878,0.00020825429,0.00010361664,1820,test
0.0004889586,0.00017120501,0.995329,0.002290047,0.00049219094,0.0006556544,0.0002988709,0.00027408783,1821,test
0.0007616333,0.00028736543,0.99353665,0.0023637495,0.00085734384,0.0011420076,0.00070290227,0.0003482754,1822,test
0.00178155,0.00052367407,0.9875678,0.0057545975,0.0012363023,0.001772823,0.0007503628,0.000612924,1823,test
0.0009603791,0.00045557594,0.9910936,0.0035551654,0.0009890291,0.0013795624,0.00096874154,0.0005980305,1824,test
0.00071325956,0.00029551893,0.99396896,0.0025907476,0.0007372534,0.00087625306,0.00046230483,0.00035558935,1825,test
0.0008940552,0.00029362825,0.99254906,0.0031118665,0.001030489,0.0011223181,0.0006195353,0.00037906296,1826,test
0.9823819,0.00018038877,0.00023185271,0.0003511334,0.0019516072,0.014447262,0.00022414318,0.00023164232,1827,test
3.7230002e-06,0.9996698,1.2315081e-05,9.167121e-06,0.00023992632,2.4726884e-05,3.9443905e-05,1.0162074e-06,1828,test
0.98285806,0.0005930114,0.0005273176,0.00043553,0.0027027074,0.01211236,0.00045523842,0.00031586294,1829,test
0.00040968583,0.00014707877,0.99595684,0.002087611,0.0004610157,0.00048694308,0.00027022432,0.00018053013,1830,test
0.9863977,0.00031392346,0.00024817456,0.0001838578,0.0013118909,0.011171637,0.000248878,0.00012393134,1831,test
0.99138767,0.00022340624,0.00028054096,0.0002021688,0.0013219825,0.0062920977,0.00016744119,0.0001246599,1832,test
0.00058738975,0.0001691609,0.9941016,0.003382631,0.0005832315,0.00063829,0.00027737743,0.00026024642,1833,test
0.9853799,0.00053285743,0.0003459055,0.00026756345,0.002063218,0.010945793,0.00032617277,0.00013869337,1834,test
0.0005476823,0.0003161075,0.99454665,0.002349368,0.00076062133,0.0007842471,0.00040402188,0.0002912766,1835,test
0.0008703399,0.00024780416,0.9925235,0.0036725802,0.0007192024,0.001085696,0.0004595187,0.00042142093,1836,test
0.0007421727,0.0003246297,0.993483,0.0030208952,0.0008279092,0.00084403495,0.0004268762,0.00033056934,1837,test
0.9858096,0.0003267747,0.00024151034,0.00021856335,0.0012241798,0.0118078375,0.00023657,0.00013494943,1838,test
0.98372316,0.0005095185,0.0003587735,0.00029218444,0.0013255614,0.01331992,0.00031975895,0.00015100917,1839,test
0.98573744,0.00022135244,0.00027199852,0.0002589739,0.001281971,0.011804147,0.0002388076,0.00018521925,1840,test
0.98796195,0.0002828514,0.0002826152,0.00023208106,0.0014255947,0.009472181,0.00021046189,0.00013224072,1841,test
0.0005918337,0.00018820276,0.99431413,0.0029252917,0.0005845917,0.00070783484,0.0003556772,0.0003323569,1842,test
0.0012596746,0.0004912336,0.989521,0.004695885,0.0015524154,0.0011809405,0.00072864897,0.00057022687,1843,test
0.98222727,0.00051668246,0.0005467955,0.00038544237,0.002247424,0.013466874,0.00038102048,0.00022847792,1844,test
0.98957765,0.00033421628,0.00026674828,0.00018602949,0.0016702252,0.0075165653,0.00028096393,0.00016769269,1845,test
0.9866008,0.00023872242,0.00036476893,0.0003000138,0.0013306801,0.010723962,0.00025230975,0.00018873264,1846,test
0.0013218836,0.00053020415,0.9896321,0.004058391,0.0012300136,0.0016284104,0.0009150924,0.00068387156,1847,test
0.0009804906,0.00035431096,0.9912975,0.00404233,0.0009842835,0.0011751852,0.00068923034,0.00047680322,1848,test
3.9342885e-05,3.6481006e-07,0.00043706127,9.491487e-06,0.0002999448,0.0008303055,0.0012140811,0.99716944,1849,test
0.0014805866,0.0005136118,0.9896271,0.0044034543,0.0012395032,0.001284256,0.00082748954,0.000623936,1850,test
0.00046614144,0.00015854377,0.9956611,0.0019578235,0.00050832273,0.00071293727,0.00029972944,0.00023545133,1851,test
0.9817556,0.00038285332,0.00040181918,0.0004608495,0.0011943958,0.014969593,0.00049813034,0.0003366469,1852,test
2.6752768e-06,0.99970573,1.316825e-05,6.765956e-06,0.00020099444,2.5296098e-05,4.415502e-05,1.1616346e-06,1853,test
0.0010570274,0.00015455458,0.00021399088,9.231005e-05,0.99842405,7.774884e-06,1.8776154e-05,3.1435295e-05,1854,test
0.9769198,0.0008132179,0.0007169306,0.00074584794,0.003203537,0.016787734,0.00045908158,0.00035392973,1855,test
0.0008100748,0.0002554825,0.9929368,0.0036201624,0.00072963565,0.00086359575,0.00039676295,0.00038750467,1856,test
0.00032232783,1.5961375e-06,0.00058586925,4.5623605e-05,0.00097495946,0.00036867868,0.0014025808,0.9962984,1857,test
0.9870281,0.0002590989,0.00034000629,0.00023688842,0.001467751,0.010190166,0.00028627957,0.00019165559,1858,test
0.0004501198,0.00023544587,0.9953779,0.0023225178,0.00057423394,0.00057495537,0.00024990764,0.00021494625,1859,test
0.00061993656,0.00026072055,0.9943791,0.0027215872,0.0007051852,0.00075627235,0.0003036428,0.0002534525,1860,test
0.0003776932,0.00018567748,0.9963122,0.001641843,0.00046206155,0.0005255165,0.00030492587,0.00019013416,1861,test
5.7890484e-06,0.9995072,2.0348167e-05,6.645094e-06,0.00038664835,2.3807099e-05,4.829338e-05,1.2217297e-06,1862,test
6.1364663e-06,0.99945384,1.8950053e-05,1.51773875e-05,0.00041937194,6.804518e-05,1.7516128e-05,9.831284e-07,1863,test
0.0005718854,0.00020068345,0.9946896,0.0025536313,0.0005015922,0.0007335905,0.00042897434,0.00032003468,1864,test
0.19836226,0.007420015,0.6798127,0.033911593,0.035015143,0.018299425,0.015886012,0.011292709,1865,test
0.0009640404,0.00035020642,0.99159884,0.003875685,0.00076346466,0.0012323058,0.0006694626,0.00054603687,1866,test
0.0001905544,7.3566094e-05,0.99736565,0.0013004763,0.00027403538,0.00044751455,0.00022200783,0.00012618683,1867,test
0.98735774,0.00034140915,0.0002178025,0.00017140653,0.0013950072,0.010084566,0.0002942689,0.00013772823,1868,test
0.00034532172,0.00017161056,0.9956801,0.0023986003,0.0004346696,0.0005654819,0.0002607571,0.00014349187,1869,test
0.98111,0.00029885213,0.0003809451,0.00029987082,0.0016448474,0.015647292,0.0003889353,0.00022921308,1870,test
0.00067748193,0.00022108032,0.9939739,0.0029152532,0.00062566437,0.000870387,0.0003773802,0.00033885066,1871,test
0.98524797,0.00043061303,0.00037906796,0.00028229962,0.001589243,0.011585256,0.00031346187,0.00017211122,1872,test
0.9894292,0.0005347839,0.00038351765,0.00024889526,0.0014970861,0.00745718,0.00027762988,0.00017170078,1873,test
0.9800586,0.00066562515,0.00064402504,0.0005813583,0.002769417,0.014484962,0.0004395343,0.00035643147,1874,test
6.233041e-05,0.0006661985,0.0033402254,2.4181969e-05,0.00036306333,0.0063785412,0.9861752,0.0029903364,1875,test
0.00033999945,0.00013472218,0.99642205,0.0016192069,0.00039004575,0.0005978686,0.00026065516,0.00023553152,1876,test
0.00038325996,0.00017878837,0.99636924,0.0016124933,0.00050192,0.0005584753,0.00017497332,0.00022090999,1877,test
0.9836457,0.00027095168,0.0003699663,0.00021190628,0.0015807102,0.0133751435,0.0003453734,0.00020032868,1878,test
0.0012451418,0.00040953932,0.9898663,0.005215699,0.001313785,0.00093889865,0.00060970313,0.00040094534,1879,test
0.0012442562,0.00030846542,0.9894112,0.0058496916,0.0012300023,0.0010420791,0.00049912365,0.00041517426,1880,test
0.9809389,0.0003436004,0.00029891773,0.0003962119,0.0019588985,0.015028968,0.0005644343,0.00047007756,1881,test
0.00054478564,0.000192082,0.00023103913,5.9329876e-05,0.99895096,2.3309494e-06,6.6530165e-06,1.2816786e-05,1882,test
0.00034555927,0.00022358843,0.9949574,0.0023746828,0.0006778545,0.0005303856,0.0007194282,0.00017103487,1883,test
0.0019422938,0.00037738567,0.98694557,0.007212382,0.0010434402,0.001272072,0.0007331352,0.00047378938,1884,test
0.0006913274,0.00023969433,0.9935249,0.0035172657,0.000664803,0.0006980727,0.0003577849,0.00030614657,1885,test
0.9855988,0.00012694005,0.00048103146,0.00019214726,0.0010153428,0.0122104725,0.00021050563,0.00016471156,1886,test
0.00017834347,6.814215e-05,0.9974421,0.0013280025,0.0002824236,0.00036486893,0.0001961709,0.00013993576,1887,test
0.9847786,0.00022656095,0.00023909507,0.00019751726,0.0013068117,0.012731992,0.00033550564,0.00018385526,1888,test
0.98665816,0.00030196572,0.0002454084,0.00020102866,0.0016556593,0.0105386395,0.0002548016,0.00014434713,1889,test
0.9812836,0.00056605483,0.0007506532,0.00044048444,0.0026949614,0.013386507,0.0005454162,0.00033230046,1890,test
0.0005405198,0.0002546148,0.9945721,0.0025918523,0.0006238574,0.00067791325,0.00041118186,0.00032798114,1891,test
0.0014448364,0.00034746467,0.989613,0.0045201653,0.0010137105,0.0016242842,0.000877201,0.0005593086,1892,test
0.99044853,0.00031842012,0.00020278811,0.00018581963,0.0012679651,0.007224292,0.00022111583,0.00013106027,1893,test
0.0005236382,0.97123915,0.005899419,0.00035597463,0.00841057,0.0032947524,0.008396661,0.0018798957,1894,test
0.000900997,0.0004035405,0.99095553,0.0044330996,0.0014485044,0.00078759337,0.0007029192,0.00036783295,1895,test
0.0016286006,0.00095060136,0.98778546,0.0053986674,0.001989492,0.0009847295,0.000778626,0.00048385654,1896,test
0.0005595172,0.00039338536,0.99468815,0.0020473609,0.0006375937,0.00081240607,0.00044950703,0.0004120495,1897,test
0.025024423,5.104203e-05,0.0070905806,0.0023245674,0.04147269,0.0050308937,0.016675472,0.9023303,1898,test
0.00038219523,0.0001250952,0.99610364,0.0021385017,0.0003804023,0.00045707246,0.00022750122,0.00018566623,1899,test
0.00063008297,0.00020231638,0.9942425,0.0028940192,0.0006325174,0.00072869856,0.00036427213,0.00030565998,1900,test
0.0003563098,0.00015564392,0.9962607,0.0016751315,0.00041686746,0.0006295456,0.00028210925,0.00022372488,1901,test
9.0589856e-05,3.1994105e-07,0.00066459813,3.3575965e-05,0.00057113357,0.0005523287,0.0013555137,0.9967319,1902,test
0.98347616,0.0004231203,0.0005657733,0.00029084185,0.0021745581,0.012413223,0.00040089808,0.00025541466,1903,test
0.0005495114,0.00017383686,0.9944035,0.0028719036,0.00046063744,0.0008368519,0.00032898897,0.00037482555,1904,test
0.9835534,0.0002867362,0.0003180492,0.0002213719,0.0017031375,0.013427193,0.00029411906,0.00019600084,1905,test
0.9852203,0.0004461829,0.00039735378,0.0002707234,0.0018087988,0.011368283,0.00032521586,0.00016321143,1906,test
0.00070025295,0.00045267984,0.9919626,0.0040704897,0.0011221081,0.00090911565,0.0004969822,0.00028569158,1907,test
0.00036596373,0.00011131117,0.99627614,0.0018761633,0.00036096683,0.00060259417,0.00021701251,0.00018985676,1908,test
0.00018728104,7.43606e-05,0.99674547,0.0015738297,0.00026992397,0.00055635994,0.00037349376,0.00021934538,1909,test
0.00071568374,0.00030760939,0.9935707,0.00286891,0.0008175796,0.00080585055,0.00055714836,0.00035654637,1910,test
0.9878805,0.00037729274,0.00023642079,0.00018193535,0.0012778983,0.009629314,0.00027540643,0.00014128376,1911,test
0.00093085837,0.00021074216,0.99359,0.0035431054,0.000641238,0.00063721,0.00023878072,0.00020809949,1912,test
0.0010591408,0.00045992923,0.99067515,0.00436397,0.0011861566,0.0011056617,0.0006115966,0.000538417,1913,test
0.00036321493,0.000118650496,0.9956239,0.0023170402,0.00038502002,0.00070618413,0.00025842056,0.00022768397,1914,test
0.986529,0.00013916269,0.00014585388,0.00014852054,0.0010489919,0.011657712,0.00019386865,0.00013682249,1915,test
0.0011079332,0.00038413247,0.00044033717,0.00014892337,0.9977469,2.0083346e-05,5.58354e-05,9.577885e-05,1916,test
0.9867301,0.00031741353,0.0003246174,0.0001834643,0.001122968,0.010869232,0.00030668103,0.00014547474,1917,test
0.00012985458,4.4663408e-05,5.5616238e-06,1.55245e-05,8.3841815e-06,0.99974006,3.9714607e-05,1.6123264e-05,1918,test
0.0010547301,0.00041438758,0.991084,0.0036407195,0.0008721925,0.001516777,0.0008811432,0.0005360383,1919,test
0.99330187,8.231768e-05,9.600913e-05,6.928282e-05,0.00047826624,0.0058682826,4.864736e-05,5.5330347e-05,1920,test
0.00043422988,5.2430023e-05,8.9247136e-05,1.735666e-05,7.438428e-06,0.9990489,0.00025924577,9.119634e-05,1921,test
1.3874247e-06,0.99983656,4.8118222e-06,1.9091815e-06,0.000116220224,2.4471992e-05,1.4297889e-05,3.5231196e-07,1922,test
0.00067947514,0.00015768317,0.99571675,0.0016846741,0.00049354485,0.00064544746,0.000314692,0.0003077727,1923,test
1.3952052e-05,0.99889153,2.5811743e-05,1.4717162e-05,0.0009770228,6.541382e-05,1.0196196e-05,1.4173854e-06,1924,test
0.98713624,0.00018581229,0.00028119312,0.00021635022,0.001143947,0.010723992,0.00014024242,0.00017222496,1925,test
0.0005727355,0.00014258873,0.99503314,0.002311532,0.00085632945,0.00053388637,0.00027828972,0.00027148923,1926,test
0.00037364571,0.00014416828,0.9967901,0.0017009393,0.00043557998,0.00028148043,0.00012029179,0.00015379481,1927,test
0.0004589769,0.00023447612,0.9963439,0.0012708885,0.00060436525,0.00050911825,0.000327489,0.0002508126,1928,test
0.48217696,0.0073919864,0.42682746,0.02742126,0.022738643,0.017005276,0.006692159,0.009746368,1929,test
0.0005618351,0.00025502156,0.9959948,0.0014662627,0.0006684041,0.00046799303,0.00031039334,0.00027536432,1930,test
0.00033220573,0.00024607184,0.9972257,0.00082156574,0.00055840495,0.00037890358,0.00023638265,0.00020074358,1931,test
0.00020737972,0.0001649298,0.99814963,0.0005570834,0.00034624257,0.0002934368,0.00013210764,0.00014917228,1932,test
0.00027308502,0.00014383985,0.99766266,0.0007297667,0.00033988152,0.0004973919,0.00018497111,0.00016846196,1933,test
0.99093914,0.0003415196,0.00029547376,0.00016733048,0.0010077717,0.0068658385,0.00019709356,0.00018582925,1934,test
1.6272709e-06,0.9998325,3.0567803e-06,2.0152013e-06,0.00012184175,2.9718523e-05,8.995462e-06,2.6847448e-07,1935,test
0.98854256,0.00013764859,0.00021810172,0.00011550037,0.0003893859,0.010369904,0.0001278931,9.904458e-05,1936,test
0.9856147,0.00031363626,0.0010296706,0.000377131,0.0029833517,0.008826979,0.00036579935,0.0004887477,1937,test
0.00080740225,0.00016979165,0.99553657,0.0018778717,0.0005176047,0.0006128271,0.00017776541,0.00030017132,1938,test
0.0003343066,0.00012641042,0.9972536,0.00096445484,0.0004122403,0.0004313753,0.00019411148,0.0002834854,1939,test
0.8876817,0.00083151297,0.05733174,0.011011572,0.0066617695,0.0328559,0.0015494092,0.0020764086,1940,test
0.9893,8.8884575e-05,0.00010013567,8.048537e-05,0.00057218515,0.009678387,0.000108719985,7.123669e-05,1941,test
0.00043716808,0.00022996959,0.9967874,0.0010361653,0.0005009564,0.0005453647,0.0002296728,0.00023325137,1942,test
0.0005426088,0.00023681157,0.9962209,0.0013257657,0.00054487,0.0005292973,0.00029918063,0.0003006886,1943,test
0.99346477,7.0038164e-05,7.06035e-05,6.0702816e-05,0.0004591172,0.0057688714,4.968861e-05,5.6155386e-05,1944,test
0.99181914,5.596989e-05,4.34963e-05,5.591126e-05,0.00034614815,0.0075719897,4.7762725e-05,5.9485617e-05,1945,test
0.00038218015,0.00015754464,0.99720913,0.0010623296,0.00045002977,0.00037884165,0.0001669834,0.00019283363,1946,test
0.9864088,0.00018076737,0.00024671122,0.00015668436,0.001275699,0.011333007,0.00021240227,0.0001858782,1947,test
3.1839827e-06,0.99972004,6.20866e-06,3.5982418e-06,0.00020215902,4.8878836e-05,1.5398959e-05,5.939752e-07,1948,test
0.7796969,0.00018568205,0.018027341,0.0018443704,0.010329217,0.041909195,0.021452382,0.12655494,1949,test
0.00024120019,9.329547e-05,0.99782073,0.0006745529,0.0003650534,0.00035252536,0.00022458781,0.00022803036,1950,test
0.00047243605,1.365135e-06,0.0014674078,1.6373691e-05,0.00032615953,0.0035213826,0.0034482987,0.9907465,1951,test
0.00064805656,0.00020765058,0.9956252,0.0015787,0.0005203123,0.0007005993,0.00035944508,0.00036008464,1952,test
2.0416176e-06,0.9997849,3.476756e-06,3.5297126e-06,0.00015720155,4.249713e-05,6.000167e-06,2.7762647e-07,1953,test
0.9904219,7.32452e-05,0.00011005321,9.967629e-05,0.0005712168,0.008595568,5.421006e-05,7.417209e-05,1954,test
0.00054193224,0.00021445194,0.996203,0.0013619863,0.00054111064,0.0005524436,0.00029644903,0.00028864873,1955,test
0.012357115,0.00025342172,0.00021310493,0.0007667199,0.0002729251,0.98480344,0.0005726817,0.0007605197,1956,test
0.99261546,9.544314e-05,9.570673e-05,6.766712e-05,0.00054331735,0.006436332,7.815596e-05,6.7958135e-05,1957,test
0.99074113,9.203299e-05,9.136626e-05,8.311364e-05,0.00056132,0.008285348,6.894813e-05,7.6746845e-05,1958,test
0.00042536933,0.00019572252,0.9969862,0.0010348988,0.0005017987,0.00044322095,0.00020006779,0.0002127573,1959,test
0.9901738,9.50109e-05,0.00013360418,0.00011275423,0.0009919737,0.008299732,9.976457e-05,9.333892e-05,1960,test
0.00021700087,0.00014675788,0.99806553,0.00058151083,0.00036681409,0.00031540153,0.00016355967,0.00014342745,1961,test
0.99112105,0.00015522164,0.00015834624,0.00014142139,0.00079963624,0.0074429023,8.857287e-05,9.2783936e-05,1962,test
0.99254066,4.474601e-05,6.115926e-05,4.8614802e-05,0.00036266036,0.006826499,5.7578207e-05,5.8092814e-05,1963,test
0.037950892,0.0011707913,0.023271767,0.020456731,0.032835376,0.06779356,0.021369219,0.7951517,1964,test
0.00047302258,0.0001936329,0.99666095,0.0012458819,0.0005233045,0.00046779937,0.00019723519,0.00023818664,1965,test
0.00036614836,0.00014192722,0.9972343,0.000999351,0.0003904434,0.00041701444,0.00022968595,0.00022120198,1966,test
0.00060014613,0.00026155123,0.9956066,0.0017951254,0.0007384104,0.00043859487,0.0003070945,0.00025250114,1967,test
0.9901648,0.00010667046,0.0001258496,0.000102708014,0.00069531356,0.008609673,9.846944e-05,9.650623e-05,1968,test
0.9902352,0.00020264061,0.00018769581,0.00011044785,0.00082500273,0.008138441,0.00016876044,0.00013173457,1969,test
0.00028644007,0.0001369537,0.9977164,0.00085988466,0.00033027204,0.0003453381,0.00014016111,0.00018458492,1970,test
0.000585159,0.00029312077,0.99551165,0.0017645813,0.00070965313,0.00050110026,0.0003440619,0.00029064782,1971,test
0.98817843,0.00019972071,0.00024976328,0.00019309584,0.0009208143,0.01003961,0.000121597055,9.698233e-05,1972,test
0.9898964,0.0002139361,0.0003609167,0.00021339205,0.0007983009,0.0081128385,0.00018916416,0.00021496564,1973,test
0.004263734,0.00063174014,0.9844534,0.005588361,0.001266364,0.0017236056,0.0010866431,0.0009862867,1974,test
0.0006499314,0.00023470039,0.99516785,0.0021051024,0.0006054359,0.0006357273,0.00034958436,0.00025162753,1975,test
0.00026903648,0.00012144571,0.9975829,0.0011576037,0.0003120205,0.0002844902,0.00011716973,0.0001553864,1976,test
0.98254067,0.00035974543,0.0005919623,0.00034696428,0.0020491336,0.013599731,0.0002726886,0.00023905617,1977,test
0.99279225,0.00010147152,0.0001445335,9.2557726e-05,0.00055032014,0.0061166515,8.7952394e-05,0.00011430063,1978,test
0.00025791617,0.00014339708,0.99770576,0.00069966615,0.00041890843,0.00037387267,0.00021372887,0.00018672331,1979,test
0.00014156247,6.8025285e-05,0.9981198,0.00055979536,0.00029102326,0.00035614823,0.00026239557,0.00020120216,1980,test
0.00025273184,0.00013165321,0.9977906,0.00060812524,0.00036065254,0.00046655803,0.00019083422,0.00019894955,1981,test
0.00038425246,0.00015296997,0.99712867,0.0011176693,0.00037883222,0.00042104052,0.00021693842,0.00019960599,1982,test
0.0007665075,0.00017620905,0.9948382,0.0023726667,0.0005838769,0.00062786334,0.00032140914,0.00031321158,1983,test
0.00021146762,0.00011133575,0.99771714,0.0006126037,0.00041837842,0.00036466355,0.00029020698,0.0002741704,1984,test
0.0012827885,0.00020909046,0.991161,0.0056331083,0.0005308817,0.0004794843,0.0004279543,0.00027561883,1985,test
0.00024527314,7.9297735e-07,0.0010637611,1.3473335e-05,0.0007258812,0.00045917238,0.0030399743,0.9944516,1986,test
0.99303377,0.00013000346,0.00013233814,0.00010269643,0.00062319974,0.0058112955,7.632333e-05,9.034606e-05,1987,test
0.00019945957,0.00011825761,0.99797004,0.0007147058,0.00040008724,0.00029887506,0.00016286914,0.0001356913,1988,test
0.992564,0.00013484753,0.00012703103,0.000112333946,0.00068683847,0.006206421,7.496267e-05,9.360215e-05,1989,test
0.00044987377,0.00021451146,0.99668854,0.0011136697,0.00053696387,0.0004702075,0.00025994083,0.000266229,1990,test
0.0014423499,8.11053e-05,6.0685827e-05,0.00016977401,0.9981862,1.5134274e-05,6.6480557e-06,3.8185113e-05,1991,test
0.047842257,0.00018136986,0.11640945,0.0013092399,0.009324518,0.019520957,0.02527939,0.7801329,1992,test
0.99110353,0.00022083052,0.00025101175,0.0002477077,0.00090697355,0.0069821677,0.00012286383,0.00016496469,1993,test
0.022938821,0.0031785439,0.0036556704,0.0005282496,0.9644843,0.0042860038,0.0005742337,0.00035406472,1994,test
0.988862,0.00032464127,0.0003539957,0.00023166773,0.0012910906,0.008588956,0.00017521602,0.0001725045,1995,test
0.00025300527,0.00013592496,0.99675375,0.0014547167,0.00064465485,0.00022793647,0.00040094063,0.00012904302,1996,test
0.9908828,0.00017357578,0.00017040629,0.00011473676,0.0007430452,0.0076891454,0.00012598242,0.00010034401,1997,test
0.9920638,4.9619535e-05,8.338453e-05,5.9724745e-05,0.00044800484,0.0071827825,5.493136e-05,5.7731297e-05,1998,test
0.00045949477,0.00024691244,0.9965354,0.001164634,0.00058815244,0.00046811556,0.00028629045,0.00025097805,1999,test
0.00022715285,0.00016397634,0.99753726,0.0010242958,0.0004158768,0.0003261261,0.00014324534,0.00016203179,2000,test
0.44159105,0.0037424902,0.45170635,0.0302656,0.022076746,0.030949378,0.006500698,0.013167668,2001,test
0.02191462,0.464617,0.12762278,0.017463746,0.01368088,0.119978726,0.14306508,0.09165719,2002,test
0.00027760759,0.00010452734,0.99753726,0.0007424171,0.00034229556,0.000440592,0.0002696226,0.00028572165,2003,test
0.99001056,9.780054e-05,0.00015813248,0.000118544,0.0005702525,0.0088762,7.4690295e-05,9.378989e-05,2004,test
0.00027043626,0.00012022323,0.99752825,0.0006605868,0.00039351074,0.00045552765,0.00028477536,0.00028671973,2005,test
0.98902345,0.00011649409,0.00021495024,0.00015260842,0.0007523017,0.009506574,0.00010351263,0.00013011145,2006,test
0.00031430615,0.00017114672,0.9972481,0.00085148343,0.0005219718,0.00042723786,0.00027039796,0.00019519284,2007,test
0.9915058,6.615467e-05,7.994554e-05,7.278111e-05,0.00044697034,0.0076978547,5.4597313e-05,7.582957e-05,2008,test
0.0006399785,0.0002786104,0.99408793,0.0026097812,0.0006473176,0.0007404806,0.00034523357,0.0006507163,0,validation
0.98967755,0.00012185285,0.000117720825,0.00017511587,0.0006739986,0.008884158,0.00017720409,0.00017238535,1,validation
0.98691535,0.00023063117,0.0001550533,0.00014974558,0.00096598105,0.011134306,0.00028970974,0.0001592218,2,validation
0.9898235,0.0001327574,0.000119797085,0.00012907306,0.00073644647,0.008775486,0.00017799312,0.00010491784,3,validation
0.0013144886,0.0008307419,0.98722315,0.0043149297,0.001568749,0.001837439,0.001733995,0.0011765094,4,validation
0.0011379493,0.0005763695,0.990139,0.0041814214,0.0010106408,0.0013197705,0.0008708424,0.00076398585,5,validation
0.00050394336,0.00058207585,0.99325883,0.002429871,0.0010133305,0.00092998735,0.00076466653,0.0005173023,6,validation
0.99040014,0.00014048045,8.8752815e-05,9.934783e-05,0.0006924299,0.008324383,0.00014948192,0.000104910905,7,validation
0.98894393,0.00010974205,0.00010036642,0.00014389007,0.0012815489,0.008936212,0.00026841369,0.00021583244,8,validation
0.98924553,0.00010050768,9.821369e-05,0.00014987944,0.0006537724,0.00944158,0.00015728305,0.00015322579,9,validation
0.0005815304,0.00037893068,0.99340653,0.0031014392,0.00073340314,0.00091719953,0.0004748332,0.00040603444,10,validation
0.0049454053,0.0014927653,0.0005405801,0.00024327065,0.9923039,0.00013522475,0.00019254978,0.00014616724,11,validation
0.0014464108,0.0005714098,0.9880598,0.006705296,0.0011570305,0.0008373691,0.0007470475,0.00047571005,12,validation
0.0003508859,0.00027215332,0.99483454,0.0019651032,0.00055430864,0.0009547787,0.00067395536,0.0003941867,13,validation
0.0015648089,0.0009316326,0.9874794,0.0044507994,0.0015400795,0.0017500552,0.0012723249,0.0010108919,14,validation
0.0005994852,0.0003448636,0.9934588,0.0030385414,0.00080368575,0.000769033,0.00046366415,0.0005219932,15,validation
6.186669e-05,9.2256654e-05,5.5430195e-05,3.7329417e-05,2.7851698e-05,0.9994073,0.0002078645,0.0001102136,16,validation
0.9916768,0.00017529936,0.00013105173,0.00011843759,0.0008806514,0.0067490763,0.00016502217,0.0001037841,17,validation
0.003054926,0.00072354317,0.9817245,0.008845101,0.001949535,0.0018097293,0.001175474,0.00071723084,18,validation
0.00035093768,0.0003183487,0.99427843,0.0021806308,0.000645147,0.0011039922,0.000749707,0.00037276445,19,validation
0.0006176409,9.9426e-07,0.00057836407,2.3910829e-05,0.00069504237,0.00083576824,0.0013893431,0.9958591,20,validation
0.00067249103,0.00037660712,0.9935766,0.0026880128,0.00068719045,0.00093111733,0.0005163515,0.0005516614,21,validation
0.0014556277,0.00068551954,0.9891427,0.0042180927,0.00082391064,0.0017449942,0.00103359,0.00089550903,22,validation
0.7562974,0.0025916726,0.11080924,0.026309432,0.0168909,0.075225435,0.004113806,0.0077620866,23,validation
0.0007607392,0.00046537237,0.9929,0.002766463,0.00078606483,0.0009951458,0.0006828616,0.0006433948,24,validation
0.0017174633,0.0009205363,0.98537064,0.005907007,0.0018794158,0.0017262814,0.001427106,0.0010515753,25,validation
0.0004036173,0.00024689964,0.9949313,0.0019448373,0.0007015523,0.0007919029,0.0005624622,0.00041747568,26,validation
0.014345458,0.001843407,0.96226203,0.010157393,0.0039113024,0.003123483,0.0023702884,0.0019866312,27,validation
0.00094992196,0.0004774108,0.9910028,0.004210579,0.001035232,0.0009616443,0.0006893239,0.00067299226,28,validation
0.9871417,0.00021184472,0.00018414394,0.0002204785,0.001620711,0.010110783,0.00031907012,0.00019117854,29,validation
0.019770633,0.0016551497,0.9511246,0.0066539445,0.0035719115,0.012042219,0.002889122,0.0022924254,30,validation
0.00040766108,0.00033392294,0.99490154,0.0020956006,0.00064424996,0.0007949066,0.00049663114,0.0003255968,31,validation
0.00036341118,0.00028586737,0.995394,0.0014346165,0.00053381466,0.0009929591,0.0006515581,0.0003438674,32,validation
1.5035617e-05,8.302899e-05,9.889199e-06,0.9997831,6.0815557e-05,3.5585726e-05,6.9487564e-06,5.6454214e-06,33,validation
0.7172671,0.102684826,0.037623525,0.016293405,0.039900042,0.053828184,0.024052668,0.008350225,34,validation
0.00066850067,0.00023142733,0.99349314,0.003348187,0.00096705114,0.0005756522,0.00035705004,0.00035897343,35,validation
0.0012352443,0.00055208354,0.9901978,0.0047038896,0.00096117466,0.0010085314,0.0007149506,0.0006263911,36,validation
0.9907907,0.00016407696,0.00011225779,0.0001288206,0.00093398895,0.007518054,0.00021179381,0.00014014251,37,validation
0.98827654,8.702624e-05,0.0001237166,0.00015405694,0.0010257915,0.010029032,0.00015451999,0.00014922529,38,validation
0.9690513,0.00053324667,0.0014662248,0.0017347549,0.0059651798,0.017666787,0.0015961517,0.0019862244,39,validation
0.0006890107,0.00016560731,8.79492e-05,8.31094e-05,0.998933,4.1079816e-06,1.7758273e-05,1.9448167e-05,40,validation
0.9884976,0.00011611247,0.00012904653,0.000156247,0.00087605725,0.009890699,0.0001821287,0.00015216,41,validation
0.9907622,0.0004067611,0.00033598594,0.00028458494,0.0014959926,0.0063400306,0.00019350139,0.00018101069,42,validation
0.0015589619,0.000537063,0.98685396,0.006440403,0.0013657302,0.0013187416,0.0010417774,0.00088338385,43,validation
0.0001422219,6.230517e-07,0.00029027218,1.4749842e-05,0.00042166235,0.001729857,0.0006352174,0.9967655,44,validation
0.001221172,0.00070686603,0.98837346,0.005431566,0.0016138853,0.0010749046,0.0008235997,0.0007545856,45,validation
0.00039714685,0.00023664883,0.9955515,0.0016378975,0.0005758473,0.00071278407,0.00050004723,0.0003880432,46,validation
0.00014384076,1.1537688e-06,0.00024310371,2.3052304e-05,0.00097386405,0.00042498295,0.0012179427,0.99697196,47,validation
0.000796966,0.0006954988,0.9922835,0.0027093596,0.00096327363,0.0011346918,0.00070652773,0.00071009906,48,validation
0.0011555982,0.00057259557,0.9896292,0.0053225695,0.00084557466,0.0010968879,0.00066183234,0.0007156858,49,validation
0.0015213323,0.0010089431,0.9866742,0.0054926663,0.0019737189,0.0013597033,0.0011096518,0.00085977826,50,validation
3.1787708e-06,0.99960786,1.2007716e-05,4.4807634e-06,0.00034602694,1.3220876e-05,1.2711737e-05,5.6078795e-07,51,validation
0.0017783699,0.00086099055,0.98502547,0.005787607,0.0018960334,0.002026977,0.0013611284,0.0012633823,52,validation
0.0012279965,0.0006392974,0.9902181,0.0045939097,0.0013442116,0.00081628084,0.0007694562,0.00039079468,53,validation
0.9926132,9.824841e-05,6.971276e-05,7.52537e-05,0.00056168926,0.0063827536,0.00011858754,8.055962e-05,54,validation
0.0009788506,0.0009049221,0.99067163,0.0032957932,0.0011900995,0.001333521,0.0008559026,0.0007693095,55,validation
0.9888059,0.000115024435,0.0001195538,0.000113367576,0.00095544994,0.009533833,0.00019865288,0.00015806603,56,validation
3.5143243e-05,0.0001641483,0.00255263,2.5655303e-05,0.0001772887,0.0037839862,0.9918589,0.0014021882,57,validation
0.00043541793,0.00033365775,0.9952384,0.0022540046,0.0006019737,0.00057445135,0.00035053375,0.00021148713,58,validation
0.00066757825,0.00038336986,0.99314004,0.0028563205,0.00069008715,0.0011185256,0.00058228493,0.0005618223,59,validation
0.001492335,0.0007070203,0.9867595,0.0055127186,0.0012332605,0.0021834595,0.0010824706,0.0010292471,60,validation
0.00021277512,5.4935373e-07,0.00023050926,1.7079075e-05,0.0007638909,0.00026740434,0.00087876315,0.997629,61,validation
0.98773926,0.00027042135,0.00017549879,0.00019945574,0.0011432141,0.010035335,0.0002630131,0.00017379162,62,validation
0.0003918491,0.00024696093,0.9954991,0.0017297151,0.00056727015,0.00075455406,0.00045774766,0.00035282952,63,validation
0.0012941221,0.00038502985,0.9911806,0.004870505,0.0009377809,0.0006117106,0.00038881353,0.00033148137,64,validation
0.00046478648,0.0003495058,0.9951833,0.0020521458,0.0008306218,0.0005109671,0.00030895046,0.0002997382,65,validation
0.0014012369,0.0006802116,0.98800033,0.0055544106,0.0014800068,0.0011189377,0.00090889947,0.0008559273,66,validation
0.98393524,0.00033218027,0.00033674095,0.00032279565,0.0013177675,0.013055839,0.00037062,0.00032873088,67,validation
3.9393885e-06,0.9996382,1.5035043e-05,5.467359e-06,0.00027746047,2.9316552e-05,2.921287e-05,1.3227741e-06,68,validation
0.98660904,0.00010221725,9.473244e-05,0.00014781136,0.00081935123,0.011846762,0.00021172415,0.00016827529,69,validation
0.00066989433,0.00029711914,0.99453187,0.0026247255,0.00056455325,0.00060190103,0.00041735786,0.00029264134,70,validation
0.0014423148,0.00039379267,0.98992157,0.0057378653,0.001170065,0.00068979425,0.00039935685,0.00024537733,71,validation
1.3393475e-06,0.9997662,6.9881735e-06,3.5766275e-06,0.00020166748,9.387899e-06,9.864025e-06,9.592227e-07,72,validation
0.00025714329,0.0002935666,0.9960251,0.0014314494,0.0004978781,0.0006780408,0.00048780776,0.0003290535,73,validation
0.0008945583,0.0010343322,0.9907928,0.0028640325,0.001471274,0.0013250916,0.0009762453,0.00064172456,74,validation
0.0011472347,0.0005836148,0.989707,0.0042943787,0.0011912918,0.0013137765,0.0009343208,0.0008284403,75,validation
0.0027574524,0.0004738456,0.98334575,0.0088762045,0.0016911726,0.00082564907,0.0011818146,0.0008480143,76,validation
0.9877763,0.00011838062,0.00010525859,0.00014293435,0.0008109236,0.0106935855,0.0002101019,0.00014249663,77,validation
0.0015463532,0.0007811127,0.9869069,0.0058148983,0.0016732188,0.001250157,0.0012592066,0.000768177,78,validation
0.0004950611,0.000306389,0.99427766,0.0022977206,0.0006076549,0.00096114265,0.0005925775,0.00046180162,79,validation
0.9855788,0.00026557487,0.000285596,0.0002985483,0.0013112925,0.011715597,0.00029893802,0.00024571523,80,validation
0.9905902,0.00020933527,0.00018574628,0.00015041014,0.0010894606,0.007426943,0.0002188148,0.0001290835,81,validation
0.000793116,0.0006045943,0.99122965,0.0033244079,0.001371296,0.0011987577,0.00078479596,0.00069333735,82,validation
9.608216e-05,5.105119e-05,1.1498053e-05,3.141132e-05,1.3971561e-05,0.9996731,7.6431745e-05,4.649208e-05,83,validation
0.98825884,0.00031761167,0.00015343836,0.00018249429,0.0010334727,0.009686027,0.00021661403,0.00015159913,84,validation
0.00033969243,0.0002706982,0.9947915,0.0019240438,0.0005684241,0.0010147288,0.0006890085,0.0004018744,85,validation
0.0004707504,0.00028943692,0.9951873,0.0017262519,0.00053793646,0.0007938287,0.00050772604,0.0004867968,86,validation
0.98929054,0.00012604789,0.00013902553,0.0001514188,0.00082619145,0.009057627,0.00022586805,0.00018326676,87,validation
0.0017581616,0.0009916453,0.98540443,0.0060704486,0.0016428583,0.0016611224,0.0013580713,0.0011133126,88,validation
0.00060075364,0.00040001018,0.99378175,0.0024118952,0.00074018195,0.0008968143,0.000604309,0.0005643501,89,validation
0.00047714583,0.00058261125,0.9935469,0.0025989427,0.00082485285,0.00078814675,0.0007181278,0.00046327562,90,validation
0.0014883929,0.000692368,0.9895471,0.0045330324,0.001437836,0.0010809965,0.0005492827,0.000671156,91,validation
0.00028707465,0.00017604238,0.99567693,0.0017352563,0.00046774506,0.0007430593,0.00050182536,0.00041212744,92,validation
0.98669666,0.00029713026,0.0003203877,0.00025642803,0.0010236492,0.010810441,0.00031930182,0.00027596793,93,validation
0.9896339,0.00010975486,0.00010931862,0.00012170359,0.0005941201,0.009146536,0.0001675652,0.00011709389,94,validation
0.00053975364,0.00026987892,0.994313,0.0026006973,0.000576075,0.0008372008,0.00042944524,0.00043388715,95,validation
0.0014439935,0.00073214545,0.00036353423,0.00014551489,0.9972435,1.9327541e-05,2.6810792e-05,2.5042656e-05,96,validation
0.0006562757,0.0004811959,0.9928255,0.0026649667,0.0008054293,0.0011066913,0.0007333111,0.00072665897,97,validation
0.95844144,0.001772164,0.0016742643,0.0012637276,0.00524988,0.02841953,0.0019801562,0.0011987546,98,validation
0.987508,0.00017987723,0.00018147466,0.00022115384,0.0010460006,0.010419594,0.00024923254,0.00019470855,99,validation
0.0011834244,0.00093063695,0.9896032,0.003799822,0.0014301155,0.0013090408,0.0009919994,0.0007518283,100,validation
0.9882051,0.00011735626,0.00013188303,0.00015150692,0.0010158068,0.010002881,0.00021159837,0.00016383224,101,validation
0.9890955,0.0001616559,0.00017463574,0.00016254759,0.0012008648,0.008808215,0.00023307616,0.00016347085,102,validation
0.0014165391,0.00042369892,0.98934233,0.005978561,0.000828847,0.0011038847,0.00051287015,0.00039312878,103,validation
0.9878576,0.00023592028,0.00019126627,0.00017773482,0.0011793394,0.01002403,0.0002115843,0.00012254156,104,validation
0.0056855762,0.0074972,0.0015063991,0.00028629214,0.9841059,0.00055975764,0.00026374415,9.519333e-05,105,validation
0.99166614,0.00016879653,9.920282e-05,0.0001028302,0.00077411585,0.0069775847,0.00012221349,8.919306e-05,106,validation
0.0008684908,0.00054520415,0.99184823,0.0040038954,0.0009500118,0.0007176703,0.0005384119,0.0005280514,107,validation
1.998141e-06,0.0002347615,0.00025044056,3.568447e-06,4.053095e-05,0.00067964604,0.9987255,6.359107e-05,108,validation
0.00075906474,0.0004822025,0.99231213,0.0031941305,0.0008599887,0.0010991285,0.00067306514,0.00062018674,109,validation
0.0009202965,0.0006849911,0.99060917,0.0042058346,0.0011983862,0.0010346598,0.0007212799,0.00062543905,110,validation
0.00140081,0.0004889417,0.9905778,0.004523692,0.0013389044,0.000797327,0.0005676002,0.0003048376,111,validation
0.0012367206,0.0008907093,0.9884692,0.0047303317,0.0013779935,0.0015158751,0.0008569948,0.0009221083,112,validation
1.4006988e-06,0.9996989,5.518168e-06,1.6741723e-06,0.00027531452,8.540749e-06,7.962707e-06,6.7164683e-07,113,validation
0.0017681995,2.639097e-05,0.0019667358,0.0002499916,0.0035220408,0.009000582,0.011263563,0.9722024,114,validation
0.0010823502,0.00065544824,0.9897233,0.003850274,0.001236351,0.0015904882,0.0010548166,0.00080689276,115,validation
0.9872866,0.00039814805,0.00030103142,0.00026062512,0.0014541355,0.009735377,0.00034024,0.00022384137,116,validation
0.98812824,0.0002777248,0.0001790783,0.00019135242,0.0010264618,0.00977685,0.0002448196,0.00017540489,117,validation
0.9885612,0.00013696463,0.0001204867,0.0001378092,0.0008159951,0.009864846,0.00020592597,0.00015683661,118,validation
0.09911689,0.005989404,0.7986009,0.033673514,0.010450589,0.028363755,0.011442922,0.012362044,119,validation
0.98528385,0.00055260264,0.00041829352,0.00038486838,0.0016834924,0.0108854445,0.00047386214,0.00031753673,120,validation
0.98747534,0.0007697887,0.0005662339,0.0003902277,0.0019189289,0.008007743,0.00050192914,0.00036979944,121,validation
0.98698694,0.0012563397,0.0006686281,0.00050985755,0.0029370887,0.0063952296,0.0007132312,0.0005326616,122,validation
0.004409595,0.0027348886,0.9735661,0.007033712,0.0031345098,0.0041272477,0.0031713995,0.0018224576,123,validation
0.9435317,0.0065871356,0.009930374,0.0030811867,0.009820547,0.023295393,0.0023869118,0.0013667898,124,validation
0.98524344,0.0009826254,0.0008869885,0.0004824057,0.0021548064,0.009274298,0.000595933,0.00037947603,125,validation
0.98667544,0.00041903436,0.00043778255,0.00026248657,0.0011380926,0.009920886,0.00063651346,0.00050970516,126,validation
0.0014875137,0.0015542064,0.9846659,0.002854798,0.0017836203,0.003508767,0.0027100323,0.0014351561,127,validation
0.9852566,0.0011298183,0.000541719,0.00038614913,0.0023585563,0.009298512,0.00062886794,0.00039972988,128,validation
0.0011868394,0.00067912147,0.0035851751,0.0012657905,0.9929431,6.468441e-05,5.6523873e-05,0.00021864058,129,validation
1.6882454e-05,0.9990231,7.258965e-05,9.042009e-06,0.00056665903,0.00016290904,0.00013673973,1.2050166e-05,130,validation
0.006117056,0.0019849292,0.9696157,0.00894458,0.003537488,0.0042474656,0.004000962,0.0015518955,131,validation
0.002909699,0.0057734065,0.027516155,0.0010002162,0.0042624297,0.014275867,0.9102502,0.0340121,132,validation
0.9854769,0.0007373131,0.00056569127,0.00034989367,0.0023277912,0.009382649,0.0006871131,0.0004726789,133,validation
0.0013516514,0.0014479862,0.9855964,0.002732754,0.0019070102,0.0031654446,0.002606097,0.0011927399,134,validation
0.0008137428,0.0008817175,0.004119469,7.710609e-05,0.0016139835,0.009191949,0.9779816,0.005320346,135,validation
0.00518408,0.0014125601,0.9741337,0.009992423,0.0028673047,0.00334545,0.0020223863,0.0010421517,136,validation
0.002353502,0.0013501588,0.98368406,0.006142092,0.0032525347,0.0012159632,0.0012484541,0.0007532585,137,validation
0.002178896,0.001701198,0.982061,0.0038676756,0.0023659759,0.0035710044,0.0025310756,0.0017231761,138,validation
0.98165315,0.0011310197,0.00083794334,0.00047018347,0.0028565282,0.012023382,0.00067099003,0.00035683112,139,validation
0.0016496471,0.0023495825,0.9801998,0.0046967794,0.0028986437,0.0043100477,0.0028817642,0.0010136939,140,validation
1.8227875e-05,0.9989506,7.561509e-05,6.8828717e-06,0.0006230741,0.00016475173,0.00014604603,1.4838929e-05,141,validation
0.00964025,0.003835153,0.9484491,0.015989844,0.005472003,0.008728132,0.00529012,0.0025954302,142,validation
0.06561782,0.008101772,0.8644681,0.025741044,0.008349434,0.012629042,0.0076382,0.007454615,143,validation
1.601133e-05,0.9989072,7.132518e-05,9.795935e-06,0.00067315047,0.00014997687,0.00015660467,1.5940546e-05,144,validation
0.004629508,0.0032660875,0.9705356,0.0073445314,0.0039037475,0.004442588,0.003841637,0.0020363766,145,validation
0.0008551237,0.0012471528,0.9888864,0.001449577,0.0020636062,0.002284157,0.0022497592,0.00096423976,146,validation
0.0019551103,0.0018250127,0.98288786,0.003153111,0.0026344904,0.003771693,0.0022857785,0.0014869738,147,validation
0.0037102615,0.0024169027,0.9751276,0.006881816,0.0031170053,0.0037847422,0.0031337067,0.0018279805,148,validation
2.1793376e-05,0.99893564,8.787465e-05,1.33150115e-05,0.0005323712,0.00018265581,0.00021086646,1.5481697e-05,149,validation
0.0028984877,0.0018708948,0.97996855,0.0045336015,0.0021866064,0.003779416,0.003121404,0.0016410843,150,validation
0.0027733163,0.0024142005,0.98016465,0.00478063,0.0027460405,0.0032614311,0.002403939,0.001455716,151,validation
0.0024366989,0.0017843369,0.9820188,0.0038057195,0.0020776344,0.0036661816,0.0026348706,0.0015757467,152,validation
0.001013998,0.0005738896,0.0003830436,8.695205e-05,6.5495544e-05,0.99596196,0.0011461456,0.00076844223,153,validation
0.00071062974,4.633934e-06,0.0012632093,2.0178364e-05,0.0010483144,0.003165317,0.0037040112,0.9900837,154,validation
0.0039523416,0.0025342684,0.97500587,0.0064640236,0.0029912682,0.0039331103,0.0032238772,0.0018953759,155,validation
0.0027845441,0.0014289868,0.9800245,0.005927274,0.0037944105,0.002046279,0.0029474876,0.0010465498,156,validation
0.98228574,0.0010003964,0.0007724602,0.0005082228,0.0021566185,0.012171992,0.000680607,0.00042397034,157,validation
0.011698654,0.00024906718,0.014171974,0.0014511165,0.00866331,0.022834858,0.02096112,0.91997,158,validation
0.98426396,0.00043382103,0.00029250985,0.00026905467,0.0019171223,0.0120036835,0.00050218013,0.00031772032,159,validation
0.9811963,0.0011791637,0.00063048763,0.00048796477,0.003726915,0.011620168,0.00074461463,0.00041440228,160,validation
0.0028434854,0.0024980395,0.9788143,0.0051334593,0.003330564,0.003463676,0.0025430734,0.0013733587,161,validation
0.0037765377,0.0021571708,0.97482985,0.00491548,0.0028878031,0.0050206124,0.0044542174,0.0019583348,162,validation
0.008590764,0.0038000161,0.9516635,0.012969929,0.0046646902,0.010661881,0.00403708,0.0036120275,163,validation
0.0026800898,0.001773107,0.98021793,0.005367554,0.0028350872,0.003383592,0.002122024,0.0016206644,164,validation
0.0020916818,0.0018941264,0.98341227,0.003415028,0.0019855814,0.0037199503,0.0022736313,0.0012077757,165,validation
0.0045738793,0.003009461,0.9720258,0.0072449176,0.0035297545,0.004255904,0.0032978286,0.0020624287,166,validation
0.98342484,0.0003377489,0.00049731066,0.00037431146,0.0021368933,0.0114205545,0.0010958285,0.00071250263,167,validation
0.018449314,0.83384323,0.036585014,0.002173297,0.048867602,0.019746175,0.031582937,0.008752418,168,validation
0.0012642737,0.0016628767,0.9846578,0.0021739944,0.0018454209,0.0040200325,0.0030631772,0.0013124996,169,validation
0.0034945472,0.0025671052,0.9763292,0.0057648155,0.0031541775,0.0036674477,0.0032101288,0.0018125583,170,validation
0.002615291,0.0024649636,0.97927254,0.0039447914,0.0035262918,0.0031558422,0.0034849718,0.0015353302,171,validation
0.0013033414,0.0015253997,0.98743546,0.0021077828,0.0020821537,0.0023854885,0.0021910104,0.00096934015,172,validation
0.0012142886,0.0010809824,0.98786896,0.0019051797,0.0016703389,0.002630826,0.0024034593,0.0012259863,173,validation
0.9899019,0.0009112922,0.00051279913,0.00024828193,0.0019182529,0.0058240434,0.00042465073,0.000258778,174,validation
0.9880248,0.0002960253,0.00045620228,0.00034169227,0.0015815437,0.008393537,0.0004879741,0.00041828197,175,validation
0.001797954,0.0017065386,0.98456454,0.0028016192,0.002231575,0.0032634782,0.0022111153,0.0014232057,176,validation
0.001150368,0.0010408034,0.98695195,0.0024051163,0.0016672302,0.003046328,0.0026357295,0.0011024954,177,validation
0.9834811,0.0009003034,0.00060339697,0.00037984597,0.0032675907,0.009974892,0.000861799,0.00053110655,178,validation
0.23534639,0.014386083,0.59088284,0.05238595,0.020858256,0.053226188,0.013187642,0.019726636,179,validation
0.0045693573,0.0035058577,0.9683146,0.0067139263,0.004457068,0.005351068,0.004579948,0.0025080827,180,validation
0.98449033,0.0010719929,0.00095060933,0.00049216393,0.0025609203,0.009507518,0.00056565396,0.0003607325,181,validation
0.003614491,0.0026816414,0.97405165,0.005335093,0.002995047,0.0047396347,0.0041730287,0.0024093988,182,validation
0.0003836993,0.00055655185,0.0007957808,0.00015089806,0.00013844293,0.9951711,0.0021851566,0.0006183369,183,validation
0.0022039663,0.0018607363,0.9817935,0.0034785732,0.0023962313,0.0038064234,0.0026178749,0.0018425455,184,validation
0.0016337546,0.003255894,0.9840391,0.0030939104,0.002560733,0.0013605496,0.0024112074,0.0016447406,185,validation
0.003166472,0.0020351412,0.977563,0.0053822165,0.0026934615,0.0040936917,0.0030407,0.0020252843,186,validation
2.7270218e-05,0.99839216,0.00011111547,1.3438722e-05,0.0010052937,0.00017828977,0.00025425828,1.8149483e-05,187,validation
0.0010670811,0.0010734271,0.98758507,0.002263286,0.0016507083,0.0028054775,0.002304146,0.0012506867,188,validation
0.986626,0.00047004942,0.00040177666,0.00021799588,0.0019620557,0.009396421,0.00058392383,0.00034174224,189,validation
0.0016066919,0.0006195073,0.0009938203,0.9905015,0.004583526,0.00090003636,0.00012682559,0.0006681149,190,validation
0.0011282585,2.4421136e-06,0.00177028,2.2477936e-05,0.00073540164,0.0028055892,0.0036485468,0.98988706,191,validation
0.0029110597,0.0016684915,0.97868925,0.005425223,0.0023137552,0.004141046,0.0029164462,0.0019346792,192,validation
0.0026179266,0.0015774218,0.9807989,0.0046737576,0.0020491052,0.00390021,0.0027344667,0.0016483506,193,validation
0.9882288,0.0006563142,0.0004570691,0.00032451944,0.0018141716,0.007631103,0.0004814679,0.00040643342,194,validation
0.002085893,0.0013194941,0.98309994,0.004731556,0.0022229524,0.0034482484,0.0017192223,0.0013725881,195,validation
0.99048525,0.000432843,0.00042036886,0.00017527751,0.0015815226,0.0064437045,0.00029821767,0.00016274214,196,validation
0.0031492691,0.0017649271,0.97831684,0.005712624,0.0026836433,0.0038211748,0.0027426872,0.0018089741,197,validation
0.0041905367,0.0027876964,0.9703982,0.00859778,0.0037816865,0.004773693,0.0038544044,0.0016160149,198,validation
0.9847276,0.0005288129,0.00045628665,0.0002980067,0.0020847907,0.01091352,0.000600761,0.0003901342,199,validation
0.00067317364,0.00038676415,0.001106583,0.00026966134,0.0003055506,0.99355316,0.0018615401,0.0018437089,200,validation
0.0028850853,0.0012318934,0.9833831,0.0057903132,0.0019722034,0.002227482,0.0013216413,0.0011883185,201,validation
0.0022899806,0.00153428,0.98260385,0.0039751893,0.0020466265,0.0034269923,0.002496922,0.0016261548,202,validation
0.9866382,0.0006774649,0.0004939096,0.00026580732,0.0030615705,0.007846505,0.0006262503,0.0003903465,203,validation
0.025684953,0.0069971764,0.0075367023,0.0026579811,0.0053306976,0.9090495,0.028637007,0.014105941,204,validation
0.9888637,0.0003365729,0.00027812054,0.00019356173,0.0017460533,0.007912833,0.00038383235,0.0002853224,205,validation
0.0028252495,0.0018542446,0.97922564,0.004499775,0.0023236056,0.0044638566,0.0030966531,0.0017109484,206,validation
0.001405011,0.0014512044,0.9847723,0.0027419678,0.0016610308,0.0037997812,0.0029558642,0.0012127163,207,validation
0.00063137995,3.2429177e-06,0.0014184179,1.2005979e-05,0.00084938976,0.002488112,0.004044442,0.990553,208,validation
0.0015778434,0.0017152197,0.9851516,0.0022491137,0.002067596,0.0032441493,0.0027406088,0.0012539143,209,validation
0.0048263073,0.0023802097,0.9749135,0.0072002313,0.0028042078,0.0036639795,0.002561887,0.0016496724,210,validation
0.0037920412,0.0013621795,0.98067296,0.0067869388,0.0021876406,0.0027173543,0.0015415648,0.00093929184,211,validation
0.9570561,0.007625264,0.00485138,0.0014822842,0.0028670912,0.021384714,0.0035351014,0.0011980588,212,validation
0.0035054428,0.002451647,0.9763081,0.005126379,0.0028154138,0.0042874734,0.0034694276,0.0020361003,213,validation
0.0043580565,0.0019583462,0.9755558,0.008115231,0.0029655858,0.0030267702,0.0026507757,0.0013694395,214,validation
0.9906556,0.00054024777,0.00036883322,0.00017158373,0.0015235111,0.0062733917,0.00030323627,0.00016351444,215,validation
0.002178503,0.002883144,0.9770429,0.0040304423,0.006117622,0.003988766,0.0020839963,0.0016746281,216,validation
0.98134995,0.00047644827,0.00039397014,0.0003832342,0.0020317712,0.014254162,0.00065529667,0.00045508472,217,validation
0.00034784657,0.00047725113,0.00039362465,0.00011224551,9.5822164e-05,0.9970631,0.0010524228,0.00045762488,218,validation
0.0012774777,0.0010283109,0.0010785289,0.0002918705,0.00015340986,0.9925783,0.0024249468,0.0011670779,219,validation
0.002818723,0.003773953,0.97732055,0.004837751,0.004243158,0.0029826807,0.0023943533,0.0016288565,220,validation
0.9874479,0.000865077,0.0006133291,0.0004720611,0.0027329482,0.007014301,0.00046050292,0.0003938907,221,validation
0.98608893,0.00042582015,0.00031587237,0.00027396373,0.0022443652,0.009664045,0.0005563891,0.00043063896,222,validation
0.005387398,0.0040646223,0.96715486,0.0068808156,0.005067121,0.0048573148,0.0043185786,0.0022692706,223,validation
0.0034840517,0.0022620165,0.97568035,0.0054489966,0.003415188,0.0042278958,0.0036113914,0.0018700244,224,validation
3.627322e-05,0.998106,0.00010498076,1.8255172e-05,0.0014108188,0.00016372518,0.00014704712,1.2940338e-05,225,validation
0.0014986251,0.0013917938,0.984703,0.0042370735,0.0020566045,0.003161981,0.001919608,0.0010312701,226,validation
0.0020319845,0.0018242996,0.9814478,0.0034457133,0.0021529782,0.0041116145,0.0032427276,0.0017428659,227,validation
8.299657e-05,0.00020014183,0.0014995087,1.6979671e-05,0.00026513828,0.0043374165,0.9922218,0.0013761125,228,validation
0.0030231467,0.002273,0.9776499,0.0049196472,0.003021413,0.0041470765,0.003264852,0.0017008063,229,validation
0.0028829488,0.0019470394,0.9813891,0.0054162033,0.0022214267,0.0027519315,0.0020250455,0.0013663454,230,validation
0.0001833861,7.4005345e-07,0.0015651814,3.6598308e-06,0.00014555191,0.0048561585,0.003117885,0.99012744,231,validation
0.0026799678,0.002483214,0.9793226,0.004552553,0.0029534013,0.0037491573,0.0026069356,0.0016521475,232,validation
0.001060247,0.0010971836,0.98796356,0.0023079312,0.0016835125,0.002791573,0.0020563807,0.0010395917,233,validation
9.712875e-05,0.00022039135,0.001890547,2.605814e-05,0.00040624023,0.006012514,0.9895014,0.0018457737,234,validation
0.006872532,0.001990171,0.9626504,0.011216132,0.0034553765,0.0068112663,0.0047266823,0.0022774397,235,validation
0.0025015431,0.0017183487,0.980845,0.0038633954,0.0022379176,0.003958537,0.0031273242,0.0017480158,236,validation
0.0035952635,0.0031149848,0.9728352,0.005753993,0.0038608827,0.0042812154,0.0041580666,0.0024004588,237,validation
0.0029443994,0.0019367146,0.98123586,0.0076293075,0.0035035454,0.0012114432,0.00091540645,0.0006232824,238,validation
0.00085112255,0.00083616097,0.9894182,0.0022953292,0.0015257708,0.0024051287,0.001810242,0.0008580844,239,validation
0.97971076,0.00047348227,0.0003790787,0.00042553892,0.001780927,0.016328458,0.00053959526,0.00036211617,240,validation
0.0011507857,0.00040373497,0.99065053,0.0032626123,0.000833318,0.0018661602,0.0009309678,0.0009018801,241,validation
0.00039156052,0.00015661084,0.9962637,0.001261272,0.00054914504,0.0006513732,0.00036736816,0.00035904587,242,validation
0.0007218473,0.00039212147,0.9929998,0.0018834095,0.0008025303,0.0015859156,0.0008559385,0.00075842533,243,validation
0.9885395,0.00030247835,0.00031237453,0.00019442909,0.0013275106,0.008927508,0.00021999807,0.00017614824,244,validation
1.8333378e-05,0.9988092,8.721253e-05,1.4052144e-05,0.00077355857,0.00015959646,0.00012375828,1.4284748e-05,245,validation
0.0019116618,0.0010128813,0.9865232,0.004239541,0.0014942631,0.002185977,0.0014596679,0.0011728487,246,validation
0.98078376,0.0005875298,0.0005771935,0.00044154926,0.0019063889,0.014730259,0.0006308603,0.00034260767,247,validation
0.00026814398,0.006098359,0.0054567265,0.00013274964,0.0011228704,0.011437554,0.9691179,0.0063656745,248,validation
0.0017003439,0.0009160717,0.98688394,0.004574662,0.001630031,0.0019615963,0.0012962729,0.0010370656,249,validation
0.0011665301,0.000745934,0.9873374,0.0038344187,0.0016541493,0.0026118248,0.001492759,0.0011569737,250,validation
0.0011208125,0.00054121733,0.9904668,0.003289917,0.0009908995,0.0017792637,0.0008275995,0.0009834915,251,validation
0.0011480466,0.00071503106,0.9907522,0.0030264363,0.0011734506,0.0013779975,0.00092228333,0.0008845303,252,validation
0.0011522445,0.00038952948,0.99124485,0.003549772,0.0011837981,0.0013682296,0.00041685926,0.0006946452,253,validation
0.0014411915,0.0008565586,0.98742956,0.0034116905,0.001657292,0.0026626966,0.0013575474,0.0011834151,254,validation
0.0019131785,0.0010661966,0.98581415,0.004593218,0.0020009272,0.0019820896,0.0015111318,0.0011191322,255,validation
0.98192364,0.0006332626,0.00050239614,0.00048479528,0.001963437,0.013666198,0.00042884875,0.00039730643,256,validation
0.06856853,0.041347228,0.6222801,0.045239136,0.021220176,0.06173099,0.10969714,0.029916732,257,validation
0.0014578704,0.00073283113,0.988192,0.004424712,0.0014867206,0.0017122113,0.0009665408,0.0010271289,258,validation
0.9851244,0.0007484014,0.00047159125,0.00037830538,0.0017514564,0.01066628,0.00051630975,0.00034331414,259,validation
0.982544,0.0007584626,0.00040810087,0.0003674975,0.0016733819,0.013562449,0.00041199554,0.00027407863,260,validation
0.0009039864,0.0002867112,0.00033274823,0.00012389352,8.696961e-05,0.9961402,0.0007787234,0.0013468299,261,validation
0.983658,0.0003428381,0.00038281656,0.00029272313,0.0017440892,0.0130996825,0.00025988676,0.00021991652,262,validation
0.9776708,0.0007578327,0.0007359815,0.00053238636,0.0024078547,0.016876495,0.00058522867,0.00043340973,263,validation
0.0006886549,0.00038702702,0.99313724,0.0017610897,0.00072713016,0.0015857592,0.00089576945,0.00081726,264,validation
0.9851731,0.0003072033,0.00022362349,0.00028486407,0.0014845298,0.011986159,0.00027218988,0.00026828985,265,validation
0.007827734,0.0039234636,0.0016312095,0.9649926,0.0134425815,0.005280637,0.00021920906,0.0026825129,266,validation
0.0007129692,0.00030354233,0.9928156,0.002511802,0.0007897443,0.0014809417,0.0005611315,0.0008242957,267,validation
0.002338327,0.00038014908,0.98660696,0.0069530127,0.000762822,0.0016803625,0.00061949657,0.0006589161,268,validation
0.9794908,0.0008422321,0.0008237389,0.0006217697,0.0029586311,0.014327992,0.00052043056,0.00041447932,269,validation
0.00066226843,0.0003550445,0.0004688633,0.0003506631,0.9980963,7.753482e-06,9.758018e-06,4.9364226e-05,270,validation
0.00040758334,0.00018080442,0.9954991,0.0014774536,0.0006260718,0.00093921577,0.00042245103,0.000447322,271,validation
0.0035943426,0.000991321,0.9785982,0.0096756155,0.002053024,0.0023932592,0.0014055629,0.001288679,272,validation
0.0010413604,0.0003707095,0.9910635,0.0034041742,0.0008043426,0.0016429799,0.0007817931,0.0008912729,273,validation
5.2353887e-05,0.0012525935,0.0021287878,5.1078572e-05,0.00040499025,0.0060762074,0.988531,0.001502908,274,validation
0.0049717547,0.0006365177,0.9845553,0.005970234,0.0016641186,0.0009919782,0.0005098267,0.0007002102,275,validation
0.0006581035,0.0003400689,0.9925015,0.0029458662,0.00084266934,0.0014518554,0.0005982411,0.0006616843,276,validation
0.00050351996,0.00030885948,0.00024256532,0.00014562966,6.778954e-05,0.9978521,0.00058523816,0.00029443597,277,validation
0.9772315,0.00073965074,0.0007965197,0.0005376183,0.0018306052,0.017867707,0.0006189043,0.0003775056,278,validation
0.0026054312,0.0011928233,0.98241353,0.005707411,0.0028282702,0.0026415843,0.0015324242,0.0010785755,279,validation
0.0003335879,0.00020452819,0.00026157137,9.844125e-05,5.901517e-05,0.99787045,0.0007752971,0.00039717698,280,validation
0.0038436453,0.0031456558,0.98225754,0.005639974,0.0027008152,0.0009390965,0.0010536059,0.0004196456,281,validation
0.0023030366,0.0004441934,0.98421776,0.005915892,0.0014962868,0.0031231265,0.0014772927,0.001022423,282,validation
0.00055704423,0.00018762075,0.0011199145,0.9963372,0.001101696,0.00034775565,6.427403e-05,0.0002844131,283,validation
0.9806033,0.0008093886,0.0005515809,0.00045650083,0.0023255635,0.014378966,0.00056132994,0.000313516,284,validation
0.98314327,0.000277001,0.0002837912,0.00031216705,0.0012804158,0.014185969,0.00027499325,0.00024237098,285,validation
0.0017517149,0.000591977,0.9888685,0.0050465674,0.0011827714,0.0014005689,0.00042177754,0.000736183,286,validation
0.9833362,0.00030357882,0.00025613367,0.00036119088,0.0009570039,0.014061481,0.00035280132,0.00037157213,287,validation
0.98685503,0.00044509742,0.00031218294,0.00029258122,0.0015618119,0.009984024,0.0003097656,0.00023949936,288,validation
0.0013027014,0.000751457,0.98982316,0.003416362,0.0012717781,0.0016748966,0.0008729304,0.00088673417,289,validation
0.9830952,0.00075905176,0.0004545534,0.00035130107,0.001824485,0.012726396,0.00045729813,0.00033161117,290,validation
0.010126918,0.9165378,0.038517892,0.002384617,0.01908144,0.0029461314,0.009094669,0.0013105117,291,validation
0.0067602308,0.034732826,0.63978434,0.014133686,0.017388472,0.019229427,0.2259989,0.041972056,292,validation
0.0010304867,0.00041304462,0.9911692,0.003392738,0.0008260854,0.001505672,0.0008258605,0.0008368052,293,validation
0.0010211127,0.0007306683,0.99073243,0.0022727249,0.0009933403,0.0020624634,0.0011454263,0.001041748,294,validation
0.00021459386,2.9591506e-06,0.0010683174,3.6767167e-05,0.0009619494,0.0034488933,0.0019447735,0.9923218,295,validation
0.002498039,0.0013751675,0.982363,0.0054110927,0.0023107878,0.002782888,0.0017059557,0.0015530074,296,validation
0.0014865116,0.00079603813,0.98841876,0.0046840156,0.0013825024,0.0015425445,0.00087652093,0.000813115,297,validation
0.9651288,0.00075189536,0.0012162806,0.0009492669,0.0031482154,0.026973886,0.0009470623,0.00088461064,298,validation
0.9868771,0.00034058813,0.0002751445,0.0002564729,0.0016619026,0.010069784,0.00028359608,0.00023560206,299,validation
0.0010495989,0.00048767176,0.99108475,0.0030777422,0.0009918761,0.0016232185,0.00079267414,0.0008925157,300,validation
0.98409134,0.00039237563,0.0003817161,0.00036311836,0.0018616029,0.012265753,0.00037533484,0.00026879308,301,validation
0.9805055,0.0007142022,0.00059091876,0.0004550588,0.001970586,0.014940902,0.00052005664,0.0003028204,302,validation
0.9526909,0.0023523094,0.0021088088,0.0020654742,0.006147973,0.031080142,0.002186932,0.0013674552,303,validation
6.738949e-05,0.9968093,0.00019840657,3.165496e-05,0.0024232399,0.00017653647,0.00027369376,1.971625e-05,304,validation
0.286246,0.011514711,0.3823627,0.09238073,0.08768965,0.044284668,0.027524661,0.067996904,305,validation
0.9774968,0.0010743787,0.0008502473,0.00060899835,0.0029211328,0.015916988,0.00070452294,0.0004269245,306,validation
0.0036064615,0.0009599682,0.97742623,0.00967765,0.0016995514,0.0035911612,0.001802384,0.0012365744,307,validation
0.0013646968,0.00086757855,0.9885063,0.0032481358,0.0014349937,0.0022462534,0.0013069499,0.0010249786,308,validation
0.98163545,0.00087774475,0.0010458028,0.0008106107,0.0019179381,0.0126959495,0.0005763153,0.00044009477,309,validation
0.0014519242,0.00093436905,0.98862284,0.003219676,0.00137522,0.0021733642,0.0012369618,0.0009856244,310,validation
0.0015864464,0.000474602,0.9898818,0.004080476,0.0012727891,0.0012599526,0.0009491389,0.0004948866,311,validation
1.9021525e-05,0.99883777,7.27808e-05,1.4072125e-05,0.0007549922,0.00017554137,0.00011400537,1.1845929e-05,312,validation
0.0015214768,0.0009243214,0.98475975,0.0055672256,0.0022487533,0.0019037195,0.0014314258,0.0016432842,313,validation
0.00058031053,5.4275283e-06,0.0014807165,7.505244e-05,0.0018650042,0.0026490628,0.003966393,0.98937804,314,validation
0.0019220543,0.0007251973,0.9864781,0.005390414,0.0013855696,0.0019060613,0.0011467505,0.0010457705,315,validation
0.0005616037,0.00030214057,0.99388653,0.0017121445,0.0007662151,0.0012825021,0.00074987975,0.0007389565,316,validation
0.0051781735,0.002981425,0.96950173,0.009752074,0.0036844467,0.003840391,0.00238657,0.0026751661,317,validation
0.9873455,0.00041012722,0.00026755134,0.0002551248,0.0009795567,0.010293734,0.00027068684,0.00017774623,318,validation
0.98130494,0.0006100771,0.00039057308,0.0004061161,0.0025876858,0.01393305,0.00044925613,0.00031824855,319,validation
0.0010235169,0.00042546808,0.9915467,0.0027748412,0.00087580614,0.0016180829,0.00086463825,0.0008709382,320,validation
0.0010809052,0.00031922897,0.9925592,0.0035890387,0.0006348947,0.00088422385,0.00039322398,0.00053929875,321,validation
0.0013766881,0.00043385773,0.9909423,0.0038738982,0.0009821726,0.0013002797,0.0004367635,0.00065412605,322,validation
0.00013362619,0.0017963613,0.0035827623,6.6352826e-05,0.0008180005,0.005691858,0.9846431,0.0032679355,323,validation
0.0012521022,0.00058936223,0.9898589,0.0040851175,0.001131029,0.0014632619,0.00083297014,0.0007872134,324,validation
0.001412065,0.0006145233,0.98964185,0.003933952,0.0010774558,0.0016848998,0.0008203957,0.00081486057,325,validation
0.0022218872,0.0012991722,0.9841495,0.005024612,0.0018322871,0.002683766,0.0014637789,0.0013248648,326,validation
0.0018620081,0.00087670435,0.98523104,0.005184663,0.0015347328,0.0026350548,0.0013750173,0.0013008126,327,validation
0.98273313,0.00057128025,0.00042991756,0.00042764132,0.002272953,0.012732814,0.00050971826,0.0003224834,328,validation
0.0009089553,0.0003238221,0.9923847,0.0027297165,0.0006801894,0.0015429886,0.00062691874,0.0008027235,329,validation
0.0004729082,6.619861e-06,0.0009618187,5.589246e-05,0.0020765609,0.0022719768,0.0025674808,0.9915868,330,validation
7.94383e-06,0.9993444,3.8221657e-05,8.44215e-06,0.00043572416,8.946948e-05,6.8634625e-05,7.107241e-06,331,validation
0.0004203802,7.5241505e-06,0.0011226728,4.3387947e-05,0.0016050533,0.0024168172,0.0030995153,0.9912846,332,validation
0.000703155,0.0003421409,0.9931577,0.002528892,0.0007791582,0.0013202254,0.000532829,0.000636021,333,validation
0.0008021239,0.00043207835,0.9920483,0.002496811,0.0008720477,0.001606058,0.0007786646,0.0009638107,334,validation
0.98126274,0.00053880765,0.00039969152,0.0003867741,0.0017195871,0.015095173,0.00032817957,0.00026914699,335,validation
0.9804746,0.0004372995,0.0003972221,0.00037988566,0.0013965706,0.016288351,0.0003428742,0.00028321714,336,validation
0.98315626,0.0008543467,0.00058120815,0.00044609333,0.0024502503,0.011826488,0.00040329914,0.00028213856,337,validation
0.033392973,0.0037102671,0.0052410024,0.0031043414,0.01400667,0.92954075,0.0058539887,0.005150049,338,validation
0.0011969912,0.00072768517,0.9900927,0.0025436075,0.0010631289,0.002122956,0.0012075643,0.0010454062,339,validation
0.0018118429,0.000838509,0.9867678,0.004498927,0.0013481941,0.0020960667,0.001389901,0.0012486785,340,validation
0.9836795,0.0005497404,0.0003085501,0.00033976024,0.001737935,0.012821073,0.00033179604,0.00023164587,341,validation
0.98152816,0.00031350154,0.0003654991,0.00021706402,0.0012558084,0.015340519,0.0006055826,0.00037380515,342,validation
0.98265475,0.0007461031,0.0005739568,0.00039210488,0.0020034,0.012972786,0.00037990918,0.00027700837,343,validation
0.956624,0.0032873491,0.0028356821,0.003702079,0.005461049,0.025276095,0.0017393236,0.0010744648,344,validation
0.0005997998,0.0002855511,0.99369824,0.0020002339,0.00062982575,0.0013847455,0.00063789083,0.00076368,345,validation
0.0011778006,0.00053382985,0.9908013,0.003885608,0.0009774773,0.0013262791,0.0006549367,0.00064274244,346,validation
6.6324965e-06,0.99936634,3.3911565e-05,5.8724027e-06,0.00044859535,5.6826888e-05,7.570761e-05,6.1160945e-06,347,validation
0.0004232137,9.373834e-06,0.0018927307,4.1319083e-05,0.0016329348,0.0033851592,0.0034144875,0.98920083,348,validation
0.9844972,0.00073101325,0.00039136678,0.00039197184,0.0019881707,0.011374426,0.00037075454,0.00025501134,349,validation
0.00043864973,0.0004177521,0.00047416703,0.00011740458,8.5451866e-05,0.99485224,0.0016896155,0.0019248651,350,validation
0.0011808833,0.0005560135,0.9906811,0.003936705,0.0010422455,0.001287896,0.00067680876,0.00063844427,351,validation
0.98644906,0.0007546327,0.00047338716,0.0003069606,0.0016705743,0.009711805,0.00039048743,0.00024320751,352,validation
0.9720419,0.0021182108,0.0023213045,0.0009887372,0.005740793,0.014475442,0.0014189166,0.0008946935,353,validation
0.0022443284,0.0011383849,0.9834305,0.005569587,0.0021892246,0.0023873816,0.0018019527,0.0012385929,354,validation
0.00018982087,0.0009921669,0.0038798407,9.590132e-05,0.00077442965,0.008259252,0.9831254,0.0026831923,355,validation
0.98700154,0.00027789426,0.0002334781,0.00026018958,0.0014601339,0.010159107,0.00032309306,0.00028454105,356,validation
0.973083,0.0016543585,0.0015899526,0.0011554979,0.0031603961,0.017693697,0.00093922764,0.00072386453,357,validation
0.96198255,0.0007941326,0.0011927398,0.0040802886,0.0039865333,0.024331264,0.0014790283,0.0021535256,358,validation
0.0038064905,0.9487741,0.00391298,0.0011451354,0.007776656,0.021915132,0.011641152,0.0010283107,359,validation
0.98262674,0.00082607166,0.0006564593,0.00022799891,0.0016308487,0.01237256,0.001167278,0.0004921098,360,validation
0.0022025064,0.0017659408,0.9756359,0.0035364367,0.00082021847,0.0054393457,0.009023831,0.0015757321,361,validation
0.96119684,0.0034878121,0.0038475434,0.0017458729,0.003301199,0.020344839,0.003578937,0.0024969736,362,validation
0.004233194,0.0029476779,0.9645452,0.0046979985,0.0014473504,0.0070115156,0.012394008,0.0027231956,363,validation
0.014273071,0.0036054228,0.9454942,0.0081405705,0.0027098616,0.0100928955,0.008659594,0.007024289,364,validation
0.005146119,0.0034373186,0.96142256,0.0049324688,0.0015052222,0.007094976,0.013692916,0.0027684863,365,validation
0.98028195,0.00064382545,0.00079825165,0.00021638232,0.0015824494,0.014892427,0.0011092599,0.0004753967,366,validation
0.0038494656,0.0023807036,0.9732135,0.0037458278,0.0015042162,0.0055933394,0.006646198,0.0030666965,367,validation
0.0041912147,0.0035391278,0.9646572,0.0062657204,0.001448698,0.0067411903,0.010812739,0.0023441548,368,validation
0.0056636194,0.058082595,0.062483042,0.00030935672,0.8542994,0.0012976369,0.01575521,0.0021090151,369,validation
0.023646401,0.0070801293,0.017818961,0.89807403,0.016850142,0.014618061,0.0047530336,0.017159216,370,validation
0.0050857323,0.004068751,0.9615581,0.0044876984,0.001875567,0.0083619775,0.010524128,0.0040381253,371,validation
0.0017678346,0.0012710949,0.9824274,0.0025609203,0.0007748236,0.0039180624,0.005890529,0.0013892936,372,validation
0.11342103,0.031054722,0.6782124,0.03315218,0.018839745,0.04933937,0.03215869,0.043821875,373,validation
0.9326123,0.0074233986,0.009372782,0.0029425002,0.0057453588,0.029519385,0.0074322363,0.0049519963,374,validation
0.9415578,0.0058748336,0.0068094693,0.0020501008,0.005420831,0.028098177,0.0065808385,0.0036078952,375,validation
0.002753626,0.0023486495,0.9742944,0.0031618462,0.0016049962,0.0051444387,0.008333859,0.002358204,376,validation
0.007909786,0.0023318552,0.97260725,0.0047725798,0.0012247919,0.0035969499,0.004357337,0.0031994926,377,validation
0.9846769,0.0012622965,0.0008825605,0.00026808438,0.0013717795,0.009896816,0.0011676466,0.00047395742,378,validation
0.0029322668,0.0020874674,0.9774302,0.0036502252,0.001307055,0.004577553,0.005926045,0.002089188,379,validation
0.0051577087,0.0013715451,0.97845876,0.004880909,0.0011715884,0.0026777764,0.00437862,0.0019030581,380,validation
0.002962059,0.0031444351,0.017347122,0.0006547471,0.005543987,0.030002285,0.065431274,0.8749141,381,validation
0.0051001296,0.0024634784,0.9664248,0.003884263,0.0025366393,0.004288576,0.008630692,0.0066713933,382,validation
0.0019439429,0.0025031199,0.974662,0.003419888,0.0008608694,0.0058337483,0.008986254,0.0017901312,383,validation
0.018901289,0.04219937,0.012245092,0.00043246459,0.9099667,0.0021905657,0.011342747,0.002721797,384,validation
0.97917604,0.001352347,0.0018105439,0.00040596921,0.0015620908,0.013584119,0.0013897327,0.00071917876,385,validation
0.0055838926,0.0028164694,0.9677604,0.005202393,0.0018821452,0.0050127567,0.00930816,0.0024337892,386,validation
0.0037077898,0.00220067,0.9695197,0.0044405493,0.0012054135,0.006255425,0.010547442,0.00212306,387,validation
0.0036243056,0.0026804483,0.972138,0.0049956306,0.0012436662,0.0051347273,0.008378203,0.001805,388,validation
0.025091054,0.0035956292,0.050884895,0.0011752284,0.0029335453,0.42212284,0.09530003,0.39889678,389,validation
0.0017893374,0.0023442027,0.9750914,0.0022847657,0.00102457,0.005380213,0.010490171,0.0015953049,390,validation
0.98298234,0.0003054367,0.0005675655,0.0001790527,0.000646141,0.013903561,0.00090480124,0.00051108305,391,validation
0.98053426,0.0012253411,0.000948298,0.0003028478,0.0018403295,0.013319606,0.0012838434,0.0005455777,392,validation
0.98290044,0.0009003903,0.00061796757,0.00024088353,0.0014390934,0.012408944,0.0010384007,0.00045394662,393,validation
0.97840583,0.00081414625,0.0009318178,0.00038199517,0.0023860233,0.014144456,0.0019914168,0.00094433874,394,validation
0.9704615,0.0016965856,0.0015845604,0.0004996346,0.0026837317,0.019840676,0.0024200587,0.0008131822,395,validation
0.009029029,0.0064741205,0.0036679823,0.00027448847,0.9769825,0.00023204535,0.0024961208,0.0008438918,396,validation
0.9819841,0.0010351418,0.0010548506,0.00031245712,0.0011565672,0.0124875335,0.0013867193,0.0005826394,397,validation
0.004745833,0.0017988806,0.978872,0.0036832534,0.0013713716,0.003206691,0.004342378,0.0019796358,398,validation
0.0037785536,0.0038631477,0.9674163,0.005694142,0.0014548497,0.006060169,0.009934838,0.0017979471,399,validation
0.0006644172,0.00040401475,0.0027415736,0.0004794752,0.00019299627,0.9849412,0.0090342,0.001542197,400,validation
0.002012498,0.0018917408,0.98449475,0.0036895233,0.00071786705,0.002745877,0.0036663036,0.0007814133,401,validation
0.0013672234,0.0021054333,0.97538775,0.0025288318,0.00084360136,0.0057240264,0.010920497,0.0011226558,402,validation
0.007885576,0.004222435,0.95704514,0.008255766,0.0039357706,0.0031016618,0.012115585,0.0034381524,403,validation
0.004287821,0.0019726788,0.96860594,0.0045411997,0.0011339188,0.0064956667,0.0099991,0.002963685,404,validation
0.0075632404,0.006902722,0.003751116,0.00023913823,0.9765078,0.0001695393,0.0034100146,0.001456481,405,validation
0.98321104,0.0006172006,0.0008379863,0.00028492807,0.0009454554,0.012310843,0.0010580508,0.00073451933,406,validation
0.003753495,0.0034066138,0.96540195,0.0059400783,0.0014748486,0.0071996343,0.010419989,0.0024034213,407,validation
0.9895723,0.0011568377,0.00041065022,0.00012738511,0.0010596915,0.006629139,0.00074858207,0.0002954711,408,validation
0.0046511507,0.0019822218,0.9737908,0.0051463246,0.0013816822,0.004376337,0.0067162155,0.0019552312,409,validation
0.9831943,0.0010240967,0.00095002085,0.00025772207,0.0015584711,0.01126304,0.0011812934,0.0005710436,410,validation
0.0017596411,0.0023944653,0.9749589,0.0030677037,0.0009013474,0.005602195,0.009864279,0.0014514534,411,validation
0.003738474,0.0025499885,0.9696241,0.005665684,0.0012480759,0.0061036134,0.009004878,0.0020650737,412,validation
0.9589006,0.0043554907,0.0051115053,0.00159194,0.0031312453,0.018165719,0.0052463147,0.0034971647,413,validation
0.00394258,0.006204451,0.95655656,0.005570671,0.003001165,0.0069338763,0.015137492,0.002653174,414,validation
0.9820188,0.0009081089,0.00071571657,0.00023992291,0.0011797032,0.013424705,0.0011055326,0.00040757345,415,validation
0.010559188,0.0052176523,0.0031342611,0.00023836504,0.9768024,0.00022871785,0.002954871,0.000864698,416,validation
0.982793,0.0010625051,0.00090635323,0.00033959246,0.0015738992,0.011828789,0.0009576139,0.0005382226,417,validation
0.9803653,0.0011624517,0.0010504585,0.00034893162,0.0017485183,0.013508231,0.001224829,0.0005913759,418,validation
0.004109456,0.0053713084,0.9574543,0.0051223715,0.0018702126,0.0078514125,0.015378295,0.0028425846,419,validation
0.9787763,0.00097451184,0.0010996468,0.00032322682,0.0017427128,0.015272617,0.0012604716,0.00055051176,420,validation
4.885703e-06,0.9995196,3.9758743e-05,1.758583e-06,0.00017523671,2.2505485e-05,0.00023424877,2.1021986e-06,421,validation
0.0009935035,0.00075154926,0.0015489709,0.0004324366,0.00017125036,0.98825,0.0068236864,0.0010286395,422,validation
0.0035133387,0.0025495826,0.97030604,0.0052760933,0.0013196273,0.006000251,0.009004198,0.0020308627,423,validation
0.003984824,0.003095332,0.9679037,0.0060235383,0.0014237367,0.0060456744,0.009453933,0.0020693536,424,validation
0.0040763444,0.0017821855,0.97315776,0.003815155,0.0010368332,0.0058939583,0.0080180345,0.00221976,425,validation
0.0011452875,7.840439e-06,0.0038916827,4.0019753e-05,0.0012904088,0.0027744097,0.008959164,0.9818911,426,validation
0.007183953,0.001723576,0.9694057,0.00629493,0.0012384676,0.005258189,0.0066069905,0.0022881879,427,validation
0.0015309494,0.0014731112,0.9787219,0.0023540307,0.00081674533,0.0049492046,0.008843386,0.0013107185,428,validation
0.0027681887,0.0027483364,0.9732091,0.004069104,0.0013208076,0.0054107816,0.008292857,0.0021808299,429,validation
0.7780209,0.0058223214,0.08896612,0.0042395084,0.010229516,0.07231249,0.03405208,0.006357098,430,validation
0.003210625,0.002831994,0.97242504,0.0052445987,0.0011993574,0.005434707,0.008042247,0.0016113933,431,validation
0.0016642112,0.0021857917,0.97857314,0.0026397924,0.0010204782,0.0039349473,0.008696573,0.0012849362,432,validation
0.001360037,2.4601057e-05,0.004403745,5.075488e-05,0.0023068485,0.0028080102,0.017025312,0.9720206,433,validation
1.3760048e-06,0.99977785,1.1413763e-05,1.0273367e-06,6.388437e-05,1.437894e-05,0.00012893126,1.0989199e-06,434,validation
0.0038736009,0.0036100044,0.9663343,0.0049039996,0.0015715975,0.006645522,0.010759275,0.0023016764,435,validation
0.0015193981,0.0012980568,0.9734851,0.0024657138,0.0006162827,0.0061685313,0.0124237705,0.0020231449,436,validation
0.0016735233,0.0014485118,0.98015755,0.0023582652,0.0007232527,0.00448215,0.0077272905,0.0014294764,437,validation
0.0025957485,0.001542616,0.97873914,0.0028261465,0.0008319107,0.0044705537,0.007264941,0.0017288586,438,validation
3.1214156e-06,0.9996636,2.372053e-05,1.3951662e-06,0.000113740774,1.6534996e-05,0.00017675213,1.084997e-06,439,validation
0.060295023,0.037060138,0.09345947,0.66356003,0.046315655,0.043978658,0.012865726,0.042465348,440,validation
0.02446845,0.103047475,0.6627803,0.0059678108,0.14249861,0.010054664,0.04372059,0.0074621043,441,validation
0.0018107021,0.002088143,0.97465533,0.0029865534,0.00092993514,0.0058496636,0.010132443,0.0015472441,442,validation
0.0038890545,0.0043431157,0.9636686,0.0062038754,0.0015642308,0.0068580885,0.01156828,0.0019048265,443,validation
0.0015716982,0.0011075555,0.98253644,0.0024802438,0.0007044911,0.0036041094,0.0068757525,0.0011197885,444,validation
0.010067066,0.0074563995,0.95571065,0.006882274,0.0033585685,0.004394854,0.009369431,0.0027606525,445,validation
0.2881897,0.07479863,0.22704458,0.021359865,0.1959652,0.03907171,0.10688423,0.046686094,446,validation
0.006216303,0.0020989978,0.96965784,0.006695097,0.0014667411,0.0046880194,0.007004167,0.002172728,447,validation
0.9829374,0.0006992439,0.00077955885,0.00022689019,0.0013434251,0.0127075035,0.00090713974,0.0003987534,448,validation
0.97920656,0.0019167454,0.0012811528,0.00040719454,0.0020140423,0.013128454,0.0014636563,0.00058216165,449,validation
0.009961944,0.0063761338,0.003420533,0.0002788115,0.9761524,0.00024107365,0.0026218696,0.0009471679,450,validation
0.005603679,0.006677158,0.0054385727,0.00015440826,0.97841996,0.00016660252,0.0027182891,0.0008212951,451,validation
0.9808373,0.00090152374,0.0009645167,0.0003028348,0.0016045694,0.013570788,0.0013156972,0.0005027806,452,validation
0.00077584694,0.00333571,0.002137786,0.0003695186,0.0003154263,0.9762231,0.014362186,0.0024804464,453,validation
0.9838455,0.000997981,0.00066463894,0.00022689803,0.0015108859,0.0113782585,0.0009878816,0.0003880437,454,validation
0.97978514,0.0022463934,0.0019309246,0.00040981153,0.001437179,0.011323738,0.0018736477,0.0009930305,455,validation
0.019420095,0.008730857,0.019203024,0.8786839,0.036782756,0.012259492,0.004037403,0.020882573,456,validation
0.0017231941,0.0013694785,0.98040515,0.0024779765,0.00081230974,0.004551207,0.007365787,0.0012949008,457,validation
6.067363e-06,0.99949384,4.31278e-05,4.049896e-06,0.00014882929,6.044813e-05,0.00024111022,2.5018544e-06,458,validation
0.015127972,0.08972992,0.057815492,0.0077415737,0.014248142,0.6534592,0.13305938,0.028818335,459,validation
0.0021350824,0.0026458926,0.9750475,0.0031507846,0.0009956374,0.005338368,0.008994714,0.001692042,460,validation
0.003626563,0.0013067828,0.9831544,0.003658745,0.0005879875,0.0026292303,0.003995719,0.0010404988,461,validation
0.9691602,0.0030086855,0.004219776,0.00095355534,0.0026820123,0.016362505,0.002585851,0.0010274599,462,validation
0.9623971,0.0030149284,0.004291283,0.0011503141,0.0030833173,0.020511206,0.0035396675,0.0020123017,463,validation
0.003136689,0.0046770615,0.004950514,0.0005804029,0.00054169196,0.96157223,0.014982857,0.009558578,464,validation
0.004109874,0.004078105,0.9655973,0.004550683,0.0018634973,0.006819924,0.010563419,0.0024170845,465,validation
0.027615305,0.05072003,0.006277961,0.00035763526,0.9001791,0.004701642,0.008639131,0.0015091884,466,validation
0.97867614,0.00063775835,0.0012146685,0.00034208735,0.0017685336,0.015354184,0.00122406,0.0007825981,467,validation
0.005576808,0.0032141013,0.0018939099,0.00013968498,0.98712766,6.324989e-05,0.0015283764,0.00045613246,468,validation
0.89262956,0.004044399,0.010551397,0.0015699122,0.004477269,0.043277014,0.035634052,0.007816323,469,validation
0.0034505692,0.0015680331,0.9748111,0.0036325406,0.0008709413,0.005441575,0.0078007006,0.0024245395,470,validation
0.98667485,0.0006884357,0.00047955298,0.00011700503,0.0012164736,0.009506018,0.0009950498,0.00032263913,471,validation
0.008438309,0.006413615,0.95867014,0.007257888,0.002897271,0.0039882334,0.010822615,0.0015119751,472,validation
0.019755868,0.005559685,0.022296151,0.912121,0.019749256,0.0082097,0.0030600661,0.009248277,473,validation
0.002021761,0.001313554,0.97665435,0.0029480297,0.0007366003,0.006034384,0.008519829,0.0017714598,474,validation
0.83424634,0.009046533,0.02542861,0.0073298174,0.021833709,0.06095267,0.021032467,0.020129802,475,validation
0.0036354566,0.0028360782,0.96960676,0.0055545457,0.0014192899,0.0054704836,0.009407559,0.0020699315,476,validation
0.001712913,0.001659981,0.9796108,0.0027422137,0.0008849619,0.0044178125,0.007643629,0.0013276935,477,validation
0.50892,0.027929345,0.3196219,0.017423796,0.014472261,0.053848635,0.032815702,0.024968298,478,validation
0.92386854,0.0075722784,0.01973867,0.0025081262,0.0041262703,0.030805917,0.007109079,0.004271189,479,validation
0.0008506982,0.00036373382,0.9927443,0.0031815064,0.001067782,0.0007028599,0.0003246161,0.0007645354,480,validation
0.0011543822,1.1764791e-06,0.0016435285,7.623753e-05,0.0006951997,0.0024606432,0.004107832,0.989861,481,validation
0.00017175663,0.00012371367,0.99738246,0.0008703237,0.00027641014,0.0005833889,0.00026406802,0.00032790322,482,validation
0.00017028558,0.0001296729,0.9975266,0.0009205824,0.0003503177,0.0004070443,0.00020815292,0.00028741735,483,validation
0.0020070078,0.00028508896,0.0010688283,0.0010345345,0.00011990503,0.9924999,0.0017512281,0.0012334026,484,validation
0.0016351033,0.0002039046,0.9900994,0.0045833383,0.0006649047,0.0014303679,0.00046539973,0.000917583,485,validation
0.00071852526,0.00044743976,0.0065391436,8.5745174e-05,0.0011252164,0.012491987,0.9716869,0.0069050263,486,validation
0.9889952,5.2122992e-05,9.399405e-05,0.00022039606,0.00046601926,0.0099344235,5.9078917e-05,0.00017873103,487,validation
0.9848097,0.0002310352,0.0002332037,0.00062893884,0.0009456413,0.012687927,0.00013042688,0.0003332065,488,validation
0.00015761098,0.00013841435,0.99727803,0.0008250817,0.0002791669,0.0006320633,0.0003221734,0.00036748857,489,validation
0.9894928,6.842762e-05,7.9047306e-05,0.00027732356,0.00048206272,0.009431618,4.500708e-05,0.00012370592,490,validation
0.00016669784,0.000118139185,0.9978192,0.00068241515,0.00026665637,0.0004500709,0.00019890782,0.00029798155,491,validation
0.0014068364,0.00026763533,0.9923733,0.003925619,0.00084556744,0.0006397923,0.0001212597,0.00041993667,492,validation
0.97964567,0.0011055958,0.0013564075,0.0011338848,0.0021694305,0.013530918,0.00034544413,0.0007126268,493,validation
0.986495,0.0001825806,0.0003249151,0.00047367945,0.0006529362,0.011341549,0.00015022294,0.00037913388,494,validation
0.0003958161,0.000111695656,0.9963917,0.0020760112,0.00035022298,0.00037138705,0.00011066178,0.00019248309,495,validation
0.0026713188,0.00023591095,0.0002822997,0.0010768141,0.9954626,4.8090067e-05,2.6929789e-05,0.00019599848,496,validation
0.00016581979,0.00018090085,0.9971411,0.0009745049,0.00037563723,0.00047121037,0.00027863073,0.00041220678,497,validation
0.000402477,0.0002482053,0.99508816,0.0019702988,0.00042934623,0.0008308752,0.00038746052,0.00064330205,498,validation
0.00066569773,0.00032493137,0.9937359,0.002940676,0.0006208415,0.00079031364,0.00043995446,0.00048164956,499,validation
0.00040925771,0.00019889668,0.9960549,0.0014437725,0.0003561708,0.0007272494,0.00033153195,0.00047827684,500,validation
0.00066512945,0.00030382373,0.9939644,0.0026558496,0.0006339777,0.00082886737,0.00040249355,0.00054540456,501,validation
0.0008333851,1.2797032e-06,0.0011527605,2.9183771e-05,0.00067531294,0.0025654205,0.006380118,0.9883625,502,validation
0.9908511,0.00010539178,7.145106e-05,0.00023502599,0.00042842925,0.008130334,4.267238e-05,0.00013563078,503,validation
0.00017955928,0.00011750892,0.9974765,0.0007882904,0.00026679115,0.0005368923,0.00025769245,0.00037675054,504,validation
0.9887321,0.000104640065,0.00011872549,0.00038853128,0.0005829223,0.009784888,8.0354366e-05,0.00020782951,505,validation
0.9899428,9.7822856e-05,0.00014144079,0.00022850417,0.0003901681,0.008981602,5.6757053e-05,0.0001610175,506,validation
0.00027012618,0.00014014135,0.9969272,0.0011960758,0.00031045734,0.0005450187,0.00026897888,0.00034209157,507,validation
0.0006990506,0.00023301676,0.99440306,0.0034970185,0.0003763954,0.00037009394,0.00012480056,0.0002965739,508,validation
0.9843435,0.0002475602,0.0002719241,0.0007433219,0.0011317759,0.012644175,0.0001568735,0.0004608334,509,validation
0.0004988354,0.0001477894,0.99521446,0.002657608,0.0005203254,0.0005044612,0.00014011556,0.00031647098,510,validation
0.00019577052,0.0001524594,0.9969663,0.0011422018,0.0003300225,0.000499232,0.00029489707,0.00041912342,511,validation
0.0007856757,0.00046398785,0.9936557,0.0034767773,0.00068874314,0.00052431953,0.00010944595,0.00029539643,512,validation
0.00017941113,0.0001366056,0.99727625,0.0009551011,0.00028780187,0.0005758838,0.00026261472,0.00032628962,513,validation
0.00059856876,1.5489333e-07,0.0004338326,2.5345964e-05,0.00055379135,0.0006431331,0.002300491,0.99544466,514,validation
0.9593572,0.0009069296,0.008571361,0.0060920664,0.004448174,0.017816175,0.0004960421,0.002312011,515,validation
0.9774779,0.00042461057,0.0005836361,0.0012541964,0.0010407985,0.017810458,0.00046210515,0.0009462956,516,validation
0.0005384805,0.00035689518,0.99432737,0.0021422391,0.0005683811,0.000985649,0.00052915147,0.00055183616,517,validation
0.00018634937,0.00015525086,0.9973584,0.0009442479,0.0003007132,0.0005099352,0.00023349542,0.0003114916,518,validation
0.0005081271,0.00024259507,0.9949334,0.002633282,0.00046018476,0.0005369123,0.0002550055,0.00043045662,519,validation
0.002197776,1.9325225e-06,0.0022102995,5.672392e-05,0.00052838353,0.008338362,0.004101849,0.98256475,520,validation
0.98962736,7.071717e-05,0.00014057072,0.00029362572,0.0004928105,0.009124415,5.6641922e-05,0.00019387144,521,validation
0.99033195,7.2102e-05,0.00012673823,0.00024225711,0.0005400733,0.008438229,6.305604e-05,0.00018551784,522,validation
0.0005817896,0.00015303364,0.9934016,0.0036061956,0.0007304553,0.00070915895,0.00039867318,0.0004190819,523,validation
0.0008334822,0.00035969602,0.00034850303,0.00040642062,2.745322e-05,0.9968976,0.0008512385,0.00027558525,524,validation
0.000522655,8.658906e-08,0.00077361806,1.6452055e-05,0.0002428989,0.0017206087,0.0021407448,0.99458283,525,validation
0.00069929013,0.0004928669,0.9936846,0.0020994546,0.0006585098,0.0009892778,0.0006277076,0.0007483273,526,validation
0.00093908655,0.00059932255,0.99059033,0.0037353318,0.00089595915,0.0014743299,0.0008826993,0.00088289,527,validation
0.98562676,4.1388317e-05,0.00014022051,0.00050381996,0.00048251238,0.012547202,0.00018197144,0.0004761066,528,validation
0.0028577945,0.00015472785,0.0007649547,0.0009152808,0.9944878,0.00010323634,0.00011082986,0.00060536625,529,validation
0.0004985151,0.00021771122,0.99494356,0.0024893773,0.00047834954,0.0006119328,0.00030640658,0.00045423256,530,validation
0.99088496,0.00013879404,0.00017518862,0.00039186145,0.00064704515,0.0074020526,9.6196316e-05,0.0002639735,531,validation
0.4285413,0.008653124,0.36488315,0.03736968,0.034126643,0.09336627,0.0043996098,0.028660184,532,validation
0.00030565698,0.00021421834,0.9965224,0.00135282,0.00037911782,0.00056235364,0.00025002327,0.00041336502,533,validation
0.00016860757,0.00012983475,0.9974733,0.00083554216,0.00027173565,0.00055464584,0.0002517572,0.00031459818,534,validation
0.0015259611,5.500783e-07,0.0008631294,9.395544e-05,0.0006772496,0.002321376,0.0034093214,0.99110854,535,validation
0.98551476,7.713043e-05,0.000149582,0.00032104293,0.00054060004,0.01276233,0.00015581014,0.00047872038,536,validation
0.00043778293,0.00022401575,0.99577856,0.0015777427,0.00041298041,0.00070154405,0.000355524,0.00051187916,537,validation
0.0005352712,0.0003512236,0.994478,0.0021624612,0.0006782707,0.00079554174,0.00046217293,0.0005369986,538,validation
0.00015456189,0.00013426444,0.9974348,0.00085139344,0.00033098625,0.00046053555,0.00025497293,0.00037848082,539,validation
0.9923689,2.8832354e-05,4.759753e-05,0.0001128222,0.00033094073,0.00690331,4.183724e-05,0.00016583395,540,validation
0.697856,0.008269418,0.10675061,0.014301915,0.028056156,0.098574564,0.028103534,0.01808786,541,validation
0.00028881175,0.000210119,0.9962191,0.0016326169,0.0004128081,0.0006283958,0.0002583207,0.00034990924,542,validation
0.00015557339,0.00010774198,0.9978666,0.0007535111,0.00023993751,0.00040787738,0.0001911929,0.00027769606,543,validation
0.99035245,0.00010278999,0.000122861,0.00026808583,0.0004835657,0.008397329,8.657552e-05,0.0001863558,544,validation
0.00056215044,0.00031872312,0.9940485,0.002262464,0.0006447988,0.00092755584,0.0005491795,0.0006867622,545,validation
0.0002516879,0.00018840918,0.99624604,0.0017441702,0.00035901007,0.00059038063,0.00026620223,0.00035418663,546,validation
0.98660463,0.00017298861,0.00024154704,0.00068296515,0.00085314893,0.011034674,0.00013596329,0.0002740414,547,validation
0.98919696,5.127229e-05,8.015078e-05,0.0002037378,0.00033487435,0.009902937,5.1214767e-05,0.00017886829,548,validation
0.0021079625,0.000110773864,0.0002436573,0.0006397046,0.9966307,3.9552175e-05,3.4955145e-05,0.00019262823,549,validation
1.1559166e-06,0.9998591,7.143213e-06,1.5994425e-06,8.569457e-05,2.9407269e-05,1.463424e-05,1.2980057e-06,550,validation
0.00018927878,0.00016299199,0.9971771,0.0008573357,0.0003132233,0.0006849365,0.00030042435,0.0003147907,551,validation
0.99014425,6.0548467e-05,9.811261e-05,0.00018384277,0.00036062233,0.008964093,4.934894e-05,0.00013925596,552,validation
0.00030744227,4.8066585e-08,0.0005025848,2.03283e-05,0.0002711694,0.00053195865,0.0014243345,0.9969422,553,validation
0.988316,6.726527e-05,0.00010182823,0.00023136809,0.00037355148,0.010715363,5.4538366e-05,0.00014006803,554,validation
0.0009625859,4.58064e-07,0.0010187589,3.366577e-05,0.0006259809,0.0015370494,0.0031216366,0.99270004,555,validation
0.00076913874,0.00035030735,0.9929248,0.0034429731,0.0008522704,0.00061939633,0.00061614683,0.00042500996,556,validation
0.00056070223,0.0003749125,0.9947271,0.0021044686,0.0005590845,0.00076994975,0.00039373914,0.0005101657,557,validation
0.0002971992,0.0003101434,0.9960502,0.001283573,0.000553633,0.0006565951,0.00038648763,0.00046216496,558,validation
0.98888385,0.00013688709,0.00013257307,0.0002735444,0.00064573006,0.009647869,9.3150484e-05,0.00018627582,559,validation
0.0009697237,0.00065656385,0.01001453,0.000113727365,0.001847197,0.016195938,0.95626324,0.0139391,560,validation
0.0005579257,0.00032356448,0.99404174,0.0022938328,0.00091756287,0.0008846997,0.00036236568,0.00061834126,561,validation
0.9913639,6.2819905e-05,9.580115e-05,0.00021549813,0.00043820226,0.007639716,4.6882553e-05,0.00013721849,562,validation
0.9877614,0.00016615407,0.00021721248,0.00043545224,0.0007264191,0.010299479,9.746758e-05,0.00029651736,563,validation
0.0004315024,4.7190233e-07,0.0008675298,1.9648924e-05,0.0005262863,0.0013979679,0.0037906922,0.99296594,564,validation
0.00018725789,1.5898099e-08,0.00046754128,3.0235683e-06,7.628152e-05,0.0009038811,0.0015734888,0.9967886,565,validation
0.00059732463,0.0002648506,0.0074935514,9.216839e-05,0.0010217095,0.012141865,0.9705667,0.00782185,566,validation
0.0006416033,0.00035918588,0.9937779,0.00278919,0.0006320135,0.0007900271,0.0004316866,0.000578419,567,validation
0.023485715,0.00032214657,0.0071086125,0.0016974597,0.0013685335,0.8932211,0.0120713655,0.060725115,568,validation
0.0007750579,0.0004609729,0.9936592,0.002763421,0.0006272443,0.00082074624,0.00040998406,0.00048343235,569,validation
0.98133135,0.00026886002,0.00040623453,0.0008172997,0.00092865713,0.015550255,0.0002207031,0.00047666987,570,validation
0.0014884395,6.032519e-07,0.00049005274,5.2655472e-05,0.00046879824,0.0024077988,0.0041640997,0.9909276,571,validation
0.0009521937,0.0004886121,0.9898421,0.00529869,0.0008751339,0.0009842459,0.00067352725,0.00088552356,572,validation
0.9901586,0.00014075902,0.0001386516,0.00028278716,0.00043491836,0.008511201,8.7687215e-05,0.00024528216,573,validation
0.0004115458,0.00024024573,0.9957743,0.0018351922,0.0004555423,0.00060273334,0.0002966797,0.000383756,574,validation
0.0008484303,0.00040412083,0.99291646,0.0027386334,0.00070182426,0.0010511619,0.00066723296,0.00067216443,575,validation
0.0006292659,0.0002972864,0.9940105,0.0027304988,0.00056840864,0.00076796784,0.00042513217,0.0005709369,576,validation
0.0013953354,0.0006480128,0.9904767,0.0047700973,0.00090919423,0.0007745202,0.00029426976,0.0007318513,577,validation
0.0029486415,0.00021878313,0.0005154643,0.0011942585,0.9941896,0.00015157959,0.00010416244,0.00067752623,578,validation
0.98771346,3.911509e-05,8.575324e-05,0.00024063441,0.0003181216,0.0113629075,5.464251e-05,0.000185362,579,validation
0.9856123,9.323155e-05,0.00011532263,0.00037940094,0.0004889685,0.013000674,8.47482e-05,0.00022528398,580,validation
0.9885865,0.00023596988,0.00030806812,0.0007359523,0.0015227358,0.008011141,0.00015237408,0.00044731027,581,validation
0.00079852634,0.00041297477,0.9932833,0.0029464087,0.00070184324,0.0007789811,0.0004795448,0.00059842796,582,validation
0.0007751788,0.00038623976,0.9931253,0.0029170248,0.00071787485,0.0009117868,0.00055178336,0.00061476475,583,validation
0.0010422821,0.00060066005,0.9914976,0.0031161178,0.00080795353,0.0012896854,0.0008326719,0.0008130434,584,validation
0.00057083165,0.00026521628,0.00046882688,0.00036792923,3.2782384e-05,0.9969267,0.0010880143,0.00027961604,585,validation
0.97834605,0.00031752902,0.0011303177,0.0013127929,0.0013954764,0.016556408,0.00026029578,0.00068112643,586,validation
0.0007125585,0.0006937879,0.9926668,0.00220974,0.0007997868,0.0013939774,0.0007975031,0.00072588626,587,validation
0.9905731,0.00010551596,0.00013501836,0.000446689,0.00067637325,0.00767492,8.96756e-05,0.00029865425,588,validation
0.9880881,0.00013235868,0.00017256933,0.00033586356,0.00052841223,0.010454804,7.956959e-05,0.00020835458,589,validation
0.00043242137,0.00049512554,0.99403584,0.00210153,0.0007787754,0.0010648587,0.0005526884,0.0005388113,590,validation
0.01457461,0.00088365335,0.0013624025,0.0028605943,0.001346028,0.9722534,0.0037368133,0.0029826416,591,validation
0.98786294,9.8633776e-05,0.0001452556,0.00026856377,0.0005608071,0.010780837,8.5169006e-05,0.00019777475,592,validation
0.0007543341,0.00029787738,0.9935929,0.002998637,0.00057756435,0.0007969807,0.00043290236,0.0005487358,593,validation
0.0006849868,0.00031960406,0.99338245,0.0029171442,0.0009867578,0.00078097096,0.00030320368,0.00062498765,594,validation
0.98419744,0.00029710212,0.0005706346,0.000657199,0.0013150995,0.012507793,0.00011040182,0.00034433792,595,validation
0.9705521,0.0003304876,0.00052768877,0.0017182556,0.001637353,0.023665683,0.0004930964,0.0010753246,596,validation
0.00054770766,0.00030962605,0.9944892,0.0025286574,0.00054630224,0.00071806385,0.00034587775,0.0005145186,597,validation
0.011178891,0.0009065435,0.9677454,0.011309872,0.0013526808,0.0034599344,0.0010370844,0.0030095798,598,validation
0.98473245,0.00023256289,0.0002763908,0.0004373607,0.0010212389,0.012684391,0.00019952976,0.00041603984,599,validation
0.0010762839,0.00069153437,0.9930058,0.0037306442,0.00056851254,0.00047576847,0.0003124436,0.00013902561,600,validation
0.00038948687,0.00018575124,0.9970817,0.0012134372,0.00038511906,0.00041424241,0.00018885969,0.00014141551,601,validation
0.9920849,0.00018633623,8.286152e-05,0.00015216791,0.001171881,0.006168825,7.837663e-05,7.46126e-05,602,validation
0.00030467132,0.00020884987,0.9975399,0.00084059255,0.0004442379,0.00034963083,0.00020358099,0.00010849526,603,validation
0.00048565722,0.0002758791,0.9963971,0.0013893303,0.00056949985,0.00042596008,0.00025066407,0.00020598486,604,validation
0.99125236,4.868756e-05,4.282908e-05,0.00010301299,0.0008006186,0.007606993,8.031364e-05,6.5229615e-05,605,validation
0.0004267527,0.00025154208,0.99665976,0.0015122427,0.0005553241,0.0002938366,0.00016721466,0.0001333683,606,validation
0.0007305522,0.00020561622,0.99569196,0.0018251688,0.0007145927,0.00047390512,0.00020501431,0.00015320662,607,validation
0.99129593,0.00014730862,7.394608e-05,0.0001140721,0.0007807005,0.0074056527,0.000101341495,8.10858e-05,608,validation
0.8757919,0.002827747,0.061728604,0.011465907,0.0135624735,0.029675651,0.0020318106,0.002915878,609,validation
0.00027107215,0.00012672984,0.9975364,0.0011235027,0.0003625229,0.00027947532,0.00016755785,0.00013270006,610,validation
0.98000187,0.00037395692,0.0008320916,0.0009295714,0.0052847317,0.011193706,0.0005034942,0.00088070176,611,validation
2.5176096e-06,0.9996623,8.076051e-06,2.9594362e-06,0.00027031734,1.4816666e-05,3.8504884e-05,6.528336e-07,612,validation
0.9933036,6.965003e-05,3.29171e-05,6.296858e-05,0.0005253473,0.0059072943,5.7291458e-05,4.080714e-05,613,validation
0.00019127053,0.00011504498,0.9977882,0.00095378415,0.0006872648,0.00013704562,6.7161556e-05,6.0148643e-05,614,validation
0.0005149842,0.00012114489,0.99551445,0.00278203,0.00047074555,0.00030029408,0.00013925607,0.00015713778,615,validation
0.00027055026,0.00014552644,0.9976804,0.00073200464,0.0003556055,0.000453024,0.00022540396,0.00013743574,616,validation
0.00018389589,0.00010249677,0.9980223,0.00061665266,0.0003100653,0.00040030185,0.0002354672,0.0001288573,617,validation
0.000492929,0.00030538987,0.9954522,0.0022417495,0.00085115945,0.00024825585,0.0002612051,0.00014703131,618,validation
0.9785001,0.00075739424,0.0011597313,0.00078203186,0.0049792402,0.013321364,0.00027540923,0.00022470017,619,validation
1.1850365e-06,0.9998671,3.520176e-06,2.0638843e-06,0.000110427216,7.0654646e-06,8.453947e-06,1.6822048e-07,620,validation
0.0002032486,0.00011390497,0.99802387,0.000864876,0.00031524344,0.00028656932,0.000113065886,7.93149e-05,621,validation
5.290002e-06,0.9997098,9.064427e-06,4.155696e-06,0.00023873147,1.6513728e-05,1.5999916e-05,3.6927122e-07,622,validation
0.00082225876,0.00046083162,0.99425405,0.002001682,0.0007856991,0.0006292499,0.0007841346,0.00026215173,623,validation
0.9908607,8.466733e-05,5.6091416e-05,0.00012970745,0.0011134222,0.007611457,7.1428185e-05,7.24359e-05,624,validation
0.9930762,6.821284e-05,5.1348627e-05,0.000112368325,0.00054359564,0.0060256636,5.4558404e-05,6.800713e-05,625,validation
0.0004569698,0.00017919282,0.9967308,0.0014535445,0.00046957209,0.00036210497,0.0001883535,0.00015947926,626,validation
0.0005324695,0.00017258221,0.99676824,0.0013909928,0.00062626234,0.00019316959,0.00015783582,0.0001584155,627,validation
0.9915587,0.0001005025,8.173368e-05,0.00012564586,0.0008108722,0.0071959496,6.960629e-05,5.706888e-05,628,validation
0.9931253,0.00023216804,9.952196e-05,0.00011974877,0.0010665684,0.005161948,0.00011507442,7.955753e-05,629,validation
0.0002796006,0.00018267847,0.99749446,0.0010233315,0.00045042305,0.00031999213,0.00013458657,0.00011495431,630,validation
0.9922053,6.2889725e-05,5.543751e-05,9.836617e-05,0.0006932673,0.006779161,5.5313612e-05,5.030002e-05,631,validation
0.9916998,0.00023159193,0.00010674091,0.00015843447,0.001385157,0.0062495098,7.975457e-05,8.890565e-05,632,validation
0.000410397,0.0001398528,0.9970258,0.0013177015,0.00043203586,0.00036235966,0.00018597764,0.00012581861,633,validation
0.00017339093,8.7839086e-05,0.9981553,0.0006206887,0.00029987708,0.0003361694,0.00020657791,0.00012022289,634,validation
0.00035558222,0.00013768893,0.99716574,0.0013669237,0.00037959492,0.00033256577,0.00014551062,0.00011638374,635,validation
2.4634041e-06,0.99979,5.7092025e-06,3.4656046e-06,0.00015680931,2.2880715e-05,1.8360395e-05,3.0687292e-07,636,validation
0.00041681627,0.00020284954,0.99710315,0.0008495883,0.00045887,0.0005870738,0.00021798472,0.00016360669,637,validation
0.00023231676,0.0001456731,0.99774617,0.00086742203,0.00039688864,0.0003617188,0.00015080768,9.8927936e-05,638,validation
0.000374781,0.00020686095,0.9966473,0.00095000764,0.0009041069,0.00041542354,0.0002395632,0.00026202723,639,validation
0.9934974,8.640738e-05,3.7288246e-05,8.979499e-05,0.0011106615,0.0050343648,5.8911006e-05,8.521968e-05,640,validation
0.99149674,0.000122047386,5.1845855e-05,0.00011770575,0.0016103123,0.0064364253,8.324512e-05,8.168299e-05,641,validation
8.543255e-05,3.7667312e-05,1.5687703e-05,9.561857e-06,7.4095756e-06,0.9997446,5.916312e-05,4.0525556e-05,642,validation
0.00043552482,0.00025444746,0.99661404,0.0015703741,0.00053932786,0.00027543464,0.00015910862,0.00015188057,643,validation
0.0007173602,0.00036232642,0.9948909,0.0020979957,0.0007944547,0.00058578467,0.00032239934,0.00022885794,644,validation
8.93071e-07,0.9998642,2.966432e-06,1.2697446e-06,0.00010658095,1.1794425e-05,1.2101627e-05,1.4451534e-07,645,validation
0.0003280131,0.00013766639,0.99737716,0.0011622588,0.00037574334,0.00032324108,0.00017581973,0.000120112665,646,validation
0.00036900956,0.00019807466,0.9968411,0.0016678438,0.00047217886,0.00024011945,0.000115612966,9.603994e-05,647,validation
0.9928018,9.811612e-05,4.5757133e-05,9.439786e-05,0.0010320132,0.005799066,7.338403e-05,5.5470307e-05,648,validation
0.9882685,0.00030062097,0.0001603353,0.0002256132,0.0010783923,0.009738556,0.00013066884,9.7229e-05,649,validation
0.0005225565,0.0003166734,0.99594986,0.0016708387,0.00078789686,0.00043744003,0.000171725,0.00014298262,650,validation
0.9881164,0.0001642742,9.560032e-05,0.00016614929,0.0014358968,0.0096699195,0.00017515472,0.00017655257,651,validation
0.99137515,0.00013528978,6.8661895e-05,0.0001129731,0.0009881653,0.007181363,7.351384e-05,6.4890206e-05,652,validation
0.9872443,0.0002200575,0.00012277633,0.0002143112,0.0017180293,0.010219258,0.00015681572,0.000104373656,653,validation
0.00012527576,6.768628e-05,0.9985656,0.00049827644,0.0002641111,0.00026939882,0.00012581203,8.3797524e-05,654,validation
0.0004982395,0.00039098333,0.9955947,0.0016968057,0.00074372673,0.00046161187,0.0003762331,0.00023778097,655,validation
0.9920845,6.289345e-05,5.0178194e-05,0.00011661395,0.00071295665,0.006846303,5.686482e-05,6.982669e-05,656,validation
0.00037933557,0.00020325302,0.99683845,0.001499797,0.00058133283,0.00022107728,0.00015530392,0.00012144701,657,validation
0.00027131528,0.0001524762,0.99760216,0.0007101244,0.00034722456,0.0005434205,0.0001977959,0.00017553603,658,validation
0.0003421585,0.0003127625,0.9967533,0.0011307993,0.0007847229,0.00041636438,0.00012953147,0.00013037832,659,validation
0.0005212811,0.00019083668,0.9958469,0.001986477,0.00061251264,0.00038231254,0.00028765565,0.00017200947,660,validation
0.00066603423,0.00038683545,0.99555475,0.0016007818,0.00075125875,0.00051073846,0.00030131807,0.0002282534,661,validation
0.00025730292,0.00015192475,0.9976229,0.0010064652,0.00040266974,0.00031883825,0.00013421729,0.00010566592,662,validation
0.00043855514,0.00037715374,0.9962682,0.0011753766,0.00070980575,0.0005587215,0.0003001319,0.00017210408,663,validation
0.00066448917,0.00037122297,0.9954348,0.0016556083,0.00083241117,0.0005110017,0.00032097255,0.00020949499,664,validation
0.0010360827,0.00034052497,0.9945702,0.0025487123,0.000731558,0.0004444236,0.00018800993,0.00014045711,665,validation
0.0021284316,0.0010132052,0.9776939,0.010075601,0.005363179,0.0012032986,0.0016597605,0.0008625859,666,validation
0.98903394,0.00014935204,0.00012320386,0.00018858326,0.0008576526,0.009441393,0.00012058306,8.529851e-05,667,validation
1.0193514e-06,0.9998692,3.0667184e-06,1.5910714e-06,0.000107485444,7.4391064e-06,9.848122e-06,2.8720558e-07,668,validation
0.00048242565,0.0003839405,0.99579334,0.001377427,0.0011753975,0.00038469755,0.00026135467,0.0001412845,669,validation
0.00035361003,0.00021610214,0.99700975,0.0012012323,0.00048798975,0.0003805177,0.00019275592,0.00015803585,670,validation
0.00033706788,0.000194763,0.99705815,0.0013190758,0.0005057268,0.00030808442,0.00013891194,0.00013817522,671,validation
0.00041165145,0.00020074607,0.9968862,0.0012023755,0.0006962229,0.00032954154,0.00013422323,0.00013898565,672,validation
0.9891243,0.00020081914,0.0001233174,0.00011636373,0.0010930161,0.008962215,0.00025070764,0.00012921543,673,validation
0.9878406,0.00025346203,0.00018867807,0.0003231322,0.0010620737,0.009868914,0.00024606477,0.00021708783,674,validation
0.0012448351,0.0005982207,0.99259406,0.0031599654,0.0013356449,0.0005463575,0.00027691113,0.00024404295,675,validation
0.000618657,0.00033471544,0.99537575,0.0019653998,0.0009878118,0.00034085373,0.00023726483,0.00013948414,676,validation
0.9922012,9.336926e-05,5.4226875e-05,0.00013631997,0.0011420301,0.006238202,6.891574e-05,6.5790904e-05,677,validation
0.9913693,0.00012929324,8.3529354e-05,0.0001449295,0.00092790666,0.007183544,8.0319434e-05,8.125599e-05,678,validation
0.00050207326,0.00025183658,0.9963898,0.0014455615,0.00060177414,0.0004084545,0.0002308656,0.0001696318,679,validation
0.0005735161,0.0002592572,0.9953754,0.0018476496,0.0010549712,0.00039121983,0.00027619375,0.00022172759,680,validation
0.00048632073,0.0003022224,0.9963882,0.0016284782,0.0006433021,0.00027271145,0.00016343109,0.00011534112,681,validation
0.19144621,0.0073838523,0.71066487,0.031933665,0.02796717,0.01628943,0.008855179,0.005459527,682,validation
0.98539263,0.0006157224,0.00029221288,0.00032547972,0.0029911627,0.010111872,0.0001474991,0.00012337146,683,validation
0.0005396408,0.00017817754,0.99632215,0.001552647,0.0006198224,0.00039964815,0.00027024662,0.00011769192,684,validation
0.86442727,0.002131778,0.05077783,0.0119687915,0.02703716,0.03775476,0.002148465,0.0037540323,685,validation
0.98688644,0.00021326076,0.00019179573,0.00034541741,0.002022513,0.010045464,0.00015715598,0.00013787036,686,validation
0.8880683,0.0034565404,0.02531106,0.011060096,0.0151821645,0.04854495,0.0041795433,0.0041974243,687,validation
0.00035038157,0.00020529995,0.99688715,0.0015517145,0.0005118377,0.00025095412,0.0001404997,0.000102279766,688,validation
0.0004033699,0.00019817465,0.99709225,0.0011841699,0.00041376177,0.00037592236,0.00019171364,0.00014051763,689,validation
0.9894928,0.00030373916,0.00014394974,0.00019580373,0.0023410104,0.0072921454,0.00013086341,9.978794e-05,690,validation
0.00018952135,0.000120096585,0.99812764,0.00066027493,0.00025654712,0.0003652914,0.00014898376,0.00013164972,691,validation
0.002237214,0.96290326,0.0036640023,0.0013771559,0.014468957,0.0053524296,0.00905889,0.00093814917,692,validation
0.99084014,8.0596525e-05,4.5322537e-05,0.000121195735,0.0009658623,0.007827366,5.758227e-05,6.19479e-05,693,validation
0.0014623139,7.5100594e-05,2.8889894e-05,0.0002528414,7.589445e-05,0.99772424,0.0002771411,0.00010356066,694,validation
0.00015295378,0.0001188543,0.9982533,0.0005162058,0.00034198345,0.00029850946,0.00019072638,0.00012743694,695,validation
0.00018734373,0.00012667634,0.99797624,0.0010257349,0.0002867859,0.00022172846,9.031359e-05,8.5227046e-05,696,validation
0.0007186546,0.00042652863,0.9953165,0.001738481,0.00093003793,0.00044972193,0.00023787942,0.00018222383,697,validation
0.00014618506,0.0001420958,0.9983865,0.00047292828,0.00041721665,0.0002315386,0.00012692605,7.667848e-05,698,validation
0.983688,0.00017334872,0.00012083216,0.0003548567,0.0016509752,0.0136342645,0.00021685418,0.00016085108,699,validation
0.00055183686,0.00029351178,0.9961068,0.0015092324,0.00066699873,0.00046521093,0.00023233442,0.00017407685,700,validation
0.00042244044,0.00036978058,0.99616265,0.0014889167,0.00059648807,0.0005398789,0.00025431742,0.00016550532,701,validation
0.000617748,0.00024678907,0.9955996,0.0018183519,0.0007421624,0.0005019381,0.00030402042,0.00016931244,702,validation
0.9785917,0.00041879652,0.00042670034,0.0005340236,0.0019626054,0.017441813,0.0003492042,0.00027521997,703,validation
0.00057001266,0.00048650702,0.99545705,0.0014500696,0.0009929505,0.00056467945,0.00030388354,0.00017478997,704,validation
0.00069608307,0.00019277364,0.9954426,0.002933927,0.00038007996,0.00019494242,8.036484e-05,7.9186764e-05,705,validation
0.9738799,0.00074429647,0.0008682708,0.0011684875,0.0025046295,0.019968532,0.0003226002,0.0005431894,706,validation
0.98967427,0.00010809581,7.359804e-05,0.00012142394,0.0011845996,0.008617649,0.00013195434,8.836366e-05,707,validation
0.0005650785,0.00035893335,0.99582136,0.0017784673,0.00073342817,0.00034580342,0.0002279164,0.00016904164,708,validation
0.0004441834,0.00016462873,0.99682164,0.0014792442,0.0004314301,0.00033928844,0.00018712877,0.00013238777,709,validation
0.00037888417,0.00022309879,0.9964426,0.001240346,0.00095091044,0.0003994221,0.00024318861,0.0001216157,710,validation
0.0004186889,0.00023961187,0.996768,0.0012298034,0.0005184874,0.0004356858,0.00023549805,0.00015428412,711,validation
0.0005974613,0.00027629835,0.9956488,0.0019756136,0.00067741435,0.00040783128,0.00024099444,0.00017568957,712,validation
0.00064044935,0.00047209612,0.9948554,0.0019185,0.0010300888,0.00035432645,0.00056047615,0.00016863707,713,validation
8.398705e-06,0.0002793284,0.0003334113,1.7716206e-06,0.00010996173,0.00079345924,0.9982975,0.00017613747,714,validation
0.0003470538,0.00012956161,0.99726474,0.0012242391,0.0005648547,0.00026621125,9.502163e-05,0.00010826609,715,validation
7.217076e-05,4.890658e-07,0.00016541508,3.6312587e-05,0.0007992538,0.0004022014,0.0016504715,0.9968736,716,validation
0.00015772517,0.00010171796,0.998228,0.00054940773,0.00031677572,0.0003286889,0.00020225791,0.00011549714,717,validation
0.0003439633,0.00015803229,0.9972963,0.0012269644,0.00043411204,0.000280664,0.00015376524,0.00010618309,718,validation
0.9919425,0.00020575234,8.8983994e-05,0.00013389072,0.0013753022,0.006086423,9.49746e-05,7.20073e-05,719,validation
0.9869997,0.00030142622,0.00039084625,0.0002615814,0.0013698619,0.010062573,0.00035679384,0.00025723505,720,validation
0.00014346359,0.00019016047,4.488046e-05,0.00017586883,1.5958316e-05,0.99912196,0.00021651287,9.1198584e-05,721,validation
0.9882012,0.00013231374,0.00015544021,0.00015165636,0.0005941243,0.010553984,0.000110766196,0.00010054041,722,validation
0.00027114537,0.00016067957,0.996793,0.0014376374,0.00042652883,0.00051428593,0.00022851156,0.00016833855,723,validation
0.00095119816,0.00051980256,0.9928377,0.003000026,0.0009440848,0.0008322915,0.0005521325,0.00036283585,724,validation
0.98988944,0.000116080504,0.00013527383,0.0001241494,0.0005962869,0.008936933,0.000111638015,9.022384e-05,725,validation
0.98465073,0.00019373052,0.00035928527,0.00025684468,0.0007402526,0.013360984,0.0002195466,0.00021867712,726,validation
0.00065383076,2.715038e-06,0.00082608924,0.00011188055,0.0019987107,0.00029813824,0.0021879314,0.9939208,727,validation
0.008916447,0.00047496438,0.00899716,0.00016096134,0.005090915,0.016861327,0.056156978,0.90334123,728,validation
0.0010053894,0.0006410305,0.00040356483,0.00078769674,0.997109,1.5610934e-05,1.327854e-05,2.452055e-05,729,validation
0.044726532,0.012846879,0.005859364,0.011400101,0.9074061,0.014360787,0.0018005146,0.001599728,730,validation
0.98884064,0.00015007536,0.0002597552,0.00019569989,0.0007581468,0.00937663,0.00019930107,0.00021970566,731,validation
0.98035496,0.00026611498,0.00046878736,0.0004352371,0.0011594015,0.016868759,0.00022072966,0.0002259456,732,validation
0.9892434,0.00041680186,0.00041197034,0.00026715835,0.0011143936,0.008054419,0.00025151644,0.00024029159,733,validation
2.6101254e-06,0.99969614,7.4046675e-06,6.8043983e-06,0.00026024182,1.5978943e-05,9.946611e-06,9.4057316e-07,734,validation
0.0012598241,0.0002107518,0.99169284,0.0053764796,0.0005492257,0.000518152,0.00020105705,0.00019156073,735,validation
0.0006862709,0.98698074,0.0021349099,0.00022308869,0.009546642,0.00014434986,0.00025624342,2.775903e-05,736,validation
0.00037783396,0.00027205094,0.99666303,0.0014250999,0.00056369434,0.00034964347,0.00019916394,0.00014945581,737,validation
0.00036515415,0.00023367918,0.99568754,0.0019169485,0.00040284102,0.0007714381,0.00039731403,0.00022512818,738,validation
0.00061384623,0.00027992082,0.99440396,0.0025759097,0.00066380104,0.00068906724,0.00044894317,0.00032449834,739,validation
0.9827928,0.0006812942,0.0005329801,0.00039011956,0.0011911577,0.013690764,0.0003893513,0.00033150264,740,validation
0.99051344,0.00030276514,0.00023803003,0.00017711153,0.0012100181,0.0073551936,0.0001278066,7.562231e-05,741,validation
0.0009282992,0.00042944096,0.991871,0.0038612536,0.000653517,0.0010341157,0.000613334,0.00060905475,742,validation
0.9880534,0.00017190215,0.00022862773,0.00019052638,0.000908049,0.010112809,0.00019418636,0.00014048614,743,validation
0.0006873264,0.00022872382,0.99437225,0.0028745576,0.00052220066,0.0006888823,0.00032551083,0.00030053136,744,validation
0.00028942138,0.00015744679,0.99665725,0.0014961025,0.00043730304,0.0005541435,0.00023529163,0.0001729919,745,validation
0.9854116,0.00035411102,0.00039820242,0.00031936256,0.0015744278,0.011480016,0.0002603307,0.0002019426,746,validation
0.00072983536,0.0003780132,0.99344206,0.0035543037,0.00075955444,0.0005662888,0.00032579707,0.0002441371,747,validation
0.00027109165,0.00031370082,0.99588865,0.0016480429,0.0003737012,0.0007787518,0.00058323774,0.00014285688,748,validation
0.0012921157,0.00022301527,0.9914723,0.005468108,0.00070675206,0.00040460107,0.00025525485,0.00017786013,749,validation
0.0007895624,0.00027981566,0.9939964,0.0034870298,0.0006627991,0.0004402582,0.00016274984,0.00018146673,750,validation
0.9890248,0.00019776882,0.00023062874,0.00019243802,0.0010498706,0.008990354,0.0001721718,0.0001419925,751,validation
0.00077287905,0.00029895827,0.99357975,0.003519463,0.00061014097,0.0005957809,0.00032776702,0.00029522067,752,validation
0.00020539992,0.00018769952,3.5467132e-05,8.51603e-05,1.1616085e-05,0.99918145,0.0002484609,4.466362e-05,753,validation
0.98503834,0.00022147683,0.0003509635,0.0002850694,0.0010969442,0.012652721,0.00016235255,0.00019216622,754,validation
0.0006760019,0.00019921194,0.9946213,0.0028591815,0.00050014653,0.0006298618,0.0002683575,0.00024597443,755,validation
0.000440497,0.00018519274,0.9959816,0.0019053668,0.00046008502,0.0005551616,0.0002528944,0.00021925043,756,validation
0.9884207,0.00020691754,0.0003446408,0.0002571138,0.0009766718,0.009446556,0.00016179323,0.00018555259,757,validation
0.000581362,0.00018401869,0.99515873,0.002700782,0.00049986807,0.0005054081,0.00015207664,0.00021769248,758,validation
4.1351514e-06,0.9996051,1.1412783e-05,8.753397e-06,0.0003143383,3.9028233e-05,1.4810932e-05,2.2997194e-06,759,validation
0.9810641,0.00020755203,0.00026158564,0.00033409448,0.0010465591,0.01665926,0.00020701514,0.00021983164,760,validation
0.0006342358,0.00035860442,0.9942695,0.0028178166,0.00075178186,0.00058173115,0.00032862672,0.00025760406,761,validation
0.0007417719,0.00027567003,0.99347186,0.0037564454,0.00061537785,0.00054627296,0.00029143394,0.00030125334,762,validation
0.0028135239,0.0004775144,0.00041388508,0.00022823614,0.99581367,4.218599e-05,9.3176124e-05,0.00011782014,763,validation
0.0006628435,0.0003071178,0.99464476,0.0024135292,0.0005980961,0.00072517834,0.0003533421,0.00029517573,764,validation
0.98582315,0.00019366381,0.00034925356,0.0003179176,0.0008616598,0.012052047,0.00018852147,0.00021382848,765,validation
3.7957755e-06,0.9996643,1.4672176e-05,6.2204217e-06,0.00025452542,3.1135616e-05,2.3514793e-05,1.8445808e-06,766,validation
0.9876236,0.00020125683,0.00020143962,0.0001974551,0.00095511694,0.010446656,0.00019406005,0.00018036828,767,validation
0.00072194834,0.00029299283,0.9940347,0.00318068,0.0006217298,0.000540531,0.0003215786,0.00028590448,768,validation
0.00031979513,0.00015117062,0.9964592,0.0019020312,0.00055675424,0.00034398353,0.00014465138,0.00012238481,769,validation
0.00038955343,0.00020253505,0.99645776,0.0014660562,0.00040787607,0.00057288475,0.00029846115,0.0002048656,770,validation
0.00033557793,0.00044417524,0.99554944,0.0022210965,0.00059805694,0.0005103533,0.00021115453,0.0001301713,771,validation
0.0003629269,0.00012330132,0.99655735,0.0017886885,0.00030577354,0.0004660905,0.00018631834,0.00020959425,772,validation
0.0005976112,0.00035324573,0.9941644,0.0030898976,0.0007622435,0.000442588,0.0002881729,0.00030182177,773,validation
0.07799508,0.079789646,0.06005049,0.032211483,0.6806629,0.044404462,0.01676015,0.008125732,774,validation
0.0010016572,0.00052313734,0.99179405,0.0037754325,0.00097077567,0.000831971,0.00058580865,0.00051715603,775,validation
0.0007295928,3.6850174e-06,0.00077776785,0.00012656477,0.0037078182,0.00039536937,0.0027403838,0.9915188,776,validation
0.0005850261,0.00022604747,0.9941695,0.003518781,0.0005435302,0.00050503906,0.0002506005,0.00020135127,777,validation
0.0012627094,0.00029279976,0.9914972,0.004865647,0.0010388329,0.0005203004,0.00027995615,0.00024249913,778,validation
0.00023958855,0.0001287464,0.99700755,0.001406138,0.00031372096,0.00050213234,0.00024039212,0.00016170777,779,validation
0.0009330696,0.00042853956,0.9921233,0.0037296633,0.00086789695,0.00093899376,0.0005841473,0.0003943713,780,validation
0.9896555,0.00020778984,0.00022100854,0.00020363308,0.0007616215,0.008694065,0.0001331158,0.00012322076,781,validation
0.9899596,9.308655e-05,0.0001799335,0.00013878244,0.00071217294,0.0087257745,9.4285744e-05,9.629842e-05,782,validation
0.97977096,0.00027152238,0.00035453963,0.00032058882,0.0010678872,0.017617125,0.00035506056,0.0002423146,783,validation
0.9901545,0.00016036394,0.00016000967,0.00013343655,0.0007652912,0.008415438,0.00012035987,9.060365e-05,784,validation
0.00055863475,7.4756326e-06,0.0025256,0.00016270994,0.004264922,0.0011272959,0.0045842985,0.9867691,785,validation
0.003524929,0.00048770293,0.00023075848,0.00031982237,0.99522865,4.220361e-05,6.0744864e-05,0.00010515318,786,validation
0.9835903,0.00034609172,0.00042089823,0.000249765,0.0010959492,0.013986177,0.0001684591,0.00014232987,787,validation
0.0026649984,0.00047815067,0.0003037459,0.00014081004,0.9963336,1.51052645e-05,3.7206555e-05,2.6299442e-05,788,validation
0.022279402,0.0018065562,0.9452545,0.019651694,0.0022226947,0.0054826946,0.0013605623,0.0019419403,789,validation
0.00027697757,0.0001155068,0.99712986,0.0013533748,0.00037140847,0.0004284585,0.0001661272,0.0001582795,790,validation
0.98820543,0.00024197818,0.00032996805,0.00023947012,0.0011245081,0.009419886,0.00022191276,0.00021676534,791,validation
0.00064887374,0.00022115253,0.9943488,0.0028400503,0.00054184935,0.00071104115,0.00037524124,0.00031294374,792,validation
0.00077744696,0.00022752963,0.9948807,0.0030601155,0.00054604537,0.00026985252,0.00013534736,0.0001030819,793,validation
0.0007154176,7.566147e-06,0.0008329452,0.00019288533,0.0035175334,0.00050820044,0.0033808714,0.99084455,794,validation
0.0016735723,0.0005210707,0.98866665,0.005651332,0.0007573577,0.001751414,0.00048877124,0.000489816,795,validation
0.00071427465,0.00035691683,0.99366826,0.0029971304,0.000670578,0.00081797584,0.00039412506,0.00038075465,796,validation
0.9870827,0.00017393004,0.00028682777,0.0002133036,0.001038603,0.010878568,0.00016929183,0.00015688055,797,validation
0.0006368693,0.00027051911,0.99428976,0.0031848918,0.00068314635,0.0004703646,0.00025945844,0.0002049266,798,validation
0.00076332595,0.0004322666,0.99341184,0.0030305916,0.000840584,0.0007847861,0.00042434543,0.00031232229,799,validation
0.00041261895,0.00015625049,0.9960001,0.0019556617,0.00040444857,0.00059295003,0.00024140043,0.0002365167,800,validation
7.58127e-05,0.00012606592,0.0011365155,1.96632e-05,0.0004059881,0.001324919,0.9963967,0.0005144027,801,validation
0.9885642,0.0001332483,0.0001465193,0.00016602164,0.0006933523,0.010033621,0.0001211087,0.00014181812,802,validation
0.0009038775,0.00039281035,0.99272186,0.0036973718,0.00067603774,0.0007368855,0.00043964823,0.00043156548,803,validation
0.0010577344,0.00044590075,0.99199635,0.004015459,0.0009819568,0.0007531819,0.00041652293,0.00033297486,804,validation
0.98390293,0.00081889494,0.00079872773,0.00050974573,0.0016760081,0.011733799,0.00033519388,0.00022472542,805,validation
0.00017517255,0.00011478656,0.9975418,0.001387888,0.0003507347,0.00025159714,0.00011104655,6.698078e-05,806,validation
6.745891e-06,0.99945575,1.6297392e-05,8.083791e-06,0.00046559592,2.7761982e-05,1.8155411e-05,1.5382757e-06,807,validation
0.0006153466,0.00024139362,0.9940818,0.0036490827,0.0005586156,0.00043691485,0.00021256116,0.00020416772,808,validation
0.98873925,0.00014498872,0.00016289167,0.00013151586,0.00050660723,0.010031006,0.00016506754,0.00011872872,809,validation
0.000639788,0.00026830452,0.99390537,0.0037152811,0.00065635575,0.0004207603,0.00020098645,0.00019319335,810,validation
0.51759976,0.0041976287,0.38204268,0.019501233,0.022053631,0.051382955,0.001767823,0.001454286,811,validation
0.9885212,0.00048486484,0.00042635703,0.00045735485,0.001435321,0.0083850715,0.00015525213,0.00013455366,812,validation
0.9889598,0.00024345661,0.00031194487,0.000197569,0.0009650942,0.009053153,0.00015403515,0.0001149272,813,validation
0.000858264,0.00039670413,0.99281466,0.0036755062,0.0009052353,0.00064012775,0.00040448466,0.00030495392,814,validation
0.99055755,0.00011979038,0.00016953883,0.00014092066,0.00060302584,0.008163835,0.00012629035,0.00011901549,815,validation
0.00047926442,0.00032001952,0.99539775,0.0018225686,0.00058234023,0.0007006343,0.00041211897,0.00028524073,816,validation
0.0029892137,4.936958e-05,0.0034999514,0.00072054315,0.0047212252,0.0010735488,0.0071930694,0.97975314,817,validation
7.533992e-05,0.00015523248,0.0010828498,1.5494858e-05,0.0004070523,0.0016457862,0.9960057,0.00061252,818,validation
0.00053991895,0.00025072024,0.9944699,0.0034205415,0.00051300164,0.00039233625,0.00020443994,0.00020909059,819,validation
0.00064630137,0.0002677662,0.99467635,0.002656789,0.0005404543,0.00064074487,0.00029107215,0.00028041808,820,validation
0.002651491,0.0003138201,0.9855474,0.0074000126,0.0008074057,0.0019158273,0.0006148778,0.0007490841,821,validation
0.00032895664,0.00012698093,0.9966383,0.0016724736,0.00034072137,0.00052574946,0.00018683137,0.00017982737,822,validation
0.0006757354,5.4560314e-06,0.00069544214,0.00032086382,0.0036984473,0.00043446713,0.0022234449,0.9919463,823,validation
0.0032273573,0.0006807398,0.98205596,0.0087447,0.0012504857,0.0021660912,0.00097051874,0.0009041339,824,validation
0.00038214435,0.00015711309,0.9963742,0.0018075199,0.0003516977,0.0005341179,0.00019206823,0.00020118963,825,validation
0.9886669,0.00012327095,0.0001391376,0.00013449586,0.0007374114,0.009933749,0.00013531306,0.00012967378,826,validation
0.0009261874,0.00024556916,0.0004873711,0.0002807161,0.9979742,7.4971786e-06,3.0584364e-05,4.7830425e-05,827,validation
4.725254e-06,0.99958736,1.2938563e-05,6.2787663e-06,0.00033690897,3.1779648e-05,1.902179e-05,9.919142e-07,828,validation
0.00043140928,0.00018850957,0.99589515,0.0019300802,0.00044712052,0.00061789603,0.00022306832,0.00026674315,829,validation
0.0011627171,0.0004192987,0.9907684,0.0047007506,0.00082565635,0.001128263,0.00056760904,0.0004273644,830,validation
0.0006568825,0.0002689936,0.9943468,0.0027426162,0.00050381594,0.0007578538,0.0003740254,0.00034900178,831,validation
0.98886466,0.00022935659,0.00028264662,0.00022843802,0.0008612828,0.009178871,0.00019745751,0.0001572693,832,validation
0.98057747,0.00027479944,0.0007647837,0.0008113496,0.0014687699,0.015444395,0.00034921526,0.00030924834,833,validation
0.051775005,0.019428879,0.6919304,0.052667335,0.02955785,0.07850775,0.037648834,0.038483925,834,validation
0.000994255,0.00023111224,0.99215466,0.0050953547,0.00053081365,0.0004480469,0.00020528512,0.0003404349,835,validation
0.9761822,0.00027105518,0.0007253889,0.0005640309,0.0013029907,0.020076217,0.0004961943,0.00038198452,836,validation
0.014706593,0.0016657276,0.96271616,0.013905728,0.0023462516,0.002624171,0.00096015516,0.0010752571,837,validation
0.00050392584,5.0164276e-06,0.00076430873,6.0068935e-05,0.0018919222,0.002134414,0.0031237712,0.9915167,838,validation
0.0010613742,0.00051047845,0.9918395,0.0036884164,0.0009681851,0.0009180752,0.0005561368,0.00045770762,839,validation
0.00035362138,8.181115e-05,0.99700373,0.0014638655,0.00014821092,0.000557007,0.00022390136,0.00016782316,840,validation
0.993548,3.168023e-05,3.547462e-05,7.133968e-05,0.00021290072,0.0060292827,2.8520893e-05,4.2784566e-05,841,validation
0.9902428,5.7534224e-05,5.4435073e-05,0.00011886618,0.00039121704,0.009012137,6.11936e-05,6.182943e-05,842,validation
0.99266833,1.7739065e-05,2.6543588e-05,7.6427415e-05,0.00014169702,0.0070035895,2.6115202e-05,3.967949e-05,843,validation
5.843172e-05,0.9983119,0.00011930442,5.8588066e-05,0.00084323983,0.00040127125,0.00017685923,3.0416026e-05,844,validation
1.5820928e-05,0.9993167,3.8466915e-05,2.0543801e-05,0.00042809302,0.00013075175,4.2534954e-05,7.0886585e-06,845,validation
0.00047070003,0.00018293777,0.9960602,0.0015538785,0.00023610976,0.0007950191,0.00042072198,0.00028035842,846,validation
0.9927937,8.031097e-05,0.00011984208,0.00018248394,0.00036634775,0.006307626,6.694113e-05,8.2888844e-05,847,validation
0.8834787,0.005734835,0.020017033,0.009779777,0.01586122,0.049236085,0.0069153775,0.008976919,848,validation
0.00041751156,0.00010927078,0.99630725,0.0017057147,0.0002113721,0.00074632163,0.00028746107,0.00021510897,849,validation
0.000830521,0.0001952108,0.9944734,0.002988566,0.00033626016,0.00067806256,0.0002843756,0.00021358977,850,validation
0.00013944815,5.6664925e-05,0.99821955,0.0005937569,0.00012569013,0.00046906277,0.00026184658,0.00013400381,851,validation
0.0002682872,0.00011963171,0.9975587,0.0008557059,0.00017554378,0.0005408186,0.00034103586,0.0001402875,852,validation
0.9878593,9.2636496e-05,0.0002598082,0.00042344542,0.00044483203,0.010566846,0.00012939722,0.00022372273,853,validation
0.0006328826,0.00011442954,0.9955284,0.0023100318,0.00029068792,0.0006774532,0.00022173079,0.00022446475,854,validation
0.00013354322,5.5058325e-05,0.99841046,0.0005716264,0.00012289363,0.0004079526,0.00018259599,0.00011585464,855,validation
0.0005110967,0.00014154828,0.99560046,0.0023320115,0.00022999078,0.00066816085,0.00032578452,0.00019092616,856,validation
0.9907617,0.00021920864,0.0005552644,0.0006265247,0.0012418197,0.0062476248,0.000101275,0.00024660607,857,validation
0.99424136,2.9552448e-05,3.366968e-05,5.6474793e-05,0.00020808088,0.005359344,3.5371133e-05,3.6075508e-05,858,validation
2.00627e-05,0.9988889,7.528878e-05,2.7444987e-05,0.0006943383,0.00014330121,0.00012770414,2.3038794e-05,859,validation
0.00013933705,5.919368e-05,0.99813604,0.0007158664,0.00013292732,0.00048151347,0.0002078182,0.00012720439,860,validation
0.00070221344,0.0021205859,0.007504662,9.858904e-05,0.0015539823,0.010801547,0.96770626,0.009512157,861,validation
0.0006995077,0.00029929503,0.9947643,0.0021158152,0.00034461572,0.0009588416,0.0005225378,0.0002950781,862,validation
0.00045765325,8.95036e-05,0.9964168,0.0019678345,0.00021866098,0.00054628355,0.00012603505,0.00017721322,863,validation
0.0021871221,0.0016985139,0.0014423007,0.0024307081,0.00038656074,0.9824823,0.0047343024,0.004638272,864,validation
0.0002073183,0.0006214726,0.0030400178,3.7261623e-05,0.00057903706,0.006656703,0.9863688,0.002489309,865,validation
0.00013882537,4.405607e-05,0.9985057,0.00058449863,0.00011795852,0.0003453339,0.00016647895,9.7178476e-05,866,validation
0.00015032581,4.366195e-05,0.9984451,0.00061266375,0.00013743696,0.00036711214,0.00014300413,0.000100795376,867,validation
0.0004625026,0.00016119842,0.9961008,0.0014339248,0.00027400936,0.00082697906,0.00050446286,0.00023625724,868,validation
0.00019196553,6.127891e-05,0.9979863,0.00082011515,0.00015739762,0.00048028538,0.00018226587,0.00012026949,869,validation
0.0001589364,5.1629264e-05,0.99828666,0.000581699,0.00012765832,0.00044173424,0.00020056142,0.00015118421,870,validation
0.9952408,2.4534784e-05,3.079215e-05,6.7195026e-05,0.00024347346,0.0043115653,2.790158e-05,5.3703647e-05,871,validation
0.9919853,7.684608e-05,0.00013744863,0.00024919535,0.00040720135,0.006893367,0.000111575726,0.00013906365,872,validation
0.97513616,0.00042597434,0.0005664017,0.00096153724,0.0013986828,0.020704485,0.00033242008,0.00047438618,873,validation
0.0063899783,0.0010157872,0.051267687,0.0034075025,0.004018208,0.8671817,0.016161019,0.050558124,874,validation
8.252449e-05,3.548837e-07,0.00031116098,1.3371952e-05,0.00045473463,0.0007348689,0.0018682787,0.9965346,875,validation
0.0003885997,0.00014264624,0.99657345,0.0014706202,0.00022936634,0.0007024459,0.00029559105,0.00019726527,876,validation
0.0005607888,0.00016094127,0.9953686,0.0023359705,0.00028966775,0.00071065937,0.0003534283,0.00021997876,877,validation
0.017435165,0.004724642,0.9109783,0.044464685,0.0026678843,0.010593758,0.0055721616,0.0035633992,878,validation
0.00060836825,0.00021106903,0.9951292,0.0022418438,0.00033945602,0.00086538994,0.0003862949,0.00021843152,879,validation
0.0007578787,0.0008638684,0.0052564237,0.00010921387,0.001450936,0.010559454,0.9757144,0.005287817,880,validation
0.00046693924,0.00015599688,0.99557906,0.0017265792,0.00025976766,0.0010501144,0.000475743,0.0002857131,881,validation
0.00043243906,0.00012536695,0.9964366,0.001577661,0.00022203573,0.0006783875,0.00031807245,0.00020942382,882,validation
0.9904293,5.7974547e-05,0.00010879427,0.00023718907,0.0003861965,0.008620448,6.285256e-05,9.7237265e-05,883,validation
0.9950907,2.1675814e-05,2.7362279e-05,5.6024102e-05,0.00013022032,0.004626902,1.9746556e-05,2.7259919e-05,884,validation
0.00048792627,0.0001184377,0.99632937,0.0016880988,0.0003643498,0.00061499106,0.00018347176,0.00021333227,885,validation
0.9929609,6.44034e-05,7.0188005e-05,0.00013862162,0.00039277153,0.0062608053,4.401927e-05,6.831546e-05,886,validation
0.008054037,0.0006184579,0.0013667778,0.00048920314,0.98846465,0.0007465105,8.010427e-05,0.00018022035,887,validation
0.87939715,0.0017415625,0.07011091,0.015695274,0.0043688547,0.025488459,0.0012031591,0.0019946482,888,validation
0.99228376,8.380654e-05,9.336723e-05,0.00016805924,0.0004449005,0.006827105,3.8063466e-05,6.1000334e-05,889,validation
0.9877985,4.369522e-05,9.1934206e-05,0.00016432475,0.0003135085,0.011464822,5.4718716e-05,6.863513e-05,890,validation
0.00045752313,6.265768e-05,0.9967692,0.0019306275,0.0001575289,0.0004144891,9.733957e-05,0.0001106847,891,validation
2.2308574e-05,0.9991215,6.4082284e-05,2.7270342e-05,0.0005475253,0.00011872274,8.0358106e-05,1.8254863e-05,892,validation
0.0006542315,0.0009730194,0.004733217,8.6222775e-05,0.0006555578,0.013076841,0.9742028,0.005618069,893,validation
0.00053099904,0.00015614962,0.99531436,0.0020960062,0.00028339672,0.00091502606,0.0003962904,0.00030775805,894,validation
0.96317977,0.00051978976,0.0035486477,0.0025556744,0.0020000075,0.027166113,0.00041261996,0.0006173512,895,validation
0.00053671206,5.3983338e-05,0.9970446,0.0016739287,0.00014317487,0.00032874136,0.00011683554,0.00010196788,896,validation
0.0009767193,0.00017442724,0.9938632,0.003147895,0.00031041863,0.0010223881,0.00036679822,0.00013809875,897,validation
0.004438058,0.00015894827,6.471405e-05,0.0003733901,2.6309273e-05,0.9945373,0.00021086806,0.0001903948,898,validation
0.00014358538,6.428729e-05,0.99834156,0.0005898233,0.00014315755,0.00039468944,0.00018225373,0.0001407059,899,validation
0.00058539974,9.454309e-05,0.9963168,0.0017212452,0.00024938828,0.0005738724,0.0003109975,0.00014778909,900,validation
0.00050325773,0.00014735405,0.99550927,0.0020648025,0.00024519095,0.00083590666,0.000393526,0.00030069976,901,validation
1.3321669e-05,0.999134,4.7696176e-05,3.2086813e-05,0.00049383857,0.00018217378,7.6593176e-05,2.0245432e-05,902,validation
0.0005036907,0.00019617102,0.9956275,0.0020826191,0.00029211867,0.00070497487,0.0003634952,0.00022939047,903,validation
0.00043019804,0.00013456278,0.9963039,0.0018341809,0.00023290487,0.000603488,0.0002791662,0.00018151733,904,validation
0.99432015,3.8135688e-05,4.6993577e-05,8.38672e-05,0.00023367738,0.005192814,3.48045e-05,4.958283e-05,905,validation
0.00016559742,7.416542e-05,0.99809915,0.00068821036,0.00015352872,0.00046061954,0.0002182414,0.00014055197,906,validation
0.0022438655,0.00024784572,0.9894378,0.0047840173,0.00044419602,0.0014632923,0.00096597377,0.00041293778,907,validation
0.9918601,3.548437e-05,5.3492902e-05,0.0001309957,0.0002473053,0.0075573684,4.2717704e-05,7.2522096e-05,908,validation
0.99209213,5.5994267e-05,7.8990335e-05,0.00015203659,0.0003295941,0.0071620736,4.5941008e-05,8.328621e-05,909,validation
0.9817869,0.00020293528,0.0010058776,0.0008996722,0.0009921399,0.014652415,0.00018946339,0.0002706481,910,validation
0.00045988327,0.00019700099,0.99553156,0.0021180997,0.00037475847,0.00073139585,0.00035617963,0.0002310895,911,validation
0.9927712,5.3386833e-05,7.176924e-05,0.00011333694,0.00027276314,0.006624151,4.0242467e-05,5.3126645e-05,912,validation
0.0001836319,5.8318794e-05,0.9982181,0.0006453754,0.00013454811,0.00043538172,0.00018592643,0.00013874186,913,validation
0.00087763363,0.00031991515,0.9926156,0.0035557218,0.0007921632,0.0008287948,0.0007296838,0.00028057676,914,validation
0.995691,2.1505803e-05,2.375022e-05,4.4539054e-05,0.00014331195,0.004021133,2.1751612e-05,3.313007e-05,915,validation
0.0008653545,2.8926856e-05,9.451711e-05,0.00019366908,0.99869967,4.544772e-06,1.039538e-05,0.000102851474,916,validation
0.0007074778,0.00016344847,0.99499846,0.0023780963,0.00026199067,0.00071956735,0.0005293513,0.00024160862,917,validation
0.0007828184,0.00030343092,0.9940749,0.0023087342,0.00035374166,0.0010937556,0.00072772603,0.00035496178,918,validation
0.00043484574,0.0002241283,0.9953994,0.0017823224,0.00038973984,0.00081045914,0.00059078156,0.00036827984,919,validation
0.00044489428,0.0002800151,0.9956891,0.0015065098,0.0005506213,0.00057879084,0.00045967824,0.0004903192,920,validation
0.99218893,5.284351e-05,5.4652704e-05,0.00012626838,0.0003185434,0.0071450844,4.5759203e-05,6.790465e-05,921,validation
0.0022372059,0.00023504024,0.0002279168,0.00021343485,0.99702805,6.100754e-06,8.902545e-06,4.335551e-05,922,validation
0.9942614,6.259841e-05,8.127959e-05,0.000113313676,0.00024669484,0.005147894,3.658042e-05,5.031665e-05,923,validation
0.00046760758,0.00018784405,0.9957569,0.0019692497,0.00031080047,0.0007411204,0.000354085,0.00021231287,924,validation
1.301242e-05,0.9992649,4.515191e-05,1.9015746e-05,0.00044159926,0.0001470684,5.6321434e-05,1.2950804e-05,925,validation
0.0038742542,0.00022883782,0.98569125,0.006530398,0.00037519576,0.002272483,0.0006342664,0.00039339793,926,validation
0.9937983,2.4691422e-05,3.618224e-05,9.167268e-05,0.00026396758,0.005671236,3.8289934e-05,7.5548895e-05,927,validation
0.000954068,0.00011478629,0.99412906,0.002752539,0.0002624797,0.0009741508,0.0006065099,0.00020639828,928,validation
0.0017187655,0.0019375441,0.0018374396,0.0011244485,0.00031683227,0.9836062,0.0058388053,0.0036199794,929,validation
0.0004012517,8.31788e-05,0.99649256,0.0016361906,0.00018523564,0.00067794183,0.00031837256,0.00020525527,930,validation
0.99366766,0.00011762433,0.0001173515,0.00017213514,0.0003636989,0.005389458,7.261734e-05,9.948746e-05,931,validation
0.00015807898,5.212594e-05,0.998242,0.0006482487,0.0001285422,0.0004410801,0.00019770752,0.00013217723,932,validation
0.1240665,0.0053605647,0.025319263,0.023617653,0.06626759,0.7396634,0.008600251,0.0071047074,933,validation
0.9934442,5.337541e-05,6.27407e-05,0.000121501966,0.00026962845,0.005958266,3.4792014e-05,5.5378667e-05,934,validation
1.9769248e-05,0.9991352,4.2749452e-05,2.4851754e-05,0.0006339159,8.435856e-05,4.99162e-05,9.380478e-06,935,validation
0.000640339,0.00010509063,0.99548596,0.0025626696,0.00017956021,0.00058115734,0.0002627405,0.00018240038,936,validation
0.00065188797,0.0001286001,0.9957008,0.0024634255,0.00021633894,0.000565314,0.00013994465,0.00013361638,937,validation
0.00054849865,0.00011087514,0.99609596,0.0022299448,0.00021709043,0.00046777705,0.00023347088,9.649273e-05,938,validation
0.00028474617,0.000106032945,0.99743253,0.00081484724,0.00019522355,0.0006173336,0.0003490577,0.0002000959,939,validation
0.00039750544,0.00013134547,0.99638426,0.0015451026,0.00022915861,0.0007409069,0.00032642306,0.00024531526,940,validation
0.99099195,0.00017697383,0.00035878786,0.0003543883,0.0009414992,0.0068855216,0.00010182038,0.00018897894,941,validation
0.00043778098,0.00015942978,0.9959617,0.0014563913,0.00019183733,0.00091410754,0.0005278139,0.00035089775,942,validation
8.504395e-05,1.3654308e-07,0.00025011832,7.071316e-06,0.00034223948,0.00047932327,0.0016573035,0.9971789,943,validation
0.9800583,0.0004358407,0.0020105212,0.0016578332,0.0017407106,0.013246171,0.00039317514,0.0004574555,944,validation
0.9941591,6.0501377e-05,6.850632e-05,0.00010060524,0.00045805122,0.005037725,5.0310802e-05,6.521334e-05,945,validation
0.00013196778,4.6663627e-05,0.9985096,0.000508451,0.00011900767,0.0003339127,0.0002189118,0.00013150317,946,validation
1.9949295e-05,0.9991062,6.988341e-05,3.2138076e-05,0.0003917673,0.00023246312,0.00012219306,2.5217529e-05,947,validation
1.8913459e-05,0.9991014,6.824601e-05,2.2349885e-05,0.00054239517,0.00012666045,0.00010396582,1.6172464e-05,948,validation
0.99362576,1.696039e-05,4.3166296e-05,5.3053034e-05,0.00019876238,0.0059954254,2.3091397e-05,4.380118e-05,949,validation
0.99247146,5.0322866e-05,6.1117804e-05,9.62228e-05,0.00028047236,0.006955522,3.310963e-05,5.177255e-05,950,validation
0.00092908245,0.00014260835,0.9944149,0.0027256012,0.00029873344,0.0009664685,0.00034018033,0.00018229436,951,validation
0.9955446,4.310019e-05,2.7669459e-05,7.2044444e-05,0.00020522143,0.0040313383,2.859075e-05,4.746382e-05,952,validation
0.01029481,0.00089994905,0.9583385,0.020253953,0.0015554462,0.005378386,0.0019105687,0.0013682921,953,validation
0.00050536357,0.00021877236,0.9957385,0.0015776281,0.00029069022,0.00091754994,0.00051117875,0.00024042801,954,validation
0.99344325,2.8727636e-05,3.1459287e-05,7.016326e-05,0.0001574022,0.0061998162,2.7746813e-05,4.1462034e-05,955,validation
0.0004778849,0.00016820955,0.9957004,0.0018451095,0.00026663404,0.0008144627,0.000434389,0.0002929173,956,validation
0.0005165293,0.00016579866,0.9954094,0.0016533707,0.0002802891,0.0010855118,0.00051721395,0.00037180533,957,validation
0.00024704583,0.00010419977,0.9975656,0.00098031,0.00018133463,0.000508343,0.00023244669,0.00018076433,958,validation
0.00032876906,8.865245e-05,0.99767464,0.0012872644,0.00019143525,0.00024219723,8.9260975e-05,9.7760545e-05,959,validation
0.9480901,0.00031926573,0.00381366,0.008327238,0.006077534,0.03164861,0.00029358824,0.0014300845,960,validation
0.00042847707,0.00011104261,0.0003872151,0.00020848226,3.9413986e-05,0.99793553,0.00034306094,0.00054678775,961,validation
0.99467814,3.818214e-05,2.9571549e-05,0.00011627334,0.00034077602,0.0047116606,2.7775131e-05,5.7540212e-05,962,validation
0.0004138936,0.00015711735,0.9962853,0.0015620979,0.00053136755,0.00053154165,0.00020349314,0.0003151989,963,validation
8.6648906e-05,7.64227e-05,0.99839157,0.00043334372,0.0003098832,0.00037520606,0.00014860166,0.00017823426,964,validation
8.4325635e-05,7.980274e-05,0.998389,0.0004923474,0.00032749216,0.00033760988,0.00013379949,0.00015569491,965,validation
0.00015079365,8.047943e-05,0.9981225,0.00067519955,0.00035943405,0.00031009942,0.00011832781,0.0001832475,966,validation
0.0006508641,0.00029419508,0.9951291,0.0019012368,0.0006971029,0.0006816936,0.00029666538,0.00034915147,967,validation
0.9938121,3.9054765e-05,4.6908597e-05,0.00014405689,0.0005060607,0.0053184675,4.088449e-05,9.246506e-05,968,validation
0.02725782,0.00083461066,0.04072358,0.0086489655,0.016534826,0.038714647,0.05717731,0.8101082,969,validation
0.00016256873,0.00012392807,0.99744487,0.00069286954,0.00063677673,0.00047317913,0.00014620172,0.0003194978,970,validation
1.0066523e-06,0.9996935,4.505423e-06,9.5321747e-07,0.0002549371,4.239359e-05,2.2843851e-06,4.1354596e-07,971,validation
0.9936498,6.83001e-05,9.208847e-05,0.00022982468,0.0006186285,0.0051846826,4.5945388e-05,0.000110745765,972,validation
0.0012721488,0.0005680364,0.9847074,0.00542629,0.0020434815,0.002238112,0.002263199,0.0014813812,973,validation
0.9866747,0.00016262411,0.00044876014,0.00079220283,0.0027122041,0.008381282,0.00030302635,0.0005251523,974,validation
0.0012977007,0.0013315456,0.99160707,0.0030344834,0.0015747544,0.00053555914,0.0002413525,0.00037752677,975,validation
0.00044582697,3.692174e-05,0.010622146,2.2939817e-05,0.000880059,0.011408715,0.9592311,0.017352326,976,validation
0.00036511192,0.00013331302,0.99699855,0.0012215974,0.00038833581,0.0004882256,0.00017255724,0.00023242469,977,validation
0.0002615493,0.0002474215,0.9963811,0.0010996656,0.00057314854,0.00070421275,0.00031546224,0.00041755784,978,validation
0.00035374385,9.912635e-05,0.9971107,0.0013724067,0.00036284857,0.00042134948,0.00010853448,0.00017121079,979,validation
0.99377763,5.466295e-05,5.378716e-05,0.00017394777,0.0004806307,0.005343831,4.120289e-05,7.426585e-05,980,validation
0.0017923084,0.00029410314,0.98854977,0.006830526,0.00051353336,0.00095493376,0.0005800066,0.00048482246,981,validation
0.000632912,1.2924897e-06,0.00092292426,2.0456968e-05,0.0007089975,0.00629609,0.0035116903,0.9879056,982,validation
0.0003252183,2.062498e-07,0.0005453117,6.0358434e-06,0.0007137313,0.00095054647,0.0015336244,0.9959253,983,validation
0.00040781617,0.0001561424,0.9965353,0.0013208684,0.00049631554,0.0005945158,0.00019653178,0.00029252842,984,validation
0.00066093035,0.00013755864,0.99445665,0.0033160076,0.0006875984,0.00045081298,0.00014927606,0.00014122207,985,validation
0.0003703618,0.00012413667,0.9965592,0.0017293053,0.00048563528,0.00040715348,0.000115612354,0.00020866445,986,validation
0.00010520987,6.85146e-05,0.99834394,0.00052528735,0.00029351324,0.00030605047,0.00013740928,0.00022001583,987,validation
0.0005374627,0.00015749877,0.99639976,0.0014376282,0.00038344445,0.0006119215,0.0001998588,0.00027231156,988,validation
0.0010469612,0.00018764526,0.9927263,0.0036195333,0.0008367793,0.0008666606,0.00041075217,0.00030526286,989,validation
0.99127567,0.00012208386,0.00011872776,0.0004655236,0.0009938569,0.0068502165,4.7972684e-05,0.0001259968,990,validation
0.0008393899,0.00028782434,0.9936127,0.002990935,0.0007982292,0.0007671112,0.0003354978,0.0003683628,991,validation
0.049397923,0.057757724,0.06347586,0.31725818,0.027942954,0.055029064,0.41911992,0.010018348,992,validation
0.99406636,6.625705e-05,6.7953835e-05,0.00017175138,0.00050114456,0.0049929866,4.5552835e-05,8.7988206e-05,993,validation
0.00014549452,8.725064e-05,0.99808097,0.00064715464,0.0002934348,0.00036408385,0.00013940605,0.00024216883,994,validation
0.000160194,6.418625e-05,0.9982052,0.0006444036,0.0002804808,0.0003424284,0.00010133841,0.00020173415,995,validation
0.03431116,0.00039321693,0.015207979,0.014456197,0.04665968,0.07857437,0.012405093,0.79799235,996,validation
0.00034319493,0.00010595593,0.9966349,0.0017631187,0.0004731149,0.0003535475,0.0001077164,0.000218371,997,validation
0.9896975,0.00013981418,0.00025245806,0.00045704874,0.00085988216,0.008388663,7.964206e-05,0.00012503027,998,validation
0.00021929799,0.00014721806,0.99783593,0.0005687835,0.00039264737,0.00046677238,0.00014206785,0.00022728913,999,validation
8.3735875e-05,8.868215e-05,0.99848676,0.00041404797,0.0003129681,0.00028043127,0.00013295487,0.000200316,1000,validation
0.00074166793,0.00021069648,0.009728218,7.419831e-05,0.0018205765,0.011506914,0.96304506,0.012872607,1001,validation
0.9941408,7.2086885e-05,6.157732e-05,0.0001976885,0.00053073326,0.004860056,4.2498297e-05,9.457567e-05,1002,validation
0.9885888,4.8106092e-05,9.44009e-05,0.00034007867,0.0013248019,0.009153202,9.4723124e-05,0.00035584255,1003,validation
0.99328834,4.3656048e-05,4.9217404e-05,0.00023678102,0.0006676305,0.005581966,4.310508e-05,8.927109e-05,1004,validation
0.00018205808,7.676991e-05,0.9980786,0.00072841084,0.00030867514,0.00033313636,0.00010407563,0.00018836444,1005,validation
0.98987937,7.074078e-05,0.00011435121,0.0003616307,0.00050226244,0.008881832,6.4166634e-05,0.00012568357,1006,validation
0.0003687469,0.00018019737,0.9967734,0.0011531382,0.0006238933,0.0004800484,0.00017454888,0.00024594055,1007,validation
0.9935137,0.000101372265,8.501368e-05,0.0001964182,0.00055484415,0.0054257303,4.5300996e-05,7.758418e-05,1008,validation
