0,1,2,3,4,5,6,7,identifier,split
0.9979656,3.1962056e-05,0.0006365434,4.1153988e-05,1.9576123e-06,0.0001739842,0.0011184013,3.050187e-05,0,test
0.9980855,2.6593118e-05,0.0011999004,1.8876417e-05,4.6727837e-06,0.00018738372,0.0004331904,4.391783e-05,1,test
2.3922305e-05,3.6790275e-06,0.0012689537,3.6869726e-06,2.4911134e-05,0.99829835,5.9140726e-05,0.0003173596,2,test
1.6372782e-05,1.1024973e-07,0.0034167315,1.872091e-07,2.9239713e-05,0.99653614,6.247294e-07,5.861898e-07,3,test
0.99641293,4.9720984e-05,0.0025389958,1.2961529e-05,8.494973e-06,0.00033740114,0.0005911779,4.836559e-05,4,test
1.655116e-05,1.2422889e-06,0.99941146,8.200081e-07,8.246807e-07,0.0005646739,1.3347047e-06,3.153423e-06,5,test
6.3795646e-06,4.2635796e-07,0.9989213,3.0731118e-07,5.89142e-07,0.0010685095,3.854704e-07,2.1787503e-06,6,test
8.602058e-06,2.2070297e-07,0.9986137,5.5375665e-07,4.0819387e-07,0.001368207,1.8586621e-06,6.314075e-06,7,test
0.9963825,6.172367e-06,0.0033525089,1.610241e-06,2.8201002e-06,1.9496512e-05,0.00015905088,7.587136e-05,8,test
3.3087734e-05,1.5701997e-07,0.99991524,6.67564e-08,6.438699e-08,4.6697463e-05,2.1051406e-07,4.4783687e-06,9,test
4.5747765e-05,1.8665318e-07,0.9999095,4.3432838e-08,4.4765756e-08,4.174775e-05,2.5261255e-07,2.4928063e-06,10,test
8.696757e-05,1.0053924e-06,0.99982303,1.4922939e-06,9.121105e-07,4.3316883e-05,2.588536e-05,1.7438992e-05,11,test
0.9998714,2.3238513e-07,8.118685e-05,4.118404e-07,3.5472116e-08,5.355182e-07,3.422966e-05,1.2078124e-05,12,test
0.99996996,8.912599e-08,1.8895902e-05,1.6698203e-07,1.0934757e-08,1.4682456e-07,8.124237e-06,2.5238762e-06,13,test
2.9138753e-05,5.14526e-07,0.9999168,6.991032e-08,1.3582684e-07,5.113269e-05,3.1417656e-07,1.7971348e-06,14,test
6.3701445e-05,7.760202e-08,0.999923,3.2137407e-08,6.1332273e-09,8.565654e-06,4.7110646e-07,4.1444896e-06,15,test
6.3961175e-05,6.369665e-06,0.99875987,2.8061027e-05,3.2993477e-05,0.0010312557,8.167439e-06,6.929855e-05,16,test
2.19867e-05,5.9406702e-06,0.9995881,1.1312711e-05,1.0551235e-05,0.0003466334,4.193746e-06,1.1342158e-05,17,test
0.9772461,0.00025074056,0.021280589,5.2741575e-06,5.0952454e-05,0.00026836194,0.0002420163,0.0006561389,18,test
4.637183e-06,6.7711716e-07,0.0048926617,3.1373966e-06,0.0005547092,0.9945275,1.0856344e-06,1.5487023e-05,19,test
0.9966768,3.796058e-05,0.0027157373,1.0681864e-06,2.8427164e-06,3.226682e-05,0.00022558,0.00030775784,20,test
0.00925405,7.669481e-06,0.98949325,4.5032366e-06,6.117105e-06,0.0010728837,2.6132013e-05,0.00013529579,21,test
0.99817085,0.00011683027,0.00033224575,4.7872934e-05,2.7743788e-06,8.1691454e-05,0.0011170399,0.00013064557,22,test
1.2461847e-05,2.7069434e-06,0.99971324,1.3236584e-06,1.4551456e-06,0.0002651371,4.9528717e-07,3.1253685e-06,23,test
7.00043e-06,4.6029054e-06,9.838573e-07,7.270668e-05,8.427262e-09,5.8832734e-07,9.01834e-05,0.99982387,24,test
0.0001187489,3.774914e-05,0.99928266,3.863527e-05,2.4421477e-06,0.00042138182,5.0972543e-05,4.7514535e-05,25,test
2.116292e-05,3.894271e-06,0.99974626,1.2530487e-05,1.6651595e-06,0.00018615511,9.752409e-06,1.8500183e-05,26,test
2.4291934e-05,3.0726148e-06,0.99972445,9.643134e-07,6.545506e-07,0.00023472818,3.2214118e-06,8.6145665e-06,27,test
1.6233284e-05,4.6454343e-06,0.9993148,2.9751257e-06,1.7673024e-06,0.00063314283,2.7620736e-06,2.3782866e-05,28,test
1.6190443e-05,3.0727356e-06,0.99958843,4.7474146e-06,1.3058179e-06,0.00035977442,7.61508e-06,1.8889737e-05,29,test
0.99994946,4.9747573e-06,8.780864e-06,5.910322e-07,5.3527945e-08,8.61764e-08,2.5315108e-05,1.0773375e-05,30,test
4.146097e-05,3.864449e-06,0.99969995,7.0158485e-06,1.968966e-06,0.0002062827,1.1392301e-05,2.8092825e-05,31,test
5.9740352e-05,2.750758e-07,0.00027802505,4.7112713e-05,4.3842147e-07,1.3886273e-06,0.999491,0.00012207015,32,test
0.000621606,5.0157352e-05,0.9982957,2.5385225e-05,4.553033e-05,0.00023435877,0.00064061076,8.665711e-05,33,test
0.00032868335,1.10961e-05,0.9993818,5.3016274e-06,6.6309167e-06,0.00014911448,7.476056e-05,4.252272e-05,34,test
8.5267675e-05,8.298771e-06,0.9998356,2.7575056e-06,2.3950176e-06,2.8469749e-05,2.713692e-05,1.00700245e-05,35,test
0.00024171214,1.4471918e-05,0.99956864,4.09548e-06,7.888433e-06,8.299898e-05,5.1330553e-05,2.8823039e-05,36,test
0.00035493445,2.4993273e-05,0.99904186,1.457315e-05,1.6021035e-05,0.00030910096,0.00021666758,2.188503e-05,37,test
0.0005530405,2.3062174e-05,0.9991715,1.1304265e-05,6.993948e-06,0.00010481736,7.4351665e-05,5.4938784e-05,38,test
0.9980697,6.447642e-05,0.00042396298,4.68478e-06,5.7584275e-06,1.9238596e-05,0.0010887897,0.00032353122,39,test
0.99971217,1.2624879e-05,0.00019996444,6.8937806e-07,9.680384e-08,3.1789102e-07,5.39333e-05,2.0260992e-05,40,test
0.9998129,3.1840261e-06,0.00012908589,5.539153e-07,1.1101044e-07,1.5355167e-06,2.2243259e-05,3.041798e-05,41,test
2.0846142e-05,4.1211388e-06,0.9995801,2.398055e-06,1.6054075e-06,0.0003825175,1.7623144e-06,6.676178e-06,42,test
2.7016275e-05,7.3878177e-06,0.99955803,9.6984695e-06,2.922492e-06,0.00037446196,8.951707e-06,1.1520986e-05,43,test
0.9996766,5.523315e-06,0.0002516268,7.8950995e-07,1.3663285e-07,1.1276092e-06,4.5705405e-05,1.8514618e-05,44,test
2.8675635e-05,9.51886e-06,0.9998735,1.5596509e-06,4.841425e-07,8.116805e-05,1.9349789e-06,3.149572e-06,45,test
1.97846e-05,2.5931115e-06,0.99953735,7.4696777e-07,8.396935e-07,0.0004303667,8.1470216e-07,7.5473745e-06,46,test
5.680973e-06,0.00010585813,1.33908925e-05,1.8808016e-05,2.400191e-08,1.9654115e-05,2.8095634e-05,0.9998085,47,test
0.99964154,9.547222e-06,0.00028575177,1.6764152e-06,3.0750698e-07,3.5222595e-06,3.6518715e-05,2.1094636e-05,48,test
3.2163938e-05,2.6903e-07,0.99996173,3.9311967e-08,1.01451985e-08,1.9928798e-06,3.8478893e-07,3.4752327e-06,49,test
3.6568832e-05,8.945529e-07,0.9999523,2.859431e-08,2.9413274e-08,8.168875e-06,1.4756681e-07,1.8225572e-06,50,test
5.0380273e-05,5.8543746e-06,0.99992025,2.451534e-07,4.3355934e-07,2.1354475e-05,6.206869e-07,8.6145985e-07,51,test
2.9635976e-05,1.2833492e-06,0.99994826,1.5167613e-07,8.9626255e-08,1.8645705e-05,1.2803627e-06,6.3789923e-07,52,test
0.99875593,3.434646e-06,0.0010693591,2.3622417e-06,1.5174095e-07,1.865827e-06,0.00014575697,2.1193959e-05,53,test
5.9045044e-05,2.314898e-07,0.9999298,1.6054866e-08,1.1115728e-08,6.9689568e-06,6.8201665e-08,3.8220874e-06,54,test
3.893943e-05,3.3995332e-07,0.9999535,2.4369564e-08,1.0879076e-08,4.1131193e-06,2.641108e-07,2.7521503e-06,55,test
0.9995005,8.986534e-06,0.00022995229,2.6584014e-06,7.8333704e-07,3.180569e-05,0.00018886357,3.633041e-05,56,test
1.43590605e-05,7.819045e-06,0.99974567,6.0554817e-07,6.4088687e-07,0.00022806515,2.0214336e-06,8.443683e-07,57,test
3.010481e-05,4.667574e-05,9.5372074e-05,0.0002628671,0.9987935,0.00073879777,2.5011805e-05,7.707231e-06,58,test
0.9740926,0.00019834755,0.023399495,2.7851504e-05,8.5851614e-05,0.00090595,0.00105902,0.00023090006,59,test
2.2882254e-05,1.8027155e-05,0.999597,2.2626725e-06,2.9912485e-06,0.00032423498,2.9533718e-05,3.0316996e-06,60,test
0.0006236126,1.2774252e-05,0.99868363,4.7008634e-06,4.605397e-06,0.00058232166,4.799145e-05,4.0358733e-05,61,test
2.4880852e-05,2.063184e-06,0.9997147,1.2709755e-06,3.8580782e-07,0.00023843344,8.707247e-06,9.574154e-06,62,test
3.474926e-05,8.25158e-06,0.99941254,2.775812e-06,2.5762713e-06,0.00052674505,5.974771e-06,6.4171986e-06,63,test
7.042125e-06,5.9479275e-06,0.99988854,1.1104589e-06,1.4137856e-07,9.326902e-05,7.0532985e-07,3.2527798e-06,64,test
1.3880569e-05,1.3620328e-05,0.9990428,8.482951e-06,3.780519e-06,0.0008968566,4.192862e-06,1.6364029e-05,65,test
1.1981392e-05,4.720803e-05,0.99965525,9.9483095e-06,4.2926084e-07,0.00022160495,3.9378215e-06,4.972333e-05,66,test
9.018555e-06,1.3711255e-05,0.99986243,8.366493e-06,4.3273212e-07,9.1778165e-05,2.1292733e-06,1.2120375e-05,67,test
0.0066610947,0.00048707638,0.0006995325,6.504792e-05,3.071804e-06,0.00010339134,0.0028471455,0.98913354,68,test
1.6525033e-05,2.4712186e-05,0.999739,1.6397537e-06,1.947563e-07,0.00019805027,9.912628e-07,1.897751e-05,69,test
0.999931,3.1947306e-07,2.1075552e-06,1.5614722e-07,6.958256e-09,2.9658773e-08,6.0905062e-05,5.4577636e-06,70,test
5.170278e-06,4.365756e-06,0.9998517,3.3713982e-06,9.246577e-07,0.00012545637,1.970781e-06,7.031316e-06,71,test
0.9928115,0.0005708998,0.0009325128,0.00020132243,0.00010109331,0.000675159,0.0043849195,0.00032263223,72,test
6.174194e-07,6.4963075e-07,0.99996257,4.466529e-07,5.4572047e-07,3.3487006e-05,1.1936785e-06,4.1586082e-07,73,test
0.0026716157,0.0022202525,0.020635271,0.0007944641,0.0027399575,0.97069,0.00023287705,1.5588641e-05,74,test
0.00031791918,0.99790454,0.001174768,0.00015215005,8.982595e-06,2.9236193e-05,0.00026823484,0.00014414142,75,test
6.62229e-06,0.00033984566,0.00013436061,4.492708e-05,4.4354927e-08,1.3670319e-05,2.1603417e-05,0.99943894,76,test
0.102778316,0.0016260161,0.8725357,0.00017246559,0.0009220732,0.020384718,0.0010126849,0.00056807796,77,test
0.9937372,0.0007841636,0.0023168284,0.00017420799,0.00014055833,0.0010878352,0.0016233998,0.00013580832,78,test
0.00025322303,0.9977381,0.0010660487,0.00023355578,2.7769247e-05,2.5174231e-05,0.00044714834,0.00020889397,79,test
5.665226e-05,1.26995765e-05,0.9960853,3.6824058e-05,5.8999154e-05,0.00355745,6.2317245e-05,0.00012972642,80,test
0.00030321532,0.0009597171,0.0015153148,0.002034883,0.99097353,0.0036808983,0.00030300082,0.00022942634,81,test
0.9915428,0.00023218904,0.0014495702,0.00046221178,9.458389e-05,0.00046863436,0.0054092063,0.0003408934,82,test
0.9875452,0.00068327115,0.0057189623,0.00012769806,0.00029967132,0.0006489596,0.0044059567,0.0005702833,83,test
0.9862909,0.00048067953,0.007684065,0.00010586867,0.00028924437,0.0011866366,0.0030907774,0.0008718757,84,test
0.0003470338,0.0011024532,0.0016312862,0.0013878878,0.9832254,0.011113166,0.00049206277,0.00070066494,85,test
0.972888,0.0021882956,0.014369709,0.0002692395,0.0010694249,0.004701852,0.004013304,0.0005002265,86,test
0.99371403,0.0003461463,0.00280185,9.7197946e-05,0.00028032236,0.0009504532,0.001561932,0.00024807182,87,test
7.2817485e-05,1.744578e-06,0.9998522,2.434992e-07,4.860678e-07,5.7094243e-05,1.0553041e-06,1.43351945e-05,88,test
0.99939144,5.234543e-06,0.00021782215,6.9494595e-06,9.017037e-07,2.1278765e-06,0.00014322488,0.00023215236,89,test
2.189052e-05,1.7918285e-06,0.9999542,1.6912551e-07,2.2907574e-07,1.751305e-05,1.2438114e-06,2.9121825e-06,90,test
4.360328e-05,1.6286353e-06,0.9998801,3.4286833e-07,4.9115545e-07,6.660598e-05,1.2936432e-06,5.862117e-06,91,test
5.999711e-05,7.705151e-06,0.99984944,3.591307e-07,5.6440007e-07,7.6164266e-05,1.022092e-06,4.6576956e-06,92,test
0.99947613,3.3837287e-06,0.00020177766,1.0350764e-05,7.2899087e-07,3.3067508e-06,0.00022209263,8.2250655e-05,93,test
0.9996686,1.4970564e-06,0.00018644232,4.328816e-06,4.295131e-07,2.2656222e-06,6.247019e-05,7.392445e-05,94,test
8.243929e-05,6.3706153e-07,0.99986243,4.233639e-07,1.8277515e-07,4.0140363e-05,3.6572465e-06,1.0077125e-05,95,test
3.167564e-06,4.0866985e-07,0.9996276,1.962813e-08,2.014521e-06,0.00036639936,4.1963407e-08,4.3433369e-07,96,test
0.00013671533,0.999084,0.00019427738,1.5054191e-05,3.3344365e-06,2.1822716e-05,0.00023721781,0.0003075582,97,test
0.0014723797,4.8898633e-05,0.004516441,8.117751e-06,0.00031702773,0.99360716,2.3866385e-05,6.10051e-06,98,test
0.99827564,2.729399e-05,0.0010056777,4.6092e-06,2.703765e-06,0.00022526135,0.00044469256,1.4005247e-05,99,test
0.9968706,2.8706034e-05,0.00056617905,4.3092616e-05,7.0274746e-06,0.0010310664,0.0014464377,6.887162e-06,100,test
2.7729682e-06,4.6597845e-07,0.9995728,2.3509601e-08,2.853751e-06,0.0004204852,3.776314e-08,5.753995e-07,101,test
1.6134925e-06,2.2834702e-07,0.9995844,6.774848e-09,1.233117e-06,0.0004121524,1.7449374e-08,3.5703596e-07,102,test
0.00021471943,0.00020290936,0.00046855898,6.31483e-05,0.00094456656,0.99790996,0.00015363772,4.2541888e-05,103,test
0.025029408,0.86747944,0.017520403,0.0108958315,0.0017990567,0.003923659,0.029511461,0.043840744,104,test
0.00043035118,0.0016350084,0.0017834839,0.00017053206,4.225465e-06,0.0007339832,0.0034504302,0.9917921,105,test
0.006395166,0.0020060046,0.0040515503,0.0013436655,0.9676187,0.015871473,0.0017045061,0.0010089276,106,test
2.1694736e-05,1.2471063e-05,0.9999099,2.4838444e-06,4.8393116e-07,1.8203129e-05,2.1074738e-05,1.3727987e-05,107,test
0.002720754,0.005724823,0.011723873,0.0017034903,2.1965905e-05,0.00069359806,0.011936866,0.9654746,108,test
0.0010478488,0.00015956088,0.0034126667,0.00026065228,0.00073395035,0.99308974,0.00088304275,0.00041245407,109,test
2.9662655e-05,1.3160979e-05,0.999861,6.4297355e-06,1.5428437e-06,4.004376e-05,1.589876e-05,3.226604e-05,110,test
0.9348809,0.0009422977,0.059209697,9.990934e-05,2.7248805e-05,0.00054304797,0.004043092,0.0002537441,111,test
0.9984309,1.5562404e-05,0.0011037639,5.9838214e-07,1.7469828e-06,5.6899724e-05,0.00030959115,8.087822e-05,112,test
4.816632e-06,1.1363566e-07,0.9999573,8.8939935e-08,4.8692993e-07,3.5264766e-05,8.6118126e-07,1.1322995e-06,113,test
1.5309153e-05,1.0638958e-06,0.99997365,3.760906e-07,2.845701e-07,5.5102178e-06,1.8461477e-06,1.9888137e-06,114,test
0.9981433,4.7270372e-05,0.0010480607,1.5968272e-06,3.888824e-06,3.4323482e-05,0.00047509294,0.00024645994,115,test
3.0651103e-05,7.230066e-07,0.07360595,8.482349e-06,5.7176785e-06,0.92614394,6.98095e-06,0.00019753721,116,test
0.9987004,4.0218074e-06,0.00079396646,7.075047e-07,9.882735e-07,4.8163824e-05,0.0004250974,2.6669866e-05,117,test
0.99899334,2.0023583e-05,0.00051981746,7.9420874e-07,8.9746743e-07,1.6206795e-05,0.0003418543,0.00010694037,118,test
0.9916747,1.347607e-05,0.0073921303,1.0381881e-06,1.9498004e-06,7.473476e-05,0.0005048259,0.0003371346,119,test
0.006298314,0.0046708244,0.013563415,0.0001957862,0.0023341696,0.5335735,0.008866339,0.43049765,120,test
2.6098429e-05,9.3041635e-06,0.99984753,2.372918e-06,7.275214e-06,9.1332025e-05,5.1640577e-06,1.0884081e-05,121,test
1.501094e-05,1.0522698e-05,0.99992764,1.0677081e-06,1.0577365e-06,3.7939033e-05,4.709306e-06,1.974042e-06,122,test
0.9994924,2.020569e-06,3.918184e-05,9.320335e-07,3.3759173e-07,3.669684e-06,0.00044705666,1.430337e-05,123,test
0.007653033,0.00490673,0.008275718,0.0017696314,0.9231593,0.047855023,0.0025883778,0.0037922778,124,test
0.9998362,2.3167e-07,1.1388422e-05,6.4222553e-07,8.630842e-08,2.2212075e-06,0.00014784528,1.3664653e-06,125,test
9.6187105e-06,1.0065894e-05,0.99987733,5.644174e-07,7.2835664e-06,8.93923e-05,1.4200729e-06,4.3083633e-06,126,test
0.99980086,2.7091187e-07,4.56675e-06,3.692897e-07,3.415969e-08,2.0516184e-06,0.00019061133,1.2391492e-06,127,test
2.9830503e-06,4.7111307e-06,0.99992895,7.8289963e-07,1.7633126e-06,5.9242353e-05,2.3293637e-07,1.266648e-06,128,test
5.4697534e-07,1.1743011e-06,0.99998593,3.907994e-07,1.1971589e-07,1.0901723e-05,4.882231e-07,3.9318633e-07,129,test
4.859823e-06,5.3419706e-07,0.99978834,1.4445168e-06,2.1468295e-06,0.0001975072,4.679928e-07,4.6631885e-06,130,test
5.6229605e-05,1.1441269e-07,0.9999074,1.9902292e-07,8.581783e-08,1.855209e-05,2.3227751e-06,1.5223394e-05,131,test
0.9997204,1.642025e-06,6.368581e-05,2.8588502e-06,4.6254178e-07,1.639001e-06,9.82935e-05,0.00011098457,132,test
4.8463803e-06,1.5230831e-06,0.9996697,2.5408224e-06,2.9289065e-06,0.00031456165,8.6313264e-07,3.1192592e-06,133,test
5.642822e-07,1.259888e-06,0.9999763,7.580725e-08,1.8115459e-07,2.1541628e-05,3.7979593e-08,1.2454693e-07,134,test
0.9330713,0.05725034,0.006602158,2.1865428e-05,5.558097e-06,2.6895834e-05,0.0007647288,0.0022570456,135,test
0.00013770621,1.7071847e-06,0.99979156,1.0087684e-06,8.671758e-08,4.204214e-05,1.1731311e-05,1.4228947e-05,136,test
5.2651812e-05,6.79377e-07,0.9999157,2.5723804e-07,1.895437e-08,6.5636596e-06,9.37319e-06,1.4623e-05,137,test
2.9920575e-05,2.5491543e-06,0.99995077,1.8824673e-07,5.8239916e-08,7.750359e-06,2.247654e-06,6.5807067e-06,138,test
4.3813136e-05,1.1366618e-05,0.99993217,9.938536e-08,5.7243266e-08,1.087077e-05,5.306696e-07,1.2006282e-06,139,test
2.6278618e-05,4.3587147e-06,0.9999379,8.602435e-07,2.984222e-07,2.3911694e-05,2.1039168e-06,4.2885167e-06,140,test
0.99943763,4.335082e-06,6.196932e-05,6.084814e-05,2.7699527e-06,4.965875e-06,0.00032716116,0.00010035846,141,test
4.5116947e-05,3.97277e-06,0.9998976,6.0314903e-07,4.3636692e-07,4.3597138e-05,4.057405e-06,4.6885953e-06,142,test
0.00010122173,5.429683e-07,0.9998267,2.0701393e-07,5.3310885e-08,6.0329847e-05,1.275689e-06,9.595282e-06,143,test
0.9979235,3.4513927e-05,0.00046963862,5.1358853e-05,2.1544292e-06,5.0370786e-06,0.0013366228,0.000177055,144,test
8.908193e-05,2.0625488e-05,0.99966764,1.4318824e-06,6.6481894e-06,0.00020362434,9.391155e-06,1.5450614e-06,145,test
5.860889e-07,0.9999895,3.8774906e-06,4.8097706e-07,2.6488298e-08,1.4634674e-08,3.930867e-06,1.5550137e-06,146,test
6.509313e-05,6.736085e-06,0.9996118,1.0812636e-06,3.0757774e-06,0.00030346197,3.8821368e-06,4.802947e-06,147,test
5.024889e-05,5.7266448e-06,0.99918145,2.2625861e-06,8.73673e-06,0.0007395882,4.7312974e-06,7.2276434e-06,148,test
0.9977869,4.751183e-05,0.0007012034,2.386549e-05,8.919805e-06,3.5051875e-05,0.0011564859,0.00024009113,149,test
0.9977442,0.00011978913,0.00086483447,2.6622307e-05,3.1778986e-06,8.152196e-06,0.0010165673,0.00021661613,150,test
0.9953733,0.00024699687,0.0033492937,1.1035606e-05,1.2405772e-05,6.8003734e-05,0.0006307857,0.0003080617,151,test
0.9999484,2.8393197e-06,2.0108626e-05,1.4727303e-06,2.0049225e-07,9.0686086e-07,2.1352327e-05,4.694086e-06,152,test
0.99925154,6.593887e-05,0.00047612257,1.1550937e-05,1.1091014e-05,3.3940803e-05,9.3082046e-05,5.672686e-05,153,test
1.7291912e-05,8.542283e-06,0.999944,2.400373e-07,8.0156707e-07,2.7829128e-05,1.0610819e-06,2.6285895e-07,154,test
8.581064e-05,4.43282e-06,0.9998355,1.212551e-06,1.1735603e-06,6.396518e-05,4.981677e-06,2.8135903e-06,155,test
1.4653959e-06,0.99994826,3.6491535e-06,4.298085e-06,1.7964913e-07,4.382648e-08,2.8727925e-05,1.3465227e-05,156,test
0.9999068,4.6373425e-06,3.0831456e-05,2.5880702e-06,6.8201956e-07,4.885154e-06,4.0193783e-05,9.391368e-06,157,test
0.98491734,1.3595908e-05,0.014961678,9.716024e-07,1.3373506e-06,4.6455345e-05,4.7398615e-05,1.1302469e-05,158,test
4.7127523e-05,6.659004e-06,0.99986815,6.5062096e-07,7.7168886e-07,7.5188575e-05,7.5072717e-07,6.714807e-07,159,test
0.00066101167,4.059116e-05,0.0015328254,6.3752435e-05,0.0006486211,0.9968637,0.00015984435,2.9667432e-05,160,test
0.0013378558,0.028115558,0.0008697648,0.0025728901,2.4374993e-05,0.00044882123,0.014980317,0.9516504,161,test
0.99957925,2.0186615e-05,0.00017752679,2.427892e-06,1.5065209e-06,8.922339e-06,0.00020503011,5.21942e-06,162,test
0.9993942,2.490017e-05,0.00016264505,6.2316058e-06,2.6786984e-06,1.4908042e-05,0.00038534927,9.175552e-06,163,test
0.0032635706,0.00030963687,0.99530584,8.2533574e-05,3.95233e-05,0.000617151,0.00031979778,6.202176e-05,164,test
0.00081172073,3.108089e-05,0.9981585,2.623073e-05,1.3536009e-05,0.0006759064,0.00023140051,5.15602e-05,165,test
0.0007402824,0.0010825753,0.0012613558,0.00058563304,0.990553,0.00506103,0.0005600674,0.00015606101,166,test
1.9224584e-05,0.00036183608,6.0108785e-05,4.715896e-05,1.02191684e-07,7.0477305e-05,0.0006277436,0.9988134,167,test
6.440263e-05,8.755805e-06,0.9995826,3.9539377e-06,3.1207903e-06,0.00031624263,1.0313829e-05,1.0522197e-05,168,test
6.092427e-05,1.8919105e-05,0.99984956,8.138274e-07,7.025031e-07,5.8601472e-05,7.4777536e-06,2.987502e-06,169,test
0.05015001,0.00080602703,0.0057872506,0.0038847888,0.0004761473,0.0011498159,0.93428534,0.0034605055,170,test
8.666015e-05,1.8478691e-05,0.9993032,4.9289556e-06,8.623239e-06,0.00053759856,1.8659961e-05,2.179676e-05,171,test
0.00017327548,2.2538525e-05,0.9995733,3.284862e-06,1.6806065e-06,0.00020410493,1.2006866e-05,9.812092e-06,172,test
0.99800164,1.8217908e-05,0.00038385877,4.002127e-06,1.6365044e-06,2.2922817e-05,0.0014650177,0.00010262679,173,test
0.99642146,1.9323306e-05,0.00077583984,3.8179287e-06,8.067464e-07,2.2397457e-05,0.002660944,9.539963e-05,174,test
6.595841e-05,1.3863433e-05,0.99969256,3.938182e-06,5.2179953e-06,0.00016771932,2.7620286e-05,2.3191567e-05,175,test
4.3380413e-05,1.7709378e-06,0.9995901,4.08041e-06,1.5956059e-06,0.00033474233,9.988014e-06,1.4342853e-05,176,test
3.1986938e-06,6.744906e-08,6.059115e-05,2.8730207e-07,7.362274e-05,0.9998599,1.9050539e-06,2.5132934e-07,177,test
0.99977,1.5443695e-06,3.0753097e-05,5.584333e-07,1.7139199e-07,1.8162286e-06,0.00016797755,2.7278806e-05,178,test
1.1838632e-05,9.0507456e-07,0.99965143,8.4478563e-07,7.926141e-07,0.00033103602,9.0579994e-07,2.2130546e-06,179,test
0.9991141,4.5140596e-06,0.00025436934,4.5182304e-07,6.592822e-07,5.7873185e-06,0.0005299974,8.9978035e-05,180,test
2.665613e-09,2.7654266e-06,2.9188284e-08,1.6539727e-07,4.450614e-12,1.7877231e-07,6.07889e-06,0.9999908,181,test
0.00010438599,4.111046e-06,0.9992483,2.1989083e-05,7.0386627e-06,0.0005211133,5.4373642e-05,3.8794104e-05,182,test
4.9518287e-05,5.7391153e-06,0.99927,1.9553143e-05,1.37799925e-05,0.0005907472,1.63272e-05,3.4381726e-05,183,test
0.99945647,5.2881724e-06,0.0002424695,2.5363952e-06,3.1914444e-06,6.056415e-05,0.00017937824,5.008138e-05,184,test
0.00017757327,6.0400903e-06,0.99893266,1.5380558e-06,9.678732e-06,0.00086687313,3.024004e-06,2.6639773e-06,185,test
0.99884146,3.21329e-05,0.0004569256,6.9411526e-06,1.8635692e-05,0.000106637555,0.00042068152,0.000116657284,186,test
3.5051988e-05,1.6764076e-06,0.9998286,8.567533e-08,1.0194967e-06,0.00013201752,5.700894e-07,9.3396494e-07,187,test
8.189043e-06,2.2789054e-05,2.9090163e-05,1.21276935e-05,0.99805427,0.0018614845,7.4119052e-06,4.5971387e-06,188,test
0.00011840491,1.7326862e-05,0.9948848,4.01712e-06,0.00062608306,0.0043333257,1.864066e-06,1.4144242e-05,189,test
0.00010190617,1.2319932e-05,0.9990388,6.593432e-07,8.601512e-06,0.00083330396,3.2458e-06,1.2353197e-06,190,test
0.9961636,4.8516038e-05,0.0033701304,3.3063125e-06,1.8562367e-05,6.4446154e-05,0.00030743808,2.4128387e-05,191,test
0.9948377,0.0005830306,0.0018337311,0.00017000368,0.000117620955,0.00058499136,0.001770888,0.000101905025,192,test
8.275966e-06,3.3731034e-05,2.9626804e-05,3.824925e-07,0.00045559008,0.99945575,1.1027913e-05,5.577882e-06,193,test
9.574077e-05,0.00083419593,0.0011495145,8.653013e-05,2.0073592e-06,0.0012240323,0.0006777164,0.99593025,194,test
8.606246e-05,0.00011962088,0.999329,1.3260316e-05,4.386018e-05,0.00037479497,2.938338e-05,4.013645e-06,195,test
0.00018475602,0.0003317939,0.998968,4.0506668e-05,5.999449e-05,0.00035930463,4.9532406e-05,6.1413143e-06,196,test
0.00029869383,0.0021175726,0.002160016,5.9805236e-05,0.93253756,0.061998677,0.00044482618,0.00038281042,197,test
0.9947076,0.0006503167,0.0024125841,0.00022582606,8.161977e-05,0.000285112,0.0014999345,0.0001370444,198,test
0.00044419253,0.00033906222,0.99764913,0.00012106787,0.00021957584,0.0009841871,0.00017778606,6.5017324e-05,199,test
3.5972423e-06,5.950216e-07,0.99996483,1.8333778e-06,1.3091644e-06,1.6288037e-05,7.497203e-06,4.1068633e-06,200,test
4.427882e-06,1.4490032e-06,0.9999826,3.109126e-08,2.6072334e-08,1.0692399e-05,4.8163656e-07,3.8267078e-07,201,test
8.3571047e-07,1.9252398e-07,0.9999914,1.6920142e-08,1.6422696e-08,6.6905727e-06,2.519754e-07,6.1466704e-07,202,test
1.8461013e-06,2.0773693e-07,0.9999256,4.7358435e-07,1.5371323e-07,6.3840394e-05,1.3559785e-06,6.5130926e-06,203,test
1.0823801e-06,2.252296e-07,0.9999896,3.369693e-08,1.9554024e-08,8.475836e-06,2.3543427e-07,3.3057796e-07,204,test
0.9998801,7.906243e-06,2.5869464e-05,6.7522637e-06,3.5049348e-07,1.6372754e-06,4.9655988e-05,2.77347e-05,205,test
2.8394246e-07,1.154899e-07,0.9999944,1.8563075e-08,1.2652182e-08,4.9065893e-06,3.5103252e-08,2.8904253e-07,206,test
1.28127995e-05,4.1974367e-06,0.9997943,1.6632792e-06,2.883522e-06,0.00016415374,1.0212089e-05,9.696406e-06,207,test
5.6803023e-05,2.604053e-06,0.99924004,1.7681917e-06,5.1997263e-06,0.0006747639,4.1244148e-06,1.4613844e-05,208,test
0.9994168,1.3143105e-05,0.00014862946,1.3193754e-05,1.680858e-06,2.306755e-05,0.00035696253,2.6496838e-05,209,test
0.010716869,3.3742614e-05,0.9863987,4.071983e-06,6.1045907e-06,0.0025263883,0.00014377016,0.00017028346,210,test
0.9986939,2.0031637e-05,0.0010185359,3.0114024e-06,2.340452e-06,3.6579975e-05,0.00015746143,6.8090056e-05,211,test
3.7711012e-05,2.1556243e-06,0.9992878,8.475192e-07,5.7417187e-06,0.00065157143,1.7622763e-06,1.2356189e-05,212,test
0.99895006,4.635516e-05,0.0004581408,1.9125353e-05,8.0198515e-06,3.394982e-05,0.00040456586,7.9770776e-05,213,test
6.3919397e-06,6.8702127e-07,5.2859432e-05,5.339797e-07,1.4434354e-05,0.999923,7.927992e-07,1.3000721e-06,214,test
3.7883576e-05,2.613336e-06,0.99945873,8.554751e-07,8.624153e-06,0.00047980374,3.4455663e-06,8.063273e-06,215,test
0.00012382788,2.966769e-05,0.9997142,4.3448094e-06,4.285362e-06,9.193231e-05,2.0559755e-05,1.1073306e-05,216,test
7.596793e-07,0.9999654,9.811893e-07,3.5115224e-06,3.0611396e-08,1.2807796e-07,2.0216574e-05,9.027117e-06,217,test
0.9997608,1.9079493e-05,8.0758495e-05,1.0343803e-05,1.1992631e-06,2.0087748e-06,7.59647e-05,4.9902796e-05,218,test
0.0002533225,2.878647e-05,0.99948835,2.6278342e-06,1.2803567e-05,0.00018105454,1.6119711e-05,1.6853935e-05,219,test
0.0006345926,3.603438e-05,0.9990183,1.6714737e-05,2.3251438e-05,0.00017827692,6.574316e-05,2.706294e-05,220,test
0.99974555,1.5203535e-05,9.17726e-05,2.2536564e-05,3.1683157e-06,4.6455007e-06,7.946514e-05,3.7533526e-05,221,test
0.00017428843,2.6864689e-05,0.99960667,9.836685e-06,1.1657369e-05,0.00012320184,2.4748275e-05,2.279907e-05,222,test
0.0001871629,2.3198969e-05,0.9996331,3.656547e-06,4.0947716e-06,0.00011292885,2.4362631e-05,1.1598572e-05,223,test
1.35130895e-05,0.00032846112,4.6948382e-05,0.00016985726,0.99674124,0.0024079215,0.00028749416,4.4920193e-06,224,test
0.9998779,2.1295987e-06,2.5035619e-05,2.739665e-07,1.5252467e-06,7.311025e-06,7.877946e-05,6.946096e-06,225,test
0.00035915917,2.764817e-05,0.99930084,1.2912262e-05,7.805482e-06,0.00012939092,0.00014963788,1.2653644e-05,226,test
0.00016467102,1.4428503e-05,0.9996093,7.824446e-06,1.2371674e-05,0.00011184761,7.1998045e-05,7.574114e-06,227,test
2.8663864e-05,7.6845026e-07,3.494897e-05,1.0422999e-05,7.4566964e-07,1.8296327e-06,0.99989974,2.2830738e-05,228,test
0.00011651877,2.6202688e-05,0.9996259,8.911699e-06,2.3711087e-05,0.00013292592,5.115259e-05,1.46130615e-05,229,test
0.000629907,3.372847e-05,0.99850523,6.852648e-06,6.729225e-06,0.00029844503,0.00047735538,4.1920754e-05,230,test
3.5247922e-05,1.3753863e-05,0.9998828,1.4864743e-06,2.2406487e-06,4.3274635e-05,2.0425821e-05,7.004486e-07,231,test
0.9971253,0.0002779453,0.0018921517,1.9025894e-05,2.7045739e-05,4.5175748e-05,0.00015542818,0.00045779962,232,test
0.9784645,7.9414574e-05,0.019850314,2.385559e-05,0.00016158696,0.0011455505,0.00010247228,0.00017234865,233,test
0.00010070147,0.00027598196,0.00047411514,0.0002904688,0.99160403,0.0070699225,5.252886e-05,0.00013225275,234,test
0.99660265,0.000102555474,0.0021242392,3.0357147e-05,9.601671e-05,0.00039151957,0.00033923594,0.00031339086,235,test
0.9990584,2.544288e-05,0.00030306328,6.204282e-05,3.0581985e-05,9.56014e-05,0.00028433962,0.00014052092,236,test
0.0001156472,1.810314e-05,0.99883896,1.4406705e-05,3.0514937e-05,0.0009363142,2.2418506e-05,2.3664868e-05,237,test
2.032942e-05,2.1211113e-06,0.9989397,1.5009981e-06,1.4307627e-05,0.0010118561,1.2648123e-06,8.860573e-06,238,test
1.7418273e-05,1.0719667e-06,0.9991315,6.68764e-07,6.7383917e-06,0.0008356578,6.9352564e-07,6.2300273e-06,239,test
0.99488777,0.00014507744,0.0021141232,9.520538e-05,6.58316e-05,0.0002709083,0.001803772,0.00061725103,240,test
0.017207567,0.0054408708,0.6398544,0.18199919,0.01875595,0.021829715,0.054765932,0.06014646,241,test
0.9963085,0.00012997695,0.0013603176,0.00021633375,4.3084015e-05,9.341385e-05,0.0014875046,0.00036073424,242,test
0.0009379788,0.0010742188,0.002066084,0.010630128,0.9812471,0.0030862647,0.0004028691,0.00055530865,243,test
0.018178502,0.9502484,0.019102912,0.0026130858,0.0008272736,0.0012916224,0.0037928065,0.003945347,244,test
0.9969145,0.00014167686,0.00075096526,0.00012697095,2.761407e-05,0.00010270876,0.0014924675,0.00044311385,245,test
0.9958584,0.00022710797,0.0015408372,0.00019293916,6.544365e-05,0.00016808596,0.0012498142,0.0006974664,246,test
4.607923e-06,1.0093922e-06,0.99996734,1.1408019e-06,6.8218924e-08,1.5408585e-05,4.5575284e-06,5.9402955e-06,247,test
1.2383221e-05,0.99983823,4.432771e-05,1.1018296e-05,1.2838603e-06,3.943291e-07,6.82727e-05,2.41959e-05,248,test
0.9998186,3.7461385e-05,9.368164e-05,4.294909e-06,8.1287993e-07,1.5071238e-05,2.7820093e-05,2.266736e-06,249,test
0.9997882,3.9359704e-05,0.00010974316,2.3989821e-06,2.1701414e-06,4.567569e-05,1.005334e-05,2.3882192e-06,250,test
0.9999075,6.7253472e-06,3.287598e-05,7.413328e-06,1.219625e-06,3.310373e-05,9.489417e-06,1.7028067e-06,251,test
2.6167016e-05,1.01196765e-05,0.99976176,2.6305526e-07,4.2154684e-06,0.00019714423,6.124749e-08,1.4825434e-07,252,test
5.838383e-05,9.698509e-06,0.99983656,8.6546294e-07,2.5286633e-06,9.013528e-05,8.389562e-07,9.442116e-07,253,test
4.074695e-05,5.3944423e-06,0.9997882,6.85074e-07,3.3795598e-06,0.00016028211,5.492783e-07,7.434719e-07,254,test
0.00013208584,1.1644595e-05,0.99977475,2.349021e-06,9.937602e-07,6.892464e-05,4.045629e-06,5.1514835e-06,255,test
6.485316e-05,3.1700907e-05,0.9995003,1.6399306e-05,9.299442e-06,0.00012418842,0.0002234183,2.9914685e-05,256,test
0.9999167,2.9865136e-05,1.7232176e-05,5.9574223e-08,2.5570472e-07,2.145742e-06,3.0445577e-05,3.362472e-06,257,test
5.11202e-05,2.4050141e-05,0.9995839,3.1965515e-06,2.3190005e-06,4.6207395e-05,0.00027245248,1.6858568e-05,258,test
0.0002652972,0.00041011418,0.007824756,6.4674365e-05,7.993415e-06,0.00015275108,0.9911684,0.000105947016,259,test
0.00016518313,0.00012628063,0.99909747,1.9972782e-05,1.4464944e-05,0.00011088612,0.0004121465,5.368165e-05,260,test
0.0034045368,0.00035587687,0.00097155914,0.0025142916,1.9996362e-06,0.008267881,0.06486129,0.9196226,261,test
0.000991637,7.0353235e-05,0.0031113962,0.00013645423,3.075971e-05,0.00018411913,0.99477464,0.0007006456,262,test
0.0005232936,0.0011250665,0.0003631889,0.0011030049,0.9927826,0.0035035624,0.00034042954,0.00025878835,263,test
6.436142e-05,2.3122584e-05,0.999876,1.5486711e-07,1.7209123e-07,3.450977e-05,5.6562743e-07,1.05847e-06,264,test
0.00048524988,3.3732278e-05,0.99929535,7.7333e-06,2.414491e-06,0.00012856635,1.778648e-05,2.9112061e-05,265,test
4.384418e-05,2.8529377e-05,0.9998765,2.2501389e-07,7.674547e-07,4.9784834e-05,1.3893623e-07,2.54399e-07,266,test
0.00015690814,2.5387912e-05,0.99971336,1.2690203e-06,1.415017e-06,9.5340096e-05,7.1868675e-07,5.6586805e-06,267,test
0.0014121843,0.9911301,0.0004882476,0.00018026585,1.0950713e-05,8.453114e-05,0.004287398,0.0024064553,268,test
0.99997175,1.916076e-06,9.4245706e-07,1.4384452e-06,6.129179e-08,9.5804246e-08,2.0152176e-05,3.597449e-06,269,test
0.9999236,2.5083807e-06,1.1054103e-06,1.0601666e-05,3.3226442e-07,4.9457424e-07,5.6403136e-05,5.0466347e-06,270,test
0.00015942659,2.3980823e-05,0.9988906,8.103901e-07,5.3211365e-06,0.00091539737,3.6154217e-06,8.929368e-07,271,test
6.458678e-05,3.350208e-08,0.9998933,4.7681127e-08,6.699151e-09,3.35175e-05,3.4041802e-06,5.0126664e-06,272,test
0.00018257703,4.217832e-06,0.00019432075,1.2066011e-05,3.748569e-07,1.3680636e-06,0.99959666,8.493168e-06,273,test
0.9999927,2.5241365e-09,1.4154527e-06,1.1358096e-09,4.190435e-11,7.650351e-09,5.5369246e-06,4.0257234e-07,274,test
0.9999858,7.4062156e-09,5.6881995e-06,2.9909097e-09,2.8109898e-10,4.7863868e-08,7.5978646e-06,8.699426e-07,275,test
0.999843,4.044589e-08,0.00015019186,5.158944e-10,1.4126685e-09,9.433828e-08,4.9354476e-06,1.6935793e-06,276,test
6.5911963e-06,1.23828485e-08,0.9999747,8.459828e-09,3.0757923e-09,1.8563958e-05,2.0035275e-08,7.426054e-08,277,test
9.927688e-06,1.5389498e-08,0.99990237,1.3053183e-07,1.7242193e-08,8.6187916e-05,1.366551e-07,1.2668984e-06,278,test
0.9991346,4.968954e-06,0.000636139,2.5357053e-07,3.3548423e-07,4.6107557e-06,8.0394566e-05,0.00013872997,279,test
0.0001726189,1.9138673e-05,0.99961346,3.4375357e-06,6.5097797e-06,0.00016750113,1.2550981e-05,4.919265e-06,280,test
0.0001970456,1.2492074e-05,0.9996439,1.6349182e-06,5.26021e-06,0.00013129348,4.2559855e-06,3.977069e-06,281,test
0.00015075102,8.83228e-06,0.99969494,3.6712536e-06,3.5989992e-06,0.00012282567,1.0747168e-05,4.747517e-06,282,test
0.99915934,4.1417054e-05,0.0003391038,1.0294744e-05,1.913143e-06,9.13157e-06,0.00038032662,5.8530586e-05,283,test
3.3762929e-06,0.99993396,1.2705798e-05,3.490831e-06,8.227917e-08,4.1398692e-08,3.9187187e-05,7.2618113e-06,284,test
0.00025135957,3.3274544e-05,0.9993656,4.7321105e-06,3.3006752e-05,0.00029546669,9.296363e-06,7.190849e-06,285,test
0.99905795,7.004577e-05,0.00038082228,1.2110276e-05,4.07002e-06,1.2496926e-05,0.0003790228,8.3486106e-05,286,test
0.99914706,4.7625443e-05,0.00032696192,1.8050947e-05,2.696943e-06,3.2224755e-06,0.00038980323,6.450559e-05,287,test
0.99840754,5.752524e-05,0.001278176,2.3635084e-06,4.066963e-06,0.000121662175,0.00011342887,1.5323185e-05,288,test
0.998458,5.5914326e-05,0.001166248,7.501021e-06,5.268123e-06,7.878186e-05,0.00020088872,2.741476e-05,289,test
3.942609e-06,2.2735192e-07,0.00014379776,9.779375e-08,4.838751e-06,0.999846,2.7729308e-07,8.345982e-07,290,test
0.00011975858,2.309291e-05,0.0012647272,5.684562e-06,6.334615e-05,0.99849856,8.314264e-06,1.6547367e-05,291,test
3.9632076e-05,6.747332e-06,0.99922025,9.89705e-07,3.7473667e-06,0.00072371366,1.372482e-06,3.5490727e-06,292,test
0.0013789568,2.4821718e-05,0.99679095,3.263695e-06,3.408613e-06,0.0017320862,2.3115677e-05,4.333371e-05,293,test
8.393476e-05,1.3342957e-05,0.9983026,2.56261e-06,2.2187389e-05,0.0015701137,1.6411512e-06,3.5955395e-06,294,test
0.0003040977,2.256536e-05,0.99606735,5.1084967e-06,1.6395135e-05,0.0035559318,1.7017184e-05,1.16141455e-05,295,test
0.033199526,0.0015712405,0.01305651,0.021691047,0.00044663617,0.21486582,0.49356928,0.22159989,296,test
0.0011511542,0.9960908,0.0004208392,0.00044407812,6.1741004e-05,0.0005794732,0.00045306224,0.0007987942,297,test
0.00035019327,0.00010155511,0.99837637,9.212326e-05,4.748951e-05,0.00080059114,0.00012714672,0.0001045617,298,test
6.1519066e-05,0.00063078123,0.00011084717,0.000996122,2.2873962e-06,0.0026424904,0.0028176485,0.9927383,299,test
0.00017971448,7.202499e-05,0.99868435,6.339221e-05,6.680441e-05,0.00073559786,0.000110234025,8.785882e-05,300,test
0.0004934667,0.00014806168,0.9974179,0.00014356217,7.5644144e-05,0.0013267336,0.00018882878,0.0002058607,301,test
0.009107943,0.00050123647,0.9802627,0.00042698288,8.649814e-05,0.0014706837,0.0073915683,0.0007523188,302,test
0.0034594687,0.00086693256,0.0007145815,0.0010181422,0.9876788,0.0054408633,0.00035472674,0.0004665306,303,test
6.6718814e-05,2.2585573e-05,0.99978644,7.406654e-07,9.475097e-07,0.000103768165,6.0630996e-06,1.2716081e-05,304,test
0.00024542646,4.679055e-05,0.9989641,9.500693e-06,1.2990044e-05,0.0006868775,1.00345305e-05,2.4284225e-05,305,test
0.00018268016,3.465753e-05,0.999186,1.207809e-05,1.23760265e-05,0.00051087764,2.7131447e-05,3.4116405e-05,306,test
0.00014624477,1.601375e-05,0.9996081,1.7580696e-06,2.0306068e-06,0.00019799243,8.306058e-06,1.9610785e-05,307,test
0.99949205,2.2311104e-05,0.00021729713,8.425001e-06,1.8646381e-06,6.409159e-06,0.00014279386,0.000108764936,308,test
8.530474e-05,4.32034e-06,0.00043489237,4.539009e-06,0.00016617397,0.9992786,2.0219668e-05,5.968885e-06,309,test
0.0012094708,6.591402e-05,0.99799997,5.9615772e-06,2.6470993e-06,0.0004801816,8.830312e-05,0.00014764823,310,test
0.00040245565,1.1887113e-05,0.9991333,2.7108174e-06,1.6387509e-06,3.3864624e-05,7.796797e-05,0.00033607899,311,test
0.0003081967,3.6834164e-05,0.0002823895,0.9968785,0.0007883397,0.0004040647,0.0010420965,0.00025950687,312,test
0.00083264,7.7971445e-06,0.0005215345,0.0031341182,3.5454075e-05,7.931676e-05,0.99478674,0.0006023898,313,test
5.440157e-05,1.16130805e-05,0.9986333,0.00023256415,4.462626e-05,0.00097028515,3.6281726e-05,1.684146e-05,314,test
9.030789e-05,8.414864e-06,0.998716,0.00025096702,3.339194e-05,0.000828459,5.645662e-05,1.602597e-05,315,test
0.99762493,7.589659e-05,0.0009502491,1.6299216e-05,2.9825998e-05,3.8435937e-05,0.0010055802,0.00025869365,316,test
0.00015815666,1.3985985e-05,0.9990031,0.00019077027,2.965227e-05,0.00052189216,6.438064e-05,1.8004026e-05,317,test
0.9980508,7.915738e-05,0.00036675585,4.2208572e-05,2.6188733e-05,8.257781e-05,0.0011076621,0.00024477267,318,test
5.701666e-05,5.650062e-06,0.99942905,7.857696e-05,5.6979015e-06,0.00035449717,4.837303e-05,2.1147896e-05,319,test
2.8766957e-05,7.854285e-06,0.99980396,1.8360649e-07,4.10331e-06,0.00015224033,1.7058209e-06,1.2776164e-06,320,test
0.9966696,4.6869987e-05,0.0030058261,3.0193635e-06,3.766113e-05,7.171549e-05,0.000116769756,4.850278e-05,321,test
4.8292684e-05,4.2716633e-06,0.9997464,2.389485e-07,1.9125828e-06,0.00019032015,5.7044635e-06,2.9229532e-06,322,test
0.99833566,5.8255002e-05,0.0013217431,5.4101893e-06,1.603162e-05,5.1466122e-05,0.00017188078,3.955588e-05,323,test
2.6239832e-05,4.6412047e-06,0.99985504,1.7347189e-07,1.1170869e-06,0.00010807567,3.7096152e-06,9.373528e-07,324,test
0.00013866375,0.00036567365,0.0029007324,0.00037422133,0.9943943,0.0015990708,8.803629e-05,0.0001392868,325,test
0.00013771774,0.0002158293,0.0011316064,6.9285365e-05,0.94826764,0.049950086,8.251028e-05,0.00014543992,326,test
0.9987759,3.542452e-05,0.00062329974,1.7757748e-05,1.9381052e-05,2.5495914e-05,0.00042569687,7.7113276e-05,327,test
3.925025e-05,1.2538339e-05,0.9991258,8.172341e-06,3.440638e-05,0.00072878617,3.2971777e-05,1.8116543e-05,328,test
0.006338951,0.001708337,0.003570698,0.006927345,0.8692749,0.108984336,0.002130136,0.0010652128,329,test
0.00019379456,8.74351e-06,0.9970583,3.5540896e-05,0.00010629502,0.002019869,0.00043003628,0.00014744462,330,test
0.00017700723,1.25685865e-05,0.9989261,3.5580506e-06,6.438753e-05,0.0007765564,1.5092577e-05,2.4644547e-05,331,test
0.0012277347,1.6377462e-05,0.99746954,1.21982e-05,1.5278174e-05,0.0006760183,0.00051683205,6.6020504e-05,332,test
0.00016197823,1.6827506e-05,0.9988084,4.40452e-06,2.7977576e-05,0.0009414639,2.6865746e-05,1.2088917e-05,333,test
0.00037719822,2.7225968e-05,0.9986608,1.5683472e-06,1.1013922e-05,0.00090410665,1.0841604e-05,7.2743164e-06,334,test
0.00023261165,1.536151e-05,0.9982108,5.9450012e-06,3.2017997e-05,0.0014027804,6.70901e-05,3.337133e-05,335,test
0.00011902858,8.139969e-06,0.99986947,8.072442e-08,7.517343e-08,2.1421586e-06,8.4852945e-07,1.9615689e-07,336,test
8.6833015e-06,0.9998067,9.479629e-05,9.617282e-07,1.9232088e-07,7.6001555e-08,8.5109714e-05,3.4993022e-06,337,test
3.6014724e-05,4.840871e-06,0.9998568,6.711587e-07,4.2179004e-06,9.6639764e-05,3.212335e-07,3.8926865e-07,338,test
1.8674069e-05,4.645237e-06,0.99996436,2.8677636e-07,8.47666e-07,1.0541647e-05,5.2634994e-07,1.3009006e-07,339,test
0.9992754,5.467744e-05,0.0005384122,2.2996385e-06,1.7480703e-06,3.4822944e-05,9.003196e-05,2.5548702e-06,340,test
0.99978274,5.7476453e-05,0.00010264212,1.7723268e-06,2.1911756e-06,2.3521909e-05,2.7226859e-05,2.4620217e-06,341,test
0.9802884,0.0003321582,0.019032875,2.924142e-06,2.3321822e-05,0.0002036084,0.00011001891,6.6425932e-06,342,test
1.2301775e-05,1.922863e-06,0.99991906,4.1553076e-07,5.7605107e-06,6.0068505e-05,1.792096e-07,1.5675947e-07,343,test
0.00018880986,0.00018701013,0.00013767066,0.0010302191,0.996296,0.0017540001,0.0002310348,0.00017529081,344,test
0.9998734,1.5184626e-05,7.1357645e-06,1.2073367e-07,5.5565465e-07,6.891592e-07,0.00010049006,2.3580947e-06,345,test
0.0001000723,2.4011328e-05,0.99919444,5.3477e-05,9.379426e-06,9.7760654e-05,0.00051159185,9.2036535e-06,346,test
2.9440695e-05,0.00020644904,7.0465576e-05,3.1644136e-05,6.5299055e-08,2.9506045e-05,0.0002267866,0.9994055,347,test
9.2471586e-05,2.1751372e-05,0.9993197,6.124322e-05,3.6020147e-06,8.548824e-05,0.000398006,1.7846178e-05,348,test
0.17353277,0.08946727,0.03863621,0.10472923,0.032060426,0.02035217,0.5017821,0.039439775,349,test
0.00016006724,9.2323186e-05,0.9994654,1.9281657e-05,1.0578926e-05,7.492591e-05,0.00016060304,1.684426e-05,350,test
0.00016973713,4.4081982e-05,0.9987072,0.00018902004,2.7087506e-05,0.00029795448,0.00051825045,4.6756304e-05,351,test
0.19150814,0.0037867744,0.04237445,0.19170041,0.022484932,0.2875227,0.25740477,0.0032177805,352,test
0.99995816,4.1490705e-07,4.6633177e-06,1.2545183e-07,2.28126e-08,2.8291342e-07,3.3654815e-05,2.752352e-06,353,test
0.9747284,3.8049555e-05,0.024396311,4.055075e-06,1.8709545e-06,0.00015915622,0.0006360756,3.6145728e-05,354,test
6.3210296e-06,2.3646041e-06,0.99995875,1.0207114e-06,1.97129e-07,3.063028e-05,4.297984e-07,2.1833574e-07,355,test
0.999925,2.7848986e-07,3.5603116e-06,1.6818852e-07,1.0929638e-08,3.7414523e-07,6.892053e-05,1.7062422e-06,356,test
0.0005519775,5.1172574e-05,8.854139e-05,6.686445e-07,6.2026793e-09,8.186015e-05,8.323621e-05,0.9991424,357,test
5.351771e-05,3.3884899e-06,0.9998197,1.992108e-06,5.6075106e-07,0.00011796729,1.0929049e-06,1.8420599e-06,358,test
0.046322163,0.01203588,0.86814517,0.0021649343,0.0019877355,0.060802754,0.0017224135,0.0068190084,359,test
0.99866176,1.8221006e-05,0.00011926011,0.00011228597,4.7670887e-06,8.845411e-06,0.00092410186,0.00015071894,360,test
0.9997496,5.1326997e-06,0.00010706136,1.1934994e-06,2.9559274e-07,1.564976e-06,0.000111603316,2.359466e-05,361,test
2.4708334e-05,3.7755555e-07,0.999647,2.9851128e-07,5.5079374e-07,0.00031480993,3.309684e-07,1.18559565e-05,362,test
0.00024254002,6.5312014e-07,0.99961275,2.652534e-07,2.7515836e-07,0.000111157024,1.3367927e-06,3.103645e-05,363,test
1.930503e-05,3.0158384e-07,0.99987936,1.9551517e-06,3.902085e-07,8.536539e-05,5.966029e-06,7.4030518e-06,364,test
5.678564e-05,1.1182315e-06,0.9997205,5.1771926e-06,7.9848905e-07,0.00019848092,5.033225e-06,1.2124503e-05,365,test
1.648557e-05,1.9720947e-06,0.999759,2.244488e-06,2.9530374e-06,0.0002075559,9.970822e-07,8.8412835e-06,366,test
0.99892044,1.1164467e-05,0.0005409612,1.0378825e-05,1.7984235e-06,2.5278807e-05,0.00040636776,8.3745086e-05,367,test
2.0296365e-07,8.497687e-05,9.191206e-07,1.2062988e-07,9.718861e-11,1.2050681e-06,9.3080934e-07,0.99991167,368,test
3.9986253e-06,2.9359194e-07,0.99977094,2.4826441e-08,5.8679234e-07,0.00022358562,3.815746e-07,3.0252124e-07,369,test
4.2324355e-05,1.3420911e-06,0.9995382,3.4405682e-07,1.948884e-06,0.0004102137,2.0686193e-06,3.6220017e-06,370,test
1.5910708e-05,7.671917e-07,0.99968064,1.6416848e-07,1.1171242e-06,0.00029940848,5.6127925e-07,1.4230047e-06,371,test
2.0384401e-05,1.462563e-06,0.9997584,2.2446162e-07,9.640188e-07,0.00021583227,6.768549e-07,2.0070083e-06,372,test
0.22219612,0.032115124,0.1847607,0.009966254,0.21135914,0.3167756,0.0112471245,0.011579934,373,test
0.99991965,1.6219402e-06,3.7486578e-05,3.2916816e-07,4.2887388e-07,2.3601464e-05,1.4893222e-05,1.951536e-06,374,test
0.99786204,5.9504702e-05,0.0015178925,6.769005e-06,1.08639815e-05,0.00025140372,0.0002581089,3.349531e-05,375,test
8.953204e-06,1.777172e-06,0.9999608,4.6956865e-07,6.390014e-07,2.5600639e-05,3.8392864e-07,1.4598278e-06,376,test
9.802039e-06,1.9494491e-06,0.9999502,2.485915e-07,3.1515572e-07,3.6033303e-05,3.081927e-07,1.0987865e-06,377,test
0.9995778,6.3393786e-06,0.0002062455,5.7155244e-06,4.0717202e-07,3.2898397e-06,0.00014377235,5.653779e-05,378,test
0.99802786,1.3591588e-05,0.0017053706,8.480792e-06,8.995052e-07,4.152279e-06,0.00015408378,8.5498315e-05,379,test
4.1424824e-05,3.0310807e-07,0.99994063,1.49808e-07,2.6771124e-08,1.3986206e-05,8.36585e-07,2.6348516e-06,380,test
2.6898762e-05,3.8698806e-07,0.99993086,2.3405018e-07,1.5244105e-07,3.5032783e-05,8.381436e-07,5.572253e-06,381,test
7.671531e-05,5.2723317e-06,0.9998944,1.026481e-06,5.52936e-07,1.1818077e-05,3.166597e-06,7.023862e-06,382,test
1.3756914e-05,5.8921984e-07,0.9998253,2.0211404e-07,4.1457784e-07,0.00015819538,2.842523e-07,1.2875074e-06,383,test
0.99556005,5.9397957e-05,0.0011267571,0.00020478804,2.114295e-05,0.00018148424,0.002826629,1.9747884e-05,384,test
0.9984112,2.3720902e-05,0.0003363475,6.2553016e-05,4.762535e-06,6.159744e-05,0.0010789032,2.0894946e-05,385,test
0.9934736,7.070405e-05,0.0033611308,0.00013815223,1.3196193e-05,0.0006774428,0.0022396652,2.612672e-05,386,test
0.028530238,0.030828346,0.021729006,0.015266659,0.0032606723,0.07301811,0.055924535,0.77144235,387,test
0.00021338036,0.0076942053,0.013047663,3.2710894e-05,1.494212e-06,0.016350929,0.0032588453,0.9594008,388,test
4.1910832e-07,6.1606113e-07,0.99998605,9.62123e-07,8.3759254e-08,4.4813564e-06,7.1745035e-06,2.6896706e-07,389,test
0.9985006,1.9785142e-05,0.00015089738,0.000107662796,5.071195e-06,0.00013435612,0.0010725538,9.161492e-06,390,test
0.0017524445,0.0004073761,0.009519179,0.00045658997,0.021214614,0.96519953,0.0008808366,0.00056943344,391,test
0.9998908,1.8169378e-07,8.761258e-05,1.6283647e-07,2.2364395e-08,1.6364616e-07,7.429766e-06,1.3662436e-05,392,test
0.99971455,1.7504636e-06,7.831307e-05,3.8877124e-06,6.317079e-07,2.2892311e-06,7.415733e-05,0.00012450205,393,test
0.00013807983,1.462033e-06,0.9997212,1.6662392e-06,1.57876e-06,9.259648e-05,4.287207e-06,3.909409e-05,394,test
0.00020277353,1.6178869e-06,0.999713,8.3568686e-08,6.1793673e-07,6.1262705e-05,1.4653237e-06,1.9117339e-05,395,test
7.993431e-05,2.0086054e-06,0.99982435,1.8399895e-06,1.1934246e-06,7.8796504e-05,1.8203629e-06,1.0070457e-05,396,test
0.000103477265,1.5229251e-07,0.99985814,4.540165e-08,4.096998e-08,2.6442765e-05,4.126472e-07,1.1435665e-05,397,test
0.0001072372,3.3178787e-06,0.9998305,3.015415e-07,1.4559048e-06,4.9968334e-05,3.1005616e-06,4.1265844e-06,398,test
0.00020514097,6.728087e-07,0.99969447,4.0588654e-07,4.019912e-07,6.495229e-05,2.6160021e-06,3.1386986e-05,399,test
2.6069825e-05,0.99975425,5.4213273e-05,3.617147e-06,5.153984e-07,3.4538584e-07,0.0001529944,7.95511e-06,400,test
9.051579e-05,1.4788393e-05,0.99979204,1.5822604e-06,3.497676e-06,8.643537e-05,4.3595505e-06,6.6769635e-06,401,test
1.7823078e-05,9.958303e-06,0.9999621,1.5999144e-07,2.2160648e-07,7.751068e-06,7.0867486e-07,1.2798077e-06,402,test
5.2112195e-05,9.314449e-06,0.9998956,3.8652442e-07,1.645839e-06,3.558576e-05,1.2273532e-06,4.1922326e-06,403,test
0.00013680427,2.2661754e-05,0.9995509,1.1077104e-05,1.3827346e-06,9.175298e-05,0.00017041843,1.4999703e-05,404,test
1.1806289e-05,0.999894,2.452335e-05,1.7228442e-06,8.1606814e-08,1.2147882e-07,6.14217e-05,6.224872e-06,405,test
0.00012558182,2.4215822e-05,0.99972576,4.0745626e-06,8.944192e-07,4.049424e-05,3.9535335e-05,3.943923e-05,406,test
0.9999151,1.2560206e-05,2.3538061e-05,1.972969e-06,6.963875e-07,8.3859175e-07,4.1610372e-05,3.550149e-06,407,test
1.4404844e-07,2.1220417e-06,2.2743454e-07,2.0393993e-06,6.2919274e-11,4.7658826e-08,1.6922879e-06,0.9999938,408,test
0.99922013,1.6201597e-06,2.0709818e-05,3.052491e-06,5.914009e-07,2.8686823e-06,0.0007423159,8.657707e-06,409,test
1.0059147e-05,2.4464296e-06,0.9999622,5.6738545e-06,1.7291525e-06,1.7092885e-05,5.264381e-07,2.490292e-07,410,test
2.6512327e-05,3.0572842e-06,0.9999238,8.519313e-06,9.968777e-07,3.3783348e-05,2.1800304e-06,1.1294338e-06,411,test
0.00015023895,3.023375e-06,0.99970454,7.650258e-06,1.6681544e-06,0.00011410702,6.473925e-06,1.22670635e-05,412,test
4.3465097e-06,0.99993384,1.1641979e-06,3.753757e-06,1.07390484e-07,4.4884917e-08,3.0596788e-05,2.6181779e-05,413,test
0.9998833,2.6154e-07,1.1994347e-05,5.9966874e-07,7.164843e-08,1.6691862e-06,9.904552e-05,2.9425219e-06,414,test
0.9980082,1.8961011e-05,0.0013164119,6.4357846e-06,5.479729e-06,4.687734e-05,0.000547109,5.0461204e-05,415,test
3.5883146e-05,3.8097019e-06,0.99889344,6.1218348e-06,6.741845e-06,0.00096212403,1.1380201e-05,8.042493e-05,416,test
1.8908582e-05,2.0938523e-06,0.99867415,3.3763397e-05,3.9755392e-05,0.0011092463,3.8766964e-05,8.330486e-05,417,test
5.2863987e-05,6.036626e-06,0.99876344,4.0194253e-05,3.7051144e-05,0.0009331369,3.746452e-05,0.00012982625,418,test
3.782313e-05,5.6316353e-06,0.99867225,1.1080051e-05,2.8446793e-05,0.0011972396,1.4076785e-05,3.3419947e-05,419,test
0.91380554,2.995451e-05,0.08118216,1.574619e-05,1.4679525e-05,0.00084528106,0.0033247564,0.0007818385,420,test
0.9932591,5.4245254e-05,0.0005573052,0.00048095404,3.3595028e-05,0.00015309633,0.0041976054,0.0012640378,421,test
0.9938147,0.00037883554,0.0012949054,0.00031962423,5.0662842e-05,0.00023215024,0.0032621792,0.0006468219,422,test
0.00041996996,0.00010754014,0.99869555,1.1122858e-05,4.341036e-06,0.00023740524,0.00023190376,0.0002922196,423,test
7.244641e-06,0.9998821,1.7230264e-05,4.444479e-07,5.8248247e-08,2.6555285e-06,5.6540764e-05,3.3763838e-05,424,test
0.9957467,0.00019644313,0.00023419636,0.00012244938,5.41892e-05,0.00034058228,0.0030620622,0.00024337407,425,test
0.9878963,0.0002432106,0.0069531314,0.00012972258,8.393198e-05,0.00077426445,0.003800211,0.00011914212,426,test
3.852895e-05,8.671953e-06,0.99970824,2.0687585e-06,6.0361276e-06,0.00023302015,1.669249e-06,1.7316175e-06,427,test
5.0139042e-05,1.2409573e-05,0.9994666,1.4761806e-06,1.0736273e-05,0.00045596625,8.6798633e-07,1.8165314e-06,428,test
3.1217212e-05,0.99947494,8.307799e-05,6.0887824e-06,9.3193364e-07,8.4906384e-07,0.00033321546,6.966102e-05,429,test
8.4633386e-05,1.507576e-05,0.9997037,2.3837238e-06,7.315742e-06,0.00017813062,4.1576805e-06,4.504245e-06,430,test
0.99868613,4.4282035e-05,0.0006542417,3.3204007e-05,6.050025e-06,7.247222e-05,0.00046522476,3.839204e-05,431,test
0.9983347,5.9442596e-06,0.00021331222,1.0064213e-05,8.197529e-07,9.490462e-06,0.0013442064,8.1437414e-05,432,test
3.4786393e-05,2.1632768e-06,0.00031045845,3.560778e-06,9.6394535e-05,0.99952304,2.0831974e-05,8.803056e-06,433,test
0.00011395385,5.6910944e-06,0.99786574,4.2028455e-06,2.7216438e-05,0.001956534,6.44527e-06,2.0280024e-05,434,test
0.99320024,2.5947229e-05,0.006363996,9.5005015e-07,6.7151996e-06,0.00015063914,0.00018805255,6.345294e-05,435,test
0.00045217742,2.3538356e-05,0.9984877,3.4201395e-05,4.202389e-05,0.00075921573,0.00014239686,5.8743084e-05,436,test
0.00020716865,5.4107754e-06,0.9983639,7.469826e-06,2.112467e-05,0.0013550827,1.1354746e-05,2.8581324e-05,437,test
0.99871516,1.3179638e-05,0.0006729787,5.654346e-06,2.096768e-06,3.0027615e-05,0.00049098814,6.983913e-05,438,test
0.00034321987,7.388668e-06,0.9981584,6.23193e-06,2.7856928e-05,0.0013897549,1.5108487e-05,5.201848e-05,439,test
8.5358566e-05,9.1194045e-07,0.0001334023,2.5331303e-07,6.257731e-05,0.9997147,2.185475e-06,5.637694e-07,440,test
0.00011285035,9.653209e-07,0.99984455,5.4196244e-07,5.2145975e-07,3.686844e-05,2.7372353e-06,9.348612e-07,441,test
0.99987173,1.0663216e-06,3.3768378e-05,7.132918e-07,1.3023018e-07,1.3960583e-06,7.568749e-05,1.5535623e-05,442,test
0.00041316333,1.431081e-06,0.9994093,6.137214e-07,1.5553924e-06,0.00016618159,3.904767e-06,3.8099688e-06,443,test
0.0003956729,0.001086796,0.0012155942,0.0060993535,0.9838176,0.0048737857,0.0012464931,0.0012647264,444,test
0.99984,1.0406421e-06,0.0001047128,3.168396e-07,8.687078e-08,1.3612613e-06,4.3205728e-05,9.153429e-06,445,test
0.00040426583,1.3055161e-06,0.9995328,3.7805034e-07,4.5383126e-07,5.5118428e-05,3.1092693e-06,2.560932e-06,446,test
0.00030021448,6.745841e-07,0.99962425,3.163914e-07,6.1109233e-07,6.978894e-05,1.0632543e-06,3.0673941e-06,447,test
0.0022171948,6.480318e-05,0.9962064,8.662688e-05,0.00011656521,0.0010504806,0.0001092393,0.00014853897,448,test
0.0021239582,8.499904e-05,0.9962884,6.4682186e-05,6.555607e-05,0.0012195488,6.159169e-05,9.1273665e-05,449,test
0.02276077,0.009142769,0.011461523,0.0009096257,0.0027941675,0.6344143,0.078989565,0.23952726,450,test
0.0031946292,0.0001843171,0.9949557,0.00013324582,6.1664534e-05,0.001217864,0.00013438826,0.00011816145,451,test
0.0012927529,3.4417266e-05,0.99766016,1.947495e-05,3.2104632e-05,0.0008853753,3.057675e-05,4.5087567e-05,452,test
0.0016467939,4.639411e-05,0.9968066,8.43713e-05,4.6488756e-05,0.0009650537,0.00022284978,0.00018145434,453,test
0.00029911482,3.8692517e-05,6.109812e-05,0.9970804,0.00092233275,0.00038901586,0.00088386604,0.0003255322,454,test
0.99720603,6.548961e-05,0.0007638293,2.0068497e-05,2.2142418e-05,8.15001e-05,0.0014724747,0.00036843738,455,test
6.270845e-05,6.0016537e-06,0.99987996,9.3098396e-07,1.4195377e-06,3.253204e-05,1.1858076e-05,4.682382e-06,456,test
0.0009196536,9.298e-05,0.00042872754,3.8789527e-05,1.0607845e-05,3.8743834e-05,0.9983494,0.0001211205,457,test
0.99970526,3.2146214e-05,0.00011860713,7.7183404e-07,1.0413337e-06,8.076692e-06,0.0001038223,3.0295698e-05,458,test
0.0001055092,2.554665e-05,0.9998313,8.2771606e-07,2.7072401e-06,2.606465e-05,4.8174124e-06,3.2158164e-06,459,test
3.2172777e-06,0.99992716,2.380643e-05,2.7680394e-06,8.571242e-07,1.6665084e-07,3.0104626e-05,1.2049471e-05,460,test
8.767216e-05,2.1730742e-05,0.9998659,2.423534e-07,1.2133028e-06,1.5441812e-05,4.76014e-06,3.0199983e-06,461,test
0.99973184,2.114694e-05,0.00016487649,3.59878e-07,7.785331e-07,1.1092007e-05,5.4052176e-05,1.5784628e-05,462,test
9.545048e-05,1.8979614e-05,0.99984324,6.191818e-07,3.2966154e-06,3.0442383e-05,4.6138325e-06,3.3108818e-06,463,test
0.00026676693,1.1504839e-06,0.99958557,2.891064e-06,1.100632e-06,0.00011471599,3.5967591e-06,2.4236477e-05,464,test
0.0012419211,6.6939583e-07,0.99862003,1.3520169e-06,2.4951785e-07,3.631419e-05,1.629209e-05,8.32273e-05,465,test
0.99986136,9.353451e-07,5.603036e-05,2.7602316e-06,1.6030829e-07,3.6281534e-07,3.957159e-05,3.883138e-05,466,test
0.99984574,1.8515324e-06,7.1328905e-05,2.9147145e-06,2.1909696e-07,6.375882e-07,2.480467e-05,5.2388943e-05,467,test
0.00012881195,7.2591556e-06,0.9997913,7.382762e-07,1.4129643e-06,6.514637e-05,1.0091414e-06,4.3729387e-06,468,test
0.0005417247,1.4433148e-06,0.99936146,9.606933e-07,4.890442e-07,6.497221e-05,2.8887266e-06,2.6165044e-05,469,test
0.00025466958,6.9920984e-06,0.99971074,9.9248e-08,2.4334403e-07,2.0457022e-05,6.130131e-07,6.1884157e-06,470,test
0.00036584862,2.1193125e-06,0.99956816,4.0318373e-06,4.9591e-07,3.819217e-05,1.1637993e-05,9.549362e-06,471,test
4.5474617e-06,3.4459042e-06,0.9998647,2.645494e-07,1.4734471e-06,0.00012177841,3.3466765e-06,3.2079703e-07,472,test
0.0006521761,0.00010702023,0.99849296,4.852659e-05,1.7056902e-05,0.00034442666,0.0002467462,9.108034e-05,473,test
0.00031720198,1.8888353e-05,0.998528,3.681389e-05,4.1526637e-06,0.00052113854,0.00053340464,4.0298302e-05,474,test
3.442481e-05,3.5919575e-06,0.99972016,5.1891334e-06,2.6474675e-06,0.00019986823,2.9987368e-05,4.024467e-06,475,test
0.0010723462,2.2576367e-05,0.99799794,3.2445423e-05,4.8061715e-06,0.00053377956,0.00024777054,8.824115e-05,476,test
0.02582946,3.2174237e-05,0.95506305,0.00046560325,3.491182e-05,0.0011042443,0.017055886,0.00041463814,477,test
1.9303295e-06,3.0120077e-07,0.9998797,1.4822314e-08,2.7897164e-07,0.00011724902,3.8698153e-07,1.0122492e-07,478,test
4.3867162e-06,0.9999329,7.221881e-07,2.7488764e-07,1.4628579e-07,1.4707497e-06,5.148558e-05,8.724401e-06,479,test
0.9994696,3.5029116e-05,0.00016713397,2.4961537e-05,1.2536245e-05,8.0181744e-05,0.00019811647,1.2426238e-05,480,test
5.8390397e-05,7.3508863e-06,0.99898916,3.0272565e-06,4.8681453e-05,0.0008914152,9.982919e-07,9.757777e-07,481,test
4.4958197e-05,0.0005698792,0.00093367446,9.734851e-06,1.0417654e-06,0.0016397339,0.00018134453,0.9966197,482,test
0.0013487971,0.00023407931,0.011563563,7.217604e-05,0.13231646,0.8543078,0.000102750164,5.4448712e-05,483,test
0.00060644635,0.9945602,0.00034205406,0.00082283234,0.00031667578,9.13249e-05,0.0023209152,0.0009395831,484,test
4.0032774e-05,3.7978994e-06,0.9994961,1.8194112e-06,1.32153655e-05,0.0004424795,1.4939374e-06,9.33195e-07,485,test
6.994945e-05,6.517559e-06,0.999566,4.0656796e-06,1.3051892e-05,0.00033611796,2.793933e-06,1.5075271e-06,486,test
2.4940295e-05,3.122567e-06,0.9996815,5.41052e-07,7.614366e-06,0.00028197267,2.2521044e-07,1.6911486e-07,487,test
1.7628432e-07,1.6727432e-06,1.0404649e-08,2.5100854e-07,1.00720595e-11,2.3111555e-09,1.0199873e-06,0.9999969,488,test
0.00013314917,7.237132e-05,0.99960655,6.5881973e-06,1.1402273e-06,0.00015506794,5.700995e-06,1.9442581e-05,489,test
0.9999814,1.645107e-07,4.694863e-06,2.699532e-08,8.9441793e-10,2.1478368e-09,3.9769125e-06,9.678301e-06,490,test
0.00013044628,2.0230127e-05,0.999663,7.4263808e-06,1.7751405e-06,0.00015704513,8.417785e-06,1.1518021e-05,491,test
6.746622e-05,6.789671e-06,0.9998505,3.4628906e-06,3.2873763e-07,5.7421945e-05,2.3596492e-06,1.1603938e-05,492,test
0.00015666233,4.628097e-06,0.9997011,4.1093213e-06,7.2576944e-07,6.474289e-05,8.297931e-06,5.9669772e-05,493,test
0.00011319214,7.1676964e-06,0.99973875,1.2290986e-05,7.5835123e-07,9.802813e-05,6.478093e-06,2.3335006e-05,494,test
0.00012784844,1.4331848e-05,0.9997075,3.1315653e-06,1.0336669e-06,0.00013092009,4.480809e-06,1.0689162e-05,495,test
0.00039223922,2.8863627e-05,0.00042615287,8.4680005e-06,0.00024646157,0.99883074,3.315932e-05,3.394395e-05,496,test
0.0005420732,0.00015852769,0.99855155,2.0999494e-05,6.3872314e-05,0.00063430006,2.3392764e-05,5.205612e-06,497,test
0.0015493119,0.00025523256,0.9972734,2.8580536e-05,6.212339e-05,0.0006680333,0.00011870899,4.4563276e-05,498,test
0.0045487224,0.00013710518,0.98772186,2.4588118e-05,0.00070190144,0.0066073225,0.00014314419,0.00011537323,499,test
0.00029741725,8.683711e-05,0.99892503,9.172671e-06,4.873207e-05,0.0006191795,1.0546972e-05,2.9544149e-06,500,test
0.001963996,0.00027881714,0.9951853,3.2982574e-05,0.00027760406,0.0021599971,6.7955494e-05,3.3314598e-05,501,test
0.0018287026,0.00046841864,0.0018389948,3.0544834e-05,0.97279716,0.022918876,8.38741e-05,3.348694e-05,502,test
0.00079305633,0.00016420783,0.9980446,9.822083e-06,6.157834e-05,0.00087983685,3.6319343e-05,1.0643127e-05,503,test
6.024418e-06,7.27113e-05,4.7626065e-05,5.593667e-05,5.0918363e-08,0.0003842248,0.0043830923,0.99505025,504,test
0.99989605,1.1325601e-05,6.383979e-05,4.077412e-07,2.0133985e-08,6.600248e-07,2.6690874e-05,9.4463076e-07,505,test
6.8134206e-05,1.3960532e-05,0.9993166,1.4467275e-05,2.9248388e-06,0.0005482428,2.8002652e-05,7.730124e-06,506,test
0.00025025234,2.5144836e-05,0.99895763,3.9810584e-05,5.3767203e-06,0.00050923927,0.00017879168,3.370432e-05,507,test
0.70763576,0.00026704615,0.2861734,2.2875494e-05,2.1591304e-05,0.002858395,0.002793145,0.00022784388,508,test
0.00012717448,1.0163218e-05,0.99936324,6.0680227e-06,2.5489883e-06,0.00045665947,2.451269e-05,9.632542e-06,509,test
8.7784276e-05,3.7083133e-05,0.9996362,8.000067e-06,7.852383e-06,0.00020859076,1.27669155e-05,1.7169109e-06,510,test
0.00011956261,1.16063275e-05,0.0011224678,5.670754e-06,6.0280152e-05,0.99864787,1.7663848e-05,1.48957715e-05,511,test
0.9999827,4.6115352e-07,7.674319e-06,1.6202529e-07,7.3590214e-09,1.10433284e-07,6.7226406e-06,2.102896e-06,512,test
3.056354e-05,2.6919191e-05,0.0041159918,1.4503793e-05,0.0062982626,0.98924226,2.6347796e-05,0.00024520617,513,test
2.4802288e-05,1.0281566e-06,0.9998698,1.6123263e-07,1.1024043e-06,0.00010010108,2.2511995e-07,2.751852e-06,514,test
1.0126869e-05,1.3307233e-06,0.99975413,1.669866e-07,3.7395785e-07,0.00023218412,2.1485472e-07,1.4085042e-06,515,test
8.444344e-06,8.181561e-07,0.99991584,1.03016845e-07,3.8665465e-07,7.3770796e-05,1.4547278e-07,5.584381e-07,516,test
0.99942917,1.9631852e-06,0.0005190199,1.8194118e-07,5.3768713e-07,1.4112023e-05,9.522754e-06,2.5411624e-05,517,test
2.6232185e-05,4.357418e-07,0.9996247,8.6010175e-08,3.7196932e-07,0.00033859478,3.979536e-07,9.18478e-06,518,test
0.9999763,6.382552e-08,1.2183469e-05,1.0034309e-07,3.9479104e-09,2.7707227e-07,1.0067638e-05,1.0133405e-06,519,test
1.8514414e-05,1.8151438e-06,0.9999335,1.2009972e-06,3.4663633e-06,4.1030533e-05,2.7241427e-07,2.664004e-07,520,test
0.9974596,0.00013506814,0.0014592363,3.9712235e-05,5.40497e-05,0.00021458282,0.00041703068,0.00022080464,521,test
0.99984777,5.1443135e-06,7.263731e-05,5.592328e-06,1.8151354e-06,3.564667e-06,5.619415e-05,7.3065876e-06,522,test
3.0354802e-05,3.0628507e-06,0.99986136,8.225724e-07,4.592169e-06,9.888988e-05,6.168073e-07,2.9893343e-07,523,test
0.99982065,3.6115653e-06,4.2590185e-05,2.666185e-06,1.0060278e-06,1.604358e-06,0.000118143485,9.728451e-06,524,test
4.68484e-05,0.0001804921,4.8079684e-05,6.112246e-05,1.3717012e-07,9.526697e-05,0.000119106444,0.99944884,525,test
3.0598687e-05,3.2006458e-06,0.9998253,3.1255847e-06,1.2082428e-05,0.00012454505,3.9519438e-07,8.1234055e-07,526,test
2.3100192e-05,0.99968636,4.813222e-05,2.1461778e-05,1.8025404e-06,5.9091275e-07,0.000155257,6.330252e-05,527,test
5.5587094e-05,1.1157068e-05,0.99904317,2.3981174e-05,2.194912e-05,0.00082088687,1.707483e-05,6.261151e-06,528,test
0.00019051884,0.0002733135,0.0010829354,0.00036051468,0.9915011,0.0062021823,0.00019792771,0.00019151255,529,test
6.276657e-05,8.1878625e-06,0.9993826,3.2864427e-05,2.2190623e-05,0.00046055895,2.201785e-05,8.785114e-06,530,test
0.9992587,8.531219e-06,0.0004139407,3.7506752e-06,2.9875215e-05,4.8001e-05,0.00018729329,4.9906615e-05,531,test
0.09536919,0.82018745,0.023062179,0.021111483,0.014364116,0.0017483985,0.017388994,0.0067682276,532,test
8.539896e-05,1.2826035e-05,0.99867237,5.348725e-05,8.095473e-05,0.0010341228,4.6358095e-05,1.4576875e-05,533,test
1.3139693e-05,0.0001111686,3.1276384e-05,2.1308431e-05,1.234693e-07,0.00011694652,0.00038571286,0.99932027,534,test
0.9990752,1.0689565e-05,0.0005059335,6.0549623e-06,4.3280277e-05,9.216041e-05,0.00021645256,5.031826e-05,535,test
1.7974106e-05,7.570416e-06,0.9999095,3.5766018e-06,9.808845e-07,4.1048217e-05,2.5401769e-06,1.6788848e-05,536,test
1.3212576e-05,9.0437214e-07,0.9999287,9.842449e-07,1.7313576e-07,4.3612672e-05,2.9660546e-06,9.418141e-06,537,test
1.43207435e-05,4.7471117e-06,0.99995375,3.3434299e-06,2.0549173e-07,1.6071897e-05,1.736419e-06,5.8134992e-06,538,test
0.9998785,8.062617e-07,4.3915028e-05,1.3130555e-07,2.9082594e-08,2.4399398e-07,6.766768e-05,8.6565815e-06,539,test
4.8352797e-09,1.1296088e-06,2.0167493e-08,4.0437452e-08,5.5468664e-14,5.2889726e-10,2.1669777e-07,0.9999987,540,test
0.004263826,0.0013019732,0.012441746,0.00052239175,0.025476022,0.9548556,0.0010438832,9.455554e-05,541,test
1.42867675e-05,3.211301e-06,0.99994636,1.6896323e-06,1.5740268e-07,1.8794526e-05,4.8085476e-06,1.0755788e-05,542,test
4.3388467e-05,4.881887e-06,0.9998796,3.209302e-06,2.6451778e-07,4.1756535e-05,7.798831e-06,1.9142803e-05,543,test
0.00010913064,7.3140104e-06,0.9996587,6.332677e-06,5.598031e-06,0.00014175341,5.2712378e-05,1.8459192e-05,544,test
0.00014380738,1.2237868e-05,0.9994123,3.1763753e-05,2.2822327e-05,0.00028289185,5.8951544e-05,3.5184592e-05,545,test
0.009604353,0.00014286095,0.0012279,0.0020737608,0.0001533951,0.000683903,0.9806656,0.0054482124,546,test
0.0028895142,0.00053683814,0.0024312641,0.00020163067,0.00073623535,0.99045324,0.00056029763,0.00219101,547,test
0.025772758,5.280872e-05,0.96419287,2.1994245e-05,5.3872027e-06,0.0002789585,0.008943894,0.0007313601,548,test
0.99950504,4.506099e-06,0.0001031752,6.509189e-07,8.263159e-07,1.7024046e-05,0.0002955961,7.319065e-05,549,test
0.9991654,3.151859e-06,6.589333e-05,6.8861514e-06,9.519401e-07,2.9263896e-05,0.0006461425,8.228564e-05,550,test
0.00028110348,1.7436267e-05,0.99891686,5.3199754e-05,3.5329107e-05,0.00036304208,0.00023852641,9.45612e-05,551,test
3.0894553e-05,1.0417767e-06,0.00059632276,2.7590463e-07,7.3138246e-05,0.99929345,1.6518811e-06,3.1411116e-06,552,test
0.00021437967,1.3886748e-05,0.99884915,1.0292747e-05,1.1879734e-05,0.00083108566,2.1645346e-05,4.7649577e-05,553,test
3.37447e-05,8.199369e-06,0.00036341842,3.454174e-05,2.997623e-05,0.9994299,4.0378225e-05,5.978549e-05,554,test
0.9988167,2.4493796e-05,0.0008394832,7.474789e-06,1.1676914e-06,2.8769266e-05,0.00026807786,1.3775685e-05,555,test
0.00019009049,1.2517301e-05,0.99849427,1.0190702e-05,1.0055211e-05,0.0012168222,2.5140533e-05,4.1043553e-05,556,test
0.9980311,3.9546725e-05,0.001422757,7.034347e-06,2.1088756e-06,4.0401657e-05,0.0004237093,3.3290566e-05,557,test
0.00010139626,9.533945e-06,0.9981285,4.048975e-06,6.260491e-06,0.001733676,5.669588e-06,1.093068e-05,558,test
0.00019588911,3.379008e-05,0.99893636,7.0622e-06,1.5226824e-05,0.0007820772,1.8158009e-05,1.1429548e-05,559,test
0.99981993,6.43286e-07,1.8327511e-05,2.0063376e-06,4.2662776e-08,3.3792946e-07,0.0001284154,3.0405085e-05,560,test
3.4140967e-06,1.1639532e-06,0.99998593,8.798259e-08,3.8449215e-08,7.2544917e-06,5.1327646e-07,1.66462e-06,561,test
1.0402052e-05,2.3401326e-06,0.99995935,1.6549882e-06,7.9970754e-08,2.1136648e-05,3.5094388e-06,1.5451291e-06,562,test
3.3527052e-05,3.7968383e-07,0.99992657,3.395382e-07,3.7729414e-08,1.5473557e-05,3.5749538e-06,1.9990557e-05,563,test
1.2003851e-05,2.7304137e-07,0.99997056,2.1004762e-07,1.4570505e-08,4.056896e-06,4.372417e-06,8.505132e-06,564,test
2.0534884e-05,7.134123e-06,0.99986744,3.33623e-06,6.861294e-07,9.137191e-05,3.9285515e-06,5.5840655e-06,565,test
1.5016522e-05,2.636281e-07,0.9999628,2.3147005e-07,2.9841186e-08,1.07967535e-05,2.7432586e-06,8.121188e-06,566,test
1.5284004e-05,4.482341e-07,0.9999697,1.2932603e-07,5.2358065e-09,4.7902095e-06,2.2391816e-06,7.3462456e-06,567,test
0.99966097,5.0448766e-06,0.00024146972,5.2191115e-07,2.2078436e-06,1.3389377e-05,5.665979e-05,1.9638604e-05,568,test
0.99968016,1.831266e-06,0.00029203662,7.497492e-08,1.2185072e-06,4.8776974e-06,1.1968455e-05,7.9287165e-06,569,test
0.99923635,3.1600528e-06,0.00059699087,3.6496306e-06,2.66419e-06,3.1146636e-05,0.000119989905,6.155655e-06,570,test
0.0028199088,3.943254e-06,0.995845,4.109606e-06,1.988543e-05,0.0012697387,1.9232968e-05,1.8159219e-05,571,test
6.779832e-05,8.9789404e-07,0.00058333186,1.2377495e-06,7.449748e-05,0.99926037,2.7839014e-06,9.041078e-06,572,test
0.0003014849,1.2460672e-06,0.9990219,9.939404e-07,8.484569e-06,0.00065750774,2.4853427e-06,5.9048084e-06,573,test
7.352388e-05,4.389013e-07,0.9994967,2.7368162e-07,4.1278236e-06,0.0004231503,4.109698e-07,1.3884326e-06,574,test
0.00016752005,9.9553035e-05,0.00036925214,0.00014940549,0.99639964,0.0027319593,3.0067247e-05,5.261148e-05,575,test
6.878313e-06,1.3197106e-06,0.9998658,3.911303e-06,7.327217e-07,0.00011481964,4.3219475e-06,2.2466147e-06,576,test
1.0234869e-05,1.3718361e-06,0.9996935,5.5694322e-06,1.7078623e-06,0.0002800353,3.51935e-06,4.0130576e-06,577,test
4.4137593e-08,1.2726996e-06,5.1798608e-08,2.2119494e-07,2.3496547e-11,8.354659e-07,9.848875e-06,0.9999877,578,test
0.97823095,0.019844467,0.00027529226,3.682214e-05,2.975268e-06,1.1784275e-06,0.00039026688,0.0012180429,579,test
1.3208299e-05,2.6512225e-06,0.99955255,1.1715964e-05,5.991095e-06,0.00039784898,5.6683125e-06,1.03342945e-05,580,test
0.9997594,7.629304e-07,0.00019138411,1.3446233e-07,3.6742938e-07,3.5760816e-06,2.2024595e-05,2.2309943e-05,581,test
1.5488291e-05,2.4886585e-06,0.999833,3.1965585e-06,1.1111761e-06,0.00013668663,4.772406e-06,3.2350715e-06,582,test
0.99997663,3.9192535e-08,3.7551206e-06,1.6232828e-08,5.6176677e-09,3.271806e-08,7.95902e-06,1.1615899e-05,583,test
0.99990964,1.6255739e-06,2.6771793e-05,7.629756e-08,6.0789475e-08,5.481885e-07,5.0340215e-05,1.0858475e-05,584,test
0.00013865209,5.7193014e-05,0.9993787,2.9099778e-05,2.42655e-05,0.0002655744,4.8157945e-05,5.8319427e-05,585,test
0.0018416833,0.0003650778,0.9963921,8.7399894e-05,1.536716e-05,0.0006239095,0.00040964247,0.00026481104,586,test
7.764453e-05,2.5018811e-05,0.9996184,5.8072947e-06,2.014132e-06,0.0002540547,5.793482e-06,1.1242907e-05,587,test
3.8309793e-08,1.6702294e-05,5.4977445e-08,1.968634e-07,1.8185438e-11,3.3790207e-07,2.0609497e-05,0.999962,588,test
9.8161334e-05,2.7503062e-05,0.9995851,1.893099e-05,3.5244934e-06,0.0002019739,3.148587e-05,3.336047e-05,589,test
6.0636634e-05,2.4722385e-05,0.99953663,6.011947e-06,4.1317935e-06,0.00034985074,9.17273e-06,8.783485e-06,590,test
0.059142713,0.00014832457,0.012237368,0.0011409402,2.631825e-05,0.0007553909,0.9237682,0.0027806219,591,test
0.9936924,1.572272e-05,0.0058473567,5.0492113e-06,1.4776363e-06,1.1004883e-05,0.0003528202,7.425446e-05,592,test
0.99964464,2.2437007e-06,0.00027961683,2.1451325e-07,1.7310474e-07,2.0287048e-06,5.488262e-05,1.6255515e-05,593,test
3.3844682e-07,2.46762e-05,2.930708e-06,8.5464495e-07,2.9452958e-09,6.311732e-06,1.2362275e-05,0.99995255,594,test
0.9992556,4.201493e-06,0.0006415029,1.1222969e-06,5.7740493e-07,9.681676e-06,5.161756e-05,3.559257e-05,595,test
0.99942243,4.717154e-06,0.00047682362,5.294282e-07,3.5552296e-07,1.3243413e-06,7.526982e-05,1.854318e-05,596,test
8.517052e-06,1.1593495e-06,0.99981946,1.5429001e-06,1.2313384e-06,0.00016494487,5.728309e-07,2.5982329e-06,597,test
7.854213e-06,1.5524279e-06,0.9997615,4.822362e-06,1.6465948e-06,0.00021332312,1.1773137e-06,8.049608e-06,598,test
0.59053826,0.0007375919,0.39108786,4.0012073e-05,0.0002571552,0.015558919,0.0014550206,0.00032522005,599,test
0.9835715,0.0001817715,0.011259928,3.1156065e-05,1.795078e-05,7.747777e-05,0.0039663473,0.0008937743,600,test
1.9017723e-08,7.753021e-08,0.9999013,5.8199724e-08,1.8263239e-07,9.807774e-05,4.7322093e-08,2.646863e-07,601,test
0.9937791,8.785782e-05,0.0052698385,2.6133969e-06,6.2046263e-07,5.924012e-06,0.000599266,0.00025473346,602,test
0.980827,0.000941988,0.015173782,1.752375e-05,1.45693775e-05,0.00016375644,0.0020354076,0.00082601426,603,test
0.91792727,0.0007447626,0.079392046,6.883502e-06,1.74389e-05,0.0002644219,0.0012727142,0.0003745432,604,test
0.9852105,0.00015402283,0.010076712,2.7098222e-05,5.3721883e-06,0.00016040311,0.0040106676,0.00035526964,605,test
0.9971539,5.336687e-05,0.0017747926,1.13766455e-05,2.9594773e-06,4.227243e-05,0.0007879809,0.00017343003,606,test
0.9595597,0.00025511038,0.03418167,1.7292732e-05,1.1070715e-05,0.00013331164,0.005276816,0.0005650234,607,test
2.429459e-05,9.15077e-06,0.99914837,3.0520594e-06,5.701002e-06,0.0007626434,8.9775795e-06,3.7837846e-05,608,test
0.99558675,0.00018271798,0.0007767136,9.176656e-05,3.0580934e-05,0.000508206,0.0027106232,0.00011248579,609,test
2.7589574e-06,4.093408e-07,2.0123085e-05,1.0334967e-06,2.707889e-06,0.9999614,7.355634e-06,4.3175646e-06,610,test
8.550442e-05,2.5654974e-05,0.9990287,1.0025212e-05,9.538485e-06,0.000736048,3.333945e-05,7.1165196e-05,611,test
0.9937092,0.0002401619,0.0012258354,0.0001600629,4.987828e-05,0.00054255343,0.003945832,0.00012638095,612,test
3.7892947e-05,6.12354e-05,0.0014569602,1.8695218e-05,3.193372e-05,0.9960601,0.00013270046,0.0022003795,613,test
0.00078349456,0.0006166895,0.9909383,0.00033031023,0.0003459036,0.006100483,0.00068933354,0.00019543915,614,test
0.9836924,0.0030076879,0.008985718,9.859125e-05,7.506008e-05,0.0006671794,0.0029957534,0.0004776488,615,test
4.0006597e-07,0.9999939,7.6505864e-07,8.1333343e-07,1.1653796e-08,1.2000169e-09,3.484584e-06,6.213012e-07,616,test
7.802956e-05,1.2349095e-05,0.9998301,6.026211e-06,2.7165627e-06,6.2939594e-05,5.3727604e-06,2.4932408e-06,617,test
0.000183304,1.1773838e-05,0.9996785,4.8188904e-06,2.4549142e-06,9.410259e-05,1.3532426e-05,1.1415068e-05,618,test
0.99966025,5.1091352e-05,0.00017756793,3.149642e-06,1.8797311e-06,3.234503e-06,6.947005e-05,3.3312168e-05,619,test
0.000110324276,1.0096875e-05,0.9997776,1.7158392e-06,1.6538766e-06,8.854708e-05,4.001689e-06,5.9624304e-06,620,test
0.9998222,4.055691e-06,0.000114779046,7.6675025e-07,4.1212897e-07,1.0372943e-06,4.6147143e-05,1.0745328e-05,621,test
0.9992348,1.9959647e-05,0.00021043835,1.06633615e-05,1.1359357e-06,3.279681e-06,0.00048871676,3.097005e-05,622,test
0.00010265184,4.8389462e-05,0.9997094,5.029345e-06,1.22825295e-05,0.000108738604,1.0196305e-05,3.2862617e-06,623,test
0.98885417,0.0003818201,0.008090396,0.00021470041,4.6399462e-05,0.00032760293,0.0018247941,0.00026009863,624,test
3.5732737e-06,2.6390584e-05,4.658437e-06,1.1043214e-05,7.0263955e-09,1.5596578e-06,6.9083115e-05,0.99988365,625,test
0.99983454,1.0711226e-05,6.884604e-05,6.738544e-06,1.5385624e-06,1.7877959e-06,5.6937457e-05,1.8848568e-05,626,test
1.2343916e-05,7.2259722e-06,0.9998902,1.8432653e-06,6.0024564e-07,8.361736e-05,1.5275319e-06,2.5349298e-06,627,test
1.9234567e-05,2.8683794e-06,0.99973613,1.3323332e-05,2.9269986e-06,0.00020566513,3.591104e-06,1.6213804e-05,628,test
1.4843022e-05,3.1192465e-06,0.999821,2.292124e-05,2.4611159e-06,0.00011889721,7.098583e-06,9.707073e-06,629,test
1.7307797e-05,2.1417052e-06,0.99986947,2.6093412e-06,7.9886246e-07,0.000100925216,1.7476455e-06,4.8908546e-06,630,test
1.8347093e-05,4.7898648e-06,0.99973565,2.2458094e-05,4.559867e-06,0.00019525063,5.9288463e-06,1.29391365e-05,631,test
0.99981695,2.3471453e-06,0.00015362012,1.5327934e-07,9.642789e-08,9.373367e-07,1.812859e-05,7.750719e-06,632,test
0.00012430012,6.073597e-07,0.9998079,3.609563e-08,1.2245069e-07,6.489489e-05,3.9035552e-07,1.8449352e-06,633,test
6.626386e-05,1.1206394e-06,0.9998878,1.1921348e-07,2.614534e-07,4.278447e-05,4.720717e-07,1.1728765e-06,634,test
9.03712e-05,8.379566e-07,0.9997917,7.743939e-08,5.111707e-07,0.000112779824,6.229036e-07,3.0684228e-06,635,test
3.8172736e-08,0.9999943,6.338749e-08,3.0329936e-08,4.1867985e-11,1.601487e-10,7.626979e-07,4.8134025e-06,636,test
9.203091e-06,4.1493198e-07,6.784436e-05,3.863805e-07,3.5968045e-05,0.99988174,2.9583953e-06,1.5481612e-06,637,test
7.61944e-05,9.665874e-07,0.9998865,1.6359334e-07,1.2166898e-07,3.3830867e-05,7.1497305e-07,1.5428387e-06,638,test
6.385502e-05,1.8157219e-06,0.9998561,1.1383947e-07,8.074309e-07,7.354358e-05,6.428493e-07,3.0206975e-06,639,test
1.3760942e-05,4.7719254e-07,0.9999721,5.822953e-07,3.0475803e-08,2.2128065e-06,4.4196763e-06,6.380024e-06,640,test
1.4491115e-05,2.9308026e-07,0.99997294,2.1793132e-07,7.348458e-09,3.153853e-06,2.057299e-06,6.7944147e-06,641,test
0.99857235,1.9072684e-05,0.0005970865,2.7630438e-05,3.1233515e-07,4.547912e-06,0.0006556367,0.00012326076,642,test
0.9994967,5.332293e-06,0.00027155018,4.0483665e-06,2.5609825e-07,5.938066e-06,0.00015869334,5.7539743e-05,643,test
2.2372826e-05,6.04854e-06,0.9999485,3.865386e-07,6.996843e-08,1.6900429e-05,4.8239417e-07,5.23176e-06,644,test
9.047532e-06,1.774092e-05,0.9999709,3.209294e-08,1.732619e-08,9.164703e-07,9.3615165e-07,4.1246042e-07,645,test
3.1656455e-05,8.0274083e-07,0.9999434,8.8390306e-07,1.14041086e-07,1.4546431e-05,2.446491e-06,6.0224347e-06,646,test
1.7790739e-05,6.621693e-06,0.99994564,8.547776e-07,4.8960453e-07,2.532474e-05,9.925262e-07,2.3969037e-06,647,test
1.0744764e-05,6.352192e-08,0.9999862,8.997269e-09,3.56311e-10,2.1397093e-06,1.2946069e-07,8.0587495e-07,648,test
9.039791e-06,1.57821e-07,0.99996364,2.2340487e-08,1.2399066e-08,2.6127982e-05,4.0306137e-08,9.828639e-07,649,test
0.00112495,1.9612627e-07,0.9988433,1.8356264e-08,3.0415328e-09,6.3359475e-06,3.4081831e-06,2.1613821e-05,650,test
0.99986553,6.1125735e-07,0.0001111119,1.9148837e-08,2.2431916e-09,4.2490367e-08,7.2031653e-06,1.5467775e-05,651,test
7.829755e-06,3.9620165e-08,0.9999814,7.3540303e-09,2.4132065e-09,9.881111e-06,2.6484145e-08,7.570762e-07,652,test
4.8468282e-06,4.8761525e-08,0.9999889,5.0101367e-09,2.7703877e-09,5.4918305e-06,3.345924e-08,6.99713e-07,653,test
0.99986076,6.8015e-07,0.00010430085,5.3557102e-08,2.1049205e-08,2.764886e-07,1.5652731e-05,1.8288487e-05,654,test
4.830236e-06,3.3978697e-08,0.99999106,5.3549956e-09,8.318119e-10,3.0248098e-06,5.7746266e-08,9.763585e-07,655,test
0.00017610643,1.759932e-05,0.9996487,6.3049665e-06,3.0108108e-06,9.494515e-05,1.9145446e-05,3.4189477e-05,656,test
0.99820375,7.727192e-05,0.00063953333,1.3843738e-05,2.6364303e-06,4.5100287e-06,0.00093827845,0.000120222874,657,test
5.5383774e-05,2.0898904e-06,0.9996804,2.0864773e-06,1.1598783e-06,0.00021440917,4.0981104e-06,4.0522224e-05,658,test
2.8894738e-05,2.048245e-06,0.9996604,1.8827006e-06,1.9002067e-06,0.00028104242,2.1376031e-06,2.1730584e-05,659,test
0.9968278,4.1034178e-05,0.0009824011,2.5621976e-05,2.7839208e-06,1.8017943e-05,0.0019158804,0.00018653962,660,test
8.5922e-05,1.0243215e-05,0.99982303,5.843327e-07,5.31907e-07,5.8646823e-05,1.7311599e-05,3.867148e-06,661,test
0.991071,3.5204383e-05,0.0072936905,8.791801e-06,8.866622e-06,0.00019477142,0.00078786013,0.0005997784,662,test
4.9636034e-05,6.657036e-06,0.99969757,5.792272e-06,4.1125963e-06,0.0001928379,8.081769e-06,3.5341818e-05,663,test
0.00010955381,1.7304868e-06,0.9998437,4.4958261e-07,3.6501274e-07,4.0142026e-05,3.03696e-06,1.0850415e-06,664,test
8.536573e-05,0.99947256,0.00010444227,1.6794671e-05,9.132394e-06,1.4543333e-06,0.000285945,2.425385e-05,665,test
0.999818,4.611059e-06,3.9863415e-05,4.9249917e-07,3.8031735e-07,1.6200239e-06,0.00013296008,2.0497603e-06,666,test
0.00014463121,0.00023726314,0.00017359717,0.0007146847,0.9969001,0.0015729888,9.429759e-05,0.00016249665,667,test
0.9994912,1.248582e-05,0.00037830227,2.734748e-07,2.9275434e-06,7.9394595e-06,9.546092e-05,1.13392e-05,668,test
0.99970347,5.8188716e-06,0.00019031597,1.4773595e-07,5.893594e-07,2.4682136e-06,8.7711276e-05,9.407636e-06,669,test
0.0001538521,5.2236505e-06,0.99961793,3.819766e-06,5.3730187e-06,0.00018985974,1.4379945e-05,9.486127e-06,670,test
0.00013471262,6.7036985e-06,0.99981135,1.1425914e-06,1.8711897e-06,3.5781555e-05,5.9803538e-06,2.4824724e-06,671,test
0.9998091,2.8080592e-07,0.0001654009,1.5644012e-07,6.110788e-09,6.6534234e-08,1.3232318e-05,1.1727499e-05,672,test
0.99992204,8.2934264e-08,4.5156663e-05,1.3536626e-07,1.1068522e-09,2.1702105e-08,2.8898277e-05,3.6832969e-06,673,test
0.9936014,7.4590557e-06,0.00615031,3.5971902e-06,5.14274e-07,1.05564295e-05,0.000112651964,0.00011355456,674,test
1.4539996e-06,2.853392e-08,0.9999858,7.591313e-09,2.542147e-08,1.2425081e-05,9.411877e-09,2.9336059e-07,675,test
2.228533e-06,1.207121e-07,0.9999951,1.6156156e-08,8.505774e-09,2.4774743e-06,4.9247483e-08,5.210001e-08,676,test
0.98595154,1.9779147e-05,0.013410692,6.92269e-06,2.4517087e-06,3.2057487e-05,0.00039517044,0.000181356,677,test
4.489821e-06,1.4297159e-07,0.99995434,8.507557e-08,3.024227e-07,4.0008028e-05,5.8627315e-08,6.963962e-07,678,test
1.2066732e-05,2.5746127e-08,0.9999844,2.0148672e-08,4.6098494e-09,2.8566312e-06,1.4775588e-07,6.0924344e-07,679,test
1.08343365e-05,7.3996966e-07,0.9998671,7.075946e-07,2.8802344e-07,0.00011210192,1.9499155e-06,6.3209263e-06,680,test
0.11608319,0.0005314708,0.8811005,3.6447127e-05,1.5107902e-05,0.0009348291,0.0010081496,0.00029033242,681,test
3.7515707e-05,2.1732262e-06,9.886864e-05,1.0929476e-05,7.3295654e-05,0.9997533,1.9426789e-05,4.5501347e-06,682,test
0.99923396,3.5959245e-05,0.00016552299,2.7662022e-06,9.739646e-07,7.923311e-06,0.0005445116,8.379554e-06,683,test
0.99967825,1.0791561e-05,8.127194e-05,2.642569e-06,5.4810283e-07,1.4501206e-05,0.0002099569,1.9355143e-06,684,test
0.9993026,3.5257817e-05,0.00021284366,5.199541e-06,8.6518634e-07,9.022312e-06,0.00042726618,6.9329426e-06,685,test
0.99915564,4.046948e-05,0.00056566944,2.0047923e-06,1.2601813e-06,1.6794615e-05,0.00020809239,1.0075756e-05,686,test
3.8022365e-05,0.9996631,6.246765e-05,1.0025151e-05,1.5071847e-06,5.0649294e-07,0.0002026024,2.179935e-05,687,test
0.99951696,8.566492e-07,0.0004106608,4.041227e-08,5.3157794e-09,1.1971312e-06,6.840298e-05,1.863666e-06,688,test
1.8287397e-05,1.6594728e-07,0.9999671,1.8008864e-08,5.168385e-08,1.3883901e-05,1.2092119e-07,3.059935e-07,689,test
0.9998092,4.6302156e-07,9.813616e-05,7.3932405e-08,8.477955e-09,2.3020971e-07,8.598254e-05,5.9087065e-06,690,test
0.99973315,4.170085e-08,4.1741637e-06,1.1292362e-07,9.3336464e-11,1.1730272e-08,0.00026240747,1.2518353e-07,691,test
2.25675e-05,3.8223706e-07,0.9999634,2.2106346e-07,1.2534366e-07,1.2014989e-05,5.908415e-07,7.6207306e-07,692,test
5.973711e-06,1.6251072e-07,0.99998355,3.0404678e-08,2.3006493e-08,9.993403e-06,6.268885e-08,1.3934655e-07,693,test
7.313041e-07,4.5648004e-08,1.2598015e-05,2.7045817e-07,8.401015e-06,0.99997675,1.0745651e-06,1.8735717e-07,694,test
0.9994986,1.0024787e-06,0.00038036218,2.479523e-07,5.483366e-08,3.6607375e-06,0.000111497335,4.671989e-06,695,test
0.9976736,5.198236e-07,0.0022778818,8.764994e-09,4.392497e-08,2.2364911e-06,3.391863e-05,1.1878149e-05,696,test
0.99990296,1.8062792e-07,3.876946e-05,1.2987331e-07,1.34588065e-08,2.1310022e-07,5.2536736e-05,5.1567995e-06,697,test
0.00022473406,8.399917e-07,0.99894303,1.0052739e-05,6.632084e-06,0.0007954715,5.7025873e-06,1.3542332e-05,698,test
0.00046933471,1.1971579e-05,0.9993291,1.683248e-06,1.7348063e-06,0.000117280484,5.1842086e-05,1.7088369e-05,699,test
6.584259e-05,1.9140356e-07,0.9993419,2.8829622e-06,2.1407793e-06,0.000579634,1.3014609e-06,6.048619e-06,700,test
4.7269554e-05,1.1883332e-07,0.99949586,4.119681e-07,6.6971717e-07,0.00045259207,2.4066077e-07,2.8481184e-06,701,test
9.126695e-05,2.2065883e-07,0.9990427,2.2460927e-06,2.2864951e-06,0.00085241353,1.1898868e-06,7.653342e-06,702,test
2.8134075e-06,4.5474454e-08,5.304371e-05,1.05636126e-07,7.973263e-06,0.99993455,7.979192e-07,7.480575e-07,703,test
4.9940983e-05,6.45438e-07,0.99990296,4.973798e-07,1.4179433e-07,1.86814e-05,3.5402873e-06,2.3534187e-05,704,test
0.99942076,2.5958943e-06,0.00021191579,5.2457262e-06,4.11881e-07,3.6034992e-06,0.00026645677,8.9159956e-05,705,test
2.1349078e-05,2.2375264e-07,0.99994314,3.888952e-07,1.0284453e-07,1.2515849e-05,3.0733777e-06,1.9141135e-05,706,test
0.0023751901,3.1277923e-06,0.997437,1.4872526e-06,1.546931e-07,5.6489604e-05,3.113253e-05,9.533452e-05,707,test
3.879226e-05,1.1769498e-06,0.99990714,9.731849e-07,6.4604546e-07,3.5204564e-05,4.577792e-06,1.157345e-05,708,test
0.9983941,3.370269e-05,0.0009807221,7.4392115e-06,5.329225e-06,8.234277e-06,0.0003971513,0.0001733441,709,test
1.4402479e-05,6.804605e-06,0.9999696,3.2962254e-07,5.0577803e-08,6.9808616e-06,1.5335123e-06,3.0992058e-07,710,test
0.00013985096,4.809507e-06,0.9998103,1.5012978e-06,1.1770562e-07,2.3335228e-05,1.0056985e-05,1.0142545e-05,711,test
3.0977684e-05,1.592713e-05,0.99912935,8.738348e-06,7.601601e-06,0.0007577065,9.010833e-06,4.0659408e-05,712,test
0.9994537,1.588592e-05,0.00015430021,1.5586511e-06,4.952866e-07,3.157673e-06,0.00017281168,0.00019806232,713,test
0.9973725,0.00012624572,0.001237868,2.0612351e-05,2.790205e-05,0.00016836224,0.00057245523,0.00047399453,714,test
0.9991623,1.1024782e-05,0.00024803382,3.6601757e-06,1.3091134e-06,8.726819e-06,0.00030237992,0.00026262033,715,test
2.2524244e-05,4.078635e-06,0.9995498,3.4447437e-06,3.1716918e-06,0.00032422433,4.8345e-06,8.7771004e-05,716,test
8.981249e-09,7.3306633e-06,2.4533062e-08,3.1633434e-07,1.7545607e-11,1.5440638e-07,9.4084e-07,0.9999912,717,test
0.9989625,2.2642347e-05,0.0002467137,9.836021e-06,5.407606e-06,3.3735225e-05,0.00048649506,0.0002326519,718,test
3.6662106e-05,6.5101995e-06,0.9993948,8.953369e-06,7.640919e-06,0.00044657863,5.8772307e-06,9.29929e-05,719,test
0.0053912564,0.00048450768,0.98769647,0.00049575075,0.00028386049,0.004228237,0.0010221024,0.00039780594,720,test
0.0002065216,0.0009945246,0.00016566378,2.09707e-06,9.4571355e-08,0.003090217,0.00040905198,0.99513185,721,test
0.9997315,5.130953e-06,3.626897e-05,2.772977e-06,3.8984243e-07,6.457697e-06,0.00019818351,1.9370365e-05,722,test
0.0020759895,0.0072309626,0.0018008606,0.0046749697,0.0004326614,0.0054950393,0.0016363163,0.97665316,723,test
1.1273546e-05,2.621619e-06,0.99977547,6.393386e-06,3.0806848e-06,0.0001954747,3.6292242e-06,2.1586168e-06,724,test
0.00052580476,9.718974e-06,0.9992268,1.0682045e-05,1.2486236e-06,9.494301e-05,8.859144e-05,4.2162334e-05,725,test
3.2184893e-05,1.3897523e-05,0.9997166,5.34686e-06,4.623687e-06,0.00021960282,5.365566e-06,2.3573764e-06,726,test
0.99991214,2.1393917e-06,4.3345767e-06,4.918164e-06,2.6676182e-07,1.0986839e-06,6.760706e-05,7.4555483e-06,727,test
0.99986887,3.2831377e-07,4.560482e-05,6.6456187e-07,8.398619e-08,8.2116856e-07,5.6293327e-05,2.7218484e-05,728,test
6.9388966e-06,2.0682593e-07,0.99990046,5.598164e-07,1.910041e-06,8.900187e-05,1.6504185e-07,8.25617e-07,729,test
5.877333e-06,3.3530966e-07,0.99991643,1.54923e-07,6.014079e-07,7.635658e-05,7.677368e-08,1.8999495e-07,730,test
6.811299e-06,3.724829e-07,0.9999715,1.9427691e-07,3.791932e-07,2.029797e-05,1.9085132e-07,2.0563222e-07,731,test
0.9905365,6.797853e-07,0.009347071,1.09897435e-07,3.0277462e-07,5.477259e-06,6.891437e-05,4.079344e-05,732,test
5.823589e-05,3.9761815e-07,0.99989724,6.939056e-07,8.062745e-07,3.6988433e-05,2.3063578e-06,3.3496046e-06,733,test
0.9998217,1.7825334e-07,2.5842162e-05,8.58747e-07,2.2529862e-08,4.2477868e-07,0.00012989542,2.1097772e-05,734,test
0.9991928,5.731386e-06,0.00038293764,2.0704008e-06,6.62022e-07,2.6575394e-06,0.00034869998,6.4420754e-05,735,test
5.9081176e-05,2.9428002e-06,0.9998348,2.7131293e-06,8.201427e-07,8.766366e-05,2.8728953e-06,9.082053e-06,736,test
0.99987745,3.2123646e-07,3.0892417e-05,7.4531954e-07,1.9679073e-08,7.164832e-07,8.3572435e-05,6.3216194e-06,737,test
1.0325383e-07,3.0100278e-05,1.7534009e-07,9.4906405e-08,5.639228e-11,1.6771637e-08,2.6159569e-06,0.99996686,738,test
2.292813e-05,2.1718322e-06,0.9998765,1.1564937e-06,4.736329e-07,9.089906e-05,9.4519254e-07,4.926678e-06,739,test
0.00013028258,3.892458e-06,0.99971753,3.1387965e-06,1.4064515e-06,0.00011293031,4.7387725e-06,2.6001879e-05,740,test
5.4871558e-05,1.1190647e-06,0.99970716,6.9409276e-07,6.363226e-07,0.00020614339,1.0336498e-06,2.8225639e-05,741,test
0.9999604,4.9948827e-08,1.3510011e-05,9.710214e-08,6.988667e-09,5.2423485e-07,2.1833177e-05,3.5751807e-06,742,test
0.99921346,5.0092963e-06,0.00054969115,1.6706917e-06,8.7517657e-07,1.43037305e-05,9.2452676e-05,0.00012257455,743,test
0.00039882623,0.00010320145,0.9989159,9.16943e-06,4.5643874e-06,0.00051380636,4.9977596e-05,4.4294393e-06,744,test
1.4338786e-05,1.7440743e-05,0.99929523,1.8306622e-06,9.838371e-07,0.000665384,3.5898831e-06,1.1638094e-06,745,test
9.106256e-05,2.2407905e-05,0.99962413,1.5826663e-06,4.8390666e-06,0.00024351482,8.014808e-06,4.4763606e-06,746,test
4.2336134e-05,7.744522e-06,0.9991892,1.6372243e-06,3.7789644e-06,0.00074891036,5.6202107e-06,7.5622467e-07,747,test
1.37199695e-05,6.7548835e-06,0.99980074,4.025227e-07,9.783593e-07,0.0001761905,1.1151103e-06,1.9147315e-07,748,test
0.02857427,0.0018282867,0.9502615,0.00010508158,0.0006299239,0.014128262,0.004249767,0.00022287921,749,test
8.2044644e-05,1.966686e-05,0.9996147,1.2320505e-06,4.74538e-06,0.0002643881,1.0004172e-05,3.197632e-06,750,test
1.4900278e-05,1.6339303e-05,6.7778354e-05,5.6221046e-07,3.3481083e-05,0.9998381,2.168625e-05,7.062121e-06,751,test
0.9998956,1.5747105e-06,6.737866e-05,3.7881887e-07,7.3837896e-08,7.0952376e-07,2.9806431e-05,4.5302186e-06,752,test
0.99990237,2.529498e-06,7.4403855e-05,4.1815943e-07,8.629981e-08,8.3314137e-07,1.4542159e-05,4.818499e-06,753,test
0.97917557,3.0511173e-05,0.020695351,1.5719748e-06,2.48316e-06,2.0792808e-05,5.714526e-05,1.6521319e-05,754,test
3.1923693e-05,2.245646e-06,0.99995255,6.4555803e-07,9.55021e-08,6.4511346e-06,5.3898575e-06,6.243498e-07,755,test
7.3027266e-05,1.6434661e-06,0.99986804,2.5937183e-07,8.699587e-07,5.474108e-05,5.7789265e-07,7.922296e-07,756,test
1.2626619e-05,2.057835e-06,0.999974,4.2842666e-07,1.5381102e-07,9.1344145e-06,1.2010104e-06,3.9843488e-07,757,test
1.8748548e-05,2.328163e-06,0.99995744,1.0815755e-06,2.5269358e-07,1.7081022e-05,2.454197e-06,6.0043254e-07,758,test
8.378599e-08,0.9999963,5.2022e-07,4.6292098e-07,6.16457e-09,4.0267167e-09,2.1318056e-06,4.353155e-07,759,test
0.9943727,0.00038639887,0.0017143124,4.873525e-05,0.00013139834,0.00088357076,0.0021096824,0.00035316782,760,test
0.00020668464,0.00073686504,0.00024888004,0.0002668746,0.97806406,0.01995943,0.00030095965,0.00021615029,761,test
0.0007479881,0.9929174,0.0007091757,0.00042497073,0.000157997,0.0001226164,0.0044797547,0.00044000833,762,test
0.0021980936,0.00017400023,0.0017777896,0.0011026857,3.0778192e-05,0.00035184476,0.9928409,0.001523929,763,test
0.0011470208,0.00013322555,0.9955189,1.3742358e-05,0.00012138819,0.0029368969,6.140758e-05,6.744361e-05,764,test
0.9967372,0.00020575552,0.0011560258,2.0680494e-05,7.7930155e-05,0.0002774148,0.001350642,0.00017432858,765,test
0.0012227109,0.0002077345,0.9920649,6.732315e-05,0.00029674752,0.00511492,0.00044381383,0.0005818451,766,test
0.001020963,0.000115920695,0.99506134,1.5768166e-05,0.00013982838,0.0035073021,5.7741123e-05,8.102051e-05,767,test
9.203618e-05,1.2064048e-05,0.99852043,4.0601954e-06,5.021167e-05,0.0012988177,7.317222e-06,1.5083124e-05,768,test
0.9971808,0.00014392662,0.0017097791,2.264237e-05,7.9068916e-05,0.00021362823,0.0005290023,0.00012120796,769,test
0.9966053,0.00011171628,0.0016160456,5.7333084e-05,0.000107620785,0.00077934447,0.000586967,0.00013571432,770,test
0.00021597561,2.469354e-05,0.99859315,1.2139601e-05,7.914512e-05,0.0010155005,2.8540895e-05,3.07675e-05,771,test
0.00024668543,2.3145427e-05,0.99832994,5.986843e-06,6.627978e-05,0.0012385241,1.7143982e-05,7.225476e-05,772,test
6.8823545e-05,0.00012111483,0.000115788884,0.00044196655,0.9985788,0.00047779756,0.00014299614,5.273715e-05,773,test
0.0011847223,6.989238e-05,0.99641114,5.5478784e-05,0.00012003787,0.0017548646,0.00024180218,0.00016194198,774,test
4.885134e-05,1.4759642e-05,0.99951696,5.0910958e-06,1.7945302e-05,0.00038571408,6.3510224e-06,4.299686e-06,775,test
0.110261336,0.45847014,0.12987229,0.07636774,0.009115539,0.010901157,0.11193567,0.09307608,776,test
0.048625194,0.02083908,0.01173655,0.09934889,0.0026527257,0.01673143,0.10115789,0.6989082,777,test
6.222072e-07,1.6070382e-07,0.99997485,1.9084032e-07,1.1774072e-07,1.2656323e-05,1.0349323e-05,1.0414855e-06,778,test
0.9825399,0.00037328768,0.011585741,9.148309e-05,0.00014210153,0.0010543375,0.003933498,0.00027972233,779,test
0.9959836,0.0001408445,0.0014512392,4.1857493e-05,1.3415023e-05,0.00016033518,0.00210142,0.00010729128,780,test
6.198883e-05,0.99853945,0.00033140843,3.3911117e-05,6.552913e-06,9.972512e-06,0.0006877199,0.0003289991,781,test
0.9972192,7.9956284e-05,0.0005076535,3.9807914e-05,1.5829344e-05,8.996314e-05,0.0019313418,0.00011622703,782,test
4.0875948e-05,3.1858776e-06,9.288601e-05,1.1624574e-05,4.6380443e-05,0.99977237,2.973363e-05,2.864965e-06,783,test
0.00040218545,4.2119922e-05,0.9992932,3.784952e-06,2.6846496e-06,0.00013770978,4.316423e-05,7.515122e-05,784,test
0.0010524399,0.00012949973,0.99809355,4.4532194e-06,2.4429633e-05,0.00052421313,7.423322e-05,9.7082244e-05,785,test
0.00075667375,6.910989e-05,0.99820423,5.0729133e-05,5.0992225e-05,0.00027249113,0.0001926393,0.0004031385,786,test
0.9994362,1.2561364e-05,0.00014024293,8.673117e-06,3.586883e-07,4.305015e-07,0.00030184846,9.9675184e-05,787,test
0.00019391022,0.00011095162,0.99941695,1.1006084e-05,7.547927e-06,0.0001672486,1.6651307e-05,7.5774136e-05,788,test
0.00031420265,4.722693e-05,0.9991794,1.5293976e-05,9.317351e-06,0.00020817059,6.1799175e-05,0.00016450133,789,test
0.0010569799,0.00023852357,0.9981488,7.814772e-06,8.868929e-06,0.0002829481,8.88097e-05,0.00016732703,790,test
0.0010902787,0.0006480865,0.99783903,5.4786677e-05,2.3752931e-05,9.626527e-05,0.00011382839,0.00013400089,791,test
2.5054853e-05,7.057451e-07,0.99996686,3.6379802e-08,5.0726932e-08,6.6727835e-06,1.6675999e-07,4.7059407e-07,792,test
4.348821e-05,2.6308396e-07,0.9999366,5.04453e-08,7.7372064e-08,1.7341623e-05,2.949192e-07,1.9620327e-06,793,test
3.2268803e-05,1.18367865e-07,0.99996185,1.7590423e-08,1.0847526e-08,4.2951688e-06,1.9163703e-07,1.1191778e-06,794,test
9.906548e-05,1.7100018e-07,0.99987495,2.4864724e-07,6.5483185e-08,2.1168267e-05,7.154586e-07,3.6196404e-06,795,test
9.284724e-05,4.0124004e-07,0.99989545,1.4313723e-07,1.8586012e-07,7.9120155e-06,5.8355704e-07,2.5461875e-06,796,test
0.9996284,2.313747e-06,4.0547715e-05,9.9373565e-06,2.1601248e-07,2.3963855e-06,0.00027584887,4.0228948e-05,797,test
4.163665e-05,1.6682772e-07,0.99993896,2.8162544e-08,8.0891716e-08,1.7382283e-05,1.00848176e-07,1.5673606e-06,798,test
0.9990742,3.1290353e-06,0.0008121169,1.4352585e-06,5.039514e-07,1.1773312e-05,6.7114655e-05,2.9796862e-05,799,test
0.99278814,0.00014370905,0.004506465,6.506614e-06,2.1088083e-05,0.00012612491,0.0020660355,0.0003419094,800,test
5.248844e-06,2.0383802e-06,0.99947506,3.0540473e-06,4.0152922e-06,0.00049222674,3.0993942e-06,1.5259304e-05,801,test
0.0012593496,4.8910846e-05,0.0017263048,0.00023565789,3.276896e-05,9.398636e-05,0.99633694,0.00026598238,802,test
0.99619544,2.2003836e-05,0.002538771,2.7747774e-06,1.934338e-06,9.5160656e-05,0.0009759606,0.0001680348,803,test
0.9968305,2.895182e-05,0.001327418,1.40880065e-05,4.422866e-06,0.00016707051,0.0014415,0.00018609466,804,test
0.99632746,2.7662394e-05,0.0021802206,6.4687274e-06,1.7457079e-06,4.7363497e-05,0.0012142666,0.00019471327,805,test
7.940424e-06,3.8940175e-06,0.9993925,4.362499e-06,7.356793e-06,0.00057060726,2.5199663e-06,1.0814621e-05,806,test
0.99800974,2.7587941e-05,0.0010887777,2.9274388e-06,2.1791568e-06,3.044515e-05,0.00070880924,0.00012958224,807,test
3.0050847e-07,1.5200639e-08,0.99996567,7.091672e-08,1.1836463e-08,3.3651406e-05,2.3369177e-08,2.1306256e-07,808,test
0.9999844,1.1576099e-07,9.571295e-06,1.6683394e-08,5.316998e-09,2.0604082e-07,3.8843586e-06,1.7950808e-06,809,test
5.126053e-07,8.8110546e-08,0.9999248,1.1398959e-07,3.389321e-08,7.425765e-05,2.6550923e-08,1.0578026e-07,810,test
1.4390133e-06,5.103906e-08,0.9999728,1.6019578e-07,1.5560769e-09,2.4765086e-05,4.253119e-07,3.2162725e-07,811,test
2.520592e-07,8.5177916e-08,0.9999435,2.6105386e-07,4.169976e-08,5.5368455e-05,6.9993575e-08,4.8103794e-07,812,test
3.1891483e-07,5.3015984e-08,0.99997306,1.3836069e-07,7.741914e-09,2.6119882e-05,7.083559e-08,1.1440002e-07,813,test
0.0008618927,4.830899e-06,0.99863005,3.7660482e-06,6.993355e-07,0.0003394307,5.0333027e-05,0.000109040186,814,test
7.2074253e-09,1.2453927e-07,1.4855169e-08,7.453143e-08,1.5881334e-13,5.8437686e-09,1.964034e-06,0.99999774,815,test
6.657162e-05,0.00035738669,0.0003412498,7.104799e-06,1.9672132e-07,0.00014092351,9.782875e-05,0.9989887,816,test
6.482568e-05,1.2230543e-05,0.99885976,2.7587344e-06,4.078862e-05,0.0010130323,1.0472421e-06,5.524184e-06,817,test
0.0004167203,7.0958877e-06,0.00864189,2.0387655e-05,0.015688183,0.9752136,9.189122e-06,3.0261237e-06,818,test
2.0592335e-05,0.9996973,2.5848412e-05,5.0655926e-06,3.3466647e-06,2.9119245e-05,0.00020421302,1.4552507e-05,819,test
5.3840038e-05,5.1869756e-06,0.99982965,6.297102e-07,1.6736522e-06,0.00010616398,7.445927e-07,2.1076855e-06,820,test
0.99904615,4.607445e-05,0.00074674113,3.7742275e-06,5.059499e-06,4.8616817e-05,7.929354e-05,2.4361356e-05,821,test
0.00021544365,1.9472169e-05,0.9995927,1.6176305e-06,2.6281762e-06,0.00015844997,3.6227657e-06,6.0755547e-06,822,test
2.5704345e-05,0.9997683,2.9534438e-05,1.078492e-05,1.289154e-06,3.568062e-05,0.00012054217,8.20864e-06,823,test
6.518206e-05,2.9373332e-05,0.9989453,5.8903213e-05,1.4376204e-05,0.000776281,7.629929e-05,3.4241617e-05,824,test
3.977694e-05,2.4943794e-05,0.9989305,4.392145e-05,2.4243564e-05,0.00088365434,2.8621664e-05,2.4329911e-05,825,test
4.5841967e-05,1.013193e-05,0.99722207,2.8975928e-05,1.8266595e-05,0.002632199,1.2724089e-05,2.9822284e-05,826,test
5.984064e-05,9.48298e-05,0.00017666697,5.476344e-05,4.8162184e-07,0.000390505,0.0006906141,0.9985323,827,test
0.99990773,7.774002e-06,1.4706979e-05,2.4754536e-06,1.9631186e-07,1.5186785e-07,5.3412947e-05,1.3539739e-05,828,test
0.000117501775,0.00013032483,0.0002339636,0.00016829393,5.4554228e-08,6.1144856e-05,0.00038026305,0.9989085,829,test
0.0001100323,3.4091387e-05,0.9991887,6.249298e-05,3.1369357e-06,0.0004113819,0.00013854605,5.1604704e-05,830,test
0.999734,4.4630135e-05,3.7789538e-05,3.5086567e-05,6.027246e-06,6.6406024e-06,9.2274844e-05,4.3517397e-05,831,test
0.99966586,8.553036e-06,7.14249e-05,2.497587e-07,7.533914e-07,4.1181015e-06,0.00023598863,1.3026558e-05,832,test
1.6479029e-05,4.7783324e-06,0.9998913,2.7173096e-06,8.6527837e-07,4.567901e-05,3.1247346e-05,6.8744353e-06,833,test
0.00046125773,3.915384e-05,0.9991241,4.758006e-06,1.421233e-05,0.0002794928,7.005682e-05,7.0362576e-06,834,test
0.00036199702,3.190729e-05,0.99914896,4.740555e-06,8.550016e-06,0.00034912987,5.6677665e-05,3.8012957e-05,835,test
0.00016793923,2.0113703e-05,0.9993055,7.167734e-06,1.5682264e-05,0.00043939552,2.1343138e-05,2.292822e-05,836,test
0.00014114652,1.249382e-05,0.99956816,3.6246777e-06,4.303217e-06,0.00023912577,2.3302386e-05,7.725827e-06,837,test
0.0004809664,5.4693464e-05,0.997459,0.000118999065,2.3147806e-05,0.00029112917,0.0014894296,8.267316e-05,838,test
0.0045117117,1.964998e-05,0.00039017058,0.0001414085,7.207931e-06,6.0893213e-05,0.9941554,0.0007135757,839,test
5.894685e-05,2.0042482e-05,0.9998627,1.40235e-07,9.4303846e-07,5.4473323e-05,1.4491472e-06,1.3876964e-06,840,test
0.00016812561,3.6392667e-05,0.9987777,3.2597387e-07,2.0788528e-05,0.0009919729,3.2266187e-06,1.406537e-06,841,test
0.0001594592,2.9060733e-05,0.9995647,1.0414395e-06,8.974265e-06,0.0002174763,1.4804035e-05,4.4207245e-06,842,test
0.9996112,7.2675764e-05,0.00015585698,7.537466e-06,2.2868433e-06,8.663003e-06,0.00011773827,2.4069637e-05,843,test
0.99968207,3.248316e-05,0.00012576701,8.759917e-06,1.5668936e-06,5.591076e-06,0.00012105372,2.272349e-05,844,test
1.1256674e-06,0.99995947,3.7788848e-06,3.6901133e-07,1.0470418e-07,9.3684704e-08,3.322184e-05,1.7735736e-06,845,test
0.00015263949,4.208244e-05,0.99949753,1.2216773e-06,1.1418391e-05,0.00028735786,2.7165192e-06,5.008738e-06,846,test
8.539959e-05,2.1665252e-05,0.99979645,4.297639e-07,1.7539693e-06,8.898965e-05,3.6737629e-06,1.709539e-06,847,test
4.0457868e-05,8.163249e-07,0.9971547,1.1118633e-06,1.6812604e-06,0.0027877835,2.136428e-06,1.1322277e-05,848,test
3.2614455e-05,8.3202633e-07,0.99898416,2.884244e-07,7.8043433e-07,0.0009745429,7.9047993e-07,5.9929266e-06,849,test
0.9976822,4.04548e-05,0.0012346212,2.3546432e-05,2.7211004e-06,0.000525553,0.0004659478,2.4853272e-05,850,test
5.527682e-06,2.882192e-06,0.00043318866,1.1646174e-06,5.381989e-06,0.9994369,1.2959373e-05,0.000102033926,851,test
0.9984718,3.240623e-05,0.0008484833,2.3033435e-05,3.4054472e-06,0.0002742096,0.00033328735,1.32809355e-05,852,test
0.9977276,2.3745635e-05,0.0017221938,4.4729195e-06,1.3695093e-06,0.00017310948,0.00033763243,9.84947e-06,853,test
6.713222e-05,4.8214215e-06,0.9978682,7.84894e-07,4.282506e-06,0.002049189,1.4543658e-06,4.221564e-06,854,test
3.8127364e-05,1.7237076e-06,0.99605894,5.17026e-07,9.841746e-07,0.0038954832,6.17435e-07,3.6640492e-06,855,test
5.0847603e-07,0.9999535,1.3915785e-06,1.3067826e-07,4.8778652e-09,7.391178e-08,3.6717043e-05,7.581833e-06,856,test
0.9999031,4.7429844e-06,6.3199127e-06,4.071098e-06,6.299039e-08,2.8581138e-07,8.003626e-05,1.419228e-06,857,test
5.81695e-05,6.399423e-06,0.9999162,7.6295186e-07,1.0317262e-07,8.938711e-06,6.366345e-06,3.0370409e-06,858,test
1.3231116e-05,3.7523105e-06,0.999969,4.118812e-08,5.668084e-08,1.3365866e-05,3.2417702e-07,2.5876747e-07,859,test
9.828105e-05,1.2133769e-05,0.9998435,2.2409474e-06,1.895659e-07,2.7695045e-05,6.509714e-06,9.474144e-06,860,test
0.00013957697,3.6438284e-06,0.99976975,7.9429327e-07,6.181551e-07,7.859009e-05,3.2422945e-06,3.879519e-06,861,test
2.931951e-05,2.9715804e-05,0.99986875,4.1462e-07,2.261335e-06,6.58098e-05,2.2039242e-06,1.5953751e-06,862,test
2.148495e-05,5.379229e-06,0.99996245,2.0552234e-07,1.4722981e-07,6.4418778e-06,2.6839227e-06,1.2064298e-06,863,test
0.00016347779,4.081665e-06,0.9997583,1.5008477e-06,1.280929e-06,3.4165914e-05,3.283896e-05,4.331199e-06,864,test
0.99893826,4.8767515e-06,0.0005367287,6.085562e-07,7.6390927e-07,1.2129421e-05,0.00048446137,2.2311528e-05,865,test
0.0048220023,0.00015316378,0.004319351,0.0015630538,4.4896802e-05,0.00039798938,0.9881542,0.00054526,866,test
0.0002698753,1.6651322e-06,0.9996146,4.7611616e-07,5.503805e-07,8.418513e-05,2.1228248e-05,7.5062444e-06,867,test
6.651767e-05,1.2935174e-06,0.9998056,1.5998687e-07,1.0903099e-06,0.000119956516,2.7625108e-06,2.695099e-06,868,test
8.223139e-05,1.6098664e-06,0.99980253,1.6037416e-06,1.4151228e-06,8.500528e-05,1.8050732e-05,7.5817366e-06,869,test
1.8904027e-05,1.0670366e-06,0.9998896,4.6530517e-06,5.81426e-07,3.5983427e-05,4.7392157e-05,1.7747931e-06,870,test
0.9996829,1.7848196e-06,0.00013976048,2.234411e-07,1.7169508e-07,2.2673753e-06,0.00016453557,8.515352e-06,871,test
1.773347e-05,2.7317495e-07,0.99989605,4.7854368e-08,1.2003747e-07,8.209497e-05,9.471235e-08,3.5411172e-06,872,test
9.537473e-06,1.1096948e-07,0.99995494,7.8230315e-08,8.7702084e-08,3.306375e-05,1.5204921e-07,2.0622101e-06,873,test
1.3282644e-05,3.179626e-07,0.9999125,9.353015e-08,2.302041e-07,7.090034e-05,1.601018e-07,2.546724e-06,874,test
0.9994093,3.1157447e-06,0.00039319845,4.392911e-06,1.251416e-06,1.1669917e-05,2.9321862e-05,0.000147782,875,test
5.461599e-06,1.3126343e-07,0.9999621,2.6951855e-07,7.863088e-08,3.0473075e-05,1.7709846e-07,1.4666801e-06,876,test
2.3066532e-05,7.166373e-07,0.9999628,5.569562e-08,4.1903082e-08,1.0578741e-05,7.537942e-07,1.964908e-06,877,test
0.9992774,6.6582948e-06,0.00054789725,2.7415563e-06,8.3515914e-07,1.3611657e-05,6.397887e-05,8.686435e-05,878,test
0.9997719,3.173395e-06,6.832522e-05,5.0170024e-06,4.6838207e-07,1.4210299e-06,7.596012e-05,7.363957e-05,879,test
0.99907047,1.4029209e-05,0.00044932173,1.6373895e-05,2.4561602e-06,3.296319e-05,0.00026114564,0.00015322387,880,test
0.000120133715,6.051005e-07,0.99977773,3.657064e-07,1.9340786e-07,7.0040645e-05,2.1715018e-06,2.8736782e-05,881,test
0.98666316,6.0754405e-06,0.013139057,7.9608424e-07,2.1139164e-07,1.2320596e-05,8.670868e-05,9.176096e-05,882,test
5.017152e-05,5.4376305e-06,0.9999099,4.1372778e-07,1.5319539e-07,2.9413306e-05,1.401207e-06,3.0851097e-06,883,test
3.565421e-05,1.8747113e-06,0.9999176,1.12451666e-07,1.327324e-07,4.021304e-05,8.06504e-07,3.542565e-06,884,test
0.9979686,3.927552e-05,0.0014179144,1.6360034e-05,1.9555064e-06,6.469695e-06,0.00013986362,0.0004095483,885,test
0.00010081539,1.7884438e-06,0.99959236,5.334265e-07,1.2817256e-06,0.00027565166,1.2872442e-06,2.6238115e-05,886,test
0.00011097923,5.2106964e-07,0.99975425,2.5491914e-07,2.0995331e-07,0.000106544125,1.0568584e-06,2.6160184e-05,887,test
0.9998381,9.524054e-06,0.00013599792,1.6782447e-07,3.3202397e-08,5.6815776e-07,1.5103389e-05,5.1760173e-07,888,test
1.8932598e-05,0.99985766,4.1274423e-05,7.118405e-07,3.3780657e-07,5.544039e-08,7.613482e-05,4.9398573e-06,889,test
1.3154549e-05,1.4335295e-06,0.99998367,2.3962883e-08,9.191376e-09,1.7041825e-06,2.6351934e-08,5.76158e-08,890,test
5.8663327e-06,1.1503333e-06,0.9999876,2.6811783e-08,5.198894e-08,5.1801712e-06,1.0762936e-08,2.851194e-08,891,test
1.1514988e-05,1.2105138e-06,0.99998415,4.3852047e-08,1.968429e-08,2.849488e-06,7.1052206e-08,8.62881e-08,892,test
1.8636627e-05,6.1158603e-06,0.99997246,3.4290704e-08,6.209304e-08,2.498099e-06,1.6512821e-07,9.0921475e-09,893,test
0.006152778,4.413106e-05,0.9937959,6.33336e-08,2.6229612e-08,2.0984291e-06,3.8763783e-06,1.1189178e-06,894,test
1.795948e-05,1.46419e-06,0.9999776,1.0088228e-07,3.1158784e-08,2.57041e-06,9.610753e-08,1.6701502e-07,895,test
0.0003876349,1.7531353e-05,0.99936527,3.5457879e-06,6.6568223e-06,0.00019254029,1.7602319e-05,9.1377815e-06,896,test
0.9996855,8.687318e-06,0.00019976925,1.8846432e-06,4.2798724e-06,1.620348e-05,7.5272685e-05,8.421885e-06,897,test
3.1925272e-05,4.7938676e-05,0.0007135414,4.119469e-05,0.99683607,0.0022481247,5.0444974e-05,3.068894e-05,898,test
1.4359923e-05,1.6235072e-06,0.99986863,5.1053433e-07,2.8405666e-06,0.00011114731,4.0453583e-07,5.3926874e-07,899,test
0.0017148285,0.010262884,0.0034646664,6.0117574e-05,3.783857e-06,0.06644155,0.0069673755,0.9110848,900,test
0.9998012,6.717883e-06,0.00013082875,4.840844e-07,2.0363461e-06,1.4084154e-05,4.1538868e-05,3.1725892e-06,901,test
1.4658309e-05,1.7272591e-06,0.9998222,4.5477253e-07,2.8420388e-06,0.00015749222,1.662841e-07,5.1251595e-07,902,test
2.6673419e-05,1.5198425e-06,0.9997904,6.1836187e-07,2.1716326e-06,0.0001771945,4.1185848e-07,1.1475415e-06,903,test
4.1653715e-05,2.4407616e-05,0.99977654,7.841679e-07,1.388628e-06,0.00015098002,3.9959527e-06,2.690325e-07,904,test
0.999864,1.5111726e-06,8.809608e-05,2.352106e-07,4.0732436e-07,7.694169e-06,2.9256998e-05,8.823183e-06,905,test
0.000236007,0.00029755317,0.000168421,0.0006108373,0.97619176,0.02227474,0.00012239843,9.82913e-05,906,test
6.671248e-05,3.809569e-06,0.9997973,8.7874304e-07,3.551435e-07,0.0001249079,3.3067568e-06,2.7437125e-06,907,test
0.0002949369,7.6779535e-05,0.99842846,1.4266862e-05,8.559196e-05,0.0010442728,7.2713333e-06,4.8420832e-05,908,test
2.7738655e-05,2.691931e-06,0.99963164,6.547777e-07,3.3523943e-07,0.00033584508,4.3334703e-07,5.831077e-07,909,test
1.7423237e-05,3.636126e-06,0.99990237,2.851015e-07,1.7838421e-07,7.488051e-05,5.45977e-07,5.3687666e-07,910,test
6.3291336e-05,3.3080494e-05,0.9997441,5.4827336e-07,5.1182883e-07,0.00015602003,1.6803135e-06,8.426873e-07,911,test
7.917939e-05,7.4769974e-07,0.9998357,6.952281e-07,3.2339062e-07,3.787901e-05,7.118049e-06,3.824362e-05,912,test
4.941891e-05,4.873498e-07,0.9998549,2.259073e-06,3.199848e-07,4.6832098e-05,5.240518e-06,4.054035e-05,913,test
0.9997253,2.1533704e-06,9.592392e-05,2.8955083e-06,8.8076675e-08,1.0626532e-06,0.00014692193,2.5611409e-05,914,test
4.1174604e-05,3.8975298e-07,0.99990535,3.4244042e-07,6.281596e-08,1.7643502e-05,3.4998543e-06,3.1612566e-05,915,test
8.432152e-05,2.0009509e-06,0.9997713,3.6315669e-06,5.4043426e-07,3.9090603e-05,6.9558814e-06,9.222136e-05,916,test
0.99549955,1.4455693e-05,0.0036822103,1.2112725e-06,3.4980292e-07,9.260893e-06,0.0003415908,0.00045128705,917,test
4.055981e-05,7.7030097e-07,0.999858,7.3998626e-07,2.468933e-07,6.380145e-05,3.1284426e-06,3.280899e-05,918,test
2.3910208e-05,3.890532e-06,0.99989104,3.759452e-07,6.001145e-07,7.2789975e-05,3.6198987e-06,3.7542907e-06,919,test
3.6866986e-06,1.4822516e-06,0.99996865,8.3837676e-07,1.674244e-06,2.3011979e-05,1.7499163e-07,4.981559e-07,920,test
0.0020748617,4.9786304e-06,0.9978289,1.552693e-06,6.429074e-07,4.3515363e-05,1.1950643e-05,3.371839e-05,921,test
1.918379e-06,0.99997616,2.445258e-06,2.6787018e-06,1.6836378e-08,3.1700543e-07,9.8500395e-06,6.676639e-06,922,test
3.1075146e-05,8.525994e-07,0.9999099,4.2149354e-06,1.236818e-06,4.465072e-05,1.4696571e-06,6.7077744e-06,923,test
0.9998567,6.846467e-07,2.1747688e-05,2.8575605e-06,1.8459627e-07,1.1168394e-06,7.048227e-05,4.6074776e-05,924,test
4.97836e-07,2.2664884e-05,1.0916735e-06,4.138662e-06,6.811932e-10,2.1728188e-06,2.7887645e-05,0.9999416,925,test
3.9572105e-06,5.2864755e-07,0.9999789,1.0364463e-06,5.236434e-07,1.2862391e-05,6.720567e-07,1.3945765e-06,926,test
0.99940157,7.750188e-06,0.0004729136,9.0859004e-07,5.763481e-07,4.7949447e-06,5.6219495e-05,5.5280634e-05,927,test
0.9997749,3.3811796e-07,0.00014936988,6.0578355e-07,5.946837e-08,2.1132012e-06,5.196467e-05,2.0810514e-05,928,test
6.312783e-06,1.3020792e-08,0.99994934,7.915048e-09,8.918243e-09,4.375276e-05,2.9699791e-08,5.37223e-07,929,test
0.99993265,1.2297392e-07,2.6730211e-05,4.6896832e-07,1.0597936e-08,1.0759866e-07,3.163656e-05,8.181235e-06,930,test
6.2471627e-06,1.9493686e-07,0.9999733,2.3062066e-07,7.743189e-08,1.8681041e-05,5.28566e-07,7.4491203e-07,931,test
0.9991922,1.930504e-06,0.00063289853,1.794107e-06,5.6736843e-07,1.3038503e-05,9.6331205e-05,6.122483e-05,932,test
0.9999372,1.4680072e-07,2.3733583e-05,8.495513e-07,3.3881218e-08,1.5266672e-06,2.5885183e-05,1.0722915e-05,933,test
3.7477225e-06,2.543807e-08,0.99974793,1.8020799e-07,1.0486188e-07,0.00024615324,5.51907e-08,1.836112e-06,934,test
3.4007046e-06,2.1323096e-08,0.9999409,2.7198267e-08,1.9570683e-08,5.4863816e-05,3.9607e-08,7.95006e-07,935,test
2.7857388e-05,2.2056697e-06,0.99912447,6.4908755e-07,1.2200415e-05,0.0008283704,7.1952627e-07,3.6139036e-06,936,test
2.6451808e-06,3.190277e-06,0.9997973,1.8666317e-07,2.1620078e-06,0.00019401712,1.7236167e-07,4.971276e-07,937,test
0.0026694278,0.00020515773,0.006520522,5.2348834e-05,0.0023370078,0.9879004,0.00018903622,0.00012607295,938,test
6.373542e-05,1.5062097e-06,0.9996674,1.2961007e-06,7.696303e-06,0.0002313855,1.174267e-05,1.5220161e-05,939,test
2.2481061e-05,1.1780755e-05,0.9995467,2.4118415e-06,1.0481629e-05,0.00039425306,7.464205e-06,4.316853e-06,940,test
0.00018442863,1.4884787e-05,0.9987625,1.4381512e-05,2.3025532e-05,0.0009678514,1.8051693e-05,1.4907871e-05,941,test
2.413844e-05,1.3008113e-06,0.9994854,2.7342926e-06,9.965211e-06,0.00046055403,5.6651647e-06,1.0178662e-05,942,test
0.99966776,3.3414988e-06,0.00012389901,5.503011e-07,4.2768443e-07,4.089465e-06,0.00017618034,2.370265e-05,943,test
0.99989843,7.4944396e-08,3.765034e-05,6.617681e-08,6.6831425e-09,2.6181522e-07,5.347387e-05,1.007991e-05,944,test
1.644126e-06,9.28163e-08,0.9999871,1.834447e-08,6.3162284e-09,1.067811e-05,2.5309165e-08,3.9693856e-07,945,test
4.606405e-06,2.319908e-07,0.9999888,7.036459e-08,2.0587585e-08,5.6929975e-06,6.264208e-08,3.9491687e-07,946,test
0.957469,1.4574963e-06,0.042097185,3.9425537e-08,2.6603482e-08,5.7526695e-06,0.00032586724,0.00010067189,947,test
3.625515e-06,5.836613e-08,0.9999583,1.2999053e-07,4.198033e-08,3.6231628e-05,1.0570977e-07,1.5353271e-06,948,test
1.1717718e-05,4.9880008e-08,0.9999778,6.887637e-08,1.45957e-08,6.7175447e-06,8.247019e-07,2.805467e-06,949,test
3.372877e-06,7.970586e-08,0.9999813,6.1400605e-08,2.612342e-08,1.41312e-05,1.4547106e-07,9.209544e-07,950,test
1.0917673e-05,1.1995166e-07,0.9999583,5.0290544e-07,7.959177e-08,2.5128675e-05,9.1177645e-07,4.088809e-06,951,test
0.06987333,6.287816e-05,0.00128937,0.0013382704,0.00020942367,0.0018139213,0.9224934,0.0029194031,952,test
0.9992362,1.5483955e-06,6.139388e-05,2.33661e-06,8.6788555e-07,3.2768643e-05,0.00060067425,6.4198226e-05,953,test
0.00060358655,8.106614e-06,0.99886143,2.515954e-05,6.6843063e-06,0.00035761629,0.00011996261,1.7593393e-05,954,test
4.7522088e-05,8.002937e-07,3.514209e-05,2.3184955e-06,5.6060046e-05,0.9998437,1.3646374e-05,8.346353e-07,955,test
0.000504643,7.4150553e-06,0.99898607,1.0061947e-05,3.3997944e-06,0.00046582337,1.4271619e-05,8.27648e-06,956,test
0.00040886016,3.7896882e-06,0.9993345,1.37325615e-05,4.46732e-06,0.00017141517,3.578681e-05,2.7403525e-05,957,test
0.00075850385,4.1901217e-06,0.998828,7.616852e-06,2.9242478e-06,0.00036795056,2.6266003e-05,4.4859316e-06,958,test
0.0041340403,0.016835066,0.03670955,0.0010270964,0.0001793634,0.0016170441,0.0047817654,0.9347161,959,test
0.9660203,4.959165e-06,0.03349867,3.645294e-06,6.758838e-07,0.00013080827,0.00023729684,0.00010374029,960,test
6.654111e-05,2.1458827e-06,0.99966097,1.1800887e-06,6.915677e-07,0.00023004033,2.774067e-06,3.573958e-05,961,test
5.442437e-05,2.9995842e-06,0.99956363,2.0881762e-06,2.197919e-06,0.0003476935,1.5462495e-06,2.5483412e-05,962,test
0.998221,5.6524244e-05,0.0009817885,4.07452e-05,3.6543952e-06,1.817864e-05,0.00038955075,0.00028850837,963,test
0.9990927,8.574553e-06,0.0006524925,6.1388955e-06,5.0103074e-07,3.797768e-06,0.00016347383,7.236874e-05,964,test
0.99480295,0.00018187342,0.002523534,0.00018911863,1.9360352e-05,0.0004834147,0.0011004072,0.0006993558,965,test
6.810052e-05,5.2481287e-06,0.9997793,1.9269482e-06,5.9428635e-07,0.00011618907,4.5702495e-06,2.42134e-05,966,test
9.534073e-05,8.349034e-06,0.9998135,3.880033e-06,4.393847e-07,3.102545e-05,2.545361e-05,2.1961647e-05,967,test
1.8107308e-05,2.6766722e-06,0.99934524,1.5494641e-06,8.524886e-07,0.0006159809,2.4652404e-06,1.3051361e-05,968,test
5.900281e-05,7.4851155e-06,0.99963963,8.8129826e-07,9.88145e-07,0.00027225545,3.9057672e-06,1.58064e-05,969,test
6.26672e-05,6.051581e-06,0.999042,1.7260215e-06,3.800289e-06,0.0008510734,5.6710282e-06,2.7022805e-05,970,test
0.99250835,0.00013670891,0.0032677848,0.00019099323,4.7818667e-05,0.00018738054,0.003008074,0.0006528801,971,test
0.9909304,0.0003346909,0.00394798,0.00015758656,2.6483072e-05,0.00013627813,0.0036397353,0.000826903,972,test
6.744809e-05,1.1850097e-05,0.99913484,2.2775541e-06,7.3577444e-06,0.0007454394,1.8097461e-06,2.9002947e-05,973,test
0.9910082,8.799418e-05,0.005738407,5.156996e-05,2.452648e-05,0.0008235043,0.0017763384,0.00048939063,974,test
0.9974044,2.0040316e-05,0.0017752436,1.0201601e-05,1.274538e-06,2.4184374e-05,0.0006432858,0.000121343066,975,test
9.823136e-06,3.3624895e-06,0.9999677,2.332011e-08,1.7347672e-07,1.7904747e-05,9.3356226e-07,7.1142715e-08,976,test
0.35197362,0.023004308,0.008676402,0.011891805,0.0028516217,0.0023497147,0.5839047,0.015347901,977,test
0.9999527,4.9103203e-08,1.1382391e-06,5.8268363e-08,9.7828385e-09,6.985365e-08,4.3397264e-05,2.5275008e-06,978,test
2.7343518e-05,6.5139584e-06,0.9998783,3.2123577e-07,1.0751369e-06,8.439144e-05,1.4957749e-06,5.4588736e-07,979,test
3.460806e-05,1.1417075e-05,0.99985147,5.6506606e-06,3.6161332e-06,6.086463e-05,2.8424514e-05,3.983965e-06,980,test
0.00015704676,8.842945e-06,0.99968386,3.675564e-06,2.2232382e-06,5.177203e-05,7.952263e-05,1.3115046e-05,981,test
0.00015768563,6.826674e-06,0.9997477,5.9739284e-07,7.4904946e-08,1.1021261e-05,7.419227e-05,1.7960737e-06,982,test
1.8668039e-05,4.1299418e-06,0.9999466,7.5499244e-08,2.617804e-07,2.9144538e-05,9.749492e-07,1.8957985e-07,983,test
0.9999386,8.781409e-07,2.3989782e-05,1.5526412e-07,5.92783e-09,3.9521936e-08,1.2989418e-05,2.3327633e-05,984,test
7.973066e-06,1.9255278e-06,0.9998135,1.907463e-06,4.288451e-07,0.0001515245,7.77678e-07,2.204491e-05,985,test
1.2008063e-05,7.6226814e-07,0.99991417,5.446615e-07,5.773269e-08,5.9117596e-05,9.4222395e-07,1.2349675e-05,986,test
5.473497e-06,2.0217994e-06,0.9999485,8.8026087e-07,8.3690146e-08,3.72598e-05,6.5348655e-07,5.1257225e-06,987,test
2.634292e-05,3.689014e-06,0.9998288,1.7288725e-06,2.790892e-07,0.0001317327,1.1896847e-06,6.2615527e-06,988,test
0.99991333,1.833259e-06,5.9787148e-05,2.381684e-07,1.5023133e-08,1.8474866e-07,1.5734751e-05,8.793788e-06,989,test
1.1143247e-05,3.9180577e-06,0.99989176,1.564354e-06,5.8289186e-07,8.0364545e-05,9.159758e-07,9.744018e-06,990,test
7.3814283e-07,3.2810806e-06,1.573888e-06,3.6662755e-07,6.873793e-11,7.51486e-08,4.7420904e-06,0.9999893,991,test
0.0006632713,0.00018392855,0.99817204,1.6301688e-05,0.00013658637,0.00079314056,1.4569879e-05,2.0142976e-05,992,test
0.0007726179,0.00020193236,0.9979366,2.3552007e-05,0.0001192474,0.00090782467,1.654359e-05,2.1699569e-05,993,test
0.0008064839,7.5984295e-05,0.0021352523,6.5339805e-06,0.0039389394,0.9929264,2.9896963e-05,8.04403e-05,994,test
0.00070658344,0.0002697521,0.9966667,2.6815684e-05,9.663037e-05,0.0021756385,2.8500863e-05,2.9353492e-05,995,test
0.00032435404,0.99789494,0.00039535484,0.00017771745,3.2915912e-06,4.449038e-05,0.0010527981,0.00010706665,996,test
0.9988165,9.238466e-05,0.00053951907,3.3083856e-05,4.0552583e-05,0.00015954998,0.00026138147,5.7095287e-05,997,test
0.0014235951,0.0013508509,0.0051645935,0.00031726976,0.968293,0.023085708,0.00014908842,0.00021591765,998,test
0.0003345671,5.0842315e-05,0.9980831,5.3449135e-06,0.0001040897,0.0014065901,2.7455517e-06,1.2668258e-05,999,test
0.0003058851,7.148373e-06,0.99882704,5.6635768e-06,3.5399047e-05,0.0007850271,1.7615956e-05,1.6224016e-05,1000,test
0.00024224981,5.26685e-06,0.99911195,1.3806691e-06,1.0867842e-05,0.00060683803,1.0535554e-05,1.1026613e-05,1001,test
0.00023836007,1.0673636e-05,0.99841535,5.4454804e-06,8.561165e-05,0.0012117542,7.4214354e-06,2.5381682e-05,1002,test
0.00019794557,0.0005073049,0.0010894105,0.00031116602,0.9913646,0.0062400852,8.288407e-05,0.00020657298,1003,test
0.0001177833,1.7412382e-05,0.00029196776,5.043383e-06,0.006537304,0.99295735,5.3255822e-05,1.9912415e-05,1004,test
0.9985329,0.000111078254,0.00053496106,5.9165963e-05,3.2246146e-05,0.00017519516,0.0004921064,6.242011e-05,1005,test
0.00013804798,4.784788e-06,0.9991666,7.7063714e-07,2.0856325e-05,0.00065546215,3.2919443e-06,1.0198079e-05,1006,test
0.00020842974,1.5592625e-05,0.9989436,2.0114173e-06,5.3606425e-05,0.0007663999,3.0254678e-06,7.4690115e-06,1007,test
0.9968252,0.0001572911,0.001800298,0.000101081794,7.3517534e-05,0.00035739972,0.00045581436,0.00022930268,1008,test
1.7610006e-05,1.980593e-06,0.99992764,6.950539e-07,6.0758052e-06,4.118491e-05,4.171553e-06,5.828183e-07,1009,test
2.5131034e-05,4.067095e-06,0.9997814,1.2778327e-06,3.932342e-05,0.00014235746,5.119717e-06,1.253771e-06,1010,test
6.9766436e-05,7.1324306e-05,0.000774827,0.00026512326,0.9961505,0.002407423,0.00011232483,0.00014859565,1011,test
0.99865985,3.5114204e-05,0.00093050534,5.9506012e-05,6.76283e-06,0.00013627428,0.00013889898,3.3050666e-05,1012,test
1.5927228e-05,2.8123602e-06,0.99993896,2.8344405e-07,7.538032e-06,2.9910236e-05,4.1632384e-06,4.0623527e-07,1013,test
1.8837844e-05,1.7028287e-06,0.9999052,5.8670776e-07,1.2168972e-05,5.636269e-05,4.200706e-06,9.468951e-07,1014,test
0.85491115,0.0024147176,0.10801266,0.0008906615,0.0057268427,0.023494277,0.0025530723,0.0019966734,1015,test
2.0018926e-05,9.578887e-06,0.00038111408,5.954766e-06,2.5954068e-05,0.99944896,4.9561404e-05,5.8874208e-05,1016,test
0.029574586,0.0010742542,0.0018438714,0.010179039,0.0004593941,0.002052997,0.9508751,0.003940783,1017,test
8.183418e-05,1.5360256e-05,0.99942005,4.5221324e-05,1.0832441e-06,0.00031687706,7.1940834e-05,4.7611837e-05,1018,test
9.197005e-06,6.3756056e-06,0.9998648,1.5968095e-05,2.8068387e-06,9.3343166e-05,6.350846e-06,1.1631531e-06,1019,test
1.2773434e-05,4.032289e-06,0.9998671,1.322698e-05,1.4403646e-06,8.297809e-05,1.6520045e-05,1.8746056e-06,1020,test
5.340298e-06,4.9352816e-06,0.9998523,5.0568597e-06,2.3550333e-06,0.0001279216,1.2749106e-06,7.575764e-07,1021,test
0.9997223,4.993563e-05,8.082011e-05,4.34067e-06,4.790726e-07,2.38513e-06,0.00012937318,1.035048e-05,1022,test
8.583674e-05,1.2398145e-05,0.9994455,4.379002e-05,7.4084687e-06,0.00023485479,0.000116151605,5.4043085e-05,1023,test
0.00057425245,9.2147144e-05,0.9906266,0.00013024246,0.0005059143,0.007632185,0.00013149188,0.00030727522,1024,test
0.00027696113,2.665363e-05,0.99839705,5.0972707e-05,0.00010389163,0.0009803751,6.80209e-05,9.5955125e-05,1025,test
1.753494e-05,6.716511e-05,0.0001564726,0.00028662864,0.99297124,0.0063788597,7.330463e-05,4.8844693e-05,1026,test
0.9937644,9.995909e-05,0.0048437314,3.8694583e-05,0.00012492671,0.00028976082,0.00053951924,0.00029893967,1027,test
0.9995764,1.4600776e-05,0.00015198406,1.4684211e-05,3.106121e-06,1.1411007e-05,0.00019861855,2.922257e-05,1028,test
0.99601895,0.00020953496,0.0027960334,2.282356e-05,0.00012430553,0.00020491448,0.0002464954,0.00037693657,1029,test
0.000102887745,9.52557e-06,0.9987423,8.9044e-06,3.4464098e-05,0.0010291071,1.7868555e-05,5.4964697e-05,1030,test
7.197078e-05,8.093588e-06,0.99863154,1.04046785e-05,4.4830806e-05,0.0012033435,7.528076e-06,2.2280143e-05,1031,test
4.3681753e-06,1.7813182e-06,0.99945503,7.786833e-06,9.683507e-06,0.00050808955,3.0774368e-06,1.014428e-05,1032,test
0.0016222174,1.52359935e-05,0.00084591313,0.000102887745,9.4532e-06,5.3487685e-05,0.99691427,0.0004365286,1033,test
0.99634355,2.094377e-05,0.00080302526,1.011592e-05,4.138335e-06,0.00012666572,0.0024943554,0.00019711786,1034,test
0.9975763,3.189038e-05,0.0014047741,4.663826e-06,1.4559024e-06,2.05253e-05,0.0008193057,0.00014121766,1035,test
0.99357575,5.6008896e-05,0.00476496,4.472896e-06,5.4251605e-06,9.632793e-05,0.001231841,0.00026518988,1036,test
0.9749116,7.2089904e-05,0.013453419,4.1934658e-05,1.44020405e-05,0.00019319971,0.010187261,0.0011260413,1037,test
0.9969404,1.1246596e-05,0.0004049041,8.974832e-06,9.512371e-07,4.374875e-05,0.0024906043,9.9171244e-05,1038,test
2.1102094e-06,3.4797364e-07,0.99982303,2.7636602e-06,7.43483e-07,0.00016403859,1.3669868e-06,5.657995e-06,1039,test
0.9976555,5.1470462e-05,0.0018278048,2.0776126e-05,2.6265689e-05,4.6262783e-05,0.00020258638,0.00016935122,1040,test
0.9999386,9.147284e-07,2.0698142e-05,2.131126e-06,2.6858646e-07,8.5932834e-07,2.7815606e-05,8.69071e-06,1041,test
7.560774e-06,2.9241275e-07,0.99989295,1.477979e-07,2.9911184e-06,9.563855e-05,1.8826816e-07,1.1859381e-07,1042,test
0.00020454524,7.2907534e-07,0.999673,2.2996653e-06,6.3111534e-06,9.972276e-05,2.4968415e-06,1.0895432e-05,1043,test
0.99995244,6.051255e-07,8.443106e-06,1.311201e-06,9.940103e-08,1.695341e-07,2.9948145e-05,6.9908288e-06,1044,test
3.418122e-07,2.1549615e-06,1.968305e-06,1.0125461e-05,0.999721,0.00025768083,2.316202e-06,4.3337604e-06,1045,test
3.5838973e-05,4.7246062e-06,0.99974865,1.2059343e-05,3.5137444e-05,0.00015904366,3.2635724e-06,1.2711739e-06,1046,test
2.5211517e-05,9.782075e-07,0.9998192,2.9036007e-06,6.7534174e-06,0.0001411389,2.8836407e-06,9.260776e-07,1047,test
4.2758533e-05,2.1542714e-06,0.999498,1.0714839e-06,3.164162e-06,0.00044564105,1.1709453e-06,6.0202406e-06,1048,test
6.4583306e-05,2.0195619e-06,0.9994803,1.3633694e-06,3.3469437e-06,0.00043195393,1.4254044e-06,1.4992637e-05,1049,test
0.999694,8.4821875e-07,3.202599e-05,2.0572038e-06,1.7613682e-07,6.829507e-07,0.00022600795,4.4377142e-05,1050,test
2.5951114e-05,4.840327e-07,0.99938464,1.14117665e-05,3.521717e-06,0.00054783147,7.788557e-06,1.842575e-05,1051,test
2.9840396e-05,5.2759856e-06,0.99980134,4.3911297e-07,1.793392e-06,0.0001580476,5.248767e-07,2.8640618e-06,1052,test
0.9991547,3.3438757e-06,0.0003645668,1.5086654e-06,3.5887533e-07,1.7979481e-06,0.00032324635,0.00015044902,1053,test
0.00016590631,1.0482821e-05,0.9990687,1.5856139e-06,8.4534895e-06,0.00073999044,1.8429225e-06,3.194389e-06,1054,test
4.7225356e-05,1.236744e-05,0.99974567,1.5167122e-06,5.9947215e-06,0.00018475743,8.356389e-07,1.5570143e-06,1055,test
0.00024005886,2.0754312e-06,0.9994754,3.5747263e-07,1.6117096e-06,0.00025420278,2.1073386e-06,2.4249757e-05,1056,test
0.99979657,4.852766e-07,7.0773036e-05,4.9297586e-07,2.4371781e-08,5.096647e-07,0.000119958175,1.1249265e-05,1057,test
0.00013123419,6.24869e-07,0.9997167,3.7210646e-07,6.4577216e-07,0.00014058602,2.9395048e-06,6.7559326e-06,1058,test
0.00010240212,1.2012093e-06,0.9996991,4.075645e-07,1.7779307e-06,0.00018871453,1.0941246e-06,5.3659373e-06,1059,test
4.7854846e-06,1.7103338e-07,3.159712e-05,8.5134765e-08,1.0655058e-05,0.9999498,1.6137516e-06,1.297387e-06,1060,test
0.9995534,2.5132551e-06,0.00027396393,6.6073494e-07,2.3013347e-07,3.6749161e-06,0.00013622073,2.9357627e-05,1061,test
0.9997124,5.458488e-07,0.0002658141,9.372119e-09,5.6639684e-09,2.8856803e-07,1.5874719e-05,4.9544624e-06,1062,test
5.2666564e-05,2.8984334e-07,0.9997733,8.666672e-08,2.4994162e-07,0.00017188422,3.2093814e-07,1.102487e-06,1063,test
4.0876675e-05,7.7988125e-07,0.9998122,6.1516002e-06,1.2613365e-06,0.00013263764,4.996577e-06,1.0163822e-06,1064,test
0.9988979,1.4762246e-06,0.0004442924,4.6670417e-07,1.9113158e-07,9.5481755e-06,0.00061915565,2.6907823e-05,1065,test
0.9995005,8.82565e-07,3.77506e-05,2.0191173e-06,3.9704346e-08,1.652039e-06,0.00043920096,1.7959746e-05,1066,test
0.013523014,0.00011652375,0.002960795,0.004292489,0.00018644235,0.00036752666,0.9766371,0.001916068,1067,test
0.99987113,3.3160334e-06,4.9189497e-05,1.1338357e-06,8.791211e-08,2.5204304e-06,6.487734e-05,7.735225e-06,1068,test
0.9998154,3.5931134e-07,2.6926966e-05,7.798541e-07,5.3781715e-08,1.8748038e-06,0.00014225385,1.2435018e-05,1069,test
3.872755e-05,1.1461469e-06,0.999835,9.088545e-06,1.7327869e-06,9.3163224e-05,1.626629e-05,4.8893708e-06,1070,test
2.526713e-05,9.091678e-07,0.99984634,6.5413303e-07,6.3374154e-07,0.00011864446,6.991547e-06,5.611807e-07,1071,test
0.998418,4.2818183e-06,0.0007979296,1.3216151e-05,1.9060253e-06,5.299802e-05,0.000620911,9.072701e-05,1072,test
0.00016311399,2.7955682e-06,0.99944264,1.3801503e-06,1.294921e-06,0.00033327908,6.1023743e-06,4.9401264e-05,1073,test
0.99787354,1.8986027e-05,0.0014765683,1.1480584e-05,3.323524e-06,5.0532548e-05,0.0004124238,0.0001530908,1074,test
5.6814308e-05,1.4902968e-06,0.99977416,1.6222556e-07,3.6717105e-07,0.00015500242,6.05114e-07,1.136077e-05,1075,test
1.1032687e-05,2.4278208e-06,0.99991024,1.2812173e-07,1.0438522e-06,6.820875e-05,3.6636773e-06,3.2600308e-06,1076,test
7.8765224e-05,1.8438236e-06,0.9996619,1.8295717e-07,4.1872718e-07,0.00024756358,7.747562e-07,8.517887e-06,1077,test
6.408372e-05,2.3459231e-06,0.9998902,1.0187602e-07,1.0279202e-07,3.63339e-05,9.536369e-07,5.897723e-06,1078,test
0.00014648662,2.0102993e-06,0.9997422,1.104487e-06,3.5539466e-07,6.474111e-05,3.4003904e-05,9.14803e-06,1079,test
3.9565307e-06,1.177811e-06,0.9999815,3.0171879e-07,9.910268e-07,1.1623746e-05,1.8738486e-07,1.4667862e-07,1080,test
3.9375886e-06,2.0917341e-06,0.9999709,3.01407e-07,1.4463162e-06,2.1128308e-05,1.3689589e-07,6.432453e-08,1081,test
2.7422348e-06,0.999887,4.689914e-06,2.8448371e-06,7.5076196e-07,3.0081628e-07,9.131351e-05,1.0253772e-05,1082,test
6.012456e-05,1.0748148e-06,0.9999316,1.2345791e-07,7.014082e-08,5.8551836e-06,4.9227054e-07,6.599941e-07,1083,test
0.9999945,4.5705727e-07,1.0907874e-06,7.57362e-07,6.320026e-08,4.1751953e-08,9.558662e-07,2.0284049e-06,1084,test
0.994364,6.610424e-05,0.0050421045,6.6026023e-06,0.00012219937,0.0003451387,1.6150767e-05,3.764869e-05,1085,test
3.2528349e-06,1.0552394e-06,0.99996734,1.7646967e-07,5.381598e-07,2.7395992e-05,8.92273e-08,7.049459e-08,1086,test
3.287236e-05,3.447758e-07,0.9999558,1.3291758e-07,1.08266306e-07,9.656488e-06,5.18555e-07,5.431958e-07,1087,test
6.592744e-05,8.042152e-06,0.9993032,3.043379e-06,0.00014798461,0.00046818246,9.782538e-07,2.5551483e-06,1088,test
0.00013241231,2.341658e-05,0.9996407,5.7499838e-06,1.6328258e-05,0.00017305282,5.7527423e-06,2.6111263e-06,1089,test
0.9998004,4.2813623e-05,3.9900522e-05,1.1197718e-05,6.5075176e-07,2.7122536e-05,7.615289e-05,1.8244485e-06,1090,test
0.8968164,0.000247651,0.09674571,9.261296e-06,0.00022005104,0.0052804286,0.0006131966,6.735458e-05,1091,test
0.00054973474,0.00010143287,0.99810326,5.718908e-05,6.6311775e-05,0.0010657252,5.052187e-05,5.685282e-06,1092,test
1.5436279e-05,0.0013381861,0.0010452039,4.7561302e-06,1.6689657e-05,0.8708537,0.000811531,0.12591451,1093,test
0.007483229,0.0021930907,0.042120013,0.00028338403,0.18094502,0.76625234,0.0005202131,0.00020272678,1094,test
9.096369e-05,1.4317659e-05,0.9996364,2.0736209e-06,1.3517592e-05,0.00024082816,1.3689624e-06,4.982697e-07,1095,test
0.9993298,5.215657e-05,0.00028398918,9.553233e-06,2.7603219e-06,6.9432285e-06,0.00026248954,5.2324864e-05,1096,test
3.4479683e-05,0.9997086,5.7309364e-05,1.8589733e-05,1.4305803e-06,2.8743193e-06,0.0001376936,3.896637e-05,1097,test
0.0005080686,5.855889e-05,0.99822587,1.7155362e-05,5.448906e-05,0.0010152804,4.341832e-05,7.724306e-05,1098,test
0.0003344817,8.873404e-05,0.9987662,8.041848e-06,7.4906704e-05,0.00065807294,3.1135896e-05,3.8475726e-05,1099,test
0.00036742253,6.046126e-05,0.9988809,7.321372e-06,2.630191e-05,0.0006123534,2.3120136e-05,2.203525e-05,1100,test
0.00038872557,7.5556614e-05,0.9984723,1.5171985e-05,7.1320916e-05,0.00081152184,0.00012704401,3.842711e-05,1101,test
6.4634616e-05,2.903882e-05,0.00015891936,1.7266817e-05,0.001481867,0.9981901,2.8611254e-05,2.9650017e-05,1102,test
0.99875796,8.777962e-05,0.00063737156,1.2120064e-05,4.0188265e-06,1.2696521e-05,0.0004222718,6.58075e-05,1103,test
5.4995508e-06,1.6753212e-06,0.9998975,3.142526e-07,8.513019e-07,8.696941e-05,3.4082907e-06,3.7258517e-06,1104,test
0.9997148,2.0131527e-06,7.006389e-05,3.1229006e-06,1.391264e-07,3.4563272e-06,0.00018110266,2.5213427e-05,1105,test
8.165177e-05,3.958458e-07,0.9997385,5.4414113e-07,3.9607423e-07,0.00015382355,5.311984e-06,1.936461e-05,1106,test
8.177269e-06,1.0898056e-06,0.99993515,1.7921538e-07,5.111758e-07,5.1219526e-05,1.8369619e-06,1.8412504e-06,1107,test
0.9985739,3.3484337e-06,0.0007351722,5.647839e-06,5.9784174e-06,2.377668e-05,0.00038891478,0.00026323422,1108,test
9.4199226e-05,6.6734824e-06,0.9992908,6.429403e-06,2.632734e-05,0.00050637993,1.182388e-05,5.734724e-05,1109,test
9.056483e-06,2.8382271e-06,0.99990106,3.6393388e-07,8.7665114e-07,8.298234e-05,1.4881269e-06,1.4401264e-06,1110,test
4.2631997e-05,7.1964764e-06,0.9994622,9.306176e-06,2.3254917e-05,0.00042680715,9.217198e-06,1.9434527e-05,1111,test
2.0261834e-06,7.953683e-08,4.8175093e-06,7.41932e-08,3.7325547e-06,0.9999888,3.2632587e-07,1.6845448e-07,1112,test
0.00067148247,6.212564e-05,0.9795889,7.257954e-05,0.00043588213,0.01826852,0.00021302285,0.0006874305,1113,test
0.9781884,0.00018127939,0.019486962,1.1039537e-05,4.960447e-05,0.00068707246,0.0011252174,0.00027052258,1114,test
4.892928e-06,2.7219235e-07,0.9998109,1.7766844e-07,1.3514756e-07,0.00018229547,4.5986573e-07,9.591046e-07,1115,test
0.0007427852,5.120195e-05,0.00017277282,3.4267385e-05,2.7191581e-06,8.201861e-05,0.998865,4.9216913e-05,1116,test
0.99964,3.3951032e-06,0.00011639602,8.7061544e-08,8.704544e-08,3.1474553e-06,0.00023182375,5.000607e-06,1117,test
0.9954573,1.8771972e-05,0.0023752663,5.4496326e-07,9.205709e-07,5.97674e-05,0.0020441774,4.3309796e-05,1118,test
0.9994597,2.50976e-06,5.0558454e-05,2.1463993e-07,2.2748482e-07,1.0100972e-05,0.0004704239,6.21325e-06,1119,test
0.9996979,1.1851761e-06,1.1016105e-06,5.544429e-07,7.810615e-08,1.7850949e-06,0.0002967735,5.4257896e-07,1120,test
0.9986646,3.6613822e-06,0.0005610839,2.796076e-06,2.433869e-06,2.5333433e-05,0.0007160754,2.4022642e-05,1121,test
7.360463e-07,2.676324e-07,0.99997354,7.423223e-07,1.0571619e-06,2.3155646e-05,3.1490026e-07,1.11918936e-07,1122,test
0.9955473,0.00033846294,0.00087745953,1.3916193e-05,2.6452937e-05,0.00014321721,0.0027637375,0.00028945605,1123,test
6.72501e-05,0.9995059,3.9160288e-05,6.1049723e-06,5.471898e-06,7.7954576e-07,0.00035057473,2.4791392e-05,1124,test
0.0011003762,0.000119546414,0.99848783,1.0577311e-05,2.4660496e-06,2.5369853e-05,0.00023234406,2.145071e-05,1125,test
2.7208637e-07,1.7133685e-07,0.999985,3.1590065e-07,1.2295631e-07,1.4032413e-05,1.0889783e-07,6.656384e-08,1126,test
5.693095e-07,1.0185202e-07,0.99996364,3.9217957e-07,2.668323e-07,3.4799967e-05,1.7531312e-07,1.6314587e-07,1127,test
9.161402e-05,2.7661029e-06,0.0033717018,9.43582e-06,0.008330523,0.9881044,3.7756436e-06,8.585822e-05,1128,test
1.2557582e-06,1.1631959e-07,0.99991643,3.285734e-07,1.0431023e-06,8.078255e-05,4.5924438e-08,1.1703307e-07,1129,test
0.9997913,3.1430961e-06,3.4409608e-05,5.044014e-06,8.3390967e-07,6.014213e-06,0.00013518869,2.4096784e-05,1130,test
0.013981148,7.381042e-05,0.983073,0.0008315564,5.8863297e-05,0.0007569111,0.00086532405,0.00035943658,1131,test
1.696709e-05,8.795248e-07,0.99958605,1.570836e-05,2.7844355e-05,0.00034414078,1.2584202e-06,7.1415143e-06,1132,test
0.99961996,4.1876337e-06,6.208462e-05,3.6991985e-06,7.1599686e-07,1.5053652e-05,0.00028384765,1.0459808e-05,1133,test
0.9997919,2.1549129e-06,2.4507051e-05,4.7345848e-06,5.669488e-07,8.118392e-06,0.00014980152,1.8177268e-05,1134,test
0.001685281,5.5192824e-05,0.99743444,4.9426897e-05,2.8840353e-05,0.0006363554,6.232066e-05,4.8187623e-05,1135,test
0.00034147315,3.493658e-05,0.9986525,2.2270198e-05,1.6449181e-05,0.0006823499,5.2112024e-05,0.00019781334,1136,test
0.00019411222,1.5631449e-05,0.9993024,9.53424e-06,7.9597385e-06,0.00032443725,1.535388e-05,0.00013057332,1137,test
0.00020199579,1.0909254e-05,0.9988795,1.7362061e-05,1.719645e-05,0.0006832703,2.8906605e-05,0.00016077422,1138,test
0.0007985622,2.5934518e-05,0.99788684,8.195017e-05,1.3552085e-05,0.0006137735,0.00019582015,0.000383523,1139,test
0.0004251648,1.615566e-05,0.9983088,2.4641298e-05,2.5151903e-05,0.00092431495,6.0825452e-05,0.00021493662,1140,test
1.6737376e-05,0.001113047,1.8129967e-05,1.8051276e-05,2.562356e-07,0.00013311363,0.00014009333,0.9985605,1141,test
0.0016252113,0.00016857358,0.0008739717,0.99065197,0.0008073356,0.0012590684,0.0023631512,0.002250789,1142,test
0.998254,8.4696185e-06,4.9682625e-05,1.36450135e-05,6.575062e-06,1.6885811e-05,0.0014869947,0.00016374649,1143,test
6.931607e-05,1.0821261e-06,0.999814,5.529901e-07,2.3080435e-07,0.00011131753,1.2091277e-06,2.2828788e-06,1144,test
8.108425e-06,6.8124046e-07,5.1582898e-05,9.501617e-07,2.398441e-05,0.999912,1.5266696e-06,1.0850938e-06,1145,test
0.99986434,2.0038278e-06,7.908657e-05,8.706627e-07,1.0218123e-07,1.7930245e-06,5.0309904e-05,1.3726085e-06,1146,test
0.99906963,1.2695325e-05,0.00085466524,2.6463593e-07,2.2628731e-07,6.4038904e-06,4.7949827e-05,8.187967e-06,1147,test
0.07727847,5.6556684e-05,0.9218835,2.2878298e-06,1.9315241e-06,0.00056799705,0.000104512,0.0001047379,1148,test
0.9986167,1.1833057e-05,0.001334244,1.14326156e-07,3.353612e-07,9.120607e-06,1.2132618e-05,1.5493397e-05,1149,test
3.746386e-05,3.91222e-06,0.9996654,3.8757474e-07,1.2395355e-06,0.00028941064,1.5296401e-06,6.789524e-07,1150,test
9.359814e-07,0.9999721,1.7122087e-06,2.509207e-07,4.4880957e-09,9.641411e-09,1.7090333e-05,7.85643e-06,1151,test
1.6975619e-05,1.4274341e-06,0.9981123,3.864095e-07,1.2685609e-06,0.0018629958,8.375797e-07,3.813416e-06,1152,test
0.99278754,0.00055061333,0.0056971475,1.1715338e-05,1.0591731e-05,0.00032187242,0.0005137089,0.00010687154,1153,test
0.99842787,3.8279246e-05,0.0010020989,7.453382e-06,1.6155544e-06,0.00016783238,0.00034931037,5.5024657e-06,1154,test
4.8870035e-05,3.0259785e-06,0.9961448,1.455303e-06,6.862548e-07,0.0037948717,3.4908337e-06,2.941209e-06,1155,test
0.9933489,4.7262445e-05,0.0050067613,1.1116033e-05,9.701468e-06,0.0008592923,0.0006923327,2.4605217e-05,1156,test
5.6072195e-06,7.952944e-06,2.6662905e-05,3.850299e-06,5.830774e-06,0.9999225,1.4516817e-05,1.3125813e-05,1157,test
4.637775e-05,3.392087e-06,0.9983071,2.1360838e-06,3.3168858e-06,0.0016219297,6.128677e-06,9.655114e-06,1158,test
3.1926753e-05,5.1530847e-06,0.99733114,1.193502e-06,7.0784613e-06,0.0026185692,1.647226e-06,3.2575253e-06,1159,test
6.0946986e-05,4.0366817e-06,0.9996817,1.0979809e-05,4.1617864e-06,0.00015821612,7.023443e-05,9.811339e-06,1160,test
7.913442e-05,5.943697e-06,0.99967015,2.5993913e-06,3.9389734e-06,0.00020191098,2.7945905e-05,8.290998e-06,1161,test
0.0015924901,6.129341e-05,0.0021606267,0.001131966,3.0919855e-05,8.8362394e-05,0.9944776,0.0004567184,1162,test
0.99890363,1.8507768e-05,0.0002724042,9.824538e-06,1.7363466e-06,2.4592928e-05,0.00070956093,5.9667054e-05,1163,test
0.00043239884,6.644107e-05,0.9972921,4.7057954e-05,0.00017127019,0.0017665828,0.00016748311,5.656813e-05,1164,test
7.3561656e-05,9.2101745e-06,0.9992895,5.1322218e-06,2.0562413e-05,0.0005621772,2.9511231e-05,1.0323883e-05,1165,test
0.00023911252,3.1351672e-05,0.99885726,3.9953124e-05,2.6054659e-05,0.00062331546,0.00015777568,2.5137131e-05,1166,test
0.9953029,4.4976747e-05,0.002610678,6.753648e-06,7.94045e-06,5.132363e-05,0.0018526547,0.00012269446,1167,test
2.1644073e-06,1.1288404e-07,0.99996054,2.4977405e-08,8.595832e-09,3.6081306e-05,8.7458346e-08,9.958719e-07,1168,test
3.4147965e-06,3.2104197e-08,0.9999496,8.011745e-08,3.8139007e-08,4.211171e-05,3.5284137e-07,4.396347e-06,1169,test
2.558444e-06,9.607711e-08,0.9999758,4.3517566e-08,1.0078895e-08,2.0143554e-05,8.204723e-08,1.231275e-06,1170,test
0.004009667,1.1734411e-06,0.99588674,1.8948233e-08,1.3066957e-08,1.0567247e-05,1.5926118e-05,7.581546e-05,1171,test
0.9996302,3.428394e-06,0.00017065022,1.780012e-06,3.0464875e-07,3.2345017e-06,0.00016234638,2.8063552e-05,1172,test
1.36538965e-05,1.4468984e-07,0.9999733,3.9607222e-08,6.9169204e-09,7.1121062e-06,6.7928914e-07,5.012943e-06,1173,test
4.572748e-06,7.1661725e-07,0.99997485,5.263893e-08,3.784345e-08,1.8596476e-05,4.7218208e-07,6.2977335e-07,1174,test
2.5414022e-06,1.6382366e-08,0.9999759,7.939772e-08,5.8710468e-09,1.662678e-05,2.9149922e-07,4.6722507e-06,1175,test
7.0637e-05,7.413602e-07,4.4140237e-05,1.4707975e-05,2.1229784e-08,1.43921425e-05,0.99976856,8.68734e-05,1176,test
1.7022512e-05,9.3135907e-07,0.9997354,3.1340846e-06,1.0245058e-06,0.0002368831,2.546822e-06,3.0854364e-06,1177,test
0.99965525,4.4801325e-07,0.00013352658,4.9761404e-08,4.986629e-08,1.2126077e-06,0.00019107603,1.8411238e-05,1178,test
1.3642213e-05,8.066268e-07,0.99992216,1.06801e-06,2.5532916e-07,5.8400245e-05,1.9380757e-06,1.7148211e-06,1179,test
5.333854e-05,3.4628251e-06,0.99969435,4.968757e-06,6.1851244e-07,0.00023050807,6.4677984e-06,6.33222e-06,1180,test
2.5568152e-05,9.876421e-07,0.9998306,2.2043237e-06,4.1397084e-07,0.00013165694,5.132078e-06,3.3662573e-06,1181,test
1.1126571e-06,2.5306841e-05,4.52069e-06,3.092793e-06,2.2279638e-09,5.0287326e-06,0.00010906496,0.9998518,1182,test
0.99955386,2.8426135e-07,4.7863527e-05,2.1760037e-07,6.490652e-08,3.2886758e-06,0.00038508512,9.325707e-06,1183,test
0.00012249553,0.9992944,6.8932924e-05,7.677406e-05,7.771308e-06,5.6134933e-05,0.00028854635,8.5017855e-05,1184,test
6.9443566e-05,0.9994355,4.904242e-05,6.8047564e-05,8.37189e-06,4.686221e-05,0.00024366863,7.9131845e-05,1185,test
0.009257925,0.0037878058,0.14811072,0.022498745,0.76175547,0.04613057,0.006787733,0.0016709991,1186,test
0.00037874773,0.00011338483,0.9992465,6.4352703e-06,2.5324585e-05,0.00017742689,4.2898224e-05,9.307016e-06,1187,test
0.00023474939,4.6189863e-05,0.9992418,9.015609e-05,1.395137e-05,0.00021140375,0.00011339166,4.8270336e-05,1188,test
0.99879384,7.6670935e-05,0.00017035824,2.017793e-05,1.8251227e-05,3.258471e-05,0.00086792605,2.0283309e-05,1189,test
0.0006314296,6.432377e-05,0.9987739,5.9730577e-05,9.218336e-06,0.00017459522,0.0002202248,6.655419e-05,1190,test
0.0019572705,0.00024719952,0.0023489262,0.0002930174,7.8089666e-05,0.004502971,0.003914134,0.9866585,1191,test
7.15809e-06,0.00021463992,0.000118817465,1.6687032e-05,1.3863145e-07,0.00026009802,0.0002348571,0.99914753,1192,test
5.524711e-07,1.797889e-05,2.3550032e-05,5.3675076e-06,4.816739e-09,4.2343632e-05,3.5961566e-05,0.99987423,1193,test
0.99454075,0.00040188822,0.001657201,4.214119e-05,9.191596e-05,0.00021137192,0.0029196267,0.00013509367,1194,test
8.879861e-05,0.00023520458,0.00046126003,0.00019942965,0.99270636,0.005934686,0.0001166698,0.0002575648,1195,test
7.0785964e-06,1.9262834e-06,0.9994735,5.5156092e-06,2.8993184e-06,0.0004766175,1.3084331e-05,1.9280156e-05,1196,test
0.9964606,0.00016728842,0.0013774432,4.083398e-05,0.00011160573,0.00034969416,0.0013508255,0.00014162154,1197,test
1.1206202e-05,4.1126473e-06,0.99945265,9.602749e-06,5.447791e-06,0.00047874497,1.996495e-05,1.8234723e-05,1198,test
0.9986259,5.3300737e-05,0.00036032408,1.9005161e-05,4.0856765e-05,0.00015354807,0.00066854834,7.854174e-05,1199,test
5.817924e-07,0.9999902,3.567974e-06,1.2896781e-07,3.303473e-08,2.4648596e-09,5.171571e-06,3.0169866e-07,1200,test
5.7633365e-06,1.2631166e-07,0.99998033,3.2854068e-08,1.9208802e-08,1.3515745e-05,1.194633e-07,6.4814316e-08,1201,test
0.99981016,3.1140912e-06,0.00015278177,1.1749521e-07,1.1044097e-07,2.0528958e-06,2.6800957e-05,4.8365937e-06,1202,test
1.5087706e-05,2.8763455e-07,0.9999751,1.1417997e-07,2.567522e-08,8.541219e-06,5.5394383e-07,2.406926e-07,1203,test
0.99996483,6.1618846e-07,2.6989639e-05,1.0207145e-08,1.2258455e-09,2.35321e-08,7.1585905e-06,4.6962833e-07,1204,test
2.7445061e-05,3.3333475e-07,0.9999554,2.8946351e-07,1.04242446e-07,1.5166363e-05,1.0885615e-06,2.0592014e-07,1205,test
0.99995387,1.2729453e-06,2.4619725e-05,1.00716655e-07,2.7318979e-08,2.1937575e-07,1.8768213e-05,1.1595197e-06,1206,test
0.9999734,1.8349111e-07,1.0220789e-05,8.162092e-08,3.1743446e-09,1.1161897e-07,1.591449e-05,1.2609355e-07,1207,test
0.018033944,0.00017988792,0.96164024,0.0008394237,0.00068253966,0.01135758,0.0067528235,0.000513615,1208,test
0.0019369163,6.066629e-05,0.9963225,2.8591787e-05,1.1947201e-05,0.0012175927,0.00020753815,0.00021424155,1209,test
5.398856e-05,1.1272767e-05,0.9996195,3.3431366e-05,6.2396894e-06,0.00025861923,5.7443976e-06,1.1250899e-05,1210,test
5.555644e-05,2.365512e-05,0.99962604,2.005481e-05,3.132635e-05,0.00023542538,1.4116235e-06,6.4785613e-06,1211,test
0.00028678356,3.660782e-05,0.9980806,6.6985776e-05,2.8665383e-05,0.0014667987,1.842513e-05,1.5194567e-05,1212,test
3.887816e-06,1.1593771e-06,2.5872803e-05,5.653344e-07,7.8393864e-10,3.3756648e-06,4.9349903e-05,0.9999157,1213,test
6.620796e-05,9.114772e-06,0.9993493,1.8054787e-05,2.0603786e-05,0.0005278544,2.9148846e-06,6.0265706e-06,1214,test
0.00019203142,2.8096307e-05,0.9995121,4.4052133e-05,6.3821753e-06,0.00016911211,3.041846e-05,1.7859133e-05,1215,test
0.00068883965,3.8256443e-05,0.997715,1.773026e-05,9.231667e-05,0.0013946835,3.4549095e-05,1.8636772e-05,1216,test
0.9988996,2.2005317e-05,0.000752551,8.256512e-06,4.6596474e-06,6.471868e-05,0.00021239108,3.5888163e-05,1217,test
0.006577923,0.00014004893,0.9825429,0.00016467477,0.00015378975,0.009918491,0.00026394552,0.00023827168,1218,test
3.686958e-05,1.0111924e-05,0.00014913369,1.5822921e-05,0.0004519493,0.99932075,8.769202e-06,6.564222e-06,1219,test
0.00023635567,4.4513843e-05,0.99799854,8.621653e-06,8.180114e-05,0.001602471,1.57446e-05,1.1982006e-05,1220,test
0.009405933,0.003958418,0.04473917,0.85352504,0.05969511,0.016389972,0.006708224,0.005578156,1221,test
0.99880207,1.4639974e-05,0.000729602,1.6312333e-05,6.2728404e-06,7.715111e-05,0.0003221738,3.1701307e-05,1222,test
0.99789536,2.3673649e-05,0.0015109003,1.531027e-05,7.766951e-06,7.7436656e-05,0.00041954342,4.9966646e-05,1223,test
0.9978867,0.00023976849,0.0008970665,2.7502088e-05,6.6269854e-06,4.3036485e-05,0.00082349364,7.575342e-05,1224,test
0.97393495,0.00025672765,0.025148133,9.652443e-06,3.6031877e-05,0.00024266877,0.0002546707,0.000117181546,1225,test
2.0224665e-05,5.4831494e-06,0.9998822,3.5014008e-07,1.7760904e-06,8.887294e-05,5.7944993e-07,3.9791263e-07,1226,test
5.5602864e-05,1.288257e-05,0.9996117,3.378979e-06,1.5090971e-05,0.000296428,2.2445063e-06,2.7032656e-06,1227,test
3.4069973e-05,5.8545234e-06,0.9998369,1.4691717e-06,3.633184e-06,0.00011509259,1.5529358e-06,1.4346197e-06,1228,test
3.1738993e-05,1.2614765e-05,0.9998301,6.1443785e-07,2.161683e-06,0.000121522105,6.264e-07,5.894122e-07,1229,test
6.5885442e-06,0.99982697,3.5222594e-05,3.6361807e-06,3.6051338e-07,4.6392526e-07,0.000109011286,1.7763066e-05,1230,test
0.99988496,8.120363e-06,1.9219935e-05,3.8516164e-06,4.7564941e-07,1.6706684e-06,7.261938e-05,9.072294e-06,1231,test
0.9998,5.3186413e-06,0.00017060728,4.6414492e-08,1.0679253e-08,6.129225e-08,1.0939581e-05,1.3101158e-05,1232,test
1.0686654e-05,5.5386164e-07,0.99990475,6.77669e-07,1.8039808e-07,6.834766e-05,7.156266e-07,1.4065786e-05,1233,test
4.7469843e-05,7.508757e-06,0.99987483,1.2089238e-07,2.3246682e-07,6.494816e-05,6.72363e-07,4.161344e-06,1234,test
8.110958e-06,1.5889021e-06,0.99994874,2.937968e-07,1.3909607e-07,3.6155867e-05,3.434175e-07,4.6803198e-06,1235,test
3.590076e-06,1.4571409e-06,0.9999248,1.0816615e-07,1.0780077e-07,6.576893e-05,6.642046e-08,4.0548925e-06,1236,test
0.98252904,0.0011377455,0.015371282,1.209889e-05,1.069312e-05,5.9461687e-05,0.00023562113,0.0006440729,1237,test
0.9992105,8.174803e-06,0.0007600476,7.414154e-08,1.335577e-08,9.587719e-07,6.3925404e-06,1.3895112e-05,1238,test
0.99987805,2.7795134e-06,7.653298e-05,6.378326e-07,1.7126739e-07,3.5955838e-07,2.0384936e-05,2.1105483e-05,1239,test
0.0034876608,0.0020473113,0.005228738,0.0017033372,0.9348738,0.04868222,0.0008658265,0.00311111,1240,test
0.00010553913,2.9164656e-05,0.9997125,7.633624e-06,5.616027e-06,0.00012015384,7.392759e-06,1.1957171e-05,1241,test
0.99486923,0.00036848497,0.0037272638,4.6459678e-05,3.273392e-05,0.0006124449,0.00027683473,6.6587054e-05,1242,test
0.0002831833,7.17751e-05,0.99934715,2.9399836e-05,9.061251e-06,0.00018785693,3.7982518e-05,3.359213e-05,1243,test
0.008295597,0.0020276608,0.010070166,0.00077319256,0.011534883,0.96423155,0.001364298,0.0017026775,1244,test
0.0023718805,0.98427063,0.0018609284,0.0007350971,0.00037173924,0.0002483508,0.0064301756,0.0037112043,1245,test
0.012309416,0.0059361295,0.020353127,0.0028245663,0.91867614,0.036735516,0.0012639057,0.0019012287,1246,test
0.99834466,0.00020187299,0.00063704216,3.7163798e-05,4.3766904e-05,0.00028773703,0.00040761617,4.003691e-05,1247,test
0.9991535,3.2056578e-05,0.00023464358,4.131884e-06,5.2767996e-07,3.5221135e-05,0.00044241516,9.765042e-05,1248,test
4.0619616e-05,0.9990669,0.00012249917,6.252578e-05,1.6558064e-05,3.431686e-05,0.0001896561,0.000467,1249,test
1.6150949e-05,7.8680597e-07,0.9998116,2.6412008e-06,1.9191023e-06,0.00014106084,1.69056e-06,2.420938e-05,1250,test
9.132097e-06,5.957829e-07,0.99994445,1.2276322e-06,2.0409893e-06,3.7086185e-05,1.6094824e-06,3.7813047e-06,1251,test
0.00048464743,7.670539e-06,9.424272e-05,7.429654e-05,4.1243693e-06,2.3608072e-05,0.9991937,0.000117801275,1252,test
0.997471,3.358712e-05,0.0011625267,2.8800112e-06,3.5928765e-06,7.1489856e-05,0.0010968607,0.0001581824,1253,test
0.9985031,8.312375e-06,0.00088005926,2.311398e-06,1.1414741e-06,5.119907e-05,0.0004559317,9.79375e-05,1254,test
0.9977233,1.3416699e-05,0.00047541026,1.0293212e-05,1.7993783e-06,8.710226e-05,0.0015188014,0.00016987177,1255,test
0.00017267672,8.392097e-06,0.9989095,1.4522642e-06,9.697253e-06,0.00087454915,5.02339e-06,1.8677725e-05,1256,test
0.00015519463,1.1833125e-05,0.999278,9.4775066e-07,4.4027556e-06,0.00052715396,4.138729e-06,1.830312e-05,1257,test
0.00013708974,7.2779585e-06,0.9992161,9.922771e-07,4.691239e-06,0.0006088692,4.175452e-06,2.0899011e-05,1258,test
0.00011128472,1.2167823e-05,0.9990675,1.9187369e-06,8.775211e-06,0.00077943166,3.5691073e-06,1.5416286e-05,1259,test
4.5708937e-05,9.856418e-06,0.99878746,7.244481e-07,6.083369e-06,0.0011459468,1.4655484e-06,2.786198e-06,1260,test
0.9959222,8.572875e-05,0.0038470183,1.4818025e-06,3.3086842e-06,2.721425e-05,7.787646e-05,3.5207075e-05,1261,test
8.899087e-06,4.278754e-07,0.00024151769,2.821863e-07,9.96357e-06,0.9997346,1.0524885e-06,3.1412994e-06,1262,test
0.99875605,5.7443285e-05,0.0010621602,2.5781783e-06,1.867027e-06,3.0936622e-05,6.7559675e-05,2.1319769e-05,1263,test
0.9994197,1.6440183e-05,0.00034648925,6.8180334e-06,1.7735952e-06,1.1287282e-05,0.00013277207,6.47325e-05,1264,test
6.4070186e-06,7.257441e-07,0.99996376,1.1333735e-07,2.172953e-07,2.6373249e-05,9.428478e-07,1.3397936e-06,1265,test
2.5955792e-06,4.3451791e-07,0.99998105,4.530955e-08,3.970965e-08,1.3510032e-05,1.8699365e-07,2.1584615e-06,1266,test
0.99918216,8.55322e-06,0.00044174635,5.5579585e-06,2.5442428e-06,3.3844455e-05,0.00018426207,0.00014129117,1267,test
3.5965259e-06,1.3517135e-07,0.99990773,1.0653126e-07,1.5832352e-07,7.68044e-05,2.930033e-07,1.120017e-05,1268,test
0.99824274,2.0317195e-05,0.0014739239,2.5017268e-06,7.4607324e-06,2.9203627e-05,5.4715827e-05,0.00016912734,1269,test
1.0152658e-06,3.7866407e-08,0.9999709,3.8555484e-08,2.1118645e-08,2.562828e-05,1.548895e-07,2.2434376e-06,1270,test
1.4093933e-05,2.689103e-07,0.99978954,3.1141103e-06,1.6448618e-07,0.00016488631,9.466227e-06,1.8442777e-05,1271,test
0.9964593,3.885089e-06,0.002930211,2.10372e-06,6.327727e-07,2.832689e-05,0.00050712354,6.8480935e-05,1272,test
0.99535346,3.284912e-06,0.0039966535,2.6018104e-06,3.013104e-07,9.727778e-06,0.00056427455,6.9724774e-05,1273,test
0.9981591,3.4421657e-06,0.0015068409,8.0279005e-07,3.612452e-07,1.5777707e-05,0.0002768629,3.6813344e-05,1274,test
6.0547695e-06,6.4676385e-08,0.99988306,1.7395628e-08,1.7008514e-08,0.00010775614,7.5769975e-08,2.9317762e-06,1275,test
0.992716,8.671542e-06,0.006348924,5.8798832e-06,4.7995945e-07,2.1394468e-05,0.0008217901,7.680674e-05,1276,test
0.99742305,2.6303014e-06,0.002177522,1.500886e-06,5.518456e-07,2.9867775e-05,0.0003204004,4.4507946e-05,1277,test
5.877998e-06,2.7807005e-08,0.99995613,1.2354381e-08,9.383026e-09,3.6336816e-05,7.373793e-08,1.5728245e-06,1278,test
1.598253e-05,2.3069978e-07,0.99993014,5.4995414e-08,5.145807e-08,4.5455326e-05,3.5549195e-07,7.632424e-06,1279,test
0.9999671,2.0112319e-07,2.523822e-05,1.1751607e-08,3.7547787e-09,2.6312522e-08,4.8094635e-06,2.628005e-06,1280,test
9.204068e-06,1.0820047e-06,0.99995446,6.3560506e-08,1.0793668e-07,3.3369608e-05,6.6675156e-08,1.5901649e-06,1281,test
0.99996006,2.644702e-07,1.682878e-05,1.5450601e-07,4.0410832e-08,1.1195997e-06,1.8087667e-05,3.4343395e-06,1282,test
1.9425403e-05,1.0477834e-06,0.99995756,1.3736432e-07,1.04952704e-07,1.8230961e-05,5.9925594e-07,2.8969184e-06,1283,test
0.99966455,1.6836317e-06,6.584142e-05,2.1216852e-06,1.9713171e-07,1.8770737e-06,0.00023229154,3.1406616e-05,1284,test
1.1280902e-05,2.0061343e-07,0.99995184,8.664038e-08,4.065612e-08,3.292196e-05,2.0489605e-07,3.3668612e-06,1285,test
0.001067901,5.7397835e-07,0.9988876,2.1239954e-07,9.0980656e-08,2.7123475e-05,6.757428e-06,9.662e-06,1286,test
1.1645105e-05,2.96632e-07,0.9999615,8.685962e-08,3.6421817e-08,2.4109966e-05,1.7671975e-07,2.2010554e-06,1287,test
2.9727897e-05,4.4628196e-06,0.9999199,5.7401945e-07,4.9053364e-07,4.369497e-05,3.268915e-07,7.1275775e-07,1288,test
1.480707e-05,2.1960839e-06,0.0001348084,1.9195381e-06,4.0920495e-05,0.99975914,2.9854818e-05,1.6428648e-05,1289,test
1.3184731e-05,0.99977595,3.7857604e-05,2.8741595e-06,1.058031e-06,6.221445e-07,0.0001620917,6.409035e-06,1290,test
0.0007014646,3.693623e-05,0.9991672,7.748394e-06,2.0085376e-06,4.3671822e-05,3.45518e-05,6.4648816e-06,1291,test
0.9998944,2.0500978e-05,6.0901963e-05,3.271635e-07,3.3496508e-07,9.125237e-07,1.9154371e-05,3.4448271e-06,1292,test
1.9177993e-05,5.8743476e-06,0.9998995,1.852243e-06,3.302969e-06,6.9144655e-05,2.924448e-07,8.96516e-07,1293,test
4.045313e-05,5.0902904e-06,0.99988127,2.4698088e-06,1.7331961e-06,6.557819e-05,9.919041e-07,2.3772e-06,1294,test
0.008137845,0.00015736601,0.9914101,6.699108e-06,1.1139522e-05,0.00022539683,3.7681424e-05,1.3788649e-05,1295,test
7.992645e-05,4.1555454e-06,0.99988055,1.7795513e-06,2.2153199e-07,2.2870156e-05,1.632253e-06,8.850475e-06,1296,test
0.9994962,7.542416e-06,0.00033594467,1.3705175e-05,8.3637184e-07,4.034728e-06,0.000119609416,2.2184848e-05,1297,test
0.99980825,2.5850402e-06,5.1245268e-05,1.3662323e-05,5.193405e-07,1.4881547e-06,9.431283e-05,2.8000133e-05,1298,test
0.0001273665,4.8157813e-06,0.9997216,4.127658e-06,6.3149304e-07,0.00012268437,2.5172094e-06,1.6212287e-05,1299,test
7.505847e-05,5.3965614e-06,0.99986815,1.998042e-06,4.410394e-07,3.988656e-05,1.8698904e-06,7.1384015e-06,1300,test
0.00031893724,0.9983724,0.00045525294,3.1389884e-06,5.343789e-07,5.823187e-05,0.00039007305,0.00040155053,1301,test
0.00400347,0.9815263,0.0022935488,0.00032440247,0.00022688901,0.00019435535,0.0100562405,0.0013747972,1302,test
0.9947166,3.6266858e-05,0.0011100516,0.00018266277,9.8417495e-06,2.2794542e-05,0.0036279382,0.00029385497,1303,test
0.99619555,1.41836645e-05,0.0031425222,8.070634e-06,1.4107586e-06,2.1669106e-05,0.0005320128,8.452351e-05,1304,test
3.3880213e-05,1.8372789e-07,0.9999422,1.3509842e-07,2.2401663e-08,1.8834045e-05,8.575418e-07,3.9259608e-06,1305,test
1.2177975e-05,1.0139764e-06,0.9999496,9.732971e-08,7.3507564e-08,3.5111738e-05,5.586764e-07,1.277877e-06,1306,test
3.0612933e-05,2.2070203e-07,0.99993694,1.2554445e-07,2.9389717e-08,2.7397562e-05,4.2587217e-07,4.1924545e-06,1307,test
0.00012747012,1.7157871e-06,0.99979013,5.114518e-07,4.8712724e-07,7.245643e-05,1.7973922e-06,5.4105117e-06,1308,test
5.7955524e-05,3.1396183e-07,0.9999255,8.288221e-08,5.243342e-08,1.3163483e-05,4.1558494e-07,2.57226e-06,1309,test
0.9976941,4.079333e-06,0.001981593,1.1895959e-06,6.748282e-07,1.1937365e-05,0.00023191329,7.446219e-05,1310,test
0.99915075,3.6269255e-06,0.00034259737,2.7261244e-06,5.676015e-07,5.4426046e-06,0.00036488415,0.00012932807,1311,test
0.99804735,6.714677e-05,0.00049562345,5.9780894e-05,0.00010683239,0.00032310345,0.00065599737,0.00024418405,1312,test
0.0009352331,3.813689e-05,0.99838614,2.1399897e-05,4.808608e-05,0.0004802547,3.492853e-05,5.591798e-05,1313,test
0.00028846387,1.605677e-05,0.99835265,1.1683299e-05,0.00012506833,0.0011107468,3.4560955e-05,6.0839902e-05,1314,test
0.00471624,0.9859761,0.0039529903,0.00069124036,0.00019060945,0.0002764951,0.0037397493,0.00045668788,1315,test
0.9975635,6.732242e-05,0.0012718702,5.1579464e-05,0.00012000273,0.00034415736,0.00035351262,0.00022807877,1316,test
0.0005943391,0.00024140989,0.0012106469,0.0005738022,0.98962057,0.0072880047,8.79055e-05,0.00038338557,1317,test
0.998058,5.2278316e-05,0.0010583512,2.7005359e-05,8.6578744e-05,0.00037848458,0.00021882699,0.000120357305,1318,test
0.00023671631,9.170579e-06,0.9988372,3.2453834e-06,2.7695047e-05,0.0008512906,1.44962205e-05,2.0194551e-05,1319,test
0.996154,0.00029441467,0.0009887544,8.987793e-05,0.00016820272,0.00036052833,0.0018189419,0.00012528276,1320,test
0.00056045334,0.9971904,0.0002432804,0.0005993696,3.92422e-05,5.6852718e-05,0.0009834766,0.0003268536,1321,test
0.00054039346,0.00051915756,0.00073516567,0.0006496293,0.99244726,0.004459684,0.00020241672,0.0004461762,1322,test
0.0012907186,0.0012398243,0.0006253569,0.000286155,6.2939184e-06,0.00016392698,0.0015929395,0.9947948,1323,test
0.0009013902,0.00015694647,0.997719,2.459351e-05,6.971474e-05,0.0008302609,0.00023299626,6.510509e-05,1324,test
0.063587956,0.001109667,0.91847754,8.449227e-05,0.0016198423,0.014365097,0.00026183858,0.0004935243,1325,test
0.00043926688,0.00010461091,0.9974688,3.5681383e-05,0.00014497714,0.0015357933,0.00011180413,0.0001591039,1326,test
0.0010406723,0.0001510735,0.9974956,2.7476894e-05,6.0396298e-05,0.0009187279,0.00024278945,6.3195075e-05,1327,test
0.0009386197,5.6667614e-05,0.00066528405,0.00028560933,7.645095e-06,0.00023683085,0.997577,0.00023245887,1328,test
0.99722075,0.000115969684,0.0003725057,2.1726335e-05,2.706871e-05,0.00036682948,0.0018058962,6.913529e-05,1329,test
0.003362034,0.00016161981,0.0032288104,0.00011905285,4.4865825e-05,0.0002427349,0.99238914,0.00045170303,1330,test
0.00022955012,0.00013224516,0.9986197,1.296134e-05,7.827028e-05,0.0008340823,5.9865226e-05,3.3262422e-05,1331,test
0.00017744822,7.360606e-05,0.99849963,1.983239e-05,4.8991125e-05,0.0011070711,4.4646975e-05,2.8893877e-05,1332,test
0.9956458,0.000388551,0.00088096457,1.5799396e-05,2.9175306e-05,0.00028603082,0.002573201,0.00018049752,1333,test
0.0018191761,0.00020537947,0.0047893114,0.0003413899,0.014293973,0.978113,0.00029844942,0.0001393331,1334,test
0.9948211,0.00020439594,0.0005507828,9.936409e-06,2.3771872e-05,0.00011264115,0.0041853483,9.2158436e-05,1335,test
0.00011301597,2.7261532e-07,0.9998605,1.8592266e-08,2.5857647e-08,1.99339e-05,3.5562388e-07,5.8196524e-06,1336,test
0.99911374,5.7720786e-07,0.0008403858,1.8802818e-07,7.750802e-08,3.5597172e-06,2.9238869e-05,1.2233699e-05,1337,test
7.821991e-05,4.8787194e-07,0.99989676,3.8252193e-07,1.5372713e-07,2.2037999e-05,4.2638316e-08,1.8469568e-06,1338,test
4.8527996e-05,3.4478762e-06,0.99993134,2.716711e-06,7.295963e-07,1.0910905e-05,3.8775994e-07,2.0306575e-06,1339,test
0.9999738,4.9376606e-08,9.337493e-06,2.6140782e-07,1.0409007e-09,5.4636473e-08,1.558654e-05,9.635022e-07,1340,test
4.115566e-05,5.3263693e-07,0.999944,2.2373085e-07,1.4113785e-07,1.18785165e-05,7.503863e-08,2.0255711e-06,1341,test
2.1595675e-05,5.4371316e-07,0.9999502,1.01234946e-07,3.53891e-07,2.6273427e-05,1.0185176e-08,1.0012935e-06,1342,test
0.9999411,8.2530977e-07,2.8920776e-05,1.4362695e-06,1.6085457e-08,5.858655e-07,2.5594056e-05,1.5176729e-06,1343,test
2.6741648e-07,0.9999933,1.1575535e-06,3.5849078e-07,4.4595474e-08,1.0206034e-08,4.0210316e-06,7.7611367e-07,1344,test
0.9996631,2.565795e-05,8.686903e-05,2.3055398e-05,1.5535679e-06,4.6287337e-06,0.00017225515,2.2983259e-05,1345,test
0.99935466,4.703491e-05,0.0002669445,1.4638732e-05,1.9851975e-06,5.7357543e-06,0.00022842403,8.0593774e-05,1346,test
5.9403497e-05,1.2895847e-05,0.9997242,1.4594325e-06,3.2080318e-06,0.00019094857,4.2683396e-06,3.6574734e-06,1347,test
0.9991585,4.588278e-05,0.00043275114,3.950623e-05,6.2076347e-06,2.7575034e-05,0.00021395764,7.558403e-05,1348,test
5.7695448e-05,2.047879e-05,0.99974424,1.943457e-06,5.8958044e-06,0.00016004442,5.3400977e-06,4.271858e-06,1349,test
6.2830346e-05,1.5564434e-05,0.99981815,3.1775814e-06,2.561043e-06,8.953443e-05,4.118093e-06,3.9961337e-06,1350,test
5.038305e-05,9.024598e-06,0.9994777,5.054653e-07,3.7409718e-06,0.00045629227,1.5821913e-06,8.491617e-07,1351,test
0.00022340339,5.761682e-05,0.9974558,1.2753083e-05,6.5967164e-05,0.0021517375,6.365954e-06,2.632123e-05,1352,test
0.00032394635,0.00016808792,0.9978846,7.89736e-06,5.506696e-05,0.0015155857,1.5320096e-05,2.9526904e-05,1353,test
7.70977e-05,3.6652918e-06,0.999,9.805528e-06,5.649759e-06,0.00081985083,3.6199257e-05,4.7714802e-05,1354,test
0.9993525,1.0935351e-05,0.0003763531,4.8806673e-06,1.3209743e-06,1.0603112e-05,0.0001995685,4.3871336e-05,1355,test
0.00026587571,2.8198745e-05,0.9973707,7.04734e-06,3.145137e-05,0.0022402897,8.205074e-06,4.8191163e-05,1356,test
0.9983822,3.4923993e-05,0.000973019,9.1810725e-06,3.857813e-06,1.5898337e-05,0.00036685768,0.00021404805,1357,test
0.000116449795,0.00031074104,0.99917334,2.7974654e-06,1.17781965e-05,0.00037863175,3.3071271e-06,2.831629e-06,1358,test
0.009721349,0.00029073644,0.9258527,0.00014527791,0.010507422,0.052885715,3.617602e-05,0.0005606042,1359,test
5.202377e-06,1.8011875e-07,0.99991155,3.5902596e-07,1.0915684e-07,8.173454e-05,6.2634975e-08,6.3740634e-07,1360,test
0.9997013,2.5468808e-06,0.0001400947,1.9702159e-06,1.940144e-08,4.361265e-07,0.00014756758,5.9577583e-06,1361,test
0.9997789,9.95459e-06,2.8709806e-05,1.4027802e-06,3.1709572e-08,1.6533795e-07,0.0001766261,4.228534e-06,1362,test
0.9997732,2.9081557e-06,4.0338702e-05,4.483617e-06,6.8055584e-08,7.418135e-07,0.00017348658,4.742083e-06,1363,test
3.2614727e-05,7.556426e-07,0.99994755,6.438539e-06,9.030864e-08,8.536489e-06,1.8886642e-06,2.1076003e-06,1364,test
2.4917366e-05,1.7076742e-05,0.9998975,2.044205e-06,7.6729515e-07,5.6758818e-05,3.271701e-07,6.478976e-07,1365,test
0.99981815,1.2420373e-06,2.759224e-05,4.183565e-06,5.9904345e-08,1.5182362e-06,0.00014498403,2.2286658e-06,1366,test
0.94289744,5.7778005e-05,0.056597754,1.8364744e-05,2.182974e-06,8.42695e-05,0.00029450894,4.7773003e-05,1367,test
0.0005547253,6.493088e-05,0.99840564,1.3756679e-05,3.2825035e-05,0.00065386115,0.00016880203,0.000105497595,1368,test
0.00018129703,0.00012134654,0.998979,7.384995e-06,3.797033e-05,0.00066024467,8.006687e-06,4.900027e-06,1369,test
3.3593944e-06,9.752091e-07,9.3902636e-05,5.0154097e-07,7.765937e-05,0.9998192,3.3170722e-06,1.1214754e-06,1370,test
0.0010285637,0.00013941438,0.9976828,5.5493936e-05,1.8071067e-05,0.00063301134,0.0002657997,0.00017688322,1371,test
0.00010071283,1.78498e-05,0.99968076,5.8218193e-06,2.3376003e-06,0.00014865326,2.0807305e-05,2.2978318e-05,1372,test
0.99949455,6.581586e-05,5.3910455e-05,2.1322352e-05,3.4487605e-06,9.266227e-06,0.0003113204,4.0435945e-05,1373,test
0.0002627572,1.812285e-05,0.9989637,3.9364445e-06,1.1673104e-05,0.0006793457,7.1137606e-06,5.3360993e-05,1374,test
0.00019576868,2.8775705e-05,0.99916804,1.5531785e-05,1.2765549e-05,0.00052594155,1.0603753e-05,4.25787e-05,1375,test
6.0180487e-06,0.9999033,2.5913796e-05,3.2464472e-06,2.0481619e-07,1.3265888e-07,5.596296e-05,5.1932675e-06,1376,test
9.0310365e-05,8.281084e-06,0.9997906,2.220852e-06,1.3053038e-06,9.040575e-05,4.723349e-06,1.2020763e-05,1377,test
5.495426e-05,7.890749e-06,0.99983525,1.1400555e-06,3.7579068e-06,9.088448e-05,2.5191023e-06,3.5684352e-06,1378,test
0.9982622,0.0003000995,0.0013359975,1.3985858e-06,1.391248e-06,2.7567658e-06,3.909068e-05,5.7067366e-05,1379,test
6.711476e-05,1.4948786e-05,0.99970573,1.8849599e-06,3.916313e-06,0.0001938908,3.5084047e-06,9.081635e-06,1380,test
0.99986994,1.05301915e-05,3.818982e-05,9.199289e-06,3.7117547e-06,2.6651983e-06,4.204989e-05,2.3769926e-05,1381,test
4.8795682e-05,1.0041815e-05,0.99985516,5.515066e-07,1.1259933e-06,7.939961e-05,1.2741557e-06,3.5410367e-06,1382,test
6.983588e-05,1.1151332e-05,0.9998265,3.7215617e-07,1.5908288e-06,8.746635e-05,1.1128157e-06,2.1022304e-06,1383,test
4.0044697e-06,1.3767531e-06,8.2543644e-05,8.7240755e-07,9.353076e-06,0.9998914,4.2977877e-06,6.0539824e-06,1384,test
1.0734512e-05,2.6150224e-06,0.99984133,1.0438121e-06,8.18234e-07,0.00013870014,4.8941064e-07,4.2444626e-06,1385,test
6.1033184e-05,7.3808224e-06,0.99969125,1.9064688e-05,3.5952464e-06,0.00017921654,7.968177e-06,3.059698e-05,1386,test
8.9528425e-05,1.3886369e-05,0.99975675,3.1708116e-06,6.05115e-07,0.00011416446,5.870737e-06,1.6130913e-05,1387,test
1.0436856e-05,0.99967384,1.9147972e-05,3.8621856e-06,4.462319e-07,9.926185e-06,0.00019148896,9.089451e-05,1388,test
0.9993105,8.949845e-05,0.00013359057,2.8985814e-05,5.7893285e-06,1.35751725e-05,0.00038540905,3.2561853e-05,1389,test
0.9407213,0.031151082,0.024255058,0.00033411116,0.00036077006,0.0010056287,0.0012287092,0.0009434552,1390,test
0.06676853,0.0015037608,0.92555267,0.00030286293,0.00036935756,0.0028256068,0.0005851525,0.002092151,1391,test
0.99867505,1.5549296e-05,0.0010690913,6.109273e-07,7.789531e-06,8.655819e-05,0.00012649718,1.8804405e-05,1392,test
0.00033869685,6.755892e-05,0.0009728224,6.928424e-06,0.01670135,0.9818232,4.1290416e-05,4.8183236e-05,1393,test
4.8466478e-05,7.263755e-07,0.99943346,1.8059752e-07,2.0149946e-06,0.00050490344,2.0053135e-06,8.180263e-06,1394,test
0.9980939,2.1326392e-05,0.0015560356,2.0890886e-06,1.0522972e-05,4.873789e-05,0.00018344296,8.393738e-05,1395,test
0.9992518,7.735169e-06,0.00028817405,9.298478e-06,5.2225237e-06,0.00010291118,0.00031948133,1.542672e-05,1396,test
0.00016672278,0.00018875921,0.00071426475,0.0008261893,0.9952957,0.0024655673,6.205645e-05,0.00028074393,1397,test
1.6306092e-05,4.5865656e-07,0.9995803,6.0889654e-08,2.320824e-06,0.00039915642,1.9628445e-07,1.1613726e-06,1398,test
0.9997687,2.8744537e-06,0.00014022429,1.1886582e-06,5.9726585e-07,1.6832508e-05,6.294142e-05,6.6187977e-06,1399,test
4.012314e-05,1.3291105e-05,0.9999093,1.0436158e-07,5.4933855e-07,3.5710025e-05,3.8205275e-07,5.4498247e-07,1400,test
0.0010416772,0.00029476028,0.003141833,6.6725785e-05,0.37697467,0.618341,8.868669e-05,5.062476e-05,1401,test
9.730145e-05,1.4962085e-05,0.99979395,1.6656754e-06,2.5768463e-06,8.035807e-05,4.5230754e-06,4.7359717e-06,1402,test
0.0005837248,4.379544e-05,0.9991738,6.83193e-06,4.9027126e-06,0.00013697913,4.3011074e-05,6.8864197e-06,1403,test
0.00025802985,0.9980579,0.00023331848,6.0186772e-05,2.6012489e-05,2.1368476e-05,0.0011663294,0.00017687074,1404,test
0.9998754,3.076362e-05,3.9756025e-05,1.1137046e-06,1.997809e-06,5.9982676e-06,4.1743977e-05,3.1187737e-06,1405,test
7.843513e-07,0.0001974552,9.78521e-06,8.3393215e-06,1.2177791e-08,4.3045362e-05,4.9572747e-05,0.999691,1406,test
6.4769614e-05,1.0791301e-05,0.9998343,5.966071e-07,1.4790451e-06,8.3966115e-05,2.1842532e-06,1.9536617e-06,1407,test
0.99856037,4.5423636e-05,0.0004289349,2.453412e-05,1.0640373e-05,3.297726e-05,0.0007794834,0.00011766443,1408,test
5.228481e-05,1.7460054e-05,0.999775,3.184153e-05,5.265653e-06,7.7711135e-05,1.0822795e-05,2.9589839e-05,1409,test
1.3366575e-07,1.1940518e-05,8.4653783e-07,3.6732726e-07,5.7212513e-11,7.328973e-08,2.73586e-06,0.9999839,1410,test
2.831694e-05,1.793589e-05,0.99984,1.931123e-05,7.2397083e-06,7.070831e-05,4.5460056e-06,1.1997272e-05,1411,test
1.4333205e-05,2.2035054e-05,0.9999385,3.6278227e-06,8.2156805e-07,1.392858e-05,1.1351216e-06,5.6005315e-06,1412,test
7.934219e-05,0.99880147,0.00014442886,3.8788294e-05,1.5330239e-05,1.0840827e-05,0.00068686134,0.00022297825,1413,test
0.99942964,1.8604675e-05,0.00019464621,4.003674e-06,3.391066e-06,1.5343187e-05,0.00029479238,3.966114e-05,1414,test
0.9951381,0.00014380504,0.0017207352,4.351667e-05,2.6876402e-05,0.00011890132,0.0026298214,0.00017825387,1415,test
0.99955827,9.566992e-07,1.3960108e-06,1.0467735e-05,3.1567115e-08,4.4831893e-07,0.00041872237,9.736664e-06,1416,test
0.0024539963,8.183291e-07,0.99741554,3.930895e-06,1.74088e-07,4.2336014e-05,2.8529814e-05,5.4675696e-05,1417,test
0.99578446,8.914639e-06,0.004017562,7.4952857e-07,9.361462e-07,2.126682e-05,9.513356e-05,7.097856e-05,1418,test
1.851615e-05,9.0089725e-07,0.99969923,4.0241886e-07,2.5573067e-06,0.00027587655,2.2355857e-07,2.2644754e-06,1419,test
0.0030795245,2.0029386e-06,0.9967878,1.7966138e-07,2.7155082e-07,0.00012262278,3.0789572e-06,4.5419883e-06,1420,test
2.8518421e-05,4.1552726e-06,0.99992347,4.5865255e-07,4.6057548e-07,4.189858e-05,3.993448e-07,7.3678126e-07,1421,test
2.6101505e-05,8.6708224e-07,0.9999225,3.2501137e-07,1.8242217e-07,4.8098114e-05,2.9972963e-07,1.5468074e-06,1422,test
1.3066036e-05,4.7377745e-07,0.9998994,1.4905972e-06,3.1774138e-07,8.140877e-05,1.7238962e-07,3.7332038e-06,1423,test
7.0430597e-06,1.5445498e-06,0.9999459,2.5002265e-07,2.413123e-07,4.1413623e-05,1.5929278e-07,3.507491e-06,1424,test
0.7810832,0.0011530931,0.21505122,3.0297044e-05,2.8294651e-05,0.0010834166,0.00010385079,0.0014666142,1425,test
5.6373466e-08,7.6019646e-06,3.7527212e-07,2.5764207e-08,1.2866435e-11,1.4180819e-07,1.6080203e-06,0.9999902,1426,test
0.99999297,5.1600477e-08,3.6003878e-06,1.0504209e-08,1.2108102e-09,6.821169e-08,1.6522242e-06,1.6022904e-06,1427,test
1.0439567e-06,3.254618e-07,0.99997604,4.3536996e-08,1.1247906e-07,2.1689031e-05,3.2091215e-08,6.6209753e-07,1428,test
1.9276677e-05,3.145472e-06,0.99985075,5.740249e-06,2.820605e-06,9.6140575e-05,1.2181272e-06,2.0965586e-05,1429,test
4.871198e-06,2.1762796e-06,0.999907,4.3799537e-07,4.240576e-07,7.851541e-05,2.3996827e-07,6.394971e-06,1430,test
0.99999225,1.1078519e-07,2.40071e-06,1.4507103e-07,9.103642e-09,1.5113008e-07,1.996395e-06,2.90762e-06,1431,test
0.0108483685,0.93774706,0.008177112,0.008173447,0.0058613825,0.0019432987,0.017099358,0.0101499595,1432,test
4.1894535e-05,0.99984694,1.5967078e-05,7.7732775e-06,3.251452e-07,1.10877515e-07,5.1336283e-05,3.5582976e-05,1433,test
5.549506e-06,3.2103562e-06,0.99992967,3.301228e-07,1.9734982e-06,5.8639205e-05,9.792943e-08,5.639159e-07,1434,test
0.00017774347,2.711191e-05,0.99954116,7.230552e-05,3.3122592e-06,9.335879e-05,3.6662896e-05,4.8311696e-05,1435,test
3.0057041e-05,8.178299e-06,0.99979407,2.3600694e-06,9.722247e-06,0.00015203991,2.6661933e-06,9.3882454e-07,1436,test
3.7245994e-05,0.9996686,5.1914274e-05,4.673144e-08,1.4777458e-09,3.890091e-09,3.4221391e-06,0.00023872047,1437,test
4.956525e-06,2.953935e-06,0.99997425,3.2743435e-07,3.1907643e-07,1.643278e-05,1.6983896e-07,6.9955195e-07,1438,test
0.99991345,1.5290301e-05,2.4014975e-05,2.9028167e-06,9.669712e-07,3.5560895e-06,3.6708956e-05,3.2167522e-06,1439,test
8.220689e-05,1.7139491e-05,0.9996068,5.4500164e-05,2.0286154e-05,0.0001504868,4.430857e-05,2.4317329e-05,1440,test
0.99964046,1.1602059e-06,3.3696688e-05,4.5418372e-07,9.94504e-08,9.3089415e-07,0.00029340296,2.9805791e-05,1441,test
1.4471334e-05,8.30189e-07,0.99985623,3.2346902e-06,2.5927295e-06,9.41634e-05,2.1949309e-05,6.4927526e-06,1442,test
0.00032301605,1.1490837e-05,0.9989905,1.53913e-05,3.26218e-06,4.786078e-05,0.00058089296,2.7583996e-05,1443,test
0.99947387,8.210437e-07,3.281325e-05,9.585134e-07,8.610272e-08,2.9888527e-06,0.00046206117,2.6437165e-05,1444,test
0.9992741,1.4325641e-06,5.1511113e-05,1.0798516e-06,1.0716049e-07,1.5170656e-06,0.0006353068,3.4914578e-05,1445,test
2.5780413e-05,3.4672964e-06,0.9998098,4.5906385e-05,6.7060664e-06,5.1041472e-05,4.9615435e-05,7.743755e-06,1446,test
0.038500667,0.00065168674,0.0089308545,0.00838238,0.001659488,0.0013443277,0.93121165,0.009318872,1447,test
4.4563076e-06,1.234073e-06,0.99994934,6.642766e-08,9.0508536e-07,4.390662e-05,6.3536305e-08,1.4099445e-08,1448,test
0.99988127,3.703952e-05,1.7450257e-05,1.1976578e-06,3.7828565e-07,5.3793415e-06,5.6112487e-05,1.1732224e-06,1449,test
0.022031484,0.0009895912,0.97669625,6.098247e-06,1.44677015e-05,0.00017348093,7.0090224e-05,1.8527886e-05,1450,test
0.00024024228,0.99699926,0.00078726833,4.5438515e-05,4.6316152e-05,1.0032689e-05,0.0017455139,0.00012592688,1451,test
6.754191e-06,2.0696257e-06,0.99991274,1.14102214e-07,2.2633503e-06,7.5820266e-05,6.457931e-08,3.5827235e-08,1452,test
5.729039e-06,8.7332296e-07,0.99981004,2.1374878e-07,7.078185e-06,0.00017594564,6.752447e-08,4.1066112e-08,1453,test
0.99963784,4.993917e-05,0.000119559416,2.5404167e-06,7.452582e-07,4.572838e-06,0.00018319502,1.5896735e-06,1454,test
9.363161e-06,0.9991335,1.5870792e-05,1.2513476e-06,7.6194535e-09,2.4894553e-07,4.4567398e-05,0.0007952548,1455,test
0.99947196,2.4404811e-05,0.00043096815,1.9639397e-06,6.38045e-07,7.6246347e-06,5.767214e-05,4.9054147e-06,1456,test
0.99990666,9.599821e-06,1.6139506e-05,3.089307e-06,4.0575944e-07,4.3069326e-06,5.5472494e-05,4.3685036e-06,1457,test
9.012898e-06,1.9345696e-06,0.9998939,3.344239e-07,2.1694273e-06,9.211436e-05,2.112164e-07,2.1053728e-07,1458,test
0.00010228493,2.9586936e-06,0.9998148,6.4488455e-07,4.996206e-07,7.633105e-05,7.4088416e-07,1.8673082e-06,1459,test
0.9740277,0.0002463506,0.02453896,7.440428e-06,1.472518e-05,0.0010704678,2.488651e-05,6.943478e-05,1460,test
1.05216595e-05,3.1787008e-06,0.99995196,2.9978705e-07,6.7759754e-07,3.2965952e-05,2.9071185e-07,1.4480436e-07,1461,test
1.2765382e-05,0.9997564,2.668959e-05,3.8046896e-06,7.79869e-07,3.3319117e-07,0.00014679665,5.2402742e-05,1462,test
3.3622015e-05,0.9994981,0.00012349982,1.6103151e-05,5.4238085e-06,1.4709893e-06,0.00024061005,8.1069746e-05,1463,test
0.00024897224,5.355314e-05,0.99952316,1.6230877e-05,8.083333e-06,6.015884e-05,8.3578605e-05,6.3863863e-06,1464,test
5.5314547e-05,0.00015249781,0.0004136601,3.9380146e-05,3.8219613e-07,0.00025175416,0.00037139957,0.99871564,1465,test
0.98930186,5.5454697e-05,0.0035673417,6.7249646e-05,2.2311518e-05,0.00022867745,0.0066427765,0.000114327115,1466,test
0.0002412873,0.00035326288,0.00023653464,4.730824e-05,1.2084209e-06,0.0011342614,0.00089251157,0.99709356,1467,test
4.6087458e-05,0.99971527,0.00011517872,8.36965e-06,6.9029005e-07,2.663701e-06,6.574387e-05,4.600552e-05,1468,test
0.002912497,6.795964e-05,0.009043298,0.00032986767,5.1176223e-05,0.00014730466,0.98637044,0.0010774229,1469,test
0.9889902,3.698516e-05,0.009609639,3.585957e-06,6.9811163e-06,6.0524748e-05,0.0012392518,5.2873256e-05,1470,test
0.98444366,0.0002779844,0.008616222,0.00016182647,2.6843623e-05,0.00055330823,0.0058968207,2.3333532e-05,1471,test
0.999215,1.850674e-05,0.0003681132,3.2454843e-06,1.6175082e-06,1.158953e-05,0.00026002259,0.00012180901,1472,test
0.99923325,1.2368436e-05,0.00010664572,5.881237e-06,7.2340214e-07,3.8964913e-06,0.0005399578,9.729158e-05,1473,test
5.615819e-06,2.4701721e-06,3.5146135e-05,7.3619617e-07,0.00011859683,0.99983,1.9755573e-06,5.31729e-06,1474,test
0.00011855721,1.6298454e-05,0.99786466,2.0643653e-05,2.326762e-05,0.0018284277,3.724021e-05,9.092065e-05,1475,test
0.00018224871,0.0001586253,0.99937135,3.273785e-06,6.8823106e-06,0.0001850292,8.3933555e-05,8.537169e-06,1476,test
0.0004854768,2.3663162e-05,0.99731535,2.073951e-05,2.8564951e-05,0.0020053363,3.515017e-05,8.568574e-05,1477,test
0.00075203134,5.7253335e-05,0.9961134,1.3326336e-05,9.756486e-05,0.0027923747,2.7706188e-05,0.0001463519,1478,test
0.00016592868,1.2064863e-05,0.99876416,2.938707e-06,6.2930094e-06,0.0010026745,1.4105699e-05,3.2025328e-05,1479,test
2.1577596e-06,1.4870421e-05,1.5876758e-05,6.4468645e-06,7.8179365e-09,2.8389455e-05,3.8962382e-05,0.9998933,1480,test
0.9981571,9.929138e-06,0.001397662,3.2901646e-06,1.565729e-06,4.1864667e-05,0.00027798864,0.00011064175,1481,test
8.180288e-05,0.00021667927,5.8051413e-05,0.0002309083,9.0989863e-07,8.368976e-05,0.0009255139,0.9984024,1482,test
0.95195645,0.00065588026,0.040818047,0.00017318244,0.00020223304,0.0007973529,0.003601783,0.001795012,1483,test
1.2419595e-05,2.58634e-06,0.999897,6.6349744e-06,1.5326248e-06,7.051765e-05,4.535326e-06,4.7178683e-06,1484,test
0.99973446,1.9132858e-06,4.768213e-05,9.763725e-07,9.86436e-08,5.158638e-07,0.00018930995,2.4907533e-05,1485,test
3.426323e-05,1.5303078e-05,0.99984086,1.2764355e-05,4.614574e-06,8.518961e-05,3.355692e-06,3.703041e-06,1486,test
6.4764754e-06,1.4168287e-06,0.99992955,6.7432275e-06,6.6989594e-07,4.540288e-05,6.9328676e-06,2.8355914e-06,1487,test
6.84388e-05,1.079124e-05,0.9977646,9.483739e-06,2.1679945e-05,0.0021112533,1.3448325e-06,1.2388064e-05,1488,test
0.00012086477,2.181557e-05,0.99780184,1.2628796e-05,2.4048994e-05,0.001984622,4.0572268e-06,3.010172e-05,1489,test
2.5534522e-05,2.4313842e-05,0.9994511,6.359313e-06,1.1312336e-05,0.00047838848,7.781579e-07,2.215284e-06,1490,test
6.092398e-05,2.3540448e-05,0.99785304,1.2233337e-05,3.8800274e-05,0.0019882175,4.804695e-06,1.8580942e-05,1491,test
0.0004383277,1.9403291e-05,0.99841356,2.8302546e-05,2.0977917e-05,0.00084321847,8.9361856e-05,0.00014683118,1492,test
0.00016762111,1.5955493e-05,0.9982052,2.1670226e-05,5.1624313e-05,0.0014911509,4.0203618e-06,4.2745236e-05,1493,test
0.9991967,1.2131945e-05,3.48768e-05,5.053493e-05,9.527751e-06,1.9796973e-05,0.0003508144,0.0003255953,1494,test
0.0061435765,0.0020609857,0.042228,0.002086385,0.044103928,0.88255906,0.001179255,0.019638952,1495,test
0.017456474,0.0039187474,0.065274544,0.0007383557,0.0008554977,0.9036246,0.0047521405,0.0033797326,1496,test
0.000115852235,7.527765e-05,0.00014710015,2.3793642e-05,0.00036120796,0.9988298,0.00037544288,7.153824e-05,1497,test
0.9999615,5.462434e-06,1.16871815e-05,7.082434e-07,3.6919405e-07,2.5130946e-06,1.6737762e-05,1.1278446e-06,1498,test
1.4995776e-05,2.4634337e-06,0.999617,7.7336983e-07,4.760494e-06,0.00035704477,1.0217949e-06,1.8837055e-06,1499,test
6.8336726e-06,1.685895e-06,0.9998338,2.0535073e-07,1.416716e-06,0.0001552272,2.1030188e-07,5.48996e-07,1500,test
0.0014902926,0.9916272,0.0037409149,0.00025348034,7.590369e-05,6.675545e-05,0.002246852,0.00049858476,1501,test
8.878935e-06,1.9830688e-06,0.9997341,4.2564818e-07,3.509485e-06,0.00024996628,2.9510343e-07,9.303059e-07,1502,test
2.4678291e-05,3.5946528e-06,0.9997187,1.4645791e-06,2.3578357e-06,0.0002431524,2.011096e-06,4.0120412e-06,1503,test
6.7429195e-05,1.7452364e-06,0.00029676486,3.7201982e-05,4.777936e-07,6.7006463e-06,0.9994486,0.00014102469,1504,test
0.00014647102,2.4273224e-05,0.99939466,8.73561e-06,1.260594e-05,0.00013791985,0.00023367933,4.176192e-05,1505,test
0.9983182,2.3375944e-05,0.0004180906,7.998668e-06,4.4525823e-06,4.824242e-05,0.0010508577,0.00012892377,1506,test
2.1273012e-05,2.2826912e-06,0.9998223,6.414796e-07,1.172804e-06,0.0001393393,5.470494e-06,7.51266e-06,1507,test
0.9925161,3.3608754e-05,0.0069331946,8.075641e-07,1.3242161e-06,4.642863e-05,0.0003675848,0.00010096015,1508,test
1.639951e-05,8.496266e-07,0.99988365,3.982739e-07,5.301774e-07,8.7423155e-05,3.1970374e-06,7.53929e-06,1509,test
2.3076338e-05,1.3487581e-06,0.99986994,2.6232178e-06,2.1839353e-06,7.890004e-05,1.0198195e-05,1.16824685e-05,1510,test
2.0306417e-05,2.376542e-06,0.9999231,1.645204e-07,3.1259006e-07,4.956993e-05,1.6371241e-06,2.5159022e-06,1511,test
0.96606743,0.0004032606,0.024917213,0.00021645373,1.5210951e-05,0.00012582,0.007482785,0.0007718573,1512,test
0.9959747,8.913889e-05,0.002521609,1.8492576e-05,1.7282158e-05,0.00014855256,0.0011884563,4.1733038e-05,1513,test
0.9642528,8.015096e-05,0.034527615,1.2628621e-05,2.6298001e-05,0.00045383742,0.00047749703,0.0001692163,1514,test
2.7190285e-05,0.999215,2.83676e-05,0.00013157638,1.3911051e-06,5.1422744e-06,0.00018847824,0.0004028384,1515,test
0.00031377535,1.4793785e-05,0.9993729,1.8436958e-05,7.940943e-06,0.00016155482,6.469239e-05,4.593554e-05,1516,test
0.9966276,0.00029368707,0.0011977137,1.6751355e-05,5.7266525e-06,1.6523909e-05,0.001575538,0.0002664772,1517,test
0.00022264558,6.0811026e-06,0.99929917,1.15224075e-05,3.899804e-06,0.00034896997,1.4705487e-05,9.297966e-05,1518,test
0.0013149411,0.002775166,0.99490535,4.4184413e-05,0.00011456335,0.0006669459,7.763463e-05,0.00010114202,1519,test
1.5107812e-05,2.6563898e-06,0.99960274,7.5169573e-06,2.0103812e-06,0.00034640552,6.9323796e-06,1.6663205e-05,1520,test
1.2790331e-06,3.10396e-05,2.6481362e-06,4.7601584e-06,5.596065e-09,7.696817e-06,4.8481896e-05,0.99990404,1521,test
0.9997863,8.025945e-06,5.0464645e-05,9.167814e-06,1.450902e-06,9.553078e-06,9.667562e-05,3.8301772e-05,1522,test
1.1891094e-05,3.4513762e-06,0.9997043,5.084325e-06,1.5707874e-06,0.00024357827,4.3905425e-06,2.565534e-05,1523,test
2.5996727e-05,3.5924493e-06,0.99947184,8.709415e-06,1.9637632e-06,0.00044122656,1.1166049e-05,3.5431898e-05,1524,test
0.00031775577,0.0017693541,0.00029567748,0.0002994197,1.5981213e-05,0.004719961,0.00490561,0.98767626,1525,test
1.2622124e-05,2.4127453e-06,0.99949217,2.9770958e-06,1.8875377e-06,0.00046831917,3.8940043e-06,1.5620497e-05,1526,test
0.9998423,6.9835023e-06,1.733976e-05,5.375573e-06,6.3416036e-07,2.636656e-06,9.583877e-05,2.89014e-05,1527,test
1.6985601e-05,0.9998447,1.11464315e-05,6.8437116e-06,1.3755497e-06,1.0042145e-06,6.625381e-05,5.1848994e-05,1528,test
4.9031496e-07,4.4061235e-06,9.766978e-06,4.189447e-06,3.3516212e-10,4.107444e-06,1.9603893e-05,0.99995744,1529,test
1.01844125e-05,3.7121933e-06,0.99992704,2.8668596e-06,5.002372e-08,3.6778692e-05,9.912011e-06,9.424909e-06,1530,test
2.008869e-05,9.527773e-06,0.9999206,3.5108726e-06,1.0262138e-07,3.0804786e-05,9.384622e-06,5.954583e-06,1531,test
0.99960166,1.6321546e-05,3.041718e-05,1.2491201e-05,7.04001e-06,1.7529397e-05,0.00030349044,1.1047704e-05,1532,test
1.0848065e-05,1.1640195e-05,0.9999461,2.5607405e-06,1.2087588e-07,1.726937e-05,8.203706e-06,3.2698597e-06,1533,test
0.043682124,0.0005150156,0.9517057,7.674435e-05,2.175732e-05,0.0011619611,0.0022684312,0.00056822976,1534,test
0.004827157,0.0012061094,0.7654703,0.0008681235,0.08241338,0.14340295,0.0009650311,0.0008468649,1535,test
2.920489e-05,4.53787e-06,0.99963963,2.537925e-06,4.7340555e-07,0.0003140052,2.1031371e-06,7.489235e-06,1536,test
1.7350336e-06,4.617772e-06,2.38999e-07,6.1480905e-06,1.2456646e-09,5.5907613e-08,7.5529824e-06,0.9999796,1537,test
3.4419525e-05,3.315589e-06,0.9995503,3.925455e-06,1.0703111e-06,0.00037544704,2.984279e-06,2.8474113e-05,1538,test
3.1951942e-05,9.531082e-06,0.9998148,3.4074856e-06,6.287773e-07,0.00012381861,1.3940444e-06,1.4518576e-05,1539,test
0.9999689,4.2143134e-07,3.959957e-06,1.555568e-07,5.9707213e-09,1.15474545e-08,1.3175887e-05,1.3321732e-05,1540,test
5.9936992e-05,1.8615902e-06,0.9996748,5.0592753e-06,5.799987e-07,0.00021624482,9.442313e-06,3.209166e-05,1541,test
8.1087564e-05,1.3050824e-05,0.99970067,3.9265437e-06,4.5306717e-07,0.00017668234,4.503209e-06,1.9708355e-05,1542,test
7.432542e-05,4.449228e-06,0.9997298,1.938908e-06,7.715048e-07,0.00013816124,3.456771e-06,4.7071462e-05,1543,test
4.62675e-05,2.225357e-05,0.99979955,2.060944e-06,1.4903454e-05,0.00010975246,2.9789487e-06,2.3270386e-06,1544,test
2.0560243e-07,0.9999963,4.8354207e-07,4.133224e-08,7.852413e-09,1.4700958e-09,2.6229036e-06,2.6791452e-07,1545,test
8.696784e-05,5.6358836e-06,0.9998431,5.691687e-07,6.4814606e-07,5.0227387e-05,7.658079e-06,5.204408e-06,1546,test
6.0354538e-05,1.1350182e-05,0.99962854,1.0759584e-06,6.8443924e-06,0.0002882676,1.3193245e-06,2.2605286e-06,1547,test
0.00015457974,1.3427092e-05,0.9997558,7.7172655e-07,8.3122103e-07,5.930195e-05,3.9672436e-06,1.1361526e-05,1548,test
0.00015532051,1.533372e-05,0.9997298,9.610067e-06,1.0656823e-06,4.7772115e-05,2.8900437e-05,1.2200404e-05,1549,test
0.99982893,4.5237775e-06,1.46844195e-05,4.1540156e-06,1.908476e-07,4.8176923e-07,0.00013335534,1.3571041e-05,1550,test
4.448666e-05,7.718371e-06,0.99979275,4.0779554e-07,2.271165e-06,0.00014913297,1.8323545e-06,1.4961547e-06,1551,test
5.2089097e-05,0.99945146,0.00011216951,2.8445025e-05,3.2699693e-06,7.606013e-07,0.00031798898,3.3908666e-05,1552,test
0.99988556,8.770938e-06,8.7991095e-05,1.3623701e-06,4.3094485e-07,9.9585195e-06,5.289116e-06,5.7294477e-07,1553,test
0.0003096283,0.0005363926,0.0027176822,0.000987297,0.94998384,0.044619363,0.00022339282,0.0006224854,1554,test
0.99961853,3.6496673e-05,0.0002632471,1.284885e-06,1.2475999e-06,8.982643e-06,6.6112094e-05,4.1064395e-06,1555,test
0.0003567505,2.1061524e-05,0.999587,1.2463809e-06,3.2066769e-06,2.2036971e-05,4.5103984e-06,4.1090916e-06,1556,test
0.9995172,1.7376507e-05,0.00042497282,1.088181e-06,1.360997e-06,2.4191175e-05,1.2200137e-05,1.6742592e-06,1557,test
2.1760896e-05,2.1853202e-06,0.99984396,5.551309e-07,9.794743e-07,0.0001274167,9.186631e-07,2.1498258e-06,1558,test
0.9997745,9.597481e-06,0.00019767781,6.020651e-07,3.9411407e-07,8.252639e-06,7.95113e-06,1.0420516e-06,1559,test
0.9997608,1.5217011e-05,0.00011941651,1.0600688e-05,2.2035444e-07,1.4819534e-06,6.863749e-05,2.3556906e-05,1560,test
2.6960293e-05,2.5306751e-06,0.99990416,4.084735e-07,2.1001604e-07,6.447055e-05,1.8974308e-07,1.0509358e-06,1561,test
0.16042775,0.76432896,0.039132144,0.0014408954,0.0019759072,0.0024581628,0.022601396,0.0076346933,1562,test
3.2335065e-05,3.1458785e-06,0.99992657,6.7284105e-07,3.639015e-07,3.4861656e-05,6.492289e-07,1.4357146e-06,1563,test
1.1291279e-05,1.9722797e-06,0.9999529,1.8371372e-07,3.6894875e-07,3.245926e-05,5.2611955e-07,2.5813478e-07,1564,test
0.99978787,5.7822035e-06,5.017621e-05,7.10109e-06,6.9909674e-07,4.3304185e-06,0.00012768444,1.6360653e-05,1565,test
0.7396759,0.10540732,0.052052256,0.0066329953,0.0025589745,0.022315124,0.041389372,0.029968152,1566,test
5.2821993e-05,2.4824867e-06,0.9998648,1.5207794e-06,7.9888156e-07,7.314518e-05,1.5787534e-06,2.7950293e-06,1567,test
0.9994117,3.911377e-06,0.0004578903,6.8238855e-06,5.764793e-07,9.833876e-06,9.03192e-05,1.8939716e-05,1568,test
2.7242879e-05,9.4929995e-08,0.99994075,1.639241e-07,7.687167e-08,2.733412e-05,3.5965124e-07,3.9903325e-06,1569,test
3.462928e-05,5.7524403e-08,0.99995434,2.2578757e-08,1.7747674e-08,9.114681e-06,1.7106986e-07,1.6450302e-06,1570,test
2.9054017e-05,5.0002285e-08,0.99995244,5.651355e-08,1.6418705e-08,1.6851778e-05,2.9646725e-07,1.2739126e-06,1571,test
0.9966935,6.95287e-06,0.0031187362,6.324306e-06,1.5546741e-06,2.4396459e-05,0.00010043075,4.8165974e-05,1572,test
1.4308742e-05,9.570839e-09,0.99996686,4.4465427e-09,4.8196758e-09,1.811762e-05,4.602532e-08,7.594529e-07,1573,test
0.9971746,5.3866574e-07,0.0027259416,2.4037655e-07,7.451506e-08,8.271279e-06,7.5981734e-05,1.420901e-05,1574,test
0.9989662,5.7945854e-06,0.00081342686,4.9543296e-06,3.7701824e-07,1.2286736e-05,0.00016215222,3.4813795e-05,1575,test
0.99954945,4.2812376e-06,6.7916706e-05,3.4329264e-06,1.9663324e-07,2.8400173e-06,0.0003413453,3.03895e-05,1576,test
9.611797e-07,4.5729607e-07,0.9999541,4.552609e-07,2.4009115e-08,4.332178e-05,1.5720526e-07,6.34693e-07,1577,test
0.9997825,2.1271971e-06,5.2548396e-05,6.5682354e-07,3.0594705e-08,6.609235e-07,0.00014700109,1.4593734e-05,1578,test
0.9994512,7.5538956e-06,0.00015395442,2.4973922e-06,7.6549824e-08,1.1864305e-06,0.00032976276,5.366503e-05,1579,test
0.76159114,3.735373e-05,0.23776367,1.1609366e-06,5.253913e-07,0.0001477821,0.00020717538,0.0002511529,1580,test
3.924901e-05,7.4343643e-07,0.99928766,1.3435103e-06,1.1335927e-07,0.00064856577,9.300705e-07,2.149561e-05,1581,test
3.8551825e-06,1.9827156e-07,0.9999455,1.8061338e-07,1.9062835e-08,4.68707e-05,1.1851723e-06,2.0562245e-06,1582,test
2.3586426e-06,6.672154e-07,0.99985874,5.8245587e-07,1.5331602e-07,0.00013630315,1.4143126e-07,1.0374748e-06,1583,test
3.394981e-05,8.571414e-08,0.9999095,2.0703364e-07,8.435432e-09,4.0160212e-05,2.7113147e-06,1.3335952e-05,1584,test
1.2484406e-05,4.0303323e-08,0.99995875,4.867076e-08,3.3716705e-09,2.5664413e-05,5.3153656e-07,2.4765952e-06,1585,test
0.9995635,1.9701808e-06,0.00013052874,1.2352016e-06,6.005232e-08,1.1370619e-06,0.00025877298,4.266577e-05,1586,test
1.8664847e-05,4.5035886e-08,0.9999329,1.5983755e-08,3.1606109e-09,4.4055887e-05,2.2643147e-07,4.057653e-06,1587,test
0.9994529,2.1689855e-06,0.00017684353,2.5116824e-06,2.070698e-07,6.886523e-06,0.00031552807,4.291859e-05,1588,test
1.4662609e-05,2.3264987e-07,0.9999294,3.3957573e-07,5.01465e-08,5.0304447e-05,1.0514616e-06,4.004839e-06,1589,test
5.2381925e-05,5.198196e-07,0.9999254,3.741534e-08,5.834893e-09,1.6146274e-05,1.3912634e-06,4.133215e-06,1590,test
0.27559564,1.8755509e-05,0.72201407,1.3993355e-05,4.4315316e-06,0.00062886154,0.0015347679,0.000189513,1591,test
0.9997348,1.16916435e-05,3.450019e-05,6.739433e-06,7.363957e-07,1.8599773e-06,0.00017620073,3.3483535e-05,1592,test
0.99928385,3.748944e-05,0.00015201057,3.8370716e-05,6.3051475e-06,8.807935e-06,0.00040208505,7.119512e-05,1593,test
0.9975077,3.7368813e-05,0.0022593662,1.9363117e-06,4.1786375e-06,4.8971076e-05,9.370163e-05,4.6817648e-05,1594,test
7.727943e-05,9.394372e-06,0.9997956,3.979687e-06,3.9303522e-06,8.5855354e-05,2.0785576e-05,3.2510977e-06,1595,test
0.99960583,1.5376276e-05,0.00011050105,1.0471517e-05,8.177675e-07,2.6328742e-06,0.00021817369,3.6219033e-05,1596,test
0.0001498666,9.016546e-06,0.9997341,8.441384e-06,1.523007e-06,5.9299084e-05,3.334168e-05,4.4193866e-06,1597,test
3.3593071e-06,0.9999553,9.209247e-06,6.463539e-07,7.564562e-08,2.2993515e-08,2.5442465e-05,5.9424565e-06,1598,test
7.374225e-05,7.1653585e-06,0.99975973,3.830351e-06,4.023786e-06,0.00013850153,1.0515764e-05,2.5144861e-06,1599,test
1.6305909e-05,4.262755e-06,0.9996319,2.9534817e-06,8.349751e-07,0.00033014556,1.537894e-06,1.2073055e-05,1600,test
0.9996774,4.6392956e-06,0.00012676732,2.5099317e-07,1.2722798e-07,1.2052994e-06,0.00010346813,8.610026e-05,1601,test
9.387426e-06,1.238145e-06,0.9997254,1.2070691e-06,6.919731e-07,0.00025667102,4.30562e-07,4.878802e-06,1602,test
0.9995523,3.319902e-06,0.00026889335,3.2939326e-07,2.8822782e-07,2.7555232e-06,0.000115004754,5.715196e-05,1603,test
8.646712e-06,1.6724156e-06,0.99954647,9.3014467e-07,1.0831352e-06,0.00043479475,3.5827182e-07,5.9628715e-06,1604,test
0.9997937,2.7542806e-06,6.13797e-05,3.5968512e-07,2.9095733e-07,4.2181287e-06,0.00012357194,1.3776515e-05,1605,test
0.9994999,3.939557e-06,0.00014275426,4.070349e-06,1.1345231e-06,9.184718e-06,0.00026327235,7.565667e-05,1606,test
1.0061857e-06,0.00011867949,0.00023774058,8.2192685e-07,1.3112401e-08,0.0003473076,1.0871336e-05,0.9992835,1607,test
3.318211e-06,1.8371911e-05,4.546825e-06,3.4031125e-06,3.9472594e-09,1.0917906e-06,1.6718404e-05,0.99995255,1608,test
1.2661548e-05,8.8784816e-07,0.9997305,7.014662e-07,4.2454596e-07,0.00024126463,1.8909069e-06,1.1563871e-05,1609,test
1.07721635e-05,6.200454e-07,0.9997464,3.2670076e-07,2.196444e-07,0.00023459032,8.2717867e-07,6.2401723e-06,1610,test
0.9989748,6.9280777e-06,0.0007322193,1.2165691e-06,7.3252266e-07,1.4306164e-05,0.0002098616,5.9908332e-05,1611,test
1.1633922e-05,1.2097289e-06,0.9997609,4.151347e-07,3.595365e-07,0.00021796982,6.109008e-07,6.7902797e-06,1612,test
0.99090683,2.2159493e-05,0.008515374,9.117184e-07,1.9105855e-06,5.1905514e-05,0.00032458402,0.00017638123,1613,test
1.2538061e-05,9.831373e-07,0.9995115,7.975466e-07,1.101426e-06,0.0004551013,1.1693543e-06,1.6843172e-05,1614,test
0.99934524,3.1494844e-06,0.00024541642,4.956763e-06,2.5563367e-07,9.366716e-06,0.00034937935,4.2183743e-05,1615,test
3.947598e-05,2.6342013e-06,0.99957854,1.8581652e-06,3.6244492e-06,0.00036951105,1.3080685e-06,3.0332976e-06,1616,test
0.00013594319,4.498127e-06,0.99929655,3.3021013e-06,3.0824883e-06,0.0005462028,2.7970768e-06,7.664148e-06,1617,test
0.9998449,1.18628e-06,9.430667e-05,3.031571e-07,1.9866819e-07,2.791737e-06,4.154092e-05,1.4672014e-05,1618,test
1.2944007e-05,1.8979782e-06,0.99986875,6.36931e-06,1.9084491e-06,0.00010067751,2.3466089e-06,4.959752e-06,1619,test
9.746565e-05,8.004077e-06,0.0022126434,1.5802103e-05,0.00022167503,0.99712306,7.0928596e-05,0.00025043054,1620,test
0.0001403237,9.949481e-07,0.9997553,3.1947025e-07,4.6364838e-07,6.996236e-05,4.2254273e-06,2.848286e-05,1621,test
5.3530985e-05,3.2513592e-06,0.9995814,2.6864125e-06,1.4023426e-06,0.000347457,2.2771733e-06,8.019564e-06,1622,test
8.376648e-06,7.1143036e-06,0.999647,1.3099746e-06,4.9490236e-06,0.00032820358,2.4306087e-07,2.7412575e-06,1623,test
0.00050760194,5.1416315e-05,0.99925643,1.4104477e-06,1.6315087e-05,0.00014041882,6.88871e-06,1.9531986e-05,1624,test
0.0014614654,0.00015817587,0.9978198,2.4823536e-05,4.7728387e-05,0.00028485397,7.6086086e-05,0.00012697079,1625,test
0.003198684,0.00022317797,0.99570364,2.6655925e-05,4.699044e-05,0.00048058497,8.704979e-05,0.00023326033,1626,test
0.03704998,0.0005821609,0.00086383533,0.00043378866,0.000198435,0.0013267408,0.9570457,0.0024993196,1627,test
0.0017748869,7.610628e-05,0.9977876,7.909466e-06,1.1413291e-05,0.00019527256,3.9766535e-05,0.000107040025,1628,test
0.0016903983,3.910914e-05,0.0011607256,2.4034063e-05,1.181543e-05,3.20242e-05,0.9967223,0.00031961457,1629,test
0.00011042618,0.9985399,0.00010106717,2.1964755e-05,1.6993064e-05,8.48656e-06,0.0005851894,0.0006159117,1630,test
0.001674647,6.041823e-05,0.9977456,1.0710481e-05,2.7865755e-05,0.0002794702,5.4005217e-05,0.00014727902,1631,test
2.1247026e-06,1.14729744e-07,0.9994456,3.6358566e-07,2.6586088e-07,0.000549196,4.0069176e-07,1.9969882e-06,1632,test
0.99120784,7.7016975e-06,0.008595012,8.842259e-08,2.8409764e-07,7.466457e-06,0.00010299609,7.8663994e-05,1633,test
2.0011744e-06,2.252352e-07,0.9995378,6.038314e-07,5.0560664e-07,0.00045659012,7.6094784e-07,1.5218486e-06,1634,test
0.8833702,0.064194374,0.0104008205,0.00028623457,0.00010142503,0.00011579435,0.007418047,0.034113135,1635,test
0.9998599,5.0989735e-07,3.7048165e-05,1.212945e-06,1.2686516e-07,4.552895e-06,8.0929734e-05,1.5704243e-05,1636,test
0.0016623175,3.0156507e-05,0.9978064,4.4301228e-06,1.4425435e-05,0.00040048655,2.0432584e-05,6.146298e-05,1637,test
0.99971014,5.637894e-07,8.737157e-05,7.4127234e-07,2.8457652e-07,2.3732482e-06,0.00012727299,7.127693e-05,1638,test
0.9997458,6.756474e-07,3.499351e-05,7.459431e-07,1.10210195e-07,1.3952036e-06,0.00017520817,4.1021893e-05,1639,test
0.9989492,4.642015e-05,0.0004802523,2.1160551e-05,8.880614e-06,3.1920168e-05,0.0003369152,0.00012518388,1640,test
1.5749483e-05,2.0155744e-06,0.99965906,2.8807135e-06,1.7987246e-05,0.00028205136,1.748873e-06,1.8501127e-05,1641,test
6.8432266e-05,7.357947e-06,0.99886405,7.1400937e-06,2.474742e-05,0.0010069996,4.173686e-06,1.7024799e-05,1642,test
0.9989023,2.1215548e-05,0.00029917853,1.2384023e-05,9.6189115e-06,6.003284e-05,0.00060794473,8.719329e-05,1643,test
0.00031628614,5.110018e-06,0.9993025,7.2061634e-06,5.881841e-06,0.00022317735,4.594343e-05,9.389162e-05,1644,test
0.00012600081,8.590865e-06,0.0033552502,1.3196611e-06,0.00015149743,0.9962553,8.093416e-06,9.404662e-05,1645,test
7.17665e-05,6.4705323e-06,0.99898344,4.441296e-06,3.464888e-05,0.0008723578,3.9870906e-06,2.2884398e-05,1646,test
4.131995e-05,6.6486414e-06,0.9996031,6.418379e-06,7.961185e-06,0.00031782984,3.4648476e-06,1.330202e-05,1647,test
1.1890776e-05,1.0759686e-05,0.9997538,3.5641227e-07,2.5102254e-06,0.00021875335,3.8099427e-07,1.5467264e-06,1648,test
0.9988427,2.8424367e-05,0.00039991768,5.0791998e-05,5.2330565e-06,1.9722813e-05,0.00044445493,0.00020878707,1649,test
0.9989945,2.0449406e-05,0.00041686502,1.095405e-05,1.848182e-06,1.2532401e-05,0.00017841316,0.00036425816,1650,test
0.9965743,4.922994e-05,0.0026126234,4.803423e-06,7.396162e-07,1.6854905e-05,0.00026956585,0.0004719231,1651,test
1.1280196e-05,1.5135141e-06,0.99975294,2.939677e-07,1.3939834e-06,0.00022868751,5.189073e-07,3.410887e-06,1652,test
1.4771981e-05,6.070283e-06,0.9995229,2.140773e-06,2.1352913e-05,0.00042273087,1.4553057e-06,8.643382e-06,1653,test
2.0665542e-05,3.1945556e-06,0.9998233,8.795524e-07,1.3888836e-06,0.00014060248,3.657853e-06,6.328756e-06,1654,test
6.157666e-05,9.558568e-07,0.99979395,3.8689592e-07,3.870037e-07,0.0001254111,2.5300487e-06,1.4890598e-05,1655,test
4.2612755e-05,3.6362082e-06,0.99919015,1.4431534e-05,2.4268465e-05,0.00068476447,5.771163e-06,3.4482182e-05,1656,test
1.8508625e-05,2.3626421e-06,0.99952173,7.226679e-06,3.1493046e-06,0.00042208118,1.380376e-05,1.1086535e-05,1657,test
0.9997756,4.6581417e-06,0.00013478864,2.1948656e-06,1.569065e-06,3.3407468e-06,5.7953024e-05,1.9932584e-05,1658,test
5.1288098e-05,1.4353812e-05,0.9980944,1.7612068e-05,2.2550574e-05,0.0017659935,3.198739e-06,3.0522566e-05,1659,test
0.99932754,1.4157657e-05,0.00030695062,4.134535e-06,4.4610774e-06,1.01082705e-05,0.00027148632,6.119868e-05,1660,test
8.91215e-06,8.131106e-06,3.185718e-06,8.382777e-06,8.424502e-09,8.7901157e-07,0.00012327614,0.9998472,1661,test
3.607726e-05,1.3956666e-06,0.9994319,6.1519645e-06,3.074749e-06,0.00048150634,1.2489104e-05,2.7315808e-05,1662,test
0.00033526804,0.0007657368,0.0012425472,0.00038294212,0.96055496,0.03600226,0.0005577528,0.00015859451,1663,test
0.0006751711,1.2350403e-05,0.00011119975,6.386536e-05,1.2673904e-06,1.2636967e-05,0.99909234,3.103372e-05,1664,test
3.1183037e-05,2.3445398e-07,0.99979967,3.8021136e-07,2.4162034e-07,0.00016493657,4.702014e-07,2.8508891e-06,1665,test
0.0020920183,1.172088e-05,0.9963252,1.672053e-05,1.6610107e-05,0.0012557216,0.00012740433,0.0001544574,1666,test
0.99965954,1.4081172e-06,0.00026279184,2.7748646e-08,4.865311e-07,3.111261e-05,3.9590745e-05,5.1570537e-06,1667,test
0.9994579,6.733866e-06,0.00013881139,1.5429681e-07,5.4057824e-07,1.4091461e-05,0.00037783117,3.9513225e-06,1668,test
0.99976665,2.3839557e-06,9.4367024e-05,3.086848e-08,5.1198737e-07,1.9132645e-05,0.00011035896,6.5799904e-06,1669,test
0.9988065,8.112974e-06,0.00068927236,3.244174e-07,4.343862e-06,0.000121545156,0.0003383297,3.1670683e-05,1670,test
4.4433284e-05,0.00014274899,0.0001211086,0.00010392948,0.9931104,0.006407115,5.860642e-05,1.1630412e-05,1671,test
9.912282e-05,6.842906e-06,0.99977463,6.353517e-07,1.0073937e-06,0.00011187283,2.6451737e-06,3.2874264e-06,1672,test
3.8337782e-07,0.9999937,2.1881458e-06,5.410442e-08,1.8193005e-09,1.8670998e-09,2.7221322e-06,1.016184e-06,1673,test
0.0001191161,2.8789764e-06,0.99975866,1.5331334e-06,1.3436821e-06,0.000107197484,3.3071053e-06,5.8627866e-06,1674,test
0.9998165,6.8011304e-06,0.00011282479,8.253119e-06,5.0681996e-07,4.236156e-06,2.5472336e-05,2.5563742e-05,1675,test
5.9500806e-05,4.935432e-06,0.9998952,1.15498715e-07,2.1611525e-07,3.856112e-05,5.172385e-07,9.922434e-07,1676,test
7.1960974e-05,6.6223884e-06,0.9998323,1.9379986e-07,1.1508688e-06,8.5573934e-05,5.8952526e-07,1.6575642e-06,1677,test
0.0001452256,8.4303765e-06,0.9997806,1.0756215e-06,6.2603993e-07,5.6357272e-05,3.6084598e-06,4.1074854e-06,1678,test
0.9998111,4.536454e-06,0.00011003764,1.0607279e-05,2.190434e-07,7.8362905e-07,4.343484e-05,1.9252562e-05,1679,test
5.4650278e-05,2.772473e-06,0.9998072,1.0583728e-06,1.9351279e-07,0.000119117896,1.0111328e-05,4.942529e-06,1680,test
0.99998295,4.53021e-07,9.900642e-06,1.442553e-09,2.077403e-09,2.8835038e-07,5.4525535e-06,9.731724e-07,1681,test
0.00021882243,4.1006715e-06,0.99954706,2.4983156e-06,5.238437e-07,0.00017772011,3.7640017e-05,1.1575463e-05,1682,test
3.8053695e-06,5.796895e-07,0.99995124,6.799011e-08,1.4521457e-07,4.2851298e-05,4.1753194e-07,8.732548e-07,1683,test
4.0831495e-05,7.6272073e-07,0.99982685,1.3095419e-06,2.683112e-07,9.7007316e-05,1.45928225e-05,1.8487053e-05,1684,test
5.268862e-05,4.849479e-07,0.9999088,9.763737e-08,2.8843775e-08,1.1443141e-05,1.32564255e-05,1.3240139e-05,1685,test
8.8729474e-05,0.00027061644,0.0001434281,0.0010763623,0.9945479,0.0037249604,0.00012128726,2.6709753e-05,1686,test
1.5458962e-05,5.8589745e-07,0.9999479,1.9324348e-07,8.439944e-08,2.7694397e-05,3.3460258e-06,4.825897e-06,1687,test
0.62593716,0.006946992,0.012859066,0.0019962527,0.0014688903,0.003838065,0.3428922,0.0040613,1688,test
9.2572205e-05,5.4484653e-06,0.99952877,5.8078977e-06,8.866517e-06,0.00028091617,7.129139e-05,6.4715086e-06,1689,test
0.00010861624,8.852153e-06,0.9997613,1.0511704e-06,1.1352408e-06,4.4909517e-05,7.138902e-05,2.7075926e-06,1690,test
0.00012190275,3.5055011e-06,0.99926037,4.093982e-06,9.45373e-06,0.0005488235,4.548167e-05,6.3402795e-06,1691,test
0.013866234,0.0013603991,0.001838731,0.007878372,0.0016892845,0.0025591885,0.96388894,0.0069188895,1692,test
9.4026494e-05,2.9162306e-06,0.9996315,2.261109e-06,5.745096e-06,0.00020816154,5.2763502e-05,2.5713296e-06,1693,test
0.010515278,0.9059655,0.007407692,0.0039851265,0.0025594733,0.0033649576,0.010578226,0.055623826,1694,test
5.5570934e-05,4.718711e-06,0.99980384,5.5182136e-07,2.6996734e-06,0.00010894662,2.1784668e-05,1.8248237e-06,1695,test
0.0017879058,0.0001095981,0.010389759,0.00021412945,0.001403518,0.9839548,0.0003527155,0.0017876696,1696,test
3.9584094e-05,1.471085e-06,0.9995222,1.4784267e-06,6.397139e-06,0.0004171409,1.3603407e-06,1.04013125e-05,1697,test
6.365117e-05,8.7272365e-06,0.9995865,5.4965403e-06,5.2737905e-06,0.00031738082,6.8204004e-06,6.2025756e-06,1698,test
7.7553144e-05,5.908572e-06,0.9985,1.8087885e-05,3.9972478e-05,0.0013380577,4.0349983e-06,1.6472035e-05,1699,test
0.99946576,8.778851e-06,0.00036600622,2.7232052e-06,8.145048e-07,4.9372097e-06,9.8536766e-05,5.2474563e-05,1700,test
0.00016908134,5.637899e-06,0.99895006,2.871095e-06,1.6101229e-05,0.0008303464,3.9295905e-06,2.2030325e-05,1701,test
9.622155e-05,1.0917828e-05,0.99915946,7.1473837e-06,2.4110575e-05,0.00068581325,3.1237892e-06,1.3243483e-05,1702,test
0.9994603,9.876065e-06,0.0003137268,2.8790228e-06,1.1525149e-06,4.637594e-06,9.954716e-05,0.00010787589,1703,test
0.031146888,4.2510335e-05,0.96308124,0.00037051734,1.2644578e-05,0.00061182637,0.004498389,0.00023599302,1704,test
0.99781716,8.25253e-06,4.004427e-05,2.1854301e-05,1.8987228e-06,1.5222519e-05,0.0020895565,6.015111e-06,1705,test
0.035861026,0.024059106,0.07080841,0.013596588,0.0101570655,0.34478965,0.045409463,0.45531872,1706,test
0.00059753214,2.8572285e-05,0.9970663,0.0008460922,6.155876e-05,0.0006728625,0.00062436325,0.000102734586,1707,test
0.9953302,1.23847485e-05,0.00025868654,7.6876924e-05,1.4393646e-05,0.0004714115,0.0037875294,4.8645546e-05,1708,test
0.00062479026,1.8625327e-05,0.9967258,0.00082875014,3.871341e-05,0.0005702131,0.0010998191,9.336096e-05,1709,test
0.00048485157,0.9953615,5.764826e-05,0.0005457026,1.700477e-05,1.786226e-05,0.00058942934,0.0029259974,1710,test
0.0077517843,0.021785978,0.9662352,0.0004080229,0.0017623514,0.0014552252,0.00034199376,0.0002594699,1711,test
0.00014850238,4.860754e-07,0.9998344,1.13588e-07,1.944945e-08,6.9584244e-06,7.711825e-07,8.799562e-06,1712,test
0.9997403,4.7437925e-07,0.00016520321,1.0144771e-06,1.309353e-07,1.2723125e-05,7.016169e-05,1.00247025e-05,1713,test
0.00015919443,2.625197e-07,0.9998179,8.900729e-08,9.52044e-09,1.4258323e-05,8.556797e-07,7.419963e-06,1714,test
8.774789e-05,1.9236244e-07,0.9998977,6.640942e-08,1.5854154e-08,9.795002e-06,6.6985353e-07,3.735701e-06,1715,test
0.9999232,7.371764e-08,6.831875e-05,7.5353476e-08,3.124098e-09,1.9111204e-07,5.430081e-06,2.6748332e-06,1716,test
7.676905e-05,3.0451406e-07,0.9999118,3.9930472e-09,7.59708e-09,1.012302e-05,5.056806e-07,5.1372615e-07,1717,test
0.9997253,2.601411e-07,0.00025195625,1.2566394e-06,1.81648e-08,2.4553221e-06,1.3475802e-05,5.381078e-06,1718,test
0.00014742668,1.248509e-07,0.99983716,3.0291645e-08,1.2728465e-08,9.481069e-06,1.9847066e-07,5.4799434e-06,1719,test
0.9955264,6.400759e-05,0.003873869,2.9499788e-06,8.784684e-05,0.00031826532,5.967916e-05,6.709339e-05,1720,test
0.00012460657,5.1710016e-05,0.99826163,2.1526994e-05,0.00032724743,0.0011640054,3.5410332e-05,1.3774189e-05,1721,test
0.9987005,9.002832e-05,0.0008638372,1.3370238e-05,2.4526824e-05,6.711841e-05,0.00019023566,5.0283128e-05,1722,test
1.11177515e-05,4.068656e-05,0.000103562794,4.6444242e-05,0.99867404,0.0011025438,1.3034115e-05,8.715602e-06,1723,test
6.68528e-05,4.683872e-06,0.9995421,1.244383e-06,1.2857863e-05,0.00036312785,4.6889804e-06,4.4644357e-06,1724,test
0.9974504,0.00011402826,0.0015618439,4.3661654e-05,6.92574e-05,0.0002470927,0.0004001971,0.00011348929,1725,test
0.00013041278,0.00019693245,0.0007439166,0.00017215915,0.99271023,0.0059395814,4.1323943e-05,6.553596e-05,1726,test
7.3613606e-05,5.9522963e-06,0.999632,2.0806676e-06,7.83197e-06,0.00026583025,8.763497e-06,3.8903363e-06,1727,test
2.6919534e-07,8.388462e-07,3.8874936e-07,3.9168705e-07,4.802657e-11,4.565495e-08,1.8035938e-05,0.9999801,1728,test
1.4807924e-06,1.1330299e-06,0.99991167,2.1984306e-06,1.0551687e-06,7.909273e-05,3.2190894e-07,3.0477102e-06,1729,test
4.5699295e-08,4.823485e-08,1.3579539e-07,2.8988256e-07,3.185606e-12,3.7680515e-08,1.3603612e-05,0.9999858,1730,test
1.0975417e-05,7.8555325e-07,0.9998204,8.37227e-06,1.1293164e-07,9.27968e-05,2.4047873e-05,4.2505653e-05,1731,test
1.0255824e-06,2.638542e-07,0.9999474,3.9186125e-06,1.2600685e-07,4.214951e-05,1.3857853e-06,3.5989879e-06,1732,test
1.3654295e-06,5.475682e-07,0.99986947,1.1169213e-05,5.513504e-07,0.00010878339,7.747716e-07,7.300011e-06,1733,test
0.9998184,8.0999484e-07,1.1614237e-05,1.1441173e-06,1.5397197e-07,1.079485e-06,0.00015961652,7.177769e-06,1734,test
5.2871934e-07,2.6822775e-07,0.9999851,2.6778575e-06,1.6925265e-08,9.2765495e-06,9.066823e-07,1.1343781e-06,1735,test
2.7671385e-05,4.063483e-07,0.9999473,9.341631e-07,3.9602554e-07,2.207056e-05,1.444203e-07,1.1459564e-06,1736,test
0.9327305,7.214541e-05,0.0663454,1.9345736e-05,2.6255168e-06,6.22242e-05,0.00036093028,0.00040679716,1737,test
2.0175641e-05,2.5390483e-07,0.99996054,4.4683392e-07,1.6572068e-07,1.6387563e-05,1.3652758e-07,1.8527517e-06,1738,test
0.99980265,3.8088788e-07,3.8506798e-05,5.819712e-07,1.3082138e-07,1.435768e-06,0.00013655986,1.9790265e-05,1739,test
0.00059364585,1.415915e-06,0.99936765,1.3017551e-06,3.6409128e-07,2.8514642e-05,1.5170514e-06,5.562246e-06,1740,test
0.00011571651,3.3640183e-05,0.00011949192,0.99895346,0.00019167532,0.00011484032,0.00022635437,0.00024478175,1741,test
0.9997081,4.5997155e-07,5.7197023e-05,4.5472677e-07,9.296307e-09,8.865004e-08,0.00022399926,9.598739e-06,1742,test
2.4508963e-06,6.3416337e-06,7.49917e-06,1.6753245e-07,2.983517e-09,3.993608e-06,6.172845e-06,0.9999734,1743,test
0.0003560978,9.238063e-07,0.9995734,4.7524097e-07,1.6881309e-06,5.81184e-05,1.871735e-06,7.3501856e-06,1744,test
0.9995074,2.3740335e-05,0.0002236429,2.1814796e-05,2.552408e-05,3.5325193e-05,8.1974526e-05,8.055722e-05,1745,test
9.045553e-05,0.9995333,8.744475e-06,0.00010592552,1.3414998e-06,1.0467896e-06,0.00021201507,4.724546e-05,1746,test
0.00010442463,4.6163348e-07,0.99976224,1.9683742e-07,1.6499615e-06,0.00012858066,4.9145405e-07,1.9772742e-06,1747,test
0.00019884732,1.007005e-06,0.999627,1.0695545e-06,2.6671132e-06,0.00016488701,1.0984303e-06,3.4746924e-06,1748,test
0.0069675045,0.0014621615,0.038117018,0.0024513945,0.8967544,0.048533753,0.0010865753,0.004627143,1749,test
0.91965747,0.0054772985,0.06848473,0.0005882219,0.0013747051,0.0022353153,0.0014197984,0.0007624181,1750,test
0.000104215076,2.7517396e-07,0.99975425,3.9833017e-07,1.5917685e-06,0.00013539798,5.69015e-07,3.200101e-06,1751,test
0.00080582977,0.00011637706,0.995125,0.00012927105,0.00047611658,0.0032011128,3.959466e-05,0.00010675398,1752,test
0.0011457228,0.00030672434,0.0005476621,0.9869446,0.0049493834,0.0018212347,0.0024596753,0.0018249702,1753,test
0.00074184575,8.349116e-05,0.0005833778,4.3970787e-05,0.0022730764,0.9961747,8.425207e-05,1.52329985e-05,1754,test
0.9964522,0.0006918896,0.0009207958,0.00013237064,0.00017152936,0.00035854714,0.0010627317,0.00020998888,1755,test
0.0032109686,0.00018000824,0.99062586,0.00030419687,0.0002240023,0.0048035174,0.00047695913,0.00017452058,1756,test
0.0014523874,9.5144576e-05,0.0034778023,5.103375e-05,0.0010478419,0.9936154,0.00015005289,0.000110428926,1757,test
0.0013023685,0.0001232635,0.99262697,0.0001751109,0.0005546918,0.005081033,6.463225e-05,7.1984934e-05,1758,test
0.0010848108,7.848955e-05,0.9944565,0.00015067543,0.0003120103,0.0037717281,7.7386845e-05,6.8277244e-05,1759,test
0.0018280691,0.9958884,0.00058279006,4.9029037e-05,6.384739e-05,3.517229e-05,0.0009990627,0.00055373396,1760,test
7.39827e-05,9.772983e-07,0.9992768,7.882367e-07,1.4200999e-06,0.00063536764,2.5396737e-06,8.128119e-06,1761,test
3.4147717e-05,3.585453e-06,0.00065386656,5.358724e-06,7.7284465e-05,0.9991849,9.604957e-06,3.1153555e-05,1762,test
0.998629,1.0846698e-05,0.0009171046,1.1596753e-06,1.0049745e-06,2.4427753e-05,0.00039550324,2.1019898e-05,1763,test
6.012025e-05,1.0743022e-06,0.9995757,1.0899786e-07,6.054706e-07,0.00036116742,5.3265813e-07,7.781116e-07,1764,test
0.9990101,6.131706e-06,0.000697777,2.6556174e-06,8.436344e-07,3.4100936e-05,0.00021658445,3.172485e-05,1765,test
0.9982845,1.6396629e-05,0.0009122122,7.863872e-06,2.7825251e-06,6.146066e-05,0.0006584827,5.6250083e-05,1766,test
6.721738e-05,9.0862136e-07,0.9994999,3.289544e-07,7.571122e-07,0.00042550892,9.1059485e-07,4.43167e-06,1767,test
0.000104254796,2.5548032e-05,0.9997749,8.639951e-07,4.0331747e-06,8.245385e-05,3.7032873e-06,4.186913e-06,1768,test
0.00028084157,2.5111327e-05,0.9994491,1.3925262e-06,1.2754755e-05,0.00021060977,1.6641414e-05,3.5577448e-06,1769,test
8.9639616e-05,8.052698e-06,0.99982494,8.731236e-07,1.6111987e-06,6.317198e-05,4.537949e-06,7.2153434e-06,1770,test
0.00014235392,2.497044e-05,0.99975365,9.442872e-07,3.542768e-06,6.633735e-05,3.5393198e-06,4.6944115e-06,1771,test
8.0799866e-05,5.291652e-05,0.9998074,2.0219286e-06,4.2683487e-06,4.576574e-05,4.3124273e-06,2.5384088e-06,1772,test
0.9981731,5.380843e-05,0.0007231745,3.2525662e-05,6.1610504e-06,1.3236279e-05,0.00089577807,0.00010212166,1773,test
0.99955565,2.1577462e-05,0.00011020664,7.782442e-06,1.060514e-06,9.589073e-07,0.000252636,5.0170253e-05,1774,test
8.047395e-07,0.9999925,1.2643859e-06,6.312186e-07,1.0201744e-08,3.0015648e-09,3.2599569e-06,1.5361633e-06,1775,test
0.9989236,0.0001515945,0.00027371614,2.4632243e-05,1.4998256e-05,0.00010896266,0.00047248648,2.996059e-05,1776,test
2.1952359e-05,2.0484045e-05,0.9996824,1.557691e-06,3.6549893e-05,0.0002314779,4.4506933e-06,1.1301188e-06,1777,test
9.964561e-05,0.000105484294,0.9992902,9.949391e-06,5.6985587e-05,0.0004073862,2.4850848e-05,5.366143e-06,1778,test
0.9986645,0.00022776375,0.00025270772,7.056647e-05,5.0269806e-05,0.00012658829,0.00053442444,7.319622e-05,1779,test
0.0024318462,0.0072918446,0.009408442,0.00013336775,0.07571743,0.90260434,0.0013641622,0.0010484542,1780,test
0.011437953,0.032368682,0.008647545,0.004730352,0.7371392,0.19197145,0.008893224,0.004811617,1781,test
0.9990382,9.554431e-05,0.00016925356,3.605968e-05,2.56526e-05,0.00016769157,0.00043778555,2.9893126e-05,1782,test
8.3497136e-05,3.7334426e-05,0.99945766,2.683036e-06,4.049052e-05,0.00036267893,1.2203704e-05,3.4891448e-06,1783,test
0.999648,9.052467e-07,0.00015676787,5.765079e-07,7.735357e-08,3.2718228e-06,0.0001571875,3.310862e-05,1784,test
1.7035241e-05,2.6600676e-06,0.99935955,1.735291e-06,7.725817e-07,0.0006097324,1.3100737e-06,7.227484e-06,1785,test
0.997421,3.939145e-05,0.0020713282,1.5705145e-05,4.651978e-06,0.0002037156,0.00013882594,0.000105393556,1786,test
6.1699275e-06,1.223933e-06,0.9993149,1.55761e-06,8.048633e-07,0.0006652436,9.735179e-07,9.139952e-06,1787,test
3.9546947e-07,1.40562415e-05,8.8483785e-06,2.8646824e-07,1.6419742e-10,7.07472e-06,2.3888695e-06,0.999967,1788,test
0.99944156,1.1413815e-06,0.0005035613,2.4024757e-07,1.14043004e-07,1.08132035e-05,1.9347175e-05,2.3199502e-05,1789,test
0.99929595,5.801121e-06,0.00044668096,1.3097292e-06,7.60705e-07,1.6806074e-05,0.00011088287,0.00012185595,1790,test
0.9997702,4.370987e-06,0.00015244193,7.1505355e-07,7.235717e-08,3.9814097e-07,4.134452e-05,3.0403746e-05,1791,test
0.9999188,2.0208217e-06,6.6822846e-05,1.1968902e-07,3.077993e-08,2.746367e-07,9.7387365e-06,2.212868e-06,1792,test
7.2718803e-06,1.4782235e-06,0.99998343,1.9255623e-07,1.2410946e-07,7.1730688e-06,2.4807824e-07,8.040859e-08,1793,test
0.9997569,6.0582734e-06,0.00015925519,1.2484475e-06,1.8017111e-07,3.0998751e-06,6.277607e-05,1.0408369e-05,1794,test
5.575517e-06,0.99996424,1.4777039e-05,9.724463e-07,7.0692714e-08,2.5636466e-09,1.2330698e-05,2.0567124e-06,1795,test
6.695907e-06,1.2490461e-06,0.9999635,3.5312303e-07,4.2362313e-07,2.7337637e-05,1.9618281e-07,8.687058e-08,1796,test
9.6502545e-06,4.482496e-07,0.99996424,1.5422033e-07,1.5476503e-07,2.471681e-05,3.9730327e-07,3.1856334e-07,1797,test
0.9999502,8.849802e-07,3.6579004e-05,3.256654e-07,3.4649894e-08,2.786281e-07,1.0623789e-05,1.113671e-06,1798,test
4.363609e-06,7.9088676e-07,0.9999645,2.707186e-07,3.258919e-07,2.934089e-05,3.0476951e-07,1.0331208e-07,1799,test
0.0007095299,1.6969876e-05,0.9992411,2.040554e-06,6.288439e-07,2.5232985e-05,1.5800273e-06,2.910433e-06,1800,test
0.00017680846,0.9995035,1.1786943e-05,7.801427e-05,7.13296e-08,1.2859991e-05,7.787222e-05,0.0001390199,1801,test
5.7756595e-05,0.99940753,0.00010184466,2.7823802e-05,3.1715729e-06,1.3808339e-06,0.00033947022,6.090953e-05,1802,test
0.9997677,1.2232149e-05,0.00018611616,5.359253e-06,5.3237954e-07,7.999745e-06,1.231509e-05,7.725189e-06,1803,test
1.4098184e-05,3.8094056e-06,0.9999099,4.2093052e-07,1.2904953e-06,6.9795096e-05,5.6547344e-07,1.7479935e-07,1804,test
1.8281225e-05,7.4703576e-06,0.99978226,9.9183374e-08,2.4027618e-06,0.000188302,1.0651224e-06,3.0580754e-08,1805,test
0.9979777,0.00010714867,0.0017300902,6.900494e-06,7.46955e-06,7.465274e-05,7.395208e-05,2.214058e-05,1806,test
0.99983335,1.3714139e-05,3.8719947e-05,3.9344148e-05,8.982102e-07,1.1090758e-06,6.30249e-05,9.666879e-06,1807,test
0.00036484512,0.9973133,0.0007690069,9.202789e-05,2.70799e-05,3.2674236e-06,0.0013214805,0.00010895417,1808,test
0.9965533,0.00038848107,0.0027999755,2.7353306e-05,2.7900476e-06,7.864686e-05,0.00013675506,1.2806184e-05,1809,test
0.997985,9.668143e-05,0.0017510004,1.498643e-06,6.9377444e-07,5.0621158e-05,0.00011230506,2.1564347e-06,1810,test
0.52328855,0.002525813,0.46523806,0.00016664571,9.568736e-05,0.008241392,0.00026815486,0.00017574929,1811,test
3.8646718e-07,2.62266e-07,0.9999964,2.3372658e-08,9.537086e-08,2.7154474e-06,1.1771137e-07,3.5953047e-08,1812,test
5.8676145e-05,0.00022229775,0.9978732,0.001591222,2.4324168e-05,0.0001846606,1.1623158e-05,3.390724e-05,1813,test
0.9992016,0.00011523157,0.0004895476,4.474221e-06,1.9406746e-06,6.871322e-05,0.00011377053,4.7408685e-06,1814,test
0.9988085,0.00013730003,0.0008695738,1.8823973e-06,7.0433623e-07,2.4735922e-05,0.00015459995,2.639988e-06,1815,test
0.9998779,6.9363415e-07,7.826624e-06,1.8438263e-06,2.379545e-07,2.1125999e-07,7.139694e-05,3.9811403e-05,1816,test
1.5632218e-06,6.3895357e-07,0.9999651,3.3063387e-07,8.0596476e-07,2.9221448e-05,4.42632e-07,1.860677e-06,1817,test
1.7358221e-05,0.99960965,3.1715426e-06,3.5728754e-05,5.269697e-07,1.3435049e-06,3.600458e-05,0.00029630703,1818,test
1.5889361e-08,3.8496322e-07,2.6933162e-07,2.701284e-08,3.4120794e-12,1.5785838e-08,5.4476936e-07,0.9999988,1819,test
0.99975675,3.042412e-06,2.779867e-05,4.434479e-06,3.0752028e-06,3.5773478e-06,0.0001264152,7.493103e-05,1820,test
3.3393223e-06,1.2062454e-06,0.9999126,2.0106265e-06,1.9188901e-06,7.391993e-05,8.6471437e-07,4.145107e-06,1821,test
1.4624435e-05,7.513153e-06,0.99986124,1.1446395e-05,2.831758e-06,8.61083e-05,4.244187e-06,1.1952804e-05,1822,test
3.460792e-05,6.814665e-06,0.9998523,1.6401373e-05,8.308455e-07,3.079543e-05,2.113249e-05,3.714209e-05,1823,test
2.9119272e-05,4.9930777e-06,0.9997793,1.8120536e-06,5.505649e-06,0.00017705454,1.438134e-06,7.853802e-07,1824,test
4.19525e-05,1.5329775e-06,0.99991643,8.585532e-07,2.5009282e-07,3.5459187e-05,2.342325e-06,1.1761302e-06,1825,test
5.7830443e-05,3.5532767e-06,0.9998821,2.3598698e-06,8.1450537e-07,4.9632185e-05,2.1862372e-06,1.5242265e-06,1826,test
0.9985306,5.165533e-05,0.0011216181,1.1386639e-05,6.776939e-06,4.8383736e-05,0.00021865766,1.0858071e-05,1827,test
7.234425e-08,0.999998,1.6442135e-07,3.177477e-08,1.8526265e-10,3.036122e-10,3.4157844e-07,1.4020736e-06,1828,test
0.99954176,8.369083e-06,0.0003890282,7.266842e-07,6.27367e-07,5.928052e-06,3.8450376e-05,1.51769555e-05,1829,test
4.372239e-05,1.6786672e-06,0.99991393,5.815854e-07,4.4225283e-07,3.7250553e-05,1.5001168e-06,8.1502077e-07,1830,test
0.9998995,3.6529655e-06,3.214363e-05,5.791299e-06,1.4949559e-07,6.5990747e-07,5.1491963e-05,6.5642917e-06,1831,test
0.9985537,1.43403395e-05,0.00060394465,4.006191e-05,5.3398817e-06,1.1566285e-05,0.0005073255,0.00026366807,1832,test
2.2219767e-05,1.1716684e-06,0.9999168,6.7157674e-07,2.3532623e-07,4.6415465e-05,1.704436e-06,1.081885e-05,1833,test
0.99705243,3.653713e-05,0.002197875,9.3443805e-06,3.911216e-06,2.0403366e-05,0.00023790533,0.00044161917,1834,test
1.7873743e-05,2.1689143e-06,0.99990153,1.2010842e-07,3.6529397e-07,6.953826e-05,1.1898925e-06,7.207733e-06,1835,test
3.572314e-05,5.609495e-07,0.9998635,2.7452722e-07,2.0898179e-07,7.456441e-05,1.1559836e-06,2.398032e-05,1836,test
7.3429095e-05,3.8234184e-06,0.99970776,1.6675742e-06,1.3588232e-06,0.00018160744,3.886196e-06,2.6400137e-05,1837,test
0.99894565,1.420616e-05,0.0005447245,1.9718183e-05,1.8944779e-06,5.9475965e-06,0.00034335037,0.0001245022,1838,test
0.9982591,2.0907411e-05,0.0006340257,3.5497138e-05,1.2603986e-06,1.1921162e-05,0.00087453256,0.000162622,1839,test
0.9964797,3.0360232e-05,0.0031465378,1.7264178e-05,3.760556e-06,4.582068e-05,0.00018603787,9.051236e-05,1840,test
0.9992505,4.1536637e-06,0.00047486485,1.2206086e-05,8.655472e-07,5.7098778e-06,0.0001286577,0.0001230409,1841,test
3.326155e-05,2.8052526e-07,0.9999114,3.062113e-08,3.1354883e-08,3.6566013e-05,2.1535917e-07,1.8223896e-05,1842,test
9.313121e-06,3.783122e-07,0.9999734,1.0470184e-07,6.930672e-08,1.2967171e-05,4.2786007e-07,3.2745488e-06,1843,test
0.99704844,3.1767672e-06,0.002778836,1.7069452e-06,3.0561552e-07,1.7694807e-05,4.7882535e-05,0.00010202031,1844,test
0.9987054,1.05423405e-05,0.00083787413,1.92051e-05,2.3087991e-06,1.77753e-05,0.00018694856,0.0002199465,1845,test
0.99873215,4.512345e-05,0.0006887519,1.270672e-05,2.427325e-06,2.1598598e-05,0.00012165301,0.00037561098,1846,test
2.3791643e-05,3.6565172e-07,0.9999162,3.7565947e-08,1.11636425e-07,5.2230196e-05,1.5201448e-07,7.137384e-06,1847,test
0.00023366,4.8493916e-05,0.99942255,9.517942e-06,1.539326e-05,0.00022811102,2.7785187e-05,1.4560667e-05,1848,test
2.6705084e-05,0.00028769052,0.0001783521,1.989338e-05,2.9040194e-07,0.00015732825,0.00014176912,0.999188,1849,test
0.000392228,5.949954e-05,0.9991314,1.1926095e-05,2.9425883e-05,0.00033420697,2.5739026e-05,1.5599602e-05,1850,test
0.0001305792,4.6096422e-05,0.99966085,2.5700099e-06,1.6930793e-05,0.00012988517,9.260127e-06,3.8328617e-06,1851,test
0.98913234,0.0008471639,0.007098911,8.642855e-05,0.00019033595,0.00033248484,0.002195092,0.000117294556,1852,test
1.0471176e-05,0.99982315,1.3220583e-05,1.48034005e-05,2.431073e-06,1.7342294e-06,0.000102358186,3.1843218e-05,1853,test
0.000115270464,0.00019616545,0.00027781547,8.406644e-05,0.9953117,0.0039198725,3.7366208e-05,5.777708e-05,1854,test
0.9985927,0.00011763839,0.0010018158,9.027441e-06,1.5829304e-05,5.230248e-05,0.00017744918,3.323575e-05,1855,test
0.00045065288,5.8567228e-05,0.9986946,0.00013199636,5.2397983e-05,0.00047203113,5.318736e-05,8.665107e-05,1856,test
2.2864788e-06,0.00029200563,7.0733217e-06,1.7625733e-07,1.2066373e-10,1.4634992e-07,4.3248992e-06,0.9996941,1857,test
0.99961495,9.927532e-06,5.840608e-05,1.5079425e-05,3.5948556e-06,6.4458877e-06,0.00022805795,6.352551e-05,1858,test
0.0007027363,0.00011575439,0.9987355,7.1626586e-05,1.7884835e-05,0.00025934097,4.620275e-05,5.093749e-05,1859,test
0.00045190786,7.121964e-05,0.9989827,3.247301e-05,2.03271e-05,0.0003605673,3.60219e-05,4.4862998e-05,1860,test
0.00040456088,8.669805e-05,0.99921405,2.5408504e-05,1.49380285e-05,0.00020607316,2.9281653e-05,1.8859357e-05,1861,test
3.844408e-06,0.9998934,8.997272e-06,3.1148231e-06,1.4365374e-07,1.0854101e-06,4.6752277e-05,4.264035e-05,1862,test
0.00091882126,0.9974463,0.0004942685,9.786848e-05,2.7849852e-05,1.0092995e-05,0.0007565031,0.0002483125,1863,test
5.4755634e-07,8.2622535e-08,0.99995375,1.3010107e-07,1.7629343e-08,4.434336e-05,6.2496326e-08,9.56201e-07,1864,test
0.16774763,2.014201e-06,0.83165014,4.2173033e-07,2.8222027e-07,0.00014502769,0.00016003514,0.00029446618,1865,test
7.008356e-07,7.223047e-08,0.9999765,9.6647504e-08,2.7132137e-08,2.0500609e-05,1.16180686e-07,2.0298448e-06,1866,test
2.3299779e-06,7.02798e-07,0.999987,1.1597721e-07,3.126904e-08,8.811024e-06,6.5857887e-07,2.6085246e-07,1867,test
0.9999106,2.0129566e-07,1.69737e-05,2.8775236e-07,3.8680067e-08,8.7436257e-07,5.4483047e-05,1.6674665e-05,1868,test
2.9090795e-06,1.256098e-06,0.9999219,4.726923e-07,1.1013251e-07,7.166259e-05,2.2144842e-07,1.4297343e-06,1869,test
0.99993145,3.5051482e-07,9.580542e-06,7.919304e-08,1.00543724e-08,2.1709357e-07,5.1062732e-05,7.1923614e-06,1870,test
5.1212356e-07,1.0426685e-08,0.99998224,4.4266937e-08,2.5486375e-09,1.6598544e-05,4.507911e-08,6.75717e-07,1871,test
0.9991904,3.3543034e-07,2.66122e-05,3.5688709e-07,1.41745105e-08,1.2277832e-06,0.000779586,1.5698614e-06,1872,test
0.99795854,1.3516238e-06,3.7501934e-05,5.9317347e-07,1.661882e-08,1.3608212e-06,0.0019969125,3.7189354e-06,1873,test
0.99797434,3.492989e-06,0.00031589498,1.3456234e-06,2.5588506e-07,7.786835e-06,0.0016824082,1.453868e-05,1874,test
0.0020884299,2.6254529e-05,0.00052226137,0.0003215363,1.4157798e-05,5.0280763e-05,0.9968238,0.00015331047,1875,test
3.547729e-05,8.518793e-07,0.9997793,2.2119639e-06,4.3170772e-07,0.00015845173,2.2360187e-05,9.656252e-07,1876,test
4.5759745e-05,1.6928968e-06,0.99969745,5.0329213e-06,7.2580406e-07,8.811401e-05,0.00015847034,2.7105846e-06,1877,test
0.9984798,4.7146737e-06,0.00021760746,6.8876403e-07,8.218177e-08,1.8951625e-06,0.0012775585,1.7714161e-05,1878,test
5.003715e-05,9.409195e-07,0.99975723,6.277336e-06,5.032644e-07,7.315816e-05,0.000109305045,2.6260354e-06,1879,test
0.00043685362,2.5390902e-05,0.9981134,1.7146216e-05,9.8261546e-05,0.0012149053,3.99618e-05,5.406414e-05,1880,test
0.99846834,7.391819e-05,0.00012247449,5.2826446e-05,2.8121918e-05,3.406483e-05,0.0011009489,0.00011928638,1881,test
9.851209e-05,9.167698e-05,0.00022176976,0.00028032137,0.99809545,0.0011168383,5.484791e-05,4.059398e-05,1882,test
0.0001803349,4.5711615e-05,0.9988212,2.8807788e-06,6.6141816e-05,0.0008705229,5.5789887e-06,7.62156e-06,1883,test
0.017833533,0.00016821109,0.97894317,4.1429794e-05,0.00018588523,0.002400847,0.00018686298,0.0002401504,1884,test
7.942151e-05,1.1445868e-05,0.9993405,2.1211893e-06,2.8307002e-05,0.00052257674,6.980636e-06,8.636795e-06,1885,test
0.9982687,0.00020420397,0.0003920972,7.443902e-05,4.988205e-05,3.517968e-05,0.00080154644,0.00017402478,1886,test
0.0002741554,7.143052e-05,0.99792516,1.0642107e-05,0.00014187177,0.001502909,5.9165206e-05,1.4718455e-05,1887,test
0.99974626,4.7916933e-06,0.000120852936,1.5422863e-07,9.630068e-08,3.6173788e-07,0.000107408494,2.0114783e-05,1888,test
0.99982977,1.7009703e-06,5.302738e-05,2.438553e-07,2.656755e-08,2.753864e-07,0.00010730975,7.623394e-06,1889,test
0.9990687,2.7768317e-06,0.00079435355,1.7027749e-07,1.0920262e-07,1.0583013e-06,0.0001238178,9.049434e-06,1890,test
4.82697e-06,1.5029909e-07,0.99996126,7.341199e-09,9.362462e-09,3.297871e-05,7.74286e-08,6.432481e-07,1891,test
7.749259e-05,9.570368e-06,0.9998074,1.454883e-06,2.502243e-06,8.631405e-05,8.574013e-06,6.6564407e-06,1892,test
0.9996699,4.085003e-06,0.00014815503,5.842511e-07,1.2081875e-07,9.721572e-07,0.000162584,1.3529833e-05,1893,test
0.00034083644,0.9858613,0.0024453332,6.9193346e-05,7.4804316e-06,6.2517945e-05,0.0057001743,0.0055132457,1894,test
4.8156e-05,1.0997837e-06,0.99993324,1.4953457e-07,4.021921e-08,1.1127206e-05,2.524253e-06,3.7517038e-06,1895,test
0.00048264567,4.991063e-05,0.9985084,6.5699765e-05,1.7981163e-05,0.00040996404,0.00038026882,8.501776e-05,1896,test
0.00091840664,0.000111835434,0.9971193,4.812313e-05,3.324607e-05,0.0015796244,0.00013231394,5.7167363e-05,1897,test
0.005795096,0.005805725,0.019233687,0.0065963175,0.0032418983,0.07156618,0.051692855,0.83606833,1898,test
8.703901e-05,3.3072106e-06,0.9985708,6.2329714e-06,1.0372382e-05,0.0013010919,8.5119655e-06,1.2570036e-05,1899,test
0.00010577054,1.1637272e-05,0.9987935,2.9671395e-05,2.3740737e-05,0.0009896687,2.1076377e-05,2.485423e-05,1900,test
4.3761353e-05,3.5917326e-06,0.99855226,5.9529593e-06,1.9506107e-05,0.0013586987,6.92448e-06,9.364686e-06,1901,test
3.5039554e-06,1.7249457e-05,5.9043855e-06,5.406911e-06,5.9363505e-09,1.90703e-05,6.5419605e-05,0.9998834,1902,test
0.99991524,7.5860557e-06,2.6481937e-06,8.662937e-06,1.0869327e-06,5.3784083e-07,3.4161563e-05,3.0070034e-05,1903,test
0.00013021643,2.7069332e-06,0.99980193,2.5103665e-07,1.9590341e-07,4.3139073e-05,5.7753464e-06,1.587128e-05,1904,test
0.9994992,8.125881e-06,0.00020409487,2.1576554e-05,1.1458242e-06,4.797943e-06,0.00015545107,0.00010547708,1905,test
0.9996873,2.3014006e-06,0.00019783314,5.1561246e-06,3.9451552e-07,2.435625e-06,6.2305895e-05,4.232037e-05,1906,test
0.00013142357,3.2943005e-06,0.99973875,8.1412065e-07,4.3314884e-07,5.450341e-05,6.28472e-06,6.448411e-05,1907,test
6.577152e-05,1.3404195e-05,0.99972373,1.7060727e-06,5.904366e-06,0.00017579261,3.0497338e-06,1.06033585e-05,1908,test
0.00011348367,1.1014956e-05,0.99982005,5.087666e-07,5.410681e-07,4.5734556e-05,2.5348486e-06,6.1610776e-06,1909,test
6.316423e-05,9.829664e-06,0.9998996,4.0593423e-07,4.4350554e-07,1.6004678e-05,3.1784043e-06,7.2636954e-06,1910,test
0.99951637,6.278697e-06,0.0003287436,3.004292e-06,4.136596e-07,3.5282565e-06,8.1096354e-05,6.0537353e-05,1911,test
0.00036641164,2.0131147e-05,0.998412,1.5200946e-05,9.830661e-05,0.0010265892,3.4427412e-05,2.688617e-05,1912,test
0.000532437,3.1809494e-05,0.9972595,2.0636606e-05,0.0001864523,0.0019266258,1.4596902e-05,2.7920049e-05,1913,test
0.00018636466,2.0072983e-05,0.99831676,5.894207e-06,0.00014095099,0.0013227223,2.785987e-06,4.5977426e-06,1914,test
0.99857914,5.6791716e-05,0.00080372026,1.8283064e-05,8.272647e-05,0.00018451264,0.00019966181,7.512889e-05,1915,test
0.00024524177,0.00016182968,0.0009285546,0.00022814421,0.994167,0.004149115,4.6807352e-05,7.338445e-05,1916,test
0.999491,3.5599798e-05,0.00026855935,1.7931834e-05,1.3850398e-05,4.974509e-05,9.08628e-05,3.240382e-05,1917,test
9.435306e-05,7.303764e-06,0.0016142322,4.937127e-06,0.00072526786,0.99753785,5.8255678e-06,1.0249963e-05,1918,test
0.00032031295,1.5053748e-05,0.99803656,9.2900045e-06,8.4756306e-05,0.0015167289,6.123523e-06,1.117242e-05,1919,test
0.9996408,1.9969984e-05,0.00017519145,6.90291e-06,1.5530962e-06,1.5036962e-05,0.00013740722,3.1747677e-06,1920,test
1.7512055e-05,2.2082413e-06,7.6917146e-05,1.8019413e-06,4.1013285e-05,0.99984396,8.243105e-06,8.239639e-06,1921,test
5.8454552e-05,0.9995987,4.7776328e-05,1.3031896e-05,2.3266466e-06,5.467065e-06,0.00024233984,3.1841137e-05,1922,test
0.0007856411,1.575068e-05,0.99857545,1.3361643e-05,8.373871e-06,0.0005675447,2.3520788e-05,1.03411785e-05,1923,test
0.046096075,0.9103153,0.033566725,0.0015089116,0.0018073393,0.00037907917,0.0049303365,0.001396371,1924,test
0.99920124,2.8890834e-05,0.00048871385,3.3779077e-06,2.7155327e-06,2.2115679e-05,0.00024316981,9.778542e-06,1925,test
0.0004541134,1.0811829e-05,0.9988782,6.40354e-05,1.648057e-05,0.0005334006,3.0741612e-05,1.225468e-05,1926,test
0.00012477984,4.2896568e-06,0.99930847,8.878235e-06,1.259088e-05,0.0005338262,4.866969e-06,2.242405e-06,1927,test
8.722785e-05,8.366389e-06,0.9998472,1.6609039e-06,1.2221128e-06,4.156515e-05,7.760103e-06,5.0786393e-06,1928,test
0.97700274,0.00023937835,0.022626203,1.209099e-06,2.7554247e-06,4.1437237e-05,2.8787255e-05,5.7482146e-05,1929,test
0.000186048,1.943153e-05,0.999699,3.7590864e-06,2.1890849e-06,7.0864255e-05,1.48796025e-05,3.771597e-06,1930,test
0.00010801675,3.8507103e-05,0.9997714,1.18785e-06,3.735767e-06,6.432738e-05,8.653277e-06,4.0864857e-06,1931,test
8.21669e-05,1.4995502e-05,0.9998715,2.7072983e-07,6.3001585e-07,2.69424e-05,2.242229e-06,1.1284143e-06,1932,test
2.9238412e-05,8.095562e-06,0.9999399,1.3954646e-07,2.9850335e-07,2.0897483e-05,8.998698e-07,4.5831294e-07,1933,test
0.9999031,5.2873224e-06,1.5400514e-05,2.7166757e-06,2.5090768e-07,3.1530206e-07,6.734011e-05,5.580214e-06,1934,test
6.5004045e-08,0.9999927,1.1550281e-07,9.603843e-08,1.9806055e-09,6.1241634e-09,5.600905e-06,1.3287859e-06,1935,test
0.9993554,1.1731618e-05,0.00046222235,9.0444337e-07,7.2186054e-07,3.3455042e-06,8.093674e-05,8.477262e-05,1936,test
0.99732435,6.666145e-06,0.0019639642,3.5899272e-06,8.247357e-07,1.2485846e-05,0.0005571758,0.0001308093,1937,test
0.00018038282,9.4410194e-07,0.9997634,3.4125185e-07,7.7537415e-08,3.273969e-05,3.8276953e-06,1.8297995e-05,1938,test
3.0821942e-05,6.535211e-07,0.99991083,7.452539e-08,6.784384e-08,4.9521695e-05,7.8440337e-07,7.246797e-06,1939,test
0.06999886,0.00010675914,0.9245845,7.4838676e-06,4.762967e-05,0.0045439554,0.00013270002,0.00057804136,1940,test
0.99715,8.394798e-06,0.00091851543,1.2559192e-05,9.900298e-07,2.6862941e-05,0.0017303445,0.00015237366,1941,test
7.7275814e-05,1.347682e-06,0.9997794,8.387026e-07,8.9443654e-07,0.0001104448,2.7756075e-06,2.7071705e-05,1942,test
2.0899142e-05,2.62428e-06,0.9997961,1.4015033e-06,4.8260113e-06,0.00015389522,2.80231e-06,1.7367074e-05,1943,test
0.99979633,1.0808235e-07,1.6822718e-05,1.572319e-07,9.8580255e-09,3.1786652e-07,0.00018410353,2.1907078e-06,1944,test
0.9995546,2.0820237e-07,1.3207647e-05,2.6802437e-07,1.4316398e-08,1.0124949e-06,0.000426645,4.125532e-06,1945,test
9.206865e-07,4.8115545e-08,0.99999464,3.4089192e-07,1.0686669e-08,3.5963308e-06,3.4648383e-07,2.9330538e-08,1946,test
0.9979006,5.7501156e-06,0.0013372225,2.8045029e-06,6.403853e-07,1.4849493e-05,0.0006345525,0.00010359358,1947,test
7.405862e-05,0.9997547,6.244335e-05,5.535639e-06,3.028967e-06,1.1133137e-07,6.3536274e-05,3.653546e-05,1948,test
0.06718994,0.0027205963,0.7529387,0.00076011545,0.000627427,0.12888974,0.0047363117,0.042137213,1949,test
1.2488433e-06,1.06227944e-07,0.9999957,2.4576485e-07,3.1606543e-08,2.4101168e-06,2.6392354e-07,1.9304226e-08,1950,test
1.7372905e-07,4.75694e-06,8.532471e-06,2.0987413e-08,6.94876e-12,9.780893e-08,4.285519e-07,0.99998593,1951,test
6.700421e-05,4.1877474e-06,0.9995919,5.513188e-07,3.9273637e-06,0.00032591578,1.4038748e-06,5.137786e-06,1952,test
0.00021070508,0.99833965,0.00035150032,4.006979e-05,1.859747e-05,1.0377094e-05,0.0008265243,0.0002025848,1953,test
0.9975516,4.1383395e-05,0.0022073018,1.225205e-06,6.2118706e-06,6.155866e-05,9.6684525e-05,3.4033554e-05,1954,test
6.047816e-05,4.078686e-06,0.9995233,9.2768073e-07,5.9685303e-06,0.00039745,2.2468948e-06,5.476076e-06,1955,test
0.0005391208,0.00016747254,0.0035393517,2.7372824e-05,0.01053532,0.985005,8.720354e-05,9.9209436e-05,1956,test
0.99946624,1.5670717e-05,0.00041008485,1.11308e-06,8.3159705e-07,1.0789222e-05,8.949003e-05,5.7671946e-06,1957,test
0.9994655,1.0785757e-05,0.0004515682,5.609236e-07,8.830089e-07,9.717792e-06,5.369047e-05,7.318827e-06,1958,test
2.2082757e-05,3.5259231e-06,0.99974746,8.711406e-07,4.835645e-06,0.00021862473,8.2404733e-07,1.7434006e-06,1959,test
0.9973085,1.3554296e-05,0.00020411398,3.4901044e-05,1.2758796e-06,1.7451044e-05,0.0022422296,0.00017789153,1960,test
8.5968995e-06,6.6038733e-06,0.9996513,8.939506e-06,4.16345e-06,0.00031034407,2.317152e-06,7.823245e-06,1961,test
0.9998062,2.496479e-06,5.5278237e-05,5.4723074e-07,5.7442173e-07,6.14154e-06,8.8689485e-05,4.005077e-05,1962,test
0.99912745,4.6612035e-06,7.644592e-05,3.3433138e-05,1.7106873e-06,1.4822686e-05,0.0006584833,8.310711e-05,1963,test
0.0062699155,0.022593902,0.010673377,0.0027576133,0.0018800563,0.06065321,0.01470003,0.8804718,1964,test
9.699108e-06,1.5938713e-06,0.99961615,6.338159e-06,2.3522396e-06,0.00034375882,6.859978e-06,1.3195014e-05,1965,test
1.2746455e-05,1.3257888e-06,0.99951434,6.0779007e-06,2.71966e-06,0.00045168825,3.1388167e-06,7.96748e-06,1966,test
1.3002936e-05,6.1183227e-06,0.99961036,7.5654084e-06,7.2401162e-06,0.0003263429,4.246559e-06,2.5036368e-05,1967,test
0.9972345,1.0276264e-05,0.0007168395,0.00013097952,3.969655e-06,5.281282e-05,0.0018105132,4.0152365e-05,1968,test
0.998245,1.743034e-05,0.0009564265,4.138448e-05,8.724863e-06,0.00014259772,0.0004957018,9.28048e-05,1969,test
3.1536783e-05,1.6443543e-06,0.9998685,1.871254e-06,1.953874e-06,9.1353104e-05,7.292812e-07,2.4077842e-06,1970,test
9.885364e-06,1.0456127e-06,0.9999589,9.1897897e-07,8.9094283e-07,2.6580119e-05,5.392428e-07,1.2240631e-06,1971,test
0.99728525,5.8592177e-06,0.002261026,2.9208079e-05,8.5714936e-07,2.9932766e-05,0.00026321184,0.00012472284,1972,test
0.9985201,3.129439e-06,0.0014367929,2.2984536e-07,1.1570099e-07,3.4659129e-06,2.4169094e-05,1.1955294e-05,1973,test
0.00018391643,2.4915685e-06,0.9997619,1.0604718e-06,1.2200842e-07,4.1010855e-05,4.4464477e-06,5.129817e-06,1974,test
1.2240992e-05,2.6327717e-07,0.9999697,5.452135e-07,2.0851304e-07,1.5575646e-05,4.6061612e-07,1.0709115e-06,1975,test
2.1596044e-05,2.8655302e-07,0.99996054,1.6866078e-07,5.321906e-08,5.9893173e-06,2.813502e-06,8.422764e-06,1976,test
0.9933559,3.0895848e-05,0.0029929352,6.9194015e-05,7.7823635e-05,0.00013512639,0.0018876259,0.0014506254,1977,test
0.99981016,1.2180533e-06,2.8250197e-05,9.624399e-07,1.09316396e-07,2.5714638e-07,0.00012344428,3.5555717e-05,1978,test
2.5959822e-05,5.192724e-07,0.99993646,2.6427537e-07,1.2876204e-07,3.1243002e-05,8.647267e-07,4.509764e-06,1979,test
2.1713184e-05,2.743033e-06,0.99987674,6.1255156e-07,1.1732528e-06,9.165781e-05,1.5096837e-06,3.7596617e-06,1980,test
6.260828e-05,1.453319e-05,0.99961734,1.8258187e-06,2.0003406e-05,0.00028107292,8.979664e-07,1.6392135e-06,1981,test
4.486384e-05,6.0720157e-07,0.9995171,3.6999077e-06,5.0749445e-06,0.000414877,1.6251123e-06,1.2117934e-05,1982,test
4.719234e-05,4.968165e-07,0.9999027,3.5893308e-07,2.01985e-07,2.4502899e-05,3.162649e-06,2.1259553e-05,1983,test
1.4360189e-06,4.3416463e-07,0.999882,1.3365461e-06,6.511299e-08,0.000108232045,4.543006e-06,1.9780637e-06,1984,test
9.970849e-06,5.0107445e-07,0.9995161,5.1391903e-06,5.453675e-07,0.0004303625,1.1255466e-05,2.6224932e-05,1985,test
2.5314046e-07,2.2575688e-07,1.0068852e-06,9.660121e-08,1.1657731e-11,3.7180646e-07,1.9806203e-05,0.9999782,1986,test
0.99979275,1.4998005e-06,1.6980846e-05,2.9614782e-07,2.0263938e-07,2.2948884e-06,0.00017997743,5.948163e-06,1987,test
3.956053e-06,1.2851561e-06,0.9997942,3.008812e-06,2.039884e-07,0.00019040385,4.653815e-06,2.3648574e-06,1988,test
0.9998543,7.6285886e-07,1.4480874e-05,1.6980532e-07,1.240415e-07,9.3703665e-07,0.00012501315,4.2653464e-06,1989,test
1.9306867e-06,3.7482826e-07,0.999813,2.2325664e-06,1.2789098e-07,0.00017342185,6.3255234e-06,2.5771758e-06,1990,test
2.0367685e-05,3.3500284e-05,2.8696097e-05,7.482045e-05,0.9982566,0.0015246925,2.662897e-05,3.4649638e-05,1991,test
0.008613982,0.0050577857,0.025305565,0.0005646076,0.00043056806,0.18032643,0.010884701,0.7688164,1992,test
0.99028885,0.00010217024,0.008718815,5.0990107e-06,1.7536304e-05,5.9934842e-05,0.00031649403,0.0004910909,1993,test
1.4404301e-05,0.0001488084,6.4854634e-05,7.938347e-05,0.962687,0.036821444,7.6811404e-05,0.00010726467,1994,test
0.99866974,1.4984394e-05,0.0010935428,2.689348e-06,2.7987687e-06,2.7883001e-05,0.00014119326,4.7006706e-05,1995,test
8.641065e-05,6.5206928e-06,0.99912006,1.0359378e-05,1.977285e-05,0.0007252173,1.15420835e-05,2.00559e-05,1996,test
0.99966,3.898326e-06,0.00018164223,1.5086671e-06,1.1862109e-06,7.813382e-06,0.00010159689,4.234639e-05,1997,test
0.99900764,5.988691e-06,0.00011415085,1.2635004e-05,1.1626581e-06,1.4993109e-05,0.0008040149,3.9435374e-05,1998,test
4.057942e-05,6.6803254e-06,0.9984732,5.020592e-06,2.0089323e-05,0.0014437226,2.7272472e-06,7.902471e-06,1999,test
9.2085265e-06,3.1217041e-06,0.9999248,1.9025699e-06,5.47913e-07,5.7881243e-05,1.7258852e-06,8.570224e-07,2000,test
0.13352309,0.00049819093,0.86391664,1.1501949e-05,2.0034615e-05,0.0013117287,0.00054316234,0.00017575121,2001,test
0.09325537,0.6599108,0.017721789,0.0121140145,0.0011470817,0.012742314,0.090152025,0.11295655,2002,test
1.9101133e-05,3.953593e-06,0.9996051,4.071255e-06,3.6796653e-06,0.00035924453,1.317517e-06,3.6096226e-06,2003,test
0.9995896,1.4308227e-05,0.00017943073,1.6161945e-06,2.0186764e-07,2.7848132e-06,0.00018380495,2.8253935e-05,2004,test
1.7204979e-05,2.9271914e-06,0.9996123,1.846255e-06,3.0078e-06,0.00035882165,9.099948e-07,2.9390403e-06,2005,test
0.9996978,5.0685912e-06,7.7297664e-05,1.2470243e-06,1.8547014e-07,1.7392173e-06,0.00020636136,1.0238485e-05,2006,test
1.1006088e-05,1.8856134e-06,0.9998092,1.0112173e-06,8.7630235e-07,0.00017387014,6.765233e-07,1.3773306e-06,2007,test
0.51060385,5.1527485e-07,0.46571952,3.4691098e-08,5.897776e-09,9.358035e-06,0.022650508,0.0010162441,2008,test
7.5311245e-06,6.050658e-07,0.999889,2.2396618e-07,4.362689e-08,6.827656e-05,2.1611609e-06,3.2145315e-05,0,validation
0.9973448,2.3235945e-05,0.0007023149,5.1146846e-05,1.5837062e-05,0.00011531375,0.0014627136,0.000284647,1,validation
0.99395657,5.524851e-05,0.0010321427,0.00015525744,4.7728863e-05,0.00017826719,0.004191661,0.0003830624,2,validation
0.99774927,1.2513533e-05,0.0016285231,7.1586396e-06,5.2768796e-06,4.661916e-05,0.00042201616,0.00012869826,3,validation
4.1211202e-05,3.9500296e-06,0.9990243,2.0160278e-06,4.270952e-06,0.000865665,1.2664198e-06,5.7234807e-05,4,validation
2.9413754e-05,1.0469354e-06,0.9993693,5.849896e-07,5.8533334e-07,0.000566287,5.3912277e-07,3.2178254e-05,5,validation
8.914084e-05,1.3046638e-05,0.99891496,1.0667495e-05,7.1412405e-06,0.00090464123,1.3412691e-05,4.6929774e-05,6,validation
0.9976046,2.0104011e-05,0.001129301,1.9513298e-05,8.483294e-06,7.790386e-05,0.0008051731,0.00033482938,7,validation
0.99750865,9.818114e-05,0.00073982176,7.8312e-05,4.03111e-05,6.9396796e-05,0.0011708421,0.0002944812,8,validation
0.9995937,1.3566373e-05,0.00011964811,1.9695988e-05,4.6921436e-06,1.1670589e-05,0.00018798086,4.903905e-05,9,validation
0.00011520136,4.992309e-05,0.99874336,1.22082e-05,6.808771e-05,0.0009967816,7.982089e-06,6.5890968e-06,10,validation
0.00013305963,0.00026067297,0.00046585925,0.0014800726,0.9907901,0.0061515393,0.00024568097,0.0004728957,11,validation
0.00023636178,3.1961557e-05,0.9977303,6.868465e-05,0.00014395869,0.0016189315,7.277301e-05,9.6947006e-05,12,validation
8.6147644e-05,4.8990696e-05,0.99908435,6.9350385e-06,3.6241865e-05,0.00071420235,1.8450944e-05,4.632287e-06,13,validation
0.00013067905,3.457542e-05,0.9984504,1.5301746e-05,5.9505506e-05,0.0012823786,1.4887418e-05,1.2232353e-05,14,validation
0.00019317461,4.3506276e-05,0.998982,1.2711741e-05,6.472347e-05,0.00068346027,1.1808544e-05,8.574192e-06,15,validation
1.8344298e-06,1.1107328e-06,3.0103387e-05,1.0601764e-07,4.0856972e-05,0.99992514,5.446269e-07,3.1546452e-07,16,validation
0.99980193,5.6574063e-06,0.0001146964,7.4971297e-07,7.6361836e-08,2.4132005e-06,7.193134e-05,2.4994008e-06,17,validation
0.00019478741,7.681483e-06,0.9997131,5.076487e-06,1.7925593e-07,5.8418056e-05,1.3600148e-05,7.0981014e-06,18,validation
1.7864502e-06,4.5858774e-06,0.99997234,2.4043854e-06,3.7651037e-07,1.6627799e-05,1.547581e-06,2.8300056e-07,19,validation
0.00029608601,6.460114e-05,0.00028567962,8.215757e-05,4.7020333e-07,9.91157e-05,0.0004516978,0.9987203,20,validation
4.278708e-06,3.1002144e-06,0.9999149,5.6126387e-06,1.265254e-06,6.8430796e-05,8.9970575e-07,1.4206355e-06,21,validation
8.464257e-06,3.5594774e-06,0.99981374,9.775349e-06,1.5575391e-06,0.00015856528,2.278037e-06,2.1685128e-06,22,validation
0.6302703,0.00075632427,0.36688146,5.686382e-05,1.8798699e-05,0.0006803797,0.0010716235,0.00026426272,23,validation
9.237621e-05,7.187981e-06,0.99958557,3.7992647e-06,3.927852e-06,0.00027918036,4.339464e-06,2.3686736e-05,24,validation
4.1638228e-05,4.3307e-06,0.99955636,2.4291881e-05,6.607303e-06,0.00028185462,2.9405346e-05,5.548956e-05,25,validation
0.00020232527,7.162134e-05,0.9993788,1.7429233e-05,2.1786085e-05,0.00026714298,1.9370496e-05,2.1480071e-05,26,validation
0.09207032,5.0279807e-05,0.90547085,1.8338616e-05,2.1266626e-06,0.0002409266,0.0019300827,0.0002170904,27,validation
6.942385e-05,6.334652e-06,0.99968827,1.2975072e-05,2.1397695e-06,0.00017158691,1.6680482e-05,3.250248e-05,28,validation
0.998904,2.7476695e-05,0.0002380232,0.00013299103,9.234752e-06,3.144003e-05,0.0005410005,0.0001157695,29,validation
0.0027340823,0.00025172654,0.9937297,6.6799694e-05,4.7731668e-05,0.0026988203,0.00012283813,0.00034821552,30,validation
0.00013060609,6.4766406e-05,0.99937963,1.2149637e-05,1.9040452e-05,0.00035341567,1.776401e-05,2.2647288e-05,31,validation
1.7406248e-06,8.377714e-08,0.999801,5.5385772e-08,1.9610857e-06,0.0001951997,3.010882e-08,6.181405e-08,32,validation
7.3592935e-05,6.409968e-06,0.00048451315,0.9987902,0.00014925009,4.396598e-05,0.0002872276,0.00016488667,33,validation
0.7298748,0.052505348,0.196059,0.00374902,0.0043535996,0.0034392476,0.0048001804,0.0052187596,34,validation
1.0639271e-05,1.0284015e-07,0.99991584,1.3969324e-06,3.442262e-07,7.066999e-05,5.3651587e-07,4.054773e-07,35,validation
7.414245e-06,7.747641e-08,0.9999453,3.4454376e-07,8.3502854e-08,4.6212197e-05,1.0434762e-07,4.0544205e-07,36,validation
0.99980897,4.8132614e-07,2.8912818e-05,4.9023515e-07,2.1854424e-07,8.069337e-06,0.00013646478,1.635312e-05,37,validation
0.9998462,7.0930537e-07,5.1323863e-05,1.7333534e-06,2.58372e-07,1.2821117e-05,8.031982e-05,6.671138e-06,38,validation
0.9880485,7.683625e-06,0.010048276,2.425588e-05,2.6942791e-05,0.0011935309,0.0006145118,3.617974e-05,39,validation
9.233588e-05,5.6961784e-05,9.1994756e-05,2.2586595e-05,0.9981254,0.0015089636,1.5024292e-05,8.6750384e-05,40,validation
0.99895155,0.000103252394,0.00016023796,6.826779e-05,3.1255095e-05,5.1449475e-05,0.00057074457,6.334631e-05,41,validation
0.9958056,0.0003263035,0.001761382,6.117447e-05,0.00048082697,0.00074291124,0.00070524623,0.000116486095,42,validation
0.0006448717,0.000119067874,0.9964864,8.707628e-05,0.000193173,0.001821786,0.00037006324,0.00027760037,43,validation
2.8663548e-05,0.00048497732,0.0006336237,7.4788945e-06,1.3357408e-06,0.00033845817,0.00012129672,0.9983841,44,validation
9.339996e-05,4.1622483e-05,0.99943095,1.3171613e-05,1.1198813e-05,0.0003091695,7.394446e-05,2.6509118e-05,45,validation
0.000110349385,3.786816e-05,0.9995389,5.1989505e-06,1.7988034e-05,0.00020169067,7.947266e-05,8.585782e-06,46,validation
4.1672083e-05,0.00020837192,0.000101085774,3.926062e-05,9.577839e-07,0.00010791982,0.00013668375,0.99936396,47,validation
2.1074608e-05,2.6040163e-06,0.9999161,1.7898344e-07,1.140079e-06,5.6754136e-05,1.5724217e-07,2.085809e-06,48,validation
0.0006378752,8.9663066e-05,0.994128,0.0002595375,1.2965185e-05,0.0006131593,0.0041562314,0.000102517435,49,validation
1.0416378e-05,2.0013717e-06,0.9999567,6.420996e-07,6.379667e-07,2.625554e-05,8.046547e-07,2.5090978e-06,50,validation
6.2344645e-07,0.9999895,3.1762565e-06,7.798289e-08,1.9208466e-08,2.7460645e-08,5.625458e-06,9.922622e-07,51,validation
5.603967e-06,9.4656554e-07,0.9999757,1.3986296e-07,1.5462058e-07,1.640584e-05,1.7697103e-07,1.036265e-06,52,validation
2.5337475e-05,2.7554959e-06,0.9999591,3.5630669e-07,3.164224e-08,6.0781003e-06,3.6455892e-06,2.5519898e-06,53,validation
0.9998605,7.0862225e-06,4.7590416e-05,3.991607e-06,2.830364e-07,1.5143455e-06,7.546615e-05,3.6538095e-06,54,validation
6.671029e-06,1.7388418e-06,0.9999615,2.7404047e-08,7.889634e-07,2.846581e-05,5.242711e-08,7.155635e-07,55,validation
0.99979204,6.30577e-07,5.3081083e-05,1.8696544e-07,5.471121e-08,2.5783506e-06,0.00013652678,1.49547395e-05,56,validation
0.00031660814,1.2942464e-05,0.00038531976,6.6640685e-05,8.5700543e-07,2.9470384e-05,0.99900144,0.00018658995,57,validation
0.00032606474,5.061988e-06,0.9994881,6.172557e-06,1.5480448e-06,9.553758e-05,4.9653238e-05,2.7804428e-05,58,validation
0.00017810853,1.574454e-05,0.99942625,2.6054935e-05,9.25428e-06,0.0003195444,1.3661166e-05,1.1380702e-05,59,validation
0.0003347602,3.9022325e-05,0.99850583,3.4376837e-05,1.7980963e-05,0.00095612364,3.9553946e-05,7.249542e-05,60,validation
6.6796847e-06,1.1233374e-05,3.9220276e-06,9.748998e-06,9.703643e-09,1.1078217e-05,0.00013724298,0.99982005,61,validation
0.9999149,1.8933787e-07,5.4101165e-05,1.495534e-08,1.0115643e-08,5.022625e-07,2.4994435e-05,5.2703845e-06,62,validation
0.00027527258,1.270428e-05,0.99938357,2.7862807e-05,9.413608e-06,0.00024070067,4.0658815e-05,9.767901e-06,63,validation
0.0002117191,3.1800435e-05,0.9996728,1.4640397e-06,2.3716323e-06,6.851791e-05,4.614938e-06,6.68406e-06,64,validation
4.11301e-05,8.917538e-05,0.9998053,2.0115442e-06,9.253341e-06,5.039471e-05,1.7464653e-06,9.76746e-07,65,validation
8.075265e-05,2.2503833e-05,0.99980575,2.7993697e-06,4.356032e-06,7.7211924e-05,2.4972064e-06,4.1194908e-06,66,validation
0.9994836,0.00010412111,0.00028011083,8.405854e-06,6.138018e-06,2.9243165e-05,8.388281e-05,4.421842e-06,67,validation
3.9974715e-05,0.99955815,0.00011009765,2.6607984e-05,5.226367e-06,2.0643922e-06,0.00019541284,6.2491774e-05,68,validation
0.9997454,4.5019013e-05,4.2513126e-05,1.061152e-05,2.6925634e-06,5.9186787e-06,0.00014334355,4.450511e-06,69,validation
0.0009856225,0.00017816214,0.99879223,2.7855467e-06,1.5175015e-06,2.1410602e-05,1.2238874e-05,5.9870054e-06,70,validation
0.00018181787,2.377218e-05,0.99970907,1.5065672e-06,1.6590014e-06,6.868901e-05,8.9331144e-07,1.2615366e-05,71,validation
1.0322054e-06,0.99998915,1.792043e-06,5.594049e-07,2.9844706e-08,6.513037e-09,3.765693e-06,3.6078634e-06,72,validation
8.607e-05,2.1592408e-05,0.9998122,1.6753066e-07,2.3819098e-06,7.455148e-05,2.5837564e-06,4.590312e-07,73,validation
6.793102e-05,3.4435674e-05,0.99982774,4.114181e-07,2.3754499e-06,6.3688945e-05,2.0864782e-06,1.1818952e-06,74,validation
9.1884205e-05,1.8303694e-05,0.99983644,7.564281e-07,1.7656215e-06,4.740238e-05,1.9663862e-06,1.5094702e-06,75,validation
0.0017683662,0.00023022218,0.99684465,8.9809444e-05,0.00023289977,0.00062509807,0.00019454568,1.4479394e-05,76,validation
0.9999516,9.368664e-06,2.056256e-05,1.3864031e-06,4.1547253e-07,3.3484787e-07,6.810813e-06,9.518513e-06,77,validation
0.0002017178,1.0490197e-05,0.9996686,2.3230489e-06,1.6162144e-06,9.530484e-05,1.1295543e-05,8.650696e-06,78,validation
0.000110982706,1.42485915e-05,0.9997274,1.4892093e-07,2.452283e-06,0.00014215388,1.947848e-06,6.781616e-07,79,validation
0.99022806,9.511066e-05,0.0048535364,3.161839e-05,3.415198e-05,0.0020226259,0.002603953,0.00013102673,80,validation
0.9919551,8.167727e-05,0.0049025603,1.7420156e-05,6.3308175e-06,0.00028922112,0.0025769516,0.00017066716,81,validation
2.674995e-05,9.398752e-06,0.9981034,6.2440977e-06,3.1418876e-05,0.0017721321,5.9215827e-06,4.463492e-05,82,validation
2.7722244e-06,1.0800516e-06,7.0476785e-06,1.0021109e-05,8.582322e-06,0.9999664,3.1700856e-06,9.359225e-07,83,validation
0.9966106,3.508914e-05,0.0024628607,2.233233e-06,5.3505487e-06,0.00028931184,0.0004981729,9.640017e-05,84,validation
5.9387254e-05,1.7256356e-05,0.99801743,3.492525e-05,2.9116176e-05,0.0017915458,2.8970404e-05,2.1255622e-05,85,validation
2.9767478e-05,9.581776e-06,0.99892884,2.3804694e-05,3.1998932e-06,0.0009295407,5.3002743e-05,2.226532e-05,86,validation
0.9945703,6.200803e-05,0.0030996967,1.181492e-05,1.0206831e-05,0.00032227946,0.0017083755,0.00021530443,87,validation
7.281347e-05,4.090322e-06,0.9995521,1.8626813e-06,8.299159e-07,0.00034986582,2.2196343e-06,1.6172124e-05,88,validation
3.1807213e-05,2.5110958e-06,0.9994721,8.336505e-07,5.499463e-07,0.00047897143,1.3904363e-06,1.1727517e-05,89,validation
3.7143694e-05,1.8165252e-05,0.9991873,3.3352358e-06,1.4491341e-06,0.00073109247,7.0579476e-06,1.4444271e-05,90,validation
4.0577233e-05,2.7038861e-06,0.9997266,2.537761e-06,4.064578e-07,0.00013991464,1.2289289e-05,7.4948846e-05,91,validation
0.00014524962,1.0210239e-05,0.9990357,8.410412e-07,1.2229831e-06,0.00078874256,5.9498234e-06,1.21306275e-05,92,validation
0.9973242,1.1344772e-05,0.002299277,1.1740339e-06,7.175356e-07,1.6769092e-05,0.00022751515,0.000119023505,93,validation
0.99901485,1.0455411e-05,0.00058380957,5.7873012e-06,7.545397e-07,1.33187605e-05,0.00024042814,0.00013067176,94,validation
2.7967873e-05,7.3900633e-06,0.9996511,9.5976e-07,9.841874e-07,0.00030157005,8.504852e-07,9.169172e-06,95,validation
7.3523343e-06,1.2408349e-05,1.4038608e-05,2.1217587e-05,0.9996387,0.00029629358,6.650527e-06,3.2224932e-06,96,validation
2.8451705e-06,3.3781788e-08,0.99989545,6.9519728e-09,3.590118e-08,0.000101237,4.7307015e-08,4.0022726e-07,97,validation
0.78418094,2.2943737e-05,0.21129356,7.4226027e-06,0.000112994545,0.003895437,0.00015131765,0.0003352429,98,validation
0.9993331,5.507594e-07,0.0006308707,6.996563e-09,1.8805565e-07,2.102483e-05,6.7091814e-06,7.4346854e-06,99,validation
7.869019e-07,2.7196108e-09,0.9999821,2.1056243e-09,1.8284042e-09,1.702014e-05,7.05081e-09,5.709673e-08,100,validation
0.9989957,2.4383194e-06,0.00086432905,1.9189275e-07,6.8436e-07,2.5584519e-05,7.51593e-05,3.5871566e-05,101,validation
0.9994711,8.260377e-08,0.00049305434,2.687333e-08,6.2397326e-08,2.0671555e-06,2.597324e-05,7.6240467e-06,102,validation
4.3539956e-07,1.7939963e-09,0.9999089,1.9894464e-09,1.8117165e-08,9.0398345e-05,1.0472274e-09,2.4613522e-07,103,validation
0.99785393,0.00018236235,0.0010905358,6.3617576e-06,3.397767e-05,0.00020823316,0.0005565221,6.804292e-05,104,validation
6.199176e-05,0.00041737288,0.0010693328,0.00040416824,0.9903923,0.0075345496,8.736414e-05,3.2987406e-05,105,validation
0.99818295,0.00030870776,0.00027000226,2.684388e-05,5.4019616e-05,0.00026314196,0.000802261,9.210191e-05,106,validation
0.0011465749,0.00017969382,0.9970489,3.6645808e-05,0.0002063576,0.0012665064,9.652077e-05,1.875335e-05,107,validation
0.0002536197,3.7079513e-05,0.00040097616,0.0001954623,4.281525e-06,1.5716947e-05,0.99903345,5.9360354e-05,108,validation
0.00036364055,0.00023735702,0.9984736,7.415819e-06,0.00020973828,0.00067784067,2.7865006e-05,2.6191644e-06,109,validation
0.0010388476,0.00023079923,0.99655557,3.708103e-05,0.00051414844,0.0015571143,5.2119332e-05,1.4260703e-05,110,validation
0.0015437456,0.00038158233,0.99672,0.00010420591,0.00039457242,0.00052799116,0.000300519,2.7391272e-05,111,validation
5.18177e-06,1.6999553e-06,0.99993575,6.2816224e-07,5.505379e-07,5.299609e-05,9.183585e-07,2.2479098e-06,112,validation
7.462218e-05,0.9989266,0.000104707666,0.00013516299,2.6502057e-05,1.2601687e-06,0.00026309423,0.00046797743,113,validation
1.4785743e-06,1.9969455e-05,9.246048e-07,3.6245183e-07,7.9083934e-10,1.6275054e-06,2.8373265e-06,0.9999728,114,validation
3.3761025e-06,9.152886e-07,0.99995196,3.0548912e-07,6.595268e-07,4.1562966e-05,3.027723e-07,8.2252143e-07,115,validation
0.9998827,3.9965485e-06,4.017078e-05,3.7686982e-06,2.707682e-07,1.8683686e-06,4.3299606e-05,2.3927276e-05,116,validation
0.9997061,4.323879e-06,9.4613344e-05,2.999943e-06,6.09501e-07,1.210677e-06,7.221821e-05,0.00011788597,117,validation
0.9998086,1.7410233e-06,2.945462e-05,3.9541114e-06,4.0817125e-07,9.41055e-07,9.8172604e-05,5.675756e-05,118,validation
0.0038437876,0.00010295989,0.99561834,1.3108158e-05,1.3421183e-05,0.0003399529,2.5390622e-05,4.310963e-05,119,validation
0.98777604,0.0002710348,0.0027043542,0.0005202898,2.7719389e-05,0.00013732258,0.0076064393,0.0009567943,120,validation
0.9975581,1.4889356e-05,0.0010235374,8.6243845e-06,1.3034315e-06,3.4082044e-05,0.001182768,0.00017664129,121,validation
0.996011,1.6684617e-05,0.0030444148,1.0959793e-05,8.756436e-06,0.00011316437,0.00047850102,0.00031642898,122,validation
1.8820692e-05,1.7046082e-06,0.99977654,9.625572e-07,1.4186114e-06,0.0001777638,3.537663e-06,1.9234463e-05,123,validation
0.6230269,0.000282894,0.37288967,2.5174671e-05,6.4179556e-05,0.0023237225,0.00036324377,0.0010241428,124,validation
0.9944326,2.1276164e-05,0.0018572706,7.2816597e-06,4.0052032e-07,3.2460008e-05,0.003550232,9.856349e-05,125,validation
0.9935499,0.000117344185,0.0024493998,5.0751754e-05,1.3299736e-05,0.00025772883,0.0023158859,0.0012457801,126,validation
1.1071078e-05,1.194446e-05,0.9996437,4.2381333e-07,2.2167444e-06,0.00032564186,1.1123575e-06,3.862879e-06,127,validation
0.99550617,0.00022106981,0.003263048,6.540095e-06,1.2185446e-05,6.208218e-05,0.0008601521,6.867501e-05,128,validation
3.4798908e-05,9.1351605e-05,0.00011475271,0.00018802301,0.9904783,0.009026332,4.0532123e-05,2.5973504e-05,129,validation
7.526969e-05,0.99894804,0.0002439031,2.3249715e-05,1.2567244e-05,3.8761204e-06,0.00065726944,3.579706e-05,130,validation
0.0012855881,9.4079136e-05,0.99825484,6.477163e-06,1.5313639e-05,5.0711005e-05,0.00025760737,3.5271234e-05,131,validation
0.004079376,0.00043641467,0.0009658401,0.0011954728,0.00010765475,0.00033697358,0.9904946,0.0023836691,132,validation
0.99891686,8.24029e-05,0.00033213783,1.9538058e-06,5.675522e-06,1.4614594e-05,0.00061133207,3.4973767e-05,133,validation
3.4311448e-05,5.5491532e-06,0.99992526,2.3104224e-08,8.5147894e-07,2.7636412e-05,5.419605e-06,1.0081416e-06,134,validation
0.0005721443,2.5298792e-05,0.00079697336,8.595016e-05,3.346772e-06,6.6254706e-06,0.99844766,6.199094e-05,135,validation
0.00016926159,1.4846807e-05,0.99928755,6.913763e-06,3.5844535e-06,0.00047398658,1.9506699e-05,2.4342482e-05,136,validation
1.1568125e-05,5.758313e-06,0.99901915,2.0497846e-05,4.364497e-06,0.0008385015,9.2127295e-05,7.961256e-06,137,validation
2.0949265e-05,6.001579e-06,0.9997044,1.591879e-06,2.8989043e-06,0.00025628603,6.5456347e-06,1.300181e-06,138,validation
0.99980503,3.315596e-06,7.3807096e-05,2.2143047e-06,4.1206962e-07,3.130754e-06,9.92595e-05,1.2893335e-05,139,validation
2.722417e-05,7.067553e-06,0.99966395,2.7628728e-06,2.794857e-06,0.00028308915,1.16606725e-05,1.4726344e-06,140,validation
2.039361e-07,0.99994206,5.310398e-07,6.570465e-08,3.4111431e-09,3.1371396e-08,4.2910855e-05,1.4182247e-05,141,validation
0.00036509027,7.23983e-05,0.99895656,1.0074854e-05,1.1119009e-05,0.00041648242,0.00012170669,4.656824e-05,142,validation
0.25963125,0.0009979833,0.72659516,0.00021600978,8.208125e-05,0.0015632932,0.010180565,0.0007336121,143,validation
0.0013381597,0.9976628,0.0004321602,2.3318129e-05,1.998274e-06,1.4664761e-06,0.0004570025,8.315156e-05,144,validation
0.00075493,1.552201e-05,0.99750465,3.6345347e-05,3.640819e-06,0.0004253621,0.0011601481,9.952724e-05,145,validation
0.0016793351,9.068946e-05,0.97325665,9.24148e-06,0.00031174786,0.023659656,0.0009381226,5.4561846e-05,146,validation
0.00062695204,2.7483953e-05,0.99713635,2.6930252e-06,2.4803787e-05,0.0016595348,0.00050741824,1.474755e-05,147,validation
0.0001424168,2.7178662e-06,0.99758995,6.105695e-06,2.088464e-06,0.0021283266,7.732611e-05,5.1180206e-05,148,validation
0.001429907,0.99165064,0.0006684876,0.000999933,6.468955e-05,7.428628e-05,0.0048077,0.0003043037,149,validation
0.00069242064,1.6729555e-05,0.99768555,6.469023e-05,1.9333951e-05,0.0010290272,0.00041886177,7.341767e-05,150,validation
9.890529e-05,2.9905814e-05,0.9996681,1.999844e-06,1.5743851e-06,7.515618e-05,0.000118549695,5.741456e-06,151,validation
5.031571e-07,1.4165518e-07,0.9999969,1.0058583e-07,1.40888785e-08,2.030715e-06,3.539755e-08,3.6296976e-07,152,validation
7.8236536e-07,1.0013201e-08,1.5705225e-05,1.2611291e-08,5.407764e-05,0.9999291,4.0367004e-07,4.045732e-08,153,validation
9.1838064e-07,1.0609363e-05,1.6044276e-05,6.1988653e-06,1.0261022e-09,4.314813e-06,0.00010130387,0.99986064,154,validation
1.0796826e-06,1.860176e-07,0.9999949,1.836251e-07,8.347749e-09,2.9670969e-06,1.4483392e-07,5.8624744e-07,155,validation
1.8460814e-05,1.3279737e-06,0.99995923,2.5678858e-06,1.0350938e-07,9.861508e-06,2.6652963e-06,5.849441e-06,156,validation
0.99997795,2.851543e-07,8.133636e-06,6.221394e-08,4.2191686e-09,5.7097253e-08,1.3110914e-05,4.8929263e-07,157,validation
0.004496548,0.010869901,0.032452933,0.0012883943,8.405541e-05,0.0057003214,0.008854827,0.936253,158,validation
0.99980015,1.0198153e-05,7.225408e-05,4.900457e-07,9.4880086e-08,6.761508e-07,0.00011012683,6.089247e-06,159,validation
0.99936134,2.1202125e-06,0.0001703239,3.094544e-06,6.3248274e-07,5.2643727e-06,0.00042089107,3.629107e-05,160,validation
9.248657e-05,1.401339e-06,0.9998696,6.9910726e-07,2.8115306e-07,2.9462766e-05,1.9300153e-06,4.186307e-06,161,validation
4.7283585e-05,8.2794287e-07,0.99990404,5.840553e-07,3.6333358e-07,4.3474603e-05,7.607876e-07,2.7280162e-06,162,validation
0.0026153044,2.5770103e-06,0.9972958,6.6640115e-07,3.255295e-08,1.7698725e-05,6.7250494e-06,6.110117e-05,163,validation
0.00015329603,7.845814e-07,0.99982786,7.3066894e-07,1.1477372e-07,9.8219225e-06,2.5014663e-06,4.869666e-06,164,validation
1.8922776e-05,1.8312844e-07,0.9999567,1.0582602e-07,3.484238e-08,2.2583325e-05,2.1326842e-07,1.1849652e-06,165,validation
0.00014820954,5.713512e-07,0.9998117,2.218371e-06,1.6575194e-07,2.0870348e-05,5.72385e-06,1.0575207e-05,166,validation
0.9968605,1.0069316e-05,0.0024748154,7.0204906e-06,3.7160072e-07,1.5967906e-05,0.00057626027,5.5046137e-05,167,validation
0.038211204,0.77937967,0.036505975,0.011043896,0.094529465,0.008586595,0.0114721665,0.020271081,168,validation
6.714042e-05,2.2157608e-05,0.99958175,6.400639e-06,1.0432481e-05,0.00029341708,7.806647e-06,1.086692e-05,169,validation
0.0002078012,2.6679572e-05,0.99888855,4.492941e-05,6.6635825e-05,0.0005921512,5.9891277e-05,0.00011330509,170,validation
6.4990505e-05,2.9376743e-05,0.99916327,3.568988e-05,6.486821e-05,0.00057438185,3.5646037e-05,3.1866053e-05,171,validation
0.00019620487,4.6400077e-05,0.9985067,2.5367503e-05,5.449556e-05,0.001067615,5.4652635e-05,4.8493996e-05,172,validation
6.115748e-05,2.3987785e-05,0.99932826,7.655362e-06,2.2629994e-05,0.00053316285,1.3687094e-05,9.519277e-06,173,validation
0.999356,1.5319758e-05,4.755166e-05,8.764896e-06,1.035135e-06,1.727829e-06,0.0005180226,5.1627227e-05,174,validation
0.99895537,4.1367908e-05,0.00017670747,9.461469e-06,2.0507982e-06,3.2781918e-06,0.00070038385,0.00011142408,175,validation
0.0001326655,1.1311231e-06,0.9998202,6.1898976e-07,3.2660336e-07,4.01857e-05,1.9465353e-06,3.0432636e-06,176,validation
0.0001725023,4.546178e-06,0.99978274,1.2930117e-06,6.379938e-07,2.5892119e-05,1.0743746e-05,1.675434e-06,177,validation
0.99968314,3.243396e-06,0.0001301781,3.4341596e-07,2.6196562e-07,9.887347e-07,0.00017121955,1.0660773e-05,178,validation
0.5203793,5.4146603e-05,0.47872382,2.7142091e-06,4.1757917e-06,0.00026624405,0.00026954638,0.00030011698,179,validation
0.00027652906,6.110362e-07,0.99968886,3.4363418e-07,2.9078979e-07,2.3519025e-05,2.0755358e-06,7.84018e-06,180,validation
0.99995244,1.332838e-06,1.7402535e-05,3.1080143e-07,1.8813477e-08,2.0303872e-07,2.7158292e-05,1.1804733e-06,181,validation
0.0005340562,1.919161e-06,0.9992549,1.7440979e-06,1.6142995e-06,0.00018429307,3.511039e-06,1.7974146e-05,182,validation
6.802871e-07,4.1612783e-08,3.4456555e-06,6.469831e-09,7.672859e-06,0.99998796,2.1243976e-07,2.3593138e-08,183,validation
0.00026365972,7.328837e-05,0.9971717,0.0005703218,0.00015039905,0.001667957,5.351246e-05,4.9214e-05,184,validation
0.00048592532,0.00015842634,0.99238306,0.0029278512,0.00019379819,0.0016046942,0.0019025264,0.00034367523,185,validation
0.00013154617,2.7182667e-05,0.99853504,0.0004811656,2.1834658e-05,0.0006931385,6.105103e-05,4.897385e-05,186,validation
0.0020158715,0.990261,0.0018100465,0.00030909217,0.001159377,0.001582268,0.001426464,0.0014357918,187,validation
0.00037852782,7.0688395e-05,0.9972619,0.00039400943,8.2896564e-05,0.0015784287,0.00012375784,0.00010987805,188,validation
0.9956728,0.0004640945,0.0005419068,0.0002667182,0.00013055744,8.618004e-05,0.0021440384,0.00069375255,189,validation
0.00032601942,0.00012866085,0.00054774364,0.9953022,0.0011084048,0.00035661447,0.00043844443,0.0017919035,190,validation
5.2321244e-05,0.0007026189,0.00072520797,0.0003628001,8.246364e-07,0.0005126035,0.00029664487,0.997347,191,validation
6.593832e-05,1.7166716e-06,0.99984765,4.841249e-07,3.7278002e-07,7.0362155e-05,3.996732e-06,9.481884e-06,192,validation
3.1050327e-05,7.2149226e-07,0.9997757,1.3642074e-07,3.810404e-07,0.0001855953,5.759704e-07,5.7334664e-06,193,validation
0.9992254,2.2184928e-05,0.00042009738,4.8908414e-06,1.0575069e-06,6.8007994e-06,0.00017232806,0.00014729923,194,validation
7.306791e-05,6.742481e-06,0.99982077,2.0673285e-06,1.4045819e-06,7.671991e-05,7.968099e-06,1.1273832e-05,195,validation
0.9991115,3.880999e-05,0.00068592554,2.3809853e-06,5.7245614e-08,4.844356e-07,9.103236e-05,6.9942915e-05,196,validation
6.803327e-05,1.0439445e-06,0.9998337,3.528449e-07,2.420816e-07,8.457742e-05,2.6150121e-06,9.436476e-06,197,validation
2.217567e-05,1.26423e-06,0.9999063,2.309067e-07,1.7129331e-07,6.43851e-05,8.522663e-07,4.742231e-06,198,validation
0.9988601,1.6708822e-05,0.00034683864,2.310643e-05,1.9755844e-06,1.22498195e-05,0.00054549973,0.00019346719,199,validation
2.4625439e-05,4.491838e-06,0.00020170504,2.700811e-06,3.6898058e-05,0.9997073,1.5667487e-05,6.624498e-06,200,validation
0.00043241764,1.5181979e-05,0.99878806,8.125251e-06,3.180879e-05,0.00064415025,4.8353577e-05,3.1906136e-05,201,validation
0.00043347082,2.6736414e-05,0.9977915,6.291872e-06,6.319128e-05,0.0016521197,1.0808176e-05,1.5792999e-05,202,validation
0.9981504,2.48239e-05,0.0010844722,5.6915287e-06,3.863655e-06,3.81108e-05,0.00061621476,7.638952e-05,203,validation
0.0014853074,0.00070558686,0.013622213,0.0002559754,0.23502365,0.7479921,0.00056907244,0.00034612865,204,validation
0.9994535,5.4829466e-06,0.0003145659,2.968872e-06,1.2605136e-06,1.1610209e-05,0.00018357464,2.7045e-05,205,validation
0.0002699323,2.3805826e-05,0.9985668,8.089559e-06,4.9022976e-05,0.0010492896,1.633472e-05,1.6878734e-05,206,validation
0.00013523456,1.7210845e-05,0.99915147,2.9256441e-06,1.7890474e-05,0.00066743913,3.427533e-06,4.311991e-06,207,validation
3.5936492e-07,6.868005e-06,1.2425036e-06,2.2939278e-06,3.6518683e-10,2.9692117e-06,5.508927e-06,0.9999807,208,validation
3.3930277e-07,9.876967e-08,0.9998348,2.5234158e-07,8.377163e-07,0.00016354612,1.1197616e-08,6.217383e-08,209,validation
9.26319e-05,2.2208758e-06,0.99963546,1.3482509e-05,2.1443304e-06,0.00021915465,9.447201e-06,2.5506786e-05,210,validation
2.9060659e-05,3.0493027e-07,0.9999378,3.599664e-06,2.6605258e-08,1.3637652e-05,1.1780274e-05,3.7406169e-06,211,validation
0.99923754,0.00012155274,0.00019230448,7.3825545e-06,2.5573256e-06,3.3182758e-05,0.0002077765,0.0001977119,212,validation
2.1062522e-06,2.3444369e-07,0.99983025,2.1661656e-06,9.303023e-07,0.00016365225,1.05941886e-07,6.049639e-07,213,validation
1.007937e-05,1.5566084e-07,0.9999012,3.1945763e-06,1.4743702e-07,8.031228e-05,8.8830467e-07,4.0608497e-06,214,validation
0.9999471,6.9944485e-07,7.762484e-06,8.3801336e-07,2.4287337e-07,2.9637083e-06,3.673873e-05,3.6973893e-06,215,validation
0.00012679637,2.222231e-05,0.9989837,1.0292013e-05,6.0210405e-06,0.00080198894,3.5942598e-05,1.3068857e-05,216,validation
0.99801505,2.886529e-05,0.0013696891,1.4955583e-06,2.2437334e-06,3.5063e-05,0.00038062068,0.00016688199,217,validation
3.285341e-05,9.926813e-07,0.00015431462,2.1416677e-06,5.1085022e-05,0.99975663,1.5166103e-06,4.2503308e-07,218,validation
2.0730484e-05,1.9932481e-06,0.00030874624,6.1750566e-06,5.864533e-05,0.99959165,9.240219e-06,2.7321148e-06,219,validation
0.00013727762,3.7518406e-05,0.9989588,2.0602256e-05,1.33303265e-05,0.0007447546,3.2753924e-05,5.4853284e-05,220,validation
0.9993357,7.2693815e-06,0.0005742187,1.4271072e-07,1.0670065e-07,5.70976e-06,6.442407e-05,1.2373338e-05,221,validation
0.9994629,6.746158e-06,0.00012441044,1.5684996e-06,2.6901122e-07,2.464351e-06,0.00035730304,4.438957e-05,222,validation
0.00020140644,1.112838e-05,0.9993094,6.591738e-06,4.8949532e-06,0.0004004582,2.6404496e-05,3.9612216e-05,223,validation
0.0017107023,0.00016059661,0.9966252,2.6918644e-05,1.17628115e-05,0.0003380741,0.0009764346,0.00015033627,224,validation
0.00021049143,0.999076,0.00012458852,8.680714e-06,4.0460263e-06,7.725337e-06,0.00049783895,7.0593866e-05,225,validation
0.0015913481,0.00022138614,0.99769443,1.0613864e-05,9.585966e-06,0.00018742359,0.00022242672,6.275707e-05,226,validation
0.0007876007,8.244662e-05,0.9987047,9.325117e-06,7.867662e-06,0.00023073537,0.00011908918,5.827687e-05,227,validation
0.0010985108,7.2643525e-05,0.00018942816,5.830979e-05,4.3136856e-06,0.00020866627,0.9978604,0.0005078363,228,validation
0.0048704892,0.00022847144,0.9925754,6.036912e-05,1.0555539e-05,0.0005802702,0.0011554097,0.00051905256,229,validation
0.09355473,0.0018513933,0.8578077,0.0032186199,0.0014715806,0.028116079,0.009544363,0.004435458,230,validation
0.0027307214,0.0027686511,0.035191886,0.00019357677,6.696271e-06,0.0014657936,0.0005343233,0.95710826,231,validation
4.8492893e-05,1.0133293e-05,0.99980944,2.785633e-06,1.8126718e-06,0.00010753541,1.5312084e-05,4.5680777e-06,232,validation
3.4241188e-05,2.069332e-05,0.9999049,8.377662e-07,1.5462183e-06,2.5108504e-05,1.2273091e-05,4.7153617e-07,233,validation
0.00016575748,2.0536752e-06,0.00024368653,1.2903649e-05,6.6206786e-07,1.24019825e-05,0.9994698,9.2748785e-05,234,validation
0.04328647,0.0001140021,0.95374316,2.5406445e-05,1.7777726e-05,0.00095046114,0.0013720324,0.00049059384,235,validation
7.910417e-05,4.691212e-05,0.9995596,1.0132442e-05,1.4808647e-05,0.00027484546,9.704675e-06,4.9843507e-06,236,validation
1.472706e-05,1.375179e-05,0.99964535,6.5588506e-06,2.1122576e-05,0.0002683801,1.6426717e-05,1.3664814e-05,237,validation
0.000569181,6.4858876e-05,0.9985643,0.00016658845,4.351161e-05,0.00021148154,0.00017407165,0.00020607116,238,validation
0.00012576836,4.4925033e-05,0.99972516,2.1548267e-06,2.6205526e-06,4.6472338e-05,5.1541294e-05,1.461569e-06,239,validation
0.99988437,1.1433681e-06,6.91409e-05,5.455404e-07,9.1282914e-08,5.166679e-07,2.7356726e-05,1.6703274e-05,240,validation
4.0649214e-05,1.5839677e-06,0.99991775,3.099716e-07,1.7069694e-07,3.829099e-05,6.448378e-07,7.238072e-07,241,validation
0.00014799104,3.851473e-06,0.9996182,2.9266516e-07,7.973983e-07,0.00022454714,1.2932156e-06,2.9172181e-06,242,validation
9.523042e-05,2.48744e-06,0.9998487,5.161646e-08,4.1823589e-07,5.2155243e-05,4.633407e-07,4.493264e-07,243,validation
0.9999764,2.3694133e-06,4.509037e-06,6.314691e-07,1.4191885e-08,2.5693089e-08,1.2525353e-05,3.5482813e-06,244,validation
4.6170344e-06,0.99994576,1.3381204e-05,6.330419e-06,3.202291e-07,5.1381686e-08,2.7604105e-05,1.9892418e-06,245,validation
0.00016256302,2.4248816e-06,0.9997203,1.3001246e-06,6.317862e-07,0.0001016189,3.807997e-06,7.3758865e-06,246,validation
0.999882,1.643942e-06,4.3058473e-05,1.6936292e-06,7.342539e-08,1.7250865e-07,5.9691043e-05,1.1680303e-05,247,validation
7.695378e-06,2.6973507e-07,2.4566263e-05,5.862444e-07,3.5810133e-09,9.0163195e-07,0.999699,0.00026700413,248,validation
5.7533736e-05,4.2909192e-05,0.9998061,2.3564367e-06,1.6450923e-06,6.114128e-05,2.393642e-05,4.2696292e-06,249,validation
0.00012438864,3.6538535e-05,0.99965954,1.2403289e-06,4.469587e-06,0.00015439252,1.3370868e-05,6.134499e-06,250,validation
0.0004043222,7.93343e-05,0.999046,7.084786e-06,7.5361795e-06,0.00043888824,1.0122891e-05,6.7453766e-06,251,validation
2.051553e-05,3.046337e-05,0.99984574,1.3750001e-06,3.067116e-05,5.7568734e-05,1.1451709e-05,2.2727024e-06,252,validation
2.5524221e-05,1.6383134e-05,0.9998505,2.9764708e-06,3.0211618e-06,6.818004e-05,3.094189e-05,2.4271155e-06,253,validation
0.0008442383,0.00014594212,0.9979457,4.257714e-05,7.9410944e-05,0.0008709896,2.5857142e-05,4.53502e-05,254,validation
5.17264e-05,4.262659e-05,0.9998111,2.0509447e-06,2.9347175e-06,5.5274922e-05,3.173518e-05,2.5341224e-06,255,validation
0.9984281,2.5236366e-05,0.0010451294,5.456612e-06,1.7998219e-06,0.000101302096,0.00037121243,2.1739428e-05,256,validation
0.09295476,0.024175005,0.8364026,0.012291426,0.0065138782,0.010075494,0.010194475,0.0073923636,257,validation
1.7436034e-06,1.5589836e-07,0.9994529,3.6417357e-06,2.2703432e-06,0.00053573766,1.6057184e-07,3.404492e-06,258,validation
0.9995678,1.5984057e-05,0.00027239535,2.171464e-06,7.316969e-07,1.8793648e-05,0.00011385381,8.284901e-06,259,validation
0.9996207,9.394253e-06,0.00014675755,4.008577e-06,6.3274285e-07,1.921997e-05,0.00019142909,7.882572e-06,260,validation
4.6582678e-05,9.6601674e-05,0.000995055,2.5418367e-05,3.1255764e-05,0.9976667,0.00015876816,0.0009796524,261,validation
0.99953353,2.5162306e-05,0.00023392029,5.8874325e-06,9.742696e-07,2.3310244e-05,0.00017002245,7.2077123e-06,262,validation
0.99913615,2.707496e-05,0.00045135352,1.3401134e-05,2.2646184e-06,7.7236116e-05,0.00028397774,8.586629e-06,263,validation
0.00045458655,8.252446e-05,0.9975172,9.231501e-05,0.0002079595,0.0015404078,8.061693e-05,2.4394601e-05,264,validation
0.9970933,9.693826e-05,0.0005567548,7.49506e-05,7.373366e-05,0.00018146273,0.0016055043,0.0003174315,265,validation
0.0018873886,0.0006735043,0.0035228005,0.97814524,0.005198024,0.0032417693,0.0056318813,0.0016992599,266,validation
0.0005438388,0.00012541318,0.99442554,0.00027304314,0.00043143483,0.0041160383,5.0441668e-05,3.4191627e-05,267,validation
0.0018186811,7.323936e-05,0.993763,0.0005528384,0.00027258554,0.002796237,0.00044514646,0.00027823602,268,validation
0.9965161,0.00010298996,0.0007306021,0.00018974103,0.0001016375,0.00032954745,0.0018796521,0.00014968697,269,validation
0.00035694803,0.00071381096,0.0015273608,0.0021429572,0.98552716,0.009269788,0.0003505535,0.00011146799,270,validation
0.001492392,0.00011894989,0.9946563,0.00015933444,0.00033742134,0.00296771,0.00022060279,4.7334175e-05,271,validation
0.00025497915,3.2871638e-05,0.99939597,5.840974e-06,2.0154177e-05,0.00018823393,7.132388e-05,3.058876e-05,272,validation
4.0675528e-05,1.7584116e-05,0.9995932,4.512521e-06,1.1306643e-05,0.00031372422,1.6490509e-05,2.6401704e-06,273,validation
0.00025817403,6.051617e-06,0.00052914897,0.00011086583,1.3547988e-06,7.804977e-05,0.9987213,0.0002949165,274,validation
0.14882505,0.00094489893,0.8448428,2.2640328e-05,6.599695e-05,0.0011636625,0.003954006,0.00018099045,275,validation
1.7109442e-05,1.706515e-05,0.99979836,2.1891897e-06,3.866599e-06,0.0001511144,9.732707e-06,5.531017e-07,276,validation
8.158288e-06,2.624563e-06,0.00015216178,2.9546825e-06,8.961109e-06,0.9998067,1.5012415e-05,3.4823606e-06,277,validation
0.9992255,4.622383e-05,0.00033701962,5.7016e-06,6.427916e-06,7.030456e-05,0.00020459139,0.00010423389,278,validation
0.00020442103,1.7166885e-05,0.9994023,6.805273e-06,2.51908e-06,5.4625954e-05,0.00027706844,3.5013363e-05,279,validation
1.849678e-05,5.509065e-06,4.0230585e-05,6.448921e-07,0.00044297962,0.999488,1.806712e-06,2.3763077e-06,280,validation
0.007297804,0.00029480888,0.9905071,2.9193456e-05,0.000155738,0.0015280094,0.00010020261,8.7076965e-05,281,validation
0.02091785,5.868908e-05,0.97515917,6.893935e-05,0.0002774078,0.002997346,0.0002017669,0.00031876503,282,validation
0.00030752324,9.116727e-05,0.00036263233,0.99404013,0.0035375378,0.00069665717,0.00033488515,0.00062959077,283,validation
0.9995808,3.8796998e-06,0.0002754871,8.101778e-07,2.6081375e-06,1.7848713e-05,8.950942e-05,2.904879e-05,284,validation
0.9989833,1.0920132e-05,0.00019682979,1.0439647e-05,3.4881741e-06,2.4590692e-05,0.0006650828,0.00010534454,285,validation
0.001217205,1.3545938e-05,0.99676967,4.1973308e-05,0.00011828445,0.0015877481,8.5448446e-05,0.00016614608,286,validation
0.9993222,1.21662015e-05,0.00034003545,2.4626227e-06,6.1204046e-06,1.9061848e-05,0.00018728427,0.00011083166,287,validation
0.99934703,1.0311093e-05,5.206354e-05,2.1255115e-05,1.7978759e-06,8.450743e-06,0.00046016934,9.8909746e-05,288,validation
0.00031517068,0.00018432231,0.9983437,1.2694427e-05,2.3725157e-05,0.0010756804,2.1684173e-05,2.2930193e-05,289,validation
0.9995809,4.5499837e-06,6.105329e-05,1.526766e-05,4.1753274e-06,1.7693104e-05,0.00017176314,0.00014455909,290,validation
0.0069281994,0.99035347,0.0021928023,2.9491566e-05,3.082542e-05,1.4410346e-05,0.00032600932,0.00012486533,291,validation
0.010439818,0.0047528134,0.37990132,0.015854916,0.0019882584,0.0055130576,0.57927746,0.0022723987,292,validation
0.0001585869,6.244709e-05,0.9989207,1.0271811e-05,9.283454e-06,0.0008108614,2.1127926e-05,6.8428076e-06,293,validation
0.0002625244,0.000115711024,0.9979406,1.4111162e-05,2.43451e-05,0.0016061394,1.6799071e-05,1.9870004e-05,294,validation
0.000113308575,8.1956685e-05,4.8717244e-05,3.8609174e-05,2.468109e-07,3.0943887e-05,0.00017994353,0.99950624,295,validation
4.8889706e-06,2.7110714e-08,0.9999839,8.8131005e-09,2.606158e-08,1.06471125e-05,1.6017287e-08,5.128556e-07,296,validation
2.9638106e-06,1.18712e-08,0.99998724,1.4257608e-09,4.206151e-09,9.375515e-06,5.6710285e-09,3.5255195e-07,297,validation
0.9731897,6.354653e-06,0.026480252,1.690775e-06,3.9933866e-07,4.1463078e-05,0.00023659007,4.359543e-05,298,validation
0.9996517,1.0343043e-06,0.00023580261,7.976349e-07,4.6149328e-08,8.856159e-07,0.00010001302,9.749216e-06,299,validation
8.578925e-06,5.087869e-08,0.9999863,1.168108e-08,1.1893262e-08,4.779857e-06,2.3861011e-08,2.5923705e-07,300,validation
0.9993887,9.823034e-07,0.00052323536,2.0832492e-07,3.095892e-08,7.122439e-07,7.31808e-05,1.2993571e-05,301,validation
0.99945384,4.686162e-06,0.0003775125,2.2151403e-06,1.7243971e-07,5.254141e-06,9.978699e-05,5.6547928e-05,302,validation
0.99023765,1.2409817e-05,0.009200343,6.800492e-06,6.397525e-06,0.00029822017,0.00013387018,0.00010433231,303,validation
0.00017192209,0.99930716,8.6129716e-05,4.1370047e-05,1.8870911e-06,2.9810758e-06,0.00032483757,6.3682615e-05,304,validation
0.12584916,0.0024183867,0.8436054,0.00088264985,0.0022613576,0.01690561,0.0071230032,0.00095443294,305,validation
0.9999467,8.5492206e-07,1.0140563e-05,6.651272e-07,1.137592e-08,4.1385113e-07,3.951723e-05,1.6533961e-06,306,validation
0.0037226554,2.6279547e-05,0.99057835,1.3010162e-05,1.6928027e-05,0.005447139,0.00012522476,7.041838e-05,307,validation
2.4250381e-05,1.0303517e-06,0.9995478,2.3778146e-08,8.8293007e-07,0.000425483,3.9173955e-07,1.1924388e-07,308,validation
0.99992466,3.153063e-06,2.591089e-05,4.6621628e-07,7.0710406e-08,9.3888093e-07,4.3981097e-05,7.7699343e-07,309,validation
3.1708983e-05,1.0738853e-06,0.9996749,3.287556e-08,8.785265e-07,0.00029016152,1.0413169e-06,2.6911655e-07,310,validation
0.00036189353,7.257662e-06,0.99936646,7.8732467e-07,6.0423594e-07,0.0002355861,1.7070504e-05,1.0327985e-05,311,validation
7.575418e-07,0.9999238,6.2060653e-06,1.0959916e-06,3.3550376e-07,2.3728533e-07,5.9295577e-05,8.2535735e-06,312,validation
7.157107e-05,9.265241e-06,0.99978095,7.336108e-06,2.9472096e-05,9.7743905e-05,1.9463032e-06,1.6812331e-06,313,validation
9.602387e-07,4.8207323e-05,9.5351504e-07,5.295626e-06,2.2219893e-09,6.0455814e-06,3.124314e-05,0.9999074,314,validation
5.0146435e-05,4.48256e-06,0.99993896,1.2169532e-07,2.3396706e-07,5.008929e-06,3.8650433e-07,6.499705e-07,315,validation
6.2945124e-05,2.185975e-05,0.9998474,4.6870343e-07,1.290589e-05,5.3040098e-05,1.1693112e-06,2.0653489e-07,316,validation
0.00054882985,2.1869693e-05,0.99831426,6.4557908e-06,3.1774303e-05,0.0010226471,1.9545156e-05,3.4613327e-05,317,validation
0.99980813,1.7812992e-05,7.952311e-05,2.08388e-06,1.835018e-06,5.4836732e-06,8.41064e-05,1.053895e-06,318,validation
0.9994198,3.8129838e-05,0.00034542909,1.9668246e-06,5.803589e-06,1.7374814e-05,0.00016762385,3.928699e-06,319,validation
0.00010212113,5.586498e-05,0.9995443,4.5744905e-06,5.1243223e-05,0.00022283297,1.4576322e-05,4.5136353e-06,320,validation
0.0018254312,0.00022598395,0.9959111,2.1462976e-05,6.7570174e-05,0.0016511589,0.00017679253,0.000120481105,321,validation
9.997544e-06,6.4850906e-06,0.9999553,3.5501307e-07,1.2155864e-06,2.0845835e-05,3.6422393e-06,2.1326762e-06,322,validation
5.7408583e-06,4.3230642e-07,9.671461e-05,2.4703581e-06,7.0514496e-08,1.3888731e-06,0.9998567,3.6460417e-05,323,validation
0.0002603931,0.00017644253,0.99924004,9.7112e-06,3.0514007e-05,0.00024701984,2.5857344e-05,1.0058019e-05,324,validation
0.00086539914,0.00013924674,0.9974567,2.7872384e-05,8.4667896e-05,0.001382128,2.964652e-05,1.4392848e-05,325,validation
0.00017746499,5.0897743e-05,0.9993542,1.5415226e-05,1.9228391e-05,0.00027030517,9.454686e-05,1.795818e-05,326,validation
9.042168e-05,1.6659607e-05,0.9990821,2.1174894e-05,3.422766e-05,0.000696282,3.4076962e-05,2.5083755e-05,327,validation
0.9971596,8.8558954e-05,0.0010448865,2.502646e-05,4.3932232e-05,8.672201e-05,0.0014096705,0.00014155002,328,validation
1.1524307e-05,1.418138e-06,0.9996183,2.7475377e-05,2.1328593e-05,0.00031272395,5.3044605e-06,1.761466e-06,329,validation
9.3347955e-07,1.66427e-05,1.5387415e-05,5.731976e-06,4.965427e-09,6.9424414e-06,2.1898562e-05,0.9999324,330,validation
1.358361e-05,0.9997304,9.032151e-06,4.2753756e-05,5.641588e-06,2.548556e-06,0.0001050561,9.1002774e-05,331,validation
7.282327e-07,1.4362789e-05,2.028325e-05,4.8341294e-06,2.382457e-09,5.599667e-06,1.5668107e-05,0.9999385,332,validation
4.480292e-06,5.674625e-07,0.9999422,3.6773972e-06,1.5694867e-06,4.4331973e-05,2.7563403e-06,4.7490377e-07,333,validation
4.203874e-06,6.9408287e-07,0.9999038,9.21335e-06,1.6278154e-06,7.537131e-05,4.3024293e-06,7.8529376e-07,334,validation
0.99967396,3.666516e-06,2.7942786e-05,1.1924438e-05,6.29048e-07,3.2577348e-06,0.0002653933,1.3339259e-05,335,validation
0.9969965,4.606463e-05,0.001809779,1.6310216e-05,1.6293161e-05,9.906689e-05,0.00055131275,0.00046464743,336,validation
0.98837876,5.106043e-05,0.008470567,6.7071276e-05,5.2925443e-05,0.0015739123,0.000891254,0.0005144179,337,validation
2.0152187e-05,1.9558283e-05,0.00090361544,6.5541667e-06,0.035530094,0.96348244,2.621514e-05,1.1328461e-05,338,validation
2.323579e-05,3.312459e-06,0.9973828,1.14511e-06,1.3799189e-05,0.0025638111,1.6924826e-06,1.026687e-05,339,validation
1.7604592e-05,1.8896527e-06,0.9977629,1.283644e-06,6.0431644e-06,0.0021879359,3.0890376e-06,1.924828e-05,340,validation
0.9953798,2.9746589e-05,0.0038043277,5.0625727e-06,5.9576523e-06,0.0002661915,0.00034367447,0.00016533789,341,validation
0.98559606,0.00012447781,0.012321079,1.3095228e-05,6.050698e-05,0.001012796,0.000364052,0.0005079421,342,validation
0.97381705,0.00026492303,0.023549,3.31752e-05,9.093695e-05,0.00074416364,0.00054861745,0.0009521611,343,validation
0.99590117,0.00025747914,0.0032523016,9.329425e-06,7.667227e-06,1.5580223e-05,0.0002614508,0.00029492073,344,validation
7.771859e-05,1.8742028e-05,0.9994686,6.583696e-06,1.193235e-05,0.0004013594,4.234824e-06,1.0799892e-05,345,validation
5.569516e-05,1.2613597e-05,0.9996499,8.607609e-06,6.8609615e-06,0.00025103215,4.9775563e-06,1.0236403e-05,346,validation
1.4467572e-05,0.9996307,4.2851698e-05,1.928939e-05,3.6539657e-06,1.1448717e-06,0.00012367922,0.00016415492,347,validation
3.2072294e-06,0.00038783948,8.702835e-06,1.4624617e-05,1.2646385e-08,3.3950644e-06,3.847033e-05,0.9995437,348,validation
0.9976222,0.0001761367,0.0009252009,3.737477e-05,1.5836966e-05,5.7413432e-05,0.0009808931,0.00018492516,349,validation
6.17012e-05,1.09746115e-05,0.00032220344,1.1997424e-05,0.00013396858,0.999419,1.86374e-05,2.1604614e-05,350,validation
0.00010052232,1.82414e-05,0.9993562,2.0518455e-05,1.615063e-05,0.00046331107,8.966012e-06,1.6175092e-05,351,validation
0.9972486,7.5876786e-05,0.0016570368,5.591889e-06,4.151079e-06,0.00010939833,0.0007721559,0.00012715082,352,validation
0.99738353,1.427428e-05,0.0013009938,6.193984e-06,1.1635387e-06,4.8609283e-05,0.0011439769,0.00010122498,353,validation
2.635497e-05,3.372204e-06,0.99984455,9.554509e-06,3.7299685e-07,8.499427e-05,2.2907401e-05,7.908322e-06,354,validation
0.001122675,7.434142e-05,0.00088520243,0.00016985416,1.5853702e-05,3.2128082e-05,0.99758947,0.00011045677,355,validation
0.9989586,1.4771444e-05,0.00031645966,4.287411e-06,2.7400883e-06,3.3296124e-05,0.0006235461,4.6269077e-05,356,validation
0.9925897,8.622222e-05,0.0058564944,6.7002384e-06,6.6625043e-06,0.00012681982,0.001240054,8.7354136e-05,357,validation
0.9968988,2.3473684e-05,0.001800485,6.9785583e-06,4.2602724e-06,9.379825e-05,0.0010513595,0.00012093597,358,validation
0.06933053,0.8697911,0.04311457,0.00057292444,0.0013223161,0.0010019859,0.014386058,0.00048053777,359,validation
0.9998934,4.5665823e-07,1.50020105e-05,1.5281576e-06,8.0690945e-08,3.2146164e-07,7.654066e-05,1.2559538e-05,360,validation
3.3146247e-05,2.052832e-07,0.9998826,4.2388632e-07,2.2766812e-07,8.112476e-05,4.5355347e-07,1.7625938e-06,361,validation
0.99979955,3.000651e-07,0.00017906017,7.660585e-08,2.3266834e-08,6.1289046e-07,1.22391075e-05,8.213947e-06,362,validation
6.165297e-05,6.92718e-08,0.99989665,8.45435e-08,6.7914726e-08,3.7432063e-05,4.0105613e-07,3.6060958e-06,363,validation
0.00034580586,6.220369e-08,0.9996339,2.4931953e-07,1.0326133e-08,1.0839891e-05,2.389778e-06,6.67051e-06,364,validation
1.9124096e-05,2.8445198e-08,0.9999043,5.0312124e-08,3.7613752e-08,7.398477e-05,9.661416e-08,2.3199143e-06,365,validation
0.9999162,3.6169857e-07,4.707683e-05,9.7109e-07,7.7059006e-08,3.5181756e-07,3.08768e-05,4.004458e-06,366,validation
4.9732243e-05,8.372195e-08,0.9999316,1.4739946e-07,1.2993097e-08,1.6447662e-05,8.264833e-07,1.18342e-06,367,validation
1.5956924e-05,1.0045336e-06,0.9998896,7.334579e-07,3.4314965e-07,9.000212e-05,1.7944083e-07,2.0310995e-06,368,validation
6.474947e-05,4.7205856e-05,0.0010479746,3.368262e-05,0.97290343,0.025868453,1.3214631e-05,2.1250193e-05,369,validation
0.00023733987,3.1930183e-05,0.00045204523,0.9967975,0.0009571395,0.00058832363,0.0006262258,0.0003095918,370,validation
3.199485e-05,3.224056e-07,0.9998111,2.9425212e-07,1.1429077e-07,0.00015116505,6.2768873e-07,4.4907024e-06,371,validation
6.339243e-06,4.7483604e-07,0.99976426,5.3570193e-07,5.668337e-07,0.00022760723,4.3471857e-08,1.7021918e-07,372,validation
0.08588896,0.00094440446,0.9040481,0.0002952655,0.0007309602,0.0062271254,0.00065931975,0.0012058383,373,validation
0.99433905,3.8411374e-05,0.0051412676,3.0973047e-06,1.3047316e-05,0.00030341808,8.889724e-05,7.27605e-05,374,validation
0.99715,8.7019755e-05,0.0016527753,1.2456916e-05,5.281761e-05,0.00019637209,0.00067100604,0.00017764984,375,validation
0.00075332465,0.0006522908,0.99290943,0.0006308463,0.00018363743,0.003942143,0.00074849266,0.00017977756,376,validation
0.04443295,0.00027759088,0.94945407,0.00014050123,4.762104e-05,0.0041076066,0.0007332108,0.0008065323,377,validation
0.99992406,2.8011057e-06,6.9237444e-06,4.8157326e-06,1.4678908e-06,3.3028484e-06,4.1893254e-05,1.4664082e-05,378,validation
0.00023563358,0.00012368854,0.9980476,2.5861458e-05,2.3032675e-05,0.0015049767,2.8970919e-05,1.0195853e-05,379,validation
0.0053164065,0.0002953738,0.98878795,0.00049312087,0.00013344034,0.002915638,0.0019121249,0.00014598737,380,validation
0.0011811425,0.017320393,0.0008133756,0.0014605331,7.243183e-05,0.0047278735,0.0041516623,0.9702726,381,validation
0.004863405,0.00021234369,0.9832893,0.000882196,0.00015163381,0.0030597367,0.006845242,0.00069621025,382,validation
8.1922975e-05,2.6970823e-05,0.99958795,4.6375976e-06,3.5534033e-06,0.00028667977,3.4806355e-06,4.839172e-06,383,validation
7.232913e-05,0.00017999484,0.00040041792,3.9253177e-05,0.98932576,0.009916537,3.861794e-05,2.7024975e-05,384,validation
0.9992428,0.000107338936,0.00021024323,2.9648581e-05,2.9362189e-05,0.00010132463,0.00022916474,5.0222414e-05,385,validation
0.0012577801,0.00018253241,0.9973901,5.51548e-05,0.00019853502,0.00067210535,0.00021313822,3.0664534e-05,386,validation
0.00052738265,0.00014271878,0.99718285,6.9683716e-05,0.00061199686,0.001349452,9.503195e-05,2.088658e-05,387,validation
0.00073500717,0.00019121033,0.9971765,9.406018e-05,0.00051324494,0.0011364542,0.00012836276,2.5120957e-05,388,validation
0.0098926835,0.009857931,0.017386314,9.376829e-05,0.0015419134,0.8987912,0.004360165,0.058075994,389,validation
0.0007818982,0.0004877726,0.9972283,0.00012458744,0.0006051134,0.00057204504,0.00018306969,1.7182176e-05,390,validation
0.99910045,6.453636e-05,0.00024200871,5.455402e-05,2.8408336e-05,9.886873e-05,0.0003742757,3.691542e-05,391,validation
0.99939346,4.5442866e-06,0.0003967915,2.945563e-06,2.6822354e-07,1.4977003e-05,0.00017637288,1.0629212e-05,392,validation
0.9997321,1.8786081e-06,0.00023081529,4.8238275e-07,9.500365e-08,4.697701e-06,2.6718786e-05,3.2367814e-06,393,validation
0.99995065,7.287001e-07,7.72885e-06,1.2741333e-07,5.8993415e-09,2.8275568e-07,4.0169947e-05,2.9190247e-07,394,validation
0.99434,2.7749833e-05,0.0053633912,5.07563e-06,1.8864484e-06,6.765351e-05,0.00015115138,4.3105556e-05,395,validation
1.5910617e-05,0.0002406902,0.00019252847,0.00019071675,0.9876815,0.011657826,5.002412e-06,1.5864403e-05,396,validation
0.99709654,5.104814e-06,0.0028644607,1.0282072e-06,5.4369647e-08,3.926686e-06,1.7890461e-05,1.1139257e-05,397,validation
8.267534e-05,1.1337144e-06,0.9998739,2.832735e-07,4.0405503e-08,3.4206703e-05,4.97524e-06,2.7951905e-06,398,validation
3.3221925e-06,7.351014e-08,0.9999616,1.5416832e-07,4.6208037e-08,3.4762546e-05,3.726947e-08,1.14131396e-07,399,validation
0.00018038007,8.484443e-05,0.00061875227,4.8115548e-05,0.00032473585,0.9985827,9.850493e-05,6.191648e-05,400,validation
0.006010808,0.0029240958,0.9707964,0.00058238505,0.003652409,0.011745225,0.0030081484,0.0012805685,401,validation
0.0014558497,0.0005478559,0.99526477,4.3060023e-05,0.00018814518,0.0021619885,0.00026912437,6.934391e-05,402,validation
0.00061104173,0.0002132976,0.9891139,0.0002125846,0.0027115447,0.006865709,0.000116592004,0.00015519506,403,validation
0.0020857018,0.0008425647,0.9921549,7.288921e-05,0.0003639254,0.003934306,0.0003771736,0.00016859474,404,validation
0.0019947959,0.0014302102,0.0013201045,0.0017434274,0.979782,0.012203652,0.0009908628,0.00053501036,405,validation
0.99722713,0.0004347394,0.0007863699,6.935121e-05,5.1000647e-05,0.00021880938,0.0011258,8.676404e-05,406,validation
0.0013183145,0.00040131737,0.9946137,3.6941394e-05,0.00042398213,0.0029995444,0.00012001873,8.617849e-05,407,validation
0.99358916,3.5038247e-05,0.001593367,3.326729e-05,1.4960419e-05,0.00013150771,0.004010275,0.00059243495,408,validation
1.1422292e-05,4.4697185e-07,0.999944,1.3443548e-07,1.5076765e-07,3.3645032e-05,2.1735598e-06,8.135135e-06,409,validation
0.99576026,6.188289e-05,0.0011874968,4.6653608e-05,1.1412674e-05,6.366316e-05,0.0026081803,0.00026047585,410,validation
1.7990862e-05,1.775884e-05,0.9994367,1.54701e-06,1.5543888e-05,0.0005017957,1.3748873e-06,7.335289e-06,411,validation
6.692108e-05,9.40099e-06,0.99961674,7.682947e-06,9.29113e-06,0.00024710613,1.3025371e-05,2.9814124e-05,412,validation
0.99591476,2.1694654e-05,0.003312437,9.8503915e-06,3.5175212e-06,3.703864e-05,0.0004559484,0.0002447247,413,validation
1.8891931e-05,1.54048e-05,0.99969304,3.6840443e-06,1.2307606e-05,0.00022461194,1.7723005e-05,1.4330261e-05,414,validation
0.99212205,0.00019488078,0.0021181935,0.00012166946,2.3680983e-05,7.662183e-05,0.0048381933,0.000504699,415,validation
0.0011200052,0.00050847797,0.007831501,0.00015950143,0.97390884,0.015875513,6.670031e-05,0.00052943156,416,validation
0.99783665,6.81994e-05,0.00093833683,1.3145685e-05,1.033619e-05,0.00045229626,0.00066159747,1.9480698e-05,417,validation
0.99694306,7.698123e-05,0.002204296,3.0166948e-06,2.1515094e-05,0.0004949054,0.00022998838,2.6225012e-05,418,validation
0.00027032362,1.583738e-05,0.9980604,4.363942e-07,1.04972205e-05,0.0015998995,9.63337e-06,3.302642e-05,419,validation
0.997115,7.364038e-05,0.0018483405,3.7371613e-06,1.7677807e-05,0.0005329351,0.00037626704,3.2364667e-05,420,validation
0.00015381364,0.9987821,0.00018953894,2.1278278e-05,2.7136325e-06,9.2407296e-05,0.00036699467,0.00039121913,421,validation
0.00024713037,5.5171855e-05,0.0003129206,6.3252096e-06,0.00030516702,0.9989876,4.2208074e-05,4.347778e-05,422,validation
0.00025199814,2.0569325e-05,0.99837446,9.514996e-07,1.7637774e-05,0.001312826,6.342686e-06,1.51134145e-05,423,validation
1.1762593e-05,2.4639635e-06,0.9998702,1.7997447e-05,2.7933309e-06,8.84346e-05,2.8825862e-06,3.4969755e-06,424,validation
3.3306744e-06,1.4251808e-06,0.9999231,4.5959187e-06,7.9496914e-07,6.1667655e-05,2.7275241e-06,2.295389e-06,425,validation
2.5055035e-06,2.7417807e-05,2.4398848e-06,1.5326947e-05,1.3775222e-09,4.7591143e-06,4.5390727e-05,0.9999021,426,validation
0.0005337563,1.1889142e-05,0.9991924,1.0934256e-05,1.0278236e-06,0.00011890578,9.3579234e-05,3.7409656e-05,427,validation
1.1519572e-05,7.8514495e-06,0.9999378,1.6857662e-06,3.7211987e-07,3.4064178e-05,5.5756245e-06,1.0971498e-06,428,validation
5.2619625e-06,4.342761e-06,0.9999417,1.823221e-06,2.8369797e-07,4.314947e-05,2.282587e-06,1.0986013e-06,429,validation
0.96230125,0.0003849032,0.028084517,7.135539e-05,0.0001327754,0.007692131,0.0011786667,0.00015442853,430,validation
6.223436e-05,8.650059e-06,0.9993119,7.941523e-05,6.8903933e-06,0.00051061786,1.2897342e-05,7.4648287e-06,431,validation
0.00032307842,4.1068663e-05,0.99540365,2.957399e-05,0.000289032,0.0035745136,0.0003022522,3.691176e-05,432,validation
8.841366e-05,4.529884e-05,0.0023144938,1.496746e-05,5.0841163e-07,0.0021391048,0.00022300293,0.9951742,433,validation
0.0003832487,0.99776196,0.00070424646,1.3615052e-05,1.0022695e-05,1.5212491e-05,0.00059351587,0.000518187,434,validation
0.00037995158,2.9854671e-05,0.9943428,0.00023287669,0.00011974484,0.004197639,0.00057979336,0.00011736551,435,validation
0.0006995452,5.3740772e-05,0.99411726,3.8658116e-05,0.00033926623,0.0041393926,0.0005314687,8.0542304e-05,436,validation
0.0007661057,3.600862e-05,0.9801815,4.3269767e-05,0.001855062,0.016901068,0.00015871089,5.8221554e-05,437,validation
0.00018226747,1.9317591e-05,0.99655426,0.000107427615,0.00019834389,0.0026974496,0.00020552205,3.5405537e-05,438,validation
0.0007505759,0.9961094,0.000598176,8.773548e-05,0.00010777343,0.0001320766,0.002014726,0.00019956271,439,validation
0.027492315,0.013718959,0.031325113,0.77082616,0.07610813,0.0029488695,0.06602966,0.011550775,440,validation
0.0029196104,0.0042692893,0.086600766,0.008879462,0.89213175,0.0045244633,0.00061580865,5.8777092e-05,441,validation
0.00035001512,0.00014151023,0.9993055,5.0330193e-05,1.5322741e-05,0.00013368943,3.0079293e-06,6.4542525e-07,442,validation
0.00048011044,6.1448976e-05,0.99929106,1.4388603e-05,2.7953563e-05,0.00011533391,6.2652193e-06,3.4069546e-06,443,validation
0.00022706666,8.5357075e-05,0.99935883,1.6701357e-05,2.800071e-05,0.00028123482,2.1878684e-06,6.140516e-07,444,validation
0.004994354,0.0004140757,0.99261534,0.00012546599,0.00010977194,0.0013323543,0.00039483033,1.3814118e-05,445,validation
0.2896672,0.016352741,0.014474916,0.018801004,0.47267172,0.18493548,0.0025465335,0.00055052433,446,validation
0.0197495,0.0002307187,0.9776618,0.00019241855,9.1856484e-05,0.0016580092,0.00037090888,4.475536e-05,447,validation
0.9989767,2.1583696e-06,0.00050437846,1.2274544e-05,5.2289414e-07,4.0550854e-05,0.00043679384,2.6710719e-05,448,validation
0.9942486,7.381327e-06,0.0052384227,1.8909366e-06,8.4146035e-07,5.1109244e-05,0.00032385506,0.00012785252,449,validation
0.0010640849,0.0012024257,0.05388334,0.00091542094,0.9117126,0.028300555,0.0005969371,0.0023247248,450,validation
3.803106e-05,0.00024792933,0.00044263943,0.00048240944,0.9970265,0.001449365,0.00013362468,0.00017961986,451,validation
0.99028194,4.080587e-05,0.009140531,5.805632e-07,6.1501953e-07,2.9819128e-05,0.00035332947,0.00015239905,452,validation
5.565969e-06,9.1435095e-06,0.00015524223,6.027767e-07,1.9189683e-06,0.99965024,3.4604192e-05,0.00014266562,453,validation
0.9952696,9.456705e-06,0.0042607524,4.466356e-07,9.590153e-07,2.4602718e-05,0.00033959508,9.461274e-05,454,validation
0.9753322,8.250582e-05,0.024378374,2.6843742e-07,7.5444945e-08,8.473893e-06,9.426037e-05,0.000103747254,455,validation
0.05555878,0.009846852,0.016105866,0.83436996,0.04527035,0.009728021,0.008145422,0.020974819,456,validation
3.090821e-05,6.0528814e-06,0.999741,7.995253e-06,1.8072202e-05,0.00019356211,1.8023898e-06,6.476869e-07,457,validation
0.0063315975,0.965156,0.0108080795,0.004320062,0.0018500312,0.00077918463,0.0045220554,0.006233114,458,validation
0.04706038,0.011465298,0.722157,0.03427182,0.06359486,0.092799485,0.007328433,0.02132278,459,validation
1.40268185e-05,4.852659e-06,0.99992,7.530029e-06,2.856526e-06,4.9102193e-05,9.5363987e-07,6.625582e-07,460,validation
0.00063879736,3.941199e-05,0.99857605,0.0002513311,2.824734e-05,0.00036815013,7.707365e-05,2.0932046e-05,461,validation
0.99788314,0.00012331452,0.0007659427,0.00010541253,0.00011958072,0.00013795985,0.0007440651,0.00012052641,462,validation
0.9968244,0.00014708634,0.001915134,6.5492204e-05,0.00025607244,0.0004916108,0.00025546362,4.482968e-05,463,validation
0.00011104026,3.1610816e-05,0.0005398991,2.0700396e-05,0.00028029265,0.998936,4.176497e-05,3.875381e-05,464,validation
0.00037717455,8.3914936e-05,0.99764913,1.9077817e-05,0.00018585323,0.001564011,6.608714e-05,5.469972e-05,465,validation
0.003221544,0.0025239247,0.019977259,0.0011031064,0.9092639,0.061982162,0.0009005434,0.0010275367,466,validation
0.9907175,0.000786489,0.005446917,0.00020062171,0.00025891516,0.0006011447,0.0014758155,0.00051266444,467,validation
0.00058868196,0.0007594136,0.0024522624,0.0007040643,0.98756987,0.0074429465,0.00020008541,0.00028265396,468,validation
0.9445536,0.002496297,0.016357053,0.00025794364,0.0004726976,0.00070928625,0.034386452,0.0007666251,469,validation
0.00055004115,0.00011717353,0.99724436,2.1603684e-05,0.00018124131,0.0017372315,9.42112e-05,5.4224398e-05,470,validation
0.99281013,0.00041142217,0.00433292,9.675574e-05,0.00015389896,0.00057665375,0.0013487344,0.00026960362,471,validation
0.0013722371,1.9714612e-06,0.9984719,2.9353814e-05,3.4556678e-07,9.399825e-05,2.4378302e-05,5.776934e-06,472,validation
0.0005078174,2.761099e-05,0.00041479137,0.99862635,2.9441291e-05,7.682735e-05,0.00014241555,0.00017476315,473,validation
0.00018639331,4.5673746e-06,0.99967265,4.1388805e-05,6.860519e-07,9.3283845e-05,4.924191e-07,6.035858e-07,474,validation
0.98716325,0.0011106142,0.003082309,0.0011597581,0.00024522556,0.0006225016,0.0047123246,0.001904032,475,validation
5.533346e-05,5.4542494e-07,0.9998559,5.314077e-06,7.850371e-08,8.188838e-05,3.8319777e-07,5.562812e-07,476,validation
0.00012171654,2.245743e-06,0.99966085,2.1011778e-05,5.9651666e-07,0.00019213218,9.056323e-07,5.1892334e-07,477,validation
0.75806874,6.662021e-05,0.24071956,9.844429e-05,5.73053e-07,3.550974e-05,0.0009562396,5.4332562e-05,478,validation
0.9987936,1.10639e-05,0.00030851326,3.624637e-06,1.4246962e-07,6.7052366e-07,0.0008788197,3.604695e-06,479,validation
6.6974e-05,2.517842e-05,0.9988105,0.00028559132,2.1793805e-05,0.00038702294,0.00025194357,0.00015091499,480,validation
7.6108776e-08,5.4337715e-07,8.668972e-06,1.30290055e-05,2.0400613e-11,1.1470424e-05,4.674761e-05,0.9999194,481,validation
2.0551583e-05,2.018881e-06,0.99988496,7.478934e-07,1.1929486e-06,7.463545e-05,6.3453135e-06,9.664742e-06,482,validation
3.281975e-05,3.243474e-06,0.9998492,7.980018e-07,1.958786e-06,9.122658e-05,8.058572e-06,1.2581892e-05,483,validation
0.002299,0.00022700465,0.0044519235,0.00039196527,0.0010585339,0.9910246,0.00039025303,0.0001567748,484,validation
0.0021009534,9.494308e-05,0.9899625,8.7830114e-05,1.0706379e-05,0.0010318258,0.0050996775,0.001611603,485,validation
0.0015542639,3.3134373e-05,0.0002460611,0.0006206969,2.2532717e-05,0.0013383024,0.9956267,0.0005583061,486,validation
0.99786526,8.6088396e-05,0.00022950032,1.4104896e-06,1.1662192e-05,0.00013107913,0.0016267486,4.823704e-05,487,validation
0.9984999,1.3400674e-05,0.0010989445,3.1487834e-06,3.282741e-07,9.682975e-06,0.00034984798,2.468243e-05,488,validation
7.518496e-05,4.4253347e-06,0.9995265,4.2617035e-06,2.1440785e-06,0.0003714162,3.0377919e-06,1.3095724e-05,489,validation
0.9985902,4.5158835e-05,0.0003359966,1.8985536e-05,2.7157085e-07,8.382113e-06,0.0009854268,1.5620948e-05,490,validation
2.5890753e-05,3.1412895e-07,0.9997805,3.6712225e-07,6.317625e-08,0.00018967033,6.583229e-07,2.46714e-06,491,validation
0.00028860528,3.0392198e-06,0.9994253,2.527604e-06,3.4055358e-07,0.00023332263,2.8025093e-05,1.8937679e-05,492,validation
0.99752706,1.0018805e-05,0.0013835944,3.340166e-05,8.864737e-07,0.0001077827,0.0008833323,5.38905e-05,493,validation
0.96571124,3.2532953e-05,0.032752723,2.0356621e-05,3.0179262e-06,0.0002683437,0.0011304211,8.141671e-05,494,validation
7.68785e-05,9.468833e-07,0.99988604,4.99388e-07,3.1536718e-08,2.7811626e-05,1.2596613e-06,6.539398e-06,495,validation
1.731533e-05,7.7815355e-05,3.56776e-05,6.233807e-05,0.99852896,0.0011785956,4.8627713e-05,5.068644e-05,496,validation
0.00020963274,0.00020996267,0.99521106,0.00016406128,0.0024113697,0.0010501383,0.0005081722,0.00023576384,497,validation
0.00012570036,0.00014278656,0.99824655,0.00019702534,0.0002908485,0.00087622914,0.0001079302,1.2949913e-05,498,validation
0.00012970412,7.103987e-05,0.9985207,0.00012235274,0.00036934027,0.0006413729,0.00010365104,4.191556e-05,499,validation
0.00012972458,0.00012055367,0.9979127,9.683038e-05,0.0005575045,0.001095433,6.263404e-05,2.4502548e-05,500,validation
0.00055400445,0.0002393209,0.9969599,0.00025101408,0.0005316419,0.0011472321,0.00022158826,9.538202e-05,501,validation
0.0005267183,0.0005874126,0.0013680469,7.27172e-05,3.0120975e-05,0.0132225035,0.0018773779,0.98231506,502,validation
0.9996885,2.6197007e-05,2.0425865e-05,1.7191462e-05,5.797014e-05,9.783885e-05,5.9586673e-05,3.2456028e-05,503,validation
0.00024780456,4.00868e-05,0.9989969,8.038375e-06,1.9117331e-05,0.00058039173,3.229065e-05,7.5394644e-05,504,validation
0.99209964,6.2938925e-05,0.0041784965,3.3365082e-05,1.355003e-05,7.812488e-05,0.0030485843,0.00048526097,505,validation
0.9953389,6.162419e-05,0.0020686234,3.0076571e-05,7.3454025e-06,4.375494e-05,0.0013714778,0.0010781358,506,validation
0.00017782897,7.838877e-05,0.99926406,3.242352e-06,1.9496458e-05,0.0003982325,8.7080125e-06,4.9990533e-05,507,validation
0.00092365145,6.201951e-05,0.9934443,4.0394447e-05,4.9611586e-05,0.0048887595,4.597814e-05,0.00054528506,508,validation
0.9949325,3.1112104e-05,0.002142517,5.0623516e-05,5.402916e-06,0.00015300511,0.002415668,0.00026908919,509,validation
0.0001479297,2.423247e-05,0.99894387,1.4141994e-05,2.0613643e-05,0.00060157897,7.463585e-05,0.0001730612,510,validation
0.00045595752,0.00043694346,0.99822634,2.7158276e-05,3.8856644e-05,0.00038828308,7.070233e-05,0.00035580245,511,validation
6.1413324e-05,1.5253692e-05,0.9993019,4.891877e-05,7.579559e-06,0.0004412521,9.702631e-05,2.6722322e-05,512,validation
9.876114e-05,3.1871743e-05,0.9994685,6.8540667e-06,4.2500114e-06,0.0003667387,1.2508955e-05,1.0445296e-05,513,validation
4.9562954e-07,1.4390601e-05,2.657221e-07,5.859699e-07,9.057831e-11,1.0646338e-07,9.85673e-06,0.99997425,514,validation
0.93866974,0.00021333694,0.05909663,3.514689e-06,2.6867403e-06,3.0202782e-05,0.0014759477,0.000507928,515,validation
0.99948585,5.2134155e-06,0.00034162906,2.538804e-07,1.4479278e-07,3.942091e-06,0.00013215313,3.0846702e-05,516,validation
6.864819e-05,4.3663083e-05,0.9994437,8.08917e-06,9.877134e-06,0.00038196062,5.7942043e-06,3.823701e-05,517,validation
9.084781e-05,2.8854127e-05,0.9996425,4.6835385e-06,2.5771221e-06,0.00020651966,1.4063895e-05,9.921304e-06,518,validation
4.5380006e-05,1.32660025e-05,0.9995783,2.8614915e-05,4.7806097e-06,0.00029401013,1.0213613e-05,2.5430423e-05,519,validation
0.00010221057,0.0004993938,0.00054269104,3.7719146e-05,3.7116237e-07,0.0005044666,0.0013982506,0.996915,520,validation
0.9995988,1.9894365e-05,6.5321445e-05,7.127229e-06,7.968241e-07,9.627905e-06,0.0002887939,9.561273e-06,521,validation
0.99986744,3.054215e-06,4.5978086e-05,4.4522363e-07,9.198818e-08,9.2013494e-07,7.860116e-05,3.4773584e-06,522,validation
0.0003785739,7.416684e-05,0.9972287,9.189959e-05,2.4076842e-05,0.001903827,0.00016225102,0.00013653892,523,validation
4.538905e-06,1.8950433e-07,5.5990706e-05,1.1723552e-08,6.343725e-05,0.9998753,3.3786057e-07,1.2594201e-07,524,validation
2.1723768e-05,0.00016985991,5.585052e-05,2.1764847e-05,4.620857e-08,3.2692882e-05,0.00022645926,0.9994716,525,validation
0.000111250076,6.747857e-05,0.9992872,4.163384e-05,3.3955885e-06,0.0003168141,0.00015693264,1.5430503e-05,526,validation
0.00015369494,9.6112155e-05,0.9986644,0.0001018944,1.451532e-05,0.00073828886,0.00019863991,3.243252e-05,527,validation
0.9951147,0.00020438433,0.0019864794,4.2083113e-05,8.607491e-05,0.00028020501,0.0021411073,0.00014486733,528,validation
0.000261757,0.00058818824,0.00051059347,0.00073806295,0.9931444,0.004299739,0.00024488228,0.00021234917,529,validation
0.000108673215,2.0917156e-05,0.99845016,4.2061638e-05,5.3189662e-05,0.0012528285,4.0150582e-05,3.2039272e-05,530,validation
0.99818283,6.3681386e-05,0.00080431555,3.332762e-05,5.8029633e-05,0.0002171682,0.00058234617,5.8282814e-05,531,validation
0.09814223,0.034040473,0.37302524,0.1413999,0.08802248,0.23157752,0.02833306,0.0054591354,532,validation
0.0001518875,2.5300369e-05,0.9978017,3.2645206e-05,0.00012594306,0.0018186696,1.8188168e-05,2.5559693e-05,533,validation
0.00010718555,2.2529623e-05,0.9990613,1.4450302e-05,2.7261964e-05,0.00068107084,7.5693235e-05,1.0468598e-05,534,validation
3.9949896e-06,0.00022387499,2.9056866e-05,1.9815818e-05,5.3097256e-08,4.931049e-05,0.00023843143,0.9994355,535,validation
0.99978846,1.0334244e-06,4.8547816e-05,8.8191376e-07,1.0455242e-06,2.3204588e-05,0.00012880114,8.051039e-06,536,validation
6.247252e-06,5.0274874e-08,0.99931264,9.8573594e-08,5.7474244e-07,0.0006796245,7.92847e-08,7.41435e-07,537,validation
1.7344764e-05,1.17780004e-07,0.99951315,4.2350464e-07,9.4518794e-07,0.00046558026,3.401025e-07,1.9771041e-06,538,validation
1.3946416e-05,1.3958709e-07,0.9996418,4.2913868e-08,8.852947e-07,0.00034171264,3.0290303e-07,1.2171457e-06,539,validation
0.9998505,1.5214581e-06,1.685337e-05,2.2121408e-06,1.6526318e-06,2.027284e-05,0.0001003535,6.635077e-06,540,validation
0.14853059,0.0008541357,0.79451406,0.005176839,0.0017508955,0.044637594,0.001269557,0.00326637,541,validation
3.3704005e-06,5.961039e-08,0.99982184,1.7386213e-07,3.1922133e-07,0.00017389754,1.454999e-07,2.5323607e-07,542,validation
3.8617986e-06,2.8685574e-07,0.99981016,5.267706e-08,8.1308787e-07,0.00018413608,3.4678712e-07,3.3771934e-07,543,validation
0.9994081,3.1920557e-05,0.000416209,9.456192e-06,6.780411e-06,1.9100959e-05,8.337428e-05,2.5072683e-05,544,validation
0.00025304387,1.8663935e-05,0.9986966,7.160675e-06,2.7027301e-05,0.00094137876,2.1752245e-05,3.4375862e-05,545,validation
0.00015942757,7.3135875e-06,0.9997048,1.1854396e-06,1.3615069e-06,0.00011731418,4.807913e-06,3.8571775e-06,546,validation
0.9942602,0.00013499336,0.0046534706,1.6118385e-05,0.000103860846,0.00057076715,0.00019815791,6.2501575e-05,547,validation
0.9991479,4.4267286e-05,0.00047849244,1.2226757e-05,7.2754356e-06,2.3167242e-05,0.00022622988,6.0383773e-05,548,validation
0.00024005272,0.00035567337,0.0005783061,0.00072149525,0.98778045,0.009938728,0.000103991566,0.00028124274,549,validation
0.0004290525,0.99747485,0.0003236423,0.00022818535,3.4338358e-05,1.9087933e-05,0.0013711442,0.00011957466,550,validation
0.00023364984,1.5452173e-05,0.9995726,5.964138e-07,1.8092928e-06,0.00016081966,1.044982e-05,4.6614664e-06,551,validation
0.9999118,7.8062806e-07,4.19951e-05,1.5023585e-06,2.2786722e-07,1.910265e-06,3.257396e-05,9.155509e-06,552,validation
9.445799e-07,3.7320153e-06,1.0276518e-06,2.9146833e-07,1.1805783e-10,1.7249266e-06,5.9568197e-06,0.9999863,553,validation
0.99993837,1.315165e-06,1.5845117e-05,8.064076e-07,7.219369e-08,2.0274429e-07,2.1352562e-05,2.1998516e-05,554,validation
7.508242e-07,2.7395445e-06,2.8351028e-06,7.910577e-07,2.7106842e-10,1.9131344e-06,7.761269e-06,0.9999832,555,validation
1.181004e-05,2.702635e-06,0.9997367,1.9256362e-05,1.2910965e-06,0.00017675429,3.0505498e-06,4.8362086e-05,556,validation
2.374847e-06,2.720432e-06,0.9998362,1.5877304e-05,6.179198e-07,0.00013658413,6.732514e-07,4.901492e-06,557,validation
6.0119946e-06,6.3095354e-06,0.99951303,8.443893e-05,2.3280077e-06,0.0003786568,2.3463579e-06,6.8680088e-06,558,validation
0.9996345,1.8842792e-06,8.230065e-05,3.9180177e-06,4.3178602e-07,2.472378e-06,0.0002220499,5.232854e-05,559,validation
0.00067641627,0.00025177843,0.0042526163,1.4921924e-05,1.3497938e-06,1.8149081e-05,0.9946143,0.00017045769,560,validation
2.4619733e-06,1.520023e-06,0.9999596,8.362498e-07,1.6246236e-07,2.7240249e-05,7.239635e-06,9.411388e-07,561,validation
0.9996263,2.5851296e-06,5.9682665e-05,6.5270896e-08,9.1453295e-08,1.0994703e-06,0.00029973988,1.0389804e-05,562,validation
0.9991352,6.3536477e-06,0.0004358939,9.503353e-08,1.8204989e-07,7.5736702e-06,0.0004009149,1.3769554e-05,563,validation
1.7659006e-05,0.00013689323,0.00027814583,3.145363e-05,1.6420911e-07,0.00019717665,0.000620801,0.9987178,564,validation
1.4725184e-06,2.8583014e-05,6.0444145e-05,1.6910319e-06,7.7409745e-10,1.5668145e-05,9.339176e-05,0.99979883,565,validation
0.00038807545,1.5448664e-05,0.00060248055,6.6694935e-05,1.5431989e-06,6.664039e-05,0.9984883,0.0003707351,566,validation
1.3237565e-05,6.70576e-06,0.99987173,5.1566576e-06,1.1764895e-06,6.669772e-05,3.256318e-05,2.748086e-06,567,validation
0.00060744333,0.0003563589,0.008537774,2.8400734e-06,8.864124e-05,0.91916525,0.0005727914,0.070668876,568,validation
6.823892e-05,4.914585e-06,0.9997192,3.537686e-06,3.7951008e-06,0.00018540793,4.396868e-06,1.0474782e-05,569,validation
0.9974976,3.466122e-05,0.001779482,1.9682439e-06,5.26948e-06,7.835894e-05,0.000560071,4.259611e-05,570,validation
1.122072e-06,0.0003702621,8.0846385e-06,1.888234e-06,1.4771353e-09,1.365477e-07,9.791519e-05,0.99952054,571,validation
7.943055e-05,8.786164e-06,0.9995572,2.3101813e-05,7.967412e-06,0.0002453503,1.5920432e-05,6.22972e-05,572,validation
0.9942508,3.8958704e-05,0.0014835973,1.4745584e-05,2.932754e-06,0.00015116563,0.003919036,0.00013874214,573,validation
2.0980058e-05,2.885882e-06,0.9998628,1.2544592e-06,2.1595115e-06,0.00010424408,1.2260554e-06,4.5418838e-06,574,validation
6.564791e-05,4.2835823e-06,0.9995945,4.8534484e-06,1.8810646e-05,0.00029157972,3.354382e-06,1.7003827e-05,575,validation
8.5276166e-05,4.431888e-06,0.99906784,4.1956008e-07,7.919788e-06,0.0008307842,4.4998708e-07,2.8128163e-06,576,validation
0.00021643963,2.4678928e-05,0.99852115,2.336886e-05,6.724628e-05,0.00094252883,0.0001784113,2.6259888e-05,577,validation
6.7048995e-06,1.9879095e-05,3.4692843e-05,3.75737e-05,0.9985476,0.001332826,7.93325e-06,1.2761821e-05,578,validation
0.99929917,1.1691588e-05,0.00021106756,7.908337e-06,5.8482897e-06,2.7916278e-05,0.00035294416,8.3411476e-05,579,validation
0.99976164,1.8136002e-06,0.00014173178,7.231581e-07,1.3052548e-06,7.804806e-06,5.625257e-05,2.8745968e-05,580,validation
0.982812,8.68648e-05,0.015389923,1.1311054e-05,0.0003769113,0.00066440355,0.00016237149,0.0004961375,581,validation
7.440349e-05,2.7606627e-06,0.9991091,6.2239343e-07,6.0859097e-06,0.000801973,1.0430686e-06,3.963067e-06,582,validation
4.5353834e-05,6.2143367e-06,0.99890554,1.4445976e-06,1.349177e-05,0.0010239801,1.5614224e-06,2.4136343e-06,583,validation
2.8324208e-05,7.5593944e-06,0.9994122,2.30215e-06,2.0197604e-05,0.0005223113,3.0232372e-06,4.180084e-06,584,validation
8.118962e-06,1.0430254e-07,0.00014499929,3.9812008e-08,1.4464053e-05,0.9998317,9.355131e-08,4.0750817e-07,585,validation
0.9804598,0.0001796979,0.01464896,2.9352981e-05,0.00010618912,0.0036458855,0.0008057523,0.00012439347,586,validation
1.5944488e-05,9.504432e-06,0.99972993,1.8475699e-06,6.789305e-06,0.00022984369,2.023047e-06,4.029176e-06,587,validation
0.9876611,0.00015832315,0.008587956,4.513565e-05,8.777388e-05,0.00296613,0.00042692275,6.672812e-05,588,validation
0.9947543,0.00025521746,0.001823204,0.00013435299,3.4597222e-05,0.0011523279,0.0017422622,0.00010369794,589,validation
1.729013e-05,5.5167948e-06,0.9987212,8.6708184e-07,2.769252e-05,0.0012246656,7.513943e-07,2.0768712e-06,590,validation
0.0035636195,0.0011268022,0.054702807,0.00016765423,0.08103604,0.858537,0.00017498642,0.0006910308,591,validation
0.99994123,3.1111924e-08,3.4590736e-05,6.218437e-08,1.5749584e-09,1.3019564e-07,2.3794122e-05,1.7778484e-07,592,validation
5.2843766e-06,1.97211e-09,0.9999914,2.0227441e-08,4.9896426e-10,2.94022e-06,1.1241916e-08,3.942872e-07,593,validation
3.2403452e-06,1.5340355e-08,0.99976724,6.0586393e-07,3.4574178e-08,0.00022768042,1.4056529e-07,1.1793388e-06,594,validation
0.9981186,6.012172e-08,0.0018559975,3.167552e-08,2.2077495e-09,5.6806783e-07,2.3611386e-05,1.0928753e-06,595,validation
0.9924455,1.3456051e-06,0.007361034,9.966517e-07,2.677989e-07,9.05591e-05,7.653834e-05,2.372911e-05,596,validation
1.0231253e-05,9.4584145e-09,0.999984,1.226841e-07,3.8911843e-09,4.862462e-06,3.7871814e-08,6.72096e-07,597,validation
0.0032330442,5.1058333e-07,0.996738,2.1951247e-07,2.1458224e-08,6.5246804e-06,4.1315093e-06,1.7456006e-05,598,validation
0.99975127,1.0837968e-07,0.00020329692,3.964901e-07,2.4545896e-08,3.0414233e-06,3.903182e-05,2.8931763e-06,599,validation
0.0037547334,7.9714606e-05,0.99209094,5.2387866e-05,3.0834148e-05,0.0035926918,8.161153e-05,0.00031710172,600,validation
1.814585e-05,4.6623754e-07,0.9997814,4.6419004e-07,6.49505e-07,0.00019367426,3.0168945e-07,4.845674e-06,601,validation
0.9993722,6.108616e-06,0.00037359676,2.7640901e-06,1.8892523e-06,1.4585337e-05,0.000160401,6.8536254e-05,602,validation
1.8409859e-05,7.0866855e-07,0.9999112,2.4480678e-07,2.836052e-07,6.5388864e-05,3.9158869e-07,3.3879276e-06,603,validation
4.92334e-05,1.1402577e-06,0.99989355,4.641916e-07,3.0753608e-07,4.8242113e-05,9.0126576e-07,6.1151845e-06,604,validation
0.99911207,2.223719e-05,0.00027446263,2.3087165e-05,3.7789425e-06,1.6921565e-05,0.0004429653,0.00010437504,605,validation
3.642455e-05,8.8722726e-07,0.9998653,1.0230843e-06,4.6332804e-07,8.6015585e-05,1.14938e-06,8.74055e-06,606,validation
5.5722536e-05,1.2135545e-06,0.9998913,4.9270585e-07,2.067495e-07,3.136764e-05,1.1438237e-05,8.2669485e-06,607,validation
0.9999627,1.280383e-07,9.314141e-06,5.814396e-07,1.5176491e-08,3.7608112e-07,1.2614019e-05,1.4240506e-05,608,validation
0.6745754,5.5066786e-05,0.32520255,1.4927064e-06,1.6259355e-07,1.9903398e-05,0.00011641918,2.9006538e-05,609,validation
1.3168218e-05,1.8025524e-06,0.9999294,3.6459485e-07,4.866481e-07,5.4104377e-05,2.1324165e-07,3.9631993e-07,610,validation
0.9948372,0.00014380462,0.0014840831,8.890642e-05,3.1103224e-05,0.0002204978,0.0002798364,0.002914483,611,validation
5.123981e-07,0.999985,4.366946e-06,4.551994e-07,4.6525102e-08,4.4437325e-09,7.916338e-06,1.6633982e-06,612,validation
0.9999057,1.1322875e-06,1.0481103e-05,1.4047682e-06,1.9730605e-07,4.854749e-07,6.4211716e-05,1.6322356e-05,613,validation
2.3481074e-05,1.5247278e-06,0.99996877,2.4204246e-07,5.2311822e-08,4.6590017e-06,6.7563894e-07,6.147481e-07,614,validation
4.630391e-05,5.4197235e-06,0.99975926,4.3092764e-06,2.5960653e-06,0.00017345753,6.0924717e-06,2.6683285e-06,615,validation
0.00018893949,7.9132806e-05,0.9979323,6.4666096e-06,0.0001521662,0.0015612267,7.255771e-05,7.182207e-06,616,validation
0.00017800357,5.7262147e-05,0.9967438,1.128532e-05,0.00028851308,0.0026092518,0.00010381401,8.022266e-06,617,validation
0.00047582889,5.1941108e-05,0.99640286,0.00036764433,0.00027188397,0.002050406,0.00029472815,8.472164e-05,618,validation
0.99756974,0.00011167286,0.0012827532,5.0331015e-05,2.4988212e-05,0.00010099882,0.0007968697,6.2549436e-05,619,validation
3.263847e-05,0.9996644,1.9341951e-05,3.9563474e-06,6.663246e-07,2.9666512e-06,0.00024027836,3.572679e-05,620,validation
4.4465254e-05,1.8642866e-05,0.999368,3.748682e-06,7.825113e-05,0.00046307623,1.9883551e-05,3.9086253e-06,621,validation
0.00015734394,0.99956506,0.00012057595,2.7479505e-06,9.799783e-07,1.1365659e-06,0.0001284297,2.3668052e-05,622,validation
0.00018251245,1.8491153e-05,0.99963677,3.5210605e-06,2.7312872e-06,9.034151e-05,5.060345e-05,1.4892674e-05,623,validation
0.9957415,7.243212e-05,0.002512051,5.3212614e-05,2.29535e-05,0.00026129495,0.0008934804,0.00044310282,624,validation
0.98739165,0.00044474527,0.010824413,1.3695866e-05,1.9815348e-05,9.248409e-05,0.00048559465,0.00072764116,625,validation
9.3806855e-05,6.844124e-06,0.9987556,3.596001e-06,1.352023e-05,0.0010777294,5.676549e-06,4.3253967e-05,626,validation
9.412352e-05,2.564037e-05,0.9996014,4.851948e-07,1.4517644e-06,0.00023612649,1.008908e-05,3.066141e-05,627,validation
0.9960532,6.967113e-05,0.0016760321,2.2058137e-05,2.828988e-06,4.3277738e-05,0.0019702988,0.0001625343,628,validation
0.99751496,1.9582641e-05,0.0015555499,8.298512e-06,5.0276653e-06,7.248339e-05,0.00065038697,0.00017374518,629,validation
0.00011009112,2.8120407e-05,0.999191,7.368355e-06,1.1679714e-05,0.000577342,2.3041806e-05,5.1484192e-05,630,validation
0.9975121,5.855068e-05,0.0013514555,2.113168e-05,4.0302225e-06,2.5554662e-05,0.00067245495,0.0003547761,631,validation
0.9999701,7.4874965e-06,8.338687e-07,4.2784805e-07,1.2431748e-07,7.432995e-07,2.0311341e-05,5.840557e-08,632,validation
0.00042315136,2.1376447e-05,0.99939907,1.1536474e-06,2.8039692e-06,0.00014386159,3.2044936e-06,5.4642114e-06,633,validation
0.00030249683,2.0460182e-05,0.99786085,1.7208895e-06,9.573887e-06,0.001794865,8.069052e-06,2.0164357e-06,634,validation
6.3405e-05,6.9540442e-06,0.9998504,2.7641326e-07,2.3936625e-06,7.451595e-05,6.6625154e-07,1.3478766e-06,635,validation
2.5230864e-05,0.99989104,3.7282927e-05,2.3290079e-06,1.1069055e-07,1.8249917e-08,3.80195e-05,6.040313e-06,636,validation
0.00028547389,6.977149e-05,0.9995708,1.4280182e-06,6.839981e-07,6.475001e-05,1.967272e-06,5.171996e-06,637,validation
8.5779735e-05,2.807532e-05,0.99982625,5.6357266e-07,1.0455637e-06,5.6375386e-05,7.725674e-07,1.3143017e-06,638,validation
0.0006977967,7.586562e-05,0.99859196,8.930109e-06,3.3934882e-06,0.00029470882,0.00027436396,5.2943196e-05,639,validation
0.99948657,3.9932034e-05,0.00012382683,3.14488e-05,3.4589077e-06,7.37225e-06,0.00026322412,4.4180717e-05,640,validation
0.99787927,0.00017564758,0.0011733151,1.0336927e-05,6.8446047e-06,2.491443e-05,0.0006616056,6.80669e-05,641,validation
1.9248087e-05,3.483383e-06,8.31287e-05,1.0614613e-06,4.751293e-05,0.9998294,8.951533e-06,7.17141e-06,642,validation
0.0001827037,1.3352422e-05,0.9994968,4.2110446e-06,5.362821e-06,0.00027451804,8.734512e-06,1.4366758e-05,643,validation
5.1248673e-05,6.486665e-06,0.9997985,1.2357888e-06,1.4148607e-06,0.00013620695,1.9098406e-06,3.0366948e-06,644,validation
5.3142696e-07,0.9999614,1.939058e-06,4.0830093e-07,4.7860144e-08,1.8958157e-07,2.2713848e-05,1.269848e-05,645,validation
5.4495496e-05,1.1098695e-05,0.9997013,1.1140684e-06,4.5981647e-06,0.00022254176,1.2218844e-06,3.5824446e-06,646,validation
6.741256e-05,7.335839e-06,0.9997682,1.3800509e-06,2.0672828e-06,0.00014555435,2.0091823e-06,6.0100606e-06,647,validation
0.99984324,2.1361842e-08,9.208975e-05,4.0138175e-07,1.8771388e-08,1.1078115e-05,5.0830946e-05,2.3133373e-06,648,validation
0.9998764,3.0381077e-08,0.000103741586,5.2736045e-08,7.296341e-09,8.26175e-06,1.029676e-05,1.1865051e-06,649,validation
2.5009763e-07,1.6455974e-10,0.9999224,2.9984537e-09,1.5062965e-10,7.730118e-05,2.7514294e-10,3.4875825e-08,650,validation
0.99687815,2.3890996e-06,0.0026689,2.9715306e-06,7.9154364e-07,0.00017089065,0.00024314111,3.279955e-05,651,validation
0.99993694,1.4502613e-08,5.5047192e-05,4.092322e-08,8.8637264e-10,3.8365084e-07,7.210078e-06,4.2970052e-07,652,validation
0.9992918,8.3662275e-07,0.0003210941,2.4239694e-06,1.9403454e-07,3.1141175e-05,0.00033904656,1.3424983e-05,653,validation
4.0340257e-07,8.586872e-10,0.9999558,2.724991e-09,5.351476e-10,4.3753415e-05,2.3044007e-09,6.5283565e-08,654,validation
1.19192684e-07,8.680885e-10,0.9998965,1.0109844e-08,3.0707452e-09,0.00010325696,6.506197e-10,1.1049035e-07,655,validation
0.9993094,2.551198e-06,0.00010646239,1.948304e-06,9.146181e-08,5.6675062e-06,0.00054335676,3.0435067e-05,656,validation
4.7059842e-05,5.0037835e-07,0.9998549,4.4967942e-07,1.335644e-07,8.532033e-05,5.322547e-06,6.2386957e-06,657,validation
5.0874805e-05,8.161709e-06,0.9996643,1.8589842e-06,1.8873731e-06,0.00026415245,2.7098924e-06,6.044607e-06,658,validation
8.521702e-06,1.8615992e-06,0.99992085,1.4896402e-06,1.9228911e-07,5.9687267e-05,4.5758297e-06,2.8587442e-06,659,validation
3.9201077e-05,3.8343487e-07,0.9996295,2.2386503e-06,6.944406e-07,0.00030378354,1.0489906e-05,1.3633084e-05,660,validation
1.5098504e-05,1.6710972e-07,0.99991703,3.987915e-07,4.320718e-08,5.3676937e-05,6.8940003e-06,6.6316466e-06,661,validation
6.820987e-06,1.7355695e-06,0.9999671,1.6429559e-07,3.9959822e-08,2.1802216e-05,1.0221255e-06,1.2615668e-06,662,validation
9.8650935e-06,8.931645e-07,0.99995744,1.4358554e-07,4.20363e-08,2.7155036e-05,1.603597e-06,2.9338346e-06,663,validation
7.705894e-06,5.486492e-07,0.99996483,1.1192181e-07,1.6025072e-07,2.5767917e-05,2.2996862e-07,6.498119e-07,664,validation
0.00024449415,1.905771e-05,0.9997037,9.378797e-07,1.5864198e-07,8.041218e-06,1.956872e-05,3.9616307e-06,665,validation
0.0005081949,9.537791e-05,0.9953903,5.1752373e-05,0.00030394638,0.0036004605,4.9521277e-06,4.4999873e-05,666,validation
0.99969447,6.2052454e-06,0.000100119985,5.924928e-06,7.1171684e-07,1.1220539e-05,0.00017034687,1.092901e-05,667,validation
5.5643034e-07,0.99995136,4.5251832e-07,1.7751192e-06,7.4480084e-08,2.520035e-07,3.814168e-05,7.3884207e-06,668,validation
1.03060065e-05,1.976701e-06,0.99994814,6.7659994e-07,5.0568116e-07,3.6050107e-05,1.7775969e-06,5.1118394e-07,669,validation
2.1787735e-06,4.847362e-07,0.9999355,5.1660734e-08,4.0328823e-07,6.118274e-05,5.0539986e-09,1.8323514e-07,670,validation
1.9084146e-06,3.0378715e-07,0.99997556,2.632384e-08,6.1905794e-08,2.1951679e-05,6.0733756e-09,8.454211e-08,671,validation
4.3118825e-06,1.2559828e-07,0.9999852,9.2707126e-08,1.7168535e-08,8.867081e-06,3.1204803e-07,1.0459055e-06,672,validation
0.99670404,7.850293e-06,0.0024835325,9.434448e-06,6.232142e-07,1.5779442e-05,0.00068909227,8.970725e-05,673,validation
0.9985524,7.3875044e-06,0.0012153544,3.113863e-06,5.706441e-07,6.883705e-06,0.00016442679,4.989993e-05,674,validation
0.004466127,4.6514524e-06,0.9953614,1.9097524e-07,2.1782826e-07,6.231729e-05,6.399554e-06,9.874336e-05,675,validation
1.092344e-05,8.629219e-08,0.999938,2.270791e-08,3.8329194e-08,4.9062164e-05,6.807317e-08,1.7684804e-06,676,validation
0.99859613,1.0961612e-05,0.0011531088,9.3692285e-07,3.297646e-07,7.312008e-06,0.00016197533,6.9236325e-05,677,validation
0.9990558,2.1741969e-06,0.00061019993,3.0380731e-06,1.3845408e-07,8.943379e-06,0.0002992376,2.0475563e-05,678,validation
1.2418255e-05,9.041014e-08,0.9999131,6.170353e-08,5.229864e-08,7.228361e-05,5.6490634e-08,1.8958915e-06,679,validation
7.41757e-05,2.2396613e-07,0.9994855,2.0367324e-06,9.227681e-07,0.00042924407,6.0655503e-07,7.285595e-06,680,validation
4.0544924e-06,1.8140463e-07,0.99997854,6.5233266e-08,2.3264475e-08,1.6739836e-05,6.2993184e-09,3.635794e-07,681,validation
0.22892614,9.308394e-06,0.77073735,2.3151254e-06,4.3682124e-07,0.00018247569,2.4109853e-05,0.00011794005,682,validation
0.999739,1.0692288e-06,0.00012722908,8.9899856e-07,1.03545624e-07,3.6458573e-06,0.00011355686,1.4563375e-05,683,validation
6.140744e-05,1.03495964e-07,0.99993074,1.2248326e-07,2.8067384e-09,6.855524e-06,2.5167432e-07,5.2204956e-07,684,validation
0.13545805,0.00059983507,0.85999304,0.00017020783,3.1095904e-06,0.0018645145,0.0016157234,0.00029550085,685,validation
0.99985147,1.2970702e-06,3.0541298e-05,2.3340474e-06,7.636577e-08,2.5545883e-06,0.0001003622,1.1321089e-05,686,validation
0.29107377,0.00010405784,0.7066947,0.000103618455,1.26572695e-05,0.0015619338,0.0001687528,0.00028049477,687,validation
3.0398794e-06,4.6560473e-07,0.9999634,9.5456336e-08,6.6722214e-07,3.2251624e-05,5.2955336e-08,6.954558e-08,688,validation
3.2468918e-06,3.1123867e-07,0.9999707,6.0661485e-08,4.4919736e-07,2.4965339e-05,1.0327314e-07,1.2767643e-07,689,validation
0.9997336,3.0304661e-06,0.00013598955,3.2930913e-07,8.899415e-07,0.00010147568,2.3899627e-05,7.522356e-07,690,validation
2.8376467e-06,4.8934726e-07,0.9999455,2.0406665e-08,3.879304e-07,5.0736857e-05,1.1991083e-08,2.8708495e-08,691,validation
0.2548476,0.5410084,0.17649888,0.0026049437,0.004246812,0.004360646,0.013451942,0.002980836,692,validation
0.99982774,2.9497842e-06,7.658097e-05,1.8968807e-07,1.3210266e-06,4.6354628e-05,4.2164364e-05,2.7267934e-06,693,validation
0.00065442617,0.0001261046,0.00053450535,3.5087047e-05,0.0047427663,0.9936777,0.00017574437,5.3642623e-05,694,validation
6.056562e-06,1.2415737e-06,0.99995506,2.3139577e-08,2.3022815e-07,3.720096e-05,1.3900612e-07,5.8842225e-08,695,validation
0.00013259974,9.811272e-07,0.9997602,1.00413295e-07,1.2542449e-07,9.248518e-05,8.6190784e-07,1.2671321e-05,696,validation
0.00031964778,1.4695814e-06,0.9996295,3.3252073e-07,8.5409795e-08,2.7522678e-05,3.1854768e-06,1.8201687e-05,697,validation
0.00011162154,2.5105676e-06,0.9997222,1.2778179e-06,9.59056e-07,0.00015338496,3.290911e-06,4.694743e-06,698,validation
0.9993241,1.5940037e-05,0.00022250974,5.1626856e-05,4.7320405e-06,2.9434592e-05,0.00025321927,9.844043e-05,699,validation
0.00026960662,3.3753815e-07,0.9994911,3.079963e-07,1.474037e-07,0.00020426653,6.498399e-07,3.3586974e-05,700,validation
0.00020310578,1.2956948e-06,0.99970704,5.9801124e-08,1.9104156e-07,6.017335e-05,3.460989e-07,2.7720567e-05,701,validation
0.00071143656,1.2203916e-06,0.99914384,2.6725277e-07,2.9551342e-07,0.000118585864,2.537581e-06,2.18095e-05,702,validation
0.99980956,4.7335956e-07,0.00015456817,8.40637e-07,1.871563e-08,1.0995146e-06,2.348477e-05,1.0017368e-05,703,validation
1.2494995e-05,1.5242676e-06,0.9999654,3.0196955e-07,6.5340004e-08,1.6191283e-05,3.8485126e-07,3.6334227e-06,704,validation
9.044797e-05,9.344475e-07,0.9998816,8.364546e-08,2.2245114e-08,4.3889186e-06,1.9611466e-06,2.0546557e-05,705,validation
0.99971586,4.4990747e-06,0.0001842568,3.40003e-06,3.5233194e-07,9.724491e-06,4.9504815e-05,3.245769e-05,706,validation
0.9991347,1.2744566e-05,0.00053168647,6.540694e-06,1.839585e-06,1.3264695e-05,0.00020602887,9.321587e-05,707,validation
3.0360035e-05,1.2719707e-06,0.9999145,1.2281189e-06,1.4572088e-07,1.4989957e-05,1.6442026e-06,3.5733072e-05,708,validation
5.6627592e-05,1.1926471e-06,0.9998859,1.8726254e-06,1.2516864e-07,3.484814e-05,1.0638075e-06,1.831913e-05,709,validation
5.1950443e-05,1.0149746e-06,0.9999168,2.6010014e-07,1.972626e-08,1.3602426e-05,6.1181464e-07,1.5742911e-05,710,validation
2.2199849e-05,2.6190762e-07,0.99996126,1.2740496e-07,2.1728262e-08,1.0322333e-05,2.4654864e-07,5.6592744e-06,711,validation
0.00029843557,5.5718927e-05,0.99926895,5.3171938e-05,2.9676812e-06,0.00023070682,3.4247423e-05,5.5839522e-05,712,validation
8.5021034e-05,1.4327788e-05,0.9995759,1.797397e-05,4.3572695e-06,0.00019987083,3.433297e-05,6.82663e-05,713,validation
0.03492589,2.0095797e-05,0.0016490413,9.289836e-05,5.5464707e-06,5.776392e-05,0.9621819,0.0010669193,714,validation
8.540203e-05,1.0001248e-05,0.9996629,7.998625e-06,1.0344876e-06,0.00019454944,2.4047868e-05,1.4104153e-05,715,validation
2.252327e-08,4.1448862e-07,1.1215078e-07,7.9923274e-07,9.986126e-12,1.8328544e-07,4.0370237e-06,0.9999944,716,validation
0.00014551249,1.1107141e-05,0.9997563,4.116375e-07,9.285555e-07,7.421597e-05,6.1951337e-06,5.321976e-06,717,validation
2.5434558e-05,7.859138e-06,0.9996712,9.128514e-06,2.1840926e-06,0.00027376274,2.229752e-06,8.182255e-06,718,validation
0.99974924,2.1414496e-06,4.181229e-05,2.4921704e-07,8.066335e-07,2.985898e-06,0.00013675589,6.607012e-05,719,validation
0.99845827,8.768005e-06,0.0010408232,2.2805837e-06,9.39568e-07,6.011544e-05,0.0004206443,8.100034e-06,720,validation
1.311328e-05,5.5648798e-06,4.9852995e-05,4.399467e-06,9.379816e-05,0.99982375,5.6711588e-06,3.867999e-06,721,validation
0.9988887,1.191632e-05,0.00076595484,4.797976e-06,7.9155245e-07,3.0435223e-05,0.00028804515,9.354057e-06,722,validation
5.4380736e-05,7.79711e-06,0.9990509,3.3275978e-06,7.3140545e-06,0.00085372216,1.4345045e-05,8.266336e-06,723,validation
5.3704418e-05,5.6539134e-06,0.9989636,4.134007e-06,7.144422e-06,0.0009191748,1.0010315e-05,3.6601617e-05,724,validation
0.9988298,1.2363525e-05,0.0008436661,4.318511e-06,7.5046756e-07,2.0001069e-05,0.0002817421,7.325718e-06,725,validation
0.99839944,1.728385e-05,0.0012903846,1.7288096e-06,1.345841e-06,3.564053e-05,0.00024224124,1.2037419e-05,726,validation
5.4159198e-05,0.00097333145,0.00013284282,0.00014758532,2.3025418e-06,0.0005246865,0.0013415702,0.99682355,727,validation
0.007146404,0.0068963547,0.012099095,0.0063165626,0.00045171555,0.018301625,0.05415807,0.8946302,728,validation
0.0032090037,0.0008021235,0.0028533111,0.0051813666,0.98011625,0.005597632,0.00029949594,0.0019408327,729,validation
0.0009239652,0.001238561,0.006789209,0.0010749196,0.9513479,0.036596935,0.0005645307,0.001464025,730,validation
0.9950846,0.00019176604,0.0012179945,0.0007700054,0.00035267824,0.00071878463,0.0014348184,0.00022943533,731,validation
0.97214496,0.0012899515,0.0132722845,0.0011939781,0.001790461,0.0071259155,0.002492648,0.0006897528,732,validation
0.9914175,0.00047004496,0.0026148162,0.00049507426,0.00042834235,0.0012752537,0.0030816514,0.0002173501,733,validation
0.00048150323,0.99712914,0.0001758362,0.0005779728,6.84975e-05,4.9889244e-05,0.00078212994,0.0007350101,734,validation
0.0005067706,9.518311e-05,0.9980824,8.006825e-05,5.5513723e-05,0.0006257442,0.00035365723,0.00020069082,735,validation
0.0011725508,0.99531674,0.003039078,4.5183864e-05,1.9733259e-06,1.2896738e-06,0.00036299104,6.014323e-05,736,validation
0.00017112044,1.6930661e-06,0.999622,1.5822644e-06,9.73131e-07,0.00018130288,1.2066558e-05,9.285146e-06,737,validation
0.000102938255,2.4143096e-06,0.9993956,6.713861e-07,8.763765e-06,0.0004842154,2.2697475e-06,3.0521478e-06,738,validation
0.00014374177,1.769462e-06,0.9992268,2.7731821e-06,6.8818213e-06,0.00059025345,9.137483e-06,1.8703002e-05,739,validation
0.99981254,1.7031995e-07,0.00010213771,2.3021663e-07,1.438594e-07,1.5440494e-06,5.507993e-05,2.8258186e-05,740,validation
0.99949586,1.4048835e-06,0.00035993668,1.6527532e-06,6.613531e-07,7.766288e-06,9.246231e-05,4.0227373e-05,741,validation
5.6295656e-05,1.0446981e-07,0.9996032,2.1187796e-07,2.3127033e-07,0.00032497066,9.0323573e-07,1.4088081e-05,742,validation
0.99961483,5.5391655e-07,0.0001626498,1.8057597e-06,6.889114e-07,5.5526602e-06,0.00013495462,7.8898265e-05,743,validation
2.8072625e-05,6.7655316e-07,0.999777,3.9392683e-07,3.5082485e-07,0.00019106541,1.7009249e-07,2.3773734e-06,744,validation
6.9178786e-05,4.9599494e-06,0.9997484,9.349255e-07,9.750889e-07,0.00017325427,8.778876e-07,1.423442e-06,745,validation
0.9996668,2.8926075e-07,0.00026364753,1.8550297e-07,1.23738e-07,2.113527e-06,4.1890664e-05,2.489307e-05,746,validation
5.1182546e-05,7.119117e-07,0.9998776,3.3628712e-07,2.389459e-07,6.531119e-05,4.7430146e-07,4.157412e-06,747,validation
0.000659565,0.0001915743,0.9981432,3.988894e-05,3.2472806e-05,0.0008812414,4.3955797e-06,4.767397e-05,748,validation
0.00038347763,1.1415008e-06,0.9994916,5.064012e-07,3.7086647e-07,0.00010393086,9.751741e-07,1.7951248e-05,749,validation
2.5641884e-05,1.1083184e-06,0.9998387,6.4755136e-07,2.6457408e-07,0.000117502444,2.5003676e-06,1.3636913e-05,750,validation
0.9999063,2.8395237e-07,2.865006e-05,1.3128811e-06,1.04540966e-07,2.1099006e-06,5.275325e-05,8.403877e-06,751,validation
0.0001201029,2.2638556e-05,0.99956805,7.7988346e-07,5.615435e-06,0.0002679788,4.6366076e-06,1.0219929e-05,752,validation
1.1014535e-05,1.6944427e-05,2.5310308e-05,1.2160317e-06,3.0844956e-05,0.9998896,1.5005259e-05,1.0114216e-05,753,validation
0.99973077,3.8722326e-05,0.00017375193,3.1113832e-06,9.75841e-07,8.870575e-06,3.5271878e-05,8.493083e-06,754,validation
4.8316782e-05,1.35583305e-05,0.99971586,2.1558272e-07,4.981585e-06,0.00021338723,8.6608327e-07,2.8656284e-06,755,validation
0.00011339525,3.2151882e-05,0.9995536,2.3895439e-07,4.152587e-06,0.0002917962,1.9096208e-06,2.6269108e-06,756,validation
0.99925596,0.000104114864,0.0005068807,3.5000971e-06,1.1948298e-06,1.0889933e-05,0.00010000738,1.741385e-05,757,validation
5.027689e-05,1.6627044e-05,0.99959415,1.0041352e-06,7.203916e-06,0.00032079604,5.940049e-06,3.9998135e-06,758,validation
3.9585953e-05,0.9993537,0.0001463504,1.2996623e-05,1.2599744e-06,1.8654683e-06,0.00029291428,0.00015130959,759,validation
0.99909806,1.4900327e-05,0.00082276954,2.9149672e-07,7.4436907e-06,4.718959e-05,8.356191e-06,1.0513642e-06,760,validation
2.9751103e-05,1.2146664e-06,0.99985623,1.1142404e-07,9.922095e-07,0.00011124074,2.3384622e-07,1.5367736e-07,761,validation
3.1990803e-05,8.5799905e-07,0.99989736,3.454076e-07,8.7922666e-07,6.718173e-05,1.0919199e-06,3.0605827e-07,762,validation
0.00010842624,5.9384976e-05,0.00021249142,0.0001110516,0.99662954,0.0028156287,6.8279073e-06,5.656015e-05,763,validation
2.4490548e-05,1.4334754e-06,0.9999012,9.1250165e-08,6.4651675e-07,7.1614224e-05,4.159202e-07,1.9217296e-07,764,validation
0.99991953,1.9426323e-06,5.325473e-05,1.4775286e-06,6.716272e-07,4.229492e-06,1.8041505e-05,8.520346e-07,765,validation
6.299012e-05,0.9989794,0.00015660882,4.5286088e-05,6.8854665e-06,2.9751684e-06,0.0005658637,0.0001800196,766,validation
0.99831945,5.2661395e-05,0.0013910315,2.0528478e-06,6.7620986e-06,5.9528633e-05,0.00010172292,6.682269e-05,767,validation
0.0010346044,3.4726894e-05,0.9985702,4.012323e-06,5.9812637e-06,0.00030967363,3.1210315e-05,9.548138e-06,768,validation
0.0009674485,6.017589e-05,0.9981621,9.501805e-06,2.2647477e-05,0.00073663157,2.8940773e-05,1.26097875e-05,769,validation
0.00011107875,1.1409227e-05,0.99975413,5.976138e-07,3.84337e-06,0.00011493553,2.8815643e-06,1.1530904e-06,770,validation
0.017114338,0.00081782014,0.97877455,1.8825958e-05,5.8382757e-06,0.0029623196,0.00028108666,2.5176352e-05,771,validation
0.007901552,0.00037611343,0.988366,2.0947533e-05,1.985305e-05,0.0031079885,0.00019293257,1.4698384e-05,772,validation
0.0005413343,2.2115386e-05,0.9991805,8.589184e-07,2.1740657e-06,0.00022744134,1.0185945e-05,1.5324871e-05,773,validation
0.13228296,0.013654374,0.25649634,0.01915504,0.20345561,0.36400577,0.0061793285,0.004770486,774,validation
0.0008213648,2.7126724e-05,0.99890435,6.8236027e-06,8.65427e-06,0.00015733956,5.157939e-05,2.2832972e-05,775,validation
6.666527e-08,4.508482e-07,8.2410324e-08,4.8262535e-08,4.9451914e-12,7.971634e-09,5.830499e-07,0.9999988,776,validation
2.2149803e-05,5.644543e-07,0.9999579,3.6769432e-06,2.2670419e-07,1.415924e-05,7.827746e-07,4.0591533e-07,777,validation
0.017842118,3.9659963e-06,0.98177755,3.3382086e-05,2.5393064e-07,1.4009105e-05,0.0002035212,0.00012519078,778,validation
7.2434304e-05,4.2944666e-06,0.9998766,9.1980955e-06,2.561933e-06,3.14566e-05,2.706201e-06,7.556538e-07,779,validation
1.6377198e-05,1.0382382e-06,0.9998629,3.3720019e-06,2.706546e-06,0.00011061648,3.450609e-07,2.5963868e-06,780,validation
0.9999864,1.6871589e-08,1.2106609e-06,1.05585745e-08,7.567114e-10,9.67761e-08,1.1462248e-05,8.365882e-07,781,validation
0.9999839,3.778665e-09,6.768461e-07,7.2645743e-09,1.3249184e-10,5.3166804e-09,1.5094157e-05,3.2815998e-07,782,validation
0.9999182,1.830163e-07,3.228408e-05,3.6367624e-08,1.4898337e-08,2.3833111e-07,4.0557923e-05,8.46893e-06,783,validation
0.99468154,0.00079392287,0.0014610696,0.00040544762,0.00023064877,0.00045657597,0.0016848166,0.00028596778,784,validation
0.00034131695,0.0022799936,0.0014266558,0.0018014971,6.2135346e-06,0.001497674,0.008519763,0.98412687,785,validation
0.0003007701,0.00028387454,0.0015586667,0.0007211179,0.99040926,0.006158552,0.00025210026,0.00031569804,786,validation
0.97560465,0.001235867,0.017553132,0.00021773612,0.0007887215,0.0026927046,0.0013125072,0.00059454434,787,validation
0.0014133264,0.00043199412,0.0033519731,0.0024597142,0.9862428,0.0043510646,0.00015845532,0.0015908091,788,validation
0.0011284667,0.00015214815,0.99763703,1.148601e-05,5.222039e-05,0.00083475135,8.5062e-05,9.885827e-05,789,validation
3.7589754e-05,1.7364071e-05,0.99952507,6.555341e-06,1.5321548e-05,0.00036046162,2.3851839e-05,1.3833075e-05,790,validation
0.97946006,0.0014837721,0.01049199,0.00090085267,0.0009178707,0.0030376997,0.0031448351,0.0005630031,791,validation
3.2387805e-05,9.13513e-06,0.99937266,4.1271007e-05,2.6132905e-06,0.0005205349,3.8723274e-06,1.7483746e-05,792,validation
4.6593086e-05,3.1803236e-06,0.99981195,3.5912735e-06,1.338111e-07,5.2420048e-05,3.3812863e-05,4.83234e-05,793,validation
4.94605e-07,3.6921133e-06,7.4135943e-07,2.8215723e-06,3.6338738e-10,1.369853e-07,3.4485836e-06,0.9999887,794,validation
0.0001704551,1.3333059e-05,0.9994104,1.2229188e-05,1.658338e-06,0.00033195666,2.2953422e-05,3.700623e-05,795,validation
2.3027167e-05,8.423915e-06,0.99945074,4.2826174e-05,2.295692e-06,0.00041841547,9.629711e-06,4.460175e-05,796,validation
0.999443,1.7403776e-05,8.772873e-05,1.9481864e-05,1.0456495e-06,8.940678e-06,0.00039613774,2.619662e-05,797,validation
1.333021e-05,3.422022e-06,0.99948657,1.1190895e-05,2.5191173e-06,0.0004707662,2.2805737e-06,9.942117e-06,798,validation
1.9139025e-05,1.1493718e-05,0.99928004,4.8940277e-05,1.5378242e-05,0.00059001584,4.883461e-06,3.016049e-05,799,validation
2.7026137e-05,3.4174914e-06,0.9999316,1.2103122e-07,7.560586e-07,3.4832156e-05,1.3786004e-06,8.192011e-07,800,validation
0.00011969706,1.1743358e-05,0.00015390351,3.9619474e-05,1.2947893e-06,3.5288012e-06,0.99963355,3.6635738e-05,801,validation
0.999577,7.695658e-06,0.00016871166,1.4933516e-06,2.0039265e-06,2.3631299e-05,0.00020104618,1.8399107e-05,802,validation
0.00011810743,2.2696324e-06,0.99966145,1.2697411e-06,1.486005e-06,0.00019844988,4.8989064e-06,1.19918695e-05,803,validation
0.00014074692,5.632261e-06,0.9996952,2.039784e-06,1.91082e-06,0.00013139265,1.0338567e-05,1.2702074e-05,804,validation
0.99847573,2.6137168e-05,0.0013223712,6.840559e-07,2.9383768e-06,2.3844392e-05,0.000119257675,2.8912258e-05,805,validation
0.00029108458,7.6408405e-06,0.9995142,2.7250076e-06,5.782937e-06,0.0001592832,7.975371e-06,1.1264948e-05,806,validation
1.6847563e-06,0.9999689,8.3427385e-06,3.4184154e-07,1.9471136e-07,6.907902e-08,1.672847e-05,3.6794356e-06,807,validation
3.4853878e-05,9.3813253e-07,0.99972624,7.3985484e-07,6.9489744e-07,0.0002095625,1.5985194e-06,2.5400106e-05,808,validation
0.98890334,0.00015732946,0.0066000046,3.2349788e-05,2.0990969e-05,0.0002396326,0.0024004846,0.0016458279,809,validation
2.3245642e-05,9.3197843e-07,0.99976605,5.3998167e-07,5.399781e-07,0.00019271471,1.5144581e-06,1.4436258e-05,810,validation
0.08481343,0.00016116195,0.90672284,7.494416e-06,1.4942595e-05,0.002135174,0.0003462015,0.0057987627,811,validation
0.99678683,3.529559e-05,0.002706927,1.0884675e-05,7.100215e-06,7.2213086e-05,0.0002663622,0.00011444292,812,validation
0.99890256,5.1830357e-06,0.0008931772,2.06479e-06,7.209041e-07,1.5354308e-05,0.00012561276,5.5250028e-05,813,validation
2.8690305e-05,6.671224e-07,0.9995697,5.3823163e-07,6.485685e-07,0.00038004876,1.7358844e-06,1.7911163e-05,814,validation
0.9976046,2.3305878e-05,0.0013550514,2.4284667e-05,4.857197e-06,4.8418962e-05,0.0007690163,0.00017042905,815,validation
5.2855255e-05,1.8736162e-05,0.99982685,5.328131e-06,9.075141e-06,5.1301962e-05,3.302271e-05,2.7835276e-06,816,validation
0.5130069,0.010038957,0.14637715,0.0002759229,0.0005776303,0.0022366687,0.00521639,0.3222704,817,validation
0.00012380841,5.428009e-06,0.0004849642,1.934987e-05,8.4051123e-07,5.596901e-06,0.9991025,0.00025746223,818,validation
9.771659e-05,8.727548e-05,0.99960357,4.339308e-05,6.836439e-06,7.1877854e-05,8.1320446e-05,8.090524e-06,819,validation
3.7236277e-05,8.063108e-06,0.9997825,3.093152e-05,8.2441e-06,0.000104954204,2.4470412e-05,3.5520006e-06,820,validation
0.003157114,0.00018316836,0.9952427,5.2905245e-05,4.640648e-05,0.00071469985,0.0004980569,0.000104889645,821,validation
1.8907858e-05,1.04550545e-05,0.9999025,8.524658e-06,7.594059e-06,4.533606e-05,5.9582862e-06,8.097054e-07,822,validation
7.6905286e-05,0.00029626608,0.00021234533,2.9422907e-05,3.0985261e-06,0.0011887026,0.00059302646,0.99760026,823,validation
0.010679557,3.9137893e-05,0.98790205,3.2773662e-06,2.777037e-05,0.0010990577,8.555671e-05,0.00016360651,824,validation
6.463697e-05,1.9311724e-06,0.9998472,1.4103416e-07,1.8093516e-06,8.309428e-05,5.805636e-07,6.853326e-07,825,validation
0.9998888,3.9672e-06,4.0518687e-05,1.9823678e-06,3.5408177e-06,7.913297e-06,3.1036227e-05,2.2225078e-05,826,validation
0.00035044062,0.00013121498,9.5418334e-05,0.0012885765,0.9974023,0.00047987822,7.720495e-05,0.00017505288,827,validation
3.9959137e-05,0.99981016,2.490659e-05,1.804822e-05,8.3192054e-07,2.749273e-07,0.000100321406,5.560937e-06,828,validation
0.0001160089,2.661593e-06,0.9998191,1.15452245e-07,2.2213494e-06,5.8190588e-05,6.660846e-07,9.577012e-07,829,validation
0.00027804248,2.3831863e-06,0.9995975,2.835589e-07,2.2850174e-06,0.00011255379,2.285425e-06,4.659182e-06,830,validation
0.00013895272,1.2937916e-06,0.99972767,5.4641913e-07,8.691367e-07,0.00012359241,3.7973307e-06,3.3251238e-06,831,validation
0.9999615,2.1616566e-07,2.6746335e-05,5.462246e-08,1.3250721e-08,2.4600337e-07,8.184607e-06,3.0869141e-06,832,validation
0.9995727,3.0479557e-06,0.00036117286,1.8556372e-07,4.1515116e-07,6.353291e-06,3.2772143e-05,2.3387314e-05,833,validation
0.0015224384,0.00011188034,0.9942298,0.00011836645,2.5589437e-05,0.0037919136,1.3424866e-05,0.00018668173,834,validation
0.00017404469,6.8207464e-07,0.9997931,2.2642948e-06,8.5471044e-08,1.5911954e-05,3.4672848e-06,1.0505571e-05,835,validation
0.9999325,3.8557116e-07,4.4157245e-05,4.0732406e-08,2.6639544e-08,4.031159e-07,1.1210577e-05,1.1305854e-05,836,validation
0.002204308,5.09634e-06,0.9976367,1.0593011e-06,2.5545887e-07,0.0001302795,4.4612448e-06,1.778738e-05,837,validation
3.5784335e-05,9.71848e-06,8.890304e-05,1.1193729e-06,1.0595508e-07,3.389974e-05,1.8685667e-05,0.9998118,838,validation
7.11746e-06,1.2182538e-07,0.99988365,8.32438e-07,1.2211029e-06,0.000106416745,1.6434996e-08,6.56088e-07,839,validation
8.5935e-08,4.2866195e-09,0.99998426,7.537628e-09,3.1539635e-08,1.5569916e-05,7.6963846e-10,8.6845114e-10,840,validation
0.9998609,2.0019893e-06,0.000115271534,7.9567815e-07,2.0223057e-07,1.5108342e-05,3.882723e-06,1.7982242e-06,841,validation
0.99691963,1.052096e-05,0.0022956706,3.2162516e-06,8.815576e-06,0.0007448148,1.0755811e-05,6.6511993e-06,842,validation
0.9999566,1.4427702e-06,3.95154e-05,2.0801615e-07,2.4019709e-08,1.0233241e-06,8.790809e-07,2.565628e-07,843,validation
0.00019182886,0.9973786,0.0003358532,0.00031107574,3.03676e-05,9.932242e-06,0.0009185219,0.00082384393,844,validation
9.741068e-06,0.9999094,3.831774e-05,5.8665732e-06,8.133163e-08,3.454231e-08,3.39774e-05,2.621148e-06,845,validation
1.827043e-07,1.2073547e-08,0.99998975,2.4854431e-08,6.586513e-08,9.921863e-06,3.703608e-09,5.1179785e-09,846,validation
0.9954265,7.083631e-06,0.0043272204,1.2548578e-06,1.4346051e-06,0.00023476496,1.2183837e-06,6.122394e-07,847,validation
0.74810886,9.563352e-06,0.25079906,1.028733e-06,1.1575901e-06,0.00054096826,0.00041123564,0.0001280914,848,validation
2.5236584e-06,8.680253e-08,0.99990094,1.4974e-08,5.3222585e-08,9.608372e-05,4.5199564e-09,2.2780327e-07,849,validation
4.469284e-06,4.2803623e-07,0.99994445,2.1304096e-07,4.3632056e-08,4.860228e-05,3.1555092e-07,1.3890545e-06,850,validation
3.8396844e-05,3.0711527e-07,0.9999175,1.2415958e-08,4.8973995e-08,4.3038202e-05,1.9619156e-07,3.3445826e-07,851,validation
1.5327336e-06,3.0746867e-07,0.99992216,3.4047716e-08,5.9003696e-08,7.578954e-05,7.884803e-09,2.0593626e-07,852,validation
0.99987423,2.0948718e-08,1.2279376e-05,2.860288e-08,1.1418348e-09,2.0349864e-08,0.000106573374,6.844064e-06,853,validation
1.7081607e-05,1.0788039e-07,0.99996495,5.376507e-07,5.753497e-09,8.4795965e-06,5.2731266e-06,3.5751016e-06,854,validation
1.8006114e-05,2.6744652e-07,0.99991107,9.747008e-09,3.9062353e-08,7.012063e-05,5.849376e-08,4.7271604e-07,855,validation
0.00021567474,4.7990678e-05,0.9996481,1.1302703e-05,7.388483e-06,4.1329222e-05,2.0968711e-05,7.209329e-06,856,validation
0.9655834,0.0002956201,0.03309966,6.2736945e-06,4.0105166e-05,0.0003244551,0.0005100609,0.00014045161,857,validation
0.999907,6.76535e-06,2.4847152e-05,9.162938e-07,2.9164542e-07,7.1515063e-07,5.328805e-05,6.092512e-06,858,validation
1.0993584e-06,0.99992406,4.533693e-06,3.0570382e-07,1.129748e-07,8.5442785e-08,6.299661e-05,6.6955276e-06,859,validation
5.6381134e-05,4.1817824e-05,0.9998758,4.112547e-07,1.9051239e-06,1.6436663e-05,6.6481794e-06,5.215929e-07,860,validation
0.00072095817,0.00014445314,0.00025962072,2.6744294e-05,1.1550311e-06,2.2736866e-05,0.99861205,0.00021221454,861,validation
0.00013200298,3.6693677e-05,0.99972993,7.3452616e-06,1.3009515e-05,5.7164947e-05,1.606522e-05,7.668605e-06,862,validation
0.00011632853,4.6783058e-05,0.99971324,5.597151e-06,5.0943886e-06,4.0808645e-05,6.768489e-05,4.3651517e-06,863,validation
0.00018025567,8.770059e-05,0.0005390336,3.5883742e-05,0.0003584576,0.99872226,4.254153e-05,3.381836e-05,864,validation
0.0009805642,6.1200863e-06,9.600067e-05,0.0005314552,3.6725945e-07,0.0014640777,0.9968792,4.2225733e-05,865,validation
1.3382609e-05,9.4003593e-07,0.9995369,3.6288217e-08,5.0819483e-07,0.00044676926,2.4127525e-07,1.2438711e-06,866,validation
1.8965711e-05,1.7287302e-06,0.9995321,6.420439e-08,6.1144107e-07,0.00044376642,5.1779773e-07,2.3011946e-06,867,validation
6.764755e-05,1.6275608e-05,0.99894935,2.6391115e-06,2.0484122e-05,0.00092549477,2.850171e-06,1.5239645e-05,868,validation
1.08696295e-05,6.618872e-07,0.9979658,3.551753e-08,1.5207975e-06,0.0020199267,1.5778772e-07,1.0448272e-06,869,validation
1.3234108e-05,1.1647176e-06,0.99864155,4.0051432e-08,1.2268431e-06,0.0013411316,2.0202191e-07,1.5207072e-06,870,validation
0.99792445,2.7837095e-05,0.000144368,3.8601163e-05,5.842445e-06,0.00079434516,0.0010583913,6.2627755e-06,871,validation
0.9997354,3.0301436e-07,0.00022379226,6.2804475e-07,1.059876e-07,1.7597464e-06,3.0469539e-05,7.604805e-06,872,validation
0.99949753,7.471824e-07,0.00048332056,1.02577765e-07,8.6019895e-08,3.4198508e-06,7.654586e-06,7.0976807e-06,873,validation
1.5046355e-06,1.0167967e-08,8.076223e-05,7.0307835e-09,0.00057116797,0.99934655,1.616592e-08,2.2896874e-08,874,validation
3.263542e-08,6.383078e-08,6.6646733e-09,3.7916497e-08,8.511118e-13,4.7770354e-10,2.3499965e-07,0.99999964,875,validation
6.1683036e-06,4.4946976e-08,0.9999918,2.0419321e-07,7.585138e-08,1.7078147e-06,2.080301e-08,4.2832625e-08,876,validation
5.9662816e-06,1.7513923e-08,0.99999034,3.5830442e-07,1.530989e-07,2.9464172e-06,3.5282998e-08,1.9922686e-07,877,validation
0.065301225,0.0015065295,0.9329821,5.7193674e-06,1.5956066e-05,9.086999e-05,3.010633e-05,6.7516994e-05,878,validation
1.6646802e-05,4.3484004e-08,0.9999691,5.118781e-07,2.3929869e-07,1.2946899e-05,5.1942088e-08,4.3691364e-07,879,validation
0.00030643799,1.4021894e-05,0.00010182721,2.5680967e-05,5.663024e-06,1.510154e-05,0.9994765,5.4754146e-05,880,validation
3.969987e-05,2.2988565e-06,0.99967325,1.0212201e-06,3.6710006e-07,5.6319306e-05,0.00021750137,9.56423e-06,881,validation
0.000105171064,5.922135e-06,0.99941194,2.5277727e-06,1.4405452e-06,9.013645e-05,0.00037089936,1.1992718e-05,882,validation
0.9995079,1.1515465e-05,3.6804813e-05,9.33339e-08,2.521501e-07,1.0837102e-06,0.000381276,6.1017978e-05,883,validation
0.999718,2.0329578e-06,9.425455e-06,6.815874e-08,6.46847e-08,6.1062474e-07,0.00026259176,7.134186e-06,884,validation
0.00046268274,2.1892467e-05,0.9934216,3.229641e-06,2.712678e-06,0.00014843553,0.0058727246,6.6669534e-05,885,validation
0.9997985,3.5906394e-06,7.659139e-06,4.0898357e-08,1.04613065e-07,6.644429e-07,0.00017580207,1.3682542e-05,886,validation
3.896185e-05,0.00050567207,2.5153695e-05,0.00014157653,0.9724903,0.026700774,7.698535e-05,2.0572867e-05,887,validation
0.7838009,0.00066268496,0.15118794,2.7939976e-05,5.3682805e-05,0.00025333342,0.0638252,0.00018834797,888,validation
0.9938846,2.6633455e-05,0.00018652264,8.532102e-06,1.6214594e-06,0.00021996397,0.0054871086,0.00018494953,889,validation
0.99623185,7.043685e-06,8.376258e-05,6.9587227e-06,6.64648e-07,2.8374629e-05,0.0035666444,7.465075e-05,890,validation
5.271282e-05,2.0286778e-05,0.99763846,2.685914e-05,6.1465676e-06,6.7744135e-05,0.0021778469,9.993366e-06,891,validation
1.8727585e-06,0.9998254,8.5133015e-06,2.0868433e-06,1.8292594e-06,4.7306676e-06,0.00014189731,1.3674862e-05,892,validation
0.00059529796,0.00016499186,0.0007929971,0.0002272419,2.9013709e-05,9.172423e-05,0.9978435,0.00025522558,893,validation
3.5146673e-05,4.5541838e-06,0.9994203,6.774547e-06,1.295543e-06,5.038727e-05,0.00046681875,1.4749013e-05,894,validation
0.9913788,2.8613034e-05,0.002031082,6.149986e-06,5.9134555e-07,2.8558732e-05,0.006468326,5.7909496e-05,895,validation
0.0016815031,2.6162706e-05,0.9964933,4.6265683e-05,1.4113156e-05,0.001579241,6.675754e-05,9.268464e-05,896,validation
0.0018453712,1.0144089e-05,0.99787235,3.2196722e-06,2.3931273e-06,0.00021147795,2.644764e-05,2.8654838e-05,897,validation
6.990473e-05,3.119468e-05,0.0003192498,1.2425058e-05,9.1432594e-05,0.99913174,0.00029515763,4.8970644e-05,898,validation
5.02021e-05,1.1199616e-05,0.99972004,1.4435409e-06,3.9715533e-06,0.00020798092,3.6625333e-06,1.3976075e-06,899,validation
0.004015208,5.5317043e-05,0.99526644,1.1209791e-05,1.4824807e-05,0.00028851765,0.00032763844,2.0841473e-05,900,validation
6.0584134e-05,3.934054e-06,0.99972993,1.5028804e-06,5.6625963e-06,0.00019059418,1.5547361e-06,6.2407303e-06,901,validation
1.6998257e-06,0.9999807,5.2776218e-06,1.8203203e-07,1.1500115e-08,1.5204261e-08,1.06759735e-05,1.4942226e-06,902,validation
7.7931894e-05,4.7962126e-06,0.999663,2.8696115e-06,5.976747e-06,0.00023148599,5.375429e-06,8.655351e-06,903,validation
3.1406707e-05,1.5972428e-06,0.9992766,5.805812e-06,5.385119e-06,0.0006525475,6.877446e-06,1.9758945e-05,904,validation
0.9990538,7.822283e-06,0.0003757764,1.2288095e-05,3.7211336e-07,1.2306308e-05,0.0004966208,4.1067957e-05,905,validation
3.0244777e-05,6.0228217e-06,0.99935645,4.3117443e-06,1.6291004e-05,0.0005758755,3.2184053e-06,7.572928e-06,906,validation
0.0005117551,1.9810216e-06,0.9993994,6.211225e-07,1.2947385e-07,6.7577035e-05,7.797985e-06,1.07400165e-05,907,validation
0.99938035,3.4667396e-06,0.00036094623,3.395782e-06,3.218806e-07,4.795872e-06,0.00019962392,4.7064794e-05,908,validation
0.9990602,5.7040556e-06,0.00023553592,1.9615483e-05,1.316834e-06,2.4757259e-05,0.0005806932,7.227314e-05,909,validation
0.99850535,3.0071064e-06,0.0011524949,2.0217454e-05,8.899082e-07,1.8295912e-05,0.00025661266,4.324726e-05,910,validation
2.1112013e-05,1.7257474e-06,0.999376,7.6882895e-07,2.2105635e-06,0.00058475847,2.365569e-06,1.10886085e-05,911,validation
0.999801,9.598147e-06,0.00010796845,5.1697316e-07,1.8917868e-06,3.6459045e-05,3.852613e-05,4.0827854e-06,912,validation
1.2605437e-05,6.000241e-06,0.99988866,5.5495246e-07,6.3584366e-07,9.0006324e-05,1.3769017e-06,1.1922245e-07,913,validation
1.4812282e-05,3.5605677e-07,0.99984396,9.1073025e-07,5.072479e-07,0.00013437239,2.3161247e-06,2.7000083e-06,914,validation
0.9997453,2.6990458e-05,8.083816e-05,1.5929055e-06,3.1198492e-06,2.0348143e-05,0.000111514964,1.0302904e-05,915,validation
1.5474521e-05,1.3253074e-05,3.0830903e-05,4.0054572e-05,0.99927574,0.00060271967,1.531682e-05,6.695559e-06,916,validation
0.00012776845,1.6062766e-06,0.999754,3.4815872e-07,5.3238347e-07,0.00011062405,2.644335e-06,2.4826045e-06,917,validation
2.6942549e-05,1.989462e-06,0.9997168,5.2086386e-07,1.8410713e-06,0.00024958607,4.1999363e-07,1.753047e-06,918,validation
2.8224667e-05,4.997595e-06,0.9979001,6.4854166e-06,1.16132105e-05,0.0020401967,8.672047e-07,7.5539347e-06,919,validation
5.8561945e-05,1.3304102e-05,0.9998424,6.243215e-07,8.570904e-06,4.2085678e-05,3.3041466e-05,1.4085655e-06,920,validation
0.99896455,2.9206494e-05,0.00072241115,2.9398936e-06,6.394704e-06,0.00014395888,0.00010212867,2.8390146e-05,921,validation
0.0038627223,0.002415317,0.0055961283,0.0021378454,0.97286814,0.011817975,0.0005898068,0.000712019,922,validation
0.9998611,5.4172783e-06,0.00010083759,3.4993327e-06,7.789636e-07,4.535418e-06,2.2434238e-05,1.341249e-06,923,validation
4.7881145e-05,4.830726e-06,0.9999199,1.5462244e-07,8.753018e-07,2.0387577e-05,5.6183862e-06,3.9132593e-07,924,validation
1.1526452e-05,0.99958795,5.7752703e-05,6.842633e-06,9.438678e-07,1.7028088e-07,0.00032810343,6.697294e-06,925,validation
0.0038412956,2.7940154e-05,0.9960276,4.0602697e-07,3.7880382e-06,8.08985e-05,1.2574449e-05,5.476391e-06,926,validation
0.999694,1.7585888e-05,0.00020926613,1.3530786e-06,2.4469214e-06,1.622011e-05,5.385671e-05,5.265939e-06,927,validation
2.1824224e-05,1.7448302e-06,0.9995896,2.5980208e-07,2.1921232e-06,0.00038013625,1.0159185e-06,3.1195418e-06,928,validation
0.00056183216,0.00010129876,0.0008098647,2.5993104e-05,0.00019842548,0.99821717,6.0439408e-05,2.4972165e-05,929,validation
7.5033677e-07,1.6952882e-07,0.9998373,1.7245743e-08,2.5590364e-06,0.00015863511,1.1031781e-08,5.5305685e-07,930,validation
0.9994758,8.597005e-06,0.00013703828,1.0446367e-05,2.8295296e-06,0.00015238496,0.00021141834,1.5098958e-06,931,validation
6.265566e-07,2.5925814e-07,0.9994947,1.4961122e-08,3.5183763e-07,0.000503914,2.3394954e-08,2.2098638e-07,932,validation
0.0014185786,0.00032979037,0.0065545538,0.00026829215,0.859998,0.13103239,0.00030206938,9.629756e-05,933,validation
0.9995291,1.2932393e-05,6.5360255e-05,1.3689597e-05,3.1183001e-06,0.00021377791,0.00015975321,2.3703894e-06,934,validation
0.000841859,0.9935027,0.0043163626,9.970392e-05,4.2575317e-05,3.506839e-05,0.0007766367,0.00038515773,935,validation
0.00027796568,1.3029963e-06,0.9995672,1.19281e-05,6.4240743e-07,6.261004e-05,6.210361e-05,1.6294856e-05,936,validation
0.0001099261,6.988721e-07,0.99957997,4.4084667e-05,3.9253447e-07,6.9613154e-05,0.00018141734,1.3894775e-05,937,validation
2.629571e-05,1.4280607e-07,0.9998909,1.2640388e-05,6.6066747e-07,4.0429113e-05,1.3173113e-05,1.5653517e-05,938,validation
1.3344632e-05,5.7412143e-07,0.99983823,3.7376633e-06,1.8354427e-06,0.00013923061,1.3313825e-06,1.7140411e-06,939,validation
1.5411773e-05,4.748636e-07,0.9997031,5.7436396e-06,2.3498096e-06,0.00027097238,5.620734e-07,1.3097082e-06,940,validation
0.9928773,5.8562888e-05,0.005393397,2.987106e-05,4.024166e-05,0.00031740905,0.0012190304,6.410754e-05,941,validation
1.2316018e-05,5.490299e-07,0.99980026,5.8675614e-06,1.5741894e-06,0.00017635652,1.0753585e-06,1.9401175e-06,942,validation
3.1106075e-07,3.9513498e-06,1.0052652e-06,7.3643486e-07,1.5919982e-10,3.0764604e-06,2.0832349e-05,0.9999701,943,validation
0.9156058,0.00069916993,0.08209246,5.1789426e-05,5.616191e-05,0.0012333565,0.00019261916,6.860847e-05,944,validation
0.9993292,9.768148e-05,0.00015893024,1.2455265e-05,5.307166e-06,4.7568934e-05,0.0003350733,1.3689339e-05,945,validation
1.5668016e-05,5.8383794e-06,0.99825674,6.184697e-06,5.2583764e-05,0.001661016,1.0439124e-06,7.799374e-07,946,validation
4.1937652e-05,0.9986259,0.00010418933,0.0002767719,6.1760045e-05,2.4945415e-05,0.00033028793,0.00053415156,947,validation
2.4747855e-05,0.9996841,3.513383e-05,5.0016217e-05,5.2367554e-06,6.6472217e-06,7.11402e-05,0.00012303513,948,validation
0.9997296,6.819025e-05,8.2267594e-05,8.262586e-06,2.3546006e-06,1.1020935e-05,8.869639e-05,9.515238e-06,949,validation
0.9993112,4.988145e-05,0.000278692,1.719901e-05,6.746614e-06,0.00017597414,0.00014524965,1.4979069e-05,950,validation
0.00024024858,1.1505007e-05,0.99958163,3.053042e-06,2.047709e-06,0.00014936934,5.21137e-06,6.970272e-06,951,validation
0.99973184,4.4472604e-06,0.00015097024,5.899542e-07,3.810424e-08,1.0924371e-06,0.00010591707,5.1055968e-06,952,validation
0.061794247,0.000106997606,0.9373583,3.7796253e-06,7.306223e-06,0.00049239746,0.00011256197,0.00012432197,953,validation
0.00015796752,4.1492594e-06,0.9997819,4.5490847e-08,5.8095765e-07,4.3255248e-05,8.7455777e-07,1.13605765e-05,954,validation
0.9997949,4.7845783e-06,0.0001584746,3.829994e-07,3.1087087e-08,3.739824e-07,3.611054e-05,4.8900324e-06,955,validation
6.44196e-05,1.0817609e-05,0.9998735,7.8861416e-07,3.5864613e-07,3.001944e-05,6.3760685e-06,1.3819935e-05,956,validation
0.00019530134,6.642566e-06,0.9997465,3.3972188e-07,1.593984e-07,3.4333167e-05,3.3457031e-06,1.3333893e-05,957,validation
7.35015e-05,4.8644038e-06,0.9999007,4.4854588e-08,5.3361624e-08,1.7988643e-05,6.4886984e-07,2.2641952e-06,958,validation
1.7262959e-05,1.8318766e-06,0.99994576,4.892531e-07,2.1189014e-07,7.2479074e-06,1.8864961e-05,8.331827e-06,959,validation
0.6439813,0.00047698425,0.26434627,8.9094196e-05,0.00025632675,0.08960175,0.0008907717,0.00035749126,960,validation
4.4038236e-05,7.4984e-06,0.00040660132,1.3694497e-05,6.1940256e-05,0.9994455,1.1772318e-05,8.9833065e-06,961,validation
0.999265,9.5658515e-06,0.00048729716,4.9301866e-06,5.076111e-07,6.236297e-05,0.00015728713,1.3056339e-05,962,validation
1.656343e-05,1.3957326e-06,0.99946874,1.6067327e-06,1.6543719e-06,0.00050611905,9.1858635e-07,3.010533e-06,963,validation
1.9324598e-05,2.3533626e-06,0.9994041,6.208169e-07,9.856366e-07,0.0005710412,7.747817e-07,8.283034e-07,964,validation
1.592282e-05,2.0298012e-06,0.99940014,6.976111e-07,1.1810101e-06,0.0005784514,8.7658555e-07,6.910181e-07,965,validation
2.0772011e-05,4.2283973e-06,0.9989526,1.2085449e-06,3.4563113e-06,0.0010150961,1.1272108e-06,1.5439329e-06,966,validation
2.194307e-05,6.6393324e-07,0.9992126,1.1119256e-06,1.0773648e-06,0.0007543078,1.2603157e-06,6.917888e-06,967,validation
0.9999069,6.853102e-07,4.457763e-06,1.9037193e-06,1.2595224e-07,5.346896e-07,8.182152e-05,3.606738e-06,968,validation
0.078452244,0.015960038,0.08042997,0.0288137,0.0048640766,0.20300996,0.07351589,0.5149541,969,validation
5.184569e-05,6.5355e-06,0.99934334,4.5390894e-05,1.8425955e-05,0.0005273881,6.185197e-06,8.425488e-07,970,validation
0.00029959113,0.999236,2.5857089e-05,3.636516e-05,8.452358e-06,2.110982e-05,0.00026839148,0.00010434856,971,validation
0.9997663,1.545267e-06,1.36859e-05,1.9857841e-06,2.2818675e-07,8.879892e-07,0.00021180758,3.5319129e-06,972,validation
0.0007923219,4.200975e-05,0.99655765,0.000509886,2.8784021e-05,0.0017671076,0.0002615211,4.069628e-05,973,validation
0.9985594,2.839e-05,0.00022649113,1.7139748e-05,1.4143098e-06,5.106242e-06,0.0011236654,3.8353286e-05,974,validation
2.8014594e-05,5.487573e-06,0.9999392,5.6914773e-06,1.0770737e-07,1.4700668e-05,5.6882923e-06,1.024315e-06,975,validation
0.0009286136,2.3201072e-07,0.00011825683,5.2035364e-05,5.146875e-08,7.3135666e-06,0.9988299,6.371561e-05,976,validation
6.974405e-07,6.6810294e-08,0.9999708,1.5746492e-07,6.431827e-08,2.745724e-05,3.011366e-07,4.3961901e-07,977,validation
8.651305e-06,1.240728e-06,0.99996305,6.670164e-07,8.136625e-08,2.2891332e-05,1.7489377e-06,1.6614417e-06,978,validation
1.1601637e-06,1.1905425e-07,0.9999732,3.8359084e-07,9.763527e-08,2.3591881e-05,6.5936473e-07,6.74911e-07,979,validation
0.99983275,3.0246957e-07,1.6990793e-05,4.1545583e-08,4.8299178e-08,1.1101992e-06,0.00014160083,7.085093e-06,980,validation
0.00022202442,3.5984167e-06,0.99949694,2.8104483e-05,2.5301415e-06,9.5130395e-05,9.093139e-05,6.0691156e-05,981,validation
0.00027612952,0.00013777822,0.0016480328,1.0071417e-05,2.022954e-06,0.0011908615,0.0013301208,0.99540496,982,validation
4.2506904e-06,4.4471935e-06,1.2228892e-05,7.9299036e-07,1.6371835e-09,4.0055384e-06,8.75388e-05,0.99988663,983,validation
7.8235155e-07,2.5859356e-08,0.9999877,4.063564e-08,2.0386636e-08,1.1034236e-05,3.7662982e-08,2.9187126e-07,984,validation
3.4671316e-06,3.6408345e-08,0.9999769,1.4724526e-07,6.408828e-09,7.128272e-06,1.0359154e-06,1.1335517e-05,985,validation
3.9887163e-06,1.7335019e-07,0.99995613,1.5002193e-07,1.4073514e-07,3.7361955e-05,7.553511e-08,1.906273e-06,986,validation
2.695296e-06,1.0611946e-06,0.9999682,7.316678e-08,1.3606173e-07,2.742375e-05,2.5987396e-07,1.3719611e-07,987,validation
4.5967363e-06,4.540679e-08,0.99998856,2.1335667e-08,8.236559e-09,5.9629774e-06,8.863281e-08,6.8016163e-07,988,validation
0.00017674602,4.7555304e-07,0.9997615,8.152584e-08,1.0715036e-08,4.991932e-06,9.6757485e-06,4.6504887e-05,989,validation
0.99977773,1.7880199e-06,0.00011565813,4.7143348e-07,1.2354562e-07,6.857466e-07,2.3529172e-05,7.9996855e-05,990,validation
1.0537512e-06,7.474325e-09,0.99999225,2.0420584e-08,7.73939e-09,5.1868446e-06,9.0630365e-08,1.2836418e-06,991,validation
0.005186746,0.00021767519,0.0046696328,0.023379056,0.0003156791,0.0016012591,0.95582324,0.00880672,992,validation
0.9978004,1.4152277e-05,6.206855e-05,2.5801417e-06,1.2356619e-06,1.2851823e-05,0.002093313,1.3373396e-05,993,validation
7.465396e-05,4.276546e-05,0.999413,4.851309e-06,2.2624534e-05,0.00041988902,8.903992e-06,1.3180712e-05,994,validation
0.00015495083,6.0405247e-05,0.9986601,8.137586e-06,2.0493293e-05,0.0010630676,1.7074732e-05,1.583904e-05,995,validation
0.0060293428,0.007799421,0.019245798,0.0006316832,0.005773548,0.8868779,0.0060679014,0.06757452,996,validation
9.74191e-05,3.0962896e-05,0.99898964,2.13251e-05,3.8030354e-05,0.0007392449,4.0806022e-05,4.260713e-05,997,validation
0.99537873,4.7777965e-05,0.001634792,2.2889067e-06,1.6634587e-05,0.00016673908,0.002667721,8.535134e-05,998,validation
0.00011743351,4.1243446e-05,0.9993512,1.0051649e-05,1.238745e-05,0.00040398078,3.371493e-05,2.9905743e-05,999,validation
2.0652607e-05,2.8516828e-07,0.9999201,2.5851741e-06,4.4589235e-08,1.5303254e-05,3.5466455e-05,5.4824363e-06,1000,validation
0.0021202725,8.220643e-06,0.00014872146,2.1582613e-05,3.6198558e-06,2.1935812e-05,0.9976217,5.3898904e-05,1001,validation
0.99936837,1.2627301e-07,8.2023125e-06,1.08058956e-07,1.2442628e-08,7.534187e-07,0.00061964104,2.8280792e-06,1002,validation
0.996591,0.00011815964,0.00037351294,3.2434073e-06,3.0885944e-06,5.4418968e-05,0.0021584157,0.0006982681,1003,validation
0.9949404,3.4140246e-06,0.0001336481,1.4672108e-07,1.9602458e-08,1.8364315e-06,0.0049036024,1.7014378e-05,1004,validation
2.171838e-05,4.249236e-07,0.9998253,6.7817664e-06,1.2674417e-07,8.4871856e-05,4.1556472e-05,1.9264628e-05,1005,validation
0.99949265,1.2715795e-06,6.873068e-05,3.887598e-08,3.9122718e-08,5.3939607e-07,0.00042769095,9.136132e-06,1006,validation
2.5328465e-05,5.384686e-07,0.99972755,8.685298e-06,5.096956e-07,0.00017751046,3.5850117e-05,2.3978155e-05,1007,validation
0.5182554,4.1881968e-08,0.035607234,0.00023389046,1.2027242e-07,0.0014983064,0.43745175,0.006953202,1008,validation
