0,1,2,3,4,5,6,7,identifier,split
0.98490846,0.0017390868,8.286565e-05,0.003785808,0.0037212435,0.0012529164,0.0035933615,0.0009162954,0,test
0.97995824,0.0015240337,0.000188936,0.0046102884,0.0056454986,0.0023280652,0.0037780069,0.0019670178,1,test
1.716417e-05,0.0012370484,6.1019808e-05,0.00042756752,3.9974475e-05,0.99694556,0.00029513147,0.00097641663,2,test
1.724124e-05,0.0011899621,0.00013733932,0.00055515516,8.623136e-05,0.9965803,0.0003837825,0.0010500614,3,test
0.97603977,0.0019212406,0.00068531925,0.0052777086,0.005724983,0.003332974,0.0036365727,0.003381295,4,test
0.00053601287,0.007519951,0.97567004,0.0046308185,0.0032781002,0.0012563881,0.0037178062,0.0033909187,5,test
0.00055940426,0.009821758,0.9715962,0.0056693833,0.0043275384,0.0017685915,0.0033254456,0.0029317678,6,test
0.00046687026,0.008096437,0.9744532,0.0050446494,0.0031492983,0.001990748,0.0036527414,0.0031459334,7,test
0.95485026,0.00582293,0.0016775115,0.01108813,0.0109248115,0.0034427852,0.00812141,0.004072237,8,test
0.0005060723,0.0070576314,0.9768024,0.004050641,0.0026575685,0.0014810165,0.0041938527,0.0032507826,9,test
0.00032854074,0.005920358,0.9774505,0.0047843717,0.0022818123,0.0017775545,0.003447947,0.0040089623,10,test
0.00043270338,0.0070336605,0.97789156,0.0039070863,0.00291179,0.001297425,0.0035013445,0.0030244968,11,test
0.97830176,0.0018079081,0.000112538284,0.007471677,0.004841248,0.0015047694,0.004587404,0.0013727657,12,test
0.9727947,0.0021824378,0.00062415167,0.007281779,0.0058368463,0.0034939274,0.004237865,0.0035483632,13,test
0.00046073145,0.006958031,0.97703403,0.004110557,0.0030269322,0.001429076,0.0037749826,0.003205782,14,test
0.00059251307,0.0077729584,0.97154164,0.0048703784,0.003798555,0.0014557462,0.0044372356,0.005530909,15,test
0.00043732792,0.00876192,0.97150165,0.0061817737,0.0040268083,0.002418313,0.0032782194,0.0033940366,16,test
0.00017535289,0.0035120095,0.9868268,0.0031506214,0.0016134827,0.0013677357,0.0020994418,0.0012546459,17,test
0.9000573,0.013289166,0.011386697,0.013038264,0.017348003,0.014255575,0.014270638,0.016354386,18,test
0.0008088369,0.009719349,0.00070225075,0.015778733,0.0960982,0.87017816,0.0020009829,0.0047135237,19,test
0.9639528,0.0027643477,0.00034705852,0.01162795,0.008620564,0.0033339933,0.006065319,0.0032880208,20,test
0.0050751977,0.0075833374,0.95099545,0.007851914,0.007197989,0.004088072,0.009947169,0.007260839,21,test
0.9837931,0.0017462188,0.0001359404,0.0034212428,0.0052094785,0.0012051655,0.0033806232,0.0011083061,22,test
0.00031623663,0.0049280096,0.9786966,0.0041667335,0.0025258253,0.00116156,0.0033803112,0.004824752,23,test
2.0731075e-05,0.00045418262,2.2637125e-05,0.0001226469,0.00037212027,0.00012934307,3.7568174e-05,0.99884075,24,test
0.00029710535,0.0045159017,0.9813767,0.0038570315,0.001985329,0.0017166049,0.0033376846,0.0029135717,25,test
0.0005901084,0.008965654,0.9711719,0.0046540485,0.0039491225,0.0017466495,0.004496957,0.0044255327,26,test
0.00024260473,0.005084867,0.9775103,0.0054950933,0.002329041,0.0019720288,0.0028733897,0.0044927234,27,test
0.0003573347,0.006481953,0.97834396,0.0043368954,0.002769616,0.0015923597,0.0030484493,0.0030694928,28,test
0.00046186146,0.0071842843,0.97602284,0.00462121,0.003349463,0.0015499212,0.0035893735,0.0032209365,29,test
0.9778065,0.0030579045,8.6251624e-05,0.006446446,0.005888711,0.0009316486,0.0043911897,0.0013914168,30,test
0.00042326818,0.0066630915,0.9760827,0.0042679138,0.0030989817,0.0018437941,0.00393511,0.003685087,31,test
2.0698747e-06,2.3641821e-06,2.3395862e-06,6.209449e-06,4.3727054e-05,7.304447e-07,0.99993956,3.0254907e-06,32,test
0.00032968842,0.005996891,0.9779294,0.0048066303,0.0026128925,0.0020315323,0.0033359015,0.0029570588,33,test
0.0003401819,0.006078106,0.97543675,0.0050970116,0.0027931063,0.0019034855,0.0034919824,0.0048592836,34,test
0.00048272844,0.0075156707,0.9754435,0.0048338496,0.0031278464,0.00138569,0.0035257873,0.0036850276,35,test
0.00041717276,0.006140133,0.9779302,0.0045254296,0.0025620402,0.0015268142,0.0035507057,0.0033475012,36,test
0.00013430663,0.0029035986,0.989056,0.0029769363,0.0013426213,0.0010595059,0.001489882,0.0010372569,37,test
0.00047922393,0.0072270855,0.9737344,0.0046235775,0.003085411,0.0014061216,0.0040392955,0.0054048575,38,test
0.97965986,0.0018328717,0.0001809942,0.0050513376,0.006002832,0.0017743966,0.0038281411,0.0016695561,39,test
0.98328686,0.0017700808,0.0003576877,0.0035685466,0.004113923,0.001838441,0.0031534526,0.0019109809,40,test
0.98486185,0.0012815684,0.00010349896,0.004076587,0.003854028,0.0013556516,0.0033878088,0.0010790703,41,test
0.00063582434,0.00954794,0.9708312,0.005143809,0.004008165,0.0014830728,0.003949844,0.004400117,42,test
0.0005370477,0.0077168182,0.974101,0.004656243,0.0037369337,0.0017108603,0.0040419474,0.0034991333,43,test
0.98406637,0.001319551,0.00032874144,0.0034724236,0.0035502906,0.0022148273,0.0026695922,0.0023782167,44,test
0.0003920498,0.006846566,0.9752543,0.0043949187,0.0031605938,0.0016057984,0.003808928,0.004536831,45,test
0.00045300712,0.0077407677,0.97448313,0.0053072115,0.0031403657,0.0019693838,0.003492778,0.0034133014,46,test
1.2217649e-05,0.0003641219,1.9856732e-05,6.869752e-05,0.00030842636,8.016784e-05,3.2351683e-05,0.9991142,47,test
0.9784846,0.001859631,0.00016395455,0.0058282446,0.0058007934,0.0018987709,0.0042499397,0.0017139274,48,test
0.00043317027,0.006764917,0.9757236,0.0048990482,0.0029546125,0.0019533366,0.003930773,0.003340523,49,test
0.00033349,0.005325416,0.9782211,0.0046377643,0.0024046525,0.0018588431,0.0034713112,0.003747352,50,test
0.0004673376,0.00607583,0.97786474,0.0040658293,0.0027302348,0.0014917512,0.0042356867,0.0030685922,51,test
0.0004146779,0.006846102,0.9773123,0.0043099965,0.0027581663,0.0013999619,0.0037748034,0.003183981,52,test
0.97890717,0.0014503226,0.00033701365,0.0044343867,0.004933543,0.0030346666,0.0035089108,0.0033940352,53,test
0.00042818137,0.008052474,0.9730968,0.005642044,0.0035615296,0.001931324,0.0034480523,0.003839712,54,test
0.00034152338,0.005283263,0.97935015,0.0043253414,0.0026496497,0.001311673,0.0032695257,0.0034688688,55,test
0.9765732,0.0022160083,0.00089353445,0.0046838247,0.0057660313,0.0029938263,0.0039099506,0.0029636326,56,test
0.00031113514,0.0057326225,0.97954214,0.0041261665,0.00251584,0.0012844398,0.002944676,0.0035429327,57,test
4.9181865e-05,0.000791375,1.2757085e-06,0.0003400159,0.99848026,0.0001916006,7.6759214e-05,6.952774e-05,58,test
0.895238,0.015231603,0.016737644,0.0121013345,0.019029984,0.012091863,0.01555978,0.014009868,59,test
0.00015635943,0.00327338,0.988298,0.00274451,0.0012102062,0.0012910294,0.0019504171,0.0010762113,60,test
0.00069150346,0.011105427,0.9570861,0.006082304,0.005386832,0.0036880835,0.00667542,0.009284308,61,test
0.00038430621,0.0061539277,0.97992676,0.004322973,0.0022911162,0.0018828098,0.0030598904,0.0019781692,62,test
0.00043475765,0.0067698583,0.9753362,0.0050128736,0.0028421928,0.0016882876,0.0036424904,0.0042734495,63,test
6.053426e-05,0.0005224011,0.9965339,0.00089714734,0.0004575796,0.0002149727,0.0010048581,0.00030857886,64,test
5.544616e-05,0.0005953686,0.99609214,0.0011639167,0.00041172624,0.0002609028,0.0010777062,0.00034275543,65,test
7.393652e-05,0.0006318627,0.99596334,0.0010549397,0.0005251409,0.0002274206,0.001149397,0.0003738975,66,test
7.603414e-05,0.0005675547,0.99606067,0.0010430784,0.00051644276,0.0002228007,0.0011275581,0.0003858097,67,test
0.00071971794,0.001956577,0.00063290825,0.0012759573,0.002936733,0.000981322,0.0005279489,0.9909689,68,test
8.373763e-05,0.0006377039,0.99580127,0.0010914652,0.0005415061,0.00024765558,0.0011644127,0.00043227032,69,test
0.98277676,0.000671377,0.0007716327,0.005790417,0.0034757897,0.0004826724,0.0053019933,0.0007293482,70,test
6.930648e-05,0.00062402576,0.9959578,0.0011602613,0.0005041185,0.0002528071,0.0010978786,0.00033377987,71,test
0.97984934,0.000573113,0.0005483004,0.006400376,0.0042212843,0.00046705487,0.00729973,0.0006407219,72,test
4.5092755e-05,0.00043260728,0.99698347,0.0009356195,0.00036117196,0.00019094265,0.00085152336,0.00019961958,73,test
0.0019045548,0.05245587,0.09520662,0.03066805,0.004130456,0.74230886,0.05846757,0.014857989,74,test
1.21915555e-05,0.995146,0.0011505767,0.00017629316,0.0019713747,0.000587226,0.00038277378,0.0005735556,75,test
0.0010874633,0.0040813047,0.0032892034,0.002374425,0.004091066,0.0025808564,0.0011309297,0.9813649,76,test
0.192971,0.028286811,0.6988089,0.026539037,0.020639772,0.0030571173,0.023940545,0.005756811,77,test
0.9825332,0.0008698906,0.0011612327,0.0034138535,0.0047295718,0.00048851175,0.006207882,0.000595789,78,test
7.2421476e-06,0.99659306,0.00047773932,9.5326555e-05,0.0019635106,0.0002870189,0.0002281002,0.0003479012,79,test
6.8218185e-05,0.0005791596,0.99621993,0.0010185055,0.0005063206,0.00022870778,0.0010496451,0.00032962544,80,test
0.00077664637,0.0004936184,7.837598e-05,0.0012202123,0.9925282,0.00078252866,0.0033609278,0.0007595805,81,test
0.98201007,0.00045143452,0.0003584675,0.006685276,0.0031915237,0.00040334772,0.0062934165,0.0006064615,82,test
0.962123,0.0008989953,0.0007997122,0.013510842,0.007088474,0.00075657124,0.013824221,0.0009982124,83,test
0.9716034,0.0015395225,0.0023493404,0.006757452,0.007228021,0.0009417282,0.008224655,0.0013558682,84,test
0.002040484,0.0037087272,0.0017966056,0.0077259666,0.95656866,0.022063956,0.0028751409,0.003220464,85,test
0.97696304,0.0013121791,0.0019168729,0.0050062947,0.006015896,0.0008067085,0.007124604,0.0008544113,86,test
0.9696535,0.0018269741,0.002006994,0.0052551283,0.009010748,0.000970145,0.010485173,0.00079150015,87,test
7.928152e-05,0.0007101214,0.9956648,0.0011044956,0.00057185994,0.00027390014,0.0012015466,0.00039403848,88,test
0.9798794,0.000987572,0.0014999295,0.004579042,0.004875427,0.0005986661,0.006720512,0.0008595138,89,test
6.458359e-05,0.00049348426,0.99636394,0.0010665657,0.00043647902,0.00020529631,0.0010375504,0.00033212508,90,test
6.486488e-05,0.00056618854,0.99636877,0.0010166052,0.00048538367,0.0002157816,0.0009786,0.0003037375,91,test
5.5008015e-05,0.00050883606,0.996707,0.0009216898,0.00041460298,0.00020180631,0.00090452237,0.00028650856,92,test
0.9857486,0.00046361168,0.00039849477,0.004717434,0.0031777136,0.00038181868,0.0045781424,0.0005341534,93,test
0.984036,0.0005042945,0.00053405244,0.00504417,0.003612942,0.0004172836,0.005324173,0.0005270486,94,test
8.47495e-05,0.0006717301,0.9957272,0.0011723104,0.00061076035,0.00024003121,0.001115547,0.00037780328,95,test
7.055371e-05,0.0006051852,0.9960967,0.0010442751,0.0005333305,0.00023231302,0.001088648,0.000329031,96,test
6.9286925e-06,0.9965836,0.00067483424,0.00011935417,0.0015857056,0.00040278575,0.00023746757,0.00038930067,97,test
0.0007167275,0.0034082774,0.0017267138,0.0048823366,0.0006958849,0.9840312,0.0018579623,0.0026808484,98,test
0.97684026,0.0014766448,0.0027279297,0.004354169,0.0069401613,0.0009806593,0.0056523476,0.0010276741,99,test
0.97806734,0.0011814266,0.0016085347,0.0049823783,0.006061013,0.000815915,0.0063998224,0.00088349264,100,test
7.2829134e-05,0.0005936348,0.9962341,0.00099495,0.0005195153,0.00022141763,0.0010192017,0.0003442827,101,test
6.926178e-05,0.0005993225,0.99616253,0.0010266345,0.00050348864,0.00023336604,0.001062008,0.00034345043,102,test
0.0006206534,0.0045165513,0.0033387088,0.004598279,0.00091854867,0.9793799,0.0024070027,0.004220461,103,test
0.00045355392,0.94395435,0.02137176,0.001137415,0.01018119,0.0036064317,0.009842282,0.00945311,104,test
0.0010343238,0.003763124,0.004084145,0.0023695107,0.0029067164,0.0028713606,0.0010081352,0.98196274,105,test
0.0007083698,0.0006152665,0.00011522816,0.0016514191,0.9911809,0.0013560671,0.0032150757,0.0011577208,106,test
5.2949654e-05,0.0004094031,0.99675083,0.0009677664,0.0003395783,0.00019616752,0.00097218767,0.000311168,107,test
0.0005944545,0.0015636435,0.0010894431,0.0026187135,0.0019793157,0.0014058063,0.0010109051,0.9897377,108,test
0.0009360095,0.0045615435,0.002837997,0.005871755,0.0011507027,0.9777891,0.0023366576,0.004516327,109,test
6.2236875e-05,0.00053997507,0.99622846,0.0011005631,0.000446931,0.00023285393,0.0010593281,0.0003297594,110,test
0.13791983,0.01206735,0.7858323,0.02228815,0.011515361,0.0016756548,0.025861584,0.0028398072,111,test
0.9832939,0.000871347,0.0014284271,0.004432302,0.0041820165,0.0005865667,0.0043016393,0.00090384425,112,test
4.3839176e-05,0.00047828682,0.9968292,0.0010199005,0.00043074187,0.00022525803,0.00078388513,0.00018876484,113,test
6.7731016e-05,0.0005031899,0.99654573,0.00094551285,0.00046190037,0.00018739517,0.00095887546,0.0003296056,114,test
0.9803585,0.00076720706,0.0006072622,0.0069374763,0.003974126,0.00047370497,0.0061198063,0.0007620312,115,test
7.596102e-05,0.0019531832,0.99057966,0.001430205,0.00042172644,0.0025493947,0.0023064513,0.00068333565,116,test
0.97720224,0.0007293036,0.00052747456,0.006409223,0.005964409,0.0006245778,0.00789912,0.0006436103,117,test
0.9845599,0.0006259544,0.0007974874,0.0048577506,0.0035957796,0.00047716795,0.004450302,0.00063561444,118,test
0.970361,0.0015122057,0.0022038792,0.007311255,0.00757801,0.0010513217,0.00862898,0.0013532708,119,test
0.009364971,0.033390235,0.023648817,0.027697241,0.005461636,0.24176829,0.008869063,0.64979976,120,test
6.325629e-05,0.0005217621,0.9963748,0.0010051633,0.0004545397,0.00021818787,0.0010377459,0.00032456798,121,test
6.176947e-05,0.00042030265,0.9966697,0.0009276203,0.00038518925,0.00019017555,0.0010123779,0.0003328603,122,test
0.9773491,0.0007335408,0.0006179004,0.0071214647,0.004928237,0.00052378245,0.007964864,0.0007611479,123,test
0.038890764,0.05880647,0.068729006,0.038619775,0.47707325,0.054516234,0.01251791,0.2508466,124,test
0.9834257,0.00066687603,0.0010802388,0.0051918286,0.0035127122,0.00047896235,0.004878153,0.00076560926,125,test
6.105833e-05,0.00050205557,0.9965233,0.0009503244,0.00041373572,0.00021833053,0.0010024458,0.0003287751,126,test
0.9869358,0.00035837982,0.0002775389,0.004778127,0.002556279,0.0003195614,0.0043025827,0.0004717947,127,test
0.0002130772,0.002087296,0.988847,0.0024597123,0.0009681182,0.0011773708,0.0026941907,0.0015533048,128,test
0.00023804196,0.0023148474,0.9885106,0.0025569089,0.0012440681,0.0010270011,0.0027404383,0.0013680046,129,test
0.0003895566,0.0039784135,0.98202896,0.0034808975,0.0020532587,0.0017165404,0.0037538519,0.0025985006,130,test
0.0003864838,0.004645012,0.981282,0.003364402,0.001905045,0.0023244359,0.0037442187,0.0023483976,131,test
0.9892782,0.00051309145,6.58272e-05,0.00350128,0.002625717,0.0008294099,0.0025763668,0.0006100455,132,test
0.00026503656,0.0025705036,0.98758614,0.0027861418,0.001396279,0.0014064253,0.002669654,0.0013199258,133,test
0.000267847,0.0027298997,0.9862671,0.0027088728,0.0012342838,0.0013739595,0.0033183852,0.0020996993,134,test
0.07160814,0.5173395,0.15775274,0.027980488,0.14297353,0.0168179,0.03711254,0.028415086,135,test
0.00031585648,0.0033346035,0.9846993,0.002853203,0.0015358028,0.0017189296,0.0035890697,0.0019533066,136,test
0.00029954643,0.0029747754,0.9857912,0.0029312682,0.0015200601,0.0014048099,0.0032095448,0.0018687263,137,test
0.00027128524,0.0027624043,0.98735726,0.0029123288,0.0014158799,0.0011536354,0.0027175457,0.001409717,138,test
0.0002905174,0.0029208884,0.98634726,0.0027443448,0.0014791985,0.0013066834,0.0030389803,0.0018721534,139,test
0.00030291898,0.0031759597,0.98590755,0.002730525,0.0016513723,0.001319658,0.003156908,0.0017550535,140,test
0.9871482,0.0006588061,0.00011888126,0.0037426224,0.0033841066,0.0012592808,0.0028145958,0.0008734133,141,test
0.00030681698,0.0029734606,0.9851634,0.002963603,0.0014295619,0.0018124592,0.0036404443,0.0017103433,142,test
0.00021008939,0.0020913726,0.98910403,0.0025868632,0.0011486496,0.0011224869,0.0023828382,0.0013537761,143,test
0.98957866,0.000615514,0.00017760527,0.0026505513,0.0030385158,0.001239092,0.0019302354,0.0007698883,144,test
0.00013193369,0.0015250829,0.99133766,0.0018626894,0.0008005252,0.0011473804,0.0023023114,0.0008924838,145,test
2.3656291e-06,0.998247,0.00012378962,8.1584e-05,0.00089664443,0.0003897755,9.936261e-05,0.00015945217,146,test
0.00033545087,0.0035677333,0.98483294,0.0029103125,0.0017543698,0.0013595042,0.0031476412,0.0020920264,147,test
0.00024918205,0.002775373,0.9868947,0.0024616113,0.0013532588,0.0016772066,0.0030751629,0.0015134469,148,test
0.98587495,0.00073578075,0.000117077434,0.004550089,0.0034923146,0.0011987797,0.0031561598,0.0008748711,149,test
0.9884165,0.00073463906,0.00023942124,0.0034999473,0.002774443,0.001139284,0.0024159367,0.0007798133,150,test
0.9767422,0.001202261,0.00021689488,0.0076556504,0.0050808447,0.0022279597,0.0058074063,0.0010667533,151,test
0.99066645,0.0003972141,8.855345e-05,0.0029093695,0.0024456852,0.00091850746,0.0019254239,0.00064870395,152,test
0.9843231,0.0009961942,0.00022560253,0.004145212,0.0040850113,0.0016554358,0.003643314,0.000926105,153,test
0.00030512418,0.003278569,0.98476565,0.0030505743,0.0014942762,0.0016057959,0.0034243064,0.0020756002,154,test
0.00026471316,0.0027812126,0.98677063,0.0028728493,0.0013375677,0.0015973232,0.002938636,0.0014370502,155,test
1.5254625e-06,0.99868983,7.8971745e-05,5.628054e-05,0.00066478463,0.00030700056,7.579914e-05,0.00012575065,156,test
0.98449314,0.000913829,0.00023762885,0.0048339707,0.0035926565,0.0015488139,0.0032346076,0.0011454127,157,test
0.95007765,0.0053751254,0.00963723,0.007967381,0.011604991,0.0046017426,0.007300183,0.0034357046,158,test
0.00031304793,0.003156522,0.9841149,0.0030285332,0.0018499331,0.0015972396,0.0033396268,0.0026002084,159,test
3.4971843e-05,0.0004511361,4.1091567e-05,0.00050074747,4.564578e-05,0.9983334,0.00023470467,0.00035825107,160,test
0.00053277623,0.0014560723,0.0002995068,0.00096269697,0.0018596436,0.0017571567,0.00032526508,0.9928069,161,test
0.98877317,0.00063548965,0.00016573319,0.0027792407,0.0031315011,0.0011885146,0.0024725916,0.00085388,162,test
0.9880251,0.00061032607,7.586939e-05,0.0034658639,0.003082033,0.0010559023,0.0029180238,0.0007668458,163,test
0.0005271657,0.0036307096,0.9811854,0.0037531946,0.0019867911,0.0019878147,0.00414474,0.0027842475,164,test
0.00045916316,0.004420423,0.9811736,0.0036046165,0.0019639346,0.002147549,0.0041298624,0.0021008505,165,test
0.00022518529,0.00094025757,3.287016e-05,0.0014150601,0.9913121,0.004795521,0.0005370276,0.0007418646,166,test
0.00024390053,0.00065431936,8.120227e-05,0.00050367566,0.0007096157,0.0009209728,0.00018035348,0.99670607,167,test
0.00028920957,0.0031523276,0.9854595,0.0029135586,0.0015094124,0.0017761402,0.0032256811,0.0016741654,168,test
0.00027970792,0.0026022329,0.98743767,0.0026553154,0.0014374868,0.0010364676,0.002901662,0.0016494328,169,test
4.631781e-05,2.2645732e-05,1.7355667e-05,0.00020747376,0.00050704833,1.3186507e-05,0.9991566,2.9290164e-05,170,test
0.00028572135,0.0029190988,0.9854032,0.0033483645,0.001584579,0.00189931,0.0030005358,0.0015591803,171,test
0.00024797147,0.0023786393,0.98795354,0.0027453376,0.001244455,0.0011908859,0.0027223239,0.0015168135,172,test
0.98070246,0.0012222457,0.00020930928,0.0054745865,0.00536197,0.0017864892,0.003885589,0.0013573237,173,test
0.9862574,0.0008084849,0.0002841251,0.004364965,0.0031309195,0.0015680431,0.0023019207,0.0012841695,174,test
0.0003382321,0.0034856559,0.98376864,0.0033360857,0.0017213501,0.002005345,0.0035225383,0.0018221602,175,test
0.00028092886,0.0026611928,0.9861945,0.0028518906,0.0015864581,0.0012527507,0.0030473461,0.0021249491,176,test
9.888773e-06,0.00016763885,2.9014676e-05,0.00028041046,2.0556581e-05,0.99921286,0.00014727085,0.00013234578,177,test
0.9904193,0.00046538078,9.734011e-05,0.0029220767,0.0024024844,0.0008464011,0.002161229,0.00068581867,178,test
0.00032818704,0.003200767,0.9849754,0.002909554,0.0015845521,0.0013376947,0.0033275476,0.0023363153,179,test
0.98708504,0.000907561,0.000110908884,0.004332687,0.0027629335,0.0011957793,0.0028486573,0.0007565634,180,test
0.0005082544,0.0011985827,0.00021945094,0.0007349523,0.001360034,0.0020535635,0.00028822414,0.99363685,181,test
0.00033466224,0.0032523202,0.985436,0.0030259644,0.0017872032,0.0011274496,0.0029315918,0.0021047366,182,test
0.00029502163,0.003036412,0.9848748,0.0029856558,0.0015668967,0.0015464597,0.0033719,0.0023228351,183,test
0.98755556,0.0006278509,0.00020333921,0.0038609605,0.0031306634,0.0014303877,0.0020702027,0.0011210348,184,test
0.00023941665,0.0026697314,0.98701584,0.0031251789,0.0014507257,0.0013985784,0.0024824296,0.0016181839,185,test
0.98843783,0.0006991332,8.579592e-05,0.0035055643,0.0028351494,0.0008970377,0.0028417383,0.00069774245,186,test
0.0006731858,0.009256368,0.9637463,0.0063780495,0.0028897987,0.005831686,0.0057448526,0.00547977,187,test
0.00025053966,0.00076175417,1.4951669e-05,0.0007509319,0.9953774,0.0019474218,0.00052656414,0.00037042232,188,test
0.00073701236,0.006763203,0.97264266,0.005962896,0.0029529233,0.004398697,0.0048840116,0.0016586488,189,test
0.00037913644,0.004149686,0.9821591,0.0035650642,0.0018474455,0.0022415894,0.0035971224,0.002060939,190,test
0.97882366,0.0014684777,0.00044841407,0.0059724143,0.005360844,0.0018871726,0.004839564,0.0011994771,191,test
0.99406487,0.0002758135,9.076423e-05,0.0017667502,0.001320581,0.00056058896,0.0012976553,0.0006230108,192,test
0.0002218008,0.0005900285,0.00020711168,0.0007932564,4.990159e-05,0.9957858,0.00071114744,0.001641063,193,test
0.00018810987,0.00046294843,5.2723295e-05,0.00023155613,0.00048748686,0.0005494307,0.00012823098,0.99789953,194,test
0.00045144404,0.0016855459,0.9847378,0.0035399576,0.0014492352,0.0011396481,0.0037404348,0.0032560343,195,test
0.00026503767,0.001105855,0.9904123,0.0020955564,0.0008531567,0.00081007846,0.0027804733,0.0016775052,196,test
0.005397011,0.012149437,0.0053505595,0.0145171955,0.028520698,0.8987571,0.004103484,0.03120447,197,test
0.9919561,0.00039478304,0.0001460983,0.0023569718,0.001819897,0.0007491398,0.0017721506,0.00080488366,198,test
0.00048189753,0.0021441774,0.9842179,0.0032610334,0.0013330018,0.0015092778,0.004119334,0.002933261,199,test
0.00072711456,0.003242765,0.97959137,0.0036988994,0.0021988444,0.0015849301,0.0051812045,0.003774918,200,test
0.00040611904,0.0017250802,0.9850396,0.0032144252,0.0011574127,0.0012092177,0.0036349497,0.0036132275,201,test
0.0004937793,0.001728089,0.9861579,0.0028843344,0.0013670583,0.0010033391,0.0035399362,0.0028255861,202,test
0.00069210964,0.0046072025,0.97697634,0.0037823687,0.0019463692,0.0025190806,0.005440397,0.0040360414,203,test
0.00051360193,0.0020642215,0.9838097,0.0032646512,0.0015016391,0.0012086176,0.0039295624,0.0037080569,204,test
0.9938864,0.00027211444,6.623817e-05,0.0020399361,0.001293089,0.00050920155,0.0013771899,0.00055582647,205,test
0.00045729,0.0018742908,0.98596305,0.0026712131,0.0013672888,0.001163803,0.0038306485,0.0026723868,206,test
0.00043469341,0.0021098366,0.9859659,0.0029222593,0.0013573888,0.0012262834,0.0033057374,0.0026779228,207,test
0.0005600553,0.00222587,0.98370475,0.0030584268,0.0017230744,0.0011479349,0.004245217,0.0033346443,208,test
0.9943862,0.00026785565,8.331973e-05,0.0016654105,0.0012961196,0.0005834291,0.0011043089,0.0006133595,209,test
0.021697523,0.0062196585,0.93639576,0.013735534,0.0062693963,0.0020919174,0.008866965,0.004723209,210,test
0.9932973,0.00034739944,0.00015851787,0.0018678308,0.0014475328,0.00062160933,0.0015953314,0.0006643937,211,test
0.0004305692,0.0017502791,0.98629457,0.0027009759,0.0012560207,0.0012296109,0.003786623,0.0025513447,212,test
0.9951579,0.00022642332,6.4789696e-05,0.0015013407,0.0010079442,0.00038123512,0.0011614475,0.0004990428,213,test
0.00020122071,0.0005687988,0.00013834868,0.000671587,3.7093207e-05,0.99604934,0.0006968289,0.0016368632,214,test
0.0006222006,0.0023547176,0.98180586,0.0032256786,0.0015644745,0.0014024155,0.00486543,0.004159226,215,test
0.0004965959,0.0021084673,0.98286486,0.0034473022,0.001402826,0.001324278,0.004207178,0.004148548,216,test
7.2187167e-06,0.9963574,0.00040561784,0.00011713442,0.0012784565,0.0007283397,0.00034823245,0.0007576075,217,test
0.9929885,0.00029841103,7.424801e-05,0.0025029164,0.0014505544,0.00055443135,0.0015747692,0.0005560705,218,test
0.00045482552,0.0018174432,0.9851172,0.0032951834,0.0013252427,0.0012097709,0.0038308897,0.0029494064,219,test
0.00035967556,0.001959607,0.98686683,0.0023498836,0.0010694979,0.0013969736,0.0037898591,0.0022076915,220,test
0.99380153,0.00030888035,7.605975e-05,0.0018328459,0.0014186122,0.0005477976,0.0013848293,0.0006295573,221,test
0.0004762673,0.0019247554,0.98537284,0.002649021,0.0013212947,0.0012119247,0.004036577,0.0030072555,222,test
0.0004370463,0.0017479253,0.9858591,0.002781824,0.0012146133,0.0011039744,0.003831779,0.0030237173,223,test
0.015049912,0.023540232,0.0037850682,0.02435171,0.6014023,0.28811896,0.006485251,0.03726659,224,test
0.9937517,0.00025971132,6.1865474e-05,0.0022087013,0.0013404624,0.0005072197,0.0013379348,0.0005324744,225,test
0.00042990223,0.0018392091,0.98560715,0.0032790948,0.001298736,0.001283561,0.0034456968,0.00281657,226,test
0.00060889043,0.002396276,0.98334116,0.0028531644,0.001657099,0.0012318772,0.004277103,0.0036343306,227,test
7.193008e-05,9.371002e-06,2.1762587e-05,5.3739364e-05,0.0002520464,8.017484e-06,0.999566,1.7005514e-05,228,test
0.00061482715,0.0021951918,0.984157,0.0031695212,0.0017392604,0.0011888181,0.0040294076,0.0029060664,229,test
0.00085734425,0.005817627,0.9755417,0.0045585353,0.0026918002,0.0024592415,0.004659329,0.0034143953,230,test
0.00046127802,0.0018771635,0.985641,0.0024278036,0.0013209637,0.0011968424,0.004108316,0.00296668,231,test
0.9678289,0.0035618055,0.002671326,0.007076683,0.0075836987,0.0016669736,0.006392567,0.003217981,232,test
0.98594487,0.0010412714,0.0005057925,0.003518768,0.0033820404,0.001245468,0.0030375232,0.0013243558,233,test
0.0015359184,0.0025838898,0.00015661451,0.0018475334,0.98405945,0.0030166598,0.002347179,0.0044527105,234,test
0.9920643,0.00041578527,0.00016230543,0.0024282408,0.0016438151,0.00088016747,0.0015234516,0.000881892,235,test
0.9941369,0.00026463962,5.3618307e-05,0.0018202594,0.0013250367,0.00052011013,0.0013934947,0.0004858575,236,test
0.00056170824,0.0020118242,0.98500174,0.0027894836,0.0013147378,0.0012018766,0.0042145336,0.0029041497,237,test
0.0004796832,0.0019137074,0.9858854,0.0026216803,0.0014019521,0.0010961305,0.0037567143,0.0028447243,238,test
0.00051162916,0.001967641,0.98439217,0.0030328105,0.0015336972,0.0011288763,0.003954216,0.0034791229,239,test
0.99282867,0.00036706156,0.00015469277,0.0022481708,0.0014411419,0.00075832213,0.0013037641,0.0008981721,240,test
0.00030313543,9.800297e-05,0.0026615362,0.9934667,0.0008564336,0.0007202855,0.0011060134,0.0007880519,241,test
0.99494874,0.00024662397,6.801545e-05,0.0015093128,0.0010547041,0.00042807945,0.0012282527,0.00051632023,242,test
0.0030498072,0.008128259,0.00061135093,0.0035727115,0.96789384,0.0046344753,0.003811968,0.008297671,243,test
0.0006311586,0.95331246,0.012300618,0.002002641,0.013397067,0.0042669727,0.004237922,0.009851231,244,test
0.99427223,0.00026505327,6.8277346e-05,0.0017260114,0.0012582311,0.00047566523,0.0014483603,0.000486163,245,test
0.9944922,0.00023104536,6.9978996e-05,0.0018616458,0.001113935,0.00043345802,0.0012412363,0.0005565475,246,test
0.00045067817,0.001832539,0.98574096,0.0025473787,0.0012701742,0.0011571901,0.004003599,0.0029976396,247,test
1.1778857e-05,0.99496174,0.0006733185,0.00017056114,0.0015343712,0.0010101227,0.0005047948,0.0011334566,248,test
0.9939413,0.00027903696,0.0001033551,0.0020688633,0.0011650588,0.00055054657,0.0012460344,0.0006458474,249,test
0.9932801,0.00028404302,0.0001262706,0.0021022786,0.0013940096,0.0006324094,0.0013318639,0.00084910454,250,test
0.9938065,0.0002496933,4.5497254e-05,0.0020792263,0.0013485599,0.00046646406,0.0015206941,0.0004834284,251,test
0.00053004624,0.002032697,0.9852079,0.0025859422,0.0014466323,0.0010846582,0.003813641,0.0032984144,252,test
0.0006306796,0.0022010696,0.9832985,0.0030672697,0.0016544415,0.0010923188,0.0042033736,0.0038523562,253,test
0.0005690341,0.0024327359,0.982976,0.0028677208,0.0016129622,0.0013537856,0.0045805974,0.003607223,254,test
0.00078814465,0.0037694306,0.977647,0.003425319,0.002164805,0.0017627173,0.005641233,0.0048013167,255,test
0.0014445705,0.005336042,0.9754642,0.005142757,0.0035549263,0.002020696,0.0037436017,0.0032930363,256,test
0.9963014,0.00021156648,4.0770996e-05,0.0010697412,0.0010067532,0.00041063054,0.0006632934,0.00029575848,257,test
0.0009159118,0.004010608,0.977847,0.006003953,0.0024522645,0.002477311,0.003240884,0.0030522037,258,test
0.008063596,0.003679809,0.006877424,0.0017311332,0.0080671115,0.001932011,0.9681447,0.00150431,259,test
0.0010721954,0.004275109,0.97708935,0.0056038396,0.003324615,0.0020103636,0.0032722913,0.003352175,260,test
0.0061820215,0.006340755,0.002827847,0.0052896705,0.0081402315,0.021578277,0.003066395,0.94657487,261,test
0.0052580526,0.0012670511,0.0034839087,0.0010636753,0.004380052,0.00066785736,0.98269343,0.0011859803,262,test
0.0043154084,0.019919684,0.00070127734,0.009208536,0.9152071,0.04039142,0.002302929,0.007953689,263,test
0.0010582054,0.0038788305,0.9756594,0.006774934,0.0028518613,0.0024219619,0.0035128694,0.003842019,264,test
0.001284236,0.0062805614,0.97211075,0.006224027,0.0035896068,0.002787397,0.004080538,0.0036428727,265,test
0.0010097964,0.0041044196,0.97803736,0.005711077,0.0032716014,0.0016672228,0.0028520506,0.0033464653,266,test
0.0011951419,0.0045670387,0.97657746,0.0051027606,0.0032138126,0.0022578347,0.003716907,0.0033690552,267,test
1.5610356e-05,0.99419326,0.00065783726,0.00024712933,0.001746082,0.0016959739,0.00033559446,0.001108412,268,test
0.99606735,0.00021766359,8.6501124e-05,0.0011137761,0.0010324821,0.00053692865,0.0005038146,0.00044155685,269,test
0.99584514,0.00026032096,9.5062074e-05,0.0010692512,0.0010209314,0.00061483466,0.00049001834,0.00060444756,270,test
0.0005093327,0.0020384737,0.98688066,0.0040847464,0.0016726397,0.0013598622,0.0019870317,0.0014672617,271,test
0.001204365,0.007592978,0.97064656,0.0067050843,0.003665876,0.0035576832,0.0038318615,0.0027956537,272,test
0.0038705003,0.0015587744,0.0043016057,0.0013800984,0.004325067,0.0011660905,0.9819416,0.0014562751,273,test
0.99602485,0.00021375291,8.6166045e-05,0.0010676873,0.0010268695,0.000592238,0.0005035038,0.000484958,274,test
0.99716693,0.00014322605,3.759084e-05,0.00079756725,0.0007541176,0.00034672688,0.0004351767,0.0003186746,275,test
0.9933482,0.0003902529,0.00022118,0.0018002398,0.0017134519,0.0009226523,0.000798836,0.000805081,276,test
0.0011039749,0.0039081573,0.97869325,0.0049249553,0.0028098735,0.0017215409,0.003597667,0.003240574,277,test
0.0010690567,0.004393894,0.97827166,0.005471229,0.0029330926,0.0021417236,0.0034820342,0.0022373495,278,test
0.99325573,0.0004556605,0.00010887815,0.0017008669,0.00181252,0.000985801,0.0008111566,0.00086937007,279,test
0.0013356574,0.0041498435,0.97637844,0.005813671,0.003718993,0.002055765,0.0032131942,0.003334493,280,test
0.0014279308,0.0052084406,0.975568,0.0053772368,0.003569594,0.0018545673,0.0034828996,0.0035114049,281,test
0.0009052446,0.003532044,0.9806276,0.0049909065,0.0027076316,0.0018453617,0.0029342403,0.0024570597,282,test
0.9970937,0.00013130906,5.569289e-05,0.00078680884,0.0007559876,0.00038017592,0.00043406046,0.00036229807,283,test
5.3136787e-06,0.9967535,0.0001479807,0.00014750658,0.0021765241,0.0003776087,0.00010441912,0.00028713082,284,test
0.0012066094,0.003744081,0.9803176,0.004576891,0.0030652983,0.0015592417,0.0030058424,0.0025244895,285,test
0.9958001,0.00021711827,7.421006e-05,0.001247951,0.001048525,0.00055796996,0.0005576474,0.0004964444,286,test
0.9962607,0.00021583066,7.2777126e-05,0.001072619,0.0009398734,0.00047776726,0.00052768574,0.0004326337,287,test
0.9946741,0.0003177676,0.00013993481,0.0014410693,0.0014107936,0.0007347985,0.0006917294,0.00058972207,288,test
0.9962029,0.00019042885,8.0999365e-05,0.0009773306,0.0009939552,0.0005144613,0.00055060233,0.0004894075,289,test
0.00016813475,0.00056380185,0.00016805908,0.00085340283,6.311345e-05,0.9971027,0.00042992915,0.00065096596,290,test
0.00032444653,0.0008993265,0.00022637189,0.0010842228,8.96284e-05,0.99555737,0.00053351925,0.001285117,291,test
0.0014434645,0.006135786,0.9724788,0.0057484554,0.0039450442,0.0027523334,0.0042704777,0.0032257338,292,test
0.0048486213,0.007996423,0.960012,0.008100171,0.0049548065,0.004006687,0.006115152,0.003966127,293,test
0.0012623428,0.0046749134,0.97553605,0.0055335835,0.003505436,0.0019946324,0.003631874,0.0038611796,294,test
0.0013624824,0.005264172,0.97331387,0.0059942915,0.0033560628,0.00280798,0.004122996,0.0037782346,295,test
0.0010920368,0.0014058572,0.0002448101,0.0010151289,0.0018396016,0.00435062,0.0002426052,0.9898094,296,test
6.7736228e-06,0.99627316,0.00022497957,0.0001685768,0.0023048825,0.00049114757,0.00013755517,0.00039299857,297,test
0.0011583983,0.0043414533,0.97723,0.0053845257,0.003280637,0.0018127881,0.0033018524,0.0034903907,298,test
0.000492437,0.001002444,9.0006135e-05,0.00044050132,0.0012798699,0.0012904832,0.00012023678,0.9952839,299,test
0.0009544001,0.0032751188,0.9816357,0.0047953012,0.0025868511,0.001372261,0.0028160822,0.0025642712,300,test
0.001086971,0.004307974,0.97872055,0.004875919,0.0029861005,0.0019930787,0.0033327802,0.0026966431,301,test
0.0010678638,0.0043907273,0.97735673,0.0057043326,0.003101426,0.0021702214,0.0032973427,0.0029113009,302,test
0.0017575844,0.0030611376,4.985206e-05,0.0010261857,0.988384,0.00421624,0.00052551454,0.0009794645,303,test
0.0010696955,0.004608671,0.97871715,0.0049701813,0.0031548543,0.0017604621,0.0030668473,0.0026521464,304,test
0.0013971556,0.0048158565,0.9747005,0.0055851936,0.0034221143,0.002025484,0.0039234636,0.004130238,305,test
0.0010603024,0.0045212326,0.9778505,0.0053245863,0.0029598123,0.0021981031,0.0035632267,0.0025222101,306,test
0.0011157921,0.0043706135,0.97731197,0.0054763868,0.0033184395,0.0018953565,0.0032817153,0.0032296062,307,test
0.9938838,0.00039256638,0.00012131485,0.0019815848,0.0013135102,0.0008399518,0.00077982084,0.00068745995,308,test
8.5694424e-05,0.0005678094,0.00015376133,0.0009048844,0.00010144934,0.9971264,0.00040460177,0.0006554033,309,test
0.0016134767,0.0053176503,0.97220314,0.0065044877,0.003598483,0.0026883197,0.0040798676,0.0039946516,310,test
0.0018705007,0.009326585,0.9583656,0.009620207,0.004679078,0.0055428795,0.004968316,0.0056267157,311,test
0.00041272686,0.00013224494,0.0010392015,0.9948369,0.001235334,0.0009696488,0.0006490811,0.0007248481,312,test
0.003336707,0.0027622702,0.0040863287,0.0018383069,0.005257832,0.0018549853,0.9790055,0.0018580261,313,test
0.0009730948,0.003910826,0.97933674,0.0049924385,0.0028454168,0.0019303547,0.0031098304,0.0029012524,314,test
0.00091824983,0.0036521847,0.9798467,0.0052144337,0.0024697124,0.0021279736,0.0031256715,0.0026451116,315,test
0.9935922,0.000450095,0.00010949993,0.0018984136,0.001621035,0.0007443678,0.00080075476,0.00078363693,316,test
0.0013088868,0.0047645452,0.9746382,0.0059414147,0.0037531974,0.0019004277,0.003524974,0.0041682688,317,test
0.9961456,0.00020920957,4.0834464e-05,0.001115603,0.001076302,0.0004216773,0.0005864177,0.00040431306,318,test
0.0011188304,0.004587082,0.9757725,0.0060114767,0.003205569,0.0023088858,0.0036602847,0.0033354424,319,test
0.00016747728,0.0010666144,0.9915229,0.0019551613,0.000679095,0.0009185408,0.0020592096,0.0016309692,320,test
0.9944793,0.00021799575,4.9311016e-05,0.0021257307,0.0009347428,0.00051144167,0.0013188574,0.0003626016,321,test
0.00023967844,0.0016455061,0.9886586,0.0023555674,0.00095219596,0.0013248783,0.0027064765,0.0021171302,322,test
0.99727017,0.000102891994,2.0550922e-05,0.0009981007,0.00049843866,0.00023513522,0.0007234639,0.00015128487,323,test
0.00024753597,0.001631115,0.9898489,0.0021877745,0.00096669863,0.0009980609,0.002261415,0.0018584736,324,test
0.014740566,0.041259468,0.014432811,0.033195376,0.83301955,0.032117013,0.012648066,0.018587144,325,test
0.00018928396,0.00035722417,0.0002639247,0.0022776339,0.0012240185,0.9949844,0.00018383704,0.0005196557,326,test
0.9959264,0.00015545476,3.4161065e-05,0.0016125914,0.0007040438,0.0003785615,0.0008857846,0.00030304087,327,test
6.828858e-05,0.00051164423,0.9952271,0.0013317337,0.0003271996,0.000669105,0.0012098104,0.000655046,328,test
0.00090750353,0.0020077552,7.041084e-05,0.0027486186,0.9844698,0.0059413146,0.0014173078,0.0024372123,329,test
0.00047003396,0.004965613,0.98132366,0.0031429634,0.0015420656,0.002257083,0.0033697826,0.0029286966,330,test
0.00018918743,0.00131587,0.99104404,0.0017114372,0.0007777933,0.0012373491,0.0023331596,0.0013911679,331,test
0.00045406987,0.0037819084,0.9807508,0.0035216215,0.001977045,0.0019933477,0.0033484914,0.0041726907,332,test
0.0001829387,0.001148563,0.99051523,0.0021706026,0.0007369818,0.0010558716,0.0022595376,0.0019301883,333,test
0.00030445927,0.0017017017,0.98832345,0.0022394145,0.0012146289,0.000959855,0.0026405947,0.002615832,334,test
0.00024416996,0.0015133548,0.98987776,0.0020958537,0.000873736,0.0010036026,0.0026141347,0.0017774163,335,test
0.00076089246,0.0076761274,0.9705432,0.0060748276,0.002534774,0.0035557493,0.0035845381,0.0052698893,336,test
1.7144615e-05,0.993826,0.0008256868,0.0004889924,0.0029014228,0.001288604,0.00021848173,0.00043365083,337,test
0.00017805379,0.0010456127,0.9911936,0.0017226726,0.0005958381,0.0012688135,0.0024531328,0.0015422298,338,test
0.0003410377,0.0025265547,0.9854811,0.002949161,0.001332372,0.0015819991,0.0030328431,0.0027550878,339,test
0.99634165,0.00010430572,1.3081527e-05,0.0014738258,0.00061708875,0.00024617394,0.0010358278,0.00016801443,340,test
0.9964173,0.00013361959,2.994633e-05,0.0012432608,0.00071048125,0.0003136175,0.0009062982,0.00024556095,341,test
0.9881981,0.0010334362,0.00076942774,0.0024050407,0.0023290769,0.0016029775,0.0022176336,0.0014443098,342,test
0.00024106793,0.0014643322,0.9906221,0.0018759186,0.00094144186,0.0008752708,0.002213239,0.0017665382,343,test
0.0003877604,0.0012753193,3.1649877e-05,0.0012401271,0.9919092,0.0027547579,0.0008855198,0.00151557,344,test
0.9942015,0.00028876498,9.38506e-05,0.0019316846,0.001132819,0.0006027656,0.0012948005,0.00045386175,345,test
7.0865506e-05,0.00049261015,0.99576217,0.0011764002,0.00032657068,0.0005896846,0.0010811379,0.00050055044,346,test
0.00014407927,0.00040201235,3.458453e-05,0.00031789817,0.0004936819,0.00031556602,0.00010704347,0.9981851,347,test
0.00022074074,0.0012669694,0.990301,0.0020447115,0.0008637365,0.0009996955,0.0024333384,0.0018698968,348,test
0.0005263635,0.2798473,0.007123946,0.005948483,0.009860078,0.016592251,0.6692443,0.0108573185,349,test
0.00049365644,0.0069911955,0.97689337,0.0035956136,0.0023741086,0.003856182,0.0033627464,0.0024331054,350,test
0.0001935034,0.001416708,0.99047005,0.0023027065,0.0007647488,0.0012710897,0.002100896,0.0014802354,351,test
0.04366748,0.015987786,0.01815235,0.15293272,0.12660183,0.09645071,0.52898824,0.017218897,352,test
0.99575377,0.00015603274,1.9940595e-05,0.0016508286,0.0007630541,0.0003556832,0.0010479075,0.00025286863,353,test
0.9717965,0.0028040702,0.005575281,0.0054839575,0.0034289837,0.0027185227,0.0058593135,0.002333345,354,test
0.00021341338,0.0013257257,0.9906093,0.0017285283,0.0008340123,0.0010360369,0.0024886876,0.0017642432,355,test
0.997407,8.0351136e-05,1.0812525e-05,0.00089445914,0.0005066796,0.0002029762,0.00074594445,0.00015178167,356,test
0.0005124586,0.00092932954,0.00013036905,0.0012699825,0.00047854875,0.007783861,0.00050374254,0.9883916,357,test
0.00038118026,0.0024585898,0.986495,0.0028558534,0.0014566468,0.0014442186,0.0026481776,0.0022602594,358,test
0.0012108164,0.009816948,0.92889446,0.0074195033,0.002024823,0.022992803,0.012516454,0.0151241915,359,test
0.99687505,0.00012234416,2.7647657e-05,0.0011767086,0.0005802417,0.00025194575,0.0007445888,0.00022148405,360,test
0.99722844,8.972809e-05,1.2939939e-05,0.0009882126,0.0005497505,0.00018994293,0.0008112572,0.00012974607,361,test
0.0002419118,0.0013537308,0.99060714,0.00199383,0.0009973792,0.00086815556,0.0021724578,0.001765389,362,test
0.0008163978,0.0048036245,0.97443557,0.005909946,0.002375659,0.0029334202,0.003456694,0.0052686175,363,test
0.00022945416,0.0017520672,0.98907113,0.0019807925,0.0010173201,0.0010420434,0.002965335,0.0019419321,364,test
0.005650826,0.0063179154,0.95862156,0.007352106,0.0041409386,0.0032985252,0.008748282,0.005869724,365,test
0.00020506395,0.0012778451,0.9909827,0.0019223499,0.00066411705,0.0010338775,0.0023005784,0.0016134814,366,test
0.99697244,0.00013325857,4.456041e-05,0.0010121684,0.0005858068,0.00026491572,0.0007796941,0.00020722584,367,test
7.7516976e-05,0.00020076637,1.9261232e-05,0.00022857002,0.00016294957,0.00035490317,9.4060066e-05,0.9988619,368,test
0.00017946129,0.0013850934,0.9904124,0.0021800774,0.00062945375,0.0014961549,0.0023441773,0.0013732068,369,test
0.0002283595,0.0016786059,0.98908585,0.0024440729,0.0010186735,0.0012479045,0.0023035004,0.0019931921,370,test
0.00020094338,0.0014183746,0.9909149,0.0017682858,0.0008622056,0.0010469466,0.0022152765,0.0015731157,371,test
0.00019913519,0.0012038366,0.99142414,0.0017365993,0.00074663706,0.0009238929,0.0023248582,0.001440981,372,test
0.32971275,0.054638475,0.008774206,0.064563684,0.06513093,0.35044917,0.0148808025,0.11184999,373,test
0.99661106,0.00015436196,3.9090424e-05,0.0010697455,0.00072907325,0.00032934474,0.0008255418,0.00024171165,374,test
0.9963766,0.00012594704,1.5729163e-05,0.0012669077,0.00079218554,0.00026568671,0.0009610961,0.00019582998,375,test
0.00022455747,0.0014662689,0.99038553,0.0019237859,0.00091607036,0.0010504342,0.002422819,0.0016105834,376,test
0.00013462771,0.00091673655,0.9928644,0.0018362325,0.00053624826,0.00083071634,0.0017003054,0.0011807833,377,test
0.9967962,8.675028e-05,1.1999719e-05,0.0012537244,0.00053248816,0.00021218894,0.00094658876,0.00016010585,378,test
0.99518543,0.0002746469,0.00011183216,0.0016761001,0.0008983396,0.0005001356,0.00095472805,0.0003988754,379,test
0.00027839612,0.001998839,0.98877454,0.0023858729,0.0008337416,0.0016745955,0.002498669,0.0015554426,380,test
0.0003014864,0.002154694,0.98789656,0.0025138406,0.0010676875,0.0012976234,0.0027081573,0.0020599565,381,test
0.00010112108,0.00065696,0.9944936,0.0015883112,0.00025182564,0.0010187052,0.0013688495,0.0005206692,382,test
0.000197681,0.0013239264,0.9912073,0.001748428,0.00085315405,0.0009892704,0.002147666,0.0015325866,383,test
0.98836213,0.00041340705,0.00029091493,0.004215463,0.002619412,0.0008682143,0.0025002735,0.0007302143,384,test
0.988958,0.0002230271,0.00011581446,0.004904501,0.0019557301,0.0004968083,0.0028669848,0.00047909454,385,test
0.9880475,0.0005195679,0.00042466403,0.0037105386,0.002969681,0.0010060606,0.002483696,0.00083832064,386,test
0.0003661269,0.00064594205,0.00015564162,0.0008527005,0.0010768643,0.0010660185,0.00024594663,0.9955907,387,test
0.00038373208,0.009018345,0.002181908,0.00085232983,0.0009387228,0.01172772,0.0010049257,0.9738922,388,test
8.451307e-05,0.00091931893,0.9935034,0.0015160916,0.000593195,0.00064605067,0.0016808282,0.0010566879,389,test
0.98893905,0.00027869485,0.00014484278,0.0041795555,0.0022116448,0.0005776586,0.00316363,0.00050494284,390,test
0.00029886697,0.0022404213,0.00059238623,0.0021234185,0.00074640015,0.9895587,0.0010139387,0.0034258491,391,test
0.9881821,0.0005527238,0.0005756382,0.003294215,0.0031944069,0.0011388503,0.002207037,0.0008549382,392,test
0.980648,0.00045044522,0.00010435618,0.006701477,0.0037150395,0.00085191877,0.0069648917,0.0005639177,393,test
9.5708056e-05,0.0009941993,0.99331,0.0013958449,0.00061445613,0.00074222876,0.0019230626,0.0009245753,394,test
9.4030074e-05,0.0009999127,0.99302304,0.0015238663,0.0005705413,0.00079051376,0.002057514,0.00094058376,395,test
0.00011555902,0.0012337302,0.9924194,0.0015219026,0.00070795906,0.0007965212,0.0020778666,0.001126944,396,test
0.00012410525,0.00125144,0.9917425,0.0018011081,0.0007954,0.0008965167,0.0022407877,0.0011481347,397,test
3.0909585e-05,0.00041163445,0.9965527,0.0009872973,0.0002715201,0.00049350853,0.0009624805,0.00028989156,398,test
0.00011854792,0.001169935,0.9927038,0.0014591083,0.0007355587,0.000728947,0.0019888727,0.0010953994,399,test
2.4416833e-05,0.99146456,0.0020372886,0.00034590263,0.002859921,0.0015217228,0.00069688226,0.001049318,400,test
0.00011862144,0.0012518741,0.9923149,0.001441965,0.0007190406,0.0008054996,0.0021572225,0.0011909958,401,test
8.255333e-05,0.00077604584,0.99452114,0.0012891389,0.0005510606,0.0004980268,0.001557598,0.000724493,402,test
9.2612805e-05,0.0010283013,0.993509,0.0013839926,0.0006340953,0.00071075576,0.0017670282,0.00087412697,403,test
0.00015256283,0.0017698671,0.99034166,0.0020450512,0.0008720556,0.0009650718,0.0025460722,0.0013076214,404,test
4.707409e-05,0.9861026,0.0042822743,0.000576938,0.0034224167,0.0026559173,0.0011946164,0.001718226,405,test
0.00010998527,0.0012719269,0.99211735,0.0018541113,0.0007035171,0.00084839534,0.0021968314,0.00089796993,406,test
0.98119825,0.000663323,0.0004281183,0.005059624,0.004920129,0.0014677836,0.0053469595,0.00091584894,407,test
0.000282996,0.00048499738,0.00010472541,0.0010319364,0.0010833831,0.00065080053,0.00024782488,0.9961133,408,test
0.983074,0.00039516034,0.00026476252,0.006312847,0.002833245,0.0007372464,0.005602428,0.00078030763,409,test
6.986748e-05,0.00073653687,0.99475926,0.0012299139,0.0005381865,0.0005552053,0.0014931894,0.0006177987,410,test
9.93451e-05,0.0010619339,0.9931717,0.0015697601,0.00063905574,0.0007278162,0.0018957661,0.0008346225,411,test
0.00023514521,0.0028095532,0.9870077,0.0023849916,0.001297191,0.0017426781,0.0027585572,0.0017642193,412,test
2.1479993e-05,0.990666,0.0024250331,0.00035228947,0.0019901309,0.0023355302,0.00081836095,0.001391187,413,test
0.981042,0.0008314494,0.0005709363,0.0045611444,0.0052451305,0.0018612776,0.0048248623,0.0010630495,414,test
0.9716338,0.0016952374,0.0015772232,0.0062599103,0.008219356,0.002325467,0.0068497374,0.0014392631,415,test
6.1286155e-05,0.0006477234,0.9950801,0.0011400041,0.00043771561,0.0005525929,0.0014686317,0.00061185076,416,test
8.9582085e-05,0.0009369952,0.9933931,0.0014444862,0.0005865361,0.00073860696,0.001974596,0.00083613757,417,test
7.639472e-05,0.00076745596,0.99406874,0.0014644912,0.00046538594,0.0006899105,0.0017106645,0.00075693807,418,test
6.926681e-05,0.00072547235,0.99489814,0.0012256119,0.0004886083,0.00050824526,0.0014334623,0.00065120717,419,test
0.87444013,0.013560135,0.040544633,0.019593162,0.024709642,0.0064201755,0.015861487,0.0048706136,420,test
0.98785,0.0003095352,0.000105354025,0.0042880056,0.0025447274,0.0006938495,0.0036259408,0.00058261555,421,test
0.9900782,0.00028200744,0.00014096158,0.0041182875,0.0019688571,0.00051009475,0.0024260515,0.0004755952,422,test
0.00017124579,0.0019083901,0.99189657,0.0019966008,0.0011801061,0.0007769148,0.001268269,0.00080181763,423,test
2.9816518e-05,0.98909944,0.0030915504,0.00045573307,0.002945014,0.0020948523,0.0009179554,0.0013655456,424,test
0.99056166,0.00026949914,6.484686e-05,0.0035407993,0.0024033934,0.000640007,0.0017736586,0.0007462081,425,test
0.9746166,0.0015731703,0.0040185764,0.005923653,0.0055324207,0.0019705386,0.0045652054,0.0017998932,426,test
0.00011296139,0.0010403703,0.99298495,0.0014736633,0.0007104564,0.00062660646,0.0019125377,0.0011384757,427,test
8.260428e-05,0.0008105529,0.9945201,0.0013375138,0.000562647,0.0005151215,0.001452696,0.0007187517,428,test
5.2035877e-05,0.9849385,0.004592111,0.00063736754,0.004185106,0.0026057323,0.0012052001,0.0017839873,429,test
0.000111143534,0.0010861711,0.99243236,0.0017546044,0.00074473995,0.000901778,0.0019077455,0.0010615393,430,test
0.98705506,0.00051031477,0.00032349507,0.003743308,0.003659931,0.0010297744,0.0030154304,0.00066279963,431,test
0.990139,0.00024274734,9.007797e-05,0.0034206181,0.0021649702,0.0004995141,0.003034981,0.00040810232,432,test
8.6910106e-05,0.000395139,0.00025769728,0.0009819376,5.103951e-05,0.9973002,0.00035604913,0.0005709652,433,test
9.8503755e-05,0.0009981018,0.9938035,0.0014388225,0.0006874136,0.0005557896,0.0016247898,0.0007930522,434,test
0.9761234,0.0013384991,0.0012873865,0.0054543386,0.0066582495,0.0027653002,0.004797184,0.0015755334,435,test
5.358814e-05,0.0006041823,0.99535877,0.0011837775,0.0003905825,0.0005447659,0.0013886001,0.00047578264,436,test
0.00010818151,0.0010748659,0.9929757,0.0014811634,0.0006834573,0.00067633117,0.0019822738,0.0010179892,437,test
0.98934466,0.00022945917,5.775277e-05,0.004230648,0.002178341,0.00054600363,0.003034294,0.0003788753,438,test
9.799335e-05,0.0010204171,0.9935207,0.0014380501,0.0007054559,0.0006290119,0.0017025581,0.00088586536,439,test
8.6951986e-05,0.0007993638,0.00039290288,0.0012643214,0.00042584704,0.99550533,0.0006770203,0.0008482002,440,test
8.813781e-05,0.00090024027,0.99355304,0.0013908014,0.000554333,0.00068531063,0.0019224301,0.0009057582,441,test
0.98891056,0.0003187606,0.00015712998,0.0041342294,0.0022604545,0.0007320849,0.002721141,0.0007656962,442,test
8.790577e-05,0.00088179077,0.9940864,0.0014935454,0.00062651915,0.00054918166,0.001516567,0.000757965,443,test
0.00023117871,8.6177075e-05,4.8564443e-06,0.00071421853,0.9964042,0.0006609884,0.0017295245,0.00016883807,444,test
0.9843113,0.00048491932,0.00017136594,0.00555055,0.0036371115,0.0010276638,0.0040771575,0.0007399258,445,test
9.56289e-05,0.0009898031,0.9934715,0.0015378539,0.0005947955,0.0007634999,0.0017793439,0.00076764694,446,test
0.00011098463,0.0011443262,0.9927464,0.0016874669,0.00081366807,0.0007554372,0.0017750812,0.0009666553,447,test
0.0024249654,0.003325623,0.9744222,0.005924212,0.0028345853,0.0017921724,0.0065931636,0.002683117,448,test
0.002022617,0.002838715,0.9779921,0.0047602337,0.0027201574,0.0015613079,0.005624125,0.0024806955,449,test
0.03635319,0.02898251,0.004074661,0.015333298,0.02271708,0.69818914,0.009970557,0.18437964,450,test
0.0023169883,0.0026653965,0.9770471,0.0060310536,0.0028510124,0.0014308521,0.005267623,0.002389899,451,test
0.0018575444,0.0032725725,0.97479236,0.0067535345,0.0028684314,0.001687175,0.005643029,0.003125304,452,test
0.0024215833,0.0044168937,0.97198963,0.0059940275,0.003886203,0.0020067121,0.006499627,0.0027853095,453,test
0.0003934146,3.3057066e-05,0.00042821918,0.9977725,0.00044765574,0.0002785066,0.00032917247,0.00031748417,454,test
0.99336064,0.00029415774,5.6728535e-05,0.0019386954,0.0019759808,0.00029418326,0.0018486737,0.00023076135,455,test
0.0018665211,0.0036288819,0.97509086,0.0057961894,0.0029033632,0.0017304415,0.006013582,0.0029701362,456,test
0.00027120777,1.2173538e-05,2.797585e-05,4.690523e-05,0.00043861367,5.4497145e-06,0.99918026,1.7369855e-05,457,test
0.9966953,0.00011932145,2.3337678e-05,0.0009923906,0.0010142792,0.00013803631,0.0008822444,0.00013501111,458,test
0.0017891058,0.002756409,0.9785674,0.0048013045,0.002620602,0.0013978836,0.00542402,0.0026432169,459,test
5.312367e-05,0.9907295,0.0012563291,0.00043722332,0.0041103247,0.0012358034,0.0008113203,0.0013663138,460,test
0.001867301,0.0030315141,0.9774674,0.0048901085,0.0027022439,0.0016468442,0.005821945,0.0025725663,461,test
0.9956921,0.00017975741,4.164368e-05,0.0013187461,0.0013608828,0.00020516611,0.0010381901,0.00016359765,462,test
0.0019896058,0.003078435,0.9776438,0.005096819,0.0029017748,0.0014424303,0.0052894005,0.002557794,463,test
0.002083873,0.0032030137,0.975024,0.0065889168,0.0028304246,0.001621954,0.005673656,0.002974198,464,test
0.0035300888,0.0075062374,0.9590704,0.009408397,0.0043385713,0.002988209,0.008588242,0.0045698364,465,test
0.9965243,0.00012696773,2.69389e-05,0.0011188377,0.0010576993,0.00015037727,0.0008584699,0.00013638237,466,test
0.99595034,0.00015214,4.3392032e-05,0.0013259191,0.0012438899,0.0001949604,0.00091519265,0.0001740902,467,test
0.0016938566,0.0028086132,0.9795843,0.0043945713,0.0025337532,0.0014999583,0.005197831,0.0022871874,468,test
0.002543195,0.0050609824,0.9689436,0.006541567,0.0040403656,0.0020524217,0.0072055603,0.0036123276,469,test
0.0013569829,0.0024457122,0.9815516,0.004428514,0.0022614666,0.0013914605,0.00448263,0.00208163,470,test
0.0027691277,0.0032064766,0.9729388,0.00684684,0.0031630252,0.001754387,0.00634698,0.00297435,471,test
0.0016930933,0.0024410684,0.9805043,0.004658398,0.0025764348,0.0012595316,0.004623531,0.0022436497,472,test
0.004211642,0.0039542853,0.9655493,0.008860006,0.0037127226,0.0021796797,0.007751761,0.0037806511,473,test
0.0026943502,0.004613234,0.96949536,0.0063048727,0.003691156,0.0020735138,0.007543916,0.0035836264,474,test
0.0019538407,0.0032750836,0.9774825,0.004955766,0.002948409,0.0014942421,0.005287282,0.0026028452,475,test
0.0019130878,0.0028034176,0.97821975,0.0052488116,0.0029542663,0.0014980877,0.0051875347,0.0021750606,476,test
0.003771373,0.0057336316,0.96483,0.007482802,0.0036388712,0.0027354592,0.0084110275,0.00339681,477,test
0.0014154053,0.0021967955,0.9818828,0.0043181777,0.0022570125,0.0011800398,0.004713413,0.0020362807,478,test
3.1247666e-05,0.9941537,0.0008192559,0.00026099826,0.0020726183,0.0010914336,0.00060993445,0.0009608391,479,test
0.9960925,0.0001433748,2.386057e-05,0.0012008324,0.0012091378,0.0001652363,0.0010271777,0.00013788811,480,test
0.0019638373,0.0032988167,0.9769291,0.004974881,0.0028718277,0.0016596353,0.0056813,0.002620637,481,test
0.0011377321,0.0015239079,0.00020508886,0.00073476566,0.0019425176,0.0014168072,0.00039336432,0.99264586,482,test
0.0045455997,0.0054839053,0.0021336474,0.010562422,0.012565761,0.95310163,0.0029050512,0.008701931,483,test
3.8989976e-05,0.99235934,0.0010252041,0.0003434814,0.0032580763,0.001110136,0.00069275365,0.001172019,484,test
0.002118499,0.0046676444,0.9711812,0.006743545,0.0037182006,0.0020263044,0.0065200054,0.0030244861,485,test
0.0032201419,0.004636295,0.96724296,0.008386187,0.003835249,0.0020316774,0.007017675,0.0036298393,486,test
0.0016924273,0.0026834153,0.9793123,0.0049476256,0.002664937,0.0013965769,0.0049446016,0.0023580885,487,test
0.001405439,0.0013128467,0.00017492339,0.0009496331,0.002165438,0.0013679935,0.00042602097,0.9921977,488,test
0.0028210399,0.0024338185,0.97707874,0.005674689,0.0029001571,0.0013885631,0.0055512604,0.0021516364,489,test
0.99571544,0.00017601275,3.319331e-05,0.0012736741,0.0013242626,0.00018709214,0.0011234413,0.00016679021,490,test
0.00082142325,0.001369723,0.9871793,0.004036512,0.0014272167,0.0009002507,0.0031029943,0.0011626529,491,test
0.0017249277,0.0029586654,0.97849476,0.0047501377,0.002571716,0.0016211746,0.005500428,0.0023782502,492,test
0.0016186612,0.0036237882,0.97611576,0.0060018515,0.00286058,0.0018424407,0.0055711013,0.0023659135,493,test
0.0017080648,0.0031262944,0.9775081,0.005310196,0.0026210563,0.0015956939,0.0055474774,0.0025830898,494,test
0.0007945552,0.0015862357,0.9868385,0.003913607,0.0014854426,0.0010339798,0.0031856461,0.0011619589,495,test
0.00025748144,0.0008674776,0.0005013458,0.0015631767,0.00012370363,0.99469984,0.0010538712,0.0009330719,496,test
0.0017455894,0.0028188848,0.97890365,0.0049620103,0.0027126325,0.0012470633,0.004997979,0.0026122374,497,test
0.0014757275,0.0026135477,0.9791454,0.0054407157,0.0021766848,0.0015806674,0.005225927,0.0023412828,498,test
0.0020076006,0.006920758,0.96676695,0.0064635724,0.003887321,0.0033955553,0.0074630585,0.0030951605,499,test
0.0019126661,0.0030711899,0.9780418,0.0048425975,0.0028929668,0.0014618435,0.005196627,0.0025802446,500,test
0.0016933889,0.0032039399,0.9783303,0.0047912137,0.002790067,0.0014566912,0.005130006,0.0026043502,501,test
0.0072091254,0.0038424125,0.0004176412,0.004581805,0.97313875,0.0048398674,0.003392043,0.00257832,502,test
0.0020602567,0.0031797437,0.9771937,0.004966242,0.0030064695,0.0014656401,0.005452093,0.0026757899,503,test
0.0016578019,0.0015318233,0.00041086378,0.0010766844,0.0016672175,0.0031668276,0.00052323693,0.98996556,504,test
0.9964228,0.00011292241,3.6916445e-05,0.0012263797,0.0010643043,0.00018115922,0.00077917054,0.00017637904,505,test
0.0018377457,0.0029734918,0.9778226,0.0054887896,0.0027801364,0.001564548,0.005238996,0.0022936643,506,test
0.002192951,0.0034485848,0.9747858,0.006588997,0.0030530868,0.0017235478,0.005584005,0.0026229774,507,test
0.89981085,0.008215141,0.05048988,0.012434033,0.015478477,0.002248418,0.008693111,0.002630149,508,test
0.0026146348,0.0045039803,0.96909654,0.007671007,0.0031662919,0.0024034781,0.0070993844,0.0034447955,509,test
0.0021251137,0.00280486,0.9770826,0.005044424,0.0028468478,0.0014027932,0.005729545,0.0029637902,510,test
0.00077887706,0.0017777745,0.00035835928,0.0018106651,0.0002279639,0.9914732,0.0015528741,0.0020202696,511,test
0.9923739,0.00046154024,0.00019240934,0.0024373138,0.0017790815,0.0005764581,0.0016219829,0.00055730925,512,test
0.005083403,0.018215073,0.00801493,0.01767601,0.033124845,0.8907067,0.004397538,0.02278151,513,test
0.0002824049,0.0021442221,0.9885788,0.00231356,0.0011560065,0.0009796107,0.0029192446,0.0016261444,514,test
0.00019855525,0.0014983113,0.9913605,0.0019212251,0.0008784663,0.0007769228,0.002249652,0.0011164048,515,test
0.0002328828,0.0019083099,0.9894292,0.0022054736,0.0009658774,0.00096643844,0.0027948616,0.0014971083,516,test
0.9843052,0.0011313373,0.0003560106,0.0043504667,0.0043252734,0.0013170126,0.0032280926,0.0009865968,517,test
0.0003093183,0.002527483,0.987656,0.002729481,0.0013861614,0.0012628078,0.0028085206,0.0013202685,518,test
0.989705,0.0005986011,0.00021950234,0.0035532566,0.0023594338,0.00082267314,0.0020400377,0.00070148776,519,test
0.00023723456,0.0018499112,0.9894881,0.0022868738,0.0010901603,0.00095336756,0.0026385868,0.0014558284,520,test
0.983667,0.0010170967,0.00014357464,0.005192566,0.0035148025,0.0009909939,0.0046929065,0.000781017,521,test
0.99085593,0.0004966574,0.00016960494,0.0033592223,0.0019823771,0.00065177795,0.0018304893,0.0006539343,522,test
0.000130515,0.0010759862,0.9931351,0.0017851872,0.00057768094,0.0005974982,0.0018798714,0.00081808603,523,test
0.989796,0.0006115873,0.0002223416,0.0037645467,0.0021362337,0.00076326466,0.0018981493,0.0008079314,524,test
0.0012688529,0.0024212545,0.0006642695,0.00097112526,0.0018237649,0.00325931,0.0004917496,0.9890997,525,test
0.0002469348,0.0021200196,0.989449,0.002222497,0.0011125628,0.000935426,0.0025133337,0.0014002617,526,test
2.9439157e-06,0.9979929,0.00016583913,8.475446e-05,0.0011035259,0.00030761864,0.00012777286,0.00021467914,527,test
0.0002954655,0.0020618495,0.98883164,0.002312932,0.0011575423,0.00088374777,0.0027918315,0.0016650123,528,test
0.00162424,0.0037277462,0.00019903205,0.0028574714,0.9843785,0.004095735,0.0014305135,0.0016867098,529,test
0.00023359848,0.0019514068,0.989626,0.0021075173,0.0010410446,0.0009939161,0.0026941514,0.0013523267,530,test
0.9873038,0.00080699776,0.00039210086,0.0041248538,0.0029409921,0.0010719129,0.0023276403,0.001031777,531,test
0.00025795194,0.9660108,0.009473554,0.0018578306,0.009880918,0.00533139,0.0037757712,0.0034116567,532,test
0.0002817268,0.0023047067,0.9879494,0.002648544,0.0012449371,0.0010190317,0.002876912,0.0016746589,533,test
0.00041239918,0.001091921,0.00018054966,0.0005875732,0.0014049239,0.0008032687,0.00023255334,0.9952868,534,test
0.99012285,0.000680664,0.00016416867,0.002840431,0.002393107,0.0007161001,0.0024917254,0.00059094327,535,test
0.00030742085,0.002410808,0.987427,0.0024589247,0.0013054393,0.001100814,0.0031957019,0.0017938275,536,test
0.00024442823,0.0019295155,0.9893923,0.002681078,0.0011077662,0.0010013499,0.0023989372,0.0012445017,537,test
0.00026667694,0.0020940362,0.98848313,0.0023131755,0.0011249342,0.0010440028,0.0030821299,0.001591852,538,test
0.9814069,0.0010424404,0.0007669234,0.006379766,0.004205639,0.0016697827,0.0029725125,0.0015559538,539,test
0.00039384852,0.00092669274,0.0001799032,0.0007426817,0.0010505007,0.00084095774,0.0002691049,0.99559623,540,test
0.013086593,0.016369913,0.004909387,0.03530173,0.008194755,0.8901467,0.0025858611,0.02940509,541,test
0.00031031398,0.0024637638,0.98698735,0.0029512935,0.0012776579,0.0012667639,0.0030920089,0.0016508267,542,test
0.00029887192,0.0022432953,0.98784107,0.0028739395,0.0014754646,0.00092256605,0.0026833906,0.001661426,543,test
0.00021339428,0.0017683981,0.9904393,0.002124391,0.0009618379,0.0007921062,0.0023808952,0.0013196225,544,test
0.00022273221,0.0018185428,0.98927736,0.0025789924,0.0009829312,0.0009937267,0.002574439,0.00155132,545,test
7.940456e-05,1.7775606e-05,2.6454072e-05,0.00013548275,0.00048359582,1.1292969e-05,0.9992169,2.9180988e-05,546,test
0.00062774855,0.0048125535,0.00038043386,0.0020265863,0.00026021933,0.9863494,0.00142545,0.004117647,547,test
0.0010876282,0.0041759247,0.9774504,0.0050154747,0.0025419965,0.0017567019,0.0044840435,0.00348781,548,test
0.9827624,0.0010300291,0.00032594203,0.0058420193,0.0039129537,0.0012973791,0.0037873979,0.001041981,549,test
0.9904417,0.00048641433,0.00013253154,0.0035578127,0.002001331,0.0006035976,0.0021755726,0.0006011246,550,test
0.0002839103,0.0023147105,0.98843527,0.0026382953,0.0012228388,0.00097039103,0.0027721748,0.0013624693,551,test
9.747e-05,0.0005848158,0.00032012808,0.00086280744,3.738433e-05,0.99700963,0.00040252795,0.00068518694,552,test
0.00025995172,0.001996097,0.98920095,0.002359575,0.0011235528,0.00085470214,0.0027266361,0.0014786432,553,test
6.86221e-05,0.00059511256,0.00021619065,0.0009043467,5.8568057e-05,0.99694926,0.00060173805,0.0006063491,554,test
0.99228853,0.00046568716,0.00016035775,0.0024476813,0.0017889662,0.0005779013,0.0016544238,0.0006163857,555,test
0.00028808793,0.002285929,0.9883768,0.0026188002,0.0011846159,0.001008725,0.0028561577,0.0013808409,556,test
0.99016505,0.00053080695,0.00021906575,0.0031376865,0.002420849,0.00080546725,0.0018748536,0.00084624393,557,test
0.0002173869,0.0018268788,0.9896638,0.0024804047,0.0010718133,0.0008464958,0.0023102667,0.0015829562,558,test
0.00020928463,0.0014490683,0.9910034,0.0020649221,0.0008981279,0.00071999937,0.0024439308,0.0012112545,559,test
0.98944384,0.00054061867,0.00023861347,0.0043425127,0.001998471,0.00074988214,0.0019825161,0.0007035555,560,test
0.00021125663,0.0017026173,0.99085605,0.0019498481,0.0009434462,0.00073015195,0.0022889709,0.0013177011,561,test
0.00022906486,0.0019188494,0.9900388,0.0019235702,0.0010190344,0.0008426483,0.0025972186,0.0014308671,562,test
0.00036197144,0.0027215076,0.98684573,0.0024581754,0.001453886,0.0010211666,0.003139096,0.001998427,563,test
0.00027777415,0.0021241403,0.9890808,0.0024030847,0.001229693,0.0008100327,0.0026943765,0.0013800379,564,test
0.00027154115,0.002237504,0.98874587,0.0021118866,0.0011419577,0.0009697216,0.0028764005,0.0016450926,565,test
0.0002565286,0.0020501243,0.9887967,0.0025698761,0.0011215219,0.0010334782,0.0026023772,0.0015693227,566,test
0.00030676668,0.0021418862,0.98828375,0.002490294,0.001301359,0.00081253774,0.0027287374,0.0019345642,567,test
0.989092,0.0006259343,0.0001480092,0.003693433,0.002529517,0.0007679624,0.002454725,0.0006883911,568,test
0.9876351,0.00076893665,0.00036785068,0.0041403454,0.0026318377,0.0011454477,0.0022479123,0.0010625776,569,test
0.9906771,0.0006214288,0.0004802419,0.002790501,0.0021128778,0.0009253224,0.0014151547,0.0009773651,570,test
0.00032416318,0.0031913687,0.9851586,0.0028286274,0.0013587573,0.0016667891,0.0033672631,0.0021044814,571,test
6.494805e-05,0.00043230248,0.00012413196,0.0006181535,3.0743693e-05,0.99786806,0.00031979376,0.0005418613,572,test
0.00021994491,0.0018837526,0.98946625,0.0026637004,0.0010750992,0.0010319223,0.0023977407,0.0012616216,573,test
0.00024927274,0.002270557,0.98913026,0.0023687836,0.0011807202,0.0009166057,0.0025321464,0.001351639,574,test
0.0013284999,0.004823023,0.00041638382,0.003729274,0.97997767,0.0055350945,0.0021069364,0.0020830322,575,test
6.4426466e-05,0.0015127376,0.9939427,0.0012716793,0.0005502453,0.00051132374,0.0015606014,0.0005863062,576,test
7.341951e-05,0.0019510795,0.9931331,0.0013959616,0.0006360438,0.0005577885,0.0015994356,0.0006530662,577,test
0.00029285875,0.001746692,0.0005007548,0.00053226965,0.0012864379,0.001543626,0.00021623788,0.9938812,578,test
0.008029619,0.6738691,0.17853959,0.016442765,0.07601602,0.008744602,0.018912297,0.019446053,579,test
7.5196534e-05,0.0016848663,0.99321556,0.0015646766,0.0006870976,0.0006123378,0.0016191716,0.00054119795,580,test
0.96173704,0.0032934183,0.0054036505,0.006240798,0.010618289,0.0036425712,0.0064086393,0.0026556232,581,test
4.7015743e-05,0.0012317209,0.9951003,0.0012694517,0.00041769794,0.0003808088,0.0011191728,0.0004338056,582,test
0.9699308,0.0020004231,0.0007559868,0.007530581,0.008781384,0.0019030455,0.00765632,0.0014414082,583,test
0.97682273,0.0015196494,0.0007204195,0.0068177935,0.0062281527,0.0016605732,0.0048486684,0.001382097,584,test
6.7226414e-05,0.0014901453,0.99367285,0.0014689993,0.0005204343,0.00062111835,0.0016628625,0.00049635716,585,test
7.3549636e-05,0.0020699701,0.9927456,0.0015009128,0.0005601053,0.00064718846,0.001650598,0.0007521961,586,test
5.9447633e-05,0.0014237013,0.9945016,0.0012889551,0.00051016075,0.00038179877,0.0013255746,0.00050880294,587,test
0.00053829746,0.0018011081,0.00048426658,0.0009904305,0.002942429,0.0015932468,0.00035217457,0.9912981,588,test
6.2636755e-05,0.0015072234,0.99411833,0.0012913404,0.0005384944,0.0004588662,0.0014877497,0.0005353696,589,test
5.7141442e-05,0.0015385903,0.9942966,0.0013163567,0.0004724816,0.00044834474,0.0013153792,0.00055518316,590,test
4.848464e-06,1.1243286e-05,1.3094456e-06,2.4836507e-05,0.00033128198,1.4631636e-06,0.99962354,1.3707449e-06,591,test
0.9768162,0.0014431754,0.0020752174,0.0069884732,0.0055191424,0.0014178008,0.004538432,0.0012015513,592,test
0.96428365,0.001903009,0.0012685015,0.009660518,0.010991805,0.002227074,0.008341665,0.0013237655,593,test
0.00047002887,0.0016594208,0.00050763576,0.00076537346,0.0018919155,0.0017037764,0.00023361502,0.9927683,594,test
0.96089727,0.0026275292,0.0009941355,0.009603828,0.011039811,0.0023927155,0.01080406,0.0016407407,595,test
0.9700513,0.0022616365,0.0013978172,0.007524574,0.008601837,0.0024302937,0.005567461,0.0021650693,596,test
3.1820447e-05,0.00095503277,0.9960639,0.0010688987,0.00032478623,0.0004031651,0.00090168684,0.0002507313,597,test
8.0470534e-05,0.0017053956,0.9930675,0.0014778209,0.0007215613,0.0006362405,0.0017654767,0.0005455564,598,test
0.2119633,0.07759522,0.29008475,0.0527862,0.06920486,0.16025959,0.051842768,0.08626331,599,test
0.9609937,0.0030769424,0.0013798556,0.0091260085,0.011397078,0.002795887,0.009217892,0.0020126929,600,test
6.010221e-05,0.0014732537,0.9940263,0.0012458724,0.00051814184,0.00045471443,0.001557894,0.00066364324,601,test
0.9746679,0.0017150448,0.0011821948,0.008628641,0.0057333265,0.0017596199,0.004605551,0.0017076737,602,test
0.97321576,0.0019732094,0.0014492776,0.008782818,0.006772624,0.0017828663,0.0043890835,0.0016343067,603,test
0.97496426,0.0018686865,0.0013518421,0.0055178143,0.007937625,0.0023771566,0.004229084,0.0017536615,604,test
0.9717382,0.0019250392,0.00092394167,0.0064072697,0.009176586,0.0025572705,0.0055074324,0.0017642734,605,test
0.97299916,0.001468095,0.00053907675,0.009838059,0.0062373364,0.0016412964,0.005914085,0.0013629249,606,test
0.97043455,0.002211832,0.001474447,0.0067505105,0.0089441,0.0027979342,0.005128969,0.0022576936,607,test
5.8561443e-05,0.0015503045,0.9941954,0.0013341092,0.00049985177,0.0004909554,0.001355766,0.0005150847,608,test
0.953526,0.0033045595,0.0016415414,0.012346488,0.013584098,0.0035460826,0.009708194,0.0023428944,609,test
7.540583e-05,0.0010149784,0.0003194359,0.00131897,0.00021708626,0.9955592,0.0006475136,0.00084742944,610,test
5.5828354e-05,0.0013769576,0.9941696,0.0014572339,0.00052762136,0.0005305153,0.001381165,0.00050116,611,test
0.9729188,0.0016265244,0.0005642279,0.0077552428,0.0072471933,0.0017385221,0.006729574,0.0014199043,612,test
8.037979e-05,0.0014459817,0.00020633583,0.0011048617,0.00023539066,0.9951237,0.0006714823,0.0011318774,613,test
5.8406356e-05,0.0020279938,0.99370956,0.0015760945,0.0004824783,0.00051306846,0.0011496898,0.00048269302,614,test
0.059486307,0.1973083,0.5141356,0.043372553,0.11018156,0.0116855465,0.03535092,0.028479116,615,test
2.5750721e-06,0.99703825,0.00017761384,0.00011526952,0.0022666724,0.00017990434,9.4186624e-05,0.00012553384,616,test
6.882826e-05,0.0016180937,0.9935715,0.0013331253,0.0005474969,0.0004522304,0.001644232,0.00076443946,617,test
6.261882e-05,0.0015168027,0.9938689,0.001490106,0.0005120921,0.0005954802,0.0014623408,0.0004916189,618,test
0.95858127,0.0033725586,0.0025198075,0.009997102,0.01016242,0.0025434901,0.010618058,0.0022053004,619,test
4.7847414e-05,0.0013427678,0.994871,0.0013119904,0.00044711906,0.00044286984,0.0011174226,0.00041905386,620,test
0.9599242,0.0026795857,0.00090700533,0.013447725,0.010045083,0.002484517,0.008950852,0.0015609938,621,test
0.96962523,0.002175877,0.00071801414,0.008366883,0.007991048,0.0017737774,0.007947219,0.0014019274,622,test
7.519611e-05,0.0015791662,0.9934354,0.0016007404,0.0006454085,0.0006512908,0.0015595632,0.00045322574,623,test
0.7270337,0.04828142,0.048322156,0.028427739,0.06444918,0.022559226,0.04208784,0.018838773,624,test
0.0005639042,0.0020266518,0.00071935746,0.0010325863,0.0025712568,0.0017993167,0.00031875132,0.99096817,625,test
0.96706367,0.0025515072,0.0009694751,0.009195781,0.008248624,0.0016131266,0.009001598,0.0013562931,626,test
5.4753178e-05,0.0012615228,0.9948059,0.0010917508,0.00046336063,0.00044593288,0.0013893133,0.0004875502,627,test
5.763785e-05,0.0015088926,0.9940872,0.0012569226,0.0005288045,0.00053150795,0.0014706606,0.000558351,628,test
6.536013e-05,0.0017406762,0.993901,0.001365726,0.0005410495,0.00044277552,0.0013799988,0.0005635138,629,test
6.5861466e-05,0.0017148406,0.9933221,0.0014458209,0.0006085612,0.00056102016,0.0015797497,0.0007020484,630,test
6.168719e-05,0.0015178688,0.9939374,0.001408824,0.0005130195,0.00053461426,0.0014477323,0.0005788348,631,test
0.9641903,0.0021786024,0.0006248098,0.011039836,0.01027518,0.0025983541,0.007453367,0.00163954,632,test
6.5928376e-05,0.001527531,0.99394363,0.0013079448,0.0005767063,0.00041341706,0.0015056282,0.0006592326,633,test
7.322484e-05,0.0017870766,0.99315476,0.0013678126,0.0005875659,0.0005203145,0.0017646538,0.00074465503,634,test
6.7409936e-05,0.0016576954,0.9937616,0.0015708789,0.0005398749,0.0005092427,0.0013737443,0.00051960425,635,test
8.9668345e-07,0.9984157,6.977819e-05,6.9532274e-05,0.001230391,0.000108257576,4.6270223e-05,5.9173857e-05,636,test
3.7103444e-05,0.00055383786,0.00018826265,0.0011246556,0.00010035946,0.99718446,0.00041479588,0.000396534,637,test
6.2537474e-05,0.0014479687,0.9942774,0.0012628232,0.00051731133,0.0003940236,0.0014587608,0.0005791976,638,test
7.4386924e-05,0.0016917553,0.993353,0.0015564335,0.000595044,0.0006010528,0.0015937207,0.00053461187,639,test
6.715776e-05,0.0021306656,0.989237,0.002196282,0.0009561925,0.0009802836,0.0020849241,0.002347527,640,test
8.117518e-05,0.002562366,0.9877808,0.0023299402,0.00133233,0.0010179055,0.0022369623,0.0026585783,641,test
0.98582006,0.0008151365,0.00030770892,0.0031645433,0.0037306035,0.0016720312,0.0026542477,0.0018356405,642,test
0.97779,0.0009396375,0.00020720865,0.008876503,0.0036986545,0.0017563321,0.00447207,0.0022597038,643,test
7.7370096e-05,0.0022910025,0.98776746,0.0019113413,0.0010269707,0.0009383963,0.002753929,0.003233501,644,test
4.8835787e-05,0.0016719498,0.99145144,0.001690759,0.0007691977,0.00069705746,0.0018880703,0.0017827081,645,test
7.593536e-05,0.0029436385,0.9865942,0.0023672082,0.0011400279,0.0015734081,0.0025448333,0.0027607407,646,test
8.003072e-05,0.0024591684,0.9877246,0.0022373362,0.0010251965,0.0011181573,0.0026131119,0.002742305,647,test
6.812573e-05,0.0033328696,0.981544,0.002602223,0.0018600035,0.0017799308,0.0028509516,0.0059619276,648,test
5.536565e-05,0.0024120142,0.9862091,0.0025844038,0.0011322453,0.0015287566,0.0021025848,0.003975531,649,test
0.00020302387,0.015023926,0.9307273,0.019503204,0.0076176417,0.004475262,0.004597887,0.017851733,650,test
0.9446821,0.004158508,0.0042823544,0.0070415195,0.010513088,0.00995249,0.009612668,0.009757359,651,test
9.103008e-05,0.0033606524,0.9831199,0.0027677342,0.0016525578,0.0012833046,0.002695376,0.0050294343,652,test
7.810167e-05,0.0023685147,0.9890808,0.0021656782,0.0010833689,0.0009255519,0.0021266497,0.0021712151,653,test
0.9622857,0.0018089452,0.00039172365,0.01306303,0.007714207,0.0041474192,0.006606503,0.0039824382,654,test
6.0560444e-05,0.0024534466,0.9875164,0.0022816756,0.0011540711,0.0013983791,0.002250794,0.0028846634,655,test
6.910158e-05,0.0019971079,0.99025005,0.0020620187,0.00096204155,0.00061115494,0.0017673809,0.0022811387,656,test
0.98990726,0.00050671014,0.00014405276,0.0031886373,0.0021650149,0.00085709244,0.0022046368,0.0010265555,657,test
0.00010339495,0.0031161513,0.985898,0.0022449058,0.0014061491,0.0009267579,0.0027194181,0.0035852233,658,test
7.110366e-05,0.0024855635,0.9884956,0.0020055997,0.0012673398,0.0010456402,0.002210927,0.0024182647,659,test
0.9877296,0.0007868309,0.0001566288,0.0034391903,0.0028574076,0.0011110607,0.0030270128,0.0008922674,660,test
3.1689746e-05,0.0010053362,0.9943262,0.0011554686,0.00045738282,0.0005332885,0.0015070231,0.0009835946,661,test
0.9599659,0.0028388011,0.0019893257,0.009860038,0.007945103,0.0059564775,0.0058765477,0.0055678566,662,test
6.3022744e-05,0.002293479,0.9889053,0.001962812,0.0011789802,0.0011411592,0.002152257,0.0023029165,663,test
5.6586898e-05,0.0024519647,0.98542506,0.0027897963,0.0012025519,0.0014447704,0.0022037115,0.0044256314,664,test
4.159764e-07,0.9989611,8.8186076e-05,2.0472176e-05,0.00043678953,0.00020524909,8.6264925e-05,0.00020154237,665,test
0.98465997,0.0011417795,0.00039476194,0.0039215093,0.003645371,0.0018549417,0.0029621213,0.0014195318,666,test
9.7264565e-06,6.851318e-06,3.980857e-08,0.00012551819,0.9993622,4.1115127e-05,0.00021968517,0.00023495215,667,test
0.9746176,0.0019138227,0.0005910748,0.005430713,0.006455663,0.0030069803,0.0054621194,0.0025220623,668,test
0.97554815,0.0012797439,0.00025598353,0.0072382553,0.005791698,0.0026516146,0.0048442585,0.0023902936,669,test
7.486949e-05,0.0025611431,0.9872421,0.0019458849,0.0011300218,0.0010020026,0.0028050607,0.003238904,670,test
7.332324e-05,0.0026079265,0.98536325,0.0022345125,0.0014671189,0.0013752449,0.0026632817,0.0042153327,671,test
0.96830297,0.0019413646,0.0011106777,0.0077043804,0.0068079284,0.0032632123,0.00547345,0.0053960904,672,test
0.98513436,0.00068320305,0.0001495438,0.0057504806,0.002687515,0.0011967961,0.00300929,0.0013888691,673,test
0.91218615,0.004592752,0.0018256289,0.03265638,0.01586444,0.007880097,0.00951604,0.015478441,674,test
7.536774e-05,0.002604088,0.98702,0.0023896524,0.0011837892,0.0009909288,0.0024953666,0.0032408354,675,test
6.538179e-05,0.0022787484,0.98603034,0.002456313,0.0011581234,0.0008024439,0.0021535105,0.00505508,676,test
0.7508298,0.028252425,0.014985272,0.044351697,0.036730275,0.024676396,0.027590549,0.07258356,677,test
6.482712e-05,0.0025801861,0.9859386,0.0025012253,0.0013144555,0.0014000742,0.0023307735,0.0038698989,678,test
5.95135e-05,0.002222546,0.9884701,0.0021624253,0.0012153526,0.0010276076,0.0020467984,0.002795704,679,test
8.1274695e-05,0.0024784235,0.986631,0.0022613925,0.0012912828,0.0009088264,0.0024343105,0.003913471,680,test
0.0046901596,0.030545017,0.8689773,0.0105091175,0.018179832,0.0139018735,0.013016479,0.0401802,681,test
1.1408359e-06,0.00024327949,7.3715987e-06,8.4548e-05,4.1147483e-05,0.99859613,0.00011733113,0.0009089681,682,test
0.98250383,0.00084962184,0.0001822122,0.005900574,0.003664136,0.0017013078,0.0038167175,0.0013816303,683,test
0.9818033,0.0012321279,0.00044909157,0.004236858,0.0046948176,0.0021546446,0.003396296,0.0020329123,684,test
0.9832534,0.0009634814,0.00021917671,0.0050647175,0.003716275,0.0017017949,0.0032740342,0.0018071634,685,test
0.98029834,0.0012131117,0.00038538105,0.0061050327,0.0042493027,0.0022864135,0.0039618397,0.0015005909,686,test
2.2977763e-07,0.9992373,6.328586e-05,1.3946092e-05,0.00024160597,0.00019767432,7.057079e-05,0.00017545473,687,test
0.96387887,0.0021086333,0.0012327592,0.010600994,0.006847604,0.0044759535,0.00603209,0.004823171,688,test
6.7967834e-05,0.0025526641,0.98611325,0.0025586453,0.0012110893,0.0011852694,0.0022402923,0.0040707095,689,test
0.9741364,0.00096417376,0.00016438746,0.012479586,0.0036044766,0.0015503385,0.004490173,0.002610524,690,test
0.9838299,0.0011818197,0.00073297555,0.0032935399,0.0038734858,0.0022869853,0.0028880236,0.0019133241,691,test
7.9505626e-05,0.0020302106,0.99028486,0.0017313024,0.0009993898,0.0006923836,0.00226304,0.001919319,692,test
8.830726e-05,0.0024986004,0.9874149,0.0020481467,0.0011181937,0.0007142169,0.0026421957,0.0034754302,693,test
6.178745e-07,6.413676e-05,3.2621629e-06,5.8220132e-05,7.5765215e-06,0.99964,6.0163806e-05,0.00016603555,694,test
0.96234626,0.0026941975,0.00060111546,0.008485705,0.009302049,0.0053065075,0.0062076584,0.005056513,695,test
0.88051754,0.015411712,0.011747474,0.010504666,0.027983204,0.01685217,0.019347306,0.017635914,696,test
0.98264414,0.00085803994,0.00018922327,0.0058268835,0.003659265,0.0015104781,0.00377252,0.0015395441,697,test
7.648825e-05,0.0019492443,0.9907023,0.0018154553,0.0009848279,0.00063308864,0.0020389338,0.0017996532,698,test
4.5705758e-05,0.0058473363,0.9836479,0.002446978,0.0021185838,0.0013461608,0.0035460237,0.0010013888,699,test
6.580988e-05,0.0020086018,0.9901371,0.0019972099,0.0010178117,0.00095725607,0.0020192408,0.0017969661,700,test
7.214947e-05,0.0021878015,0.98927873,0.0017671096,0.0010763633,0.0008364567,0.0025414387,0.002239938,701,test
6.9076785e-05,0.0020346437,0.9904574,0.0021320088,0.0010002911,0.0008143368,0.0018715402,0.0016206903,702,test
1.6620569e-06,0.00019270914,9.977592e-06,0.000108010994,2.4302486e-05,0.99892515,0.00011886898,0.00061928615,703,test
0.00035312414,0.0025034912,0.98690003,0.002919386,0.0016441706,0.0009390197,0.0031877318,0.0015529989,704,test
0.98932517,0.00046479818,9.879551e-05,0.0033040007,0.0026400727,0.00072209927,0.0029458713,0.0004992669,705,test
0.00033310326,0.0026913222,0.9862251,0.0031932383,0.0016791963,0.0012172872,0.003223047,0.0014376008,706,test
0.00062173663,0.0029003872,0.9833655,0.0031057526,0.0018673181,0.0017409901,0.00447825,0.0019200506,707,test
0.0003242611,0.0024698097,0.9867888,0.003075851,0.0015760112,0.0011753399,0.003223427,0.0013664785,708,test
0.9834884,0.0011404176,0.0004282627,0.0045149536,0.004318215,0.0015881275,0.0032211868,0.0013004033,709,test
0.0002346126,0.0016510293,0.98974705,0.0024723625,0.0009818624,0.0008122858,0.00272998,0.0013707972,710,test
0.0010221245,0.0035169914,0.97831875,0.0045842906,0.002415945,0.0017009834,0.0052294186,0.0032114522,711,test
0.00011599094,0.0009775189,0.99336725,0.0022435489,0.000688892,0.000637848,0.0014056109,0.0005632874,712,test
0.9912527,0.00047789133,0.00015726032,0.0025014987,0.0025003145,0.000762129,0.0017555666,0.0005926309,713,test
0.9753786,0.0015470571,0.0010340489,0.008408577,0.00491112,0.0024422898,0.004003362,0.002274932,714,test
0.9876724,0.0008792523,0.0002894159,0.0034306217,0.003130407,0.0010093183,0.0027580415,0.00083047466,715,test
0.00029160723,0.002135334,0.98823524,0.0027519325,0.0014204852,0.00092811935,0.0028704111,0.0013669233,716,test
0.000291791,0.0008459828,0.0001257045,0.00054135435,0.0010535759,0.0007935594,0.00020274204,0.99614525,717,test
0.99013966,0.00052570144,0.00013597953,0.003285575,0.0024435408,0.00076753704,0.0020024758,0.0006995179,718,test
0.00028220584,0.0021002032,0.98873305,0.0026855539,0.0013876995,0.0009367257,0.002710189,0.0011643462,719,test
0.0008753042,0.007765274,0.9721885,0.0051916693,0.0031857865,0.0029232374,0.004625297,0.0032449404,720,test
0.0011570428,0.0018706165,0.0004713701,0.0011987328,0.0022266605,0.0031291025,0.00064324064,0.98930323,721,test
0.98574615,0.00079155236,0.00017123141,0.0042028865,0.0037138604,0.0010889218,0.0034747187,0.00081062334,722,test
0.0008170769,0.0016376157,0.0005105584,0.001044083,0.0020214904,0.002737717,0.000449256,0.9907822,723,test
0.00025471006,0.0020772924,0.9879936,0.0029098692,0.0012475991,0.0012469866,0.0028410666,0.0014289569,724,test
0.0005095541,0.0052019446,0.977252,0.004191428,0.0020923878,0.0028731057,0.004920593,0.0029588866,725,test
0.00026455184,0.0018945574,0.9897307,0.0025636733,0.0013070432,0.00078994,0.0023707594,0.0010787864,726,test
0.9886185,0.00048189322,8.482173e-05,0.004174007,0.0025634975,0.0006368204,0.0028901447,0.0005502912,727,test
0.9872907,0.0005753015,0.00015745654,0.004161615,0.0032440622,0.0010056045,0.0027404777,0.00082478666,728,test
0.00037658028,0.003091017,0.9852034,0.002966885,0.0018488866,0.0012280965,0.003387347,0.0018977862,729,test
0.000377513,0.0029829396,0.9854349,0.0029377942,0.0018508957,0.0011310604,0.0033164136,0.0019684737,730,test
0.00029303422,0.0021141465,0.9876018,0.002665673,0.0013379555,0.00093006267,0.003183237,0.0018741601,731,test
0.95131195,0.0055697444,0.0068119587,0.0075389505,0.011160729,0.004964342,0.008604225,0.0040380084,732,test
0.00045826897,0.0041344315,0.98179597,0.003577249,0.0016993486,0.0022144753,0.004175664,0.0019446716,733,test
0.98819005,0.0005671803,0.00014284567,0.0036952314,0.00304031,0.0009118712,0.0026519499,0.00080049917,734,test
0.988218,0.00063204,0.00036037035,0.0034964455,0.002919138,0.0009871691,0.0025462,0.0008406396,735,test
0.00035707853,0.0028163288,0.9861122,0.0029867725,0.00173209,0.0010557804,0.0031342583,0.001805541,736,test
0.9835669,0.0008559209,0.0003398793,0.005589927,0.0036890688,0.0012835307,0.0037307057,0.0009441205,737,test
0.00054461136,0.0010686107,0.00018440999,0.000689054,0.0016502211,0.0014306556,0.00029603613,0.99413645,738,test
0.00025787795,0.0019544791,0.988926,0.0025921066,0.0013256102,0.000961351,0.00277294,0.0012095688,739,test
0.00035125384,0.0029776818,0.98467916,0.0037045393,0.0017398554,0.0015195361,0.003377006,0.0016510343,740,test
0.00029814118,0.002523042,0.9868628,0.0033633055,0.0016588668,0.0010107101,0.0026945537,0.0015887016,741,test
0.98815256,0.0005387435,0.00013528693,0.0041563096,0.002847022,0.0008460669,0.0025806215,0.0007433458,742,test
0.98081654,0.001607611,0.00025488646,0.0063237194,0.0039231214,0.0012695849,0.0046389825,0.00116549,743,test
0.00029935548,0.0020496612,0.98789865,0.0027924988,0.0013416116,0.00097411574,0.0029495044,0.0016945981,744,test
0.00010647984,0.0009465367,0.99385965,0.0018998104,0.0005903104,0.0006348254,0.0014455152,0.00051689055,745,test
0.00025253417,0.0017077973,0.9890315,0.0027293023,0.0012036769,0.00093988085,0.0027936583,0.0013416453,746,test
0.00025402085,0.0017200602,0.9899184,0.0024545193,0.0011898624,0.00078466494,0.002547721,0.001130802,747,test
0.0002689933,0.0023576403,0.9881528,0.0028175768,0.0013700844,0.0010395122,0.002676459,0.0013170069,748,test
0.0001835008,0.0021580558,0.9900401,0.0022865972,0.00082445564,0.0012842487,0.0023164654,0.00090666,749,test
0.00031471113,0.0025326847,0.9860551,0.0032151253,0.0015462647,0.0012457654,0.003344927,0.0017454772,750,test
0.00011973677,0.0009939842,0.00014844957,0.0009860664,0.00013722875,0.995928,0.0005903933,0.0010960684,751,test
0.98816305,0.0004920811,8.048477e-05,0.0045060655,0.0026725628,0.00070356706,0.0027297342,0.0006524265,752,test
0.98987806,0.00048203891,9.6881384e-05,0.003202194,0.0025133938,0.00060930924,0.002667788,0.0005503832,753,test
0.9786603,0.0019798363,0.0021687453,0.0035084554,0.005728199,0.0020228112,0.0041805333,0.0017512508,754,test
0.00032846403,0.0026420653,0.9870287,0.002738186,0.0016342396,0.0010361818,0.0029577585,0.0016343611,755,test
0.00061545207,0.00524543,0.97650075,0.0041859415,0.0025745726,0.0029182467,0.0048648966,0.003094693,756,test
0.00030053806,0.0024057655,0.9872565,0.0027459266,0.0015639097,0.0011510687,0.0030744353,0.0015018916,757,test
0.00033430423,0.0027793606,0.9859616,0.0026547452,0.0016918643,0.0012597141,0.0035845488,0.0017337209,758,test
6.8077316e-06,0.9964128,0.00036141026,0.00016198117,0.0018573067,0.0005788948,0.00022761461,0.00039303812,759,test
0.98900014,0.0005749634,0.00015975608,0.004210054,0.0024143725,0.0006873019,0.0023269802,0.00062657066,760,test
0.00078690157,0.0024480538,0.0002088445,0.0035368653,0.9824969,0.0074037146,0.0018591958,0.0012594046,761,test
3.101525e-06,0.9979831,0.00015852298,8.657976e-05,0.0009645044,0.00044142205,0.00016239977,0.00020039108,762,test
1.7029232e-06,1.555711e-07,2.343281e-07,7.781749e-06,2.9827082e-05,1.847717e-07,0.9999597,3.2086112e-07,763,test
0.00033084513,0.002575142,0.98651946,0.0027839926,0.0015452045,0.0011170779,0.003328873,0.0017994721,764,test
0.98724,0.0006083177,0.0001347374,0.0041553257,0.0032848346,0.0009277707,0.0028891661,0.00075993757,765,test
0.00037035954,0.0030174134,0.985634,0.003493921,0.0013134518,0.0015703328,0.0032794923,0.0013210475,766,test
0.00030526568,0.0024838573,0.9871061,0.0026985332,0.0015370223,0.0010911969,0.003101733,0.0016762982,767,test
0.0004049466,0.0026749691,0.9852063,0.0033282787,0.0016480425,0.0019335669,0.0032827444,0.0015211871,768,test
0.9880164,0.00074046233,0.00027790133,0.004162005,0.0027899686,0.0012536995,0.001967473,0.000792089,769,test
0.9913571,0.00039495237,0.00013699225,0.002883719,0.002141084,0.001046628,0.0015109406,0.00052862265,770,test
0.00058041996,0.0034182982,0.9823298,0.003256619,0.0019007296,0.002062782,0.0043245824,0.0021267873,771,test
0.00024953033,0.0013352252,0.9906369,0.0027310227,0.0006969818,0.0012761031,0.0022808397,0.0007934169,772,test
0.00039130167,0.00091617584,2.3534198e-05,0.00094620895,0.99347335,0.0033352678,0.00066620414,0.00024788122,773,test
0.00031930942,0.0019406042,0.98823345,0.0027453888,0.000781549,0.0017813207,0.0030917318,0.0011066117,774,test
0.00039125048,0.0024341892,0.98644906,0.0029800327,0.0014694066,0.001436034,0.0031655421,0.0016745324,775,test
9.299036e-05,0.9830746,0.0016545348,0.0014747342,0.0035092188,0.005362258,0.002844018,0.00198774,776,test
0.037008055,0.0178042,0.0037951393,0.03586763,0.25662264,0.10220682,0.080300346,0.46639514,777,test
0.0004258574,0.0028527882,0.9837367,0.0034740635,0.0015202411,0.0020425841,0.0039219107,0.0020258576,778,test
0.9921144,0.00047722866,0.00026730687,0.0022565823,0.0020286068,0.0009670312,0.0013274128,0.0005614656,779,test
0.9922478,0.00028266507,5.2560656e-05,0.0030652368,0.0016420493,0.0006151111,0.00172778,0.000366872,780,test
1.897799e-05,0.993208,0.0008525753,0.00043165206,0.0030015416,0.0014563099,0.00040174832,0.0006292533,781,test
0.99410325,0.00021489589,5.8274905e-05,0.0023336476,0.0012917471,0.00046935256,0.0012104944,0.00031843473,782,test
2.7623119e-05,0.00017656479,3.6667137e-05,0.0004205518,2.3918448e-05,0.9990307,0.0001611704,0.00012277017,783,test
0.00039637703,0.0024974036,0.98561156,0.0032310516,0.0013666776,0.0019837036,0.0033647786,0.0015484684,784,test
0.00020185614,0.0013646518,0.9910691,0.0024285326,0.0007545745,0.0011223574,0.0022188206,0.00084009446,785,test
0.0002441247,0.0017860392,0.9894952,0.0027771292,0.0010225654,0.0014612582,0.0024101334,0.00080346054,786,test
0.98869437,0.0006719425,0.0007131213,0.0025372657,0.003013378,0.0014754694,0.0020176682,0.00087687693,787,test
0.0003719666,0.0024397369,0.98668516,0.0029059714,0.0013703576,0.0015886996,0.0031103955,0.0015276627,788,test
0.00036724715,0.0021949115,0.98719937,0.0029286759,0.0013910705,0.0013096536,0.0031485017,0.0014605696,789,test
0.00044349817,0.0025859599,0.9857612,0.0032253196,0.0016553724,0.0016181397,0.0031496033,0.0015609105,790,test
0.00041978012,0.0023255176,0.98656625,0.002829618,0.0015204784,0.0013807822,0.0032410156,0.0017164777,791,test
0.00032775864,0.0022664333,0.98776954,0.0026921509,0.0013239988,0.0013917978,0.002834092,0.0013942574,792,test
0.00041920508,0.002880345,0.98509777,0.0031912008,0.001645959,0.0018813688,0.0033498514,0.0015342704,793,test
0.0005188229,0.0035950053,0.9813442,0.0040811095,0.0019531578,0.002376357,0.0039792927,0.002152079,794,test
0.0005413964,0.0035730666,0.9825241,0.0034153115,0.0019790553,0.0019480161,0.003923062,0.002096076,795,test
0.00039669892,0.0027150782,0.9845426,0.0038034932,0.0015291371,0.0019570175,0.0032094363,0.0018466178,796,test
0.9908048,0.00041442362,0.00012838643,0.0028819146,0.0023886617,0.00090642355,0.0020731757,0.00040227958,797,test
0.0004698721,0.0032086158,0.98251,0.004140539,0.0017165297,0.0025636035,0.0037121922,0.0016787681,798,test
0.9914829,0.00042391245,0.00010840154,0.0027547823,0.0021731418,0.00090538035,0.0016306672,0.0005207854,799,test
0.9921165,0.00026621885,7.248337e-05,0.0028097942,0.0018482802,0.0007068563,0.0018222398,0.00035761093,800,test
0.00037724208,0.0027247528,0.9855869,0.0035855433,0.0016696325,0.0018316002,0.0029506169,0.0012735657,801,test
2.8881288e-05,6.439157e-06,8.894015e-06,8.8436434e-05,0.000171803,9.894361e-06,0.9996784,7.253893e-06,802,test
0.99377584,0.00021723204,3.7934693e-05,0.0022849333,0.0015692132,0.000540599,0.0012975767,0.00027666474,803,test
0.99323106,0.00023161288,2.9332703e-05,0.0026970985,0.001494683,0.00045699038,0.0015964273,0.0002627047,804,test
0.9941597,0.00019585378,3.8811515e-05,0.002254617,0.0013557083,0.00056272803,0.0010963078,0.0003363203,805,test
0.00035033704,0.0022013914,0.98797786,0.0026901725,0.001371345,0.0013371494,0.0027177578,0.0013538955,806,test
0.99221367,0.00027841097,5.098893e-05,0.003326009,0.0016455778,0.0006127466,0.0014985249,0.00037419386,807,test
0.0005362884,0.003139495,0.9832251,0.0036898132,0.0020217772,0.0016931574,0.0036074114,0.0020869516,808,test
0.9910444,0.00029634332,6.3063315e-05,0.0031939826,0.002184784,0.00092100987,0.0018187636,0.0004776444,809,test
0.00041532898,0.0024907636,0.98588157,0.0031139636,0.0015574674,0.0014591088,0.0034286429,0.0016531466,810,test
0.00053270406,0.00275524,0.984315,0.0035261577,0.0019524883,0.0016973418,0.0033830376,0.0018380148,811,test
0.0005324895,0.0037774148,0.98136216,0.0040816823,0.0019731515,0.002818362,0.0039189286,0.0015357492,812,test
0.0002734364,0.0018412488,0.98849815,0.0031127678,0.0010265275,0.0015202397,0.0025189132,0.001208657,813,test
0.0012052382,0.005475673,0.97429776,0.004926492,0.0033502856,0.0027900683,0.0050286716,0.0029258297,814,test
0.00066210574,0.0011774529,0.00019706677,0.00070521596,0.0012039577,0.002345747,0.00032203522,0.99338645,815,test
0.00045236392,0.00088806264,0.00015631081,0.0005844394,0.0006995257,0.002062813,0.00028735813,0.9948691,816,test
0.0006095177,0.004547069,0.97867936,0.004443706,0.0022803452,0.002501737,0.0043221605,0.002616072,817,test
5.390235e-05,0.00019578212,3.786649e-05,0.00057099294,4.0993684e-05,0.9987955,0.00015511039,0.00014981288,818,test
1.2422634e-05,0.99471223,0.00053825654,0.0003553684,0.002569196,0.0011341351,0.00027816123,0.0004003803,819,test
0.00042680724,0.0027838522,0.9852014,0.003369668,0.0016769958,0.001610055,0.0033346245,0.0015965431,820,test
0.98288375,0.0009683595,0.0001282181,0.005353923,0.0039624157,0.0017688068,0.00415355,0.00078099145,821,test
0.00055813853,0.00439095,0.97987956,0.0043629245,0.0020506242,0.0028143167,0.004002272,0.0019412116,822,test
1.1555743e-05,0.99506843,0.00048196918,0.00029696178,0.0025658417,0.0009568475,0.00025122042,0.00036725547,823,test
0.00050820305,0.0028525938,0.9832274,0.003263668,0.0016698581,0.0019927686,0.00436948,0.0021159966,824,test
0.00035254617,0.0024802082,0.9863636,0.003103522,0.0013091092,0.0017554575,0.0031660344,0.0014695127,825,test
0.00043647795,0.0027547071,0.98599875,0.0031712246,0.0017829363,0.0014044866,0.002846228,0.0016051676,826,test
0.0008207578,0.0012174988,0.00020079402,0.0008689893,0.0015348283,0.0017411024,0.00038664605,0.9932294,827,test
0.9951691,0.00020357865,4.94029e-05,0.0017852313,0.0011558743,0.00043395435,0.0009194992,0.00028335184,828,test
0.0005019231,0.00079624285,0.00013516746,0.0005897125,0.00076374965,0.0019195328,0.00026567144,0.99502796,829,test
0.0004659202,0.00323579,0.9834696,0.0038439115,0.0015602637,0.0022428266,0.003664458,0.0015172353,830,test
0.99154085,0.00044761066,8.325137e-05,0.003232809,0.0017807966,0.0006745934,0.0018539043,0.00038617908,831,test
0.99740016,7.190254e-05,1.0874653e-05,0.0010314425,0.0005230263,0.0003809216,0.00030320292,0.00027838993,832,test
0.0022884435,0.008220088,0.9479928,0.009736242,0.0051361956,0.0034101708,0.0086145075,0.014601663,833,test
0.00026837728,0.0013550842,0.9885826,0.0031886846,0.0014083546,0.0014590593,0.0021778683,0.0015599207,834,test
0.0011499481,0.0060797394,0.95009613,0.009205772,0.005369264,0.0053843553,0.005931134,0.016783657,835,test
0.0010936827,0.0034981158,0.97550815,0.003739474,0.0024199933,0.002265288,0.006930043,0.004545275,836,test
0.000841053,0.0030719966,0.9707063,0.006266884,0.003133538,0.002027532,0.004556148,0.009396554,837,test
0.0037951362,0.016464982,0.91151583,0.025841001,0.010082452,0.0077319033,0.009232187,0.015336611,838,test
0.0121642975,0.00070719403,0.00024076762,0.00453807,0.01795584,0.00088419445,0.96090233,0.002607226,839,test
0.001147141,0.004748068,0.9554465,0.0074348818,0.0048551774,0.003239152,0.0061092814,0.017019877,840,test
0.0002947995,0.0017345226,0.98555714,0.0034033316,0.0014313975,0.0022404387,0.00297471,0.0023636331,841,test
0.0011124925,0.0053894115,0.9656304,0.007739337,0.004077537,0.004173626,0.005454597,0.0064225267,842,test
0.9951756,0.00016046842,3.1233434e-05,0.0018855329,0.0010152014,0.00067197514,0.00054913096,0.0005108706,843,test
0.99629223,7.7584125e-05,1.1678973e-05,0.0015177543,0.0007173816,0.00054299505,0.00036441008,0.00047598613,844,test
2.0839409e-05,0.9906341,0.0008804006,0.00031064238,0.0030672404,0.0022996925,0.0006090987,0.002177907,845,test
0.0008921973,0.003536444,0.9672172,0.0062248125,0.0031521244,0.0026696173,0.005414442,0.010893201,846,test
0.0011202488,0.0037574687,0.97228956,0.004967712,0.0032694368,0.002197016,0.006526896,0.005871608,847,test
0.0011751398,0.004688326,0.9657172,0.0068494296,0.003823556,0.0035248918,0.0061103315,0.008111063,848,test
0.00092620176,0.0043481616,0.9691966,0.006470245,0.0031956306,0.0036292467,0.0057019666,0.006531912,849,test
0.9951504,0.00011521772,2.325373e-05,0.0018783986,0.0008603294,0.0006284773,0.0005480454,0.0007959422,850,test
1.1555047e-05,0.00014074286,1.4131722e-05,0.00024276176,5.5201755e-05,0.99899155,0.00013913565,0.00040480806,851,test
0.9968353,8.43825e-05,9.931236e-06,0.001456193,0.0005738223,0.0003607534,0.00041803927,0.00026170048,852,test
0.9967524,7.997863e-05,1.1687934e-05,0.0012767282,0.00062464183,0.00051236874,0.00034462853,0.00039761074,853,test
0.00035710647,0.0015942137,0.9843477,0.0041255746,0.0018399903,0.0016783838,0.0029185344,0.0031384714,854,test
0.0007835082,0.003416104,0.97606814,0.004727505,0.002731385,0.0026446807,0.0049229865,0.0047055637,855,test
2.5412073e-05,0.9906625,0.0007784283,0.00032177207,0.004421226,0.0016293714,0.0005347016,0.001626604,856,test
0.9975782,6.573234e-05,9.5601645e-06,0.00081747194,0.0005497849,0.0003887074,0.000263188,0.00032728235,857,test
0.0010227081,0.0051435367,0.95860803,0.008592739,0.004902938,0.003978277,0.0053124866,0.012439314,858,test
0.0010298498,0.003245852,0.9725228,0.0052396813,0.003091368,0.0019949265,0.004940194,0.007935338,859,test
0.0011698215,0.0034009644,0.9699637,0.0058165137,0.004030893,0.002342912,0.0048019956,0.008473234,860,test
0.0014015079,0.0047669397,0.969303,0.0052132853,0.0037858111,0.0026856738,0.006271258,0.0065725916,861,test
0.0014610735,0.0046512955,0.96603173,0.0061414023,0.00279855,0.0048012985,0.00765489,0.0064597162,862,test
0.0012849227,0.005244645,0.96750826,0.0073086913,0.0042595943,0.0031421536,0.005358657,0.005893137,863,test
0.0010774689,0.0036669786,0.9738764,0.004823696,0.0028481623,0.002345922,0.0060753543,0.0052860165,864,test
0.99627495,7.716374e-05,9.0439025e-06,0.0015686605,0.00073889014,0.00050341,0.00041077647,0.00041713504,865,test
0.00056477677,8.5650245e-05,0.000101690166,0.00024765928,0.0020190252,6.052315e-05,0.9968176,0.00010294402,866,test
0.00053823245,0.0018039107,0.98493147,0.003926532,0.0010501847,0.002210715,0.0034844717,0.0020545996,867,test
0.00086901593,0.00304989,0.9760212,0.0049610655,0.0023628816,0.0020143553,0.004815591,0.0059060627,868,test
0.0011409217,0.004628156,0.9699589,0.0069659334,0.0036606402,0.0031331682,0.005324674,0.005187611,869,test
0.0015790452,0.0067670415,0.95234704,0.009242628,0.0043758457,0.0041758893,0.0076899147,0.013822634,870,test
0.9949532,0.000118369135,1.7814436e-05,0.0019731198,0.0010509066,0.00079197297,0.0005142809,0.0005803092,871,test
0.00077391404,0.0037842204,0.9692266,0.006659199,0.0032420207,0.0038165327,0.004752183,0.007745262,872,test
0.0008306159,0.0034936569,0.97232515,0.006279042,0.0037524637,0.0025245447,0.004539408,0.0062551354,873,test
0.0009586437,0.0040490525,0.96911377,0.0067140255,0.0040916568,0.0026006047,0.0046416866,0.007830634,874,test
0.99518085,0.0001356636,1.7937844e-05,0.0016393218,0.0011589582,0.00075981574,0.00053448294,0.0005731298,875,test
0.0010486245,0.0037053276,0.97244805,0.0056585423,0.0034506419,0.0023130642,0.0050209705,0.0063548055,876,test
0.0013463512,0.007399479,0.94993573,0.011215298,0.0062829806,0.004812688,0.006060438,0.012947098,877,test
0.9967687,8.6050975e-05,1.3803535e-05,0.0012190841,0.0006715188,0.0005355988,0.00033112755,0.00037417965,878,test
0.99681807,5.793642e-05,9.472421e-06,0.001462704,0.0005104762,0.00038691764,0.00033867205,0.00041568675,879,test
0.9971704,7.060834e-05,5.609706e-06,0.0011222619,0.00061901304,0.0003716516,0.00036617505,0.00027432895,880,test
0.0010535876,0.005590963,0.9557061,0.009110553,0.0049428646,0.0042682183,0.00558315,0.013744557,881,test
0.99438524,0.00025629136,7.000678e-05,0.001338756,0.001589853,0.00093725586,0.0007308299,0.00069172576,882,test
0.000636879,0.0025855515,0.9745141,0.0059186574,0.0018351345,0.0033813505,0.004777957,0.0063502407,883,test
0.0007008001,0.0029131884,0.97273546,0.005414222,0.002889629,0.0021981641,0.0044838223,0.008664693,884,test
0.99727577,6.24839e-05,8.721813e-06,0.0011261399,0.0005529206,0.00034309906,0.0003159214,0.00031494166,885,test
0.0007216403,0.0034210032,0.97484607,0.005059249,0.0028800142,0.002754099,0.0047386647,0.00557933,886,test
0.0010258912,0.0041088015,0.9649739,0.0066622416,0.0040922896,0.002966065,0.0056064446,0.010564369,887,test
0.992543,0.00023263368,3.1067528e-05,0.002325657,0.0018080816,0.0013199709,0.00073074916,0.00100887,888,test
2.7296832e-05,0.9871444,0.001203795,0.00040919115,0.0037637777,0.0033242821,0.00074788474,0.0033794353,889,test
0.00085203163,0.0042459234,0.9621221,0.0075813504,0.0034822796,0.0043174294,0.005722859,0.011676063,890,test
0.0010813934,0.004071928,0.97109115,0.0053411545,0.00337042,0.002210952,0.0053531765,0.007479793,891,test
0.0013721974,0.0036570996,0.97383624,0.0054631503,0.0031499183,0.0022287644,0.0059800115,0.004312613,892,test
0.0004442841,0.0015949963,0.9845154,0.0034730888,0.0014788237,0.0013483404,0.0038076888,0.0033372745,893,test
0.0100272745,0.027193274,0.7981871,0.044380903,0.03655999,0.014746574,0.00850084,0.060404133,894,test
0.0011439542,0.0051157773,0.9616287,0.007747371,0.0047190385,0.0034219064,0.006018005,0.010205281,895,test
0.00041148122,0.0064452244,0.9735118,0.004930869,0.0028650004,0.0027262145,0.004353692,0.0047557903,896,test
0.9902857,0.0005962068,0.00012854736,0.0031753136,0.0018521987,0.0013287057,0.0013700253,0.0012633573,897,test
0.00017987253,0.0026089714,2.219043e-05,0.00198441,0.9905061,0.0028599221,0.000449006,0.0013895704,898,test
0.00039022297,0.005884719,0.9757506,0.0049032317,0.00310285,0.002118009,0.0036168783,0.004233512,899,test
0.00054780714,0.010547047,0.00013875365,0.0056083654,0.0005142306,0.7701181,0.0014584207,0.21106726,900,test
0.99126655,0.00049514096,6.059924e-05,0.0026825536,0.001996383,0.0011626789,0.0015743967,0.0007617847,901,test
0.00044459352,0.0051353634,0.9753608,0.0050938856,0.0024980283,0.00187465,0.004017033,0.00557557,902,test
0.0003665804,0.0055779424,0.9718526,0.005541559,0.0032229251,0.0024193123,0.0042634774,0.006755628,903,test
0.00017404444,0.0021951199,0.9891818,0.0028954588,0.0011826474,0.0009804505,0.0019853252,0.0014052518,904,test
0.9877742,0.0006673942,4.5698413e-05,0.004180378,0.0024918232,0.0013677516,0.0023770828,0.0010956768,905,test
0.0011305552,0.0076789707,0.00012337005,0.0036430382,0.9789306,0.005543457,0.0009929278,0.0019570005,906,test
0.00048285673,0.005322602,0.97837913,0.0042489893,0.0026804607,0.0015741455,0.0038700881,0.0034417438,907,test
0.0010399651,0.011288936,0.9586188,0.005891416,0.0037725258,0.0077886153,0.008127824,0.0034719037,908,test
0.00084983924,0.009049637,0.9642609,0.0045170104,0.0047328835,0.0019182651,0.0057797004,0.00889171,909,test
0.00058714225,0.0059675225,0.9767198,0.004258391,0.003005119,0.0014086846,0.004271665,0.003781691,910,test
0.00017495108,0.0030033581,0.985521,0.003457934,0.001466441,0.0022205734,0.0023931537,0.0017626398,911,test
0.00037583214,0.0051235575,0.9786168,0.0045828363,0.0027462323,0.0017257575,0.0033082315,0.0035207209,912,test
0.0004276029,0.0051352154,0.97897446,0.0040745717,0.0027667135,0.0015220304,0.0035659836,0.0035334397,913,test
0.992176,0.00046778927,9.2000664e-05,0.0025446361,0.0015658169,0.00096574146,0.0013251968,0.0008627325,914,test
0.00049126655,0.00602014,0.9742774,0.004663382,0.0032612951,0.0019368132,0.004224384,0.0051254146,915,test
0.000569493,0.0059242956,0.9781691,0.0041454206,0.002904151,0.0014122387,0.0037639772,0.0031113937,916,test
0.9800551,0.0018383227,0.00020235275,0.0052212183,0.0043645757,0.0024527758,0.003727028,0.0021385679,917,test
0.00046136518,0.006191992,0.9764178,0.0040094983,0.0029236074,0.0016483894,0.0037855885,0.0045617586,918,test
0.000101379235,0.0016418897,0.9908172,0.0028135641,0.0009274072,0.0013208097,0.0014807696,0.00089698686,919,test
0.0004556461,0.0052296463,0.9777728,0.0038986637,0.0023579318,0.0013970042,0.004056466,0.0048317453,920,test
0.0008986424,0.009001116,0.9562811,0.0064936504,0.005291539,0.0056215096,0.0074161156,0.008996272,921,test
2.1347306e-09,0.999949,9.50326e-08,5.894822e-07,4.3547516e-05,4.044104e-06,7.452954e-07,2.0163397e-06,922,test
0.0004943603,0.006334299,0.97643834,0.004189981,0.0029260423,0.0017263058,0.0037469615,0.004143758,923,test
0.98703986,0.0008119993,9.98052e-05,0.004282322,0.0025840534,0.0016333902,0.0022084315,0.0013401591,924,test
3.402871e-05,0.00021249881,5.3195704e-06,0.00030949843,0.00035720482,7.127138e-05,2.788896e-05,0.99898225,925,test
0.00064821803,0.008210178,0.97270334,0.0045756074,0.003651642,0.0019799478,0.0041402006,0.004090895,926,test
0.9750006,0.0031437841,0.0005774205,0.0059994333,0.005683433,0.002325288,0.0044831275,0.0027869109,927,test
0.98385596,0.0017090128,0.0006981302,0.0033068715,0.0036139784,0.0024098495,0.0022894812,0.0021167165,928,test
0.00047545493,0.0054156566,0.97758526,0.0038897095,0.002841031,0.0013935684,0.003921211,0.004478076,929,test
0.9900551,0.00074633455,6.732473e-05,0.003426742,0.0019868326,0.0009404916,0.001972507,0.0008046983,930,test
0.00027805017,0.0033678552,0.9860721,0.0031055072,0.0015773737,0.0013033932,0.002854693,0.00144114,931,test
0.9847531,0.0011934822,0.00014809392,0.0048081903,0.00323546,0.0017763393,0.0026001446,0.0014852624,932,test
0.99159676,0.0007325293,7.215368e-05,0.0022149656,0.0017585224,0.0010943959,0.0017611673,0.0007695192,933,test
0.00037980522,0.0058475332,0.976995,0.004065059,0.003016239,0.0026105787,0.0037542174,0.0033316,934,test
0.00033243228,0.0045453035,0.97816044,0.0047099353,0.0025860623,0.0021178767,0.0034533073,0.00409461,935,test
0.000469832,0.005444944,0.97880006,0.004042783,0.0025248493,0.0012660157,0.0034811683,0.003970337,936,test
0.0004586692,0.0052923816,0.9775695,0.0042678877,0.0025559675,0.0013377862,0.0039022218,0.004615547,937,test
0.0013055145,0.006528547,0.00073924987,0.0032922954,0.0008604669,0.9791504,0.0018845946,0.0062388247,938,test
0.00049361034,0.0072245346,0.9768678,0.004660713,0.002141585,0.0026609937,0.0036117646,0.0023389799,939,test
0.00051355315,0.0046956977,0.9786587,0.0038408246,0.0020696528,0.001871307,0.00488621,0.0034640797,940,test
0.00021228469,0.002282025,0.9874265,0.0031530564,0.001229848,0.001376547,0.0024185572,0.0019010032,941,test
0.0004038565,0.0047537806,0.9799027,0.0041433284,0.00228716,0.0017024088,0.0036070114,0.0031997839,942,test
0.9859431,0.0009475086,0.0002138808,0.004384057,0.002938124,0.0019225947,0.0020778542,0.0015728443,943,test
0.9888638,0.0007499484,9.602877e-05,0.00336477,0.0024251149,0.001278109,0.0021340176,0.0010881999,944,test
0.0005323763,0.005872988,0.9754157,0.004310743,0.0029897213,0.0013664995,0.0041105733,0.0054014227,945,test
0.0004151196,0.004740483,0.97762215,0.004127936,0.0026342322,0.0015692515,0.0038179988,0.005072862,946,test
0.7759394,0.030694585,0.08492621,0.02149505,0.030886244,0.014494793,0.02052717,0.021036625,947,test
0.00037702228,0.005221329,0.9789661,0.0037041823,0.0025376033,0.0020307673,0.0037077977,0.0034550854,948,test
0.00041491105,0.005832409,0.9725638,0.0053341826,0.003449472,0.0018430619,0.004057026,0.006505154,949,test
0.00051393034,0.0061885007,0.9730727,0.0053526447,0.0032073292,0.0022543354,0.0043791444,0.0050314576,950,test
0.00045599206,0.005586809,0.97347957,0.004894993,0.0025912668,0.00277206,0.0048787114,0.005340468,951,test
0.00017332229,0.00012029144,7.1982155e-05,0.00020093162,0.0022429666,5.5098808e-05,0.9970106,0.00012477771,952,test
0.9884334,0.0008420044,8.31225e-05,0.00390681,0.0022597958,0.0014377073,0.0019195327,0.0011177039,953,test
0.00026737349,0.0029553736,0.9841546,0.0036447784,0.0014724312,0.0016740753,0.0031162945,0.0027150917,954,test
2.457536e-06,0.00031618346,3.086138e-06,7.685149e-05,1.0203997e-05,0.9993574,7.104497e-05,0.00016270779,955,test
0.0005308376,0.0056110024,0.97739446,0.0041922927,0.0028976116,0.0014247536,0.0041389177,0.003810154,956,test
0.00045883845,0.0063667544,0.9730926,0.0056599826,0.0030741903,0.0025059807,0.0040299017,0.0048117535,957,test
0.0001449916,0.0021656298,0.99004865,0.002520719,0.0010732148,0.0011401412,0.0017780615,0.001128596,958,test
0.0003399438,0.002354044,0.00048253112,0.00060102466,0.0022977085,0.0025177842,0.00043639913,0.9909705,959,test
0.9896198,0.00093514763,0.0008981009,0.0024223763,0.0019303192,0.0009897678,0.0022039514,0.0010004798,960,test
0.00026030635,0.0026073456,0.9871328,0.0033468762,0.0011120165,0.0012868481,0.0022080527,0.0020457036,961,test
0.00040870646,0.0032652954,0.98493284,0.0030891516,0.0013781162,0.0010232104,0.0029673025,0.0029354198,962,test
0.9922057,0.00047052652,8.1537415e-05,0.0031043708,0.0011796793,0.0005152036,0.0018427306,0.0006002226,963,test
0.9940765,0.0003450211,9.492257e-05,0.0024054106,0.00085700833,0.00040045846,0.0014120244,0.0004085541,964,test
0.9930616,0.00059403264,0.00021504755,0.0019820586,0.0012613476,0.00067993195,0.0014008433,0.0008050971,965,test
0.00030988466,0.002760796,0.9868973,0.0030771836,0.0010882441,0.0009436174,0.0022833745,0.0026395842,966,test
0.00020957047,0.0019663118,0.9900485,0.0024546876,0.0007888343,0.00075577263,0.0019964396,0.0017798588,967,test
0.00029704397,0.0029580337,0.98590785,0.0031602064,0.0012352157,0.0010524296,0.002480207,0.002908983,968,test
0.00035979092,0.0025759498,0.9873948,0.0025596858,0.0012806335,0.00079238333,0.002581423,0.0024552557,969,test
0.00042716326,0.0036212723,0.9836685,0.0034856086,0.0016162698,0.0010748426,0.0027897593,0.00331653,970,test
0.9935137,0.0003756541,0.00013900813,0.0025255485,0.0009921072,0.0005675232,0.001205659,0.0006806827,971,test
0.9922327,0.00046633426,0.00020358495,0.0032461083,0.0009879387,0.0005295234,0.0017918748,0.0005420277,972,test
0.00040491828,0.003493528,0.9852154,0.0030244635,0.0015007139,0.0009143756,0.0025075872,0.0029390512,973,test
0.9936913,0.00045573513,0.00014161125,0.0021269724,0.001132567,0.0005342274,0.0012860699,0.00063151296,974,test
0.9944154,0.0003470713,0.00015052731,0.0018536173,0.00093906745,0.0005161277,0.0011891928,0.0005889163,975,test
0.00040882733,0.0033705428,0.9853477,0.003056893,0.0014739801,0.0009283249,0.0025762196,0.0028375469,976,test
0.0013942657,0.019778715,0.0010075534,0.0056960625,0.011929796,0.0026022613,0.95513946,0.0024518515,977,test
0.9950891,0.0002655925,4.9465256e-05,0.0017085088,0.00084066886,0.00034925196,0.0013271194,0.00037021752,978,test
0.00046671994,0.0034913663,0.9838695,0.002646809,0.0015783911,0.0010234312,0.0034190507,0.0035048155,979,test
0.0005062568,0.004600986,0.9818554,0.0036597154,0.0017822519,0.0018873566,0.0034868883,0.0022211992,980,test
0.00057598087,0.006626096,0.97729945,0.0041494244,0.0020669263,0.0019803,0.0036374938,0.0036644218,981,test
0.00030642084,0.0027392663,0.9853393,0.0031344297,0.0014976069,0.0010479647,0.0025780776,0.0033570018,982,test
0.00033623172,0.0026940487,0.98518145,0.003320467,0.001266723,0.0010117537,0.0027295775,0.0034597532,983,test
0.99157774,0.0005273924,0.00012448087,0.0031756307,0.0013622554,0.00069149217,0.0018340803,0.000707011,984,test
0.0003111309,0.0032882802,0.9856016,0.0035849866,0.0012852559,0.0011692097,0.0022330608,0.0025264735,985,test
0.00039488383,0.003366274,0.9852844,0.003271653,0.0014516392,0.0009075783,0.0024109995,0.0029125628,986,test
0.0003034659,0.002309434,0.9867443,0.0030199827,0.0011841771,0.0008395344,0.002486922,0.0031122465,987,test
0.00016075946,0.001743886,0.99194545,0.002057684,0.00073605706,0.0008186402,0.0015548513,0.0009827202,988,test
0.9948343,0.00037739053,0.0002996708,0.0015460709,0.0008564797,0.00052315876,0.0009976256,0.0005652666,989,test
0.0002921494,0.0024430293,0.98712826,0.0030476346,0.0011144134,0.0009535451,0.002488705,0.0025323227,990,test
7.683245e-05,0.00041401383,3.2839795e-05,0.00024530877,0.00039736324,0.00017393885,8.235471e-05,0.99857736,991,test
0.00050367624,0.0036651702,0.98438245,0.0031290932,0.0016795662,0.0008881944,0.002615469,0.0031363517,992,test
0.00041285536,0.0030692643,0.9854795,0.0028738372,0.0013525308,0.000862467,0.0027789061,0.003170676,993,test
0.0001080276,0.0027807395,0.00016112589,0.00077999965,9.788049e-05,0.99353176,0.0006076072,0.0019328868,994,test
0.00022438899,0.0019557804,0.987316,0.0035640006,0.0009841474,0.0010433072,0.002174177,0.00273818,995,test
9.6011846e-08,0.99970263,5.1475517e-06,6.315904e-06,0.0002212284,2.5869587e-05,6.763625e-06,3.1891406e-05,996,test
0.99421096,0.00034558892,7.866595e-05,0.0019983205,0.0009629897,0.00045594212,0.0014532234,0.0004943452,997,test
0.0045064352,0.03532183,0.0059893862,0.02075333,0.84096694,0.07263879,0.002974402,0.016848981,998,test
0.00030529106,0.0026798337,0.9874187,0.002807029,0.0012099929,0.00088430557,0.002302553,0.0023923453,999,test
0.00012791078,0.0014561518,0.9925061,0.0021782285,0.0006568055,0.000741944,0.0013480032,0.000984949,1000,test
0.00028248242,0.0022590684,0.98715603,0.0032634279,0.0011083635,0.0009809643,0.002382422,0.0025672826,1001,test
0.0003762737,0.002804274,0.9865883,0.002919924,0.0013412513,0.00089305197,0.0027858028,0.002291004,1002,test
0.0017937513,0.0045493296,9.006719e-05,0.00249962,0.98597646,0.00087096135,0.0013190242,0.0029008256,1003,test
0.0002815099,0.0039042989,0.00037295368,0.0017527365,0.00025840956,0.9891734,0.0006648343,0.003591816,1004,test
0.9898545,0.00068913866,0.00027736992,0.0037315572,0.0016718983,0.00073410076,0.002180343,0.00086102297,1005,test
0.00029911337,0.0023081289,0.9870564,0.0028111364,0.0010839023,0.0008665741,0.0025374626,0.00303728,1006,test
0.00032683843,0.0020986388,0.98820484,0.002398192,0.0010256041,0.00074117054,0.0026721803,0.0025325473,1007,test
0.99310595,0.00041986612,0.00014933414,0.0023842782,0.0011775296,0.0006052152,0.001574797,0.0005831635,1008,test
0.0003742732,0.002989228,0.98639655,0.0027698798,0.0013515172,0.00083375606,0.0027011132,0.002583692,1009,test
0.00041059952,0.0031645875,0.98626596,0.002933768,0.0014525221,0.0007788067,0.0024491567,0.0025446152,1010,test
0.0023497555,0.017787095,0.0006805598,0.004325893,0.9595789,0.0050072195,0.002673246,0.0075973533,1011,test
0.99333876,0.0004854065,0.00017899802,0.0022797394,0.0012092489,0.0005643461,0.0013641674,0.0005792535,1012,test
0.0002781926,0.0022138401,0.98827225,0.002736457,0.0011550833,0.0007861948,0.0021935953,0.0023643824,1013,test
0.00036907534,0.003088249,0.9861444,0.0031581712,0.0013608772,0.0009700311,0.0025382985,0.002370879,1014,test
0.97638947,0.0027211714,0.0011410146,0.005909709,0.0037382455,0.003511621,0.0036400326,0.002948788,1015,test
0.00021354266,0.0020459404,0.00033754233,0.0013452871,8.9253466e-05,0.9935602,0.00069650385,0.0017116951,1016,test
0.00013956027,0.00055914314,0.00052582065,0.0003333686,0.0015742024,0.00022830797,0.99620026,0.00043927215,1017,test
0.0002576413,0.002548654,0.98897904,0.0026074024,0.0010234991,0.0009137214,0.0019396045,0.0017303753,1018,test
0.00024844627,0.0023610252,0.9860444,0.0034720527,0.001017512,0.0012196144,0.0024910192,0.0031459415,1019,test
0.00036478395,0.0032786548,0.98549324,0.0027529718,0.0014050356,0.001030024,0.0028648968,0.0028103967,1020,test
0.00035225262,0.0025349958,0.98708224,0.0029049376,0.0011431548,0.0008058581,0.002723783,0.002452624,1021,test
0.9955245,0.00030108084,0.00016949547,0.0013625041,0.00076195976,0.0004782618,0.00089043984,0.00051176903,1022,test
0.0006473454,0.009108618,0.9704863,0.0047319694,0.0026685202,0.0035432077,0.004291415,0.0045226896,1023,test
0.000115210554,0.003584061,0.98293465,0.0030053065,0.0013867998,0.0050343787,0.00269058,0.0012489164,1024,test
0.00023763144,0.0035966379,0.984948,0.0024983669,0.0020407175,0.0010979277,0.002908462,0.0026722462,1025,test
7.550603e-05,0.007504792,0.0002663514,0.0032759972,0.037442543,0.941394,0.00060237054,0.009438526,1026,test
0.97310436,0.0023826282,0.0017941911,0.004729593,0.005012409,0.004542796,0.0037487345,0.0046852925,1027,test
0.9865145,0.0005808604,0.00014123567,0.0055964435,0.0019367232,0.0021160385,0.0014212482,0.0016930907,1028,test
0.96590215,0.002049169,0.00051760924,0.00940451,0.005529225,0.006219055,0.0033289301,0.0070494115,1029,test
0.00017967737,0.0031691587,0.98547715,0.002806228,0.0020168638,0.0011260217,0.0024152147,0.0028097385,1030,test
0.00016872195,0.0034758972,0.98226285,0.0034337607,0.0017261037,0.0019630757,0.0029147523,0.0040548337,1031,test
0.00016766829,0.002897112,0.98633415,0.0024179916,0.0017268227,0.0012329341,0.0026526223,0.0025708256,1032,test
7.0288775e-06,9.88973e-06,1.5326894e-05,4.601865e-05,6.4705004e-05,1.5258218e-05,0.9998253,1.6441225e-05,1033,test
0.97876066,0.0013388946,0.0004016402,0.006220135,0.0036166394,0.003994907,0.0022072028,0.0034600128,1034,test
0.98995376,0.0005737442,0.00013633275,0.003403034,0.001581265,0.0013293216,0.0011162595,0.0019063477,1035,test
0.96505606,0.0033622112,0.00097480806,0.005083922,0.008056546,0.0064115915,0.0052990206,0.0057558925,1036,test
0.96468675,0.003271174,0.002315882,0.0051392945,0.0062254537,0.0062749893,0.0045106453,0.0075758747,1037,test
0.98962116,0.000531659,9.233145e-05,0.00373921,0.0017730463,0.0014417507,0.0012845582,0.0015163744,1038,test
0.00018810583,0.0037762849,0.98349774,0.003084437,0.0021700584,0.0009760664,0.002483221,0.003824156,1039,test
0.82710963,0.021851381,0.0076423488,0.028791778,0.027037876,0.015824854,0.015891809,0.05585035,1040,test
0.9896884,0.0005586931,0.0001235639,0.003571616,0.0017194663,0.0012992582,0.0012658053,0.001773187,1041,test
0.00015981183,0.0032096768,0.9854026,0.0032658216,0.0016015733,0.0018464752,0.0023844277,0.002129705,1042,test
0.00023828215,0.00983139,0.9562138,0.007963138,0.0038068432,0.005159124,0.003978648,0.01280875,1043,test
0.9839617,0.0008144546,0.00016588975,0.0057325107,0.0026321055,0.0018261881,0.0018967676,0.0029702727,1044,test
0.00013876932,0.0020457802,1.87155e-05,0.001805999,0.98706436,0.005747094,0.00021128802,0.0029679302,1045,test
0.00015525434,0.004285573,0.97697747,0.0040187505,0.0022230325,0.0026986916,0.0033766832,0.006264569,1046,test
0.00027948277,0.0043352144,0.98050916,0.0028266762,0.0023831325,0.001097426,0.0035904322,0.004978448,1047,test
0.00020545424,0.0043093096,0.9798034,0.0036525787,0.002131337,0.0018784828,0.0032221922,0.0047973455,1048,test
0.00018663189,0.0047338475,0.9829512,0.0033766108,0.00255219,0.0014423087,0.0022303704,0.0025269396,1049,test
0.9882378,0.00070435205,0.00015081534,0.0037995402,0.0022046736,0.0016563233,0.0015349913,0.0017114882,1050,test
0.00025840977,0.007641027,0.972464,0.0051193354,0.0026934468,0.004820354,0.003719098,0.0032843626,1051,test
0.00016207901,0.003965444,0.9799075,0.0038244943,0.002328651,0.0017987316,0.0029371416,0.005075983,1052,test
0.9804555,0.0018607194,0.0004952633,0.003646878,0.004037847,0.0034789732,0.0027900375,0.0032348214,1053,test
0.00020293599,0.0035149034,0.983615,0.0026556996,0.0020860794,0.0011389687,0.0028310702,0.003955315,1054,test
0.0001712627,0.0030402816,0.9841208,0.00259162,0.0017477067,0.00093890587,0.002654154,0.004735265,1055,test
0.00038512563,0.015505468,0.94694394,0.004524161,0.0056284554,0.00942575,0.008374785,0.009212299,1056,test
0.98766756,0.000611507,9.517129e-05,0.004269713,0.0022477522,0.0014654635,0.0016514861,0.0019913926,1057,test
0.00019003577,0.003122075,0.98537296,0.0026033884,0.00195548,0.0013306175,0.0029659017,0.0024595205,1058,test
0.00017421348,0.0032259708,0.98425645,0.0023166253,0.0019363717,0.0014269769,0.003209004,0.0034543895,1059,test
1.176776e-06,5.451301e-05,1.5222877e-06,3.0550433e-05,1.450123e-06,0.9997166,4.9368784e-05,0.00014481814,1060,test
0.9783212,0.0014701075,0.00040134348,0.005596678,0.0035252525,0.0039956747,0.0022003832,0.0044894507,1061,test
0.9797279,0.0014721975,0.0004861046,0.0055348505,0.0036929136,0.0034990706,0.0025811445,0.0030058569,1062,test
0.00012537124,0.002768953,0.9840126,0.0030793606,0.0016409047,0.0020003032,0.0027168589,0.0036556874,1063,test
0.00020488526,0.003474896,0.982222,0.0028377913,0.002120785,0.0009816395,0.0029465237,0.0052114544,1064,test
0.97470367,0.0015436723,0.00023440509,0.008276614,0.00455204,0.003982892,0.0033373064,0.003369459,1065,test
0.988279,0.00072301313,0.000203231,0.0038038045,0.0018968404,0.0020243009,0.0012230647,0.0018466774,1066,test
0.0008705291,0.0015450655,0.0006008031,0.002979821,0.0181819,0.0005127115,0.9724263,0.0028829488,1067,test
0.99124265,0.00042878746,7.1945105e-05,0.0034448619,0.00155484,0.00094909547,0.0010920918,0.0012157247,1068,test
0.98947644,0.0005812135,0.00012808878,0.0033504565,0.0020373424,0.0015956657,0.0012686125,0.0015622135,1069,test
0.00017688051,0.0030628797,0.98660314,0.0029330726,0.0016400778,0.0016442349,0.0024137006,0.0015259377,1070,test
8.70657e-05,0.0014610415,0.99190545,0.0015880917,0.00088636554,0.0007217184,0.0018761568,0.0014741045,1071,test
0.98505694,0.0009783619,0.00023975456,0.0038839115,0.0027297987,0.0026550463,0.0016519938,0.0028041245,1072,test
0.00017732082,0.003233258,0.98584974,0.0027047752,0.0017098789,0.0013734403,0.0026773545,0.0022742467,1073,test
0.98718387,0.00061806996,0.00011980165,0.004243056,0.0023836836,0.00201802,0.0013686651,0.0020648784,1074,test
0.00014704627,0.002776292,0.98621327,0.0024299743,0.0016677779,0.001317641,0.0026588386,0.0027890524,1075,test
0.00016664775,0.0028925973,0.98633236,0.002777035,0.001308717,0.002094213,0.0028087958,0.0016196657,1076,test
0.00021251859,0.004272454,0.9818475,0.0027982905,0.0023368776,0.0011365747,0.0028635764,0.004532098,1077,test
0.00016432391,0.0029511917,0.9844275,0.0027376623,0.0016433675,0.00091063714,0.0024682612,0.0046970476,1078,test
0.0001235258,0.0020926623,0.986902,0.0030270535,0.0010683179,0.001251913,0.0024178927,0.0031165252,1079,test
0.00017679842,0.0030435305,0.9864369,0.0028675292,0.0017259989,0.0014028093,0.0024208338,0.0019256114,1080,test
0.00024130645,0.004005617,0.9809445,0.0030052373,0.0020260017,0.0012306111,0.003172207,0.0053745355,1081,test
8.5392756e-08,0.9995407,1.33619615e-05,8.906997e-06,0.0002849314,7.31869e-05,2.0112431e-05,5.8765396e-05,1082,test
0.0002456871,0.010677012,0.96041024,0.007584584,0.0041087517,0.004606042,0.0035431103,0.008824649,1083,test
0.98651123,0.000792376,9.486958e-05,0.005373129,0.0020465953,0.0014522094,0.001849584,0.0018800542,1084,test
0.8729259,0.011810133,0.0036907126,0.027745035,0.021947673,0.02734464,0.014482422,0.020053566,1085,test
0.00013033878,0.0038029214,0.9838845,0.003541737,0.0017510947,0.0029695963,0.0021816327,0.0017381364,1086,test
0.00027701678,0.010721161,0.96022475,0.008387893,0.0036908493,0.0036409192,0.003431203,0.009626187,1087,test
0.00043691936,0.0029185363,0.98360556,0.0033218444,0.002089972,0.0012550104,0.0044803238,0.0018919619,1088,test
0.00040837823,0.0025671562,0.98566353,0.0032648349,0.0019691295,0.0008041989,0.0035042819,0.0018184129,1089,test
0.9944847,0.000373718,8.798504e-05,0.0014260062,0.0015867045,0.0004084727,0.0010384746,0.00059393334,1090,test
0.27632484,0.028039053,0.5381196,0.06802096,0.026249098,0.005744613,0.04291189,0.014589955,1091,test
0.0007231404,0.003557118,0.9767486,0.0055435267,0.0023802947,0.0017022665,0.0054217926,0.0039232713,1092,test
0.00067042845,0.005813277,0.00067003054,0.0022394988,0.00065120857,0.9747396,0.0026195382,0.012596474,1093,test
0.00086922117,0.0071118777,0.0012585646,0.0053444253,0.0036322132,0.9661441,0.003059415,0.012580207,1094,test
0.00049787574,0.0028219044,0.9831339,0.0034672134,0.002164151,0.0008599007,0.004080524,0.0029744706,1095,test
0.98948276,0.0005209555,0.0001580287,0.0036662589,0.002575826,0.0007558331,0.0018483502,0.000991997,1096,test
2.0074376e-06,0.99818677,0.000115541276,5.898863e-05,0.0010925874,0.00019841641,0.00010856687,0.00023719449,1097,test
0.0004576076,0.003165775,0.9833103,0.003224216,0.0022479524,0.000965552,0.0040192045,0.0026093721,1098,test
0.00031234886,0.002024978,0.9868391,0.0033950962,0.0013568507,0.0008804806,0.0033756155,0.001815608,1099,test
0.0004042604,0.002162177,0.986446,0.0030526558,0.0017476511,0.00069092936,0.0034322683,0.0020638586,1100,test
0.00020989144,0.0013745701,0.9909599,0.002311811,0.0010102687,0.0005955227,0.0025407297,0.0009972444,1101,test
9.5000185e-05,0.0009054553,0.0004661898,0.0015053147,0.00027256052,0.9941988,0.0007631868,0.0017935138,1102,test
0.9919572,0.0004641034,0.00014319575,0.0023904492,0.0021560881,0.0006380521,0.0014004302,0.00085055205,1103,test
0.00040641255,0.0022856554,0.98567957,0.0030295409,0.0017975089,0.00077222387,0.0037648326,0.002264244,1104,test
0.99284065,0.00044412084,7.8131576e-05,0.0021342637,0.0019722935,0.0005003462,0.0014309966,0.0005991456,1105,test
0.0005249237,0.003114917,0.9826962,0.0034184647,0.002353119,0.0008754833,0.0040648617,0.0029520735,1106,test
0.0003699185,0.0022745628,0.98653364,0.0030138965,0.0016390953,0.0007263211,0.0033074622,0.002135105,1107,test
0.98218554,0.0008307107,0.0002667958,0.006348407,0.004375843,0.0014785072,0.0026701803,0.00184406,1108,test
0.0004332545,0.002661215,0.985685,0.0032529912,0.0020612534,0.00078606146,0.0031416486,0.0019786428,1109,test
0.00030805642,0.002076257,0.9881954,0.002837106,0.0014614534,0.00064626656,0.0027660944,0.001709327,1110,test
0.00038046986,0.0023477566,0.98511446,0.0034341777,0.001765125,0.0010284577,0.0039194357,0.0020101126,1111,test
6.0996e-05,0.00080009236,0.00018647409,0.0008101043,0.00013498872,0.9959941,0.00076552393,0.0012476812,1112,test
0.0030958834,0.028679257,0.90212107,0.013225961,0.011030851,0.004749967,0.013663546,0.023433462,1113,test
0.8818531,0.017378733,0.021519307,0.013970105,0.033783916,0.004758259,0.016949436,0.009787133,1114,test
0.00039426473,0.002534765,0.9856948,0.0032449446,0.001851648,0.0007747044,0.0033639593,0.002140914,1115,test
2.8938592e-05,9.0936305e-07,2.0191076e-06,5.8192154e-06,0.00022837066,2.3475671e-07,0.9997321,1.6276553e-06,1116,test
0.9904897,0.00061564246,0.00013867719,0.0030207664,0.0025422648,0.0005976445,0.0018894401,0.00070582813,1117,test
0.9841282,0.0011275581,0.00038996717,0.0050588213,0.00383548,0.0010161687,0.0030479252,0.0013959928,1118,test
0.9901321,0.00057097344,8.8739456e-05,0.0027812645,0.0028509288,0.0007240445,0.0021491288,0.00070276257,1119,test
0.9920105,0.0004595554,0.00011498382,0.0024906588,0.002137817,0.0006028142,0.0014548411,0.0007287728,1120,test
0.98462546,0.001110764,0.00022841952,0.0027952339,0.0052610547,0.0011248904,0.0036631776,0.0011910627,1121,test
0.0003764241,0.0022532288,0.98627466,0.00282111,0.0017102765,0.00080424256,0.0035523444,0.0022077349,1122,test
0.97062856,0.0018697395,0.00045998063,0.008743311,0.0077384333,0.0025223014,0.0054713255,0.0025663162,1123,test
2.7303843e-06,0.99811953,0.00012391483,4.822698e-05,0.00085836946,0.00027264268,0.00021734898,0.0003572677,1124,test
0.00083289115,0.004499201,0.9791388,0.0038790477,0.0027363596,0.0013724958,0.0048077125,0.0027335493,1125,test
0.0003314498,0.0019196669,0.9873668,0.0027747084,0.0013711695,0.00068520464,0.0033447114,0.0022064205,1126,test
0.00036884102,0.002052012,0.9866435,0.0029296675,0.0015032511,0.00070001534,0.003527022,0.0022757088,1127,test
0.068057515,0.029567134,0.002803706,0.028955981,0.48318502,0.295256,0.0057860566,0.08638867,1128,test
0.00041313737,0.0024723,0.98513746,0.0032060326,0.0019181942,0.0008148645,0.0037345518,0.0023034436,1129,test
0.9899329,0.0006064932,0.00020033,0.0027588757,0.0027722477,0.0007923334,0.0018439159,0.0010928403,1130,test
0.001164306,0.0039191414,0.97709525,0.003983274,0.002682686,0.0014706989,0.0066232807,0.003061317,1131,test
0.0007416901,0.0067935023,0.97420985,0.0042497246,0.0034179867,0.0021682773,0.005486519,0.0029323588,1132,test
0.9918167,0.00054437015,0.00020587914,0.0020255076,0.0025184625,0.00066925853,0.0014160909,0.0008037328,1133,test
0.99154913,0.0005133616,0.0001134382,0.002501463,0.0022385065,0.00052324537,0.0018634299,0.0006973602,1134,test
0.0006035602,0.0055939513,0.97307914,0.0057903435,0.0030495352,0.002177624,0.0047670263,0.0049387915,1135,test
0.00014375239,0.0008982678,0.9932191,0.0020895174,0.0007526927,0.00045325994,0.0017188663,0.0007247057,1136,test
0.0003676892,0.001955223,0.9870703,0.0029410527,0.0014084649,0.0006459609,0.0033826507,0.0022286596,1137,test
0.00036768772,0.0024610923,0.9859698,0.0029633837,0.0017822414,0.00082794623,0.003522171,0.0021056186,1138,test
0.00033838075,0.002283799,0.9852261,0.0035130237,0.0016751133,0.00085235824,0.0034904769,0.002620754,1139,test
0.00042538223,0.002849654,0.9844582,0.0031029417,0.0019842982,0.0008974217,0.0037828346,0.002499177,1140,test
0.00024534157,0.00095700007,0.000111783316,0.0003101955,0.0014784422,0.0008556881,0.00017830568,0.9958632,1141,test
1.30830995e-05,1.9417737e-06,2.0843565e-05,0.9997073,0.000111771886,1.6362721e-05,6.8835056e-05,5.986057e-05,1142,test
0.99117965,0.000445809,8.3496096e-05,0.002860632,0.0022924396,0.0005505348,0.0019050167,0.0006823998,1143,test
0.00046471512,0.0030158535,0.983977,0.003458247,0.002201295,0.000875758,0.0038096954,0.002197532,1144,test
0.0002920666,0.0020508382,0.0007746723,0.002109665,0.0003132868,0.989325,0.0015600012,0.003574488,1145,test
0.9923516,0.00039172688,0.00014132986,0.0024586117,0.001905861,0.0005826369,0.0013384767,0.0008297071,1146,test
0.98821545,0.00065800716,0.00026682427,0.0037428795,0.0028838546,0.0008179236,0.0023003826,0.0011147426,1147,test
0.0015939793,0.004149235,0.97115403,0.007248132,0.003580352,0.0018733885,0.005620664,0.0047802054,1148,test
0.984962,0.00092445395,0.00051782635,0.0044342396,0.0035133164,0.0012224911,0.002813991,0.0016116612,1149,test
0.0001540914,0.0009775319,0.9929998,0.0021030859,0.0007681251,0.000480978,0.001780431,0.0007358574,1150,test
2.5035079e-06,0.99772125,0.00013996636,6.6068285e-05,0.0013995055,0.0002082436,0.00014254072,0.0003199337,1151,test
0.00035769338,0.0027026958,0.9867142,0.0035584143,0.0012613185,0.0016650397,0.0029348873,0.00080582965,1152,test
0.90442276,0.016426086,0.0070477435,0.023733538,0.025698876,0.00378128,0.01563186,0.0032576998,1153,test
0.9928059,0.00046580465,0.00015415697,0.0022126301,0.0019349665,0.00051093835,0.0016851997,0.0002304625,1154,test
0.0010906657,0.004091858,0.97937244,0.0040852274,0.001963896,0.0020884094,0.00567594,0.0016315706,1155,test
0.9775109,0.00097330485,0.00064587407,0.008681244,0.004542011,0.0018183391,0.0051808255,0.0006474889,1156,test
6.3187734e-05,0.00042050905,5.3498832e-05,0.00089094386,4.599782e-05,0.99808204,0.00029539972,0.00014844426,1157,test
0.00041472726,0.0028405245,0.98636764,0.0033249708,0.0014363757,0.0015250463,0.0031884653,0.00090228865,1158,test
0.0003774828,0.0028747055,0.9868678,0.0031365715,0.0013909012,0.0015306262,0.0029576668,0.00086421304,1159,test
0.00042782637,0.0029528972,0.9865876,0.003198242,0.0016450497,0.0013987836,0.0029286817,0.00086087687,1160,test
0.0003052464,0.0022166702,0.988997,0.002913119,0.0012248897,0.0012827892,0.0024086684,0.00065162283,1161,test
0.0006451904,0.00015273034,0.00021374648,0.000562718,0.0016705557,7.189017e-05,0.9965745,0.00010870662,1162,test
0.99022335,0.0003655776,0.000120449426,0.004175828,0.0019763438,0.00056280236,0.0022870316,0.00028861297,1163,test
0.0005109462,0.0033822195,0.9842014,0.0034704318,0.0014554607,0.0019420546,0.0039051312,0.0011325317,1164,test
0.0003632978,0.0026343297,0.98738724,0.003128414,0.0013587085,0.0014069857,0.002881762,0.00083920424,1165,test
0.000511926,0.0028339576,0.9858429,0.0031736835,0.0014425765,0.0015139396,0.0035803283,0.0011006884,1166,test
0.98316747,0.0012160747,0.0013808123,0.0042656474,0.003991175,0.0012372494,0.004188146,0.00055338175,1167,test
0.0003130495,0.0020954479,0.98947364,0.0026645903,0.0011693797,0.0011954906,0.0024479558,0.00064044667,1168,test
0.00036385877,0.0028869852,0.98589754,0.0040516616,0.0012803334,0.001990674,0.0027917768,0.00073711306,1169,test
0.0003690368,0.0025780324,0.9875651,0.0029409474,0.0013511183,0.0014014241,0.0029887722,0.00080571434,1170,test
0.0027686951,0.0039167395,0.9743071,0.007236614,0.0027625696,0.002311683,0.0051947334,0.0015018842,1171,test
0.989945,0.00040300714,0.00011632121,0.0032129614,0.0024107806,0.0006577481,0.0029872002,0.00026691833,1172,test
0.00048248778,0.0026442928,0.9871738,0.0031339438,0.0015001377,0.0013060551,0.0029012035,0.00085809076,1173,test
0.00020800377,0.0014571103,0.99175864,0.002577272,0.0009148135,0.0009953502,0.0017072825,0.00038149668,1174,test
0.000427239,0.0029691625,0.9866002,0.003301882,0.0016796549,0.0012936966,0.0028665669,0.0008615306,1175,test
3.513491e-05,1.2938706e-05,1.0350521e-05,7.943709e-05,0.0001679329,1.27606645e-05,0.99967384,7.546591e-06,1176,test
0.00034224163,0.0025916002,0.98787826,0.0030162851,0.0013814896,0.0013580645,0.0026630915,0.00076887215,1177,test
0.9884409,0.00055076095,0.00015956725,0.0036997593,0.0029241974,0.00081197085,0.0030869886,0.00032582003,1178,test
0.00043846192,0.002995646,0.9860935,0.0033321003,0.0016697659,0.0013137973,0.0031741243,0.0009825474,1179,test
0.0005091557,0.002808783,0.9860847,0.003351508,0.0017331479,0.0014034436,0.0031614832,0.000947793,1180,test
0.00045386897,0.0028985073,0.98652494,0.0032773004,0.0016663778,0.0012637926,0.0029408997,0.00097425625,1181,test
0.0023625668,0.00383089,0.00079708814,0.0016396196,0.0038042744,0.004851907,0.000794828,0.9819188,1182,test
0.99094534,0.0004613079,0.00014055363,0.003106896,0.0022676701,0.0006200822,0.002143231,0.000314901,1183,test
5.9393356e-06,0.996804,0.00023763858,0.00017889401,0.0020016872,0.00046559915,0.00013809548,0.00016820864,1184,test
5.555676e-06,0.99699426,0.00021739295,0.00017929575,0.001859019,0.00046048037,0.00013081392,0.0001532896,1185,test
0.02076005,0.069371484,0.046596672,0.053429224,0.30134004,0.47320142,0.016752232,0.01854886,1186,test
0.00029488635,0.0017364628,0.9905794,0.002660174,0.0013003814,0.0008973311,0.002033574,0.0004977527,1187,test
0.00040513297,0.0031343536,0.9856448,0.0036009022,0.0015606472,0.0017192416,0.0030791296,0.0008558258,1188,test
0.9823072,0.0010399744,0.00024014081,0.005008324,0.0051804422,0.0010796232,0.004662396,0.0004818973,1189,test
0.0006109656,0.002981624,0.98512655,0.003361031,0.0016569444,0.0014962894,0.003666348,0.0011001494,1190,test
0.017399453,0.01003048,0.004841236,0.0069324556,0.012569679,0.023068806,0.0036693276,0.9214886,1191,test
0.007161819,0.0057069003,0.0030294051,0.005520585,0.0069643855,0.011900748,0.0018787729,0.9578374,1192,test
0.002229056,0.004262389,0.00089520396,0.0015730532,0.003283285,0.005599939,0.00079454406,0.9813626,1193,test
0.99254066,0.00040864263,0.000184879,0.0022720185,0.0020126288,0.00064182834,0.0016245901,0.00031480304,1194,test
0.0020380958,0.0023943037,0.00015531275,0.0032285114,0.98257864,0.007213497,0.0020125308,0.00037901997,1195,test
0.00050418224,0.0035882806,0.9846485,0.0033507177,0.0018598872,0.0015458398,0.003386499,0.0011161078,1196,test
0.9923907,0.00045960268,0.0002183125,0.002513363,0.0019463531,0.00063890585,0.0015455517,0.0002872054,1197,test
0.00039174483,0.002736671,0.9872944,0.003256922,0.0015827153,0.0012517628,0.0027103731,0.0007753934,1198,test
0.9920792,0.00034584853,8.998505e-05,0.0025603632,0.002050986,0.0004978483,0.002175017,0.00020076951,1199,test
6.2711733e-06,0.9968526,0.00028322169,0.00018512696,0.0017656577,0.0005377431,0.00016622774,0.0002032559,1200,test
0.00031044957,0.0026058147,0.9873029,0.0035144698,0.0011728654,0.0015956743,0.0027202026,0.0007776758,1201,test
0.9885338,0.00057279173,0.00015172754,0.0036001673,0.0030030294,0.00079226535,0.003017009,0.0003292072,1202,test
0.00041505025,0.0029389204,0.9867489,0.0032026295,0.0016494035,0.0013286239,0.0028290448,0.00088749646,1203,test
0.9900467,0.00057896576,0.00026231483,0.0033634389,0.002412674,0.00074949296,0.0022073204,0.00037923743,1204,test
0.00041966725,0.0037141866,0.9847925,0.003896339,0.0017164344,0.0019385759,0.0027386043,0.0007837057,1205,test
0.99239796,0.00039420516,0.0001659703,0.0024735446,0.001982744,0.0005938401,0.0016898395,0.0003018889,1206,test
0.9935982,0.00030491618,9.031133e-05,0.0022680224,0.0016056444,0.00045965184,0.0014407535,0.00023247095,1207,test
0.00043919124,0.003517402,0.9844518,0.0036013627,0.0012821627,0.0022447817,0.0035239158,0.00093939947,1208,test
0.0006309452,0.0067493776,0.9785417,0.00440662,0.0023840072,0.002589878,0.0034920652,0.0012054129,1209,test
0.0004130584,0.0023390152,0.9881924,0.0030537774,0.0014820157,0.0012639238,0.0025773903,0.000678446,1210,test
0.00040865032,0.002680977,0.98699677,0.0033900668,0.001649625,0.0014110032,0.0027154202,0.0007473896,1211,test
0.00039589737,0.0018678419,0.9897398,0.0026303302,0.0012581635,0.001010904,0.0024457742,0.00065131974,1212,test
0.0022063295,0.0037445175,0.000750675,0.0016803071,0.0032017257,0.005213372,0.0008042094,0.9823988,1213,test
0.0004166482,0.0026627341,0.9867464,0.0033738725,0.0013114801,0.0014807131,0.0030608713,0.00094740785,1214,test
0.0004946357,0.0028750454,0.9855247,0.0037607893,0.0014496659,0.0016057797,0.0032571557,0.0010321552,1215,test
0.00011746185,0.0012379911,0.99117345,0.0020339089,0.0009866433,0.00044943945,0.0022121107,0.001789025,1216,test
0.9766159,0.0013350785,0.0010605609,0.005767179,0.005818485,0.0023389722,0.0041290275,0.002934743,1217,test
6.9802845e-05,0.0016706008,0.98946893,0.002643282,0.00073492876,0.002002369,0.0018518178,0.0015582341,1218,test
0.00012747718,0.0011864451,0.000311536,0.0011899086,0.00021390797,0.9899333,0.001119345,0.0059180595,1219,test
9.632087e-05,0.0011695666,0.9904463,0.0024702617,0.0009006251,0.00056670234,0.0021343252,0.0022158027,1220,test
1.1338199e-05,4.2232164e-06,7.385288e-05,0.999483,0.00014141836,1.245571e-05,0.00011199187,0.00016170983,1221,test
0.9782722,0.0010290054,0.0008001137,0.0061870846,0.0045941384,0.002535205,0.002948625,0.0036337066,1222,test
0.98399585,0.000820397,0.00051471393,0.004620811,0.0029680636,0.0014403627,0.0027243772,0.0029154108,1223,test
0.9697776,0.0021632689,0.0027860585,0.0077292924,0.0053665256,0.00299823,0.004353177,0.004825782,1224,test
0.39753768,0.03720993,0.43138143,0.035218436,0.030005557,0.009868231,0.036447804,0.022330888,1225,test
0.0001001306,0.001145343,0.99099207,0.0021725155,0.00097315205,0.00045366312,0.0020714763,0.0020916122,1226,test
0.00011938848,0.0014037983,0.9908798,0.001997076,0.0010306846,0.00045657385,0.0021802243,0.0019325861,1227,test
0.00010030917,0.0011854399,0.9910651,0.0022703246,0.0009676414,0.00061003707,0.0020752742,0.0017258342,1228,test
0.00011016597,0.0011617932,0.9913015,0.0022057595,0.0009522752,0.00046829513,0.0021294001,0.0016708417,1229,test
1.0834623e-05,0.9920942,0.0019808873,0.00021341637,0.0021749742,0.001037775,0.0007661219,0.0017217821,1230,test
0.9848614,0.000814898,0.00045897003,0.0045787706,0.003170846,0.0014497524,0.0023684697,0.0022968622,1231,test
0.96764386,0.0016037365,0.0014518208,0.010740966,0.0059544323,0.0023864827,0.0051899212,0.0050286977,1232,test
0.00011405808,0.0012894464,0.99171305,0.0020573193,0.0010270774,0.0004201308,0.0019650976,0.00141385,1233,test
7.1287686e-05,0.0008674255,0.9927424,0.0019966327,0.00068211573,0.00043283904,0.0016479127,0.00155938,1234,test
0.000115449184,0.0012332138,0.9912872,0.0020083399,0.0009567885,0.0004096831,0.0022005495,0.0017887405,1235,test
0.00010005084,0.001177495,0.9913526,0.0018616583,0.0008933288,0.0004219698,0.0020809618,0.002111818,1236,test
0.57728076,0.068283476,0.15841325,0.028047947,0.07257897,0.0096264575,0.04200771,0.043761417,1237,test
0.9799748,0.0013439144,0.00088245474,0.0053805993,0.0044950284,0.0020767078,0.003465657,0.0023807867,1238,test
0.9819697,0.0008426723,0.00048382016,0.0056594172,0.003535507,0.0019012457,0.0026039972,0.0030035293,1239,test
0.004329083,0.017169913,0.006056965,0.019042032,0.81675786,0.09893862,0.0037229396,0.033982527,1240,test
9.829041e-05,0.0011191526,0.99222344,0.0018938007,0.0009198812,0.00038692338,0.0018762732,0.0014821982,1241,test
0.9667626,0.0022897052,0.0043082032,0.008150757,0.005851539,0.0034373992,0.004068008,0.005131811,1242,test
9.752963e-05,0.0012774743,0.9902622,0.0023598843,0.0010525343,0.00052623457,0.0020614346,0.0023626676,1243,test
0.0001093235,0.0019033385,0.00039532204,0.0016425675,0.00041863162,0.9876773,0.0015114018,0.0063420567,1244,test
6.526299e-06,0.99413884,0.0013512879,0.00015503108,0.0016088099,0.0008314309,0.0005773622,0.0013307842,1245,test
0.0014340804,0.0047845985,0.0006447471,0.003343681,0.9731503,0.00540909,0.0022490982,0.008984453,1246,test
0.9842169,0.00083027704,0.00047385218,0.004958352,0.003061397,0.0014673902,0.0025187086,0.002473067,1247,test
0.98841804,0.0005894666,0.00040641936,0.0036484292,0.002216922,0.0010780181,0.0017568254,0.0018859062,1248,test
5.420561e-06,0.9947805,0.0009892805,0.00014394295,0.0019143668,0.00061416504,0.0004439323,0.0011083346,1249,test
0.00011801844,0.0015445664,0.98852825,0.0022885106,0.0013456718,0.0005996598,0.0023640713,0.003211349,1250,test
4.3926866e-05,0.000534046,0.99537426,0.0013743147,0.00046499737,0.00028991123,0.0011517492,0.00076681376,1251,test
2.5422369e-05,2.0883838e-06,2.0716172e-05,2.4144154e-05,0.00015301471,1.6729488e-06,0.99976593,6.990811e-06,1252,test
0.9714698,0.0014094413,0.0015440804,0.008891643,0.0054270625,0.002742363,0.004478603,0.0040370077,1253,test
0.9695077,0.0018532799,0.0015662721,0.007833983,0.007295991,0.0032574576,0.0045043426,0.00418096,1254,test
0.9778992,0.001212568,0.00094226556,0.0067144833,0.004093932,0.0023117817,0.00346516,0.003360501,1255,test
0.00010876601,0.0013422723,0.98995763,0.0023544158,0.0010209137,0.0006069389,0.002320036,0.002289001,1256,test
0.00011817014,0.0014192092,0.99025106,0.0020587216,0.001102575,0.00046490697,0.0022407724,0.002344549,1257,test
9.752139e-05,0.0011898583,0.991248,0.0020249141,0.000947785,0.00053273037,0.0021342987,0.0018248323,1258,test
0.00011226656,0.0012728745,0.9910383,0.002017745,0.0009944901,0.0004030482,0.0020904995,0.0020708304,1259,test
9.6057796e-05,0.0010794349,0.9923005,0.0017612462,0.000793059,0.00038806474,0.0019952378,0.001586376,1260,test
0.9845042,0.00082324125,0.0006451442,0.0047398144,0.0027861064,0.0014909419,0.002269191,0.0027414265,1261,test
0.00011007927,0.0012846469,0.00040351547,0.001217503,0.00025887816,0.9897838,0.0011298453,0.0058116065,1262,test
0.98452985,0.00081659824,0.00045056216,0.0046006446,0.0033110888,0.0014519233,0.0025273291,0.0023119813,1263,test
0.9853184,0.0006993987,0.00039667336,0.0049103927,0.0029673998,0.0013121376,0.0025028365,0.0018927351,1264,test
3.572099e-05,0.00045427354,0.9960479,0.001282625,0.00040145876,0.00025319797,0.0009251263,0.0005996937,1265,test
9.492698e-05,0.0011199082,0.9920787,0.0018244109,0.00089059124,0.00039593253,0.001905396,0.0016902008,1266,test
0.98372483,0.0008316306,0.00029425003,0.004706061,0.0038364336,0.0012146406,0.0035591302,0.0018330673,1267,test
9.254412e-05,0.0011927407,0.99105716,0.0021990067,0.00084999064,0.0006579688,0.0021029485,0.0018475803,1268,test
0.9850781,0.000792771,0.00055394816,0.005062709,0.002839186,0.0013702258,0.0025150208,0.0017880352,1269,test
0.00010039618,0.0012039284,0.9914595,0.0019229779,0.0009533795,0.000492418,0.0021307785,0.0017366719,1270,test
0.00010139762,0.0019404542,0.9897322,0.0026057796,0.0008080258,0.0010270148,0.0020244783,0.0017605963,1271,test
0.9771806,0.0011924147,0.0008153845,0.0070650727,0.0046293465,0.002411408,0.003551236,0.0031545565,1272,test
0.97538084,0.0013509464,0.0012081452,0.0064572506,0.0050668507,0.0025006218,0.003767151,0.0042681308,1273,test
0.98178065,0.0009050109,0.00043827266,0.006150767,0.003642114,0.0015748119,0.0032008267,0.002307605,1274,test
0.00011246401,0.0012742676,0.9913799,0.0019810707,0.0009574627,0.00045584206,0.0020921347,0.0017468432,1275,test
0.98342395,0.00085668656,0.0006976137,0.004762299,0.0032489733,0.0015345139,0.0026375614,0.0028383755,1276,test
0.97759295,0.0012530743,0.0005899278,0.0058320486,0.0058208634,0.002361178,0.0038392316,0.0027106972,1277,test
9.476205e-05,0.00111275,0.99203014,0.0019568566,0.0008911942,0.0004470869,0.0018969553,0.0015702185,1278,test
8.936302e-05,0.0009531237,0.99306595,0.0017837543,0.00079557364,0.00035922136,0.0017229953,0.0012300957,1279,test
0.99122673,0.00041127988,0.00014746434,0.0028739648,0.0015188266,0.0012263079,0.0011338888,0.0014614655,1280,test
0.00019940604,0.0013015259,0.98996747,0.0022544835,0.0009283441,0.0009453337,0.0025153076,0.0018881042,1281,test
0.9913811,0.00040470433,0.00013133451,0.0029537492,0.0014808538,0.0012421091,0.0011464588,0.0012596665,1282,test
0.00020060809,0.0012607045,0.9900411,0.0024506333,0.0011079133,0.00075517537,0.002283063,0.0019009085,1283,test
0.9915104,0.00031387643,6.8063084e-05,0.0030471035,0.0015184422,0.001083985,0.0012774382,0.0011806696,1284,test
0.00021075281,0.0016167132,0.9883769,0.0029136105,0.001327974,0.0010533581,0.0023326394,0.0021679357,1285,test
0.0002852406,0.0020914392,0.98534596,0.0031078658,0.0015103796,0.0014369797,0.003010109,0.0032120475,1286,test
0.00024425186,0.0018831979,0.98707205,0.002840055,0.001532316,0.0009761301,0.0025167179,0.0029352924,1287,test
0.00022176965,0.0017299008,0.9866549,0.003189251,0.0014362199,0.0011551736,0.0024605333,0.0031522575,1288,test
0.00010758685,0.0002094132,6.7431e-05,0.00065399957,2.7691896e-05,0.9973463,0.00018943062,0.0013981906,1289,test
2.0310385e-05,0.9872458,0.0021934067,0.0005574214,0.0049854997,0.0018569075,0.0007241422,0.002416432,1290,test
0.00030204098,0.0025845098,0.98401976,0.0030658569,0.0017706096,0.0016554,0.003259446,0.0033424553,1291,test
0.9865513,0.00072524004,0.00025433773,0.003670691,0.00244424,0.0021149935,0.0015000212,0.0027392155,1292,test
0.00023398851,0.001890025,0.98726594,0.0028890213,0.0014216079,0.0010893117,0.0024805535,0.0027295754,1293,test
0.0002348662,0.0017262504,0.98807484,0.0028955028,0.0014367274,0.0011122035,0.0024912993,0.0020281954,1294,test
0.00043992873,0.0038878634,0.977523,0.004496655,0.0025658284,0.0021394682,0.0035728368,0.0053744204,1295,test
0.000244538,0.0020183758,0.9845071,0.0037807755,0.0015469863,0.0018642321,0.0029184336,0.0031195146,1296,test
0.9907161,0.00042533653,0.00018854477,0.002926926,0.0016612326,0.0015107588,0.0011074541,0.0014635606,1297,test
0.98899186,0.000468487,0.00015350239,0.0040381467,0.0017289156,0.0016686929,0.0012473987,0.00170301,1298,test
0.00020792305,0.0017267998,0.98722726,0.003304204,0.0014426706,0.0012089682,0.0023029947,0.002579196,1299,test
0.0002412644,0.002022319,0.98581773,0.0036054947,0.0016615775,0.0015794185,0.0026297611,0.0024424586,1300,test
1.5577218e-05,0.98972404,0.001529162,0.0004355417,0.004486738,0.0015017013,0.0005503623,0.0017568977,1301,test
4.7088024e-06,0.9965289,0.00046835252,0.00012339801,0.0007322228,0.0012191384,0.0004089044,0.00051437964,1302,test
0.984743,0.0010752109,0.0004319598,0.0044722916,0.0021081474,0.0024476554,0.0023905407,0.0023311607,1303,test
0.9822855,0.0008819428,0.0007050514,0.0050073746,0.002778746,0.0030685533,0.0024517705,0.0028211419,1304,test
0.00028568465,0.0021341718,0.98593926,0.0033863992,0.0016589606,0.0012565146,0.0028172464,0.0025216548,1305,test
0.00024335508,0.001793395,0.9851828,0.0037342075,0.0014259809,0.0015258562,0.0029343162,0.0031600723,1306,test
0.0002484482,0.0016887623,0.9885689,0.0026847236,0.0013212538,0.001005411,0.002569936,0.001912654,1307,test
0.00020561022,0.0013344951,0.99022186,0.0024803719,0.0011220073,0.00075511954,0.0020657124,0.0018148016,1308,test
0.00025760234,0.0017428385,0.986931,0.003053637,0.0014175792,0.0010836825,0.0026907173,0.0028228734,1309,test
0.98054105,0.0012669887,0.00095874665,0.0052115833,0.0035418153,0.0028827605,0.0022936773,0.0033032862,1310,test
0.9929174,0.00028833922,0.00012390864,0.002371436,0.0012331062,0.00095542945,0.0009934246,0.0011168796,1311,test
0.99147296,0.0003873626,0.00012108003,0.0033215059,0.0013256775,0.0011325729,0.0010711324,0.0011677666,1312,test
0.00066801906,0.0029988145,0.9789363,0.0040045483,0.0032863687,0.0015995584,0.0036056044,0.0049007535,1313,test
0.0003121501,0.0020429343,0.986565,0.0031505364,0.0016717764,0.0012073971,0.0028486678,0.0022015315,1314,test
5.387058e-05,0.97370714,0.007987893,0.001148316,0.0078013693,0.0037621378,0.0015378627,0.0040014614,1315,test
0.98536795,0.001041095,0.00046372734,0.0039869035,0.002800661,0.0021923338,0.002034886,0.0021124224,1316,test
0.0015618808,0.005167654,0.00048511298,0.005616774,0.9701742,0.009198695,0.0020873016,0.005708455,1317,test
0.989758,0.0005245665,0.00017079544,0.0033734378,0.0018715629,0.0015072877,0.0013171262,0.0014771996,1318,test
0.0002402552,0.0016012217,0.9875743,0.0026260987,0.0012093224,0.00096954755,0.0027624883,0.003016752,1319,test
0.9917128,0.00033310277,7.073109e-05,0.0033111975,0.0013704357,0.0009794226,0.0011982046,0.0010240409,1320,test
1.4024741e-05,0.99093366,0.001402798,0.00040117616,0.0038844543,0.0013663444,0.000532088,0.0014654144,1321,test
0.00060366455,0.00085644505,2.7535714e-05,0.0013369021,0.99363446,0.0012377708,0.0006724424,0.001630867,1322,test
0.0001514214,0.00015498624,2.1069192e-05,0.0038152873,0.0009212383,0.00019118689,0.00013324473,0.9946116,1323,test
7.94348e-05,0.00063765724,0.9936987,0.0019682457,0.0005984026,0.0006212637,0.0013077721,0.001088467,1324,test
0.024054682,0.013704834,0.90424347,0.015747817,0.010895754,0.0048590377,0.012280365,0.0142140845,1325,test
0.0002275573,0.0017052279,0.98709667,0.0031872515,0.0013903528,0.0012524561,0.0026448425,0.00249565,1326,test
6.9592796e-05,0.00059421826,0.99417466,0.0018524051,0.0005629917,0.0006245962,0.0011785394,0.0009430248,1327,test
9.338977e-05,1.8430197e-05,4.8266607e-05,8.3878025e-05,0.00028877475,2.5411948e-05,0.9993857,5.6093024e-05,1328,test
0.99285626,0.00033263638,9.395172e-05,0.0024872741,0.001234474,0.0009995574,0.0010447288,0.00095110113,1329,test
0.00026281705,8.763297e-05,0.00025226802,0.0004144489,0.00052667706,0.00016518601,0.998055,0.00023596856,1330,test
0.0002609072,0.0019953176,0.9865941,0.0031475842,0.001581813,0.0013002757,0.0026777629,0.0024422104,1331,test
0.00026617918,0.0019634725,0.9856882,0.0033703186,0.0015194752,0.001411824,0.0029638843,0.0028165772,1332,test
0.98855793,0.0005626343,0.0002948931,0.0034723228,0.0020653952,0.0016601663,0.0015312756,0.0018554571,1333,test
3.4504425e-05,0.00060669566,0.00014993959,0.0006494778,0.00016599221,0.99607736,0.000419563,0.0018964069,1334,test
0.9902686,0.00042019694,0.00018496046,0.0029550132,0.0016714577,0.0014711205,0.0012370079,0.001791566,1335,test
0.00040095905,0.0038479592,0.9777892,0.004502484,0.002352354,0.0017065756,0.0034298368,0.0059707095,1336,test
0.9781083,0.0016364858,0.000763591,0.0060060876,0.0043440396,0.003332894,0.0026845275,0.0031241204,1337,test
0.0001852564,0.0016483252,0.98725617,0.0032267426,0.0012900116,0.0013414848,0.0023024075,0.0027496335,1338,test
0.00013684004,0.00095773494,0.992273,0.002203466,0.00079085166,0.0008162794,0.001832947,0.0009888056,1339,test
0.9912293,0.00040182302,0.0001354781,0.0028789374,0.001455793,0.0014047041,0.0009962374,0.0014976581,1340,test
0.00030977666,0.0022323786,0.98452973,0.0034560293,0.0015971725,0.0014319208,0.0032697443,0.0031732004,1341,test
0.00020833481,0.0015486433,0.9885749,0.002888926,0.0013229193,0.00091573386,0.002160316,0.0023801797,1342,test
0.99207497,0.000404931,0.00015763263,0.0026402199,0.0012693043,0.0012179698,0.0009794869,0.0012555164,1343,test
2.5736928e-05,0.99114484,0.0017379588,0.0002989247,0.0021236208,0.0022577494,0.0008857754,0.0015253994,1344,test
0.9927133,0.00017873627,3.7142698e-05,0.0029972326,0.001458049,0.00062449614,0.0015047551,0.00048625583,1345,test
0.9923259,0.00018642856,4.9260772e-05,0.0031758088,0.0014423379,0.00068452687,0.001514525,0.00062122155,1346,test
0.00020409055,0.0014941151,0.9878686,0.002684706,0.0011076572,0.0012315023,0.003028409,0.0023808314,1347,test
0.9931766,0.00020895115,7.78467e-05,0.002444131,0.0014979416,0.0007034852,0.0012283659,0.00066258706,1348,test
0.00021620681,0.0014704334,0.9876737,0.0027761243,0.0011298308,0.0012160422,0.0033522714,0.002165471,1349,test
0.00020727757,0.0014394778,0.9890759,0.0024608404,0.0009854218,0.0011020098,0.0029713747,0.0017576822,1350,test
6.353711e-05,0.0004947367,0.99478614,0.0014400398,0.0004002457,0.00058958185,0.0014748707,0.0007508299,1351,test
0.00019753816,0.0011793856,0.98901945,0.0021134724,0.00094665075,0.0009142813,0.002813381,0.0028158221,1352,test
0.00019741082,0.0013029481,0.9876582,0.002563643,0.0009377361,0.0012157229,0.0035089983,0.002615363,1353,test
0.00027090654,0.002129098,0.98449534,0.0033002857,0.001580477,0.0011391438,0.0045250948,0.002559733,1354,test
0.9932307,0.00015413912,4.0564326e-05,0.0027912417,0.0013318752,0.0005408899,0.0014810973,0.00042940452,1355,test
0.00019036977,0.0013623564,0.98773474,0.0026215403,0.0010255489,0.0011787441,0.0029350817,0.0029515643,1356,test
0.9889443,0.00023143612,3.7102458e-05,0.00492172,0.0020675377,0.00093498843,0.0020813555,0.00078145013,1357,test
0.0001283076,0.0006770065,0.99122626,0.0017337913,0.00051710324,0.0007951118,0.0027453878,0.0021770757,1358,test
0.007203265,0.016887639,0.8983039,0.011438643,0.012061128,0.021326585,0.015224444,0.017554464,1359,test
0.00025528186,0.0017376441,0.98801374,0.0027451864,0.00129477,0.00107421,0.0028686076,0.002010475,1360,test
0.9929148,0.00021698837,5.468497e-05,0.002640169,0.0015107711,0.00075902685,0.0011803311,0.0007231849,1361,test
0.9917402,0.0002269027,6.9838214e-05,0.0031694262,0.0016142012,0.00066866155,0.0018484949,0.00066216936,1362,test
0.9930086,0.00014233132,2.7672904e-05,0.003062616,0.0013033657,0.0005236723,0.0013921839,0.0005396312,1363,test
0.00038608396,0.0029704866,0.9821149,0.0032150862,0.0021325995,0.0019137941,0.003962521,0.0033045313,1364,test
0.00018115592,0.0009646219,0.989679,0.0020887393,0.0006957184,0.0009069665,0.003052858,0.002431045,1365,test
0.99422294,0.0001337808,2.8321623e-05,0.0022736792,0.0011940794,0.00042034077,0.0013082993,0.00041852656,1366,test
0.97245264,0.0018178136,0.00080302585,0.0068390872,0.007348775,0.0033885927,0.0045689456,0.0027811565,1367,test
0.00023725526,0.0019598738,0.98522586,0.0033618168,0.0013328553,0.0017019814,0.0033501238,0.0028302532,1368,test
0.00017037816,0.00085767783,0.99170154,0.0018532494,0.00071406557,0.000657919,0.0023628534,0.0016822852,1369,test
5.7839672e-05,0.00033245666,0.00010134908,0.0005654574,4.9792485e-05,0.9973929,0.00039974187,0.0011004151,1370,test
0.00019244356,0.0013712376,0.9872572,0.002711402,0.0011221175,0.0013231614,0.003088511,0.0029338168,1371,test
0.00023913768,0.001338575,0.9892958,0.0022486642,0.0010904938,0.00087746145,0.0029138464,0.001996092,1372,test
0.9926944,0.00028084216,4.2152384e-05,0.002515408,0.0017312336,0.00060319173,0.0016875465,0.00044514128,1373,test
0.00022454397,0.0017632183,0.98645383,0.0026675253,0.0013905053,0.0014057641,0.0030646687,0.0030299798,1374,test
0.00021932033,0.0014102643,0.9877137,0.0023011114,0.0011184963,0.0011283642,0.0031368241,0.0029719411,1375,test
3.441002e-05,0.98956233,0.0018296133,0.00038462807,0.0036267329,0.0020001815,0.0008490454,0.0017130582,1376,test
0.00030102342,0.0017834957,0.98655915,0.002482257,0.001295939,0.0011550689,0.0035681138,0.0028549389,1377,test
0.00022880353,0.0013737545,0.98913014,0.002337916,0.0010837454,0.0009663708,0.0029973208,0.001881978,1378,test
0.83908904,0.022597155,0.021418506,0.033550423,0.031241039,0.009731546,0.02600842,0.01636398,1379,test
0.00020806084,0.0013706477,0.9882434,0.0025047553,0.0011812511,0.001103811,0.0028847572,0.0025033548,1380,test
0.9924021,0.00020322802,3.852695e-05,0.0029531613,0.0016006333,0.0006148266,0.0016646858,0.0005228788,1381,test
0.00021201263,0.0012360793,0.98947144,0.0020835595,0.0010057206,0.00089337677,0.0027467182,0.0023511408,1382,test
0.00016489199,0.000886739,0.9916187,0.0018692537,0.000745747,0.0007003394,0.002381817,0.0016325421,1383,test
2.79798e-05,0.00032396818,0.00010486129,0.00050536223,5.34052e-05,0.99770445,0.00050215755,0.00077787077,1384,test
0.00022435223,0.0013450374,0.9881319,0.0023805948,0.0011621261,0.00094833644,0.002934873,0.0028729427,1385,test
0.0004181046,0.004312778,0.9751927,0.0043676686,0.0023418802,0.0026310184,0.004573924,0.0061618825,1386,test
0.00039192833,0.003984203,0.98022515,0.0037117645,0.0021684915,0.002283016,0.0034118677,0.0038235197,1387,test
3.3255285e-05,0.9897169,0.0017870248,0.00040972515,0.0035572138,0.0020465637,0.000852894,0.0015964455,1388,test
0.9943487,0.0001737237,6.0106908e-05,0.0021497244,0.0011508841,0.0005812634,0.00092711416,0.00060852274,1389,test
0.15369871,0.38002986,0.15519546,0.046765324,0.12340676,0.01683821,0.048739776,0.075325936,1390,test
0.0015516562,0.0039879656,0.9711161,0.0038430332,0.0035188487,0.004286776,0.005543423,0.0061521083,1391,test
0.9895433,0.00026175575,3.6921345e-05,0.0043909373,0.002185772,0.00097533554,0.0018743852,0.00073152216,1392,test
6.5973196e-05,0.0009167047,0.00040133696,0.0011155524,0.0008450558,0.9922478,0.00042088423,0.0039866534,1393,test
0.00020153953,0.0015681253,0.9881671,0.002596313,0.0010692314,0.0013718863,0.0029707544,0.0020550154,1394,test
0.99081224,0.00024848938,3.8322105e-05,0.0034852084,0.0020834217,0.0008144453,0.0019509199,0.00056689925,1395,test
0.9935721,0.0001830162,4.113874e-05,0.0025138678,0.0013023914,0.0006261682,0.001169998,0.0005913359,1396,test
0.00021513978,5.2030722e-05,1.5374495e-06,0.0002933232,0.99774027,0.00023782255,0.0013714809,8.8392684e-05,1397,test
0.00017981557,0.0010933256,0.99051917,0.0020034947,0.0008828805,0.0009255535,0.0027406444,0.0016550465,1398,test
0.9947872,0.00010811214,1.6467462e-05,0.0022634654,0.0009802596,0.00038818852,0.0011033496,0.00035294762,1399,test
0.00021897806,0.0011981524,0.9892525,0.002103829,0.00091885164,0.0008990451,0.003013603,0.0023949204,1400,test
0.000573296,0.0016060891,0.00053865014,0.0034866186,0.0054847137,0.9821193,0.0008678184,0.0053234366,1401,test
0.00024423888,0.0015839931,0.9880989,0.002547627,0.0011401981,0.0011920664,0.003324309,0.0018687446,1402,test
0.00042158313,0.003614229,0.978383,0.0036580425,0.0018821219,0.0024963757,0.0047856467,0.0047589103,1403,test
3.5677233e-05,0.98601335,0.0029323357,0.00042809715,0.002717562,0.0035340944,0.0012354852,0.0031033,1404,test
0.9928884,0.00019789072,3.0155734e-05,0.0026340089,0.001635321,0.0005927422,0.0014827099,0.00053882797,1405,test
2.2487471e-05,4.6700028e-05,5.0425015e-06,0.00030092098,0.00020934989,8.12246e-05,3.7253358e-05,0.999297,1406,test
0.00018401086,0.0013153893,0.9891299,0.0021925194,0.0009053907,0.0011075189,0.0030539937,0.0021113544,1407,test
0.9968155,3.134487e-05,1.523816e-05,0.0016051495,0.0005326239,0.00027529278,0.0006180673,0.00010674053,1408,test
0.00014815798,0.00032615298,0.99424005,0.0016441704,0.000511304,0.00079326064,0.001799156,0.0005378053,1409,test
0.0015237137,0.0005115819,0.00022592767,0.0013269013,0.0019291411,0.0031719103,0.00043238697,0.9908785,1410,test
0.000102441874,0.00022642809,0.99490464,0.0015233918,0.00032255446,0.0008230761,0.0016944594,0.00040305973,1411,test
0.00011344587,0.000244149,0.9949032,0.0015655195,0.0003851312,0.00070283096,0.0016376288,0.00044799747,1412,test
0.00015126291,0.9638525,0.010795166,0.0023982245,0.0095674675,0.0071629104,0.0025771186,0.003495401,1413,test
0.997329,2.4768393e-05,9.952855e-06,0.0012730024,0.00052451715,0.00029107707,0.00045216162,9.552295e-05,1414,test
0.99118584,0.00012565372,0.00015504155,0.0033186588,0.0017268866,0.0012676812,0.0018680752,0.0003522141,1415,test
0.9971992,2.4388662e-05,7.759438e-06,0.0013418129,0.00056943455,0.0003289011,0.00040300554,0.00012559064,1416,test
0.00021644353,0.00039559513,0.99281234,0.001976176,0.00054159,0.0010748961,0.0023384574,0.00064449775,1417,test
0.9796125,0.0009002139,0.0037352312,0.0045069004,0.005541931,0.0018538056,0.0030987056,0.00075074116,1418,test
0.00014017522,0.0003475261,0.9939324,0.001799355,0.0004953231,0.000906121,0.0018649834,0.00051412487,1419,test
0.00016409367,0.00042147728,0.9934616,0.0018721268,0.00056621793,0.00090094283,0.002001118,0.00061237934,1420,test
0.00010844815,0.0002276871,0.99512875,0.0014441479,0.00035910367,0.00066181057,0.0015943421,0.0004756879,1421,test
0.00017235441,0.00033030927,0.9933785,0.0019663267,0.00051388243,0.0009849074,0.0020347212,0.00061897916,1422,test
0.00011409057,0.000274618,0.99480927,0.0015927941,0.00045499034,0.00077446713,0.001590945,0.00038882534,1423,test
0.00012685555,0.0002708317,0.9945088,0.0016101671,0.00038854944,0.0008419737,0.0017801633,0.0004726967,1424,test
0.8953213,0.004740449,0.021818552,0.025554042,0.018300751,0.015978456,0.011208879,0.007077543,1425,test
0.0024128652,0.0003505158,0.00022492779,0.0012563688,0.0010918644,0.003324265,0.00026418708,0.99107504,1426,test
0.9957343,3.223723e-05,1.1988148e-05,0.002139024,0.0007681116,0.0004003371,0.00080206746,0.00011199163,1427,test
0.00015138678,0.00032626782,0.99360037,0.0018623824,0.00047994315,0.000937715,0.0020664483,0.00057558005,1428,test
0.00011922925,0.00027026597,0.99456125,0.0014251303,0.00037281073,0.00090313994,0.001888531,0.00045957742,1429,test
8.658021e-05,0.00021057247,0.99563736,0.0015287715,0.00039219795,0.00061473367,0.0012286339,0.00030115485,1430,test
0.9977718,1.855117e-05,8.229858e-06,0.0010761105,0.00039877367,0.00023038646,0.00041359387,8.2544495e-05,1431,test
0.0002822851,0.9159633,0.03192364,0.00411038,0.011905917,0.017867252,0.0055019674,0.012445202,1432,test
0.00011203176,0.9664533,0.008303063,0.0022166928,0.009851019,0.0066825137,0.0021634677,0.0042178975,1433,test
8.959598e-05,0.00022268125,0.9955419,0.0013133547,0.00033412877,0.0006797226,0.0014308996,0.00038778933,1434,test
0.00029223977,0.0007114633,0.99009657,0.0025554425,0.00082015054,0.0017467178,0.003012835,0.0007646212,1435,test
6.63613e-05,0.00015352244,0.9961623,0.0014172485,0.0002728796,0.00051821594,0.001157178,0.00025224313,1436,test
0.00050766725,0.86501855,0.04247778,0.005252505,0.010812717,0.04162728,0.00713791,0.027165612,1437,test
9.115807e-05,0.00022090161,0.995413,0.0014892989,0.00037043836,0.00063145015,0.0014399912,0.0003437666,1438,test
0.9928409,9.274606e-05,4.3831784e-05,0.0030433168,0.0014900377,0.0009126181,0.0013520526,0.00022457405,1439,test
0.000103315746,0.00025060817,0.99498135,0.001377203,0.00035276424,0.0008959589,0.0016678945,0.00037096374,1440,test
0.9957911,3.6623776e-05,1.5632582e-05,0.0020491674,0.0007812339,0.00042845146,0.0007571837,0.00014059493,1441,test
0.00012391745,0.00029203214,0.99443984,0.0016909022,0.00043302058,0.00085709017,0.0017303596,0.0004329469,1442,test
0.0008779464,0.00068824174,0.9873804,0.0036161018,0.0012507127,0.0013875109,0.0036965124,0.0011025891,1443,test
0.99495345,3.854431e-05,1.3346064e-05,0.0023918014,0.0009130367,0.00055504177,0.0009773418,0.0001573273,1444,test
0.99732745,3.0970925e-05,1.8801502e-05,0.0012933766,0.00047229955,0.00029659772,0.00043324963,0.0001271725,1445,test
0.00011787129,0.0002858658,0.99440455,0.0015047707,0.0003902976,0.00095440476,0.0018982842,0.0004439106,1446,test
0.0018146815,7.284661e-05,0.0002204534,0.0009251093,0.008604238,0.0002447496,0.98802584,9.214174e-05,1447,test
0.00010698646,0.00026363946,0.99489814,0.0015434999,0.00042204847,0.00076588074,0.0015979194,0.00040183833,1448,test
0.9971938,2.9152334e-05,1.1026096e-05,0.0013707969,0.00055007543,0.00024738163,0.00050861196,8.9210815e-05,1449,test
0.66546506,0.008102791,0.23715757,0.038885877,0.018017435,0.0072534066,0.020682843,0.004435139,1450,test
0.0003601859,0.90357375,0.038868483,0.004946194,0.014041273,0.01924555,0.006138248,0.012826399,1451,test
9.2806804e-05,0.00021256457,0.9952361,0.0015108375,0.00032869467,0.00071939133,0.001505655,0.00039391543,1452,test
0.00010456136,0.00026051828,0.9948394,0.001471078,0.00037424636,0.0008386307,0.001696861,0.00041476547,1453,test
0.99734986,2.2210015e-05,1.8087325e-05,0.0013358634,0.0004051705,0.0002832171,0.00045442965,0.00013116442,1454,test
0.00039248395,0.91411656,0.020999717,0.0036671609,0.009934813,0.027441306,0.004880712,0.018567238,1455,test
0.9925362,0.00021918611,0.0005015469,0.002446383,0.0017883388,0.00086245075,0.0012828585,0.00036319625,1456,test
0.9963877,4.2829826e-05,2.86418e-05,0.0014949485,0.00074587815,0.0004812221,0.00064118684,0.00017758277,1457,test
0.00011816274,0.00027148094,0.9947189,0.0015860682,0.00042139093,0.0008364833,0.0016575754,0.00038989857,1458,test
0.00017293906,0.00047973846,0.99276274,0.0019355487,0.00049520493,0.0013627385,0.0021945604,0.0005964053,1459,test
0.8722984,0.0028251123,0.071378104,0.026372781,0.010429984,0.003621429,0.010878013,0.0021961045,1460,test
0.00016500236,0.00034808725,0.99307764,0.0019162527,0.00048474144,0.001003398,0.0023073002,0.00069759873,1461,test
0.00016808393,0.95810086,0.012252836,0.0026326121,0.009671779,0.009156734,0.0029439114,0.005073189,1462,test
0.0003330644,0.91565746,0.031703595,0.0049039987,0.01488223,0.016251821,0.0053812014,0.010886614,1463,test
0.0006484405,0.00078089884,0.98344696,0.003680474,0.0009987587,0.0030600172,0.0060551004,0.0013293815,1464,test
0.00071689434,0.00028931606,8.6221684e-05,0.0005181147,0.00085524726,0.0017153977,0.00017114669,0.9956477,1465,test
0.9969892,4.016063e-05,3.8568734e-05,0.0010775833,0.0006439986,0.00044143977,0.00061080145,0.00015816028,1466,test
0.00090375356,0.00027451897,0.00010082724,0.00058290426,0.0006202859,0.0023745303,0.00019173048,0.99495137,1467,test
8.385914e-05,0.9718076,0.006086667,0.0019363543,0.010279708,0.0044651716,0.0017144951,0.0036262593,1468,test
0.00075859827,3.0537125e-05,0.000107388325,0.0009954099,0.0024984218,0.00011225237,0.9954385,5.8931444e-05,1469,test
0.99441224,9.317366e-05,8.825518e-05,0.002227363,0.001276184,0.00072155544,0.0009380383,0.00024312001,1470,test
0.996101,5.7036534e-05,5.613931e-05,0.0018608604,0.00064209016,0.0004253627,0.0006699129,0.00018766001,1471,test
0.993089,0.00026789273,6.826578e-05,0.0021672198,0.002113386,0.00055396813,0.0013998837,0.0003404231,1472,test
0.99222046,0.00024387227,4.9812057e-05,0.0030701435,0.002062776,0.0004497911,0.0016499885,0.00025320012,1473,test
6.185669e-05,0.0002992,6.484065e-05,0.00081245566,5.4955963e-05,0.99813324,0.00033499402,0.00023848435,1474,test
0.00074959244,0.0040227454,0.98068833,0.0041797874,0.001994293,0.002158639,0.0044939816,0.0017125811,1475,test
0.0007070168,0.0016700936,0.9869753,0.0032497237,0.0018423033,0.00089006656,0.0033472455,0.0013183851,1476,test
0.0006226049,0.0024915899,0.98441017,0.0036186287,0.0018267694,0.0012891972,0.004035171,0.001705787,1477,test
0.0007064926,0.00264652,0.9832735,0.0041492,0.002045002,0.0013662764,0.00402888,0.0017841281,1478,test
0.00064575527,0.0024345822,0.98493123,0.0032993422,0.0017921523,0.0013343145,0.00405055,0.0015120984,1479,test
0.00075513206,0.00084098266,0.00013425406,0.0007139884,0.0008788419,0.0019433588,0.00033806264,0.9943955,1480,test
0.98969334,0.00045969433,0.00013688944,0.0028922013,0.0035105946,0.00072150986,0.0022544127,0.00033132255,1481,test
0.002332769,0.0023763028,0.00050975813,0.0017105758,0.003489934,0.0033860295,0.00076068775,0.98543406,1482,test
0.9279456,0.006479939,0.0079939,0.013864006,0.02028686,0.0057211802,0.014214751,0.003493659,1483,test
0.00070298556,0.0024897787,0.9846289,0.0036109858,0.0019561318,0.001229022,0.0037778332,0.0016043568,1484,test
0.99321294,0.00023047392,3.887849e-05,0.0024465162,0.0019604084,0.00040295653,0.0014761996,0.00023171889,1485,test
0.000559951,0.0016649796,0.9879874,0.002972474,0.0015118201,0.0009045658,0.0030796616,0.0013191104,1486,test
0.0006197353,0.0022195352,0.98509556,0.0035667182,0.0017877702,0.0011443192,0.0038987503,0.0016675616,1487,test
0.0005620362,0.0021525538,0.98649746,0.0029592197,0.0015607488,0.0011729574,0.0036357634,0.0014593382,1488,test
0.00062834576,0.0023624,0.983958,0.0043378896,0.0016193069,0.0014786285,0.0038728116,0.0017426623,1489,test
0.0005010201,0.001691806,0.9874746,0.0030071803,0.0012270845,0.0010878118,0.003569266,0.001441214,1490,test
0.00021010695,0.000927958,0.9924562,0.0025100594,0.0007223165,0.0007441984,0.0018691563,0.00055997435,1491,test
0.00087090215,0.0045700516,0.977616,0.0051905173,0.0025750143,0.0021261806,0.004880236,0.0021711274,1492,test
0.00062769104,0.0023420465,0.9849187,0.0031929081,0.0016021698,0.001428546,0.004245789,0.0016420266,1493,test
0.990298,0.00034360003,4.2705655e-05,0.0036491076,0.00251795,0.00046123826,0.0024136063,0.0002738337,1494,test
0.02634465,0.014650149,0.003669863,0.015907638,0.4480846,0.059577405,0.01027237,0.42149332,1495,test
0.0033777305,0.0037156171,0.00066137576,0.0074317874,0.0016819154,0.9735814,0.0015318607,0.0080182515,1496,test
0.00013100247,0.0006268784,7.7834244e-05,0.00089811475,0.00012131171,0.99718285,0.0005756862,0.00038648638,1497,test
0.99300873,0.00027782898,6.091527e-05,0.0025877005,0.001909509,0.0004293376,0.0015028497,0.00022308735,1498,test
0.0006448566,0.0025572318,0.9840784,0.003507384,0.0017766211,0.0014468837,0.004308098,0.0016805094,1499,test
0.00047425993,0.0017444594,0.9879851,0.0030254389,0.0013208879,0.0010546771,0.0031709597,0.0012242311,1500,test
2.6099215e-05,0.9923908,0.00089106173,0.0004054659,0.004018828,0.0011140513,0.0004934964,0.0006601782,1501,test
0.0005499117,0.0022281155,0.98609215,0.0031378882,0.0015688558,0.0012328608,0.0037028405,0.0014873927,1502,test
0.0006178682,0.0026548144,0.9833664,0.003944701,0.0017247428,0.0014551962,0.004317163,0.0019190675,1503,test
6.840469e-06,2.3538466e-07,2.8188387e-07,6.3589905e-06,8.490654e-05,1.756477e-07,0.99990094,2.7866756e-07,1504,test
0.00073151867,0.0048587536,0.9795848,0.0041281446,0.0022039155,0.0021549559,0.0043760883,0.0019618403,1505,test
0.99071246,0.00034201163,8.290771e-05,0.0034393226,0.0024076642,0.00044960028,0.0022715142,0.00029460966,1506,test
0.00069094315,0.0022939711,0.98555505,0.003334091,0.0018448668,0.0011632134,0.0036287708,0.0014891523,1507,test
0.9895644,0.0005331576,0.00022391342,0.0028085855,0.003340677,0.0008031433,0.002281297,0.00044477917,1508,test
0.00068243744,0.0024913982,0.98492754,0.0034185993,0.0018002102,0.001227926,0.003776601,0.0016753054,1509,test
0.000600669,0.0023317512,0.9842412,0.0040927297,0.00175156,0.0014007362,0.004051275,0.0015300802,1510,test
0.00054283836,0.0022070634,0.98611337,0.0030191157,0.0015202045,0.0013430202,0.003846156,0.001408248,1511,test
0.99189717,0.00040803629,0.00017772926,0.0027106772,0.002311524,0.00064951915,0.0014251921,0.00042014508,1512,test
0.99039245,0.0003885444,8.241243e-05,0.0033785456,0.0027474796,0.0005602477,0.0021239643,0.00032637114,1513,test
0.981506,0.0010721239,0.00075278606,0.004450007,0.0057540317,0.0014050704,0.004262955,0.00079703575,1514,test
2.1495678e-05,0.99395496,0.00086317386,0.0003405245,0.002267073,0.0014006335,0.0005345992,0.000617576,1515,test
0.00021374362,0.0009234935,0.992568,0.0023874098,0.00073621003,0.0007265256,0.0018910251,0.0005536276,1516,test
0.9865754,0.0009607944,0.00029177868,0.0041980264,0.004260177,0.00063647295,0.0023828312,0.000694452,1517,test
0.00080718176,0.0026382077,0.9829569,0.0037924815,0.0019631952,0.0013854848,0.0045132902,0.0019432157,1518,test
0.0023150507,0.08153238,0.8612391,0.012585129,0.01422532,0.0103858905,0.010998893,0.0067183054,1519,test
0.0007115522,0.0024986898,0.9834093,0.0034907386,0.001824063,0.0013756694,0.0047084047,0.0019816111,1520,test
0.0011386289,0.0010542192,0.00014433922,0.0009130863,0.0019242412,0.001710333,0.00036883028,0.9927464,1521,test
0.9935622,0.00019740056,2.9454519e-05,0.0021534779,0.0017758249,0.0003146781,0.0017782976,0.00018859819,1522,test
0.0005051501,0.0018830154,0.98637366,0.0037263338,0.0014721325,0.0011713933,0.003446297,0.0014219984,1523,test
0.0006654126,0.0022015912,0.9849005,0.003777612,0.0018681812,0.0011454648,0.0037235813,0.0017176344,1524,test
0.015610894,0.0022041893,0.0026037171,0.025711887,0.0024418333,0.014080355,0.0021898213,0.9351573,1525,test
0.00039275666,0.0016816203,0.98746604,0.0036005634,0.001083224,0.001208324,0.003156656,0.0014107325,1526,test
0.9939096,0.00018421625,2.8417737e-05,0.0022598356,0.0015804858,0.0003357658,0.0014938688,0.00020783694,1527,test
2.7003889e-05,0.9926454,0.0010229956,0.00044506244,0.00314096,0.0014281543,0.00058420986,0.00070622953,1528,test
0.0013548199,0.0027691422,0.00045830384,0.00079987803,0.00245058,0.0028841502,0.0006364433,0.9886467,1529,test
0.0006233035,0.0026365442,0.9844946,0.0033658799,0.0018896618,0.0013885498,0.0040300707,0.001571375,1530,test
0.00059057074,0.0022920696,0.9835992,0.0043807873,0.0017140094,0.0013685842,0.0039566704,0.0020980728,1531,test
0.99486154,0.00020083113,4.8405655e-05,0.0017817782,0.0013990274,0.00035585827,0.0011018488,0.00025063273,1532,test
0.00047893156,0.0016072097,0.9877781,0.0030851439,0.0013036141,0.0009911708,0.0034199061,0.0013359755,1533,test
0.0220713,0.00720686,0.92786545,0.016821353,0.0074372073,0.00270508,0.012151485,0.0037412771,1534,test
0.0010689719,0.005381214,0.96148866,0.0063691977,0.003059595,0.010878669,0.010060117,0.0016934912,1535,test
8.899242e-05,0.00092432514,0.9917338,0.0014701419,0.0006385923,0.001354023,0.0024863074,0.0013039799,1536,test
8.471561e-06,1.7713593e-05,1.2350506e-06,0.00014472292,0.00013094416,3.298886e-05,1.9656494e-05,0.9996444,1537,test
0.00011290329,0.0012135009,0.9900372,0.0015091663,0.0007183915,0.0015603227,0.0028414372,0.002006962,1538,test
7.551481e-05,0.0006198568,0.9925534,0.0014124393,0.00040748934,0.0010862605,0.002336019,0.0015089449,1539,test
0.99015826,0.0002538925,3.1899093e-05,0.0032897077,0.0022471747,0.0010142265,0.0022207454,0.00078409165,1540,test
0.000106524836,0.0009964462,0.9913728,0.0015863279,0.0007100728,0.0013708643,0.0026492646,0.0012076308,1541,test
0.00011905787,0.0009548963,0.99159473,0.0016177075,0.0007743806,0.0009724299,0.0021785884,0.0017882772,1542,test
0.00011742643,0.0011933411,0.9907488,0.0016659528,0.0008703545,0.001435676,0.0024655478,0.0015028943,1543,test
9.685221e-05,0.00094841246,0.99131316,0.0016281288,0.0005919178,0.001487008,0.0026308373,0.0013037676,1544,test
1.7315211e-05,0.9926563,0.001277798,0.000332138,0.0022506204,0.0019784402,0.00052581594,0.00096165075,1545,test
0.00012310153,0.0011365358,0.99111944,0.0016544812,0.0008193494,0.0011137197,0.0023554612,0.0016778252,1546,test
9.4123774e-05,0.00090404635,0.99185735,0.0015888752,0.00054821523,0.0013651891,0.0023459636,0.0012961333,1547,test
0.000115776806,0.0015851904,0.98647785,0.002487128,0.0010532845,0.0026354073,0.0026403377,0.0030050874,1548,test
0.00012662864,0.001278395,0.9898144,0.001973507,0.00079802395,0.0016290217,0.0025217962,0.0018583036,1549,test
0.99313945,0.00022813282,5.257659e-05,0.0022507014,0.0013931743,0.00074030657,0.0015721887,0.0006233335,1550,test
8.3618885e-05,0.0009159436,0.9903018,0.0017560525,0.00046890407,0.0019130089,0.0027428705,0.0018178688,1551,test
1.4341873e-05,0.9923935,0.0012357369,0.00034891846,0.002178938,0.0021826753,0.00049626717,0.0011495837,1552,test
0.99384356,0.00017536282,3.4274486e-05,0.002159515,0.0013030566,0.0007357147,0.001227117,0.0005213832,1553,test
0.000108536595,0.00014753784,2.9296723e-06,0.0010220618,0.9888093,0.0090699475,0.0006038584,0.00023579491,1554,test
0.98917925,0.00024939494,3.552121e-05,0.004182826,0.0021333375,0.0010810646,0.0022018151,0.0009369402,1555,test
0.00025634567,0.004723535,0.9738047,0.0034399764,0.0022064908,0.0046725306,0.004264439,0.006631907,1556,test
0.98897946,0.00037205682,7.280922e-05,0.0034506512,0.002503094,0.0014164017,0.0020281367,0.001177464,1557,test
9.913439e-05,0.0011780807,0.990315,0.0017973738,0.0007590018,0.0017267405,0.002381146,0.0017435128,1558,test
0.9905037,0.00021559781,2.9144452e-05,0.0035586262,0.0019715028,0.0010751011,0.0018944169,0.0007517959,1559,test
0.9941104,0.00015562154,2.3368324e-05,0.0021618588,0.0012496837,0.0005438873,0.0012807484,0.00047442567,1560,test
0.00011305404,0.0013907796,0.9878144,0.0022572514,0.00082563004,0.0021670966,0.0027947836,0.002636934,1561,test
5.7766676e-05,0.975615,0.0058504306,0.00088860025,0.005402197,0.006179737,0.0014394672,0.0045668366,1562,test
0.00011916937,0.0012244742,0.9908324,0.0015540194,0.0008515457,0.0012445048,0.0023777129,0.001796225,1563,test
5.4412267e-05,0.0005780754,0.99443,0.0012365617,0.00039531387,0.0010452975,0.0016392103,0.00062108855,1564,test
0.99116546,0.00018203426,2.6681178e-05,0.0037520195,0.0016097534,0.00077244727,0.0017593859,0.0007322813,1565,test
0.0029423859,0.5231058,0.045937203,0.021647708,0.016237969,0.24342147,0.02824728,0.11846014,1566,test
0.00011564105,0.0011440623,0.9909356,0.0016229913,0.00070781563,0.00135138,0.0024835744,0.0016389021,1567,test
0.9916442,0.00020045904,4.1878837e-05,0.0035761734,0.0015200932,0.0009566449,0.0011378296,0.0009226926,1568,test
0.0001469964,0.0014100067,0.989262,0.0019208366,0.00088826416,0.00180525,0.0027835146,0.0017832171,1569,test
0.00012189556,0.0015145537,0.98829436,0.0020889086,0.0008617685,0.0023059493,0.0028065364,0.0020060532,1570,test
0.00013486772,0.001406009,0.9892631,0.0018610149,0.00082592823,0.0017815906,0.0027907386,0.001936834,1571,test
0.9913961,0.00027849607,2.4239476e-05,0.0027739236,0.0021032104,0.0007950953,0.0020509905,0.00057795417,1572,test
0.00016957488,0.0017793475,0.9868838,0.0022038114,0.0010520642,0.001820703,0.0031914455,0.0028991841,1573,test
0.9877643,0.00040828687,6.442017e-05,0.0037733333,0.0027955214,0.0016579517,0.0023772935,0.0011589789,1574,test
0.9902172,0.0002406075,2.7864695e-05,0.0037663807,0.0019448714,0.00088039367,0.002268086,0.00065465143,1575,test
0.9890448,0.0003385429,6.031747e-05,0.0036634358,0.0024660816,0.0012352135,0.0021479854,0.0010436621,1576,test
0.00011867751,0.0010083693,0.9916276,0.001684722,0.0007357177,0.0010741659,0.0023664127,0.0013842817,1577,test
0.99136895,0.00031097393,7.287454e-05,0.0025589801,0.0019738656,0.0011771971,0.0015390503,0.000998142,1578,test
0.9922295,0.00032457343,0.00016730854,0.0024361392,0.0014882647,0.0011294243,0.0011682421,0.0010566075,1579,test
0.59126014,0.036319572,0.22320119,0.028684206,0.041810177,0.021665499,0.028482618,0.028576601,1580,test
0.0003579456,0.0048907944,0.96447235,0.0050764536,0.0029836854,0.00813087,0.0038596352,0.010228327,1581,test
0.00017379575,0.0024043254,0.98555726,0.00240389,0.0010476809,0.0027267775,0.00338291,0.002303342,1582,test
9.163012e-05,0.0009674923,0.9919653,0.001445904,0.0006410456,0.0013278525,0.002235443,0.0013253179,1583,test
0.0001208598,0.0014012991,0.98911,0.0020246578,0.00094174506,0.0017001381,0.0025032598,0.0021980922,1584,test
0.000114618175,0.0012437314,0.99051124,0.0015873348,0.00081456907,0.0015081563,0.0024825654,0.0017377746,1585,test
0.98881,0.00030269905,4.840659e-05,0.004133412,0.0021944663,0.0013024475,0.0023121843,0.00089642045,1586,test
0.00011255496,0.0011945383,0.9901447,0.0017854408,0.00069484406,0.001626306,0.0025650833,0.0018764966,1587,test
0.9899575,0.0004392166,0.00015580145,0.003047471,0.0021375753,0.0015646465,0.0014799378,0.0012178567,1588,test
0.00012744735,0.0013347238,0.9896744,0.0018956424,0.00087515503,0.0016741275,0.0026743961,0.0017440593,1589,test
0.00016588988,0.0017255077,0.9860826,0.0024774303,0.001293177,0.0020197069,0.002759537,0.0034761322,1590,test
0.83099526,0.02176039,0.034106903,0.020572195,0.036675755,0.01877152,0.015593566,0.021524446,1591,test
0.9927457,0.00021215122,5.0618e-05,0.0025841328,0.0015467056,0.00081539864,0.0013231288,0.0007221025,1592,test
0.9915936,0.00022428956,2.9272673e-05,0.0020907263,0.0019791615,0.0006407859,0.0028974875,0.0005446407,1593,test
0.96204585,0.0017644842,0.0009436185,0.010731573,0.006702981,0.0069967094,0.005060918,0.005753879,1594,test
8.5998e-05,0.0008303834,0.9920443,0.001607479,0.0007080365,0.0011626557,0.0023353018,0.0012258409,1595,test
0.9920197,0.00019229336,2.7851118e-05,0.003332057,0.0014973644,0.0008657481,0.0013771266,0.0006878213,1596,test
0.00014715995,0.0013970659,0.9892855,0.001852847,0.00082014024,0.0016763464,0.0028118426,0.0020090668,1597,test
1.3698072e-05,0.99232966,0.0011089081,0.00034933866,0.0026698587,0.001955864,0.0004613725,0.0011112393,1598,test
0.0001108083,0.0011461677,0.9905398,0.0016781797,0.00074123463,0.001386754,0.0025512695,0.0018458279,1599,test
0.00032596724,0.0029819969,0.9836542,0.0033671125,0.0017663593,0.002233813,0.0034933798,0.0021772045,1600,test
0.988576,0.00051854906,6.348953e-05,0.0037392564,0.0028992528,0.001378605,0.0017812932,0.0010435565,1601,test
0.00034892512,0.003841062,0.98329735,0.0037632377,0.0020234394,0.0019029384,0.002847169,0.0019759038,1602,test
0.9885633,0.00064063474,8.561848e-05,0.00325167,0.0033229925,0.0014561631,0.0018183562,0.00086131063,1603,test
0.00056479976,0.005189002,0.9780197,0.004360788,0.0029568989,0.0017697364,0.003753137,0.0033860207,1604,test
0.99139374,0.0004301841,0.000102048936,0.002889745,0.0021454138,0.0010752378,0.0010530871,0.00091053994,1605,test
0.99078417,0.00048822572,7.25234e-05,0.003253958,0.0021250062,0.0011298073,0.001274594,0.0008716493,1606,test
0.0005053988,0.002317325,0.00016853977,0.0015602262,0.00074144953,0.013391941,0.00032993325,0.98098516,1607,test
0.00011965494,0.00080764975,6.976436e-05,0.0002195054,0.0009166178,0.00039164614,9.474281e-05,0.99738044,1608,test
0.00038496286,0.0036408333,0.9824388,0.003974284,0.0019208699,0.0023456824,0.0031808044,0.0021138396,1609,test
0.00048256322,0.0038099897,0.98273116,0.0037038275,0.0022100057,0.001616509,0.0033670932,0.0020788223,1610,test
0.9840246,0.00085331686,0.00015393621,0.005767218,0.0035973906,0.0023105498,0.0018655783,0.0014274615,1611,test
0.00034580205,0.0035564436,0.98225087,0.0044446667,0.0021552804,0.0020208408,0.0028209253,0.0024051804,1612,test
0.91540617,0.0073441323,0.0037564265,0.01993415,0.020809332,0.014468007,0.011332717,0.006949065,1613,test
0.00047168366,0.0047250194,0.9791836,0.0047010425,0.0022701386,0.0030130402,0.0034421615,0.002193269,1614,test
0.99092907,0.00052520516,6.305026e-05,0.0027940937,0.0025506187,0.0010287006,0.0014840183,0.0006251523,1615,test
0.00042788385,0.004379554,0.9815801,0.0039364584,0.0022937793,0.0018745613,0.0030999247,0.0024077606,1616,test
0.0003192063,0.0031878178,0.98489004,0.003532045,0.0021551494,0.0013522757,0.0025663604,0.0019971763,1617,test
0.9885394,0.0007171842,0.000108191816,0.0032305578,0.0031528808,0.0016415665,0.0016393927,0.0009707519,1618,test
0.00043539045,0.0045119007,0.98168844,0.0041834246,0.002253168,0.0021511458,0.0030382413,0.0017383673,1619,test
1.3226634e-05,0.0002889802,1.3567492e-05,0.00028069323,1.3612309e-05,0.9990681,0.00011068813,0.00021118284,1620,test
0.0008079578,0.012259819,0.9576066,0.006999074,0.0046850466,0.005718457,0.0056694285,0.0062535894,1621,test
0.0003391334,0.003839738,0.9811602,0.004546439,0.0018299752,0.0030728746,0.0030096443,0.0022019248,1622,test
0.0004357725,0.004986757,0.9811818,0.0045054993,0.0024317598,0.0017224908,0.0027269414,0.00200891,1623,test
0.00020695855,0.001843731,0.98895323,0.0029461614,0.0010719746,0.0013671959,0.0023955617,0.0012152081,1624,test
0.0004418059,0.0038524633,0.98256093,0.003692395,0.0022427395,0.0015612934,0.0033657844,0.0022826418,1625,test
0.000284963,0.0027127007,0.98495424,0.0036993774,0.0016934932,0.0017116175,0.0027968981,0.0021468124,1626,test
0.00042618706,0.00017876466,0.00029837884,0.00057947927,0.0024351184,0.00016007468,0.99577457,0.00014738306,1627,test
0.00052116736,0.004476449,0.98150396,0.0039591477,0.0024487325,0.0015507424,0.0033798665,0.0021598958,1628,test
2.1508231e-05,1.4739763e-05,2.0528387e-05,0.000110571535,0.00016726578,2.4214662e-05,0.9996264,1.4809115e-05,1629,test
1.7193206e-07,0.9994677,4.949783e-06,1.803005e-05,0.00039246032,7.7075994e-05,1.8748875e-05,2.0880365e-05,1630,test
0.00034526194,0.003560942,0.9835054,0.0033182262,0.0020950485,0.0022865636,0.0031232256,0.0017652705,1631,test
0.00039275095,0.0039489386,0.9824002,0.0038310266,0.0026035132,0.0015487687,0.0028335287,0.0024413504,1632,test
0.9630077,0.003832315,0.0049974783,0.0057343794,0.009483602,0.0043166373,0.0044880537,0.0041398876,1633,test
0.0005163091,0.0046841563,0.980034,0.00403953,0.002357019,0.0020004623,0.0037451026,0.0026235108,1634,test
0.09063566,0.6129138,0.0414018,0.02374002,0.13594255,0.01957778,0.03976117,0.03602722,1635,test
0.99162877,0.00043894365,6.273023e-05,0.002805764,0.0021837782,0.0009723487,0.0012662113,0.000641397,1636,test
0.009650899,0.02044198,0.9041884,0.010688013,0.01401336,0.012413014,0.015946386,0.012657869,1637,test
0.9868667,0.00061972917,5.2993106e-05,0.004907548,0.0033242411,0.0014072595,0.0019728534,0.0008486521,1638,test
0.99275357,0.0003968765,3.797356e-05,0.002189597,0.0020062674,0.0007584156,0.0012474038,0.00060985493,1639,test
0.9905318,0.00053920003,5.32562e-05,0.0036300798,0.002235894,0.00094246137,0.0013596971,0.0007076615,1640,test
0.00041813342,0.0042771297,0.9800672,0.0041066827,0.0025077602,0.002613577,0.0035882373,0.0024212936,1641,test
0.0004165668,0.0037314268,0.9826666,0.0030293947,0.0022639704,0.0017573427,0.0037383654,0.002396333,1642,test
0.9917059,0.00048368698,9.0176225e-05,0.0021893983,0.0024231137,0.0011104423,0.0012260709,0.00077115267,1643,test
0.00044420906,0.0058194883,0.97481614,0.0043176604,0.002757665,0.00429253,0.004559041,0.0029932142,1644,test
5.7457146e-05,0.00053998514,2.1456513e-05,0.00043432435,5.918438e-05,0.99789727,0.00018133318,0.00080901664,1645,test
0.00041799445,0.004312215,0.9815347,0.0038363163,0.0026014142,0.0016128459,0.0030526537,0.0026318594,1646,test
0.00030461114,0.0029432364,0.984228,0.0038952017,0.0019070979,0.001874351,0.0027951943,0.002052266,1647,test
0.00041890796,0.0043510147,0.98226756,0.003788662,0.0022260598,0.0017225312,0.002941016,0.002284389,1648,test
0.9916831,0.0004005241,3.809699e-05,0.0026884123,0.002278911,0.00093705405,0.0013419052,0.0006320668,1649,test
0.9910821,0.00044562807,3.86253e-05,0.0031421084,0.0023611828,0.00084083766,0.0015348596,0.0005547208,1650,test
0.9877529,0.00083904236,0.00030418023,0.003296847,0.003341625,0.0015296886,0.0016518021,0.0012840114,1651,test
0.0004437576,0.004385986,0.9802084,0.004135599,0.0026173512,0.002172292,0.0034080355,0.0026285574,1652,test
0.00053683226,0.004726932,0.9764292,0.005108831,0.0027857556,0.0030495476,0.004201098,0.0031617302,1653,test
0.0004671901,0.0042057196,0.9813696,0.004251444,0.0024437178,0.0019115412,0.0033246086,0.0020262562,1654,test
0.0006156404,0.008422788,0.9687103,0.006020348,0.0034517657,0.0036890497,0.004487514,0.0046026153,1655,test
0.0005151286,0.004357951,0.980518,0.0042002695,0.0029074848,0.0024094621,0.0031827837,0.0019089156,1656,test
0.00028851282,0.0028856432,0.98639685,0.0030017674,0.0015800209,0.0016284343,0.0027514878,0.0014672845,1657,test
0.99352324,0.00036940558,0.00012288374,0.0018759407,0.0016041029,0.0008318227,0.0009961536,0.0006765002,1658,test
0.00026290724,0.002678829,0.98681843,0.0028829859,0.001481748,0.0017813742,0.0025516008,0.0015420722,1659,test
0.9885844,0.0006264638,4.6766716e-05,0.004030482,0.0030114558,0.001124648,0.0018391444,0.00073656905,1660,test
0.00019927266,0.0007819778,7.737446e-05,0.00045478772,0.0010442211,0.00061431574,0.00013044452,0.99669755,1661,test
0.0004612384,0.004408212,0.9813897,0.00422981,0.0021419756,0.0024595968,0.0031618013,0.0017476884,1662,test
1.3229222e-05,0.00033306936,9.4572446e-05,0.0015371586,0.0026552642,0.9951161,0.00022004,3.0536496e-05,1663,test
0.00012300296,4.970233e-05,0.00022252469,0.00021971649,0.0005621414,0.00016375506,0.9985337,0.0001254176,1664,test
0.00046757027,0.0021344589,0.98390156,0.0030311951,0.001757399,0.0014722416,0.003739501,0.003496055,1665,test
0.0003763409,0.0029255021,0.9826822,0.0036282626,0.0012740844,0.005138597,0.0027637477,0.0012111786,1666,test
0.994218,0.00026634423,8.78063e-05,0.0022076955,0.0010807051,0.0007077934,0.0007717466,0.0006599911,1667,test
0.9967638,0.000101123886,2.1816144e-05,0.0015516379,0.00050295796,0.0003300348,0.00042034575,0.00030823387,1668,test
0.9962136,0.00020263785,4.636589e-05,0.0015151567,0.00074804673,0.00044280107,0.0005387663,0.0002926449,1669,test
0.99447787,0.0002512903,6.38528e-05,0.0022431624,0.0010527933,0.00061220076,0.0007516731,0.00054707134,1670,test
0.0010627051,0.0017787679,3.4956625e-05,0.0019291419,0.98804003,0.003793458,0.0007859268,0.0025749563,1671,test
0.00042105716,0.0022220893,0.9837282,0.0036436978,0.001745827,0.0018929251,0.0032869896,0.0030592275,1672,test
3.1916597e-06,0.9969117,0.00013495702,0.0001290748,0.0021140466,0.00038459187,9.907915e-05,0.00022344787,1673,test
0.00057980727,0.002587745,0.98280394,0.0037956939,0.0020916003,0.0018738618,0.0037560386,0.0025114373,1674,test
0.995682,0.0001843029,8.756112e-05,0.0015206615,0.0008190698,0.0005539617,0.00057689764,0.0005754676,1675,test
0.00048161604,0.0019546063,0.98497677,0.003217175,0.0019354896,0.00097644323,0.0030389242,0.0034189837,1676,test
0.000543879,0.002392463,0.98338723,0.0029517715,0.002240824,0.0012343499,0.0035601268,0.0036894097,1677,test
0.00044502818,0.0021081811,0.98450387,0.0036631797,0.0017151156,0.0014836848,0.0031625133,0.0029183268,1678,test
0.99551845,0.00023183477,7.5846496e-05,0.0017355833,0.0008510192,0.0005905422,0.00055079005,0.00044598637,1679,test
0.00044869212,0.0019665672,0.98568165,0.0030788821,0.0018986396,0.0011533482,0.0031320876,0.0026401395,1680,test
0.99296373,0.00047744368,0.00034769598,0.0018453364,0.0012384921,0.0011193037,0.0009633978,0.0010446011,1681,test
0.0019183542,0.0036442608,0.9721176,0.0053863386,0.003859001,0.002022566,0.0060872156,0.0049646385,1682,test
0.00046781544,0.0024178426,0.9820723,0.0041147466,0.0020474857,0.0018800132,0.0033565015,0.0036433346,1683,test
0.0004721297,0.0021980184,0.985365,0.0033196432,0.0016868043,0.0017582554,0.003295423,0.0019047832,1684,test
0.00096821337,0.006731837,0.9659041,0.006572938,0.00342478,0.0055820597,0.0053481376,0.0054678814,1685,test
0.001462223,0.003998021,0.00010043741,0.0036175612,0.976101,0.010272558,0.0009844201,0.0034638634,1686,test
0.00051537604,0.0024136237,0.98331845,0.0033317157,0.0022396673,0.0017061905,0.0036619578,0.0028130687,1687,test
0.019926675,0.0054519945,0.0075145625,0.010561133,0.05903155,0.004189754,0.8770844,0.01623991,1688,test
0.00074616884,0.0030293912,0.9788456,0.0037015388,0.0029840122,0.0013073416,0.0040371106,0.005348843,1689,test
0.00022623394,0.0010647888,0.9914641,0.0019020492,0.0010479535,0.0010839571,0.0021141116,0.0010968071,1690,test
0.00047641326,0.0022855236,0.9842391,0.0028517938,0.0019803916,0.0014142507,0.0034929945,0.0032595384,1691,test
0.0009291266,0.00017422512,0.00022879452,0.0010161696,0.0013046389,0.0002742326,0.9957694,0.00030347143,1692,test
0.0005539596,0.0024487688,0.98227847,0.0031794042,0.002152487,0.0016030538,0.0044560707,0.0033277571,1693,test
2.9306086e-05,0.9870019,0.0016299624,0.00060904596,0.0036421076,0.0036531298,0.00077820354,0.002656363,1694,test
0.00037198182,0.0017662464,0.9870983,0.0025694962,0.0016022851,0.0010947433,0.0029315546,0.0025654107,1695,test
0.00061778154,0.0007148351,0.00019852571,0.0025456175,0.0004572166,0.9922563,0.0003174284,0.0028923778,1696,test
0.0004986306,0.002485915,0.98176366,0.0040495913,0.0021755416,0.0018614216,0.0034820037,0.0036832308,1697,test
0.0004130593,0.0015524655,0.98624647,0.002802892,0.0016332045,0.0011508652,0.0032971224,0.0029038512,1698,test
0.00048095593,0.0022538446,0.98464036,0.0032060042,0.0017676016,0.0015961139,0.0035194233,0.00253559,1699,test
0.99569005,0.00022858875,7.422506e-05,0.0015622444,0.0009019679,0.0005187535,0.0005808088,0.00044328984,1700,test
0.00047939282,0.002122576,0.98504096,0.003093614,0.0019677496,0.0013246593,0.0034169084,0.002554115,1701,test
0.00043055293,0.0019206367,0.98296654,0.0036719986,0.0016439821,0.0019165426,0.0037142874,0.0037354361,1702,test
0.994166,0.0003411335,0.00018753213,0.0018404766,0.0013035341,0.0007914029,0.00068922143,0.00068068353,1703,test
0.0012986406,0.0057382896,0.96730554,0.005775499,0.0045954785,0.0035414854,0.005594201,0.0061507584,1704,test
0.97769344,0.00059415074,0.00011117815,0.006147255,0.0019015778,0.0009735957,0.012128913,0.00044980284,1705,test
0.0023417736,0.004784363,0.00063173944,0.0054213824,0.0009693385,0.034461737,0.0012113387,0.9501784,1706,test
0.00044151215,0.0021278074,0.98505765,0.0035569053,0.0016894308,0.0019908883,0.0031745809,0.0019612324,1707,test
0.98986465,0.00043547456,0.00014827932,0.004164462,0.0016918186,0.001248328,0.0015629913,0.000884,1708,test
0.0004478418,0.0024090402,0.9839225,0.0032920693,0.0019738537,0.0017109425,0.0034591404,0.0027845092,1709,test
4.719085e-06,0.99718815,0.00021124288,0.0001530236,0.0010112858,0.0010031663,0.00017059705,0.0002578077,1710,test
0.0045024673,0.3731637,0.5082529,0.017689085,0.053641953,0.018336622,0.011169113,0.013244059,1711,test
0.00044949836,0.0019835522,0.98372597,0.0033525333,0.0017712116,0.0015936269,0.003711525,0.0034120067,1712,test
0.99463403,0.00029671975,8.795076e-05,0.0020263758,0.00104744,0.0006796142,0.00068977766,0.00053812156,1713,test
0.0005279682,0.00243204,0.9822934,0.0036291813,0.0023375922,0.0015691756,0.0034896934,0.0037209927,1714,test
0.0004273536,0.00195183,0.9837541,0.0035424265,0.0017745212,0.0017073827,0.003461792,0.0033805969,1715,test
0.9943967,0.0002858867,0.00010454792,0.0018861848,0.0011641034,0.0007201733,0.0007704482,0.0006721142,1716,test
0.00016681229,0.0008725007,0.99163085,0.0023790526,0.00084605074,0.0011022491,0.0017961337,0.0012064175,1717,test
0.99575496,0.00020857996,8.800756e-05,0.0015330083,0.00076631224,0.000557221,0.0005505805,0.0005412395,1718,test
0.00060644234,0.0027541334,0.979224,0.004387523,0.0026425119,0.0016280285,0.003798571,0.0049587167,1719,test
0.99359185,0.00034288035,0.00020400055,0.0020140111,0.0012920015,0.00091469305,0.00091625756,0.0007242714,1720,test
0.00027290086,0.0015675721,0.98897177,0.002441767,0.0011874974,0.00214625,0.0024761849,0.0009361034,1721,test
0.9954465,0.0002112056,7.59853e-05,0.001882132,0.00070670305,0.0005883525,0.0005312088,0.0005578687,1722,test
0.0021856867,0.0052132043,0.0002590054,0.005797879,0.9679055,0.0118200835,0.0016944748,0.0051241424,1723,test
0.00057149614,0.0032517714,0.9789612,0.004504211,0.0024519223,0.0029295417,0.004031158,0.0032987297,1724,test
0.9957754,0.00016700209,4.665961e-05,0.0017752665,0.0007187583,0.00048505736,0.0005312043,0.00050061964,1725,test
0.0014865358,0.003970889,9.499498e-05,0.0032306965,0.97771376,0.009289112,0.00096023834,0.0032537552,1726,test
0.0005530551,0.0027716635,0.97949684,0.0043816376,0.0022450546,0.002262947,0.003953483,0.0043353382,1727,test
0.0011099696,0.004386188,0.00095937686,0.0010303109,0.002463227,0.0030535043,0.00053034845,0.98646706,1728,test
0.00018407694,0.0018203253,0.99095273,0.0020730926,0.00078450446,0.0007771859,0.002457608,0.0009505373,1729,test
0.0008001027,0.00407148,0.0007161535,0.00084523245,0.0021905387,0.0021711017,0.00045488874,0.9887505,1730,test
0.0002297615,0.0023093098,0.9892614,0.0024991308,0.00084164867,0.0010079707,0.0027809977,0.0010698792,1731,test
0.00022516913,0.002228013,0.9898797,0.0022972093,0.0011015028,0.00074765796,0.002488569,0.0010321306,1732,test
0.00024458545,0.0021317534,0.9902609,0.0022354072,0.0010535679,0.00068901444,0.0023345717,0.0010502012,1733,test
0.9799953,0.0009409538,0.00051575474,0.004290542,0.004618776,0.00088138354,0.007925779,0.00083155616,1734,test
0.00020302448,0.0016298112,0.99147815,0.001983917,0.0008902176,0.0006208613,0.0022852237,0.00090866943,1735,test
0.0001943185,0.001977608,0.99063325,0.0021014037,0.0008954721,0.00079227716,0.0024734803,0.00093223446,1736,test
0.9289462,0.00925207,0.012536691,0.009046858,0.01725465,0.0047231643,0.014669447,0.0035709192,1737,test
0.00019690544,0.0018403541,0.9906696,0.0022734164,0.0008985475,0.0007527559,0.0024548005,0.0009135676,1738,test
0.9857491,0.0007240045,0.0003442573,0.0026544428,0.0034429724,0.00074929895,0.0056523974,0.0006834355,1739,test
0.0006472269,0.0039384747,0.9811866,0.0037245138,0.0013922397,0.0016546979,0.0050727567,0.0023834866,1740,test
0.00014883335,6.2758925e-05,0.00010112519,0.99738914,0.00039891643,0.00042576657,0.0010831502,0.00039035192,1741,test
0.9897646,0.0005057214,0.00033004393,0.0021489253,0.0026068776,0.00052084425,0.0036083108,0.00051473087,1742,test
0.0013640234,0.0054548685,0.0013762519,0.0011776692,0.0032917843,0.0035894297,0.0007828275,0.9829632,1743,test
0.00019235544,0.0017979523,0.9907769,0.0022868526,0.0007895558,0.000830813,0.002483044,0.0008424366,1744,test
0.98469985,0.00075782585,0.00039695777,0.0034995123,0.0037780497,0.00072740455,0.0055052876,0.0006350313,1745,test
1.2874082e-06,0.9990772,5.0640178e-05,3.49091e-05,0.00052840996,0.00012474322,7.9952086e-05,0.00010291528,1746,test
0.00019996984,0.0016349815,0.99158186,0.0019983537,0.00080521556,0.0006768503,0.0022439326,0.0008588781,1747,test
0.00028850703,0.0023245895,0.98982024,0.0022647586,0.0011551485,0.00070299295,0.002333286,0.0011104533,1748,test
0.006615646,0.051323276,0.034303423,0.02652826,0.7696139,0.08517089,0.0131441215,0.01330045,1749,test
0.009034029,0.056152362,0.86631536,0.010055378,0.011765219,0.007933419,0.021259194,0.017484935,1750,test
0.0002738993,0.0024289486,0.98916364,0.0023267267,0.0011123512,0.0008068745,0.002667383,0.0012201319,1751,test
0.0002138909,0.0018719442,0.99076384,0.0020024832,0.0009243811,0.0008209147,0.0025142385,0.00088818476,1752,test
0.00015897868,4.4704382e-05,0.00038361855,0.9976158,0.00035372374,0.00031426072,0.00076707976,0.00036183643,1753,test
8.4880485e-05,0.0010362703,0.00019399896,0.0008015802,9.2608374e-05,0.9963458,0.00077328907,0.00067152653,1754,test
0.9843582,0.0008053351,0.00034178904,0.003416504,0.0033097032,0.0006098371,0.006524991,0.0006336113,1755,test
0.00018206378,0.0018016926,0.99075246,0.0022042182,0.0006806929,0.0007855067,0.00256593,0.001027433,1756,test
0.00046407073,0.0033570572,0.00087162596,0.0018541933,0.0002748131,0.9889319,0.0017530882,0.002493199,1757,test
0.0002458127,0.0022096946,0.99017817,0.0022960696,0.001018558,0.0007157083,0.0022933176,0.0010426263,1758,test
0.0002134972,0.001852784,0.9907602,0.002301002,0.0008511337,0.00066919153,0.0023244827,0.0010277228,1759,test
2.3129944e-05,0.9945471,0.0008275279,0.00016987057,0.0021188725,0.0006547714,0.0010461676,0.0006124933,1760,test
0.00021362606,0.0021886765,0.9891663,0.002708064,0.0009049143,0.0009957632,0.002786087,0.0010366269,1761,test
0.00067461,0.0032594798,0.00072921347,0.0022444762,0.00025409184,0.98870045,0.0015729141,0.0025647406,1762,test
0.9816773,0.00089421816,0.00048902177,0.0035507637,0.0042402996,0.00076156086,0.007691081,0.0006957981,1763,test
0.00018815837,0.0014634468,0.99198663,0.002019101,0.00073858077,0.00061120605,0.0021538464,0.00083901745,1764,test
0.9886783,0.00061013806,0.00033312707,0.0020395634,0.0031022949,0.000605965,0.004037954,0.0005926969,1765,test
0.9870378,0.0006552459,0.00049967685,0.002570737,0.0029495521,0.00060755806,0.0050949277,0.00058450917,1766,test
0.00020229707,0.0018999772,0.990608,0.0022641174,0.00083606265,0.00080798566,0.0024466615,0.0009348998,1767,test
0.00013549675,0.0012808326,0.992322,0.0020874438,0.0005333414,0.00068279734,0.0021731697,0.0007848543,1768,test
8.9765745e-05,0.0010016734,0.9943851,0.0015899467,0.00047982455,0.00049163273,0.0014937876,0.00046823922,1769,test
0.00018167296,0.0017412734,0.9910669,0.0021357907,0.0007726608,0.000760886,0.0024223295,0.0009184779,1770,test
0.00022583964,0.0019531576,0.99059063,0.0022188919,0.00095927494,0.0007200881,0.0023556035,0.00097647903,1771,test
0.00016693554,0.001499954,0.9920419,0.001956653,0.000699944,0.0006182032,0.0021407658,0.0008756488,1772,test
0.9856996,0.0008927331,0.00040494226,0.0028709467,0.0037553613,0.0009084302,0.0047258288,0.00074221514,1773,test
0.9875858,0.00060541776,0.0003625505,0.0027998397,0.0030071328,0.00059596595,0.004518703,0.00052458164,1774,test
2.152934e-06,0.9988681,6.5234424e-05,4.0336443e-05,0.0006443478,0.00014829477,0.00010808035,0.00012347847,1775,test
0.9871603,0.00054076983,0.00024755133,0.002591965,0.00322658,0.0006472664,0.0050915554,0.00049391726,1776,test
0.00021684062,0.0020951435,0.9898448,0.00226086,0.0009824686,0.0008361347,0.0027349445,0.0010287983,1777,test
0.0002461213,0.0021767106,0.9900918,0.0023492866,0.0010553738,0.00070108386,0.002307074,0.0010725877,1778,test
0.9861157,0.0006621114,0.00039184533,0.0024434181,0.003265599,0.0004917242,0.0061116633,0.000517837,1779,test
0.0006283816,0.005523226,0.0011661204,0.0027533018,0.0011274013,0.9817504,0.0024363722,0.0046148472,1780,test
0.017009713,0.03982764,0.008815483,0.015022287,0.53297275,0.062265392,0.009436034,0.31465068,1781,test
0.9864644,0.00057845534,0.00019898715,0.0025200965,0.0031075547,0.0005397698,0.006146457,0.0004442812,1782,test
0.00020430837,0.002136823,0.9896069,0.0025065194,0.0008555998,0.000870016,0.0027091047,0.00111062,1783,test
0.98637944,0.00049663614,0.00016370168,0.0023793255,0.0028669245,0.00043480465,0.006913239,0.00036588198,1784,test
0.00022054027,0.0017706532,0.99055254,0.0022471263,0.00075811846,0.0007811259,0.0026166376,0.0010532577,1785,test
0.9883759,0.00068954134,0.0005321281,0.0023448763,0.002994711,0.0007411087,0.0035500862,0.0007716935,1786,test
0.00016976763,0.0019536922,0.9905605,0.0024399676,0.000842975,0.00087895774,0.0023552736,0.0007988547,1787,test
0.0007241383,0.003384743,0.0007433081,0.00072925526,0.0014009788,0.0031325764,0.00042050774,0.9894645,1788,test
0.9910851,0.00043191164,0.0003705903,0.001595429,0.0022087486,0.00046956728,0.0033718685,0.000466844,1789,test
0.98522854,0.000622974,0.00025527258,0.0026543632,0.0034403005,0.0005934971,0.006677292,0.00052786875,1790,test
0.9856129,0.0006917945,0.00026471372,0.0022439528,0.004137211,0.0005339081,0.005967142,0.0005483084,1791,test
0.99043196,0.0001401718,6.1004775e-05,0.0042952765,0.0015534956,0.0008187951,0.0021352093,0.00056402973,1792,test
4.2880954e-05,0.00028962002,0.99574655,0.0009269127,0.00025950008,0.0006005377,0.0014661308,0.0006679463,1793,test
0.9905404,0.00020345433,0.00011817151,0.0034481944,0.0018529022,0.0012471293,0.0017531728,0.00083652156,1794,test
0.00012097693,0.9390164,0.025895404,0.0023438698,0.008345991,0.012017615,0.0033481643,0.008911653,1795,test
2.809029e-05,0.00021534399,0.99656576,0.00083767035,0.00021445271,0.00051102444,0.0011597328,0.00046794902,1796,test
4.6276135e-05,0.00035279203,0.9956458,0.0010146428,0.00034602502,0.0005767312,0.0013583812,0.0006593569,1797,test
0.9922381,0.000117422285,7.35436e-05,0.0033469691,0.0012645999,0.00085676805,0.0014551873,0.00064753246,1798,test
2.6085057e-05,0.00019736987,0.9968119,0.0007671546,0.00018695944,0.0004957524,0.0010951257,0.00041960378,1799,test
0.00013853355,0.0008742243,0.9913509,0.0016689136,0.00089632306,0.0012779414,0.002248663,0.0015444956,1800,test
7.6268436e-05,0.9659715,0.0114462795,0.0018251165,0.0082978625,0.006495522,0.001960325,0.0039270977,1801,test
0.00010656262,0.94058853,0.023007594,0.0024435802,0.008972462,0.012051118,0.003032696,0.009797507,1802,test
0.97874683,0.00058476033,0.000583328,0.005017842,0.004861883,0.002843094,0.006165465,0.001196812,1803,test
3.9320454e-05,0.0002978389,0.9958911,0.00091474294,0.0002849296,0.0006514709,0.0013874772,0.00053312554,1804,test
1.7889242e-05,0.00013742862,0.9973139,0.0007692267,0.00016979316,0.0004552055,0.00093489536,0.00020155634,1805,test
0.9749766,0.000584673,0.0004947115,0.0077917683,0.0052498123,0.0031841216,0.0060526584,0.0016656246,1806,test
0.9916311,0.00016261218,0.000112507296,0.0032582262,0.0014998614,0.000992209,0.0016292264,0.0007142781,1807,test
9.2253766e-05,0.9460549,0.021244206,0.0020870243,0.0065717422,0.012553137,0.0030669793,0.008329722,1808,test
0.9910232,0.00017920893,0.00011690208,0.0034901884,0.0017583023,0.0010931304,0.0015603498,0.00077884767,1809,test
0.9883283,0.00031218183,0.00031299205,0.0033646864,0.0022674885,0.0017370771,0.0025108806,0.0011664196,1810,test
0.18796676,0.012079377,0.6878094,0.03398373,0.01421383,0.014515228,0.03224558,0.017186103,1811,test
4.0717012e-05,0.0003542307,0.9954862,0.0010822659,0.00032331792,0.0007632355,0.0013491237,0.00060073467,1812,test
1.9765364e-05,0.00018802316,0.99094766,0.0012737685,0.00033335167,0.0012985055,0.0055944137,0.00034446514,1813,test
0.9901759,0.00013689873,7.347254e-05,0.0044313082,0.0015605666,0.000964989,0.00193947,0.0007174103,1814,test
0.98821557,0.00022281482,0.00012975707,0.0039818,0.0024811735,0.001311322,0.0029572807,0.0007003027,1815,test
0.98831683,0.00023968356,0.00021629046,0.0034368874,0.002446447,0.0013491802,0.003333814,0.00066090486,1816,test
2.7768121e-05,0.00020446995,0.99672097,0.0008311609,0.00020286579,0.0004799995,0.0011104426,0.00042230208,1817,test
9.548901e-05,0.959212,0.014103994,0.0019181704,0.0095737185,0.007344604,0.00224353,0.005508509,1818,test
6.798528e-05,9.1335736e-05,2.4668048e-05,0.00039919003,0.0005220824,0.0002707394,6.992037e-05,0.99855405,1819,test
0.98687077,0.00030529275,0.00022599564,0.004502553,0.0027867483,0.0016588011,0.0026021095,0.0010477959,1820,test
3.9299517e-05,0.00030202224,0.99603784,0.00090988673,0.00029420128,0.00055908714,0.0013165314,0.00054102147,1821,test
4.35312e-05,0.00032672385,0.9950309,0.0010738085,0.00027486627,0.0007739389,0.0016839013,0.0007924336,1822,test
6.0765728e-05,0.0005517862,0.99334747,0.0015131946,0.00054295297,0.0009958718,0.0016885626,0.0012993667,1823,test
3.508157e-05,0.00028916972,0.9957318,0.0010119785,0.00025882546,0.00080204057,0.0014250193,0.00044612747,1824,test
4.039287e-05,0.0003168915,0.99572843,0.0010166285,0.00029955394,0.00061981234,0.0013874986,0.0005907158,1825,test
3.210466e-05,0.0002490574,0.9963889,0.0008799866,0.00023393187,0.0005920328,0.001208304,0.00041568116,1826,test
0.9758816,0.00055700936,0.00032298683,0.0072357147,0.004998219,0.0034723266,0.0057626534,0.0017695173,1827,test
0.0001351307,0.9408676,0.02635992,0.0021837566,0.007567718,0.011815476,0.003690432,0.0073799235,1828,test
0.9856958,0.0003343338,0.00023023722,0.0042920923,0.0032839137,0.0019476064,0.0032529975,0.00096304563,1829,test
3.870273e-05,0.00030115125,0.9960043,0.00094466517,0.00028934766,0.00055186666,0.0013160082,0.0005539545,1830,test
0.9892022,0.00019209312,0.00012028437,0.0036289343,0.0021592,0.0012910815,0.002683096,0.0007230917,1831,test
0.99207264,0.00018078556,0.00019754797,0.0026864484,0.0014503958,0.00093440793,0.00180089,0.00067694223,1832,test
3.9366416e-05,0.00029570324,0.9959567,0.0009574816,0.0002947513,0.00057426625,0.0013777543,0.00050401536,1833,test
0.9865175,0.00043188746,0.00038081288,0.0031872366,0.003195885,0.0021827596,0.002862778,0.0012412054,1834,test
3.412586e-05,0.00024138135,0.99620456,0.0010506834,0.0003040053,0.000527777,0.0012784847,0.00035893434,1835,test
3.8863414e-05,0.000298113,0.99586225,0.00091370643,0.00026925612,0.0006918966,0.0013852983,0.0005406347,1836,test
3.8300463e-05,0.00029439016,0.9957416,0.0010757028,0.00029313087,0.00066860317,0.0013295958,0.000558697,1837,test
0.99173886,0.000103622355,6.1520936e-05,0.0033608612,0.0014045184,0.00081767555,0.0020322627,0.00048072057,1838,test
0.9918286,0.00017861446,0.00013208266,0.0026068303,0.001774072,0.0009742829,0.0019619616,0.00054345775,1839,test
0.98788285,0.00015895182,8.265814e-05,0.0049774544,0.0020399757,0.0011537195,0.002950321,0.00075412326,1840,test
0.99162394,0.00013483575,9.903763e-05,0.0032556972,0.0014507467,0.00088141987,0.0018345839,0.00071971887,1841,test
3.6107966e-05,0.00027431073,0.99594766,0.00088723697,0.00025004186,0.0006591455,0.0013922853,0.0005531844,1842,test
4.0343853e-05,0.0003232713,0.99561995,0.0010719766,0.00030111772,0.0007366249,0.0014373924,0.00046931297,1843,test
0.9916461,0.00020609221,0.00018045158,0.0026734322,0.0017647875,0.0011342111,0.0015771145,0.00081779325,1844,test
0.9921411,0.00013851603,8.9360634e-05,0.003017173,0.00144902,0.00086877344,0.001720727,0.0005752181,1845,test
0.99442947,0.00012125603,0.00011669089,0.0019757745,0.0009892115,0.00075404847,0.00090899545,0.0007045507,1846,test
4.5236604e-05,0.00035275085,0.9952838,0.0011211339,0.00031914172,0.0008572083,0.0015058893,0.0005149181,1847,test
4.7349113e-05,0.0003603139,0.9949426,0.0011378258,0.00034100414,0.00075588224,0.0016614874,0.0007535852,1848,test
3.3870823e-05,5.0071827e-05,9.794658e-06,0.00018907255,0.00020459476,0.00024515387,4.4704928e-05,0.9992229,1849,test
3.6888454e-05,0.00026217834,0.99628866,0.0010137479,0.00028873247,0.0005504534,0.0011100302,0.00044930706,1850,test
2.7786193e-05,0.00021177412,0.9966594,0.00082318706,0.00021451806,0.00052086,0.0011479303,0.00039458487,1851,test
0.9901029,0.00023598319,0.00022784062,0.0032509563,0.0019882317,0.0013081034,0.0021388035,0.00074722664,1852,test
0.000102951584,0.9498031,0.019230073,0.0021292085,0.008579488,0.009832669,0.0027841327,0.007538308,1853,test
7.2803036e-06,9.759024e-07,6.295271e-09,2.2667993e-05,0.99973065,3.1988828e-05,0.00020449971,1.9580998e-06,1854,test
0.98679787,0.0004314402,0.00036601798,0.0030942895,0.0033933828,0.0019582163,0.0029812541,0.0009773696,1855,test
0.00024045538,0.0026494337,0.9852764,0.0029845599,0.0015291617,0.0018225266,0.0029576777,0.0025398002,1856,test
0.0001599674,0.00045236002,4.787242e-05,0.00035572983,0.0006600758,0.0005178018,9.13863e-05,0.99771476,1857,test
0.9917271,0.0004783011,9.668588e-05,0.002828622,0.0014547133,0.0013060633,0.001087388,0.0010210609,1858,test
0.00017275222,0.0017896008,0.9893267,0.002328922,0.0011477523,0.0012262361,0.0023632478,0.0016447911,1859,test
0.00017892063,0.0020673235,0.9868657,0.003282828,0.0009879041,0.0020697047,0.002564751,0.0019829543,1860,test
0.00025121053,0.0027008194,0.98469895,0.0029787356,0.0013535465,0.0016680097,0.0032863638,0.003062381,1861,test
2.5198713e-06,0.9974458,0.00014543896,0.00013759329,0.0015014136,0.0004663908,0.00010348773,0.00019736377,1862,test
1.8639255e-06,0.9981073,0.0001549574,9.170369e-05,0.00043706078,0.0009237465,0.0001253111,0.00015803265,1863,test
0.00018448199,0.0021788992,0.988424,0.0023400877,0.0011148035,0.0014962072,0.002524557,0.0017368669,1864,test
0.01214204,0.01281222,0.92629755,0.008743865,0.008742735,0.0066253683,0.012400947,0.0122351935,1865,test
0.00022952691,0.0025453141,0.9862533,0.0027621393,0.0014506644,0.001906285,0.002928689,0.0019241123,1866,test
7.941372e-05,0.00093854114,0.993292,0.0018408288,0.0005736465,0.0009846737,0.0014917079,0.0007992263,1867,test
0.99075013,0.00047836767,0.00014590008,0.002818378,0.001835144,0.0016392439,0.0011681856,0.0011646762,1868,test
0.00018138524,0.0016731487,0.98973036,0.0022732187,0.0009784239,0.0011810929,0.0024820715,0.0015003402,1869,test
0.9912013,0.0005313411,8.443497e-05,0.0029431814,0.0016534567,0.0013827514,0.0012836647,0.0009199732,1870,test
0.00023485537,0.0027673373,0.986075,0.0026156818,0.0013723746,0.0017867817,0.0029999525,0.0021480357,1871,test
0.9907415,0.00058435794,0.0001620431,0.0025288889,0.0017793126,0.0017454443,0.0011281754,0.0013303834,1872,test
0.9907636,0.0005477765,0.00013927172,0.0032003673,0.0016853285,0.0014217168,0.0012472497,0.0009948082,1873,test
0.9865463,0.0009539718,0.00026920778,0.0036381828,0.0026733289,0.0025862972,0.001745044,0.0015876916,1874,test
0.00033102263,0.0002516948,0.00020498833,0.00056277815,0.0015387341,0.00018361968,0.99662113,0.00030606095,1875,test
0.00020360514,0.0024491595,0.98743457,0.0023587032,0.0012102323,0.0015522448,0.00273181,0.0020597072,1876,test
0.00019376028,0.0022399402,0.98791933,0.0022663365,0.0012075576,0.0016422501,0.0029078184,0.001622996,1877,test
0.9894852,0.0006170508,0.00016742726,0.0034766174,0.0017339971,0.0017449859,0.0013480958,0.0014267445,1878,test
0.00024793574,0.0027826417,0.9849355,0.0033015755,0.0013308261,0.002573718,0.0031178396,0.0017100266,1879,test
0.00034440457,0.005465333,0.97710365,0.005278783,0.0021460126,0.0036056135,0.003223727,0.0028324532,1880,test
0.9911868,0.000524448,8.296884e-05,0.0031436812,0.0014081036,0.0011174654,0.0018136506,0.0007229718,1881,test
0.0008872868,0.005886781,0.00015111997,0.0040621,0.97643363,0.009647252,0.0010806774,0.001851143,1882,test
0.0002211088,0.0021050405,0.98612034,0.0028875684,0.0010127604,0.0020035978,0.0034929938,0.0021566388,1883,test
0.00046394672,0.0047809095,0.9762403,0.003467683,0.002339307,0.0030985419,0.0051598013,0.0044494863,1884,test
0.00021961873,0.0022127684,0.9880987,0.0027257781,0.0012511045,0.0013551301,0.0025640046,0.0015729561,1885,test
0.98895264,0.0006541176,0.00010843344,0.004146468,0.0019454504,0.0013327415,0.0016199213,0.0012402765,1886,test
8.314495e-05,0.0009435274,0.9931524,0.0019125865,0.00057268044,0.0010382292,0.0015331081,0.0007643742,1887,test
0.99245656,0.00039771013,7.103692e-05,0.0027299258,0.001349825,0.0010122457,0.0012000417,0.00078260276,1888,test
0.992357,0.00038909964,4.4464832e-05,0.0028384672,0.0013784575,0.0009998011,0.0012532191,0.0007395259,1889,test
0.98805237,0.0008459391,0.00029185874,0.0029583096,0.0022338768,0.0024656872,0.0013218386,0.0018301662,1890,test
0.00019574835,0.0021767546,0.9866595,0.00253589,0.0011635099,0.0021854464,0.0030761932,0.0020069515,1891,test
0.00029581308,0.0028382838,0.98279023,0.00317443,0.0014675272,0.0023223993,0.0037385165,0.0033728285,1892,test
0.9920002,0.00040080256,8.446636e-05,0.0030218828,0.0013308984,0.0010955953,0.0012683211,0.0007977402,1893,test
1.4699133e-05,0.98413384,0.00057619205,0.0010912827,0.005888609,0.004292117,0.00036855845,0.0036347134,1894,test
0.0003170139,0.004519096,0.97930443,0.0046904464,0.002361757,0.0038253148,0.0032678188,0.0017141508,1895,test
0.0003414985,0.0044575706,0.98235613,0.003585494,0.0019601784,0.0026834102,0.0030203774,0.0015952536,1896,test
0.000263074,0.0026113417,0.983334,0.0029810974,0.0014889276,0.0017196381,0.0036844949,0.00391742,1897,test
0.0009631647,0.0024915794,0.00067767105,0.00180397,0.005781987,0.0023794812,0.00059541746,0.98530674,1898,test
0.00022439165,0.0023557257,0.9878928,0.0025805216,0.0012831478,0.001389993,0.0025693972,0.0017040133,1899,test
0.00022547456,0.002467418,0.98578113,0.002850422,0.001442469,0.0016587634,0.002977387,0.002596938,1900,test
0.00017427336,0.0021278588,0.9885861,0.0024870145,0.001173803,0.0015206477,0.0023124127,0.0016178283,1901,test
3.028768e-05,0.00012142646,8.021006e-06,0.00012592551,0.00011570076,0.00020438658,4.1232743e-05,0.999353,1902,test
0.99247074,0.00037477602,7.749933e-05,0.0027151122,0.0013502846,0.0010843532,0.0011274737,0.00079971243,1903,test
0.00025184033,0.0028730764,0.98580915,0.00264481,0.0015241763,0.0015315184,0.003050637,0.00231473,1904,test
0.98866546,0.00056565175,6.4677864e-05,0.004666897,0.0019282958,0.0014664037,0.001729115,0.00091348926,1905,test
0.99287295,0.00033427047,6.985013e-05,0.0025795477,0.0013459653,0.0010610484,0.0010208776,0.00071543764,1906,test
0.000331004,0.0034898617,0.98294145,0.0037244575,0.0017769978,0.0026469766,0.0033916521,0.0016976182,1907,test
0.00016110521,0.0019751359,0.9892539,0.0021875221,0.0010615356,0.0017851295,0.0023706106,0.0012050647,1908,test
0.000114372284,0.0013806666,0.9919823,0.0019802207,0.00075712416,0.0010809674,0.0017395084,0.0009647812,1909,test
0.00021129435,0.0022203089,0.98571396,0.0030301681,0.0011598757,0.0018690806,0.003156356,0.0026389486,1910,test
0.9894651,0.0006215997,0.00011044071,0.0033598235,0.002035423,0.00171893,0.0015313126,0.001157305,1911,test
0.00027958702,0.003711768,0.981912,0.003699336,0.0014178122,0.002888084,0.00349603,0.0025953916,1912,test
0.00026601827,0.0029213147,0.9844189,0.0035385804,0.0016391514,0.0023705214,0.0030271932,0.0018181686,1913,test
0.00022114243,0.0023924431,0.98756915,0.0026283136,0.0012688743,0.0014986981,0.0026554787,0.0017659788,1914,test
0.9859871,0.0007209794,0.00011341132,0.005350527,0.0021741183,0.002037439,0.0018607582,0.0017555768,1915,test
0.0005981771,0.0030285679,3.628911e-05,0.0015989718,0.98724234,0.0057929787,0.00042339088,0.0012792292,1916,test
0.9926467,0.00041152182,4.948914e-05,0.002664325,0.0014343454,0.00095574796,0.0012213831,0.00061650376,1917,test
6.073493e-06,4.3314427e-05,7.247934e-06,0.000102650425,3.1523653e-06,0.999671,5.493863e-05,0.00011169824,1918,test
0.00020348167,0.0026114625,0.9852841,0.0033719856,0.00139663,0.0023524668,0.0026473037,0.0021326577,1919,test
0.9939814,0.00014136448,4.1237097e-05,0.0025776015,0.0014625838,0.0004341503,0.0009973946,0.00036427565,1920,test
5.546773e-05,0.0006494833,0.000105264684,0.00073657226,0.000107218264,0.9971879,0.00040034196,0.0007576304,1921,test
8.3425975e-06,0.9960194,0.0007008296,0.00012712897,0.001459701,0.0007486003,0.00035380293,0.00058216485,1922,test
0.000101536556,0.0016913918,0.9904902,0.0019141539,0.0008666853,0.0009691407,0.0021276542,0.001839283,1923,test
0.00012616099,0.96394324,0.013807427,0.0012863508,0.011031919,0.0035395501,0.0020933324,0.00417194,1924,test
0.98487526,0.0005228675,0.00021388932,0.004774786,0.004643748,0.0015419797,0.002392261,0.0010351839,1925,test
0.00016990904,0.0028181463,0.9848824,0.0027563712,0.0015861971,0.0011214891,0.0044844677,0.002181042,1926,test
9.5474104e-05,0.0009953104,0.9935939,0.0013038585,0.0005792313,0.000551569,0.0019220226,0.00095865736,1927,test
9.6822296e-05,0.0011812311,0.99294645,0.0015485098,0.00057436834,0.00074773753,0.0019428091,0.0009621919,1928,test
0.021349316,0.01409742,0.9112862,0.0140346745,0.0131765,0.004427299,0.015053425,0.0065752603,1929,test
8.374381e-05,0.0011996366,0.99295676,0.0014419548,0.0005645583,0.0007912529,0.0019339581,0.0010282028,1930,test
0.00012794866,0.0016138874,0.99129677,0.0016747055,0.000712412,0.0008883016,0.00237055,0.0013155481,1931,test
6.271044e-05,0.00061105937,0.99522144,0.0010266808,0.00039544926,0.00041674366,0.0015499395,0.0007159835,1932,test
7.719874e-05,0.0007628429,0.9944377,0.0011939512,0.0004476602,0.0004811137,0.0016991071,0.00090048177,1933,test
0.9825618,0.0007414866,0.00054160826,0.0047234287,0.005201555,0.0012469982,0.003981169,0.0010019501,1934,test
6.976184e-06,0.99609405,0.0007206355,0.000113913164,0.0013202255,0.0007410694,0.0003436537,0.0006594131,1935,test
0.9835609,0.00082598574,0.0004959652,0.006389285,0.0034771217,0.0011086967,0.0027913703,0.0013506768,1936,test
0.98818845,0.0007110093,0.00088155764,0.0030898624,0.003083679,0.0014382368,0.0011229804,0.0014842297,1937,test
8.483135e-05,0.0011015363,0.9924792,0.001482118,0.0006591313,0.00077632256,0.0019104291,0.0015064345,1938,test
8.551432e-05,0.0008798899,0.9936708,0.0011651817,0.00047887187,0.0005452188,0.0019599434,0.0012144443,1939,test
0.08407628,0.036133584,0.752366,0.030870702,0.02906429,0.01653803,0.025471633,0.025479501,1940,test
0.9804663,0.00049592217,0.00016063436,0.0080172885,0.00510587,0.0012424177,0.003459219,0.0010524326,1941,test
9.491092e-05,0.0011518927,0.99260557,0.0013495353,0.0005759366,0.0007782265,0.0022064326,0.0012375291,1942,test
9.443056e-05,0.0012101281,0.9931069,0.0014043751,0.0005933084,0.0007203045,0.0019344349,0.0009361175,1943,test
0.989696,0.000286543,8.4959385e-05,0.004102927,0.002538007,0.0005924676,0.0022335039,0.00046561315,1944,test
0.9912471,0.00016267142,3.3712295e-05,0.0032580828,0.002188905,0.00036898183,0.0024175409,0.0003230366,1945,test
0.000101194775,0.0011152917,0.99276215,0.0013124583,0.0005617452,0.0006364936,0.002185733,0.0013248522,1946,test
0.96432954,0.0017000749,0.0010230232,0.0091622295,0.011724819,0.002966464,0.00677414,0.0023196859,1947,test
1.27664025e-05,0.99379975,0.0013911204,0.00018753974,0.001966911,0.0010945671,0.00052070234,0.0010267083,1948,test
0.003321033,0.009959652,0.0053003347,0.0044676885,0.013063972,0.06622439,0.0032829149,0.89438,1949,test
9.032982e-05,0.0010302172,0.9931678,0.0013262269,0.00053184567,0.0006562281,0.0020786265,0.0011187665,1950,test
0.00014523164,0.00034460815,5.7178677e-05,0.00054710155,0.0005675566,0.0009052483,0.00015348487,0.9972796,1951,test
0.0001392164,0.0017952388,0.9901528,0.0016790574,0.00084413256,0.0010093433,0.0026182209,0.0017620123,1952,test
1.2947671e-05,0.9944918,0.0011271137,0.00015642133,0.0019308854,0.0009560929,0.00047573083,0.0008490255,1953,test
0.9755552,0.00070698775,0.00028283783,0.008663301,0.0067004017,0.001260551,0.0057279174,0.0011028899,1954,test
0.00010328301,0.0013838846,0.9924678,0.0014655159,0.0007019589,0.0007316463,0.0019728648,0.0011730284,1955,test
3.3845943e-05,0.00081069133,0.00010171708,0.0006155111,0.00024652525,0.9970092,0.0004402792,0.0007422414,1956,test
0.9892151,0.00029761318,8.168183e-05,0.0044148904,0.002581985,0.00068967446,0.0021043983,0.00061470945,1957,test
0.98732775,0.0003231573,8.997277e-05,0.00431825,0.0035138545,0.0008434071,0.002866787,0.0007168099,1958,test
8.3711304e-05,0.0011019201,0.9932881,0.0012782034,0.0005723775,0.000728249,0.001964665,0.0009828381,1959,test
0.98027396,0.0004301801,7.5607866e-05,0.007138881,0.005136312,0.00070033,0.0057471516,0.0004974653,1960,test
7.380879e-05,0.0008728867,0.99371004,0.001363574,0.00043792973,0.0006407796,0.0018689652,0.0010320146,1961,test
0.980737,0.0005352203,0.000102387836,0.006780566,0.005982525,0.0012940883,0.003890001,0.00067823904,1962,test
0.9777029,0.00058570906,0.00017116692,0.008213544,0.0053858315,0.0008731415,0.0062780064,0.00078973407,1963,test
0.00024418015,0.00048111513,0.0002461143,0.0017125959,0.0009948845,0.0010350244,0.00028541402,0.9950008,1964,test
7.737476e-05,0.0009387008,0.9940006,0.0012988318,0.00049721455,0.00056053913,0.0017514752,0.00087522325,1965,test
0.00010009418,0.0011009736,0.99325293,0.0012883733,0.0006328364,0.00060034404,0.0019074345,0.0011170467,1966,test
9.287676e-05,0.001252999,0.99226975,0.0014950167,0.0005648323,0.00088271004,0.0023186938,0.001123172,1967,test
0.98731005,0.0004029473,0.0001776875,0.0037281571,0.0038751638,0.0007647796,0.0031269838,0.0006141732,1968,test
0.9800498,0.0007427831,0.00023035881,0.0045472113,0.0068512037,0.0010154451,0.005870459,0.00069276843,1969,test
9.157303e-05,0.00096203765,0.9938444,0.0011998864,0.00055638736,0.00052837544,0.001807516,0.0010099299,1970,test
0.00010371729,0.001393202,0.99242777,0.0015688372,0.00069282064,0.0008005634,0.0020150426,0.0009980556,1971,test
0.98204184,0.0011076544,0.0005289035,0.00429396,0.0053521562,0.0024280178,0.0023757492,0.0018716989,1972,test
0.9825967,0.0010747211,0.0008808716,0.0057380996,0.0041114334,0.0016705728,0.0024444165,0.0014831617,1973,test
0.00023245731,0.002128373,0.9891249,0.0023202864,0.0011008779,0.0011585992,0.0023905877,0.0015439725,1974,test
0.00013048509,0.0016888152,0.9909276,0.0018060869,0.0008612551,0.0008175635,0.0023311572,0.001437201,1975,test
0.00011656688,0.001185742,0.99250716,0.0013730953,0.00068033725,0.00061193865,0.0022014722,0.0013237094,1976,test
0.90567166,0.0021083348,0.0009534599,0.0129299285,0.040313818,0.0027134337,0.03364525,0.00166414,1977,test
0.98558575,0.0004122888,0.00014496098,0.0052006827,0.0038562112,0.0007489968,0.0034648888,0.0005863478,1978,test
7.917273e-05,0.0008894035,0.99401605,0.0012632669,0.00043682056,0.00056343497,0.0018096679,0.00094214454,1979,test
8.257233e-05,0.0009012832,0.993782,0.0011135674,0.0005161047,0.0006037081,0.002001853,0.0009989367,1980,test
7.5214e-05,0.0007432805,0.99465865,0.0011155712,0.00043947395,0.00045806754,0.0016303775,0.0008793671,1981,test
0.00011126378,0.0013595904,0.9923603,0.0014281357,0.00069978577,0.00070018065,0.0020733008,0.0012674452,1982,test
9.9492485e-05,0.0015747974,0.99113876,0.0018636341,0.0007862664,0.0009768158,0.0020521248,0.0015080816,1983,test
6.104613e-05,0.0012844712,0.99410903,0.0015015356,0.0006816358,0.00077242544,0.0012710379,0.00031892527,1984,test
7.183257e-05,0.0013953701,0.9932909,0.0014911197,0.0007362791,0.0011465485,0.0015142879,0.0003535099,1985,test
0.00090687594,0.0045149103,0.0012455804,0.0017215802,0.00277411,0.0033812616,0.000755811,0.98469985,1986,test
0.98693305,0.0004505363,0.00011783698,0.0038896261,0.002362844,0.00070434035,0.005206461,0.000335319,1987,test
4.9538303e-05,0.0011978298,0.9944992,0.0012189746,0.00058817724,0.00081741984,0.0012856913,0.00034311105,1988,test
0.984141,0.0009499535,0.0003668861,0.0039454335,0.0030592082,0.0011236524,0.0058983727,0.00051546737,1989,test
7.399448e-05,0.0017483943,0.99324167,0.0018143186,0.0007653496,0.0008129855,0.0012048681,0.00033841282,1990,test
0.00017742446,0.00037090146,5.1611473e-06,0.0011761627,0.9967325,0.00041005373,0.0010603908,6.7431734e-05,1991,test
0.042275358,0.04188696,0.007111225,0.028908424,0.0073145917,0.22741248,0.0039832667,0.6411077,1992,test
0.9501501,0.0057086884,0.005999045,0.006439324,0.010436904,0.0049543246,0.014023224,0.0022884281,1993,test
0.00032575248,0.0035062646,0.0021941946,0.0068972027,0.008346357,0.9776519,0.00088026974,0.00019810641,1994,test
0.9298,0.0070643253,0.0072900043,0.0068260543,0.015923856,0.008075157,0.022658473,0.0023621335,1995,test
7.526846e-05,0.0019096872,0.99230146,0.001884399,0.000762983,0.0011708258,0.0015118478,0.0003835725,1996,test
0.97349125,0.0017568052,0.0007082785,0.005202026,0.006210369,0.0029570954,0.008765833,0.0009082961,1997,test
0.98384815,0.0005721857,0.00015899695,0.0056868717,0.0023761624,0.000790451,0.0061322493,0.00043495916,1998,test
9.6139505e-05,0.0022253338,0.99163693,0.0022302512,0.00088994886,0.0009861843,0.0014979176,0.00043729774,1999,test
5.9437167e-05,0.0013756327,0.994501,0.001378662,0.0007157764,0.0005127543,0.0011308208,0.00032591453,2000,test
0.0011898294,0.004019246,0.97721297,0.003119154,0.0025181423,0.002287674,0.008518328,0.0011347176,2001,test
2.597401e-05,0.9714841,0.0006853191,0.0013996824,0.001561308,0.015116217,0.008173097,0.0015542447,2002,test
9.074348e-05,0.0020551276,0.9925437,0.0016355399,0.001015602,0.0007873115,0.0013771781,0.0004949694,2003,test
0.9677587,0.0012587248,0.00030522543,0.010299522,0.0050303997,0.0012583294,0.013494826,0.0005942708,2004,test
7.965856e-05,0.0018851476,0.993145,0.0014944066,0.0009177633,0.00076829933,0.0012706515,0.00043897153,2005,test
0.98671097,0.0009769332,0.0004892288,0.00353631,0.0026784772,0.0011188248,0.0038526952,0.0006366284,2006,test
5.3850552e-05,0.0012028244,0.99470985,0.0015705293,0.0005008082,0.00062037824,0.0010453055,0.00029643098,2007,test
0.9713352,0.0015306099,0.00074309367,0.009198885,0.004664441,0.0014352226,0.01031493,0.0007776044,2008,test
0.0002844228,0.002622398,0.9854348,0.0034041472,0.00097446924,0.0022728462,0.0034393624,0.001567658,0,validation
0.9934503,0.0002956592,5.5399767e-05,0.0019209614,0.0014403886,0.00066767127,0.0016449348,0.00052462326,1,validation
0.98700327,0.0007131872,7.635513e-05,0.003403028,0.0030510512,0.0014926539,0.0035254462,0.00073494687,2,validation
0.98999715,0.00052846916,0.00010124752,0.002797945,0.002177385,0.0011042987,0.002529552,0.0007639092,3,validation
0.00030296517,0.0027743406,0.98472255,0.0036618186,0.0013069487,0.0026069393,0.0031465336,0.0014778848,4,validation
0.00032600024,0.0032879312,0.98343015,0.003343436,0.0014840637,0.0022113528,0.0036181097,0.0022989816,5,validation
0.0001767897,0.001633536,0.98948425,0.0026066676,0.0008756309,0.0018153049,0.0025270605,0.0008807019,6,validation
0.9883183,0.00065931695,0.00017889614,0.0027486123,0.0028046032,0.0015586844,0.0026747985,0.0010567909,7,validation
0.98036855,0.0011283966,0.00014510991,0.0047611366,0.003736772,0.0017522018,0.0072305147,0.00087735045,8,validation
0.9927045,0.00031995663,6.0416307e-05,0.0021483689,0.0016499796,0.000796723,0.0017817756,0.00053828367,9,validation
0.00022526376,0.002114501,0.9880788,0.0028497754,0.0010980484,0.0014727468,0.0027535758,0.0014073288,10,validation
0.0016152945,0.019872328,0.0011684523,0.013142268,0.8675929,0.08811585,0.0020412577,0.006451649,11,validation
0.00043762728,0.0038163506,0.9804177,0.003282399,0.0014705444,0.0030658015,0.004849029,0.002660483,12,validation
0.00011033498,0.0010523455,0.99225616,0.0020717504,0.0005852544,0.0015256925,0.0018069455,0.00059152726,13,validation
0.00031065784,0.0029221768,0.9841302,0.0040239044,0.0013714959,0.0023833788,0.003155599,0.0017025704,14,validation
0.00030616185,0.0026555536,0.98525685,0.0033492006,0.0013669619,0.0016415028,0.0033100045,0.0021137642,15,validation
5.3651647e-06,0.00011035655,3.906346e-06,8.121405e-05,7.4016356e-07,0.99973434,2.5672165e-05,3.8386293e-05,16,validation
0.992818,0.00035133588,7.8536934e-05,0.0021487786,0.0016391115,0.0008193638,0.0015816524,0.00056335784,17,validation
0.0005117839,0.0047798636,0.9756275,0.004678699,0.0020036844,0.003866297,0.0049899174,0.0035423771,18,validation
0.0001105577,0.0012277274,0.9912513,0.0021238176,0.0006355356,0.0020375906,0.0019720746,0.00064131716,19,validation
0.0006952907,0.001167258,0.00019523969,0.0009215916,0.0012838533,0.0022117058,0.00042560935,0.99309933,20,validation
0.0003202544,0.0030401414,0.9847777,0.003376706,0.0015112766,0.0018826292,0.0032244716,0.0018669545,21,validation
0.00029020547,0.0025426697,0.98568857,0.0032201877,0.0014590082,0.0018441702,0.0031103357,0.0018447798,22,validation
0.1973518,0.032045025,0.655286,0.028885854,0.024190396,0.012921516,0.03004158,0.019277783,23,validation
0.0003372855,0.0032567407,0.98430634,0.0033576447,0.0016264676,0.0018110103,0.0031752982,0.0021291734,24,validation
0.0002578649,0.0024385978,0.9864654,0.00325062,0.0011007802,0.002095941,0.003076192,0.0013145028,25,validation
0.00012712077,0.0011598384,0.9917271,0.0023137194,0.000702928,0.0013955622,0.0018647474,0.000708967,26,validation
0.004117915,0.00587239,0.96120876,0.0066581997,0.0039269463,0.004200904,0.009486143,0.004528724,27,validation
0.0003507108,0.00324503,0.9826497,0.0033670485,0.0015255031,0.0020091524,0.004212238,0.002640533,28,validation
0.98698694,0.00078132766,0.00014956649,0.003096853,0.0031017745,0.0019157623,0.0029842306,0.0009834686,29,validation
0.045396462,0.015376654,0.8541218,0.018046305,0.013147378,0.014212452,0.025289042,0.014409924,30,validation
0.00013678736,0.0012543974,0.9914247,0.0028178948,0.0007408002,0.00126385,0.0016549055,0.00070673163,31,validation
0.00013434967,0.0012161871,0.99100375,0.0021184913,0.0007035298,0.0016343025,0.002369553,0.00081985956,32,validation
2.5422762e-05,7.221507e-06,2.7907012e-05,0.99912757,6.414908e-05,0.0006058885,0.00011053175,3.134075e-05,33,validation
0.008616572,0.7410961,0.13234334,0.010780256,0.028747058,0.032646015,0.023776308,0.021994421,34,validation
0.0002218848,0.0020360302,0.98720294,0.0032754675,0.00085548166,0.0020569053,0.0028985967,0.0014527045,35,validation
0.000298233,0.0028438577,0.9848564,0.0032392854,0.0013825684,0.0018776506,0.003466109,0.0020359054,36,validation
0.99045664,0.000532868,6.730657e-05,0.0027397724,0.001994541,0.00095363933,0.0026694206,0.00058570143,37,validation
0.98911333,0.00045488213,6.230863e-05,0.003072934,0.002415894,0.0011210644,0.0031088053,0.0006507567,38,validation
0.95429784,0.004237612,0.0032301801,0.009460058,0.0090779485,0.007890207,0.008344106,0.0034621293,39,validation
0.000508899,0.0014963072,3.1818334e-05,0.0015111224,0.9926628,0.0020075575,0.0010884154,0.0006930603,40,validation
0.9910754,0.00039550493,6.111145e-05,0.0026254046,0.0019992664,0.0009234777,0.0023159052,0.00060395536,41,validation
0.98663193,0.00085204875,0.00042190272,0.0032160082,0.0028519311,0.0021804045,0.0025136673,0.0013320539,42,validation
0.0003055883,0.003624327,0.98492986,0.0035535586,0.0011239726,0.0024331305,0.002668039,0.0013614318,43,validation
0.00017510087,0.0010713295,0.00014213772,0.0003162118,0.00040681666,0.0021641392,0.00018888463,0.9955354,44,validation
0.0003334659,0.0032228224,0.9835857,0.0037023795,0.0013560897,0.0026390885,0.003597743,0.0015626722,45,validation
9.794951e-05,0.00097302214,0.99273634,0.002042153,0.0004910006,0.0013907559,0.0016815668,0.00058721943,46,validation
0.00035698834,0.0012586087,0.00016865476,0.0005455761,0.0009948891,0.0012856026,0.00024286148,0.9951468,47,validation
0.00025841015,0.0022271776,0.98656774,0.0031761944,0.0012086631,0.0017129693,0.0030295914,0.0018193235,48,validation
0.0014584691,0.008013939,0.9511394,0.0077596237,0.00371004,0.009452025,0.012527471,0.005939079,49,validation
0.00042330328,0.0040705153,0.9804718,0.00417455,0.0016410036,0.003130426,0.004086084,0.002002321,50,validation
3.9885057e-07,0.99945587,9.714603e-06,2.8136796e-05,0.00030238426,0.00014857233,2.4303388e-05,3.0545583e-05,51,validation
0.00035786626,0.0033536402,0.9821269,0.0037469834,0.0015637904,0.0023182947,0.0039758156,0.0025566504,52,validation
0.00052437856,0.007856649,0.9715153,0.00615614,0.0024788524,0.0046317377,0.004120787,0.0027161476,53,validation
0.99315625,0.00028973763,7.176922e-05,0.0019275404,0.001625801,0.0008123011,0.0015331681,0.0005833817,54,validation
0.0002773529,0.002279319,0.9866573,0.0033121798,0.001253301,0.001823637,0.002891134,0.0015056531,55,validation
0.9904509,0.00055045274,6.5290595e-05,0.002547208,0.00224399,0.0010131774,0.0025188616,0.0006102878,56,validation
1.04596e-05,1.3548541e-05,2.1206572e-05,4.4909353e-05,6.457634e-05,6.277018e-05,0.9997775,5.0226986e-06,57,validation
0.00023305415,0.0020494945,0.98816675,0.0029624244,0.00072280475,0.0018776444,0.0028466992,0.0011411543,58,validation
0.0002862278,0.0025872404,0.9854821,0.0028785355,0.0013725099,0.0023214421,0.0033327076,0.0017392859,59,validation
0.00043364603,0.00420318,0.9789411,0.0037230311,0.0017958536,0.003054557,0.0047381474,0.0031105028,60,validation
0.00046038537,0.0019101353,0.00028994956,0.0005942143,0.0014331583,0.0015420995,0.0002817299,0.99348843,61,validation
0.98248017,0.0012484282,0.000450744,0.0031933393,0.004506378,0.0028100007,0.003743974,0.0015671138,62,validation
0.000117041694,0.0012727367,0.99133086,0.0021311613,0.00072089833,0.0018830218,0.0019140044,0.0006302643,63,validation
0.00021193275,0.0029333564,0.98352456,0.0033067206,0.0017376157,0.0020208922,0.003069125,0.0031958087,64,validation
0.000107669286,0.0009861946,0.99127007,0.0021036111,0.00061084615,0.0013428129,0.002273918,0.0013049894,65,validation
0.0001376685,0.0010835475,0.9907809,0.0018973176,0.00081011024,0.0010423083,0.0026738024,0.0015742821,66,validation
0.9724688,0.0018721136,0.00176899,0.006419105,0.0057409946,0.0035191341,0.004783938,0.003427037,67,validation
1.8093595e-05,0.9872427,0.0032482368,0.0005218615,0.002604545,0.003268396,0.0010943663,0.0020017514,68,validation
0.9924523,0.00019795365,8.255786e-05,0.0028258788,0.0013366021,0.0009422075,0.0012459417,0.0009164758,69,validation
0.00014062792,0.0010809894,0.99103045,0.0022852095,0.00083388685,0.0011451667,0.0020745152,0.0014090735,70,validation
0.00025598015,0.0035706942,0.9788836,0.0036916544,0.0020131564,0.0027783692,0.0039530275,0.0048534265,71,validation
1.7002234e-05,0.9876623,0.0025905096,0.0005099834,0.0037357097,0.0025520334,0.00087696925,0.0020555544,72,validation
5.2299267e-05,0.00048325665,0.99476177,0.0012310247,0.00039088263,0.00064468296,0.0016137817,0.00082233147,73,validation
0.00012992026,0.0010512624,0.9897737,0.0023535418,0.00075280556,0.0013215294,0.0027275942,0.0018897278,74,validation
0.00016264236,0.0012036243,0.98975146,0.0020139352,0.000960988,0.0008734501,0.002861096,0.0021728615,75,validation
0.00015583409,0.0014656546,0.9890683,0.0015863101,0.00078207237,0.002072088,0.0035403196,0.0013292821,76,validation
0.98781395,0.00036549792,7.747866e-05,0.004937162,0.002430424,0.0011661319,0.0023621086,0.00084733474,77,validation
0.00016472637,0.0014391867,0.9893594,0.0024688584,0.00097420474,0.0013464771,0.002645231,0.0016019255,78,validation
4.4696997e-05,0.0004240678,0.9954686,0.0014267651,0.00041612485,0.0005608893,0.0010710652,0.0005877985,79,validation
0.98809624,0.000497789,0.00024921173,0.0038769997,0.002296353,0.0017127662,0.001879534,0.0013912268,80,validation
0.99238026,0.0002724158,4.7438734e-05,0.002653031,0.0015860109,0.00090253976,0.0015458826,0.0006124074,81,validation
0.00012365,0.0009065505,0.9912143,0.0019245431,0.0006262211,0.0010512626,0.0026894487,0.0014640216,82,validation
5.696371e-06,2.897851e-05,1.8691688e-05,0.000114948496,3.13779e-06,0.9996228,9.61547e-05,0.00010949932,83,validation
0.9859654,0.00050901686,0.00020872527,0.004178809,0.0031261875,0.0018659903,0.002818115,0.0013278131,84,validation
3.77935e-05,0.00037032194,0.99592566,0.001152961,0.00034206762,0.00052604254,0.0011060945,0.00053898257,85,validation
7.604142e-05,0.00070234126,0.99337834,0.0015655952,0.00057889055,0.0007538001,0.0018382932,0.001106585,86,validation
0.9901252,0.0002909049,7.122863e-05,0.003915804,0.0018426189,0.0010730106,0.0018218849,0.0008593587,87,validation
0.00015344066,0.0011648458,0.9910334,0.002017711,0.000868614,0.0009907333,0.0024575968,0.0013137198,88,validation
8.558632e-05,0.0007459969,0.9931484,0.0015991903,0.000601373,0.0007469387,0.0018782818,0.0011942468,89,validation
4.3587534e-05,0.0003919178,0.9955379,0.0011914265,0.00027499525,0.0007489876,0.0013726915,0.00043856935,90,validation
0.00019073769,0.0018077119,0.98656696,0.0026661742,0.001112571,0.0015358495,0.0033000028,0.0028200818,91,validation
4.2917356e-05,0.0003913279,0.99556965,0.0011718059,0.00037193488,0.00055863115,0.0012564462,0.0006371599,92,validation
0.9886939,0.00052667636,0.00034546573,0.0031040472,0.0022471137,0.001696006,0.0017578044,0.0016289919,93,validation
0.9933964,0.00020299946,3.6394307e-05,0.0025138622,0.0013189928,0.0006677236,0.0013676184,0.00049603713,94,validation
8.949598e-05,0.0008062801,0.99350184,0.0015874516,0.00056810124,0.0007396049,0.001718845,0.0009884717,95,validation
0.0001352337,0.00028483412,9.733317e-06,0.0005245155,0.99681336,0.001183395,0.00049481716,0.0005541531,96,validation
9.484821e-05,0.00077883375,0.99304384,0.0015255087,0.0006592885,0.0007426746,0.0019728788,0.0011820594,97,validation
0.11342516,0.053199686,0.58959246,0.03729074,0.04109695,0.048492167,0.045930147,0.07097272,98,validation
0.9889354,0.0004180409,0.00017495318,0.003650741,0.00230806,0.0013807367,0.0020441923,0.0010878491,99,validation
0.0001368051,0.0010874333,0.99014825,0.0021859708,0.00087731594,0.0010455805,0.0025935846,0.001925071,100,validation
0.98669577,0.0004579112,0.00017217158,0.0049682665,0.0025710752,0.001555072,0.002219152,0.0013606483,101,validation
0.9902327,0.0003370072,0.00013092166,0.0030871257,0.0018380713,0.0013718185,0.0017233334,0.0012790285,102,validation
0.000178451,0.0017548413,0.98718774,0.0024631678,0.0010701161,0.001729906,0.0033555897,0.0022601865,103,validation
0.9835412,0.0008041439,0.0006674908,0.0038013698,0.0032246811,0.0025373152,0.0029569515,0.0024668903,104,validation
0.0021024074,0.007079626,0.0013286095,0.011772721,0.84064144,0.12650345,0.0035459353,0.0070257313,105,validation
0.9916014,0.0002739461,0.000105239,0.0030132607,0.0016459307,0.0010962761,0.001458421,0.0008055479,106,validation
0.00012974002,0.0009977217,0.9919869,0.00182948,0.00079588743,0.00075649726,0.0022373204,0.0012665406,107,validation
1.1439549e-06,3.6425224e-08,1.13428584e-07,1.0063228e-05,2.4819992e-05,1.6973982e-07,0.9999635,1.5454853e-07,108,validation
0.000116649295,0.00083927286,0.9918818,0.0016033659,0.0006826888,0.0007355955,0.002506844,0.0016338477,109,validation
0.00013959761,0.00100876,0.9911413,0.0018955423,0.0008317466,0.0008341897,0.0025663371,0.0015825392,110,validation
0.00022102632,0.002455463,0.9855945,0.0031972737,0.0012123516,0.001937482,0.0028925317,0.0024893177,111,validation
0.00013172683,0.0011608739,0.9900665,0.0021185093,0.00092388334,0.0010455176,0.002541462,0.0020115227,112,validation
2.167491e-05,0.9846597,0.0029169726,0.00075703353,0.0047983443,0.0034024627,0.0009798966,0.0024638698,113,validation
9.954703e-05,0.0001394386,2.6935602e-05,0.00051864854,0.0003791815,0.0006061638,0.00014733271,0.99808276,114,validation
0.00012638823,0.0011213999,0.99004877,0.0023033025,0.0008562595,0.0011933261,0.0024155157,0.0019351371,115,validation
0.9875557,0.0004274403,0.00011696484,0.0044661313,0.0023903237,0.0017408017,0.0021569682,0.0011456496,116,validation
0.9844073,0.00055181235,0.00025255387,0.0052969586,0.0026566982,0.002265828,0.0026805792,0.0018882962,117,validation
0.99118,0.00027843725,9.216644e-05,0.0031534468,0.001667529,0.001097461,0.0015859415,0.0009450642,118,validation
0.0039486256,0.0022872868,0.9746636,0.005854848,0.0031669622,0.0017104335,0.0054132533,0.0029549669,119,validation
0.99023473,0.00028383752,7.2680596e-05,0.0042916066,0.0015940288,0.0009919392,0.0017300685,0.00080102787,120,validation
0.98820823,0.00043756372,0.00018936997,0.004587063,0.0019509813,0.0016103395,0.0016858808,0.0013306693,121,validation
0.9864792,0.00033181589,0.00014400185,0.006099101,0.0019833473,0.0015380016,0.0021124224,0.0013120337,122,validation
0.00018462694,0.0015322126,0.9889101,0.0022655088,0.0012094184,0.0009957299,0.0028478533,0.002054596,123,validation
0.9410596,0.0047264104,0.010081138,0.010213761,0.012049456,0.00629551,0.0082494905,0.0073246607,124,validation
0.9917515,0.00033307495,0.00016592404,0.0026801047,0.0017676003,0.0009705863,0.0015611593,0.0007700457,125,validation
0.9872744,0.0004080914,0.0001457514,0.005452049,0.0020436307,0.0012805879,0.002342386,0.0010531473,126,validation
0.000113090675,0.00090033707,0.9922233,0.0016190048,0.0006609691,0.0007504776,0.002212415,0.0015203196,127,validation
0.99403185,0.00023901316,0.00018288517,0.0015895555,0.0016983164,0.0007279444,0.0011823984,0.00034796746,128,validation
0.0010248225,0.00048285365,2.2702834e-05,0.0008604378,0.9898391,0.0067145755,0.0009544186,0.00010110294,129,validation
6.6993474e-05,0.98496485,0.0030244426,0.00094734295,0.004478505,0.0036058645,0.0012981929,0.0016137654,130,validation
0.0013726884,0.00416265,0.9736284,0.0060292776,0.0026214237,0.0036656638,0.0060914047,0.0024285384,131,validation
0.00048580678,6.413307e-05,0.00047113048,0.00025328714,0.00094953703,0.00015238236,0.997535,8.8687906e-05,132,validation
0.9948643,0.0001724998,9.418556e-05,0.0015553259,0.0014036511,0.00057936826,0.0010722576,0.0002585137,133,validation
0.0003639418,0.0010196536,0.9903532,0.0029832767,0.001107306,0.0011790281,0.0023695452,0.00062392233,134,validation
0.00030181924,8.523555e-06,2.6425112e-05,0.000101157246,0.00030868244,1.3927871e-05,0.99922884,1.062426e-05,135,validation
0.0011141285,0.0027458172,0.97856355,0.005069572,0.0021875848,0.0029844826,0.005336321,0.001998482,136,validation
0.0006684347,0.0023750039,0.9825022,0.004124303,0.0016847869,0.003197374,0.0044327434,0.0010151282,137,validation
0.0006383681,0.0018279178,0.98543346,0.003597661,0.0018002025,0.0015587079,0.0038352893,0.001308332,138,validation
0.9948436,0.00019544688,7.0096045e-05,0.001519034,0.0014682728,0.00044302538,0.0012731963,0.00018718895,139,validation
0.0006135619,0.0017091329,0.98472494,0.004125717,0.0015716706,0.0017011996,0.003972925,0.0015809739,140,validation
5.940043e-05,0.98624307,0.0024771695,0.00085224723,0.004543097,0.0031519486,0.0011298369,0.0015431762,141,validation
0.0014213665,0.006132417,0.9706022,0.0061039696,0.0031723669,0.004060271,0.0059262216,0.0025812222,142,validation
0.30470282,0.018143015,0.5791686,0.032604396,0.023886362,0.007829563,0.027780838,0.005884345,143,validation
7.8271885e-05,0.98339313,0.0035141692,0.0009920332,0.0050059604,0.0037414827,0.0014408883,0.0018340183,144,validation
0.00079271646,0.002894282,0.9806341,0.004537581,0.0022035954,0.0024905386,0.0048282472,0.0016189168,145,validation
0.00046670402,0.0015746056,0.9861519,0.0032370181,0.0013681252,0.002174662,0.004077312,0.0009496761,146,validation
0.00047805658,0.0013519061,0.9872988,0.0035493332,0.0013873017,0.001489555,0.003360236,0.0010848278,147,validation
0.00066068897,0.0022503284,0.9838705,0.0037004873,0.0019543765,0.0019938287,0.0041867006,0.0013832105,148,validation
8.553897e-05,0.9811508,0.004437266,0.000957166,0.004051694,0.0050722137,0.0017919688,0.0024532957,149,validation
0.0007322121,0.002303287,0.9838545,0.0035318122,0.0019984343,0.0019152451,0.0041914163,0.0014731106,150,validation
0.0007062568,0.0023391957,0.9837714,0.004070146,0.0023497872,0.001669905,0.0037521839,0.001341129,151,validation
0.00063843565,0.0019826093,0.98517966,0.0034078031,0.0018526209,0.0016780637,0.0038852438,0.0013755325,152,validation
8.508352e-05,0.00021980789,9.246146e-05,0.00056375295,5.2115633e-05,0.99839395,0.0004163465,0.0001764716,153,validation
0.0015446658,0.0015465392,0.00035524345,0.0011965851,0.0019664695,0.0036413393,0.00048961875,0.9892595,154,validation
0.0006528524,0.0020917153,0.9843105,0.0037290691,0.0019107495,0.001789104,0.004106988,0.0014090099,155,validation
0.0008486886,0.0035522121,0.9791179,0.004322807,0.0020247106,0.0034537483,0.005103549,0.001576423,156,validation
0.99324316,0.00021206914,9.8065895e-05,0.0020573842,0.0018219671,0.0006275299,0.0016764696,0.00026332095,157,validation
0.01254967,0.0058417795,0.002937665,0.003919398,0.008746928,0.021438299,0.0021350202,0.94243115,158,validation
0.99350053,0.00018782294,6.971302e-05,0.0018075086,0.0018540095,0.0005735596,0.0017477456,0.00025910494,159,validation
0.9918309,0.00027277987,0.000102032514,0.0024710952,0.0023627202,0.0008086225,0.0018540806,0.00029779153,160,validation
0.00071150804,0.0024585885,0.9825617,0.004207437,0.0020473988,0.0020460424,0.0044145314,0.0015527677,161,validation
0.0006906969,0.0022682147,0.98356277,0.0036285862,0.001728243,0.0020682397,0.0045158896,0.0015373298,162,validation
0.0084803905,0.0046517276,0.95556873,0.011100511,0.005275501,0.003687947,0.00832661,0.0029086596,163,validation
0.0006859582,0.0019252085,0.9846239,0.0037658953,0.0019836037,0.0015925484,0.003952221,0.0014706224,164,validation
0.0006019648,0.0019222401,0.9835301,0.004198116,0.0015210651,0.0022127654,0.0043136897,0.0017000336,165,validation
0.0006340433,0.0021287268,0.98420924,0.003675663,0.0018767702,0.0018317509,0.0042010727,0.0014426961,166,validation
0.99411064,0.00021176608,8.310755e-05,0.0017077219,0.0015762302,0.00048444534,0.0015993376,0.00022663352,167,validation
0.009142774,0.6124071,0.028117461,0.022666309,0.23996906,0.03244211,0.020055534,0.035199672,168,validation
0.00037231922,0.0010175804,0.99008614,0.0028915342,0.0012300692,0.0011351528,0.0025871424,0.00068007945,169,validation
0.0006661783,0.0022756413,0.9834124,0.004043687,0.0019509391,0.0019714471,0.0042271256,0.0014526,170,validation
0.000570822,0.0018181413,0.9852415,0.0036353532,0.0014421674,0.002010435,0.0040886574,0.0011929991,171,validation
0.00040213883,0.0012871481,0.9883775,0.003086087,0.0011262845,0.0014957031,0.003292173,0.000933071,172,validation
0.0003471377,0.00096062024,0.99072486,0.0025317832,0.0010932632,0.0010622961,0.0025783596,0.0007017507,173,validation
0.9962196,0.00011077971,3.74045e-05,0.0012016443,0.0010802887,0.000348452,0.00086425984,0.00013757941,174,validation
0.9952271,0.00019292517,7.105684e-05,0.0012114366,0.0014769196,0.00044203046,0.0011502437,0.00022821873,175,validation
0.00059709896,0.0017890612,0.9854798,0.0036606824,0.0016101889,0.0016351637,0.0038056872,0.0014223127,176,validation
0.000346038,0.001084027,0.99023247,0.002594592,0.0010726654,0.0013145548,0.0026834826,0.0006721639,177,validation
0.9927053,0.00033852097,9.348104e-05,0.0020818475,0.0019304641,0.0007508143,0.0018048479,0.00029472608,178,validation
0.5160041,0.017582787,0.38063255,0.028524669,0.021258675,0.008847305,0.02077859,0.006371375,179,validation
0.000768427,0.0023242987,0.9827474,0.004193695,0.0019985784,0.0020142773,0.0044256435,0.0015275723,180,validation
0.99675167,0.0001298833,7.0366186e-05,0.0008927405,0.00095408177,0.000367032,0.0006569977,0.00017727481,181,validation
0.00075947854,0.0020867137,0.98387367,0.0040601124,0.0020497737,0.0017093858,0.003973584,0.0014873563,182,validation
5.3332136e-05,0.000119687356,6.815932e-05,0.00048442025,2.999412e-05,0.99890924,0.00020451726,0.00013059478,183,validation
0.0006537065,0.0018556302,0.9856593,0.0032832879,0.00176867,0.001691764,0.003780294,0.0013073793,184,validation
0.0004809266,0.0033473654,0.9843785,0.0036249142,0.0018230821,0.0021277373,0.0031072034,0.0011102504,185,validation
0.000821222,0.0023508233,0.9831034,0.003756422,0.0022035942,0.0017763298,0.0043077692,0.0016804454,186,validation
6.5898814e-05,0.98495644,0.0028049164,0.0009199133,0.0051457076,0.003257981,0.0012354397,0.0016137592,187,validation
0.00035056763,0.0010595977,0.99028194,0.0028561067,0.0010629103,0.0012718989,0.0024628022,0.0006542789,188,validation
0.9962036,0.00011358852,3.8655875e-05,0.0012296434,0.0010206591,0.0003478198,0.00088139466,0.00016464468,189,validation
0.00031711353,3.1238822e-05,0.0013476412,0.99528366,0.0004147009,0.0018975801,0.00046904973,0.00023897456,190,validation
0.001718762,0.0018946743,0.00028889088,0.00088393193,0.0025492262,0.0032149432,0.00044441337,0.98900527,191,validation
0.0017222861,0.005586005,0.9679138,0.0059349234,0.0047546723,0.0022656734,0.0056053097,0.006217351,192,validation
0.0009683755,0.004288848,0.9763957,0.0050061345,0.0031284003,0.0025326244,0.0042431746,0.0034367142,193,validation
0.994311,0.00024020608,1.627657e-05,0.0021305354,0.0015252891,0.0006197676,0.0007430529,0.00041392888,194,validation
0.001176922,0.0038847853,0.97536904,0.0053473497,0.0032750333,0.0019959016,0.004730221,0.0042207465,195,validation
0.99456173,0.00031131745,2.6633052e-05,0.0018442186,0.0015586849,0.00057419686,0.0007703065,0.0003528742,196,validation
0.0015725062,0.0058491197,0.96688974,0.005710726,0.004271454,0.002625985,0.0063625607,0.006717913,197,validation
0.0013620557,0.0069211437,0.96680003,0.007060441,0.0032252767,0.0048981775,0.0051614796,0.0045713717,198,validation
0.9923694,0.0003033475,1.6437702e-05,0.002981758,0.002023394,0.00078021066,0.0010112802,0.0005142375,199,validation
1.3769873e-05,0.00018618637,1.6986392e-05,0.00024833102,1.2731624e-05,0.99922204,0.000121301426,0.00017872563,200,validation
0.0012438719,0.006249864,0.9683973,0.00733911,0.0037046615,0.0031666954,0.0048587983,0.0050396053,201,validation
0.0010826647,0.0044498346,0.9738367,0.0057073045,0.003291294,0.002324923,0.004409542,0.004897655,202,validation
0.9931925,0.0004545675,4.3931857e-05,0.002124331,0.0017627217,0.0009044573,0.0010114618,0.0005060631,203,validation
0.0004949189,0.0027613419,0.00016929793,0.0037434704,0.01177617,0.97746474,0.0007144488,0.0028756175,204,validation
0.99509287,0.00024505807,1.3476803e-05,0.0017223465,0.0013471156,0.00050430745,0.00069980783,0.0003749818,205,validation
0.0013134003,0.0053656944,0.9730191,0.0060290797,0.0040878467,0.0022165217,0.0042498126,0.003718452,206,validation
0.0010615591,0.004160866,0.9761237,0.004768161,0.003202424,0.002360482,0.0044674682,0.0038552317,207,validation
0.00029691964,0.00045357514,3.5265577e-05,0.0003629331,0.0010783166,0.00049880915,8.89444e-05,0.9971852,208,validation
0.0008872261,0.003547065,0.97726715,0.0052344864,0.0029552367,0.0022588335,0.0042294343,0.0036205985,209,validation
0.003016853,0.022665769,0.9271676,0.009079239,0.008015263,0.008956735,0.010353896,0.010744639,210,validation
0.002516543,0.011364323,0.9509375,0.00963492,0.0062636184,0.0054032058,0.0068195555,0.007060398,211,validation
0.80596006,0.040683094,0.010461423,0.02892649,0.07307928,0.006987206,0.020582227,0.013320185,212,validation
0.0012392191,0.0050308197,0.9708227,0.0066319173,0.0044323956,0.0025423998,0.0044628126,0.004837686,213,validation
0.0019111193,0.011426065,0.9511551,0.008841836,0.005536466,0.0067506325,0.0072407867,0.007138056,214,validation
0.99501795,0.00024607815,2.5998259e-05,0.0016805674,0.0013911441,0.0005762949,0.00062139204,0.0004405613,215,validation
0.0010068602,0.004752306,0.97061837,0.006610141,0.002666693,0.004932432,0.0054217293,0.003991441,216,validation
0.99176335,0.0003881951,2.7195754e-05,0.0028423464,0.002266249,0.0010024806,0.0010915115,0.0006187287,217,validation
1.29545415e-05,0.00018595188,1.5830376e-05,0.00021619727,1.19189945e-05,0.9992625,0.000110764915,0.00018384842,218,validation
2.9323717e-05,0.00030733878,6.948748e-05,0.000389012,2.3429884e-05,0.9985979,0.000251345,0.00033216036,219,validation
0.0012074457,0.0059813275,0.9720873,0.006076374,0.002966691,0.0040836125,0.004905076,0.0026921695,220,validation
0.99467933,0.00022486654,4.607957e-05,0.00181036,0.0013037439,0.0007848808,0.00054891786,0.00060182204,221,validation
0.9949745,0.00025242148,1.6296692e-05,0.0017396928,0.0013819966,0.0004978901,0.0007597669,0.0003774212,222,validation
0.0014845143,0.0050569484,0.97210103,0.005610454,0.003625675,0.003175724,0.0056903856,0.0032552767,223,validation
0.0013675942,0.0055252085,0.9691048,0.006698554,0.0037008314,0.0037034685,0.005665774,0.0042338343,224,validation
7.8288485e-06,0.99571013,0.00019148388,0.00018602313,0.0028316125,0.0005734013,0.00015834713,0.00034110402,225,validation
0.0011724804,0.004154036,0.9757332,0.005359413,0.0033722993,0.0018845533,0.0044781645,0.0038456991,226,validation
0.0013322197,0.005065124,0.97323453,0.005505985,0.003669479,0.002083629,0.004639142,0.0044700075,227,validation
0.00015779005,3.2562562e-05,3.838619e-05,9.928004e-05,0.0005082244,3.1787175e-05,0.99908733,4.4716475e-05,228,validation
0.00144016,0.005571962,0.96711427,0.006776264,0.004669524,0.002999837,0.005397143,0.0060308063,229,validation
0.0012456656,0.0042742603,0.97317916,0.005867703,0.0025243056,0.0056445054,0.004684514,0.0025799002,230,validation
0.0001528211,0.00030086967,2.683976e-05,0.00023105687,0.0003991667,0.0006700422,7.4310345e-05,0.99814487,231,validation
0.0015775835,0.006260068,0.9654889,0.007599038,0.004312074,0.0034522389,0.005873061,0.0054370263,232,validation
0.0003799513,0.0016465847,0.9879348,0.0036662077,0.0014456399,0.0013894942,0.0021036854,0.0014335185,233,validation
0.00032696268,5.892441e-05,8.0363265e-05,0.00014342734,0.0005910177,5.368071e-05,0.99867886,6.668909e-05,234,validation
0.0038969165,0.011191292,0.9417539,0.012175851,0.0068894667,0.006461509,0.0078131985,0.009817789,235,validation
0.0012750663,0.004934202,0.97282773,0.0051711225,0.003788677,0.0023232952,0.004962472,0.0047174986,236,validation
0.0008702736,0.0038775331,0.97569865,0.0066004843,0.0029058699,0.0027688644,0.0037249585,0.0035533905,237,validation
0.0017977298,0.006900998,0.96513855,0.0061134235,0.0041031474,0.004662934,0.0068134866,0.0044697383,238,validation
0.00044300142,0.0017125859,0.9864335,0.0043190937,0.0016503581,0.0012880428,0.002308096,0.0018453326,239,validation
0.9904619,0.00040580664,3.1249776e-05,0.0035014597,0.0024165937,0.0012128913,0.0011901461,0.00078006706,240,validation
0.0014636776,0.0060007717,0.9688557,0.005390928,0.0039378554,0.0029476571,0.006062001,0.005341482,241,validation
0.00046800458,0.0020887319,0.9852946,0.0040823263,0.0015606098,0.0019723047,0.0027025817,0.0018308894,242,validation
0.00046109877,0.0019578678,0.9842188,0.0049088597,0.0020507313,0.0018613202,0.0025649269,0.0019763443,243,validation
0.9941711,0.00031977028,2.2558947e-05,0.0019018289,0.0017675383,0.00062469015,0.00071269565,0.00047985054,244,validation
4.2610354e-06,0.99771655,0.00013370173,0.00010128725,0.0011329682,0.00052649865,0.00012805326,0.00025665655,245,validation
0.001219613,0.005883153,0.96883136,0.0075401077,0.0043338896,0.0031920464,0.004343912,0.004655877,246,validation
0.9939038,0.0003259525,3.968109e-05,0.0019105294,0.0016758791,0.0007978145,0.000875983,0.00047026863,247,validation
0.00058101246,0.00023458911,0.00014087145,0.00053868064,0.0016200393,0.000109163695,0.996576,0.00019957813,248,validation
0.0016185151,0.0062239594,0.9685236,0.0065398044,0.0039901966,0.003006193,0.005690489,0.004407223,249,validation
0.00086736795,0.0041522807,0.9718573,0.007060985,0.003082684,0.0030248014,0.0043349853,0.005619467,250,validation
0.001210272,0.0044881734,0.97153026,0.0061170063,0.0036893454,0.0025313904,0.0048541343,0.005579441,251,validation
0.0017254876,0.006049267,0.96787995,0.006619266,0.0045873844,0.0032227344,0.005603671,0.0043121255,252,validation
0.0010499278,0.0047710636,0.970167,0.0076027736,0.0030398376,0.0031083452,0.004619634,0.0056414483,253,validation
0.0010226557,0.0045603137,0.9717927,0.0064693624,0.0032037473,0.003482306,0.0046790047,0.0047898563,254,validation
0.001177882,0.004865614,0.97352713,0.0060874727,0.0031199188,0.0031600732,0.004755226,0.0033066885,255,validation
0.99175745,0.00040817668,9.465653e-05,0.0019513698,0.0021741965,0.0011213669,0.0014118552,0.0010809166,256,validation
0.0058602295,0.015317553,0.93228686,0.008503132,0.009252156,0.00440425,0.014765929,0.009609959,257,validation
0.0006011503,0.00252189,0.982041,0.004156833,0.0023606254,0.0013532811,0.0040324004,0.0029326882,258,validation
0.9942204,0.00026825955,3.310727e-05,0.001363486,0.0017251035,0.0006787682,0.0012059214,0.00050507695,259,validation
0.99035245,0.0004123905,6.5615604e-05,0.0026141277,0.0025801337,0.001332523,0.0015517002,0.0010910844,260,validation
7.0422146e-05,0.0007715592,9.083921e-05,0.00061612047,0.00011981415,0.9964167,0.0006590146,0.0012555871,261,validation
0.99336535,0.000326237,6.028226e-05,0.0016273402,0.0018395338,0.00084300677,0.0011863186,0.00075193145,262,validation
0.99425596,0.0002782185,7.1012226e-05,0.0012532205,0.0016390295,0.000818752,0.00097433274,0.0007093679,263,validation
0.00016899852,0.0007579411,0.99217695,0.002751346,0.0009230734,0.0008295393,0.0015808302,0.0008112753,264,validation
0.9928939,0.00033983676,5.651067e-05,0.00169842,0.0019915826,0.00093527645,0.0012041372,0.0008803664,265,validation
0.00017532927,4.957723e-05,0.0006044958,0.9963283,0.001182597,0.00060524803,0.00024359148,0.00081090606,266,validation
0.0005863364,0.0021480331,0.98365986,0.0034115352,0.001993417,0.0011201403,0.004056765,0.0030239245,267,validation
0.00080142554,0.0062062247,0.96197903,0.0073205726,0.005276815,0.0035559684,0.0053327857,0.009527207,268,validation
0.99089897,0.00060104125,0.00011052516,0.0018565196,0.0026595686,0.0011871309,0.001718743,0.00096751883,269,validation
0.00012121273,0.0001636371,1.972346e-06,0.00018671251,0.99821717,0.00089470134,0.00015500846,0.00025954278,270,validation
0.00017679912,0.0008110631,0.99170506,0.00275407,0.0009008619,0.0007016519,0.0017630813,0.0011873388,271,validation
0.0008429695,0.0048234635,0.97410154,0.0052173324,0.0032005997,0.003416696,0.004950468,0.0034469008,272,validation
0.000860287,0.0035694137,0.97752804,0.0039117476,0.0029381912,0.0016081629,0.0054677227,0.004116443,273,validation
9.9394565e-05,3.2834866e-06,9.75926e-06,1.0914926e-05,0.00013165908,2.8888098e-06,0.99973625,5.782931e-06,274,validation
0.005579431,0.0060850033,0.9563218,0.0069261612,0.0070918133,0.0034279316,0.008262406,0.006305367,275,validation
0.0005459611,0.0020626693,0.9842472,0.0035600984,0.0021052791,0.0009937491,0.00362746,0.0028576828,276,validation
1.5725978e-05,0.0002463953,2.450335e-05,0.00024317612,4.5887118e-05,0.9988071,0.00021208238,0.0004052951,277,validation
0.9875594,0.00060030917,0.00014094745,0.0037564186,0.0029068529,0.0016908213,0.0019007359,0.0014443807,278,validation
0.001024153,0.005993061,0.96668607,0.0077265515,0.0039753006,0.0036782965,0.0050427373,0.0058738305,279,validation
2.6207626e-05,0.00034276783,3.265018e-05,0.00029046278,4.79071e-05,0.9983165,0.00023587851,0.0007076589,280,validation
0.0029887867,0.051724453,0.8904448,0.014629527,0.016864676,0.008055772,0.006511676,0.008780299,281,validation
0.0013986612,0.008295187,0.95329404,0.008487335,0.0059241685,0.0044185063,0.00685718,0.011324938,282,validation
7.140923e-05,1.790202e-05,0.00013698738,0.99840146,0.00061419484,0.0001495169,0.0001530982,0.0004554169,283,validation
0.99040425,0.00049864093,6.6497465e-05,0.0022692292,0.002768128,0.0014180479,0.0016426491,0.0009325532,284,validation
0.9917488,0.00044521675,6.557309e-05,0.0019773026,0.0022814996,0.0009604391,0.0015633877,0.0009578198,285,validation
0.00080857053,0.004414757,0.9733454,0.0060184207,0.0031831264,0.0019399705,0.004851465,0.0054382402,286,validation
0.9922334,0.00045072232,8.5275955e-05,0.0019504583,0.0020331403,0.0009187599,0.0014788668,0.0008492608,287,validation
0.995069,0.00025762664,3.672665e-05,0.0011299484,0.0014474881,0.0005887764,0.0009855336,0.00048482956,288,validation
0.0006377492,0.0026830868,0.97918636,0.0046410765,0.002725698,0.001472873,0.004412804,0.0042404733,289,validation
0.9897016,0.0004588885,9.170018e-05,0.0028056817,0.00264058,0.0014548496,0.0015967385,0.0012499437,290,validation
0.00082834467,0.92625886,0.014737246,0.0034349717,0.029665396,0.0070788446,0.004223786,0.013772567,291,validation
0.004552275,0.035700224,0.39380425,0.02621849,0.027436642,0.0070835445,0.4741567,0.031047825,292,validation
0.00063488213,0.0024599992,0.9825074,0.0037309949,0.0023659104,0.0012141519,0.0040263347,0.0030602675,293,validation
0.00054298836,0.0021486608,0.981696,0.004426374,0.002641498,0.0012962911,0.0035694982,0.003678831,294,validation
3.444927e-05,0.0002219217,1.1342279e-05,6.043516e-05,0.00019034883,0.0002814942,3.7904818e-05,0.9991622,295,validation
0.0005802916,0.0027680888,0.97816086,0.0050988044,0.0026090806,0.0018509737,0.0043816874,0.004550157,296,validation
0.0005781716,0.002501315,0.9824395,0.004156437,0.0022388522,0.0013222797,0.0038882291,0.0028751749,297,validation
0.98430496,0.0012702642,0.00044745867,0.0028288702,0.0043281545,0.001997623,0.0029421581,0.0018805092,298,validation
0.994338,0.00025898058,3.3315548e-05,0.0013974012,0.0015728638,0.0006231155,0.0011914668,0.0005848449,299,validation
0.00073445274,0.0030786938,0.9781,0.004519784,0.002872825,0.0014828645,0.0043918393,0.004819503,300,validation
0.9917184,0.00042813292,9.497507e-05,0.0022285243,0.0020618972,0.0010312805,0.0015816714,0.00085514097,301,validation
0.99431664,0.0002789622,5.6522826e-05,0.0012392799,0.0016736351,0.0007751603,0.00094792026,0.00071188726,302,validation
0.9872988,0.00063895737,0.00012480482,0.0031606213,0.0034042727,0.0018319272,0.002147906,0.001392829,303,validation
3.0472513e-05,0.9890303,0.001458164,0.0003981548,0.0035424563,0.0025249715,0.0007660409,0.0022493927,304,validation
0.022307947,0.03926713,0.78470206,0.01787915,0.018388465,0.032704975,0.028653955,0.056096256,305,validation
0.9917949,0.0003636539,9.461867e-05,0.001889826,0.0023228573,0.001184439,0.0013042449,0.0010453705,306,validation
0.0013895186,0.011036729,0.9465123,0.008809596,0.0048553087,0.008593651,0.008308565,0.010494306,307,validation
0.00054346095,0.0026055318,0.979257,0.004952855,0.002273125,0.0019912168,0.0043627,0.004014153,308,validation
0.9895298,0.0006460573,0.00014694229,0.0022959232,0.0030204116,0.001339697,0.0018307496,0.0011903842,309,validation
0.0005506831,0.0026930824,0.9812089,0.0048530465,0.0023419661,0.0015901807,0.0037149831,0.0030471648,310,validation
0.0010188683,0.0074611553,0.9630472,0.007422544,0.0042737406,0.0042269295,0.00555475,0.0069948467,311,validation
5.0649337e-06,0.9975636,0.00020305434,9.2795955e-05,0.000855897,0.0006431115,0.00021928268,0.00041724226,312,validation
0.0005875415,0.0028456892,0.9831791,0.0043348856,0.0024899587,0.0017156597,0.0033157303,0.0015313851,313,validation
6.694552e-05,0.00026320165,1.4746608e-05,0.00011135205,0.00044147403,0.0004078375,4.7809324e-05,0.9986467,314,validation
0.0006390253,0.003054093,0.9797524,0.004534267,0.0026958894,0.0015584914,0.0042013107,0.0035646337,315,validation
0.00021717307,0.0011166678,0.9906082,0.0024671007,0.001173773,0.0010209214,0.002217059,0.0011791557,316,validation
0.0019199486,0.013489943,0.9410334,0.0099406205,0.008258208,0.005976702,0.008390467,0.010990605,317,validation
0.9945585,0.00029572804,4.0230112e-05,0.0011433103,0.0016148466,0.0005917514,0.00123728,0.00051833125,318,validation
0.9919225,0.00036263396,4.9573584e-05,0.0021818413,0.0021392265,0.0009737537,0.0016031894,0.00076732726,319,validation
0.0002797548,0.0026117815,0.9864726,0.0026407593,0.0016503709,0.0012870495,0.0030779296,0.0019797094,320,validation
0.00021082841,0.0018468377,0.98828936,0.002812991,0.0012831985,0.0013301106,0.0024810901,0.0017455766,321,validation
0.00029732523,0.0026754702,0.9859299,0.0034230002,0.0014073859,0.0014671425,0.0029169626,0.0018829007,322,validation
0.00014309234,3.1084906e-05,0.00021713032,9.8883786e-05,0.00032077142,6.5307155e-05,0.99908674,3.6917587e-05,323,validation
0.00024385846,0.0020132212,0.9884651,0.0026525017,0.0013495159,0.0011487842,0.0026573746,0.001469602,324,validation
0.00024010961,0.0019507813,0.9889101,0.0025152536,0.0014012384,0.0010562652,0.0024860497,0.0014402483,325,validation
0.00020613117,0.0018561991,0.98823535,0.0029875266,0.0014206789,0.0012390831,0.0024121525,0.0016429751,326,validation
0.0001960931,0.0016335304,0.9898555,0.0024556525,0.0010659795,0.001217438,0.0023431273,0.0012325284,327,validation
0.9845271,0.00083265617,0.00033998574,0.0039146245,0.004019024,0.0023684371,0.002513463,0.0014846751,328,validation
0.0002335584,0.0020903852,0.9886092,0.0024518017,0.0013454972,0.001256135,0.0024957033,0.0015176819,329,validation
0.00017443391,0.00081900007,8.797576e-05,0.0002924011,0.00092383655,0.0009717856,0.00011012261,0.9966204,330,validation
8.172445e-06,0.9951729,0.00066686573,0.00024919488,0.0018807006,0.0010906922,0.00035382537,0.0005775842,331,validation
0.00021201227,0.0009210881,0.000101759615,0.0003332518,0.0011214057,0.0010068686,0.00011040205,0.9961932,332,validation
0.00020206762,0.0016602612,0.99003285,0.0023953049,0.0011609851,0.00097633095,0.0023192677,0.0012530134,333,validation
0.00024570097,0.00202753,0.9872873,0.0028644982,0.0015011186,0.0012063427,0.0027134055,0.002154039,334,validation
0.9905528,0.00047172848,0.00015368324,0.0022953015,0.0025504928,0.0012907303,0.0016577177,0.0010276394,335,validation
0.9856588,0.00072169985,0.00020548592,0.004815099,0.003538865,0.0015987526,0.0021622975,0.0012990796,336,validation
0.99066263,0.0004940228,0.0001582093,0.0025196115,0.002318406,0.0013559016,0.0015326855,0.0009585353,337,validation
1.5290252e-05,0.0003405849,0.00011447541,0.0005593356,0.00034239792,0.99793077,0.00028416415,0.00041292844,338,validation
0.00018396227,0.0016433323,0.989514,0.0025627099,0.0012054252,0.0011632312,0.0022414685,0.0014858558,339,validation
0.00025770915,0.0024584976,0.98704094,0.002963709,0.0015378357,0.0013920211,0.0027119857,0.0016373564,340,validation
0.99319345,0.00029103653,7.589181e-05,0.0018330262,0.0019283489,0.000834104,0.0011725494,0.00067165657,341,validation
0.98605865,0.0006647208,0.00024683232,0.0038333551,0.0034535965,0.0014582113,0.0031010967,0.0011835158,342,validation
0.9785736,0.0016602981,0.0015195528,0.0033270326,0.0057631703,0.0029594402,0.0038808174,0.0023161003,343,validation
0.9505657,0.0038346595,0.0065415334,0.008640549,0.009786796,0.008339572,0.0056817187,0.0066096103,344,validation
0.00023442213,0.001948129,0.98864925,0.0024974344,0.00134113,0.001032117,0.002560513,0.0017369959,345,validation
0.00022343463,0.0019157089,0.9891733,0.002560118,0.0012626172,0.0011055717,0.0024325922,0.0013267291,346,validation
1.3520888e-05,0.993379,0.0010070703,0.0003726015,0.0027302268,0.001316688,0.00044312575,0.00073772145,347,validation
0.00023340023,0.0010367157,0.0001414887,0.00036428156,0.0011494494,0.0013266336,0.00014442344,0.9956037,348,validation
0.99059206,0.0005080363,0.00013957947,0.0022666065,0.0026096022,0.0012246968,0.0017970614,0.00086236454,349,validation
5.2349613e-05,0.0002950559,0.00010650466,0.0005327793,3.6968388e-05,0.9981981,0.00035787775,0.000420352,350,validation
0.00019677733,0.001611054,0.990263,0.0023523185,0.0011056883,0.0010299908,0.0022905981,0.0011506389,351,validation
0.9911814,0.00045905006,0.00016421366,0.0022675018,0.0025456615,0.0011566426,0.0012448084,0.0009807133,352,validation
0.9887545,0.0006851463,0.000244283,0.0026428625,0.0033551045,0.0015210132,0.001775154,0.0010218872,353,validation
0.00021980598,0.0020470675,0.98794776,0.0030463494,0.0012392349,0.0015833052,0.002509896,0.0014065611,354,validation
0.00018787707,7.2852745e-05,0.00014195696,0.00018855988,0.0007467655,7.4526004e-05,0.9985083,7.9143305e-05,355,validation
0.99310267,0.00028457327,0.00011346433,0.0019027052,0.0017740313,0.0010140523,0.000989807,0.0008187121,356,validation
0.977945,0.001911143,0.001609914,0.0039479644,0.0057575903,0.0031748754,0.003125843,0.0025276903,357,validation
0.9541678,0.0027479348,0.0013693896,0.013160954,0.009825157,0.005962658,0.009047273,0.0037188032,358,validation
0.00011134877,0.9706744,0.008779689,0.0017791309,0.005523256,0.0076860515,0.002617304,0.002828762,359,validation
0.9882946,0.00057150034,0.00014097102,0.003245743,0.003090427,0.0014739033,0.0021609736,0.0010218889,360,validation
0.00023097264,0.0022748988,0.9885113,0.0023900128,0.0014012204,0.001356615,0.0024338232,0.0014010975,361,validation
0.9829333,0.0011953936,0.0009857084,0.003777508,0.003861215,0.0026260968,0.002433607,0.002187259,362,validation
0.00024855274,0.0021916972,0.98690736,0.0029093686,0.0013476507,0.0013841587,0.0028606702,0.002150494,363,validation
0.00029146377,0.0029655015,0.98172367,0.003875881,0.002025342,0.002518211,0.0034601635,0.0031396928,364,validation
0.00028325335,0.002310586,0.98745245,0.0026589076,0.0016827779,0.0012364816,0.0028196403,0.0015559397,365,validation
0.9895992,0.00045689812,0.00013996076,0.0025757866,0.0029897203,0.0014260995,0.001768628,0.0010436985,366,validation
0.00018742381,0.0017939433,0.9891388,0.0028254953,0.0011956275,0.0010690688,0.0021878725,0.0016017791,367,validation
0.00025425834,0.0021256332,0.98809147,0.0026592852,0.0014296484,0.001173405,0.0026781224,0.0015882209,368,validation
0.0030100665,0.005627359,0.00065591396,0.0049719675,0.92987233,0.052059956,0.0022178674,0.0015845275,369,validation
0.000156836,4.1610107e-05,0.001008548,0.99638474,0.0004396689,0.0013151394,0.00040294896,0.0002504875,370,validation
0.00026279208,0.0022212272,0.9867589,0.00303448,0.0015447765,0.0015274346,0.0028951163,0.0017553306,371,validation
0.00010333331,0.000928841,0.99337924,0.0019700294,0.0006805053,0.00087853544,0.0014170449,0.0006424506,372,validation
0.008266274,0.012145774,0.9365736,0.012120874,0.008333951,0.005263358,0.0100523,0.0072439117,373,validation
0.96040606,0.0036844732,0.0034153778,0.008466921,0.009087029,0.0058942772,0.0044141887,0.0046316586,374,validation
0.9809676,0.0014211601,0.00058403076,0.0039413054,0.0048714764,0.0031029594,0.0032212941,0.0018900837,375,validation
0.00020102845,0.002027419,0.98755056,0.0026918813,0.0011677615,0.0014817362,0.003021933,0.0018577259,376,validation
0.0008305981,0.0029689188,0.9785065,0.005165667,0.0025359173,0.003105292,0.0042120214,0.0026750583,377,validation
0.9893379,0.0005745238,0.00015166844,0.0025397057,0.0029055262,0.0014680973,0.0020600192,0.0009624956,378,validation
0.0001358926,0.0012355716,0.9917834,0.0022166357,0.00080579676,0.0010071303,0.00183985,0.00097570394,379,validation
0.00026548267,0.0030374883,0.98693115,0.0027196405,0.0014788368,0.0018320328,0.0024778314,0.001257465,380,validation
0.0013117242,0.0859304,0.005255641,0.0033144301,0.00525541,0.090453185,0.0043071127,0.8041721,381,validation
0.0008438869,0.008540539,0.96188295,0.005445497,0.0030351027,0.0034122968,0.008489007,0.0083507495,382,validation
0.00019507979,0.0016451891,0.9893255,0.0024977261,0.001204547,0.001055504,0.0023634513,0.0017129154,383,validation
0.004761414,0.029830711,0.004120305,0.008493779,0.87279123,0.04273493,0.0046754787,0.032592155,384,validation
0.9921319,0.0005286991,0.00047995147,0.0018155046,0.001813678,0.00055158895,0.0019869923,0.0006917202,385,validation
0.00039854145,0.003121517,0.9842703,0.0026506411,0.0013029784,0.0010900022,0.0039789868,0.0031870746,386,validation
0.00044954816,0.0026772378,0.98577154,0.00215708,0.001317625,0.0010629192,0.003994831,0.002569179,387,validation
0.000388368,0.0022088578,0.9872234,0.002142225,0.0012371476,0.0008834613,0.0036232295,0.0022933423,388,validation
0.0028992544,0.032254335,0.001552344,0.004397888,0.0014766969,0.8086097,0.0042182277,0.14459153,389,validation
0.00020402679,0.001071287,0.99256223,0.0016691802,0.000690087,0.0005822142,0.0021606598,0.0010602238,390,validation
0.9891115,0.00069099193,0.00033738874,0.0017235191,0.0027935605,0.0004978336,0.0041663763,0.00067886495,391,validation
0.99088204,0.00053751457,0.00013543866,0.0019965558,0.0022465612,0.00052806904,0.003128039,0.0005458303,392,validation
0.9913795,0.0005692021,0.00036709753,0.0019820451,0.0019267866,0.00067409,0.0022488553,0.0008523926,393,validation
0.9829373,0.000745034,0.00024385256,0.0032619974,0.0028388954,0.00048744585,0.008964113,0.00052137254,394,validation
0.9896445,0.0006559575,0.00028834058,0.0020832205,0.0026806172,0.0006895815,0.003083886,0.0008739055,395,validation
0.0011401995,0.0038152712,0.00022429792,0.001510388,0.98134136,0.002961884,0.0027842454,0.006222293,396,validation
0.99262214,0.00043470756,0.0003222684,0.0017502083,0.001838637,0.0005949981,0.0017601469,0.00067702594,397,validation
0.0011444557,0.0040383856,0.9784878,0.0033218458,0.00187963,0.0015295623,0.006088044,0.0035102032,398,validation
0.00034073673,0.0020699215,0.98796123,0.0021617748,0.001196492,0.0008212609,0.0033484732,0.0021002265,399,validation
0.00020271329,0.001527578,0.00043964235,0.0012109193,0.00015686594,0.9935999,0.0009947845,0.0018676418,400,validation
0.00015344727,0.0012816398,0.9921749,0.0017630751,0.0005316468,0.00059952494,0.002320285,0.0011755544,401,validation
0.00018566211,0.0010800088,0.99256915,0.0016535191,0.0006435185,0.0006055357,0.0021954593,0.0010670874,402,validation
0.00018972738,0.0016030454,0.99014413,0.0019144025,0.0005486743,0.0019051775,0.002901874,0.0007929217,403,validation
0.0004837444,0.0027403475,0.9858555,0.0022666038,0.0013487696,0.00097346376,0.0036502786,0.002681258,404,validation
0.0012060528,0.0026954622,0.00020110024,0.0012410199,0.9867705,0.0019505102,0.0028916681,0.0030436423,405,validation
0.99382037,0.0003838154,0.0003130908,0.0013784227,0.0013910455,0.00040699673,0.0018062223,0.0005000243,406,validation
0.00050982507,0.0030206756,0.9836189,0.0028834224,0.0016070893,0.0011529726,0.0043776534,0.002829376,407,validation
0.9933247,0.00036024602,0.00021347372,0.0015027977,0.0016176655,0.0004937748,0.0018853584,0.00060203066,408,validation
0.0004029695,0.0033749768,0.9836437,0.0030803515,0.0013495125,0.0014141854,0.003838108,0.0028961685,409,validation
0.99335104,0.00034547527,0.00016892409,0.0016056108,0.0015705198,0.00048027388,0.0019566147,0.0005214293,410,validation
0.00039460397,0.0023207506,0.9873468,0.002112745,0.001147825,0.0009406402,0.003406944,0.0023296704,411,validation
0.0004971615,0.002756316,0.9845589,0.002418317,0.0014669918,0.0009912578,0.004225575,0.0030854058,412,validation
0.9910028,0.00057239464,0.00040814295,0.002332,0.0017427931,0.0007001861,0.0025746939,0.0006669655,413,validation
0.00034806223,0.0022961847,0.9870199,0.0023715985,0.0011535205,0.0009396014,0.0036141493,0.0022570484,414,validation
0.99405754,0.00028402932,0.000108083324,0.0012380114,0.001459745,0.00031224135,0.0021743283,0.0003660455,415,validation
0.0015310372,0.006221405,0.00037973298,0.0021780762,0.97477853,0.0028775057,0.0035598443,0.008473704,416,validation
0.9950814,0.00025267454,0.000105462685,0.0011442191,0.0012390744,0.00033685853,0.0014173473,0.00042299202,417,validation
0.9938792,0.0003318711,0.00012711396,0.0013476852,0.0015976513,0.0004169867,0.0018622363,0.00043711334,418,validation
0.00029335107,0.0019792807,0.9885529,0.0022868332,0.0010577195,0.0008488841,0.003151816,0.0018291404,419,validation
0.99221545,0.00041037166,0.00015035493,0.0015734388,0.0018840703,0.00040190108,0.0028517216,0.00051261374,420,validation
2.2973675e-06,0.9987637,0.00012887419,2.3783423e-05,0.00034794395,0.0002797866,0.00017808909,0.000275482,421,validation
0.00023996281,0.0019799834,0.0005145213,0.0011387308,0.00024322412,0.9916922,0.0011419788,0.0030494893,422,validation
0.0003809728,0.0021242322,0.98707914,0.002202217,0.001186427,0.00084774307,0.0036865268,0.0024927713,423,validation
0.00040885407,0.0024684607,0.9862729,0.0023560596,0.001323107,0.00093749224,0.003703274,0.0025298127,424,validation
0.00038129883,0.0022792174,0.9873219,0.0021300388,0.0011563863,0.0009663716,0.003573024,0.0021916279,425,validation
0.0002962887,0.0013524442,0.00029452625,0.00050525245,0.00083746715,0.001281354,0.00022878981,0.99520385,426,validation
0.0006159953,0.0041681426,0.97925675,0.0031913787,0.0017282913,0.0016079362,0.0051092673,0.004322146,427,validation
0.00014502523,0.0009082223,0.99357975,0.0015331309,0.00050694187,0.00055464846,0.0018867815,0.0008854746,428,validation
0.0002095332,0.0014370631,0.9907678,0.0018973964,0.00073332695,0.0007979098,0.0027858687,0.0013711094,429,validation
0.87586653,0.011940644,0.042840336,0.011964085,0.0155106075,0.011448717,0.013315258,0.017113807,430,validation
0.00035585265,0.0021819533,0.9876473,0.0022208684,0.0012229889,0.00085896003,0.0033794367,0.0021326516,431,validation
0.00021611476,0.0013633841,0.9917195,0.0017352762,0.0007846841,0.00068717095,0.002323835,0.0011700548,432,validation
0.00019860921,0.0012942145,0.00017085952,0.00029031164,0.0007242276,0.00077253225,0.0001814414,0.9963678,433,validation
2.64232e-06,0.9984274,0.00015726141,4.7580244e-05,0.0005388117,0.00031984397,0.00016243395,0.00034409066,434,validation
0.0003905544,0.0021614402,0.9875596,0.0022952734,0.0012347233,0.00083336985,0.0033120234,0.002212925,435,validation
0.00027350767,0.0014842366,0.99099123,0.00188023,0.00097166747,0.0006745394,0.00238743,0.0013371652,436,validation
0.00020073776,0.0012198485,0.9924948,0.0016086821,0.00072306686,0.0006144644,0.0020644623,0.0010738531,437,validation
0.0004337337,0.0024130952,0.9869522,0.0021956943,0.0011938228,0.0008960397,0.0034438835,0.0024716654,438,validation
8.505269e-06,0.9965699,0.00037717368,0.00010316283,0.0015647153,0.00044990322,0.00027796114,0.000648715,439,validation
0.00064625253,0.0005580129,0.006733576,0.9826837,0.001668124,0.0039884695,0.002285757,0.0014361324,440,validation
0.0003227491,0.006273408,0.96473753,0.004776492,0.002302697,0.013838091,0.0064477315,0.0013013366,441,validation
0.00018032249,0.0010265515,0.99302554,0.0018167172,0.00061503897,0.00059304317,0.0018411847,0.00090159616,442,validation
0.00033292046,0.0022849657,0.9869975,0.0023288776,0.0011253898,0.0009527998,0.003672353,0.002305182,443,validation
0.00018737924,0.0010211542,0.9927239,0.0017514781,0.00064475223,0.0005709319,0.0020650665,0.0010353301,444,validation
0.00059234886,0.005748833,0.9782215,0.0035378658,0.0019890582,0.0016025847,0.0047842683,0.0035235437,445,validation
0.0821491,0.1742436,0.08782104,0.056928363,0.19898011,0.18735044,0.078789204,0.13373816,446,validation
0.0004954005,0.0026998406,0.98469615,0.0023808905,0.0012397552,0.0011453835,0.0044285893,0.0029139724,447,validation
0.98690146,0.0012112728,0.0009558318,0.0020272015,0.0035004544,0.0008897975,0.0027318655,0.0017820906,448,validation
0.98428047,0.0015762496,0.0008255717,0.0024001473,0.003977078,0.0009656902,0.0043310607,0.00164376,449,validation
0.001470873,0.005645152,0.00041321086,0.0021399942,0.9755289,0.0044136504,0.0016352683,0.008752965,450,validation
0.0018640375,0.0044995123,0.00025934025,0.0018169628,0.98117685,0.0031258864,0.0013106108,0.005946776,451,validation
0.98231816,0.0014914853,0.0010017002,0.0031020942,0.004880714,0.001184011,0.0042768866,0.0017449938,452,validation
0.0008437109,0.005205657,0.0007538719,0.00195851,0.00032047043,0.9809543,0.0017138217,0.008249724,453,validation
0.9864477,0.001134589,0.0008873965,0.002279926,0.003512824,0.00093879784,0.0030620233,0.0017367101,454,validation
0.9862113,0.0011828245,0.0016298726,0.0018279969,0.0037563634,0.00091270625,0.0028808673,0.0015980218,455,validation
0.0008342518,0.00073836534,0.015631523,0.9717193,0.0019636233,0.0029911413,0.0032231058,0.0028986242,456,validation
8.641308e-05,0.0008469051,0.9957379,0.0012366545,0.0005178188,0.0002605341,0.0009173937,0.0003963019,457,validation
1.2599984e-06,0.99849236,0.00023383046,4.501244e-05,0.0005368241,0.00022907498,0.00013957222,0.00032189672,458,validation
0.001957141,0.027601946,0.22772172,0.025065007,0.0050095445,0.6832768,0.01709867,0.012269155,459,validation
0.00017185659,0.0016273493,0.992814,0.0015281999,0.00091659295,0.00036322512,0.0016046317,0.0009741438,460,validation
0.00013515732,0.0019459056,0.99260783,0.0015663245,0.0008016327,0.00045297062,0.0015918122,0.0008983136,461,validation
0.97741115,0.0024201807,0.0024174738,0.003178079,0.004939057,0.0018476845,0.004817271,0.002969089,462,validation
0.95595443,0.0050188717,0.010190858,0.004593929,0.008504331,0.0028421497,0.0071765264,0.005718971,463,validation
0.00087558385,0.0036592511,0.00059857895,0.002048858,0.00025668088,0.98638946,0.0016142972,0.0045573288,464,validation
0.00017169146,0.001753391,0.99223936,0.0015962181,0.00090374064,0.00041561123,0.0018272923,0.0010927083,465,validation
0.009577153,0.04981917,0.010425468,0.027605353,0.2607901,0.58270025,0.0061721485,0.05291032,466,validation
0.9854366,0.0013947289,0.0009140429,0.0019860836,0.004079363,0.0008490219,0.0036941573,0.0016458868,467,validation
0.0011876457,0.0044866037,0.00030395162,0.0014949463,0.9854718,0.0016414797,0.0016077767,0.0038057454,468,validation
0.91320926,0.005126107,0.002498072,0.005941314,0.009838029,0.0012824491,0.06086868,0.0012360405,469,validation
0.00022354985,0.002148539,0.9913564,0.0016650447,0.0011607712,0.00043696957,0.0018489269,0.0011597597,470,validation
0.98750675,0.0009604159,0.0008508428,0.0021575722,0.0030748276,0.00096205133,0.0027587875,0.0017287686,471,validation
0.00029295046,0.005329924,0.98504734,0.0025021909,0.001729935,0.0009198789,0.0025254176,0.001652429,472,validation
0.0012182671,0.00087246654,0.016306205,0.96800864,0.0021894267,0.0039791814,0.0034235069,0.004002214,473,validation
0.00015729721,0.0015652634,0.99319154,0.0014982942,0.00093457685,0.00035473157,0.0014776271,0.0008207352,474,validation
0.9527009,0.005936328,0.0040895613,0.006838584,0.009684853,0.0048726904,0.0073758163,0.008501123,475,validation
0.0001931461,0.0018648234,0.99160063,0.0016881833,0.0010953984,0.00042138257,0.001967367,0.0011690903,476,validation
7.4828866e-05,0.00076107745,0.99613297,0.0011497886,0.00045993645,0.00026187627,0.0008357721,0.00032379155,477,validation
0.033293728,0.012410055,0.91628706,0.009886528,0.0072497465,0.0020245358,0.013859702,0.0049885814,478,validation
0.8969921,0.009353497,0.04702155,0.008273366,0.012220546,0.004650918,0.012272267,0.0092157675,479,validation
0.00019998827,0.0027065652,0.9896919,0.0020358835,0.0010793483,0.00068170537,0.002337849,0.0012666509,480,validation
0.00028551536,0.0023118837,0.00031339162,0.00028904874,0.0009918475,0.0015252433,0.00020394978,0.9940791,481,validation
9.640748e-05,0.0008713682,0.9954921,0.0012547169,0.00056897773,0.00025474073,0.0010128891,0.0004487749,482,validation
9.3471026e-05,0.0007856883,0.9955882,0.0012422767,0.00054900616,0.00026200898,0.0010514257,0.00042795093,483,validation
0.0005605875,0.006558359,0.0024113236,0.003184868,0.0005575051,0.9766431,0.003102985,0.0069813007,484,validation
0.0003263018,0.0028768214,0.98666126,0.0027290578,0.0013631,0.0010925755,0.0029107798,0.0020401315,485,validation
0.00022722961,0.00012304382,0.00060594885,9.903883e-05,0.00063473923,4.3813216e-05,0.9981799,8.634111e-05,486,validation
0.98736644,0.0010682151,0.0006506347,0.0020810664,0.0034348993,0.00088788086,0.0030379964,0.0014728371,487,validation
0.9799105,0.0021216741,0.0018291343,0.0029150061,0.0050208434,0.0015709345,0.004031082,0.0026008447,488,validation
9.5464e-05,0.0008656042,0.99552226,0.0012706805,0.0005440529,0.00028246042,0.0010010912,0.00041830604,489,validation
0.98742723,0.0011372665,0.00119403,0.0017597547,0.0031701424,0.000914498,0.0024556934,0.0019413402,490,validation
0.00011367518,0.0010549736,0.9948324,0.0012505065,0.0006058758,0.00033111087,0.0012726357,0.00053888373,491,validation
0.00031986873,0.003346435,0.9874951,0.0021830895,0.0012981553,0.00071736635,0.0028523528,0.0017876007,492,validation
0.97960657,0.002078926,0.0021112342,0.0028909652,0.0044981777,0.0015780025,0.005082483,0.002153649,493,validation
0.9607137,0.003588812,0.011048638,0.004376081,0.00701787,0.0025830318,0.0057009165,0.0049709156,494,validation
0.00014057056,0.0020989554,0.99105716,0.0021927012,0.0009566207,0.0005264639,0.0016670203,0.0013605577,495,validation
0.0015857848,0.0071658753,0.00065147114,0.0025034377,0.9746208,0.003927579,0.0019354415,0.00760951,496,validation
8.234315e-05,0.00096336636,0.99550986,0.0011102326,0.0005755775,0.0002944466,0.001039535,0.00042464427,497,validation
0.00022016517,0.0018476587,0.9915412,0.0016560986,0.0010789022,0.00039584498,0.0019622715,0.0012978849,498,validation
0.00016280967,0.0016655269,0.99236953,0.0016647503,0.00096972944,0.0004149012,0.0017846458,0.00096817326,499,validation
0.0001825181,0.0017916422,0.99233,0.0016300195,0.0009741946,0.00039073708,0.0016838297,0.001017076,500,validation
0.00015205257,0.0013419454,0.99323493,0.0015770388,0.0007796325,0.00039595904,0.0016742044,0.00084418355,501,validation
0.0005927163,0.003321953,0.0011012622,0.00076087384,0.0018998748,0.0022186772,0.00076287735,0.98934174,502,validation
0.9885479,0.00095937005,0.000807886,0.0017920614,0.0027847781,0.0008846888,0.0026417475,0.0015815241,503,validation
8.5551575e-05,0.0008003472,0.99579084,0.0011726895,0.00050193374,0.00026873584,0.000982442,0.00039741606,504,validation
0.9840673,0.0014215511,0.0016874723,0.0023635682,0.0038319617,0.0011146094,0.0033341465,0.0021794823,505,validation
0.988865,0.00090702897,0.0006974052,0.0016154812,0.0033607557,0.00073700614,0.0024528033,0.0013645437,506,validation
8.0332684e-05,0.00071433734,0.9960013,0.0012842491,0.0004793429,0.00027595132,0.000850414,0.00031403865,507,validation
0.00010613318,0.0015430134,0.9931676,0.0015497892,0.0005831627,0.0005170789,0.001710278,0.0008228973,508,validation
0.98734236,0.0010043987,0.0010175081,0.001999846,0.003363007,0.0010293986,0.0026987433,0.0015446083,509,validation
0.0001398728,0.0015738821,0.99258584,0.0017521216,0.00072779314,0.00041223457,0.0018098521,0.0009983093,510,validation
7.892361e-05,0.00080605334,0.9959266,0.0013577895,0.00048603545,0.000278414,0.0007771966,0.00028897566,511,validation
0.00030119525,0.002899618,0.98803115,0.0035368954,0.001193008,0.0012702454,0.0022149966,0.0005528869,512,validation
9.953348e-05,0.00085149053,0.9943804,0.0021700794,0.0005259592,0.00073362066,0.0010854314,0.00015346415,513,validation
0.0062069073,0.012455344,0.003788474,0.003938103,0.011611135,0.009588039,0.0019886268,0.9504234,514,validation
0.49158973,0.014333253,0.41567728,0.025033899,0.019387979,0.0063931206,0.024460163,0.0031246108,515,validation
0.97589487,0.0022660661,0.0046912893,0.0044681127,0.005557939,0.0015797537,0.004927873,0.0006140114,516,validation
0.00019371731,0.0014151639,0.9916066,0.0028140098,0.0007851876,0.0010666347,0.0017924159,0.00032634992,517,validation
0.000113013535,0.0008919307,0.99417794,0.0021952253,0.0006118221,0.0007113459,0.00112772,0.00017105369,518,validation
0.00022864173,0.0018607758,0.991117,0.0027882638,0.0011343218,0.0008910738,0.0016616741,0.00031828394,519,validation
0.008584028,0.041258905,0.008288197,0.0071466374,0.005545088,0.0777333,0.007897716,0.8435462,520,validation
0.9911436,0.0004496853,0.00018467037,0.0039077457,0.0018383379,0.0003381532,0.0019521705,0.00018571627,521,validation
0.99089444,0.000591353,0.0003675315,0.0033074238,0.0020905857,0.00056751963,0.0018757187,0.00030544813,522,validation
0.00033715082,0.0025097586,0.9878193,0.0031164605,0.0011388732,0.001678641,0.0028584886,0.00054139073,523,validation
5.581689e-05,0.00044972415,7.192604e-05,0.00070149417,3.0119916e-05,0.99838877,0.00024095117,6.11237e-05,524,validation
0.0033174017,0.008508875,0.0019254346,0.0023308115,0.005011659,0.008314863,0.0012236922,0.9693672,525,validation
0.00024326218,0.0017060526,0.9907101,0.0030315001,0.001137119,0.0010007081,0.0018336303,0.0003375686,526,validation
0.0002309785,0.0017563341,0.9907658,0.0029528239,0.0009986297,0.0010451133,0.0018768127,0.00037339807,527,validation
0.99006534,0.00044321697,0.0001453852,0.0041785873,0.0017791501,0.00033751148,0.0028879542,0.00016279203,528,validation
0.0030900955,0.0058295866,0.00036142897,0.0063435696,0.9627758,0.019524138,0.0015036962,0.0005715799,529,validation
0.00021733335,0.0018158553,0.99114263,0.002733278,0.0010507605,0.0009454572,0.0017561177,0.00033855505,530,validation
0.99169147,0.00044533366,0.00023628632,0.0028680973,0.0021723781,0.0006019147,0.0017359024,0.00024858586,531,validation
0.0044608945,0.028381057,0.3083016,0.13450651,0.058800213,0.40585664,0.05791068,0.0017823859,532,validation
0.00023103494,0.0018833473,0.9909917,0.002742042,0.0011634729,0.0009658954,0.001700494,0.00032212958,533,validation
0.000116598814,0.00088760065,0.99425715,0.0020948844,0.0006029246,0.0006962364,0.0011661372,0.00017848544,534,validation
0.0068986304,0.0084646,0.002441037,0.004919068,0.010747947,0.008430192,0.0018403111,0.9562581,535,validation
0.9819656,0.0008006666,0.00019497731,0.0070395526,0.0031147276,0.0005940931,0.006062759,0.00022761703,536,validation
0.000255193,0.0018943989,0.99095213,0.0027260943,0.001135003,0.00086003536,0.0017813193,0.00039584984,537,validation
0.0001780776,0.001440324,0.99200225,0.0027183308,0.000831513,0.0009426064,0.0016060147,0.00028091198,538,validation
0.00012489558,0.0009321915,0.9940608,0.0021795162,0.00067305984,0.0006948553,0.0011618296,0.0001728263,539,validation
0.9888959,0.00056311017,0.00031215083,0.004465131,0.0019606072,0.00050768466,0.0030403573,0.0002550898,540,validation
0.006820946,0.007020647,0.95890254,0.0075838966,0.004936963,0.0034815697,0.009809628,0.0014437534,541,validation
0.00018372953,0.0013668048,0.9922815,0.0025297033,0.00084758707,0.00085836975,0.0016331108,0.0002991371,542,validation
0.0001224016,0.0009776126,0.99397427,0.0021273862,0.0006212324,0.000716783,0.0012618616,0.00019855505,543,validation
0.98190355,0.0010052999,0.0005138642,0.0073286328,0.003760526,0.0009874171,0.004087577,0.00041317192,544,validation
0.0001835978,0.0014231537,0.99189925,0.002660838,0.0008591383,0.0010467605,0.0016409112,0.0002863214,545,validation
0.00020035075,0.001423262,0.992145,0.002572936,0.0009555867,0.0007798259,0.0016169598,0.00030614765,546,validation
0.98464394,0.0011550466,0.00087898766,0.0043860446,0.0036965844,0.0010916197,0.0037607802,0.00038696558,547,validation
0.990375,0.00061745173,0.0003388487,0.0035218971,0.002291081,0.00049474183,0.0020717368,0.00028922784,548,validation
0.0019288328,0.0026796577,0.00015106144,0.0036436492,0.9841331,0.0057084826,0.0014544259,0.0003007561,549,validation
2.8301401e-06,0.9979443,9.6664495e-05,0.00010632588,0.0014653318,0.00023094217,7.610176e-05,7.761324e-05,550,validation
0.000121616526,0.0009049282,0.99391806,0.002211761,0.000669882,0.00076720543,0.0012320845,0.00017444053,551,validation
0.9884057,0.00057373516,0.00024060014,0.004019293,0.0029724764,0.0006013464,0.0029449738,0.00024195614,552,validation
0.0100605935,0.016622778,0.005525881,0.0050825956,0.017906906,0.00924815,0.0027034862,0.9328496,553,validation
0.989679,0.00069797,0.00034185086,0.0034838708,0.002592636,0.00049576646,0.0024279405,0.00028103503,554,validation
0.005845613,0.011509317,0.0049592974,0.0042892774,0.008635277,0.010100106,0.0020162642,0.95264477,555,validation
0.00035102095,0.003960226,0.9844284,0.0041524237,0.0015888329,0.0022851229,0.0026888377,0.00054521294,556,validation
0.00020519213,0.00172889,0.9912485,0.0029343683,0.0009786047,0.0009248298,0.0016672667,0.0003122508,557,validation
0.00013626518,0.0011523381,0.9931778,0.0024091953,0.00072259596,0.0008699428,0.0013354258,0.00019645087,558,validation
0.98725224,0.0007215817,0.00043025895,0.0044195256,0.0029238528,0.0010170761,0.002849785,0.00038575023,559,validation
0.0005002275,0.00019701685,0.0003297455,0.0006930217,0.0011062415,0.00010725318,0.9969867,7.986746e-05,560,validation
0.00018700771,0.0016562951,0.99116194,0.0029109663,0.00081661285,0.0010631597,0.0018459562,0.00035808398,561,validation
0.9890293,0.00046160168,0.00020771164,0.004989781,0.002212104,0.00045236255,0.0024038807,0.00024333956,562,validation
0.9904005,0.00075801584,0.00066726515,0.0023781864,0.0027398313,0.00069357216,0.0020490645,0.00031359986,563,validation
0.0052746753,0.010329267,0.0032911652,0.003757957,0.009612642,0.0073257736,0.0016130656,0.9587955,564,validation
0.0034310992,0.0072423257,0.003306214,0.0033422257,0.0037474195,0.011359358,0.0015954403,0.965976,565,validation
0.00024323173,0.00015831525,0.00030513012,0.0006343451,0.0010316297,0.00014906295,0.997416,6.223279e-05,566,validation
0.0002512048,0.00195189,0.9903723,0.0029501175,0.001152892,0.0009708769,0.001954316,0.00039640095,567,validation
0.00037625915,0.0008671107,0.000110036715,0.002254043,7.329375e-05,0.99550784,0.0004528668,0.0003585296,568,validation
0.00021492266,0.0015129445,0.99176955,0.0026076795,0.0009316781,0.00082890096,0.0017881268,0.00034628835,569,validation
0.98303175,0.0016140286,0.00086051645,0.0035549172,0.004958657,0.0012318102,0.00432309,0.00042520923,570,validation
0.006349842,0.008816594,0.0026647125,0.004072931,0.006136893,0.01655755,0.0017270253,0.95367444,571,validation
0.0002628344,0.0024847337,0.98820144,0.0037488474,0.001297446,0.0015063782,0.002114827,0.0003835076,572,validation
0.9930609,0.00040136202,0.0002804565,0.0020768999,0.0018786602,0.00051683065,0.0015516244,0.00023335362,573,validation
0.00017604636,0.0014212212,0.9922083,0.0027019647,0.0008167584,0.00080838264,0.00157199,0.00029539265,574,validation
0.00023191929,0.0018495872,0.99074894,0.002810434,0.0010751442,0.0010541289,0.0018754057,0.0003544041,575,validation
9.527356e-05,0.0014217512,0.99061465,0.0019181701,0.0010183856,0.00063293485,0.0021197984,0.0021789104,576,validation
0.00011142342,0.0020437809,0.98594415,0.0021423246,0.0013820404,0.00067052786,0.0053558093,0.0023499234,577,validation
0.00010471855,4.478915e-06,7.216654e-08,5.14989e-05,0.99902856,3.79324e-05,0.0007018253,7.09152e-05,578,validation
0.9879701,0.00029913054,8.0242986e-05,0.0049826386,0.0018146636,0.00072900776,0.0031306923,0.0009935452,579,validation
0.98273724,0.00047639158,0.0001257627,0.0076067937,0.0027397638,0.0012744815,0.0032925704,0.0017469059,580,validation
0.9146166,0.004002918,0.002387759,0.02319516,0.018288605,0.011935915,0.011726892,0.013846122,581,validation
9.248097e-05,0.0014602818,0.9909184,0.0019700704,0.0009866598,0.00069683656,0.002065134,0.0018102597,582,validation
8.190622e-05,0.0012924634,0.9913093,0.0018480239,0.000838391,0.00072826777,0.0021203838,0.0017811866,583,validation
8.156562e-05,0.0014362587,0.99040914,0.0020992933,0.0009782438,0.00073211687,0.001917892,0.0023455336,584,validation
2.606114e-05,0.00026247022,3.7538062e-05,0.00030733063,4.8820297e-05,0.9970745,0.00025601187,0.001987297,585,validation
0.94969046,0.004114774,0.0058038183,0.007685529,0.01263089,0.0054569375,0.007914362,0.0067031183,586,validation
7.106288e-05,0.0011322638,0.9914927,0.001996869,0.00085021206,0.0006906752,0.0018743629,0.001891806,587,validation
0.984781,0.00063401554,0.0003370635,0.0047241612,0.0030786146,0.0014139342,0.0034652406,0.0015660049,588,validation
0.9800744,0.00095501234,0.0005159088,0.0061300145,0.003723,0.0020340972,0.0033343728,0.0032331352,589,validation
7.624145e-05,0.0013276296,0.98965913,0.0021347401,0.0007567657,0.0010699448,0.0023862422,0.002589383,590,validation
3.588789e-05,0.0011652675,0.00039228966,0.0018303993,0.0008292612,0.98993313,0.00078446895,0.005029397,591,validation
0.9836299,0.00073216006,0.0003586307,0.004246898,0.003563105,0.0014866013,0.0044677346,0.0015149673,592,validation
0.0001092521,0.0016345097,0.9897876,0.00195828,0.0011972125,0.0006464771,0.0022864218,0.002380337,593,validation
0.00013760162,0.002895324,0.985881,0.0027441322,0.0010452486,0.0012198882,0.0027845427,0.0032922125,594,validation
0.9735609,0.0016380693,0.0012501811,0.0050439294,0.007542024,0.0031956355,0.0047824606,0.002986744,595,validation
0.97226036,0.0015235363,0.00042642106,0.008223319,0.0061121504,0.0031036995,0.0051653865,0.0031850913,596,validation
0.00011781171,0.0016044128,0.9896994,0.0018978555,0.0011755223,0.000581154,0.0024351627,0.0024887053,597,validation
0.00045869497,0.0055166343,0.9669284,0.005765009,0.0044740173,0.0020654388,0.004209097,0.010582713,598,validation
0.97405493,0.0017301006,0.0008782988,0.0059243604,0.006499461,0.003144025,0.0046227425,0.0031460933,599,validation
7.704457e-05,0.0015731278,0.9885628,0.0040675816,0.000979425,0.001251049,0.001968777,0.0015201543,600,validation
7.805187e-05,0.0013129229,0.99184483,0.001812543,0.0009105538,0.000602527,0.0017322571,0.0017063582,601,validation
0.98482656,0.00071432843,0.00035582826,0.004469629,0.0031960716,0.0018639631,0.0023852836,0.0021883124,602,validation
6.629303e-05,0.0011162476,0.9924109,0.0016079011,0.0007845631,0.0005452217,0.0017390215,0.0017298405,603,validation
8.326571e-05,0.0013861588,0.9899541,0.001977525,0.0010402583,0.0006463553,0.0020857195,0.002826634,604,validation
0.9848128,0.00041993498,9.344387e-05,0.005613775,0.0028851896,0.0011091619,0.0037025604,0.001363196,605,validation
7.937014e-05,0.001257564,0.99114424,0.0018518503,0.0008764152,0.00061203795,0.002011504,0.0021671157,606,validation
0.0001253684,0.0024446433,0.9856396,0.0028198329,0.0014693984,0.0009101694,0.0024352462,0.004155749,607,validation
0.9838419,0.00066005887,0.00027556077,0.005205809,0.003418707,0.0015727783,0.0030859637,0.001939245,608,validation
0.5248781,0.029998595,0.32328767,0.023980087,0.04315366,0.009810026,0.029725911,0.015165913,609,validation
0.000100994905,0.00144655,0.99038005,0.0017523558,0.0008325384,0.00059493957,0.0026310214,0.0022615616,610,validation
0.96517754,0.0013532923,0.0004108207,0.013719287,0.005833135,0.002518068,0.0054486105,0.0055392087,611,validation
5.706115e-06,0.9956252,0.0009839524,9.0403526e-05,0.0010665847,0.00090530363,0.0004885817,0.0008343118,612,validation
0.98026305,0.0007150753,0.00026162516,0.0064167804,0.004120714,0.0013135908,0.004126479,0.0027826878,613,validation
6.9914415e-05,0.0010687223,0.9916442,0.0019433595,0.00069457595,0.00063175696,0.0017912579,0.002156141,614,validation
0.00016668296,0.0024084826,0.98871464,0.0022937518,0.0012712356,0.00083661056,0.0025115723,0.001797032,615,validation
2.5423853e-05,0.00051017053,0.9954098,0.001360661,0.0004205212,0.00040094645,0.0009721902,0.0009003019,616,validation
2.6317428e-05,0.0004924666,0.99580055,0.0012388394,0.00040316788,0.00037040503,0.00091240596,0.00075581216,617,validation
0.00010260257,0.0018384545,0.98797274,0.0021332367,0.00119012,0.0010571859,0.002671503,0.0030341633,618,validation
0.93691295,0.005074241,0.0031357505,0.008946662,0.018195853,0.0066352035,0.015468673,0.005630574,619,validation
4.6380683e-06,0.99631065,0.0005172842,9.6103344e-05,0.0016538341,0.000538491,0.0003048341,0.00057409215,620,validation
7.9020974e-05,0.0010853739,0.9924865,0.0015737959,0.00081589544,0.00044022108,0.0018356981,0.0016834249,621,validation
1.1837427e-05,0.98944354,0.0021803118,0.0002517238,0.0036372005,0.001436211,0.00067509804,0.0023642315,622,validation
0.00019502209,0.0050260397,0.9718441,0.007847549,0.0030138267,0.0018342457,0.0023578734,0.007881356,623,validation
0.98510206,0.0004296348,0.00010537342,0.005486677,0.00289484,0.0010632792,0.003453416,0.0014646794,624,validation
0.99132204,0.00032018457,0.00010806442,0.003025539,0.0016758491,0.00073431956,0.0017842596,0.001029735,625,validation
9.573571e-05,0.0014286069,0.99128765,0.0015723491,0.0008633677,0.00060963596,0.002295676,0.0018469493,626,validation
2.767175e-05,0.00047716426,0.9955036,0.001208427,0.00027882386,0.00041278667,0.0010996481,0.0009918532,627,validation
0.9865845,0.0004909156,0.00011346499,0.0051108357,0.0025661031,0.0009236043,0.0030811217,0.0011293605,628,validation
0.9860306,0.0004806526,0.00025876818,0.004817799,0.0026877534,0.001430227,0.0025723567,0.0017218455,629,validation
6.701638e-05,0.00086563034,0.9938367,0.0014155494,0.000695326,0.0003654552,0.0015610543,0.0011932013,630,validation
0.99025935,0.00028340725,0.00010353204,0.0039461646,0.0015722549,0.00071512494,0.0020911794,0.0010288357,631,validation
0.984157,0.00072868855,0.00040677373,0.0044789044,0.0031938911,0.001640673,0.0032275633,0.0021664258,632,validation
7.080334e-05,0.0011814581,0.99117434,0.0017267521,0.0008346568,0.00064202736,0.0019369844,0.0024329936,633,validation
2.8590763e-05,0.000516167,0.99562955,0.0012092389,0.00039882722,0.00038441826,0.0010050371,0.0008281489,634,validation
8.385244e-05,0.001303699,0.99175984,0.0015769907,0.0009027543,0.0006051098,0.0020604676,0.001707283,635,validation
7.699842e-06,0.9923327,0.0014885061,0.00021113669,0.0021666486,0.0014103588,0.0005528654,0.0018301613,636,validation
8.8350265e-05,0.0013887186,0.98757184,0.0020801944,0.00095289666,0.000677258,0.0024784189,0.0047622416,637,validation
8.053497e-05,0.0011263932,0.9916918,0.0016825736,0.0008110453,0.00050928054,0.0020221376,0.0020761413,638,validation
5.0074388e-05,0.00082164526,0.9934635,0.0016851905,0.00048422828,0.0005751346,0.0015699789,0.0013501176,639,validation
0.98913145,0.0002213816,7.158662e-05,0.0042325226,0.002183145,0.00060921616,0.0028933585,0.00065729837,640,validation
0.97764707,0.00050376815,0.00012683042,0.008477848,0.005282772,0.0027084157,0.0032086733,0.0020445862,641,validation
1.3165541e-05,0.00033592022,7.789286e-06,0.00020700999,5.5538745e-05,0.99862456,0.00016936155,0.0005866858,642,validation
0.00026753126,0.0025345443,0.9843231,0.0022058662,0.0015635566,0.0011884429,0.0039967787,0.0039202236,643,validation
0.000386511,0.0032605946,0.98130155,0.0027768628,0.0020391305,0.0012371709,0.0042674253,0.0047308453,644,validation
6.0858486e-07,0.9992207,3.0963296e-05,1.2524401e-05,0.00038977843,0.00012588414,6.0381662e-05,0.0001591763,645,validation
0.0002332907,0.0019604424,0.9848032,0.0021336419,0.0012533622,0.0009858378,0.0036351366,0.0049951863,646,validation
0.00028413604,0.0026947234,0.98394763,0.0023979505,0.0016197927,0.0011903784,0.003835016,0.0040303986,647,validation
0.9779894,0.00030197884,8.4165426e-05,0.007622438,0.0059202164,0.0010306232,0.0060590906,0.0009921051,648,validation
0.9868324,0.00045527122,0.00014449454,0.00419945,0.0033285778,0.0020678926,0.0015417468,0.0014301713,649,validation
0.00025266007,0.0026722464,0.9799485,0.002771667,0.001882857,0.0013145313,0.0034863385,0.0076711955,650,validation
0.98694104,0.0003305805,4.6283865e-05,0.005124366,0.002960508,0.0011406408,0.002551465,0.00090515066,651,validation
0.9891577,0.00026303428,7.035032e-05,0.004766408,0.0019867427,0.0011868086,0.0014835653,0.0010853685,652,validation
0.98553604,0.00035543265,4.9377442e-05,0.0057047014,0.0032767642,0.0010046525,0.0030181108,0.0010548657,653,validation
6.150525e-05,0.0007440436,0.99406415,0.0014314768,0.00048314783,0.00059669727,0.0014331959,0.0011858388,654,validation
0.00034177667,0.0030858978,0.98374116,0.002659689,0.0017340208,0.0012500426,0.0038859136,0.0033014598,655,validation
0.9906784,0.00020729407,2.8095943e-05,0.003754846,0.001915807,0.00058746844,0.002063253,0.00076475093,656,validation
0.00017890891,0.0018726406,0.9876917,0.0020230461,0.0011772761,0.0009711918,0.0029505268,0.0031347403,657,validation
0.00022309451,0.0017518398,0.98708934,0.002354672,0.001194107,0.0008578021,0.0029482874,0.0035808026,658,validation
0.00024838222,0.0022220812,0.98442984,0.0025449246,0.0013236607,0.0010865662,0.0035752049,0.004569365,659,validation
0.0011764535,0.010454557,0.84200275,0.08259556,0.014163332,0.0046896697,0.01540612,0.029511616,660,validation
0.00020956625,0.0022613965,0.9861369,0.0024617547,0.0014224618,0.0010972777,0.0027964346,0.0036142406,661,validation
0.00021890765,0.0015289689,0.98754615,0.002132416,0.001179649,0.0006702369,0.0031364835,0.0035871472,662,validation
9.431423e-05,0.0011555869,0.9918134,0.0021121718,0.0008625719,0.0008031708,0.0016265505,0.0015322126,663,validation
0.00021320637,0.0026189392,0.9836827,0.0027663833,0.0016446059,0.0013028079,0.0029442112,0.0048270994,664,validation
0.00033795036,0.005951388,0.9689415,0.0044548907,0.0035416994,0.0022454422,0.003828583,0.010698617,665,validation
0.00050483097,0.005000465,0.9713075,0.008673362,0.0026827636,0.0033132874,0.0046641035,0.0038537574,666,validation
0.9891375,0.0002819895,4.404912e-05,0.0041613015,0.0025721511,0.0011479744,0.0019516709,0.0007033111,667,validation
3.611005e-07,0.99943537,2.1747606e-05,7.622502e-06,0.00025561784,0.00010005052,4.7481753e-05,0.0001316914,668,validation
0.0002079178,0.0026679533,0.98557395,0.0023562633,0.0011724848,0.0014750971,0.003427643,0.0031187106,669,validation
0.0002832074,0.0026740197,0.98004353,0.002744354,0.0017085915,0.0012423381,0.0034437967,0.007860164,670,validation
0.00024241472,0.002009917,0.985355,0.0022451095,0.0013347754,0.00088401436,0.0034138116,0.004514914,671,validation
0.00015172604,0.002086648,0.98616636,0.0022983775,0.0010969939,0.00096535974,0.0033789307,0.0038555916,672,validation
0.9925821,0.00024111866,7.741103e-05,0.002735134,0.0016059692,0.00075347256,0.0013077909,0.00069689803,673,validation
0.9835685,0.0005506808,0.00015506528,0.005567304,0.004108803,0.00197293,0.0022634838,0.0018132341,674,validation
0.00039163243,0.0055001625,0.9787891,0.0032018113,0.0021155183,0.0018964831,0.0038579584,0.0042474205,675,validation
0.00016718953,0.0023440327,0.9862744,0.0024148358,0.0011752191,0.0012667619,0.0028777577,0.0034797785,676,validation
0.99085826,0.00016666007,3.116036e-05,0.0039926157,0.0019828014,0.000770391,0.0015644811,0.0006336571,677,validation
0.99136883,0.000164598,3.31309e-05,0.0035842336,0.0019001758,0.00075718877,0.0014947602,0.0006971599,678,validation
0.00034245686,0.0031189248,0.973612,0.0029595625,0.0020423387,0.0014969725,0.004495798,0.011931986,679,validation
0.0002756988,0.004986979,0.97691125,0.0027360513,0.0018489106,0.0025474713,0.0049644746,0.005729125,680,validation
0.00023286765,0.0022695314,0.98645264,0.002231188,0.001362734,0.0010651853,0.0032387006,0.0031471092,681,validation
0.02672183,0.03415028,0.83445066,0.016049918,0.019452307,0.015796876,0.019329662,0.034048498,682,validation
0.9741658,0.0013810113,0.00077049737,0.005310556,0.005334596,0.0058064866,0.0023133333,0.0049176435,683,validation
0.0004294679,0.009177924,0.9517492,0.0069842185,0.003904963,0.003074447,0.0054560173,0.019223772,684,validation
0.66619223,0.039106973,0.13980854,0.019560533,0.046944447,0.02220239,0.039404888,0.026780043,685,validation
0.98383695,0.00041606638,5.0459897e-05,0.00568518,0.0042692316,0.001638776,0.002964415,0.0011389971,686,validation
0.84408027,0.021073474,0.024045452,0.01560969,0.033749793,0.021913217,0.015683359,0.023844762,687,validation
0.0002951067,0.0024810492,0.9823153,0.0023038455,0.0015608615,0.0012120034,0.004554496,0.005277416,688,validation
0.000267829,0.002593417,0.98255646,0.0025376386,0.0015853111,0.0012905524,0.0036390733,0.005529711,689,validation
0.98584706,0.00028148518,3.670214e-05,0.0046998877,0.0038356972,0.001006767,0.0036143141,0.00067801255,690,validation
0.00029149026,0.0021288376,0.9832485,0.0028715443,0.0013923753,0.00085794565,0.0033839883,0.005825318,691,validation
5.453924e-05,0.9680999,0.0068290015,0.0007282705,0.008893183,0.0045207613,0.0015690908,0.009305283,692,validation
0.9896577,0.00031469372,4.28218e-05,0.0038028376,0.0023201243,0.00085677794,0.0022009113,0.00080419396,693,validation
6.2975314e-06,0.00047201925,7.2973926e-05,0.00029468545,0.00036889905,0.99698657,0.00028878817,0.0015097143,694,validation
5.7026133e-05,0.0007165003,0.99443495,0.0012825626,0.00047139128,0.00050345523,0.00137698,0.0011571506,695,validation
0.00032707996,0.002328665,0.9802186,0.002705296,0.0018088041,0.000993152,0.0040713605,0.007547062,696,validation
0.00013378164,0.001753174,0.98474276,0.002783104,0.0012417824,0.0010496922,0.0024146372,0.0058811232,697,validation
8.130513e-05,0.0009831107,0.99240124,0.0016036505,0.0006994527,0.0006758832,0.0018008982,0.0017544122,698,validation
0.9806805,0.0004882511,7.382816e-05,0.0064208456,0.00418898,0.0009417038,0.0063109687,0.0008948493,699,validation
0.0002634023,0.002702478,0.9803627,0.0027677687,0.0017570775,0.0013936753,0.0037245464,0.0070281727,700,validation
0.00029923013,0.0032781719,0.9742581,0.003360522,0.0019292876,0.0018347828,0.0046672914,0.01037251,701,validation
0.00014302258,0.0021748182,0.9846453,0.0026292726,0.0011942425,0.0013409064,0.0025826765,0.0052897325,702,validation
0.9926576,0.00024495326,6.4333224e-05,0.0026655402,0.0015148126,0.0010867068,0.00091430853,0.00085177383,703,validation
9.752833e-05,0.0008578553,0.9935087,0.0017387565,0.0006241492,0.0006724916,0.0016766858,0.0008238545,704,validation
0.00016106036,0.0020838527,0.98875016,0.0025589436,0.0012601226,0.0012355482,0.002190575,0.0017597412,705,validation
0.97331345,0.0013289395,0.0008840952,0.0075535434,0.0055893008,0.00219606,0.007801064,0.0013335232,706,validation
0.9837556,0.00067381724,0.0003394162,0.0057383706,0.0034081452,0.0014099511,0.0033625946,0.0013119818,707,validation
0.00015894977,0.0013391821,0.9912827,0.0019611493,0.00092134386,0.000877176,0.0023678537,0.0010915991,708,validation
0.0001536518,0.0013851247,0.991281,0.0017197949,0.0008471782,0.00086921593,0.0024340828,0.0013100454,709,validation
0.00019690163,0.0015816949,0.98878527,0.0022994734,0.00089616125,0.0012780648,0.0031238454,0.0018386343,710,validation
0.00012002679,0.0011016047,0.9921159,0.0019061326,0.0006982225,0.0008269138,0.0020387522,0.0011923502,711,validation
0.00015611025,0.0014588634,0.9906218,0.002073181,0.0010163928,0.0008631589,0.002298354,0.0015121168,712,validation
0.00019119773,0.0017355938,0.99049157,0.002391432,0.0010503518,0.0010657961,0.0021270597,0.0009469588,713,validation
3.4874083e-05,6.1478318e-06,1.1357643e-05,0.00011465105,0.00014760482,6.492414e-06,0.99967253,6.4748165e-06,714,validation
0.00016937872,0.0014195534,0.990708,0.0021605603,0.0007923573,0.0010144693,0.0025374726,0.0011981435,715,validation
0.0001637887,0.0003980428,9.321209e-05,0.0005542341,0.0005285087,0.00060674857,0.00016916721,0.99748623,716,validation
4.4762513e-05,0.00043439964,0.9960478,0.0011509985,0.00033136713,0.00044236143,0.0010774421,0.00047087044,717,validation
0.0001225184,0.0009785193,0.99296427,0.0016050331,0.00070569885,0.00064853526,0.002029734,0.0009457164,718,validation
0.9875252,0.0005560839,0.0002449445,0.0040289373,0.0028885596,0.0011360368,0.0026012189,0.0010189516,719,validation
0.9816319,0.0009998111,0.0007427309,0.0054354332,0.0041754097,0.0021405588,0.0031337368,0.0017404595,720,validation
5.892724e-05,0.0004169982,0.00016959435,0.0008067856,5.85851e-05,0.99731725,0.0005024546,0.00066942594,721,validation
0.9883888,0.0004313201,0.00026676085,0.003998863,0.002454466,0.0010584171,0.002313067,0.0010883657,722,validation
4.524595e-05,0.000452208,0.99610186,0.0012349103,0.00032646002,0.00045108574,0.000980915,0.00040729897,723,validation
0.00013095474,0.0012055122,0.99191964,0.0020543183,0.0007918351,0.00091132015,0.0020580736,0.0009283456,724,validation
0.98890907,0.00040600824,0.00023627322,0.004101536,0.002178279,0.0008405862,0.0023617682,0.0009665179,725,validation
0.9789252,0.0009375436,0.0008039999,0.00750666,0.004035697,0.0019102638,0.0039751567,0.001905335,726,validation
0.00022754377,0.00060455495,0.00016729852,0.0005457222,0.0008135867,0.0008669994,0.00020493857,0.9965693,727,validation
0.00095280586,0.0015512999,0.0011012192,0.0032457572,0.0022993379,0.004726027,0.001885249,0.98423845,728,validation
0.0012038146,0.0019490847,0.00026333894,0.004671274,0.97575366,0.010515797,0.0026046126,0.003038423,729,validation
0.005788636,0.010461237,0.0044369423,0.021808628,0.66009736,0.28256544,0.0039045443,0.010937195,730,validation
0.9873403,0.000551812,0.0004949306,0.004406898,0.0024926772,0.0012874096,0.0021446138,0.00128144,731,validation
0.9764371,0.0016871286,0.002762461,0.005130446,0.004210393,0.003219645,0.0032693008,0.0032835745,732,validation
0.9867241,0.0006569367,0.00070534827,0.0039836997,0.0029465598,0.0012013819,0.0027594692,0.0010226106,733,validation
1.9681673e-05,0.9900122,0.0019800677,0.00043605757,0.003909902,0.0016575654,0.0006467068,0.0013377904,734,validation
0.00018397809,0.0019290653,0.9885173,0.0026358587,0.001235573,0.0011899761,0.0022286023,0.0020796931,735,validation
0.0017565375,0.7445579,0.13959914,0.012523544,0.073088005,0.008317694,0.0076363953,0.012520718,736,validation
5.690212e-05,0.00048644166,0.9957135,0.0011932652,0.00035985786,0.00044975846,0.0012167324,0.00052352744,737,validation
6.1804814e-05,0.00058215496,0.9949544,0.0014717063,0.000488471,0.00055290264,0.0012707288,0.00061780505,738,validation
0.00012437017,0.0011017855,0.9920025,0.0018573661,0.00069658936,0.0008160168,0.002100076,0.0013013518,739,validation
0.9855027,0.00078826863,0.0011851791,0.0038255986,0.0029611385,0.0016374417,0.0025427479,0.0015569231,740,validation
0.9839193,0.0009134571,0.0008131699,0.0043862583,0.0039465916,0.0016414349,0.0028031268,0.001576683,741,validation
0.00016559503,0.0012992789,0.9911594,0.0019407021,0.0009654303,0.00087364786,0.0024340337,0.0011620179,742,validation
0.9846215,0.0007225744,0.0003488656,0.0047720056,0.0037249809,0.0014750334,0.003026514,0.0013085717,743,validation
0.00012885153,0.0012020309,0.9920838,0.0015747071,0.0007315438,0.0008089815,0.002292371,0.0011777796,744,validation
4.247626e-05,0.00042389016,0.99624604,0.0011315569,0.00031729368,0.00045274146,0.0009912676,0.00039470254,745,validation
0.9806487,0.00096932857,0.0006394717,0.005766594,0.0045516756,0.0019351753,0.004031187,0.0014579245,746,validation
0.00012513628,0.001066878,0.99232376,0.0018009054,0.0006830816,0.0008274527,0.0021213638,0.0010514696,747,validation
0.00013876264,0.0010190717,0.99279624,0.001580301,0.00075715524,0.00070497417,0.0019410182,0.0010624679,748,validation
0.00023107008,0.0021940572,0.9872859,0.0024316513,0.0011177405,0.0016229873,0.0029826446,0.0021340875,749,validation
0.00020081144,0.0017888702,0.9896459,0.0023324736,0.00094223244,0.001006143,0.0026682448,0.0014152679,750,validation
0.98842573,0.0004868692,0.00022474813,0.0037870663,0.002598071,0.0010242696,0.0024447036,0.0010085764,751,validation
0.00013651105,0.0011350162,0.99223596,0.0017471514,0.00080936914,0.00070583326,0.0021709441,0.0010591043,752,validation
7.8715406e-05,0.00047062035,0.00024102355,0.0008249335,5.9729184e-05,0.99689686,0.0005101943,0.00091792294,753,validation
0.9830147,0.0008372973,0.00058490725,0.005294197,0.0036208744,0.0017775465,0.0032071827,0.0016632347,754,validation
0.00011543536,0.0011101221,0.99264127,0.0016657986,0.0006818313,0.00081711053,0.0020233411,0.0009449766,755,validation
4.158572e-05,0.00042088502,0.99601537,0.001305357,0.00032624463,0.0005079419,0.0009895931,0.00039297933,756,validation
0.9915481,0.00036122644,0.00028471884,0.0025730587,0.0019879814,0.00086239824,0.001465703,0.0009166722,757,validation
0.00011214195,0.0012509105,0.9911152,0.0022486635,0.00072022894,0.0010314413,0.0020012904,0.0015200272,758,validation
2.8763774e-05,0.98756987,0.0034256268,0.00051320146,0.003282676,0.0024596686,0.00097547984,0.0017446569,759,validation
0.9784556,0.0010981543,0.0013078131,0.007013888,0.004237367,0.0023813662,0.0034748875,0.002030866,760,validation
0.00011298363,0.0008940674,0.9930962,0.0017162114,0.0006093455,0.00071133405,0.0019378447,0.0009221073,761,validation
0.00012972586,0.0011268806,0.9923481,0.0017023726,0.0008047671,0.00070257834,0.002080523,0.0011050326,762,validation
0.0006997322,0.0013900781,0.00014978848,0.0016357449,0.9879459,0.005085633,0.0015456342,0.0015474763,763,validation
0.00012972101,0.0011678734,0.99232316,0.0017132958,0.0007464159,0.00077709346,0.0021003284,0.0010421299,764,validation
0.98827285,0.00055209675,0.0003483866,0.0037033202,0.00260383,0.001164034,0.0022660643,0.0010894086,765,validation
1.9477096e-05,0.9901584,0.002434454,0.0004333229,0.0026068594,0.0021245198,0.0007961561,0.00142681,766,validation
0.98336214,0.0008179439,0.00020392473,0.0056071333,0.003618522,0.0013635805,0.0038945947,0.0011321467,767,validation
0.0005901358,0.0037875564,0.9834266,0.0036053022,0.0018932474,0.001233018,0.00345899,0.002005246,768,validation
0.00023046376,0.0019537047,0.99065197,0.0027561826,0.000892125,0.0010472878,0.0017055661,0.0007627375,769,validation
0.0002559687,0.0015816404,0.99080336,0.002906862,0.0010841008,0.0009293495,0.0017084512,0.0007301414,770,validation
0.0005072915,0.003867601,0.98222554,0.003985785,0.0016092911,0.0017377866,0.0037022396,0.0023644671,771,validation
0.00065173133,0.0038895025,0.98332375,0.0032662796,0.0021140175,0.0012040588,0.0032426326,0.0023081698,772,validation
0.00047055585,0.0038446053,0.9848509,0.0036471083,0.001505383,0.0012796671,0.0028031596,0.0015987535,773,validation
0.001184105,0.008917124,0.019375563,0.012541387,0.0043369266,0.9455309,0.005562365,0.0025517722,774,validation
0.00077104516,0.004494757,0.9805845,0.004033013,0.0024598825,0.0014839454,0.0040186536,0.0021542634,775,validation
0.00088731514,0.0018423438,0.00015784256,0.00059437286,0.001613411,0.0016571104,0.0003400204,0.9929075,776,validation
0.00067964225,0.004221347,0.9821786,0.0035438521,0.0021931634,0.0012130236,0.0036728922,0.002297427,777,validation
0.0010836305,0.009691657,0.9674288,0.0051120883,0.0031387138,0.0033857706,0.0058802553,0.0042790845,778,validation
0.00017762075,0.0012241997,0.9926965,0.0021933666,0.00068474433,0.00077741354,0.0016061604,0.00063993136,779,validation
0.0007673206,0.0052891807,0.9783539,0.0045226673,0.0023810994,0.0016947738,0.00417008,0.0028209959,780,validation
0.995612,0.0002448459,3.4603287e-05,0.0014915321,0.0008465058,0.00052044616,0.0009896165,0.00026035786,781,validation
0.995475,0.00027371553,4.010224e-05,0.0016566986,0.0007925643,0.00047108278,0.0009803477,0.00031046872,782,validation
0.99202853,0.0005142448,9.001916e-05,0.0027042395,0.0015153179,0.0010483242,0.0015289412,0.0005703758,783,validation
0.9952873,0.00028065537,3.812069e-05,0.0016456356,0.00087886624,0.00048744224,0.0010994113,0.00028260605,784,validation
0.0006474932,0.0019376691,0.00040386282,0.0008228609,0.0012766134,0.0022511345,0.00053173664,0.99212873,785,validation
0.002877843,0.010256863,0.0006883673,0.012490259,0.9346697,0.030909346,0.0026447524,0.005462882,786,validation
0.99138993,0.0006965992,0.00014731906,0.0024307268,0.0017223215,0.0011942699,0.0016703336,0.00074852584,787,validation
0.0017462514,0.0032922535,4.9588412e-05,0.0020350502,0.9874577,0.0020342914,0.0015318106,0.001853088,788,validation
0.004551397,0.007937732,0.9604753,0.008518355,0.004165616,0.0024875072,0.00725094,0.004613109,789,validation
0.00024763227,0.0015064465,0.991524,0.0025903226,0.0009101894,0.0006742471,0.0017223645,0.0008248075,790,validation
0.99371344,0.000438482,0.00011385572,0.002120959,0.0011904171,0.00081676623,0.0010876136,0.00051855436,791,validation
0.00079255254,0.0051795687,0.97956216,0.0035152189,0.0026194635,0.0015656142,0.0040812735,0.0026840975,792,validation
0.001306813,0.012761725,0.9613687,0.006561447,0.00428178,0.0029622123,0.0056964746,0.005060873,793,validation
0.0006265557,0.0013009511,0.00016549937,0.00077117066,0.0010339367,0.001454129,0.0003697969,0.99427795,794,validation
0.0009820036,0.0049167783,0.9762532,0.005199724,0.0026435843,0.001919948,0.0044552223,0.0036296183,795,validation
0.0005713604,0.0038054548,0.98402554,0.0035094623,0.0019915334,0.0011743915,0.002995295,0.0019270685,796,validation
0.99469006,0.0003286353,4.417384e-05,0.0020183534,0.0009235419,0.00057794515,0.0010715997,0.00034563793,797,validation
0.00050068344,0.0032814865,0.9850706,0.0037647195,0.0015742328,0.0011825898,0.0030144118,0.0016113749,798,validation
0.0005793544,0.0038500377,0.9823553,0.003953251,0.0017865894,0.0016899222,0.0037481086,0.0020374723,799,validation
0.0005514063,0.0038423939,0.9838771,0.0028588034,0.0019328318,0.0012865756,0.0034942513,0.0021566472,800,validation
4.494961e-05,1.6924061e-05,1.4457884e-05,6.2039864e-05,8.946872e-05,1.9220923e-05,0.99973994,1.2978021e-05,801,validation
0.9943498,0.00030230416,3.7855345e-05,0.0020899521,0.0009994307,0.00063185516,0.0012633837,0.00032548417,802,validation
0.0007373912,0.004655602,0.9803971,0.00351826,0.002278321,0.0015475666,0.004227509,0.0026383053,803,validation
0.0007129456,0.004756326,0.98012596,0.0042219223,0.0021092484,0.0015917526,0.004000361,0.0024814669,804,validation
0.9899346,0.00079940486,0.00031962944,0.0032057948,0.0017761553,0.0013293253,0.0017153353,0.00091974344,805,validation
0.00024493737,0.0015553503,0.99143606,0.0027987293,0.00058449863,0.0008941323,0.001779595,0.00070665986,806,validation
6.2603164e-07,0.999286,2.4045381e-05,3.7702204e-05,0.00036182904,0.0002154291,3.5419635e-05,3.8966286e-05,807,validation
0.00063005224,0.0036227661,0.9839669,0.0033974578,0.002033962,0.0010878299,0.003291436,0.0019696432,808,validation
0.993602,0.0003274273,3.49316e-05,0.002714954,0.0011609688,0.0005622327,0.0012855025,0.0003119938,809,validation
0.0006131881,0.0036664803,0.98404944,0.0036033392,0.0019656762,0.00106311,0.00318804,0.0018506253,810,validation
0.07704486,0.0343612,0.7373245,0.03221952,0.011325848,0.03866291,0.048923314,0.02013777,811,validation
0.99161524,0.00040254588,6.5097105e-05,0.0036943497,0.0013684192,0.00071946793,0.0017322971,0.00040255435,812,validation
0.99560404,0.00024412069,3.423528e-05,0.001577816,0.0008306996,0.00046789373,0.0009690532,0.0002722005,813,validation
0.0004997917,0.0034821406,0.9844552,0.003827591,0.0016265445,0.0013639693,0.0030979223,0.0016467082,814,validation
0.99549687,0.00025820336,3.7868882e-05,0.0016566007,0.0008054763,0.0005114523,0.0009225425,0.00031103802,815,validation
0.0002074149,0.0013092133,0.9918383,0.0026517867,0.00083168637,0.0008859079,0.0016147605,0.0006609742,816,validation
0.0010166556,0.002121012,0.0003246823,0.0010436393,0.0017565152,0.0028262525,0.0004537361,0.9904574,817,validation
8.802152e-05,3.1060452e-05,4.2485786e-05,9.4720126e-05,0.0001388657,3.1851443e-05,0.9995419,3.1082764e-05,818,validation
0.00054195017,0.0031935945,0.9850492,0.003085375,0.0017168546,0.001183953,0.0033762846,0.0018527564,819,validation
0.00075941195,0.0052296906,0.9796174,0.0034924021,0.0024964178,0.0014915743,0.0040821047,0.002830948,820,validation
0.0018793067,0.0076954635,0.9620569,0.0069481162,0.0037454867,0.005587088,0.00739175,0.004695938,821,validation
0.0004640867,0.0031655105,0.9857907,0.002749725,0.0016458425,0.001249076,0.003158526,0.0017765405,822,validation
0.0010091573,0.0010639053,0.00016147649,0.001255616,0.0009569237,0.002838572,0.00063201855,0.99208224,823,validation
0.0055969236,0.015203326,0.93767315,0.010596693,0.0062740105,0.005711299,0.010992503,0.007952087,824,validation
0.0005853883,0.0037972142,0.98361963,0.0032860239,0.0019535045,0.0011683556,0.0032568919,0.0023330771,825,validation
0.99375325,0.000307636,2.7427768e-05,0.0022941534,0.0011386673,0.00051434326,0.00164515,0.00031931748,826,validation
0.001927396,0.0031937028,6.6481305e-05,0.0020740172,0.9859731,0.0025242278,0.0020218047,0.002219306,827,validation
4.996561e-07,0.9993481,1.1937672e-05,3.3257715e-05,0.0004010912,0.00015367377,2.7834223e-05,2.3543993e-05,828,validation
0.0005806941,0.003946017,0.9828992,0.0035253307,0.0017824426,0.0014102702,0.0034539779,0.0024021107,829,validation
0.0007610523,0.0046807034,0.98008233,0.0039952556,0.0021230662,0.0015351665,0.0040565073,0.0027659822,830,validation
0.0008363779,0.005307888,0.978945,0.003714818,0.0025352277,0.0015000484,0.004143766,0.0030169114,831,validation
0.9900686,0.00035368366,0.00018178705,0.0043707914,0.0017605743,0.0013801601,0.00085863256,0.0010257858,832,validation
0.9876172,0.0006228066,0.00038126158,0.0042120167,0.0026633753,0.0016752814,0.0012705956,0.0015574308,833,validation
0.00044391566,0.0051153377,0.9694175,0.0075311977,0.003215989,0.0051576854,0.0030667493,0.0060517327,834,validation
0.000255237,0.001882593,0.98515135,0.0037501778,0.0022171699,0.0015418105,0.0020794244,0.0031222275,835,validation
0.9890816,0.00058290566,0.00062424305,0.0031618883,0.0025305531,0.0014140962,0.0011913307,0.0014134126,836,validation
0.0007525497,0.0028682265,0.97717494,0.0060498114,0.0031070474,0.0020570161,0.002828327,0.00516202,837,validation
6.9425514e-05,0.00014590003,2.5026173e-05,0.00030000965,0.00029146898,0.00046659948,4.7876638e-05,0.99865365,838,validation
0.00020392104,0.001129824,0.9902047,0.0031396244,0.0014358492,0.00083443685,0.0015111406,0.0015405955,839,validation
0.00029019202,0.0015441681,0.98901004,0.0027237723,0.0015005484,0.0008307579,0.002128487,0.0019720115,840,validation
0.99400795,0.00023500615,6.105897e-05,0.0021805032,0.0014315086,0.0007147587,0.0006549421,0.0007142497,841,validation
0.994041,0.00020632925,3.5054385e-05,0.0020316637,0.001507889,0.0007160361,0.000716747,0.000745267,842,validation
0.9941369,0.00023389046,4.017511e-05,0.002489876,0.0013553554,0.000547909,0.00066058495,0.0005352022,843,validation
1.3214701e-05,0.99096,0.0013199146,0.0003755437,0.0033092096,0.0018511211,0.00045171587,0.0017192792,844,validation
1.3231653e-05,0.99214983,0.0010188852,0.00033859286,0.0037105037,0.0012888178,0.0003817609,0.0010982773,845,validation
0.00022605802,0.0012828492,0.9894806,0.003079154,0.0013953446,0.00092962984,0.0017858299,0.0018204957,846,validation
0.9935163,0.0003022479,0.00013422852,0.0020587677,0.0015892917,0.00092895894,0.0006597943,0.0008104541,847,validation
0.21444185,0.027907554,0.64024943,0.048631657,0.023159655,0.0072505325,0.021033553,0.017325772,848,validation
0.00025697594,0.0015302909,0.98795193,0.0030719996,0.0017208722,0.0009411244,0.0020714246,0.0024553693,849,validation
0.00021763369,0.0015250796,0.98770046,0.003988583,0.0014661856,0.0013283023,0.0017417977,0.0020319428,850,validation
7.841396e-05,0.00048946205,0.9946725,0.0019846407,0.0006596902,0.00052759267,0.0008817954,0.00070589693,851,validation
0.00019550651,0.0011316171,0.9898156,0.0029895897,0.0012478085,0.0009899836,0.0017529663,0.0018769233,852,validation
0.9876847,0.0008804725,0.000843229,0.0031195786,0.0027644185,0.0014736541,0.0013530152,0.0018808595,853,validation
0.0004235869,0.0032693886,0.98083913,0.0044556516,0.002396211,0.0015780816,0.0027744456,0.004263621,854,validation
8.173923e-05,0.0005583359,0.99406505,0.0021525458,0.000711026,0.0006279503,0.00094799406,0.0008553487,855,validation
0.00021086463,0.001331895,0.9885837,0.0033183885,0.0014903832,0.000985007,0.0017800062,0.002299816,856,validation
0.9386456,0.0048970333,0.015463345,0.009327848,0.013746965,0.0066158045,0.0057728486,0.005530575,857,validation
0.9948757,0.00018446126,6.997996e-05,0.0020246098,0.0010516307,0.0006297166,0.00048419944,0.0006797175,858,validation
2.0562191e-05,0.9891243,0.0018198584,0.00048893364,0.004090429,0.0020761613,0.0005844951,0.0017951262,859,validation
7.676819e-05,0.0004999746,0.9941614,0.0024658584,0.00065677287,0.00062120694,0.0008159025,0.000702019,860,validation
0.0020314204,0.001855052,0.001767919,0.0029591448,0.003987307,0.001157016,0.98468935,0.0015527707,861,validation
0.00031986437,0.0019085326,0.9860616,0.0037533923,0.002117824,0.0011649983,0.0021568816,0.002516911,862,validation
0.00031224827,0.0025378463,0.98288906,0.0046174866,0.0021922989,0.0013518159,0.002164611,0.003934712,863,validation
5.4434047e-05,0.0005544425,0.00014618883,0.0008675956,0.00011127645,0.9965553,0.00039315879,0.0013175923,864,validation
0.0006647458,0.00039987467,0.00062402105,0.00088884344,0.0018166181,0.0002999426,0.9947865,0.000519461,865,validation
9.826175e-05,0.00059304055,0.9936534,0.0023096555,0.0007946627,0.00054983527,0.0010088325,0.0009923427,866,validation
9.357811e-05,0.00056808715,0.99403965,0.0021667047,0.0007574748,0.0005248096,0.0009756985,0.0008740452,867,validation
0.00021481272,0.0014734304,0.9882173,0.003475192,0.0013577132,0.001171209,0.0018464661,0.0022437817,868,validation
8.262763e-05,0.0006014499,0.99390984,0.002255204,0.0007641282,0.0007033681,0.0009520986,0.00073114684,869,validation
8.013836e-05,0.00052157417,0.99458164,0.0019758209,0.00067119533,0.0005383455,0.0008894887,0.0007418113,870,validation
0.9923963,0.0002737401,8.5398126e-05,0.002836534,0.0015387313,0.0010570025,0.0006500286,0.0011622587,871,validation
0.9935579,0.0003669465,0.00020223203,0.0018544967,0.0013776134,0.0009616126,0.0006150135,0.0010642878,872,validation
0.9850869,0.0010503195,0.0005645395,0.003974893,0.003838448,0.0020865607,0.0014210225,0.001977347,873,validation
5.7815414e-05,0.00088778057,0.00025424449,0.0016787894,0.00027720848,0.9944127,0.00031340146,0.0021180166,874,validation
4.720301e-05,0.00014049877,1.8076884e-05,0.000259807,0.00038573015,0.00017279832,3.1095467e-05,0.9989448,875,validation
0.00022165154,0.0014634884,0.9874752,0.0038406893,0.0015467908,0.0011200475,0.001758546,0.0025735653,876,validation
0.00022634199,0.0012637665,0.98981327,0.003118348,0.001391487,0.000932926,0.0017345026,0.0015193195,877,validation
0.0017614153,0.017209232,0.9396585,0.009829212,0.009666066,0.0051924824,0.0043339757,0.012349117,878,validation
0.00021559902,0.0013015169,0.98835224,0.003421243,0.0015207228,0.0010687308,0.0017613873,0.0023584953,879,validation
0.0012535179,0.00059347897,0.0013377222,0.0016468046,0.0027142987,0.00057126017,0.9912102,0.0006726823,880,validation
0.00022066956,0.0014392957,0.9894154,0.0029317306,0.0015432945,0.00094109256,0.0017385376,0.0017699131,881,validation
0.0002293621,0.0014828828,0.9888525,0.0030080571,0.0014952879,0.0009785419,0.0019001861,0.0020531144,882,validation
0.9939761,0.0002637878,6.9008995e-05,0.0021703716,0.0013600509,0.0008032275,0.0006380278,0.00071940717,883,validation
0.995171,0.00019537588,7.265989e-05,0.0019035348,0.00095997023,0.00060653826,0.00047833438,0.0006125287,884,validation
0.00035957427,0.0026135112,0.98209804,0.005073098,0.0021285145,0.0019887341,0.0024333252,0.0033053004,885,validation
0.9917509,0.00037824968,0.00018613017,0.0026807922,0.0018139847,0.0012675719,0.0007263368,0.0011960471,886,validation
0.0024072975,0.006150756,0.00028320268,0.007171383,0.7870618,0.19366914,0.0013058931,0.0019505379,887,validation
0.63310665,0.01404149,0.276741,0.015979188,0.028673463,0.0069020046,0.0129527245,0.011603471,888,validation
0.9947935,0.00025451582,0.00016644536,0.0014121024,0.001282499,0.0007613112,0.00054875267,0.0007808312,889,validation
0.99369085,0.00017754282,2.5887262e-05,0.002747862,0.0013963853,0.00063753454,0.0006846456,0.00063933706,890,validation
0.00022775544,0.0018934632,0.9858375,0.003943341,0.0016966567,0.0014574297,0.0019278332,0.0030160367,891,validation
2.0367359e-05,0.9915697,0.0015603752,0.00037882166,0.0030202486,0.0017012773,0.00054726575,0.0012018676,892,validation
0.001575156,0.0010660986,0.0033408154,0.001603995,0.0062268423,0.0009016799,0.98401964,0.0012656853,893,validation
0.000237081,0.0014986446,0.987806,0.003337814,0.0017093339,0.0009949241,0.0019286649,0.0024874278,894,validation
0.97457856,0.0020691128,0.002929334,0.0047049397,0.006776157,0.003073966,0.002423143,0.0034448216,895,validation
0.00078001874,0.002617613,0.9807628,0.003848693,0.0018804468,0.0014532991,0.0047167544,0.0039404943,896,validation
0.0023712162,0.0048490893,0.9635274,0.007895146,0.004089153,0.0020960523,0.0068060146,0.008366011,897,validation
0.00015700796,0.00087611366,0.00024971782,0.0010462163,0.00021282556,0.9941392,0.0006861512,0.0026327283,898,validation
0.00028808686,0.0006413617,0.99157447,0.0023828319,0.00082579243,0.00056869176,0.0024756652,0.0012431638,899,validation
0.001483215,0.004842696,0.96871334,0.006742154,0.0034454437,0.0022994073,0.006199052,0.006274646,900,validation
0.0010332726,0.0017821436,0.98061013,0.0036840993,0.0019265821,0.0010172188,0.005141333,0.004805297,901,validation
9.195411e-05,0.98795855,0.0019127725,0.000410988,0.0034996534,0.0023558163,0.0012990935,0.0024711273,902,validation
0.0007943193,0.0019710464,0.9816498,0.0039480636,0.0018954846,0.00109209,0.005130492,0.0035187672,903,validation
0.00082735403,0.0017564354,0.9819134,0.0034843488,0.0018385242,0.0010383561,0.0051440117,0.0039974935,904,validation
0.996438,6.4227526e-05,1.02581125e-05,0.0016077299,0.0007267916,0.00015453898,0.000850724,0.00014774845,905,validation
0.00028289232,0.00066703535,0.9915589,0.0023899209,0.0008589377,0.0006183493,0.002454231,0.0011697677,906,validation
0.01235164,0.0072299456,0.9369041,0.010391332,0.007199441,0.0029745472,0.013021227,0.009927841,907,validation
0.99469864,8.256657e-05,1.057105e-05,0.0025297871,0.0009884295,0.00019808541,0.0013023526,0.00018952144,908,validation
0.9976548,5.991122e-05,1.52426455e-05,0.00091164507,0.0005522347,0.00014619136,0.000512343,0.00014771079,909,validation
0.9955649,0.00013937498,4.8204623e-05,0.0017118151,0.0011724447,0.0003619821,0.0006749144,0.00032636776,910,validation
0.00078061724,0.0017109091,0.9814586,0.0038643798,0.0017127758,0.0010525245,0.0054811076,0.003939204,911,validation
0.9972536,5.6254943e-05,8.091172e-06,0.0011231895,0.00063009193,0.00014126234,0.0006494001,0.00013803817,912,validation
0.00026163715,0.0006036064,0.99184275,0.0021294018,0.00076369906,0.0005864758,0.0026004426,0.0012119261,913,validation
0.0010309537,0.0038025847,0.97324175,0.0058824886,0.0028451553,0.0022761764,0.00582154,0.0050994046,914,validation
0.99716336,5.488524e-05,8.640677e-06,0.0011928399,0.0006196732,0.00012074965,0.0007094815,0.00013031495,915,validation
0.0015338606,0.00027996843,1.2956353e-05,0.0005188211,0.9943579,0.0005919628,0.0023464225,0.00035812912,916,validation
0.0014366683,0.005711716,0.96492183,0.008206725,0.003654498,0.0030304638,0.0060413335,0.006996726,917,validation
0.0010410728,0.002544346,0.97828764,0.004181058,0.0022079998,0.0015708334,0.0059998943,0.0041671596,918,validation
0.00051869714,0.0018112735,0.9829621,0.0040005352,0.0014225842,0.0014185517,0.004858512,0.0030077875,919,validation
0.0005292196,0.0027970604,0.9779068,0.004093728,0.0019200059,0.0017928128,0.0071164793,0.0038438211,920,validation
0.9951125,0.00011540027,1.1988696e-05,0.0017918132,0.0010771033,0.0002018866,0.0015135288,0.00017572091,921,validation
0.018264282,0.0054378207,0.0006585111,0.008426069,0.9257387,0.008592808,0.0062847054,0.026597206,922,validation
0.9966684,6.0763276e-05,1.3888539e-05,0.0013903595,0.0007033317,0.00014965031,0.0008494754,0.00016406522,923,validation
0.0007817936,0.0018528176,0.9818381,0.0039067655,0.0018621167,0.001148087,0.0050926646,0.0035176165,924,validation
6.723199e-05,0.9898527,0.0014844555,0.00034661693,0.0032124473,0.0019379616,0.0010461436,0.0020524801,925,validation
0.016291782,0.009623805,0.91373277,0.016718881,0.009943909,0.004243372,0.011910165,0.017535398,926,validation
0.99374974,0.0001325589,1.859371e-05,0.0028450638,0.001073928,0.00020863354,0.0017330681,0.00023855231,927,validation
0.0011345362,0.0034937428,0.9755475,0.005483204,0.002351076,0.0019459502,0.005368887,0.0046752337,928,validation
0.0004193506,0.0018365047,0.00034332124,0.0021085471,0.00049766124,0.98936987,0.0011232614,0.004301481,929,validation
0.00072892435,0.0016413576,0.9830819,0.0033833229,0.0017639542,0.0010582397,0.0050019636,0.0033403253,930,validation
0.99734133,6.762612e-05,1.3300711e-05,0.0010121359,0.00065452536,0.00017170697,0.0005860512,0.00015333753,931,validation
0.0002390853,0.00058547757,0.9918893,0.0023152025,0.00069066137,0.0005800281,0.0024875274,0.0012126727,932,validation
0.0044277557,0.002876498,0.00060617604,0.015936136,0.045445357,0.92003274,0.0015608956,0.00911452,933,validation
0.9962394,8.095214e-05,1.3810251e-05,0.0016293286,0.0007780233,0.0001597039,0.0009316948,0.00016716533,934,validation
0.000101526966,0.9859015,0.002098832,0.00046221534,0.005667966,0.0019512165,0.0012669987,0.0025496348,935,validation
0.0016442537,0.0035468861,0.9697772,0.0061962088,0.003255835,0.0019270243,0.0063863317,0.007266209,936,validation
0.0012206848,0.0038224792,0.9709802,0.005609255,0.0027461273,0.0016777456,0.0065482776,0.007395148,937,validation
0.0011009604,0.0036784583,0.97277075,0.0067455345,0.0029821934,0.0020515644,0.004990999,0.0056795,938,validation
0.00040881938,0.001361392,0.98672915,0.003098431,0.0012143732,0.0010292401,0.004015222,0.002143405,939,validation
0.0010727694,0.0018121094,0.9798433,0.0037369414,0.0019259761,0.0010288868,0.0054548504,0.005125157,940,validation
0.9932989,0.0003051469,0.00025993586,0.0018713097,0.001613873,0.0005966757,0.0012386639,0.00081553176,941,validation
0.00074772467,0.0014165699,0.98445326,0.003251324,0.0016425087,0.00096961454,0.0043863435,0.0031327058,942,validation
6.8554364e-05,6.128926e-05,3.0300291e-06,0.0007741787,0.00047781353,8.592093e-05,7.9264886e-05,0.9984499,943,validation
0.9947537,0.00024189727,0.00016534801,0.0015644195,0.0014113102,0.0004876546,0.0008376323,0.0005380418,944,validation
0.9971078,6.980092e-05,8.543436e-06,0.0010976493,0.0006684166,0.00012578562,0.0007976892,0.00012433964,945,validation
0.00034052815,0.00059731153,0.99068165,0.0019560007,0.0007904996,0.0005514633,0.0033508302,0.0017317467,946,validation
6.924713e-05,0.98842376,0.0017088262,0.00039473237,0.0032076857,0.0023556806,0.0011885627,0.0026515487,947,validation
6.71674e-05,0.9892196,0.001417495,0.0003911387,0.004163384,0.0017309242,0.00095083244,0.0020593917,948,validation
0.9967104,4.648294e-05,5.6068725e-06,0.0013890114,0.0005873308,9.303235e-05,0.0010544863,0.00011358943,949,validation
0.99653745,7.716501e-05,1.26462155e-05,0.0013678725,0.00079956854,0.0001712975,0.0008575198,0.00017637089,950,validation
0.002208136,0.006647086,0.95321095,0.008744231,0.0042741913,0.0031489877,0.008769812,0.012996501,951,validation
0.99467444,9.8425495e-05,1.9188094e-05,0.0024223074,0.0010788159,0.00025407266,0.0012062386,0.00024651154,952,validation
0.063524164,0.021150569,0.7894356,0.033670347,0.018012378,0.008721638,0.036536645,0.028948601,953,validation
0.00073902204,0.0018115153,0.981833,0.004122374,0.0017660406,0.0012137287,0.0050099916,0.003504429,954,validation
0.99645823,7.5768374e-05,1.9221297e-05,0.00146377,0.0007276653,0.00015514906,0.0009009773,0.0001991574,955,validation
0.0007450983,0.0013681152,0.983098,0.003548047,0.0019952368,0.0009437613,0.005584505,0.002717198,956,validation
0.000997767,0.0018534594,0.97950476,0.0040158806,0.0021369806,0.0012091146,0.0047445795,0.0055375146,957,validation
0.00060915895,0.0012362327,0.9845642,0.003548579,0.0014232852,0.00089596177,0.0042359084,0.00348675,958,validation
0.00056905375,0.0021704482,0.98179805,0.00394411,0.0015156622,0.0015169868,0.0052784416,0.0032072035,959,validation
0.48276728,0.02460224,0.36385375,0.037798412,0.027604379,0.01893735,0.037885766,0.0065508024,960,validation
1.9992085e-05,0.00021021806,1.28077145e-05,0.00049551716,2.4318872e-05,0.9990669,0.00013384706,3.6471276e-05,961,validation
0.9935777,0.00035264948,0.00014957701,0.002780496,0.0014260713,0.0005373574,0.0008899669,0.0002860533,962,validation
0.00034130103,0.0027901644,0.9874161,0.0034286259,0.0015787833,0.0012276695,0.0024663012,0.00075118185,963,validation
0.00015298567,0.0014831867,0.99209154,0.002839955,0.0009031446,0.0009214069,0.0013393055,0.00026857734,964,validation
0.0001458032,0.0014487297,0.9923099,0.002801636,0.000854001,0.00091625296,0.0012778621,0.00024576677,965,validation
0.00013352044,0.0014477221,0.99248964,0.0028222268,0.0008237088,0.00091506745,0.0011506297,0.00021745382,966,validation
0.000297856,0.0026677758,0.98794043,0.0038142763,0.0014901742,0.0011788664,0.0020670039,0.0005436051,967,validation
0.9932421,0.00040980926,7.2461255e-05,0.0022815175,0.001776446,0.000428703,0.0015937282,0.00019524597,968,validation
0.0092773475,0.011848936,0.0045403615,0.0048193014,0.013906736,0.017088218,0.0023542498,0.93616486,969,validation
0.0001438894,0.0012500715,0.9925799,0.002707588,0.00069788605,0.000735414,0.001546394,0.00033896373,970,validation
9.602954e-07,0.9970716,2.3528994e-05,7.0000635e-05,0.0026965963,7.2372524e-05,2.122252e-05,4.3604927e-05,971,validation
0.9883349,0.00081141666,0.00024827712,0.0041328194,0.0031536205,0.0008990977,0.0020235586,0.00039635223,972,validation
0.00045925225,0.006319016,0.97786134,0.004405265,0.0018176999,0.0039770575,0.004156374,0.0010039575,973,validation
0.97544914,0.003037224,0.0013897538,0.0063128434,0.0051777014,0.0016856169,0.0062256497,0.00072216627,974,validation
0.0009785163,0.018340599,0.9594899,0.007481634,0.005869871,0.0031745527,0.0033636352,0.0013012792,975,validation
0.00052281894,0.00018584047,0.00015550555,0.0003337134,0.0029577175,6.4058615e-05,0.9957082,7.2018636e-05,976,validation
0.00022727894,0.0025807123,0.9890892,0.0033797729,0.0012280387,0.0012877235,0.0017597302,0.00044744366,977,validation
0.0002684027,0.0021840096,0.9889459,0.003260572,0.0012324902,0.0012595082,0.002237133,0.00061207224,978,validation
0.0002622921,0.0025862597,0.98862296,0.003189,0.001358516,0.0012869986,0.0021593736,0.0005345257,979,validation
0.9911411,0.00078988663,0.00014744709,0.002566295,0.0027055983,0.0005822398,0.0017995868,0.00026782148,980,validation
0.00033070546,0.0025387537,0.9878236,0.0028256986,0.0013089456,0.0015644141,0.002975031,0.0006328323,981,validation
0.0029152744,0.006163589,0.0015063907,0.0020727732,0.0062196157,0.005972471,0.0010429076,0.97410697,982,validation
0.0022102594,0.007520209,0.0013353949,0.0015946237,0.006539911,0.004890188,0.00079157046,0.9751179,983,validation
0.0003223212,0.0031739082,0.98705053,0.00351811,0.0015692728,0.0012797402,0.0024056938,0.00068044284,984,validation
0.00031372425,0.004960396,0.9818677,0.0050218957,0.0014602304,0.0028101322,0.0027468111,0.000819122,985,validation
0.00026287694,0.0021449006,0.9893147,0.002996101,0.0012952663,0.0011282149,0.002319269,0.00053866406,986,validation
0.00012379412,0.0013424795,0.99308443,0.002548667,0.00072456215,0.0008642911,0.0011025856,0.00020913829,987,validation
0.00027767976,0.0022742688,0.9890097,0.0030036774,0.0013342929,0.0011553837,0.002327553,0.00061748823,988,validation
0.00058374676,0.0068472116,0.9764044,0.005453147,0.0021953767,0.0031686076,0.0041017537,0.0012457308,989,validation
0.94736797,0.004724836,0.005072675,0.012941429,0.014297008,0.005869713,0.007599566,0.0021267775,990,validation
0.00033222535,0.003354548,0.9859687,0.004036161,0.001621967,0.0015483856,0.0024942176,0.0006438066,991,validation
0.0008891586,0.046451103,0.0002731918,0.23041607,0.022317315,0.011610503,0.6870771,0.00096557534,992,validation
0.993127,0.00047525764,0.00022669618,0.002362927,0.0017281576,0.000637951,0.0011184405,0.0003235878,993,validation
0.0003077076,0.0027669608,0.98816895,0.003330887,0.0016042731,0.0011820496,0.002052467,0.0005867219,994,validation
0.0002855329,0.0026612105,0.9884991,0.003318084,0.0014976894,0.0013002754,0.0019705931,0.00046742908,995,validation
0.0032485973,0.007489045,0.0015712397,0.0025503165,0.0046341014,0.01642749,0.0010938596,0.9629854,996,validation
0.00032074054,0.00249835,0.9877785,0.0031831523,0.0015086051,0.0012683502,0.002725473,0.00071674294,997,validation
0.9773826,0.0021981976,0.0028799518,0.0047213733,0.005952221,0.0019692003,0.0040465468,0.000850032,998,validation
0.00026337034,0.0022247003,0.9892735,0.0029102536,0.0012726343,0.001186844,0.0022786153,0.00058995903,999,validation
0.00013216157,0.0012672415,0.9929212,0.002557169,0.00075367524,0.0008599837,0.0012616335,0.00024693154,1000,validation
0.0006128137,0.00019128105,0.00070229155,0.0010858446,0.0030391363,0.0002049187,0.99404293,0.00012079083,1001,validation
0.9916986,0.0005348603,0.00013364975,0.0031186764,0.0021339506,0.0006699687,0.0013656965,0.0003445451,1002,validation
0.98921156,0.0010372708,0.00019031542,0.0033364228,0.0027588615,0.00080133585,0.0021377443,0.0005265143,1003,validation
0.8929768,0.0055812323,0.0033722,0.059251264,0.018579105,0.0052129584,0.013506855,0.0015195,1004,validation
0.00028030103,0.002620315,0.9883384,0.003410619,0.0015086731,0.0012659758,0.0020675494,0.00050809886,1005,validation
0.97663224,0.0027228189,0.0007613744,0.0062521,0.007493356,0.001509072,0.003809422,0.00081963063,1006,validation
0.00022432832,0.0020688544,0.98931456,0.0037342461,0.0010501486,0.0013770356,0.0018616949,0.00036906282,1007,validation
0.9906784,0.0007827242,0.00038078014,0.0024994593,0.0027047114,0.0009291039,0.0015894313,0.00043535422,1008,validation
