0,1,index,identifier,chunk,split
0.0043893936,0.99561065,0,1511,0,test
0.85572803,0.14427193,1,1799,0,test
0.7524635,0.24753642,2,135,0,test
0.9880122,0.011987743,3,408,0,test
0.008423653,0.9915764,4,1693,0,test
0.008342197,0.9916578,5,1740,0,test
0.99041945,0.009580561,6,289,0,test
0.98655593,0.013444032,7,1666,0,test
0.028667757,0.97133225,8,757,0,test
0.9913214,0.008678595,9,879,0,test
0.9874708,0.012529206,10,551,0,test
0.047615364,0.95238465,11,339,0,test
0.99272656,0.007273464,12,453,0,test
0.008215691,0.99178433,13,1704,0,test
0.005715508,0.99428445,14,669,0,test
0.21128815,0.78871185,15,1379,0,test
0.0044606864,0.99553925,16,497,0,test
0.91540337,0.084596656,17,1394,0,test
0.42923117,0.57076883,18,561,0,test
0.009748503,0.99025154,19,1085,0,test
0.0064854547,0.99351454,20,1202,0,test
0.89965326,0.100346796,21,270,0,test
0.005149451,0.9948506,22,602,0,test
0.009634426,0.9903655,23,220,0,test
0.5175979,0.48240212,24,1456,0,test
0.9883549,0.0116451,25,331,0,test
0.0070013255,0.9929987,26,307,0,test
0.019856824,0.98014313,27,462,0,test
0.9745573,0.025442721,28,1736,0,test
0.9755799,0.024420027,29,1599,0,test
0.004958823,0.9950412,30,109,0,test
0.10766836,0.89233166,31,1395,0,test
0.006606334,0.9933937,32,530,0,test
0.064758345,0.93524164,33,677,0,test
0.9855881,0.014411945,34,888,0,test
0.010625197,0.98937476,35,526,0,test
0.0056237765,0.9943763,36,620,0,test
0.0063411924,0.99365884,37,1541,0,test
0.98212457,0.017875373,38,1107,0,test
0.0041048955,0.99589515,39,535,0,test
0.005795132,0.99420494,40,1292,0,test
0.008079773,0.99192023,41,628,0,test
0.95873576,0.041264225,42,552,0,test
0.005172715,0.99482733,43,720,0,test
0.99256456,0.007435397,44,1608,0,test
0.004168314,0.99583167,45,1657,0,test
0.98134685,0.018653128,46,1057,0,test
0.96038514,0.03961483,47,1381,0,test
0.0054731974,0.9945268,48,1343,0,test
0.005780797,0.9942192,49,203,0,test
0.012487088,0.9875129,50,111,0,test
0.98421717,0.015782798,51,583,0,test
0.97010225,0.029897785,52,1040,0,test
0.8554139,0.14458613,53,1683,0,test
0.988272,0.011727987,54,1422,0,test
0.9808084,0.019191626,55,29,0,test
0.004640388,0.9953596,56,782,0,test
0.004950703,0.9950493,57,973,0,test
0.0040738564,0.99592614,58,65,0,test
0.13246347,0.86753654,59,1328,0,test
0.99048316,0.009516839,60,1373,0,test
0.0048786206,0.9951214,61,1161,0,test
0.011162125,0.98883784,62,1758,0,test
0.006057129,0.9939428,63,1461,0,test
0.98900187,0.010998104,64,188,0,test
0.005687174,0.9943129,65,427,0,test
0.0062573235,0.99374264,66,965,0,test
0.9875793,0.012420756,67,298,0,test
0.0048445174,0.99515545,68,382,0,test
0.747757,0.252243,69,1641,0,test
0.9497475,0.05025252,70,1470,0,test
0.9900949,0.009905076,71,932,0,test
0.99326503,0.0067349533,72,1494,0,test
0.009450398,0.9905496,73,1536,0,test
0.0069108377,0.99308914,74,1117,0,test
0.0064410246,0.99355894,75,843,0,test
0.5249224,0.4750776,76,1083,0,test
0.011565763,0.98843426,77,1313,0,test
0.9062707,0.09372929,78,173,0,test
0.012150638,0.9878493,79,1319,0,test
0.10528,0.89471996,80,756,0,test
0.9910328,0.008967155,81,374,0,test
0.9736119,0.026388055,82,1312,0,test
0.9836842,0.016315812,83,70,0,test
0.87255615,0.12744392,84,482,0,test
0.71064305,0.28935698,85,1075,0,test
0.00480006,0.9951999,86,660,0,test
0.12681486,0.87318516,87,994,0,test
0.98350704,0.016493002,88,585,0,test
0.90373516,0.09626483,89,544,0,test
0.93793887,0.06206117,90,1775,0,test
0.005708678,0.9942913,91,212,0,test
0.0042947545,0.9957053,92,1033,0,test
0.8527836,0.14721638,93,1285,0,test
0.0044831294,0.99551684,94,962,0,test
0.013623839,0.9863761,95,439,0,test
0.013288949,0.9867111,96,1706,0,test
0.98162985,0.018370157,97,993,0,test
0.007364319,0.99263567,98,1628,0,test
0.4897062,0.5102938,99,593,0,test
0.0050386447,0.9949614,100,23,0,test
0.97163355,0.028366474,101,910,0,test
0.16284941,0.8371506,102,485,0,test
0.98656994,0.013430076,103,1270,0,test
0.0048899143,0.9951101,104,1632,0,test
0.9816835,0.01831648,105,350,0,test
0.96504074,0.03495924,106,1336,0,test
0.005041655,0.99495834,107,1286,0,test
0.9893216,0.010678454,108,1557,0,test
0.0069775498,0.9930225,109,881,0,test
0.02417584,0.9758242,110,1640,0,test
0.004525217,0.99547476,111,892,0,test
0.0056618466,0.9943382,112,575,0,test
0.8651632,0.13483673,113,864,0,test
0.93784416,0.062155858,114,1298,0,test
0.9637058,0.036294177,115,365,0,test
0.9739904,0.026009578,116,767,0,test
0.97166,0.028339997,117,422,0,test
0.9870183,0.012981697,118,239,0,test
0.004788334,0.99521166,119,478,0,test
0.0074270894,0.9925729,120,1762,0,test
0.9918399,0.008160084,121,237,0,test
0.006047938,0.9939521,122,722,0,test
0.98552334,0.014476642,123,233,0,test
0.9785684,0.021431621,124,354,0,test
0.9200338,0.079966225,125,914,0,test
0.051421545,0.9485784,126,1113,0,test
0.9826333,0.017366737,127,527,0,test
0.004553619,0.9954464,128,1047,0,test
0.48502946,0.51497054,129,874,0,test
0.07498866,0.92501134,130,1507,0,test
0.008268833,0.9917312,131,978,0,test
0.0040128655,0.9959871,132,614,0,test
0.003974923,0.9960251,133,115,0,test
0.499292,0.500708,134,721,0,test
0.05603725,0.94396275,135,1488,0,test
0.95803005,0.041969944,136,1303,0,test
0.008956424,0.99104357,137,1730,0,test
0.006977886,0.99302214,138,1164,0,test
0.024853786,0.9751463,139,394,0,test
0.062387865,0.9376122,140,752,0,test
0.005927371,0.9940726,141,1301,0,test
0.9575706,0.042429335,142,1233,0,test
0.98925006,0.01075,143,1145,0,test
0.98181975,0.01818026,144,438,0,test
0.31976923,0.68023074,145,1004,0,test
0.43019238,0.56980765,146,1569,0,test
0.13801569,0.8619843,147,1078,0,test
0.98411465,0.015885387,148,816,0,test
0.069324285,0.9306757,149,464,0,test
0.014507328,0.98549265,150,429,0,test
0.0039314358,0.9960686,151,124,0,test
0.0062174853,0.9937826,152,1179,0,test
0.9803836,0.019616432,153,1731,0,test
0.00477024,0.99522984,154,49,0,test
0.006197805,0.9938022,155,275,0,test
0.99420726,0.005792703,156,1178,0,test
0.8978928,0.10210722,157,1746,0,test
0.07959228,0.9204077,158,251,0,test
0.9917498,0.00825019,159,1124,0,test
0.00429567,0.99570435,160,1380,0,test
0.0064377794,0.9935622,161,802,0,test
0.0055368636,0.99446315,162,1287,0,test
0.0054776534,0.99452233,163,943,0,test
0.32583374,0.67416626,164,344,0,test
0.9928229,0.007177099,165,303,0,test
0.007761109,0.9922389,166,1786,0,test
0.9883193,0.011680673,167,1653,0,test
0.012662834,0.9873372,168,78,0,test
0.013077338,0.9869227,169,1778,0,test
0.0043358556,0.9956642,170,923,0,test
0.9864348,0.013565212,171,415,0,test
0.9839931,0.016006917,172,73,0,test
0.0072086314,0.9927914,173,1606,0,test
0.9920344,0.007965596,174,69,0,test
0.99141157,0.0085884575,175,162,0,test
0.9695775,0.03042251,176,1700,0,test
0.012654502,0.9873455,177,1798,0,test
0.0047940365,0.99520594,178,1810,0,test
0.008197363,0.99180263,179,654,0,test
0.9036257,0.09637426,180,1245,0,test
0.53897107,0.4610289,181,898,0,test
0.9912504,0.008749639,182,1688,0,test
0.9867843,0.01321565,183,486,0,test
0.010115504,0.9898845,184,480,0,test
0.041748326,0.95825166,185,322,0,test
0.9760894,0.023910593,186,414,0,test
0.97716045,0.022839503,187,76,0,test
0.7247002,0.27529982,188,1525,0,test
0.005043435,0.99495655,189,1138,0,test
0.99184954,0.008150464,190,799,0,test
0.0073183877,0.99268156,191,1326,0,test
0.9589237,0.04107628,192,342,0,test
0.9896672,0.010332878,193,1111,0,test
0.004870553,0.99512947,194,909,0,test
0.0118361665,0.9881639,195,1305,0,test
0.12034098,0.87965906,196,1240,0,test
0.013173146,0.9868269,197,1034,0,test
0.98911077,0.010889187,198,210,0,test
0.00972589,0.99027413,199,693,0,test
0.07026198,0.92973804,200,30,0,test
0.9825941,0.017405877,201,1182,0,test
0.98710895,0.012891018,202,1612,0,test
0.9944739,0.0055260663,203,785,0,test
0.98195225,0.018047718,204,1094,0,test
0.9843439,0.015656106,205,1747,0,test
0.0058394424,0.9941605,206,1043,0,test
0.61014324,0.38985673,207,1414,0,test
0.0048113554,0.9951886,208,1431,0,test
0.0087367315,0.9912633,209,99,0,test
0.31518108,0.68481886,210,1226,0,test
0.94064975,0.059350256,211,479,0,test
0.008858602,0.9911413,212,607,0,test
0.13953622,0.8604638,213,609,0,test
0.0051921313,0.9948079,214,367,0,test
0.006657371,0.9933427,215,807,0,test
0.00744869,0.9925513,216,168,0,test
0.009652036,0.990348,217,966,0,test
0.009576475,0.9904235,218,1582,0,test
0.009095839,0.99090415,219,305,0,test
0.0057943175,0.99420565,220,727,0,test
0.007935832,0.9920642,221,1748,0,test
0.011680514,0.9883195,222,1351,0,test
0.98974305,0.01025691,223,1516,0,test
0.009476265,0.99052376,224,1334,0,test
0.99208564,0.007914297,225,548,0,test
0.5256413,0.4743587,226,1385,0,test
0.91459274,0.085407235,227,32,0,test
0.9923596,0.007640457,228,704,0,test
0.09078072,0.90921926,229,1177,0,test
0.9873941,0.012605955,230,904,0,test
0.010112459,0.98988754,231,998,0,test
0.004891376,0.99510854,232,1754,0,test
0.90102357,0.09897638,233,952,0,test
0.047029555,0.95297045,234,905,0,test
0.14224292,0.8577571,235,185,0,test
0.0063265716,0.99367344,236,809,0,test
0.006358691,0.9936413,237,1005,0,test
0.0050233235,0.9949767,238,700,0,test
0.0039399085,0.9960601,239,1103,0,test
0.6097513,0.39024878,240,44,0,test
0.006189129,0.99381083,241,1531,0,test
0.0063954163,0.9936046,242,598,0,test
0.006941615,0.9930583,243,1403,0,test
0.989833,0.010167028,244,247,0,test
0.9882683,0.011731729,245,196,0,test
0.9889816,0.011018429,246,921,0,test
0.0065346076,0.99346536,247,1027,0,test
0.86063427,0.13936579,248,254,0,test
0.98667264,0.01332733,249,59,0,test
0.9849476,0.015052369,250,1664,0,test
0.004903067,0.99509686,251,1756,0,test
0.01435274,0.9856472,252,832,0,test
0.00479745,0.99520254,253,1492,0,test
0.005583753,0.99441624,254,381,0,test
0.9903358,0.009664172,255,678,0,test
0.013731882,0.98626816,256,865,0,test
0.012127316,0.9878727,257,1471,0,test
0.014299977,0.9857001,258,123,0,test
0.007989431,0.9920106,259,332,0,test
0.0071200333,0.99288005,260,1565,0,test
0.986728,0.01327204,261,999,0,test
0.007990368,0.99200964,262,857,0,test
0.029949408,0.97005063,263,1168,0,test
0.9875394,0.012460586,264,351,0,test
0.96682215,0.033177856,265,834,0,test
0.98364854,0.016351447,266,1007,0,test
0.9901175,0.009882495,267,383,0,test
0.0044261394,0.9955739,268,1304,0,test
0.6842272,0.3157728,269,1568,0,test
0.0055293357,0.9944707,270,1096,0,test
0.9592915,0.04070855,271,915,0,test
0.92851174,0.07148825,272,366,0,test
0.043842446,0.9561575,273,67,0,test
0.96117646,0.038823538,274,1052,0,test
0.9903335,0.009666528,275,570,0,test
0.0059818327,0.9940182,276,1163,0,test
0.007610481,0.9923895,277,1797,0,test
0.09625863,0.90374136,278,1283,0,test
0.8961534,0.10384662,279,1036,0,test
0.17701238,0.8229877,280,411,0,test
0.9859692,0.014030851,281,1120,0,test
0.3459907,0.65400934,282,1780,0,test
0.007649732,0.9923503,283,588,0,test
0.97006285,0.029937156,284,316,0,test
0.011673931,0.988326,285,297,0,test
0.98226684,0.017733134,286,1600,0,test
0.9735633,0.026436647,287,1505,0,test
0.004591867,0.9954081,288,1517,0,test
0.0062723453,0.9937277,289,1808,0,test
0.9911747,0.008825271,290,772,0,test
0.0058642263,0.99413574,291,839,0,test
0.007823525,0.9921765,292,873,0,test
0.0069899964,0.99301004,293,557,0,test
0.0073521575,0.9926479,294,1362,0,test
0.9895421,0.010457914,295,261,0,test
0.8623472,0.13765281,296,1151,0,test
0.023182834,0.9768172,297,240,0,test
0.9704452,0.029554753,298,1196,0,test
0.11267042,0.8873296,299,425,0,test
0.009019529,0.99098045,300,968,0,test
0.0050302777,0.9949698,301,859,0,test
0.54226154,0.45773843,302,706,0,test
0.004369629,0.9956304,303,1211,0,test
0.9814726,0.018527444,304,71,0,test
0.16813071,0.83186924,305,398,0,test
0.006591586,0.99340844,306,259,0,test
0.006049434,0.9939506,307,51,0,test
0.98204833,0.017951645,308,838,0,test
0.9647809,0.035219025,309,619,0,test
0.9915856,0.008414433,310,1134,0,test
0.49735734,0.50264263,311,1236,0,test
0.99438524,0.005614816,312,471,0,test
0.01266535,0.9873346,313,931,0,test
0.97996163,0.02003839,314,1611,0,test
0.0038194074,0.99618065,315,1006,0,test
0.92513144,0.07486857,316,1446,0,test
0.97902805,0.02097199,317,324,0,test
0.25320196,0.7467981,318,1378,0,test
0.005173333,0.9948266,319,824,0,test
0.989078,0.010921951,320,420,0,test
0.95994323,0.040056802,321,1622,0,test
0.053735573,0.94626445,322,481,0,test
0.050207112,0.9497929,323,554,0,test
0.9923069,0.0076931054,324,1206,0,test
0.99006665,0.009933399,325,1546,0,test
0.0047492036,0.9952508,326,679,0,test
0.070781,0.929219,327,1816,0,test
0.9864493,0.013550698,328,141,0,test
0.00573466,0.9942654,329,937,0,test
0.9816992,0.018300768,330,1001,0,test
0.010254475,0.9897455,331,1702,0,test
0.011436907,0.98856306,332,494,0,test
0.96374536,0.03625467,333,1310,0,test
0.45123821,0.54876184,334,1493,0,test
0.7994187,0.20058131,335,271,0,test
0.14360864,0.8563914,336,184,0,test
0.34622213,0.65377784,337,1288,0,test
0.0052208733,0.9947791,338,244,0,test
0.88561285,0.11438712,339,413,0,test
0.9816912,0.018308861,340,1734,0,test
0.9496525,0.05034755,341,887,0,test
0.95631415,0.04368586,342,1743,0,test
0.005577053,0.994423,343,352,0,test
0.5345647,0.4654353,344,651,0,test
0.006310183,0.9936898,345,930,0,test
0.9925057,0.00749428,346,618,0,test
0.17384735,0.8261527,347,1353,0,test
0.93437284,0.0656271,348,1324,0,test
0.28547555,0.7145244,349,250,0,test
0.005103076,0.99489695,350,1660,0,test
0.9809141,0.01908582,351,1192,0,test
0.015980756,0.9840193,352,450,0,test
0.005565914,0.99443406,353,416,0,test
0.1981832,0.8018169,354,1352,0,test
0.018758995,0.98124105,355,1658,0,test
0.0072755925,0.9927245,356,1715,0,test
0.9590748,0.0409252,357,744,0,test
0.009729008,0.990271,358,1506,0,test
0.037213147,0.96278685,359,534,0,test
0.9881838,0.01181625,360,1404,0,test
0.04717432,0.9528257,361,432,0,test
0.99250436,0.007495674,362,1263,0,test
0.9798885,0.02011145,363,170,0,test
0.5141151,0.4858849,364,292,0,test
0.2681885,0.73181146,365,1455,0,test
0.23599797,0.764002,366,1552,0,test
0.38954034,0.6104596,367,300,0,test
0.0074595558,0.9925404,368,1708,0,test
0.007681779,0.9923183,369,611,0,test
0.99078345,0.009216535,370,1807,0,test
0.18916471,0.81083524,371,1556,0,test
0.0077991704,0.9922009,372,1755,0,test
0.4181361,0.5818639,373,1355,0,test
0.008295952,0.991704,374,1053,0,test
0.4746033,0.5253967,375,371,0,test
0.20596895,0.7940311,376,1581,0,test
0.27732787,0.72267216,377,555,0,test
0.9706343,0.029365653,378,1335,0,test
0.9821045,0.017895525,379,926,0,test
0.0053525446,0.99464744,380,582,0,test
0.0059867795,0.99401325,381,175,0,test
0.026003584,0.97399634,382,733,0,test
0.988648,0.011352007,383,1553,0,test
0.95302075,0.04697922,384,1594,0,test
0.9845917,0.015408356,385,1777,0,test
0.08608734,0.91391265,386,334,0,test
0.9799841,0.020015921,387,777,0,test
0.9870252,0.012974795,388,495,0,test
0.004893724,0.99510634,389,916,0,test
0.9840719,0.015928052,390,610,0,test
0.0059117666,0.9940883,391,198,0,test
0.9165139,0.08348608,392,15,0,test
0.008772877,0.9912271,393,265,0,test
0.004830473,0.99516946,394,781,0,test
0.98722756,0.012772408,395,1089,0,test
0.9945269,0.005473073,396,990,0,test
0.98696774,0.013032248,397,1473,0,test
0.010350944,0.98964906,398,538,0,test
0.9672372,0.032762863,399,1543,0,test
0.012774477,0.9872255,400,1272,0,test
0.1887413,0.8112587,401,764,0,test
0.0061132335,0.99388677,402,433,0,test
0.005444612,0.99455535,403,199,0,test
0.74546057,0.25453946,404,745,0,test
0.94561625,0.05438381,405,1686,0,test
0.0064976574,0.9935023,406,617,0,test
0.09411147,0.9058885,407,1656,0,test
0.0071620117,0.99283797,408,1387,0,test
0.116587825,0.8834122,409,576,0,test
0.9887959,0.011204162,410,1296,0,test
0.23417804,0.76582193,411,715,0,test
0.0075086546,0.9924913,412,1342,0,test
0.9854989,0.014501162,413,1602,0,test
0.024679989,0.97532,414,1214,0,test
0.9666921,0.033307858,415,1476,0,test
0.9893556,0.010644312,416,310,0,test
0.00426805,0.995732,417,56,0,test
0.99006677,0.00993323,418,1468,0,test
0.9818439,0.018156173,419,1234,0,test
0.9852186,0.014781449,420,1589,0,test
0.009397809,0.99060225,421,43,0,test
0.0989179,0.90108216,422,100,0,test
0.9803044,0.019695602,423,274,0,test
0.01068899,0.989311,424,1273,0,test
0.005177537,0.9948225,425,353,0,test
0.0058190767,0.99418086,426,101,0,test
0.0070463354,0.9929537,427,808,0,test
0.7106429,0.2893572,428,107,0,test
0.8525518,0.14744812,429,907,0,test
0.006067838,0.9939322,430,1801,0,test
0.22440907,0.7755909,431,798,0,test
0.9728377,0.027162353,432,746,0,test
0.9751526,0.024847377,433,637,0,test
0.0062967697,0.9937032,434,518,0,test
0.99370533,0.0062946156,435,893,0,test
0.009581313,0.99041873,436,426,0,test
0.9616091,0.038390886,437,1440,0,test
0.989129,0.010871063,438,1519,0,test
0.97180027,0.028199792,439,128,0,test
0.9811211,0.018878844,440,514,0,test
0.0045511676,0.99544877,441,1535,0,test
0.9902828,0.009717209,442,1364,0,test
0.20734878,0.79265124,443,1330,0,test
0.89939356,0.10060646,444,1452,0,test
0.97971296,0.020287069,445,529,0,test
0.99269617,0.007303888,446,982,0,test
0.9640056,0.03599437,447,867,0,test
0.039083768,0.96091616,448,964,0,test
0.0043515204,0.99564844,449,650,0,test
0.67616147,0.32383853,450,1696,0,test
0.006293623,0.9937064,451,1418,0,test
0.0055716024,0.9944284,452,976,0,test
0.0054293117,0.9945707,453,1399,0,test
0.99216217,0.007837878,454,1678,0,test
0.83615106,0.1638489,455,1588,0,test
0.13139702,0.868603,456,940,0,test
0.98429966,0.0157004,457,1607,0,test
0.98925763,0.0107423505,458,405,0,test
0.9895371,0.010462903,459,1412,0,test
0.008902031,0.991098,460,1510,0,test
0.9871122,0.012887767,461,1341,0,test
0.04167489,0.95832515,462,590,0,test
0.20605913,0.7939409,463,543,0,test
0.004946834,0.99505323,464,483,0,test
0.9885483,0.011451781,465,226,0,test
0.0066324333,0.9933676,466,231,0,test
0.005241728,0.9947583,467,1721,0,test
0.015547961,0.984452,468,1554,0,test
0.9826622,0.017337821,469,599,0,test
0.23447433,0.76552564,470,163,0,test
0.0044745533,0.9955254,471,1131,0,test
0.99408853,0.0059114723,472,670,0,test
0.97786045,0.02213953,473,266,0,test
0.004524141,0.9954758,474,148,0,test
0.2624387,0.7375613,475,986,0,test
0.0054153604,0.9945846,476,886,0,test
0.98901457,0.010985384,477,1133,0,test
0.0047239354,0.9952761,478,701,0,test
0.68186337,0.31813663,479,1795,0,test
0.048200697,0.95179933,480,306,0,test
0.02912004,0.97088,481,192,0,test
0.0051530427,0.99484694,482,1325,0,test
0.9821508,0.017849207,483,309,0,test
0.5767522,0.4232478,484,705,0,test
0.99043334,0.009566643,485,63,0,test
0.02785394,0.9721461,486,984,0,test
0.17598246,0.8240175,487,1811,0,test
0.44456205,0.5554379,488,1695,0,test
0.0045930487,0.995407,489,1265,0,test
0.99109846,0.008901493,490,506,0,test
0.74897337,0.2510266,491,1067,0,test
0.9859676,0.014032494,492,1061,0,test
0.005967701,0.9940323,493,1572,0,test
0.0047550327,0.9952449,494,906,0,test
0.005418133,0.9945819,495,1225,0,test
0.005059727,0.9949403,496,1200,0,test
0.09047708,0.9095229,497,532,0,test
0.8202499,0.17975007,498,1276,0,test
0.004845681,0.9951544,499,1049,0,test
0.0047881794,0.99521184,500,806,0,test
0.9861508,0.0138491895,501,218,0,test
0.8657664,0.13423358,502,694,0,test
0.9863095,0.013690497,503,286,0,test
0.9558918,0.0441082,504,584,0,test
0.5237921,0.47620794,505,1465,0,test
0.0063428334,0.9936572,506,1751,0,test
0.9561142,0.04388585,507,1819,0,test
0.13081165,0.86918837,508,361,0,test
0.17181964,0.8281803,509,1172,0,test
0.014056331,0.9859437,510,591,0,test
0.9878441,0.012155882,511,1309,0,test
0.0053134956,0.9946865,512,674,0,test
0.9564208,0.04357917,513,1498,0,test
0.99186254,0.008137516,514,1744,0,test
0.6793807,0.3206193,515,1750,0,test
0.97183144,0.02816853,516,1769,0,test
0.005461997,0.994538,517,680,0,test
0.005693274,0.99430674,518,765,0,test
0.031812716,0.9681873,519,1405,0,test
0.99101275,0.008987216,520,1616,0,test
0.9887954,0.011204648,521,711,0,test
0.8632638,0.13673623,522,903,0,test
0.0065232255,0.9934768,523,813,0,test
0.98441154,0.015588469,524,1293,0,test
0.005009999,0.99498993,525,1268,0,test
0.34147564,0.65852433,526,493,0,test
0.0042428784,0.99575704,527,1201,0,test
0.99362636,0.0063735973,528,277,0,test
0.01075083,0.9892491,529,1682,0,test
0.9926732,0.0073267133,530,358,0,test
0.005000517,0.9949995,531,1010,0,test
0.0045131333,0.9954868,532,236,0,test
0.0043685394,0.99563146,533,1701,0,test
0.9890239,0.010976072,534,759,0,test
0.9920806,0.007919402,535,208,0,test
0.0056846454,0.9943153,536,1261,0,test
0.0056136814,0.9943863,537,1424,0,test
0.0045870706,0.995413,538,58,0,test
0.0067397775,0.9932602,539,1448,0,test
0.9899408,0.010059132,540,1441,0,test
0.01049166,0.9895083,541,363,0,test
0.96532327,0.034676727,542,1680,0,test
0.98965746,0.010342486,543,567,0,test
0.005553242,0.99444675,544,1108,0,test
0.005177512,0.9948225,545,1464,0,test
0.9943336,0.005666447,546,1389,0,test
0.010007734,0.9899922,547,710,0,test
0.9886751,0.011324865,548,1323,0,test
0.004416874,0.9955831,549,979,0,test
0.004450384,0.9955497,550,118,0,test
0.5776862,0.42231384,551,1144,0,test
0.03453826,0.9654617,552,1763,0,test
0.007114022,0.992886,553,522,0,test
0.9806353,0.019364713,554,513,0,test
0.051199548,0.9488005,555,81,0,test
0.990585,0.009414964,556,613,0,test
0.14727342,0.8527266,557,855,0,test
0.005151044,0.9948489,558,380,0,test
0.0053750994,0.9946249,559,1544,0,test
0.9785977,0.021402264,560,84,0,test
0.9935082,0.0064917435,561,1545,0,test
0.9884792,0.011520762,562,329,0,test
0.0062554036,0.9937447,563,938,0,test
0.0057109087,0.99428904,564,629,0,test
0.52325165,0.47674838,565,1450,0,test
0.4380085,0.5619915,566,774,0,test
0.9729513,0.027048754,567,1428,0,test
0.99282116,0.007178894,568,451,0,test
0.101128295,0.8988717,569,490,0,test
0.3500747,0.6499253,570,1348,0,test
0.9563688,0.04363121,571,287,0,test
0.9797864,0.020213602,572,771,0,test
0.006211954,0.99378806,573,1806,0,test
0.98196286,0.018037157,574,1244,0,test
0.9589148,0.04108523,575,643,0,test
0.13644499,0.863555,576,596,0,test
0.9814092,0.018590752,577,1315,0,test
0.0047172364,0.9952827,578,743,0,test
0.006543528,0.9934564,579,1681,0,test
0.992101,0.007899022,580,1137,0,test
0.0047943094,0.9952057,581,1509,0,test
0.0052114488,0.9947885,582,327,0,test
0.9636444,0.036355637,583,1359,0,test
0.9886902,0.011309792,584,820,0,test
0.4858818,0.51411825,585,1669,0,test
0.005285935,0.9947141,586,780,0,test
0.10301367,0.8969863,587,1650,0,test
0.9738921,0.026107874,588,177,0,test
0.88634336,0.11365665,589,1537,0,test
0.9928706,0.007129431,590,817,0,test
0.032312784,0.96768725,591,86,0,test
0.98717,0.012830028,592,1280,0,test
0.0053410265,0.994659,593,1726,0,test
0.9900842,0.009915771,594,457,0,test
0.93420035,0.06579971,595,54,0,test
0.015215549,0.9847845,596,1368,0,test
0.9764361,0.023563925,597,221,0,test
0.08638637,0.9136137,598,113,0,test
0.006510667,0.9934894,599,1258,0,test
0.9746235,0.025376512,600,1125,0,test
0.005093626,0.9949064,601,1761,0,test
0.012364194,0.9876358,602,174,0,test
0.94461167,0.055388317,603,941,0,test
0.98966306,0.010336929,604,589,0,test
0.009173206,0.9908268,605,1423,0,test
0.006282908,0.9937171,606,18,0,test
0.029021258,0.9709788,607,423,0,test
0.99177164,0.008228343,608,1221,0,test
0.0064415075,0.99355847,609,285,0,test
0.40011656,0.59988344,610,1447,0,test
0.017125282,0.98287475,611,428,0,test
0.011147368,0.9888526,612,1376,0,test
0.0064825118,0.9935175,613,1614,0,test
0.9930086,0.0069913734,614,31,0,test
0.9799753,0.020024685,615,792,0,test
0.010834611,0.98916537,616,836,0,test
0.794183,0.20581701,617,214,0,test
0.99047464,0.009525423,618,1745,0,test
0.057184797,0.94281524,619,326,0,test
0.02342475,0.9765753,620,560,0,test
0.00478304,0.99521697,621,1013,0,test
0.9881721,0.011827909,622,631,0,test
0.9639171,0.03608295,623,1090,0,test
0.005173456,0.9948265,624,341,0,test
0.98222244,0.017777577,625,147,0,test
0.9923798,0.0076201926,626,360,0,test
0.034548726,0.96545124,627,83,0,test
0.9945826,0.005417377,628,48,0,test
0.7124418,0.28755823,629,468,0,test
0.0050657266,0.99493426,630,155,0,test
0.013442844,0.9865572,631,1100,0,test
0.98373747,0.016262533,632,1718,0,test
0.9737883,0.02621162,633,1102,0,test
0.005477965,0.994522,634,1489,0,test
0.58552456,0.41447538,635,500,0,test
0.0052459184,0.9947541,636,179,0,test
0.0051639033,0.9948361,637,1118,0,test
0.9925141,0.00748589,638,1022,0,test
0.006180298,0.99381965,639,741,0,test
0.0765857,0.92341435,640,1480,0,test
0.004486643,0.9955134,641,528,0,test
0.010732402,0.9892675,642,346,0,test
0.0077768564,0.9922232,643,1262,0,test
0.00580136,0.9941987,644,1781,0,test
0.011967226,0.9880328,645,1419,0,test
0.012022521,0.9879775,646,1366,0,test
0.97484994,0.025150055,647,849,0,test
0.98140484,0.01859511,648,601,0,test
0.008108701,0.99189126,649,1193,0,test
0.7557118,0.24428825,650,243,0,test
0.95779413,0.042205825,651,754,0,test
0.009698038,0.9903019,652,1344,0,test
0.97137487,0.028625064,653,312,0,test
0.8091478,0.1908522,654,435,0,test
0.00441846,0.99558157,655,1725,0,test
0.15217113,0.84782887,656,787,0,test
0.28185672,0.7181433,657,308,0,test
0.8021479,0.19785205,658,430,0,test
0.98987716,0.01012286,659,370,0,test
0.02417093,0.97582906,660,566,0,test
0.97643876,0.02356126,661,862,0,test
0.91998106,0.08001891,662,181,0,test
0.06621,0.93378997,663,1222,0,test
0.99293536,0.0070646713,664,621,0,test
0.9911187,0.008881235,665,692,0,test
0.99030113,0.00969891,666,1360,0,test
0.9849355,0.015064468,667,1759,0,test
0.1292178,0.8707822,668,1676,0,test
0.9884128,0.011587232,669,296,0,test
0.746485,0.253515,670,1210,0,test
0.90686613,0.093133815,671,461,0,test
0.9866268,0.013373225,672,1187,0,test
0.789676,0.21032406,673,1000,0,test
0.034569904,0.96543014,674,377,0,test
0.8612502,0.1387498,675,1814,0,test
0.9245161,0.075483896,676,105,0,test
0.9274285,0.07257157,677,126,0,test
0.006035179,0.99396485,678,1037,0,test
0.0051716007,0.9948284,679,707,0,test
0.037188448,0.9628115,680,355,0,test
0.31942436,0.68057567,681,1477,0,test
0.5759444,0.42405558,682,682,0,test
0.011265872,0.9887341,683,1772,0,test
0.9875666,0.012433438,684,736,0,test
0.0052858046,0.9947142,685,209,0,test
0.7946709,0.20532915,686,1639,0,test
0.0046143048,0.9953857,687,140,0,test
0.005765016,0.994235,688,1307,0,test
0.99148554,0.008514442,689,1217,0,test
0.98802245,0.011977548,690,1483,0,test
0.98400474,0.01599525,691,1592,0,test
0.98985744,0.010142632,692,985,0,test
0.6435124,0.3564876,693,755,0,test
0.9217734,0.0782266,694,1204,0,test
0.9909738,0.009026262,695,1429,0,test
0.0052840225,0.994716,696,1284,0,test
0.97273386,0.027266117,697,10,0,test
0.0045009563,0.9954991,698,1550,0,test
0.0056857234,0.99431425,699,1030,0,test
0.98947364,0.010526359,700,282,0,test
0.0045998376,0.99540013,701,291,0,test
0.95793235,0.042067584,702,626,0,test
0.97271687,0.027283134,703,1603,0,test
0.9938871,0.0061128275,704,1269,0,test
0.018873539,0.9811265,705,129,0,test
0.97556394,0.024436036,706,1079,0,test
0.0067729778,0.99322706,707,323,0,test
0.99188364,0.008116391,708,974,0,test
0.008802235,0.99119776,709,712,0,test
0.0046277717,0.99537224,710,810,0,test
0.0068630334,0.993137,711,1698,0,test
0.008888427,0.9911116,712,730,0,test
0.9775179,0.02248214,713,1220,0,test
0.9874533,0.01254677,714,1417,0,test
0.021339979,0.97866005,715,946,0,test
0.011189854,0.9888101,716,900,0,test
0.19366416,0.80633587,717,158,0,test
0.5543149,0.44568515,718,1432,0,test
0.9649497,0.035050288,719,634,0,test
0.07193469,0.9280653,720,516,0,test
0.13989253,0.8601074,721,1299,0,test
0.0069044204,0.9930956,722,597,0,test
0.036368378,0.96363163,723,195,0,test
0.9930975,0.0069025303,724,1502,0,test
0.006008529,0.99399143,725,1223,0,test
0.94865197,0.05134797,726,410,0,test
0.97524023,0.024759745,727,96,0,test
0.47125992,0.52874005,728,841,0,test
0.98212355,0.017876463,729,1216,0,test
0.45465496,0.545345,730,156,0,test
0.9742439,0.025756156,731,419,0,test
0.98701596,0.012984093,732,917,0,test
0.19400336,0.8059966,733,477,0,test
0.9752015,0.02479847,734,1460,0,test
0.9922916,0.0077083507,735,668,0,test
0.9332001,0.0667999,736,1331,0,test
0.8128342,0.18716583,737,925,0,test
0.00481888,0.99518114,738,1185,0,test
0.008589586,0.99141043,739,447,0,test
0.0069235866,0.99307644,740,1654,0,test
0.9937728,0.0062272684,741,178,0,test
0.0053588497,0.9946412,742,390,0,test
0.0075912056,0.99240875,743,578,0,test
0.9819257,0.018074239,744,1620,0,test
0.01728964,0.9827103,745,1562,0,test
0.9784929,0.021507038,746,1501,0,test
0.006402101,0.99359787,747,1503,0,test
0.9894503,0.010549763,748,1023,0,test
0.007807876,0.9921921,749,1237,0,test
0.3076407,0.6923593,750,1401,0,test
0.031030029,0.96897,751,1527,0,test
0.0062074284,0.9937926,752,664,0,test
0.7039977,0.2960024,753,142,0,test
0.1956607,0.80433935,754,1383,0,test
0.9669163,0.033083722,755,1463,0,test
0.59471446,0.4052855,756,421,0,test
0.075528465,0.9244715,757,636,0,test
0.005154097,0.99484587,758,1278,0,test
0.9659284,0.03407165,759,942,0,test
0.01315257,0.98684746,760,615,0,test
0.058574837,0.9414251,761,294,0,test
0.9924784,0.007521572,762,1157,0,test
0.72656065,0.27343935,763,1729,0,test
0.005602864,0.99439716,764,88,0,test
0.0050975257,0.9949025,765,41,0,test
0.123519376,0.8764806,766,1642,0,test
0.018013546,0.9819865,767,1757,0,test
0.9713605,0.028639564,768,131,0,test
0.0044864165,0.9955136,769,1128,0,test
0.4140775,0.5859225,770,1767,0,test
0.9607127,0.039287303,771,1453,0,test
0.012043858,0.9879561,772,1689,0,test
0.025317067,0.974683,773,997,0,test
0.4069687,0.5930313,774,164,0,test
0.9779149,0.022085119,775,724,0,test
0.97231185,0.027688148,776,290,0,test
0.09400983,0.9059901,777,1723,0,test
0.0050915363,0.9949085,778,1783,0,test
0.9812056,0.018794421,779,778,0,test
0.99035865,0.009641408,780,348,0,test
0.007930525,0.9920695,781,571,0,test
0.9908619,0.009138124,782,819,0,test
0.006522363,0.9934776,783,1716,0,test
0.018749053,0.9812509,784,1063,0,test
0.0044413614,0.9955586,785,1454,0,test
0.0046046954,0.99539524,786,1198,0,test
0.0062537636,0.99374616,787,861,0,test
0.012550487,0.9874495,788,458,0,test
0.0050010984,0.99499893,789,375,0,test
0.731899,0.26810092,790,333,0,test
0.9693701,0.030629938,791,1208,0,test
0.0091541475,0.99084586,792,1605,0,test
0.9819727,0.018027337,793,1523,0,test
0.029328205,0.97067183,794,1041,0,test
0.0045289756,0.995471,795,844,0,test
0.007220181,0.9927798,796,1691,0,test
0.0057204156,0.9942796,797,818,0,test
0.0056859935,0.9943141,798,1753,0,test
0.1527111,0.84728885,799,1197,0,test
0.32160032,0.6783997,800,328,0,test
0.7984815,0.20151846,801,889,0,test
0.9368031,0.06319692,802,318,0,test
0.14455108,0.8554489,803,1504,0,test
0.0040862043,0.9959138,804,1235,0,test
0.0043925093,0.99560744,805,1583,0,test
0.9899178,0.010082203,806,167,0,test
0.0059238374,0.99407613,807,12,0,test
0.0066808313,0.99331915,808,171,0,test
0.9851023,0.014897698,809,649,0,test
0.9871652,0.012834789,810,260,0,test
0.01037306,0.9896269,811,1112,0,test
0.0068025175,0.99319756,812,1281,0,test
0.98396,0.016040025,813,672,0,test
0.005653058,0.9943469,814,258,0,test
0.98612136,0.0138786705,815,1815,0,test
0.90030277,0.099697255,816,138,0,test
0.0041913018,0.9958087,817,1674,0,test
0.08693804,0.913062,818,549,0,test
0.081294246,0.9187057,819,1242,0,test
0.005953705,0.99404633,820,1393,0,test
0.9846689,0.015331084,821,1132,0,test
0.959182,0.040817916,822,1170,0,test
0.006847684,0.99315226,823,558,0,test
0.0054502105,0.9945498,824,139,0,test
0.99311066,0.006889344,825,1738,0,test
0.9385818,0.061418157,826,531,0,test
0.59439254,0.40560746,827,224,0,test
0.0056374106,0.9943626,828,723,0,test
0.96542823,0.034571726,829,786,0,test
0.03968649,0.96031344,830,845,0,test
0.010040779,0.9899593,831,409,0,test
0.9660352,0.033964835,832,325,0,test
0.9617765,0.038223457,833,988,0,test
0.0069122645,0.9930877,834,299,0,test
0.9093419,0.09065809,835,1699,0,test
0.9854918,0.014508175,836,1087,0,test
0.0051985392,0.9948015,837,963,0,test
0.2128834,0.78711665,838,1692,0,test
0.97238195,0.027617993,839,714,0,test
0.9767312,0.023268858,840,193,0,test
0.004439511,0.9955605,841,440,0,test
0.9914517,0.008548396,842,573,0,test
0.03193619,0.96806383,843,503,0,test
0.9256389,0.074361056,844,605,0,test
0.004985905,0.99501413,845,1068,0,test
0.004515587,0.9954845,846,1629,0,test
0.9933976,0.0066023697,847,846,0,test
0.0051099556,0.99489,848,3,0,test
0.0074578263,0.99254215,849,1055,0,test
0.3795897,0.6204103,850,1121,0,test
0.032071088,0.9679289,851,467,0,test
0.99109566,0.00890438,852,321,0,test
0.9926185,0.007381447,853,5,0,test
0.09331605,0.9066839,854,222,0,test
0.004840579,0.99515945,855,547,0,test
0.0063405675,0.99365944,856,228,0,test
0.0048195524,0.9951805,857,39,0,test
0.9208991,0.07910089,858,542,0,test
0.006404437,0.99359554,859,242,0,test
0.9927315,0.0072685354,860,1289,0,test
0.98401445,0.01598561,861,136,0,test
0.9713613,0.02863867,862,1259,0,test
0.005366517,0.99463344,863,1601,0,test
0.017677067,0.982323,864,1436,0,test
0.68199545,0.31800458,865,869,0,test
0.0072095217,0.99279046,866,829,0,test
0.7509857,0.24901429,867,445,0,test
0.0062020123,0.99379796,868,842,0,test
0.98698646,0.013013555,869,1649,0,test
0.007944783,0.99205524,870,1290,0,test
0.012774442,0.9872256,871,1442,0,test
0.98333216,0.016667837,872,1663,0,test
0.9910847,0.008915356,873,581,0,test
0.004991445,0.9950086,874,1609,0,test
0.0049201082,0.9950799,875,1790,0,test
0.02486194,0.9751381,876,661,0,test
0.25689557,0.74310446,877,436,0,test
0.0046432917,0.99535674,878,1690,0,test
0.9045886,0.09541142,879,376,0,test
0.004169983,0.99583,880,1345,0,test
0.62115633,0.37884364,881,1320,0,test
0.9927939,0.007206051,882,314,0,test
0.15352634,0.84647363,883,442,0,test
0.99139786,0.008602159,884,1627,0,test
0.0058888574,0.9941111,885,319,0,test
0.97062397,0.02937601,886,281,0,test
0.9775032,0.022496803,887,1578,0,test
0.80216694,0.197833,888,1091,0,test
0.26892772,0.73107225,889,1370,0,test
0.98759204,0.012407923,890,424,0,test
0.012628017,0.98737204,891,553,0,test
0.0044679516,0.99553204,892,594,0,test
0.005737222,0.99426275,893,1784,0,test
0.9819563,0.018043717,894,368,0,test
0.9254852,0.07451483,895,1636,0,test
0.005439575,0.9945604,896,936,0,test
0.013694346,0.9863056,897,1074,0,test
0.005132855,0.9948671,898,1475,0,test
0.99024,0.009760077,899,901,0,test
0.9826753,0.01732465,900,227,0,test
0.9875967,0.012403308,901,1165,0,test
0.9818503,0.018149674,902,1587,0,test
0.70065093,0.299349,903,1209,0,test
0.02234182,0.97765815,904,987,0,test
0.99095637,0.009043602,905,66,0,test
0.6726892,0.32731074,906,393,0,test
0.99336433,0.0066356473,907,579,0,test
0.98876905,0.011230944,908,24,0,test
0.010462261,0.9895377,909,211,0,test
0.99022335,0.009776672,910,1402,0,test
0.004536646,0.9954633,911,144,0,test
0.9782954,0.021704637,912,536,0,test
0.14667799,0.853322,913,811,0,test
0.00420223,0.99579775,914,1026,0,test
0.98490995,0.0150900595,915,949,0,test
0.9536016,0.046398394,916,85,0,test
0.99365294,0.006347036,917,1643,0,test
0.8264271,0.1735729,918,272,0,test
0.006603755,0.9933962,919,1175,0,test
0.9832517,0.016748276,920,1084,0,test
0.008953661,0.99104637,921,948,0,test
0.0050064893,0.9949935,922,1645,0,test
0.0053401394,0.99465984,923,630,0,test
0.012902685,0.9870974,924,1249,0,test
0.004975009,0.995025,925,1703,0,test
0.99261934,0.0073807277,926,939,0,test
0.009631351,0.99036866,927,1580,0,test
0.9805828,0.019417197,928,1050,0,test
0.010458618,0.98954135,929,505,0,test
0.011134351,0.9888657,930,273,0,test
0.7422886,0.25771135,931,507,0,test
0.059037328,0.9409627,932,1617,0,test
0.9227323,0.077267714,933,362,0,test
0.006123411,0.99387664,934,1472,0,test
0.99062,0.009379918,935,1058,0,test
0.005717047,0.99428296,936,622,0,test
0.0053400234,0.99465996,937,2,0,test
0.34544647,0.65455353,938,6,0,test
0.0049768267,0.99502325,939,1116,0,test
0.89126873,0.10873126,940,311,0,test
0.9633419,0.036658116,941,1232,0,test
0.007724675,0.9922753,942,950,0,test
0.004931376,0.99506867,943,665,0,test
0.8479008,0.15209922,944,364,0,test
0.021892844,0.97810715,945,1793,0,test
0.0047117816,0.99528825,946,215,0,test
0.0056195618,0.9943804,947,1561,0,test
0.04994945,0.95005053,948,27,0,test
0.9845109,0.015489128,949,1466,0,test
0.9362523,0.06374772,950,525,0,test
0.0067206593,0.9932794,951,1671,0,test
0.9899961,0.010003941,952,1018,0,test
0.98580813,0.014191845,953,638,0,test
0.0072885053,0.99271154,954,302,0,test
0.98637855,0.013621496,955,718,0,test
0.98067987,0.019320168,956,691,0,test
0.9551458,0.04485417,957,1644,0,test
0.7873608,0.21263923,958,1809,0,test
0.0056088152,0.99439114,959,624,0,test
0.8822321,0.117767885,960,7,0,test
0.0048320945,0.995168,961,256,0,test
0.98399156,0.01600845,962,803,0,test
0.0051803957,0.9948196,963,25,0,test
0.009918338,0.9900816,964,336,0,test
0.012133937,0.98786604,965,572,0,test
0.98937875,0.010621289,966,47,0,test
0.0043601315,0.9956398,967,1347,0,test
0.8716279,0.12837206,968,106,0,test
0.015782606,0.9842174,969,349,0,test
0.0065963306,0.99340373,970,55,0,test
0.004459423,0.99554056,971,238,0,test
0.28863987,0.71136016,972,213,0,test
0.99153686,0.008463183,973,120,0,test
0.96351886,0.03648116,974,1146,0,test
0.9857701,0.014229868,975,1813,0,test
0.9873739,0.0126260845,976,793,0,test
0.9079618,0.0920382,977,72,0,test
0.39277488,0.60722506,978,922,0,test
0.969702,0.03029798,979,812,0,test
0.9872047,0.012795277,980,1575,0,test
0.98436075,0.015639214,981,77,0,test
0.005380945,0.994619,982,944,0,test
0.9724336,0.027566345,983,1029,0,test
0.98506355,0.014936517,984,45,0,test
0.6045975,0.39540252,985,1623,0,test
0.2882984,0.71170163,986,523,0,test
0.9921687,0.007831331,987,232,0,test
0.7476767,0.2523233,988,644,0,test
0.006731331,0.99326867,989,1338,0,test
0.008619768,0.99138016,990,1374,0,test
0.9769974,0.023002617,991,1181,0,test
0.98985785,0.010142105,992,533,0,test
0.98721015,0.012789857,993,1329,0,test
0.044143733,0.95585626,994,1375,0,test
0.99122435,0.008775587,995,603,0,test
0.004134004,0.99586606,996,465,0,test
0.055972394,0.94402766,997,1469,0,test
0.74620986,0.25379008,998,788,0,test
0.6235907,0.37640935,999,1547,0,test
0.99149793,0.008502005,1000,1080,0,test
0.99187636,0.008123649,1001,1188,0,test
0.89129364,0.10870638,1002,60,0,test
0.9840927,0.015907278,1003,1190,0,test
0.9776192,0.022380877,1004,1655,0,test
0.97710973,0.022890275,1005,92,0,test
0.9917772,0.008222858,1006,666,0,test
0.0044253916,0.9955746,1007,1009,0,test
0.95852363,0.041476298,1008,1542,0,test
0.022629915,0.9773701,1009,194,0,test
0.82409436,0.17590562,1010,280,0,test
0.9735488,0.02645117,1011,695,0,test
0.009214655,0.99078536,1012,1518,0,test
0.02591493,0.97408503,1013,359,0,test
0.66575724,0.3342428,1014,1142,0,test
0.981316,0.018684028,1015,519,0,test
0.9883159,0.011684053,1016,1318,0,test
0.00413188,0.9958681,1017,1106,0,test
0.8439055,0.15609448,1018,1764,0,test
0.0049957572,0.99500424,1019,1073,0,test
0.005168183,0.9948318,1020,847,0,test
0.98888737,0.011112673,1021,182,0,test
0.6445839,0.35541612,1022,1317,0,test
0.0043078144,0.9956922,1023,1253,0,test
0.9888276,0.011172382,1024,110,0,test
0.5233781,0.47662193,1025,42,0,test
0.9890219,0.0109780235,1026,125,0,test
0.4749003,0.5250997,1027,204,0,test
0.9874303,0.012569753,1028,52,0,test
0.981532,0.018468007,1029,545,0,test
0.005232978,0.99476707,1030,68,0,test
0.009309482,0.9906906,1031,1231,0,test
0.9859881,0.014011912,1032,1737,0,test
0.0056590494,0.9943409,1033,183,0,test
0.9760577,0.02394231,1034,137,0,test
0.00560765,0.99439234,1035,899,0,test
0.9861682,0.013831826,1036,796,0,test
0.004164686,0.9958353,1037,132,0,test
0.9730347,0.026965301,1038,80,0,test
0.022068284,0.9779317,1039,1406,0,test
0.2952825,0.70471746,1040,541,0,test
0.07340804,0.92659193,1041,1457,0,test
0.8509414,0.14905858,1042,983,0,test
0.005865605,0.99413437,1043,165,0,test
0.44769165,0.5523083,1044,248,0,test
0.9868591,0.01314094,1045,446,0,test
0.040278405,0.9597216,1046,1054,0,test
0.8432161,0.15678392,1047,858,0,test
0.7466561,0.25334388,1048,1110,0,test
0.9581257,0.0418743,1049,97,0,test
0.01864196,0.981358,1050,1794,0,test
0.9880981,0.011901858,1051,737,0,test
0.98299223,0.017007792,1052,1555,0,test
0.006680971,0.99331903,1053,102,0,test
0.00466215,0.99533784,1054,434,0,test
0.34227383,0.65772617,1055,74,0,test
0.3662375,0.6337625,1056,1634,0,test
0.9524927,0.04750727,1057,1101,0,test
0.0064664637,0.9935335,1058,918,0,test
0.81780875,0.18219125,1059,1566,0,test
0.9863201,0.01367994,1060,1766,0,test
0.99205095,0.007949041,1061,1481,0,test
0.6759648,0.3240352,1062,762,0,test
0.9885438,0.011456116,1063,989,0,test
0.07527991,0.92472017,1064,388,0,test
0.0041474253,0.9958526,1065,235,0,test
0.0056238156,0.9943762,1066,267,0,test
0.99251795,0.007481993,1067,1105,0,test
0.025617383,0.97438264,1068,117,0,test
0.0060459115,0.9939541,1069,1467,0,test
0.011760845,0.98823917,1070,673,0,test
0.007391694,0.99260825,1071,249,0,test
0.0049695023,0.9950305,1072,1322,0,test
0.99020267,0.00979731,1073,94,0,test
0.0063432297,0.9936567,1074,33,0,test
0.0046987496,0.99530125,1075,1333,0,test
0.009055992,0.990944,1076,1526,0,test
0.15642077,0.8435792,1077,448,0,test
0.0046442132,0.99535584,1078,716,0,test
0.51986635,0.48013362,1079,1512,0,test
0.0068524946,0.99314743,1080,1384,0,test
0.99263656,0.0073633636,1081,0,0,test
0.017376479,0.9826235,1082,1251,0,test
0.07086251,0.92913747,1083,82,0,test
0.033692237,0.9663078,1084,1176,0,test
0.004795966,0.9952041,1085,676,0,test
0.9768123,0.023187743,1086,1532,0,test
0.99027526,0.009724764,1087,1046,0,test
0.9814162,0.018583786,1088,770,0,test
0.005670691,0.9943294,1089,1114,0,test
0.00698636,0.9930137,1090,1169,0,test
0.0053799828,0.99461997,1091,1444,0,test
0.026773525,0.9732265,1092,1356,0,test
0.0046105264,0.99538946,1093,404,0,test
0.9672115,0.032788455,1094,1626,0,test
0.73881185,0.26118815,1095,1427,0,test
0.9918029,0.008197111,1096,104,0,test
0.98815584,0.011844171,1097,688,0,test
0.98699605,0.013003956,1098,1189,0,test
0.09558976,0.9044103,1099,826,0,test
0.92613655,0.07386347,1100,62,0,test
0.010692184,0.9893078,1101,852,0,test
0.010581416,0.98941857,1102,1230,0,test
0.91627866,0.0837213,1103,223,0,test
0.9920888,0.007911183,1104,145,0,test
0.20284954,0.79715043,1105,1088,0,test
0.9655907,0.034409255,1106,373,0,test
0.9922564,0.0077436166,1107,1593,0,test
0.96675426,0.033245705,1108,1665,0,test
0.004798648,0.99520135,1109,1361,0,test
0.97708875,0.022911256,1110,1571,0,test
0.9900191,0.009980951,1111,1160,0,test
0.008020055,0.99197996,1112,9,0,test
0.006172636,0.9938274,1113,449,0,test
0.78555226,0.21444772,1114,708,0,test
0.0069288635,0.99307114,1115,255,0,test
0.015706062,0.984294,1116,882,0,test
0.98890173,0.011098233,1117,389,0,test
0.26507983,0.73492014,1118,908,0,test
0.033921614,0.96607834,1119,924,0,test
0.00502627,0.9949738,1120,1559,0,test
0.9710253,0.028974645,1121,1350,0,test
0.1522127,0.8477873,1122,460,0,test
0.1887541,0.8112459,1123,1159,0,test
0.9802295,0.019770497,1124,958,0,test
0.0069061792,0.99309385,1125,501,0,test
0.004676524,0.9953235,1126,739,0,test
0.90788776,0.09211223,1127,1800,0,test
0.0044016927,0.9955983,1128,868,0,test
0.104143225,0.8958568,1129,731,0,test
0.9763272,0.023672774,1130,539,0,test
0.007827598,0.99217236,1131,697,0,test
0.9696017,0.030398294,1132,1768,0,test
0.012198753,0.98780125,1133,1252,0,test
0.09902611,0.90097386,1134,1031,0,test
0.9897307,0.010269343,1135,372,0,test
0.9911869,0.008813083,1136,667,0,test
0.009120977,0.990879,1137,1392,0,test
0.019732188,0.98026776,1138,357,0,test
0.9928349,0.0071650604,1139,967,0,test
0.007888293,0.9921117,1140,783,0,test
0.004789038,0.99521095,1141,735,0,test
0.0041117272,0.9958883,1142,1035,0,test
0.004623929,0.995376,1143,970,0,test
0.93228406,0.06771593,1144,1391,0,test
0.9920284,0.007971586,1145,1624,0,test
0.005090696,0.99490935,1146,1358,0,test
0.9709184,0.029081546,1147,1549,0,test
0.9913306,0.008669418,1148,1670,0,test
0.009701007,0.990299,1149,885,0,test
0.9688092,0.031190753,1150,79,0,test
0.007413996,0.99258596,1151,814,0,test
0.013055263,0.98694474,1152,1173,0,test
0.017192148,0.9828079,1153,671,0,test
0.9914198,0.008580186,1154,1474,0,test
0.13954887,0.86045116,1155,57,0,test
0.005027556,0.99497247,1156,133,0,test
0.06653185,0.93346816,1157,1140,0,test
0.01098956,0.9890105,1158,933,0,test
0.8677828,0.13221723,1159,1540,0,test
0.97539616,0.024603872,1160,823,0,test
0.82182294,0.17817704,1161,504,0,test
0.2840126,0.71598744,1162,1619,0,test
0.98818356,0.011816478,1163,347,0,test
0.07031875,0.92968124,1164,386,0,test
0.004948152,0.9950518,1165,1024,0,test
0.5788725,0.42112747,1166,894,0,test
0.005930636,0.99406934,1167,828,0,test
0.009034962,0.990965,1168,1720,0,test
0.9894817,0.010518282,1169,475,0,test
0.41692016,0.5830799,1170,1340,0,test
0.0056151487,0.9943849,1171,1271,0,test
0.9879931,0.012006876,1172,652,0,test
0.0062153526,0.99378467,1173,172,0,test
0.0052398527,0.9947601,1174,1149,0,test
0.79115313,0.20884687,1175,38,0,test
0.9826318,0.017368127,1176,713,0,test
0.7806837,0.21931627,1177,90,0,test
0.0050125243,0.9949875,1178,1760,0,test
0.013155251,0.9868448,1179,875,0,test
0.0043491446,0.9956508,1180,1228,0,test
0.02367358,0.9763264,1181,1093,0,test
0.004858109,0.99514186,1182,1155,0,test
0.98232687,0.017673075,1183,1239,0,test
0.0057494314,0.99425054,1184,1779,0,test
0.984535,0.015465005,1185,499,0,test
0.050119307,0.94988066,1186,338,0,test
0.9904178,0.009582212,1187,28,0,test
0.98598856,0.014011424,1188,1205,0,test
0.0074816714,0.9925183,1189,1659,0,test
0.99181634,0.008183713,1190,945,0,test
0.98312885,0.016871152,1191,169,0,test
0.9619607,0.038039353,1192,1302,0,test
0.0090629645,0.99093705,1193,912,0,test
0.9173945,0.08260548,1194,491,0,test
0.0068390244,0.99316096,1195,953,0,test
0.007843137,0.99215686,1196,1097,0,test
0.98776567,0.012234302,1197,1032,0,test
0.9813623,0.018637773,1198,587,0,test
0.97976595,0.020234015,1199,750,0,test
0.008879802,0.99112016,1200,657,0,test
0.0086346455,0.9913653,1201,234,0,test
0.9890009,0.01099909,1202,732,0,test
0.9644902,0.03550978,1203,1491,0,test
0.14601608,0.85398394,1204,1156,0,test
0.00870321,0.99129677,1205,1339,0,test
0.9912917,0.008708277,1206,1487,0,test
0.98658097,0.013419074,1207,934,0,test
0.016244821,0.9837552,1208,1065,0,test
0.52214766,0.4778523,1209,108,0,test
0.9902688,0.009731117,1210,1407,0,test
0.010531242,0.98946875,1211,568,0,test
0.009343608,0.99065644,1212,1167,0,test
0.98971623,0.010283811,1213,1174,0,test
0.004287577,0.9957124,1214,890,0,test
0.6201068,0.37989318,1215,947,0,test
0.9916619,0.008338089,1216,1048,0,test
0.00435469,0.9956453,1217,1229,0,test
0.9792448,0.020755183,1218,1247,0,test
0.99152046,0.008479552,1219,1316,0,test
0.9836895,0.016310517,1220,884,0,test
0.84301317,0.1569869,1221,1530,0,test
0.9826099,0.01738999,1222,850,0,test
0.9709291,0.029070942,1223,734,0,test
0.0055825193,0.99441755,1224,717,0,test
0.978958,0.021041973,1225,454,0,test
0.015072196,0.9849278,1226,264,0,test
0.0068240133,0.99317604,1227,75,0,test
0.99091655,0.009083448,1228,444,0,test
0.903613,0.09638696,1229,395,0,test
0.97958905,0.020410974,1230,176,0,test
0.9881209,0.011879102,1231,1042,0,test
0.055878267,0.94412166,1232,1586,0,test
0.0068154833,0.9931845,1233,1274,0,test
0.013744285,0.9862557,1234,1255,0,test
0.3259701,0.6740299,1235,595,0,test
0.9927764,0.0072235726,1236,61,0,test
0.98733306,0.012666917,1237,872,0,test
0.0077200015,0.99228,1238,1357,0,test
0.88088614,0.11911383,1239,1710,0,test
0.7138381,0.28616187,1240,278,0,test
0.008161968,0.99183804,1241,36,0,test
0.9865153,0.013484657,1242,1610,0,test
0.087838165,0.9121618,1243,662,0,test
0.004318935,0.99568105,1244,1646,0,test
0.9291384,0.07086157,1245,1314,0,test
0.0049771476,0.9950229,1246,977,0,test
0.98780185,0.012198108,1247,1435,0,test
0.9917685,0.008231565,1248,738,0,test
0.9528837,0.04711627,1249,191,0,test
0.9865958,0.013404144,1250,919,0,test
0.9546238,0.045376174,1251,456,0,test
0.98909676,0.0109032225,1252,675,0,test
0.9535401,0.046459932,1253,760,0,test
0.90461695,0.095383026,1254,1647,0,test
0.94463307,0.055366993,1255,728,0,test
0.95093864,0.049061332,1256,412,0,test
0.9797141,0.020285921,1257,1098,0,test
0.9914078,0.008592193,1258,825,0,test
0.99052423,0.009475799,1259,1625,0,test
0.0040558707,0.9959441,1260,616,0,test
0.9796536,0.020346425,1261,114,0,test
0.0046156975,0.9953843,1262,417,0,test
0.45363942,0.54636055,1263,1735,0,test
0.61832196,0.38167807,1264,969,0,test
0.004699998,0.99529994,1265,604,0,test
0.011304275,0.98869574,1266,1742,0,test
0.09116531,0.9088347,1267,89,0,test
0.3328005,0.66719943,1268,848,0,test
0.009528252,0.9904717,1269,1386,0,test
0.99097615,0.009023843,1270,1741,0,test
0.014586327,0.9854137,1271,753,0,test
0.12935731,0.8706427,1272,498,0,test
0.004772771,0.9952272,1273,11,0,test
0.84143144,0.15856855,1274,396,0,test
0.03153408,0.9684659,1275,284,0,test
0.005222006,0.99477804,1276,1066,0,test
0.0088308165,0.9911692,1277,1191,0,test
0.9916488,0.0083512245,1278,690,0,test
0.9920696,0.007930413,1279,1490,0,test
0.015585058,0.98441494,1280,1707,0,test
0.98607385,0.013926194,1281,689,0,test
0.61578673,0.3842133,1282,851,0,test
0.29837015,0.7016299,1283,159,0,test
0.9909095,0.009090486,1284,895,0,test
0.97989744,0.020102534,1285,1574,0,test
0.9919607,0.0080392575,1286,257,0,test
0.0051323585,0.9948677,1287,335,0,test
0.0045791497,0.9954209,1288,1711,0,test
0.99252665,0.0074733556,1289,1039,0,test
0.9926031,0.007396941,1290,515,0,test
0.004462453,0.9955375,1291,1015,0,test
0.012802483,0.9871975,1292,768,0,test
0.012478073,0.98752195,1293,1595,0,test
0.8327377,0.16726236,1294,761,0,test
0.9770544,0.022945555,1295,1246,0,test
0.5844669,0.41553313,1296,1203,0,test
0.76351994,0.23648009,1297,1787,0,test
0.9461768,0.05382317,1298,1804,0,test
0.008609677,0.99139035,1299,521,0,test
0.0049362634,0.9950637,1300,22,0,test
0.9915249,0.008475124,1301,356,0,test
0.99002445,0.009975548,1302,1277,0,test
0.7486126,0.25138742,1303,1539,0,test
0.9711468,0.028853124,1304,340,0,test
0.005419413,0.99458057,1305,431,0,test
0.7057792,0.29422083,1306,473,0,test
0.96015286,0.039847128,1307,217,0,test
0.0047112536,0.9952887,1308,911,0,test
0.007906103,0.99209386,1309,1227,0,test
0.9932569,0.0067430413,1310,1458,0,test
0.020253962,0.97974604,1311,1011,0,test
0.99231553,0.00768444,1312,1771,0,test
0.9896012,0.01039883,1313,93,0,test
0.97589475,0.024105256,1314,1008,0,test
0.0053325947,0.9946674,1315,1070,0,test
0.973531,0.026468994,1316,1092,0,test
0.36477697,0.63522303,1317,1449,0,test
0.005333624,0.99466634,1318,1308,0,test
0.98581624,0.014183756,1319,696,0,test
0.99042577,0.009574282,1320,1635,0,test
0.005373488,0.99462646,1321,996,0,test
0.9862872,0.013712882,1322,153,0,test
0.010058759,0.9899413,1323,1099,0,test
0.2677023,0.7322977,1324,1573,0,test
0.0053364583,0.9946635,1325,1818,0,test
0.0071418793,0.9928582,1326,789,0,test
0.96445006,0.035549957,1327,580,0,test
0.9762873,0.023712702,1328,703,0,test
0.9915912,0.008408802,1329,1212,0,test
0.3585366,0.6414634,1330,1295,0,test
0.0049367556,0.99506325,1331,1524,0,test
0.013011313,0.98698866,1332,1260,0,test
0.9937597,0.0062403013,1333,487,0,test
0.98158294,0.018417053,1334,559,0,test
0.0053174663,0.9946825,1335,1141,0,test
0.98043984,0.019560123,1336,1119,0,test
0.003779765,0.9962203,1337,801,0,test
0.0057078716,0.99429214,1338,512,0,test
0.9875524,0.012447638,1339,633,0,test
0.98397875,0.016021237,1340,1420,0,test
0.98659676,0.013403276,1341,1630,0,test
0.98983455,0.010165468,1342,1150,0,test
0.010559377,0.9894406,1343,790,0,test
0.20883887,0.7911611,1344,116,0,test
0.939872,0.06012792,1345,740,0,test
0.021523034,0.97847694,1346,1081,0,test
0.13368928,0.8663107,1347,830,0,test
0.0068801697,0.99311984,1348,119,0,test
0.7320036,0.26799634,1349,656,0,test
0.007834838,0.9921652,1350,1732,0,test
0.021996139,0.97800386,1351,635,0,test
0.0050899084,0.99491006,1352,369,0,test
0.9782689,0.02173113,1353,268,0,test
0.9915417,0.008458295,1354,655,0,test
0.09420889,0.90579116,1355,935,0,test
0.9910294,0.00897064,1356,822,0,test
0.57040846,0.42959157,1357,866,0,test
0.46566883,0.53433114,1358,46,0,test
0.013541109,0.98645896,1359,1563,0,test
0.9843055,0.015694492,1360,991,0,test
0.005652871,0.99434716,1361,876,0,test
0.97084504,0.029154988,1362,773,0,test
0.9835262,0.016473847,1363,1219,0,test
0.4407133,0.5592867,1364,1820,0,test
0.990329,0.009670897,1365,4,0,test
0.98943007,0.01056987,1366,1003,0,test
0.9924551,0.0075449133,1367,1576,0,test
0.9913049,0.008695093,1368,263,0,test
0.9816031,0.018396914,1369,1433,0,test
0.010067388,0.98993266,1370,1668,0,test
0.9897995,0.010200559,1371,443,0,test
0.0059659868,0.994034,1372,1002,0,test
0.7050376,0.29496238,1373,1077,0,test
0.97673553,0.023264468,1374,837,0,test
0.004965295,0.9950347,1375,1633,0,test
0.0048266836,0.9951733,1376,304,0,test
0.67062813,0.32937184,1377,1365,0,test
0.119916975,0.880083,1378,1421,0,test
0.9925014,0.007498598,1379,313,0,test
0.0050691552,0.9949308,1380,149,0,test
0.14979993,0.8502001,1381,1148,0,test
0.7957823,0.20421769,1382,1213,0,test
0.9839256,0.016074395,1383,574,0,test
0.75230813,0.24769187,1384,50,0,test
0.0052823154,0.99471766,1385,1416,0,test
0.0062751784,0.9937249,1386,726,0,test
0.9908153,0.009184663,1387,833,0,test
0.80080694,0.19919305,1388,1377,0,test
0.0094848275,0.99051523,1389,1115,0,test
0.004578452,0.9954216,1390,1166,0,test
0.011761359,0.9882386,1391,470,0,test
0.037855554,0.9621444,1392,971,0,test
0.004088563,0.9959115,1393,653,0,test
0.9875393,0.01246071,1394,399,0,test
0.9847525,0.01524757,1395,511,0,test
0.004969172,0.99503076,1396,320,0,test
0.9886003,0.011399678,1397,19,0,test
0.008335328,0.9916646,1398,684,0,test
0.011331173,0.98866886,1399,35,0,test
0.93445426,0.06554579,1400,902,0,test
0.21384978,0.7861502,1401,827,0,test
0.888579,0.111421,1402,1812,0,test
0.97680706,0.02319296,1403,407,0,test
0.0077999015,0.9922001,1404,920,0,test
0.9643232,0.035676792,1405,537,0,test
0.9849316,0.015068482,1406,758,0,test
0.37542304,0.6245769,1407,1062,0,test
0.0044217925,0.9955782,1408,1199,0,test
0.035233635,0.9647664,1409,245,0,test
0.98604345,0.013956477,1410,1127,0,test
0.1756927,0.8243073,1411,784,0,test
0.9540645,0.04593554,1412,1591,0,test
0.96276003,0.037239995,1413,489,0,test
0.005279044,0.99472094,1414,154,0,test
0.9557808,0.04421924,1415,961,0,test
0.016083425,0.9839166,1416,853,0,test
0.9878247,0.012175285,1417,1311,0,test
0.0060731624,0.9939268,1418,625,0,test
0.020205935,0.9797941,1419,685,0,test
0.93665904,0.06334089,1420,1425,0,test
0.0090387715,0.99096125,1421,569,0,test
0.0067575756,0.99324244,1422,1733,0,test
0.92813087,0.07186912,1423,17,0,test
0.0050932392,0.9949067,1424,127,0,test
0.96233857,0.03766148,1425,1346,0,test
0.9866006,0.013399442,1426,1279,0,test
0.69209456,0.3079054,1427,1789,0,test
0.75277543,0.24722457,1428,927,0,test
0.99317545,0.0068245814,1429,980,0,test
0.0078964215,0.9921036,1430,1785,0,test
0.006035224,0.99396473,1431,190,0,test
0.9722678,0.027732179,1432,1139,0,test
0.17987129,0.82012874,1433,992,0,test
0.004690866,0.9953092,1434,1776,0,test
0.81999975,0.18000028,1435,1796,0,test
0.005940861,0.9940592,1436,606,0,test
0.97862154,0.021378417,1437,180,0,test
0.005203478,0.9947966,1438,301,0,test
0.98280495,0.017194992,1439,496,0,test
0.18933067,0.81066936,1440,1551,0,test
0.004143482,0.99585646,1441,1564,0,test
0.7283075,0.27169254,1442,1596,0,test
0.9276478,0.07235215,1443,1497,0,test
0.0049534612,0.9950465,1444,517,0,test
0.7840418,0.21595818,1445,1805,0,test
0.005431382,0.9945686,1446,1069,0,test
0.9632904,0.036709607,1447,476,0,test
0.9652614,0.03473856,1448,157,0,test
0.012249153,0.9877508,1449,1243,0,test
0.9712115,0.028788574,1450,1195,0,test
0.004512092,0.99548787,1451,16,0,test
0.9457781,0.054221958,1452,1072,0,test
0.9930529,0.006947041,1453,1792,0,test
0.97795767,0.022042368,1454,546,0,test
0.0070401416,0.9929598,1455,658,0,test
0.8002417,0.19975829,1456,1667,0,test
0.9854968,0.014503186,1457,1019,0,test
0.039658993,0.960341,1458,1521,0,test
0.003954859,0.9960452,1459,959,0,test
0.3777017,0.62229824,1460,1713,0,test
0.990329,0.009670947,1461,283,0,test
0.01757146,0.9824286,1462,797,0,test
0.19340187,0.80659807,1463,1486,0,test
0.97470665,0.025293384,1464,225,0,test
0.0043795076,0.9956204,1465,26,0,test
0.98683757,0.013162414,1466,1615,0,test
0.9911351,0.008864876,1467,437,0,test
0.005357058,0.994643,1468,1770,0,test
0.9893126,0.010687409,1469,1388,0,test
0.74674565,0.25325435,1470,229,0,test
0.9833461,0.01665387,1471,37,0,test
0.046226125,0.95377386,1472,749,0,test
0.014531783,0.9854682,1473,1045,0,test
0.13096865,0.86903137,1474,1398,0,test
0.0058100047,0.99419,1475,469,0,test
0.9825585,0.01744148,1476,1548,0,test
0.0072924215,0.99270755,1477,1788,0,test
0.052943423,0.9470566,1478,687,0,test
0.9865762,0.0134237325,1479,1679,0,test
0.15233113,0.84766895,1480,639,0,test
0.87445843,0.12554161,1481,1567,0,test
0.19692838,0.8030716,1482,1218,0,test
0.98904115,0.010958854,1483,1158,0,test
0.018192707,0.98180735,1484,1415,0,test
0.99250084,0.0074991584,1485,1514,0,test
0.96524286,0.03475717,1486,1300,0,test
0.7442845,0.2557155,1487,1661,0,test
0.0044760355,0.9955239,1488,800,0,test
0.9912238,0.008776217,1489,160,0,test
0.007752096,0.99224794,1490,956,0,test
0.014760883,0.98523915,1491,1186,0,test
0.9860939,0.013906125,1492,821,0,test
0.9552051,0.044794884,1493,1538,0,test
0.0046835537,0.9953165,1494,877,0,test
0.10652438,0.89347565,1495,913,0,test
0.97551984,0.024480214,1496,152,0,test
0.0050259745,0.994974,1497,1673,0,test
0.9928503,0.0071497313,1498,1621,0,test
0.9864049,0.013595126,1499,509,0,test
0.015581745,0.9844183,1500,1135,0,test
0.9271655,0.07283445,1501,1250,0,test
0.5005284,0.4994716,1502,1694,0,test
0.9888166,0.011183403,1503,103,0,test
0.9638861,0.036113977,1504,1445,0,test
0.97216594,0.027834047,1505,1443,0,test
0.0053111627,0.99468887,1506,586,0,test
0.004378153,0.99562186,1507,1613,0,test
0.98302066,0.016979268,1508,1143,0,test
0.97727954,0.022720506,1509,53,0,test
0.010344171,0.98965585,1510,151,0,test
0.932473,0.067526974,1511,403,0,test
0.1585726,0.8414274,1512,1765,0,test
0.9910396,0.008960446,1513,207,0,test
0.3525306,0.6474694,1514,1722,0,test
0.0048657455,0.9951343,1515,1122,0,test
0.96935534,0.030644681,1516,1652,0,test
0.0045430264,0.99545693,1517,8,0,test
0.04661241,0.9533876,1518,1014,0,test
0.98901105,0.010988943,1519,1637,0,test
0.9758411,0.024158884,1520,1060,0,test
0.9265207,0.07347932,1521,452,0,test
0.74874336,0.25125664,1522,253,0,test
0.008236433,0.9917636,1523,1327,0,test
0.92910814,0.07089186,1524,896,0,test
0.9866497,0.013350279,1525,1782,0,test
0.4561976,0.54380244,1526,880,0,test
0.9799218,0.020078152,1527,1717,0,test
0.8206219,0.17937806,1528,623,0,test
0.9561542,0.043845717,1529,345,0,test
0.01422948,0.98577046,1530,1558,0,test
0.77023035,0.2297696,1531,262,0,test
0.036192495,0.9638076,1532,1321,0,test
0.07709712,0.92290294,1533,1438,0,test
0.022491528,0.9775084,1534,150,0,test
0.0056312825,0.99436873,1535,472,0,test
0.60315746,0.39684248,1536,640,0,test
0.006471318,0.99352866,1537,1803,0,test
0.015942536,0.9840575,1538,1714,0,test
0.10279318,0.8972068,1539,550,0,test
0.86510104,0.13489898,1540,928,0,test
0.988952,0.011048001,1541,488,0,test
0.0078032603,0.9921968,1542,1651,0,test
0.99126095,0.008739108,1543,1171,0,test
0.5967082,0.40329188,1544,146,0,test
0.98815876,0.011841208,1545,1560,0,test
0.97540534,0.024594594,1546,1752,0,test
0.009605872,0.9903942,1547,402,0,test
0.31219533,0.6878047,1548,954,0,test
0.0067901923,0.9932098,1549,1709,0,test
0.77844745,0.22155258,1550,659,0,test
0.84751624,0.15248375,1551,1372,0,test
0.008765335,0.99123466,1552,463,0,test
0.00519546,0.99480456,1553,1349,0,test
0.009503517,0.9904965,1554,186,0,test
0.98870826,0.011291726,1555,1147,0,test
0.0067680557,0.993232,1556,1224,0,test
0.17294204,0.82705796,1557,608,0,test
0.98949766,0.010502283,1558,143,0,test
0.95915747,0.040842578,1559,751,0,test
0.005803456,0.99419653,1560,1534,0,test
0.89144415,0.10855581,1561,981,0,test
0.9865545,0.013445499,1562,197,0,test
0.073291086,0.92670894,1563,883,0,test
0.9468061,0.053193882,1564,279,0,test
0.019620413,0.9803796,1565,293,0,test
0.21358818,0.7864118,1566,1662,0,test
0.9844096,0.015590393,1567,400,0,test
0.009066062,0.990934,1568,122,0,test
0.99320364,0.0067962953,1569,1207,0,test
0.99300075,0.006999277,1570,202,0,test
0.019329099,0.9806709,1571,1462,0,test
0.9678937,0.032106295,1572,835,0,test
0.9881711,0.011828935,1573,246,0,test
0.004618806,0.99538124,1574,1439,0,test
0.0077564977,0.99224347,1575,1728,0,test
0.98764485,0.0123551125,1576,1712,0,test
0.63057053,0.36942944,1577,1153,0,test
0.9924981,0.0075018704,1578,1426,0,test
0.055250734,0.94474924,1579,384,0,test
0.9697146,0.030285401,1580,1604,0,test
0.014127854,0.9858722,1581,854,0,test
0.12533829,0.87466174,1582,219,0,test
0.0060354243,0.9939646,1583,641,0,test
0.98432726,0.015672797,1584,1,0,test
0.014736879,0.9852631,1585,112,0,test
0.98955554,0.010444466,1586,698,0,test
0.99213916,0.007860856,1587,1739,0,test
0.98799765,0.012002323,1588,951,0,test
0.059502747,0.9404972,1589,1631,0,test
0.98797137,0.01202869,1590,1410,0,test
0.008708,0.99129194,1591,1409,0,test
0.9866873,0.013312716,1592,1533,0,test
0.9889314,0.01106858,1593,1291,0,test
0.004950832,0.9950492,1594,1648,0,test
0.994392,0.0056080096,1595,441,0,test
0.9716481,0.028351983,1596,1520,0,test
0.013702005,0.98629797,1597,1136,0,test
0.047097657,0.9529023,1598,1256,0,test
0.98680854,0.013191426,1599,1697,0,test
0.005142752,0.9948572,1600,1397,0,test
0.9637305,0.03626951,1601,663,0,test
0.77586806,0.22413188,1602,1672,0,test
0.7742522,0.22574781,1603,1257,0,test
0.77218926,0.22781071,1604,1618,0,test
0.0053209914,0.9946791,1605,317,0,test
0.00466594,0.9953341,1606,648,0,test
0.98257244,0.017427528,1607,1434,0,test
0.010677828,0.9893222,1608,1479,0,test
0.018350815,0.9816491,1609,709,0,test
0.015910333,0.98408973,1610,1382,0,test
0.0068191346,0.9931809,1611,1282,0,test
0.0049408143,0.99505925,1612,972,0,test
0.0048795445,0.99512047,1613,627,0,test
0.97649616,0.023503857,1614,632,0,test
0.0058159465,0.9941841,1615,1306,0,test
0.0060305633,0.99396944,1616,1400,0,test
0.9687866,0.03121334,1617,1408,0,test
0.0045912387,0.9954087,1618,1248,0,test
0.008301886,0.99169815,1619,1774,0,test
0.9932295,0.006770489,1620,1254,0,test
0.0144554805,0.9855445,1621,1496,0,test
0.9506071,0.04939284,1622,1371,0,test
0.012387582,0.9876124,1623,1529,0,test
0.48426855,0.51573145,1624,1354,0,test
0.98263437,0.01736562,1625,1749,0,test
0.993461,0.006538973,1626,1727,0,test
0.9635444,0.036455583,1627,1684,0,test
0.088400565,0.9115994,1628,795,0,test
0.9907522,0.00924779,1629,645,0,test
0.9774365,0.02256358,1630,1012,0,test
0.41867352,0.58132654,1631,1675,0,test
0.020130236,0.9798697,1632,556,0,test
0.5907216,0.40927842,1633,681,0,test
0.98533267,0.014667362,1634,577,0,test
0.66445166,0.33554828,1635,1109,0,test
0.8980906,0.10190938,1636,1266,0,test
0.6109256,0.3890744,1637,1183,0,test
0.03165671,0.9683433,1638,524,0,test
0.85749644,0.14250354,1639,1059,0,test
0.7392387,0.2607613,1640,540,0,test
0.0049164556,0.9950836,1641,1194,0,test
0.9668032,0.033196773,1642,748,0,test
0.88735145,0.11264851,1643,1802,0,test
0.20554402,0.79445595,1644,1430,0,test
0.0069302847,0.9930697,1645,484,0,test
0.008283478,0.99171656,1646,95,0,test
0.48450977,0.5154902,1647,1020,0,test
0.2258502,0.7741498,1648,563,0,test
0.78394765,0.2160524,1649,1264,0,test
0.004021227,0.9959787,1650,742,0,test
0.33333805,0.6666619,1651,863,0,test
0.9830456,0.016954416,1652,1598,0,test
0.9928598,0.007140199,1653,1484,0,test
0.006604312,0.99339575,1654,891,0,test
0.84355915,0.15644081,1655,1577,0,test
0.953896,0.046103988,1656,1038,0,test
0.99134904,0.008650946,1657,206,0,test
0.005038699,0.99496126,1658,392,0,test
0.99302447,0.006975528,1659,794,0,test
0.9891473,0.0108527625,1660,870,0,test
0.97246236,0.027537664,1661,397,0,test
0.97284514,0.02715494,1662,766,0,test
0.3510711,0.64892894,1663,1677,0,test
0.0077409092,0.9922591,1664,1241,0,test
0.0072605433,0.9927395,1665,1028,0,test
0.81655717,0.18344276,1666,642,0,test
0.93079394,0.069206096,1667,1719,0,test
0.95393807,0.04606193,1668,612,0,test
0.007426738,0.99257326,1669,960,0,test
0.010080486,0.98991954,1670,1570,0,test
0.91563165,0.08436835,1671,725,0,test
0.9770777,0.0229223,1672,683,0,test
0.9742742,0.025725763,1673,98,0,test
0.99090624,0.009093777,1674,804,0,test
0.9851614,0.014838619,1675,1597,0,test
0.008149258,0.9918507,1676,406,0,test
0.79271084,0.20728916,1677,502,0,test
0.00549935,0.99450064,1678,1071,0,test
0.9910981,0.008901905,1679,1056,0,test
0.0041396846,0.9958603,1680,929,0,test
0.10920475,0.89079523,1681,779,0,test
0.86618924,0.13381073,1682,200,0,test
0.007937034,0.992063,1683,134,0,test
0.06319031,0.93680966,1684,1051,0,test
0.99235195,0.007648078,1685,40,0,test
0.9938775,0.006122529,1686,1017,0,test
0.013658486,0.98634154,1687,230,0,test
0.9250292,0.07497079,1688,1513,0,test
0.98954296,0.010457015,1689,378,0,test
0.9911146,0.008885328,1690,288,0,test
0.9853297,0.014670353,1691,418,0,test
0.011058489,0.9889415,1692,391,0,test
0.9859768,0.014023121,1693,592,0,test
0.005759269,0.99424076,1694,1522,0,test
0.9921036,0.007896399,1695,1162,0,test
0.77849823,0.2215018,1696,1086,0,test
0.9777754,0.022224605,1697,1495,0,test
0.0040595764,0.99594045,1698,647,0,test
0.9890877,0.010912313,1699,1152,0,test
0.5394286,0.46057135,1700,1367,0,test
0.28860766,0.7113924,1701,520,0,test
0.012954684,0.98704535,1702,64,0,test
0.11881683,0.88118315,1703,14,0,test
0.006208587,0.9937914,1704,1180,0,test
0.052968044,0.9470319,1705,1064,0,test
0.9466959,0.05330408,1706,492,0,test
0.9809434,0.01905662,1707,379,0,test
0.005398741,0.99460125,1708,187,0,test
0.008878896,0.99112105,1709,763,0,test
0.005430975,0.99456906,1710,216,0,test
0.9929281,0.0070718997,1711,791,0,test
0.9836489,0.016351046,1712,1076,0,test
0.93796927,0.0620307,1713,878,0,test
0.96405226,0.03594781,1714,337,0,test
0.004294635,0.9957054,1715,719,0,test
0.025085928,0.9749141,1716,295,0,test
0.99212027,0.007879684,1717,1016,0,test
0.0046909796,0.99530905,1718,1275,0,test
0.8892905,0.11070948,1719,1485,0,test
0.57465017,0.42534983,1720,455,0,test
0.9821024,0.01789763,1721,1817,0,test
0.9878247,0.012175343,1722,815,0,test
0.98358065,0.016419325,1723,269,0,test
0.048641384,0.95135856,1724,995,0,test
0.3449559,0.6550441,1725,201,0,test
0.0060668453,0.99393314,1726,161,0,test
0.105855934,0.8941441,1727,1579,0,test
0.992413,0.007587058,1728,729,0,test
0.003938644,0.9960614,1729,401,0,test
0.0047801086,0.9952199,1730,702,0,test
0.092389144,0.9076109,1731,1500,0,test
0.0064248084,0.99357516,1732,1129,0,test
0.06827182,0.9317282,1733,565,0,test
0.0041087056,0.9958912,1734,1413,0,test
0.39922807,0.60077196,1735,1021,0,test
0.007439294,0.9925607,1736,1025,0,test
0.0060790777,0.9939209,1737,1411,0,test
0.009582823,0.99041724,1738,1585,0,test
0.008237212,0.99176276,1739,1104,0,test
0.9932033,0.0067966944,1740,205,0,test
0.0045260317,0.9954739,1741,34,0,test
0.98216426,0.017835712,1742,775,0,test
0.9878754,0.012124646,1743,508,0,test
0.0068364143,0.9931636,1744,1451,0,test
0.098633684,0.9013663,1745,1478,0,test
0.97921824,0.020781802,1746,1791,0,test
0.98639697,0.013603044,1747,1390,0,test
0.0050240005,0.99497604,1748,91,0,test
0.98955405,0.0104459645,1749,1363,0,test
0.9487681,0.05123196,1750,897,0,test
0.006539763,0.9934602,1751,564,0,test
0.9542608,0.045739148,1752,1369,0,test
0.38064682,0.61935323,1753,776,0,test
0.93889606,0.061103918,1754,241,0,test
0.99135256,0.008647475,1755,13,0,test
0.98448735,0.015512661,1756,315,0,test
0.9854855,0.014514544,1757,600,0,test
0.49752492,0.50247514,1758,387,0,test
0.977991,0.022009047,1759,1297,0,test
0.9872075,0.012792507,1760,166,0,test
0.0039748624,0.9960251,1761,840,0,test
0.9861536,0.013846376,1762,20,0,test
0.99357855,0.0064214827,1763,646,0,test
0.9542316,0.045768443,1764,1508,0,test
0.98081917,0.01918082,1765,1154,0,test
0.025257671,0.9747423,1766,1528,0,test
0.25641114,0.74358886,1767,831,0,test
0.4532925,0.5467075,1768,1267,0,test
0.98115325,0.018846812,1769,1590,0,test
0.0055262423,0.99447376,1770,562,0,test
0.59141135,0.4085887,1771,1773,0,test
0.9920413,0.007958651,1772,686,0,test
0.9891166,0.01088337,1773,957,0,test
0.9821852,0.017814789,1774,189,0,test
0.98650616,0.0134938,1775,975,0,test
0.9814874,0.018512623,1776,699,0,test
0.005635962,0.994364,1777,1499,0,test
0.95674807,0.043251958,1778,1705,0,test
0.009905362,0.9900947,1779,510,0,test
0.99230814,0.0076918458,1780,1082,0,test
0.0057113906,0.99428856,1781,474,0,test
0.0075737163,0.9924263,1782,1584,0,test
0.0140668405,0.9859331,1783,856,0,test
0.7356411,0.26435888,1784,747,0,test
0.006402568,0.9935974,1785,252,0,test
0.019009855,0.9809902,1786,21,0,test
0.9074146,0.09258535,1787,1337,0,test
0.008934079,0.9910659,1788,459,0,test
0.9897947,0.0102053555,1789,1184,0,test
0.98309267,0.01690732,1790,276,0,test
0.0052659954,0.99473405,1791,955,0,test
0.9899983,0.010001657,1792,1215,0,test
0.058574,0.941426,1793,385,0,test
0.019917851,0.9800821,1794,805,0,test
0.017099474,0.98290056,1795,1437,0,test
0.97435015,0.025649857,1796,1515,0,test
0.0048631714,0.9951368,1797,343,0,test
0.9857971,0.014202857,1798,769,0,test
0.6872734,0.31272665,1799,1332,0,test
0.004725222,0.9952748,1800,1685,0,test
0.2304401,0.7695599,1801,130,0,test
0.044597454,0.9554025,1802,1687,0,test
0.9894197,0.010580349,1803,871,0,test
0.8869517,0.11304832,1804,1123,0,test
0.012037064,0.98796296,1805,1396,0,test
0.9540033,0.045996673,1806,87,0,test
0.9895308,0.010469205,1807,1482,0,test
0.9916101,0.008389901,1808,330,0,test
0.9356655,0.064334445,1809,1238,0,test
0.0064181793,0.9935819,1810,466,0,test
0.045248806,0.9547512,1811,121,0,test
0.20481561,0.7951844,1812,1638,0,test
0.013245215,0.98675483,1813,1044,0,test
0.9688731,0.031126885,1814,1724,0,test
0.1319131,0.8680869,1815,1095,0,test
0.028838372,0.97116166,1816,1130,0,test
0.9671736,0.032826435,1817,1294,0,test
0.84841764,0.1515824,1818,860,0,test
0.022602376,0.9773976,1819,1459,0,test
0.0065419762,0.9934581,1820,1126,0,test
0.0046767476,0.99532324,0,794,0,validation
0.004076061,0.995924,1,319,0,validation
0.92992854,0.07007145,2,382,0,validation
0.9891271,0.010872836,3,779,0,validation
0.0038672558,0.99613273,4,422,0,validation
0.99075574,0.009244239,5,327,0,validation
0.006737314,0.9932627,6,803,0,validation
0.8518619,0.14813814,7,136,0,validation
0.990119,0.009881036,8,670,0,validation
0.9885999,0.0114001725,9,810,0,validation
0.9808539,0.01914611,10,323,0,validation
0.22982347,0.77017653,11,344,0,validation
0.007936101,0.99206394,12,497,0,validation
0.006528103,0.99347186,13,227,0,validation
0.9855496,0.014450407,14,44,0,validation
0.97091013,0.02908991,15,404,0,validation
0.992808,0.0071920105,16,210,0,validation
0.97671163,0.023288367,17,428,0,validation
0.006894449,0.9931056,18,444,0,validation
0.9923443,0.007655659,19,174,0,validation
0.90245235,0.097547665,20,70,0,validation
0.86401904,0.135981,21,462,0,validation
0.0051360475,0.9948639,22,465,0,validation
0.98556453,0.014435412,23,309,0,validation
0.93638587,0.06361411,24,66,0,validation
0.0057140454,0.994286,25,598,0,validation
0.0056482544,0.99435174,26,23,0,validation
0.9740426,0.02595735,27,30,0,validation
0.99088365,0.009116355,28,542,0,validation
0.9900023,0.009997786,29,67,0,validation
0.9737814,0.026218597,30,722,0,validation
0.008913363,0.99108666,31,328,0,validation
0.97343725,0.026562735,32,333,0,validation
0.8366491,0.16335092,33,797,0,validation
0.9776545,0.022345519,34,753,0,validation
0.012157732,0.9878422,35,244,0,validation
0.95331246,0.046687506,36,300,0,validation
0.0068310746,0.99316895,37,76,0,validation
0.008487999,0.991512,38,250,0,validation
0.9864683,0.01353164,39,713,0,validation
0.005264399,0.99473554,40,611,0,validation
0.94693804,0.053061977,41,585,0,validation
0.008033879,0.9919661,42,768,0,validation
0.8846255,0.11537449,43,72,0,validation
0.005176598,0.99482346,44,527,0,validation
0.9923693,0.007630646,45,567,0,validation
0.44325322,0.5567468,46,294,0,validation
0.0054522706,0.99454767,47,640,0,validation
0.37578794,0.624212,48,526,0,validation
0.006404206,0.9935958,49,139,0,validation
0.9750924,0.024907526,50,820,0,validation
0.0058196783,0.9941803,51,680,0,validation
0.82558644,0.17441358,52,678,0,validation
0.040569387,0.95943063,53,96,0,validation
0.21246599,0.78753406,54,644,0,validation
0.007325333,0.99267465,55,332,0,validation
0.87640524,0.12359483,56,449,0,validation
0.042157084,0.9578429,57,316,0,validation
0.005901555,0.9940984,58,265,0,validation
0.005940078,0.9940599,59,120,0,validation
0.004310822,0.9956892,60,302,0,validation
0.006390022,0.99360996,61,86,0,validation
0.9916147,0.008385273,62,696,0,validation
0.9801194,0.01988051,63,39,0,validation
0.0046500666,0.9953499,64,450,0,validation
0.023458859,0.9765412,65,192,0,validation
0.0065208087,0.99347913,66,634,0,validation
0.0077496134,0.9922504,67,568,0,validation
0.0055340333,0.994466,68,231,0,validation
0.028335596,0.97166437,69,362,0,validation
0.97940207,0.020597942,70,761,0,validation
0.9862329,0.013767108,71,314,0,validation
0.9842338,0.015766237,72,215,0,validation
0.99100566,0.00899441,73,456,0,validation
0.0054532015,0.9945468,74,483,0,validation
0.012457084,0.98754287,75,137,0,validation
0.007829772,0.9921703,76,198,0,validation
0.97721225,0.022787679,77,110,0,validation
0.98778594,0.012214063,78,275,0,validation
0.016376613,0.9836234,79,168,0,validation
0.0049676583,0.9950323,80,591,0,validation
0.9781569,0.021843081,81,479,0,validation
0.017729197,0.9822708,82,548,0,validation
0.9477531,0.052246958,83,656,0,validation
0.87820506,0.12179495,84,819,0,validation
0.96703064,0.03296931,85,578,0,validation
0.97110295,0.028897021,86,388,0,validation
0.11179758,0.88820237,87,857,0,validation
0.0069688386,0.99303114,88,487,0,validation
0.0060996776,0.9939003,89,306,0,validation
0.006739469,0.99326056,90,529,0,validation
0.9404828,0.059517227,91,259,0,validation
0.008730495,0.99126947,92,260,0,validation
0.83358437,0.16641566,93,533,0,validation
0.007436769,0.9925632,94,704,0,validation
0.98634017,0.013659789,95,650,0,validation
0.96490675,0.035093274,96,451,0,validation
0.008351994,0.99164796,97,867,0,validation
0.9357565,0.06424347,98,445,0,validation
0.008497882,0.99150217,99,63,0,validation
0.97568923,0.024310775,100,825,0,validation
0.82695985,0.17304014,101,718,0,validation
0.2365707,0.7634293,102,342,0,validation
0.88085234,0.11914762,103,65,0,validation
0.9886137,0.01138631,104,209,0,validation
0.25416142,0.74583864,105,755,0,validation
0.983994,0.016005985,106,865,0,validation
0.0063526533,0.9936473,107,78,0,validation
0.9679215,0.03207852,108,513,0,validation
0.035521835,0.9644782,109,710,0,validation
0.022009848,0.97799015,110,549,0,validation
0.0065976796,0.9934023,111,298,0,validation
0.98686314,0.013136896,112,760,0,validation
0.010598833,0.98940116,113,514,0,validation
0.0046678665,0.99533206,114,783,0,validation
0.9926158,0.0073841475,115,584,0,validation
0.9873739,0.0126261385,116,692,0,validation
0.006024781,0.9939752,117,457,0,validation
0.07791604,0.922084,118,377,0,validation
0.0069469027,0.993053,119,49,0,validation
0.9542159,0.045784194,120,208,0,validation
0.01125916,0.98874086,121,785,0,validation
0.007221213,0.9927787,122,239,0,validation
0.032571472,0.96742857,123,717,0,validation
0.96895355,0.031046443,124,581,0,validation
0.9388639,0.061136086,125,630,0,validation
0.0043533766,0.99564666,126,684,0,validation
0.007976693,0.99202335,127,866,0,validation
0.013840153,0.98615986,128,559,0,validation
0.005429309,0.9945707,129,426,0,validation
0.89425415,0.10574593,130,33,0,validation
0.021755014,0.97824496,131,31,0,validation
0.8435966,0.1564034,132,235,0,validation
0.0067869485,0.99321306,133,381,0,validation
0.98962516,0.010374902,134,507,0,validation
0.010330639,0.9896694,135,723,0,validation
0.06726713,0.9327329,136,109,0,validation
0.009202385,0.99079764,137,77,0,validation
0.9882075,0.0117924595,138,804,0,validation
0.8357594,0.16424058,139,82,0,validation
0.9636066,0.036393374,140,357,0,validation
0.97696644,0.023033584,141,495,0,validation
0.7765717,0.22342828,142,596,0,validation
0.025063815,0.9749361,143,196,0,validation
0.005992951,0.994007,144,290,0,validation
0.0056544305,0.9943455,145,679,0,validation
0.008436862,0.9915631,146,5,0,validation
0.98705417,0.012945808,147,54,0,validation
0.6939675,0.30603248,148,664,0,validation
0.008261758,0.99173826,149,606,0,validation
0.007251002,0.99274904,150,824,0,validation
0.9686026,0.03139745,151,97,0,validation
0.98788106,0.01211892,152,836,0,validation
0.04195917,0.9580408,153,834,0,validation
0.0050629475,0.99493706,154,847,0,validation
0.9889332,0.011066842,155,490,0,validation
0.98357046,0.016429564,156,25,0,validation
0.980846,0.019154012,157,84,0,validation
0.0066715786,0.99332845,158,10,0,validation
0.005095929,0.99490404,159,218,0,validation
0.97375464,0.026245411,160,365,0,validation
0.0060694395,0.9939306,161,405,0,validation
0.993166,0.006833915,162,576,0,validation
0.004952561,0.99504745,163,118,0,validation
0.9741305,0.025869494,164,730,0,validation
0.0072583887,0.9927416,165,296,0,validation
0.4392834,0.5607166,166,29,0,validation
0.9374257,0.06257428,167,673,0,validation
0.4540792,0.5459208,168,393,0,validation
0.010547104,0.98945284,169,286,0,validation
0.77038556,0.22961448,170,211,0,validation
0.994341,0.0056590205,171,774,0,validation
0.8089491,0.19105087,172,81,0,validation
0.005313506,0.9946865,173,767,0,validation
0.98450965,0.015490319,174,626,0,validation
0.004533295,0.9954667,175,544,0,validation
0.9707022,0.02929781,176,398,0,validation
0.0069590686,0.9930409,177,764,0,validation
0.8327428,0.16725719,178,312,0,validation
0.6787907,0.32120934,179,326,0,validation
0.008050187,0.9919498,180,523,0,validation
0.9789932,0.021006828,181,745,0,validation
0.055492442,0.94450754,182,368,0,validation
0.99228764,0.0077123786,183,697,0,validation
0.5960514,0.40394858,184,425,0,validation
0.012860993,0.98713905,185,473,0,validation
0.98977715,0.010222829,186,758,0,validation
0.84860694,0.15139307,187,858,0,validation
0.009142469,0.99085754,188,750,0,validation
0.99039066,0.00960927,189,266,0,validation
0.0056158863,0.99438405,190,360,0,validation
0.0069367657,0.9930633,191,816,0,validation
0.009593945,0.9904061,192,7,0,validation
0.3125505,0.6874495,193,851,0,validation
0.9895684,0.010431591,194,155,0,validation
0.98930454,0.0106954165,195,331,0,validation
0.97914827,0.02085176,196,101,0,validation
0.006885087,0.9931149,197,380,0,validation
0.0050006923,0.9949993,198,281,0,validation
0.03149353,0.96850646,199,359,0,validation
0.04238085,0.9576192,200,213,0,validation
0.0049439045,0.99505603,201,299,0,validation
0.005676264,0.99432373,202,2,0,validation
0.004198556,0.9958014,203,247,0,validation
0.96635365,0.033646375,204,478,0,validation
0.9924115,0.0075885304,205,688,0,validation
0.031640198,0.9683598,206,280,0,validation
0.005376129,0.9946239,207,158,0,validation
0.00467691,0.9953231,208,501,0,validation
0.007171448,0.99282855,209,812,0,validation
0.0063879034,0.9936121,210,551,0,validation
0.987035,0.012965003,211,292,0,validation
0.9903245,0.009675552,212,754,0,validation
0.96885777,0.031142263,213,412,0,validation
0.25428918,0.7457108,214,622,0,validation
0.98085964,0.01914035,215,521,0,validation
0.018809944,0.9811901,216,338,0,validation
0.9929396,0.007060361,217,653,0,validation
0.73119104,0.268809,218,212,0,validation
0.022909246,0.9770907,219,429,0,validation
0.10157726,0.8984227,220,79,0,validation
0.30926186,0.69073814,221,148,0,validation
0.9892651,0.0107348375,222,408,0,validation
0.99034405,0.009655933,223,439,0,validation
0.012750747,0.9872493,224,352,0,validation
0.84220976,0.15779024,225,375,0,validation
0.981864,0.018135995,226,254,0,validation
0.0050665536,0.9949334,227,361,0,validation
0.8245576,0.17544241,228,660,0,validation
0.008952708,0.9910473,229,133,0,validation
0.30090037,0.6990996,230,477,0,validation
0.0049043866,0.9950956,231,165,0,validation
0.029150965,0.970849,232,530,0,validation
0.0058297487,0.9941703,233,55,0,validation
0.9673944,0.032605566,234,766,0,validation
0.9840352,0.015964761,235,655,0,validation
0.0107915085,0.9892085,236,532,0,validation
0.006514881,0.99348515,237,363,0,validation
0.98902833,0.0109717,238,448,0,validation
0.992082,0.007917997,239,204,0,validation
0.019171223,0.9808288,240,597,0,validation
0.005741121,0.9942589,241,434,0,validation
0.0076761693,0.9923239,242,468,0,validation
0.0075569944,0.992443,243,346,0,validation
0.94399697,0.05600309,244,440,0,validation
0.0048426692,0.9951573,245,60,0,validation
0.025977211,0.9740228,246,199,0,validation
0.98675275,0.013247271,247,350,0,validation
0.005226201,0.9947738,248,620,0,validation
0.92139465,0.07860538,249,436,0,validation
0.38322556,0.61677444,250,383,0,validation
0.006225115,0.9937749,251,677,0,validation
0.9854682,0.014531831,252,355,0,validation
0.102123074,0.8978769,253,657,0,validation
0.97698337,0.023016658,254,618,0,validation
0.99104625,0.00895378,255,830,0,validation
0.004927549,0.9950724,256,430,0,validation
0.008002282,0.99199766,257,613,0,validation
0.0051300675,0.99486995,258,813,0,validation
0.009066957,0.99093306,259,784,0,validation
0.9927199,0.0072800736,260,90,0,validation
0.006590524,0.9934095,261,817,0,validation
0.9872667,0.012733205,262,181,0,validation
0.005698294,0.9943017,263,778,0,validation
0.004966068,0.995034,264,69,0,validation
0.009656389,0.9903437,265,131,0,validation
0.98116493,0.018835006,266,442,0,validation
0.98848164,0.011518318,267,695,0,validation
0.5513345,0.4486655,268,135,0,validation
0.03380262,0.96619743,269,164,0,validation
0.964175,0.03582494,270,28,0,validation
0.5291872,0.47081277,271,669,0,validation
0.9726203,0.027379636,272,193,0,validation
0.98187286,0.018127153,273,291,0,validation
0.0146027235,0.9853973,274,481,0,validation
0.99321425,0.00678572,275,467,0,validation
0.0054019485,0.99459803,276,140,0,validation
0.837363,0.16263697,277,173,0,validation
0.95510775,0.04489223,278,6,0,validation
0.99194837,0.008051603,279,651,0,validation
0.0073328405,0.99266714,280,396,0,validation
0.9881251,0.01187486,281,73,0,validation
0.0075332425,0.99246675,282,601,0,validation
0.017982647,0.98201734,283,311,0,validation
0.008124055,0.9918759,284,433,0,validation
0.9911494,0.008850592,285,145,0,validation
0.9718919,0.028108144,286,234,0,validation
0.7296102,0.27038983,287,220,0,validation
0.8933116,0.106688395,288,499,0,validation
0.9899266,0.010073449,289,861,0,validation
0.057041112,0.94295895,290,132,0,validation
0.02650283,0.9734972,291,870,0,validation
0.9926238,0.0073762713,292,720,0,validation
0.993272,0.006728048,293,848,0,validation
0.9348755,0.06512447,294,41,0,validation
0.0049176924,0.9950824,295,535,0,validation
0.95916075,0.040839273,296,108,0,validation
0.0086697005,0.99133027,297,788,0,validation
0.9910732,0.00892682,298,56,0,validation
0.96903145,0.030968545,299,305,0,validation
0.9131877,0.08681225,300,693,0,validation
0.98526937,0.0147306565,301,835,0,validation
0.0057698023,0.9942303,302,24,0,validation
0.9864715,0.013528503,303,334,0,validation
0.98059064,0.01940928,304,409,0,validation
0.9636227,0.036377326,305,863,0,validation
0.32427132,0.6757287,306,51,0,validation
0.8657281,0.13427195,307,796,0,validation
0.054543246,0.9454568,308,799,0,validation
0.0075913495,0.99240863,309,557,0,validation
0.008796079,0.9912039,310,264,0,validation
0.0053039216,0.994696,311,416,0,validation
0.97120607,0.028793892,312,814,0,validation
0.985783,0.014216964,313,390,0,validation
0.9860588,0.01394121,314,773,0,validation
0.9928376,0.0071624224,315,18,0,validation
0.013476667,0.98652333,316,628,0,validation
0.06939179,0.9306083,317,846,0,validation
0.9837347,0.016265234,318,83,0,validation
0.9906943,0.009305646,319,61,0,validation
0.9744381,0.025561959,320,272,0,validation
0.005802997,0.994197,321,285,0,validation
0.9877222,0.012277844,322,714,0,validation
0.9268918,0.07310822,323,665,0,validation
0.9902317,0.009768297,324,12,0,validation
0.0076578297,0.9923422,325,182,0,validation
0.94760555,0.052394453,326,367,0,validation
0.9382609,0.06173906,327,709,0,validation
0.43895015,0.5610498,328,223,0,validation
0.9758111,0.024188904,329,522,0,validation
0.0231604,0.9768396,330,615,0,validation
0.004559142,0.99544084,331,671,0,validation
0.0109367035,0.9890633,332,424,0,validation
0.98534805,0.014651906,333,512,0,validation
0.015069188,0.98493075,334,534,0,validation
0.004219413,0.9957806,335,176,0,validation
0.005764404,0.9942356,336,587,0,validation
0.196075,0.803925,337,590,0,validation
0.00813346,0.9918665,338,163,0,validation
0.99195343,0.008046581,339,248,0,validation
0.9760223,0.023977688,340,558,0,validation
0.005990191,0.99400985,341,770,0,validation
0.9795068,0.020493235,342,74,0,validation
0.53447807,0.4655219,343,113,0,validation
0.98454005,0.01545999,344,486,0,validation
0.07837695,0.9216231,345,569,0,validation
0.005887746,0.9941122,346,104,0,validation
0.37548319,0.62451684,347,114,0,validation
0.007856799,0.99214315,348,351,0,validation
0.0053526177,0.9946473,349,92,0,validation
0.92386526,0.07613469,350,831,0,validation
0.008123322,0.9918767,351,89,0,validation
0.42958826,0.57041174,352,336,0,validation
0.96319854,0.03680143,353,537,0,validation
0.0076694377,0.99233055,354,800,0,validation
0.0039452193,0.99605477,355,811,0,validation
0.99153674,0.008463247,356,531,0,validation
0.0041891285,0.99581087,357,536,0,validation
0.9694772,0.030522833,358,94,0,validation
0.00711086,0.99288917,359,11,0,validation
0.0045242915,0.9954757,360,411,0,validation
0.006967133,0.9930328,361,43,0,validation
0.9697239,0.030276095,362,42,0,validation
0.9851559,0.014844112,363,329,0,validation
0.991998,0.008001992,364,167,0,validation
0.005458428,0.9945416,365,762,0,validation
0.99032193,0.009678097,366,525,0,validation
0.9838808,0.01611924,367,672,0,validation
0.99333704,0.006662948,368,554,0,validation
0.004798047,0.99520195,369,178,0,validation
0.97693825,0.023061812,370,631,0,validation
0.025780527,0.97421944,371,580,0,validation
0.9924269,0.0075731473,372,177,0,validation
0.013746343,0.9862536,373,595,0,validation
0.9831718,0.016828164,374,694,0,validation
0.99195635,0.008043579,375,602,0,validation
0.98479974,0.015200244,376,257,0,validation
0.9917537,0.008246341,377,417,0,validation
0.008489923,0.99151015,378,335,0,validation
0.9732425,0.026757514,379,539,0,validation
0.006855712,0.9931443,380,15,0,validation
0.9846993,0.015300721,381,3,0,validation
0.99199206,0.008007993,382,575,0,validation
0.004953184,0.99504685,383,256,0,validation
0.9876195,0.012380473,384,431,0,validation
0.8399938,0.16000621,385,453,0,validation
0.006130714,0.9938693,386,394,0,validation
0.005063973,0.994936,387,222,0,validation
0.0052880063,0.994712,388,482,0,validation
0.004762183,0.9952378,389,432,0,validation
0.9867877,0.013212318,390,572,0,validation
0.009254373,0.99074566,391,324,0,validation
0.0048643327,0.9951357,392,518,0,validation
0.94068295,0.059316993,393,9,0,validation
0.008920523,0.9910795,394,249,0,validation
0.99041957,0.00958043,395,22,0,validation
0.9920059,0.007994114,396,356,0,validation
0.0052829245,0.99471706,397,221,0,validation
0.9906991,0.009300896,398,588,0,validation
0.01560938,0.9843907,399,749,0,validation
0.0051673437,0.99483263,400,855,0,validation
0.016019117,0.98398083,401,516,0,validation
0.94950867,0.050491337,402,340,0,validation
0.9933428,0.006657187,403,736,0,validation
0.007354816,0.99264514,404,506,0,validation
0.9862639,0.01373617,405,203,0,validation
0.0043093427,0.99569064,406,237,0,validation
0.9722101,0.02778993,407,93,0,validation
0.00542222,0.99457777,408,464,0,validation
0.0041132784,0.99588674,409,420,0,validation
0.15195449,0.8480455,410,547,0,validation
0.009842084,0.9901579,411,284,0,validation
0.0064128814,0.99358714,412,184,0,validation
0.009286003,0.99071395,413,703,0,validation
0.12640983,0.87359023,414,823,0,validation
0.9916135,0.008386447,415,153,0,validation
0.67656285,0.32343712,416,75,0,validation
0.030008929,0.9699911,417,643,0,validation
0.98778963,0.0122103235,418,538,0,validation
0.009214243,0.9907857,419,277,0,validation
0.0048708646,0.9951291,420,68,0,validation
0.8505054,0.14949454,421,552,0,validation
0.97863287,0.021367123,422,188,0,validation
0.95365924,0.04634078,423,271,0,validation
0.58387613,0.41612387,424,649,0,validation
0.989179,0.010820928,425,543,0,validation
0.9878997,0.01210034,426,236,0,validation
0.9858752,0.014124777,427,88,0,validation
0.007869563,0.99213046,428,740,0,validation
0.9832985,0.016701486,429,117,0,validation
0.9144697,0.08553033,430,125,0,validation
0.78875244,0.21124749,431,715,0,validation
0.88785803,0.112142,432,289,0,validation
0.9805331,0.019466922,433,238,0,validation
0.4998455,0.5001545,434,0,0,validation
0.008751294,0.9912487,435,862,0,validation
0.0064990097,0.993501,436,447,0,validation
0.0054260143,0.994574,437,759,0,validation
0.0084491735,0.9915508,438,395,0,validation
0.9758286,0.024171367,439,519,0,validation
0.9910278,0.008972242,440,126,0,validation
0.0039924416,0.99600756,441,278,0,validation
0.0046010865,0.99539894,442,675,0,validation
0.82307273,0.17692733,443,116,0,validation
0.0050052525,0.99499476,444,228,0,validation
0.9911293,0.008870769,445,635,0,validation
0.97799563,0.022004368,446,787,0,validation
0.040633496,0.95936656,447,485,0,validation
0.99124676,0.008753212,448,500,0,validation
0.33285746,0.66714257,449,274,0,validation
0.8427474,0.15725262,450,318,0,validation
0.004805685,0.99519426,451,593,0,validation
0.006271917,0.99372804,452,144,0,validation
0.005510413,0.99448955,453,621,0,validation
0.98096853,0.019031461,454,721,0,validation
0.005092913,0.9949071,455,792,0,validation
0.006118097,0.99388194,456,629,0,validation
0.0058247456,0.99417526,457,369,0,validation
0.004690757,0.9953093,458,268,0,validation
0.95431346,0.0456865,459,658,0,validation
0.98822194,0.011778048,460,307,0,validation
0.0049457564,0.99505424,461,423,0,validation
0.0054363296,0.99456364,462,310,0,validation
0.9945825,0.00541755,463,354,0,validation
0.2884275,0.7115725,464,46,0,validation
0.005133339,0.9948666,465,349,0,validation
0.9718702,0.028129874,466,371,0,validation
0.5351038,0.46489617,467,808,0,validation
0.9930947,0.0069053387,468,261,0,validation
0.013887855,0.9861122,469,195,0,validation
0.011150448,0.9888496,470,871,0,validation
0.0051936433,0.99480635,471,728,0,validation
0.0066922423,0.9933077,472,107,0,validation
0.017967101,0.98203295,473,59,0,validation
0.9687308,0.031269193,474,705,0,validation
0.9621739,0.037826173,475,802,0,validation
0.97841084,0.02158916,476,100,0,validation
0.034111522,0.96588844,477,443,0,validation
0.004251404,0.9957486,478,594,0,validation
0.0050299624,0.99497,479,829,0,validation
0.98960423,0.010395793,480,777,0,validation
0.004058819,0.99594116,481,169,0,validation
0.068549424,0.93145055,482,179,0,validation
0.1280884,0.87191164,483,304,0,validation
0.0050091534,0.9949909,484,494,0,validation
0.005428058,0.994572,485,57,0,validation
0.0042793364,0.9957207,486,840,0,validation
0.9889713,0.011028733,487,149,0,validation
0.97997576,0.020024242,488,124,0,validation
0.9882379,0.011762063,489,687,0,validation
0.74102175,0.25897822,490,756,0,validation
0.9880491,0.011950908,491,185,0,validation
0.00808027,0.99191976,492,582,0,validation
0.8997343,0.1002657,493,50,0,validation
0.99396026,0.0060397047,494,341,0,validation
0.9534419,0.046558022,495,446,0,validation
0.9702737,0.02972634,496,869,0,validation
0.9873754,0.012624617,497,707,0,validation
0.013311187,0.9866888,498,321,0,validation
0.99167824,0.008321773,499,353,0,validation
0.004768483,0.99523145,500,806,0,validation
0.9171096,0.08289042,501,142,0,validation
0.99117213,0.008827802,502,470,0,validation
0.17132814,0.8286719,503,370,0,validation
0.9801948,0.019805167,504,570,0,validation
0.64487684,0.35512322,505,141,0,validation
0.9298682,0.07013176,506,399,0,validation
0.0041882736,0.9958117,507,493,0,validation
0.9876167,0.012383272,508,263,0,validation
0.005445304,0.99455464,509,320,0,validation
0.007391201,0.9926087,510,19,0,validation
0.004745984,0.99525404,511,172,0,validation
0.9924069,0.0075931353,512,708,0,validation
0.98703325,0.012966792,513,691,0,validation
0.8928941,0.10710591,514,407,0,validation
0.9903971,0.009602888,515,545,0,validation
0.006182159,0.99381787,516,38,0,validation
0.83787394,0.16212602,517,175,0,validation
0.0056741866,0.9943258,518,245,0,validation
0.9756672,0.024332829,519,801,0,validation
0.0060388697,0.9939612,520,589,0,validation
0.9791678,0.020832133,521,852,0,validation
0.9716878,0.028312227,522,837,0,validation
0.9538922,0.04610779,523,154,0,validation
0.024830544,0.9751695,524,287,0,validation
0.14978814,0.8502119,525,528,0,validation
0.0051726704,0.99482733,526,17,0,validation
0.9887988,0.011201235,527,127,0,validation
0.99276936,0.007230665,528,322,0,validation
0.99251515,0.0074848696,529,255,0,validation
0.99002296,0.009977035,530,579,0,validation
0.0049868715,0.99501306,531,838,0,validation
0.0059504313,0.99404955,532,190,0,validation
0.9770504,0.022949621,533,115,0,validation
0.13572685,0.8642732,534,541,0,validation
0.5881869,0.41181305,535,180,0,validation
0.9559017,0.04409827,536,301,0,validation
0.9881343,0.011865682,537,666,0,validation
0.0054428307,0.99455714,538,625,0,validation
0.10239644,0.8976036,539,636,0,validation
0.10318301,0.89681697,540,603,0,validation
0.98534274,0.014657262,541,583,0,validation
0.009494536,0.9905055,542,517,0,validation
0.013596703,0.9864032,543,856,0,validation
0.99176395,0.008236055,544,45,0,validation
0.9786895,0.021310562,545,790,0,validation
0.028460536,0.9715395,546,157,0,validation
0.02730323,0.9726968,547,652,0,validation
0.9850797,0.014920262,548,171,0,validation
0.01417851,0.9858214,549,16,0,validation
0.0053963736,0.9946036,550,511,0,validation
0.9767992,0.023200804,551,48,0,validation
0.008471342,0.99152863,552,844,0,validation
0.9898011,0.01019883,553,732,0,validation
0.98528385,0.014716114,554,515,0,validation
0.97526556,0.024734424,555,604,0,validation
0.9939156,0.0060844305,556,480,0,validation
0.008572475,0.99142754,557,283,0,validation
0.991548,0.0084520355,558,789,0,validation
0.007295405,0.9927046,559,225,0,validation
0.0045062364,0.99549377,560,26,0,validation
0.9901507,0.009849321,561,734,0,validation
0.975248,0.024752043,562,437,0,validation
0.963154,0.03684599,563,826,0,validation
0.9062107,0.0937893,564,364,0,validation
0.009147325,0.99085265,565,229,0,validation
0.0055431966,0.99445677,566,37,0,validation
0.005260877,0.9947391,567,839,0,validation
0.9688107,0.03118939,568,374,0,validation
0.004703921,0.99529606,569,469,0,validation
0.5194037,0.4805963,570,841,0,validation
0.23771562,0.7622844,571,741,0,validation
0.00878399,0.99121606,572,638,0,validation
0.0063074036,0.99369264,573,194,0,validation
0.0058459737,0.99415404,574,743,0,validation
0.00425924,0.9957408,575,752,0,validation
0.0062338966,0.99376607,576,503,0,validation
0.0051261163,0.9948738,577,843,0,validation
0.99335325,0.0066467426,578,733,0,validation
0.0046914313,0.9953086,579,842,0,validation
0.011495999,0.988504,580,162,0,validation
0.9355979,0.064402096,581,617,0,validation
0.9903646,0.009635377,582,152,0,validation
0.98837435,0.011625644,583,599,0,validation
0.9873052,0.012694792,584,616,0,validation
0.9918739,0.008126049,585,662,0,validation
0.004415455,0.99558455,586,111,0,validation
0.0043209074,0.9956791,587,226,0,validation
0.9368714,0.063128546,588,605,0,validation
0.0038964509,0.9961035,589,103,0,validation
0.9555278,0.04447223,590,421,0,validation
0.99224925,0.007750709,591,419,0,validation
0.32818824,0.67181176,592,586,0,validation
0.99017453,0.009825494,593,119,0,validation
0.0065538655,0.9934462,594,53,0,validation
0.0058638095,0.9941362,595,151,0,validation
0.92397815,0.076021835,596,403,0,validation
0.035942618,0.9640573,597,822,0,validation
0.14256015,0.8574398,598,207,0,validation
0.006205269,0.9937947,599,735,0,validation
0.00676851,0.99323153,600,668,0,validation
0.98184586,0.018154133,601,8,0,validation
0.0047937813,0.9952062,602,706,0,validation
0.0045798034,0.9954202,603,36,0,validation
0.014039964,0.98596,604,452,0,validation
0.99021775,0.009782264,605,253,0,validation
0.0054903133,0.99450976,606,303,0,validation
0.3411198,0.6588802,607,711,0,validation
0.05296674,0.9470333,608,571,0,validation
0.014303102,0.9856969,609,623,0,validation
0.93309134,0.06690863,610,682,0,validation
0.008380572,0.99161947,611,262,0,validation
0.9896925,0.010307478,612,610,0,validation
0.9744862,0.025513776,613,297,0,validation
0.9900955,0.009904543,614,414,0,validation
0.91142756,0.08857247,615,150,0,validation
0.94233906,0.05766094,616,689,0,validation
0.0046481555,0.9953518,617,772,0,validation
0.90091985,0.09908015,618,550,0,validation
0.004369753,0.99563026,619,488,0,validation
0.0047469316,0.9952531,620,147,0,validation
0.004440493,0.99555945,621,146,0,validation
0.98222244,0.017777544,622,633,0,validation
0.42484963,0.5751504,623,809,0,validation
0.9766337,0.023366304,624,676,0,validation
0.005359027,0.99464095,625,348,0,validation
0.0060487976,0.9939512,626,463,0,validation
0.012965479,0.9870345,627,325,0,validation
0.99297595,0.0070240702,628,186,0,validation
0.9505925,0.049407553,629,123,0,validation
0.0050031864,0.9949968,630,742,0,validation
0.9926232,0.0073768017,631,608,0,validation
0.004960273,0.99503976,632,143,0,validation
0.9894896,0.010510328,633,833,0,validation
0.0042488542,0.99575114,634,197,0,validation
0.9735822,0.02641776,635,609,0,validation
0.98681474,0.013185302,636,279,0,validation
0.9908565,0.009143532,637,293,0,validation
0.9832955,0.0167045,638,400,0,validation
0.027823387,0.9721767,639,122,0,validation
0.99300766,0.0069923867,640,183,0,validation
0.005057562,0.99494237,641,202,0,validation
0.6838496,0.3161505,642,438,0,validation
0.95395607,0.046043925,643,246,0,validation
0.19965638,0.80034363,644,415,0,validation
0.87282795,0.12717201,645,791,0,validation
0.005170757,0.99482924,646,129,0,validation
0.0047204634,0.99527955,647,637,0,validation
0.29417294,0.70582706,648,402,0,validation
0.006348832,0.9936512,649,685,0,validation
0.9702645,0.029735535,650,751,0,validation
0.98573005,0.014269936,651,793,0,validation
0.003987022,0.99601305,652,219,0,validation
0.00634507,0.99365497,653,641,0,validation
0.0071453457,0.99285465,654,795,0,validation
0.98907745,0.010922627,655,659,0,validation
0.0042883954,0.99571157,656,798,0,validation
0.9803979,0.019602096,657,624,0,validation
0.73123455,0.26876545,658,731,0,validation
0.0076183937,0.99238163,659,667,0,validation
0.080192715,0.91980726,660,386,0,validation
0.6211697,0.37883034,661,845,0,validation
0.008170738,0.9918292,662,509,0,validation
0.9903556,0.00964439,663,267,0,validation
0.90277314,0.09722686,664,716,0,validation
0.06625173,0.9337483,665,441,0,validation
0.9741287,0.025871344,666,496,0,validation
0.9888721,0.011127941,667,112,0,validation
0.2878845,0.71211547,668,232,0,validation
0.7236307,0.27636927,669,757,0,validation
0.9751208,0.024879234,670,607,0,validation
0.98294455,0.017055402,671,373,0,validation
0.5334305,0.4665695,672,854,0,validation
0.11339494,0.886605,673,233,0,validation
0.96931547,0.030684585,674,827,0,validation
0.98055273,0.019447234,675,317,0,validation
0.004382844,0.99561715,676,648,0,validation
0.7742407,0.22575934,677,410,0,validation
0.019604594,0.9803954,678,781,0,validation
0.036552146,0.9634479,679,358,0,validation
0.9892924,0.01070765,680,258,0,validation
0.0076183323,0.99238163,681,627,0,validation
0.0057607433,0.9942392,682,632,0,validation
0.9918264,0.008173637,683,282,0,validation
0.19429037,0.80570966,684,376,0,validation
0.004040285,0.9959597,685,384,0,validation
0.021260113,0.97873986,686,224,0,validation
0.009993746,0.99000627,687,828,0,validation
0.9920214,0.007978607,688,712,0,validation
0.005053545,0.9949464,689,472,0,validation
0.011317003,0.9886829,690,347,0,validation
0.05704461,0.9429553,691,505,0,validation
0.19351172,0.8064883,692,639,0,validation
0.16595875,0.83404124,693,859,0,validation
0.004893907,0.9951061,694,807,0,validation
0.4272352,0.5727648,695,786,0,validation
0.9863544,0.013645554,696,619,0,validation
0.0072253235,0.9927746,697,744,0,validation
0.99007165,0.009928354,698,645,0,validation
0.75578874,0.24421132,699,737,0,validation
0.9881974,0.011802622,700,556,0,validation
0.97325337,0.026746618,701,832,0,validation
0.9914465,0.0085534565,702,577,0,validation
0.9913653,0.0086346865,703,85,0,validation
0.93887484,0.061125144,704,242,0,validation
0.9906148,0.009385269,705,698,0,validation
0.24277197,0.757228,706,159,0,validation
0.0048024524,0.9951976,707,524,0,validation
0.09095614,0.9090439,708,35,0,validation
0.6186654,0.3813346,709,540,0,validation
0.005123921,0.9948761,710,170,0,validation
0.9931851,0.006814876,711,654,0,validation
0.03372763,0.9662724,712,746,0,validation
0.875474,0.12452595,713,738,0,validation
0.97885895,0.021141013,714,821,0,validation
0.978717,0.021282928,715,95,0,validation
0.11025175,0.8897483,716,563,0,validation
0.9909265,0.009073506,717,240,0,validation
0.9871681,0.012831846,718,574,0,validation
0.0051749973,0.994825,719,690,0,validation
0.89663243,0.103367575,720,460,0,validation
0.98515064,0.014849393,721,553,0,validation
0.91890156,0.081098415,722,850,0,validation
0.026426727,0.97357327,723,206,0,validation
0.9799492,0.020050833,724,392,0,validation
0.0045781215,0.9954218,725,397,0,validation
0.9911917,0.008808281,726,739,0,validation
0.97436696,0.025633035,727,217,0,validation
0.19365162,0.8063483,728,4,0,validation
0.004389074,0.9956109,729,642,0,validation
0.9923907,0.0076093078,730,780,0,validation
0.99058974,0.009410277,731,612,0,validation
0.0050831106,0.9949169,732,546,0,validation
0.008645489,0.9913545,733,725,0,validation
0.006307475,0.9936925,734,683,0,validation
0.8367599,0.16324006,735,98,0,validation
0.22076291,0.7792371,736,727,0,validation
0.0041830568,0.995817,737,573,0,validation
0.0049223825,0.99507767,738,406,0,validation
0.99100214,0.008997822,739,502,0,validation
0.9905371,0.0094629,740,47,0,validation
0.004535882,0.99546415,741,32,0,validation
0.0082986625,0.9917013,742,200,0,validation
0.93871826,0.06128177,743,134,0,validation
0.0048135864,0.9951864,744,27,0,validation
0.0045823324,0.9954177,745,765,0,validation
0.98825455,0.011745419,746,230,0,validation
0.9919757,0.008024218,747,489,0,validation
0.009357163,0.99064285,748,378,0,validation
0.9462465,0.05375352,749,288,0,validation
0.9852748,0.014725253,750,418,0,validation
0.047732666,0.95226735,751,674,0,validation
0.008017726,0.9919823,752,391,0,validation
0.84358877,0.15641126,753,592,0,validation
0.9765842,0.02341584,754,498,0,validation
0.9910597,0.008940317,755,138,0,validation
0.87047976,0.12952022,756,62,0,validation
0.014740126,0.9852599,757,471,0,validation
0.9514029,0.048597123,758,647,0,validation
0.9721234,0.027876593,759,128,0,validation
0.019562721,0.98043734,760,849,0,validation
0.99140465,0.008595309,761,520,0,validation
0.99212015,0.007879875,762,64,0,validation
0.009131653,0.99086833,763,14,0,validation
0.0044567874,0.9955432,764,156,0,validation
0.9787578,0.02124216,765,40,0,validation
0.9826302,0.017369837,766,492,0,validation
0.9870494,0.012950653,767,379,0,validation
0.94056934,0.059430618,768,187,0,validation
0.56845313,0.43154687,769,763,0,validation
0.005621566,0.9943784,770,216,0,validation
0.9671582,0.03284182,771,52,0,validation
0.97643083,0.023569215,772,337,0,validation
0.036162537,0.96383744,773,748,0,validation
0.95108944,0.048910547,774,719,0,validation
0.0073635527,0.99263644,775,724,0,validation
0.97723866,0.02276131,776,295,0,validation
0.9869271,0.013072852,777,701,0,validation
0.73249185,0.26750812,778,251,0,validation
0.98359495,0.016405126,779,726,0,validation
0.0044232914,0.99557674,780,461,0,validation
0.9704012,0.029598739,781,455,0,validation
0.004671963,0.99532807,782,868,0,validation
0.013741776,0.98625815,783,269,0,validation
0.11718555,0.88281447,784,201,0,validation
0.1367275,0.8632725,785,161,0,validation
0.97300726,0.026992727,786,555,0,validation
0.14165089,0.8583491,787,729,0,validation
0.82189184,0.17810811,788,401,0,validation
0.99357176,0.00642827,789,702,0,validation
0.006111261,0.99388874,790,476,0,validation
0.005715042,0.9942849,791,771,0,validation
0.59732765,0.40267235,792,105,0,validation
0.0062892223,0.99371076,793,565,0,validation
0.023528047,0.97647196,794,389,0,validation
0.0949648,0.90503514,795,1,0,validation
0.005987983,0.99401206,796,815,0,validation
0.15541,0.84459,797,561,0,validation
0.9906557,0.009344256,798,80,0,validation
0.989893,0.0101069175,799,205,0,validation
0.90149367,0.09850635,800,34,0,validation
0.9709339,0.02906608,801,775,0,validation
0.049849037,0.9501509,802,508,0,validation
0.0055375034,0.99446243,803,427,0,validation
0.96333927,0.036660757,804,454,0,validation
0.9856959,0.014304131,805,366,0,validation
0.0077094384,0.99229056,806,91,0,validation
0.009778852,0.99022114,807,339,0,validation
0.67597145,0.3240286,808,564,0,validation
0.9861865,0.013813437,809,345,0,validation
0.006291524,0.9937085,810,776,0,validation
0.018241234,0.9817587,811,241,0,validation
0.0049957572,0.99500424,812,13,0,validation
0.004024211,0.9959758,813,315,0,validation
0.98477626,0.015223681,814,600,0,validation
0.009124874,0.9908751,815,387,0,validation
0.054044563,0.94595546,816,273,0,validation
0.17657363,0.8234263,817,166,0,validation
0.2237516,0.7762484,818,864,0,validation
0.21212071,0.78787935,819,646,0,validation
0.98302865,0.016971415,820,818,0,validation
0.79840755,0.20159239,821,484,0,validation
0.004979259,0.99502075,822,853,0,validation
0.9928322,0.0071678506,823,504,0,validation
0.01484352,0.9851564,824,243,0,validation
0.012289177,0.9877108,825,566,0,validation
0.005154403,0.9948456,826,562,0,validation
0.7342955,0.26570445,827,686,0,validation
0.020472294,0.9795278,828,189,0,validation
0.84226453,0.15773548,829,782,0,validation
0.053381387,0.9466187,830,699,0,validation
0.3498283,0.65017176,831,475,0,validation
0.99143654,0.00856347,832,681,0,validation
0.00560423,0.99439573,833,510,0,validation
0.006718488,0.9932815,834,58,0,validation
0.8845586,0.11544143,835,474,0,validation
0.026356567,0.9736434,836,560,0,validation
0.9720151,0.027984904,837,747,0,validation
0.004053695,0.99594635,838,252,0,validation
0.9836939,0.01630608,839,21,0,validation
0.004943616,0.9950564,840,313,0,validation
0.007377238,0.99262273,841,459,0,validation
0.19160531,0.8083947,842,160,0,validation
0.22131984,0.7786802,843,276,0,validation
0.888998,0.11100198,844,191,0,validation
0.9914806,0.008519445,845,385,0,validation
0.04048548,0.95951456,846,805,0,validation
0.9841703,0.015829656,847,413,0,validation
0.078586906,0.92141306,848,491,0,validation
0.8959356,0.10406443,849,343,0,validation
0.5935066,0.40649337,850,769,0,validation
0.9875044,0.012495595,851,308,0,validation
0.9920398,0.0079602515,852,661,0,validation
0.016862715,0.98313725,853,130,0,validation
0.0051407088,0.99485934,854,663,0,validation
0.007912231,0.9920878,855,99,0,validation
0.006790929,0.99320906,856,372,0,validation
0.01001548,0.9899845,857,87,0,validation
0.0074379104,0.9925621,858,458,0,validation
0.98263663,0.017363342,859,330,0,validation
0.98780084,0.012199177,860,214,0,validation
0.004408495,0.9955915,861,466,0,validation
0.9324053,0.06759475,862,121,0,validation
0.0044514616,0.9955485,863,614,0,validation
0.005458071,0.99454194,864,20,0,validation
0.7740876,0.22591239,865,700,0,validation
0.010395043,0.98960495,866,71,0,validation
0.99247384,0.0075261937,867,106,0,validation
0.1872227,0.81277734,868,270,0,validation
0.0086853625,0.9913147,869,860,0,validation
0.97996646,0.020033529,870,435,0,validation
0.005251035,0.994749,871,102,0,validation
