0,1,2,3,4,5,6,7,identifier,split
0.9870155,0.0007177883,0.00032428207,0.003388586,0.0022821068,0.00072400604,0.0035268716,0.002020866,0,test
0.9762548,0.0016379817,0.000647427,0.0050459546,0.005231174,0.0016739047,0.0057496345,0.0037589888,1,test
0.0005613219,0.0065602595,0.0051661194,0.0057589207,0.003304617,0.97346866,0.0030689444,0.0021112538,2,test
0.0004969229,0.021125901,0.036756255,0.011419328,0.03136056,0.8896533,0.006625635,0.0025619545,3,test
0.97484255,0.0018558172,0.00096964504,0.005518639,0.0044867843,0.0019723042,0.0062956563,0.004058545,4,test
0.00046239563,0.0030844181,0.98139155,0.003851798,0.0041273185,0.002033533,0.0032539926,0.0017950144,5,test
0.00035221595,0.0021815165,0.9862412,0.0028485574,0.0029976666,0.001674606,0.0024926097,0.0012115949,6,test
0.0007898405,0.0071702744,0.9647123,0.007160756,0.0068379254,0.0039266758,0.006045802,0.00335635,7,test
0.91485727,0.014042071,0.0017894167,0.020151315,0.0099554155,0.006789156,0.021817824,0.010597591,8,test
0.0005598486,0.0029187037,0.98084843,0.0043431465,0.0038066362,0.0020844606,0.0034196628,0.0020191383,9,test
0.00037420075,0.0017128631,0.9872967,0.0027520377,0.0027463813,0.0012785106,0.00244524,0.0013940872,10,test
0.00032639498,0.0020597423,0.98780835,0.0022531424,0.002078952,0.0013300192,0.0030120548,0.0011312254,11,test
0.9583436,0.0034273288,0.0009589236,0.009530428,0.006909305,0.002821697,0.011370713,0.006637957,12,test
0.9815143,0.0015060373,0.00084192975,0.003451337,0.0038690926,0.0015665246,0.003560616,0.0036901082,13,test
0.0003071899,0.0010325176,0.9911972,0.0019327555,0.0019218806,0.00091801886,0.0018029828,0.00088745705,14,test
0.00033688114,0.0016423931,0.9878056,0.0024589081,0.0027799539,0.0013253912,0.0024042963,0.0012465699,15,test
0.00050531235,0.0056380294,0.9704084,0.0051836316,0.005997014,0.003625971,0.006246809,0.0023947777,16,test
0.00020137454,0.0008309382,0.9937298,0.0010915182,0.0016293693,0.0007209461,0.0012232607,0.00057282456,17,test
0.9426507,0.0044388706,0.003337892,0.014222637,0.010205815,0.004276409,0.014331829,0.0065358826,18,test
0.0052984776,0.036240563,0.06780585,0.04654923,0.61937773,0.13073757,0.039510887,0.054479662,19,test
0.9351868,0.00725484,0.0015577336,0.0148372315,0.010539275,0.0051307115,0.015855817,0.009637554,20,test
0.0018283026,0.0030759708,0.9773892,0.0040826374,0.0054822355,0.0026892305,0.003422475,0.0020299824,21,test
0.9928738,0.0002711159,0.00020613651,0.0014606767,0.001465928,0.00037929925,0.0019934424,0.0013495743,22,test
0.00027386355,0.0011483608,0.99059486,0.0021023245,0.00198402,0.0009776027,0.0018749727,0.0010439379,23,test
0.00051810715,0.0007297356,0.00044821398,0.0019359501,0.00046501638,0.00014545619,0.0007361256,0.99502146,24,test
0.0003193563,0.0022197887,0.9863739,0.0026998383,0.0023001824,0.0016835838,0.0030882282,0.0013151125,25,test
0.00038747265,0.002146169,0.98598355,0.0026149068,0.003231166,0.0016992853,0.0027654371,0.0011719674,26,test
0.00038662224,0.0021495295,0.9856038,0.0030032713,0.0031482296,0.0016941949,0.0026390087,0.001375262,27,test
0.0003679906,0.0018437903,0.98717725,0.0024894555,0.0030936247,0.0014994221,0.0023422204,0.0011863051,28,test
0.00041626664,0.0023370283,0.9855532,0.0026544274,0.0030033872,0.001803671,0.0029203494,0.001311548,29,test
0.97870445,0.0014253998,0.000599069,0.0046775364,0.0043388405,0.0015485353,0.0051911944,0.0035150175,30,test
0.0003959931,0.0019551762,0.9861627,0.0027549658,0.002949022,0.001621328,0.0028492613,0.0013113909,31,test
3.9136357e-05,0.00014672181,2.1214588e-05,6.115051e-05,9.180111e-05,1.5170233e-05,0.99957174,5.3064632e-05,32,test
0.00069176254,0.007915478,0.96469724,0.006215312,0.0063471007,0.0043514105,0.006834402,0.0029472543,33,test
0.000409379,0.00278619,0.9833998,0.0032254616,0.0034715908,0.0019816507,0.0032057785,0.0015201495,34,test
0.00021928987,0.00094372075,0.99302965,0.0013559345,0.001503941,0.0008698969,0.0013940767,0.0006835117,35,test
0.00034982877,0.0018149624,0.9879324,0.0023450102,0.0023928527,0.0014858644,0.0025823074,0.0010967932,36,test
0.00014957135,0.00056740514,0.99519014,0.00094210345,0.0011280095,0.0005696232,0.0010128147,0.00044038464,37,test
0.00025166673,0.0009989775,0.9918738,0.0015803247,0.0020392863,0.0009273665,0.001520153,0.0008085762,38,test
0.9851778,0.00083896855,0.0005321249,0.0033270433,0.002631554,0.0013194486,0.0035751774,0.0025978251,39,test
0.97282153,0.0017153176,0.00073050725,0.005505478,0.004833281,0.0018343317,0.0074228854,0.0051367376,40,test
0.9729699,0.0020778028,0.00069115695,0.0061323927,0.0049812845,0.0023472623,0.006803598,0.0039965785,41,test
0.00034393306,0.002380287,0.98663735,0.0024249342,0.0026604654,0.0016483222,0.0026494714,0.0012552912,42,test
0.0004726795,0.0027240126,0.9827245,0.0033599173,0.003619519,0.0022502209,0.0034443305,0.0014048828,43,test
0.9820685,0.00094797474,0.0006269484,0.0042237956,0.0034763466,0.0012668861,0.0043936255,0.0029959537,44,test
0.00031609545,0.0015639624,0.9888503,0.0022515915,0.0024135604,0.001410267,0.002183656,0.0010105802,45,test
0.00054160604,0.0033607702,0.9803709,0.0036528492,0.0039095995,0.0023404793,0.0040616468,0.00176216,46,test
0.00081485737,0.00087079575,0.00031485193,0.002010735,0.00029229364,0.00019667788,0.0006602598,0.9948395,47,test
0.97831476,0.0016936462,0.0005439533,0.0048260884,0.0038035915,0.0016311979,0.0057612094,0.003425502,48,test
0.00061443873,0.0053473935,0.97117424,0.0062528932,0.005665163,0.003010974,0.004955648,0.002979162,49,test
0.00032050343,0.00197337,0.987102,0.0025362093,0.0025318137,0.0015034429,0.002778501,0.0012540926,50,test
0.00027457625,0.00080286077,0.9922166,0.0018421744,0.001718052,0.0008047719,0.0015253314,0.00081570155,51,test
0.00027759137,0.0010290458,0.9919939,0.0016240213,0.0014022755,0.0007344189,0.0020217528,0.0009169829,52,test
0.9489762,0.00422524,0.0012910105,0.011234812,0.009899688,0.0040025045,0.012763789,0.007606764,53,test
0.0004480046,0.003249438,0.98108256,0.0037274284,0.003769973,0.002245221,0.0037380653,0.001739342,54,test
0.00034826063,0.0020540308,0.9866312,0.0029133903,0.0026369407,0.0014794366,0.0026412029,0.0012955789,55,test
0.9832265,0.0008386586,0.00068421615,0.0041057826,0.003209996,0.0011439045,0.004040365,0.0027505795,56,test
0.00024005806,0.0008522599,0.99261194,0.001452082,0.0020555553,0.00088646024,0.0011913126,0.00071041676,57,test
0.00066772406,0.00023332912,0.00021116775,6.099253e-05,0.99790454,0.00040457316,0.0004140376,0.00010365446,58,test
0.7115882,0.014423863,0.1318014,0.052559454,0.024549939,0.010981456,0.035617486,0.018478194,59,test
0.0004521926,0.0016588784,0.9874529,0.0023694632,0.0029478306,0.0012908306,0.0025907943,0.0012371574,60,test
0.0011145257,0.009713686,0.954372,0.009572455,0.007918015,0.006010939,0.0074551245,0.0038432423,61,test
0.0008138263,0.009293794,0.9593984,0.008128478,0.0071117147,0.004541815,0.0064245192,0.0042873975,62,test
0.0004565096,0.002941518,0.98195374,0.0036958857,0.0035401492,0.001994625,0.0035517637,0.0018657455,63,test
0.00033116862,0.0013449334,0.9897724,0.0022504556,0.0021663774,0.0010419595,0.0019768826,0.0011158091,64,test
0.00031951093,0.001656743,0.9884764,0.0022033174,0.0024266534,0.001355579,0.002436187,0.0011256272,65,test
0.00047518857,0.0027344902,0.98108184,0.004300351,0.0041016666,0.0019988918,0.003317998,0.0019895309,66,test
0.00033496873,0.00179558,0.9873667,0.0025585683,0.0028869763,0.0015094561,0.002435062,0.0011127283,67,test
0.001567504,0.002198613,0.0010748672,0.004565035,0.0013619224,0.00043724664,0.0017263244,0.9870684,68,test
0.00025001547,0.0008095894,0.99303246,0.0013610974,0.0016373843,0.00088728336,0.0013607042,0.00066138007,69,test
0.9730364,0.0018049176,0.0008387989,0.005882888,0.0052411486,0.001789563,0.006698981,0.0047073523,70,test
0.0004946085,0.003385651,0.9792723,0.004037908,0.004342745,0.0027349507,0.0041389475,0.0015928617,71,test
0.98204297,0.0013131383,0.0004108166,0.003991354,0.003214967,0.0012425195,0.0050045946,0.0027797255,72,test
0.00017624226,0.0008662308,0.99323845,0.001061321,0.0020147988,0.00086296396,0.0011855161,0.0005944207,73,test
0.005868733,0.009979786,0.008137115,0.009979144,0.0051587233,0.9493477,0.008878504,0.0026502537,74,test
0.00012747695,0.9940421,0.0005141752,0.0004679525,0.0007872933,0.0012871191,0.0019507136,0.00082308875,75,test
0.0010460834,0.0017832335,0.00081046374,0.0027776603,0.0010096417,0.00029604448,0.0013118205,0.9909651,76,test
0.5653084,0.009320861,0.26872307,0.05413038,0.031256188,0.014855429,0.030793287,0.025612412,77,test
0.9726116,0.0019343575,0.0008316868,0.006549897,0.0055459454,0.0022755433,0.006903192,0.0033477172,78,test
0.000120066055,0.9940043,0.00051337655,0.0004583994,0.0009904355,0.001198244,0.001908054,0.0008071719,79,test
0.0004006821,0.0023167827,0.9851606,0.0027512466,0.003321578,0.0018626918,0.0029484236,0.0012379062,80,test
0.00039444183,9.65815e-05,0.0001618258,2.6166375e-05,0.9989243,0.00018462572,0.00017451879,3.7509813e-05,81,test
0.9821014,0.00091324525,0.00046362277,0.004499542,0.0026270577,0.0013201736,0.005604547,0.002470439,82,test
0.95330787,0.0032053946,0.0015039388,0.010528168,0.0069965334,0.004332624,0.012116535,0.008008884,83,test
0.980893,0.0011771305,0.00077236025,0.004297334,0.0038346362,0.0013234948,0.004061621,0.0036403933,84,test
0.0017124102,0.006735378,0.0024525812,0.00045136485,0.9708939,0.011844145,0.0023467808,0.0035634479,85,test
0.97872293,0.0011463166,0.0007109867,0.004478478,0.0031909582,0.0018053296,0.0068683685,0.0030766367,86,test
0.9725001,0.0016876332,0.0010293638,0.0059213913,0.00596974,0.0016322143,0.006518402,0.004741083,87,test
0.0005720726,0.0033340931,0.9789367,0.004244752,0.004857722,0.0026980205,0.003727423,0.0016292846,88,test
0.9702121,0.0022962452,0.0008397751,0.006497601,0.0051688664,0.0025455593,0.007091186,0.0053486694,89,test
0.00034395713,0.0021825559,0.98477364,0.0032363376,0.0029596987,0.00182139,0.0032477481,0.0014347322,90,test
0.0003737876,0.0020470144,0.98694706,0.0024284208,0.002844547,0.0016231731,0.0025275191,0.0012084597,91,test
0.00025485246,0.0015509649,0.9904833,0.0019332531,0.0021261717,0.0010689239,0.0017003845,0.0008821764,92,test
0.975706,0.0013256135,0.00076259347,0.005627913,0.0047822753,0.0015155232,0.006279061,0.0040011625,93,test
0.9799494,0.0011151793,0.00058602315,0.004429213,0.003839664,0.0014783774,0.005729373,0.0028729052,94,test
0.00050765707,0.0026952066,0.9819286,0.0037889439,0.0038903323,0.0020328867,0.0032452503,0.0019111413,95,test
0.0005257587,0.0029343718,0.9802904,0.0042815525,0.0040587657,0.0021232255,0.00380793,0.001978058,96,test
0.00011213427,0.9949803,0.00035595047,0.0003432341,0.0007191642,0.0010803185,0.0017854815,0.00062342134,97,test
0.00058614294,0.0052880077,0.003578434,0.002672935,0.0018181349,0.9817063,0.0030779573,0.0012719382,98,test
0.96138215,0.0030969193,0.0011344902,0.00852609,0.007139157,0.002622056,0.009730091,0.00636906,99,test
0.98744327,0.0006604532,0.00035615874,0.0025983355,0.0025957695,0.0009689674,0.0032811677,0.0020958427,100,test
0.00038473902,0.0021801281,0.98572075,0.0028402864,0.0030219124,0.0018116118,0.0028153625,0.0012252385,101,test
0.00042544116,0.0026167263,0.9841628,0.0029107793,0.003572545,0.0020129133,0.0029264707,0.0013723447,102,test
0.0006128026,0.012205554,0.005963217,0.0037533576,0.0034066108,0.96751547,0.0046439054,0.0018990776,103,test
0.00023105815,0.987703,0.0007201299,0.001313818,0.0016808653,0.0013282588,0.003715377,0.0033074443,104,test
0.000647107,0.0016318068,0.00048267574,0.002998846,0.0007007666,0.00023618394,0.0011754327,0.9921272,105,test
0.00044896535,0.00011061186,0.00017393757,3.0553307e-05,0.99874806,0.00023108366,0.00020695505,4.981399e-05,106,test
0.00021961753,0.0007134907,0.9940223,0.0014069846,0.00097118004,0.0006043663,0.0012462607,0.00081584667,107,test
0.00073099387,0.00042763614,0.00023950577,0.0017819271,0.0002119414,0.00010322315,0.00051355624,0.9959913,108,test
0.0007421266,0.005276401,0.0036164932,0.0033551336,0.0028666575,0.9788923,0.0035611342,0.0016897611,109,test
0.00046278676,0.0030961877,0.980235,0.004050936,0.004393031,0.0025325234,0.0036046284,0.0016248884,110,test
0.41069296,0.0039729085,0.48471653,0.041218393,0.014109075,0.0053994088,0.026398009,0.013492659,111,test
0.98119974,0.0010911964,0.00065533037,0.0041705756,0.0033345374,0.0010914608,0.005549052,0.0029081302,112,test
0.00031228169,0.0019550861,0.9888171,0.0018997121,0.0023328227,0.0014035393,0.0021997697,0.0010796064,113,test
0.00017924717,0.0006514571,0.9947196,0.0010567564,0.0011575817,0.00055687205,0.0009934013,0.00068511686,114,test
0.9456833,0.0051433565,0.0013374086,0.01084454,0.008511064,0.004606128,0.0145661235,0.009308055,115,test
0.0025757353,0.088919565,0.71485263,0.027896553,0.063422956,0.07349177,0.018294232,0.01054663,116,test
0.9831875,0.0009608585,0.00048435392,0.0038852638,0.0030259637,0.0009567347,0.0042984565,0.0032008083,117,test
0.9860364,0.0006262233,0.00038468424,0.003209656,0.0024968677,0.0010428629,0.0040759705,0.002127245,118,test
0.9730261,0.0018698568,0.00096665014,0.005941126,0.005499333,0.0019863336,0.0064976597,0.0042128977,119,test
0.008771671,0.059367068,0.011543027,0.02839191,0.018003514,0.2558562,0.025856813,0.5922098,120,test
0.00041581757,0.0022043558,0.9845613,0.0030617993,0.0037820851,0.0017730833,0.0028692957,0.001332263,121,test
0.00018873817,0.0011376996,0.99284416,0.0012569064,0.0012878253,0.00094250985,0.0016456652,0.0006964674,122,test
0.9578676,0.003914485,0.0009937612,0.0101480875,0.006739903,0.00316956,0.010667076,0.0064994786,123,test
0.019837368,0.04895813,0.07887541,0.05020939,0.29618034,0.04779194,0.04050043,0.41764697,124,test
0.97800124,0.0013550718,0.00053340173,0.0048123756,0.0041507096,0.0018682638,0.006148519,0.0031304394,125,test
0.00026635127,0.0010290432,0.9918161,0.0016204361,0.0020731671,0.001092734,0.00142749,0.0006748083,126,test
0.9822489,0.0009428379,0.00057149644,0.0039772657,0.0038013004,0.0012284347,0.0044047334,0.0028249917,127,test
0.0007369118,0.0009507878,0.98943406,0.0016271392,0.0014915862,0.002224833,0.0021982116,0.001336438,128,test
0.0009603991,0.001645198,0.9836766,0.0029599604,0.0028366405,0.002791872,0.0028991268,0.0022302566,129,test
0.0014086016,0.0033324354,0.972243,0.00503855,0.004500157,0.0057231956,0.004586663,0.003167482,130,test
0.002572033,0.010224642,0.93116546,0.011610362,0.009199367,0.014402318,0.011236852,0.009588972,131,test
0.97852975,0.0016865904,0.00035577908,0.004279438,0.00325555,0.002591775,0.0051320726,0.004168959,132,test
0.0011808075,0.0028284863,0.9770561,0.0036884348,0.0036441423,0.0046467446,0.004422088,0.002533181,133,test
0.00062112126,0.00061045506,0.99228865,0.0012600264,0.0011654628,0.0015313826,0.0014684255,0.0010544439,134,test
0.35133937,0.4332479,0.0031032637,0.03716456,0.038366362,0.037909597,0.046310738,0.05255817,135,test
0.0016814583,0.0048421007,0.96660346,0.0054420466,0.0046923235,0.006404142,0.0063640564,0.003970539,136,test
0.0013528803,0.0033927243,0.97184414,0.0051008402,0.0045431047,0.0054780683,0.0048542395,0.0034339363,137,test
0.00089297484,0.001626477,0.9847778,0.0025385076,0.0026500043,0.002913544,0.0028775125,0.0017232834,138,test
0.0008463521,0.0010867292,0.9874982,0.0020933077,0.0022727235,0.002389495,0.002346035,0.0014671735,139,test
0.0013396438,0.00282655,0.9764864,0.0040830206,0.0036517384,0.004271125,0.004264509,0.0030770097,140,test
0.97052985,0.0023835185,0.00048780136,0.006200403,0.0040815924,0.0033888097,0.0066573317,0.00627054,141,test
0.0014748198,0.004305598,0.968512,0.0048946594,0.0041469303,0.00691961,0.0064132083,0.0033330866,142,test
0.001240022,0.003097081,0.97480243,0.0042129783,0.0040607494,0.005003336,0.004454649,0.0031287689,143,test
0.9859072,0.00072703685,0.00035310883,0.002811119,0.0023474107,0.0014963729,0.0033532945,0.003004492,144,test
0.00073347695,0.001028964,0.9893968,0.0016932559,0.0017809676,0.0021216513,0.0021712887,0.0010736017,145,test
0.00025877805,0.98835796,0.00061976415,0.00097149744,0.0018083883,0.002840998,0.0031404693,0.002002044,146,test
0.0011313856,0.0025435926,0.9789969,0.0033265993,0.0033900628,0.0045234454,0.003743227,0.002344889,147,test
0.0014680192,0.0031080516,0.9727601,0.0045880107,0.0049570724,0.005741581,0.0047722394,0.0026050548,148,test
0.97906256,0.0018306442,0.00035322076,0.0040650577,0.0030324822,0.0027020164,0.0045605754,0.004393471,149,test
0.9832409,0.0010442372,0.00025378034,0.00277068,0.002789499,0.0023214964,0.005017943,0.0025614682,150,test
0.9859848,0.0008141282,0.00024791766,0.0025221177,0.0021935515,0.0018209061,0.0036969704,0.0027195823,151,test
0.98471886,0.000778726,0.00031147865,0.00284659,0.0022117812,0.0018452591,0.0041059735,0.0031813905,152,test
0.9545428,0.0036716468,0.0008133298,0.008433874,0.00646519,0.006128297,0.010774258,0.00917056,153,test
0.0010129747,0.0015713697,0.98496324,0.002438978,0.0022398424,0.0029357527,0.0030444458,0.0017933929,154,test
0.001772761,0.006095366,0.9574198,0.0072514466,0.0068931035,0.008121697,0.007178194,0.005267539,155,test
0.00032502483,0.9865845,0.00054636586,0.0011016272,0.0019330566,0.0031935808,0.003737324,0.0025785447,156,test
0.9724005,0.0024303426,0.00044997784,0.0057026437,0.0039722654,0.0035369336,0.0061777206,0.0053296234,157,test
0.9618355,0.002925074,0.0020850068,0.00792683,0.005807947,0.0049477206,0.0077201,0.006751738,158,test
0.00067979767,0.0010205585,0.98908615,0.0017622708,0.0022313795,0.0020431092,0.0016869338,0.0014898124,159,test
0.00040103172,0.0040433723,0.001124073,0.0017776279,0.0012313,0.9860903,0.0034992239,0.0018330486,160,test
0.0006758197,0.00065084966,0.00025005414,0.0014419399,0.00028619243,0.00042553234,0.00067858386,0.99559116,161,test
0.98053175,0.0013663527,0.00037031728,0.0037490404,0.0032053774,0.0020355606,0.0045123836,0.004229154,162,test
0.9778786,0.0015001274,0.00043203993,0.004574397,0.0030975495,0.0027452142,0.0051110545,0.0046610017,163,test
0.0011847527,0.0020393333,0.9813953,0.0029286912,0.0027110567,0.0042004907,0.003455513,0.002084937,164,test
0.0024827754,0.011363961,0.93691283,0.010440332,0.0090184035,0.01286929,0.010001603,0.0069108,165,test
0.0010656106,0.0011246479,0.0006173854,0.00022474938,0.9939183,0.0018455301,0.00080015475,0.00040357222,166,test
0.00052386645,0.00085610774,0.00017949528,0.0015155651,0.00032963738,0.0004421382,0.00083447515,0.9953187,167,test
0.0013807383,0.0028444682,0.9752582,0.0043882136,0.0040519177,0.004641116,0.0044040335,0.0030312925,168,test
0.0008525022,0.0012156621,0.9860886,0.0024569677,0.0024651107,0.0024882306,0.0024868262,0.0019461041,169,test
0.00034049872,0.004486797,0.0002232813,0.00089430186,0.00090849114,0.0021458988,0.98783386,0.0031668735,170,test
0.0025216204,0.007726091,0.94569206,0.009271672,0.008638424,0.011629881,0.009347047,0.005173338,171,test
0.00092340616,0.001541789,0.9841357,0.0027649333,0.0030925516,0.002738272,0.0025952342,0.0022082832,172,test
0.9857723,0.00089905673,0.00030116623,0.002960809,0.0023395885,0.0015740432,0.0033659532,0.002787045,173,test
0.98459333,0.0008323847,0.0003305306,0.002834232,0.0026525683,0.0019354208,0.0039127865,0.002908654,174,test
0.001681359,0.004940844,0.96381676,0.0055721058,0.0057424377,0.007290828,0.0066073756,0.0043483577,175,test
0.0010903565,0.0022946864,0.9792292,0.0035058376,0.0033344075,0.003994306,0.0039885812,0.002562636,176,test
0.00038661776,0.002792859,0.0012049045,0.0027009193,0.0012508425,0.9878022,0.0030686734,0.00079287885,177,test
0.9790556,0.0014276066,0.00042409924,0.004141688,0.0029177465,0.002810565,0.0049000536,0.004322643,178,test
0.00069303607,0.0009607476,0.9892623,0.0018007825,0.001598575,0.0020903621,0.002046823,0.0015474753,179,test
0.9673205,0.0027188757,0.00057201344,0.0059183775,0.005332586,0.0036024419,0.007513878,0.0070213964,180,test
0.0010385631,0.0009438246,0.00032391402,0.0015510211,0.00038199496,0.00038928626,0.00083277456,0.9945387,181,test
0.001254492,0.0030725196,0.975567,0.004361304,0.003976633,0.0045757624,0.0044173533,0.00277498,182,test
0.0010787321,0.0019660024,0.98135835,0.0031001407,0.0032587377,0.0036886213,0.003355272,0.0021940167,183,test
0.98370844,0.00101953,0.0003144992,0.0032602425,0.0025529764,0.0018229968,0.004062769,0.003258586,184,test
0.0013098596,0.003674718,0.9707972,0.005025078,0.0047881952,0.0061381664,0.005085131,0.003181666,185,test
0.9797411,0.0013344614,0.00047396,0.0043828306,0.0027672776,0.0028479504,0.004586,0.0038663708,186,test
0.00384619,0.018546516,0.90091586,0.016412782,0.01215765,0.018953154,0.014326954,0.014840933,187,test
0.001072354,0.00075218186,0.0004085246,0.00021275722,0.99499017,0.0014539498,0.000771814,0.00033823692,188,test
0.0020741967,0.008625046,0.94215786,0.006601358,0.015416443,0.011148215,0.008001448,0.005975401,189,test
0.0017865056,0.0042775744,0.9670039,0.00545449,0.0049238666,0.0064449525,0.0063616284,0.0037471305,190,test
0.9886945,0.0005537622,0.00025743287,0.0019654136,0.0021629555,0.0011883136,0.00288577,0.0022917865,191,test
0.98250085,0.0012294941,0.00029827768,0.0034063798,0.0027167923,0.0020813313,0.0042555756,0.0035113406,192,test
0.00064141816,0.007410427,0.0015193084,0.0029085053,0.0019255173,0.97723615,0.005569063,0.0027896296,193,test
0.0007571358,0.0005683646,0.00020577315,0.00150186,0.00021628937,0.00039279726,0.00067722826,0.9956806,194,test
0.001045887,0.0024207693,0.9786089,0.0036819177,0.0030498242,0.004450639,0.004490069,0.0022520293,195,test
0.00066997175,0.0012429423,0.9887299,0.001782547,0.0018307096,0.002008038,0.002041534,0.0016943783,196,test
0.007407621,0.04822321,0.013641505,0.010235741,0.5649266,0.30834764,0.021278674,0.025938991,197,test
0.9830362,0.0011471751,0.000399048,0.0034455478,0.0029910957,0.0017090454,0.0038025992,0.0034692932,198,test
0.0015887524,0.004984661,0.9622198,0.0062333615,0.005041301,0.007699024,0.008156154,0.004076955,199,test
0.0027586687,0.011168444,0.9352088,0.010836823,0.009764207,0.012874889,0.010339031,0.007049141,200,test
0.0009355403,0.0018761327,0.9828687,0.0028576264,0.0027709112,0.003395731,0.0031910504,0.0021043043,201,test
0.0009976642,0.0029993828,0.9766742,0.0035981303,0.0034098756,0.0053492608,0.0047201277,0.0022513196,202,test
0.0031573456,0.013431516,0.91910076,0.014358828,0.010354572,0.017206967,0.012487098,0.009902947,203,test
0.0011481451,0.002861042,0.97496706,0.00421539,0.003761255,0.0053016758,0.0050572786,0.0026881578,204,test
0.98288834,0.0011951446,0.00032384455,0.0029139018,0.0027007267,0.0022997505,0.004048337,0.0036299287,205,test
0.0013226687,0.002751777,0.97634834,0.0038277127,0.0039533786,0.004794923,0.004429921,0.0025712901,206,test
0.0009535481,0.0019287696,0.9835867,0.0027160326,0.0025685248,0.003491017,0.0022286763,0.0025267834,207,test
0.0013003123,0.0030418462,0.97389686,0.004496949,0.0045353905,0.0046799392,0.0046360237,0.003412619,208,test
0.99077237,0.00040207256,0.00021244673,0.0020274958,0.0014392375,0.0010612949,0.0023430341,0.0017419658,209,test
0.0040060575,0.0037589401,0.9602233,0.0068329773,0.0043767123,0.008543527,0.005930762,0.006327687,210,test
0.98333514,0.001171809,0.00030291453,0.003223592,0.0021174499,0.0019751254,0.0042867404,0.0035872573,211,test
0.0013502815,0.0028192287,0.9730812,0.004696278,0.0046266443,0.006142893,0.0049075307,0.0023759415,212,test
0.98558795,0.0009041767,0.00028552892,0.0030135496,0.0019513468,0.0019126858,0.003616884,0.0027280382,213,test
0.00038379547,0.003992662,0.0011203992,0.0018350257,0.0011100678,0.98686206,0.0030149848,0.0016809653,214,test
0.0013385366,0.0027882499,0.9756579,0.0040173857,0.003771036,0.0047576684,0.0046462654,0.0030229832,215,test
0.0011306676,0.0022389698,0.97977716,0.0034518524,0.0032373988,0.0041114404,0.0036141898,0.0024383953,216,test
0.000235768,0.990877,0.00041314424,0.00072889985,0.0012810756,0.0026055588,0.0026089419,0.001249635,217,test
0.9855898,0.00085639115,0.00031507603,0.002897091,0.0022618894,0.0015937748,0.0036769295,0.0028090163,218,test
0.0013589275,0.0037994282,0.9718312,0.004823103,0.004023191,0.0056708036,0.0054497817,0.003043637,219,test
0.00091093907,0.0018118863,0.9822187,0.0026638315,0.0026977828,0.0039653177,0.0037330815,0.0019985063,220,test
0.97794807,0.0015396695,0.0004267497,0.004471925,0.003082747,0.0027240573,0.005028568,0.0047782464,221,test
0.0010162853,0.001529516,0.984201,0.0025422,0.0027853453,0.0031239146,0.0028815074,0.0019202621,222,test
0.0010815635,0.0014764679,0.98454154,0.0025795135,0.002595229,0.002834564,0.0027034553,0.0021878073,223,test
0.0014145655,0.0059717554,0.0016687848,0.00047707994,0.966276,0.01899274,0.0021088696,0.0030903125,224,test
0.9880034,0.0006963186,0.00023454503,0.0025123733,0.0019204137,0.0013241803,0.0029613639,0.0023474465,225,test
0.0022795026,0.010405878,0.9365527,0.009715253,0.008090645,0.015420512,0.012089727,0.005445825,226,test
0.0012383054,0.0024151898,0.97875667,0.0033718077,0.0035616052,0.004427669,0.0038683647,0.0023603886,227,test
8.931873e-05,0.00031680256,2.4093473e-05,8.141937e-05,0.00015089415,0.0001678418,0.9989392,0.00023049416,228,test
0.0018584102,0.008211127,0.9505133,0.007673249,0.0078031546,0.009478311,0.00920678,0.0052556572,229,test
0.004005015,0.015039417,0.9022437,0.018413635,0.0120638525,0.020002844,0.014942857,0.0132887615,230,test
0.0010053101,0.0015358033,0.98483723,0.0023831935,0.002648326,0.0030728783,0.0027845155,0.0017327762,231,test
0.9677567,0.0035305086,0.00052851246,0.0062388745,0.0036403618,0.003797988,0.007998659,0.006508377,232,test
0.9664767,0.0022086105,0.0011950384,0.007615613,0.0053483155,0.0034184572,0.007239656,0.006497515,233,test
0.001356915,0.0013198644,0.00064148987,0.00028821695,0.9927313,0.002171239,0.0009193419,0.0005716741,234,test
0.98173827,0.0013475909,0.00035957128,0.0035113283,0.003150114,0.0021111544,0.004310669,0.0034712045,235,test
0.9773766,0.0016293678,0.0003605181,0.0048091547,0.0030760602,0.0023286648,0.005931931,0.004487668,236,test
0.0009879573,0.0021611697,0.98016536,0.0036451244,0.0030957316,0.0037467678,0.0033688364,0.0028290395,237,test
0.0011633905,0.002340218,0.97926164,0.003387691,0.0033796642,0.0042354073,0.003913535,0.0023184626,238,test
0.001251322,0.0026992094,0.97575265,0.0040348684,0.0042247614,0.0051947236,0.004136939,0.0027054537,239,test
0.97529036,0.0019100073,0.0005004606,0.005228614,0.0036131889,0.0027733946,0.005873194,0.004810721,240,test
0.0015827239,0.00035827074,0.0013878675,0.98813814,0.000829718,0.0036025587,0.0022293075,0.0018713558,241,test
0.9820207,0.0010645281,0.00041539414,0.0036335664,0.0028858718,0.0020671103,0.0040361835,0.0038766342,242,test
0.0023615886,0.0035435788,0.0016126336,0.00078394654,0.9848482,0.0035156708,0.002087534,0.0012467945,243,test
0.0017615393,0.96738195,0.0010075343,0.0034859474,0.005448139,0.0060945684,0.007366763,0.0074535646,244,test
0.9884376,0.0006244782,0.0003391954,0.0020570408,0.0017133261,0.0014322634,0.0026853734,0.0027106404,245,test
0.9828294,0.0010753241,0.00036285268,0.0032082757,0.0023839152,0.0022578454,0.0041629802,0.0037193727,246,test
0.0009169003,0.001768314,0.9827566,0.0027546398,0.0031285894,0.0038505103,0.0030856906,0.0017388049,247,test
0.00037493545,0.983604,0.0007549422,0.0013499453,0.0025924188,0.0039248653,0.0043420396,0.0030567944,248,test
0.9849541,0.0007178183,0.0004439836,0.0030252708,0.0026517631,0.0016766398,0.0035650856,0.002965413,249,test
0.98539436,0.0009331443,0.00030714282,0.0028281955,0.0023512274,0.0015473589,0.0032253203,0.0034132216,250,test
0.9791104,0.0015429009,0.00032733174,0.0045473063,0.0030244912,0.0021259203,0.005376609,0.0039449213,251,test
0.00074216264,0.0010008794,0.9893393,0.0017431387,0.0017286557,0.0021581135,0.0019528343,0.0013349777,252,test
0.001278881,0.0029866828,0.9747133,0.0042791376,0.004216924,0.004885006,0.0046845013,0.002955529,253,test
0.0015364619,0.003291634,0.9724946,0.0044488325,0.004538149,0.005566477,0.005122754,0.0030011043,254,test
0.0016446837,0.0049150917,0.9599295,0.006745862,0.0055065313,0.008565052,0.007955807,0.004737407,255,test
0.0010845393,0.0014699589,0.98328614,0.0031776226,0.002998863,0.003798739,0.0022665965,0.0019175819,256,test
0.9932875,0.00029218238,0.00019647539,0.0014744095,0.0012086334,0.0007971119,0.0013390289,0.0014046552,257,test
0.0009455027,0.0014578593,0.98514163,0.0029754885,0.002163448,0.003216951,0.0020343412,0.0020647268,258,test
0.00063964294,0.0062434166,0.000999133,0.0030853716,0.003957095,0.002274391,0.98178065,0.0010202611,259,test
0.0011764438,0.0020161073,0.97963667,0.0039506964,0.003847445,0.0045568366,0.0024979468,0.0023179175,260,test
0.002708438,0.0035546958,0.001392517,0.011255865,0.0015286983,0.004932995,0.005266919,0.96935993,261,test
0.0005431638,0.0013066949,0.00019043927,0.0013418674,0.0015357196,0.001113815,0.9932567,0.00071166747,262,test
0.0016011358,0.0022159393,0.0011110477,0.00039913578,0.9889297,0.003691334,0.0013791654,0.0006724842,263,test
0.0009837598,0.0015874141,0.9842332,0.003077338,0.0022249802,0.00322707,0.0020760319,0.002590142,264,test
0.001980876,0.004589695,0.9625953,0.0071057547,0.0069970014,0.008405105,0.004248532,0.0040778485,265,test
0.00075943186,0.0006921043,0.99027294,0.0020105592,0.0017899763,0.002018919,0.0011345238,0.0013214649,266,test
0.0007504868,0.0010006939,0.98775035,0.002321264,0.0024941938,0.002886741,0.0015005085,0.0012958553,267,test
0.0006212241,0.97424215,0.0015180637,0.0022267003,0.00431426,0.008401585,0.0046832263,0.003992802,268,test
0.9918303,0.0003511745,0.0001862168,0.0018708064,0.0015570205,0.00090976537,0.001972059,0.0013226862,269,test
0.9891939,0.00059273007,0.0002531416,0.002610218,0.002021966,0.0011403834,0.0024016374,0.0017859221,270,test
0.0005181457,0.00061004783,0.99288017,0.0012416476,0.001403001,0.0012852089,0.0008522715,0.0012095652,271,test
0.0023996385,0.005522717,0.9523758,0.009473252,0.006278308,0.01162148,0.006675249,0.0056535797,272,test
0.0006004054,0.0013384687,0.00038099577,0.0011662336,0.0016626222,0.0012524001,0.9931219,0.0004769299,273,test
0.99349713,0.00029730093,0.00014187647,0.0015758403,0.0011313047,0.0007404765,0.001606586,0.0010094778,274,test
0.9890753,0.00059203955,0.00026229,0.0026750227,0.0015701257,0.0014163984,0.0023326066,0.0020761,275,test
0.9614193,0.0033476693,0.0008136672,0.008573143,0.005718302,0.0060246033,0.0076974477,0.0064059254,276,test
0.00077472173,0.0006899914,0.9899609,0.0020301666,0.0018911517,0.001851858,0.0012545848,0.0015466125,277,test
0.0019919164,0.0055135484,0.95726717,0.008585983,0.006346942,0.009818853,0.005419823,0.005055785,278,test
0.9553819,0.0030539199,0.001118961,0.009704518,0.007274655,0.0057971403,0.007900416,0.009768677,279,test
0.0007125938,0.0007522444,0.9901924,0.0018396843,0.0019622652,0.0020180803,0.0010839407,0.0014387057,280,test
0.0006406604,0.0005125587,0.9923827,0.0014074462,0.0014897755,0.0015958716,0.0009743848,0.0009965949,281,test
0.0009610003,0.0014481522,0.9846393,0.003174433,0.0026834353,0.0034234328,0.0018110883,0.0018590245,282,test
0.99137735,0.0004219729,0.00022965361,0.0021304332,0.0013696731,0.0010838835,0.0018955579,0.0014913266,283,test
0.00037898388,0.9872019,0.0007351017,0.0012501432,0.0019079595,0.003676164,0.0029904896,0.0018592195,284,test
0.00044457737,0.00066276465,0.9926885,0.0013003009,0.0015502475,0.0015973435,0.00092876307,0.0008274964,285,test
0.9902941,0.0004540926,0.00020017046,0.002235654,0.00169094,0.0012426556,0.002204782,0.0016775634,286,test
0.99045944,0.00051105104,0.00021888045,0.002203886,0.0015269306,0.0010503317,0.00234127,0.001688209,287,test
0.98232377,0.0010244661,0.0005582897,0.0043418836,0.0033308493,0.001908008,0.0035380942,0.0029746143,288,test
0.98446286,0.0008023354,0.00044218285,0.0037157065,0.0028857575,0.0018514337,0.0030941935,0.0027455273,289,test
0.0001380834,0.0011663907,0.00059719343,0.0014208978,0.0006312717,0.9944173,0.0012275826,0.00040131484,290,test
0.00014660915,0.0006834745,0.00041349322,0.0012053602,0.00044999435,0.99608177,0.00074834516,0.0002710139,291,test
0.0012398879,0.0017953238,0.9800337,0.0039919564,0.003619743,0.0043412563,0.0025855794,0.002392641,292,test
0.002131475,0.0045512286,0.9650774,0.006090319,0.005596084,0.008281083,0.004478676,0.0037937812,293,test
0.0009065531,0.0012466908,0.98564327,0.0028319089,0.002826983,0.0030729675,0.0017942827,0.0016773305,294,test
0.0014975528,0.0025249876,0.9781406,0.004374459,0.0032469998,0.005077997,0.0027025114,0.0024348437,295,test
0.00057899125,0.0009052154,0.0004084873,0.0031068404,0.00032584925,0.0013514836,0.0010078568,0.9923153,296,test
0.0003237597,0.9885789,0.0006251151,0.0011493401,0.0016480101,0.0031432135,0.0028955906,0.0016359783,297,test
0.0005628916,0.0006591265,0.99147767,0.0015541738,0.001637948,0.0019503888,0.0010781366,0.0010795755,298,test
0.00086267194,0.0013090558,0.00032722077,0.0028210357,0.00047825315,0.0006181729,0.00093395775,0.9926496,299,test
0.0006317592,0.0005510782,0.9920535,0.0014986175,0.0016711934,0.001459708,0.00080917205,0.0013250319,300,test
0.0011740614,0.0016296746,0.9822265,0.003420531,0.0032321792,0.00400773,0.002356106,0.0019532172,301,test
0.0015796612,0.0038350786,0.9686441,0.0059995246,0.005217951,0.007193856,0.0040377527,0.0034920785,302,test
0.0012210046,0.00083808333,0.00038796177,0.000202783,0.9945399,0.0017601559,0.0007050538,0.0003450251,303,test
0.0007743062,0.0011355934,0.98801094,0.0022250637,0.0021471288,0.0027747422,0.0015219668,0.0014102898,304,test
0.0006018757,0.00051798654,0.99252313,0.00141447,0.0014959084,0.0014998018,0.00095350883,0.0009932569,305,test
0.0014782598,0.0025857156,0.97560036,0.0047830706,0.0044444473,0.005014535,0.002991437,0.0031020485,306,test
0.0011287938,0.0015118803,0.98300076,0.003339475,0.0033084725,0.0036219025,0.0021417027,0.0019470161,307,test
0.98565346,0.0011899521,0.00020365641,0.0031917496,0.002223055,0.0018272086,0.003719473,0.001991383,308,test
5.83183e-05,0.00043384093,0.0009032192,0.00051700254,0.000346454,0.99650526,0.0007363088,0.00049968396,309,test
0.0012248289,0.0015424374,0.9828997,0.00337259,0.0029996107,0.0033735486,0.0021421893,0.0024449327,310,test
0.0025471265,0.008915418,0.940856,0.009696953,0.007789236,0.0150588555,0.006982725,0.00815372,311,test
0.0005549134,3.892936e-05,0.00032680377,0.99656314,0.000119807635,0.0012160843,0.00040228228,0.00077807135,312,test
0.0006323034,0.0011424902,0.00019146809,0.0011287044,0.0012869175,0.0011043753,0.9938636,0.00065013807,313,test
0.0008301842,0.0009621263,0.9878592,0.0024735252,0.0024317515,0.0028904101,0.0013151303,0.0012376162,314,test
0.00088918535,0.0012570006,0.98576736,0.002614508,0.0024462545,0.0032429465,0.00201855,0.0017642436,315,test
0.99054575,0.00046986795,0.00018078813,0.002590234,0.0014956357,0.0010140178,0.0020775702,0.0016262354,316,test
0.00082972564,0.0010442031,0.9876865,0.0023942187,0.002288234,0.0026534956,0.0015547182,0.0015488857,317,test
0.9804421,0.0013071488,0.000417907,0.0047237254,0.003119864,0.0026494565,0.003991741,0.0033480374,318,test
0.0014239771,0.0032784443,0.9722278,0.005579614,0.0047123567,0.0060447818,0.0034032557,0.0033297434,319,test
0.00086011324,0.0010436687,0.9872012,0.0026058494,0.002459584,0.0026312587,0.0016005124,0.0015978069,320,test
0.9911634,0.00047791316,0.00021587269,0.0021463495,0.001582363,0.001030658,0.001875936,0.0015075713,321,test
0.0016240724,0.0029491945,0.9731109,0.0054058465,0.0043964605,0.0061972276,0.0033909772,0.0029253357,322,test
0.9885671,0.00057194696,0.00028273815,0.0026217347,0.0022976173,0.0012403993,0.0024963482,0.0019221399,323,test
0.0012034685,0.001991252,0.98103756,0.0035758954,0.0034435256,0.0042206636,0.0023772104,0.0021504771,324,test
0.0022466958,0.009252494,0.006024845,0.0009848847,0.97322536,0.0046875984,0.0024121199,0.0011661159,325,test
0.0015923624,0.023243858,0.005603272,0.0026656678,0.6462453,0.29576617,0.004105539,0.020777801,326,test
0.981713,0.0012302622,0.00032373596,0.0040466976,0.0032084726,0.0026263795,0.0038652327,0.0029861934,327,test
0.0004885705,0.0005270793,0.99342465,0.0011164651,0.0013547408,0.0012752546,0.00072603597,0.0010872053,328,test
0.0026310193,0.005814304,0.001759311,0.0011677551,0.97336924,0.010442204,0.0019940445,0.0028221093,329,test
0.002497839,0.0061619715,0.94870186,0.0093501,0.009812244,0.011436524,0.0063648713,0.005674612,330,test
0.0014791263,0.0022905616,0.97672254,0.0046441965,0.0041898447,0.005301907,0.003103143,0.002268689,331,test
0.002004055,0.0037252605,0.9617507,0.007481526,0.006715748,0.008161742,0.0037975363,0.0063634613,332,test
0.00075686333,0.0011188735,0.9875173,0.002457131,0.0022332398,0.0027441487,0.0015397551,0.0016326007,333,test
0.0009971684,0.0015255635,0.9838157,0.003148393,0.0028283135,0.0036431483,0.0021297194,0.0019120908,334,test
0.0016241542,0.0028816864,0.9718517,0.005814939,0.004700383,0.006340784,0.0034532996,0.0033330438,335,test
0.0026284503,0.009830671,0.93763155,0.011289127,0.009022357,0.015136314,0.0071011316,0.007360351,336,test
0.00039143808,0.9864709,0.00070464966,0.0013658422,0.0020923945,0.0034299318,0.003374845,0.0021700745,337,test
0.0010453076,0.0012079088,0.98537076,0.0030006145,0.0025959674,0.002770059,0.0018249694,0.0021844304,338,test
0.0013894987,0.0020674062,0.978147,0.004091503,0.004123554,0.005019482,0.0025266635,0.0026348694,339,test
0.97197604,0.0020087778,0.0005553532,0.007136615,0.00431474,0.0035490512,0.005586424,0.004873109,340,test
0.9899081,0.00056216295,0.0002940142,0.0023112327,0.0019027125,0.0010670909,0.0020865258,0.0018681168,341,test
0.96573865,0.0019489414,0.002063285,0.008287911,0.006656692,0.0034523432,0.005859191,0.005993063,342,test
0.0007756491,0.0009722354,0.9883605,0.002226967,0.00208704,0.0024332455,0.0016113874,0.0015330298,343,test
0.0019576745,0.0020202494,0.0007048791,0.00037026955,0.98920983,0.0037222607,0.0011327179,0.0008822163,344,test
0.9868507,0.0007345841,0.0003386812,0.0030744395,0.0026448898,0.0015084635,0.002464011,0.0023842053,345,test
0.00032660222,0.00028712914,0.9956333,0.0008103837,0.00089964445,0.000850281,0.0005585468,0.0006340374,346,test
0.0008378538,0.0015892644,0.00017994244,0.0020727718,0.0005114098,0.0005655866,0.0011507105,0.9930924,347,test
0.0008178803,0.00094977434,0.9875164,0.002460008,0.0023892939,0.0027099499,0.0017401532,0.0014165329,348,test
0.0014720405,0.91129917,0.002094539,0.0049514514,0.012001808,0.015697295,0.04465319,0.007830536,349,test
0.0025322575,0.012145454,0.93600744,0.011857229,0.012559103,0.012407122,0.0067680883,0.005723341,350,test
0.0020675922,0.004166847,0.96361107,0.0073269494,0.005919584,0.008450036,0.004498088,0.0039599235,351,test
0.09033566,0.025386458,0.07563809,0.0959355,0.094313025,0.054123223,0.2256862,0.33858183,352,test
0.98144275,0.0012157696,0.000371486,0.0047661895,0.0036308067,0.0016817572,0.003977454,0.0029139218,353,test
0.84301966,0.0030407894,0.0876885,0.018372681,0.011134791,0.011630558,0.0123010995,0.012811856,354,test
0.00070604344,0.00074073847,0.9901495,0.0017947226,0.0019567031,0.0021514306,0.0012481253,0.0012527726,355,test
0.9826773,0.0010197505,0.00036796156,0.004764041,0.0029719754,0.0017667722,0.0033569376,0.0030752656,356,test
0.0009850439,0.0012402263,0.0003436994,0.002133007,0.00046048258,0.0036557768,0.0015006296,0.98968107,357,test
0.001723458,0.0044762567,0.9627916,0.007568354,0.0061398507,0.009366603,0.0045755063,0.0033584076,358,test
0.028846245,0.03753826,0.4586274,0.073235065,0.03607328,0.14330496,0.03356709,0.18880773,359,test
0.9886063,0.000562627,0.0002525053,0.003009497,0.0019173342,0.0014554281,0.0023940592,0.0018023251,360,test
0.993588,0.0002186718,0.00014071573,0.0014522657,0.0012466706,0.00070750614,0.0016435772,0.001002698,361,test
0.0010590882,0.0019537418,0.98105353,0.0037507028,0.0032854031,0.0043076146,0.0025792762,0.0020106733,362,test
0.0024111029,0.0026197182,0.96966344,0.0057950052,0.004781438,0.006710698,0.002961606,0.005057013,363,test
0.0011669046,0.0014916641,0.983923,0.0032467444,0.0024517789,0.0032019492,0.002396896,0.0021209628,364,test
0.0012829863,0.0010398021,0.98576665,0.0024705252,0.0024999331,0.0029419914,0.0018987063,0.0020994807,365,test
0.00082056405,0.0011144329,0.98789096,0.0023254212,0.001772836,0.0026067067,0.0018258179,0.0016431758,366,test
0.9837282,0.0009118771,0.0004572599,0.003911,0.003125664,0.0016211867,0.0029887012,0.0032561007,367,test
0.0006098008,0.0006924228,0.0001253344,0.0011575961,0.00019896941,0.0002886494,0.0005565344,0.9963707,368,test
0.0008227266,0.0007673172,0.988715,0.0022935984,0.0022015772,0.0024102733,0.0014717128,0.0013177511,369,test
0.0018916854,0.004463739,0.963914,0.0072961235,0.0060002734,0.008153962,0.00444646,0.0038337717,370,test
0.0010818314,0.0015706724,0.9831291,0.003199971,0.0030093673,0.0040370435,0.0021818473,0.0017901454,371,test
0.0012613526,0.0018099679,0.9795201,0.0042367233,0.0038107517,0.004051357,0.0025365087,0.0027732772,372,test
0.39447653,0.03421751,0.05805074,0.03547612,0.092179105,0.2513814,0.05524683,0.078971796,373,test
0.98679745,0.00077906845,0.00031419116,0.0031320497,0.0028831074,0.0014062914,0.002518997,0.0021688722,374,test
0.9903606,0.00044190514,0.00021402152,0.002288207,0.001894872,0.0009568327,0.002093146,0.0017504799,375,test
0.0011629349,0.0016783345,0.9807586,0.0037959511,0.004022755,0.004014075,0.0023122372,0.0022551306,376,test
0.0004408237,0.00033851722,0.9947896,0.00087298785,0.001134596,0.00090323266,0.0005372468,0.000983076,377,test
0.98479337,0.0011057392,0.0002957801,0.003661211,0.002611845,0.0018966852,0.0030247758,0.0026105202,378,test
0.9829405,0.0010151558,0.00058652787,0.0038139918,0.0033688643,0.0019986625,0.0027181583,0.0035580704,379,test
0.002029411,0.006730466,0.9510829,0.009622361,0.0067037567,0.012250534,0.006537151,0.0050434344,380,test
0.0022147226,0.005344607,0.9573982,0.009009917,0.006079525,0.009931066,0.0047622155,0.0052597346,381,test
0.0006935904,0.00040999666,0.9913833,0.0018032732,0.0013253093,0.0017878328,0.0010045584,0.0015921466,382,test
0.001134221,0.0019161406,0.9812562,0.0034723268,0.0033653406,0.0043202285,0.0024221316,0.0021135183,383,test
0.9883717,0.00038235204,0.00042566634,0.0030525464,0.00257716,0.00072007574,0.0027327277,0.0017378675,384,test
0.9907656,0.00051897496,0.00015980638,0.0021727232,0.0015061386,0.00089103694,0.002798439,0.0011873367,385,test
0.98621875,0.00071151316,0.00042227987,0.0032761833,0.002347031,0.001367528,0.00337888,0.0022778867,386,test
0.002181541,0.002187709,0.00079646765,0.003968277,0.001057268,0.0009432017,0.0020026506,0.9868629,387,test
0.0021249363,0.0033137992,0.0007390589,0.0035482235,0.00051123154,0.001189517,0.0017731722,0.98679996,388,test
0.0006505056,0.00164428,0.985358,0.0029049201,0.0032892784,0.0023994625,0.002548504,0.0012051461,389,test
0.99108523,0.00040529974,0.00019928045,0.0021800152,0.0013157271,0.001050397,0.0026172835,0.0011467077,390,test
0.0019893993,0.040773623,0.013621233,0.012362178,0.021240951,0.8843133,0.012265249,0.013434159,391,test
0.9760227,0.0013522506,0.0010459113,0.005916194,0.0045513217,0.0021149036,0.0056585777,0.0033381153,392,test
0.9711939,0.002195765,0.0005037385,0.0063774264,0.0055297157,0.0025198804,0.007814725,0.0038648134,393,test
0.0007564628,0.0015134525,0.9844214,0.0027834035,0.0037058254,0.0027923062,0.0028823903,0.0011446816,394,test
0.0010182526,0.0022650182,0.97945464,0.003663803,0.0042585325,0.0038505727,0.0039979625,0.0014912717,395,test
0.00062400784,0.0014624334,0.9861805,0.0023775992,0.0032173565,0.0025539354,0.0025939178,0.0009903513,396,test
0.0011992311,0.0034191303,0.9711925,0.0056582093,0.0066022472,0.005017097,0.0044240863,0.0024874867,397,test
0.00037345255,0.0005763456,0.9922214,0.0012521789,0.0023447555,0.0013664399,0.001412488,0.00045282714,398,test
0.0007982607,0.0016820827,0.9836165,0.0029746413,0.0036784445,0.0029543466,0.00307553,0.0012202216,399,test
0.00036502682,0.98744243,0.0008490905,0.0012808967,0.0021066281,0.002916605,0.0034640364,0.0015753016,400,test
0.0008316488,0.0015218372,0.98428124,0.0029949753,0.0038256904,0.002500147,0.0026345327,0.0014098875,401,test
0.0004862271,0.0007900234,0.9901024,0.001870656,0.0025462061,0.0015917781,0.0017701687,0.00084256753,402,test
0.00074592174,0.0016222085,0.9841282,0.0028507612,0.0041397614,0.0029038065,0.002524594,0.0010848927,403,test
0.0009303354,0.0024303829,0.97735286,0.0045345724,0.005417526,0.004373717,0.0033979306,0.0015626195,404,test
0.00036474149,0.9870733,0.0007659047,0.001221745,0.0021051378,0.002807103,0.003888975,0.0017730469,405,test
0.0015224481,0.0052675395,0.9628998,0.008187348,0.006707437,0.0062313783,0.0061094393,0.0030746276,406,test
0.9904619,0.00035918446,0.00040639497,0.002265617,0.0014656229,0.0009416676,0.0024110228,0.0016885448,407,test
0.0018380928,0.0010746078,0.0005300681,0.0027101245,0.0006328489,0.0005145564,0.0011361054,0.99156356,408,test
0.9856784,0.0007411431,0.00038100805,0.0039153993,0.002348507,0.0018036825,0.003489935,0.0016419138,409,test
0.00067566213,0.0010400453,0.9881269,0.0023541185,0.0028732938,0.0017879896,0.002125609,0.001016455,410,test
0.0010329419,0.0025871776,0.97787607,0.0043898607,0.0048461333,0.003910788,0.003707297,0.0016496968,411,test
0.002717256,0.0076355888,0.9357987,0.014914391,0.010291557,0.0115234535,0.009820348,0.0072985967,412,test
0.0004221782,0.98734856,0.0007285485,0.0013654279,0.0018783052,0.0028566795,0.0036705318,0.0017297836,413,test
0.9876429,0.0006602895,0.00037521977,0.0028460335,0.0026578153,0.0011167487,0.0027012615,0.0019998013,414,test
0.9387125,0.00425085,0.0030805403,0.015480635,0.01092134,0.005784514,0.014916785,0.0068528694,415,test
0.00035035785,0.00065653643,0.99247146,0.0012015887,0.001871658,0.0014964271,0.0014067972,0.00054512837,416,test
0.00044964917,0.00087260385,0.9908263,0.0015837934,0.002433854,0.0014861381,0.0016020164,0.00074555416,417,test
0.0008190394,0.0018397842,0.9826848,0.0030449324,0.0041863415,0.0031844208,0.0030173121,0.0012233646,418,test
0.0004522746,0.00069399114,0.9918995,0.0014605096,0.0019457507,0.0014357769,0.0014567794,0.0006554805,419,test
0.8486535,0.005112879,0.055498343,0.03208518,0.013665122,0.012544744,0.019281877,0.0131584,420,test
0.9834183,0.0010079098,0.00035316843,0.0039381566,0.0028352372,0.0016780909,0.0044223,0.0023468211,421,test
0.993555,0.00022797835,0.00016066688,0.0015450505,0.0012917336,0.00067215593,0.0017850114,0.00076237763,422,test
0.0017652913,0.009576387,0.944896,0.009788099,0.011762096,0.008777251,0.010112438,0.0033224623,423,test
0.00031171882,0.98897016,0.00074249407,0.0011016845,0.0017820102,0.0026371554,0.0031814717,0.001273334,424,test
0.98978466,0.00043992064,0.0002450911,0.002675703,0.0014302236,0.0010569064,0.002992721,0.00137479,425,test
0.983888,0.00076276215,0.00074426865,0.00394724,0.0024362921,0.0017982466,0.0038134307,0.0026097547,426,test
0.00063664664,0.0014189003,0.9861757,0.0024409967,0.0033967958,0.0025256749,0.002397239,0.0010081223,427,test
0.0004168925,0.0007049686,0.9919485,0.0012911045,0.0022481687,0.0014529048,0.0013274985,0.0006098958,428,test
0.00041655332,0.98756695,0.00082408136,0.0013662765,0.0019258255,0.002743834,0.0035260818,0.0016303551,429,test
0.0013055678,0.004837318,0.9649186,0.0069316924,0.006846602,0.0071759815,0.006088266,0.0018958843,430,test
0.9864673,0.0007027459,0.00035219625,0.003204087,0.0027145576,0.0011820176,0.0034559271,0.0019211895,431,test
0.9948946,0.00017130403,0.00012233538,0.0012499617,0.001038474,0.00043489764,0.0013881432,0.00070029957,432,test
0.00028508445,0.002396483,0.0016422891,0.0020334595,0.00075362925,0.99057126,0.0018609033,0.00045688025,433,test
0.0007353392,0.0018235104,0.9840147,0.002689033,0.0037278824,0.002929874,0.0029222239,0.0011574522,434,test
0.9814191,0.0008705448,0.0006910419,0.004374011,0.003753092,0.001716679,0.0047497945,0.002425805,435,test
0.0002947868,0.00046046253,0.9938724,0.0008798031,0.0019855185,0.0010815362,0.0009923053,0.0004331503,436,test
0.00079725985,0.0016787775,0.9831275,0.0033345062,0.0041322657,0.0027060485,0.0028820618,0.0013415919,437,test
0.983008,0.0009332258,0.00040429935,0.003709736,0.0030391442,0.0015328105,0.00445897,0.0029137747,438,test
0.00062481465,0.0014584081,0.9861028,0.0022976156,0.0035765825,0.0024927089,0.002446058,0.0010009526,439,test
0.00082461274,0.0075733825,0.0058677807,0.006726709,0.0045354026,0.96554726,0.006238261,0.0026866004,440,test
0.0008676755,0.0020982884,0.9807961,0.0031925053,0.0050122784,0.003336599,0.0033536586,0.0013429533,441,test
0.9931826,0.00024715537,0.00019426292,0.0017219081,0.00097177137,0.0008075487,0.0019895765,0.0008851945,442,test
0.00083556684,0.0021079183,0.9814902,0.003870219,0.003868459,0.0032377238,0.0032556637,0.0013342275,443,test
0.0012544014,0.0012818936,0.0009868791,0.00032999014,0.9912601,0.0030870414,0.0010826138,0.0007171391,444,test
0.9706547,0.0019462829,0.00065246015,0.007016655,0.0048372718,0.0028009734,0.0074584247,0.0046331924,445,test
0.0010504883,0.0039343527,0.97231174,0.005107353,0.006074746,0.0048982357,0.00463741,0.0019856666,446,test
0.00087113935,0.004176483,0.974101,0.004322126,0.0055280705,0.0050790897,0.0045935223,0.0013285265,447,test
0.00085157144,0.0020804612,0.9819323,0.0032502695,0.0042007393,0.003019407,0.0033362075,0.0013290509,448,test
0.00046577427,0.0008994381,0.98963684,0.0016221391,0.0027444893,0.0018648197,0.0020021375,0.0007643336,449,test
0.007131441,0.0522877,0.023463724,0.036359727,0.03848701,0.27684617,0.040406458,0.52501774,450,test
0.00066950725,0.001323137,0.9862331,0.0025333127,0.0033092343,0.002629403,0.002265963,0.0010362227,451,test
0.00083354686,0.0020833027,0.9812066,0.003572128,0.0043245386,0.0031628727,0.003385424,0.0014315136,452,test
0.0013339402,0.004510721,0.9663576,0.006115797,0.0079254005,0.0059490865,0.0053264215,0.0024810694,453,test
0.00026208593,1.20867935e-05,0.00022821661,0.9987338,4.501362e-05,0.0003533975,0.00024195222,0.00012348568,454,test
0.96595585,0.0024643044,0.00071695104,0.0084620565,0.00573353,0.0034490405,0.009344515,0.003873857,455,test
0.00074759056,0.0014411078,0.98434955,0.002950052,0.0042024087,0.002581236,0.0025112727,0.0012168048,456,test
7.407789e-05,0.00017795444,1.5633077e-05,5.3258795e-05,0.000204819,5.826485e-05,0.99934083,7.523188e-05,457,test
0.99108,0.0004265442,0.00020830633,0.0020617777,0.0012592719,0.00096600683,0.002572261,0.0014257492,458,test
0.0004918422,0.0007370595,0.99104905,0.0015430257,0.0024248178,0.0015323537,0.0015266228,0.0006951807,459,test
0.00043403453,0.9850471,0.0009362785,0.0014986371,0.002322988,0.0032959452,0.0042180573,0.0022469417,460,test
0.0005135588,0.00094259356,0.98956686,0.0017957401,0.0026701353,0.0019512915,0.0018228278,0.0007370852,461,test
0.98245,0.0011477643,0.00029975994,0.0038532484,0.0029832842,0.0017062264,0.00535882,0.0022008363,462,test
0.00064179767,0.0015377972,0.9857922,0.0024847467,0.0032681758,0.0025609513,0.0026668983,0.0010473458,463,test
0.00065939967,0.0013699926,0.98575145,0.0025931133,0.0036288348,0.0025933534,0.0023909665,0.0010128707,464,test
0.0009450385,0.0031054497,0.9760342,0.0055576563,0.004676857,0.004315254,0.0034075226,0.0019580403,465,test
0.9903998,0.00044780158,0.00022264513,0.0021952712,0.0018421652,0.00091049063,0.0026152288,0.0013665847,466,test
0.9809778,0.0012007098,0.00031060204,0.0043363087,0.0031686649,0.001601109,0.0056363875,0.0027685242,467,test
0.00051043025,0.0007042114,0.9914526,0.0015996197,0.0021262614,0.0013486653,0.0015387605,0.00071948406,468,test
0.0015596612,0.0050229393,0.9637718,0.006742474,0.0075721904,0.0062996005,0.0060233814,0.0030080392,469,test
0.00041618024,0.00063368824,0.9929508,0.0011545348,0.0016874939,0.0011941817,0.0013449178,0.0006183183,470,test
0.0006467207,0.0013324072,0.98612624,0.0025794518,0.0030124204,0.0027191888,0.0025072747,0.0010763599,471,test
0.00038086346,0.0006179593,0.99316907,0.0011419761,0.0016164606,0.0011156169,0.0014262074,0.00053191057,472,test
0.00073861476,0.0016766764,0.98475826,0.0027034727,0.003636104,0.0026693605,0.0026456716,0.0011717926,473,test
0.0011701221,0.0032216355,0.9739368,0.005498428,0.0055243876,0.0041295476,0.004375328,0.0021438452,474,test
0.00058082264,0.0011232652,0.9886541,0.002015857,0.0028491814,0.0019019946,0.0019342354,0.0009405953,475,test
0.00054010126,0.0009946544,0.98771954,0.0020522838,0.0034871178,0.0024719683,0.001898133,0.0008361899,476,test
0.001572037,0.007809772,0.9491543,0.010436129,0.008523412,0.010032251,0.008602661,0.0038694888,477,test
0.0004868665,0.00086095935,0.9898947,0.0018296904,0.0027890827,0.0015437079,0.0017274824,0.00086758495,478,test
0.0002365391,0.9915734,0.00048242585,0.0007203768,0.0011451746,0.002218724,0.0027406677,0.00088266196,479,test
0.9833218,0.0009901135,0.00036698696,0.004219754,0.002854503,0.0016329722,0.0042544524,0.0023594352,480,test
0.00057091826,0.0012163948,0.98807645,0.0019862195,0.0030402432,0.0022345737,0.0020527926,0.0008224305,481,test
0.0018479076,0.002123417,0.0005948124,0.0036157419,0.0007977876,0.0007576185,0.0016408309,0.9886219,482,test
0.004745392,0.057856888,0.016079163,0.011881558,0.282088,0.58259314,0.018839948,0.025915936,483,test
0.00032490483,0.9887034,0.00074069854,0.0011011395,0.001859493,0.0025353397,0.003187107,0.0015478266,484,test
0.0015025736,0.0056295213,0.961709,0.007767458,0.0074217794,0.007231362,0.0059726425,0.002765641,485,test
0.0012684125,0.004396482,0.96759236,0.0065402053,0.006493116,0.0058216657,0.0053238925,0.0025638754,486,test
0.00051271886,0.0007270731,0.99044037,0.0017896882,0.0025803603,0.0016179292,0.0016030496,0.0007288114,487,test
0.0016452407,0.0015153547,0.0006220937,0.0031360066,0.00072713476,0.0006648273,0.0014681999,0.99022114,488,test
0.00068154576,0.0013261175,0.9879935,0.0021265252,0.0026070045,0.00201983,0.0021389883,0.0011065117,489,test
0.9763697,0.0017349563,0.00044292826,0.005364733,0.0040621553,0.0023933083,0.0061101746,0.0035219418,490,test
0.00025536845,0.0002866602,0.99567884,0.00071266684,0.0012022234,0.0007179327,0.0007488979,0.0003975626,491,test
0.00049773586,0.0008699053,0.9898679,0.0017070262,0.002646881,0.0018365112,0.0018282935,0.0007456493,492,test
0.0012621563,0.0045669484,0.968238,0.006163161,0.006080618,0.005561748,0.0055782767,0.0025491142,493,test
0.00066285435,0.0011730061,0.98653424,0.002531365,0.003432883,0.0022689053,0.0022083917,0.0011884393,494,test
0.0003275151,0.00048898463,0.99408275,0.00097346277,0.0015963889,0.00093726657,0.0010722887,0.000521279,495,test
0.0001442155,0.00086014223,0.00071914226,0.00076029723,0.0004584427,0.9958204,0.001038818,0.00019850786,496,test
0.00034772177,0.0006231686,0.9930733,0.0011526484,0.0019619104,0.0010213617,0.0012014232,0.0006184436,497,test
0.00058985327,0.0013956738,0.9868405,0.0024506361,0.0027960385,0.0023839625,0.002578632,0.0009646355,498,test
0.0017670109,0.006606539,0.95206,0.010119539,0.008658095,0.0077481866,0.008735393,0.0043051946,499,test
0.0005078811,0.00079939864,0.99088657,0.0015191274,0.0023730788,0.0016368623,0.0016026283,0.00067445915,500,test
0.0005013711,0.0009241096,0.9900332,0.0016463128,0.0026146225,0.0017693428,0.0017662458,0.0007446669,501,test
0.0010210344,0.00086781185,0.0006261625,0.00014202655,0.9949759,0.0013072544,0.0007705586,0.00028926122,502,test
0.00065654557,0.0016099311,0.9853817,0.0024674186,0.0034562417,0.0027571504,0.0026315087,0.0010395022,503,test
0.002114146,0.0015808111,0.0008006109,0.0033872158,0.0010214386,0.00080949336,0.0016203622,0.98866594,504,test
0.98983777,0.00042682188,0.00024370366,0.0025004032,0.0021469642,0.0008419223,0.0025909077,0.0014114014,505,test
0.00091785414,0.002224181,0.9795824,0.0040246034,0.0047202115,0.0035996702,0.0035453315,0.0013857902,506,test
0.0010982135,0.0034260883,0.97384846,0.0047601787,0.006208505,0.004515677,0.0040568965,0.0020859828,507,test
0.35422277,0.008271204,0.5141127,0.038826402,0.023523478,0.02187391,0.020066934,0.019102514,508,test
0.0014612037,0.004060363,0.9677426,0.006315947,0.0069226106,0.0050128913,0.005928263,0.0025559491,509,test
0.00044464236,0.0007081309,0.99138933,0.0014150738,0.0025419095,0.0014888499,0.0013895286,0.0006225936,510,test
0.000521817,0.0036275657,0.0020927363,0.002093497,0.0015241688,0.9858781,0.002924045,0.0013381516,511,test
0.97776365,0.0013102022,0.0010805144,0.0048090345,0.003927287,0.002408584,0.004996379,0.0037042997,512,test
0.00407323,0.22574654,0.021055905,0.01504803,0.43937114,0.21998979,0.02229534,0.05242009,513,test
0.00026837538,0.0018537259,0.9870947,0.0022121177,0.002412632,0.0028259666,0.0024130072,0.00091953424,514,test
0.00021227826,0.0014766932,0.9899009,0.0019121368,0.0018705616,0.0021730547,0.00169062,0.0007638502,515,test
0.00022355236,0.0011280669,0.9906227,0.0016818483,0.0019360569,0.0019071156,0.0017424702,0.00075813715,516,test
0.90509534,0.009186165,0.004237055,0.02344148,0.015722971,0.0104641225,0.018094812,0.013758057,517,test
0.0003370841,0.0026886954,0.9820154,0.0033750515,0.0037051837,0.0036648123,0.0026944506,0.0015193317,518,test
0.96486616,0.0025232367,0.0007414699,0.008431275,0.006428436,0.0034457506,0.009699565,0.0038641046,519,test
0.0004189547,0.0036046696,0.9760927,0.0044308375,0.005456878,0.0051277927,0.0034269711,0.0014411879,520,test
0.94122106,0.0061708945,0.0015304158,0.0113291675,0.009482769,0.0056894612,0.014678652,0.009897636,521,test
0.98368365,0.0007829662,0.000775032,0.003890412,0.0026355067,0.0019835162,0.003566099,0.0026827962,522,test
0.00016185478,0.00073974865,0.99406695,0.0010811095,0.001224446,0.0010649861,0.0010938396,0.00056696753,523,test
0.9690465,0.0021305212,0.0012802971,0.007483299,0.0062889885,0.0033924251,0.0061820433,0.004196009,524,test
0.003350148,0.003067154,0.002228854,0.0060649863,0.0020581905,0.0012285816,0.001992886,0.9800092,525,test
0.00028189365,0.002161565,0.98483366,0.0027962008,0.0033144818,0.0033859597,0.002258483,0.0009677831,526,test
9.0420916e-05,0.9945041,0.00032324018,0.0004277563,0.00077513495,0.0012396676,0.0018253443,0.000814369,527,test
0.00020402638,0.0011798944,0.99016273,0.0017176257,0.0022141626,0.0019521544,0.0018256996,0.0007437418,528,test
0.00056256563,0.0005528006,0.00047402555,7.7185796e-05,0.9969181,0.00083172345,0.00038496844,0.00019866356,529,test
0.0003562704,0.0030212617,0.98011065,0.0035530326,0.004417938,0.004469031,0.0029778641,0.0010939937,530,test
0.96700567,0.0024596744,0.0011367503,0.007034559,0.0063929553,0.0034375386,0.0073510115,0.00518174,531,test
0.00035392278,0.99030393,0.0008757204,0.0012712,0.0018656371,0.0018914444,0.0020798936,0.0013581655,532,test
0.00038639756,0.0032523188,0.9794907,0.0038230463,0.004256325,0.004153245,0.0031527532,0.0014853312,533,test
0.0008666566,0.0017256051,0.0007947899,0.003614687,0.00072693656,0.000631758,0.00126011,0.99037945,534,test
0.9701376,0.0017451303,0.0011975686,0.0065977024,0.005772628,0.0025658936,0.0070694736,0.0049140197,535,test
0.00033849996,0.0026330291,0.9822599,0.0031969105,0.003846594,0.0034624198,0.0030653747,0.0011972077,536,test
0.0005420561,0.007279072,0.9637964,0.0060824114,0.007747298,0.0070661716,0.0052327937,0.0022538528,537,test
0.00029407098,0.0018698832,0.98589885,0.002588038,0.002842382,0.0029232618,0.002499969,0.0010835893,538,test
0.96852195,0.0016624238,0.0010654466,0.008817058,0.0045115943,0.0022640892,0.009761539,0.0033959253,539,test
0.0005104732,0.00079655176,0.0004980937,0.0025504343,0.00037874418,0.00039183183,0.0007752276,0.99409866,540,test
0.0011268884,0.021737736,0.019043274,0.0051474636,0.028408065,0.8384357,0.0106644705,0.07543641,541,test
0.0005303385,0.0070500774,0.96483785,0.00647231,0.006318515,0.007241516,0.0048560784,0.0026934033,542,test
0.00049829273,0.0051503647,0.970078,0.0059155696,0.005813267,0.0058624772,0.004583593,0.002098463,543,test
0.0002100245,0.0012665796,0.99090743,0.0015264213,0.0018539645,0.0019425638,0.001578675,0.0007143642,544,test
0.00028983233,0.0024859488,0.98416406,0.002751121,0.0035009403,0.0031834166,0.0024668747,0.0011577418,545,test
0.00012649898,0.0026487247,0.00024605932,0.00037314888,0.00069292664,0.00070508855,0.994662,0.00054560625,546,test
0.00047249463,0.008212011,0.005111975,0.0033271317,0.002310075,0.9736439,0.0031855407,0.003736817,547,test
0.00057481823,0.0052069533,0.97204506,0.005498789,0.005775908,0.005497324,0.0030559606,0.002345216,548,test
0.95368147,0.004130612,0.0013340974,0.011274345,0.00654982,0.0049975337,0.011338508,0.00669359,549,test
0.9550937,0.003655092,0.0016819189,0.010769944,0.0067895,0.0055634193,0.009438837,0.0070076147,550,test
0.0005045666,0.006287067,0.9683533,0.0066059097,0.0057805507,0.005729118,0.0044365614,0.0023029859,551,test
8.259807e-05,0.0012340243,0.0013072598,0.0008042066,0.0006230526,0.9947318,0.00090594764,0.00031102786,552,test
0.00034849494,0.0027157567,0.9814091,0.0035818033,0.0039917706,0.0035761718,0.002898968,0.0014779464,553,test
0.00025506684,0.0030702453,0.0017302493,0.0019220223,0.0012070074,0.98894274,0.001954819,0.0009178834,554,test
0.97185004,0.0016016162,0.0011333858,0.007384879,0.0046878047,0.0026294934,0.006850654,0.0038621207,555,test
0.0004918995,0.006407368,0.96797425,0.0061225067,0.0061521027,0.0059862225,0.004687451,0.002178211,556,test
0.94741964,0.0040173335,0.0024817067,0.012306769,0.007037332,0.0066798087,0.010692139,0.009365309,557,test
0.0002049244,0.0011214894,0.9910925,0.0017289838,0.0017988491,0.0018859069,0.0014057364,0.0007616353,558,test
0.00016814463,0.0007930734,0.9932719,0.0012041414,0.0012890904,0.0013595651,0.001376299,0.0005378935,559,test
0.97075886,0.00245182,0.00081439543,0.0064248843,0.004788394,0.0030897553,0.006904434,0.0047674254,560,test
0.00021781697,0.0011590453,0.9909231,0.0016553418,0.0019687216,0.0017963347,0.0015253883,0.0007543007,561,test
0.0001869383,0.0010045498,0.99209315,0.0014796536,0.0018205276,0.0013851462,0.0013225473,0.0007074601,562,test
0.0003371228,0.0027503187,0.98285335,0.002869936,0.00391747,0.0033238733,0.0026661663,0.0012816654,563,test
0.00035910026,0.003159629,0.98035645,0.0042656865,0.0038994453,0.0034629253,0.0028809686,0.0016158302,564,test
0.00022844839,0.0009240406,0.9914289,0.0016976787,0.0019534032,0.0015136816,0.0014989922,0.0007548927,565,test
0.0004121872,0.0043525933,0.9750323,0.004232852,0.005433666,0.0049022962,0.0037820765,0.0018520224,566,test
0.0002837888,0.0026392557,0.9837456,0.0028993606,0.0034358415,0.0033472923,0.0024880478,0.0011608801,567,test
0.9390294,0.005580851,0.0017803992,0.013787846,0.009744536,0.0068335715,0.014038089,0.0092052445,568,test
0.97145456,0.002032428,0.0010624551,0.0066226847,0.0041029756,0.0034996097,0.007410586,0.003814628,569,test
0.973055,0.0014999406,0.0014013381,0.005777285,0.005538936,0.0027699473,0.0053431275,0.004614405,570,test
0.0006540707,0.010915582,0.9522029,0.0073436443,0.0097923465,0.009824843,0.006268847,0.0029975884,571,test
0.00010052824,0.0020075461,0.0020448137,0.00132103,0.00077174,0.992137,0.0012010625,0.0004162395,572,test
0.0004196181,0.004992288,0.97396946,0.004189142,0.0050063906,0.0055712545,0.0041589187,0.0016929038,573,test
0.00032587588,0.0026492171,0.98375744,0.002720765,0.0031014385,0.0033798688,0.0028197705,0.0012456303,574,test
0.00033968218,0.00012440734,0.00014469732,2.9245515e-05,0.9987816,0.0003019337,0.00022564133,5.2838433e-05,575,test
0.00020455336,0.0014068076,0.9891461,0.0018075535,0.002725432,0.0023750195,0.0016080869,0.0007264312,576,test
0.00029159093,0.0024011375,0.9850486,0.002363341,0.0032005094,0.0031866592,0.0024363324,0.0010718232,577,test
0.00071981084,0.0022532598,0.0006119585,0.0033805668,0.0006810303,0.00067411416,0.0013071242,0.9903722,578,test
0.038338486,0.8442307,0.0018383618,0.023504449,0.027396543,0.015700744,0.025974665,0.02301603,579,test
0.00048339946,0.0071910075,0.96354055,0.0061608395,0.0074312096,0.0074292365,0.005498482,0.0022652298,580,test
0.9818195,0.000913616,0.0012992978,0.0040087407,0.0034913681,0.0015887207,0.0037376247,0.0031411943,581,test
0.00022725754,0.0011735369,0.99087757,0.0016648143,0.0019612536,0.0017965443,0.001463252,0.0008357265,582,test
0.9457006,0.0042972304,0.0016363303,0.012877906,0.008875537,0.0059448667,0.0131925335,0.0074750977,583,test
0.97850305,0.0011328339,0.0010711028,0.0054596267,0.003849979,0.002301359,0.0044426066,0.0032395378,584,test
0.0004255839,0.0048880293,0.9739014,0.0047845137,0.004573791,0.004928119,0.0044598314,0.002038697,585,test
0.00030375677,0.0029135004,0.98211634,0.0029961367,0.004308216,0.0037032103,0.002182643,0.0014761327,586,test
0.00024858795,0.0015786926,0.9876658,0.0024895805,0.0027771331,0.00220997,0.0020530678,0.0009771491,587,test
0.0009460979,0.0015701022,0.0004949428,0.003092953,0.0006209842,0.0005796254,0.0014553615,0.99123985,588,test
0.0003738599,0.0032014411,0.9794224,0.0040519596,0.004337173,0.003936565,0.003184026,0.0014925848,589,test
0.00015950187,0.0009131351,0.9932452,0.0011331829,0.001417251,0.0013767681,0.0012386607,0.0005163003,590,test
0.0006951072,0.0021457218,0.0004661127,0.005912534,0.0012196667,0.0005905692,0.9885931,0.00037710863,591,test
0.9593885,0.0033036664,0.0013614108,0.009097543,0.007822877,0.0045675286,0.008896808,0.0055616214,592,test
0.9675424,0.0018950579,0.0011539275,0.007746408,0.006274337,0.0031293815,0.008294664,0.0039638863,593,test
0.0008084707,0.001316312,0.0006007866,0.0028665343,0.00047592013,0.0005912137,0.001041522,0.99229926,594,test
0.9486667,0.004928454,0.0014520877,0.012142811,0.008218438,0.0058071124,0.011420286,0.0073640705,595,test
0.9735747,0.0015403505,0.0011799785,0.0063503906,0.0048550842,0.0025385735,0.0054173693,0.004543484,596,test
0.0001347229,0.0006743964,0.99439585,0.00085726724,0.0015091136,0.0010404936,0.0009680517,0.0004202365,597,test
0.0002785545,0.0038132702,0.9770298,0.0034378017,0.005852244,0.005332957,0.00313135,0.0011239748,598,test
0.46747005,0.02732526,0.13582967,0.029317368,0.034995615,0.21538503,0.049592633,0.040084343,599,test
0.97956026,0.0012592558,0.00077618985,0.00483855,0.0039689257,0.0018853635,0.0046074647,0.0031040353,600,test
0.00020728096,0.001093977,0.990868,0.001614854,0.0022493335,0.0018204717,0.0014585052,0.00068752025,601,test
0.9809503,0.0010124345,0.00082740653,0.0042956285,0.0032706761,0.002138442,0.004592717,0.002912465,602,test
0.97607046,0.0013324044,0.0010580507,0.0056177005,0.004524638,0.0025742762,0.004823697,0.003998836,603,test
0.9737446,0.0015271642,0.0011818771,0.0063945046,0.005457273,0.0021626586,0.0059350184,0.0035968712,604,test
0.97404927,0.001598361,0.0010533093,0.0062173586,0.005106063,0.0027081138,0.0052395845,0.0040278975,605,test
0.9805244,0.0010407317,0.0007756686,0.004632469,0.0038084192,0.0019710364,0.0041650827,0.0030821469,606,test
0.97067404,0.0015868108,0.0015782114,0.006641329,0.005418719,0.0029365118,0.0063568237,0.0048075523,607,test
0.00029562993,0.0021710037,0.9854731,0.0025214036,0.0029532742,0.0031679547,0.002355975,0.0010616195,608,test
0.9792635,0.0015835197,0.0007305914,0.0045259846,0.0031418763,0.0021121874,0.004811969,0.0038304355,609,test
0.00023811079,0.0046605314,0.0021391248,0.002029455,0.0019021814,0.98559827,0.0025091055,0.0009232074,610,test
0.00028696048,0.002163551,0.984751,0.0026919474,0.0033463445,0.0030261024,0.0025755572,0.0011585609,611,test
0.9555564,0.0035302117,0.0014362128,0.010424047,0.00744215,0.004488719,0.010814776,0.006307451,612,test
0.000232301,0.007998327,0.004862243,0.0029362098,0.0023154523,0.9777715,0.0024428952,0.0014410326,613,test
0.00020353176,0.0009432989,0.99292845,0.0014686262,0.0011085661,0.0012918002,0.0012432698,0.00081241253,614,test
0.21546146,0.5392213,0.0032620786,0.051008638,0.05362173,0.039939296,0.06270111,0.034784358,615,test
7.842242e-05,0.99572986,0.00026781476,0.00031642476,0.0006161684,0.0010350635,0.0014386065,0.0005175534,616,test
0.00013129434,0.0005476969,0.99488187,0.0009275241,0.0012062785,0.0010173729,0.0008528304,0.000435176,617,test
0.0004206853,0.004380065,0.97463006,0.0042437864,0.0049023884,0.005185903,0.004478928,0.0017580428,618,test
0.967447,0.002201124,0.001338759,0.007514087,0.0052912566,0.003622011,0.0076811505,0.004904639,619,test
0.00023726292,0.0019492359,0.987845,0.0021957837,0.0024092507,0.0026116201,0.0019278288,0.0008239636,620,test
0.9522992,0.0053958027,0.0014195609,0.011228656,0.0071009398,0.0049406863,0.010641526,0.0069735902,621,test
0.97330093,0.0016925309,0.0010108096,0.0061504534,0.0050427555,0.0025610141,0.0065583535,0.0036832436,622,test
0.00031923532,0.0034652008,0.9803829,0.002802874,0.0044838176,0.004249572,0.0030385056,0.0012578686,623,test
0.8975701,0.0033651139,0.027377525,0.0133910915,0.0053490167,0.023517378,0.009460517,0.019969378,624,test
0.00047131113,0.00055568636,0.00049156137,0.001903677,0.00028334642,0.00032793081,0.0006180514,0.9953484,625,test
0.9764723,0.0014994594,0.0010823421,0.0056930184,0.0035124314,0.0032771542,0.0052215504,0.0032417306,626,test
0.00019198825,0.000785892,0.9931149,0.001408701,0.0012944972,0.0013205941,0.0011890902,0.0006943728,627,test
0.00032252993,0.0023993934,0.98323685,0.0030215,0.0037912305,0.0036599466,0.0025403658,0.0010283068,628,test
0.00027686742,0.0027059917,0.98378396,0.002855228,0.0034273048,0.0031724651,0.0024346982,0.001343513,629,test
0.00042530338,0.004992738,0.9736434,0.004574721,0.0053916243,0.005483455,0.0037708601,0.0017178239,630,test
0.0002572473,0.0020208748,0.9860409,0.0023983628,0.0031021025,0.0029454269,0.0022716864,0.00096346793,631,test
0.9389654,0.005832098,0.0016498241,0.0135691995,0.011248253,0.0062535214,0.013699375,0.00878232,632,test
0.0002796448,0.0021188657,0.9856485,0.00266285,0.0030537127,0.0025678996,0.0024424188,0.0012261546,633,test
0.00024034597,0.0010948776,0.9898789,0.002140249,0.0022587623,0.0017280192,0.0016887159,0.00097011647,634,test
0.0003697911,0.0036540744,0.9788613,0.004011033,0.00422737,0.003965685,0.0033750618,0.0015357402,635,test
8.167684e-05,0.9951325,0.00030256264,0.00039425437,0.00066362694,0.0011629319,0.0016427352,0.00061969494,636,test
6.5931396e-05,0.0006752579,0.00064590503,0.00068430067,0.00031816537,0.99689496,0.0005818955,0.00013360183,637,test
0.00022615747,0.0013655857,0.98894507,0.0021522345,0.0026001935,0.0020524333,0.0017363959,0.0009218605,638,test
0.00033167633,0.002943622,0.9812346,0.0031541658,0.003938288,0.003923832,0.003099413,0.0013743471,639,test
0.00025737158,0.0029772331,0.9800469,0.0034494572,0.0033773282,0.0036214339,0.0032210422,0.0030491373,640,test
0.00021043739,0.0022943388,0.98278207,0.0026157766,0.0038947572,0.0036757009,0.0023410078,0.002185948,641,test
0.9834706,0.00073484046,0.0003982011,0.0032133372,0.0026693502,0.0016514455,0.00437509,0.0034871763,642,test
0.98248464,0.00080152386,0.0005149304,0.0039011813,0.002207647,0.002686778,0.0046122577,0.0027911027,643,test
0.00011832169,0.0004616961,0.99440175,0.0008594592,0.0014683611,0.0012032083,0.0007743378,0.0007129011,644,test
0.000107726686,0.00047116802,0.99512595,0.0008073675,0.00088639423,0.0010616726,0.0008636606,0.00067618105,645,test
0.00042826388,0.0106576625,0.94997823,0.007602294,0.008622114,0.009555485,0.0064886045,0.006667356,646,test
0.00018341125,0.0012688519,0.98934466,0.0015807933,0.0022558314,0.0017199407,0.0018392052,0.0018072062,647,test
0.00027656002,0.0028313778,0.980275,0.0032833829,0.0038980038,0.0042467364,0.0032683217,0.0019207912,648,test
0.00018875841,0.002022636,0.9849379,0.0022229133,0.0033831743,0.0032601734,0.0023121806,0.0016721387,649,test
0.0006383141,0.0103295315,0.946025,0.008558344,0.009266572,0.010695406,0.0063621835,0.008124578,650,test
0.9537229,0.002533604,0.0038275018,0.010049237,0.0075028953,0.0057610883,0.008049509,0.0085532265,651,test
0.00020305892,0.0016331375,0.98712486,0.0020354344,0.002522627,0.002263198,0.0022619627,0.0019557518,652,test
0.00021061326,0.001725759,0.98669344,0.0020168193,0.0025245068,0.00238938,0.0024599747,0.0019795645,653,test
0.9051884,0.011001952,0.001478659,0.021351377,0.013701523,0.009934947,0.022250235,0.015092905,654,test
0.0002609713,0.002507795,0.98257786,0.0026682054,0.0032960165,0.0034893092,0.0031935198,0.002006348,655,test
0.00011226298,0.00068825606,0.9939692,0.0008271874,0.0013601795,0.0011617612,0.0008445656,0.001036526,656,test
0.9814886,0.0007212517,0.0006455591,0.004761483,0.003142544,0.0018359848,0.0035069133,0.0038977782,657,test
0.00017517281,0.0014200581,0.98881614,0.0016542766,0.002389749,0.0023705165,0.0018068575,0.0013673272,658,test
0.00017410988,0.0011467403,0.9898775,0.0015097951,0.0023371694,0.0020795006,0.0016110227,0.0012642187,659,test
0.95679694,0.003398421,0.0010365018,0.008818428,0.006814106,0.0045624143,0.010246314,0.008326887,660,test
0.00010798392,0.00040111554,0.9957646,0.00083929865,0.00067151285,0.0006819137,0.00085503125,0.00067848014,661,test
0.95674926,0.002704138,0.0011115968,0.009547981,0.008443334,0.003933837,0.010143544,0.0073663,662,test
0.00016015302,0.0011022856,0.98981935,0.0015139425,0.0025877876,0.0022719104,0.0014673998,0.0010772422,663,test
0.00013989625,0.0007749455,0.99237543,0.001283109,0.0013482616,0.0011796213,0.0013329746,0.0015657606,664,test
5.582042e-05,0.9958443,0.00015011066,0.00028948468,0.0006546742,0.00085207913,0.0013934586,0.00076002255,665,test
0.97788846,0.0011790547,0.00044948046,0.0055052694,0.0037831697,0.0020534142,0.006039452,0.0031016709,666,test
0.00012535871,8.4218074e-05,7.053541e-05,1.956877e-05,0.99915254,0.00038907217,0.00010758381,5.123286e-05,667,test
0.932567,0.0069687353,0.0011389983,0.014274984,0.010286818,0.006063105,0.016741242,0.011959139,668,test
0.936211,0.006400337,0.00096961064,0.013816786,0.00916906,0.005909819,0.01605884,0.011464495,669,test
0.0001805601,0.001217953,0.9889908,0.0020023624,0.0023068963,0.0018205084,0.001891782,0.0015891215,670,test
0.00019442652,0.001508379,0.9874373,0.001993433,0.0027656467,0.0027178607,0.0020217719,0.0013610912,671,test
0.9601366,0.0025103118,0.0009294215,0.009861721,0.00609128,0.0039100917,0.010226304,0.0063343057,672,test
0.9722393,0.0017716619,0.0008985892,0.006506302,0.0047469363,0.003062994,0.0054423064,0.0053319708,673,test
0.9697104,0.0016827986,0.0010298771,0.007101447,0.0054283654,0.0021533289,0.0073398408,0.005553937,674,test
0.00018216591,0.0017719009,0.98740387,0.0019001629,0.0024508927,0.0025412845,0.0021962144,0.0015536406,675,test
0.00012261672,0.0009343088,0.99182785,0.0013993571,0.0015154746,0.0013244854,0.0013861348,0.0014896484,676,test
0.69493407,0.07185852,0.0033579054,0.058928598,0.0383413,0.041941315,0.04761476,0.043023575,677,test
0.00018827776,0.0016930084,0.98622805,0.0019720562,0.0029589746,0.0030760868,0.002276947,0.0016065834,678,test
0.0002944751,0.0038428498,0.97352105,0.0044817636,0.00548611,0.0052070073,0.0037280063,0.0034387938,679,test
0.00016694808,0.0013474738,0.98940265,0.0016407602,0.002281643,0.0019620976,0.0017036224,0.0014948598,680,test
0.040716093,0.015875297,0.82568836,0.02824639,0.02332691,0.022219688,0.021755992,0.022171263,681,test
8.366635e-05,0.001491711,0.0011251395,0.0015610472,0.001251191,0.9918132,0.0013408619,0.001333228,682,test
0.9636936,0.0034423,0.0008531995,0.007310518,0.005423533,0.003721886,0.0071381163,0.008416703,683,test
0.98423517,0.0009269487,0.00044008336,0.0031231996,0.0030226328,0.0014265985,0.003500644,0.0033246237,684,test
0.95494366,0.0030899495,0.0012365374,0.009512973,0.007100745,0.0045298045,0.010436225,0.009150073,685,test
0.9233292,0.008923607,0.0013377843,0.01707705,0.010983633,0.009587795,0.01908443,0.00967665,686,test
5.0328443e-05,0.99586296,0.00013569837,0.00025407487,0.0006333353,0.0008787546,0.0014188265,0.00076607347,687,test
0.9598411,0.0029213524,0.0013052318,0.006966496,0.0056985854,0.0039501814,0.008468956,0.010848191,688,test
0.00018708713,0.0013655663,0.9882682,0.0018272311,0.0025024426,0.0022996839,0.0018696683,0.0016801559,689,test
0.8992503,0.012156209,0.0018828146,0.019503912,0.013528706,0.012213398,0.020559538,0.02090515,690,test
0.98410565,0.00066840556,0.0005053184,0.0036462415,0.0028720857,0.0010850851,0.003966248,0.0031509625,691,test
0.00025086818,0.0022706834,0.9823728,0.0032018623,0.0034334348,0.0031939147,0.002785054,0.0024913382,692,test
0.00011474471,0.0005887641,0.9943084,0.00081411056,0.0013147545,0.0011128257,0.0009718075,0.0007745487,693,test
1.852411e-05,0.00013044226,0.00010812753,0.0002353617,8.738383e-05,0.9991032,0.0002520169,6.501988e-05,694,test
0.88229394,0.014160091,0.0018173059,0.025528954,0.014047833,0.013100122,0.029823482,0.01922826,695,test
0.87581253,0.010147311,0.0055802725,0.032120455,0.021938307,0.013013465,0.024272518,0.017115027,696,test
0.95123225,0.003997112,0.000916406,0.0120195765,0.008001211,0.0047631334,0.010646145,0.008424187,697,test
0.00020435965,0.0018992064,0.9856775,0.002395237,0.003112323,0.002474598,0.0022171123,0.002019655,698,test
0.00059976795,0.030310702,0.9024091,0.016325766,0.01578799,0.015428258,0.013926304,0.0052121915,699,test
0.00020797114,0.0022171533,0.98275167,0.00293595,0.0036993262,0.0035588662,0.0025483794,0.002080629,700,test
0.00023737866,0.0016644322,0.9858267,0.0028017738,0.00265107,0.0023968634,0.0025186858,0.0019031639,701,test
0.00035778942,0.007449508,0.962415,0.0057305545,0.00728969,0.007075572,0.004986942,0.0046950565,702,test
5.1966897e-05,0.00033421718,0.0001760912,0.00047770876,0.00012428511,0.9977289,0.000719555,0.00038733284,703,test
0.00025731648,0.0025237626,0.98106956,0.003286635,0.0037153324,0.0035244091,0.002847912,0.0027750856,704,test
0.96443295,0.0021513416,0.00076196465,0.0064705536,0.006248384,0.0043293308,0.009066711,0.0065387553,705,test
0.00031848942,0.00410904,0.9732463,0.0044143787,0.0051489607,0.005473072,0.0038999913,0.0033898095,706,test
0.00039272415,0.0031577977,0.9778737,0.003838602,0.0035752994,0.004533155,0.0030705654,0.0035581442,707,test
0.0002689042,0.0030707011,0.97862405,0.0034220784,0.004585127,0.0039436985,0.003224674,0.0028607452,708,test
0.9279145,0.009355924,0.0011022394,0.014162939,0.011993588,0.0077658244,0.017076157,0.010628827,709,test
8.849671e-05,0.0002799564,0.99645776,0.00057615986,0.0007676763,0.0006481907,0.00061690115,0.00056479825,710,test
0.00018132263,0.00069839804,0.99321944,0.0009961998,0.0011886219,0.0013943007,0.0012332983,0.0010885502,711,test
8.50805e-05,0.0004155962,0.99573404,0.000704266,0.0009624371,0.0007417439,0.0007674908,0.000589332,712,test
0.9842084,0.00066050945,0.0005522854,0.0033658913,0.0029412147,0.0011531695,0.0037719836,0.003346407,713,test
0.98231125,0.0011413814,0.00030012,0.0028171374,0.0027497653,0.0026491147,0.004153497,0.0038778123,714,test
0.9839453,0.0006372825,0.00073893747,0.0032439074,0.00283054,0.0012117717,0.0033453053,0.004046901,715,test
0.0001967239,0.0015967961,0.9870048,0.002320406,0.0023243139,0.002347954,0.0022327898,0.001976186,716,test
6.649782e-05,0.00033633795,3.1678694e-05,0.000708138,9.9640245e-05,6.177723e-05,0.00027489234,0.99842095,717,test
0.97735333,0.0012758564,0.0007214359,0.005186107,0.003331152,0.00254227,0.004801585,0.004788283,718,test
0.00022878211,0.0023912187,0.98276526,0.0028136186,0.0035191672,0.0031566045,0.0026767433,0.0024486135,719,test
0.00035557026,0.009417385,0.96138155,0.004068128,0.0077118264,0.008430924,0.0047814343,0.0038530775,720,test
6.809339e-05,0.00013017702,5.461198e-05,0.000794077,4.9562484e-05,8.9478235e-05,0.00016267813,0.9986513,721,test
0.9572253,0.0030417813,0.00072594045,0.010399594,0.0071997177,0.003775292,0.010712056,0.0069203856,722,test
0.00034434986,0.00091924844,0.00024378342,0.0015755333,0.0006162585,0.00016098308,0.0009503892,0.99518955,723,test
0.00015080457,0.0010067858,0.99020773,0.0015342721,0.0020544257,0.001960796,0.0016923517,0.0013928548,724,test
0.00056456483,0.01758356,0.9291029,0.009070614,0.013983506,0.013433265,0.008232528,0.008029109,725,test
0.00013192224,0.0006694799,0.99293935,0.0012474915,0.0015877963,0.0011398114,0.0011957168,0.001088345,726,test
0.973083,0.0017880409,0.0007598945,0.00587576,0.004404085,0.0034348741,0.005859415,0.004794952,727,test
0.9777069,0.0016874541,0.0005493864,0.004625225,0.0038150393,0.002179311,0.0048911576,0.004545452,728,test
0.00018137736,0.0011819538,0.989777,0.0014963156,0.0021977483,0.0021642016,0.0016857078,0.0013155459,729,test
0.00018511547,0.0014867737,0.98834604,0.0018320349,0.0021822595,0.0024294222,0.0020233786,0.001515018,730,test
0.0001094703,0.00044092914,0.99466753,0.0010095409,0.0012116812,0.0009291559,0.00082482264,0.0008069752,731,test
0.89045936,0.0070805163,0.009198143,0.021229094,0.020606147,0.010637186,0.020178523,0.02061102,732,test
0.000633328,0.016563842,0.92520773,0.012600855,0.011127211,0.0142408535,0.00893485,0.010691259,733,test
0.9728354,0.0018679712,0.0007334097,0.005528367,0.0052360473,0.0030270945,0.005153572,0.00561807,734,test
0.9913658,0.0003148625,0.00036945034,0.0017107681,0.0020254483,0.0007117481,0.0015495173,0.0019523307,735,test
0.0001781894,0.0013901797,0.98849493,0.0019475751,0.0023993556,0.0022548526,0.0018854531,0.0014495098,736,test
0.98812556,0.0005655772,0.0003258885,0.0018389458,0.0021205544,0.0011639538,0.0031395347,0.002720026,737,test
8.075765e-05,0.00017779085,5.5627715e-05,0.00060894206,7.5271404e-05,8.122766e-05,0.0002591941,0.99866116,738,test
0.00021989549,0.0013638206,0.98746336,0.002437924,0.0024252892,0.0021715048,0.0021428396,0.0017752688,739,test
0.00047709089,0.008546911,0.9545732,0.0066120084,0.008000916,0.010006809,0.0070642894,0.0047187293,740,test
0.00014487725,0.00095772493,0.99107903,0.0015750481,0.0020866594,0.0014740047,0.0014367444,0.0012458182,741,test
0.9746278,0.0014440877,0.0007167007,0.0057204263,0.0040748804,0.0025627196,0.0061284415,0.004724992,742,test
0.9126404,0.009455308,0.0022026075,0.019406067,0.01456543,0.006915369,0.016271263,0.018543659,743,test
0.00012421314,0.00066167995,0.9932373,0.0010468394,0.0015670039,0.0011770783,0.0011658246,0.0010200253,744,test
8.267115e-05,0.00031685317,0.9964953,0.0005261956,0.00081691914,0.0006292493,0.0006046242,0.00052812416,745,test
0.00013510356,0.0012273665,0.9899087,0.0015429606,0.0024190405,0.0020378544,0.0017969294,0.00093213824,746,test
0.00012946875,0.00061846635,0.99282867,0.0013110075,0.0015648811,0.0011191115,0.0012370395,0.0011913358,747,test
0.00016598355,0.00081317994,0.9925568,0.0011861142,0.0015004658,0.0012888659,0.001374471,0.0011141107,748,test
0.00019078393,0.001275278,0.9880426,0.0021322218,0.002442265,0.0024597573,0.0018600231,0.0015971158,749,test
0.00026308995,0.0019811583,0.9836976,0.0026412397,0.0032473244,0.00328646,0.0027746316,0.0021084452,750,test
0.00015146674,0.0036616155,0.0014742111,0.0019006513,0.0015474086,0.9877989,0.0020481574,0.0014175647,751,test
0.9470007,0.0046005687,0.0013102028,0.012272561,0.008636011,0.0054891994,0.010708581,0.009982228,752,test
0.9550797,0.0040099244,0.0009866962,0.009289538,0.006693304,0.0057393266,0.008385522,0.00981596,753,test
0.97671,0.0007395374,0.0017857134,0.0052062315,0.0036271354,0.0013610473,0.0051754354,0.005394823,754,test
0.00016195644,0.0010210652,0.9908304,0.0014394125,0.0020515725,0.0016878744,0.0014797235,0.0013280002,755,test
0.00036116812,0.008433209,0.9578349,0.005008884,0.008864009,0.009875459,0.0054548727,0.0041675232,756,test
0.00019776131,0.001596637,0.9867535,0.002021664,0.0030850945,0.002901083,0.0019707368,0.0014734425,757,test
0.00027847724,0.0022683383,0.98257565,0.0031260466,0.0034406048,0.003155562,0.0028834357,0.0022718606,758,test
6.0102775e-05,0.99484754,0.00019214775,0.00031671682,0.00083932333,0.0010980832,0.0016522175,0.0009938878,759,test
0.9914029,0.00043206,0.00023694905,0.0017281561,0.0011341244,0.0008559706,0.002219735,0.001990119,760,test
0.00033404093,0.0007666152,0.00030103666,6.823627e-05,0.99608874,0.0017212689,0.00037949803,0.0003405606,761,test
3.5809757e-05,0.99577385,0.0001810982,0.00030406436,0.0006207451,0.0009237008,0.0015352034,0.0006255916,762,test
6.784562e-06,1.2949682e-05,2.676253e-06,1.6033373e-05,1.0479004e-05,8.8085e-06,0.99992466,1.7579985e-05,763,test
0.00015427747,0.00090376823,0.9913112,0.0014082663,0.0017777594,0.0017704486,0.0015499669,0.0011243632,764,test
0.95989776,0.002791291,0.0009561322,0.009330704,0.007286353,0.0037010212,0.008865868,0.007170844,765,test
0.0002645471,0.0023642345,0.9805089,0.0032025361,0.0042687957,0.0039741867,0.0029674543,0.0024493025,766,test
0.00016729122,0.0010709686,0.99061406,0.0015064132,0.0018876384,0.0019164905,0.0016302507,0.0012069247,767,test
0.0013359879,0.0018354382,0.9741639,0.0043433574,0.006798438,0.0059582214,0.002712699,0.0028520722,768,test
0.98350257,0.0011150757,0.00018715428,0.0036233435,0.002639278,0.002083321,0.004378605,0.0024706945,769,test
0.9919099,0.00034286728,0.00010766864,0.0018595925,0.0014601998,0.00085332943,0.0021245435,0.001341892,770,test
0.0011357003,0.0017613109,0.9778918,0.0034285712,0.005126247,0.0051279245,0.0028473446,0.0026810847,771,test
0.00085342146,0.00054992153,0.98608774,0.0025917972,0.0038026369,0.0026891348,0.0010770535,0.0023483431,772,test
0.00036684916,0.0003636106,0.00010360574,4.8560978e-05,0.99662435,0.0019951551,0.00021815847,0.00027973446,773,test
0.0009564502,0.00014773982,0.99146795,0.0026041954,0.0015299716,0.0010990258,0.0007196969,0.0014749713,774,test
0.0005835264,0.0005264377,0.9902346,0.0015853213,0.0025947755,0.0020584068,0.0010887418,0.0013282768,775,test
0.00054650963,0.96910334,0.00049848657,0.0020318953,0.007318249,0.007006737,0.009623497,0.0038712502,776,test
0.0036920428,0.014350659,0.0009526875,0.014792358,0.012213605,0.008740999,0.015427493,0.9298301,777,test
0.0007422943,0.0010860317,0.98505336,0.0024737755,0.0036111062,0.0034289346,0.002049604,0.0015548825,778,test
0.9835187,0.00085278746,0.00027150093,0.004356077,0.0027558575,0.0016221605,0.003813961,0.0028089245,779,test
0.9863207,0.0007167811,0.00012512202,0.0034329663,0.0023117012,0.0015616398,0.0037350545,0.0017959834,780,test
0.00031714552,0.9879205,0.0004073575,0.0011440002,0.0022765822,0.003058407,0.0030517932,0.0018242825,781,test
0.9898851,0.00047376606,0.00013434897,0.0028231584,0.0014461844,0.0010305025,0.0025288956,0.0016780712,782,test
8.895928e-05,0.0007633759,0.00062054803,0.0009882563,0.0007094586,0.99577904,0.0006868159,0.00036355644,783,test
0.0007111579,0.00088330236,0.9861514,0.002236355,0.0032645073,0.0032732706,0.001777738,0.0017022648,784,test
0.000541226,0.00045671285,0.99219346,0.0011785701,0.0017696955,0.0015130881,0.0010106468,0.0013364899,785,test
0.00048049822,0.00046565043,0.990567,0.0012764566,0.0030726907,0.0021290646,0.0010430707,0.0009656091,786,test
0.96800697,0.0016464585,0.00085380825,0.008097116,0.006077715,0.0032424664,0.005838547,0.0062368587,787,test
0.00060832256,0.0006563699,0.9898403,0.0015779928,0.0024333494,0.002260518,0.0013097568,0.0013133829,788,test
0.0010616482,0.0013194426,0.9795522,0.0037451521,0.0050647054,0.003959419,0.0025033809,0.0027940471,789,test
0.0010521745,0.0014018869,0.9824373,0.0031212592,0.0031765057,0.0036137335,0.0022235939,0.0029734776,790,test
0.00069237646,0.00073326705,0.9885521,0.0018174201,0.0027095408,0.0023470956,0.0015204228,0.0016277917,791,test
0.0005218619,0.0005654627,0.99047345,0.0013751498,0.0025922142,0.0019812558,0.0011134185,0.0013771165,792,test
0.0015219683,0.002399604,0.9697761,0.0050812415,0.0073444727,0.0071517406,0.0036481426,0.0030766367,793,test
0.0021208725,0.004755028,0.9483443,0.009713887,0.010836367,0.011308408,0.006475888,0.006445199,794,test
0.0012326725,0.0018742516,0.9767684,0.003680998,0.005272663,0.005513964,0.003020464,0.0026365893,795,test
0.0014907774,0.0030684192,0.9656664,0.0059944005,0.007671022,0.008071804,0.004091888,0.0039452272,796,test
0.9916374,0.0003193708,0.00018242479,0.0019119496,0.0013229398,0.00086167065,0.0019482116,0.0018160159,797,test
0.0020146077,0.0034865676,0.96091485,0.007127652,0.008844729,0.008211238,0.0049761757,0.0044242,798,test
0.97191197,0.0019123795,0.00027249,0.006795834,0.004228284,0.00313854,0.0066433265,0.005097174,799,test
0.9882663,0.0005795644,0.00015539219,0.0030452835,0.0018545772,0.0012546076,0.0027827972,0.0020614804,800,test
0.0012964287,0.0015686323,0.978015,0.0033377688,0.0055074473,0.0048850016,0.0025112173,0.0028785027,801,test
8.414797e-05,0.0001479503,3.7777747e-05,0.00029123903,0.00022190831,0.00021606217,0.9989342,6.675139e-05,802,test
0.9915969,0.00031964324,0.00010586614,0.002198739,0.0013034673,0.0006963799,0.002391042,0.0013880234,803,test
0.98186135,0.0010958526,0.00020359369,0.004935014,0.0025984896,0.0019338413,0.0042028907,0.0031690756,804,test
0.99084854,0.00034115277,0.00011201901,0.0027402397,0.0015932542,0.0008189587,0.0022660433,0.0012797067,805,test
0.00081607746,0.0010553552,0.9846905,0.002509688,0.0035056034,0.0033366638,0.001911654,0.0021744897,806,test
0.9938139,0.00022271382,8.461805e-05,0.0017068555,0.0009162377,0.0005739862,0.0016572372,0.0010243908,807,test
0.0013022303,0.0020752423,0.9719688,0.005000514,0.0065472005,0.005819371,0.0036184846,0.0036681683,808,test
0.97992593,0.0010081489,0.0003406251,0.0046300013,0.0040456806,0.0020365498,0.0045915875,0.003421463,809,test
0.0007086606,0.0005992213,0.98841035,0.0019507309,0.0029100433,0.0021207815,0.0013733015,0.001926961,810,test
0.0010790332,0.001019733,0.98419464,0.0029100562,0.0029037218,0.003265874,0.0019492878,0.0026777545,811,test
0.0028862827,0.00577766,0.9413422,0.010808568,0.012032173,0.011850924,0.0070688855,0.008233388,812,test
0.0008583196,0.00091838813,0.98525107,0.0025503777,0.0031989284,0.003244749,0.0018048644,0.0021732983,813,test
0.009216901,0.011404226,0.8880417,0.01934956,0.022561016,0.020688673,0.009700734,0.019037206,814,test
0.000365892,0.00042697467,6.4108295e-05,0.0011772976,0.00019324735,0.00029877378,0.0005665028,0.9969072,815,test
0.00025165058,0.00014479453,3.3224325e-05,0.0009801018,7.888907e-05,0.00014991358,0.00029466645,0.9980667,816,test
0.001345935,0.002081624,0.9725266,0.0052320724,0.0053167213,0.006332861,0.0035701517,0.0035939757,817,test
8.8390516e-05,0.0005312295,0.00041934912,0.00065554684,0.00069743884,0.99639314,0.0007201978,0.0004946609,818,test
0.00018231293,0.9923902,0.0002444619,0.00065482076,0.0013744736,0.0021858355,0.002040214,0.000927626,819,test
0.002026154,0.004521991,0.9513231,0.009193144,0.010439051,0.011142026,0.005418493,0.0059361374,820,test
0.9902091,0.0005094479,8.1365884e-05,0.002539116,0.0014414315,0.0011242935,0.0029649609,0.0011303172,821,test
0.0031446742,0.012216837,0.90526295,0.01767065,0.019932333,0.021770472,0.010437722,0.009564404,822,test
0.00021026577,0.9918046,0.00029421668,0.00076891604,0.00156939,0.002332702,0.0020659913,0.00095386547,823,test
0.0011650653,0.001955944,0.9765584,0.0037914235,0.004426095,0.0052740863,0.0035170685,0.0033118888,824,test
0.0008542492,0.0010258921,0.98491055,0.0024955987,0.0033969479,0.003516807,0.0019650757,0.0018349186,825,test
0.0010369655,0.001598945,0.9799454,0.003126055,0.0047984207,0.004320187,0.0025590612,0.0026149126,826,test
0.00027786216,0.00025923373,3.386171e-05,0.0008550901,9.4059775e-05,0.00014103504,0.0002705499,0.9980684,827,test
0.98936135,0.00042496625,0.0001469767,0.0031511616,0.0016716702,0.0009547694,0.0025417528,0.0017473401,828,test
0.00026235002,0.00013054308,4.2937187e-05,0.0008071072,6.724059e-05,0.00024338705,0.00030387423,0.9981425,829,test
0.0025626435,0.0045126947,0.94857216,0.009356443,0.010166701,0.0118621,0.0051291576,0.007838111,830,test
0.9872635,0.0006521391,0.00017824171,0.0031981296,0.0019086716,0.0010881508,0.0027921358,0.002918931,831,test
0.9936127,0.00022412128,7.8746554e-05,0.0016826724,0.0011030827,0.0005690635,0.0016412835,0.0010884071,832,test
0.001265529,0.0017805685,0.97142166,0.005644832,0.0067676865,0.0060780705,0.0033626803,0.0036789589,833,test
0.0004707635,0.0004539684,0.9912655,0.0014135906,0.002511912,0.0018996191,0.0010980288,0.00088665524,834,test
0.0011820587,0.0024828475,0.9732048,0.0043778224,0.0063943374,0.0062471745,0.0034019796,0.002708965,835,test
0.001584427,0.0021886788,0.97021556,0.005190884,0.006870512,0.0058864425,0.0036758787,0.004387729,836,test
0.00067859987,0.0008116593,0.98740745,0.0020504247,0.0029438587,0.002562883,0.0015644755,0.001980589,837,test
0.0037483366,0.018927185,0.87472147,0.021395594,0.026420519,0.030033624,0.013283496,0.011469763,838,test
0.0019713168,0.009732613,0.0004534046,0.0065374337,0.012571142,0.011287052,0.9483248,0.009122215,839,test
0.0011619449,0.0016598109,0.9771741,0.0038836063,0.0055819172,0.0049395096,0.0027535846,0.0028455574,840,test
0.00043407173,0.00046088986,0.99257916,0.0009864711,0.0020736523,0.0015990604,0.00089971,0.0009668681,841,test
0.0034857423,0.010275789,0.9086177,0.016278217,0.018670386,0.022406094,0.01104418,0.009221947,842,test
0.99539644,0.00014590107,0.000117492564,0.0008979583,0.0006341891,0.00069795485,0.0012225668,0.0008874224,843,test
0.99045897,0.00040087808,0.00012806444,0.0024863544,0.001420502,0.0008894883,0.0025714692,0.0016443526,844,test
0.0002883294,0.9885046,0.00035562465,0.001087648,0.0021475554,0.0028901962,0.003028924,0.0016971745,845,test
0.0011413296,0.0018700614,0.97592205,0.0041802847,0.005792042,0.00475333,0.0028232788,0.0035176405,846,test
0.0015036565,0.0019282682,0.9698666,0.006512301,0.0067708697,0.006051324,0.0036466252,0.0037203007,847,test
0.0016576084,0.0031986255,0.9617797,0.0071091377,0.008633955,0.008564947,0.004361498,0.004694482,848,test
0.0028597913,0.01087633,0.9173277,0.014895101,0.01648053,0.018450368,0.009636597,0.009473539,849,test
0.994493,0.00025066367,7.707157e-05,0.0012124841,0.00082083506,0.0006216058,0.0014731584,0.0010511901,850,test
8.026366e-05,0.0004964945,0.00029232888,0.00085470127,0.0004570362,0.9968029,0.00070830813,0.00030795918,851,test
0.99051815,0.00042244268,0.000120535056,0.002219921,0.0017089573,0.0008932913,0.0025806366,0.0015361047,852,test
0.9836479,0.000719,0.00020416848,0.004167912,0.0028047706,0.0017301522,0.0040269624,0.0026992229,853,test
0.00028212307,0.00025787106,0.99499726,0.00064318045,0.0016678792,0.0010542939,0.00052419066,0.00057327334,854,test
0.0006151218,0.0006546792,0.9889577,0.0016447664,0.0030122767,0.0025773111,0.0011546719,0.0013834679,855,test
0.0002826094,0.98823094,0.00037464307,0.0010431454,0.0024181406,0.0028969243,0.003001936,0.0017517036,856,test
0.99566513,0.00012677652,5.993452e-05,0.0010740816,0.00073825516,0.0004320025,0.0011870709,0.0007168262,857,test
0.0013796571,0.0034159704,0.9675395,0.005174331,0.006628097,0.007840841,0.004555976,0.003465488,858,test
0.0007934726,0.00095307647,0.985939,0.0021598511,0.0033844288,0.0030981386,0.0018144589,0.0018574601,859,test
0.0008855783,0.00089161494,0.98619866,0.0020292334,0.0032612784,0.0030673782,0.0017257114,0.0019405463,860,test
0.001835682,0.0035425464,0.9624654,0.006168758,0.008459246,0.008379898,0.004865393,0.004283002,861,test
0.0018278161,0.0037831082,0.9578666,0.00678927,0.008574727,0.010833372,0.0059792143,0.0043458017,862,test
0.0020018958,0.004764204,0.95262414,0.0072876643,0.009688053,0.011919005,0.005861208,0.0058538816,863,test
0.0018211743,0.0036992573,0.958758,0.007453677,0.008552193,0.008750716,0.0048840446,0.0060809767,864,test
0.9768063,0.0013791751,0.00024032488,0.0066915024,0.0038567116,0.0023091957,0.0052046673,0.0035122004,865,test
0.0019336452,0.0072382363,0.0003235246,0.0048277,0.004627294,0.0071878443,0.9691097,0.004752099,866,test
0.000757412,0.0004961997,0.98924494,0.002337066,0.001967263,0.0022455398,0.0009939206,0.00195773,867,test
0.0006454173,0.00085872575,0.98806596,0.0018491762,0.0028511344,0.0024910884,0.0014874208,0.0017511172,868,test
0.0026629423,0.008111011,0.92949545,0.013375744,0.013936031,0.014988045,0.007948845,0.009481887,869,test
0.00147014,0.0020674877,0.96993995,0.006638559,0.0063495506,0.006183944,0.0037509145,0.0035995422,870,test
0.98460686,0.0009547847,0.0001668785,0.0035866778,0.0027940006,0.0016215759,0.0035901514,0.002679075,871,test
0.0013865458,0.0023959707,0.97075653,0.0050074877,0.0068438854,0.0067750434,0.0037304624,0.0031041151,872,test
0.0017943714,0.0037606882,0.95825243,0.007556139,0.009380629,0.009714638,0.004895976,0.004645022,873,test
0.0009842253,0.00175247,0.97825223,0.0035703979,0.005227914,0.0051222327,0.0027097561,0.0023807406,874,test
0.9855057,0.0009503881,0.00016969714,0.0036374452,0.002657623,0.0012439564,0.003234205,0.0026009325,875,test
0.00089239265,0.001274884,0.98107094,0.0032250367,0.0045164153,0.0043686936,0.0022638345,0.0023877383,876,test
0.0020600406,0.005496764,0.95146096,0.008597841,0.009440332,0.011038987,0.005376098,0.006528895,877,test
0.9893764,0.000472839,0.00017943418,0.0023906427,0.001957301,0.00086200883,0.0027040255,0.0020573654,878,test
0.9892083,0.00046851137,0.00013987746,0.0030820312,0.0014635815,0.0010323852,0.0027630536,0.0018422895,879,test
0.9745608,0.0018834345,0.0002516297,0.006417999,0.0035995152,0.002855653,0.0057244305,0.004706665,880,test
0.0015315556,0.0026209988,0.9679919,0.005609428,0.0065956498,0.0065360637,0.004161536,0.0049529164,881,test
0.9802611,0.0008493494,0.0006486137,0.005071535,0.0037402324,0.0022377302,0.0030985433,0.0040929625,882,test
0.00059289834,0.00046313254,0.9915667,0.0012942436,0.0020186123,0.0018501396,0.00093297317,0.0012812505,883,test
0.00070750254,0.0008026475,0.98747444,0.0020385634,0.0028313936,0.002778603,0.0016265226,0.0017404071,884,test
0.9927256,0.00027924587,0.00012444693,0.0019739806,0.0011565757,0.0006995356,0.0014924841,0.001548184,885,test
0.0009567937,0.0014269657,0.9815931,0.0030025316,0.0045926515,0.004583152,0.0019695093,0.0018753846,886,test
0.0013380991,0.0018496566,0.97436565,0.004502607,0.006253302,0.0055671167,0.003209437,0.002914155,887,test
0.96010816,0.0024104496,0.0006579993,0.010285118,0.006853761,0.00432747,0.008026561,0.007330541,888,test
0.00037094677,0.98520875,0.00042406181,0.0013121916,0.0028957278,0.0034663226,0.0035509223,0.002771222,889,test
0.0014740113,0.0026234975,0.96880114,0.0054419967,0.006239491,0.007335039,0.0040802485,0.004004553,890,test
0.0010256461,0.001584296,0.9799398,0.003308046,0.0044346866,0.0046323785,0.002486793,0.0025883908,891,test
0.0015678931,0.0028664211,0.96653104,0.0055258884,0.008184195,0.006813404,0.0040526115,0.00445854,892,test
0.00048774466,0.00046643277,0.9921812,0.0013186255,0.0018008663,0.0014436087,0.0010135758,0.0012880433,893,test
0.005527881,0.010808997,0.9056958,0.018614506,0.016606128,0.02265973,0.008839277,0.011247722,894,test
0.0022540374,0.0036047918,0.95542496,0.008051556,0.009168646,0.010581502,0.0057253568,0.0051892246,895,test
0.0014866212,0.019979518,0.9217461,0.015638942,0.007335073,0.015949363,0.008833386,0.009031104,896,test
0.99157155,0.00043320592,0.0001828073,0.0022962722,0.0008159875,0.0008210337,0.001968519,0.0019106452,897,test
0.0012870112,0.002540366,0.0014051736,0.00050998834,0.98860615,0.0027847113,0.001963761,0.00090279814,898,test
0.0008717304,0.0050434396,0.96922696,0.007023015,0.0035472105,0.006467033,0.0041189273,0.003701677,899,test
0.0012086506,0.021076284,0.0018471592,0.01234817,0.0027788538,0.822782,0.014671067,0.123287745,900,test
0.9930461,0.00025774929,0.00018082616,0.0017309792,0.00081559905,0.0005859762,0.0018955427,0.0014871227,901,test
0.00044614341,0.0013663345,0.98891276,0.0023590408,0.0012506096,0.0020463332,0.0016873435,0.0019314049,902,test
0.000872177,0.0038259057,0.97116315,0.0075073405,0.0026313874,0.0044114715,0.0042294906,0.0053591104,903,test
0.00025641904,0.0004101531,0.99521375,0.0011462811,0.0005152183,0.00076211133,0.00079946197,0.0008965905,904,test
0.9797315,0.0018431604,0.00024277484,0.0046861772,0.0022440962,0.0017256194,0.0052677933,0.004258977,905,test
0.005361385,0.009769038,0.0036392997,0.0022147372,0.9660587,0.0059958748,0.0036091004,0.0033518728,906,test
0.0010081911,0.005841163,0.9642241,0.0079339305,0.004319601,0.0064640427,0.0046870406,0.00552182,907,test
0.00138005,0.03850389,0.8878884,0.011112353,0.020899633,0.019268071,0.011766436,0.009181274,908,test
0.0004147399,0.001715244,0.98849946,0.00204878,0.0012839988,0.0020488366,0.0019163482,0.0020725734,909,test
0.000805612,0.0036707083,0.97539365,0.0053242776,0.0029274677,0.004472488,0.0035438226,0.0038619898,910,test
0.00027705537,0.00096996326,0.99313486,0.0011460738,0.0008321583,0.001394051,0.0012030589,0.0010427405,911,test
0.0009076327,0.0049010585,0.97053313,0.0061137476,0.0034156328,0.0057337354,0.004126585,0.0042684968,912,test
0.00074624066,0.0027952457,0.97985417,0.004608307,0.0022318813,0.0038966613,0.0032017515,0.002665767,913,test
0.9833166,0.0011784942,0.00029824022,0.0037181322,0.0018612747,0.0015760201,0.0040150587,0.004036266,914,test
0.00078127993,0.003038194,0.9781141,0.005048314,0.0024516564,0.0038430535,0.0032528082,0.0034705969,915,test
0.0009065949,0.0054840995,0.96920055,0.006282599,0.0039087716,0.0053519434,0.004184232,0.0046812487,916,test
0.9669989,0.0027053934,0.0008339589,0.0073343785,0.004102747,0.0029022568,0.006752617,0.008369686,917,test
0.00053892226,0.002285907,0.9846178,0.0031563616,0.0015707467,0.0031205588,0.0023676844,0.0023419596,918,test
0.00034251457,0.0013340272,0.99113804,0.001696836,0.0011034026,0.0015202971,0.0014642245,0.0014004966,919,test
0.00035585443,0.0009052928,0.99197257,0.0017912743,0.0008616841,0.0015334752,0.0012696224,0.001310202,920,test
0.0032039208,0.023563787,0.8970789,0.021452036,0.009535517,0.020339701,0.012776791,0.012049391,921,test
4.480878e-05,0.99718285,8.853088e-05,0.0001213566,0.00021798862,0.0007084997,0.0009840915,0.00065195234,922,test
0.00063144957,0.0033048901,0.98125815,0.0035255153,0.002187453,0.003767745,0.0026755137,0.0026492765,923,test
0.9781803,0.0020616055,0.00025753875,0.0054249726,0.0026902715,0.0016926698,0.005836707,0.0038559395,924,test
0.00014501004,0.00030233758,3.4590867e-05,0.0010022002,8.3740364e-05,0.00010773127,0.00033913957,0.99798524,925,test
0.00079851266,0.005051775,0.9721004,0.005308237,0.0032446773,0.0051812874,0.0041589243,0.004156264,926,test
0.9659814,0.0046272906,0.0004987442,0.007870067,0.0040201503,0.0039166687,0.0070626955,0.0060229436,927,test
0.98804873,0.0008310898,0.00031804573,0.002740105,0.0015182608,0.0011721709,0.0027395887,0.0026318957,928,test
0.00073291257,0.0033612351,0.9793944,0.0041948217,0.002086754,0.0038971715,0.0031306173,0.0032020821,929,test
0.9913101,0.00043475677,0.00015597459,0.0025106026,0.0009172636,0.00079767226,0.0025220166,0.0013515092,930,test
0.0002831236,0.0010019857,0.99210745,0.0014864237,0.0011079368,0.0017040087,0.0011952079,0.0011138172,931,test
0.9525191,0.00539717,0.0005896132,0.012638048,0.0047481963,0.0043350547,0.009781647,0.0099912705,932,test
0.98631257,0.0008073793,0.00032368265,0.002874963,0.0012887694,0.0016041456,0.0035711413,0.003217341,933,test
0.00090712187,0.0053515034,0.96867967,0.0066501815,0.0040365215,0.0071064928,0.0041110525,0.0031575242,934,test
0.0007544464,0.004349985,0.97223794,0.0062949425,0.0030322603,0.005772995,0.0039432547,0.003614247,935,test
0.00041372044,0.0012526837,0.99030405,0.0021663557,0.0009945526,0.0016202315,0.0016094184,0.0016389559,936,test
0.0005387911,0.0016060981,0.98698634,0.0028987762,0.0011834187,0.0023492316,0.0022512835,0.0021861054,937,test
0.0015347819,0.01371921,0.0039881053,0.0074365702,0.003270695,0.96046585,0.006294118,0.0032907452,938,test
0.0010369557,0.010017052,0.9508516,0.009526805,0.005455066,0.008192441,0.0072735944,0.0076464335,939,test
0.00029146727,0.0008535641,0.9928893,0.0014028528,0.00059881964,0.0012338677,0.0012942067,0.0014359637,940,test
0.0006744484,0.0009650723,0.987405,0.0033817543,0.0007229219,0.0039158612,0.0020207507,0.00091404066,941,test
0.00092025206,0.0063521676,0.96491045,0.0077200294,0.0037546728,0.00631155,0.004600409,0.0054305126,942,test
0.9730828,0.0027167315,0.00048023523,0.006248238,0.0023777382,0.0031715317,0.0062721455,0.0056506107,943,test
0.9541125,0.005363094,0.0007085975,0.011200761,0.0046135047,0.0038095082,0.008438092,0.011753935,944,test
0.00045891633,0.0010812356,0.9900477,0.0023537131,0.0012047149,0.0017402053,0.0013981609,0.0017152516,945,test
0.00038853113,0.0010326337,0.9907889,0.0020048593,0.00094980974,0.0016901344,0.0014617139,0.0016834616,946,test
0.78866214,0.012019561,0.07466867,0.03237161,0.01939401,0.018050743,0.018883077,0.035950214,947,test
0.00067478116,0.0029478022,0.9804254,0.0042023566,0.0023114758,0.00399103,0.002775459,0.0026716937,948,test
0.0006367007,0.0022898165,0.979448,0.0056188777,0.0020348015,0.003319143,0.0030479585,0.0036046724,949,test
0.00088893744,0.004417292,0.9721547,0.006237426,0.0029726445,0.00541483,0.0040998505,0.0038144004,950,test
0.000678768,0.003797931,0.9776562,0.0041384883,0.0021391476,0.0041932752,0.0039741024,0.0034220193,951,test
0.00013597094,0.00034137742,6.380918e-05,0.00040021978,0.00025934787,0.00024961584,0.99824023,0.00030950308,952,test
0.9567556,0.004960464,0.0004916923,0.009810093,0.0040512006,0.004396809,0.011514225,0.008019959,953,test
0.000550575,0.0023488621,0.9840718,0.0032633292,0.0018857643,0.0030269958,0.0024749578,0.002377765,954,test
0.0002437867,0.0042617065,0.0015422953,0.0035685624,0.0006920989,0.98596966,0.0022982038,0.0014237316,955,test
0.00082961604,0.004196244,0.9730013,0.006226252,0.002953095,0.0052020093,0.0037808192,0.0038106255,956,test
0.0010369662,0.010854222,0.9490842,0.010811808,0.004794136,0.010135408,0.0069548944,0.0063283076,957,test
0.00023163321,0.00053955865,0.99467576,0.0011704013,0.00059174723,0.0010406421,0.00090661045,0.000843584,958,test
0.0017218047,0.008439692,0.0014425481,0.0034743783,0.0012835221,0.0018074714,0.0025783167,0.97925216,959,test
0.98960096,0.0006145292,0.0002763063,0.0025241426,0.0015123372,0.00086660776,0.00266285,0.0019421926,960,test
0.0012057642,0.007355227,0.955985,0.010267648,0.004618428,0.009202105,0.00620436,0.0051615364,961,test
0.0007300186,0.0045071514,0.9737082,0.0055926023,0.0025911944,0.0045498996,0.003966808,0.004354019,962,test
0.97474456,0.0024367322,0.00038608664,0.0073264483,0.0023300485,0.0025139195,0.004570525,0.0056917514,963,test
0.99113137,0.000427373,0.0001584855,0.0027725152,0.00089438155,0.0007650806,0.0025604442,0.0012902791,964,test
0.98897344,0.00046824827,0.0002858209,0.0028019268,0.0008506912,0.0016841977,0.0027203176,0.0022154022,965,test
0.00038953804,0.0025092475,0.98460037,0.0030113657,0.0013279497,0.0034083433,0.0026668753,0.002086329,966,test
0.00067977206,0.0016170872,0.9837208,0.004504978,0.0012465036,0.0022546996,0.0024130691,0.0035631673,967,test
0.0008687331,0.00344693,0.97418517,0.0064556394,0.0022463982,0.004916588,0.0046471474,0.003233427,968,test
0.00064563233,0.0029028237,0.9794295,0.00474653,0.002165907,0.0036088575,0.003127726,0.003373133,969,test
0.0009634237,0.0051997453,0.96958554,0.0067106322,0.0028950784,0.0057058865,0.004431284,0.0045083463,970,test
0.98835653,0.0006565327,0.00025984057,0.0031967582,0.001150717,0.0013378866,0.0026688222,0.0023727817,971,test
0.9905315,0.0004580166,0.00019148808,0.0019839148,0.0011732485,0.0009784588,0.002638363,0.0020451301,972,test
0.0005637693,0.0025064242,0.98353,0.0034125978,0.0018995634,0.003249463,0.002418565,0.0024196703,973,test
0.9932474,0.00030825214,0.00014125118,0.0014792928,0.00067657814,0.0007070054,0.001729072,0.0017111709,974,test
0.9920712,0.00033367105,0.00019069949,0.0022333397,0.0007959927,0.0006705261,0.0018942218,0.0018102953,975,test
0.0006438239,0.0030775948,0.97980624,0.004163908,0.00219742,0.004207937,0.0033405924,0.0025626477,976,test
0.0012895146,0.7793964,0.008502737,0.01278444,0.019267706,0.020442283,0.12784822,0.030468743,977,test
0.98654383,0.00089679426,0.00021383283,0.0034186768,0.0014490741,0.0010357774,0.0036658286,0.0027760586,978,test
0.00086521945,0.00407045,0.97331625,0.006075298,0.0027990649,0.0046668034,0.0037690054,0.004438002,979,test
0.0014277188,0.025884515,0.9024678,0.016678987,0.010604038,0.01885844,0.0130254505,0.011053028,980,test
0.001038156,0.013732316,0.9405063,0.011497296,0.0057925642,0.011270227,0.0069994247,0.009163686,981,test
0.00091193727,0.0048763566,0.9674847,0.0079304045,0.0033252244,0.005504534,0.0043412885,0.005625628,982,test
0.00050694845,0.0021888008,0.9847985,0.003186646,0.0016097595,0.0027799592,0.0023476942,0.0025817903,983,test
0.97207355,0.0025108615,0.00037343675,0.0074973525,0.0027671033,0.0023989377,0.006679839,0.005698865,984,test
0.0008953597,0.006503658,0.96428764,0.0073749213,0.0038998954,0.007614892,0.0050263396,0.0043972745,985,test
0.0007448631,0.0033819042,0.9785221,0.004587737,0.0024882816,0.0039905957,0.0029619823,0.0033225755,986,test
0.0005078582,0.0024740188,0.9814261,0.0042074244,0.0017701412,0.0036928058,0.00305033,0.00287136,987,test
0.00033059044,0.0011015047,0.99138653,0.0016318245,0.0010956398,0.0016470687,0.0015516169,0.001255213,988,test
0.9906426,0.00041814902,0.00021808594,0.0019464308,0.0010579134,0.0006751019,0.0021672936,0.0028744198,989,test
0.00042992723,0.0016029374,0.9884235,0.0022855245,0.0011969543,0.0021940824,0.001854063,0.0020130626,990,test
6.291969e-05,0.00030962625,1.5074535e-05,0.000606844,5.9996542e-05,3.4201566e-05,0.00017304918,0.99873835,991,test
0.00047423484,0.0017061525,0.98702455,0.0025689672,0.0015859901,0.0025945785,0.0021666351,0.0018789032,992,test
0.00051364274,0.0018934816,0.9858518,0.0030787718,0.0012867075,0.0028785474,0.002406416,0.0020907207,993,test
0.00028841567,0.009960049,0.0021584078,0.003675701,0.0017620345,0.97522473,0.0040977024,0.0028328386,994,test
0.00075608736,0.00452704,0.9722517,0.0056232857,0.0025011303,0.006239762,0.0046241404,0.003476927,995,test
3.9880317e-05,0.9975535,8.3137544e-05,9.9448145e-05,0.0002087034,0.00069147686,0.0008236227,0.00050021743,996,test
0.9873531,0.0008944243,0.0001975807,0.0033622545,0.0014304845,0.0010117723,0.0031370488,0.002613396,997,test
0.0025935683,0.009232976,0.002109939,0.0010520377,0.9631626,0.014568905,0.003271005,0.004008922,998,test
0.0007216185,0.0036443796,0.97916543,0.0042607826,0.0023420241,0.0040879003,0.0029806406,0.0027972916,999,test
0.0002517694,0.00046466815,0.9950323,0.0010665017,0.00064596965,0.00088330096,0.00083631405,0.00081916386,1000,test
0.0006989129,0.0023817364,0.9821821,0.0040475,0.002005847,0.0033664382,0.002794544,0.0025228153,1001,test
0.00054097787,0.0018260683,0.98463506,0.0036160292,0.0015727483,0.002516115,0.0024107115,0.0028823093,1002,test
0.0011072211,0.0008827916,0.0005214805,0.00034484852,0.9944746,0.001428819,0.0008821726,0.0003580733,1003,test
0.0011900711,0.07535848,0.010286923,0.010357523,0.071846284,0.79047877,0.012093741,0.028388174,1004,test
0.92594653,0.011861539,0.0007716489,0.017085666,0.008055042,0.0077492436,0.014119785,0.014410507,1005,test
0.0004779306,0.0017841199,0.98643965,0.0028255272,0.0016382547,0.0027292504,0.0019692436,0.0021359862,1006,test
0.0003936477,0.0007545526,0.991297,0.0022472201,0.00093280256,0.0012713346,0.0013165794,0.0017868045,1007,test
0.9635247,0.0041420097,0.00047117984,0.008901654,0.003964345,0.0034014815,0.0077428143,0.007851912,1008,test
0.00085362274,0.0039506736,0.9726878,0.0066545955,0.0030640916,0.0047988603,0.0037095223,0.004280977,1009,test
0.00071504945,0.0040011443,0.9763698,0.0050252597,0.002599265,0.004313793,0.0033546695,0.0036210776,1010,test
0.0020259847,0.003114283,0.0010910715,0.00054436334,0.98737156,0.0028887575,0.0019773105,0.0009865488,1011,test
0.9947672,0.00025537296,8.526369e-05,0.0011499216,0.0005225784,0.00043955818,0.0013483536,0.0014318193,1012,test
0.00069811154,0.003282287,0.9769474,0.005571351,0.0027080602,0.0041764653,0.0031463352,0.003470008,1013,test
0.0009768985,0.005614866,0.9660668,0.0076074954,0.00415941,0.006045102,0.0043144915,0.0052149445,1014,test
0.85595274,0.011659099,0.0054904404,0.028464507,0.026287688,0.017891666,0.019883318,0.034370497,1015,test
0.00010963372,0.0006215956,0.00036767396,0.0016791318,0.00011194925,0.99579334,0.00097334647,0.00034345564,1016,test
0.00072953675,0.5238448,0.0013671224,0.0020377827,0.0042554215,0.011506366,0.43685725,0.019401684,1017,test
0.00036985672,0.0021719069,0.9850819,0.003180617,0.0014087069,0.0027946753,0.002726284,0.002266036,1018,test
0.0005999107,0.002152985,0.9822551,0.004268685,0.0018148279,0.0035008157,0.0025703565,0.0028374,1019,test
0.00088525773,0.006572387,0.9665571,0.00652278,0.0037191205,0.006403157,0.0047737015,0.0045664934,1020,test
0.00060409156,0.0020762333,0.9841589,0.003546379,0.0016549922,0.0026986068,0.0023090895,0.0029516926,1021,test
0.9892664,0.0007178516,0.00016490027,0.0028417914,0.001191413,0.00092845224,0.002715253,0.0021739092,1022,test
0.0026729694,0.026888957,0.8497953,0.02936625,0.015689872,0.017917687,0.01544264,0.04222634,1023,test
0.0004662016,0.002545106,0.97690284,0.0016615521,0.005535273,0.009334704,0.0020201302,0.0015342192,1024,test
0.0004135083,0.0024451904,0.98210514,0.0032672973,0.0035278753,0.0029357162,0.002451269,0.0028540373,1025,test
0.00053042546,0.002149084,0.00082496257,0.0002534913,0.98492926,0.009297598,0.00066533906,0.0013497795,1026,test
0.98274314,0.0007664132,0.00065435027,0.003102636,0.0028761432,0.0016114687,0.00410549,0.004140197,1027,test
0.98843294,0.00049285,0.00027934602,0.0022901532,0.002174958,0.0010414916,0.0030031581,0.002285178,1028,test
0.9566446,0.0041237716,0.00078853546,0.00917562,0.0047655404,0.004092105,0.010155797,0.010254057,1029,test
0.00035607917,0.0026509142,0.9819279,0.0028477572,0.003599355,0.0036277322,0.0027943193,0.0021959494,1030,test
0.00029680534,0.0013642014,0.98835677,0.0019064051,0.0025744399,0.002158261,0.0015051255,0.0018379769,1031,test
0.00031009156,0.001474142,0.988622,0.0018795695,0.002221299,0.0022812772,0.00164973,0.0015619448,1032,test
4.946179e-05,0.00022962756,2.2743732e-05,8.009277e-05,0.00011877221,0.00010785124,0.9992453,0.00014624244,1033,test
0.9910322,0.00038216074,0.00023599055,0.0017054601,0.0018738214,0.00090974796,0.0020454146,0.0018151752,1034,test
0.98907554,0.0004063106,0.0003325252,0.002836328,0.0020227376,0.00095054845,0.0021788846,0.0021971837,1035,test
0.97492164,0.0014824963,0.000825473,0.0058734342,0.005048829,0.0020057398,0.0042689336,0.005573439,1036,test
0.93312466,0.005854408,0.0021965047,0.0131756235,0.0102887945,0.006416334,0.01135094,0.017592741,1037,test
0.98607606,0.0006754559,0.0003364716,0.0031307107,0.0027126467,0.00113855,0.0031736714,0.0027564683,1038,test
0.00024803207,0.0009504769,0.99143094,0.0014744331,0.0019637716,0.0014631662,0.0011094465,0.0013598466,1039,test
0.7895597,0.049386162,0.001953809,0.04273532,0.025372468,0.023937223,0.03490592,0.032149352,1040,test
0.9863675,0.00073714554,0.00039992653,0.002798535,0.0022199207,0.0014470324,0.0031238496,0.0029060722,1041,test
0.0005160612,0.004115021,0.9746522,0.0038256499,0.004628831,0.005493917,0.0037419053,0.0030264233,1042,test
0.0007069551,0.012799721,0.9452525,0.007861767,0.0096323695,0.010686523,0.006083791,0.0069764378,1043,test
0.9810643,0.0011568645,0.0004808692,0.004661046,0.003527038,0.0017724688,0.0039423746,0.0033950391,1044,test
0.00034552318,0.00068107987,0.0003754224,7.035385e-05,0.9947491,0.0029026144,0.00029326102,0.0005825238,1045,test
0.00036084568,0.0021513212,0.9832259,0.0027043947,0.0032476746,0.0034081964,0.002420699,0.0024809134,1046,test
0.00035351238,0.0017878687,0.985038,0.0026953707,0.003159404,0.0024507237,0.0019555974,0.0025595494,1047,test
0.00039485714,0.0031232494,0.98015106,0.0032937888,0.0034695312,0.003938049,0.0028466259,0.0027828556,1048,test
0.00043681884,0.004345139,0.97465044,0.0039161826,0.004952056,0.0052556614,0.003426888,0.0030167876,1049,test
0.9908015,0.0002807323,0.00034046866,0.0021387476,0.0018405842,0.0007934076,0.0018978058,0.0019068259,1050,test
0.00066947617,0.017063478,0.92687327,0.008197088,0.014484605,0.015003309,0.0083768405,0.009331994,1051,test
0.00036729014,0.002114621,0.9834657,0.0027331947,0.0036772809,0.0032299056,0.0018873959,0.0025246576,1052,test
0.9622487,0.003072667,0.0012521402,0.007370551,0.007182459,0.0035619182,0.006348431,0.00896306,1053,test
0.00025110296,0.0008509879,0.9920359,0.0012286048,0.0018166704,0.0015003484,0.0011037062,0.0012126317,1054,test
0.00019072327,0.0006313911,0.9935689,0.0011398974,0.0013603859,0.0011646111,0.00088276895,0.0010613325,1055,test
0.0009430746,0.011565205,0.94723094,0.0080652265,0.0076507297,0.008918465,0.006238948,0.00938743,1056,test
0.9804806,0.0012534297,0.0005406248,0.004353039,0.0027921104,0.0025004698,0.004074585,0.0040051397,1057,test
0.00046903655,0.0037912985,0.9759093,0.0037435314,0.0052686287,0.0047720335,0.0030270973,0.0030191028,1058,test
0.0002791499,0.0012062473,0.9890577,0.0017348523,0.0025030999,0.0022615488,0.0014416776,0.0015158312,1059,test
0.00015182738,0.0017991088,0.0010991986,0.0014010926,0.0007690815,0.9921037,0.0016452315,0.0010307902,1060,test
0.9637099,0.0026327863,0.00079896447,0.007858072,0.006551108,0.003646312,0.008063901,0.006738911,1061,test
0.98146033,0.0009947596,0.0005366362,0.003795254,0.004414889,0.001643363,0.0035223733,0.003632373,1062,test
0.00036582767,0.0028154212,0.98124295,0.002906876,0.0042424835,0.0038992078,0.0023479112,0.0021793258,1063,test
0.00025834737,0.0013459955,0.9895098,0.001725515,0.0021606653,0.0020263332,0.001436321,0.0015371188,1064,test
0.9637458,0.0029481438,0.00057677634,0.007567734,0.0060626483,0.0036105,0.008444359,0.0070440783,1065,test
0.9893309,0.0004692433,0.0002889389,0.0023095699,0.0022921672,0.0007733866,0.002244173,0.0022917355,1066,test
0.00011134589,0.0018304385,5.120175e-05,0.0005108964,0.00083420717,0.0006571128,0.9947818,0.0012230717,1067,test
0.9897434,0.00048313168,0.00029287147,0.0021727362,0.0018123842,0.0008598306,0.0021773472,0.0024582986,1068,test
0.99048924,0.0003699102,0.0002583674,0.0020059547,0.0020893062,0.00072981074,0.0021053888,0.001951923,1069,test
0.00078713236,0.011324399,0.94750506,0.008308467,0.008967149,0.010015543,0.006208863,0.0068834443,1070,test
0.00014810683,0.0005596438,0.99525404,0.0008402246,0.0008489129,0.00078804727,0.00073602883,0.0008250717,1071,test
0.9768777,0.0015036712,0.00057125906,0.0050435946,0.0044965455,0.002425932,0.0047795437,0.004301729,1072,test
0.0005621932,0.006218106,0.9662259,0.00548992,0.0060840906,0.0063829683,0.004160972,0.004875786,1073,test
0.9712124,0.0019582335,0.00062938064,0.006335785,0.0049039433,0.002259572,0.0056640184,0.007036606,1074,test
0.00031298926,0.0014979172,0.9876694,0.0021014418,0.002662014,0.002289382,0.0016767351,0.0017900566,1075,test
0.00019127884,0.00085008034,0.991704,0.0013966581,0.0019112622,0.0015040168,0.0011153015,0.0013273711,1076,test
0.00029912553,0.0018926477,0.9873055,0.002004308,0.0022268132,0.0026169748,0.0018200703,0.0018344712,1077,test
0.00018249515,0.00047126797,0.9945727,0.000987861,0.0012230938,0.0009280658,0.0006957955,0.00093867286,1078,test
0.00014420695,0.0003887584,0.9952591,0.00083905866,0.0009201582,0.00084905524,0.00077265943,0.00082705874,1079,test
0.0004944183,0.003918397,0.9747994,0.0041976487,0.0049657715,0.004656536,0.0033798912,0.003587826,1080,test
0.00028477932,0.0011847534,0.9904779,0.0014786216,0.0019911486,0.0016822922,0.0013808213,0.0015196678,1081,test
6.349636e-05,0.9953994,0.00017395288,0.0003122105,0.00061386975,0.0009510793,0.0015678853,0.0009180435,1082,test
0.0009505092,0.016385702,0.9296794,0.011850506,0.010429874,0.014003924,0.008158362,0.008541666,1083,test
0.96728903,0.0024212662,0.0008371559,0.005876726,0.0055931397,0.0035248992,0.0062085665,0.008249229,1084,test
0.9372457,0.0055719535,0.0029569515,0.012196403,0.014339681,0.0077029285,0.0081951795,0.011791147,1085,test
0.0003789576,0.002913357,0.9794869,0.0034614909,0.004281257,0.0035830392,0.0025611613,0.0033338205,1086,test
0.00082729006,0.0074888663,0.9579626,0.0071627856,0.0067255422,0.0071028867,0.004960934,0.0077691227,1087,test
0.00041470822,0.004553838,0.97281873,0.0032286993,0.007426539,0.005593726,0.0034721487,0.0024916613,1088,test
0.00051357877,0.004995698,0.97044015,0.0049144393,0.0059452187,0.0053594327,0.0037640284,0.0040674023,1089,test
0.9903598,0.00039724153,0.0002591739,0.0024454528,0.001507401,0.00079434644,0.0021688105,0.0020677384,1090,test
0.1767959,0.02072824,0.6152589,0.062104255,0.030761462,0.019783322,0.04363338,0.030934623,1091,test
0.00029768862,0.0007350897,0.9898056,0.0016262496,0.002892412,0.0016510624,0.0011083483,0.0018836708,1092,test
0.00029097276,0.0018167337,0.0007543625,0.0019156114,0.0009441838,0.987298,0.0024318118,0.0045482847,1093,test
0.0018764057,0.14679566,0.010583111,0.026245898,0.0739173,0.63835347,0.028659653,0.07356849,1094,test
0.00028090915,0.0014025689,0.9886348,0.0018409844,0.002433547,0.0021690216,0.0015871179,0.0016510726,1095,test
0.97766215,0.0016087141,0.00055092835,0.004533283,0.0047603683,0.0020123967,0.0042363587,0.0046358635,1096,test
6.173312e-05,0.99599385,0.00016836022,0.0002946732,0.0005179813,0.00096292514,0.0013193862,0.00068107777,1097,test
0.00031200922,0.0017246904,0.9877819,0.0017634348,0.0025497102,0.002457229,0.0017308794,0.0016802438,1098,test
0.0003064912,0.001960827,0.9865528,0.0022218975,0.002328754,0.0025636263,0.002081122,0.0019845292,1099,test
0.00017686875,0.00054486527,0.9938769,0.0011144733,0.0013773364,0.0010082056,0.0008020565,0.0010992943,1100,test
0.00017374249,0.00065680913,0.99370074,0.0008236378,0.0016599216,0.0012522613,0.00089502084,0.0008379078,1101,test
2.8962975e-05,0.00018156442,0.00028247363,0.00045881097,0.000317924,0.9983203,0.00029860242,0.000111364825,1102,test
0.9862769,0.0006386187,0.0003477057,0.0031434922,0.0023846892,0.0010920463,0.0032535966,0.0028628209,1103,test
0.00031783865,0.001810978,0.98718613,0.0020713068,0.0019906033,0.002280819,0.0020477877,0.0022945409,1104,test
0.9882459,0.00055079936,0.00033605433,0.0027199346,0.0022614053,0.0009987574,0.0025033422,0.0023837697,1105,test
0.00037061286,0.0018208451,0.9861422,0.0020333868,0.003181779,0.0025108403,0.0017520484,0.0021883266,1106,test
0.00023415968,0.0006355948,0.99354196,0.001150265,0.0012112928,0.0011560204,0.0009164869,0.0011542492,1107,test
0.94204414,0.0042823167,0.001391016,0.013821141,0.012336159,0.004082427,0.010710305,0.011332513,1108,test
0.0003250331,0.001981467,0.9861166,0.0021861098,0.0029637658,0.0025326968,0.001856888,0.0020373685,1109,test
0.00016336054,0.0006710201,0.9945486,0.00096949126,0.0010555325,0.0008716889,0.0007466566,0.0009735823,1110,test
0.00045766012,0.0036548602,0.9755677,0.0033406438,0.005629023,0.0054980265,0.0031763865,0.002675659,1111,test
0.0001242185,0.0021496054,0.0007299794,0.0012136106,0.0012103571,0.99187624,0.0017866103,0.00090926106,1112,test
0.0009655312,0.0079573225,0.9491259,0.008001707,0.00715505,0.006237078,0.0069074277,0.013649898,1113,test
0.72992694,0.07488289,0.003173043,0.0509454,0.02965749,0.027581865,0.04447522,0.03935713,1114,test
0.00032623587,0.0016079124,0.9877638,0.0019045193,0.002305673,0.0025407628,0.0018265982,0.0017245128,1115,test
7.812952e-05,0.00034937184,2.5751115e-05,0.000115500094,0.0002606643,9.310532e-05,0.9988821,0.0001954286,1116,test
0.98271966,0.0006648304,0.00062078575,0.0036715316,0.0027132218,0.0014462915,0.0043640616,0.0037996583,1117,test
0.9857832,0.00071354135,0.00037135693,0.0029802911,0.003226527,0.0009398571,0.0032486417,0.0027366132,1118,test
0.968776,0.0024265267,0.0005339899,0.0069127255,0.006090196,0.0031194652,0.006783623,0.005357497,1119,test
0.99278545,0.00028071422,0.000179279,0.0017654222,0.0013169696,0.000690658,0.0016280537,0.0013534412,1120,test
0.95325047,0.0024146428,0.0011248772,0.012150785,0.009036067,0.0025298302,0.011305003,0.008188329,1121,test
0.00019420595,0.00047805332,0.99476033,0.0009769998,0.0010237664,0.00081376516,0.0007639453,0.000988899,1122,test
0.9043964,0.010283311,0.0021435476,0.018456122,0.014493198,0.009704801,0.017801575,0.022720981,1123,test
6.545826e-05,0.9955498,0.00018726253,0.00037318646,0.0005859351,0.0010009824,0.0013615183,0.0008759584,1124,test
0.00074712274,0.004877012,0.9690563,0.0057364907,0.005072708,0.0057053566,0.004007247,0.0047976775,1125,test
0.00018121989,0.0005470848,0.99426347,0.0010565645,0.0011582492,0.000978029,0.0007909089,0.0010244418,1126,test
0.00017427928,0.00046959115,0.99502414,0.0008733541,0.0010631044,0.00094154896,0.000669461,0.000784439,1127,test
0.0015372545,0.07178919,0.014436632,0.014975115,0.07895696,0.7045946,0.030046914,0.08366334,1128,test
0.00032653258,0.001837898,0.9856036,0.002275335,0.003228863,0.0029308405,0.0018870998,0.0019099143,1129,test
0.97933346,0.0013666932,0.00049034425,0.004311807,0.0043208837,0.0017119652,0.0037630831,0.004701791,1130,test
0.0015800692,0.004111271,0.9715831,0.005038985,0.004048917,0.0057963887,0.004428815,0.003412523,1131,test
0.00071740546,0.006594785,0.95589274,0.00711103,0.010799261,0.0075791804,0.00600926,0.0052962825,1132,test
0.98459053,0.00062844454,0.000444602,0.003586239,0.002765879,0.001246167,0.0039932295,0.0027448374,1133,test
0.9601535,0.0030976285,0.0008296999,0.008086656,0.0072496133,0.0035478212,0.008382982,0.008652015,1134,test
0.0013545715,0.015068667,0.9174992,0.0132481605,0.016128894,0.013360755,0.00895382,0.014385921,1135,test
0.0001265976,0.00031115857,0.99649835,0.00048188222,0.0009945045,0.00057060184,0.00042085923,0.0005959742,1136,test
0.00018701948,0.000587335,0.99397427,0.0011035292,0.001211397,0.0010560302,0.000824769,0.0010556495,1137,test
0.00028999653,0.0015229572,0.98880196,0.0017154606,0.0022929658,0.0022947257,0.001541115,0.0015407954,1138,test
0.0003692111,0.0035694402,0.9806755,0.0025176473,0.003919194,0.0037118802,0.002973745,0.002263414,1139,test
0.00031413,0.0016151017,0.9881401,0.0018213838,0.0022758725,0.0023246175,0.0017184142,0.0017904077,1140,test
8.858418e-05,0.00034028132,5.055106e-05,0.00041013994,6.4842396e-05,5.3909273e-05,0.00026588832,0.9987257,1141,test
7.6971206e-05,1.5828643e-06,5.819641e-05,0.9995091,1.6420498e-05,6.829749e-05,5.34506e-05,0.00021602822,1142,test
0.9692617,0.0023943447,0.0006182662,0.007283421,0.004899672,0.0025278265,0.0059021115,0.007112689,1143,test
0.00051792373,0.0050565307,0.97082055,0.0045460975,0.005935163,0.005237039,0.0036782464,0.0042084637,1144,test
0.00014571064,0.0017832922,0.0008005133,0.0011538698,0.0009875767,0.99267334,0.001606368,0.0008493154,1145,test
0.98130864,0.00083450216,0.00043938175,0.005084504,0.003814389,0.0014987197,0.0038257262,0.0031941126,1146,test
0.9841381,0.0008528543,0.00039606632,0.0029390154,0.0041292515,0.0013358861,0.003127295,0.0030815557,1147,test
0.0016353356,0.0044196504,0.96384287,0.008418022,0.004550562,0.0062915063,0.0039064386,0.006935553,1148,test
0.98151785,0.0007556525,0.0009676144,0.0037011548,0.0031153434,0.0019320771,0.0042639864,0.0037464637,1149,test
0.00014806492,0.00042008277,0.99576604,0.00068877044,0.00091397844,0.0007133681,0.0006139263,0.00073578686,1150,test
5.755987e-05,0.99631506,0.00015192103,0.00025954377,0.00056406425,0.00081565435,0.0011852595,0.0006509286,1151,test
0.0004720177,0.0043546124,0.9762724,0.004188099,0.004012778,0.0043744417,0.0048309728,0.00149457,1152,test
0.92994976,0.009949245,0.0018649542,0.015368561,0.009717808,0.00871131,0.015088383,0.00934999,1153,test
0.9769845,0.0012007285,0.0008261995,0.005775662,0.0047247284,0.0016268871,0.0052288002,0.003632358,1154,test
0.00035324262,0.0015710974,0.9874135,0.0024075839,0.0024195667,0.0024846273,0.0023126032,0.0010377063,1155,test
0.9624405,0.0038653284,0.0025126543,0.008573836,0.0052382546,0.005549523,0.0063446267,0.005475383,1156,test
0.0003771668,0.004440193,0.0027257253,0.0020334134,0.0018285159,0.98511076,0.0024286031,0.0010556732,1157,test
0.00045266363,0.0033528893,0.97902155,0.0038053372,0.0038698711,0.00424204,0.003967004,0.0012885727,1158,test
0.00028250317,0.0012169003,0.98975396,0.001914914,0.0021621182,0.0019174175,0.0020024013,0.00074989186,1159,test
0.00045192975,0.0030379405,0.97966045,0.003895802,0.004281379,0.0036663886,0.003594098,0.0014120602,1160,test
0.00028871745,0.001341065,0.98895174,0.002063351,0.0025118932,0.0022446762,0.0019210421,0.0006774386,1161,test
0.00021701296,0.00077096873,8.3131396e-05,0.00048479458,0.0003950532,0.0005412237,0.99705374,0.00045406105,1162,test
0.97475713,0.0016572686,0.000698907,0.006067387,0.004737177,0.00244126,0.006248731,0.0033922107,1163,test
0.00043560463,0.0029018382,0.98167694,0.0034047097,0.0037052708,0.0032203526,0.0036130066,0.0010421864,1164,test
0.000357233,0.0016858296,0.9864151,0.0026234102,0.0028236709,0.002786551,0.0024409746,0.0008672165,1165,test
0.00024172681,0.0006960309,0.993216,0.0012427715,0.0014388409,0.0013535583,0.0012796827,0.00053132855,1166,test
0.9415817,0.004534212,0.0037656066,0.0124367215,0.011640312,0.005456865,0.010585331,0.009999336,1167,test
0.00024207168,0.0010444352,0.9911645,0.0016119087,0.0019649824,0.0017414318,0.0016524149,0.0005782572,1168,test
0.00054155855,0.004737801,0.97254723,0.0047156187,0.0054358463,0.0054389727,0.0048051323,0.0017778279,1169,test
0.000245729,0.0010627907,0.99081755,0.0016609677,0.002237781,0.0016251924,0.0017478688,0.00060218945,1170,test
0.001051967,0.004387303,0.97294337,0.004708972,0.006200003,0.0050214063,0.003924572,0.0017624205,1171,test
0.9451351,0.004821094,0.0018361277,0.012151641,0.010446841,0.0061044856,0.011827131,0.007677543,1172,test
0.00017202504,0.0006861815,0.9935408,0.0011126683,0.0016269067,0.0012732355,0.0010751997,0.0005129674,1173,test
0.00014033288,0.00049905013,0.9949745,0.00091151684,0.001344853,0.0008654312,0.0009377491,0.00032660252,1174,test
0.00044077868,0.0029882803,0.97983015,0.0040788017,0.004253418,0.0035744878,0.0033612303,0.001472924,1175,test
0.00019209836,0.00037186823,5.4200424e-05,0.00016990835,0.00027115075,0.00019392396,0.9986217,0.00012526596,1176,test
0.00032046883,0.0016732508,0.98739177,0.0022821159,0.0027313088,0.0024653515,0.0023305777,0.0008050963,1177,test
0.9376847,0.0057697333,0.002033199,0.013554537,0.01083924,0.0075115385,0.01405264,0.008554379,1178,test
0.0003366051,0.0016258411,0.9863055,0.0028251158,0.0031187895,0.002299651,0.002460537,0.0010280679,1179,test
0.00020798588,0.000886771,0.99237436,0.0013838598,0.0018402329,0.0014473903,0.0012563566,0.00060295593,1180,test
0.0003272723,0.001874651,0.9864638,0.0025066829,0.0029481363,0.0024426377,0.0024279645,0.0010088265,1181,test
0.0013790592,0.001939106,0.00096084154,0.0037478418,0.0009036659,0.00091996556,0.0016410564,0.9885084,1182,test
0.9781617,0.0013623685,0.0008009142,0.004696582,0.004213415,0.0024487413,0.0052710474,0.003045291,1183,test
0.00018624547,0.9920879,0.0006410469,0.0007612693,0.0013657915,0.0019335313,0.0021697145,0.00085445173,1184,test
0.00018366807,0.99185973,0.00064939674,0.0007433264,0.0013946486,0.0019483883,0.0022908293,0.00093008444,1185,test
0.0078042503,0.074300125,0.6241031,0.014455179,0.15000339,0.03481738,0.045654565,0.048862014,1186,test
0.000117785145,0.00065601687,0.9951173,0.0007058864,0.001283674,0.00084670505,0.0009625513,0.0003100823,1187,test
0.00047009203,0.0035395066,0.9781068,0.0040289112,0.0046869605,0.0040201833,0.0036381143,0.0015093356,1188,test
0.98250246,0.000884196,0.00068394974,0.004196484,0.0033301336,0.001823311,0.004204824,0.0023745978,1189,test
0.00038117392,0.0018024279,0.9862119,0.0027935551,0.002568865,0.0026268188,0.0026005409,0.0010146832,1190,test
0.0047721434,0.0034287954,0.0032268802,0.0065409383,0.0025486657,0.0019141299,0.002193085,0.9753753,1191,test
0.0013574853,0.001320915,0.000931472,0.0027472791,0.0008268952,0.0008070607,0.0014142557,0.9905946,1192,test
0.0016425545,0.0018239495,0.0011266074,0.0038331104,0.0010730363,0.0009868193,0.0015774366,0.98793656,1193,test
0.9805495,0.0008906119,0.0011640127,0.004592952,0.0030110243,0.002180513,0.004991982,0.0026194183,1194,test
0.0017172939,0.005371316,0.0024927096,0.00065495545,0.9809817,0.0050049652,0.0022853436,0.0014917783,1195,test
0.00033212293,0.0017865015,0.98675287,0.00237247,0.0027907675,0.0025933993,0.0024988914,0.00087298895,1196,test
0.98322105,0.0007373518,0.0009263107,0.00420738,0.0031401482,0.0016390345,0.0038304431,0.0022983262,1197,test
0.00041674852,0.0027730453,0.98122704,0.0034983223,0.0041725775,0.0033974648,0.0032712822,0.0012434,1198,test
0.9827062,0.00090868515,0.0005754396,0.003974026,0.0033433887,0.001621588,0.004288597,0.0025820732,1199,test
0.00018780082,0.9904179,0.0008994298,0.00096011936,0.001642418,0.0021976754,0.0024807034,0.0012139825,1200,test
0.00037051362,0.0022313837,0.9845702,0.002836468,0.003146815,0.0029601597,0.0028693122,0.001015153,1201,test
0.94586337,0.004068342,0.0022136383,0.012431734,0.00957646,0.0059569236,0.012249911,0.0076396517,1202,test
0.00028985186,0.0019782048,0.9868751,0.0021952675,0.0026663456,0.0025349422,0.002572578,0.00088780216,1203,test
0.97941417,0.001467331,0.0006152269,0.004869522,0.0038232906,0.002149215,0.0049872748,0.002674022,1204,test
0.0003730522,0.0024731972,0.9832766,0.002753686,0.003649076,0.003089846,0.003302682,0.0010818704,1205,test
0.98532945,0.0008131782,0.00046552677,0.0033869164,0.0026492984,0.0016262797,0.0037400846,0.0019892822,1206,test
0.98323905,0.0007351044,0.00057044683,0.0042390334,0.0032545482,0.001606792,0.0041130832,0.0022418913,1207,test
0.0007498166,0.00649957,0.9711699,0.0047485777,0.0059471983,0.004492655,0.004421902,0.001970383,1208,test
0.000516463,0.004616109,0.970553,0.006334739,0.0054098517,0.0062588113,0.004866796,0.0014442377,1209,test
0.00036580462,0.0014382061,0.98782057,0.0026386257,0.0025883897,0.0018635659,0.0023234335,0.0009613889,1210,test
0.0003532115,0.0020133841,0.98483723,0.0027378888,0.0030841213,0.0030889576,0.003016176,0.00086915185,1211,test
0.00018004644,0.00097603793,0.99292094,0.001171136,0.0013157803,0.0014499502,0.0014830075,0.00050315727,1212,test
0.0012066386,0.001421,0.0011348187,0.0040133665,0.000866756,0.0008651729,0.0014452913,0.989047,1213,test
0.000345807,0.0022347234,0.98440766,0.0029448234,0.003038192,0.002984278,0.0030049202,0.0010396315,1214,test
0.00048016317,0.0039570457,0.9755499,0.0045600953,0.004376575,0.005149437,0.004355591,0.0015712805,1215,test
0.00046512295,0.0031891703,0.97828513,0.0042169355,0.0047836443,0.0038816012,0.0036804082,0.0014980562,1216,test
0.9825339,0.000834259,0.0006240834,0.0039302325,0.0037466097,0.0016446147,0.004375813,0.0023103897,1217,test
0.0017291777,0.025306001,0.88604975,0.022332698,0.01733724,0.028805558,0.011200344,0.0072392556,1218,test
0.0002620458,0.0027428074,0.0030968406,0.0025833931,0.0017915498,0.9866986,0.0018568041,0.0009679098,1219,test
0.0003218876,0.0016413238,0.9877337,0.0022098257,0.0024146568,0.0022673155,0.0025062214,0.0009050301,1220,test
0.00040104205,0.00016103567,0.0013139459,0.99492997,0.00031826767,0.0015104902,0.0010466777,0.00031861206,1221,test
0.96543926,0.0024060635,0.0012028331,0.007616661,0.0066651525,0.00359528,0.00795309,0.0051216665,1222,test
0.9714556,0.0018643852,0.0011353252,0.007124374,0.0050107613,0.0032647778,0.005986511,0.0041582924,1223,test
0.98794496,0.00044689534,0.0011544375,0.002789272,0.002223141,0.0013174672,0.002101001,0.0020228112,1224,test
0.36793333,0.011717695,0.45671764,0.06720498,0.022049867,0.02654473,0.03578293,0.012048846,1225,test
0.00025927427,0.0011220732,0.9897121,0.0019488392,0.002584331,0.0019208762,0.0017173599,0.000735067,1226,test
0.0003474378,0.0019629432,0.9862715,0.0024371955,0.0027670984,0.0026753256,0.002593269,0.00094524835,1227,test
0.00044985503,0.0027138605,0.9796713,0.0041641667,0.0038934154,0.0039598965,0.0040019345,0.0011456166,1228,test
0.00032701166,0.0016574531,0.9873745,0.0024482503,0.0024190329,0.0021899529,0.0025330342,0.0010508295,1229,test
0.00019219393,0.99019426,0.0008920157,0.0009914646,0.0016059829,0.0022570398,0.0025486036,0.0013184508,1230,test
0.98207885,0.0010015033,0.0006679001,0.0040459246,0.0032877424,0.0022065933,0.0041786376,0.0025327757,1231,test
0.96930707,0.0018029572,0.0011267569,0.0077503305,0.0062736827,0.0029414215,0.006951444,0.0038463485,1232,test
0.00049002905,0.0035454351,0.9773785,0.0044804225,0.0046083783,0.0041456185,0.0038220542,0.001529593,1233,test
0.0002861457,0.001370452,0.98862153,0.0024636984,0.0021612926,0.00199471,0.002003433,0.0010987658,1234,test
0.00036524847,0.0018519225,0.9851976,0.003098918,0.0030734753,0.002660277,0.0026627376,0.0010897439,1235,test
0.00024041797,0.00092024263,0.9919286,0.0014489286,0.0018081933,0.001563988,0.0014992092,0.0005903631,1236,test
0.8177444,0.042151816,0.0037539382,0.039568335,0.021035256,0.022999479,0.033303495,0.019443387,1237,test
0.98402035,0.0007270814,0.0006693794,0.0035327782,0.0029755486,0.0019750923,0.004114968,0.0019848384,1238,test
0.9784541,0.0011052799,0.00066935626,0.005575773,0.0038899824,0.0020383138,0.005701383,0.0025658438,1239,test
0.0011421241,0.008735228,0.005864152,0.0012328066,0.9464637,0.028847657,0.003106373,0.0046078544,1240,test
0.00038498963,0.0023150917,0.9833915,0.0034372557,0.0033146255,0.0028655152,0.0030910324,0.0011999393,1241,test
0.9597596,0.0024843526,0.0019516178,0.010971225,0.0057670893,0.0039624455,0.010080626,0.0050229975,1242,test
0.00034551704,0.0022726478,0.9844263,0.0027841171,0.0030059058,0.003103587,0.003081177,0.0009806019,1243,test
0.00053015444,0.010405139,0.0069372123,0.004537398,0.004752405,0.96484196,0.004218259,0.003777489,1244,test
0.00019910153,0.98984516,0.00088893616,0.0010055081,0.0017274889,0.0021020048,0.0027082947,0.0015234696,1245,test
0.001171488,0.0012386696,0.001090113,0.00017708982,0.993386,0.0017185159,0.00079203065,0.0004260208,1246,test
0.98206663,0.0010421996,0.00064367056,0.004088387,0.0035777895,0.0018675106,0.0042800615,0.0024338204,1247,test
0.9865146,0.0006643885,0.0005177546,0.003061717,0.0022539243,0.0014062846,0.0033419393,0.0022393505,1248,test
0.0002000349,0.99007004,0.0008125742,0.0009616668,0.0017685045,0.0020115508,0.0026711337,0.0015045769,1249,test
0.00018764843,0.0006437998,0.9937576,0.0011310375,0.0015235937,0.0011487918,0.0010568823,0.0005507263,1250,test
0.00015138813,0.00044863208,0.9954159,0.0007201158,0.001161331,0.0009155429,0.0008631707,0.0003238286,1251,test
0.00016282409,0.00033732597,5.181692e-05,0.00022097222,0.0002917771,0.00015510373,0.99861264,0.00016756658,1252,test
0.926953,0.0056909258,0.0029053935,0.017335111,0.0128046265,0.007934276,0.015630709,0.010745974,1253,test
0.9536471,0.004008479,0.0014820563,0.0110131875,0.0085702315,0.004687151,0.010784488,0.00580721,1254,test
0.96646124,0.0023057763,0.0011406603,0.0081709465,0.00599221,0.0039056807,0.007906165,0.004117253,1255,test
0.00037338448,0.0021172734,0.98454475,0.0028348994,0.003202086,0.0029092692,0.0029707588,0.0010475062,1256,test
0.000322394,0.001888225,0.98644143,0.0023487643,0.0028389064,0.0027221509,0.0025680005,0.00087017124,1257,test
0.00036226102,0.0018313441,0.9856188,0.0026850419,0.003092661,0.002627645,0.0028330544,0.00094907824,1258,test
0.0002779485,0.001374727,0.9885705,0.0022482364,0.0025952298,0.0020383461,0.0020416596,0.00085324474,1259,test
0.0002512015,0.00084883184,0.99192566,0.0016861294,0.0017115391,0.0013012207,0.0016051612,0.00067021576,1260,test
0.9655777,0.0019751827,0.0013571135,0.009607654,0.006329955,0.0035267172,0.007729709,0.0038960015,1261,test
0.00026742372,0.0028709387,0.002809993,0.0018991543,0.0014721574,0.9877615,0.0020023298,0.0009164497,1262,test
0.98329264,0.0010357054,0.0004254941,0.003961303,0.0029559394,0.0015684628,0.004704202,0.0020561947,1263,test
0.9839129,0.00073697045,0.00053334737,0.0039918814,0.0028507125,0.0014681552,0.004387625,0.0021184718,1264,test
0.0001399679,0.0005157393,0.99495775,0.0009388339,0.0012244481,0.00089808955,0.0009510318,0.0003741228,1265,test
0.00027305432,0.0014309977,0.98945147,0.002063932,0.0021339187,0.0018706808,0.0020280732,0.0007479334,1266,test
0.9693847,0.0019235163,0.0010352855,0.0076468904,0.005213481,0.0031864718,0.007383232,0.004226431,1267,test
0.00047746886,0.0035289545,0.9776134,0.0040441165,0.004460238,0.0045497054,0.0041019083,0.0012242948,1268,test
0.9608302,0.0031028802,0.0013176416,0.009022614,0.0069946228,0.004444586,0.009339915,0.004947442,1269,test
0.00039310375,0.0021756995,0.98436916,0.0027964432,0.0033406923,0.0030603188,0.0029132657,0.00095127814,1270,test
0.0010760791,0.011012474,0.94533414,0.011591111,0.0079700295,0.011024553,0.008693972,0.0032975979,1271,test
0.9746035,0.0016627639,0.0007253134,0.005943985,0.004747023,0.0023093382,0.0069635427,0.00304449,1272,test
0.97652984,0.001482462,0.00094317325,0.005434556,0.00513529,0.0021220031,0.0048426976,0.003509991,1273,test
0.9721791,0.0019648606,0.00093433954,0.0060381647,0.005013456,0.0032436315,0.0067277644,0.003898694,1274,test
0.00034458315,0.0019512817,0.9860233,0.0026855762,0.0029170928,0.002600155,0.0025386196,0.00093942153,1275,test
0.9597185,0.0033399505,0.0011133944,0.009270132,0.006832205,0.0053172163,0.009220685,0.0051879315,1276,test
0.96332633,0.0030319286,0.00090063276,0.008212544,0.0060629696,0.003271538,0.0103069935,0.004887022,1277,test
0.00033595713,0.0020808047,0.9855698,0.0027429112,0.0026533636,0.002608805,0.0030019362,0.0010065237,1278,test
0.0003327955,0.0024527737,0.9839791,0.0026960908,0.0033058394,0.003005165,0.0031877987,0.0010403282,1279,test
0.98235345,0.00068240263,0.00050017406,0.004443764,0.0023255763,0.0023581586,0.0035080328,0.0038284266,1280,test
0.00030814388,0.00040033806,0.9920704,0.0016181023,0.0013356481,0.0013470909,0.0010945522,0.001825781,1281,test
0.98202056,0.00087156653,0.00031705087,0.0042142128,0.0027536796,0.0017117254,0.003907873,0.0042034215,1282,test
0.00030524845,0.00048247143,0.9909136,0.0019823592,0.0015232657,0.0015774034,0.001316961,0.0018986389,1283,test
0.9465406,0.0030097554,0.0010685927,0.01475008,0.006558317,0.0070431437,0.010420529,0.010609086,1284,test
0.0004509396,0.00086168334,0.98641056,0.0026280822,0.002427757,0.0027736672,0.0019282328,0.0025191,1285,test
0.0012935703,0.0060521984,0.9446736,0.013334877,0.0073324023,0.012449936,0.005133386,0.009730024,1286,test
0.00035790095,0.000843301,0.9882882,0.0022269369,0.0019389051,0.0026736597,0.0016885436,0.0019826514,1287,test
0.0005449362,0.0013709883,0.9806851,0.00461976,0.0028570485,0.004067165,0.002712047,0.003142956,1288,test
7.103129e-05,0.00043633656,0.00055107364,0.002303288,0.0003175179,0.99479795,0.0007916594,0.0007311553,1289,test
0.0002500516,0.98557496,0.00057173666,0.001094653,0.0028528767,0.0029845817,0.0037256444,0.0029454206,1290,test
0.0010536191,0.0052960403,0.9424279,0.01219786,0.010515087,0.011989038,0.007445796,0.009074678,1291,test
0.9815431,0.00074218475,0.0004104458,0.003721352,0.0030149336,0.0014488879,0.0039239824,0.00519499,1292,test
0.00035526088,0.00077736727,0.9886129,0.002167309,0.0019259485,0.0023708679,0.0016964381,0.002093752,1293,test
0.000611471,0.0016187326,0.97802347,0.00489986,0.0034703629,0.004373015,0.0029227566,0.0040804055,1294,test
0.00089573825,0.0020219402,0.97484857,0.0050419164,0.0043158117,0.006419187,0.0032823558,0.003174455,1295,test
0.00069736555,0.0019661782,0.97282076,0.006040375,0.0038975908,0.006287643,0.0039286884,0.004361443,1296,test
0.9858226,0.0005413782,0.00032305755,0.0031743615,0.002328046,0.001395582,0.0034699116,0.0029450962,1297,test
0.9823376,0.0006772046,0.00037828012,0.0043992596,0.0027637219,0.0017477265,0.004299944,0.0033962245,1298,test
0.0005371631,0.0011203525,0.9831092,0.00360139,0.0029269936,0.0035638756,0.0021968277,0.0029441735,1299,test
0.0011001676,0.00420895,0.9564609,0.009100682,0.006394961,0.009483924,0.006150951,0.0070994366,1300,test
0.00021335605,0.9881864,0.00050702103,0.000921994,0.002229626,0.0027369268,0.0031314762,0.0020732651,1301,test
0.00010548048,0.99125856,0.000481054,0.0006825706,0.0012248928,0.0026989612,0.0025920323,0.0009563828,1302,test
0.98055035,0.000830132,0.00044791144,0.0047913627,0.0027082136,0.0018715039,0.00435251,0.004447966,1303,test
0.9848375,0.00037640813,0.0008338275,0.0030381624,0.0021650507,0.002115323,0.0030776875,0.003556142,1304,test
0.00047861945,0.0011680049,0.9826166,0.0037430997,0.0028501842,0.0036474233,0.0021737707,0.0033221652,1305,test
0.00038370572,0.00073689094,0.98849505,0.0023285048,0.0015759623,0.0026617185,0.0017813545,0.0020369159,1306,test
0.00056449295,0.0011458924,0.9821984,0.0040418087,0.00290688,0.0034410604,0.0024058218,0.003295669,1307,test
0.0003435705,0.0007624502,0.988488,0.0023031074,0.0018297094,0.002077695,0.0016636014,0.002531777,1308,test
0.00041018595,0.00084094744,0.9867446,0.0026879113,0.0022654426,0.0023076725,0.0018193797,0.0029238602,1309,test
0.9554898,0.0026826279,0.0013131476,0.009298353,0.0073038447,0.0048868563,0.0064240405,0.012601331,1310,test
0.98498476,0.0004656396,0.00045253997,0.0040724617,0.0023575884,0.0015931177,0.002970024,0.0031039012,1311,test
0.9805536,0.0008586796,0.00041117033,0.004628743,0.0032597599,0.001851105,0.0038080043,0.0046289368,1312,test
0.0004972941,0.0014322246,0.9777259,0.005240314,0.0032568476,0.005533811,0.0033737125,0.002939921,1313,test
0.0006120968,0.002291893,0.9761352,0.0043173246,0.0037003702,0.0053553837,0.0035900997,0.003997662,1314,test
0.00025357163,0.9880378,0.0005933894,0.001222245,0.0022618005,0.002818289,0.0027886592,0.0020242066,1315,test
0.965046,0.0018138167,0.0009861042,0.0070808786,0.0053900806,0.003834518,0.006299137,0.009549487,1316,test
0.0008556292,0.0029200518,0.0013122982,0.00047772343,0.984405,0.006869263,0.0014232023,0.0017368738,1317,test
0.96828103,0.0011272235,0.00076026254,0.0079108,0.0052184802,0.002762784,0.00611634,0.007823037,1318,test
0.00031834203,0.0006757385,0.989945,0.0019350802,0.0015942754,0.0021309901,0.0016140622,0.0017865614,1319,test
0.96839505,0.0011006619,0.0008748974,0.008473191,0.0040977118,0.0049604145,0.005683578,0.006414462,1320,test
0.00025703752,0.9865796,0.00051614596,0.0010423984,0.002569187,0.0027110118,0.0034776235,0.0028470436,1321,test
0.00032925722,0.0003534033,0.00024531895,6.586061e-05,0.9974566,0.0011028635,0.00027628755,0.00017042195,1322,test
3.3380562e-05,7.649746e-05,2.5286306e-05,0.0009260891,2.7851487e-05,0.00013019284,0.00022226975,0.99855846,1323,test
0.00012711545,0.0001332645,0.9967573,0.0005704131,0.00060410076,0.0007361355,0.00050045754,0.00057117594,1324,test
0.015899427,0.0030144674,0.9208239,0.014191845,0.0089676455,0.013564716,0.0087534785,0.014784554,1325,test
0.00041516995,0.00089734374,0.98593,0.0026676296,0.0022775324,0.003371454,0.002073619,0.0023673107,1326,test
0.00015349171,0.00018788449,0.99632,0.0006821704,0.0007434836,0.00067577296,0.0005204274,0.00071670685,1327,test
4.895708e-05,0.00013000962,1.927339e-05,0.00017109043,0.00017178513,0.00017328278,0.9991722,0.00011347808,1328,test
0.9728746,0.0016403658,0.00054253836,0.0068447595,0.0044232095,0.0030398823,0.0053835637,0.0052510784,1329,test
0.00014049785,0.00030333243,2.8824947e-05,0.00017113246,0.00029277493,0.00018392358,0.9986525,0.00022712116,1330,test
0.00052589295,0.0013353002,0.982038,0.003315913,0.003004484,0.0040699863,0.0027368641,0.0029735847,1331,test
0.00066104974,0.0021802185,0.9741581,0.0056603197,0.00376252,0.005442106,0.003361648,0.0047740284,1332,test
0.9779735,0.0009791306,0.0005782625,0.0052896235,0.003909339,0.0018965037,0.0036349222,0.005738577,1333,test
0.00017822982,0.005594292,0.0020367885,0.0024125592,0.006546621,0.96710503,0.0052536624,0.010872749,1334,test
0.9807194,0.00065914594,0.00056739146,0.0046175322,0.0032770725,0.001754789,0.004071755,0.004332839,1335,test
0.0010440727,0.0034315921,0.95978737,0.008956539,0.005941446,0.009105206,0.005025189,0.0067085926,1336,test
0.9262861,0.004730343,0.0022398054,0.019725554,0.010541519,0.008093045,0.014268435,0.014115141,1337,test
0.00046463055,0.00088304427,0.9858115,0.003214434,0.0018501998,0.0028735667,0.0018235937,0.0030789864,1338,test
0.00022864838,0.00038697993,0.99297184,0.0011284533,0.001541843,0.0015883162,0.0010589658,0.0010949561,1339,test
0.9738995,0.0012375544,0.00055789645,0.00619176,0.0050240643,0.002003125,0.0056694634,0.005416753,1340,test
0.00053556345,0.0015458362,0.9796647,0.0043463274,0.0029505247,0.0039402437,0.0028014749,0.0042154365,1341,test
0.00047561128,0.0012947968,0.9834953,0.0034745263,0.002643633,0.003289399,0.0023048318,0.003021938,1342,test
0.9792726,0.0009045086,0.0004897927,0.004621516,0.0033890635,0.0022417738,0.0043950044,0.0046857833,1343,test
0.0002142359,0.9860263,0.0006676214,0.0010837329,0.0027673934,0.003252177,0.003521928,0.002466513,1344,test
0.9907452,0.0002743048,0.00021665425,0.0021272118,0.001308048,0.00096315215,0.0024385964,0.0019268345,1345,test
0.9790638,0.0007622502,0.00059149845,0.005275001,0.0036402603,0.001799942,0.0035606322,0.005306606,1346,test
0.0006322865,0.0016171645,0.97912484,0.004386286,0.003231061,0.0046290136,0.00311509,0.0032642921,1347,test
0.98119545,0.0007235744,0.0005125743,0.004338272,0.0034971307,0.0019549844,0.0035713175,0.004206628,1348,test
0.00078996265,0.0023609076,0.9711737,0.0061185355,0.0038911996,0.0063838772,0.0042549665,0.005026873,1349,test
0.0005662928,0.0015376458,0.9795068,0.004463659,0.0032203617,0.004217284,0.002711903,0.0037761242,1350,test
0.00017041044,0.00023887312,0.99544394,0.0008133479,0.00087012904,0.0008926101,0.0006498275,0.0009208524,1351,test
0.00024336799,0.0003009237,0.9936215,0.0013320365,0.0012081766,0.0012500254,0.00077340374,0.001270503,1352,test
0.00032995714,0.0004946023,0.9908613,0.00188602,0.0013245735,0.0017625998,0.0012685,0.0020724607,1353,test
0.00086594606,0.0030054015,0.9623377,0.00901918,0.005678133,0.008625298,0.005242543,0.0052258424,1354,test
0.98988754,0.00033588707,0.00022050197,0.0022900833,0.0018002965,0.0010491853,0.002284203,0.0021322344,1355,test
0.00038621202,0.0008173283,0.9877731,0.0024572038,0.0020728714,0.0026615015,0.0017131259,0.0021184958,1356,test
0.975879,0.0010531736,0.00061399356,0.0057968013,0.0036867044,0.0025350975,0.0052212495,0.0052140523,1357,test
0.00021676839,0.00023921051,0.9950139,0.0009619699,0.0007147162,0.00096378254,0.0007435049,0.0011462208,1358,test
0.004916056,0.0048727826,0.9247393,0.0111197,0.016050927,0.01716533,0.009851429,0.011284608,1359,test
0.0005645863,0.0020375159,0.97513026,0.0052299895,0.003991104,0.006179934,0.002744027,0.0041224966,1360,test
0.97366005,0.0013109926,0.0007444049,0.005988993,0.0049361484,0.0025097015,0.004623365,0.006226282,1361,test
0.9799737,0.0008587743,0.00039611754,0.0051081856,0.002605644,0.00288333,0.004410645,0.003763696,1362,test
0.97648764,0.0012935093,0.00043907028,0.0058915997,0.0035590038,0.0022196951,0.004633229,0.005476225,1363,test
0.0007104943,0.0029335152,0.9667888,0.00731659,0.005134576,0.0076393625,0.004271326,0.005205374,1364,test
0.00019667325,0.00023099677,0.9954776,0.00084943074,0.0007188375,0.00087231793,0.00066447776,0.0009896243,1365,test
0.982094,0.0006348251,0.00045038963,0.0044373632,0.0030915912,0.0019026654,0.003716512,0.003672567,1366,test
0.82029307,0.010334867,0.01892976,0.040246565,0.026639257,0.022920083,0.021978848,0.03865757,1367,test
0.0011640079,0.0041974396,0.9541965,0.009977973,0.006412339,0.0101494575,0.0062632696,0.0076389606,1368,test
0.00023674026,0.00031973553,0.99405634,0.0011181774,0.0009358983,0.0010572536,0.0008640659,0.0014117148,1369,test
4.8441474e-05,0.00033074646,0.00038183326,0.0013700832,0.00032131912,0.9967264,0.0005745953,0.00024651905,1370,test
0.0004119545,0.0010548186,0.9855429,0.003122743,0.0018728393,0.0034173226,0.0021582895,0.0024191877,1371,test
0.00058343174,0.0014296377,0.98000586,0.0043547153,0.0034372613,0.004145986,0.002595671,0.0034475073,1372,test
0.9798269,0.00092336047,0.00047107617,0.003990753,0.0030494153,0.001846161,0.0039496343,0.005942721,1373,test
0.0005663581,0.0014501096,0.9807004,0.0037902454,0.003549868,0.00432975,0.002642006,0.0029712792,1374,test
0.00037247408,0.00072612613,0.98822355,0.0024612285,0.0019146784,0.0026134672,0.0016677298,0.0020206715,1375,test
0.00026353166,0.98462576,0.0006127765,0.0011556738,0.0029632447,0.0030026224,0.003793488,0.0035829847,1376,test
0.00054778805,0.0014633923,0.9799131,0.0044329553,0.0034606925,0.0038715806,0.0025237042,0.0037867986,1377,test
0.00044565665,0.0010190821,0.9844802,0.0032671378,0.0027023214,0.0033480783,0.0020651831,0.0026723759,1378,test
0.872431,0.018281851,0.0023828766,0.023739893,0.011182798,0.01936156,0.022298811,0.030321185,1379,test
0.0003100815,0.0004713135,0.9896974,0.0021778056,0.0019082318,0.0022253108,0.001354759,0.0018550606,1380,test
0.9726855,0.0014369958,0.00055381283,0.0067253048,0.004673233,0.0024254639,0.0051963283,0.006303377,1381,test
0.00035487284,0.00092273817,0.98812044,0.0022659192,0.0017762842,0.002564731,0.0018277203,0.0021673793,1382,test
0.00034259242,0.00063724065,0.98952943,0.002022624,0.0018848577,0.0019214724,0.0015775715,0.0020842005,1383,test
9.050659e-05,0.00037522902,0.00034486764,0.0016939031,0.00038638705,0.99568474,0.0007791475,0.0006451744,1384,test
0.0003675319,0.0008231025,0.9885698,0.002239694,0.0017348374,0.0024655673,0.001705368,0.0020940558,1385,test
0.0008068765,0.0029086685,0.9666332,0.007584947,0.0053365296,0.006435352,0.003304922,0.006989407,1386,test
0.00097019435,0.0049382397,0.9548756,0.010465186,0.006357792,0.010463893,0.0057022194,0.0062268437,1387,test
0.00024474817,0.9865333,0.00055326836,0.001065655,0.002512315,0.0029333741,0.0035566478,0.0026006615,1388,test
0.9850985,0.00046472088,0.00050782494,0.004076742,0.0016679832,0.00197647,0.0025492655,0.003658472,1389,test
0.16210015,0.58262247,0.0018194385,0.03226927,0.04407027,0.039979067,0.046911206,0.09022807,1390,test
0.002100763,0.0020839574,0.9659782,0.006925781,0.0035116344,0.008519644,0.002817327,0.008062741,1391,test
0.9635734,0.0021239077,0.00087972253,0.009099746,0.0058195624,0.0035623768,0.007172305,0.0077688973,1392,test
0.00027545,0.0038825066,0.0016215518,0.0028308483,0.013814213,0.9651222,0.0030115033,0.009441701,1393,test
0.0005840918,0.0015653694,0.9798467,0.004114786,0.003024815,0.0045025875,0.0028466105,0.003515105,1394,test
0.9342231,0.0047912956,0.0009934349,0.016041577,0.010880718,0.005457115,0.013495507,0.014117153,1395,test
0.98003995,0.00082793855,0.0003328397,0.005225927,0.0028063476,0.0022884805,0.004235149,0.0042433403,1396,test
0.00046301287,0.000830928,0.0005195366,0.00015609415,0.99507844,0.0019998008,0.00057102286,0.0003811476,1397,test
0.00053065823,0.0010886369,0.98345196,0.0035936467,0.0027414686,0.0032709886,0.0022201512,0.0031026064,1398,test
0.9873153,0.00035454665,0.0003611921,0.0035727578,0.0017792202,0.0013969354,0.0026372105,0.0025827775,1399,test
0.00031441852,0.00049040915,0.9914937,0.0017784302,0.0012256403,0.0016424562,0.001393896,0.0016609961,1400,test
0.00015842706,0.0018339265,0.0014838091,0.0022799065,0.009012951,0.9799517,0.0018761022,0.0034031032,1401,test
0.00079959707,0.0032810734,0.9668383,0.0067788702,0.0047518285,0.0071149045,0.004363187,0.0060722707,1402,test
0.0008294979,0.0021637054,0.9667895,0.007814947,0.004629296,0.007081829,0.0039350716,0.0067560747,1403,test
0.0002563842,0.98320794,0.0006369829,0.0011286442,0.0030126022,0.0036244679,0.0040213508,0.004111592,1404,test
0.9733166,0.0013103203,0.00048140035,0.006717008,0.0044870423,0.0024259195,0.006293641,0.0049680774,1405,test
3.735357e-05,0.00019256108,9.797271e-06,0.00035082284,4.88588e-05,2.8361917e-05,0.00022008267,0.99911207,1406,test
0.0005895215,0.0012522953,0.98215127,0.0037018557,0.0025140073,0.003345927,0.002476619,0.0039685066,1407,test
0.9937401,0.0001797429,0.00011275862,0.0013935071,0.0010888451,0.0008010301,0.0019837657,0.00070035795,1408,test
0.00051575364,0.0005103252,0.98949945,0.0017679378,0.002945793,0.002516989,0.0015679853,0.00067569845,1409,test
0.0011801741,0.00062900304,0.0006043839,0.0021270672,0.0006481648,0.0012634202,0.001221225,0.9923265,1410,test
0.00042754784,0.00038984776,0.9916825,0.00136948,0.0021133285,0.0019777503,0.0014138126,0.00062570494,1411,test
0.00048808736,0.0003629489,0.99137187,0.0015644368,0.002352924,0.002004595,0.0012711802,0.0005839181,1412,test
0.0007210649,0.97716147,0.0016728233,0.0021678964,0.0048679844,0.006205393,0.0047794124,0.0024239656,1413,test
0.99467057,0.000120334465,0.00010973477,0.001340451,0.0010654472,0.0006097839,0.0014677093,0.0006159483,1414,test
0.98758715,0.0003768252,0.00028420208,0.0030600545,0.0021046845,0.0017705398,0.0030746425,0.0017418729,1415,test
0.9904523,0.00025892904,0.00021773133,0.0024734258,0.001955006,0.0011329736,0.0024951324,0.0010144871,1416,test
0.0011562463,0.0014102261,0.9777182,0.0049742744,0.004706639,0.0046960195,0.0035734156,0.0017650251,1417,test
0.9387553,0.0017831916,0.007615812,0.016550548,0.011931844,0.006206237,0.009605517,0.0075515523,1418,test
0.0006424319,0.00068161107,0.98718494,0.0023721817,0.0030480165,0.0032721967,0.0019652757,0.0008332511,1419,test
0.0005786449,0.00038707722,0.99112755,0.0018572594,0.002093951,0.0020839572,0.0012005471,0.00067106256,1420,test
0.000286191,0.00018083765,0.9946865,0.0008571855,0.0017445665,0.001168941,0.0006991392,0.00037674137,1421,test
0.0005615028,0.00047350425,0.99008125,0.0018553387,0.002306219,0.002376043,0.0015980937,0.0007481066,1422,test
0.00042270494,0.0004493172,0.9905896,0.0014353886,0.0027950923,0.0023479194,0.0013488632,0.000611099,1423,test
0.00037908164,0.00035513125,0.9924575,0.0012967486,0.0019250916,0.0018618846,0.0012542692,0.00047015492,1424,test
0.17278583,0.0061210888,0.5381039,0.11145242,0.05576784,0.053833947,0.031996064,0.029938882,1425,test
0.0021272695,0.0007564667,0.0013805402,0.0048021693,0.0012407195,0.001328085,0.0017700539,0.9865947,1426,test
0.9915611,0.00022852636,0.00013682354,0.0019912997,0.0019454254,0.00093960075,0.0023560815,0.0008411783,1427,test
0.00062570046,0.000675462,0.98762184,0.0022135829,0.002948183,0.002965138,0.002030406,0.00091964466,1428,test
0.00039879038,0.0003919302,0.9913311,0.001238833,0.002448896,0.002326147,0.0013510487,0.00051320804,1429,test
0.0003256048,0.00027031507,0.9937226,0.0011092618,0.001957988,0.0013631856,0.0008223484,0.0004286352,1430,test
0.99231964,0.00018631882,0.00014695605,0.0020032488,0.0014209916,0.00092657516,0.0021699492,0.0008263965,1431,test
0.0015909427,0.95108235,0.0029154494,0.0061184852,0.007259422,0.01329339,0.011270484,0.0064694444,1432,test
0.00073344324,0.9809676,0.0010854955,0.0021914546,0.0034041386,0.004567336,0.0048358925,0.0022146548,1433,test
0.00033183343,0.0002496673,0.9942736,0.00091827154,0.0015957326,0.0013555572,0.0008562979,0.00041897682,1434,test
0.0013034656,0.0026950918,0.9684336,0.0063616266,0.006582168,0.00838811,0.004260114,0.0019757627,1435,test
0.0002865272,0.00016184866,0.9950139,0.00072993466,0.0013688959,0.0012267726,0.00086187926,0.00035029397,1436,test
0.0012428191,0.9506375,0.0033085695,0.003490108,0.009131987,0.015432186,0.009002764,0.0077539464,1437,test
0.0003555682,0.00031567362,0.9923692,0.0013159404,0.002362705,0.0016238373,0.0011302675,0.00052676717,1438,test
0.9837097,0.0005017874,0.00038414288,0.004274888,0.0034092749,0.0018015234,0.0043659117,0.0015527202,1439,test
0.00029000573,0.00022081964,0.9941909,0.00084184913,0.0018210962,0.0014114422,0.0008743037,0.0003495254,1440,test
0.9817535,0.000575626,0.00042926444,0.0048834807,0.0033280791,0.0022437014,0.0046218676,0.0021645115,1441,test
0.00076361094,0.0008920214,0.9847837,0.0027855206,0.0036075038,0.0037079316,0.002458734,0.0010010423,1442,test
0.00075644115,0.00047326862,0.9885703,0.0019987768,0.0030113524,0.0026449657,0.001747848,0.00079697947,1443,test
0.9854401,0.0004861224,0.00028886565,0.0042728474,0.0023714271,0.001700124,0.0036780138,0.001762585,1444,test
0.9882471,0.00032514377,0.00029098094,0.003094745,0.0024344434,0.0013786801,0.0029903797,0.0012385906,1445,test
0.00052953424,0.00044878433,0.9898622,0.001738297,0.0027222158,0.0025279329,0.0015401788,0.00063090195,1446,test
0.00054073666,0.002719752,0.0003283342,0.001588721,0.0050192103,0.0027033496,0.98504966,0.0020502678,1447,test
0.00064319785,0.0006313365,0.9868794,0.0024333147,0.0034742574,0.0029914647,0.0020610194,0.00088604505,1448,test
0.99549294,0.000101924896,8.6175896e-05,0.0010421434,0.0012174645,0.00045758946,0.0011639601,0.00043787612,1449,test
0.6704142,0.008967044,0.124391235,0.07161818,0.040898632,0.028764825,0.03285061,0.022095345,1450,test
0.0012857389,0.9594068,0.0032365762,0.004357562,0.008249197,0.009948837,0.008011909,0.0055033183,1451,test
0.00034307328,0.00025810295,0.9933576,0.0011798167,0.001743617,0.0016128975,0.0010163253,0.0004885207,1452,test
0.0006101369,0.0005602397,0.988815,0.0019792656,0.002921467,0.0027142072,0.0016740022,0.00072582666,1453,test
0.98901016,0.00023043159,0.00025684646,0.003005901,0.0024953848,0.0012939689,0.0027765927,0.00093077624,1454,test
0.0010889458,0.97370607,0.0015397923,0.0038055638,0.0035352255,0.006379992,0.005794983,0.0041495333,1455,test
0.95664364,0.0017737192,0.0022112713,0.012072821,0.007186616,0.0051056645,0.008941445,0.006064783,1456,test
0.9906613,0.0002323814,0.0003305654,0.002368828,0.0020427404,0.0010708809,0.0019217121,0.0013715526,1457,test
0.0006422567,0.0005768218,0.987944,0.002146574,0.003195281,0.0029164895,0.0018659802,0.0007125815,1458,test
0.00083415,0.0014253833,0.98018485,0.0037206651,0.0042025796,0.004802862,0.0030243327,0.0018052117,1459,test
0.39849547,0.0010541177,0.52985895,0.02330403,0.016437324,0.009575451,0.011265397,0.010009299,1460,test
0.00063387986,0.00066280697,0.987695,0.0022478984,0.0029519524,0.0029623657,0.0019307169,0.00091534376,1461,test
0.0008034688,0.97879934,0.0011576004,0.002446106,0.0037715763,0.004676828,0.005326204,0.0030187808,1462,test
0.0010810848,0.9685346,0.0022681602,0.0035695117,0.005757003,0.0077330177,0.006745768,0.00431084,1463,test
0.0019361459,0.0004119237,0.9798105,0.007366752,0.0019761375,0.0043593748,0.0022546365,0.0018845578,1464,test
0.0028578816,0.001551443,0.00072203076,0.0045978785,0.0014306493,0.0017269404,0.0025440229,0.98456913,1465,test
0.99088305,0.00017826915,0.00023502977,0.002390759,0.0021456853,0.0008395596,0.0024480985,0.0008795324,1466,test
0.00317429,0.0009318722,0.00078447297,0.0050070663,0.0010043347,0.0016349767,0.0016589249,0.9858042,1467,test
0.00094564375,0.97303355,0.0018632964,0.0031043112,0.004925745,0.0061002504,0.00659718,0.0034299924,1468,test
0.0014144921,0.0009446775,0.0009779054,0.009845563,0.006602971,0.006151553,0.9686639,0.0053989175,1469,test
0.9737593,0.000970141,0.0008393332,0.0068383403,0.0057592015,0.0029741568,0.005659381,0.0032002032,1470,test
0.9945912,0.0001483353,0.000115296825,0.0013206176,0.0011283169,0.00056555175,0.0014597948,0.00067095633,1471,test
0.9926577,0.00019369938,0.00016561082,0.0017613443,0.0018109829,0.0007825136,0.0017730412,0.00085506076,1472,test
0.9929288,0.00018818107,0.00013569811,0.0016602764,0.0017352345,0.000838977,0.0017761684,0.0007366708,1473,test
3.7990845e-05,0.00016085316,0.0006075493,0.00045853577,0.00031077137,0.9980622,0.0002893447,7.267028e-05,1474,test
0.000997431,0.0019830838,0.9729979,0.0054772384,0.006272708,0.006531563,0.004030061,0.0017100087,1475,test
0.000295637,0.00023687298,0.99475694,0.0008709871,0.0011225588,0.0011218027,0.0012083455,0.00038688187,1476,test
0.0005692311,0.0005576904,0.9883405,0.0020701,0.0033329683,0.0025248386,0.0017345882,0.00087013363,1477,test
0.00057538506,0.00058353995,0.9884205,0.0021832732,0.0028653422,0.0028197945,0.0017506148,0.00080165314,1478,test
0.00085099577,0.0010010962,0.9831124,0.003097406,0.0043877005,0.004045099,0.0023623537,0.0011430391,1479,test
0.0014919869,0.00039082192,0.00050573965,0.0024121485,0.0003729487,0.0012155534,0.00096046,0.99265045,1480,test
0.9776089,0.00078015396,0.0005041245,0.005850831,0.004103324,0.0024087827,0.006323178,0.0024207165,1481,test
0.0028332132,0.0007786051,0.0007561091,0.0035466794,0.00086675066,0.00086723437,0.0013595901,0.98899186,1482,test
0.91466904,0.003928131,0.016692298,0.013670999,0.014890833,0.0136442445,0.015430999,0.0070734858,1483,test
0.0005041909,0.0004785768,0.9898934,0.0016564651,0.003023741,0.0022757887,0.0015096208,0.0006581637,1484,test
0.9860292,0.00038038217,0.00027485727,0.004023425,0.002660398,0.0012595074,0.003906549,0.001465749,1485,test
0.00020649265,0.00016839815,0.99575657,0.0005539942,0.0013959274,0.000995233,0.0006126428,0.00031076063,1486,test
0.00053737615,0.0004894361,0.9888952,0.0019558829,0.0032174436,0.0026015034,0.0015616696,0.0007415769,1487,test
0.0004885904,0.00042576023,0.9908257,0.0016109627,0.0024770359,0.0020003119,0.0014658138,0.00070574146,1488,test
0.0007697973,0.00095315767,0.98435634,0.002991256,0.0034401228,0.0038969838,0.0025670093,0.0010252793,1489,test
0.0002837393,0.00016026455,0.9956038,0.00071106694,0.001174245,0.0010204173,0.0006969241,0.00034958695,1490,test
0.00023831073,0.00018709543,0.9952668,0.00063519116,0.0016567399,0.001023723,0.00065975514,0.00033245265,1491,test
0.0008951528,0.0014855062,0.9772528,0.0044483766,0.0054693716,0.0053870035,0.0031701874,0.0018916988,1492,test
0.0003610635,0.00026540598,0.99292713,0.0010629004,0.0022532651,0.0017713715,0.0009605152,0.00039828825,1493,test
0.98417944,0.00058329577,0.00037228892,0.004312437,0.00284801,0.001933812,0.0037488476,0.0020219544,1494,test
0.009824833,0.04384448,0.009575602,0.008535263,0.67307717,0.17745283,0.024074752,0.05361502,1495,test
0.0006145529,0.0009768661,0.0037377817,0.0051261554,0.004229899,0.9775484,0.0020208166,0.005745461,1496,test
0.00013453628,0.0007492615,0.0012617148,0.0013252574,0.0006289757,0.9947301,0.00087518344,0.0002949079,1497,test
0.99265325,0.00015624745,0.00016182142,0.0017867101,0.0015793223,0.0007586116,0.0020252876,0.0008787818,1498,test
0.00054191536,0.00051396916,0.98971003,0.0016170376,0.0028418296,0.00238112,0.0016649337,0.0007291323,1499,test
0.00044023324,0.000407095,0.99142694,0.001406699,0.0023325544,0.0020138198,0.0014010231,0.00057162,1500,test
0.00091215887,0.9688861,0.0023035817,0.003329241,0.0072636,0.0073334123,0.0062466855,0.0037251962,1501,test
0.00051875843,0.00049936544,0.99027574,0.0016332235,0.0025450033,0.0023700094,0.0015188709,0.0006390673,1502,test
0.0005536052,0.00061974325,0.98845893,0.002055527,0.0029461787,0.0026323418,0.0018209222,0.00091287383,1503,test
9.107312e-05,0.00015488824,4.984521e-05,0.00034380256,0.00047707075,0.00037578665,0.9983491,0.0001584694,1504,test
0.0013654778,0.0019378419,0.97276706,0.0047414615,0.0074624894,0.0071539916,0.002819172,0.0017524898,1505,test
0.990756,0.00032511668,0.00019418715,0.0023495248,0.0017614873,0.0013297406,0.002188506,0.0010955483,1506,test
0.00047842215,0.0004993893,0.9910817,0.0015367259,0.0022287304,0.0021821342,0.0013806293,0.00061219523,1507,test
0.98279613,0.00048071018,0.000462755,0.0036159186,0.0035017536,0.002113512,0.005248764,0.001780583,1508,test
0.00048178373,0.00046919903,0.99049205,0.0015080955,0.0026056883,0.002368106,0.0014477447,0.0006274135,1509,test
0.0006986768,0.0008843688,0.98333794,0.003023089,0.004160285,0.004192253,0.002681163,0.0010222615,1510,test
0.000345538,0.00023654335,0.9934275,0.0009819964,0.0023046404,0.0014957173,0.0008324786,0.00037557547,1511,test
0.99032694,0.0002021635,0.00026040923,0.0025414787,0.001937877,0.00071675034,0.0027077994,0.0013065503,1512,test
0.9819588,0.0006368723,0.00045704248,0.0045775026,0.002884419,0.002628003,0.004303183,0.002554139,1513,test
0.9691,0.0012051255,0.0024045296,0.0077238185,0.0059329164,0.0037981672,0.0054923515,0.0043430906,1514,test
0.0007766126,0.97518265,0.001702951,0.002488114,0.004871551,0.006758755,0.0057807555,0.0024385774,1515,test
0.00017702987,0.00013992256,0.99630713,0.00055182993,0.0012312586,0.0007686169,0.00057391357,0.00025036122,1516,test
0.98977333,0.0003265864,0.00030757792,0.0025304144,0.0016929989,0.0016634873,0.0022373337,0.0014682302,1517,test
0.00067742943,0.00073216757,0.9876857,0.002100005,0.0031433546,0.0030369144,0.0018036647,0.0008206925,1518,test
0.00085582706,0.0032464452,0.97030556,0.0037419295,0.010281576,0.0073469267,0.0027741638,0.0014475499,1519,test
0.0005679942,0.00054828916,0.988952,0.0019322995,0.0030487815,0.002425265,0.001663442,0.00086194393,1520,test
0.0025356682,0.0012038669,0.0006399695,0.0034599474,0.0010003659,0.0013306594,0.001987167,0.9878423,1521,test
0.98872405,0.0003365156,0.00023965682,0.0030453885,0.0023704078,0.001377917,0.0027281546,0.001177841,1522,test
0.00062932,0.0006459942,0.9867899,0.002347087,0.0033818507,0.0034155857,0.0019532093,0.0008370528,1523,test
0.00055239815,0.0006455664,0.9881557,0.002073261,0.0030864717,0.0027532612,0.0019128559,0.00082035124,1524,test
0.0013917596,0.0012383013,0.0015769447,0.00396486,0.0017264164,0.0019428964,0.0020230555,0.98613584,1525,test
0.00044091747,0.00039085012,0.99177355,0.001392494,0.0022215648,0.0019844985,0.0012555587,0.00054050144,1526,test
0.99004364,0.00028725335,0.00018348676,0.0026066892,0.0019030202,0.0011656261,0.002823429,0.0009868531,1527,test
0.0010201929,0.9731329,0.0019668746,0.0033504553,0.0045279292,0.0067215324,0.005845553,0.003434526,1528,test
0.0029490562,0.0025387362,0.0007845019,0.0035496552,0.0009872785,0.001421976,0.002095704,0.9856732,1529,test
0.00074476574,0.000783517,0.98534876,0.0026422224,0.0038214114,0.0033786693,0.002240199,0.001040479,1530,test
0.00065538916,0.00084983924,0.9864709,0.0025828718,0.0028549284,0.0034621183,0.0021755407,0.0009484313,1531,test
0.9883957,0.0003374452,0.00029819505,0.0029989467,0.0025024302,0.0012553242,0.0029631588,0.0012489618,1532,test
0.00039285244,0.00037530152,0.99209994,0.0012455896,0.002313434,0.0018148195,0.0012286092,0.00052938866,1533,test
0.004455482,0.0040210895,0.9455119,0.012777155,0.010695764,0.012377261,0.0062674046,0.003893909,1534,test
0.0031620734,0.00916263,0.8069788,0.013532626,0.044006962,0.098771796,0.015660327,0.008724719,1535,test
0.00026111343,0.00034180342,0.99346524,0.0010582651,0.0017818977,0.0014806442,0.00068428915,0.00092671864,1536,test
0.00025977805,0.00070631504,7.6156706e-05,0.0013159314,0.00024948377,0.0002942032,0.00072870526,0.99636936,1537,test
0.0005243377,0.0012384412,0.98312163,0.002979132,0.0035971946,0.00398281,0.002096617,0.0024599119,1538,test
0.00027659812,0.0004573869,0.9921314,0.0011175206,0.002062693,0.0019790041,0.0009744289,0.0010009025,1539,test
0.9648859,0.0022859077,0.0005667324,0.009171412,0.006272988,0.0040479815,0.006568846,0.0062001566,1540,test
0.0005514995,0.0015635291,0.97973746,0.0034953891,0.003985524,0.0053040525,0.0024939608,0.0028685415,1541,test
0.0002809148,0.00061595876,0.9912935,0.0013924931,0.0021413674,0.0019623116,0.0010611678,0.0012523136,1542,test
0.00054956146,0.0015517791,0.9804764,0.003168003,0.0042870757,0.0055016084,0.002732069,0.0017334037,1543,test
0.00047932242,0.0009718139,0.9860458,0.002380151,0.0029955169,0.0032047483,0.0018003482,0.0021222725,1544,test
0.00015343771,0.990761,0.00034718716,0.00073450437,0.0015363172,0.0028115807,0.002633731,0.0010222539,1545,test
0.00046154408,0.0011607909,0.984641,0.0025114138,0.0032137467,0.0040887482,0.0019765408,0.0019462946,1546,test
0.00034733707,0.0007296628,0.98996824,0.0014129834,0.0024984502,0.0023675119,0.0011933884,0.0014824343,1547,test
0.000789243,0.0032592174,0.9640129,0.0059885383,0.007177968,0.011488398,0.0042797257,0.0030039637,1548,test
0.0006522018,0.0031556303,0.9691943,0.0050540357,0.0062176343,0.008624628,0.003739571,0.0033620163,1549,test
0.9809559,0.0009618792,0.00035469548,0.0041495124,0.0033989674,0.0028091872,0.004057429,0.0033125104,1550,test
0.0002760226,0.00057595136,0.9912547,0.0014229662,0.0018596362,0.0022379977,0.0012812547,0.0010914928,1551,test
0.0001704424,0.9898886,0.00034852998,0.000777061,0.0018054799,0.002606348,0.002913773,0.0014897921,1552,test
0.9787161,0.0011729996,0.00030923967,0.0047835247,0.0041234135,0.0024205914,0.0048889625,0.0035851689,1553,test
0.00038467676,0.0034806766,0.0007901758,0.00035363578,0.9429087,0.04679147,0.0009993841,0.0042913123,1554,test
0.9734821,0.0014925008,0.0004429919,0.0065557095,0.004602124,0.003329232,0.0056456565,0.0044496353,1555,test
0.00082617434,0.0051055294,0.95300305,0.008841488,0.009840853,0.013108929,0.0048442413,0.004429813,1556,test
0.97401863,0.0015481994,0.00048587806,0.005941775,0.005074434,0.0030684492,0.0052809888,0.0045817024,1557,test
0.0005701325,0.0017403926,0.97880816,0.0035042637,0.0046867128,0.005911193,0.00276447,0.0020147075,1558,test
0.9662094,0.0016919024,0.00058321696,0.009176673,0.006135161,0.0034390066,0.007459604,0.005305025,1559,test
0.99055064,0.00027450267,0.0002245388,0.0024448559,0.001715402,0.0011880493,0.0017836645,0.0018183058,1560,test
0.00044147266,0.0011515827,0.98383594,0.0029302903,0.00357875,0.004061622,0.0019383264,0.0020620932,1561,test
0.00075706554,0.96887577,0.00073799404,0.0020241216,0.0041402923,0.009625118,0.007947577,0.0058921203,1562,test
0.0003567009,0.0008003938,0.98883575,0.0017662887,0.0024482054,0.0027708313,0.0014832416,0.0015385236,1563,test
0.00021286114,0.00035519173,0.99298155,0.00093072717,0.002247801,0.001823573,0.000813025,0.0006354012,1564,test
0.9837595,0.00053743034,0.00039141957,0.0043224823,0.0030507375,0.0020179178,0.003618495,0.002301949,1565,test
0.0015025835,0.88910717,0.0012455073,0.0060606054,0.009708734,0.030426761,0.04025766,0.021690987,1566,test
0.0005808633,0.0019206993,0.9782291,0.0035841335,0.0045932815,0.00568398,0.0027026967,0.0027052446,1567,test
0.9931986,0.00023078466,0.00012695305,0.0016606144,0.0014021895,0.00062396924,0.0015366537,0.0012202433,1568,test
0.00042409962,0.0017907366,0.98077685,0.0028409504,0.0044265124,0.0052377633,0.002158765,0.0023443096,1569,test
0.00062719104,0.0024772473,0.97584116,0.0035884301,0.0046315445,0.0066330144,0.0033978054,0.0028035385,1570,test
0.0006119622,0.0022561438,0.9760532,0.0039517973,0.0050346465,0.006687995,0.0028917554,0.002512578,1571,test
0.97512746,0.0010639345,0.000459433,0.005514177,0.005621803,0.00192174,0.005190693,0.0051007043,1572,test
0.00053870864,0.0014753421,0.98207253,0.0029116916,0.003959449,0.0045264964,0.0021814862,0.002334261,1573,test
0.95261353,0.0030206868,0.00066851376,0.011989656,0.008056087,0.005375608,0.011199414,0.0070764506,1574,test
0.9530508,0.0038306653,0.0004903994,0.012992968,0.007263968,0.0051417644,0.009912437,0.0073170695,1575,test
0.9768986,0.0015060297,0.00034928176,0.0057703867,0.004315823,0.0025225969,0.004555636,0.004081705,1576,test
0.00044043563,0.0011676279,0.9846859,0.0025803763,0.003594983,0.0036755423,0.0018555576,0.001999497,1577,test
0.9788086,0.0010752574,0.00038407076,0.005325721,0.0046091415,0.002011203,0.0040696175,0.0037164812,1578,test
0.98795766,0.00043078527,0.00023594574,0.0027460624,0.0022973537,0.001052983,0.0025749858,0.0027042646,1579,test
0.054388583,0.004652104,0.8435461,0.028940117,0.019438712,0.021053446,0.011991369,0.015989544,1580,test
0.0029884528,0.010012642,0.8938284,0.024561534,0.01891706,0.022724472,0.010664329,0.01630307,1581,test
0.0011583886,0.013109692,0.92842567,0.012001459,0.012808235,0.01839124,0.0067638378,0.0073415134,1582,test
0.0004751875,0.0010912138,0.98488945,0.0026158441,0.0033824046,0.0038839604,0.0018672803,0.0017946666,1583,test
0.0005430055,0.0016259094,0.9779625,0.003744436,0.0051905196,0.0064741317,0.0023862186,0.0020732835,1584,test
0.0005858701,0.0019313783,0.9788473,0.0033863464,0.0044516847,0.0062205195,0.0026934142,0.0018835459,1585,test
0.9455233,0.004004539,0.0009507754,0.012904159,0.009315361,0.007124063,0.011262213,0.008915552,1586,test
0.0004691317,0.0015230702,0.9824453,0.0028151593,0.0036563778,0.004788375,0.0022001353,0.0021024272,1587,test
0.9835755,0.0008686627,0.0003095502,0.003471329,0.0033732161,0.0020039158,0.0033728513,0.003024917,1588,test
0.0004939494,0.001367679,0.9805751,0.0031465434,0.004446988,0.0053463983,0.0023793343,0.0022439067,1589,test
0.00059811503,0.0019752919,0.979258,0.0031758307,0.004480794,0.0057824757,0.002684445,0.00204501,1590,test
0.8838599,0.005499765,0.01597675,0.027284449,0.023545645,0.014419433,0.012435226,0.016978815,1591,test
0.9859233,0.0007519065,0.00022929609,0.0034173883,0.0024971073,0.0014360887,0.0028682002,0.0028767264,1592,test
0.97791415,0.00078931614,0.0006057235,0.00588073,0.003585355,0.0027922972,0.0035024271,0.004930059,1593,test
0.9740447,0.0015073951,0.00083651097,0.005134958,0.0037454388,0.003945688,0.0054309014,0.005354411,1594,test
0.00044144533,0.00094773737,0.9856141,0.002540662,0.0030250123,0.0037276268,0.0020682856,0.0016351931,1595,test
0.9695411,0.0017444275,0.00055371976,0.007862613,0.0060872626,0.0037210067,0.006435093,0.00405479,1596,test
0.0005757937,0.0019232554,0.97783375,0.004173395,0.004738835,0.0055377525,0.0025680936,0.0026491713,1597,test
0.00013151612,0.99333537,0.00023139565,0.0005774598,0.0010626506,0.0018556468,0.0018956861,0.0009101472,1598,test
0.00029415224,0.0004744256,0.9921388,0.0012922182,0.0015872848,0.0017924914,0.0010973855,0.0013232819,1599,test
0.00041881858,0.000992156,0.9871718,0.001890472,0.0026731966,0.0035959855,0.0017421361,0.001515382,1600,test
0.98274946,0.00077960343,0.0002726287,0.0038075526,0.002638617,0.0025708273,0.004043334,0.0031380542,1601,test
0.0003936243,0.0010704442,0.9857422,0.0022246575,0.0031485034,0.004174454,0.0017477379,0.001498415,1602,test
0.95951086,0.0030675763,0.00055698847,0.009041725,0.008346306,0.004323906,0.008473307,0.006679427,1603,test
0.0003736769,0.0010493879,0.98601335,0.0021701057,0.0033141272,0.0038559572,0.0016726982,0.0015506605,1604,test
0.9920946,0.0002227362,0.00018635046,0.0020349654,0.0019019796,0.0006700729,0.0017355542,0.0011536876,1605,test
0.9779183,0.0011134375,0.0004027207,0.0054324833,0.0033205017,0.0034316818,0.0048664757,0.0035143804,1606,test
0.00017157968,0.00021084545,8.4142914e-05,0.0015770344,7.354201e-05,0.0010622429,0.0005465314,0.9962741,1607,test
0.000196986,0.00034657522,5.1048763e-05,0.0011957643,0.00012444373,0.00019369044,0.0005084444,0.99738306,1608,test
0.000492849,0.0012706536,0.98403835,0.0025168492,0.0034206647,0.0041226307,0.002207229,0.0019308629,1609,test
0.00041699724,0.0009303867,0.9856948,0.0024921696,0.0034971284,0.003130565,0.0018158763,0.0020219607,1610,test
0.9650675,0.0027919186,0.00037225845,0.008155499,0.0050860816,0.0046941633,0.0078041153,0.0060285204,1611,test
0.0002582847,0.00040719984,0.99268335,0.0012385917,0.0017976852,0.0016604977,0.0008722493,0.001082175,1612,test
0.9571114,0.0025145875,0.0024118915,0.009348294,0.0071284836,0.005885881,0.0065544844,0.009044903,1613,test
0.0004765004,0.001196954,0.98517704,0.0022381193,0.003093575,0.004057953,0.00202947,0.001730355,1614,test
0.9831457,0.0009874204,0.0003518549,0.0038208445,0.0023926008,0.0021489197,0.0035878182,0.0035648048,1615,test
0.00044381316,0.0011030297,0.9845159,0.0026208663,0.0034507785,0.0040850444,0.0019112695,0.0018693173,1616,test
0.00023682821,0.0005413437,0.99185514,0.0012697845,0.0020178999,0.0019312662,0.0010913367,0.0010564674,1617,test
0.95767725,0.0023249516,0.001004281,0.010316596,0.0076711373,0.004915501,0.0090339305,0.007056396,1618,test
0.00047132597,0.0016028848,0.9792088,0.0029951888,0.005616145,0.0058300314,0.0021519873,0.0021235745,1619,test
2.6822476e-05,0.00012627176,0.000168717,0.0012535449,0.00018765069,0.9977543,0.0003486269,0.00013402123,1620,test
0.0010754132,0.0048226556,0.9484657,0.012210695,0.009767095,0.012309748,0.004304464,0.0070442986,1621,test
0.00054939144,0.0020402365,0.97867125,0.0034957598,0.00411703,0.005384622,0.003080511,0.0026611967,1622,test
0.00030906667,0.00051942625,0.99183524,0.001359271,0.0016664868,0.0021189782,0.0010413432,0.0011502121,1623,test
0.00016364365,0.00018047797,0.99621236,0.0005957975,0.0010743698,0.0007885793,0.0004134189,0.0005713397,1624,test
0.000356138,0.0008291014,0.9880745,0.0019482975,0.0026013048,0.003032614,0.0015837228,0.0015743275,1625,test
0.0003423697,0.0008813035,0.9873403,0.0021255552,0.0027809574,0.0033786232,0.0015890626,0.0015618602,1626,test
4.5602574e-05,0.00016834083,2.5494757e-05,0.00017619034,0.00020076464,0.00042480303,0.99881905,0.0001396962,1627,test
0.00058824976,0.0015472105,0.97925025,0.004049437,0.004646791,0.0048543066,0.002346591,0.0027171848,1628,test
0.00014234186,0.00018551588,1.19738015e-05,0.00014861579,0.00049295113,0.00025784937,0.9986847,7.597425e-05,1629,test
7.855191e-05,0.99199355,0.00035578563,0.0006044953,0.001459157,0.0022336058,0.0025531922,0.0007216445,1630,test
0.0005441003,0.001480564,0.9812856,0.002795414,0.004412337,0.0052513108,0.0025344493,0.0016962491,1631,test
0.00045055288,0.0011688101,0.9854241,0.002314264,0.0031973582,0.0037337474,0.0020264422,0.0016847319,1632,test
0.8885821,0.0069128964,0.006477087,0.030094793,0.018227104,0.0123980725,0.016350662,0.020957224,1633,test
0.00034480853,0.00056580553,0.9911238,0.001395803,0.0018374948,0.0022053502,0.0012380218,0.0012890614,1634,test
0.5617557,0.13809308,0.0014814413,0.056454238,0.04484548,0.07754706,0.04719779,0.07262518,1635,test
0.9849082,0.0008337733,0.0002518017,0.0035923894,0.002695144,0.0019198166,0.0031726346,0.0026262375,1636,test
0.002184647,0.0017582278,0.9671804,0.0063712993,0.0029787573,0.012709927,0.0025594118,0.00425737,1637,test
0.9610278,0.0028696994,0.00057759765,0.009760281,0.006660712,0.0051552574,0.007231021,0.0067176437,1638,test
0.981339,0.0007555354,0.00042554527,0.0047067176,0.0035315782,0.0020289745,0.0037553238,0.0034573416,1639,test
0.9813726,0.00080066704,0.0003752604,0.005034035,0.003398967,0.0022153344,0.0037765147,0.0030265353,1640,test
0.0005069929,0.001022232,0.9828939,0.002960376,0.0038888159,0.0048624487,0.0020441152,0.0018211955,1641,test
0.00045269856,0.00092941633,0.9868313,0.0022696555,0.0029953124,0.0030268393,0.0017131892,0.001781597,1642,test
0.9874222,0.0003853535,0.00024802302,0.003180114,0.0024673503,0.0012611612,0.003442538,0.0015932996,1643,test
0.0010776124,0.003937848,0.95027214,0.009647986,0.009460398,0.014388295,0.0054921056,0.00572365,1644,test
0.00018159763,0.002185677,0.001239028,0.0050195237,0.002075991,0.97789294,0.004305947,0.007099363,1645,test
0.00056122424,0.0015568823,0.98229605,0.0028909182,0.0034013204,0.0045439275,0.0024095834,0.0023401927,1646,test
0.00033705545,0.0009462759,0.9873144,0.0019804582,0.0029892132,0.00342851,0.001546642,0.0014575267,1647,test
0.0003179899,0.000681606,0.99003524,0.001632011,0.0021923129,0.0024637002,0.0013502777,0.0013269053,1648,test
0.98229605,0.0009288562,0.0002599111,0.0039993944,0.0036946062,0.0018005386,0.003832972,0.0031877316,1649,test
0.9697999,0.002031525,0.00040145632,0.008224519,0.0054526594,0.0031744048,0.0062992256,0.0046162745,1650,test
0.9953436,9.431401e-05,0.00020370701,0.001017049,0.00077196996,0.00043865948,0.0010578481,0.00107281,1651,test
0.0005938622,0.0013641992,0.98097044,0.0033495333,0.0045295977,0.0047059394,0.0023293067,0.0021570877,1652,test
0.000615467,0.0018667873,0.9766162,0.00398478,0.0051271413,0.0063698613,0.002925949,0.0024938423,1653,test
0.0006969544,0.0022760427,0.972313,0.005264951,0.0058131344,0.0069480017,0.0032093457,0.003478503,1654,test
0.0007344909,0.004970115,0.95697933,0.007866764,0.0077245375,0.012185298,0.005357573,0.0041819266,1655,test
0.000447889,0.0010809586,0.9834675,0.0028365678,0.0038796365,0.0043959464,0.0021437036,0.0017477688,1656,test
0.00037426045,0.0007624497,0.9885605,0.0022265615,0.0023820184,0.002505828,0.0014529775,0.0017353359,1657,test
0.98632693,0.0008930522,0.00017301581,0.0027567872,0.0025629892,0.0014277057,0.0033631402,0.0024962695,1658,test
0.00018067745,0.00021507646,0.99513125,0.00072154053,0.001388159,0.0013256494,0.0005009917,0.0005367216,1659,test
0.97893596,0.001416057,0.00032601986,0.0049438733,0.0038710742,0.0022520013,0.0042544273,0.0040005846,1660,test
0.000112062604,0.00025929685,5.102611e-05,0.0008133333,9.8467266e-05,0.0001561576,0.00043814158,0.9980715,1661,test
0.0008685347,0.003735423,0.96343035,0.006014879,0.007235881,0.0098439185,0.004508936,0.004362247,1662,test
0.0005086421,0.010272458,0.001989809,0.0017936135,0.35677463,0.5964651,0.004998394,0.027197244,1663,test
0.00021450935,0.00043333837,8.979493e-05,0.00022917236,0.00038810945,0.00022502887,0.99823976,0.00018024161,1664,test
0.00049758115,0.0010302082,0.9907099,0.0018041169,0.0014478767,0.0017893056,0.0018056763,0.0009153149,1665,test
0.0012332598,0.007593025,0.9534888,0.008670486,0.0043429,0.012122609,0.008219384,0.0043294523,1666,test
0.98280126,0.0012120354,0.00055359915,0.0039223577,0.002904213,0.0018402095,0.0038576804,0.0029085297,1667,test
0.9876088,0.00072375237,0.0003235497,0.0031739867,0.0021638642,0.0012325669,0.002895294,0.0018781339,1668,test
0.98751915,0.000849555,0.0003479198,0.002572837,0.002041948,0.0014989268,0.0031037536,0.0020657922,1669,test
0.95076054,0.0048585297,0.0012720688,0.011497135,0.007497402,0.005718385,0.010430765,0.007965157,1670,test
0.0014695739,0.0012375284,0.00091180415,0.00025004338,0.9931253,0.0015445562,0.0011098963,0.0003512314,1671,test
0.000753901,0.002129061,0.9836368,0.003240091,0.0022315737,0.003368961,0.0028962875,0.0017433414,1672,test
0.0002631124,0.99042374,0.0006339781,0.00090064324,0.00142435,0.0024373624,0.0026063612,0.0013103838,1673,test
0.0012338846,0.0070497086,0.9628773,0.007087651,0.00502194,0.0075456365,0.0059276894,0.0032562565,1674,test
0.9882598,0.00073291524,0.0004079095,0.0024880983,0.0022268144,0.0011899017,0.0024152645,0.002279252,1675,test
0.00037041778,0.0007707969,0.9929779,0.0014135502,0.0011661795,0.001222995,0.0011985215,0.0008796398,1676,test
0.0005360035,0.0014957364,0.9886437,0.0020851577,0.001704506,0.0023548983,0.0020469401,0.0011331153,1677,test
0.0008981208,0.004597339,0.97355235,0.0051221354,0.0035836494,0.004997892,0.0046669985,0.002581537,1678,test
0.9748035,0.001978688,0.0008912162,0.005649496,0.004262099,0.0028019599,0.005510138,0.0041029756,1679,test
0.00048822167,0.0012795441,0.9887207,0.0023918964,0.0017600671,0.0020977387,0.00196824,0.0012936414,1680,test
0.98558074,0.00044878188,0.0021359585,0.0032103427,0.002072775,0.0018571261,0.002362846,0.0023314068,1681,test
0.0008613474,0.0015910094,0.9854005,0.0034356893,0.0020516436,0.002579185,0.0025221547,0.0015584261,1682,test
0.0004647858,0.001405809,0.9892436,0.0021588374,0.0017448111,0.0020544073,0.0018641667,0.0010635318,1683,test
0.0010390487,0.004960169,0.97056323,0.00577764,0.0038260955,0.0059020817,0.0049476773,0.002983962,1684,test
0.0016659746,0.010665538,0.94817936,0.009430903,0.0059772753,0.009923978,0.008144854,0.0060121836,1685,test
0.0014171243,0.0010074478,0.00071275904,0.00020804458,0.9939798,0.0013759757,0.0009878771,0.00031102166,1686,test
0.0006110007,0.0021804627,0.9839155,0.0027740756,0.002805107,0.0032841172,0.0030553662,0.0013742974,1687,test
0.0013511046,0.040561255,0.0024402987,0.006451968,0.0069574416,0.008064046,0.9203235,0.013850408,1688,test
0.0005236145,0.0014149225,0.9888389,0.0021198685,0.0018223434,0.002193046,0.0019133552,0.0011739342,1689,test
0.0002879373,0.00055756833,0.9947754,0.00093405857,0.00091042544,0.0010154172,0.00095737755,0.00056180777,1690,test
0.0005153981,0.0014969632,0.9887136,0.0020139762,0.0017564435,0.0024107045,0.0020197204,0.0010732645,1691,test
0.00049593725,0.0017457149,0.0002214365,0.0005041419,0.00085773086,0.000840277,0.9944062,0.00092857744,1692,test
0.00050222425,0.0016399979,0.9871264,0.0023175424,0.0024683292,0.0026743766,0.002257995,0.001013142,1693,test
0.0024861428,0.8457623,0.006699724,0.012609936,0.009680492,0.012466973,0.01686731,0.09342715,1694,test
0.00045534325,0.0011430124,0.9908935,0.0018204527,0.0013804907,0.0016820827,0.0016329974,0.0009920943,1695,test
0.0032939343,0.022170432,0.0071146507,0.01163113,0.014505078,0.89698076,0.018631611,0.025672333,1696,test
0.00092147477,0.003942882,0.97614276,0.004446032,0.0036837677,0.0047851643,0.0039765784,0.0021013147,1697,test
0.00047726787,0.0011746079,0.99003977,0.0018357547,0.0015848349,0.0019834642,0.0017988991,0.0011054316,1698,test
0.00068384,0.0023464274,0.98393583,0.003248659,0.0023964345,0.002883873,0.0027459334,0.0017589558,1699,test
0.97577,0.0019121326,0.00077863,0.0058018668,0.0040236157,0.0030497538,0.0052090865,0.0034548861,1700,test
0.0006519248,0.0019894687,0.9848717,0.003018997,0.002442501,0.0030893723,0.0024523414,0.0014837012,1701,test
0.00056633155,0.0014243007,0.9884688,0.0021247768,0.0018230908,0.0023942671,0.001991212,0.0012071708,1702,test
0.9886883,0.00045544375,0.00046562706,0.0026505503,0.0022206071,0.0010572628,0.0028321154,0.0016301218,1703,test
0.0013789278,0.00623262,0.96098983,0.007704862,0.0051080193,0.008025607,0.0064512016,0.004108974,1704,test
0.9864153,0.000625734,0.00030137794,0.002016954,0.0013987315,0.0017752257,0.00566887,0.0017977676,1705,test
0.008173281,0.07516157,0.030010512,0.03884599,0.025582308,0.28238904,0.029925168,0.50991213,1706,test
0.0011464439,0.00458603,0.9710996,0.005810494,0.0042674076,0.0055280025,0.0044695167,0.003092463,1707,test
0.9862373,0.0007235032,0.00079967536,0.0031083326,0.0015551562,0.0022379272,0.002873714,0.0024642851,1708,test
0.0007687321,0.00278124,0.9824562,0.0030126353,0.0026878342,0.0036577769,0.0032257442,0.0014097395,1709,test
0.00015210154,0.99414825,0.0003908301,0.0005154163,0.00060990173,0.0017202283,0.0017222859,0.000741012,1710,test
0.0016985022,0.13592556,0.7443671,0.023376273,0.029194506,0.029871847,0.0313984,0.0041678143,1711,test
0.0006365278,0.0016564826,0.9858035,0.0028505698,0.0019750546,0.003041045,0.0026486148,0.0013881866,1712,test
0.96135944,0.0039715534,0.0009909095,0.008217266,0.0059563303,0.004958211,0.008728135,0.0058181076,1713,test
0.00056620344,0.0015186307,0.98791444,0.0023986765,0.0020888601,0.0021512683,0.001998225,0.0013636299,1714,test
0.0005539071,0.0012794831,0.9885789,0.0023167299,0.0017418279,0.0022645786,0.0019877593,0.0012767614,1715,test
0.9791126,0.0017389279,0.0005691514,0.0043460475,0.0040329453,0.0021711872,0.0046410174,0.0033881543,1716,test
0.00030900096,0.00058323157,0.9943526,0.0010288482,0.00096889486,0.0010750862,0.0010546724,0.000627708,1717,test
0.9888715,0.00073299423,0.00040397138,0.0023008718,0.0020635978,0.0013457176,0.0024465914,0.0018347509,1718,test
0.0006929454,0.0027101722,0.98174334,0.0037066878,0.0027484493,0.00324034,0.003124343,0.0020338632,1719,test
0.9770646,0.0008888921,0.0021459004,0.005542275,0.0033091912,0.002505954,0.004838622,0.0037045546,1720,test
0.00050355995,0.0023878862,0.98641974,0.0019469071,0.0020288697,0.003246238,0.0025395676,0.00092726905,1721,test
0.98811954,0.000892223,0.00038734468,0.0023823378,0.0019247836,0.001764411,0.0027474635,0.0017820098,1722,test
0.0029296621,0.0046169856,0.0023079193,0.00072478474,0.9814104,0.0041455603,0.0026235837,0.0012411264,1723,test
0.0012951365,0.007210865,0.9589241,0.007979068,0.0053434246,0.008483707,0.007008232,0.0037553837,1724,test
0.98367554,0.0011697822,0.00040630653,0.0036639743,0.002721409,0.0018953022,0.0037378399,0.002729804,1725,test
0.0014046833,0.0009996244,0.00070407795,0.00020625298,0.99403375,0.0013645849,0.0009782596,0.00030875165,1726,test
0.0007386325,0.0025667993,0.9816974,0.0035664884,0.002549043,0.0036068177,0.0032901985,0.0019846382,1727,test
0.0015329412,0.0023479757,0.00063973345,0.0035970344,0.00088045193,0.0006444157,0.0014365248,0.9889209,1728,test
0.0005334053,0.0013472323,0.9888032,0.002137779,0.0015766987,0.0024706693,0.0020481532,0.0010828025,1729,test
0.00083310064,0.0019767033,0.0005401762,0.0028017429,0.0005659462,0.0006082343,0.0012651113,0.991409,1730,test
0.0012389728,0.009187542,0.9522905,0.008939452,0.0060538715,0.010900445,0.007881247,0.003507953,1731,test
0.0006022496,0.0014728588,0.9871394,0.0026061647,0.002309633,0.0021785623,0.002253027,0.0014380864,1732,test
0.00055641704,0.0017913823,0.9873203,0.0022507561,0.0019091055,0.0025897126,0.0023375608,0.0012447449,1733,test
0.9693459,0.002890592,0.001146337,0.0064706337,0.003966096,0.0049163895,0.006057912,0.005206088,1734,test
0.00042834732,0.00089362054,0.9918196,0.0015430148,0.0014906101,0.0015099267,0.0014113566,0.00090351334,1735,test
0.00063980476,0.001462248,0.9872745,0.0025037464,0.0020647105,0.0023735815,0.0023341645,0.0013471874,1736,test
0.870694,0.0086951805,0.024910329,0.025626268,0.018027287,0.015969776,0.017225128,0.018851994,1737,test
0.0007636163,0.0026037237,0.98269653,0.0030658816,0.002782215,0.003484518,0.0029838418,0.0016197538,1738,test
0.9892586,0.0005251032,0.000367388,0.0025752964,0.0019325621,0.0010915217,0.002749394,0.0015001199,1739,test
0.0022204258,0.0142186815,0.9326876,0.013326042,0.007922005,0.014078207,0.0107634,0.0047836467,1740,test
0.00064982334,4.6759335e-05,0.0004787028,0.996748,0.00011039739,0.00090549863,0.0005856176,0.0004752634,1741,test
0.9876864,0.000622366,0.00042139087,0.0025196343,0.0021173027,0.0014204207,0.0031110805,0.0021014048,1742,test
0.0010722795,0.0018873874,0.0006627027,0.0025922053,0.00060528057,0.00062550756,0.0013484098,0.9912062,1743,test
0.0011275244,0.0058406233,0.96396995,0.006839567,0.0050346917,0.007950659,0.0060336525,0.0032032526,1744,test
0.9557208,0.0041400865,0.0011547673,0.009779363,0.00605458,0.0059841247,0.010241772,0.0069245356,1745,test
0.0002025858,0.9922896,0.00049044914,0.00063846074,0.0010014785,0.0021174566,0.0023030317,0.00095688965,1746,test
0.000550507,0.0014484554,0.98865426,0.002076929,0.0017556475,0.0022675085,0.0020361429,0.0012106835,1747,test
0.00047210365,0.0012307371,0.99047685,0.0017628126,0.0014818994,0.0017941522,0.0016551187,0.0011263042,1748,test
0.00526338,0.02989127,0.031319346,0.0053062574,0.86492354,0.042443767,0.012976031,0.007876419,1749,test
0.04785278,0.46371883,0.15946159,0.059578136,0.057106506,0.08565562,0.107472055,0.019154444,1750,test
0.00060430943,0.0017609828,0.9871537,0.0022666596,0.0020027426,0.0027094223,0.0022647548,0.001237442,1751,test
0.0007069636,0.0019295028,0.98435706,0.0031757937,0.0023014664,0.003157252,0.002801077,0.001570753,1752,test
0.0004663167,3.739062e-05,0.00039942,0.997031,0.00010085498,0.0008875175,0.00052772945,0.00054974935,1753,test
0.00031820562,0.0036656447,0.0016460107,0.001966096,0.0009850216,0.9881732,0.0024860303,0.00075974024,1754,test
0.96556985,0.003430813,0.0008881712,0.007633283,0.0054385634,0.004045559,0.007289984,0.0057037086,1755,test
0.00069791893,0.0017682541,0.986087,0.002984346,0.0017353517,0.0024054002,0.0025541647,0.0017675351,1756,test
0.00034127713,0.0035583235,0.0012984043,0.0014480962,0.0007677297,0.9894442,0.0024211588,0.0007208217,1757,test
0.00048179517,0.001514824,0.989136,0.0019586394,0.0017714131,0.0022168222,0.0018115275,0.0011090344,1758,test
0.00058832037,0.002190767,0.98481214,0.0029869739,0.0022234817,0.0028981613,0.0027835486,0.0015166637,1759,test
0.0005766096,0.98171014,0.0022025518,0.002554051,0.0029584297,0.005389839,0.0032499323,0.001358423,1760,test
0.0012808417,0.0047672307,0.9684225,0.006126481,0.0044541843,0.0070163324,0.0052177515,0.0027146612,1761,test
0.00024449723,0.0016584345,0.0008456209,0.0010933514,0.0005844351,0.99373734,0.0014995128,0.0003367502,1762,test
0.9661627,0.0025760233,0.001069136,0.007852056,0.005698373,0.0038180633,0.007280879,0.0055427398,1763,test
0.00040799513,0.0007597532,0.9929223,0.0013781168,0.0010158645,0.0011796918,0.0012810747,0.0010552193,1764,test
0.98865104,0.000642527,0.00038167086,0.002536009,0.002050224,0.0011777645,0.0025914402,0.0019692446,1765,test
0.9857442,0.0009457044,0.0005465719,0.002911547,0.002494658,0.0017049478,0.002996606,0.0026558917,1766,test
0.00090039446,0.0033687952,0.9779774,0.004252171,0.0027256152,0.004754314,0.0041424246,0.0018788843,1767,test
0.00039580834,0.0011040645,0.99086094,0.0017714563,0.0013038595,0.0018876037,0.0017758441,0.0009005313,1768,test
0.00021973485,0.0004098713,0.9959998,0.00071130873,0.00070198067,0.00075179024,0.0007628562,0.00044265683,1769,test
0.000616317,0.0016266867,0.9868547,0.002519887,0.0020757904,0.0027705966,0.0023143624,0.0012216531,1770,test
0.00060660666,0.0022360699,0.98530513,0.0027111762,0.002173637,0.0030741065,0.0025942512,0.0012990724,1771,test
0.00038380007,0.00061342516,0.9934063,0.0014143698,0.0010628917,0.0011229105,0.0011553386,0.00084098976,1772,test
0.9710462,0.0023387128,0.0007712772,0.006159776,0.004670419,0.002998903,0.00717376,0.0048410133,1773,test
0.99183464,0.0003675709,0.00030922866,0.0017414055,0.0015870759,0.0009576274,0.0019081127,0.0012943385,1774,test
0.00017807494,0.9928752,0.0005697908,0.0006533516,0.0010011166,0.0019992425,0.0019181045,0.00080518244,1775,test
0.9880602,0.00061195577,0.00040694347,0.002623686,0.002078238,0.0013485347,0.0029315164,0.0019390383,1776,test
0.0005509348,0.0016157157,0.9871084,0.0023918021,0.0023302634,0.0025381993,0.0022486865,0.001215989,1777,test
0.0005382465,0.0015703586,0.98799163,0.0022097914,0.0019003641,0.002479763,0.0021842245,0.0011257062,1778,test
0.9872858,0.0008864475,0.00029330997,0.0025509854,0.0019747126,0.0018245854,0.003296814,0.0018874295,1779,test
0.002712681,0.05740401,0.020264428,0.013492964,0.056378912,0.81668377,0.017683908,0.0153793655,1780,test
0.013287675,0.024070289,0.012533455,0.0071584317,0.861807,0.023468185,0.014696814,0.042978186,1781,test
0.98717904,0.00085192185,0.00033206012,0.002960475,0.002025494,0.0014527186,0.0033091858,0.0018890298,1782,test
0.0009754418,0.0046964227,0.9708133,0.0057235034,0.004186642,0.0059152874,0.0048875134,0.0028018716,1783,test
0.98705333,0.00080633076,0.00031557068,0.003041385,0.0021940928,0.0014292077,0.0032598937,0.0019001479,1784,test
0.000915594,0.003988335,0.97423583,0.0049083144,0.0034799052,0.005750277,0.0046663126,0.002055412,1785,test
0.9880816,0.0006728023,0.00041302099,0.002566633,0.0022288081,0.0013043144,0.0028124533,0.0019203202,1786,test
0.0011431364,0.0048022163,0.96978855,0.0060361633,0.0044843443,0.0057058902,0.0048549185,0.0031848091,1787,test
0.0008763409,0.0011022991,0.00051823276,0.0028289736,0.00030780316,0.00057432475,0.0008064773,0.99298555,1788,test
0.99081135,0.00047146593,0.00024643668,0.0019371042,0.0013625065,0.0011023538,0.002741036,0.0013277569,1789,test
0.9695935,0.0026939549,0.0006167821,0.007018606,0.0044914708,0.0035741676,0.007490444,0.0045210654,1790,test
0.97935915,0.0013006666,0.0007529832,0.0044216677,0.0037300512,0.0029236462,0.0041918615,0.0033199864,1791,test
0.96642596,0.0014392406,0.001047932,0.009133729,0.0049688905,0.0052216146,0.0063257804,0.0054368665,1792,test
0.00017995478,0.000280745,0.9938636,0.00092473073,0.0014068639,0.0016879998,0.0007804786,0.0008756502,1793,test
0.9558162,0.0021320584,0.0011847891,0.01146162,0.006261566,0.0062429393,0.009083994,0.007816768,1794,test
0.00032368017,0.9797426,0.0010229158,0.0016952311,0.003951826,0.005164924,0.004792196,0.0033067162,1795,test
0.00018534453,0.00027353718,0.99418616,0.0009229922,0.0011059719,0.0017483963,0.0008738077,0.0007037136,1796,test
0.00026650433,0.0004909753,0.99033254,0.0016381859,0.0018140449,0.0027603104,0.00148877,0.0012086086,1797,test
0.969237,0.0012425059,0.0008216031,0.008672977,0.0046789027,0.0041692923,0.0066249254,0.0045527713,1798,test
0.00018563138,0.000285725,0.9938938,0.0010137272,0.0012208051,0.0017766082,0.000862558,0.0007611321,1799,test
0.0012891451,0.0040238523,0.9524608,0.009756099,0.008012523,0.012899557,0.005897146,0.005660847,1800,test
0.00026732095,0.9837698,0.00082762394,0.0012648844,0.0033639115,0.004563337,0.003812702,0.00213029,1801,test
0.00033584127,0.97847867,0.0012227227,0.0018252574,0.0040683113,0.0059010116,0.0047261086,0.0034421545,1802,test
0.96367115,0.0017710895,0.0010991408,0.00893568,0.005630027,0.0057959585,0.008142285,0.004954625,1803,test
0.0003199104,0.00069617614,0.98763216,0.002195117,0.0023497052,0.0037550295,0.0018147699,0.0012371442,1804,test
0.00014860855,0.0002423412,0.9943065,0.0008336706,0.001325101,0.0017150395,0.0008327739,0.00059592456,1805,test
0.9350732,0.0037993004,0.0015164786,0.015572459,0.007494902,0.009924999,0.012025318,0.014593377,1806,test
0.96869296,0.0013018844,0.00097265997,0.00870006,0.004632877,0.0042133555,0.005786553,0.0056997263,1807,test
0.00030928873,0.9787771,0.0010618431,0.0017441715,0.0040659816,0.005643388,0.005206181,0.0031920844,1808,test
0.9682369,0.0015002768,0.0007510289,0.00876214,0.004610967,0.0043622507,0.005980243,0.0057963245,1809,test
0.9653396,0.0014959265,0.0013387798,0.008495564,0.0057239872,0.0047239,0.0058472985,0.0070349365,1810,test
0.30774194,0.0030562903,0.4412414,0.09172671,0.01558361,0.03510002,0.022211744,0.083338276,1811,test
0.00032150964,0.00074986357,0.98800313,0.0019572603,0.0022503366,0.0037212176,0.0017131497,0.0012835598,1812,test
0.0010308375,0.000849312,0.95972997,0.013581406,0.012945128,0.008081767,0.0018559818,0.0019256745,1813,test
0.95925564,0.0018573303,0.0010317032,0.010351481,0.0054215104,0.0075937468,0.007470725,0.0070178057,1814,test
0.9826126,0.00068691873,0.0003457454,0.0046231747,0.002457757,0.002291292,0.0041281604,0.0028543752,1815,test
0.973265,0.0011531455,0.00064456335,0.00748632,0.0039356304,0.0032686277,0.006202191,0.0040446627,1816,test
0.00020855758,0.00036450283,0.99293995,0.001244433,0.001252677,0.001825173,0.0011527668,0.0010118502,1817,test
0.00027559424,0.9836162,0.00083441526,0.0014838646,0.0029801386,0.0038502433,0.004157121,0.0028025946,1818,test
0.00018277441,0.00030579517,7.61278e-05,0.0013241556,0.00018108143,0.00040114252,0.00056184025,0.99696714,1819,test
0.97976625,0.00075256766,0.00078966026,0.004961417,0.0021349292,0.003864938,0.003712487,0.0040176827,1820,test
0.0002911236,0.00055528333,0.98990905,0.0017452989,0.0018807497,0.0029766583,0.0014750009,0.0011668957,1821,test
0.00035255981,0.00071695866,0.9875172,0.0022555436,0.0018904374,0.0035710575,0.0021611783,0.0015351335,1822,test
0.0005494023,0.0017829654,0.97342765,0.005078266,0.004435095,0.00892386,0.0032060219,0.0025967774,1823,test
0.0002569551,0.00068139524,0.98942846,0.0015637504,0.0018378075,0.0033873466,0.0017596448,0.0010845965,1824,test
0.0003082746,0.00066386664,0.98813266,0.002181496,0.002154674,0.0035450598,0.0017187069,0.0012952496,1825,test
0.0002361232,0.00030353016,0.9922741,0.0013053537,0.0017491869,0.002043403,0.0010613286,0.0010269958,1826,test
0.9516364,0.002856073,0.0010326344,0.012900307,0.004880977,0.008398346,0.009431862,0.008863444,1827,test
0.0003196658,0.9795193,0.0011302752,0.0017223194,0.0043652197,0.0052572708,0.004708005,0.002978015,1828,test
0.94999945,0.0025462038,0.0013846097,0.012995409,0.0090387575,0.006010299,0.009675453,0.00834988,1829,test
0.00027868556,0.00044152464,0.9904531,0.0018107387,0.001791922,0.0025982745,0.001426736,0.001198945,1830,test
0.9677299,0.0015467663,0.0008350348,0.0080457255,0.0057189167,0.004566853,0.0060043344,0.005552477,1831,test
0.9783967,0.0008419993,0.0005611425,0.0060362606,0.0031708109,0.0028806783,0.0043093855,0.003802974,1832,test
0.000413632,0.0009276357,0.9838161,0.0030263609,0.003015971,0.0044182893,0.002278072,0.0021040188,1833,test
0.96448165,0.0017361745,0.0011253757,0.009052313,0.0072455495,0.0038719196,0.0059400867,0.0065469355,1834,test
0.00037945592,0.0008095464,0.98601365,0.0025125248,0.0023857583,0.004075128,0.0021725632,0.0016513817,1835,test
0.0003975628,0.0009879468,0.98457724,0.0025602353,0.0029562213,0.004802127,0.0021854395,0.0015332259,1836,test
0.00024294283,0.00047690418,0.9898691,0.0018211887,0.0020011147,0.0030896966,0.0014175157,0.0010815627,1837,test
0.97360253,0.001227239,0.00060634135,0.007080603,0.0039661466,0.0032885086,0.005615164,0.0046133525,1838,test
0.98060834,0.0008560892,0.00044294356,0.00487764,0.0029371209,0.0023805895,0.0050696875,0.002827512,1839,test
0.97024286,0.0012063431,0.000662303,0.009081929,0.0041744267,0.0039891643,0.0060440153,0.004598943,1840,test
0.97079843,0.0012315948,0.00074483076,0.007882342,0.0046180254,0.0044784714,0.005865086,0.0043812324,1841,test
0.00035586863,0.0006120886,0.9883812,0.002041332,0.0021518834,0.0033762136,0.0017771183,0.0013041947,1842,test
0.00052243145,0.001415323,0.97811174,0.0039031543,0.0035647852,0.0062428787,0.0030131266,0.0032265913,1843,test
0.97218937,0.0011355015,0.0008570095,0.0071799313,0.004739699,0.003475985,0.0055296347,0.0048928526,1844,test
0.96976286,0.0012825046,0.0008032968,0.0077696494,0.005377813,0.0038828987,0.005794967,0.005326038,1845,test
0.98444843,0.00049393537,0.000462723,0.004181177,0.002237376,0.002212849,0.0032658705,0.0026976727,1846,test
0.0005599167,0.0014805313,0.97851413,0.0036836932,0.003996751,0.006185201,0.0032419078,0.002337921,1847,test
0.0003419107,0.00070833927,0.98693764,0.002365623,0.0023430884,0.0038122388,0.001896634,0.0015943502,1848,test
8.6384505e-05,7.3453826e-05,3.5790308e-05,0.0010495868,3.8446316e-05,0.00022474148,0.00017470632,0.9983169,1849,test
0.00035618598,0.0012333217,0.98250866,0.0031782908,0.0034543842,0.0051161465,0.0023841113,0.0017689253,1850,test
0.0002260824,0.0003214802,0.99302953,0.0012617094,0.0013371896,0.0018991126,0.0009921122,0.000932739,1851,test
0.9694316,0.0013005668,0.00075603265,0.007912051,0.0042777546,0.004981017,0.007195013,0.0041460115,1852,test
0.00033186216,0.9801543,0.001124461,0.0017046087,0.0038687629,0.005544416,0.004436857,0.00283473,1853,test
0.00037729336,0.0004286327,0.0003352198,8.082685e-05,0.9964133,0.00181044,0.00032961398,0.00022478277,1854,test
0.97017014,0.0012646159,0.0010188567,0.0071850945,0.0048035607,0.0036791663,0.006366518,0.005512049,1855,test
0.0003052484,0.0005971306,0.9883935,0.0020773178,0.0021928225,0.0032132075,0.001703545,0.0015173783,1856,test
0.00026175374,0.00021257061,0.00016753131,0.0012905626,0.00016761952,0.00032126173,0.00041514946,0.9971635,1857,test
0.97837466,0.0007614748,0.0005471767,0.0060492875,0.002954851,0.0032515996,0.004233531,0.0038273602,1858,test
0.00016798922,0.00031736668,0.9937441,0.0010688957,0.0011371224,0.0016874783,0.0009654922,0.0009116247,1859,test
0.00032300813,0.0005618473,0.9888958,0.0019870808,0.0021457893,0.0030493848,0.0015620132,0.0014751204,1860,test
0.00024948604,0.00058644824,0.99020886,0.0017130295,0.0014993601,0.0028130624,0.0015351381,0.0013946362,1861,test
0.00022296028,0.9873218,0.0006318033,0.001029791,0.0022732883,0.0037388601,0.0031453373,0.0016361059,1862,test
0.00026617918,0.9803576,0.00063788146,0.0009224752,0.0031404502,0.007778413,0.004802797,0.0020941764,1863,test
0.00019279055,0.00034207493,0.9929595,0.0011206213,0.0014360123,0.0019965493,0.0010523845,0.0009000668,1864,test
0.005504884,0.0019782968,0.9581836,0.0076346,0.006233375,0.007558687,0.004152909,0.008753684,1865,test
0.0003356521,0.00076122076,0.98617095,0.0022153358,0.0027424821,0.00409671,0.0022547299,0.0014229824,1866,test
0.00010109931,0.000114773764,0.99669075,0.00057286053,0.0007122477,0.00090967945,0.0004792778,0.00041926824,1867,test
0.9745841,0.0011585072,0.00065242767,0.0065326476,0.0039589745,0.0032458557,0.005650549,0.004216918,1868,test
0.0002205705,0.00037956645,0.9918113,0.0014073731,0.0017976859,0.0021501116,0.0012222072,0.0010112002,1869,test
0.95747566,0.002087297,0.0012455906,0.010772521,0.006230389,0.0055932687,0.00815392,0.008441308,1870,test
0.0003484707,0.00074140716,0.98752767,0.002052448,0.002394882,0.0037925793,0.0018392683,0.0013032388,1871,test
0.986101,0.00039749435,0.0004127861,0.0036259315,0.0018526308,0.002007978,0.0031311035,0.0024711615,1872,test
0.9878846,0.00034337564,0.00034704755,0.0032421693,0.0021389045,0.00142026,0.0026560281,0.001967673,1873,test
0.95715284,0.002311,0.0011473446,0.011079659,0.0068275384,0.0054758573,0.007793528,0.00821229,1874,test
0.00012688157,0.00055527384,0.00011997415,0.0011812991,0.00084096787,0.0020993121,0.993866,0.0012101774,1875,test
0.00016652762,0.00022405556,0.995008,0.0007989047,0.0009844563,0.0014367836,0.00074130343,0.00063990953,1876,test
0.00021774825,0.00048506277,0.9917515,0.001371551,0.0014835122,0.002338146,0.0014468998,0.0009056709,1877,test
0.9625234,0.0013184263,0.0013474739,0.009894097,0.005614033,0.005397696,0.0071175224,0.006787376,1878,test
0.00056348596,0.0019784472,0.9727965,0.0050181136,0.0046527847,0.008274622,0.0034113165,0.0033048056,1879,test
0.00051877357,0.0014444651,0.9786048,0.0046347296,0.0035580618,0.005995838,0.0026807594,0.0025626388,1880,test
0.9709154,0.0012616498,0.00061900215,0.007558803,0.0041388148,0.004273179,0.006773781,0.004459326,1881,test
0.00052435277,0.0010248795,0.00063200627,0.00014882967,0.9941955,0.002555712,0.0005255992,0.00039315416,1882,test
0.00018317261,0.00020630505,0.9951574,0.0007403098,0.0008899757,0.0013313584,0.00071403885,0.0007773462,1883,test
0.0009450482,0.0040480774,0.9596912,0.008108523,0.0070133233,0.011557442,0.0042864047,0.004349965,1884,test
0.00032084426,0.00073533866,0.9872578,0.002325768,0.0022776774,0.0036697695,0.001858441,0.0015543858,1885,test
0.9744014,0.0006712081,0.0009283604,0.007207968,0.0027032665,0.004831461,0.00414294,0.0051134015,1886,test
0.0001193372,0.00010710436,0.99691725,0.00050579617,0.00070993236,0.000716822,0.00041556658,0.0005082059,1887,test
0.9650647,0.001405947,0.0011135832,0.009330291,0.0049464917,0.0052158115,0.0063227294,0.006600516,1888,test
0.96124804,0.001681757,0.0010861937,0.010326331,0.0051285066,0.0063126935,0.006953582,0.0072630043,1889,test
0.96655786,0.0015056032,0.00106134,0.007845914,0.0059247394,0.0041214325,0.0064513334,0.006531733,1890,test
0.00020662908,0.00031089122,0.9929311,0.0011254124,0.0015073557,0.002059254,0.0010618272,0.00079745264,1891,test
0.00039575336,0.0009175384,0.98662937,0.0019922163,0.0024209586,0.004090641,0.0019969642,0.0015565297,1892,test
0.9736154,0.0014102214,0.0006263468,0.0061773863,0.0037206777,0.0050634113,0.005255107,0.0041315383,1893,test
0.0009808126,0.931605,0.0019344711,0.004566957,0.017225908,0.015614323,0.010452508,0.017620036,1894,test
0.0006496969,0.004524338,0.9519075,0.008090327,0.008107901,0.013627125,0.007893005,0.0052001216,1895,test
0.0006763941,0.0030421219,0.9647637,0.006251421,0.0060389666,0.010948371,0.0045986637,0.0036804308,1896,test
0.0001852782,0.00029594303,0.99504244,0.0007921281,0.00073362933,0.0014096433,0.00070158124,0.0008392393,1897,test
0.0054852613,0.028155377,0.01444474,0.030301385,0.04350534,0.0429491,0.01833839,0.81682044,1898,test
0.00029349653,0.0006052301,0.9887449,0.0020702628,0.002090128,0.0030215194,0.0018125529,0.0013618093,1899,test
0.00025362914,0.0004174141,0.9909865,0.0015864382,0.0018119516,0.0026271478,0.0013186308,0.0009982109,1900,test
0.00028706682,0.00042650246,0.99117434,0.0015076878,0.0016156731,0.002365435,0.001454725,0.001168522,1901,test
8.7530454e-05,8.770309e-05,3.3824614e-05,0.0006610523,4.3340304e-05,0.00019907451,0.00020442104,0.99868304,1902,test
0.97840506,0.00067049474,0.0007157549,0.005759535,0.0028921375,0.0036490308,0.00458745,0.003320686,1903,test
0.00033396747,0.0007193929,0.989096,0.0018890427,0.0017849049,0.0029232337,0.0018740882,0.0013795038,1904,test
0.9620378,0.0021538544,0.0010976505,0.009566946,0.004973062,0.0068777413,0.006967772,0.00632525,1905,test
0.9772588,0.0009060903,0.0005431341,0.0062373006,0.0030320352,0.0030950452,0.004992723,0.0039348127,1906,test
0.00042109765,0.0013847383,0.9797363,0.0036138508,0.0035034195,0.006513364,0.002458771,0.002368461,1907,test
0.00024271267,0.0003081653,0.9927006,0.0013658846,0.0015288438,0.001793958,0.0010433648,0.0010164632,1908,test
0.00011260198,0.00017906475,0.9960393,0.00060455047,0.00089618826,0.0010194991,0.00060003775,0.000548869,1909,test
0.00027959867,0.0004085034,0.9911334,0.0015160079,0.0014777366,0.0025270176,0.0013855221,0.0012722174,1910,test
0.96722823,0.0014331567,0.0008899305,0.008602484,0.0055378797,0.0046250955,0.0061153555,0.0055677895,1911,test
0.00044339857,0.00097630615,0.98305744,0.003740389,0.002891585,0.0046051317,0.002406974,0.0018788587,1912,test
0.000609191,0.0017188389,0.9722659,0.0051102126,0.0044571236,0.009582169,0.0037103454,0.0025462506,1913,test
0.00024763652,0.0004996116,0.9910748,0.0014676624,0.0014720416,0.002667762,0.0015376094,0.0010327201,1914,test
0.9721726,0.0011168143,0.0008011457,0.0077949893,0.003991984,0.004354603,0.0051182425,0.0046495274,1915,test
0.0004934556,0.0005271501,0.0004141,0.00011903173,0.9950806,0.0026023837,0.0003249155,0.0004383,1916,test
0.97741777,0.0008215637,0.0005694597,0.0061373548,0.0030829757,0.0029285962,0.0048247473,0.0042175567,1917,test
8.708675e-06,5.2677737e-05,0.000117658186,0.0013013524,0.00011787517,0.99817896,0.00017453947,4.8279595e-05,1918,test
0.00037778358,0.0008841604,0.98544496,0.0026504393,0.0024791074,0.0040252837,0.002335543,0.0018027695,1919,test
0.9884276,0.0005062416,0.00030591703,0.0025050025,0.002299648,0.001249595,0.00317407,0.0015318674,1920,test
0.00010541764,0.0011055194,0.0009088678,0.0008441812,0.00045021,0.9949837,0.0012459316,0.00035618784,1921,test
0.000104843006,0.99473554,0.00028260672,0.00041472912,0.0007585218,0.0014494623,0.0017634506,0.00049086113,1922,test
0.0003295361,0.004582673,0.9742751,0.003667579,0.0054461216,0.006171574,0.0044403323,0.0010870954,1923,test
0.00016853865,0.98508203,0.0012503362,0.0011432628,0.003822447,0.0031335263,0.0039202673,0.0014795096,1924,test
0.95448667,0.0033487484,0.0014983595,0.010033463,0.008264562,0.005146342,0.011117784,0.0061040903,1925,test
0.00022965771,0.0028577957,0.98336005,0.0020004339,0.0049605477,0.0034026657,0.0023876342,0.00080128375,1926,test
0.00024192805,0.0018971602,0.98630434,0.0020246299,0.0034919318,0.0027926834,0.0025620775,0.0006852138,1927,test
0.00030036314,0.0030690571,0.9793658,0.0025964782,0.0053426623,0.0045510437,0.0039072046,0.0008673717,1928,test
0.017822564,0.001828077,0.9360454,0.01691322,0.00878436,0.0062727192,0.0068337056,0.0054999045,1929,test
0.00021477688,0.001580311,0.98754185,0.0016266213,0.0029847098,0.0030016988,0.0024164869,0.0006335475,1930,test
0.00020119558,0.0017849803,0.9877101,0.0015558159,0.0030514721,0.0026590752,0.0024228755,0.0006145047,1931,test
0.00010345111,0.00049664185,0.9954378,0.00059436244,0.0012008959,0.0009692916,0.00093180226,0.00026582344,1932,test
0.0001384163,0.0007805742,0.9931416,0.0008678106,0.0018106073,0.0014562387,0.0014348389,0.00036989985,1933,test
0.97813874,0.0007990903,0.00053434126,0.005112515,0.0043895096,0.0018407335,0.007472937,0.0017121212,1934,test
0.00012373677,0.9938018,0.00029952594,0.00051685184,0.000905439,0.0014829288,0.002152803,0.0007170414,1935,test
0.96881235,0.0034631114,0.00075348164,0.006818988,0.0050462517,0.0037991316,0.0077858884,0.0035208527,1936,test
0.9737916,0.0011692126,0.0014024884,0.006932034,0.0046929233,0.0020082507,0.0060917633,0.00391173,1937,test
0.00016953947,0.0010223534,0.99095905,0.0013556381,0.002457005,0.0019581916,0.001545185,0.0005330842,1938,test
0.00010423321,0.00049306074,0.9949399,0.00060470006,0.0015972345,0.0010346108,0.0009427203,0.00028348627,1939,test
0.027338536,0.0076882117,0.88278586,0.026412696,0.020492345,0.013968318,0.014200478,0.0071135946,1940,test
0.9525538,0.004135819,0.0009968559,0.0109375045,0.010707252,0.0050649126,0.010173872,0.005429952,1941,test
0.00015466321,0.0009019134,0.9907116,0.0010894684,0.002946741,0.0021731323,0.0016061731,0.00041629243,1942,test
0.00021767456,0.0016113942,0.98762125,0.0015812069,0.0031895917,0.00274621,0.002431024,0.00060168165,1943,test
0.9867251,0.0007115526,0.00039091473,0.0027356031,0.0031689897,0.0014528428,0.0031583107,0.0016566206,1944,test
0.9807967,0.0011219293,0.0004307707,0.004705528,0.0027396027,0.0024828948,0.0052699386,0.0024526839,1945,test
0.00016337175,0.00091567717,0.9915672,0.0011528148,0.0023604706,0.0017049364,0.0016518146,0.00048366596,1946,test
0.9189868,0.0072385627,0.003358354,0.020127872,0.0143843535,0.0101010725,0.014924937,0.010877997,1947,test
0.00014762927,0.9933467,0.00025898626,0.0005427164,0.0008705286,0.0015172323,0.0025457283,0.00077051454,1948,test
0.010364205,0.1569552,0.10989801,0.07980805,0.06558631,0.24974252,0.049090162,0.27855548,1949,test
0.00014922065,0.00077397417,0.9926541,0.00097057695,0.001910957,0.0015320787,0.0016375222,0.00037159066,1950,test
0.0019135479,0.006409265,0.0017405639,0.007308806,0.0019506743,0.0061860424,0.0042058066,0.97028524,1951,test
0.00035498833,0.0037986443,0.9769031,0.0029123619,0.0059598736,0.005010984,0.004122754,0.0009373838,1952,test
0.00012764975,0.9942133,0.00027307417,0.00050897815,0.000847441,0.0013469323,0.0020034858,0.0006790175,1953,test
0.9596159,0.0032548232,0.0011489727,0.009112013,0.008293077,0.0052395617,0.008690992,0.0046447073,1954,test
0.00022299364,0.0018133216,0.9869875,0.0014283288,0.0038003374,0.0027611142,0.0023295823,0.0006567804,1955,test
0.00023198528,0.0048577716,0.0038575176,0.0024097876,0.004238875,0.97947377,0.0030065463,0.0019237373,1956,test
0.97630477,0.0013499004,0.0006069022,0.005259772,0.004471529,0.00229924,0.006805142,0.0029027145,1957,test
0.96514964,0.002349546,0.0008264421,0.008200623,0.006378924,0.0037343714,0.00898622,0.004374195,1958,test
0.00013103915,0.0006861225,0.9927995,0.00086171675,0.0022812416,0.0016220529,0.0012883601,0.00033001255,1959,test
0.96400106,0.002259372,0.0010368456,0.007906847,0.0073297718,0.0036743188,0.009407776,0.0043839067,1960,test
0.0001509175,0.0011690108,0.99060166,0.0011739477,0.0026273034,0.001957466,0.001889257,0.0004303334,1961,test
0.9804498,0.0011153258,0.00041523445,0.0043225735,0.004029383,0.0018507767,0.0054593384,0.0023575088,1962,test
0.9823251,0.0011993496,0.00040832505,0.0038732802,0.0033168017,0.001996449,0.0045361896,0.0023445287,1963,test
0.0014135765,0.0024851803,0.0036049874,0.015279976,0.0020099834,0.003208222,0.0026064184,0.9693916,1964,test
0.00020050243,0.0013427178,0.9891479,0.0014434702,0.0029953942,0.0023485583,0.0019756947,0.00054582005,1965,test
0.00016266866,0.00092581916,0.9919167,0.0010152094,0.0021858118,0.0017508036,0.001614086,0.00042895836,1966,test
0.00018237764,0.0016972793,0.98791724,0.0015675158,0.00262504,0.0028901154,0.002565866,0.0005546509,1967,test
0.9718945,0.0016786145,0.0004848073,0.007340359,0.0041433144,0.002879127,0.008155507,0.003423771,1968,test
0.95068514,0.003440286,0.0011448459,0.008944664,0.007958808,0.0072358283,0.014641331,0.0059490334,1969,test
0.00017350727,0.0011593807,0.99055415,0.0011241015,0.002517839,0.0019873802,0.0019979395,0.00048564703,1970,test
0.0003482833,0.0045042485,0.97326016,0.0032839368,0.0071004303,0.0055771903,0.0047912896,0.0011344871,1971,test
0.9717694,0.0017886839,0.001073326,0.0072340043,0.0054824916,0.0028949308,0.0061974903,0.003559622,1972,test
0.9717837,0.0019219648,0.00083420327,0.0064076185,0.004609297,0.0034897989,0.007815992,0.00313743,1973,test
0.0006835808,0.003994847,0.9717668,0.0052326783,0.0054910844,0.0064135264,0.004837284,0.0015801305,1974,test
0.00033526093,0.004559916,0.97493863,0.0034845534,0.006031116,0.0053658662,0.004012418,0.0012721407,1975,test
0.00020824524,0.0011898209,0.9895796,0.0014414997,0.0028202718,0.0020538303,0.0021385287,0.0005681916,1976,test
0.9538375,0.0034970804,0.00091961026,0.010216118,0.0047931164,0.0042755855,0.01703965,0.0054213633,1977,test
0.98093927,0.0012368433,0.00043722522,0.0043080826,0.0034508796,0.0021013245,0.0052312985,0.0022950096,1978,test
0.000115880204,0.00057373586,0.99465877,0.0006535239,0.0015883637,0.0010605261,0.0009925555,0.00035663098,1979,test
0.00013866604,0.0006289186,0.9941083,0.00080182875,0.0016731137,0.0011406814,0.001154062,0.00035449193,1980,test
0.000105289044,0.00044679892,0.9958134,0.0005159107,0.001086535,0.00089860184,0.0008609327,0.00027251933,1981,test
0.00017256553,0.0011400719,0.9907782,0.0010669457,0.0025143514,0.0020637107,0.0017948743,0.00046926676,1982,test
0.00042625936,0.0071428083,0.964712,0.004501091,0.007342547,0.008357043,0.0060258135,0.0014925109,1983,test
0.00015413742,0.0008931018,0.99224454,0.0009504816,0.0019329156,0.0016510249,0.0017229845,0.00045084945,1984,test
0.0003642026,0.011908309,0.94495136,0.005802182,0.015664818,0.011778999,0.008051415,0.0014787369,1985,test
0.0014476584,0.0032962698,0.0009840153,0.0033868912,0.001176732,0.0010862306,0.0020853449,0.98653686,1986,test
0.98310983,0.0009327272,0.00030286302,0.0043031313,0.0036980144,0.0013927056,0.004671602,0.0015891399,1987,test
0.00019030902,0.0010314056,0.9901901,0.0012350131,0.0026893688,0.0022123917,0.0019415612,0.0005099529,1988,test
0.9838271,0.00083582243,0.00044481942,0.0032564793,0.0036712866,0.0015867492,0.004186033,0.0021916472,1989,test
0.00022812076,0.0013005314,0.98912466,0.0013350585,0.003004502,0.0023197338,0.0020892143,0.0005982561,1990,test
0.00020558377,8.893907e-05,0.00012974281,1.5168578e-05,0.999091,0.00027024507,0.00016342198,3.594913e-05,1991,test
0.0071623176,0.032266993,0.005368471,0.027224557,0.0204777,0.013866426,0.022690352,0.8709432,1992,test
0.9734948,0.0015681515,0.0010490307,0.0064621945,0.004417917,0.0027817604,0.0067475983,0.0034785024,1993,test
0.00044630168,0.005785772,0.001295955,0.0002845998,0.9291597,0.05650385,0.0021459798,0.0043779043,1994,test
0.96740913,0.0015905653,0.0016299206,0.008438141,0.0062781745,0.0033203226,0.007836401,0.0034973538,1995,test
0.0002539013,0.0043714345,0.9774728,0.0027263737,0.005749333,0.0045607355,0.003667871,0.0011976555,1996,test
0.9525688,0.0041135508,0.0010706256,0.011076494,0.00991711,0.004445182,0.011666037,0.0051421258,1997,test
0.9807655,0.001180644,0.0004852278,0.004250637,0.0030312354,0.0026514404,0.00500808,0.002627142,1998,test
0.00024858784,0.0023756053,0.984855,0.0020043608,0.0037150565,0.0032875868,0.0027708255,0.00074290537,1999,test
0.00012637298,0.00069695275,0.9932259,0.0010476223,0.0018418047,0.0012556701,0.0014059143,0.0003998116,2000,test
0.010997162,0.004205273,0.92109245,0.019133987,0.00903068,0.012462516,0.020366274,0.002711736,2001,test
0.00023843502,0.96390516,0.0015696139,0.0026276764,0.0074200686,0.0044512707,0.013118401,0.0066693933,2002,test
0.00012626723,0.00062128954,0.99410456,0.0006807479,0.0017246723,0.0012940156,0.0011467728,0.0003016209,2003,test
0.9842464,0.0009620833,0.0003366565,0.0032077979,0.0033314303,0.0016146326,0.0044124704,0.0018886519,2004,test
0.00013174141,0.00065801956,0.9941766,0.00068189803,0.0016609842,0.0012477434,0.0011083471,0.00033460057,2005,test
0.9737592,0.0017370352,0.0009963939,0.00561407,0.0051953755,0.0027241793,0.006080457,0.0038932853,2006,test
0.000120411496,0.000696329,0.9940988,0.0006792256,0.0017753831,0.0012022471,0.0010744198,0.00035332097,2007,test
0.98233896,0.0010761353,0.00039052125,0.004330264,0.002959502,0.0018656474,0.0050349114,0.0020041089,2008,test
0.0003891471,0.0011961904,0.9848283,0.0027345035,0.0026205394,0.0034755827,0.0031671885,0.0015885276,0,validation
0.97616065,0.0012593153,0.0005641376,0.006006906,0.0033769342,0.0034922415,0.0051338966,0.004005836,1,validation
0.97836816,0.0010054837,0.00055399,0.0052811806,0.0042022085,0.0022988955,0.004939373,0.003350612,2,validation
0.9769025,0.001228553,0.0005183104,0.0057328856,0.0034313784,0.0029874004,0.0054372214,0.0037616887,3,validation
0.00045460733,0.0016510718,0.98161536,0.0030050247,0.0027647836,0.0049593244,0.003488364,0.0020613917,4,validation
0.00037446874,0.0012437626,0.98656136,0.0022861068,0.0020551186,0.003632336,0.0022955863,0.0015512863,5,validation
0.00019376028,0.00035164374,0.99433255,0.0009163396,0.0010986797,0.0013755066,0.0010546576,0.0006766988,6,validation
0.9755175,0.0013514024,0.00074620283,0.00549467,0.0042061587,0.003291723,0.0045264396,0.0048659556,7,validation
0.9654977,0.0021670642,0.00063398975,0.007966043,0.0050790333,0.0052056857,0.008032678,0.005417746,8,validation
0.9788447,0.0011689735,0.00045672894,0.0049697054,0.003200885,0.0029536383,0.005154058,0.0032513086,9,validation
0.00026822943,0.0006501484,0.9907233,0.0018053512,0.0016689431,0.0020661673,0.0016641084,0.0011537859,10,validation
0.0010701234,0.0035489195,0.0013288246,0.0005130502,0.97783446,0.011605539,0.0017451176,0.0023539942,11,validation
0.00031270462,0.0010150125,0.9867928,0.0027475671,0.0018306156,0.0032129944,0.0022925432,0.001795697,12,validation
0.00012306107,0.00018276162,0.9968746,0.00051172735,0.0005415567,0.0007917074,0.0005601465,0.00041438156,13,validation
0.0005905474,0.0032493249,0.9726529,0.0048192237,0.0035500734,0.0075711026,0.004728527,0.0028382742,14,validation
0.00035501688,0.0010540598,0.9874069,0.0023244305,0.0019201305,0.0028144636,0.002394477,0.0017303914,15,validation
1.3251175e-05,0.00010087132,0.00013727514,0.0003658304,0.00010371613,0.99894005,0.00028451398,5.4477736e-05,16,validation
0.9933107,0.00021635399,0.00019169875,0.0015202231,0.0010291875,0.0008892518,0.001625891,0.0012166623,17,validation
0.0007171308,0.0047539803,0.96448743,0.00632175,0.0052422713,0.009390288,0.005409327,0.0036777228,18,validation
0.00016343452,0.00027818707,0.9956398,0.00072229566,0.000787747,0.0010318315,0.0007921926,0.0005845238,19,validation
0.00014493275,6.601043e-05,6.501859e-05,0.00052445906,2.7504937e-05,0.00016790861,0.00023803732,0.99876606,20,validation
0.0003890436,0.001399639,0.98503023,0.0026874708,0.0021939906,0.00365227,0.0028340854,0.0018134158,21,validation
0.00043311357,0.001438462,0.9840703,0.0029869834,0.002414775,0.0041799597,0.002778827,0.0016974725,22,validation
0.019942323,0.004801965,0.918785,0.012587745,0.010797989,0.014629253,0.007134469,0.011321323,23,validation
0.00038288007,0.0014167232,0.98574835,0.002435034,0.0020252499,0.0036837356,0.0026038676,0.0017041472,24,validation
0.0006436072,0.003439658,0.9704718,0.0052067842,0.003899173,0.00797341,0.004824558,0.0035409576,25,validation
0.000109311746,0.00017282828,0.9967796,0.00050733105,0.00064566545,0.00079274934,0.000546368,0.00044612572,26,validation
0.002319433,0.0022559536,0.9656415,0.0067057214,0.0041132444,0.009054313,0.0049049137,0.005004952,27,validation
0.00039777975,0.0009775714,0.9869647,0.0025654943,0.0021048451,0.0028486685,0.0022241338,0.0019167553,28,validation
0.95560825,0.002943969,0.0010621904,0.010244711,0.007221324,0.0061361087,0.009450706,0.0073327525,29,validation
0.010751108,0.0019010603,0.9511519,0.009246121,0.0040997304,0.009645247,0.007840622,0.005364182,30,validation
0.00019335671,0.00043748322,0.9939056,0.0010810025,0.001043952,0.0014590111,0.001063323,0.00081633654,31,validation
0.00010357345,0.00016866004,0.99741745,0.00042353585,0.00046729605,0.0006239816,0.00047546878,0.00032000162,32,validation
4.398347e-05,1.9332413e-06,5.3131404e-05,0.9995123,8.3960485e-06,0.00025708784,8.968965e-05,3.3486074e-05,33,validation
0.10153633,0.570269,0.0076759164,0.063852966,0.0672549,0.08549575,0.054351497,0.049563702,34,validation
0.00034548668,0.0008050629,0.98803514,0.0028153535,0.0015367174,0.00286608,0.0021237838,0.001472483,35,validation
0.00050457765,0.001978339,0.97879285,0.0043050623,0.0031773022,0.005534049,0.0032097113,0.0024981112,36,validation
0.9690384,0.0018945637,0.0005563939,0.007466466,0.004870236,0.0034592303,0.007723769,0.004990933,37,validation
0.9620943,0.0025040826,0.00074810773,0.009840375,0.004397785,0.005682856,0.008524872,0.006207581,38,validation
0.9753235,0.0006521699,0.0020572457,0.0074782455,0.0027025857,0.0021703783,0.005247817,0.004368019,39,validation
0.0005401897,0.00086855737,0.00044081078,0.00015925927,0.9951385,0.0018696948,0.0006567745,0.00032611072,40,validation
0.949446,0.0036791256,0.0011334142,0.011748458,0.007949696,0.006677613,0.010501774,0.008863881,41,validation
0.9799636,0.0010940956,0.0008942049,0.0040120725,0.0033253066,0.00310549,0.0039815884,0.003623703,42,validation
0.0002323026,0.000833398,0.9905161,0.001477051,0.0014132693,0.0027060201,0.0018013882,0.0010203777,43,validation
0.00022676181,0.00041065016,0.0001136103,0.0012986137,0.00014144818,0.00043852295,0.000479505,0.99689084,44,validation
0.0005641921,0.0022473203,0.9758676,0.0046394635,0.0031880091,0.006138839,0.0039504343,0.003404143,45,validation
0.00013813637,0.0002345769,0.9962125,0.0006997919,0.00064354815,0.0008050688,0.0007151889,0.0005513275,46,validation
0.00022027502,0.00062505517,0.00010712244,0.0014355123,0.00020623163,0.0003118647,0.0006707776,0.99642307,47,validation
0.00030271092,0.00082343095,0.98946476,0.0019734327,0.0015583946,0.002759893,0.0019253509,0.0011920087,48,validation
0.00040595233,0.0014751566,0.98378396,0.0031475108,0.0024901594,0.0033262337,0.0025761572,0.0027947153,49,validation
0.0010393145,0.0055610607,0.95523936,0.008474044,0.0059439703,0.0118025625,0.0069376933,0.005001985,50,validation
0.0001149987,0.9921482,0.00032949832,0.0005615715,0.0012250418,0.002150205,0.0024374137,0.0010331251,51,validation
0.0005024236,0.0016884328,0.9807686,0.0035925435,0.0031011673,0.0048563997,0.0029476671,0.002542763,52,validation
0.0009072728,0.00769497,0.94640356,0.009673982,0.007173704,0.014090321,0.008102271,0.005953863,53,validation
0.97937745,0.0008014857,0.0006156974,0.00513231,0.0031762363,0.0027718819,0.0045509525,0.0035739182,54,validation
0.0003488027,0.0011446201,0.9866128,0.0025138056,0.0020314269,0.00355413,0.0024666777,0.0013276787,55,validation
0.95627636,0.0024862853,0.0010556136,0.010447218,0.0065144626,0.0057120873,0.008543177,0.008964799,56,validation
2.9113737e-05,0.000103084545,4.9796163e-05,8.564326e-05,0.0001894112,8.6573826e-05,0.99942243,3.3980064e-05,57,validation
0.00030299972,0.00039000256,0.9920574,0.0016663079,0.0011942047,0.0019115878,0.0012874934,0.0011899483,58,validation
0.00037369985,0.00072708115,0.98896605,0.0023041805,0.0018533752,0.0024273854,0.0019064827,0.0014418327,59,validation
0.00045703482,0.00205773,0.98032033,0.0032578872,0.0034217453,0.0052270484,0.0025296262,0.002728523,60,validation
0.00036839073,0.0004632226,0.00017982077,0.0015078366,0.00025972046,0.00034719455,0.0005847036,0.996289,61,validation
0.9793377,0.00093782326,0.00073877664,0.0050000236,0.003964614,0.0021588034,0.004084231,0.0037780332,62,validation
0.00015773036,0.00029839418,0.9952893,0.0008278213,0.0008811129,0.0011890011,0.0008718606,0.0004847954,63,validation
0.000567385,0.0026110052,0.97293764,0.005105815,0.004486097,0.0069836145,0.004194743,0.0031137133,64,validation
0.0003814939,0.0010749017,0.98580325,0.0027782107,0.0020971063,0.003487935,0.0025620928,0.0018150224,65,validation
0.00055095856,0.002237243,0.9761431,0.0046075927,0.0037771738,0.0057417606,0.003699908,0.0032422733,66,validation
0.97690207,0.0011248497,0.0008598082,0.0052487846,0.0040019266,0.0029105723,0.004591849,0.0043601934,67,validation
0.00016660095,0.9886797,0.00047606978,0.00081186806,0.0017511699,0.0031276837,0.0033411565,0.0016458181,68,validation
0.96791595,0.0016736148,0.00078238995,0.008158761,0.0046565933,0.0041086907,0.007517074,0.0051868944,69,validation
0.00036561687,0.0005846242,0.9893555,0.0024143755,0.0016210888,0.0024657003,0.0020138111,0.0011792526,70,validation
0.0004982394,0.0015041638,0.97900784,0.004940722,0.0028188284,0.004922307,0.003000763,0.003307211,71,validation
0.00022021793,0.98736215,0.0005638232,0.0010861827,0.0020704349,0.0031795946,0.0035343925,0.0019831434,72,validation
0.00020078014,0.00047412975,0.9939765,0.0010741258,0.00094134675,0.0013506055,0.0011260951,0.0008563274,73,validation
0.00044723068,0.0015961587,0.98278415,0.0031666681,0.0022876982,0.0043713525,0.003365376,0.0019813848,74,validation
0.00041676,0.0013813317,0.9844119,0.0026682983,0.0026002468,0.0039915647,0.002584501,0.0019453712,75,validation
0.00051767385,0.0011241551,0.9835625,0.003079021,0.003567558,0.0036206353,0.002040474,0.0024880012,76,validation
0.9333743,0.005793996,0.0011244462,0.014942677,0.008357187,0.009554771,0.014766405,0.012086331,77,validation
0.00074615993,0.0045280117,0.9628597,0.007219905,0.0049833925,0.009448637,0.005488179,0.004726033,78,validation
0.00021765227,0.0005393669,0.9928034,0.0013120098,0.0012319245,0.0016430821,0.0013248252,0.0009277308,79,validation
0.98222405,0.0009098488,0.0004668047,0.004357489,0.0029408203,0.0019817906,0.0043893624,0.0027297183,80,validation
0.96434206,0.0016050402,0.0008953548,0.008985172,0.0061386283,0.0037365414,0.00796834,0.0063289246,81,validation
0.0003860037,0.0009890368,0.9864422,0.0024502706,0.0022110222,0.0035687303,0.0023917728,0.0015610224,82,validation
1.7555929e-05,0.00014552218,0.00014328328,0.00037629527,0.00013135656,0.9987526,0.00037576558,5.7658228e-05,83,validation
0.97132707,0.0014754845,0.0008449871,0.0069595594,0.005688312,0.0032646167,0.0058335755,0.004606279,84,validation
0.00013470011,0.00020965579,0.9963576,0.0006420875,0.0006333684,0.0008653888,0.00064298185,0.00051423,85,validation
0.0002531499,0.00046488113,0.99293035,0.0012879677,0.0010684406,0.0017284764,0.0014155362,0.0008511888,86,validation
0.9575003,0.0026699633,0.0008009194,0.010207877,0.007115578,0.0057930835,0.009536903,0.006375419,87,validation
0.0005807779,0.002874687,0.97292465,0.004664205,0.0041906047,0.0069106314,0.00464217,0.0032122498,88,validation
0.00027368547,0.0007454571,0.99102193,0.0015756362,0.0014122229,0.002273817,0.0015859555,0.0011112903,89,validation
0.0002543731,0.00071532786,0.9912363,0.0014548083,0.0015559471,0.0019876377,0.0014691928,0.0013265016,90,validation
0.0005569448,0.0018920113,0.9766679,0.004955352,0.00381817,0.005986842,0.004012509,0.002110361,91,validation
0.00011621852,0.00020911435,0.99659663,0.0005054731,0.0005802902,0.00082773564,0.0006233334,0.00054112315,92,validation
0.98160905,0.0006865903,0.0005185187,0.004913089,0.0032549545,0.0017801673,0.004311353,0.002926312,93,validation
0.9797534,0.0009930623,0.00044976035,0.0048706788,0.0029085062,0.0027732237,0.004733681,0.0035177714,94,validation
0.00031367037,0.0005569939,0.9916876,0.0015694174,0.0011992527,0.0018743452,0.0015454113,0.0012532788,95,validation
0.0003375337,0.00038353654,0.00024386121,7.885442e-05,0.99744487,0.0010176018,0.00035281858,0.00014091952,96,validation
0.00028045705,0.0007617791,0.9905099,0.001872141,0.0014496145,0.0021515149,0.0016387441,0.0013358583,97,validation
0.1392386,0.046550255,0.4253401,0.082569905,0.07811301,0.09691761,0.06797762,0.06329296,98,validation
0.9627493,0.0020125976,0.0010631346,0.009875395,0.006602764,0.0041196854,0.007988375,0.0055887797,99,validation
0.0004005044,0.0014874442,0.9827408,0.0030997833,0.0028268944,0.00446875,0.0029737225,0.0020020637,100,validation
0.94295883,0.0040491377,0.0014366651,0.013596092,0.007837996,0.007932627,0.011211943,0.010976729,101,validation
0.96902835,0.0013784358,0.00065457204,0.008735443,0.0053324345,0.0030126313,0.008038604,0.003819602,102,validation
0.0008057539,0.0059907446,0.9524473,0.009100471,0.0065195705,0.0135223605,0.0080367485,0.0035770715,103,validation
0.9722654,0.0012904442,0.001054804,0.0068024565,0.005639238,0.003194072,0.004904368,0.004849168,104,validation
0.000783939,0.0034346045,0.0018929719,0.00036794005,0.97796464,0.012578601,0.0012167686,0.0017605863,105,validation
0.9905449,0.0003854503,0.00022881984,0.0020888003,0.001498405,0.0012967058,0.0021703944,0.0017864307,106,validation
0.00043975728,0.0014423431,0.983188,0.003149412,0.0024426477,0.0042447294,0.0028979022,0.0021952633,107,validation
1.7260327e-05,2.740719e-05,5.3577605e-06,1.9220319e-05,3.868319e-05,4.8678052e-05,0.9998229,2.0582082e-05,108,validation
0.00026609225,0.0006696452,0.99124193,0.0015434328,0.0013499549,0.0022449172,0.0015598707,0.0011241134,109,validation
0.0002808007,0.0008171296,0.98909235,0.0021260146,0.0016835467,0.0025649925,0.0018173715,0.0016178194,110,validation
0.00054573343,0.0030967242,0.9738424,0.0051829647,0.003638747,0.0066226358,0.0043456703,0.0027251653,111,validation
0.0003384323,0.0011000818,0.98667103,0.0023261542,0.0020932762,0.0033924142,0.0023854543,0.001693239,112,validation
0.000245613,0.9845873,0.0008267941,0.001281552,0.0028662512,0.0042136526,0.0036993236,0.002279475,113,validation
0.00067661685,0.008851909,0.00091422495,0.0063955192,0.0019102672,0.031214295,0.012396903,0.93764013,114,validation
0.0004258978,0.0015067619,0.9832817,0.0030627858,0.0025285762,0.004450127,0.0028221924,0.0019220166,115,validation
0.9849059,0.00063894823,0.00035066373,0.0034068772,0.0027216629,0.0022873043,0.0032832823,0.0024053697,116,validation
0.9707927,0.0019614429,0.00052244146,0.0062481,0.0044462956,0.0038466693,0.007284379,0.0048979647,117,validation
0.95453835,0.0027110155,0.00090158737,0.01126243,0.0061402353,0.006892912,0.010358713,0.0071947756,118,validation
0.009417622,0.008438908,0.8979333,0.023756938,0.013839813,0.030518936,0.008090623,0.008003745,119,validation
0.98178494,0.0010360891,0.00038464923,0.0039302777,0.0027008278,0.0026273571,0.0039571663,0.0035785616,120,validation
0.9891521,0.00049231265,0.0002836711,0.0024683056,0.0016999965,0.0014881494,0.0026401798,0.0017753014,121,validation
0.97849965,0.001157851,0.0004494205,0.0052150073,0.0033692764,0.0024916995,0.0052840062,0.0035330364,122,validation
0.000660999,0.0028301207,0.97205746,0.0056601306,0.0042143487,0.0073242085,0.0041143624,0.0031383228,123,validation
0.87801546,0.0067409715,0.012561492,0.027817672,0.01642108,0.018433727,0.017987275,0.022022255,124,validation
0.9855341,0.00050499995,0.00049802836,0.0035295584,0.0025005962,0.0015444702,0.0036477281,0.0022405167,125,validation
0.9618373,0.003466959,0.00058219966,0.0076482147,0.004735555,0.006100266,0.00919592,0.006433616,126,validation
0.00025413136,0.0005856457,0.9923544,0.0013083091,0.001197738,0.0019757412,0.0014003617,0.0009236673,127,validation
0.9899957,0.0005604991,0.00022030745,0.0021209484,0.002439997,0.0012122955,0.0022001718,0.0012499742,128,validation
0.00030955372,0.0006106352,0.00029216005,7.160394e-05,0.9934911,0.0045648944,0.00021343294,0.00044651,129,validation
0.00045927207,0.98502237,0.0006738464,0.0017763107,0.00282578,0.0035945792,0.0037940317,0.0018538635,130,validation
0.0027650972,0.012289105,0.92525274,0.010974662,0.014624658,0.020817462,0.0094354395,0.0038408432,131,validation
0.0010495608,0.0066516227,0.0003321223,0.0015654863,0.0024831747,0.0063136974,0.9791828,0.0024215956,132,validation
0.97971195,0.0013550532,0.00040538082,0.004586773,0.0039074356,0.0028665774,0.004569035,0.0025977436,133,validation
0.00059571204,0.00093177747,0.98809695,0.0014023687,0.0036996591,0.0030054918,0.0015967961,0.0006712685,134,validation
0.00034863572,0.0007908094,4.158197e-05,0.00037925213,0.0010084305,0.00043256802,0.9967685,0.00023026389,135,validation
0.0028040104,0.009256699,0.93761367,0.008324846,0.013586238,0.018731538,0.0069577917,0.0027251523,136,validation
0.0014957053,0.0038909263,0.9609645,0.004826681,0.010738814,0.010556238,0.005660889,0.0018662023,137,validation
0.00092821737,0.0012675314,0.9838256,0.0023892934,0.004689319,0.003806847,0.0020155087,0.0010776966,138,validation
0.98362154,0.0011328029,0.00024932311,0.0030058827,0.0041478155,0.002285555,0.0040987274,0.0014583939,139,validation
0.0014309906,0.0021397138,0.97601795,0.0033151268,0.0062846364,0.006046061,0.003168509,0.0015970599,140,validation
0.000476141,0.986942,0.00055834296,0.0016939164,0.0025602486,0.002885575,0.0031805143,0.0017033444,141,validation
0.003093125,0.008640981,0.9268723,0.009803694,0.016260857,0.0227577,0.008412268,0.004159031,142,validation
0.30785665,0.008416643,0.53989077,0.03910952,0.038326323,0.029997848,0.020809848,0.015592458,143,validation
0.00044936096,0.9848317,0.00063690223,0.0017290448,0.003009802,0.0034092888,0.004082189,0.00185172,144,validation
0.002137275,0.006796175,0.9482504,0.007523659,0.012031439,0.013784105,0.0066531543,0.0028237384,145,validation
0.00039192225,0.0004592329,0.992164,0.00076821307,0.0025934712,0.0022076818,0.0009750606,0.00044038703,146,validation
0.0005811242,0.00076689385,0.98861057,0.0012671017,0.0039400454,0.0028127248,0.0013701597,0.0006514204,147,validation
0.0011345093,0.0018098269,0.9777443,0.0029656272,0.0062645013,0.0059674103,0.0027822398,0.0013316724,148,validation
0.00044294342,0.98284286,0.000756577,0.0016872823,0.0031722574,0.0049074097,0.004424337,0.0017663657,149,validation
0.0010296692,0.0018981677,0.9788385,0.0025312812,0.00597467,0.0058959154,0.0028080603,0.0010236682,150,validation
0.0010410157,0.0015584053,0.9807724,0.0028663597,0.0052905143,0.004680748,0.0026379463,0.0011525132,151,validation
0.001030901,0.0020466193,0.97882473,0.0026089249,0.0057229036,0.0058303014,0.0028719103,0.0010636001,152,validation
0.00019370703,0.002503633,0.000858843,0.0012335,0.0010293346,0.99179804,0.0018496377,0.00053327583,153,validation
0.001982465,0.0022218206,0.0007640839,0.0047191363,0.0011020009,0.0017889158,0.0022051223,0.9852165,154,validation
0.0015912185,0.0032854024,0.96721685,0.0046469173,0.008441506,0.008721638,0.0042578955,0.001838669,155,validation
0.0019005773,0.0076859584,0.9486349,0.0063197464,0.01143213,0.014792279,0.006458658,0.0027757061,156,validation
0.98896617,0.000712294,0.0001604678,0.0021343736,0.0026678564,0.0013786245,0.0028634728,0.0011166965,157,validation
0.0118139405,0.0060924497,0.003033142,0.010608062,0.0062086615,0.007046236,0.005917556,0.94928,158,validation
0.9758768,0.0020739418,0.0003733305,0.004802753,0.0037991803,0.004144574,0.0060966364,0.0028326411,159,validation
0.9796546,0.0016720059,0.0003907713,0.00421263,0.0046115834,0.0029438671,0.004062585,0.0024519525,160,validation
0.0013290724,0.0028738135,0.97284514,0.0036104976,0.007026,0.0072155944,0.003546235,0.0015536948,161,validation
0.0015171007,0.0029134653,0.97183055,0.0037562856,0.00694127,0.0072892047,0.0039089,0.0018431376,162,validation
0.004321724,0.011610041,0.9079026,0.012742305,0.019360594,0.028441962,0.0100831995,0.005537589,163,validation
0.0008387738,0.0013839669,0.9836616,0.002081384,0.0048294826,0.0040074484,0.002185556,0.001011777,164,validation
0.0009881376,0.0017524831,0.9784732,0.0033570298,0.006015429,0.005667666,0.002772536,0.0009735739,165,validation
0.0014474831,0.0028672812,0.97188514,0.0038197383,0.0073092105,0.0072162505,0.0036871224,0.0017677285,166,validation
0.9794336,0.0012387648,0.000473361,0.004468611,0.0043788967,0.0029817584,0.0043729497,0.00265217,167,validation
0.01474287,0.6833675,0.008442894,0.025301237,0.19737758,0.023037339,0.018306145,0.02942446,168,validation
0.00027490853,0.00025927013,0.99517727,0.0005436694,0.001702403,0.0011750788,0.0005717393,0.0002957385,169,validation
0.0014675013,0.003302905,0.96997356,0.004195762,0.00773299,0.0077335285,0.003826852,0.0017668625,170,validation
0.00088145345,0.0011743313,0.9852305,0.0020125073,0.004083388,0.0036642214,0.0020196575,0.0009339933,171,validation
0.0005696162,0.0008669047,0.9884447,0.0013050282,0.0035912842,0.0031414458,0.0014717673,0.000609359,172,validation
0.00023357292,0.0002570535,0.9960211,0.0004457847,0.0012727772,0.0010147804,0.00047108682,0.0002838003,173,validation
0.99195355,0.00032600766,0.00014778879,0.0016419052,0.0020927913,0.0010221612,0.0020460857,0.0007697348,174,validation
0.9884085,0.0006507204,0.00026902874,0.0023980218,0.0026272119,0.0015843948,0.002791326,0.0012708154,175,validation
0.00061486627,0.0007903643,0.98912024,0.0012998474,0.003183621,0.0030640902,0.0012748499,0.00065208663,176,validation
0.000392555,0.0004505557,0.9933367,0.00076578796,0.0020433615,0.0017206584,0.0008430403,0.00044736482,177,validation
0.97947294,0.0015589544,0.00035732766,0.0039680116,0.0044770464,0.002629609,0.0049618483,0.0025742345,178,validation
0.43877345,0.010386069,0.3931191,0.04151463,0.03606826,0.038991995,0.024594072,0.016552411,179,validation
0.0015791898,0.0031431061,0.9682701,0.0045644483,0.008058866,0.008387518,0.004130216,0.0018666323,180,validation
0.9950899,0.00020862462,0.0001132759,0.0009575943,0.0012984601,0.000624365,0.001161717,0.00054610183,181,validation
0.0011101917,0.0022070948,0.97738636,0.0032966472,0.006018652,0.005742446,0.0030163885,0.0012222072,182,validation
6.903608e-05,0.00055491715,0.00038023407,0.0004290501,0.00042799042,0.9973636,0.00067330035,0.000101948666,183,validation
0.00090181176,0.0014328666,0.9829113,0.0021472287,0.005418151,0.004032308,0.0022694042,0.0008870785,184,validation
0.001341789,0.002427322,0.97778565,0.0034602305,0.005357608,0.0056202677,0.002809697,0.0011974768,185,validation
0.001101668,0.0019060556,0.9791069,0.0026517177,0.0057766037,0.005479566,0.0027331843,0.0012443418,186,validation
0.00032983048,0.98947924,0.00047370172,0.0011590639,0.0018759295,0.0028485395,0.0028692181,0.0009645316,187,validation
0.000385902,0.00043183877,0.9929508,0.00075703376,0.0021638784,0.0019888743,0.0009123484,0.0004093202,188,validation
0.98773384,0.0006200628,0.00021761778,0.002735261,0.0029241396,0.0015263861,0.002958724,0.0012839702,189,validation
0.0007398527,7.823584e-05,0.00033798482,0.996802,0.00020646179,0.0009156664,0.00054261787,0.00037723524,190,validation
0.0038727412,0.002962158,0.0010806766,0.005459082,0.0013500492,0.0019186394,0.0020577558,0.98129886,191,validation
0.00093838817,0.0013317503,0.98298967,0.0022580724,0.0050872597,0.0040321387,0.0022603448,0.0011024158,192,validation
0.0009879806,0.0018312862,0.9805638,0.0022902333,0.0054379115,0.0051969835,0.0026079295,0.0010837007,193,validation
0.98898983,0.00057962997,0.00018562969,0.00225475,0.0027720986,0.0013716941,0.0026887066,0.0011576706,194,validation
0.0007785817,0.0009399821,0.98645556,0.0017289784,0.004299474,0.0032368898,0.0017271943,0.0008332721,195,validation
0.99598336,0.00015444431,9.257963e-05,0.00079532975,0.0009816301,0.00051532866,0.0010000045,0.00047731024,196,validation
0.0013154917,0.00208865,0.97576493,0.003392567,0.0069400393,0.0059963195,0.003028376,0.0014736512,197,validation
0.0018381892,0.004845656,0.9555241,0.0069192913,0.010055995,0.012200477,0.0060537527,0.002562522,198,validation
0.9873033,0.0007980787,0.00019993492,0.002645741,0.0030885611,0.0016671083,0.0030581423,0.0012391099,199,validation
7.755351e-05,0.0007877383,0.00056918943,0.000717132,0.0005935749,0.9964006,0.0007200929,0.00013407637,200,validation
0.001360028,0.0020666758,0.97721726,0.0034372124,0.006056701,0.005064169,0.0033879175,0.0014100736,201,validation
0.0010245225,0.0021363492,0.9784414,0.002640409,0.00594987,0.005826371,0.0028047846,0.00117617,202,validation
0.9759745,0.0014596587,0.00043937803,0.0048025884,0.0060183285,0.0031650295,0.0055975467,0.0025429602,203,validation
0.0011619027,0.043779865,0.0047183563,0.0070331865,0.08842358,0.8083893,0.0137235345,0.03277023,204,validation
0.984726,0.0010353217,0.00024593988,0.0033755226,0.0032724086,0.0020259495,0.0036969755,0.0016217628,205,validation
0.00097415334,0.0017772173,0.9801318,0.0023330222,0.0057155746,0.005402196,0.0026794812,0.0009865264,206,validation
0.0005994635,0.0008654568,0.98852706,0.0014002043,0.0031833246,0.0033514504,0.0014892039,0.0005838267,207,validation
0.002988965,0.002776175,0.00071198255,0.0043201125,0.0010641739,0.0016561362,0.0022428697,0.9842396,208,validation
0.00059162406,0.0007454221,0.98956674,0.0011774168,0.0029713497,0.0031399142,0.0012284571,0.00057893654,209,validation
0.0032280206,0.011072468,0.91979766,0.011636428,0.019875232,0.020722585,0.008957485,0.004710118,210,validation
0.0014651654,0.0017929185,0.97629786,0.003463515,0.0051671695,0.0069105905,0.003346238,0.0015564383,211,validation
0.84559375,0.0477636,0.0006763979,0.020887725,0.021831969,0.022490995,0.025904553,0.014851031,212,validation
0.001306149,0.0026567841,0.9725883,0.0037167259,0.0072022104,0.0074235196,0.0037637847,0.0013424975,213,validation
0.002283625,0.008722995,0.9378171,0.008584351,0.013542192,0.016284963,0.00905621,0.0037086233,214,validation
0.99475336,0.00020661538,0.00012769316,0.0010671151,0.0014581663,0.0007041571,0.0011247972,0.0005581239,215,validation
0.001048404,0.0013637727,0.98100513,0.0021406703,0.0059407493,0.005223765,0.0020163585,0.0012612191,216,validation
0.97661495,0.0017415108,0.00037631055,0.005399839,0.0048336913,0.0029663292,0.005234447,0.0028329326,217,validation
6.3046886e-05,0.00053128717,0.00052859593,0.00059993955,0.00041625317,0.99721247,0.0005513858,9.702366e-05,218,validation
5.6965575e-05,0.00067810935,0.00048669046,0.00041790257,0.00041309313,0.9971318,0.0006649879,0.00015034761,219,validation
0.0012765515,0.0030814088,0.9706052,0.0039893715,0.008560391,0.0077427686,0.0031279763,0.0016163305,220,validation
0.9935395,0.00030241898,0.000114859984,0.0011899328,0.0016968634,0.00082653103,0.0016257918,0.00070409273,221,validation
0.9833171,0.0012976289,0.0003211771,0.003362812,0.0028355687,0.0031914164,0.0038542186,0.0018201309,222,validation
0.0018603049,0.0045178714,0.9587594,0.0056938063,0.010698187,0.010436037,0.005715295,0.0023189976,223,validation
0.0018813859,0.00308839,0.9673409,0.004826316,0.009033585,0.0075393035,0.004194398,0.0020957605,224,validation
0.00044852984,0.9867648,0.00054814434,0.001598174,0.0025756632,0.0031263481,0.0035027913,0.0014355112,225,validation
0.00075931556,0.00093838765,0.98671836,0.0018473773,0.003883977,0.003245512,0.0018174534,0.00078963325,226,validation
0.0005262222,0.0006857478,0.9901177,0.0011022278,0.0030313046,0.0026951327,0.0012467962,0.0005947979,227,validation
0.0002224498,0.0009583268,7.3959e-05,0.0003707845,0.0010625622,0.0004868326,0.99653035,0.00029475716,228,validation
0.0010488421,0.0018251946,0.9787557,0.0028473134,0.006080337,0.005368271,0.0028050914,0.0012692091,229,validation
0.0024329377,0.0024588981,0.97375816,0.0043427865,0.0034638906,0.007607634,0.0040005394,0.0019352161,230,validation
0.0012249146,0.00056310423,0.00037122142,0.0016956538,0.00018986173,0.0007409366,0.0007100297,0.9945042,231,validation
0.0016883513,0.0031132628,0.966907,0.0044467985,0.009331937,0.008439743,0.004128758,0.0019441182,232,validation
0.0004142863,0.00046130098,0.9922639,0.0008476286,0.0026598163,0.0020121033,0.0009091958,0.00043190812,233,validation
0.00018591082,0.00055843155,5.8528454e-05,0.00029693652,0.0005704607,0.0004779526,0.9975491,0.00030273962,234,validation
0.0031957591,0.007866715,0.93789804,0.009481137,0.013292293,0.017735945,0.0073922067,0.003137958,235,validation
0.0009606486,0.0017947509,0.98090786,0.002317065,0.005394384,0.0050492473,0.00252329,0.0010528623,236,validation
0.00093275635,0.0020915316,0.9793945,0.0026718248,0.0056932676,0.0054521672,0.0026380112,0.0011258718,237,validation
0.0014211613,0.0033200548,0.9660313,0.00476103,0.008915441,0.008824906,0.0048061316,0.0019199634,238,validation
0.00036403054,0.00029991652,0.99451786,0.0006165239,0.0016654538,0.0014518279,0.0006729933,0.00041133142,239,validation
0.9670156,0.0031316683,0.0004256003,0.007038436,0.0063317386,0.0045428826,0.008001019,0.0035130463,240,validation
0.0014352206,0.0024138908,0.97445685,0.0034537972,0.0073194676,0.0060315276,0.003263791,0.0016254613,241,validation
0.00048552162,0.00053581514,0.9920494,0.0007527095,0.00235286,0.0023560226,0.0009793023,0.00048833777,242,validation
0.0004332943,0.0005361398,0.9919497,0.00081547163,0.0029577934,0.0017837903,0.0009999827,0.0005238123,243,validation
0.9949361,0.00019308337,0.000118966556,0.0010926193,0.0012508337,0.0006957869,0.0012305509,0.00048206715,244,validation
0.000304229,0.9871202,0.00056532247,0.0011054436,0.0025476515,0.004157513,0.003179713,0.0010198106,245,validation
0.0018963481,0.0050302334,0.95633924,0.0066362238,0.010875578,0.011423532,0.0054492615,0.0023495862,246,validation
0.9915953,0.0004323535,0.00016807418,0.0016676481,0.0018714124,0.0010631636,0.0022992888,0.000902649,247,validation
0.0006171521,0.0010793173,8.055892e-05,0.00078350445,0.001168921,0.0014134061,0.99446553,0.0003915281,248,validation
0.0020472081,0.005247905,0.95734924,0.00616825,0.009647787,0.011201922,0.0056410767,0.0026965984,249,validation
0.0010245856,0.0014886884,0.98219806,0.0027008592,0.004639725,0.0043996354,0.0022175384,0.0013308511,250,validation
0.0011234445,0.0021681907,0.9767999,0.0029280572,0.006853527,0.0057755704,0.0030306345,0.0013206803,251,validation
0.0014989543,0.003438768,0.9684296,0.0038307174,0.007449695,0.008717608,0.004919817,0.0017148202,252,validation
0.0012397766,0.0017225983,0.9776969,0.0033474448,0.0054715853,0.0060213506,0.0031735525,0.0013268915,253,validation
0.00092741544,0.0013200553,0.9830887,0.002238351,0.004764509,0.004766015,0.0019716562,0.0009233395,254,validation
0.0021182008,0.0062589627,0.9516123,0.0068251076,0.010162124,0.013001795,0.0069949473,0.0030264722,255,validation
0.97685474,0.0015067091,0.0004650319,0.0046632183,0.0042444565,0.0028380957,0.0047977394,0.0046300627,256,validation
0.011508958,0.086935334,0.60640657,0.045680594,0.04148785,0.055140223,0.11890359,0.033936802,257,validation
0.0008281559,0.0026049465,0.97595835,0.00350459,0.005351244,0.005644643,0.0031259314,0.0029822427,258,validation
0.98402137,0.000865864,0.00025675152,0.003512411,0.0032799817,0.0014826076,0.0036934935,0.002887557,259,validation
0.9837689,0.0010296622,0.00027122864,0.0031954932,0.0035650718,0.0017194916,0.0032247677,0.0032254816,260,validation
0.00018752136,0.001457931,0.00041637564,0.0010461964,0.00086573814,0.993112,0.0015638893,0.00135026,261,validation
0.99100846,0.00035723232,0.000254285,0.0019858868,0.001903697,0.0011326671,0.0017143677,0.0016434379,262,validation
0.9911349,0.00037018151,0.00019748286,0.0016515614,0.001910834,0.0009373974,0.001871342,0.0019261856,263,validation
0.00036886692,0.0011768588,0.98981595,0.001283866,0.0024266953,0.0023770833,0.0014291868,0.0011215528,264,validation
0.98902076,0.0005199937,0.00024675328,0.002389179,0.002339732,0.0012762873,0.002308345,0.0018989557,265,validation
0.0013292282,0.00022230839,0.000733296,0.9916368,0.0011627201,0.0014126773,0.0008361424,0.0026667202,266,validation
0.00043563076,0.0007195442,0.99054503,0.0013804936,0.002252005,0.0019650816,0.0011800592,0.0015220538,267,validation
0.00054262223,0.0013701074,0.9841963,0.0025879976,0.0026758327,0.0049936366,0.0021282248,0.0015052765,268,validation
0.9873009,0.00060346734,0.00037079025,0.0025486972,0.0025495444,0.0014960965,0.0024319582,0.00269856,269,validation
0.00042963654,0.00096605986,0.00032916444,8.779271e-05,0.99368024,0.0034445955,0.00035566138,0.0007069014,270,validation
0.00022349857,0.00026547292,0.9963033,0.00046052385,0.0009479903,0.0007506165,0.00048835046,0.00056012964,271,validation
0.002092988,0.019888913,0.89805,0.012095126,0.020488193,0.027933031,0.01155833,0.00789341,272,validation
0.00090501225,0.0025936393,0.9765682,0.0035725723,0.00469108,0.005436867,0.0032763106,0.0029562651,273,validation
0.000111719695,0.00031029966,3.3948065e-05,0.0001694159,0.00032889275,0.00030985876,0.99850696,0.0002288316,274,validation
0.0024397569,0.0053774617,0.9601225,0.0042685843,0.006477197,0.012008104,0.0046045086,0.004701734,275,validation
0.00043464036,0.0008109665,0.9895247,0.0016392991,0.0023113051,0.002401409,0.0014619255,0.0014156583,276,validation
8.3964e-05,0.0012738244,0.00030817586,0.00064717047,0.0006998502,0.9951432,0.0014886638,0.00035512217,277,validation
0.99276274,0.00034071796,0.00018879361,0.00143171,0.0016254559,0.00083248346,0.0015189485,0.0012990955,278,validation
0.0016036272,0.0077784285,0.9392317,0.009682415,0.01145474,0.014796685,0.0072007068,0.008251735,279,validation
2.3146764e-05,0.00029853196,0.00022879463,0.00023155163,0.00017533195,0.99853706,0.0004211397,8.454268e-05,280,validation
0.0014407695,0.026301986,0.89708847,0.014320873,0.018963536,0.025638388,0.0119199,0.0043260492,281,validation
0.0014841399,0.0033440136,0.96441054,0.006276311,0.0061596134,0.009326195,0.0039799637,0.005019189,282,validation
0.00054170453,4.402143e-05,0.00026160968,0.9969303,0.00017745493,0.00071999425,0.00039281757,0.0009320959,283,validation
0.97371906,0.0021121404,0.00034273617,0.0055211987,0.0048102774,0.0028053084,0.005469374,0.005219993,284,validation
0.98876035,0.0005983629,0.00024682694,0.002291148,0.0016764315,0.0018383574,0.0025247913,0.0020637142,285,validation
0.0008303782,0.002592095,0.9733358,0.004319359,0.005987815,0.007222398,0.0035199644,0.0021922854,286,validation
0.9835414,0.0009317885,0.00032296477,0.003239497,0.0028747087,0.0023289183,0.0035357107,0.0032249724,287,validation
0.9907094,0.0003827545,0.00018225929,0.0020089569,0.001974414,0.0009698578,0.0020257619,0.0017465692,288,validation
0.0005090845,0.0017937131,0.9839152,0.002360366,0.0032062777,0.004002641,0.0022709002,0.001941862,289,validation
0.9850941,0.0009460028,0.00027286974,0.0027411508,0.0029304444,0.0019042951,0.0033624861,0.0027486796,290,validation
0.008131101,0.93147594,0.00075351435,0.0074597136,0.013121799,0.010235376,0.01269285,0.01612961,291,validation
0.0015403004,0.020322787,0.8536624,0.010211088,0.005972524,0.026152762,0.07257856,0.009559603,292,validation
0.0006451073,0.001434958,0.98351777,0.0026770004,0.003552512,0.0035826408,0.0023219641,0.0022681188,293,validation
0.00045549404,0.0016080807,0.9849867,0.0020992777,0.003008862,0.0039143837,0.0020667068,0.0018604407,294,validation
0.00029159323,0.00020927837,5.6545556e-05,0.0008843299,8.932072e-05,0.00021688473,0.00033624697,0.9979158,295,validation
0.0011356623,0.0061858813,0.9572684,0.0065151285,0.0062158126,0.012164656,0.006028495,0.0044860914,296,validation
0.00082285074,0.0031084314,0.9736544,0.0038591714,0.005060635,0.0068200524,0.0036196867,0.0030546866,297,validation
0.9759144,0.0014160578,0.0008586077,0.004561962,0.0042968397,0.0032088107,0.0039750715,0.0057682246,298,validation
0.9832002,0.0009648226,0.00029536494,0.0036284407,0.002945995,0.0020039384,0.003986001,0.002975321,299,validation
0.000504743,0.0013973546,0.9858349,0.002041526,0.003194484,0.0034874347,0.0018944533,0.0016451214,300,validation
0.9688042,0.0025116466,0.0005213228,0.0063145077,0.005697699,0.0037557718,0.006176674,0.006218214,301,validation
0.9938939,0.0001640837,0.0001513954,0.0012198766,0.0012667826,0.0006079255,0.0014926498,0.0012032972,302,validation
0.948646,0.0045199585,0.0008042508,0.010108776,0.008300892,0.0075742723,0.0109641645,0.009081745,303,validation
0.00053867826,0.9875223,0.000323311,0.0012150195,0.0024693592,0.0024871852,0.0031430938,0.002301001,304,validation
0.020282181,0.019439932,0.75925946,0.027393123,0.07554925,0.033829365,0.01497075,0.0492759,305,validation
0.9876245,0.00082911673,0.00014361931,0.0025449134,0.0019645614,0.0010958744,0.003038289,0.0027591744,306,validation
0.0023416185,0.033506308,0.8518031,0.016333073,0.028878873,0.041803535,0.011382796,0.013950763,307,validation
0.0006882545,0.0018375766,0.9805219,0.0027963063,0.0038455047,0.0056353505,0.0026697854,0.0020053796,308,validation
0.98421174,0.00097253144,0.00041346697,0.0025350277,0.002845994,0.0021174394,0.0034454863,0.0034582126,309,validation
0.0011157595,0.0046824743,0.96573514,0.005115107,0.0067729666,0.00828617,0.0053232443,0.0029692117,310,validation
0.0011748248,0.0059316843,0.9587201,0.0058830404,0.0077992906,0.010839091,0.00496913,0.0046828603,311,validation
0.00019803886,0.98985976,0.0003189783,0.0008337124,0.0017471603,0.0024953738,0.002981338,0.0015657427,312,validation
0.0011866534,0.0070957677,0.95744246,0.004188894,0.0076697767,0.011925068,0.005718202,0.0047732075,313,validation
0.00019726042,0.00015715742,5.4446107e-05,0.00064119947,6.571745e-05,0.00013891968,0.00029856933,0.99844676,314,validation
0.0010958797,0.0049724197,0.95999134,0.0064228033,0.007822495,0.010643935,0.0047490075,0.0043019988,315,validation
0.0001815346,0.00027294256,0.99613935,0.0004913948,0.0010375541,0.0009335266,0.0005104534,0.00043317713,316,validation
0.0039397236,0.04898377,0.7746679,0.03246171,0.035722833,0.05067612,0.017863419,0.035684418,317,validation
0.9916059,0.00036702416,0.00016383745,0.002007392,0.0018547459,0.0008518684,0.001700041,0.0014492207,318,validation
0.9742164,0.0018021732,0.00035865794,0.0055621327,0.0052672517,0.0024870795,0.0051320805,0.005174206,319,validation
0.00082012324,0.0020398416,0.97968537,0.003127049,0.004548211,0.0044932636,0.0026164,0.0026696988,320,validation
0.00036280052,0.00045574261,0.9924159,0.0011233385,0.0017341811,0.0019441366,0.0010715189,0.0008923492,321,validation
0.0009298889,0.0028812164,0.97218394,0.0046286886,0.005211592,0.007421371,0.0038352052,0.0029079835,322,validation
0.00014227672,0.000267029,2.986221e-05,0.00016249255,0.00036437743,0.0002714266,0.9985952,0.00016729765,323,validation
0.00076806854,0.0025221023,0.97634345,0.0034724677,0.004925223,0.005993095,0.003121846,0.002853764,324,validation
0.0007150896,0.0023717075,0.9788544,0.0030197196,0.0048643677,0.0049337563,0.0028916784,0.002349339,325,validation
0.0007950517,0.0026381605,0.9744086,0.0036033974,0.005615988,0.006814487,0.0033843361,0.0027400446,326,validation
0.00048070485,0.0013068196,0.9856607,0.0018720683,0.0032858783,0.0040262323,0.0018911756,0.0014765231,327,validation
0.9525335,0.0036739286,0.0006722439,0.00948448,0.008962435,0.0054983543,0.009904304,0.009270747,328,validation
0.0005419691,0.0010093462,0.98790413,0.0016465625,0.003162363,0.0025183996,0.0015331215,0.0016840944,329,validation
0.0002671061,0.000393442,6.7689696e-05,0.0009856591,0.0001303728,0.00023358659,0.0004712011,0.997451,330,validation
0.00016441224,0.991712,0.00029087998,0.000677809,0.001461463,0.0021571822,0.0024024507,0.0011338694,331,validation
0.00040228784,0.0010432603,9.620157e-05,0.0015439267,0.00028894193,0.00043348008,0.0009418346,0.9952501,332,validation
0.0004140097,0.00081474544,0.98989177,0.001471822,0.0024269042,0.0023129606,0.001505177,0.0011625899,333,validation
0.00046847577,0.0011516346,0.98784643,0.0017077457,0.0027242713,0.0029852444,0.0016341286,0.0014820219,334,validation
0.984344,0.0009945674,0.00028007725,0.003049383,0.0032771996,0.0017764863,0.0031130086,0.0031653077,335,validation
0.98201936,0.0012912728,0.0002990721,0.0036797922,0.0040885587,0.0019718797,0.0034545048,0.0031955042,336,validation
0.9830321,0.0010465039,0.0002891629,0.0034693645,0.0033583627,0.0024176198,0.0037203708,0.002666527,337,validation
0.0005684818,0.021156859,0.0040713474,0.0036915038,0.26953635,0.6778901,0.007268493,0.015816957,338,validation
0.00044269624,0.0012501739,0.9869782,0.0018463269,0.0027976837,0.0034585714,0.0018931148,0.001333234,339,validation
0.0012743179,0.0051355283,0.9603415,0.0063875723,0.007570701,0.009728592,0.004878135,0.0046837176,340,validation
0.98523164,0.00066347327,0.00034325998,0.0029279776,0.0033078338,0.0018559558,0.003083943,0.002586003,341,validation
0.949229,0.0045325877,0.00067161553,0.008274392,0.0065613734,0.00723681,0.008703507,0.0147906635,342,validation
0.98837936,0.00047273785,0.0004254959,0.002229554,0.0020934816,0.001549162,0.0021689215,0.0026812835,343,validation
0.9775228,0.0013813475,0.00041398418,0.004169014,0.002315433,0.003687398,0.007347018,0.0031629463,344,validation
0.00042349123,0.0006552658,0.991458,0.0012586929,0.0017996567,0.0020757625,0.0012476217,0.001081532,345,validation
0.0008254448,0.0028233267,0.9751041,0.0035720414,0.0056416127,0.005979548,0.0029747104,0.0030791792,346,validation
0.00023166467,0.98883855,0.0004384349,0.0010270627,0.0020449737,0.0028866748,0.0029771973,0.0015553979,347,validation
0.0005440329,0.00092138915,0.000110255896,0.0012004065,0.0003077934,0.00032380063,0.00084737566,0.9957449,348,validation
0.98136705,0.0013173522,0.00034268576,0.0034629796,0.0035151427,0.0022063751,0.0036822574,0.0041060667,349,validation
0.00010321618,0.0013683301,0.00066347327,0.00075189833,0.0005572858,0.9948807,0.0011936176,0.00048150984,350,validation
0.0007252287,0.0023748872,0.97794276,0.0031667533,0.005106813,0.005348105,0.0027774952,0.002557963,351,validation
0.9907494,0.00040154517,0.0001611673,0.001666761,0.0019447525,0.0010427609,0.0020009633,0.0020325715,352,validation
0.97788423,0.000976973,0.00042875225,0.0045033,0.0050941086,0.0016628098,0.004603292,0.004846493,353,validation
0.0009852756,0.004498715,0.96585107,0.0049704975,0.006432537,0.008819378,0.0042503243,0.0041922024,354,validation
9.562908e-05,0.00047096147,2.5019002e-05,0.000148411,0.0003516077,0.00021162244,0.9984571,0.0002397228,355,validation
0.98837936,0.0004928551,0.00020429074,0.0024411713,0.0021505244,0.0017435278,0.0027204044,0.0018678511,356,validation
0.9852105,0.0007550478,0.0003902702,0.0028229633,0.0032712377,0.0015749474,0.0025666445,0.0034084038,357,validation
0.97040707,0.0020776656,0.00053774525,0.004845596,0.005358225,0.0043838266,0.0059188744,0.006470928,358,validation
0.0015392917,0.96596974,0.00050460047,0.0026173573,0.0049135513,0.012594062,0.008311818,0.003549602,359,validation
0.9652082,0.0028233768,0.0005084764,0.007859561,0.006643145,0.0038971184,0.0069809174,0.0060793343,360,validation
0.0004005958,0.00058085914,0.9916421,0.0012817775,0.0020792144,0.0019039164,0.0010569094,0.0010546611,361,validation
0.97637093,0.0014469272,0.00049036095,0.00475497,0.004375822,0.0026058764,0.005032178,0.004922924,362,validation
0.0005226122,0.0014334433,0.98586744,0.0019099648,0.0029415388,0.003483895,0.0020525237,0.0017885246,363,validation
0.0010157404,0.001057003,0.9824753,0.002474152,0.003555952,0.0042279274,0.0020883821,0.0031055922,364,validation
0.00066170696,0.0020625533,0.98026603,0.0024649198,0.004904446,0.0048999563,0.0026654536,0.0020749331,365,validation
0.96516365,0.0026096597,0.000504588,0.00808524,0.0055427165,0.0041562985,0.0068657617,0.0070719966,366,validation
0.00054105406,0.00076825655,0.9896889,0.0015368846,0.0025986822,0.00219893,0.0011542806,0.0015130069,367,validation
0.00068261666,0.0019381554,0.9806151,0.0028062745,0.004380532,0.0046329275,0.0025910947,0.0023533637,368,validation
0.00042150903,0.0010628505,0.0004473315,9.30514e-05,0.99421895,0.0028663692,0.00044816075,0.00044177624,369,validation
0.0005823895,5.5198376e-05,0.0002799689,0.9968272,0.00021574547,0.00081053417,0.00046837836,0.0007606733,370,validation
0.0007937005,0.001883902,0.9778315,0.0029309175,0.0059024794,0.005490662,0.0029554956,0.0022113149,371,validation
0.00034033624,0.0005856546,0.9932225,0.0008096896,0.0018755571,0.0014181061,0.000840441,0.0009078316,372,validation
0.03396538,0.020589096,0.79360217,0.026829552,0.03963641,0.03389998,0.018416697,0.033060655,373,validation
0.9667259,0.0018480653,0.0012206483,0.006597208,0.0056364043,0.0045896815,0.0062308414,0.007151336,374,validation
0.9385577,0.0065060765,0.0008251088,0.012808092,0.009644411,0.0076559093,0.014867454,0.00913533,375,validation
0.00028963742,0.00039356423,0.99403113,0.0007749673,0.0015862884,0.0012463866,0.0007396447,0.0009383873,376,validation
0.001900447,0.0035889132,0.9667876,0.0042086625,0.0066791885,0.009367858,0.0041337498,0.0033335278,377,validation
0.981794,0.0011285469,0.00032638974,0.0032592814,0.0039699753,0.0020747157,0.0038761294,0.003570989,378,validation
0.00031080045,0.00060532184,0.993145,0.0010266857,0.0012712496,0.0017278716,0.0008768419,0.0010362286,379,validation
0.0009908207,0.0019352919,0.9786664,0.0030532326,0.004258564,0.005031223,0.0025609534,0.0035034588,380,validation
0.0023881467,0.03832831,0.001285446,0.008716891,0.0036555354,0.012357954,0.009788889,0.9234788,381,validation
0.0025801563,0.0055978694,0.9531297,0.008458745,0.0045434944,0.0091209235,0.0076194466,0.008949666,382,validation
0.00038583585,0.0006589743,0.9914766,0.0012828591,0.0018393081,0.0020210282,0.0011999408,0.001135554,383,validation
0.0050502005,0.025367772,0.0067462954,0.002654059,0.9282998,0.014790043,0.00801911,0.009072719,384,validation
0.97717696,0.0015437485,0.0011259263,0.0028965538,0.0048407917,0.0024444314,0.0055202865,0.0044512413,385,validation
0.0007617626,0.0040615043,0.9787137,0.0030601576,0.0029529233,0.0032139574,0.0046052765,0.0026306475,386,validation
0.00067602814,0.0027559386,0.9841158,0.0025070766,0.002079055,0.0022599946,0.0037157922,0.0018904032,387,validation
0.00064372394,0.0028411858,0.9832895,0.0026084958,0.0022142727,0.0025487384,0.003955749,0.0018983402,388,validation
0.003602456,0.090856194,0.019243296,0.016778737,0.014104273,0.69334143,0.022298003,0.13977556,389,validation
0.00019757415,0.00045225729,0.99637336,0.0005328883,0.0005602845,0.0005881409,0.00088068313,0.00041467437,390,validation
0.97939247,0.0014312582,0.00096159766,0.0030811792,0.0042356844,0.002243604,0.0047506955,0.0039035396,391,validation
0.95837384,0.004198501,0.0012050561,0.0066917213,0.007410232,0.0044683916,0.010367765,0.007284567,392,validation
0.97824025,0.0016418014,0.0010341408,0.0032238087,0.0041833925,0.002811368,0.004958757,0.0039065545,393,validation
0.9727562,0.002594698,0.0009275794,0.0035239141,0.00467822,0.0030867578,0.0070038773,0.0054287734,394,validation
0.93563807,0.006593154,0.0044244826,0.008795611,0.011682924,0.008202112,0.010134474,0.014529174,395,validation
0.002463488,0.0031312415,0.0018486294,0.0004603292,0.9859761,0.0028291433,0.002107547,0.0011834985,396,validation
0.9747868,0.0019896473,0.0011001338,0.003937065,0.004645476,0.002558172,0.0059850323,0.0049976376,397,validation
0.000657931,0.0013724968,0.9882138,0.0018237141,0.0015584363,0.001737049,0.0026603157,0.0019761806,398,validation
0.00062589586,0.003036699,0.9827465,0.002615879,0.0022748597,0.0027220678,0.004149864,0.0018281818,399,validation
0.0003312729,0.00356909,0.0023134132,0.0014222295,0.00076388265,0.98844343,0.0022435996,0.0009130258,400,validation
0.0003010595,0.00069065846,0.99380636,0.0008684925,0.0009052736,0.00096710795,0.001418302,0.0010426304,401,validation
0.00020348396,0.00051472045,0.9959611,0.00059862953,0.0006339755,0.00068505894,0.0010062202,0.00039676763,402,validation
0.00039235744,0.0007259576,0.9907568,0.0009869308,0.0022339262,0.0021993865,0.0021358333,0.0005688631,403,validation
0.00046619007,0.0016967189,0.98960155,0.0014474738,0.001428799,0.0016552764,0.0025553098,0.001148634,404,validation
0.0026726585,0.0023380786,0.0015666541,0.00044601507,0.9879205,0.002219813,0.0019034785,0.0009327281,405,validation
0.98385704,0.0008220346,0.001102147,0.002239973,0.00320419,0.0019916855,0.0039406423,0.002842247,406,validation
0.00058487017,0.002549267,0.9846454,0.0021538385,0.002324572,0.0025154268,0.0034019656,0.0018246237,407,validation
0.98284954,0.001073746,0.00086945726,0.0025035774,0.0035875037,0.0018965898,0.003906201,0.0033134588,408,validation
0.00095368444,0.0063589304,0.9656254,0.0046890806,0.0033843631,0.006335812,0.00845833,0.004194451,409,validation
0.98488057,0.0009758363,0.0006317193,0.0020162256,0.003126015,0.0017386246,0.0036866565,0.0029444434,410,validation
0.0003004518,0.00084955787,0.9938805,0.00091624714,0.0009691621,0.0010684559,0.0013477983,0.0006678012,411,validation
0.000668071,0.0030372902,0.98292464,0.0026038364,0.0022812656,0.0024276963,0.0040398757,0.0020172966,412,validation
0.98302287,0.0011458008,0.00078980345,0.0020193309,0.0029797577,0.0022341223,0.0047128834,0.003095355,413,validation
0.0005095615,0.0022894768,0.9861057,0.0021104084,0.0018064429,0.0020088,0.003304836,0.0018646896,414,validation
0.97934616,0.0014945873,0.0008232607,0.002823216,0.0034093235,0.0021739588,0.005497667,0.00443184,415,validation
0.0023515914,0.0055595185,0.0035767695,0.0005762421,0.97960323,0.0036188536,0.003378606,0.0013351951,416,validation
0.97932225,0.0014445967,0.0008697999,0.0030288785,0.004171676,0.002202331,0.005065492,0.003894986,417,validation
0.9752271,0.0020763802,0.00082257757,0.0035345468,0.0049669645,0.0024142337,0.006181349,0.0047768834,418,validation
0.0006199495,0.0029682901,0.9843657,0.0021216439,0.0022079044,0.0024564273,0.0035762168,0.0016837916,419,validation
0.9608384,0.0037920778,0.0013750863,0.0060425755,0.0074002775,0.0042081154,0.009202771,0.007140753,420,validation
0.00024773346,0.989767,0.0009447246,0.00073835795,0.0014635893,0.002180207,0.0029542446,0.0017041003,421,validation
0.0006751996,0.009421375,0.0054470235,0.0030892557,0.00247694,0.97148806,0.0044340636,0.0029680857,422,validation
0.0005615079,0.0021594819,0.9867801,0.002068512,0.0018396314,0.0018579504,0.0031197278,0.0016130448,423,validation
0.0005851256,0.0026799606,0.9846162,0.0023382478,0.0023201974,0.0022518106,0.0034678788,0.0017406413,424,validation
0.000826571,0.003356852,0.9807133,0.003107799,0.0023177965,0.0026517783,0.004491634,0.002534125,425,validation
0.00070234045,0.0010938438,0.00042861243,0.0014579676,0.00040119814,0.00036905918,0.0009939863,0.994553,426,validation
0.00093546504,0.0063470877,0.9688686,0.0045081936,0.0029200308,0.006102523,0.0071283397,0.0031897894,427,validation
0.00024444205,0.00058203714,0.9953548,0.00068495865,0.00069179694,0.00075936684,0.0011416053,0.00054112315,428,validation
0.0004261746,0.0015706914,0.99016833,0.0015845563,0.0011832411,0.0014898502,0.0021843521,0.0013927277,429,validation
0.74356806,0.01623388,0.110394366,0.01583803,0.0100964615,0.042412437,0.031878136,0.029578542,430,validation
0.000652404,0.0035851179,0.98180306,0.0025941809,0.0024341524,0.0027014005,0.004180497,0.002049111,431,validation
0.00028778418,0.00069849484,0.9946979,0.0007871684,0.0007851565,0.00079963077,0.0012827134,0.0006611194,432,validation
0.0004691112,0.0009561315,0.00034471272,0.0010029594,0.0002999704,0.00026769072,0.00083233183,0.995827,433,validation
0.00023657874,0.98783934,0.001087785,0.00082762924,0.0017113488,0.0020560967,0.0036453386,0.002595866,434,validation
0.00044695038,0.001801539,0.98884624,0.0016378204,0.0016415993,0.0017894739,0.0026192896,0.001217098,435,validation
0.00016594464,0.0004050236,0.99671066,0.00044122408,0.0005497308,0.0005292316,0.00081076205,0.00038744754,436,validation
0.00025719052,0.000622744,0.99530965,0.0006733532,0.0007257122,0.00069001224,0.001126631,0.00059477246,437,validation
0.00047498502,0.0019265166,0.9885797,0.0016810845,0.0015617313,0.0018397156,0.0026870493,0.0012491705,438,validation
0.00022036677,0.9906364,0.00094459637,0.00068511546,0.0013681194,0.0017959203,0.0027093403,0.0016401027,439,validation
0.0067148423,0.007922249,0.022274874,0.90223634,0.008687229,0.01633583,0.010050652,0.025778051,440,validation
0.0012961013,0.009420631,0.86788344,0.0019076981,0.09949168,0.0097264955,0.008549158,0.0017247226,441,validation
0.00031344153,0.001032046,0.99302834,0.0009851139,0.001047537,0.0010883647,0.0017494208,0.00075570645,442,validation
0.00059993495,0.0029833533,0.9835687,0.0024271638,0.0020739418,0.002593713,0.003880804,0.0018723472,443,validation
0.0003017474,0.00081052736,0.9942749,0.00081382814,0.00075678073,0.00086802244,0.0014198626,0.0007542916,444,validation
0.0011320643,0.005641793,0.969897,0.004311588,0.0036331925,0.0056188465,0.0063554244,0.0034100686,445,validation
0.033727817,0.040141825,0.46862492,0.007818586,0.25536105,0.06930477,0.03892376,0.08609721,446,validation
0.00050942827,0.0021929939,0.9848157,0.0023928555,0.00164661,0.0027868375,0.0038747352,0.0017808056,447,validation
0.9853475,0.0010039733,0.0006067956,0.0021227829,0.0026080948,0.0018844841,0.0036870202,0.0027392947,448,validation
0.9616575,0.0035941284,0.001167702,0.0051349844,0.007219736,0.0039683394,0.009922395,0.007335172,449,validation
0.0025213799,0.0032555899,0.0019665547,0.0004778803,0.98545396,0.002980751,0.0020961496,0.001247725,450,validation
0.0014971957,0.0015220434,0.0012919484,0.0002428878,0.9921558,0.0013720394,0.0014775811,0.00044042876,451,validation
0.9664177,0.0028418007,0.0015254027,0.0048929914,0.0055573094,0.0033625027,0.0076849265,0.00771733,452,validation
0.0008327127,0.009979715,0.0064258063,0.004188594,0.0025159179,0.96841115,0.0048426795,0.002803405,453,validation
0.9720972,0.0022657593,0.0009980204,0.003666542,0.0052052536,0.0031915568,0.006968133,0.0056075463,454,validation
0.97887677,0.0009947452,0.0016909351,0.0033134304,0.004327219,0.0021480573,0.004527577,0.0041211857,455,validation
0.00455291,0.0013117577,0.0057688286,0.9686572,0.0026533839,0.004978342,0.004962656,0.0071148654,456,validation
0.00023567563,0.00060324103,0.9952486,0.0006866019,0.0006895082,0.0008176945,0.0011585584,0.0005601301,457,validation
0.00029128158,0.98477167,0.0013646765,0.0009992821,0.0021627857,0.0029664333,0.0041226544,0.0033212737,458,validation
0.005245627,0.07744908,0.5455034,0.036734775,0.029528836,0.24544036,0.025147174,0.034950756,459,validation
0.00041342122,0.0013737374,0.99105024,0.0013871465,0.0011267541,0.0014375715,0.0021991793,0.0010118163,460,validation
0.00058825605,0.003075275,0.9837067,0.0019616869,0.0016876578,0.0025759574,0.003906125,0.002498273,461,validation
0.9761421,0.0010806056,0.0025374598,0.0034154167,0.004587737,0.001934417,0.0048025884,0.0054996926,462,validation
0.96204156,0.0024732812,0.003005587,0.006256864,0.0062763323,0.003774033,0.008203996,0.007968294,463,validation
0.0007256682,0.0077920957,0.003763084,0.0025936263,0.0012859477,0.97642595,0.0043690316,0.0030446511,464,validation
0.0004086351,0.0014156693,0.99067545,0.0013923167,0.0014648174,0.001535319,0.0020442288,0.0010634124,465,validation
0.0027880974,0.03526478,0.010815005,0.001978367,0.87363315,0.0587677,0.0048663463,0.011886595,466,validation
0.9766827,0.001694326,0.0011986909,0.0034619605,0.003352928,0.003083904,0.005767662,0.004757833,467,validation
0.0024561225,0.0030111386,0.002231601,0.00043544243,0.98689085,0.0020825171,0.0020381652,0.00085412065,468,validation
0.98346275,0.0010720781,0.00042237353,0.001452748,0.0018942697,0.0015665904,0.0071511497,0.0029779992,469,validation
0.00055328605,0.0021633175,0.9871164,0.0018244063,0.0016369391,0.002116958,0.003241161,0.0013474297,470,validation
0.9877263,0.00065321923,0.00065326254,0.0020344546,0.0024537493,0.0013698242,0.002717522,0.0023916725,471,validation
0.001137796,0.010015337,0.9540697,0.0063559827,0.0045800167,0.007223214,0.011324062,0.005293928,472,validation
0.0041955058,0.0008881598,0.003920612,0.97370356,0.0020844592,0.0035765525,0.004260312,0.0073708873,473,validation
0.0004078875,0.0011300027,0.9915279,0.0014225233,0.0010956462,0.0011903527,0.002158966,0.0010667555,474,validation
0.82332957,0.02167819,0.013161124,0.01554779,0.029319495,0.014905729,0.022926835,0.05913123,475,validation
0.00062918314,0.0026557886,0.9841105,0.0024469816,0.002092662,0.0024393636,0.0038122383,0.0018133102,476,validation
0.00024938225,0.00059562933,0.9953838,0.0006842506,0.0007594144,0.00073856587,0.0010084711,0.00058036996,477,validation
0.06517445,0.012564696,0.8541533,0.014220888,0.010068374,0.013937667,0.016551182,0.013329406,478,validation
0.9155607,0.00564364,0.016365735,0.012201446,0.010598379,0.007869409,0.016508989,0.015251686,479,validation
0.00060440367,0.0024271058,0.9839782,0.0023085084,0.0023661756,0.002582144,0.0038833078,0.001850163,480,validation
0.00071623124,0.0018500346,0.0007594985,0.0018245967,0.0005797342,0.0005248998,0.0011777527,0.9925673,481,validation
0.00024160392,0.0005313394,0.99561226,0.0006688761,0.0006145728,0.00069404155,0.001115554,0.0005217349,482,validation
0.00032555993,0.0008028285,0.99407864,0.0008387182,0.0009002953,0.00084150117,0.001423296,0.00078916136,483,validation
0.001262444,0.02806049,0.009641955,0.0057240115,0.006028394,0.93394405,0.009626657,0.0057119713,484,validation
0.0017028635,0.004160678,0.9662203,0.005008959,0.0039339876,0.005498408,0.007231726,0.0062431213,485,validation
0.00016684383,0.00118942,0.00014830696,0.00015127216,0.00042093763,0.00030125002,0.99710757,0.0005143378,486,validation
0.96651524,0.0030936508,0.001100218,0.004979167,0.005940648,0.003631963,0.008356271,0.006382834,487,validation
0.95376486,0.0041595073,0.0018435545,0.0067710076,0.007882007,0.005128201,0.011866768,0.008584077,488,validation
0.00021665997,0.00044857344,0.99626017,0.0005547736,0.00056533556,0.00062725303,0.0008860139,0.00044140083,489,validation
0.98632103,0.0008842685,0.00061595987,0.001943393,0.0025629092,0.0015820925,0.0031661456,0.002924222,490,validation
0.00033745682,0.00116295,0.992728,0.0010002883,0.000968814,0.0011922873,0.0018356056,0.0007746396,491,validation
0.0013642255,0.0037713696,0.9759974,0.0027413566,0.0029334184,0.0047819475,0.00544228,0.0029679146,492,validation
0.95116776,0.0028762056,0.0035392966,0.0053709927,0.0059827245,0.0049694953,0.016460242,0.009633398,493,validation
0.9624514,0.0026150276,0.0028450047,0.0053492347,0.0058431267,0.004382458,0.009432547,0.0070811524,494,validation
0.0005422045,0.0013594107,0.98925555,0.0019196603,0.0014457229,0.0015381775,0.0025333697,0.0014060042,495,validation
0.0034338483,0.005259325,0.002796866,0.00071194733,0.97901505,0.0035570692,0.0035751914,0.0016507405,496,validation
0.0002203118,0.00050468073,0.9959358,0.00054753694,0.00065331196,0.0006429876,0.0010024043,0.00049295503,497,validation
0.00039548948,0.0010836619,0.9922283,0.0011375514,0.0011968968,0.0012408822,0.0017574069,0.0009596378,498,validation
0.000772953,0.0038735396,0.9800056,0.0029847305,0.00264108,0.0028916812,0.004499931,0.0023305581,499,validation
0.00049659767,0.0019229216,0.988352,0.001748243,0.0015973706,0.0017928268,0.0027601698,0.0013298796,500,validation
0.00055359973,0.0021820718,0.98671615,0.001973354,0.001703369,0.0019190141,0.0033575776,0.0015947184,501,validation
0.0009726345,0.0015413621,0.00073625945,0.0016110521,0.00052234536,0.00032324254,0.0011418695,0.9931512,502,validation
0.9845776,0.0011000198,0.000570611,0.001975607,0.0030180134,0.0017646779,0.0038840952,0.0031094844,503,validation
0.00021765604,0.0005295722,0.99592257,0.0006151942,0.0006003547,0.00062500575,0.000997323,0.0004923302,504,validation
0.9825424,0.0012258487,0.0006739953,0.0024553065,0.0035415539,0.00187657,0.0041672676,0.0035170242,505,validation
0.98416615,0.0009712499,0.0005461146,0.0023009488,0.0031270273,0.0015685498,0.0041669905,0.0031530848,506,validation
0.00039479954,0.0021059627,0.98901105,0.0014305752,0.0017078598,0.0017059927,0.0026363567,0.0010074126,507,validation
0.00062783307,0.003232366,0.980143,0.0023050986,0.0023276573,0.004338703,0.0046476624,0.0023776442,508,validation
0.9868059,0.0006759072,0.0007535096,0.0018438835,0.0022766555,0.0014839841,0.0033659192,0.002794313,509,validation
0.00045189064,0.0015384017,0.9889473,0.0017191473,0.0013161526,0.0019009828,0.0028636584,0.0012624803,510,validation
0.00033930704,0.0012185941,0.99182093,0.0010893425,0.0012033271,0.0013717,0.0022022708,0.00075456704,511,validation
0.00024723887,0.0012060147,0.98813397,0.001819225,0.0035478834,0.0026124665,0.0019182658,0.0005149319,512,validation
0.00011813804,0.00032019094,0.9959538,0.00058658555,0.0012174526,0.00089830736,0.0006681914,0.00023741483,513,validation
0.0015963461,0.0017222002,0.0013799793,0.0044605657,0.0010341908,0.0018617333,0.0020915507,0.98585343,514,validation
0.70396876,0.008941687,0.16733137,0.03785218,0.025649307,0.019828055,0.017575635,0.018852966,515,validation
0.9533563,0.0029995325,0.0021976526,0.011108161,0.008458989,0.0052260268,0.011857342,0.004795962,516,validation
0.00031484207,0.002269568,0.9832897,0.002950052,0.0032070505,0.004468599,0.0027884939,0.0007116524,517,validation
0.00011686244,0.00032255336,0.9959008,0.00061983423,0.0011294066,0.000986333,0.0006962265,0.00022802026,518,validation
0.00036004203,0.0018224609,0.9838695,0.0028461076,0.0037486502,0.004112364,0.0024801486,0.0007607766,519,validation
0.0015226115,0.0046160826,0.0013977466,0.005372511,0.0011240258,0.0038170074,0.0025944524,0.97955555,520,validation
0.9869083,0.0006726892,0.00034883615,0.0030708502,0.001917783,0.0017048855,0.0036448787,0.0017318004,521,validation
0.98487157,0.0007909768,0.00061243336,0.0038472884,0.0029908784,0.0018332361,0.003292972,0.0017606512,522,validation
0.00051150116,0.004733864,0.9715798,0.004758215,0.005168275,0.0070214868,0.0048009013,0.0014260025,523,validation
8.4324616e-05,0.00062078866,0.00075334247,0.0005997373,0.0003896172,0.99683666,0.00058379775,0.00013169492,524,validation
0.0013236656,0.0013219967,0.0009566285,0.0034194514,0.00072410563,0.0014062801,0.0014235947,0.9894243,525,validation
0.0004045689,0.0037120536,0.97414035,0.004506624,0.00515551,0.0065949596,0.004425958,0.0010600085,526,validation
0.00033282247,0.00199659,0.9835616,0.0027566284,0.0037114164,0.0041999016,0.0026508665,0.0007901206,527,validation
0.9722631,0.0016390159,0.0009521138,0.007064916,0.0035371948,0.0049445047,0.0060882512,0.0035109115,528,validation
0.0004182447,0.0002976758,0.00043173155,4.594194e-05,0.99749243,0.00094784447,0.0002419434,0.00012433708,529,validation
0.00028822644,0.0013295242,0.98709655,0.0023020487,0.003237338,0.002952059,0.002123588,0.0006707248,530,validation
0.9875639,0.0007005876,0.0003172597,0.0026043518,0.0027673705,0.0015426073,0.003215065,0.0012888461,531,validation
0.0025971371,0.03191834,0.410578,0.052700162,0.043459516,0.38745788,0.06477782,0.0065111043,532,validation
0.00024550248,0.0010081184,0.99007505,0.0015938904,0.002342493,0.0024320842,0.0018095911,0.000493338,533,validation
9.040493e-05,0.00021631966,0.9967169,0.00049364293,0.00092772354,0.0008249896,0.0005733147,0.00015661144,534,validation
0.001568893,0.0011028952,0.0011846923,0.0038662376,0.00056877785,0.0010857971,0.0011499653,0.9894728,535,validation
0.9535242,0.0044730324,0.00087459956,0.0109958025,0.009575857,0.004024255,0.011531163,0.005001217,536,validation
0.0002465691,0.0013201071,0.9889103,0.0018327681,0.0025271825,0.0026707365,0.0019348173,0.00055748003,537,validation
0.00027198734,0.001349855,0.9874555,0.0021479968,0.0031360234,0.002895859,0.0020912336,0.0006515422,538,validation
0.00010885435,0.00032462346,0.9961222,0.0005002933,0.0012015898,0.00089777104,0.00060644606,0.00023819096,539,validation
0.9758956,0.0016061626,0.0007595739,0.005870461,0.004325656,0.003595584,0.0054137753,0.0025332337,540,validation
0.010126378,0.0076523386,0.9026256,0.016028108,0.029421298,0.015218122,0.007111447,0.011816691,541,validation
0.00022701436,0.0008322713,0.9907295,0.0016438577,0.0023550736,0.0021255792,0.0016003369,0.00048633767,542,validation
0.00014347622,0.0004565813,0.9949527,0.00080954435,0.0013211763,0.00115312,0.00084703905,0.0003163735,543,validation
0.97808576,0.0014211147,0.00058375625,0.0046277368,0.0047234413,0.0027272585,0.005511379,0.0023195993,544,validation
0.0003020757,0.0014424102,0.9870635,0.0021614796,0.0031403294,0.0030303984,0.0021979166,0.0006619008,545,validation
0.00018900659,0.0005500321,0.9928918,0.0012806469,0.0019007642,0.0015629878,0.0012218689,0.00040286098,546,validation
0.95972687,0.0032546888,0.0012725955,0.009758328,0.0069627347,0.004623323,0.010079893,0.0043215314,547,validation
0.9787997,0.0013861713,0.000814486,0.005487344,0.0035611165,0.0028848925,0.004605754,0.002460527,548,validation
0.0005300577,0.00079335703,0.00043030473,7.760961e-05,0.99623173,0.0013156468,0.00039601233,0.0002252497,549,validation
0.00018078988,0.991926,0.00052588526,0.00079954334,0.0013005871,0.002082907,0.0023488975,0.0008353448,550,validation
0.00010318293,0.0002504507,0.99656725,0.0005157051,0.0010595826,0.0007894721,0.0005465398,0.00016769658,551,validation
0.9773269,0.0013757292,0.00051207235,0.006854701,0.0048983386,0.0022295048,0.004732631,0.00207013,552,validation
0.0029927446,0.0018784973,0.0012675397,0.0038806987,0.0012195745,0.0011194054,0.0016562811,0.9859853,553,validation
0.9699645,0.002000231,0.0010256486,0.0069636754,0.005119957,0.0045697563,0.0072735604,0.0030826037,554,validation
0.0019745142,0.0036338114,0.0012761913,0.006066035,0.0012622493,0.0012811831,0.0021989772,0.982307,555,validation
0.000538196,0.00831368,0.95642126,0.0063190353,0.0085605215,0.01067677,0.007347002,0.0018236139,556,validation
0.0002757411,0.00096599426,0.9890216,0.0020856971,0.002823243,0.0024667517,0.0017787978,0.00058217667,557,validation
0.0001476587,0.0005078175,0.99370486,0.00089196203,0.0018272261,0.0015220351,0.001105201,0.00029330677,558,validation
0.95979214,0.0028768962,0.0013026726,0.009311788,0.00748901,0.005205922,0.009423912,0.0045976355,559,validation
0.00012897755,0.0004359004,0.0001264975,0.00067924435,0.0005101429,0.00027061594,0.9977532,9.539121e-05,560,validation
0.00026770815,0.0007639311,0.99062145,0.0016319468,0.0028007268,0.0020493555,0.0013241536,0.0005406966,561,validation
0.9769209,0.0013549847,0.0006496361,0.0058783307,0.003994867,0.003463376,0.0056504994,0.002087358,562,validation
0.9802539,0.00095950376,0.0010896208,0.0046491637,0.004577954,0.002324286,0.0038141883,0.0023314299,563,validation
0.0020044332,0.004400496,0.0014495514,0.0057585863,0.0019341189,0.0017289184,0.0028585896,0.97986525,564,validation
0.0013422174,0.0009437237,0.001048595,0.0021999592,0.00059647224,0.0013719776,0.0011740772,0.9913229,565,validation
0.00016356587,0.0005869771,5.7759666e-05,0.00029624847,0.00042930467,0.00026366883,0.9980034,0.00019915108,566,validation
0.00037643916,0.0019873336,0.98218954,0.0032074363,0.0042039366,0.0043998514,0.0027896236,0.0008457867,567,validation
0.00034125138,0.0019721244,0.0023913658,0.0026559383,0.0022639083,0.9868389,0.0016433335,0.0018931644,568,validation
0.0002975826,0.001821194,0.98454326,0.002605534,0.0036668966,0.0038522044,0.0024886196,0.0007246507,569,validation
0.952221,0.0031947736,0.0021230981,0.01254491,0.008029821,0.0053199506,0.01115901,0.005407452,570,validation
0.001373631,0.0009643548,0.001489675,0.003456957,0.0009408986,0.001933498,0.0017339913,0.98810697,571,validation
0.00046963332,0.004932786,0.9712426,0.0041955817,0.0058941096,0.00707081,0.004958971,0.00123543,572,validation
0.98469365,0.0007577596,0.00042800026,0.0037972622,0.0030504062,0.0016944035,0.0042051952,0.0013733853,573,validation
0.00025500363,0.0011203191,0.98892665,0.0019421551,0.0026817156,0.002655114,0.0018525954,0.00056635344,574,validation
0.00045836926,0.003738697,0.9752891,0.004137591,0.00530898,0.0060135117,0.003911955,0.0011418175,575,validation
0.00029679365,0.0014671944,0.98660964,0.0025380044,0.0029290905,0.003203196,0.002250111,0.00070600206,576,validation
0.0007323577,0.007831503,0.95579237,0.008241362,0.0078665055,0.009975991,0.0073567433,0.0022031935,577,validation
0.0005281179,0.00037597277,0.00025533725,6.0275204e-05,0.997323,0.000985269,0.00029159375,0.0001804794,578,validation
0.98012686,0.0012909174,0.0005714159,0.0053583276,0.0033817582,0.0024597535,0.0047896137,0.0020214298,579,validation
0.975926,0.0015841568,0.00068053853,0.00591815,0.0043282113,0.0032266765,0.0059989826,0.002337275,580,validation
0.93637425,0.003412319,0.0035662253,0.016173488,0.015926242,0.0048341714,0.0122041805,0.007509047,581,validation
0.00050764414,0.0036750466,0.97410214,0.0046589803,0.005497612,0.0064302324,0.003871866,0.0012564871,582,validation
0.0003629803,0.0021155016,0.98261166,0.0029732138,0.0037511913,0.0044609355,0.0028569107,0.00086754706,583,validation
0.00032017496,0.0021867868,0.9838313,0.0024606246,0.0035203937,0.0042629824,0.0028148957,0.00060288265,584,validation
9.106936e-05,0.0011449433,0.0010729203,0.0007693617,0.0005308639,0.9954491,0.0007714659,0.00017026626,585,validation
0.93353665,0.0037776427,0.008970458,0.016795654,0.011879915,0.0077489694,0.01020143,0.0070893103,586,validation
0.00033991074,0.0016981151,0.9843494,0.002555516,0.0035251523,0.004119698,0.0026658142,0.00074637803,587,validation
0.9835976,0.00073841185,0.00064173853,0.0044791475,0.0033880223,0.0017804077,0.0035777618,0.0017968649,588,validation
0.97867703,0.0014648933,0.0006271981,0.0046583614,0.003633988,0.0033182434,0.004960791,0.0026594445,589,validation
0.00030761046,0.00123597,0.98702836,0.002305562,0.0030926445,0.003493612,0.0019959875,0.0005402017,590,validation
0.0015371683,0.050634604,0.0626831,0.010809005,0.03681386,0.81568396,0.014475603,0.0073627434,591,validation
0.97804993,0.0013961628,0.0006223777,0.0058435565,0.0040770033,0.002750305,0.0052266405,0.0020340208,592,validation
0.0004043423,0.0024404468,0.97926563,0.0040229205,0.0045356653,0.0052324263,0.003120156,0.0009783962,593,validation
0.0005106064,0.0058916733,0.9669982,0.005479034,0.0062604705,0.00869422,0.004827552,0.0013381856,594,validation
0.9426628,0.0018123866,0.008618056,0.016337946,0.009445939,0.0055863224,0.011197483,0.004339111,595,validation
0.92481923,0.0084804,0.0029462236,0.01593895,0.012872463,0.011164741,0.016021114,0.0077569233,596,validation
0.00029780256,0.0014911529,0.986024,0.002457709,0.003506095,0.0033190278,0.0022709325,0.0006332938,597,validation
0.0037684718,0.0068824715,0.9494668,0.011206732,0.009999066,0.0085837245,0.006931756,0.0031608653,598,validation
0.91235393,0.0059726704,0.006260645,0.02032528,0.016966585,0.010175453,0.017596776,0.010348652,599,validation
0.00020530041,0.0009340072,0.99040204,0.0013071523,0.0026029143,0.0020810063,0.0018762039,0.00059145124,600,validation
0.00027267888,0.0012664484,0.98829275,0.0017637613,0.002779226,0.0030151848,0.0020550336,0.00055488996,601,validation
0.9867324,0.00065371057,0.00041042975,0.0031149485,0.003114993,0.0015704271,0.002880216,0.0015227961,602,validation
0.00016801684,0.0006739777,0.9927517,0.0011822392,0.0017977353,0.0018574736,0.0012305886,0.00033838395,603,validation
0.0002923169,0.0013170661,0.98756987,0.0020627829,0.0027781166,0.0030715743,0.0022694475,0.00063882745,604,validation
0.96520555,0.0023305174,0.00092802494,0.008230357,0.005398293,0.0052109216,0.008813467,0.0038828861,605,validation
0.00030831527,0.0014344624,0.9863751,0.0023576817,0.0033415402,0.0032815856,0.0021763034,0.0007250929,606,validation
0.00042469686,0.001863045,0.9825492,0.0033449337,0.0037596591,0.004351914,0.0029190185,0.0007876688,607,validation
0.9780002,0.001407816,0.0007251405,0.005391576,0.004623761,0.0026476635,0.004778697,0.0024251821,608,validation
0.6359401,0.009897126,0.227203,0.041286632,0.022185966,0.024102978,0.022246616,0.01713763,609,validation
0.00033404474,0.0013360247,0.98767555,0.0022377907,0.0027413722,0.0028633163,0.0020717308,0.00074023055,610,validation
0.89785546,0.014665134,0.0027690094,0.016025776,0.019350179,0.0133548835,0.018439613,0.017539913,611,validation
0.00017263967,0.9907748,0.0008507531,0.0008486693,0.0016761369,0.0027775415,0.0022503976,0.00064900727,612,validation
0.9850017,0.0008012517,0.00052182865,0.0039448882,0.0026755924,0.0021714119,0.0033156937,0.0015676126,613,validation
0.00021417472,0.00079026056,0.9914259,0.0014346583,0.0020015684,0.002279962,0.0012933288,0.00056009385,614,validation
0.0003805263,0.0013645435,0.9857868,0.0034136174,0.003198814,0.0029270288,0.0020179236,0.0009106196,615,validation
0.00013245155,0.00045302315,0.9952382,0.00065011467,0.0013605608,0.0010829507,0.00079638296,0.0002862441,616,validation
0.000102368,0.00026673957,0.9964395,0.000556001,0.0010212661,0.00082801486,0.00058334233,0.00020274198,617,validation
0.00039389817,0.0036797565,0.9742159,0.0043233903,0.005988411,0.0063807825,0.003754327,0.0012635149,618,validation
0.918398,0.0020100838,0.017080389,0.022036225,0.014424514,0.0072769206,0.013371917,0.0054019317,619,validation
0.00019188109,0.99018085,0.00073496567,0.0010152122,0.0018295919,0.0024768605,0.0026098737,0.00096091256,620,validation
0.00019444262,0.0006216817,0.9926443,0.0013412193,0.0018778909,0.0015457514,0.0013474158,0.00042717165,621,validation
0.00020137358,0.99072826,0.0006221582,0.0010411284,0.0014582983,0.0022643416,0.0026642212,0.0010202412,622,validation
0.00068710005,0.00942708,0.95185214,0.008038597,0.009050272,0.010854203,0.0075797853,0.0025108855,623,validation
0.9758858,0.0016997989,0.00071851903,0.006152912,0.0044782218,0.0031957591,0.0050247423,0.0028443872,624,validation
0.9874816,0.0005497628,0.0003929659,0.0036167745,0.0022860365,0.0014736989,0.002974601,0.0012245136,625,validation
0.0003512992,0.001700869,0.98485094,0.002619836,0.0036775349,0.0035206443,0.002485775,0.00079307664,626,validation
0.00040901112,0.00045309347,0.99149305,0.0021573803,0.0015029893,0.0023525094,0.0009214225,0.000710521,627,validation
0.9813881,0.0010338434,0.0006411038,0.004540903,0.0035437664,0.002400421,0.004423279,0.002028579,628,validation
0.9797707,0.0011053965,0.00072653923,0.004499989,0.0043421495,0.0026530258,0.0047889897,0.0021131383,629,validation
0.0001890799,0.00067039154,0.9921938,0.0014120709,0.0020474638,0.0017429983,0.0013222232,0.00042187134,630,validation
0.98331857,0.0008168888,0.0005747004,0.0041968385,0.0031395208,0.002290411,0.0038182011,0.0018449684,631,validation
0.982665,0.0010895043,0.0005909325,0.004042446,0.0036365278,0.0021366917,0.0037391777,0.002099741,632,validation
0.00027230527,0.0010803706,0.9892105,0.0018153565,0.0026249338,0.002506805,0.0018663972,0.0006233136,633,validation
0.00010019958,0.00030823346,0.9965553,0.0005294581,0.00095150433,0.0007348807,0.000592972,0.00022752235,634,validation
0.00034295057,0.0015889634,0.98530996,0.0026135154,0.003592568,0.0034889786,0.0023123736,0.0007505839,635,validation
0.00022283639,0.9892079,0.00070621003,0.001091811,0.0017858315,0.002556271,0.00308445,0.0013445844,636,validation
0.00014802392,0.00038924103,0.99471104,0.000870991,0.0014972007,0.0012187988,0.00088784064,0.0002769008,637,validation
0.00018456738,0.0006685229,0.99223036,0.0013099283,0.0020473956,0.0017918466,0.0013573909,0.00040999916,638,validation
0.00024909916,0.0007784896,0.989512,0.00173822,0.002806917,0.0027619142,0.0016599083,0.0004934314,639,validation
0.98144907,0.00083311176,0.00047257094,0.0042787776,0.002998273,0.0023317938,0.0039297678,0.003706607,640,validation
0.96184325,0.0018042877,0.0010576708,0.009367349,0.0065651773,0.0038696495,0.007641915,0.007850823,641,validation
8.709659e-05,0.00087628345,0.0006557448,0.0011454872,0.0005369892,0.99503493,0.001029004,0.00063450716,642,validation
0.00034792352,0.0016659853,0.98246425,0.0034987452,0.0032634712,0.0032987376,0.0028391115,0.002621888,643,validation
0.00028236242,0.0010112732,0.98671687,0.0025617038,0.0029459144,0.0027143292,0.001883023,0.0018844558,644,validation
0.000112878224,0.9913572,0.00039533223,0.0006017155,0.0014749233,0.002324247,0.0025228246,0.0012108865,645,validation
0.00030199921,0.0007964636,0.9880321,0.0026197701,0.002138039,0.0021360663,0.0018696843,0.002105906,646,validation
0.00032823533,0.0013204819,0.9835752,0.0033740532,0.0031268594,0.0032714703,0.0024516566,0.002552173,647,validation
0.97007453,0.0014886047,0.0007241221,0.0068773297,0.0049109436,0.0034910624,0.007045445,0.0053879507,648,validation
0.9761528,0.0009443609,0.00081223773,0.005621216,0.004451362,0.0019770977,0.0045549916,0.0054859864,649,validation
0.00018916748,0.0005769976,0.9915587,0.0017456783,0.001518078,0.0015536479,0.0012387794,0.0016190385,650,validation
0.944095,0.0031097457,0.001669764,0.012933208,0.008768296,0.0060687545,0.01131246,0.012042774,651,validation
0.9676738,0.0017536399,0.0009128474,0.0075940904,0.005067932,0.003588818,0.0061959354,0.0072129816,652,validation
0.9239152,0.0056897397,0.0015073715,0.015568091,0.012814882,0.0076532755,0.015114936,0.017736355,653,validation
7.4642376e-05,9.91736e-05,0.99791914,0.00037459473,0.00045516994,0.0003307335,0.00031961378,0.00042690156,654,validation
0.00029437424,0.001981942,0.9815607,0.0030071735,0.003927675,0.0040559364,0.0028473034,0.0023248855,655,validation
0.9792965,0.0006599234,0.0006640633,0.005907429,0.0027228945,0.0022469205,0.0049682623,0.003533992,656,validation
0.00032501013,0.0016870047,0.9815941,0.003735297,0.003205975,0.0033725663,0.002796932,0.0032832155,657,validation
0.000147701,0.0002992884,0.99520457,0.0008379723,0.0009239927,0.00094811775,0.00071729656,0.0009211153,658,validation
0.00031762465,0.0010930407,0.985145,0.003138754,0.0033120438,0.0030136462,0.0021652044,0.00181473,659,validation
0.00063512084,0.0035920693,0.9643292,0.0073525594,0.005951099,0.008613964,0.00524877,0.004277177,660,validation
0.00032343206,0.0011311793,0.9856082,0.0028520073,0.0027957233,0.0029789098,0.0021812092,0.0021294272,661,validation
0.00014502714,0.00031953584,0.99405634,0.0012476632,0.0012710802,0.001024231,0.0008860146,0.0010500933,662,validation
0.00020359759,0.00065761665,0.99021554,0.001751724,0.0023791678,0.0020088507,0.001492849,0.0012905758,663,validation
0.00040415197,0.0017881287,0.9805556,0.003740298,0.0037302298,0.0043701837,0.0026470718,0.0027643165,664,validation
0.00040504456,0.0009851656,0.9834135,0.0034575392,0.003365366,0.003565164,0.002566125,0.0022421333,665,validation
0.00086178025,0.010000083,0.93363243,0.010373732,0.014041517,0.01541454,0.008377703,0.0072981985,666,validation
0.96426326,0.0023393726,0.0008181906,0.007474446,0.004789381,0.0043192618,0.009270214,0.0067259595,667,validation
0.00012979397,0.9910773,0.00039352817,0.00069788407,0.0014103326,0.0022330352,0.0024995275,0.0015585937,668,validation
0.0004412082,0.002291263,0.9752255,0.005017721,0.0044886796,0.0053192135,0.0034871898,0.0037292216,669,validation
0.0001606452,0.00045917442,0.99280715,0.0013907863,0.0014819907,0.0012454663,0.0011215019,0.0013333021,670,validation
0.00019284045,0.00053615036,0.99175596,0.0016215282,0.0017427808,0.0014098329,0.0012872476,0.0014537439,671,validation
0.0002692576,0.0008793221,0.98647666,0.0032447788,0.0025823193,0.002521052,0.002079783,0.001946752,672,validation
0.97486067,0.00074273936,0.0007064325,0.007306698,0.004236334,0.0024357669,0.004563752,0.0051475344,673,validation
0.96956897,0.0012139247,0.000760518,0.007706854,0.0042694653,0.003220692,0.007132033,0.006127437,674,validation
0.0004866174,0.0035599025,0.9746737,0.0029922316,0.0032775006,0.0063033206,0.006318482,0.0023882103,675,validation
0.00045775934,0.003075045,0.9721692,0.0059002163,0.0045024147,0.005758341,0.003979383,0.0041576778,676,validation
0.96366817,0.0015501711,0.0011715352,0.008851375,0.006939042,0.0036170206,0.006569894,0.007632884,677,validation
0.97225595,0.0010375408,0.00071973744,0.007456471,0.00429175,0.0026350296,0.006509119,0.005094441,678,validation
0.0002116532,0.00066013425,0.99095297,0.0016899888,0.0017877999,0.0017508798,0.0013694445,0.0015771013,679,validation
0.00059816876,0.004905435,0.9619299,0.008291895,0.005586497,0.008518402,0.0050222888,0.0051474185,680,validation
0.00025549877,0.0010254198,0.987207,0.0025667616,0.0025420235,0.002547392,0.0018454441,0.0020105678,681,validation
0.011151961,0.0030246296,0.9427828,0.01103609,0.00825888,0.0065961685,0.006743457,0.010405994,682,validation
0.9389433,0.0038955733,0.0024632358,0.013432925,0.008133796,0.0062045124,0.012291644,0.014635062,683,validation
0.00055393233,0.0049325516,0.9614837,0.007575392,0.0067733913,0.008750623,0.00462253,0.0053078476,684,validation
0.30429214,0.0025273643,0.61375433,0.024839036,0.011888927,0.0128692975,0.01481425,0.015014596,685,validation
0.933903,0.0042992835,0.0017256201,0.015993478,0.010908612,0.007857103,0.013181388,0.012131498,686,validation
0.5155007,0.018404571,0.1805276,0.07910065,0.055006143,0.03780507,0.057400767,0.056254435,687,validation
0.00026941975,0.0009670829,0.9866368,0.0028678598,0.0026025446,0.0024861118,0.0019261495,0.002243967,688,validation
0.00027705132,0.0009831103,0.9881067,0.0022233692,0.0023039628,0.0024117904,0.0019090798,0.0017849827,689,validation
0.9872962,0.00044881395,0.0003330095,0.0032168585,0.0020847986,0.00096122,0.0025829356,0.0030761708,690,validation
0.00014644745,0.00041008677,0.99430954,0.0009312722,0.001190099,0.0009688631,0.0008731568,0.0011705532,691,validation
0.0005760102,0.9798895,0.0006354878,0.0015811432,0.0040897434,0.003725123,0.0046183523,0.0048846602,692,validation
0.96746373,0.0016734751,0.000993941,0.007332384,0.0049984613,0.004173932,0.0062878635,0.007076323,693,validation
0.00012305791,0.0012008719,0.00094520225,0.001171779,0.0031249528,0.9907114,0.0014919892,0.0012307978,694,validation
8.8801775e-05,0.00017451233,0.9969734,0.0005556392,0.00065464876,0.0005319158,0.00047759523,0.00054343266,695,validation
0.00021363278,0.0006608175,0.99045384,0.0019278517,0.0017538021,0.0017456823,0.0015996299,0.0016447597,696,validation
0.0002948181,0.0012680689,0.98440474,0.0035988886,0.0023935535,0.0031578853,0.0024517819,0.0024302464,697,validation
9.92248e-05,0.00018833007,0.99671704,0.0006177311,0.00074947905,0.00061486586,0.0005021925,0.00051105156,698,validation
0.92316455,0.0058974046,0.001307105,0.018766193,0.011863376,0.0070752623,0.016242133,0.015683966,699,validation
0.00024635825,0.00073643815,0.9896151,0.0020146996,0.002149094,0.0019826759,0.0016255112,0.0016301451,700,validation
0.00028049946,0.0013076615,0.9860291,0.002719559,0.0023368148,0.0029931974,0.0022773468,0.0020558047,701,validation
0.00030908053,0.001146945,0.98684597,0.0026460253,0.0020670514,0.0027503474,0.002228812,0.0020057883,702,validation
0.96966124,0.0012085837,0.0008157808,0.0070901853,0.004428269,0.0028951496,0.0067406143,0.007160276,703,validation
0.00021225002,0.0006432309,0.9909837,0.0016614991,0.0019434213,0.0018030964,0.0014038299,0.0013488834,704,validation
0.0002617583,0.00080487266,0.98743093,0.002685768,0.0023134956,0.002749378,0.0015412512,0.0022124227,705,validation
0.98128307,0.0007428105,0.0004488001,0.004440203,0.0025498765,0.0017423365,0.005417511,0.0033754227,706,validation
0.94531167,0.003269523,0.0009601582,0.014579478,0.0074226316,0.005245074,0.011930336,0.011281135,707,validation
0.0002898104,0.0011345448,0.98616576,0.0028597163,0.002755212,0.002652211,0.0019756814,0.0021670624,708,validation
0.00031276522,0.0009157925,0.98711383,0.00274003,0.0024010942,0.0023371722,0.0020139168,0.0021654235,709,validation
0.00032157413,0.0009639067,0.98669934,0.0026698413,0.0023310222,0.0026299425,0.0017398746,0.0026443682,710,validation
0.00031239784,0.00089579355,0.98740447,0.002473555,0.002423942,0.0023300266,0.0020392337,0.002120598,711,validation
0.0003510143,0.0016171878,0.9814921,0.004059821,0.0033147684,0.0036685963,0.0025810432,0.0029153442,712,validation
0.00060332415,0.0075425524,0.9476169,0.008231115,0.009762923,0.011285955,0.007559705,0.0073975828,713,validation
0.00016008936,7.555828e-05,4.466524e-06,0.000104821585,0.00011645127,6.543504e-05,0.9993832,8.999515e-05,714,validation
0.00037879634,0.001259204,0.98214555,0.004190947,0.0030729258,0.0035253365,0.002931777,0.0024953552,715,validation
9.217208e-05,0.00045366958,3.4527893e-05,0.0010443826,0.00014441911,0.00014005913,0.0005504583,0.99754024,716,validation
7.084401e-05,0.00012276534,0.9977488,0.00038766323,0.0005041391,0.0004191573,0.00032608764,0.00042047532,717,validation
0.00024769694,0.00067626545,0.9895607,0.002288021,0.0020736346,0.0017663577,0.0016044282,0.0017829427,718,validation
0.98020387,0.00080480136,0.00043447586,0.0051639397,0.0037077465,0.0013642164,0.0045148125,0.0038061233,719,validation
0.97404003,0.00093626464,0.0008982057,0.0060375696,0.004782535,0.002307124,0.0056452835,0.005352986,720,validation
9.4382e-05,0.000844666,0.0005288066,0.0015378734,0.00059191993,0.9945216,0.001135921,0.00074472977,721,validation
0.9766824,0.0010623805,0.00066631736,0.005309765,0.004440405,0.0024274557,0.004338548,0.005072698,722,validation
0.00010002768,0.00018793166,0.9965502,0.0006513968,0.0008251667,0.000649373,0.0005146665,0.00052122853,723,validation
0.00046650798,0.002092441,0.97900546,0.0039895466,0.0036669872,0.0040992005,0.003379616,0.0033002414,724,validation
0.97154343,0.0009587682,0.00088926294,0.007977885,0.004373824,0.0033943795,0.00525974,0.0056028073,725,validation
0.97841245,0.0012325055,0.0004541528,0.0049699466,0.0027993422,0.0023957884,0.006154566,0.003581195,726,validation
6.440323e-05,4.2937416e-05,3.548032e-05,0.00030627384,3.404951e-05,2.3834085e-05,7.8381614e-05,0.9994147,727,validation
5.368453e-05,0.00024468426,5.9340728e-05,0.000582372,5.4363623e-05,0.00025174982,0.0008921983,0.99786156,728,validation
0.00082330924,0.0014352215,0.0003812993,0.0002048345,0.9934847,0.0024086945,0.00064037804,0.0006214726,729,validation
0.0006295688,0.0045153196,0.0013651421,0.0005287968,0.9428131,0.0420677,0.0018834848,0.006196903,730,validation
0.9803135,0.0008198616,0.00043399143,0.0047928216,0.0032837263,0.002061643,0.0044623017,0.0038322322,731,validation
0.98078763,0.00070929504,0.0007237352,0.0051504252,0.0027812603,0.0018621575,0.004244201,0.003741369,732,validation
0.9772315,0.0011995638,0.00037726952,0.0047305,0.0037323798,0.0026075863,0.006362463,0.0037587665,733,validation
0.00013216349,0.99172604,0.00042845297,0.00066288904,0.0015571633,0.0020466,0.002119231,0.0013275583,734,validation
0.00025852714,0.001094592,0.98705137,0.0027467045,0.0019603048,0.002936887,0.0022006705,0.0017508939,735,validation
0.00044536716,0.974986,0.0017024194,0.0028248997,0.005931457,0.0048347744,0.004883403,0.004391673,736,validation
0.00014653038,0.00043114193,0.993785,0.0012288066,0.0012037379,0.0012210743,0.0010573051,0.00092636957,737,validation
0.0001401492,0.00042001237,0.9946572,0.00087835797,0.001138054,0.00093736156,0.0009285316,0.00090024946,738,validation
0.00020821438,0.00072596926,0.99057907,0.0016900811,0.0016222581,0.0018307869,0.0016897169,0.0016539167,739,validation
0.97956985,0.0006664708,0.0007450678,0.0042859665,0.003511219,0.0019172818,0.004814202,0.0044899196,740,validation
0.98530024,0.0005221698,0.00047436196,0.0035064633,0.0025424196,0.0012041501,0.00257501,0.0038750486,741,validation
0.0003703822,0.0017206665,0.98190063,0.0031666874,0.0036172695,0.0035949275,0.00276717,0.0028622476,742,validation
0.95073503,0.002807391,0.001096183,0.011632584,0.0076402226,0.0048240973,0.011146293,0.010118157,743,validation
0.0002859937,0.000793532,0.98844147,0.0025668724,0.0021578316,0.0020461313,0.0017742679,0.0019339413,744,validation
0.000100043195,0.00017880507,0.9965945,0.00062679633,0.0008284592,0.0006685859,0.0005148137,0.00048812132,745,validation
0.9451712,0.003293646,0.0014736799,0.013912342,0.008863325,0.006220248,0.012811211,0.008254337,746,validation
0.0002479118,0.0011405455,0.98704344,0.002619743,0.0023991216,0.002378737,0.001964727,0.0022057355,747,validation
0.00011200319,0.0002390379,0.99596053,0.00073737564,0.0009240701,0.00076511316,0.0005662604,0.000695704,748,validation
0.00034595988,0.0021742778,0.9784274,0.0039957557,0.004186336,0.0056207282,0.0030872847,0.0021622553,749,validation
0.00044220957,0.0017892449,0.97810704,0.005221363,0.0037995917,0.0046051904,0.0032591333,0.0027761993,750,validation
0.9577519,0.0021490823,0.0008219644,0.010050094,0.0077034035,0.003831833,0.009587645,0.008104154,751,validation
0.00033672169,0.0013040749,0.9835656,0.0035141034,0.0030733992,0.003014144,0.0023811348,0.00281085,752,validation
4.871997e-05,0.0005554643,0.00038328735,0.0007617263,0.00027728992,0.9968177,0.0007774608,0.00037833286,753,validation
0.97640103,0.0015203883,0.00053260184,0.005307352,0.003722677,0.0028143767,0.005132657,0.0045688557,754,validation
0.00034359517,0.0010708624,0.9856253,0.0031434037,0.0025756594,0.0024088237,0.0021955138,0.002636728,755,validation
0.0001414017,0.00035223004,0.9952317,0.0007909927,0.0010149019,0.0008704485,0.0007603374,0.0008379632,756,validation
0.9800782,0.0006320797,0.00057552283,0.005485467,0.0027565893,0.0018787553,0.005162679,0.003430667,757,validation
0.0002582569,0.0006403558,0.9883797,0.0027692155,0.0020533062,0.0023030285,0.0019119306,0.001684146,758,validation
0.00015551134,0.9893277,0.00051151856,0.0008872311,0.0020215851,0.0024426747,0.0028711206,0.0017824591,759,validation
0.96922004,0.0017238943,0.00085747096,0.005546017,0.0037193967,0.005165093,0.0071335672,0.006634511,760,validation
0.00023270154,0.0007750658,0.98976,0.0019645402,0.0022229655,0.0017655371,0.0014900243,0.001789084,761,validation
0.00031768924,0.0010418502,0.9854741,0.0030909874,0.002951295,0.0026551005,0.0021913033,0.0022777442,762,validation
0.00028995247,0.00025856605,0.0001685208,3.6659138e-05,0.9979254,0.00096549484,0.00016690666,0.00018844171,763,validation
0.00023429628,0.0006046987,0.99051124,0.0019543024,0.0019508128,0.0016272081,0.0014990923,0.001618224,764,validation
0.9856329,0.00050087844,0.0004534836,0.0037185831,0.0022957455,0.0013237923,0.0030574084,0.003017191,765,validation
0.00011347863,0.9913067,0.00039279505,0.00059284497,0.0014872748,0.0022911993,0.0024180738,0.0013975719,766,validation
0.9329822,0.004239734,0.0014733976,0.015020113,0.012463975,0.0058991876,0.012398758,0.0155226635,767,validation
0.0007280612,0.0016393552,0.9819126,0.004050787,0.0031122807,0.0037280393,0.0024028898,0.002425952,768,validation
0.0005207198,0.00094431546,0.99085814,0.0014514932,0.0012291947,0.0017859477,0.0013775626,0.0018326795,769,validation
0.000268783,0.0005001083,0.99426407,0.001014228,0.0012039129,0.0010785668,0.000838494,0.00083191245,770,validation
0.00080407795,0.0018941246,0.98031324,0.0042774505,0.0030543276,0.0048624733,0.0023230847,0.0024711334,771,validation
0.00034232708,0.00043178638,0.99392456,0.0011695728,0.0010712581,0.0010670582,0.0009103536,0.0010831892,772,validation
0.000905962,0.0021401204,0.9782693,0.0052291467,0.003377827,0.0042944844,0.0025581482,0.0032251356,773,validation
0.0047434126,0.09192235,0.14104247,0.013594947,0.5905485,0.12214751,0.0141729405,0.021827864,774,validation
0.0007567687,0.0019071612,0.98053944,0.0036978726,0.003525225,0.0040072748,0.0027457322,0.0028205337,775,validation
0.00050176773,0.00043948006,0.00016119801,0.0016232077,0.00020396452,0.00021442326,0.0004328273,0.9964232,776,validation
0.00057482196,0.0010356371,0.98704916,0.0027049684,0.0023796074,0.0025145495,0.001707144,0.002034083,777,validation
0.0014208703,0.0048761833,0.95895815,0.0076131457,0.0059559587,0.010425147,0.0040978957,0.006652601,778,validation
0.00024245346,0.0002947282,0.9953935,0.0008550134,0.00089932047,0.0009538109,0.0006929701,0.00066823984,779,validation
0.0006642305,0.0019018857,0.98197156,0.0040424205,0.0030430313,0.0037213967,0.0023188675,0.0023365566,780,validation
0.99232024,0.00031138695,0.00018038425,0.0018996366,0.0013565697,0.00066320715,0.001636149,0.0016324591,781,validation
0.98747927,0.0005906447,0.00026230243,0.0034043058,0.0021008851,0.0013545422,0.0026759412,0.0021321336,782,validation
0.9687028,0.0020180317,0.0007409356,0.007866227,0.0052640964,0.002852277,0.00592123,0.0066343327,783,validation
0.9855354,0.0006076535,0.00038123952,0.0034615905,0.0028208378,0.0012741016,0.0030109198,0.0029083039,784,validation
0.0012730657,0.00042942006,0.00032629372,0.0020997494,0.00018274396,0.0001748701,0.0003429153,0.995171,785,validation
0.001277534,0.002161271,0.0007771473,0.00032374516,0.9902734,0.003333125,0.0009228004,0.00093096757,786,validation
0.9737449,0.0011676088,0.001191551,0.005538374,0.0056276377,0.0025346286,0.00416939,0.006025966,787,validation
0.0010255888,0.001285905,0.0007954964,0.00021673257,0.9934521,0.0020265754,0.0007247216,0.00047287153,788,validation
0.0055932244,0.010816037,0.9286177,0.013794373,0.0133208195,0.01128546,0.006146519,0.010425875,789,validation
0.00025646083,0.000328321,0.99523634,0.00079779385,0.000940438,0.0010259587,0.0006760845,0.0007385807,790,validation
0.9827176,0.000919679,0.0005081348,0.0037971598,0.0031369275,0.0019430919,0.003272295,0.0037052,791,validation
0.0006456633,0.0011650793,0.98631686,0.0030104294,0.002341256,0.002751456,0.0018511915,0.0019180728,792,validation
0.00068440725,0.001358205,0.9817529,0.0042728223,0.0030194714,0.003748451,0.0025821635,0.0025816183,793,validation
0.0003236357,0.00046560803,9.981348e-05,0.0014479116,0.00015412293,0.00018559807,0.00046323735,0.99686015,794,validation
0.0010104963,0.0031497357,0.9749312,0.004767153,0.003558,0.0061276723,0.0035948511,0.0028609736,795,validation
0.0005768169,0.0015153987,0.9857085,0.0028919932,0.0023780135,0.0030451284,0.0020652488,0.0018189043,796,validation
0.98509383,0.0008298277,0.00037362726,0.0038466486,0.0022511934,0.0015895673,0.0027963847,0.0032189079,797,validation
0.0006485978,0.001672675,0.9825974,0.0038266212,0.0029077658,0.0035244501,0.0024349885,0.0023875705,798,validation
0.000803619,0.0020335277,0.9798117,0.00414309,0.00327948,0.004386061,0.0028678456,0.0026746597,799,validation
0.00043532872,0.00056132895,0.9922106,0.0017381782,0.0013552736,0.0014293543,0.0010860723,0.0011838473,800,validation
0.00073692005,0.0017131242,0.00022119688,0.001111558,0.0013369885,0.0008379924,0.9929617,0.0010804611,801,validation
0.9881648,0.00069136923,0.00026276452,0.0026116164,0.0020892124,0.0012521027,0.0024069182,0.002521332,802,validation
0.0006732103,0.0027312147,0.97796255,0.0040712375,0.0035905403,0.005163822,0.0031455192,0.002661932,803,validation
0.0010342876,0.0035956204,0.97202986,0.005987026,0.0042112116,0.0062320055,0.0036304835,0.0032794261,804,validation
0.9766887,0.0015934617,0.00066043873,0.0053668283,0.0041197804,0.0023444896,0.0040929476,0.0051333783,805,validation
0.00039188648,0.00043741535,0.9927133,0.0016274013,0.0010643674,0.0013303,0.0009300356,0.0015052618,806,validation
0.00025048797,0.99074507,0.00051192124,0.00097411696,0.0014950176,0.0021873906,0.0023285563,0.0015073684,807,validation
0.0006313217,0.0013700891,0.98434883,0.003428728,0.0028011913,0.0031423294,0.0020664027,0.0022110979,808,validation
0.99024934,0.00042505388,0.00022803692,0.0026168446,0.001517167,0.0008148777,0.0021302337,0.0020185378,809,validation
0.00063760707,0.0016361407,0.983479,0.0034626434,0.003022018,0.0034297567,0.0021100224,0.0022228542,810,validation
0.017631095,0.00207033,0.9413446,0.013880603,0.0028376048,0.012627361,0.003413915,0.0061945454,811,validation
0.9850641,0.0010013836,0.00030363846,0.0035683615,0.002897652,0.0013222437,0.0030174523,0.0028250548,812,validation
0.98831344,0.00044987042,0.00030316514,0.0028382987,0.0021764212,0.001095313,0.0026352045,0.0021882895,813,validation
0.0008330283,0.0024272103,0.97849244,0.004362646,0.0036657022,0.004649113,0.002739526,0.0028302167,814,validation
0.98796487,0.0005338262,0.00027203994,0.0033943728,0.0021860555,0.0010468145,0.0025063155,0.0020958623,815,validation
0.00023836967,0.00040301355,0.9945991,0.0010774562,0.0010179377,0.0011466782,0.00078994554,0.00072739884,816,validation
0.00074755144,0.0004170645,0.00025362472,0.0018480597,0.00019496611,0.00033863814,0.00057100604,0.9956291,817,validation
0.0009588505,0.0022747181,0.00029768405,0.0013172997,0.0013692565,0.0010282276,0.9913878,0.0013662167,818,validation
0.0006821606,0.0014557062,0.9840051,0.003316061,0.0025676072,0.0036490972,0.0021529354,0.0021713448,819,validation
0.0006501317,0.0014741211,0.98567873,0.0028526671,0.0022992068,0.0032820925,0.0020507223,0.001712268,820,validation
0.003524905,0.0047356216,0.94184154,0.014066393,0.0069416743,0.01213415,0.0057537,0.011001932,821,validation
0.00046149187,0.0005816616,0.9916441,0.0019482787,0.0013072985,0.0014966233,0.0012145932,0.0013458618,822,validation
0.00040317822,0.00038665926,0.00011338555,0.0011503785,0.00013581854,0.00024936104,0.00042076968,0.9971404,823,validation
0.0032266013,0.015049896,0.91411304,0.01857166,0.011225156,0.018785067,0.008729234,0.010299383,824,validation
0.00031491663,0.00043301887,0.99414,0.0011053021,0.0010165706,0.0012054548,0.0008896713,0.00089510443,825,validation
0.97642356,0.0016001039,0.000539286,0.006198933,0.0037360734,0.00263548,0.0043880683,0.0044784746,826,validation
0.000660736,0.00034258093,0.0002562576,0.00010341486,0.99728644,0.00089396257,0.00028976516,0.00016681361,827,validation
0.00012707736,0.99455994,0.0002628067,0.00043636156,0.000681997,0.0014829042,0.001661944,0.00078691926,828,validation
0.00042655732,0.0005498287,0.9927044,0.0014137147,0.0012197471,0.0015565448,0.0010580462,0.0010711589,829,validation
0.0008148129,0.002759684,0.97912437,0.004074628,0.002980081,0.004816834,0.0029631595,0.0024663848,830,validation
0.0005534397,0.0010638742,0.98806643,0.002317556,0.0020371291,0.0025985562,0.0018201404,0.001542861,831,validation
0.9892112,0.00058061536,0.00023563826,0.0023641349,0.0019922294,0.001238734,0.0023047286,0.0020727261,832,validation
0.98216176,0.0011060864,0.0005238143,0.0036463744,0.0028751732,0.002088312,0.0036526443,0.0039458307,833,validation
0.004906662,0.02474404,0.81233245,0.045655116,0.022319995,0.02783369,0.013009348,0.049198695,834,validation
0.0012811365,0.0026690818,0.96932364,0.0068739885,0.0050884844,0.005579543,0.0034626217,0.0057215653,835,validation
0.9680562,0.0024507605,0.0012425649,0.0064169336,0.0055085453,0.004044316,0.005405566,0.006875068,836,validation
0.0045113005,0.018862208,0.8998034,0.018767498,0.019559339,0.017861117,0.008710255,0.011924876,837,validation
0.00037342668,0.00043640315,0.00013029182,0.001668186,0.0001280496,0.0007414754,0.00055463734,0.9959675,838,validation
0.0007150605,0.0021838802,0.9795554,0.0043386947,0.003648358,0.004291012,0.0028203123,0.002447239,839,validation
0.0007241943,0.0017094245,0.9826576,0.0037196663,0.002687215,0.0034121699,0.0023432653,0.0027463888,840,validation
0.9810204,0.001210778,0.00039028598,0.0046444754,0.003246395,0.0019543327,0.0039915424,0.0035417257,841,validation
0.9650971,0.0027900187,0.00073891657,0.009071667,0.0053596287,0.00408726,0.0062365034,0.006618841,842,validation
0.9845563,0.00092508725,0.00030176618,0.0036381714,0.0027520577,0.0016604486,0.0034689829,0.0026970834,843,validation
0.00023982806,0.9896109,0.00044141646,0.0008832713,0.001421901,0.0022216588,0.0028794126,0.002301588,844,validation
0.0001786102,0.99280435,0.0003740763,0.0006394933,0.001139063,0.0017407631,0.0019556098,0.001168122,845,validation
0.0007243177,0.0018242074,0.9824072,0.0033945804,0.0027575144,0.00373717,0.0027434407,0.0024115366,846,validation
0.98881567,0.0005379867,0.00027096868,0.0022520465,0.0022961686,0.0013337787,0.0021334547,0.0023598883,847,validation
0.32432646,0.020797968,0.39481694,0.076022476,0.039551564,0.0448178,0.042664003,0.057002805,848,validation
0.00063051534,0.0011737345,0.98568636,0.00319359,0.0026375037,0.0027262145,0.0018729162,0.0020792545,849,validation
0.0008455701,0.0035024183,0.97004426,0.006627743,0.0048432183,0.0073319064,0.0041522356,0.0026526412,850,validation
0.00019692125,0.00021788299,0.9964933,0.00069668615,0.0007076962,0.0006923214,0.00047433787,0.0005208862,851,validation
0.00060550973,0.0015323028,0.98579687,0.002583513,0.0023012343,0.0032246092,0.002194195,0.001761802,852,validation
0.98440915,0.00095382903,0.00037006757,0.003692775,0.0026482192,0.0012557968,0.0030412886,0.0036288286,853,validation
0.0011049779,0.003321027,0.9687242,0.007621564,0.004573595,0.006711247,0.0041321246,0.0038113035,854,validation
0.00026230217,0.00035492526,0.9947365,0.0010314494,0.0011107787,0.0011452152,0.00068755524,0.0006712624,855,validation
0.0006276355,0.0017883653,0.9832461,0.003618854,0.002617472,0.003472811,0.0021804112,0.0024483986,856,validation
0.95573574,0.0019110747,0.004296799,0.01113124,0.007868985,0.005341329,0.0071761333,0.0065387655,857,validation
0.9785079,0.0012656167,0.00043137898,0.00617627,0.0039799777,0.0018297284,0.004154413,0.003654729,858,validation
0.00027224125,0.98927784,0.00052255887,0.0010134241,0.0015711214,0.0022429232,0.0028910546,0.0022087984,859,validation
0.00025333234,0.00035936746,0.9950884,0.0009458659,0.00096580037,0.00089967827,0.00072324823,0.0007644024,860,validation
0.0011844253,0.0046255346,0.00045711856,0.001444464,0.002004605,0.0013803015,0.98688567,0.0020178433,861,validation
0.0007004164,0.002140139,0.9794151,0.0043616886,0.0037066075,0.005013411,0.0025845366,0.0020780785,862,validation
0.0008083447,0.0015359346,0.9816337,0.0045517334,0.003122063,0.0038006336,0.0023736719,0.0021738496,863,validation
0.00018114432,0.001275624,0.00077966665,0.0016221723,0.0006775841,0.99377316,0.0010816576,0.00060905796,864,validation
0.00042328943,0.0015628013,0.00017424476,0.0012655136,0.000987319,0.0009827728,0.9939897,0.0006142415,865,validation
0.00019309529,0.00021152831,0.9963421,0.0006853331,0.0006668312,0.00081612,0.00055785914,0.0005270632,866,validation
0.00019990126,0.00020608086,0.9965031,0.00060646713,0.0007023079,0.000764716,0.00051425054,0.0005031691,867,validation
0.00069840724,0.0015713968,0.9839325,0.0035109269,0.0024108393,0.003289305,0.0022545431,0.0023321651,868,validation
0.00023700455,0.0002632446,0.99583924,0.00077927776,0.00082850974,0.00087506324,0.0006248751,0.0005526631,869,validation
0.00020439817,0.00024110373,0.9962219,0.0007599237,0.0007831984,0.00070666696,0.0005033621,0.0005793638,870,validation
0.9670524,0.0019711195,0.0009903209,0.009078956,0.005000677,0.0033320598,0.005579738,0.0069947327,871,validation
0.9806113,0.0010878351,0.0003793763,0.0048388015,0.0032257626,0.0017377215,0.004041328,0.0040778145,872,validation
0.87484026,0.009276682,0.011367621,0.029956013,0.019257763,0.013948199,0.019683579,0.021669785,873,validation
0.00026085472,0.002057145,0.0027338513,0.0012437439,0.0021249622,0.9859283,0.001852,0.0037991838,874,validation
0.00032952894,0.0005145324,0.000107182444,0.001332379,0.00016619496,0.00017900381,0.0004926024,0.9968785,875,validation
0.00055781467,0.0012270459,0.98707503,0.0026191215,0.0021405288,0.0027112793,0.0018427864,0.001826351,876,validation
0.0008316976,0.0027737876,0.9749228,0.005308743,0.0040904186,0.00531934,0.003304389,0.0034488754,877,validation
0.008281272,0.14335266,0.63563967,0.046337128,0.048971485,0.061759364,0.032420736,0.023237629,878,validation
0.0005533177,0.0020382644,0.98299557,0.0033666987,0.002665374,0.0038223108,0.0023330918,0.0022254281,879,validation
0.00065155857,0.0017568376,0.00022639458,0.0010087668,0.0011037939,0.0006966724,0.9937495,0.0008065184,880,validation
0.0006596915,0.0015479787,0.9849386,0.0028777933,0.0026716336,0.0034456623,0.002131348,0.0017272162,881,validation
0.00093845656,0.0025683886,0.97704554,0.005024754,0.0034043668,0.004637477,0.0031273966,0.003253583,882,validation
0.97640616,0.0018459043,0.00039098968,0.0054645916,0.003594828,0.002169182,0.005546558,0.0045818454,883,validation
0.9892123,0.00045188886,0.0002542549,0.002799003,0.0018198728,0.0009304312,0.0024251074,0.002107184,884,validation
0.001028196,0.0032636386,0.97153115,0.0061722654,0.0045432835,0.006780993,0.0032589796,0.0034216177,885,validation
0.9840958,0.0009193405,0.00034249856,0.004071643,0.0031051263,0.0012809581,0.0031608634,0.0030236985,886,validation
0.0021788874,0.01880652,0.003369456,0.0015891044,0.88301766,0.07522479,0.002834224,0.01297932,887,validation
0.28098938,0.023302678,0.48803222,0.058674186,0.04796515,0.037595678,0.027289934,0.036150757,888,validation
0.9908852,0.00037071633,0.00024104229,0.0022174483,0.0016825602,0.00088167255,0.0019150013,0.0018063851,889,validation
0.9686914,0.0021827298,0.00048646328,0.008100252,0.004251818,0.0034643554,0.0078027244,0.0050201756,890,validation
0.00079286424,0.0017980116,0.9806018,0.0045576524,0.003056086,0.0040675234,0.0025781316,0.0025479484,891,validation
0.00019378864,0.9920513,0.0004356587,0.00072426203,0.0011729649,0.0021313988,0.0020753404,0.0012152275,892,validation
0.0007182709,0.0040804716,0.00026557033,0.0017322229,0.001976783,0.0015650148,0.987795,0.0018667105,893,validation
0.00072582,0.0014198808,0.98474056,0.0031727315,0.0027195767,0.0030594028,0.002081795,0.0020801777,894,validation
0.96270955,0.0020397583,0.0021586725,0.008303009,0.006783537,0.0035946013,0.00551368,0.008897203,895,validation
0.00055557216,0.000669063,0.9913019,0.0017518823,0.0018365734,0.0017679106,0.0013019015,0.0008151377,896,validation
0.002216921,0.0063147065,0.9551136,0.009321999,0.0089460425,0.0084185125,0.006484693,0.003183531,897,validation
0.00022338802,0.0015121144,0.0011155631,0.0012267428,0.0011937695,0.99278647,0.0014454238,0.0004964254,898,validation
0.0003762638,0.00051441084,0.99372125,0.0010218248,0.0018774611,0.0010823053,0.000920767,0.00048566822,899,validation
0.0027813662,0.0073458985,0.9473213,0.011736873,0.009948078,0.007201632,0.009376482,0.0042883344,900,validation
0.0007951257,0.001357004,0.98600847,0.002325173,0.0039475495,0.0023614648,0.0021823635,0.0010228308,901,validation
0.00036509294,0.98978245,0.00062416575,0.0011196317,0.0016163094,0.0022679742,0.0028152613,0.0014090757,902,validation
0.0014541359,0.003611343,0.97233033,0.0051537226,0.006933719,0.0046650893,0.0040255412,0.0018260748,903,validation
0.0010644178,0.0022001802,0.9794114,0.0038163513,0.005626038,0.0035270026,0.003034461,0.0013201284,904,validation
0.9828379,0.0013429989,0.00024274417,0.0039032463,0.003395152,0.0016040211,0.0046823868,0.0019915937,905,validation
0.00033843648,0.00045355302,0.9944248,0.00089166063,0.0016272351,0.00097385864,0.0008355696,0.00045470547,906,validation
0.0045911674,0.0060203024,0.9515665,0.011434583,0.009182847,0.007566888,0.0065774024,0.0030601842,907,validation
0.9805192,0.001741295,0.000208822,0.0048197084,0.0029907264,0.0016694954,0.0058016926,0.0022490842,908,validation
0.98499507,0.0010484551,0.0002320964,0.003682494,0.00277448,0.0013472481,0.0041002883,0.0018198363,909,validation
0.9844403,0.00094025076,0.00036510068,0.004013958,0.0034316052,0.0012541017,0.003468308,0.002086385,910,validation
0.0010421309,0.0022213433,0.98009044,0.0038173115,0.0050946414,0.0034386811,0.0029237068,0.0013716742,911,validation
0.9904563,0.00052558933,0.0001204038,0.002272322,0.0019356364,0.00075664255,0.002862609,0.0010705065,912,validation
0.00032701227,0.00045169328,0.99435484,0.00087555347,0.0017919658,0.00095849944,0.0008560302,0.00038437068,913,validation
0.0029021024,0.011839143,0.92891556,0.0141006885,0.014701354,0.012451857,0.009734282,0.0053549656,914,validation
0.99322903,0.0003234822,9.9968136e-05,0.0017777674,0.0013450742,0.00062284275,0.0018459932,0.0007559194,915,validation
0.00054453884,0.00031313984,0.00014750488,3.909452e-05,0.9979634,0.0006467215,0.00024208974,0.00010353432,916,validation
0.0033875252,0.017157478,0.9078414,0.017117966,0.015838847,0.019110827,0.0143627105,0.00518324,917,validation
0.0014978725,0.004979608,0.96616036,0.0054855724,0.00872797,0.0064492864,0.004851996,0.0018473965,918,validation
0.00082016515,0.0013371289,0.98672825,0.0022084196,0.003736329,0.0023736884,0.0017949033,0.0010011353,919,validation
0.000611335,0.0012874206,0.9854805,0.0018599901,0.005500538,0.0024955503,0.0019292186,0.0008354664,920,validation
0.98617095,0.0012752718,0.00014100094,0.0030756067,0.0027719203,0.00097307813,0.0042468496,0.0013452306,921,validation
0.0055422364,0.0040963143,0.0023704201,0.0013165766,0.9751881,0.0061611366,0.003276817,0.0020483553,922,validation
0.9914569,0.00040756143,0.000120305405,0.002084455,0.0014710027,0.0007558004,0.0029432892,0.0007605803,923,validation
0.0014103124,0.0030505178,0.9733796,0.005172139,0.0063906084,0.004956019,0.0040397537,0.0016009695,924,validation
0.0003601374,0.98932785,0.00055398326,0.0010701597,0.0018729354,0.0021004567,0.003035339,0.0016790597,925,validation
0.0035868976,0.004265754,0.95829654,0.008258759,0.0098083615,0.0074789277,0.0054400135,0.0028646402,926,validation
0.9818419,0.0014203981,0.00024535926,0.00458394,0.003394721,0.0018623299,0.004574396,0.0020768463,927,validation
0.002816996,0.0075336527,0.9466667,0.01140437,0.009230367,0.010552263,0.00828627,0.0035093543,928,validation
0.0006649292,0.0061129397,0.0023789017,0.0026761163,0.0023532077,0.98103124,0.003275432,0.001507167,929,validation
0.0010071083,0.0018241194,0.98200905,0.0031682272,0.005012876,0.002932281,0.002654978,0.0013913537,930,validation
0.9952932,0.00018116519,9.14454e-05,0.0009361361,0.001028192,0.0004728977,0.0014275359,0.0005693938,931,validation
0.00040900268,0.00047426688,0.99373734,0.00096743193,0.0019556263,0.0010462309,0.0008938059,0.0005162858,932,validation
0.0017331942,0.025611386,0.00391392,0.0031631358,0.04012091,0.89321965,0.011168839,0.021068994,933,validation
0.99239326,0.00044343245,8.95008e-05,0.0017593106,0.0015365261,0.0006749219,0.0022955553,0.0008074357,934,validation
0.00028559394,0.9914392,0.0005469931,0.0009265732,0.0015317469,0.0019371943,0.002322526,0.0010100144,935,validation
0.0023553565,0.0070457812,0.9478247,0.011367487,0.010497673,0.009550231,0.0067448085,0.004613922,936,validation
0.001765445,0.0026983395,0.97247297,0.005986868,0.0062177745,0.004694871,0.004066193,0.0020975566,937,validation
0.0018936101,0.0060990104,0.9539817,0.009861495,0.009293112,0.008766605,0.0070901397,0.0030143915,938,validation
0.00042784552,0.0006435091,0.9921302,0.0011695084,0.0027057398,0.0012000174,0.0010832768,0.0006398384,939,validation
0.0007787598,0.0014694826,0.98554415,0.002445604,0.0040408405,0.0025847522,0.0021376687,0.0009987217,940,validation
0.9838816,0.00087973184,0.0007443476,0.0039125746,0.0028907768,0.0018463066,0.003391007,0.0024536944,941,validation
0.00071265316,0.0011805646,0.98684514,0.002011453,0.0042546657,0.0020685475,0.0020066304,0.00092038396,942,validation
0.0013113054,0.00074428326,0.00027909438,0.0021298416,0.00038284934,0.00038409588,0.0007876023,0.9939809,943,validation
0.9769528,0.0013656708,0.0009985417,0.006020996,0.004686965,0.0019096065,0.005110077,0.002955292,944,validation
0.98450154,0.0009450569,0.00024525082,0.0033958869,0.003198216,0.001240858,0.004512529,0.0019606336,945,validation
0.0003153005,0.0004216142,0.9952265,0.0008107242,0.0012584357,0.0007742993,0.0007393628,0.00045370765,946,validation
0.00043727487,0.9858672,0.0006864442,0.0012252606,0.002392787,0.0027590247,0.004017423,0.002614627,947,validation
0.00026900083,0.9913605,0.00044072734,0.0007879494,0.00140794,0.001852379,0.00266321,0.0012184095,948,validation
0.99326384,0.0004010765,8.825967e-05,0.0016449695,0.0011702944,0.0007438794,0.001989708,0.0006979652,949,validation
0.990283,0.00068118,0.00014089598,0.0021864153,0.001959645,0.0009027207,0.002630533,0.0012155385,950,validation
0.0020444568,0.0068802894,0.9518608,0.010009684,0.009161505,0.009204887,0.007260162,0.0035782456,951,validation
0.9961409,0.00018875294,4.7599122e-05,0.00073529803,0.0007731264,0.0003517411,0.0012879507,0.00047458,952,validation
0.03429236,0.0126527175,0.85265386,0.032010272,0.02540924,0.013209807,0.01928372,0.010488036,953,validation
0.0015731403,0.0041542407,0.9694337,0.0055083167,0.0074485447,0.005156004,0.004774444,0.0019515504,954,validation
0.9901598,0.0006412412,0.00012572997,0.0024464878,0.0019784516,0.000823364,0.002845078,0.0009798207,955,validation
0.0014148515,0.003411861,0.97248465,0.0054943864,0.006654776,0.004642587,0.004033859,0.0018630578,956,validation
0.0006621849,0.0009975972,0.9887066,0.0019321166,0.0032775062,0.0018857345,0.0015603781,0.0009778818,957,validation
0.0006326802,0.0008494507,0.98978883,0.0018615804,0.0027959617,0.0017257417,0.0015829402,0.00076273095,958,validation
0.0009756967,0.0015083204,0.98283076,0.003418147,0.004536546,0.0029963583,0.0023663822,0.00136786,959,validation
0.81249404,0.009798707,0.039444633,0.039772622,0.023050573,0.025886023,0.03604342,0.013509887,960,validation
0.0005484946,0.003681244,0.0015186132,0.001908498,0.002042149,0.986592,0.0027223185,0.0009866959,961,validation
0.9931573,0.00029903045,0.00012458682,0.0016240494,0.0013856881,0.0006382228,0.001964028,0.0008071435,962,validation
0.00087209867,0.0016169532,0.98435944,0.002629813,0.004229708,0.0027761746,0.0023811776,0.0011346624,963,validation
0.00028315515,0.00036803907,0.9948843,0.00084134995,0.0016692077,0.00086434156,0.00075172825,0.00033786823,964,validation
0.0003702855,0.00049992814,0.99337053,0.0010973128,0.0021473772,0.0010841074,0.0009977123,0.00043274002,965,validation
0.00036756636,0.0004920524,0.9940287,0.00094657845,0.001792747,0.0010281075,0.0008879173,0.00045633398,966,validation
0.0010662258,0.00213823,0.97940606,0.0038231297,0.0057134214,0.0037353649,0.0028213738,0.001296183,967,validation
0.98387754,0.0012189485,0.000194428,0.003896714,0.0032315154,0.001334029,0.0044723535,0.0017744739,968,validation
0.007850096,0.015620833,0.005704327,0.014024918,0.009166189,0.006722166,0.0061906334,0.9347208,969,validation
0.0002982406,0.00029307936,0.99561405,0.0006929155,0.0014902129,0.00068850216,0.00052884675,0.00039412687,970,validation
0.00026082582,0.9916671,0.00070676487,0.0008946598,0.0015063084,0.0024236587,0.0018675087,0.0006732109,971,validation
0.9883233,0.0009380316,0.00017999584,0.0027884382,0.002220579,0.0012672065,0.0029179344,0.0013646288,972,validation
0.002974483,0.009289406,0.9381606,0.012535396,0.012278265,0.010284921,0.008765675,0.0057112495,973,validation
0.9833392,0.0011918477,0.00032623133,0.0037419605,0.0025364712,0.0014702687,0.0050627785,0.0023312257,974,validation
0.0015138098,0.0042830817,0.96454585,0.007232207,0.011327504,0.005237245,0.0041870815,0.001673221,975,validation
0.00029732756,0.0008768169,5.83075e-05,0.00042841796,0.0006121525,0.00029935475,0.9970251,0.00040254512,976,validation
0.0010339023,0.002011134,0.9814586,0.0031900739,0.0050183577,0.0033463584,0.0026978361,0.0012436787,977,validation
0.00070316053,0.0010145616,0.98780733,0.0020424544,0.0038018841,0.0022583257,0.0015038694,0.00086834776,978,validation
0.0012923258,0.0027792605,0.97585756,0.004626554,0.0062543447,0.0041577877,0.003383047,0.0016492318,979,validation
0.9857991,0.0009587652,0.0002202269,0.0031247768,0.0027817567,0.0014001646,0.0038893833,0.0018257862,980,validation
0.0012582398,0.0048189075,0.96703714,0.0066614063,0.007493621,0.0057996446,0.005165084,0.0017660366,981,validation
0.002854169,0.0016555253,0.0005142203,0.003435373,0.0008575276,0.0007651272,0.0016232244,0.98829496,982,validation
0.0018107734,0.000745349,0.00039020472,0.0022121503,0.00046283062,0.0004605525,0.0010179026,0.99290025,983,validation
0.0011198099,0.0022264174,0.98013407,0.0032581552,0.0056104963,0.0033674247,0.0027996493,0.0014839523,984,validation
0.0014710221,0.004807815,0.96527904,0.0068886336,0.007113341,0.0067066513,0.0053209336,0.0024125807,985,validation
0.0010143677,0.0018404499,0.98117745,0.0035318679,0.005250282,0.0029801787,0.002838718,0.0013666822,986,validation
0.00034297624,0.0004317265,0.99424183,0.00093981944,0.0017716907,0.00094246597,0.0008820308,0.00044740344,987,validation
0.0008435048,0.0018086263,0.9838486,0.002604829,0.0044034934,0.0029799691,0.0024843002,0.0010266379,988,validation
0.0028328712,0.008065033,0.94367605,0.011636097,0.011169192,0.01147087,0.0070295273,0.004120469,989,validation
0.9736274,0.0017943578,0.00059353426,0.007272474,0.0051503186,0.0023258636,0.006418325,0.0028178322,990,validation
0.0017239386,0.0042779082,0.9651855,0.00701412,0.00919192,0.0057622017,0.0045013507,0.0023430376,991,validation
0.0052821334,0.00075194304,0.0025534548,0.78853524,0.009065898,0.003977927,0.18725899,0.002574483,992,validation
0.9871373,0.00070792605,0.00019941023,0.0031756042,0.0027406362,0.001005279,0.0037642764,0.0012694697,993,validation
0.0006067959,0.0008362152,0.9899893,0.0017249713,0.002811866,0.0016847191,0.0015838898,0.0007622262,994,validation
0.00064791855,0.0007984015,0.99057883,0.0016881895,0.002586462,0.0014780428,0.0014336867,0.0007884597,995,validation
0.008649611,0.017367007,0.0030197636,0.013897577,0.009691139,0.017136525,0.0096720625,0.9205663,996,validation
0.0010849456,0.0019464595,0.98095095,0.003476702,0.005231386,0.0030536952,0.0027497231,0.0015061593,997,validation
0.9895381,0.0005289258,0.00031361496,0.0024283784,0.002157299,0.00096111343,0.0025058861,0.0015666764,998,validation
0.00061915023,0.0012236685,0.98828983,0.0018355787,0.003082203,0.002311206,0.0018929912,0.0007453133,999,validation
0.00033049152,0.00046570832,0.99406034,0.00093302055,0.0019240328,0.0010155231,0.0008582695,0.00041254825,1000,validation
0.0003713417,0.00079393893,6.9942194e-05,0.00037480853,0.0005734464,0.00022999987,0.9972715,0.00031511576,1001,validation
0.9893099,0.00066502875,0.0001563845,0.0026309837,0.002143181,0.00089672266,0.0029097071,0.0012880472,1002,validation
0.9856775,0.0012723642,0.00030918745,0.0030169478,0.002720733,0.0012852451,0.0029753654,0.0027426656,1003,validation
0.99119943,0.00056164985,9.475876e-05,0.0023725922,0.0017435412,0.00050582486,0.002621157,0.00090097,1004,validation
0.0008228866,0.0013263497,0.98671144,0.002375601,0.0035569423,0.0020030253,0.0020993445,0.0011044116,1005,validation
0.9576095,0.0042552887,0.000524788,0.010652208,0.0058013797,0.004401866,0.011910119,0.0048448564,1006,validation
0.001009878,0.0023200759,0.9791692,0.0036984005,0.0050789393,0.0037539003,0.0035876515,0.0013819321,1007,validation
0.98992246,0.00058900786,0.00019693848,0.0025370026,0.0023277504,0.0007932084,0.0022966536,0.0013369446,1008,validation
